tag,side,t_signal,t_entry,entry,stop0,t_exit,reason,gross_px,net_px,risk_px,R,gross_R,mfe_R,mae_R,net_usd_1,m_anchor,m_internal,m_anchor_i,m_internal_i,m_tgt1,m_day
A2_k2_spike_nearest,1,2024-07-01 13:30:00+00:00,2024-07-01 13:30:00+00:00,21892.75,21843.0,2024-07-01 13:46:00+00:00,stop,-49.75,-50.5,49.75,-1.015075376884422,-1.0,0.7135678391959799,-1.236180904522613,-101.0,21843.5,21893.0,110,159,21935.25,2024-07-01
A2_k2_spike_nearest,-1,2024-07-01 14:50:00+00:00,2024-07-01 15:28:00+00:00,21893.0,21963.25,2024-07-01 16:00:00+00:00,time,-25.75,-26.5,70.25,-0.37722419928825623,-0.3665480427046263,0.4092526690391459,-0.3665480427046263,-53.0,21962.75,21892.75,76,175,21754.0,2024-07-01
A2_k2_spike_nearest,-1,2024-07-02 13:30:00+00:00,2024-07-02 13:31:00+00:00,21947.75,22017.0,2024-07-02 13:42:00+00:00,stop,-69.25,-70.0,69.25,-1.0108303249097472,-1.0,0.3285198555956679,-1.108303249097473,-140.0,22016.5,21947.5,239,353,21874.75,2024-07-02
A2_k2_spike_nearest,-1,2024-07-02 14:20:00+00:00,2024-07-02 14:35:00+00:00,22032.75,22039.5,2024-07-02 14:40:00+00:00,stop,-6.75,-7.5,6.75,-1.1111111111111112,-1.0,2.074074074074074,-2.5925925925925926,-15.0,22039.0,22032.5,441,445,21874.75,2024-07-02
A2_k2_spike_nearest,-1,2024-07-03 13:30:00+00:00,2024-07-03 13:30:00+00:00,22185.25,22221.25,2024-07-03 13:52:00+00:00,stop,-36.0,-36.75,36.0,-1.0208333333333333,-1.0,0.7430555555555556,-1.0208333333333333,-73.5,22220.75,22185.0,669,702,22147.5,2024-07-03
A2_k2_spike_nearest,-1,2024-07-03 14:30:00+00:00,2024-07-03 14:43:00+00:00,22236.0,22239.5,2024-07-03 14:43:00+00:00,stop,-3.5,-4.25,3.5,-1.2142857142857142,-1.0,1.2857142857142858,-2.7857142857142856,-8.5,22239.0,22235.75,720,723,22177.75,2024-07-03
A2_k2_spike_nearest,1,2024-07-04 13:30:00+00:00,2024-07-04 13:31:00+00:00,22344.0,22147.0,2024-07-04 16:00:00+00:00,time,-15.5,-16.25,197.0,-0.08248730964467005,-0.07868020304568528,0.006345177664974619,-0.16243654822335024,-32.5,22147.5,22344.25,704,927,22352.5,2024-07-04
A2_k2_spike_nearest,1,2024-07-08 13:30:00+00:00,2024-07-08 13:30:00+00:00,22567.75,22303.0,2024-07-08 13:32:00+00:00,target,16.75,16.25,264.75,0.061378659112370164,0.06326723323890462,0.07459867799811143,-0.03871576959395656,32.5,22303.5,22568.0,987,1443,22584.5,2024-07-08
A2_k2_spike_nearest,1,2024-07-08 13:30:00+00:00,2024-07-08 13:35:00+00:00,22548.0,22303.0,2024-07-08 13:50:00+00:00,target,36.5,36.0,245.0,0.1469387755102041,0.1489795918367347,0.17857142857142858,-0.019387755102040816,72.0,22303.5,22548.25,987,1419,22584.5,2024-07-08
A2_k2_spike_nearest,1,2024-07-08 13:30:00+00:00,2024-07-08 14:01:00+00:00,22541.25,22303.0,2024-07-08 15:20:00+00:00,target,43.25,42.75,238.25,0.1794333683105981,0.18153200419727178,0.20461699895068206,-0.04512067156348373,85.5,22303.5,22541.5,987,1386,22584.5,2024-07-08
A2_k2_spike_nearest,-1,2024-07-09 13:30:00+00:00,2024-07-09 13:30:00+00:00,22674.5,22688.5,2024-07-09 13:32:00+00:00,stop,-14.0,-14.75,14.0,-1.0535714285714286,-1.0,0.7857142857142857,-1.0892857142857142,-29.5,22688.0,22674.25,1696,1708,22658.75,2024-07-09
A2_k2_spike_nearest,1,2024-07-09 13:30:00+00:00,2024-07-09 14:06:00+00:00,22658.5,22521.25,2024-07-09 14:07:00+00:00,target,15.75,15.25,137.25,0.1111111111111111,0.11475409836065574,0.1366120218579235,-0.023679417122040074,30.5,22521.75,22658.75,1300,1721,22674.25,2024-07-09
A2_k2_spike_nearest,-1,2024-07-09 14:10:00+00:00,2024-07-09 14:12:00+00:00,22704.75,22707.5,2024-07-09 14:12:00+00:00,stop,-2.75,-3.5,2.75,-1.2727272727272727,-1.0,4.2727272727272725,-3.4545454545454546,-7.0,22707.0,22704.5,1726,1730,22646.0,2024-07-09
A2_k2_spike_nearest,1,2024-07-09 14:25:00+00:00,2024-07-09 14:25:00+00:00,22655.0,22521.25,2024-07-09 16:00:00+00:00,time,-7.25,-8.0,133.75,-0.059813084112149535,-0.05420560747663551,0.22242990654205608,-0.3177570093457944,-16.0,22521.75,22655.25,1300,1732,22714.25,2024-07-09
A2_k2_spike_nearest,-1,2024-07-10 13:30:00+00:00,2024-07-10 13:30:00+00:00,22707.25,22714.75,2024-07-10 13:32:00+00:00,target,13.75,13.25,7.5,1.7666666666666666,1.8333333333333333,3.2333333333333334,-0.4666666666666667,26.5,22714.25,22707.0,1733,1997,22693.5,2024-07-10
A2_k2_spike_nearest,1,2024-07-10 13:30:00+00:00,2024-07-10 13:35:00+00:00,22672.75,22558.0,2024-07-10 13:49:00+00:00,target,34.25,33.75,114.75,0.29411764705882354,0.2984749455337691,0.41830065359477125,-0.07625272331154684,67.5,22558.5,22673.0,1772,1971,22707.0,2024-07-10
A2_k2_spike_nearest,1,2024-07-10 14:35:00+00:00,2024-07-10 14:35:00+00:00,22691.25,22558.0,2024-07-10 16:00:00+00:00,time,18.5,17.75,133.25,0.13320825515947468,0.13883677298311445,0.1669793621013133,-0.3433395872420263,35.5,22558.5,22691.5,1772,2011,22738.25,2024-07-10
A2_k2_spike_nearest,1,2024-07-11 13:30:00+00:00,2024-07-11 13:31:00+00:00,22815.5,22636.75,2024-07-11 14:18:00+00:00,stop,-178.75,-179.5,178.75,-1.0041958041958041,-1.0,0.13706293706293707,-1.0503496503496503,-359.0,22637.25,22815.75,1837,2271,22926.0,2024-07-11
A2_k2_spike_nearest,-1,2024-07-12 13:30:00+00:00,2024-07-12 13:31:00+00:00,22410.25,22926.5,2024-07-12 16:00:00+00:00,time,-127.75,-128.5,516.25,-0.24891041162227603,-0.24745762711864408,0.08232445520581114,-0.39079903147699757,-257.0,22926.0,22410.0,2265,2545,22274.75,2024-07-12
A2_k2_spike_nearest,-1,2024-07-15 13:30:00+00:00,2024-07-15 13:33:00+00:00,22580.25,22684.0,2024-07-15 13:44:00+00:00,target,39.0,38.5,103.75,0.3710843373493976,0.3759036144578313,0.4072289156626506,-0.2674698795180723,77.0,22683.5,22580.0,2606,2814,22541.25,2024-07-15
A2_k2_spike_nearest,1,2024-07-15 13:30:00+00:00,2024-07-15 13:45:00+00:00,22532.0,22274.25,2024-07-15 13:48:00+00:00,target,45.5,45.0,257.75,0.17458777885548013,0.17652764306498545,0.19107662463627545,-0.031037827352085354,90.0,22274.75,22532.25,2541,2731,22577.5,2024-07-15
A2_k2_spike_nearest,-1,2024-07-15 13:55:00+00:00,2024-07-15 14:04:00+00:00,22608.25,22684.0,2024-07-15 15:00:00+00:00,stop,-75.75,-76.5,75.75,-1.00990099009901,-1.0,0.24422442244224424,-1.066006600660066,-153.0,22683.5,22608.0,2606,2831,22515.75,2024-07-15
A2_k2_spike_nearest,-1,2024-07-16 13:30:00+00:00,2024-07-16 13:30:00+00:00,22596.0,22596.5,2024-07-16 13:30:00+00:00,stop,-0.5,-1.25,0.5,-2.5,-1.0,39.5,-6.0,-2.5,22596.0,22595.75,2993,3095,22562.75,2024-07-16
A2_k2_spike_nearest,1,2024-07-16 13:30:00+00:00,2024-07-16 13:48:00+00:00,22562.5,22448.25,2024-07-16 14:07:00+00:00,stop,-114.25,-115.0,114.25,-1.0065645514223194,-1.0,0.13785557986870897,-1.0350109409190371,-230.0,22448.75,22562.75,2647,3097,22587.0,2024-07-16
A2_k2_spike_nearest,-1,2024-07-16 14:35:00+00:00,2024-07-16 14:39:00+00:00,22497.5,22627.0,2024-07-16 16:00:00+00:00,time,4.25,3.5,129.5,0.02702702702702703,0.032818532818532815,0.2528957528957529,-0.41312741312741313,7.0,22626.5,22497.25,3106,3115,22428.0,2024-07-16
A2_k2_spike_nearest,1,2024-07-17 14:40:00+00:00,2024-07-17 14:52:00+00:00,22053.25,22040.0,2024-07-17 15:05:00+00:00,stop,-13.25,-14.0,13.25,-1.0566037735849056,-1.0,1.490566037735849,-1.2830188679245282,-28.0,22040.5,22053.5,3389,3392,22191.75,2024-07-17
A2_k2_spike_nearest,1,2024-07-18 13:30:00+00:00,2024-07-18 13:32:00+00:00,22042.75,21907.75,2024-07-18 14:34:00+00:00,stop,-135.0,-135.75,135.0,-1.0055555555555555,-1.0,0.15,-1.0592592592592593,-271.5,21908.25,22043.0,3459,3645,22105.0,2024-07-18
A2_k2_spike_nearest,1,2024-07-19 13:30:00+00:00,2024-07-19 13:30:00+00:00,21806.0,21694.0,2024-07-19 13:40:00+00:00,target,81.75,81.25,112.0,0.7254464285714286,0.7299107142857143,0.8392857142857143,-0.24553571428571427,162.5,21694.5,21806.25,3863,3903,21887.75,2024-07-19
A2_k2_spike_nearest,1,2024-07-19 14:00:00+00:00,2024-07-19 14:00:00+00:00,21801.0,21694.0,2024-07-19 15:29:00+00:00,stop,-107.0,-107.75,107.0,-1.0070093457943925,-1.0,0.5467289719626168,-1.0771028037383177,-215.5,21694.5,21801.25,3863,3936,21919.25,2024-07-19
A2_k2_spike_nearest,1,2024-07-22 13:30:00+00:00,2024-07-22 13:31:00+00:00,21849.5,21660.75,2024-07-22 13:38:00+00:00,target,69.75,69.25,188.75,0.36688741721854307,0.3695364238410596,0.3827814569536424,-0.13112582781456952,138.5,21661.25,21849.75,4074,4202,21919.25,2024-07-22
A2_k2_spike_nearest,-1,2024-07-22 14:30:00+00:00,2024-07-22 14:35:00+00:00,21913.75,21969.75,2024-07-22 15:09:00+00:00,target,76.25,75.75,56.0,1.3526785714285714,1.3616071428571428,1.3660714285714286,-0.84375,151.5,21969.25,21913.5,4213,4218,21837.5,2024-07-22
A2_k2_spike_nearest,1,2024-07-22 14:20:00+00:00,2024-07-22 15:10:00+00:00,21837.0,21660.75,2024-07-22 16:00:00+00:00,time,-29.75,-30.25,176.25,-0.17163120567375886,-0.16879432624113475,0.2624113475177305,-0.4851063829787234,-60.5,21661.25,21837.5,4074,4216,21969.25,2024-07-22
A2_k2_spike_nearest,1,2024-07-23 13:30:00+00:00,2024-07-23 13:31:00+00:00,21891.0,21660.75,2024-07-23 13:37:00+00:00,target,36.0,35.5,230.25,0.15418023887079263,0.1563517915309446,0.1997828447339848,-0.06623235613463627,71.0,21661.25,21891.25,4074,4481,21927.0,2024-07-23
A2_k2_spike_nearest,-1,2024-07-23 13:30:00+00:00,2024-07-23 13:39:00+00:00,21939.25,21975.25,2024-07-23 13:44:00+00:00,stop,-36.0,-36.75,36.0,-1.0208333333333333,-1.0,0.2847222222222222,-1.0277777777777777,-73.5,21974.75,21939.0,4284,4466,21891.25,2024-07-23
A2_k2_spike_nearest,1,2024-07-23 14:35:00+00:00,2024-07-23 14:45:00+00:00,21902.5,21660.75,2024-07-23 15:14:00+00:00,target,87.75,87.25,241.75,0.3609100310237849,0.36297828335056875,0.38676318510858326,-0.13547052740434332,174.5,21661.25,21902.75,4074,4491,21990.25,2024-07-23
A2_k2_spike_nearest,1,2024-07-25 13:30:00+00:00,2024-07-25 13:32:00+00:00,21116.25,21027.5,2024-07-25 13:55:00+00:00,stop,-88.75,-89.5,88.75,-1.008450704225352,-1.0,0.36901408450704226,-1.0338028169014084,-179.0,21028.0,21116.5,5025,5032,21217.5,2024-07-25
A2_k2_spike_nearest,-1,2024-07-25 13:35:00+00:00,2024-07-25 15:13:00+00:00,21187.75,21781.0,2024-07-25 16:00:00+00:00,time,10.5,9.75,593.25,0.01643489254108723,0.017699115044247787,0.1731984829329962,-0.05773282764433207,19.5,21780.5,21187.5,4608,5035,21028.0,2024-07-25
A2_k2_spike_nearest,1,2024-07-26 13:30:00+00:00,2024-07-26 13:30:00+00:00,21074.0,20936.75,2024-07-26 16:00:00+00:00,time,53.75,53.0,137.25,0.3861566484517304,0.39162112932604737,0.45719489981785066,-0.6612021857923497,106.0,20937.25,21074.25,5139,5248,21179.75,2024-07-26
A2_k2_spike_nearest,1,2024-07-29 13:30:00+00:00,2024-07-29 13:30:00+00:00,21201.75,20936.75,2024-07-29 13:45:00+00:00,target,102.75,102.25,265.0,0.3858490566037736,0.3877358490566038,0.41037735849056606,-0.13867924528301886,204.5,20937.25,21202.0,5139,5547,21304.5,2024-07-29
A2_k2_spike_nearest,-1,2024-07-29 14:35:00+00:00,2024-07-29 14:46:00+00:00,21263.5,21320.25,2024-07-29 14:54:00+00:00,target,80.0,79.5,56.75,1.4008810572687225,1.4096916299559472,1.4581497797356828,-0.022026431718061675,159.0,21319.75,21263.25,5595,5599,21183.5,2024-07-29
A2_k2_spike_nearest,1,2024-07-29 13:30:00+00:00,2024-07-29 14:59:00+00:00,21161.25,20936.75,2024-07-29 16:00:00+00:00,time,42.25,41.5,224.5,0.18485523385300667,0.18819599109131402,0.24832962138084633,-0.4710467706013363,83.0,20937.25,21161.5,5139,5519,21304.5,2024-07-29
A2_k2_spike_nearest,1,2024-07-30 13:30:00+00:00,2024-07-30 13:30:00+00:00,21201.25,21018.25,2024-07-30 13:36:00+00:00,target,40.75,40.25,183.0,0.21994535519125682,0.2226775956284153,0.23497267759562843,-0.01912568306010929,80.5,21018.75,21201.5,5734,5857,21242.0,2024-07-30
A2_k2_spike_nearest,1,2024-07-30 13:30:00+00:00,2024-07-30 13:45:00+00:00,21187.0,21018.25,2024-07-30 15:01:00+00:00,stop,-168.75,-169.5,168.75,-1.0044444444444445,-1.0,0.13333333333333333,-1.108148148148148,-339.0,21018.75,21187.25,5734,5835,21242.0,2024-07-30
A2_k2_spike_nearest,1,2024-08-01 13:30:00+00:00,2024-08-01 13:36:00+00:00,21454.25,21034.0,2024-08-01 13:47:00+00:00,target,135.75,135.25,420.25,0.321832242712671,0.323022010707912,0.3408685306365259,-0.016061867935752528,270.5,21034.5,21454.5,6026,6362,21590.0,2024-08-01
A2_k2_spike_nearest,-1,2024-08-01 13:30:00+00:00,2024-08-01 13:49:00+00:00,21605.25,21659.75,2024-08-01 14:21:00+00:00,target,150.75,150.25,54.5,2.756880733944954,2.7660550458715596,3.0642201834862384,-0.3486238532110092,300.5,21659.25,21605.0,6257,6343,21454.5,2024-08-01
A2_k2_spike_nearest,1,2024-08-01 13:30:00+00:00,2024-08-01 14:29:00+00:00,21393.0,21034.0,2024-08-01 16:00:00+00:00,time,-288.25,-289.0,359.0,-0.8050139275766016,-0.802924791086351,0.09401114206128133,-0.8481894150417827,-578.0,21034.5,21393.25,6026,6217,21590.0,2024-08-01
A2_k2_spike_nearest,1,2024-08-02 13:30:00+00:00,2024-08-02 13:34:00+00:00,20487.75,20450.0,2024-08-02 13:40:00+00:00,target,202.75,202.25,37.75,5.357615894039735,5.370860927152318,5.629139072847682,-0.09271523178807947,404.5,20450.5,20488.0,6682,6687,20690.5,2024-08-02
A2_k2_spike_nearest,1,2024-08-02 13:45:00+00:00,2024-08-02 14:05:00+00:00,20484.0,20450.0,2024-08-02 14:05:00+00:00,stop,-34.0,-34.75,34.0,-1.0220588235294117,-1.0,0.22794117647058823,-1.5441176470588236,-69.5,20450.5,20484.25,6682,6693,20705.25,2024-08-02
A2_k2_spike_nearest,-1,2024-08-02 14:45:00+00:00,2024-08-02 14:49:00+00:00,20471.75,21659.75,2024-08-02 16:00:00+00:00,time,-64.25,-65.0,1188.0,-0.054713804713804715,-0.05408249158249158,0.10521885521885523,-0.0848063973063973,-130.0,21659.25,20471.5,6257,6705,20328.25,2024-08-02
A2_k2_spike_nearest,-1,2024-08-05 13:30:00+00:00,2024-08-05 13:34:00+00:00,19642.5,20924.5,2024-08-05 16:00:00+00:00,time,-406.75,-407.5,1282.0,-0.31786271450858034,-0.3172776911076443,0.042706708268330736,-0.38182527301092045,-815.0,20924.0,19642.25,6507,6964,19306.0,2024-08-05
A2_k2_spike_nearest,-1,2024-08-06 13:30:00+00:00,2024-08-06 13:30:00+00:00,20055.75,20378.5,2024-08-06 13:36:00+00:00,target,49.25,48.75,322.75,0.15104570100697134,0.15259488768396592,0.17118512780790085,-0.18745158791634392,97.5,20378.0,20055.5,7097,7237,20006.5,2024-08-06
A2_k2_spike_nearest,1,2024-08-06 13:30:00+00:00,2024-08-06 13:37:00+00:00,19994.25,19792.25,2024-08-06 13:52:00+00:00,target,61.25,60.75,202.0,0.30074257425742573,0.3032178217821782,0.33044554455445546,-0.44801980198019803,121.5,19792.75,19994.5,6981,7204,20055.5,2024-08-06
A2_k2_spike_nearest,-1,2024-08-06 13:45:00+00:00,2024-08-06 14:02:00+00:00,20116.5,20378.5,2024-08-06 16:00:00+00:00,time,-168.0,-168.75,262.0,-0.6440839694656488,-0.6412213740458015,0.191793893129771,-0.708969465648855,-337.5,20378.0,20116.25,7097,7245,19858.75,2024-08-06
A2_k2_spike_nearest,-1,2024-08-07 13:30:00+00:00,2024-08-07 13:30:00+00:00,20396.5,20405.5,2024-08-07 13:30:00+00:00,stop,-9.0,-9.75,9.0,-1.0833333333333333,-1.0,1.6944444444444444,-3.8333333333333335,-19.5,20405.0,20396.25,7494,7511,20329.75,2024-08-07
A2_k2_spike_nearest,-1,2024-08-08 13:30:00+00:00,2024-08-08 14:02:00+00:00,20196.25,20501.5,2024-08-08 16:00:00+00:00,time,-149.75,-150.5,305.25,-0.49303849303849306,-0.4905814905814906,0.10483210483210484,-0.6044226044226044,-301.0,20501.0,20196.0,7525,7794,19900.75,2024-08-08
A2_k2_spike_nearest,-1,2024-08-09 13:30:00+00:00,2024-08-09 13:30:00+00:00,20404.25,20595.5,2024-08-09 16:00:00+00:00,time,-18.25,-19.0,191.25,-0.09934640522875816,-0.09542483660130718,0.3006535947712418,-0.6183006535947713,-38.0,20595.0,20404.0,8015,8070,20346.25,2024-08-09
A2_k2_spike_nearest,1,2024-08-12 13:30:00+00:00,2024-08-12 13:30:00+00:00,20582.5,20325.0,2024-08-12 14:16:00+00:00,target,33.25,32.75,257.5,0.12718446601941746,0.129126213592233,0.16990291262135923,-0.45048543689320386,65.5,20325.5,20582.75,8062,8328,20615.75,2024-08-12
A2_k2_spike_nearest,1,2024-08-12 15:00:00+00:00,2024-08-12 15:22:00+00:00,20644.5,20325.0,2024-08-12 16:00:00+00:00,time,18.0,17.25,319.5,0.0539906103286385,0.056338028169014086,0.13771517996870108,-0.3935837245696401,34.5,20325.5,20644.75,8062,8364,20686.25,2024-08-12
A2_k2_spike_nearest,1,2024-08-13 14:30:00+00:00,2024-08-13 14:31:00+00:00,20812.75,20456.5,2024-08-13 14:46:00+00:00,target,51.75,51.25,356.25,0.14385964912280702,0.14526315789473684,0.15719298245614036,-0.04070175438596491,102.5,20457.0,20813.0,8166,8634,20864.5,2024-08-13
A2_k2_spike_nearest,-1,2024-08-14 13:30:00+00:00,2024-08-14 13:30:00+00:00,21098.0,21105.75,2024-08-14 13:30:00+00:00,stop,-7.75,-8.5,7.75,-1.096774193548387,-1.0,3.5483870967741935,-1.4838709677419355,-17.0,21105.25,21097.75,8889,8896,20946.75,2024-08-14
A2_k2_spike_nearest,1,2024-08-14 13:30:00+00:00,2024-08-14 14:10:00+00:00,20937.5,20588.25,2024-08-14 15:50:00+00:00,target,160.25,159.75,349.25,0.4574087329992842,0.458840372226199,0.4667143879742305,-0.19899785254115962,319.5,20588.75,20937.75,8593,8662,21097.75,2024-08-14
A2_k2_spike_nearest,-1,2024-08-16 13:55:00+00:00,2024-08-16 14:02:00+00:00,21477.5,21626.0,2024-08-16 16:00:00+00:00,time,-40.0,-40.75,148.5,-0.27441077441077444,-0.26936026936026936,0.28619528619528617,-0.38047138047138046,-81.5,21625.5,21477.25,9373,9455,21405.0,2024-08-16
A2_k2_spike_nearest,1,2024-08-19 13:30:00+00:00,2024-08-19 13:30:00+00:00,21543.5,21387.25,2024-08-19 14:51:00+00:00,target,38.0,37.5,156.25,0.24,0.2432,0.2832,-0.4592,75.0,21387.75,21543.75,9445,9707,21581.5,2024-08-19
A2_k2_spike_nearest,-1,2024-08-19 13:30:00+00:00,2024-08-19 14:53:00+00:00,21589.0,21631.0,2024-08-19 16:00:00+00:00,time,8.0,7.25,42.0,0.17261904761904762,0.19047619047619047,0.6488095238095238,-0.7976190476190477,14.5,21630.5,21588.75,9609,9619,21557.25,2024-08-19
A2_k2_spike_nearest,-1,2024-08-20 13:30:00+00:00,2024-08-20 13:46:00+00:00,21822.0,21873.75,2024-08-20 14:39:00+00:00,target,115.75,115.25,51.75,2.2270531400966185,2.236714975845411,2.2801932367149758,-0.8743961352657005,230.5,21873.25,21821.75,9934,9987,21706.25,2024-08-20
A2_k2_spike_nearest,1,2024-08-20 13:30:00+00:00,2024-08-20 14:42:00+00:00,21698.25,21467.0,2024-08-20 16:00:00+00:00,time,97.0,96.25,231.25,0.41621621621621624,0.41945945945945945,0.43243243243243246,-0.055135135135135134,192.5,21467.5,21698.5,9664,9796,21821.75,2024-08-20
A2_k2_spike_nearest,1,2024-08-21 13:30:00+00:00,2024-08-21 13:30:00+00:00,21778.0,21685.0,2024-08-21 13:40:00+00:00,target,20.25,19.75,93.0,0.21236559139784947,0.21774193548387097,0.26881720430107525,-0.239247311827957,39.5,21685.5,21778.25,10019,10275,21798.25,2024-08-21
A2_k2_spike_nearest,-1,2024-08-21 13:30:00+00:00,2024-08-21 13:46:00+00:00,21810.75,21873.75,2024-08-21 14:32:00+00:00,target,32.5,32.0,63.0,0.5079365079365079,0.5158730158730159,0.5396825396825397,-0.7420634920634921,64.0,21873.25,21810.5,9934,10064,21778.25,2024-08-21
A2_k2_spike_nearest,-1,2024-08-21 14:15:00+00:00,2024-08-21 14:36:00+00:00,21857.75,21873.75,2024-08-21 14:36:00+00:00,stop,-16.0,-16.75,16.0,-1.046875,-1.0,3.109375,-1.4375,-33.5,21873.25,21857.5,9934,10287,21755.75,2024-08-21
A2_k2_spike_nearest,1,2024-08-21 13:50:00+00:00,2024-08-21 14:52:00+00:00,21755.5,21685.0,2024-08-21 16:00:00+00:00,time,11.25,10.5,70.5,0.14893617021276595,0.1595744680851064,1.1560283687943262,-0.16312056737588654,21.0,21685.5,21755.75,10019,10282,21867.25,2024-08-21
A2_k2_spike_nearest,1,2024-08-22 13:45:00+00:00,2024-08-22 14:06:00+00:00,21880.25,21713.25,2024-08-22 15:37:00+00:00,stop,-167.0,-167.75,167.0,-1.0044910179640718,-1.0,0.12425149700598802,-1.0164670658682635,-335.5,21713.75,21880.5,10311,10545,21968.25,2024-08-22
A2_k2_spike_nearest,1,2024-08-23 13:30:00+00:00,2024-08-23 13:31:00+00:00,21659.0,21582.0,2024-08-23 14:01:00+00:00,target,114.75,114.25,77.0,1.4837662337662338,1.4902597402597402,1.6850649350649352,-0.12987012987012986,228.5,21582.5,21659.25,10702,10796,21773.75,2024-08-23
A2_k2_spike_nearest,1,2024-08-23 13:30:00+00:00,2024-08-23 14:48:00+00:00,21584.0,21582.0,2024-08-23 14:51:00+00:00,stop,-2.0,-2.75,2.0,-1.375,-1.0,48.0,-9.375,-5.5,21582.5,21584.25,10702,10705,21773.75,2024-08-23
A2_k2_spike_nearest,1,2024-08-26 13:30:00+00:00,2024-08-26 13:31:00+00:00,21687.25,21534.0,2024-08-26 13:33:00+00:00,target,45.75,45.25,153.25,0.29526916802610115,0.29853181076672103,0.3278955954323002,-0.013050570962479609,90.5,21534.5,21687.5,10872,11088,21733.0,2024-08-26
A2_k2_spike_nearest,1,2024-08-26 13:45:00+00:00,2024-08-26 13:45:00+00:00,21685.0,21534.0,2024-08-26 14:31:00+00:00,stop,-151.0,-151.75,151.0,-1.0049668874172186,-1.0,0.1291390728476821,-1.1009933774834437,-303.5,21534.5,21685.25,10872,11109,21744.0,2024-08-26
A2_k2_spike_nearest,-1,2024-08-26 15:15:00+00:00,2024-08-26 15:23:00+00:00,21559.25,21846.25,2024-08-26 16:00:00+00:00,time,60.75,60.0,287.0,0.20905923344947736,0.21167247386759583,0.2587108013937282,-0.06010452961672474,120.0,21845.75,21559.0,10844,11127,21449.0,2024-08-26
A2_k2_spike_nearest,-1,2024-08-27 14:10:00+00:00,2024-08-27 14:10:00+00:00,21513.5,21789.25,2024-08-27 16:00:00+00:00,time,-39.25,-40.0,275.75,-0.14505893019038985,-0.14233907524932005,0.06618313689936536,-0.44786944696282865,-80.0,21788.75,21513.25,11044,11390,21384.25,2024-08-27
A2_k2_spike_nearest,-1,2024-08-28 13:30:00+00:00,2024-08-28 13:30:00+00:00,21593.75,21637.5,2024-08-28 13:45:00+00:00,target,68.75,68.25,43.75,1.56,1.5714285714285714,2.097142857142857,-0.12571428571428572,136.5,21637.0,21593.5,11403,11639,21525.0,2024-08-28
A2_k2_spike_nearest,-1,2024-08-29 13:30:00+00:00,2024-08-29 13:31:00+00:00,21459.25,21619.75,2024-08-29 14:00:00+00:00,stop,-160.5,-161.25,160.5,-1.0046728971962617,-1.0,0.22741433021806853,-1.0498442367601246,-322.5,21619.25,21459.0,11628,11896,21385.5,2024-08-29
A2_k2_spike_nearest,1,2024-08-29 15:20:00+00:00,2024-08-29 15:20:00+00:00,21563.5,21081.0,2024-08-29 16:00:00+00:00,time,11.5,10.75,482.5,0.02227979274611399,0.02383419689119171,0.07150259067357513,-0.06217616580310881,21.5,21081.5,21563.75,11760,11956,21634.5,2024-08-29
A2_k2_spike_nearest,-1,2024-08-30 13:30:00+00:00,2024-08-30 13:30:00+00:00,21517.5,21635.0,2024-08-30 13:34:00+00:00,target,58.5,58.0,117.5,0.49361702127659574,0.4978723404255319,0.5085106382978724,-0.01702127659574468,116.0,21634.5,21517.25,11953,12201,21459.0,2024-08-30
A2_k2_spike_nearest,-1,2024-08-30 13:45:00+00:00,2024-08-30 13:45:00+00:00,21519.75,21635.0,2024-08-30 14:57:00+00:00,target,69.0,68.5,115.25,0.5943600867678959,0.5986984815618221,0.8915401301518439,-0.4403470715835141,137.0,21634.5,21519.5,11953,12213,21450.75,2024-08-30
A2_k2_spike_nearest,1,2024-08-30 13:30:00+00:00,2024-08-30 15:00:00+00:00,21393.5,21081.0,2024-08-30 16:00:00+00:00,time,10.75,10.0,312.5,0.032,0.0344,0.1672,-0.1176,20.0,21081.5,21393.75,11760,12115,21517.25,2024-08-30
A2_k2_spike_nearest,1,2024-09-02 14:00:00+00:00,2024-09-02 14:02:00+00:00,21556.25,21312.0,2024-09-02 14:36:00+00:00,target,31.5,31.0,244.25,0.1269191402251791,0.12896622313203684,0.1586489252814739,-0.10644831115660185,62.0,21312.5,21556.5,12250,12490,21587.75,2024-09-02
A2_k2_spike_nearest,1,2024-09-02 15:25:00+00:00,2024-09-02 15:27:00+00:00,21594.5,21312.0,2024-09-02 16:00:00+00:00,time,1.25,0.5,282.5,0.0017699115044247787,0.004424778761061947,0.019469026548672566,-0.035398230088495575,1.0,21312.5,21594.75,12250,12508,21612.25,2024-09-02
A2_k2_spike_nearest,1,2024-09-03 13:30:00+00:00,2024-09-03 13:30:00+00:00,21405.75,21399.5,2024-09-03 13:30:00+00:00,stop,-6.25,-7.0,6.25,-1.12,-1.0,3.2,-2.2,-14.0,21400.0,21406.0,12688,12711,21464.5,2024-09-03
A2_k2_spike_nearest,-1,2024-09-04 13:30:00+00:00,2024-09-04 13:34:00+00:00,20860.0,21626.0,2024-09-04 14:00:00+00:00,target,63.0,62.5,766.0,0.08159268929503917,0.08224543080939947,0.10639686684073107,-0.09595300261096605,125.0,21625.5,20859.75,12533,12984,20797.0,2024-09-04
A2_k2_spike_nearest,-1,2024-09-04 13:30:00+00:00,2024-09-04 14:10:00+00:00,20942.75,21626.0,2024-09-04 16:00:00+00:00,time,-8.0,-8.75,683.25,-0.012806439809732895,-0.011708744968898645,0.1247713135748262,-0.16794731064763996,-17.5,21625.5,20942.5,12533,12812,20797.0,2024-09-04
A2_k2_spike_nearest,-1,2024-09-05 13:30:00+00:00,2024-09-05 13:32:00+00:00,20860.0,21058.0,2024-09-05 14:07:00+00:00,stop,-198.0,-198.75,198.0,-1.003787878787879,-1.0,0.1527777777777778,-1.0366161616161615,-397.5,21057.5,20859.75,13012,13265,20770.5,2024-09-05
A2_k2_spike_nearest,1,2024-09-05 14:40:00+00:00,2024-09-05 14:47:00+00:00,20968.0,20766.25,2024-09-05 16:00:00+00:00,time,-164.5,-165.25,201.75,-0.8190830235439901,-0.815365551425031,0.07063197026022305,-0.909541511771995,-330.5,20766.75,20968.25,12846,13278,21092.75,2024-09-05
A2_k2_spike_nearest,1,2024-09-06 13:30:00+00:00,2024-09-06 13:37:00+00:00,20783.5,20645.75,2024-09-06 14:24:00+00:00,stop,-137.75,-138.5,137.75,-1.0054446460980035,-1.0,0.3466424682395644,-1.1397459165154264,-277.0,20646.25,20783.75,13494,13536,20974.5,2024-09-06
A2_k2_spike_nearest,-1,2024-09-09 13:30:00+00:00,2024-09-09 13:31:00+00:00,20581.75,20915.5,2024-09-09 14:30:00+00:00,target,48.0,47.5,333.75,0.14232209737827714,0.14382022471910114,0.17303370786516853,-0.24344569288389514,95.0,20915.0,20581.5,13543,13796,20533.75,2024-09-09
A2_k2_spike_nearest,1,2024-09-09 13:30:00+00:00,2024-09-09 14:33:00+00:00,20519.5,20328.75,2024-09-09 15:56:00+00:00,target,62.0,61.5,190.75,0.3224115334207077,0.32503276539973786,0.32634338138925295,-0.418086500655308,123.0,20329.25,20519.75,13650,13812,20581.5,2024-09-09
A2_k2_spike_nearest,1,2024-09-10 13:55:00+00:00,2024-09-10 14:13:00+00:00,20663.75,20328.75,2024-09-10 16:00:00+00:00,time,-97.75,-98.5,335.0,-0.29402985074626864,-0.2917910447761194,0.20671641791044776,-0.3358208955223881,-197.0,20329.25,20664.0,13650,14099,20764.25,2024-09-10
A2_k2_spike_nearest,1,2024-09-11 13:35:00+00:00,2024-09-11 14:14:00+00:00,20647.0,20524.5,2024-09-11 14:43:00+00:00,stop,-122.5,-123.25,122.5,-1.006122448979592,-1.0,0.4714285714285714,-1.0571428571428572,-246.5,20525.0,20647.25,14045,14276,20871.75,2024-09-11
A2_k2_spike_nearest,1,2024-09-12 13:30:00+00:00,2024-09-12 13:30:00+00:00,21176.0,21170.0,2024-09-12 13:31:00+00:00,stop,-6.0,-6.75,6.0,-1.125,-1.0,5.875,-3.9166666666666665,-13.5,21170.5,21176.25,14463,14487,21227.25,2024-09-12
A2_k2_spike_nearest,-1,2024-09-12 13:30:00+00:00,2024-09-12 13:37:00+00:00,21227.5,21285.5,2024-09-12 13:39:00+00:00,target,32.75,32.25,58.0,0.5560344827586207,0.5646551724137931,0.8491379310344828,-0.07758620689655173,64.5,21285.0,21227.25,14561,14644,21194.75,2024-09-12
A2_k2_spike_nearest,-1,2024-09-12 13:30:00+00:00,2024-09-12 14:12:00+00:00,21245.25,21285.5,2024-09-12 14:20:00+00:00,stop,-40.25,-41.0,40.25,-1.0186335403726707,-1.0,0.9565217391304348,-1.062111801242236,-82.0,21285.0,21245.0,14561,14640,21194.75,2024-09-12
A2_k2_spike_nearest,1,2024-09-12 14:50:00+00:00,2024-09-12 15:00:00+00:00,21201.25,21127.25,2024-09-12 15:13:00+00:00,target,107.25,106.75,74.0,1.4425675675675675,1.4493243243243243,1.75,-0.0472972972972973,213.5,21127.75,21201.5,14653,14662,21308.5,2024-09-12
A2_k2_spike_nearest,1,2024-09-13 13:30:00+00:00,2024-09-13 13:30:00+00:00,21343.75,21127.25,2024-09-13 13:36:00+00:00,target,57.25,56.75,216.5,0.26212471131639725,0.2644341801385681,0.28983833718244806,-0.02424942263279446,113.5,21127.75,21344.0,14653,14728,21401.0,2024-09-13
A2_k2_spike_nearest,-1,2024-09-13 13:30:00+00:00,2024-09-13 13:37:00+00:00,21421.0,21431.5,2024-09-13 13:43:00+00:00,stop,-10.5,-11.25,10.5,-1.0714285714285714,-1.0,2.5952380952380953,-1.7380952380952381,-22.5,21431.0,21420.75,14831,14880,21355.0,2024-09-13
A2_k2_spike_nearest,1,2024-09-16 13:30:00+00:00,2024-09-16 13:30:00+00:00,21363.5,21338.0,2024-09-16 13:32:00+00:00,stop,-25.5,-26.25,25.5,-1.0294117647058822,-1.0,0.7843137254901961,-1.5,-52.5,21338.5,21363.75,14925,15197,21391.5,2024-09-16
A2_k2_spike_nearest,-1,2024-09-16 13:50:00+00:00,2024-09-16 13:55:00+00:00,21383.75,21520.0,2024-09-16 14:34:00+00:00,target,114.5,114.0,136.25,0.8366972477064221,0.8403669724770643,1.0055045871559634,-0.1669724770642202,228.0,21519.5,21383.5,14977,15201,21269.25,2024-09-16
A2_k2_spike_nearest,-1,2024-09-17 13:30:00+00:00,2024-09-17 13:30:00+00:00,21521.75,21530.0,2024-09-17 13:31:00+00:00,stop,-8.25,-9.0,8.25,-1.0909090909090908,-1.0,3.6666666666666665,-1.7575757575757576,-18.0,21529.5,21521.5,15465,15473,21484.0,2024-09-17
A2_k2_spike_nearest,1,2024-09-17 13:30:00+00:00,2024-09-17 13:34:00+00:00,21483.75,21241.0,2024-09-17 14:12:00+00:00,target,37.75,37.25,242.75,0.15345005149330587,0.15550978372811536,0.17610710607621008,-0.27188465499485065,74.5,21241.5,21484.0,15214,15468,21521.5,2024-09-17
A2_k2_spike_nearest,1,2024-09-17 14:35:00+00:00,2024-09-17 14:36:00+00:00,21475.5,21241.0,2024-09-17 14:44:00+00:00,target,51.0,50.5,234.5,0.21535181236673773,0.21748400852878466,0.21961620469083157,-0.0650319829424307,101.0,21241.5,21475.75,15214,15487,21526.5,2024-09-17
A2_k2_spike_nearest,-1,2024-09-18 13:30:00+00:00,2024-09-18 13:30:00+00:00,21442.25,21558.5,2024-09-18 13:38:00+00:00,target,64.5,64.0,116.25,0.5505376344086022,0.5548387096774193,0.5763440860215053,-0.004301075268817204,128.0,21558.0,21442.0,15492,15747,21377.75,2024-09-18
A2_k2_spike_nearest,1,2024-09-18 13:50:00+00:00,2024-09-18 13:50:00+00:00,21375.0,21283.25,2024-09-18 16:00:00+00:00,time,-71.75,-72.5,91.75,-0.7901907356948229,-0.782016348773842,0.6103542234332425,-0.9318801089918256,-145.0,21283.75,21375.25,15528,15754,21444.25,2024-09-18
A2_k2_spike_nearest,1,2024-09-20 13:30:00+00:00,2024-09-20 13:58:00+00:00,21717.75,21347.75,2024-09-20 16:00:00+00:00,time,-37.25,-38.0,370.0,-0.10270270270270271,-0.10067567567567567,0.03918918918918919,-0.4101351351351351,-76.0,21348.25,21718.0,15861,16300,21858.25,2024-09-20
A2_k2_spike_nearest,1,2024-09-23 13:30:00+00:00,2024-09-23 13:32:00+00:00,21750.25,21565.5,2024-09-23 13:49:00+00:00,target,54.5,54.0,184.75,0.2922868741542625,0.29499323410013534,0.3071718538565629,-0.06765899864682003,108.0,21566.0,21750.5,16326,16556,21804.75,2024-09-23
A2_k2_spike_nearest,-1,2024-09-23 13:30:00+00:00,2024-09-23 13:50:00+00:00,21808.5,21870.5,2024-09-23 14:00:00+00:00,target,43.25,42.75,62.0,0.6895161290322581,0.6975806451612904,0.9435483870967742,-0.056451612903225805,85.5,21870.0,21808.25,16458,16500,21765.25,2024-09-23
A2_k2_spike_nearest,-1,2024-09-23 14:05:00+00:00,2024-09-23 14:23:00+00:00,21812.25,21870.5,2024-09-23 16:00:00+00:00,time,1.0,0.25,58.25,0.004291845493562232,0.017167381974248927,1.0171673819742488,-0.351931330472103,0.5,21870.0,21812.0,16458,16585,21737.75,2024-09-23
A2_k2_spike_nearest,1,2024-09-24 13:30:00+00:00,2024-09-24 13:50:00+00:00,21791.75,21660.5,2024-09-24 14:41:00+00:00,stop,-131.25,-132.0,131.25,-1.0057142857142858,-1.0,0.26285714285714284,-1.019047619047619,-264.0,21661.0,21792.0,16506,16846,21861.5,2024-09-24
A2_k2_spike_nearest,-1,2024-09-25 13:30:00+00:00,2024-09-25 13:30:00+00:00,21862.5,21921.25,2024-09-25 13:56:00+00:00,stop,-58.75,-59.5,58.75,-1.0127659574468084,-1.0,0.31063829787234043,-1.1063829787234043,-119.0,21920.75,21862.25,16886,17123,21845.25,2024-09-25
A2_k2_spike_nearest,1,2024-09-25 14:45:00+00:00,2024-09-25 14:49:00+00:00,21917.75,21657.5,2024-09-25 16:00:00+00:00,time,-5.25,-6.0,260.25,-0.023054755043227664,-0.020172910662824207,0.12968299711815562,-0.12487992315081652,-12.0,21658.0,21918.0,16871,17145,21978.75,2024-09-25
A2_k2_spike_nearest,1,2024-09-26 13:30:00+00:00,2024-09-26 13:32:00+00:00,22166.25,21769.25,2024-09-26 16:00:00+00:00,time,-139.5,-140.25,397.0,-0.3532745591939547,-0.3513853904282116,0.03526448362720403,-0.6857682619647355,-280.5,21769.75,22166.5,17057,17369,22243.75,2024-09-26
A2_k2_spike_nearest,1,2024-09-27 13:30:00+00:00,2024-09-27 13:30:00+00:00,22062.25,21893.5,2024-09-27 16:00:00+00:00,time,-120.5,-121.25,168.75,-0.7185185185185186,-0.7140740740740741,0.15851851851851853,-0.7688888888888888,-242.5,21894.0,22062.5,17427,17677,22098.5,2024-09-27
A2_k2_spike_nearest,-1,2024-09-30 13:30:00+00:00,2024-09-30 13:31:00+00:00,21924.25,22000.0,2024-09-30 14:24:00+00:00,target,71.0,70.5,75.75,0.9306930693069307,0.9372937293729373,1.0297029702970297,-0.6039603960396039,141.0,21999.5,21924.0,17739,17924,21853.25,2024-09-30
A2_k2_spike_nearest,-1,2024-09-30 14:50:00+00:00,2024-09-30 15:07:00+00:00,21916.25,22000.0,2024-09-30 16:00:00+00:00,time,2.25,1.5,83.75,0.01791044776119403,0.026865671641791045,0.5134328358208955,-0.29253731343283584,3.0,21999.5,21916.0,17739,17974,21833.5,2024-09-30
A2_k2_spike_nearest,1,2024-10-01 13:30:00+00:00,2024-10-01 13:32:00+00:00,21919.0,21763.0,2024-10-01 13:47:00+00:00,stop,-156.0,-156.75,156.0,-1.0048076923076923,-1.0,0.26121794871794873,-1.1378205128205128,-313.5,21763.5,21919.25,18019,18054,21986.25,2024-10-01
A2_k2_spike_nearest,1,2024-10-02 13:30:00+00:00,2024-10-02 13:30:00+00:00,21629.75,21523.5,2024-10-02 14:20:00+00:00,target,87.75,87.25,106.25,0.8211764705882353,0.8258823529411765,0.8447058823529412,-0.8494117647058823,174.5,21524.0,21630.0,18258,18484,21717.5,2024-10-02
A2_k2_spike_nearest,-1,2024-10-02 13:30:00+00:00,2024-10-02 14:34:00+00:00,21723.5,22031.25,2024-10-02 16:00:00+00:00,time,-43.25,-44.0,307.75,-0.1429731925264013,-0.14053614947197401,0.12347684809098294,-0.23395613322502032,-88.0,22030.75,21723.25,18208,18315,21634.0,2024-10-02
A2_k2_spike_nearest,1,2024-10-03 13:30:00+00:00,2024-10-03 13:31:00+00:00,21603.5,21539.0,2024-10-03 13:34:00+00:00,target,69.25,68.75,64.5,1.065891472868217,1.073643410852713,1.2596899224806202,-0.046511627906976744,137.5,21539.5,21603.75,18516,18735,21672.75,2024-10-03
A2_k2_spike_nearest,-1,2024-10-03 13:30:00+00:00,2024-10-03 13:42:00+00:00,21701.25,21796.0,2024-10-03 14:04:00+00:00,stop,-94.75,-95.5,94.75,-1.007915567282322,-1.0,0.20580474934036938,-1.0263852242744063,-191.0,21795.5,21701.0,18534,18777,21608.75,2024-10-03
A2_k2_spike_nearest,1,2024-10-04 13:45:00+00:00,2024-10-04 13:51:00+00:00,21892.0,21556.5,2024-10-04 16:00:00+00:00,time,-44.5,-45.25,335.5,-0.13487332339791355,-0.13263785394932937,0.044709388971684055,-0.5156482861400894,-90.5,21557.0,21892.25,18720,19065,21969.0,2024-10-04
A2_k2_spike_nearest,-1,2024-10-07 13:30:00+00:00,2024-10-07 13:30:00+00:00,21851.5,21974.5,2024-10-07 13:44:00+00:00,target,33.0,32.5,123.0,0.26422764227642276,0.2682926829268293,0.31097560975609756,-0.1483739837398374,65.0,21974.0,21851.25,19161,19337,21818.5,2024-10-07
A2_k2_spike_nearest,1,2024-10-07 13:30:00+00:00,2024-10-07 13:45:00+00:00,21808.0,21653.75,2024-10-07 13:47:00+00:00,target,43.25,42.75,154.25,0.2771474878444084,0.28038897893030795,0.31280388978930307,-0.009724473257698542,85.5,21654.25,21808.25,18910,19324,21851.25,2024-10-07
A2_k2_spike_nearest,-1,2024-10-07 13:30:00+00:00,2024-10-07 14:16:00+00:00,21871.25,21974.5,2024-10-07 16:00:00+00:00,time,15.0,14.25,103.25,0.13801452784503632,0.14527845036319612,0.4430992736077482,-0.2179176755447942,28.5,21974.0,21871.0,19161,19276,21818.5,2024-10-07
A2_k2_spike_nearest,-1,2024-10-08 13:30:00+00:00,2024-10-08 13:30:00+00:00,21810.25,21974.5,2024-10-08 14:47:00+00:00,stop,-164.25,-165.0,164.25,-1.004566210045662,-1.0,0.2115677321156773,-1.035007610350076,-330.0,21974.0,21810.0,19161,19599,21762.0,2024-10-08
A2_k2_spike_nearest,1,2024-10-08 15:10:00+00:00,2024-10-08 15:11:00+00:00,21935.25,21608.0,2024-10-08 16:00:00+00:00,time,28.0,27.25,327.25,0.08326967150496563,0.0855614973262032,0.09396485867074103,-0.054239877769289534,54.5,21608.5,21935.5,19437,19634,21980.25,2024-10-08
A2_k2_spike_nearest,1,2024-10-09 13:30:00+00:00,2024-10-09 13:35:00+00:00,21955.5,21608.0,2024-10-09 14:20:00+00:00,target,80.0,79.5,347.5,0.22877697841726619,0.2302158273381295,0.2503597122302158,-0.03237410071942446,159.0,21608.5,21955.75,19437,19884,22035.5,2024-10-09
A2_k2_spike_nearest,-1,2024-10-10 13:30:00+00:00,2024-10-10 13:32:00+00:00,22091.25,22188.75,2024-10-10 13:48:00+00:00,target,63.0,62.5,97.5,0.6410256410256411,0.6461538461538462,0.7410256410256411,-0.04871794871794872,125.0,22188.25,22091.0,19969,20163,22028.25,2024-10-10
A2_k2_spike_nearest,-1,2024-10-10 13:45:00+00:00,2024-10-10 14:05:00+00:00,22096.25,22188.75,2024-10-10 16:00:00+00:00,time,-84.5,-85.25,92.5,-0.9216216216216216,-0.9135135135135135,0.37027027027027026,-1.0432432432432432,-170.5,22188.25,22096.0,19969,20169,22046.0,2024-10-10
A2_k2_spike_nearest,1,2024-10-11 13:30:00+00:00,2024-10-11 13:30:00+00:00,22046.5,22006.75,2024-10-11 14:02:00+00:00,target,27.75,38.75,39.75,0.9748427672955975,0.6981132075471698,1.0062893081761006,-0.6855345911949685,77.5,22007.25,22058.25,20173,20390,22085.75,2024-10-11
A2_k2_spike_nearest,-1,2024-10-11 13:30:00+00:00,2024-10-11 14:10:00+00:00,22122.5,22179.75,2024-10-11 14:26:00+00:00,stop,-57.25,-58.0,57.25,-1.0131004366812226,-1.0,0.12663755458515283,-1.0829694323144106,-116.0,22179.25,22122.25,20218,20433,22060.75,2024-10-11
A2_k2_spike_nearest,1,2024-10-14 14:30:00+00:00,2024-10-14 14:51:00+00:00,22297.75,22088.0,2024-10-14 16:00:00+00:00,time,-7.75,-8.5,209.75,-0.04052443384982122,-0.03694874851013111,0.07270560190703218,-0.3182359952324195,-17.0,22088.5,22298.0,20584,20730,22386.0,2024-10-14
A2_k2_spike_nearest,-1,2024-10-15 13:35:00+00:00,2024-10-15 13:35:00+00:00,22358.25,22373.25,2024-10-15 14:10:00+00:00,target,48.0,47.5,15.0,3.1666666666666665,3.2,3.35,-0.4666666666666667,95.0,22372.75,22358.0,20796,20995,22310.25,2024-10-15
A2_k2_spike_nearest,1,2024-10-15 13:30:00+00:00,2024-10-15 14:12:00+00:00,22299.25,22088.0,2024-10-15 14:37:00+00:00,stop,-211.25,-212.0,211.25,-1.0035502958579883,-1.0,0.08875739644970414,-1.0378698224852072,-424.0,22088.5,22299.5,20584,20974,22372.75,2024-10-15
A2_k2_spike_nearest,1,2024-10-16 13:30:00+00:00,2024-10-16 13:30:00+00:00,22047.0,21959.5,2024-10-16 13:44:00+00:00,stop,-87.5,-88.25,87.5,-1.0085714285714287,-1.0,0.18857142857142858,-1.1342857142857143,-176.5,21960.0,22047.25,21070,21264,22091.75,2024-10-16
A2_k2_spike_nearest,-1,2024-10-16 15:05:00+00:00,2024-10-16 15:13:00+00:00,22013.75,22365.75,2024-10-16 16:00:00+00:00,time,32.75,32.0,352.0,0.09090909090909091,0.09303977272727272,0.10724431818181818,-0.060369318181818184,64.0,22365.25,22013.5,20998,21289,21951.75,2024-10-16
A2_k2_spike_nearest,1,2024-10-17 13:30:00+00:00,2024-10-17 13:33:00+00:00,22216.0,21982.25,2024-10-17 16:00:00+00:00,time,-2.0,-2.75,233.75,-0.011764705882352941,-0.008556149732620321,0.13475935828877006,-0.6192513368983957,-5.5,21982.75,22216.25,21390,21536,22300.5,2024-10-17
A2_k2_spike_nearest,1,2024-10-18 13:30:00+00:00,2024-10-18 13:30:00+00:00,22162.0,21982.25,2024-10-18 15:31:00+00:00,target,73.0,72.5,179.75,0.40333796940194716,0.40611961057023643,0.4228094575799722,-0.12795549374130738,145.0,21982.75,22162.25,21390,21808,22235.0,2024-10-18
A2_k2_spike_nearest,-1,2024-10-21 13:30:00+00:00,2024-10-21 13:30:00+00:00,22143.25,22238.5,2024-10-21 14:06:00+00:00,stop,-95.25,-96.0,95.25,-1.0078740157480315,-1.0,0.14960629921259844,-1.0131233595800524,-192.0,22238.0,22143.0,21849,22058,22089.5,2024-10-21
A2_k2_spike_nearest,1,2024-10-21 13:30:00+00:00,2024-10-21 14:46:00+00:00,22089.25,22026.5,2024-10-21 14:50:00+00:00,target,47.5,47.0,62.75,0.749003984063745,0.7569721115537849,0.8366533864541833,-0.02390438247011952,94.0,22027.0,22089.5,21669,22090,22136.75,2024-10-21
A2_k2_spike_nearest,1,2024-10-21 15:00:00+00:00,2024-10-21 15:07:00+00:00,22087.5,22026.5,2024-10-21 16:00:00+00:00,time,74.25,73.5,61.0,1.2049180327868851,1.2172131147540983,1.3729508196721312,-0.5983606557377049,147.0,22027.0,22087.75,21669,22116,22260.25,2024-10-21
A2_k2_spike_nearest,-1,2024-10-22 13:30:00+00:00,2024-10-22 13:42:00+00:00,22151.25,22260.75,2024-10-22 16:00:00+00:00,time,-27.75,-28.5,109.5,-0.2602739726027397,-0.2534246575342466,0.15753424657534246,-0.678082191780822,-57.0,22260.25,22151.0,22110,22362,22068.5,2024-10-22
A2_k2_spike_nearest,1,2024-10-23 13:45:00+00:00,2024-10-23 14:01:00+00:00,22112.75,22065.75,2024-10-23 14:06:00+00:00,stop,-47.0,-47.75,47.0,-1.0159574468085106,-1.0,0.3351063829787234,-1.1702127659574468,-95.5,22066.25,22113.0,22368,22653,22168.75,2024-10-23
A2_k2_spike_nearest,-1,2024-10-23 14:20:00+00:00,2024-10-23 14:47:00+00:00,22157.5,22249.0,2024-10-23 15:13:00+00:00,target,105.5,105.0,91.5,1.1475409836065573,1.1530054644808743,1.3442622950819672,-0.07103825136612021,210.0,22248.5,22157.25,22579,22658,22052.0,2024-10-23
A2_k2_spike_nearest,1,2024-10-24 13:30:00+00:00,2024-10-24 13:30:00+00:00,22068.25,21849.0,2024-10-24 16:00:00+00:00,time,-34.25,-35.0,219.25,-0.15963511972633979,-0.15621436716077536,0.07867730900798175,-0.44811858608893956,-70.0,21849.5,22068.5,22721,22877,22112.25,2024-10-24
A2_k2_spike_nearest,1,2024-10-25 14:35:00+00:00,2024-10-25 14:48:00+00:00,22347.25,21966.0,2024-10-25 16:00:00+00:00,time,-21.0,-21.75,381.25,-0.057049180327868855,-0.05508196721311476,0.09377049180327869,-0.09967213114754099,-43.5,21966.5,22347.5,22961,23214,22413.5,2024-10-25
A2_k2_spike_nearest,1,2024-10-28 13:30:00+00:00,2024-10-28 13:30:00+00:00,22303.5,22068.75,2024-10-28 16:00:00+00:00,time,-65.5,-66.25,234.75,-0.2822151224707135,-0.2790202342917998,0.12566560170394037,-0.32800851970181044,-132.5,22069.25,22303.75,23037,23468,22371.5,2024-10-28
A2_k2_spike_nearest,-1,2024-10-29 13:30:00+00:00,2024-10-29 13:30:00+00:00,22229.5,22383.25,2024-10-29 13:31:00+00:00,target,38.25,37.75,153.75,0.24552845528455283,0.24878048780487805,0.3089430894308943,-0.02113821138211382,75.5,22382.75,22229.25,23439,23712,22191.25,2024-10-29
A2_k2_spike_nearest,1,2024-10-29 13:30:00+00:00,2024-10-29 13:32:00+00:00,22167.25,22156.5,2024-10-29 13:32:00+00:00,stop,-10.75,-11.5,10.75,-1.069767441860465,-1.0,1.9534883720930232,-1.5348837209302326,-23.0,22157.0,22167.5,23643,23741,22217.5,2024-10-29
A2_k2_spike_nearest,-1,2024-10-29 13:50:00+00:00,2024-10-29 14:00:00+00:00,22233.0,22383.25,2024-10-29 16:00:00+00:00,time,-95.0,-95.75,150.25,-0.6372712146422629,-0.632279534109817,0.2129783693843594,-0.7753743760399334,-191.5,22382.75,22232.75,23439,23757,22138.0,2024-10-29
A2_k2_spike_nearest,1,2024-10-30 13:30:00+00:00,2024-10-30 13:30:00+00:00,22345.5,22137.5,2024-10-30 16:00:00+00:00,time,32.5,31.75,208.0,0.15264423076923078,0.15625,0.28846153846153844,-0.4639423076923077,63.5,22138.0,22345.75,23758,24028,22427.0,2024-10-30
A2_k2_spike_nearest,1,2024-10-31 13:30:00+00:00,2024-10-31 13:30:00+00:00,22046.5,21992.5,2024-10-31 13:32:00+00:00,stop,-54.0,-54.75,54.0,-1.0138888888888888,-1.0,0.5277777777777778,-1.2222222222222223,-109.5,21993.0,22046.75,24249,24286,22119.5,2024-10-31
A2_k2_spike_nearest,-1,2024-11-01 13:30:00+00:00,2024-11-01 13:42:00+00:00,21853.25,22170.0,2024-11-01 16:00:00+00:00,time,-75.0,-75.75,316.75,-0.23914759273875297,-0.23677979479084452,0.06787687450670876,-0.4419889502762431,-151.5,22169.5,21853.0,24163,24574,21760.0,2024-11-01
A2_k2_spike_nearest,1,2024-11-04 14:30:00+00:00,2024-11-04 14:31:00+00:00,21806.75,21723.25,2024-11-04 14:36:00+00:00,stop,-83.5,-84.25,83.5,-1.0089820359281436,-1.0,0.4311377245508982,-1.0149700598802396,-168.5,21723.75,21807.0,24449,24839,21884.25,2024-11-04
A2_k2_spike_nearest,-1,2024-11-04 14:50:00+00:00,2024-11-04 15:00:00+00:00,21848.25,21993.75,2024-11-04 17:00:00+00:00,time,64.75,64.0,145.5,0.43986254295532645,0.44501718213058417,0.6168384879725086,-0.5807560137457045,128.0,21993.25,21848.0,24608,24861,21719.25,2024-11-04
A2_k2_spike_nearest,-1,2024-11-05 14:30:00+00:00,2024-11-05 14:30:00+00:00,21882.0,21955.5,2024-11-05 14:49:00+00:00,stop,-73.5,-74.25,73.5,-1.010204081632653,-1.0,0.3945578231292517,-1.054421768707483,-148.5,21955.0,21881.75,24717,24912,21813.25,2024-11-05
A2_k2_spike_nearest,1,2024-11-05 15:25:00+00:00,2024-11-05 15:29:00+00:00,21966.0,21718.75,2024-11-05 16:32:00+00:00,target,64.5,64.0,247.25,0.25884732052578363,0.2608695652173913,0.282103134479272,-0.11122345803842265,128.0,21719.25,21966.25,24862,25145,22030.5,2024-11-05
A2_k2_spike_nearest,-1,2024-11-06 14:30:00+00:00,2024-11-06 14:30:00+00:00,22397.75,22438.0,2024-11-06 14:33:00+00:00,stop,-40.25,-41.0,40.25,-1.0186335403726707,-1.0,0.5838509316770186,-1.4099378881987579,-82.0,22437.5,22397.5,25345,25409,22348.5,2024-11-06
A2_k2_spike_nearest,1,2024-11-07 15:30:00+00:00,2024-11-07 15:33:00+00:00,22801.25,22029.0,2024-11-07 15:45:00+00:00,target,34.25,33.75,772.25,0.04370346390417611,0.04435092262868242,0.04726448688896083,-0.011330527678860473,67.5,22029.5,22801.5,25241,25698,22835.5,2024-11-07
A2_k2_spike_nearest,-1,2024-11-08 14:30:00+00:00,2024-11-08 14:30:00+00:00,22893.25,22901.5,2024-11-08 14:30:00+00:00,stop,-8.25,-9.0,8.25,-1.0909090909090908,-1.0,0.12121212121212122,-3.515151515151515,-18.0,22901.0,22893.0,25948,25951,22861.75,2024-11-08
A2_k2_spike_nearest,1,2024-11-08 15:00:00+00:00,2024-11-08 15:06:00+00:00,22882.0,22566.25,2024-11-08 16:55:00+00:00,target,56.0,55.5,315.75,0.17577197149643706,0.17735550277117973,0.1892319873317498,-0.04592240696753761,111.0,22566.75,22882.25,25524,25968,22938.0,2024-11-08
A2_k2_spike_nearest,1,2024-11-11 14:30:00+00:00,2024-11-11 14:30:00+00:00,22984.5,22827.0,2024-11-11 17:00:00+00:00,time,-75.5,-76.25,157.5,-0.48412698412698413,-0.4793650793650794,0.08888888888888889,-0.7825396825396825,-152.5,22827.5,22984.75,25924,26208,23013.5,2024-11-11
A2_k2_spike_nearest,-1,2024-11-12 14:30:00+00:00,2024-11-12 14:36:00+00:00,22947.0,23047.0,2024-11-12 15:08:00+00:00,target,60.0,59.5,100.0,0.595,0.6,0.62,-0.1125,119.0,23046.5,22946.75,26223,26449,22887.0,2024-11-12
A2_k2_spike_nearest,1,2024-11-12 14:30:00+00:00,2024-11-12 15:59:00+00:00,22884.0,22835.0,2024-11-12 17:00:00+00:00,time,-23.5,-24.25,49.0,-0.49489795918367346,-0.47959183673469385,0.5612244897959183,-0.6989795918367347,-48.5,22835.5,22884.25,26468,26493,22938.75,2024-11-12
A2_k2_spike_nearest,1,2024-11-13 14:30:00+00:00,2024-11-13 14:30:00+00:00,22862.0,22760.25,2024-11-13 17:00:00+00:00,time,9.5,8.75,101.75,0.085995085995086,0.09336609336609336,0.28255528255528256,-0.9680589680589681,17.5,22760.75,22862.25,26559,26789,22906.0,2024-11-13
A2_k2_spike_nearest,-1,2024-11-14 14:30:00+00:00,2024-11-14 14:30:00+00:00,22867.75,22975.25,2024-11-14 14:41:00+00:00,target,41.75,41.25,107.5,0.38372093023255816,0.3883720930232558,0.6023255813953489,-0.1186046511627907,82.5,22974.75,22867.5,26846,27060,22826.0,2024-11-14
A2_k2_spike_nearest,1,2024-11-14 14:30:00+00:00,2024-11-14 14:43:00+00:00,22795.5,22763.0,2024-11-14 15:19:00+00:00,stop,-32.5,-33.25,32.5,-1.023076923076923,-1.0,0.9923076923076923,-1.5153846153846153,-66.5,22763.5,22795.75,26800,26980,22850.25,2024-11-14
A2_k2_spike_nearest,-1,2024-11-14 15:30:00+00:00,2024-11-14 15:44:00+00:00,22824.5,22975.25,2024-11-14 17:00:00+00:00,time,17.0,16.25,150.75,0.1077943615257048,0.11276948590381426,0.24212271973466004,-0.14593698175787728,32.5,22974.75,22824.25,26846,27076,22746.25,2024-11-14
A2_k2_spike_nearest,1,2024-11-18 14:45:00+00:00,2024-11-18 14:46:00+00:00,22226.0,22181.75,2024-11-18 15:08:00+00:00,target,67.5,67.0,44.25,1.5141242937853108,1.5254237288135593,1.615819209039548,-0.4406779661016949,134.0,22182.25,22226.25,27435,27621,22293.5,2024-11-18
A2_k2_spike_nearest,-1,2024-11-18 14:30:00+00:00,2024-11-18 15:29:00+00:00,22358.75,22573.25,2024-11-18 17:00:00+00:00,time,-9.75,-10.5,214.5,-0.04895104895104895,-0.045454545454545456,0.06293706293706294,-0.3344988344988345,-21.0,22572.75,22358.5,27326,27529,22187.75,2024-11-18
A2_k2_spike_nearest,-1,2024-11-19 15:25:00+00:00,2024-11-19 15:25:00+00:00,22286.25,22403.25,2024-11-19 16:37:00+00:00,stop,-117.0,-117.75,117.0,-1.0064102564102564,-1.0,0.14743589743589744,-1.0277777777777777,-235.5,22402.75,22286.0,27777,27905,22218.0,2024-11-19
A2_k2_spike_nearest,1,2024-11-20 14:30:00+00:00,2024-11-20 14:35:00+00:00,22415.0,22348.25,2024-11-20 14:42:00+00:00,stop,-66.75,-67.5,66.75,-1.0112359550561798,-1.0,0.23220973782771537,-1.0898876404494382,-135.0,22348.75,22415.25,27931,27958,22534.25,2024-11-20
A2_k2_spike_nearest,1,2024-11-21 14:55:00+00:00,2024-11-21 15:01:00+00:00,22334.0,22182.75,2024-11-21 17:00:00+00:00,time,105.0,104.25,151.25,0.6892561983471074,0.6942148760330579,1.0793388429752067,-0.7537190082644628,208.5,22183.25,22334.25,28183,28451,22613.0,2024-11-21
A2_k2_spike_nearest,-1,2024-11-22 14:30:00+00:00,2024-11-22 14:30:00+00:00,22522.25,22585.25,2024-11-22 14:31:00+00:00,target,42.75,42.25,63.0,0.6706349206349206,0.6785714285714286,0.6825396825396826,-0.07539682539682539,84.5,22584.75,22522.0,28518,28711,22479.5,2024-11-22
A2_k2_spike_nearest,-1,2024-11-22 14:30:00+00:00,2024-11-22 14:33:00+00:00,22527.5,22585.25,2024-11-22 15:10:00+00:00,target,48.0,47.5,57.75,0.8225108225108225,0.8311688311688312,1.251082251082251,-0.8961038961038961,95.0,22584.75,22527.25,28518,28654,22479.5,2024-11-22
A2_k2_spike_nearest,1,2024-11-22 14:30:00+00:00,2024-11-22 15:28:00+00:00,22429.0,22219.5,2024-11-22 15:39:00+00:00,target,93.0,92.5,209.5,0.441527446300716,0.4439140811455847,0.4701670644391408,-0.00477326968973747,185.0,22220.0,22429.25,28461,28690,22522.0,2024-11-22
A2_k2_spike_nearest,1,2024-11-25 14:30:00+00:00,2024-11-25 14:30:00+00:00,22693.75,22398.5,2024-11-25 14:39:00+00:00,target,57.75,57.25,295.25,0.1939034716342083,0.1955969517358171,0.25994919559695173,-0.10668924640135478,114.5,22399.0,22694.0,28673,28995,22751.5,2024-11-25
A2_k2_spike_nearest,1,2024-11-25 14:30:00+00:00,2024-11-25 14:53:00+00:00,22635.0,22398.5,2024-11-25 17:00:00+00:00,time,-24.25,-25.0,236.5,-0.10570824524312897,-0.10253699788583509,0.21141649048625794,-0.25158562367864695,-50.0,22399.0,22635.25,28673,28822,22751.5,2024-11-25
A2_k2_spike_nearest,-1,2024-11-26 14:30:00+00:00,2024-11-26 14:32:00+00:00,22685.75,22787.75,2024-11-26 15:19:00+00:00,target,59.75,59.25,102.0,0.5808823529411765,0.5857843137254902,0.5955882352941176,-0.44362745098039214,118.5,22787.25,22685.5,29003,29274,22626.0,2024-11-26
A2_k2_spike_nearest,1,2024-11-26 16:10:00+00:00,2024-11-26 16:13:00+00:00,22654.25,22460.75,2024-11-26 17:00:00+00:00,time,16.75,16.0,193.5,0.082687338501292,0.08656330749354005,0.10723514211886305,-0.12661498708010335,32.0,22461.25,22654.5,29115,29294,22702.75,2024-11-26
A2_k2_spike_nearest,1,2024-11-27 14:30:00+00:00,2024-11-27 14:30:00+00:00,22609.5,22460.75,2024-11-27 15:36:00+00:00,stop,-148.75,-149.5,148.75,-1.0050420168067227,-1.0,0.24369747899159663,-1.0420168067226891,-299.0,22461.25,22609.75,29115,29336,22667.25,2024-11-27
A2_k2_spike_nearest,-1,2024-11-28 14:45:00+00:00,2024-11-28 14:53:00+00:00,22598.75,22725.75,2024-11-28 17:00:00+00:00,time,10.25,9.5,127.0,0.07480314960629922,0.08070866141732283,0.1141732283464567,-0.13188976377952755,19.0,22725.25,22598.5,29408,29829,22570.75,2024-11-28
A2_k2_spike_nearest,-1,2024-11-29 14:30:00+00:00,2024-11-29 14:47:00+00:00,22587.25,22616.5,2024-11-29 14:59:00+00:00,stop,-29.25,-30.0,29.25,-1.0256410256410255,-1.0,0.9829059829059829,-1.2905982905982907,-60.0,22616.0,22587.0,29998,30031,22518.0,2024-11-29
A2_k2_spike_nearest,1,2024-12-02 15:50:00+00:00,2024-12-02 15:50:00+00:00,22862.5,22511.25,2024-12-02 16:37:00+00:00,target,47.25,46.75,351.25,0.13309608540925266,0.13451957295373665,0.1516014234875445,-0.04412811387900356,93.5,22511.75,22862.75,30057,30298,22909.75,2024-12-02
A2_k2_spike_nearest,1,2024-12-03 14:30:00+00:00,2024-12-03 14:30:00+00:00,22850.75,22645.25,2024-12-03 15:05:00+00:00,target,82.25,81.75,205.5,0.3978102189781022,0.4002433090024331,0.41362530413625304,-0.04866180048661801,163.5,22645.75,22851.0,30193,30561,22933.0,2024-12-03
A2_k2_spike_nearest,1,2024-12-03 15:40:00+00:00,2024-12-03 15:52:00+00:00,22874.25,22645.25,2024-12-03 16:21:00+00:00,target,65.75,65.25,229.0,0.2849344978165939,0.287117903930131,0.3002183406113537,-0.027292576419213975,130.5,22645.75,22874.5,30193,30575,22940.0,2024-12-03
A2_k2_spike_nearest,1,2024-12-04 14:30:00+00:00,2024-12-04 14:30:00+00:00,23123.25,22840.25,2024-12-04 15:10:00+00:00,target,39.5,39.0,283.0,0.13780918727915195,0.13957597173144876,0.17491166077738515,-0.10247349823321555,78.0,22840.75,23123.5,30564,30828,23162.75,2024-12-04
A2_k2_spike_nearest,-1,2024-12-05 14:30:00+00:00,2024-12-05 14:30:00+00:00,23241.25,23244.5,2024-12-05 14:30:00+00:00,stop,-4.25,-4.0,3.25,-1.2307692307692308,-1.3076923076923077,3.923076923076923,-1.3846153846153846,-8.0,23244.0,23240.0,31097,31104,23211.75,2024-12-05
A2_k2_spike_nearest,1,2024-12-05 14:30:00+00:00,2024-12-05 14:55:00+00:00,23211.5,23031.75,2024-12-05 15:09:00+00:00,target,28.5,28.0,179.75,0.15577190542420027,0.15855354659248957,0.16411682892906815,-0.043115438108484005,56.0,23032.25,23211.75,30707,31108,23240.0,2024-12-05
A2_k2_spike_nearest,1,2024-12-05 15:35:00+00:00,2024-12-05 15:49:00+00:00,23207.25,23031.75,2024-12-05 16:22:00+00:00,target,36.25,35.75,175.5,0.2037037037037037,0.20655270655270655,0.21937321937321938,-0.07834757834757834,71.5,23032.25,23207.5,30707,31126,23243.5,2024-12-05
A2_k2_spike_nearest,1,2024-12-06 14:30:00+00:00,2024-12-06 14:30:00+00:00,23192.75,23129.5,2024-12-06 14:34:00+00:00,target,43.25,42.75,63.25,0.6758893280632411,0.6837944664031621,0.7233201581027668,-0.02766798418972332,85.5,23130.0,23193.0,31207,31384,23236.0,2024-12-06
A2_k2_spike_nearest,1,2024-12-06 15:40:00+00:00,2024-12-06 15:45:00+00:00,23322.5,23129.5,2024-12-06 17:00:00+00:00,time,-1.25,-2.0,193.0,-0.010362694300518135,-0.006476683937823834,0.10751295336787564,-0.2266839378238342,-4.0,23130.0,23322.75,31207,31403,23351.5,2024-12-06
A2_k2_spike_nearest,1,2024-12-09 14:30:00+00:00,2024-12-09 14:30:00+00:00,23291.75,23129.5,2024-12-09 14:32:00+00:00,target,51.25,50.75,162.25,0.31278890600924497,0.31587057010785824,0.34822804314329736,-0.01848998459167951,101.5,23130.0,23292.0,31207,31633,23343.0,2024-12-09
A2_k2_spike_nearest,-1,2024-12-09 14:45:00+00:00,2024-12-09 14:49:00+00:00,23348.5,23413.0,2024-12-09 15:26:00+00:00,target,59.75,59.25,64.5,0.9186046511627907,0.9263565891472868,1.065891472868217,-0.10077519379844961,118.5,23412.5,23348.25,31590,31668,23288.75,2024-12-09
A2_k2_spike_nearest,1,2024-12-09 15:50:00+00:00,2024-12-09 15:52:00+00:00,23215.25,23129.5,2024-12-09 17:00:00+00:00,time,1.0,0.25,85.75,0.0029154518950437317,0.011661807580174927,0.24198250728862974,-0.8425655976676385,0.5,23130.0,23215.5,31207,31681,23355.0,2024-12-09
A2_k2_spike_nearest,-1,2024-12-10 14:30:00+00:00,2024-12-10 14:38:00+00:00,23244.25,23413.0,2024-12-10 16:01:00+00:00,target,46.5,46.0,168.75,0.2725925925925926,0.27555555555555555,0.30074074074074075,-0.4059259259259259,92.0,23412.5,23244.0,31590,31928,23197.75,2024-12-10
A2_k2_spike_nearest,1,2024-12-10 14:30:00+00:00,2024-12-10 16:08:00+00:00,23189.0,23142.5,2024-12-10 17:00:00+00:00,time,1.0,0.25,46.5,0.005376344086021506,0.021505376344086023,0.6129032258064516,-0.7473118279569892,0.5,23143.0,23189.25,31688,31899,23244.0,2024-12-10
A2_k2_spike_nearest,1,2024-12-11 15:40:00+00:00,2024-12-11 15:53:00+00:00,23389.5,23058.25,2024-12-11 16:14:00+00:00,target,52.75,52.25,331.25,0.15773584905660376,0.15924528301886792,0.18188679245283018,-0.02943396226415094,104.5,23058.75,23389.75,32016,32231,23442.25,2024-12-11
A2_k2_spike_nearest,1,2024-12-12 14:30:00+00:00,2024-12-12 14:31:00+00:00,23378.5,23111.25,2024-12-12 15:23:00+00:00,target,26.75,26.25,267.25,0.09822263797942002,0.10009354536950421,0.10664172123479888,-0.17867165575304023,52.5,23111.75,23378.75,32137,32492,23405.25,2024-12-12
A2_k2_spike_nearest,-1,2024-12-12 14:30:00+00:00,2024-12-12 16:04:00+00:00,23442.5,23526.25,2024-12-12 16:59:00+00:00,target,63.75,63.25,83.75,0.755223880597015,0.7611940298507462,0.7761194029850746,-0.03880597014925373,126.5,23525.75,23442.25,32289,32460,23378.75,2024-12-12
A2_k2_spike_nearest,1,2024-12-13 15:20:00+00:00,2024-12-13 15:26:00+00:00,23523.75,23403.0,2024-12-13 15:59:00+00:00,stop,-120.75,-121.5,120.75,-1.0062111801242235,-1.0,0.09523809523809523,-1.0848861283643891,-243.0,23403.5,23524.0,32646,32779,23614.0,2024-12-13
A2_k2_spike_nearest,-1,2024-12-16 14:30:00+00:00,2024-12-16 14:30:00+00:00,23619.25,23620.5,2024-12-16 14:30:00+00:00,stop,-1.25,-2.0,1.25,-1.6,-1.0,13.8,-8.0,-4.0,23620.0,23619.0,33036,33039,23593.75,2024-12-16
A2_k2_spike_nearest,1,2024-12-17 14:30:00+00:00,2024-12-17 14:30:00+00:00,23739.5,23488.75,2024-12-17 16:36:00+00:00,target,23.75,32.5,250.75,0.1296111665004985,0.09471585244267199,0.1674975074775673,-0.36191425722831505,65.0,23489.25,23749.0,32893,33320,23772.5,2024-12-17
A2_k2_spike_nearest,1,2024-12-18 14:30:00+00:00,2024-12-18 14:31:00+00:00,23673.75,23606.5,2024-12-18 17:00:00+00:00,time,40.5,39.75,67.25,0.5910780669144982,0.6022304832713755,1.2825278810408922,-0.8104089219330854,79.5,23607.0,23674.0,33415,33426,23774.0,2024-12-18
A2_k2_spike_nearest,-1,2024-12-19 14:30:00+00:00,2024-12-19 14:31:00+00:00,23113.75,23790.0,2024-12-19 14:37:00+00:00,target,79.0,78.5,676.25,0.11608133086876156,0.11682070240295749,0.16709796672828095,-0.025138632162661736,157.0,23789.5,23113.5,33574,33676,23034.75,2024-12-19
A2_k2_spike_nearest,1,2024-12-19 14:50:00+00:00,2024-12-19 14:54:00+00:00,23000.5,22737.75,2024-12-19 17:00:00+00:00,time,-5.25,-6.0,262.75,-0.022835394862036156,-0.019980970504281638,0.2654614652711703,-0.4072312083729781,-12.0,22738.25,23000.75,33678,33877,23130.75,2024-12-19
A2_k2_spike_nearest,-1,2024-12-20 14:30:00+00:00,2024-12-20 14:39:00+00:00,22734.5,23131.25,2024-12-20 14:50:00+00:00,target,124.25,123.75,396.75,0.31190926275992437,0.313169502205419,0.35664776307498425,-0.01890359168241966,247.5,23130.75,22734.25,33876,34062,22610.25,2024-12-20
A2_k2_spike_nearest,-1,2024-12-20 14:50:00+00:00,2024-12-20 15:05:00+00:00,22742.25,23131.25,2024-12-20 16:35:00+00:00,stop,-389.0,-389.75,389.0,-1.0019280205655527,-1.0,0.17030848329048842,-1.0147814910025708,-779.5,23130.75,22742.0,33876,34153,22617.0,2024-12-20
A2_k2_spike_nearest,-1,2024-12-23 14:30:00+00:00,2024-12-23 14:30:00+00:00,23052.0,23186.25,2024-12-23 15:08:00+00:00,target,59.0,75.0,134.25,0.5586592178770949,0.43947858472998136,0.6499068901303539,-0.41899441340782123,150.0,23185.75,23035.25,34213,34423,22976.5,2024-12-23
A2_k2_spike_nearest,1,2024-12-23 14:30:00+00:00,2024-12-23 15:10:00+00:00,22945.5,22592.5,2024-12-23 16:03:00+00:00,target,89.75,89.25,353.0,0.2528328611898017,0.25424929178470257,0.25920679886685555,-0.10410764872521247,178.5,22593.0,22945.75,34156,34236,23035.25,2024-12-23
A2_k2_spike_nearest,-1,2024-12-26 14:30:00+00:00,2024-12-26 14:30:00+00:00,23415.5,23517.25,2024-12-26 14:53:00+00:00,target,66.75,66.25,101.75,0.6511056511056511,0.6560196560196561,1.0417690417690417,-0.25307125307125306,132.5,23516.75,23415.25,34855,34875,23348.75,2024-12-26
A2_k2_spike_nearest,-1,2024-12-26 15:20:00+00:00,2024-12-26 15:24:00+00:00,23413.5,23517.25,2024-12-26 17:00:00+00:00,time,-59.0,-59.75,103.75,-0.5759036144578313,-0.5686746987951807,0.13493975903614458,-0.5783132530120482,-119.5,23516.75,23413.25,34855,34942,23303.25,2024-12-26
A2_k2_spike_nearest,-1,2024-12-27 16:05:00+00:00,2024-12-27 16:29:00+00:00,23049.0,23517.25,2024-12-27 17:00:00+00:00,time,65.5,64.75,468.25,0.1382808328884143,0.1398825413774693,0.19487453283502404,-0.07474639615589963,129.5,23516.75,23048.75,34855,35227,22937.75,2024-12-27
A2_k2_spike_nearest,-1,2024-12-30 15:25:00+00:00,2024-12-30 15:39:00+00:00,22787.5,23405.75,2024-12-30 17:00:00+00:00,time,-104.25,-105.0,618.25,-0.16983420946219166,-0.16862110796603316,0.08532147189648201,-0.19369187221997575,-210.0,23405.25,22787.25,35068,35495,22685.5,2024-12-30
A2_k2_spike_nearest,1,2024-12-31 14:30:00+00:00,2024-12-31 14:31:00+00:00,22876.25,22775.5,2024-12-31 15:11:00+00:00,stop,-100.75,-101.5,100.75,-1.0074441687344913,-1.0,0.456575682382134,-1.096774193548387,-203.0,22776.0,22876.5,35578,35757,22932.25,2024-12-31
A2_k2_spike_nearest,-1,2024-12-31 15:15:00+00:00,2024-12-31 15:27:00+00:00,22892.25,23175.75,2024-12-31 16:20:00+00:00,target,157.5,157.0,283.5,0.5537918871252204,0.5555555555555556,0.5873015873015873,-0.03262786596119929,314.0,23175.25,22892.0,35301,35769,22734.75,2024-12-31
A2_k2_spike_nearest,1,2025-01-02 14:30:00+00:00,2025-01-02 14:30:00+00:00,22767.25,22553.25,2025-01-02 17:00:00+00:00,time,-18.25,-19.0,214.0,-0.08878504672897196,-0.0852803738317757,0.5116822429906542,-0.7850467289719626,-38.0,22553.75,22767.5,35868,36033,22899.5,2025-01-02
A2_k2_spike_nearest,-1,2025-01-03 14:30:00+00:00,2025-01-03 14:33:00+00:00,22790.0,22924.0,2025-01-03 16:54:00+00:00,stop,-134.0,-134.75,134.0,-1.0055970149253732,-1.0,0.7201492537313433,-1.007462686567164,-269.5,22923.5,22789.75,36012,36067,22659.5,2025-01-03
A2_k2_spike_nearest,-1,2025-01-06 14:30:00+00:00,2025-01-06 14:30:00+00:00,23188.75,23194.25,2025-01-06 14:30:00+00:00,stop,-5.5,-6.25,5.5,-1.1363636363636365,-1.0,5.863636363636363,-2.4545454545454546,-12.5,23193.75,23188.5,36570,36585,23074.0,2025-01-06
A2_k2_spike_nearest,-1,2025-01-07 14:30:00+00:00,2025-01-07 14:30:00+00:00,23230.5,23330.25,2025-01-07 14:35:00+00:00,target,62.75,62.25,99.75,0.6240601503759399,0.6290726817042607,0.6741854636591479,-0.08521303258145363,124.5,23329.75,23230.25,36611,36862,23167.75,2025-01-07
A2_k2_spike_nearest,1,2025-01-07 14:30:00+00:00,2025-01-07 14:36:00+00:00,23156.5,22914.5,2025-01-07 15:36:00+00:00,stop,-242.0,-242.75,242.0,-1.003099173553719,-1.0,0.2944214876033058,-1.0020661157024793,-485.5,22915.0,23156.75,36436,36842,23230.25,2025-01-07
A2_k2_spike_nearest,-1,2025-01-07 16:15:00+00:00,2025-01-07 16:26:00+00:00,22992.0,23330.25,2025-01-07 17:00:00+00:00,time,123.75,123.0,338.25,0.36363636363636365,0.36585365853658536,0.3961566888396157,-0.04065040650406504,246.0,23329.75,22991.75,36611,36885,22832.0,2025-01-07
A2_k2_spike_nearest,-1,2025-01-08 14:30:00+00:00,2025-01-08 15:02:00+00:00,22826.75,23239.5,2025-01-08 15:10:00+00:00,target,79.5,79.0,412.75,0.1913991520290733,0.19261053906723197,0.22774076317383404,-0.029073288915808602,158.0,23239.0,22826.5,36867,37131,22747.25,2025-01-08
A2_k2_spike_nearest,1,2025-01-08 16:00:00+00:00,2025-01-08 16:07:00+00:00,22719.75,22663.5,2025-01-08 16:24:00+00:00,target,82.0,81.5,56.25,1.448888888888889,1.4577777777777778,1.528888888888889,-0.044444444444444446,163.0,22664.0,22720.0,37152,37158,22801.75,2025-01-08
A2_k2_spike_nearest,-1,2025-01-10 14:30:00+00:00,2025-01-10 14:30:00+00:00,22628.25,22805.75,2025-01-10 14:38:00+00:00,target,106.75,106.25,177.5,0.5985915492957746,0.6014084507042253,0.6549295774647887,-0.009859154929577466,212.5,22805.25,22628.0,37565,37602,22521.5,2025-01-10
A2_k2_spike_nearest,-1,2025-01-13 14:30:00+00:00,2025-01-13 14:54:00+00:00,22232.5,22805.75,2025-01-13 15:26:00+00:00,target,74.5,74.0,573.25,0.12908853030963802,0.12996075010902747,0.13693850850414305,-0.09768861753161796,148.0,22805.25,22232.25,37565,37878,22158.0,2025-01-13
A2_k2_spike_nearest,-1,2025-01-13 15:35:00+00:00,2025-01-13 15:38:00+00:00,22247.5,22805.75,2025-01-13 17:00:00+00:00,time,77.25,76.5,558.25,0.13703537841468877,0.13837886251679354,0.16032243618450515,-0.11688311688311688,153.0,22805.25,22247.25,37565,37891,22134.25,2025-01-13
A2_k2_spike_nearest,1,2025-01-14 14:30:00+00:00,2025-01-14 14:31:00+00:00,22457.0,22133.75,2025-01-14 14:38:00+00:00,target,95.0,94.5,323.25,0.2923433874709977,0.29389017788089716,0.2954369682907966,-0.019334880123743233,189.0,22134.25,22457.25,37883,38151,22552.0,2025-01-14
A2_k2_spike_nearest,1,2025-01-14 14:45:00+00:00,2025-01-14 14:53:00+00:00,22450.5,22133.75,2025-01-14 17:00:00+00:00,time,-195.25,-196.0,316.75,-0.6187845303867403,-0.6164167324388319,0.2920284135753749,-0.6582478295185478,-392.0,22134.25,22450.75,37883,38157,22571.75,2025-01-14
A2_k2_spike_nearest,1,2025-01-16 14:30:00+00:00,2025-01-16 14:31:00+00:00,22885.5,22341.0,2025-01-16 17:00:00+00:00,time,-52.75,-53.5,544.5,-0.09825528007346189,-0.09687786960514233,0.0674931129476584,-0.24885215794306703,-107.0,22341.5,22885.75,38355,38704,22951.75,2025-01-16
A2_k2_spike_nearest,1,2025-01-17 14:55:00+00:00,2025-01-17 14:59:00+00:00,22924.75,22604.0,2025-01-17 17:00:00+00:00,time,91.5,90.75,320.75,0.2829306313328137,0.2852689010132502,0.45362431800467656,-0.034294621979735,181.5,22604.5,22925.0,38791,38987,23112.75,2025-01-17
A2_k2_spike_nearest,1,2025-01-20 14:55:00+00:00,2025-01-20 15:43:00+00:00,23091.0,22678.25,2025-01-20 17:00:00+00:00,time,38.5,37.75,412.75,0.09145972138098123,0.09327680193821926,0.1756511205330103,-0.041792852816474865,75.5,22678.75,23091.25,38850,39258,23212.75,2025-01-20
A2_k2_spike_nearest,1,2025-01-21 14:30:00+00:00,2025-01-21 14:32:00+00:00,23121.5,22802.5,2025-01-21 17:00:00+00:00,time,-13.75,-14.5,319.0,-0.045454545454545456,-0.04310344827586207,0.07523510971786834,-0.5117554858934169,-29.0,22803.0,23121.75,39327,39477,23170.5,2025-01-21
A2_k2_spike_nearest,1,2025-01-22 15:55:00+00:00,2025-01-22 15:59:00+00:00,23429.75,22802.5,2025-01-22 16:26:00+00:00,target,45.75,45.25,627.25,0.0721402949382224,0.07293742526903149,0.08569151056197688,-0.011956954962136309,90.5,22803.0,23430.0,39327,39776,23475.5,2025-01-22
A2_k2_spike_nearest,1,2025-01-23 14:30:00+00:00,2025-01-23 14:30:00+00:00,23304.75,23271.5,2025-01-23 14:35:00+00:00,target,33.0,32.5,33.25,0.9774436090225563,0.9924812030075187,1.0526315789473684,-0.18045112781954886,65.0,23272.0,23305.0,39674,40013,23337.75,2025-01-23
A2_k2_spike_nearest,-1,2025-01-23 14:30:00+00:00,2025-01-23 15:34:00+00:00,23352.25,23418.5,2025-01-23 17:00:00+00:00,time,-28.75,-29.5,66.25,-0.44528301886792454,-0.4339622641509434,0.37358490566037733,-0.8377358490566038,-59.0,23418.0,23352.0,39854,40029,23308.75,2025-01-23
A2_k2_spike_nearest,1,2025-01-24 14:30:00+00:00,2025-01-24 15:16:00+00:00,23428.5,23287.75,2025-01-24 17:00:00+00:00,time,-13.0,-13.75,140.75,-0.09769094138543517,-0.09236234458259325,0.2841918294849023,-0.18294849023090587,-27.5,23288.25,23428.75,39978,40308,23491.5,2025-01-24
A2_k2_spike_nearest,-1,2025-01-27 14:30:00+00:00,2025-01-27 14:30:00+00:00,22607.75,23511.25,2025-01-27 17:00:00+00:00,time,-35.25,-36.0,903.5,-0.03984504703929164,-0.03901494189263974,0.07387935805201992,-0.2689540675152186,-72.0,23510.75,22607.5,40321,40586,22466.0,2025-01-27
A2_k2_spike_nearest,-1,2025-01-28 14:30:00+00:00,2025-01-28 14:30:00+00:00,22743.0,22996.25,2025-01-28 14:31:00+00:00,target,52.75,52.25,253.25,0.2063178677196446,0.20829220138203355,0.2458045409674235,-0.03751233958538993,104.5,22995.75,22742.75,40459,40863,22690.25,2025-01-28
A2_k2_spike_nearest,1,2025-01-28 14:30:00+00:00,2025-01-28 14:32:00+00:00,22680.0,22529.0,2025-01-28 15:01:00+00:00,target,62.75,62.25,151.0,0.41225165562913907,0.4155629139072848,0.6208609271523179,-0.5728476821192053,124.5,22529.5,22680.25,40657,40762,22742.75,2025-01-28
A2_k2_spike_nearest,-1,2025-01-28 14:30:00+00:00,2025-01-28 15:03:00+00:00,22790.5,22996.25,2025-01-28 17:00:00+00:00,time,-115.25,-116.0,205.75,-0.5637910085054678,-0.560145808019441,0.212636695018226,-0.6306196840826246,-232.0,22995.75,22790.25,40459,40856,22690.25,2025-01-28
A2_k2_spike_nearest,1,2025-01-29 14:30:00+00:00,2025-01-29 14:32:00+00:00,22985.75,22593.0,2025-01-29 17:00:00+00:00,time,-69.0,-69.75,392.75,-0.17759388924252067,-0.17568427753023552,0.06365372374283895,-0.24506683640993,-139.5,22593.5,22986.0,40872,40985,23122.75,2025-01-29
A2_k2_spike_nearest,1,2025-01-30 14:30:00+00:00,2025-01-30 14:35:00+00:00,23039.25,22800.25,2025-01-30 14:47:00+00:00,target,71.75,71.25,239.0,0.29811715481171547,0.3002092050209205,0.38598326359832635,-0.038702928870292884,142.5,22800.75,23039.5,41187,41411,23111.0,2025-01-30
A2_k2_spike_nearest,-1,2025-01-30 14:30:00+00:00,2025-01-30 14:48:00+00:00,23136.75,23142.75,2025-01-30 14:48:00+00:00,stop,-6.0,-6.75,6.0,-1.125,-1.0,2.0416666666666665,-2.0416666666666665,-13.5,23142.25,23136.5,41347,41354,23039.5,2025-01-30
A2_k2_spike_nearest,1,2025-01-30 14:30:00+00:00,2025-01-30 15:03:00+00:00,23005.5,22800.25,2025-01-30 17:00:00+00:00,time,37.0,36.25,205.25,0.17661388550548113,0.18026796589524968,0.2582216808769793,-0.7490864799025578,72.5,22800.75,23005.75,41187,41255,23111.0,2025-01-30
A2_k2_spike_nearest,-1,2025-01-31 14:30:00+00:00,2025-01-31 14:31:00+00:00,23241.75,23247.0,2025-01-31 14:31:00+00:00,stop,-5.25,-6.0,5.25,-1.1428571428571428,-1.0,5.714285714285714,-5.571428571428571,-12.0,23246.5,23241.5,41667,41689,23175.5,2025-01-31
A2_k2_spike_nearest,1,2025-02-03 14:30:00+00:00,2025-02-03 14:30:00+00:00,22616.25,22372.5,2025-02-03 14:31:00+00:00,target,48.25,47.75,243.75,0.19589743589743588,0.19794871794871796,0.20615384615384616,-0.02358974358974359,95.5,22373.0,22616.5,41787,41969,22664.5,2025-02-03
A2_k2_spike_nearest,-1,2025-02-03 14:30:00+00:00,2025-02-03 14:32:00+00:00,22680.5,23399.0,2025-02-03 14:53:00+00:00,target,64.0,63.5,718.5,0.0883785664578984,0.08907446068197634,0.10473208072373,-0.09324982602644398,127.0,23398.5,22680.25,41715,41956,22616.5,2025-02-03
A2_k2_spike_nearest,1,2025-02-03 14:30:00+00:00,2025-02-03 15:02:00+00:00,22589.0,22372.5,2025-02-03 15:23:00+00:00,target,75.5,75.0,216.5,0.3464203233256351,0.34872979214780603,0.48498845265588914,-0.19861431870669746,150.0,22373.0,22589.25,41787,41952,22664.5,2025-02-03
A2_k2_spike_nearest,-1,2025-02-03 14:50:00+00:00,2025-02-03 15:24:00+00:00,22747.75,23399.0,2025-02-03 17:00:00+00:00,time,-67.75,-68.5,651.25,-0.10518234165067178,-0.10403071017274472,0.1362763915547025,-0.2380038387715931,-137.0,23398.5,22747.5,41715,41974,22610.5,2025-02-03
A2_k2_spike_nearest,-1,2025-02-04 14:30:00+00:00,2025-02-04 14:32:00+00:00,22882.5,23033.25,2025-02-04 15:00:00+00:00,stop,-150.75,-151.5,150.75,-1.0049751243781095,-1.0,0.24378109452736318,-1.0381426202321724,-303.0,23032.75,22882.25,42063,42245,22828.75,2025-02-04
A2_k2_spike_nearest,-1,2025-02-05 14:30:00+00:00,2025-02-05 14:30:00+00:00,22985.5,23126.25,2025-02-05 15:04:00+00:00,target,42.75,42.25,140.75,0.30017761989342806,0.3037300177619893,0.36767317939609234,-0.3996447602131439,84.5,23125.75,22985.25,42327,42513,22942.75,2025-02-05
A2_k2_spike_nearest,-1,2025-02-05 15:55:00+00:00,2025-02-05 16:03:00+00:00,23037.75,23126.25,2025-02-05 16:51:00+00:00,stop,-88.5,-89.25,88.5,-1.0084745762711864,-1.0,0.4858757062146893,-1.11864406779661,-178.5,23125.75,23037.5,42327,42539,22933.75,2025-02-05
A2_k2_spike_nearest,1,2025-02-06 14:30:00+00:00,2025-02-06 14:30:00+00:00,23193.75,22861.25,2025-02-06 14:44:00+00:00,target,22.0,21.5,332.5,0.06466165413533835,0.06616541353383458,0.08721804511278196,-0.06917293233082707,43.0,22861.75,23194.0,42471,42797,23215.75,2025-02-06
A2_k2_spike_nearest,-1,2025-02-06 14:30:00+00:00,2025-02-06 14:45:00+00:00,23228.0,23264.0,2025-02-06 15:12:00+00:00,stop,-36.0,-36.75,36.0,-1.0208333333333333,-1.0,0.8472222222222222,-1.1458333333333333,-73.5,23263.5,23227.75,42711,42755,23194.0,2025-02-06
A2_k2_spike_nearest,1,2025-02-06 15:30:00+00:00,2025-02-06 15:39:00+00:00,23197.25,22861.25,2025-02-06 17:00:00+00:00,time,7.25,6.5,336.0,0.019345238095238096,0.021577380952380952,0.20684523809523808,-0.07217261904761904,13.0,22861.75,23197.5,42471,42807,23282.25,2025-02-06
A2_k2_spike_nearest,1,2025-02-07 14:30:00+00:00,2025-02-07 15:00:00+00:00,23222.5,23144.0,2025-02-07 15:12:00+00:00,stop,-78.5,-79.25,78.5,-1.0095541401273886,-1.0,1.4745222929936306,-1.2006369426751593,-158.5,23144.5,23222.75,42861,43065,23356.25,2025-02-07
A2_k2_spike_nearest,-1,2025-02-07 15:50:00+00:00,2025-02-07 15:52:00+00:00,23233.5,23401.0,2025-02-07 15:53:00+00:00,target,115.75,115.25,167.5,0.6880597014925374,0.691044776119403,0.9776119402985075,-0.020895522388059702,230.5,23400.5,23233.25,43078,43090,23117.75,2025-02-07
A2_k2_spike_nearest,-1,2025-02-10 14:30:00+00:00,2025-02-10 14:43:00+00:00,23224.5,23401.0,2025-02-10 17:00:00+00:00,time,-80.0,-80.75,176.5,-0.45750708215297453,-0.45325779036827196,0.22804532577903683,-0.5779036827195467,-161.5,23400.5,23224.25,43078,43347,23166.0,2025-02-10
A2_k2_spike_nearest,-1,2025-02-11 14:30:00+00:00,2025-02-11 14:30:00+00:00,23164.75,23318.75,2025-02-11 17:00:00+00:00,time,-59.0,-59.75,154.0,-0.387987012987013,-0.38311688311688313,0.20616883116883117,-0.9042207792207793,-119.5,23318.25,23164.5,43405,43619,23102.25,2025-02-11
A2_k2_spike_nearest,-1,2025-02-12 15:05:00+00:00,2025-02-12 15:22:00+00:00,23134.0,23281.75,2025-02-12 17:00:00+00:00,time,-78.75,-79.5,147.75,-0.5380710659898477,-0.5329949238578681,0.37055837563451777,-0.5989847715736041,-159.0,23281.25,23133.75,43887,43909,22942.75,2025-02-12
A2_k2_spike_nearest,-1,2025-02-13 14:30:00+00:00,2025-02-13 14:31:00+00:00,23333.0,23360.25,2025-02-13 14:33:00+00:00,stop,-27.25,-28.0,27.25,-1.0275229357798166,-1.0,0.7522935779816514,-1.8256880733944953,-56.0,23359.75,23332.75,44062,44169,23285.0,2025-02-13
A2_k2_spike_nearest,1,2025-02-13 14:30:00+00:00,2025-02-13 14:38:00+00:00,23284.75,22942.25,2025-02-13 14:43:00+00:00,target,30.5,30.0,342.5,0.08759124087591241,0.08905109489051095,0.1335766423357664,-0.049635036496350364,60.0,22942.75,23285.0,43899,44172,23315.25,2025-02-13
A2_k2_spike_nearest,1,2025-02-13 16:10:00+00:00,2025-02-13 16:17:00+00:00,23456.75,22942.25,2025-02-13 17:00:00+00:00,time,-61.75,-62.5,514.5,-0.12147716229348883,-0.12001943634596696,0.029640427599611274,-0.15937803692905733,-125.0,22942.75,23457.0,43899,44198,23490.75,2025-02-13
A2_k2_spike_nearest,-1,2025-02-14 14:30:00+00:00,2025-02-14 14:30:00+00:00,23553.0,23579.0,2025-02-14 14:36:00+00:00,target,26.0,25.5,26.0,0.9807692307692307,1.0,1.1153846153846154,-0.6826923076923077,51.0,23578.5,23552.75,44397,44409,23527.0,2025-02-14
A2_k2_spike_nearest,-1,2025-02-14 14:45:00+00:00,2025-02-14 14:51:00+00:00,23571.0,23579.0,2025-02-14 15:08:00+00:00,stop,-8.0,-8.75,8.0,-1.09375,-1.0,4.90625,-1.15625,-17.5,23578.5,23570.75,44397,44457,23502.75,2025-02-14
A2_k2_spike_nearest,1,2025-02-17 14:30:00+00:00,2025-02-17 14:30:00+00:00,23673.75,23474.75,2025-02-17 17:00:00+00:00,time,-6.75,-6.0,199.0,-0.03015075376884422,-0.03391959798994975,0.056532663316582916,-0.24623115577889448,-12.0,23475.25,23675.5,44425,44715,23692.75,2025-02-17
A2_k2_spike_nearest,1,2025-02-18 14:30:00+00:00,2025-02-18 14:30:00+00:00,23681.5,23624.25,2025-02-18 14:46:00+00:00,stop,-57.25,-58.0,57.25,-1.0131004366812226,-1.0,0.33624454148471616,-1.1441048034934498,-116.0,23624.75,23681.75,44735,44858,23751.0,2025-02-18
A2_k2_spike_nearest,1,2025-02-19 14:30:00+00:00,2025-02-19 14:32:00+00:00,23611.5,23535.25,2025-02-19 14:35:00+00:00,target,40.75,40.25,76.25,0.5278688524590164,0.5344262295081967,0.5409836065573771,-0.07868852459016394,80.5,23535.75,23611.75,45016,45224,23652.25,2025-02-19
A2_k2_spike_nearest,1,2025-02-19 14:30:00+00:00,2025-02-19 14:49:00+00:00,23590.0,23535.25,2025-02-19 16:11:00+00:00,target,62.25,61.75,54.75,1.1278538812785388,1.1369863013698631,1.2146118721461188,-0.7168949771689498,123.5,23535.75,23590.25,45016,45034,23652.25,2025-02-19
A2_k2_spike_nearest,-1,2025-02-20 14:30:00+00:00,2025-02-20 14:31:00+00:00,23657.25,23662.75,2025-02-20 14:33:00+00:00,target,34.25,33.75,5.5,6.136363636363637,6.2272727272727275,8.090909090909092,-0.45454545454545453,67.5,23662.25,23657.0,45351,45510,23623.0,2025-02-20
A2_k2_spike_nearest,1,2025-02-20 14:30:00+00:00,2025-02-20 14:34:00+00:00,23606.25,23550.25,2025-02-20 14:51:00+00:00,stop,-56.0,-56.75,56.0,-1.0133928571428572,-1.0,0.7142857142857143,-1.1071428571428572,-113.5,23550.75,23606.5,45244,45485,23662.25,2025-02-20
A2_k2_spike_nearest,1,2025-02-21 14:30:00+00:00,2025-02-21 14:30:00+00:00,23619.25,23383.0,2025-02-21 15:44:00+00:00,stop,-256.25,-237.0,236.25,-1.0031746031746032,-1.0846560846560847,0.006349206349206349,-1.0412698412698413,-474.0,23383.5,23639.5,45519,45772,23678.5,2025-02-21
A2_k2_spike_nearest,-1,2025-02-21 16:15:00+00:00,2025-02-21 16:18:00+00:00,23454.25,23679.0,2025-02-21 17:00:00+00:00,time,42.75,42.0,224.75,0.18687430478309233,0.19021134593993325,0.2725250278086763,-0.035595105672969966,84.0,23678.5,23454.0,45780,45807,23373.25,2025-02-21
A2_k2_spike_nearest,1,2025-02-24 14:30:00+00:00,2025-02-24 14:30:00+00:00,23171.75,23084.5,2025-02-24 14:52:00+00:00,stop,-87.25,-88.0,87.25,-1.008595988538682,-1.0,0.7191977077363897,-1.2607449856733524,-176.0,23085.0,23172.0,45877,46044,23238.5,2025-02-24
A2_k2_spike_nearest,-1,2025-02-24 15:30:00+00:00,2025-02-24 16:26:00+00:00,23018.25,23679.0,2025-02-24 17:00:00+00:00,time,8.5,7.75,660.75,0.01172909572455543,0.012864169504351116,0.04880817253121453,-0.05940219447597427,15.5,23678.5,23018.0,45780,46074,22869.5,2025-02-24
A2_k2_spike_nearest,1,2025-02-25 14:30:00+00:00,2025-02-25 14:31:00+00:00,22795.75,22717.75,2025-02-25 14:48:00+00:00,stop,-78.0,-78.75,78.0,-1.0096153846153846,-1.0,0.4423076923076923,-1.0480769230769231,-157.5,22718.25,22796.0,46299,46320,22884.5,2025-02-25
A2_k2_spike_nearest,-1,2025-02-25 15:50:00+00:00,2025-02-25 15:51:00+00:00,22558.75,23246.25,2025-02-25 16:30:00+00:00,target,98.0,97.5,687.5,0.14181818181818182,0.14254545454545456,0.15672727272727272,-0.04945454545454545,195.0,23245.75,22558.5,46003,46354,22460.75,2025-02-25
A2_k2_spike_nearest,1,2025-02-26 14:30:00+00:00,2025-02-26 14:30:00+00:00,22631.0,22422.75,2025-02-26 14:52:00+00:00,target,89.25,88.75,208.25,0.4261704681872749,0.42857142857142855,0.5066026410564226,-0.0468187274909964,177.5,22423.25,22631.25,46365,46468,22720.25,2025-02-26
A2_k2_spike_nearest,-1,2025-02-26 14:30:00+00:00,2025-02-26 15:12:00+00:00,22765.5,22886.5,2025-02-26 17:00:00+00:00,time,-16.75,-17.5,121.0,-0.1446280991735537,-0.1384297520661157,0.5082644628099173,-0.6363636363636364,-35.0,22886.0,22765.25,46155,46605,22631.25,2025-02-26
A2_k2_spike_nearest,-1,2025-02-27 14:30:00+00:00,2025-02-27 14:36:00+00:00,22806.75,22843.0,2025-02-27 14:41:00+00:00,target,105.25,104.75,36.25,2.889655172413793,2.9034482758620688,3.668965517241379,-0.19310344827586207,209.5,22842.5,22806.5,46645,46888,22701.5,2025-02-27
A2_k2_spike_nearest,1,2025-02-27 14:30:00+00:00,2025-02-27 14:42:00+00:00,22671.5,22497.0,2025-02-27 14:55:00+00:00,stop,-174.5,-175.25,174.5,-1.004297994269341,-1.0,0.044412607449856735,-1.1117478510028653,-350.5,22497.5,22671.75,46672,46791,22806.5,2025-02-27
A2_k2_spike_nearest,1,2025-02-27 15:50:00+00:00,2025-02-27 15:54:00+00:00,22470.0,22328.75,2025-02-27 17:00:00+00:00,time,-31.0,-31.75,141.25,-0.2247787610619469,-0.21946902654867256,0.8690265486725663,-0.3327433628318584,-63.5,22329.25,22470.25,46899,46906,22600.0,2025-02-27
A2_k2_spike_nearest,1,2025-02-28 14:30:00+00:00,2025-02-28 14:30:00+00:00,21985.5,21948.75,2025-02-28 14:31:00+00:00,stop,-36.75,-37.5,36.75,-1.0204081632653061,-1.0,1.1768707482993197,-1.564625850340136,-75.0,21949.25,21985.75,47040,47085,22097.5,2025-02-28
A2_k2_spike_nearest,-1,2025-02-28 14:30:00+00:00,2025-02-28 14:43:00+00:00,22062.0,22819.75,2025-02-28 14:55:00+00:00,target,68.0,67.5,757.75,0.08907951171230617,0.08973935994721215,0.11646321346090399,-0.02045529528208512,135.0,22819.25,22061.75,46871,47166,21994.0,2025-02-28
A2_k2_spike_nearest,-1,2025-02-28 14:55:00+00:00,2025-02-28 15:02:00+00:00,22077.75,22819.75,2025-02-28 17:00:00+00:00,time,-52.0,-52.75,742.0,-0.07109164420485176,-0.07008086253369272,0.12297843665768195,-0.17890835579514824,-105.5,22819.25,22077.5,46871,47171,21893.0,2025-02-28
A2_k2_spike_nearest,1,2025-03-03 14:30:00+00:00,2025-03-03 14:30:00+00:00,22465.25,21892.5,2025-03-03 14:33:00+00:00,target,66.5,66.0,572.75,0.1152335224792667,0.11610650371017023,0.15408118725447403,-0.016586643387167175,132.0,21893.0,22465.5,47169,47437,22531.75,2025-03-03
A2_k2_spike_nearest,1,2025-03-03 14:30:00+00:00,2025-03-03 14:38:00+00:00,22418.25,21892.5,2025-03-03 17:00:00+00:00,time,-63.75,-64.5,525.75,-0.12268188302425106,-0.12125534950071326,0.10794103661436044,-0.42938659058487877,-129.0,21893.0,22418.5,47169,47396,22531.75,2025-03-03
A2_k2_spike_nearest,1,2025-03-04 14:30:00+00:00,2025-03-04 14:30:00+00:00,21741.5,21693.75,2025-03-04 14:32:00+00:00,stop,-47.75,-48.5,47.75,-1.0157068062827226,-1.0,1.162303664921466,-1.0523560209424083,-97.0,21694.25,21741.75,47708,47714,21831.25,2025-03-04
A2_k2_spike_nearest,-1,2025-03-04 14:30:00+00:00,2025-03-04 14:36:00+00:00,21831.5,22554.0,2025-03-04 14:42:00+00:00,target,89.75,89.25,722.5,0.12352941176470589,0.12422145328719723,0.16782006920415224,-0.04325259515570934,178.5,22553.5,21831.25,47445,47717,21741.75,2025-03-04
A2_k2_spike_nearest,-1,2025-03-04 15:45:00+00:00,2025-03-04 15:45:00+00:00,21676.25,22554.0,2025-03-04 17:00:00+00:00,time,-55.5,-56.25,877.75,-0.06408430646539448,-0.06322984904585588,0.15351751637710054,-0.10709199658217032,-112.5,22553.5,21676.0,47445,47733,21508.5,2025-03-04
A2_k2_spike_nearest,1,2025-03-05 14:30:00+00:00,2025-03-05 14:36:00+00:00,21811.75,21541.0,2025-03-05 17:00:00+00:00,time,-41.75,-42.5,270.75,-0.1569713758079409,-0.15420129270544783,0.43490304709141275,-0.605724838411819,-85.0,21541.5,21812.0,47744,47991,21957.0,2025-03-05
A2_k2_spike_nearest,-1,2025-03-06 14:30:00+00:00,2025-03-06 15:04:00+00:00,21818.0,22158.75,2025-03-06 16:50:00+00:00,target,80.0,79.5,340.75,0.23330887747615553,0.23477622890682318,0.2714600146735143,-0.3756419662509171,159.0,22158.25,21817.75,48064,48262,21738.0,2025-03-06
A2_k2_spike_nearest,1,2025-03-07 15:15:00+00:00,2025-03-07 15:16:00+00:00,21514.25,21456.5,2025-03-07 15:31:00+00:00,stop,-57.75,-58.5,57.75,-1.0129870129870129,-1.0,0.8744588744588745,-1.8571428571428572,-117.0,21457.0,21514.5,48549,48555,21675.0,2025-03-07
A2_k2_spike_nearest,1,2025-03-07 16:15:00+00:00,2025-03-07 16:15:00+00:00,21396.75,21319.75,2025-03-07 16:25:00+00:00,stop,-77.0,-77.75,77.0,-1.0097402597402598,-1.0,0.38311688311688313,-1.0649350649350648,-155.5,21320.25,21397.0,48563,48567,21518.75,2025-03-07
A2_k2_spike_nearest,1,2025-03-10 13:30:00+00:00,2025-03-10 13:30:00+00:00,21306.5,21292.75,2025-03-10 13:30:00+00:00,stop,-13.75,-14.5,13.75,-1.0545454545454545,-1.0,0.9454545454545454,-1.2545454545454546,-29.0,21293.25,21306.75,48814,48820,21376.25,2025-03-10
A2_k2_spike_nearest,1,2025-03-11 13:30:00+00:00,2025-03-11 13:30:00+00:00,20852.75,20572.25,2025-03-11 13:36:00+00:00,target,46.75,64.5,280.5,0.22994652406417113,0.16666666666666666,0.23796791443850268,-0.11942959001782531,129.0,20572.75,20871.25,48949,49095,20917.75,2025-03-11
A2_k2_spike_nearest,-1,2025-03-11 13:30:00+00:00,2025-03-11 13:37:00+00:00,20962.0,21589.25,2025-03-11 14:03:00+00:00,target,90.75,90.25,627.25,0.14388202471104025,0.14467915504184933,0.178158628935831,-0.13431646074133122,180.5,21588.75,20961.75,48694,49088,20871.25,2025-03-11
A2_k2_spike_nearest,1,2025-03-11 13:45:00+00:00,2025-03-11 14:04:00+00:00,20819.0,20572.25,2025-03-11 16:00:00+00:00,time,36.75,36.0,246.75,0.1458966565349544,0.14893617021276595,0.6423505572441742,-0.49037487335359675,72.0,20572.75,20819.25,48949,49101,21016.5,2025-03-11
A2_k2_spike_nearest,-1,2025-03-12 13:30:00+00:00,2025-03-12 13:32:00+00:00,21169.25,21222.0,2025-03-12 13:48:00+00:00,target,94.0,93.5,52.75,1.7725118483412323,1.7819905213270142,1.900473933649289,-0.7630331753554502,187.0,21221.5,21169.0,49365,49370,21075.25,2025-03-12
A2_k2_spike_nearest,1,2025-03-12 14:15:00+00:00,2025-03-12 14:31:00+00:00,21012.5,20572.25,2025-03-12 16:00:00+00:00,time,53.75,53.0,440.25,0.12038614423622941,0.12208972174900624,0.13287904599659284,-0.4196479273140261,106.0,20572.75,21012.75,48949,49383,21209.5,2025-03-12
A2_k2_spike_nearest,1,2025-03-13 13:30:00+00:00,2025-03-13 13:30:00+00:00,20974.5,20827.25,2025-03-13 13:54:00+00:00,stop,-147.25,-148.0,147.25,-1.0050933786078098,-1.0,0.23938879456706283,-1.033955857385399,-296.0,20827.75,20974.75,49396,49650,21029.75,2025-03-13
A2_k2_spike_nearest,1,2025-03-13 15:00:00+00:00,2025-03-13 15:08:00+00:00,20833.75,20756.25,2025-03-13 15:36:00+00:00,stop,-77.5,-78.25,77.5,-1.0096774193548388,-1.0,0.2,-1.3419354838709678,-156.5,20756.75,20834.0,49659,49668,21003.25,2025-03-13
A2_k2_spike_nearest,-1,2025-03-14 13:30:00+00:00,2025-03-14 13:31:00+00:00,20942.0,21127.0,2025-03-14 15:41:00+00:00,stop,-185.0,-185.75,185.0,-1.0040540540540541,-1.0,0.4486486486486487,-1.0027027027027027,-371.5,21126.5,20941.75,49491,49923,20857.0,2025-03-14
A2_k2_spike_nearest,1,2025-03-17 14:15:00+00:00,2025-03-17 14:29:00+00:00,21153.5,20766.75,2025-03-17 16:00:00+00:00,time,-38.5,-39.25,386.75,-0.10148674854557208,-0.09954751131221719,0.10019392372333549,-0.2385261797026503,-78.5,20767.25,21153.75,49767,50211,21280.75,2025-03-17
A2_k2_spike_nearest,1,2025-03-18 13:30:00+00:00,2025-03-18 13:30:00+00:00,21087.5,20986.75,2025-03-18 13:40:00+00:00,stop,-100.75,-101.5,100.75,-1.0074441687344913,-1.0,0.38461538461538464,-1.0248138957816377,-203.0,20987.25,21087.75,50130,50244,21201.5,2025-03-18
A2_k2_spike_nearest,-1,2025-03-18 14:30:00+00:00,2025-03-18 14:39:00+00:00,20947.0,21392.5,2025-03-18 15:01:00+00:00,target,80.0,79.5,445.5,0.17845117845117844,0.17957351290684623,0.23849607182940516,-0.03535353535353535,159.0,21392.0,20946.75,50269,50488,20867.0,2025-03-18
A2_k2_spike_nearest,-1,2025-03-19 13:30:00+00:00,2025-03-19 13:30:00+00:00,21025.0,21268.75,2025-03-19 13:41:00+00:00,target,50.75,50.25,243.75,0.20615384615384616,0.2082051282051282,0.2123076923076923,-0.07487179487179488,100.5,21268.25,21024.75,50316,50605,20974.25,2025-03-19
A2_k2_spike_nearest,1,2025-03-19 13:30:00+00:00,2025-03-19 13:42:00+00:00,20971.0,20833.25,2025-03-19 13:46:00+00:00,target,28.5,28.0,137.75,0.20326678765880218,0.20689655172413793,0.3647912885662432,-0.2540834845735027,56.0,20833.75,20971.25,50500,50747,20999.5,2025-03-19
A2_k2_spike_nearest,-1,2025-03-19 13:45:00+00:00,2025-03-19 13:54:00+00:00,21043.5,21268.75,2025-03-19 16:00:00+00:00,time,-103.25,-104.0,225.25,-0.46170921198668147,-0.4583795782463929,0.11431742508324085,-0.537180910099889,-208.0,21268.25,21043.25,50316,50757,20887.0,2025-03-19
A2_k2_spike_nearest,1,2025-03-20 13:30:00+00:00,2025-03-20 13:30:00+00:00,21011.5,20935.5,2025-03-20 13:33:00+00:00,target,73.0,75.0,76.0,0.9868421052631579,0.9605263157894737,1.138157894736842,-0.39144736842105265,150.0,20936.0,21014.25,50759,51028,21087.0,2025-03-20
A2_k2_spike_nearest,-1,2025-03-20 13:30:00+00:00,2025-03-20 14:24:00+00:00,21296.0,21369.0,2025-03-20 16:00:00+00:00,time,84.75,84.0,73.0,1.1506849315068493,1.1609589041095891,1.452054794520548,-0.4657534246575342,168.0,21368.5,21295.75,50825,50976,21014.25,2025-03-20
A2_k2_spike_nearest,-1,2025-03-21 13:45:00+00:00,2025-03-21 13:48:00+00:00,20937.0,21330.5,2025-03-21 16:00:00+00:00,time,-0.5,-1.25,393.5,-0.0031766200762388818,-0.0012706480304955528,0.12452350698856417,-0.25349428208386277,-2.5,21330.0,20936.75,51048,51309,20827.5,2025-03-21
A2_k2_spike_nearest,1,2025-03-24 13:30:00+00:00,2025-03-24 13:30:00+00:00,21481.25,20899.5,2025-03-24 13:38:00+00:00,target,25.75,30.25,581.75,0.05199828104856038,0.04426299957026214,0.05758487322733133,-0.047271164589600345,60.5,20900.0,21486.5,51339,51578,21512.0,2025-03-24
A2_k2_spike_nearest,1,2025-03-25 13:30:00+00:00,2025-03-25 13:30:00+00:00,21626.5,21320.75,2025-03-25 14:00:00+00:00,target,33.25,33.0,305.75,0.10793131643499591,0.10874897792313983,0.14227309893704007,-0.12755519215044972,66.0,21321.25,21627.0,51471,51855,21660.0,2025-03-25
A2_k2_spike_nearest,-1,2025-03-25 14:15:00+00:00,2025-03-25 14:29:00+00:00,21670.25,21672.75,2025-03-25 14:29:00+00:00,stop,-2.5,-3.25,2.5,-1.3,-1.0,3.7,-3.8,-6.5,21672.25,21670.0,51849,51867,21587.5,2025-03-25
A2_k2_spike_nearest,1,2025-03-26 13:30:00+00:00,2025-03-26 13:30:00+00:00,21664.25,21516.5,2025-03-26 14:16:00+00:00,stop,-151.25,-148.5,147.75,-1.0050761421319796,-1.023688663282572,0.24196277495769883,-1.0,-297.0,21517.0,21668.0,51801,52100,21711.5,2025-03-26
A2_k2_spike_nearest,-1,2025-03-26 14:50:00+00:00,2025-03-26 14:52:00+00:00,21521.5,21762.25,2025-03-26 15:52:00+00:00,target,70.5,70.0,240.75,0.29075804776739356,0.29283489096573206,0.3862928348909657,-0.09968847352024922,140.0,21761.75,21521.25,51983,52150,21451.0,2025-03-26
A2_k2_spike_nearest,1,2025-03-27 13:30:00+00:00,2025-03-27 13:30:00+00:00,21237.0,21227.5,2025-03-27 13:32:00+00:00,stop,-9.5,-10.25,9.5,-1.0789473684210527,-1.0,6.078947368421052,-1.3421052631578947,-20.5,21228.0,21237.25,52232,52240,21306.25,2025-03-27
A2_k2_spike_nearest,-1,2025-03-27 13:30:00+00:00,2025-03-27 13:55:00+00:00,21306.5,21762.25,2025-03-27 14:10:00+00:00,target,50.5,50.0,455.75,0.10970927043335162,0.11080636313768513,0.117937465715853,-0.04662643993417444,100.0,21761.75,21306.25,51983,52408,21256.0,2025-03-27
A2_k2_spike_nearest,-1,2025-03-27 13:30:00+00:00,2025-03-27 14:29:00+00:00,21346.0,21762.25,2025-03-27 16:00:00+00:00,time,73.0,72.25,416.25,0.1735735735735736,0.17537537537537537,0.196996996996997,-0.1873873873873874,144.5,21761.75,21345.75,51983,52378,21256.0,2025-03-27
A2_k2_spike_nearest,1,2025-03-31 13:30:00+00:00,2025-03-31 13:31:00+00:00,20373.25,20342.75,2025-03-31 13:32:00+00:00,stop,-30.5,-31.25,30.5,-1.0245901639344261,-1.0,0.860655737704918,-2.0901639344262297,-62.5,20343.25,20373.5,52941,52950,20461.75,2025-03-31
A2_k2_spike_nearest,-1,2025-03-31 14:20:00+00:00,2025-03-31 15:00:00+00:00,20393.0,21234.25,2025-03-31 16:00:00+00:00,time,-53.25,-54.0,841.25,-0.06419019316493313,-0.06329866270430906,0.06448736998514117,-0.11144130757800892,-108.0,21233.75,20392.75,52603,52972,20201.75,2025-03-31
A2_k2_spike_nearest,1,2025-04-01 13:30:00+00:00,2025-04-01 14:07:00+00:00,20562.5,20430.5,2025-04-01 14:39:00+00:00,target,80.25,79.75,132.0,0.6041666666666666,0.6079545454545454,0.7386363636363636,-0.5776515151515151,159.5,20431.0,20562.75,53016,53227,20642.75,2025-04-01
A2_k2_spike_nearest,-1,2025-04-02 13:30:00+00:00,2025-04-02 13:34:00+00:00,20638.0,20918.75,2025-04-02 15:25:00+00:00,stop,-280.75,-281.5,280.75,-1.0026714158504006,-1.0,0.0854853072128228,-1.0222617987533393,-563.0,20918.25,20637.75,53333,53502,20486.25,2025-04-02
A2_k2_spike_nearest,-1,2025-04-03 13:30:00+00:00,2025-04-03 13:30:00+00:00,20148.75,21270.75,2025-04-03 14:45:00+00:00,target,67.5,93.0,1122.0,0.08288770053475936,0.06016042780748663,0.0944741532976827,-0.1339126559714795,186.0,21270.25,20122.5,53598,53789,20055.25,2025-04-03
A2_k2_spike_nearest,1,2025-04-04 13:30:00+00:00,2025-04-04 13:38:00+00:00,19283.25,19044.0,2025-04-04 14:45:00+00:00,stop,-239.25,-240.0,239.25,-1.0031347962382444,-1.0,0.7460815047021944,-1.0167189132706373,-480.0,19044.5,19283.5,54045,54058,19498.75,2025-04-04
A2_k2_spike_nearest,-1,2025-04-04 14:35:00+00:00,2025-04-04 15:12:00+00:00,19296.0,20402.25,2025-04-04 16:00:00+00:00,time,188.5,187.75,1106.25,0.16971751412429378,0.1703954802259887,0.20564971751412428,-0.06870056497175141,375.5,20401.75,19295.75,53739,54079,19044.5,2025-04-04
A2_k2_spike_nearest,1,2025-04-07 13:30:00+00:00,2025-04-07 13:30:00+00:00,18153.0,17677.0,2025-04-07 13:58:00+00:00,target,262.75,292.0,476.0,0.6134453781512605,0.5519957983193278,0.6864495798319328,-0.5346638655462185,584.0,17677.5,18183.0,54173,54330,18445.5,2025-04-07
A2_k2_spike_nearest,-1,2025-04-07 13:30:00+00:00,2025-04-07 13:59:00+00:00,18503.5,19938.75,2025-04-07 16:00:00+00:00,time,-110.5,-111.25,1435.25,-0.07751262846194043,-0.0769900714161296,0.08900888346977878,-0.75370144574116,-222.5,19938.25,18503.25,53908,54312,18211.75,2025-04-07
A2_k2_spike_nearest,-1,2025-04-08 13:45:00+00:00,2025-04-08 13:46:00+00:00,19427.25,19585.75,2025-04-08 16:00:00+00:00,time,148.5,147.75,158.5,0.9321766561514195,0.9369085173501577,1.5757097791798107,-0.9779179810725552,295.5,19585.25,19427.0,54354,54621,19151.0,2025-04-08
A2_k2_spike_nearest,-1,2025-04-09 13:30:00+00:00,2025-04-09 13:31:00+00:00,18528.5,18929.5,2025-04-09 16:00:00+00:00,time,-16.5,-17.25,401.0,-0.043017456359102244,-0.04114713216957606,0.24064837905236908,-0.7325436408977556,-34.5,18929.0,18528.25,54681,54892,18125.0,2025-04-09
A2_k2_spike_nearest,1,2025-04-10 13:30:00+00:00,2025-04-10 13:40:00+00:00,19957.75,17959.5,2025-04-10 16:00:00+00:00,time,-454.75,-455.5,1998.25,-0.22794945577380207,-0.22757412736144125,0.05880145126986113,-0.2380833229075441,-911.0,17960.0,19958.0,54802,55165,20211.0,2025-04-10
A2_k2_spike_nearest,1,2025-04-11 13:30:00+00:00,2025-04-11 13:32:00+00:00,19581.0,19296.25,2025-04-11 13:43:00+00:00,target,187.5,187.0,284.75,0.6567164179104478,0.6584723441615452,0.7559262510974539,-0.00877963125548727,374.0,19296.75,19581.25,55296,55445,19768.5,2025-04-11
A2_k2_spike_nearest,1,2025-04-11 14:15:00+00:00,2025-04-11 14:19:00+00:00,19657.0,19296.25,2025-04-11 16:00:00+00:00,time,136.5,135.75,360.75,0.3762993762993763,0.3783783783783784,0.40055440055440056,-0.4490644490644491,271.5,19296.75,19657.25,55296,55455,19873.0,2025-04-11
A2_k2_spike_nearest,1,2025-04-14 13:30:00+00:00,2025-04-14 13:40:00+00:00,20288.5,19296.25,2025-04-14 16:00:00+00:00,time,-234.5,-235.25,992.25,-0.23708742756361803,-0.23633156966490299,0.13051146384479717,-0.2620307382212144,-470.5,19296.75,20288.75,55296,55707,20478.0,2025-04-14
A2_k2_spike_nearest,-1,2025-04-15 13:30:00+00:00,2025-04-15 13:30:00+00:00,20212.0,20481.25,2025-04-15 16:00:00+00:00,time,-63.75,-63.75,269.25,-0.23676880222841226,-0.23676880222841226,0.22748375116063138,-0.585886722376973,-127.5,20480.75,20211.0,55724,55977,20060.25,2025-04-15
A2_k2_spike_nearest,-1,2025-04-16 13:30:00+00:00,2025-04-16 13:30:00+00:00,19862.5,20370.25,2025-04-16 14:00:00+00:00,target,125.5,125.0,507.75,0.24618414574101427,0.24716888232397832,0.2516001969473166,-0.08173313638601674,250.0,20369.75,19862.25,56009,56274,19737.0,2025-04-16
A2_k2_spike_nearest,-1,2025-04-16 14:40:00+00:00,2025-04-16 14:41:00+00:00,19864.75,20370.25,2025-04-16 16:00:00+00:00,time,51.75,51.0,505.5,0.10089020771513353,0.10237388724035608,0.13452027695351138,-0.18892185954500496,102.0,20369.75,19864.5,56009,56288,19760.0,2025-04-16
A2_k2_spike_nearest,1,2025-04-17 13:30:00+00:00,2025-04-17 13:31:00+00:00,19677.5,19340.75,2025-04-17 16:00:00+00:00,time,-112.75,-113.5,336.75,-0.3370452858203415,-0.3348181143281366,0.16703786191536749,-0.5679287305122495,-227.0,19341.25,19677.75,56348,56413,19791.5,2025-04-17
A2_k2_spike_nearest,-1,2025-04-21 13:30:00+00:00,2025-04-21 13:30:00+00:00,19372.75,19877.5,2025-04-21 13:37:00+00:00,target,57.75,57.25,504.75,0.11342248637939574,0.11441307578008915,0.1723625557206538,-0.03566121842496285,114.5,19877.0,19372.5,56478,56818,19315.0,2025-04-21
A2_k2_spike_nearest,-1,2025-04-21 14:30:00+00:00,2025-04-21 14:40:00+00:00,19202.0,19877.5,2025-04-21 15:14:00+00:00,target,79.25,78.75,675.5,0.11658031088082901,0.11732050333086602,0.15025906735751296,-0.01628423390081421,157.5,19877.0,19201.75,56478,56838,19122.75,2025-04-21
A2_k2_spike_nearest,-1,2025-04-22 13:30:00+00:00,2025-04-22 13:41:00+00:00,19396.0,19599.5,2025-04-22 15:09:00+00:00,stop,-203.5,-204.25,203.5,-1.0036855036855037,-1.0,0.07493857493857493,-1.0024570024570025,-408.5,19599.0,19395.75,56675,57027,19268.75,2025-04-22
A2_k2_spike_nearest,1,2025-04-23 14:15:00+00:00,2025-04-23 14:18:00+00:00,20210.75,19173.75,2025-04-23 14:33:00+00:00,target,159.25,158.75,1037.0,0.15308582449373193,0.15356798457087753,0.15646094503375121,-0.012777242044358728,317.5,19174.25,20211.0,56981,57387,20370.0,2025-04-23
A2_k2_spike_nearest,1,2025-04-23 15:15:00+00:00,2025-04-23 15:20:00+00:00,20223.0,19173.75,2025-04-23 16:00:00+00:00,time,-121.25,-122.0,1049.25,-0.11627352871098404,-0.1155587324279247,0.03097450559923755,-0.19037407672146772,-244.0,19174.25,20223.25,56981,57399,20390.75,2025-04-23
A2_k2_spike_nearest,-1,2025-04-24 13:30:00+00:00,2025-04-24 13:31:00+00:00,20101.75,20391.25,2025-04-24 14:36:00+00:00,stop,-289.5,-290.25,289.5,-1.0025906735751295,-1.0,0.10362694300518134,-1.0172711571675301,-580.5,20390.75,20101.5,57394,57497,20048.25,2025-04-24
A2_k2_spike_nearest,-1,2025-04-25 13:30:00+00:00,2025-04-25 13:30:00+00:00,20548.0,20722.75,2025-04-25 16:00:00+00:00,time,-40.5,-41.25,174.75,-0.23605150214592274,-0.2317596566523605,0.5064377682403434,-0.47353361945636624,-82.5,20722.25,20547.75,57822,57908,20440.25,2025-04-25
A2_k2_spike_nearest,1,2025-04-28 13:30:00+00:00,2025-04-28 13:58:00+00:00,20690.75,20439.75,2025-04-28 16:00:00+00:00,time,-118.5,-119.25,251.0,-0.4750996015936255,-0.4721115537848606,0.29382470119521914,-0.6125498007968128,-238.5,20440.25,20691.0,57927,58178,20815.0,2025-04-28
A2_k2_spike_nearest,-1,2025-04-29 13:30:00+00:00,2025-04-29 13:50:00+00:00,20763.25,20857.0,2025-04-29 16:00:00+00:00,time,-0.5,-1.25,93.75,-0.013333333333333334,-0.005333333333333333,0.736,-0.8213333333333334,-2.5,20856.5,20763.0,58352,58476,20604.25,2025-04-29
A2_k2_spike_nearest,-1,2025-04-30 13:30:00+00:00,2025-04-30 14:29:00+00:00,20532.0,20918.0,2025-04-30 16:00:00+00:00,time,-135.5,-136.25,386.0,-0.35297927461139894,-0.35103626943005184,0.08095854922279792,-0.38341968911917096,-272.5,20917.5,20531.75,58547,58754,20456.5,2025-04-30
A2_k2_spike_nearest,1,2025-05-01 13:30:00+00:00,2025-05-01 13:31:00+00:00,21156.25,20326.75,2025-05-01 14:40:00+00:00,target,104.5,104.0,829.5,0.12537673297166968,0.12597950572634117,0.1371308016877637,-0.08830620855937311,208.0,20327.25,21156.5,58767,58972,21260.75,2025-05-01
A2_k2_spike_nearest,1,2025-05-02 13:50:00+00:00,2025-05-02 13:51:00+00:00,21257.75,20972.75,2025-05-02 14:03:00+00:00,target,92.25,91.75,285.0,0.3219298245614035,0.3236842105263158,0.36929824561403507,-0.04649122807017544,183.5,20973.25,21258.0,59128,59314,21350.0,2025-05-02
A2_k2_spike_nearest,-1,2025-05-05 13:30:00+00:00,2025-05-05 13:30:00+00:00,21253.75,21502.5,2025-05-05 13:42:00+00:00,target,40.75,40.25,248.75,0.16180904522613065,0.16381909547738693,0.1748743718592965,-0.10050251256281408,80.5,21502.0,21253.5,59374,59545,21213.0,2025-05-05
A2_k2_spike_nearest,-1,2025-05-05 13:30:00+00:00,2025-05-05 14:00:00+00:00,21303.0,21502.5,2025-05-05 16:00:00+00:00,time,-24.25,-25.0,199.5,-0.12531328320802004,-0.12155388471177944,0.3458646616541353,-0.23182957393483708,-50.0,21502.0,21302.75,59374,59523,21213.0,2025-05-05
A2_k2_spike_nearest,-1,2025-05-06 13:50:00+00:00,2025-05-06 14:17:00+00:00,21089.75,21257.0,2025-05-06 16:00:00+00:00,time,-31.5,-32.25,167.25,-0.19282511210762332,-0.18834080717488788,0.13602391629297458,-0.5276532137518685,-64.5,21256.5,21089.5,59704,59866,21004.25,2025-05-06
A2_k2_spike_nearest,1,2025-05-07 13:30:00+00:00,2025-05-07 13:30:00+00:00,21103.75,20962.75,2025-05-07 14:23:00+00:00,target,82.75,82.25,141.0,0.5833333333333334,0.5868794326241135,0.6046099290780141,-0.14716312056737588,164.5,20963.25,21104.0,59871,60138,21186.5,2025-05-07
A2_k2_spike_nearest,1,2025-05-07 14:00:00+00:00,2025-05-07 14:54:00+00:00,21082.75,20962.75,2025-05-07 16:00:00+00:00,time,-8.5,-9.25,120.0,-0.07708333333333334,-0.07083333333333333,0.13333333333333333,-0.6083333333333333,-18.5,20963.25,21083.0,59871,60144,21186.5,2025-05-07
A2_k2_spike_nearest,1,2025-05-08 13:30:00+00:00,2025-05-08 13:30:00+00:00,21383.0,20903.0,2025-05-08 15:29:00+00:00,target,44.75,44.25,480.0,0.0921875,0.09322916666666667,0.09947916666666666,-0.375,88.5,20903.5,21383.25,60198,60413,21427.75,2025-05-08
A2_k2_spike_nearest,-1,2025-05-09 13:30:00+00:00,2025-05-09 13:30:00+00:00,21483.0,21563.0,2025-05-09 13:44:00+00:00,target,32.25,31.75,80.0,0.396875,0.403125,0.475,-0.271875,63.5,21562.5,21482.75,60457,60688,21450.75,2025-05-09
A2_k2_spike_nearest,1,2025-05-09 14:05:00+00:00,2025-05-09 14:19:00+00:00,21429.25,21134.75,2025-05-09 16:00:00+00:00,time,-34.25,-35.0,294.5,-0.11884550084889643,-0.11629881154499151,0.0831918505942275,-0.49830220713073003,-70.0,21135.25,21429.5,60231,60697,21504.75,2025-05-09
A2_k2_spike_nearest,1,2025-05-12 13:30:00+00:00,2025-05-12 13:30:00+00:00,22100.5,21282.0,2025-05-12 16:00:00+00:00,time,-110.25,-111.0,818.5,-0.1356139279169212,-0.1346976175931582,0.057116676847892484,-0.22663408674404398,-222.0,21282.5,22100.75,60706,60919,22165.0,2025-05-12
A2_k2_spike_nearest,1,2025-05-13 13:30:00+00:00,2025-05-13 13:30:00+00:00,22218.25,21728.0,2025-05-13 13:35:00+00:00,target,70.75,70.25,490.25,0.1432942376338603,0.14431412544620092,0.1483936766955635,-0.0407955124936257,140.5,21728.5,22218.5,60836,61239,22289.0,2025-05-13
A2_k2_spike_nearest,-1,2025-05-14 13:30:00+00:00,2025-05-14 13:33:00+00:00,22594.0,22608.5,2025-05-14 13:34:00+00:00,stop,-14.5,-15.25,14.5,-1.0517241379310345,-1.0,0.8793103448275862,-1.8275862068965518,-30.5,22608.0,22593.75,61497,61509,22537.25,2025-05-14
A2_k2_spike_nearest,1,2025-05-14 13:30:00+00:00,2025-05-14 13:47:00+00:00,22537.0,22042.75,2025-05-14 14:53:00+00:00,target,56.75,56.25,494.25,0.11380880121396054,0.11482043500252909,0.11734951947395043,-0.07941325240263025,112.5,22043.25,22537.25,61139,61515,22593.75,2025-05-14
A2_k2_spike_nearest,1,2025-05-14 14:25:00+00:00,2025-05-14 15:04:00+00:00,22521.25,22042.75,2025-05-14 15:23:00+00:00,target,66.5,66.0,478.5,0.13793103448275862,0.13897596656217345,0.14211076280041798,-0.01671891327063741,132.0,22043.25,22521.5,61139,61529,22587.75,2025-05-14
A2_k2_spike_nearest,-1,2025-05-14 15:05:00+00:00,2025-05-14 15:25:00+00:00,22595.25,22630.25,2025-05-14 16:00:00+00:00,time,-5.0,-5.75,35.0,-0.16428571428571428,-0.14285714285714285,0.37142857142857144,-0.5642857142857143,-11.5,22629.75,22595.0,61522,61537,22497.75,2025-05-14
A2_k2_spike_nearest,-1,2025-05-15 13:30:00+00:00,2025-05-15 13:32:00+00:00,22556.5,22645.25,2025-05-15 13:46:00+00:00,target,65.0,64.5,88.75,0.7267605633802817,0.7323943661971831,0.7408450704225352,-0.09014084507042254,129.0,22644.75,22556.25,61557,61787,22491.5,2025-05-15
A2_k2_spike_nearest,-1,2025-05-15 13:50:00+00:00,2025-05-15 14:01:00+00:00,22564.75,22645.25,2025-05-15 15:22:00+00:00,stop,-80.5,-81.25,80.5,-1.0093167701863355,-1.0,1.031055900621118,-1.0341614906832297,-162.5,22644.75,22564.5,61557,61798,22464.25,2025-05-15
A2_k2_spike_nearest,1,2025-05-16 13:30:00+00:00,2025-05-16 13:31:00+00:00,22648.75,22416.75,2025-05-16 16:00:00+00:00,time,-12.0,-12.75,232.0,-0.05495689655172414,-0.05172413793103448,0.14331896551724138,-0.44719827586206895,-25.5,22417.25,22649.0,61745,62067,22726.25,2025-05-16
A2_k2_spike_nearest,-1,2025-05-19 13:30:00+00:00,2025-05-19 13:30:00+00:00,22452.0,22738.5,2025-05-19 16:00:00+00:00,time,-206.75,-207.5,286.5,-0.7242582897033158,-0.7216404886561955,0.08900523560209424,-0.8708551483420593,-415.0,22738.0,22451.75,62150,62281,22355.5,2025-05-19
A2_k2_spike_nearest,1,2025-05-20 13:30:00+00:00,2025-05-20 13:30:00+00:00,22636.75,22378.5,2025-05-20 16:00:00+00:00,time,24.0,23.25,258.25,0.09002904162633107,0.09293320425943853,0.15295256534365925,-0.22362052274927396,46.5,22379.0,22637.0,62346,62562,22699.5,2025-05-20
A2_k2_spike_nearest,-1,2025-05-21 13:30:00+00:00,2025-05-21 13:31:00+00:00,22543.25,22787.75,2025-05-21 16:00:00+00:00,time,-196.75,-197.5,244.5,-0.8077709611451943,-0.8047034764826176,0.08793456032719836,-0.8885480572597138,-395.0,22787.25,22543.0,62465,62895,22454.5,2025-05-21
A2_k2_spike_nearest,-1,2025-05-22 13:30:00+00:00,2025-05-22 13:52:00+00:00,22452.25,22784.0,2025-05-22 16:00:00+00:00,time,-45.0,-45.75,331.75,-0.13790504898266767,-0.1356443104747551,0.18311981914091938,-0.31047475508666167,-91.5,22783.5,22452.0,62941,63172,22264.25,2025-05-22
A2_k2_spike_nearest,-1,2025-05-23 13:30:00+00:00,2025-05-23 13:30:00+00:00,22074.5,22563.25,2025-05-23 16:00:00+00:00,time,-97.0,-87.0,488.75,-0.17800511508951405,-0.19846547314578006,0.05728900255754476,-0.3268542199488491,-174.0,22562.75,22063.5,63244,63442,21952.5,2025-05-23
A2_k2_spike_nearest,1,2025-05-26 13:30:00+00:00,2025-05-26 13:30:00+00:00,22484.5,22155.25,2025-05-26 13:32:00+00:00,target,23.5,23.0,329.25,0.06985573272589218,0.07137433561123765,0.09111617312072894,-0.002277904328018223,46.0,22155.75,22484.75,63538,63722,22508.0,2025-05-26
A2_k2_spike_nearest,1,2025-05-26 14:20:00+00:00,2025-05-26 14:21:00+00:00,22488.25,22155.25,2025-05-26 16:00:00+00:00,time,10.5,9.75,333.0,0.02927927927927928,0.03153153153153153,0.0472972972972973,-0.14339339339339338,19.5,22155.75,22488.5,63538,63736,22532.75,2025-05-26
A2_k2_spike_nearest,1,2025-05-27 13:30:00+00:00,2025-05-27 13:30:00+00:00,22479.0,22366.5,2025-05-27 14:09:00+00:00,target,97.5,97.0,112.5,0.8622222222222222,0.8666666666666667,0.8733333333333333,-0.54,194.0,22367.0,22479.25,63840,63950,22576.5,2025-05-27
A2_k2_spike_nearest,-1,2025-05-28 13:30:00+00:00,2025-05-28 13:30:00+00:00,22744.75,22763.25,2025-05-28 13:39:00+00:00,stop,-18.5,-19.25,18.5,-1.0405405405405406,-1.0,1.5945945945945945,-2.081081081081081,-38.5,22762.75,22744.5,64224,64229,22709.5,2025-05-28
A2_k2_spike_nearest,1,2025-05-28 13:30:00+00:00,2025-05-28 13:49:00+00:00,22709.25,22366.5,2025-05-28 16:00:00+00:00,time,-47.25,-48.0,342.75,-0.1400437636761488,-0.13785557986870897,0.05981035740335521,-0.16921954777534645,-96.0,22367.0,22709.5,63840,64212,22744.5,2025-05-28
A2_k2_spike_nearest,1,2025-05-29 13:30:00+00:00,2025-05-29 13:30:00+00:00,22864.0,22544.5,2025-05-29 16:00:00+00:00,time,-290.75,-291.5,319.5,-0.9123630672926447,-0.9100156494522692,0.12597809076682315,-1.057902973395931,-583.0,22545.0,22864.25,64315,64503,22929.0,2025-05-29
A2_k2_spike_nearest,1,2025-05-30 13:30:00+00:00,2025-05-30 13:35:00+00:00,22542.75,22450.5,2025-05-30 16:00:00+00:00,time,6.0,5.25,92.25,0.056910569105691054,0.06504065040650407,0.8861788617886179,-0.8997289972899729,10.5,22451.0,22543.0,64769,64780,22645.0,2025-05-30
A2_k2_spike_nearest,-1,2025-06-02 13:30:00+00:00,2025-06-02 13:30:00+00:00,22553.75,22658.75,2025-06-02 13:38:00+00:00,stop,-105.0,-105.75,105.0,-1.0071428571428571,-1.0,0.4,-1.1642857142857144,-211.5,22658.25,22553.5,64862,64882,22482.25,2025-06-02
A2_k2_spike_nearest,1,2025-06-02 13:30:00+00:00,2025-06-02 14:00:00+00:00,22482.0,22296.0,2025-06-02 14:03:00+00:00,target,40.25,39.75,186.0,0.21370967741935484,0.2163978494623656,0.29838709677419356,-0.12096774193548387,79.5,22296.5,22482.25,64825,65056,22522.25,2025-06-02
A2_k2_spike_nearest,1,2025-06-04 13:30:00+00:00,2025-06-04 14:06:00+00:00,22902.25,22622.75,2025-06-04 15:01:00+00:00,target,91.0,90.5,279.5,0.32379248658318427,0.32558139534883723,0.3300536672629696,-0.129695885509839,181.0,22623.25,22902.5,65274,65603,22993.25,2025-06-04
A2_k2_spike_nearest,1,2025-06-05 13:30:00+00:00,2025-06-05 13:31:00+00:00,23015.0,22865.5,2025-06-05 15:17:00+00:00,target,109.0,108.5,149.5,0.725752508361204,0.7290969899665551,0.754180602006689,-0.657190635451505,217.0,22866.0,23015.25,65620,65886,23124.0,2025-06-05
A2_k2_spike_nearest,1,2025-06-06 14:10:00+00:00,2025-06-06 14:28:00+00:00,23027.75,22695.5,2025-06-06 15:06:00+00:00,target,60.75,60.25,332.25,0.18133935289691497,0.18284424379232506,0.20316027088036118,-0.11738148984198646,120.5,22696.0,23028.0,65979,66170,23088.5,2025-06-06
A2_k2_spike_nearest,1,2025-06-06 15:10:00+00:00,2025-06-06 15:17:00+00:00,23035.25,22695.5,2025-06-06 16:00:00+00:00,time,-3.75,-4.5,339.75,-0.013245033112582781,-0.011037527593818985,0.05371596762325239,-0.21927888153053715,-9.0,22696.0,23035.5,65979,66182,23095.75,2025-06-06
A2_k2_spike_nearest,-1,2025-06-09 13:30:00+00:00,2025-06-09 13:30:00+00:00,23039.5,23105.5,2025-06-09 13:31:00+00:00,target,20.25,19.75,66.0,0.29924242424242425,0.3068181818181818,0.5265151515151515,-0.007575757575757576,39.5,23105.0,23039.25,66225,66437,23019.25,2025-06-09
A2_k2_spike_nearest,1,2025-06-09 13:30:00+00:00,2025-06-09 13:35:00+00:00,22996.75,22695.5,2025-06-09 13:52:00+00:00,target,42.5,42.0,301.25,0.13941908713692946,0.14107883817427386,0.15186721991701244,-0.07136929460580912,84.0,22696.0,22997.0,65979,66413,23039.25,2025-06-09
A2_k2_spike_nearest,-1,2025-06-09 13:30:00+00:00,2025-06-09 14:09:00+00:00,23049.25,23105.5,2025-06-09 14:32:00+00:00,stop,-56.25,-57.0,56.25,-1.0133333333333334,-1.0,0.22666666666666666,-1.2133333333333334,-114.0,23105.0,23049.0,66225,66419,23019.25,2025-06-09
A2_k2_spike_nearest,1,2025-06-09 15:10:00+00:00,2025-06-09 15:19:00+00:00,23055.0,22695.5,2025-06-09 16:00:00+00:00,time,9.25,8.5,359.5,0.02364394993045897,0.02573018080667594,0.048678720445062586,-0.04659248956884562,17.0,22696.0,23055.25,65979,66458,23117.5,2025-06-09
A2_k2_spike_nearest,-1,2025-06-10 13:30:00+00:00,2025-06-10 13:30:00+00:00,23084.75,23199.0,2025-06-10 15:32:00+00:00,target,55.25,54.75,114.25,0.47921225382932164,0.48358862144420134,0.6783369803063457,-0.29321663019693656,109.5,23198.5,23084.5,66578,66714,23029.5,2025-06-10
A2_k2_spike_nearest,1,2025-06-11 13:30:00+00:00,2025-06-11 13:30:00+00:00,23230.0,22956.5,2025-06-11 14:34:00+00:00,target,38.25,37.75,273.5,0.1380255941499086,0.13985374771480805,0.1590493601462523,-0.3290676416819013,75.5,22957.0,23230.25,66648,66987,23268.25,2025-06-11
A2_k2_spike_nearest,1,2025-06-12 13:30:00+00:00,2025-06-12 13:30:00+00:00,23045.75,22941.0,2025-06-12 13:31:00+00:00,target,48.0,47.5,104.75,0.45346062052505964,0.45823389021479716,0.5035799522673031,-0.045346062052505964,95.0,22941.5,23046.0,67204,67261,23093.75,2025-06-12
A2_k2_spike_nearest,-1,2025-06-12 13:30:00+00:00,2025-06-12 14:07:00+00:00,23120.25,23319.5,2025-06-12 16:00:00+00:00,time,-27.0,-27.75,199.25,-0.13927227101631118,-0.1355081555834379,0.1656210790464241,-0.4127979924717691,-55.5,23319.0,23120.0,66983,67090,23046.0,2025-06-12
A2_k2_spike_nearest,-1,2025-06-13 13:30:00+00:00,2025-06-13 13:30:00+00:00,22927.5,23203.0,2025-06-13 16:00:00+00:00,time,-130.5,-131.25,275.5,-0.4764065335753176,-0.47368421052631576,0.308529945553539,-0.5090744101633394,-262.5,23202.5,22927.25,67287,67516,22836.5,2025-06-13
A2_k2_spike_nearest,-1,2025-06-16 13:30:00+00:00,2025-06-16 13:30:00+00:00,23053.0,23115.0,2025-06-16 13:49:00+00:00,stop,-62.0,-62.75,62.0,-1.0120967741935485,-1.0,0.5766129032258065,-1.0483870967741935,-125.5,23114.5,23052.75,67374,67815,22976.75,2025-06-16
A2_k2_spike_nearest,1,2025-06-16 14:55:00+00:00,2025-06-16 14:56:00+00:00,23178.5,22695.0,2025-06-16 15:15:00+00:00,target,28.0,27.5,483.5,0.05687693898655636,0.057911065149948295,0.07290589451913133,-0.01344364012409514,55.0,22695.5,23178.75,67415,67835,23206.5,2025-06-16
A2_k2_spike_nearest,-1,2025-06-17 13:30:00+00:00,2025-06-17 13:31:00+00:00,23105.25,23222.0,2025-06-17 16:00:00+00:00,time,7.5,6.75,116.75,0.057815845824411134,0.06423982869379015,0.6659528907922913,-0.23554603854389722,13.5,23221.5,23105.0,67844,68085,22996.0,2025-06-17
A2_k2_spike_nearest,1,2025-06-18 13:30:00+00:00,2025-06-18 13:30:00+00:00,22979.5,22943.75,2025-06-18 13:33:00+00:00,stop,-35.75,-36.5,35.75,-1.020979020979021,-1.0,0.44755244755244755,-1.3356643356643356,-73.0,22944.25,22979.75,68264,68362,23019.75,2025-06-18
A2_k2_spike_nearest,-1,2025-06-18 13:35:00+00:00,2025-06-18 13:51:00+00:00,23014.25,23133.25,2025-06-18 16:00:00+00:00,time,-24.25,-25.0,119.0,-0.21008403361344538,-0.20378151260504201,0.2857142857142857,-0.707983193277311,-50.0,23132.75,23014.0,68106,68371,22893.75,2025-06-18
A2_k2_spike_nearest,-1,2025-06-19 14:40:00+00:00,2025-06-19 14:55:00+00:00,22729.75,23083.25,2025-06-19 16:00:00+00:00,time,49.75,49.0,353.5,0.13861386138613863,0.14073550212164074,0.15134370579915135,-0.031117397454031116,98.0,23082.75,22729.5,68427,68660,22650.0,2025-06-19
A2_k2_spike_nearest,1,2025-06-20 13:55:00+00:00,2025-06-20 13:58:00+00:00,23024.5,22649.5,2025-06-20 16:00:00+00:00,time,-176.5,-177.25,375.0,-0.4726666666666667,-0.4706666666666667,0.022,-0.664,-354.5,22650.0,23024.75,68652,68874,23130.5,2025-06-20
A2_k2_spike_nearest,1,2025-06-23 13:30:00+00:00,2025-06-23 13:30:00+00:00,22855.0,22561.25,2025-06-23 13:54:00+00:00,target,69.5,69.0,293.75,0.2348936170212766,0.23659574468085107,0.24170212765957447,-0.3293617021276596,138.0,22561.75,22855.25,68967,69149,22924.5,2025-06-23
A2_k2_spike_nearest,-1,2025-06-23 13:30:00+00:00,2025-06-23 14:00:00+00:00,22934.25,22945.0,2025-06-23 14:00:00+00:00,stop,-10.75,-11.5,10.75,-1.069767441860465,-1.0,0.8604651162790697,-2.0232558139534884,-23.0,22944.5,22934.0,69089,69103,22855.25,2025-06-23
A2_k2_spike_nearest,1,2025-06-23 15:10:00+00:00,2025-06-23 15:29:00+00:00,22949.75,22561.25,2025-06-23 16:00:00+00:00,time,-11.25,-12.0,388.5,-0.03088803088803089,-0.02895752895752896,0.0489060489060489,-0.07078507078507079,-24.0,22561.75,22950.0,68967,69170,23017.75,2025-06-23
A2_k2_spike_nearest,1,2025-06-24 13:30:00+00:00,2025-06-24 13:30:00+00:00,23272.25,22561.25,2025-06-24 13:32:00+00:00,target,42.25,41.75,711.0,0.05872011251758087,0.05942334739803094,0.05977496483825598,-0.004922644163150493,83.5,22561.75,23272.5,68967,69421,23314.5,2025-06-24
A2_k2_spike_nearest,-1,2025-06-24 13:30:00+00:00,2025-06-24 13:38:00+00:00,23314.75,23383.5,2025-06-24 14:08:00+00:00,target,42.25,41.75,68.75,0.6072727272727273,0.6145454545454545,0.7163636363636363,-0.26545454545454544,83.5,23383.0,23314.5,69352,69412,23272.5,2025-06-24
A2_k2_spike_nearest,-1,2025-06-24 14:30:00+00:00,2025-06-24 14:34:00+00:00,23325.0,23383.5,2025-06-24 15:46:00+00:00,stop,-58.5,-59.25,58.5,-1.0128205128205128,-1.0,0.43162393162393164,-1.0213675213675213,-118.5,23383.0,23324.75,69352,69438,23265.5,2025-06-24
A2_k2_spike_nearest,1,2025-06-25 13:30:00+00:00,2025-06-25 13:30:00+00:00,23494.25,23193.25,2025-06-25 13:31:00+00:00,target,17.0,22.5,301.0,0.07475083056478406,0.05647840531561462,0.11877076411960133,-0.014119601328903655,45.0,23193.75,23494.5,69276,69700,23511.25,2025-06-25
A2_k2_spike_nearest,1,2025-06-25 13:30:00+00:00,2025-06-25 14:11:00+00:00,23479.5,23193.25,2025-06-25 14:30:00+00:00,target,31.75,31.25,286.25,0.1091703056768559,0.11091703056768559,0.12314410480349346,-0.059388646288209605,62.5,23193.75,23479.75,69276,69691,23511.25,2025-06-25
A2_k2_spike_nearest,1,2025-06-25 14:35:00+00:00,2025-06-25 15:04:00+00:00,23462.25,23193.25,2025-06-25 16:00:00+00:00,time,-17.75,-18.5,269.0,-0.0687732342007435,-0.06598513011152417,0.046468401486988845,-0.12453531598513011,-37.0,23193.75,23462.5,69276,69715,23548.0,2025-06-25
A2_k2_spike_nearest,-1,2025-06-26 13:30:00+00:00,2025-06-26 13:30:00+00:00,23564.25,23585.25,2025-06-26 13:33:00+00:00,target,44.5,44.0,21.0,2.0952380952380953,2.119047619047619,2.261904761904762,-0.09523809523809523,88.0,23584.75,23564.0,69964,69972,23519.75,2025-06-26
A2_k2_spike_nearest,1,2025-06-26 13:30:00+00:00,2025-06-26 13:37:00+00:00,23511.0,23384.25,2025-06-26 14:00:00+00:00,target,53.0,52.5,126.75,0.41420118343195267,0.4181459566074951,0.4635108481262327,-0.27613412228796846,105.0,23384.75,23511.25,69522,69894,23564.0,2025-06-26
A2_k2_spike_nearest,-1,2025-06-26 14:20:00+00:00,2025-06-26 14:30:00+00:00,23576.5,23585.25,2025-06-26 14:31:00+00:00,stop,-8.75,-9.5,8.75,-1.0857142857142856,-1.0,1.2,-2.5714285714285716,-19.0,23584.75,23576.25,69964,69988,23476.0,2025-06-26
A2_k2_spike_nearest,1,2025-06-27 13:30:00+00:00,2025-06-27 13:30:00+00:00,23702.25,23437.25,2025-06-27 14:00:00+00:00,target,71.0,70.5,265.0,0.2660377358490566,0.2679245283018868,0.33962264150943394,-0.07735849056603773,141.0,23437.75,23702.5,69808,70253,23773.25,2025-06-27
A2_k2_spike_nearest,1,2025-06-27 14:45:00+00:00,2025-06-27 14:52:00+00:00,23763.0,23437.25,2025-06-27 16:00:00+00:00,time,45.75,45.0,325.75,0.13814274750575595,0.14044512663085187,0.17421335379892555,-0.052954719877206444,90.0,23437.75,23763.25,69808,70269,23823.5,2025-06-27
A2_k2_spike_nearest,1,2025-06-30 13:30:00+00:00,2025-06-30 13:30:00+00:00,23852.5,23726.75,2025-06-30 16:00:00+00:00,time,-9.5,-10.25,125.75,-0.08151093439363817,-0.07554671968190854,0.18091451292246521,-0.4592445328031809,-20.5,23727.25,23852.75,70344,70525,23897.25,2025-06-30
A2_k2_spike_nearest,-1,2025-07-01 13:30:00+00:00,2025-07-01 13:30:00+00:00,23818.5,23934.25,2025-07-01 14:26:00+00:00,target,47.25,46.75,115.75,0.4038876889848812,0.408207343412527,0.4535637149028078,-0.2267818574514039,93.5,23933.75,23818.25,70610,70805,23771.25,2025-07-01
A2_k2_spike_nearest,-1,2025-07-02 13:30:00+00:00,2025-07-02 13:30:00+00:00,23659.0,23915.25,2025-07-02 16:00:00+00:00,time,-162.75,-163.5,256.25,-0.6380487804878049,-0.6351219512195122,0.033170731707317075,-0.735609756097561,-327.0,23914.75,23658.75,70669,71080,23584.5,2025-07-02
A2_k2_spike_nearest,1,2025-07-04 13:30:00+00:00,2025-07-04 13:32:00+00:00,23906.5,23826.25,2025-07-04 13:46:00+00:00,target,25.0,24.5,80.25,0.3052959501557632,0.3115264797507788,0.3302180685358255,-0.2398753894080997,49.0,23826.75,23906.75,71229,71569,23931.5,2025-07-04
A2_k2_spike_nearest,-1,2025-07-04 13:30:00+00:00,2025-07-04 14:30:00+00:00,23936.25,24062.5,2025-07-04 16:00:00+00:00,time,2.75,2.0,126.25,0.015841584158415842,0.02178217821782178,0.201980198019802,-0.07524752475247524,4.0,24062.0,23936.0,71413,71565,23906.75,2025-07-04
A2_k2_spike_nearest,1,2025-07-07 13:30:00+00:00,2025-07-07 13:34:00+00:00,23907.75,23880.5,2025-07-07 16:00:00+00:00,time,20.75,20.0,27.25,0.7339449541284404,0.7614678899082569,2.5688073394495414,-0.926605504587156,40.0,23881.0,23908.0,71561,71756,24002.5,2025-07-07
A2_k2_spike_nearest,1,2025-07-08 13:30:00+00:00,2025-07-08 13:32:00+00:00,23914.0,23884.75,2025-07-08 13:59:00+00:00,stop,-29.25,-30.0,29.25,-1.0256410256410255,-1.0,0.39316239316239315,-1.170940170940171,-60.0,23885.25,23914.25,71960,72086,23956.0,2025-07-08
A2_k2_spike_nearest,-1,2025-07-08 14:10:00+00:00,2025-07-08 14:35:00+00:00,23925.0,24027.5,2025-07-08 14:52:00+00:00,target,69.0,68.5,102.5,0.6682926829268293,0.6731707317073171,0.7024390243902439,-0.17073170731707318,137.0,24027.0,23924.75,71634,72101,23856.0,2025-07-08
A2_k2_spike_nearest,1,2025-07-09 13:30:00+00:00,2025-07-09 15:16:00+00:00,23926.0,23840.25,2025-07-09 15:25:00+00:00,target,45.75,45.25,85.75,0.5276967930029155,0.5335276967930029,0.60932944606414,-0.10787172011661808,90.5,23840.75,23926.25,72113,72365,23971.75,2025-07-09
A2_k2_spike_nearest,1,2025-07-10 13:30:00+00:00,2025-07-10 13:32:00+00:00,24040.25,23842.5,2025-07-10 16:00:00+00:00,time,-16.0,-16.75,197.75,-0.08470290771175727,-0.08091024020227561,0.09102402022756005,-0.7054361567635904,-33.5,23843.0,24040.5,72283,72644,24076.25,2025-07-10
A2_k2_spike_nearest,-1,2025-07-11 13:30:00+00:00,2025-07-11 13:30:00+00:00,23939.0,24090.0,2025-07-11 13:39:00+00:00,target,57.75,57.25,151.0,0.3791390728476821,0.3824503311258278,0.42549668874172186,-0.12582781456953643,114.5,24089.5,23938.75,72648,72853,23881.25,2025-07-11
A2_k2_spike_nearest,-1,2025-07-11 13:45:00+00:00,2025-07-11 13:57:00+00:00,23958.25,24090.0,2025-07-11 16:00:00+00:00,time,-18.0,-18.75,131.75,-0.14231499051233396,-0.1366223908918406,0.3776091081593928,-0.3908918406072106,-37.5,24089.5,23958.0,72648,72924,23858.75,2025-07-11
A2_k2_spike_nearest,-1,2025-07-14 13:30:00+00:00,2025-07-14 13:30:00+00:00,23945.5,24049.0,2025-07-14 13:42:00+00:00,target,58.0,57.5,103.5,0.5555555555555556,0.5603864734299517,0.6739130434782609,-0.321256038647343,115.0,24048.5,23945.25,72761,73008,23887.5,2025-07-14
A2_k2_spike_nearest,1,2025-07-14 13:30:00+00:00,2025-07-14 13:43:00+00:00,23862.0,23801.5,2025-07-14 14:13:00+00:00,target,82.75,82.25,60.5,1.359504132231405,1.3677685950413223,1.384297520661157,-0.32644628099173556,164.5,23802.0,23862.25,73014,73174,23944.75,2025-07-14
A2_k2_spike_nearest,-1,2025-07-14 13:45:00+00:00,2025-07-14 14:21:00+00:00,23979.0,24049.0,2025-07-14 16:00:00+00:00,time,-29.25,-30.0,70.0,-0.42857142857142855,-0.41785714285714287,0.8107142857142857,-0.6214285714285714,-60.0,24048.5,23978.75,72761,73200,23804.75,2025-07-14
A2_k2_spike_nearest,1,2025-07-15 13:55:00+00:00,2025-07-15 14:00:00+00:00,24122.25,23801.5,2025-07-15 16:00:00+00:00,time,35.0,34.25,320.75,0.10678098207326578,0.10911925175370225,0.23616523772408418,-0.08417770849571317,68.5,23802.0,24122.5,73014,73478,24222.5,2025-07-15
A2_k2_spike_nearest,-1,2025-07-16 13:30:00+00:00,2025-07-16 13:30:00+00:00,24084.25,24223.0,2025-07-16 13:31:00+00:00,target,25.25,24.75,138.75,0.1783783783783784,0.18198198198198198,0.3081081081081081,-0.03963963963963964,49.5,24222.5,24084.0,73476,73741,24059.0,2025-07-16
A2_k2_spike_nearest,1,2025-07-16 13:30:00+00:00,2025-07-16 13:34:00+00:00,24020.0,23927.75,2025-07-16 15:20:00+00:00,stop,-92.25,-93.0,92.25,-1.008130081300813,-1.0,0.4010840108401084,-1.146341463414634,-186.0,23928.25,24020.25,73676,73739,24083.25,2025-07-16
A2_k2_spike_nearest,1,2025-07-17 13:30:00+00:00,2025-07-17 13:33:00+00:00,24072.25,24015.5,2025-07-17 13:55:00+00:00,target,85.75,85.25,56.75,1.502202643171806,1.5110132158590308,1.5154185022026432,-0.11894273127753303,170.5,24016.0,24072.5,73810,73998,24158.0,2025-07-17
A2_k2_spike_nearest,-1,2025-07-18 13:30:00+00:00,2025-07-18 13:30:00+00:00,24300.25,24309.75,2025-07-18 13:34:00+00:00,stop,-16.75,-10.25,9.5,-1.0789473684210527,-1.763157894736842,3.3684210526315788,-1.0,-20.5,24309.25,24292.75,74218,74224,24255.25,2025-07-18
A2_k2_spike_nearest,1,2025-07-18 13:30:00+00:00,2025-07-18 13:52:00+00:00,24253.75,24016.25,2025-07-18 14:00:00+00:00,target,33.75,33.25,237.5,0.14,0.14210526315789473,0.16526315789473683,-0.011578947368421053,66.5,24016.75,24254.0,73904,74287,24287.5,2025-07-18
A2_k2_spike_nearest,1,2025-07-18 13:30:00+00:00,2025-07-18 14:04:00+00:00,24245.0,24016.25,2025-07-18 16:00:00+00:00,time,2.5,1.75,228.75,0.007650273224043716,0.01092896174863388,0.05136612021857923,-0.2830601092896175,3.5,24016.75,24245.25,73904,74118,24287.5,2025-07-18
A2_k2_spike_nearest,-1,2025-07-21 13:30:00+00:00,2025-07-21 13:30:00+00:00,24284.0,24320.75,2025-07-21 13:36:00+00:00,stop,-36.75,-37.5,36.75,-1.0204081632653061,-1.0,0.7959183673469388,-1.0816326530612246,-75.0,24320.25,24283.75,74303,74562,24223.25,2025-07-21
A2_k2_spike_nearest,1,2025-07-21 15:05:00+00:00,2025-07-21 15:06:00+00:00,24385.5,24169.25,2025-07-21 16:00:00+00:00,time,-0.25,-1.0,216.25,-0.004624277456647399,-0.0011560693641618498,0.10057803468208093,-0.06127167630057803,-2.0,24169.75,24385.75,74346,74596,24424.75,2025-07-21
A2_k2_spike_nearest,-1,2025-07-22 13:30:00+00:00,2025-07-22 13:30:00+00:00,24348.75,24425.25,2025-07-22 13:31:00+00:00,target,24.5,29.75,76.5,0.3888888888888889,0.3202614379084967,0.738562091503268,-0.00980392156862745,59.5,24424.75,24348.5,74590,74730,24324.25,2025-07-22
A2_k2_spike_nearest,1,2025-07-22 13:30:00+00:00,2025-07-22 13:41:00+00:00,24275.5,24266.5,2025-07-22 13:43:00+00:00,stop,-9.0,-9.75,9.0,-1.0833333333333333,-1.0,1.6111111111111112,-1.6666666666666667,-19.5,24267.0,24275.75,74810,74821,24344.75,2025-07-22
A2_k2_spike_nearest,-1,2025-07-22 14:30:00+00:00,2025-07-22 14:31:00+00:00,24199.0,24425.25,2025-07-22 16:00:00+00:00,time,-7.5,-8.25,226.25,-0.036464088397790057,-0.03314917127071823,0.057458563535911604,-0.1591160220994475,-16.5,24424.75,24198.75,74590,74865,24104.75,2025-07-22
A2_k2_spike_nearest,1,2025-07-23 13:30:00+00:00,2025-07-23 13:30:00+00:00,24225.75,24104.25,2025-07-23 15:54:00+00:00,target,55.5,55.0,121.5,0.45267489711934156,0.4567901234567901,0.5185185185185185,-0.6872427983539094,110.0,24104.75,24226.0,74862,74997,24281.25,2025-07-23
A2_k2_spike_nearest,1,2025-07-24 13:30:00+00:00,2025-07-24 13:32:00+00:00,24345.5,24141.75,2025-07-24 16:00:00+00:00,time,42.0,41.25,203.75,0.20245398773006135,0.20613496932515338,0.26993865030674846,-0.23190184049079754,82.5,24142.25,24345.75,75140,75404,24402.75,2025-07-24
A2_k2_spike_nearest,-1,2025-07-25 13:35:00+00:00,2025-07-25 13:35:00+00:00,24376.0,24442.25,2025-07-25 13:37:00+00:00,target,33.0,32.5,66.25,0.49056603773584906,0.4981132075471698,0.5584905660377358,-0.033962264150943396,65.0,24441.75,24375.75,75561,75682,24343.0,2025-07-25
A2_k2_spike_nearest,-1,2025-07-25 13:30:00+00:00,2025-07-25 13:51:00+00:00,24391.25,24442.25,2025-07-25 16:00:00+00:00,time,-29.75,-30.5,51.0,-0.5980392156862745,-0.5833333333333334,0.21568627450980393,-0.7303921568627451,-61.0,24441.75,24391.0,75561,75652,24343.0,2025-07-25
A2_k2_spike_nearest,1,2025-07-28 13:30:00+00:00,2025-07-28 13:30:00+00:00,24468.75,24329.5,2025-07-28 13:51:00+00:00,target,52.0,51.5,139.25,0.36983842010771995,0.3734290843806104,0.4021543985637343,-0.0466786355475763,103.0,24330.0,24469.0,75685,75956,24520.75,2025-07-28
A2_k2_spike_nearest,1,2025-07-28 15:05:00+00:00,2025-07-28 15:18:00+00:00,24482.0,24329.5,2025-07-28 16:00:00+00:00,time,11.75,11.0,152.5,0.07213114754098361,0.07704918032786885,0.11639344262295082,-0.2967213114754098,22.0,24330.0,24482.25,75685,75976,24518.25,2025-07-28
A2_k2_spike_nearest,1,2025-07-29 13:30:00+00:00,2025-07-29 13:50:00+00:00,24572.0,24436.25,2025-07-29 16:00:00+00:00,time,-68.75,-69.5,135.75,-0.5119705340699816,-0.5064456721915286,0.18968692449355432,-0.988950276243094,-139.0,24436.75,24572.25,75982,76229,24614.75,2025-07-29
A2_k2_spike_nearest,1,2025-07-30 13:30:00+00:00,2025-07-30 13:30:00+00:00,24470.25,24421.25,2025-07-30 13:35:00+00:00,target,35.0,34.5,49.0,0.7040816326530612,0.7142857142857143,0.8010204081632653,-0.413265306122449,69.0,24421.75,24470.5,76309,76507,24505.25,2025-07-30
A2_k2_spike_nearest,-1,2025-07-30 13:30:00+00:00,2025-07-30 13:46:00+00:00,24524.25,24652.5,2025-07-30 13:56:00+00:00,target,53.75,53.25,128.25,0.4152046783625731,0.4191033138401559,0.4249512670565302,-0.015594541910331383,106.5,24652.0,24524.0,76237,76283,24470.5,2025-07-30
A2_k2_spike_nearest,-1,2025-07-30 14:00:00+00:00,2025-07-30 14:32:00+00:00,24526.5,24652.5,2025-07-30 16:00:00+00:00,time,-3.0,-3.75,126.0,-0.02976190476190476,-0.023809523809523808,0.4107142857142857,-0.11507936507936507,-7.5,24652.0,24526.25,76237,76515,24450.0,2025-07-30
A2_k2_spike_nearest,1,2025-07-31 13:30:00+00:00,2025-07-31 13:30:00+00:00,24711.25,24354.25,2025-07-31 16:00:00+00:00,time,-127.75,-128.5,357.0,-0.3599439775910364,-0.35784313725490197,0.11414565826330532,-0.6379551820728291,-257.0,24354.75,24711.5,76578,76627,24808.0,2025-07-31
A2_k2_spike_nearest,-1,2025-08-04 13:30:00+00:00,2025-08-04 13:30:00+00:00,24094.0,24343.25,2025-08-04 16:00:00+00:00,time,-161.75,-160.5,249.25,-0.6439317953861585,-0.6489468405215647,0.022066198595787363,-0.695085255767302,-321.0,24342.75,24091.75,76944,77333,24060.0,2025-08-04
A2_k2_spike_nearest,1,2025-08-05 13:30:00+00:00,2025-08-05 13:30:00+00:00,24311.75,23821.25,2025-08-05 13:45:00+00:00,target,69.5,69.0,490.5,0.14067278287461774,0.14169215086646278,0.14424057084607544,-0.017329255861365953,138.0,23821.75,24312.0,77155,77552,24381.25,2025-08-05
A2_k2_spike_nearest,1,2025-08-05 13:45:00+00:00,2025-08-05 14:17:00+00:00,24303.0,23821.25,2025-08-05 16:00:00+00:00,time,-147.25,-148.0,481.75,-0.30721328489880645,-0.30565646081992737,0.03632589517384536,-0.39387649195640895,-296.0,23821.75,24303.25,77155,77616,24368.75,2025-08-05
A2_k2_spike_nearest,-1,2025-08-06 13:30:00+00:00,2025-08-06 13:31:00+00:00,24197.0,24404.5,2025-08-06 16:00:00+00:00,time,-170.75,-171.5,207.5,-0.8265060240963855,-0.8228915662650602,0.23373493975903614,-0.8590361445783132,-343.0,24404.0,24196.75,77600,77868,24145.5,2025-08-06
A2_k2_spike_nearest,1,2025-08-07 13:30:00+00:00,2025-08-07 13:30:00+00:00,24592.5,24048.25,2025-08-07 13:33:00+00:00,target,25.5,25.0,544.25,0.045934772622875514,0.04685346807533303,0.06476802939825448,-0.018373909049150206,50.0,24048.75,24592.75,77730,78161,24618.0,2025-08-07
A2_k2_spike_nearest,1,2025-08-07 13:30:00+00:00,2025-08-07 13:46:00+00:00,24574.5,24048.25,2025-08-07 13:50:00+00:00,target,43.5,43.0,526.25,0.0817102137767221,0.0826603325415677,0.08646080760095012,-0.009976247030878859,86.0,24048.75,24574.75,77730,78156,24618.0,2025-08-07
A2_k2_spike_nearest,1,2025-08-07 14:15:00+00:00,2025-08-07 14:24:00+00:00,24569.0,24048.25,2025-08-07 16:00:00+00:00,time,-71.75,-72.5,520.75,-0.13922227556409025,-0.13778204512722037,0.04704752760441671,-0.1771483437349976,-145.0,24048.75,24569.25,77730,78171,24671.0,2025-08-07
A2_k2_spike_nearest,-1,2025-08-08 13:30:00+00:00,2025-08-08 13:30:00+00:00,24548.0,24671.5,2025-08-08 14:10:00+00:00,stop,-123.5,-124.25,123.5,-1.0060728744939271,-1.0,0.14777327935222673,-1.05668016194332,-248.5,24671.0,24547.75,78174,78436,24521.25,2025-08-08
A2_k2_spike_nearest,-1,2025-08-11 13:30:00+00:00,2025-08-11 13:30:00+00:00,24727.25,24773.75,2025-08-11 13:31:00+00:00,target,21.25,20.75,46.5,0.44623655913978494,0.45698924731182794,0.7311827956989247,-0.06989247311827956,41.5,24773.25,24727.0,78597,78712,24706.0,2025-08-11
A2_k2_spike_nearest,1,2025-08-11 13:30:00+00:00,2025-08-11 13:33:00+00:00,24690.75,24502.5,2025-08-11 13:42:00+00:00,target,36.25,35.75,188.25,0.1899070385126162,0.19256308100929614,0.199203187250996,-0.05312084993359894,71.5,24503.0,24691.0,78353,78664,24727.0,2025-08-11
A2_k2_spike_nearest,-1,2025-08-11 13:55:00+00:00,2025-08-11 13:57:00+00:00,24738.5,24773.75,2025-08-11 16:00:00+00:00,time,-25.0,-25.75,35.25,-0.7304964539007093,-0.7092198581560284,0.7943262411347518,-0.8156028368794326,-51.5,24773.25,24738.25,78597,78722,24680.75,2025-08-11
A2_k2_spike_nearest,1,2025-08-12 13:45:00+00:00,2025-08-12 13:48:00+00:00,24709.5,24586.25,2025-08-12 15:10:00+00:00,target,112.5,112.0,123.25,0.9087221095334685,0.9127789046653144,0.9939148073022313,-0.7119675456389453,224.0,24586.75,24709.75,78797,78996,24822.0,2025-08-12
A2_k2_spike_nearest,1,2025-08-13 13:30:00+00:00,2025-08-13 14:05:00+00:00,24988.25,24595.25,2025-08-13 16:00:00+00:00,time,-63.0,-63.75,393.0,-0.16221374045801526,-0.16030534351145037,0.06615776081424936,-0.24491094147582698,-127.5,24595.75,24988.5,78902,79256,25036.25,2025-08-13
A2_k2_spike_nearest,-1,2025-08-14 13:30:00+00:00,2025-08-14 13:30:00+00:00,24870.0,25069.25,2025-08-14 16:00:00+00:00,time,-61.25,-62.0,199.25,-0.3111668757841907,-0.3074027603513174,0.14554579673776663,-0.6787954830614805,-124.0,25068.75,24869.75,79273,79540,24816.25,2025-08-14
A2_k2_spike_nearest,1,2025-08-15 13:30:00+00:00,2025-08-15 13:30:00+00:00,24862.25,24792.5,2025-08-15 13:49:00+00:00,stop,-69.75,-70.5,69.75,-1.010752688172043,-1.0,0.6917562724014337,-1.2293906810035842,-141.0,24793.0,24862.5,79537,79571,24916.75,2025-08-15
A2_k2_spike_nearest,-1,2025-08-18 13:30:00+00:00,2025-08-18 13:30:00+00:00,24796.5,24927.5,2025-08-18 13:51:00+00:00,target,39.75,39.25,131.0,0.29961832061068705,0.30343511450381677,0.36450381679389315,-0.16412213740458015,78.5,24927.0,24796.25,79804,80042,24756.75,2025-08-18
A2_k2_spike_nearest,1,2025-08-18 13:30:00+00:00,2025-08-18 13:53:00+00:00,24744.75,24734.0,2025-08-18 14:07:00+00:00,target,43.5,43.0,10.75,4.0,4.046511627906977,4.325581395348837,-0.9302325581395349,86.0,24734.5,24745.0,79850,80083,24788.25,2025-08-18
A2_k2_spike_nearest,-1,2025-08-18 14:20:00+00:00,2025-08-18 14:22:00+00:00,24791.5,24927.5,2025-08-18 14:46:00+00:00,target,56.75,56.25,136.0,0.41360294117647056,0.4172794117647059,0.46139705882352944,-0.24080882352941177,112.5,24927.0,24791.25,79804,80107,24734.75,2025-08-18
A2_k2_spike_nearest,1,2025-08-19 13:30:00+00:00,2025-08-19 13:31:00+00:00,24730.25,24718.0,2025-08-19 13:32:00+00:00,stop,-12.25,-13.0,12.25,-1.0612244897959184,-1.0,2.2244897959183674,-3.6122448979591835,-26.0,24718.5,24730.5,80115,80278,24783.0,2025-08-19
A2_k2_spike_nearest,1,2025-08-20 13:30:00+00:00,2025-08-20 13:30:00+00:00,24396.0,24333.5,2025-08-20 13:44:00+00:00,stop,-62.5,-63.25,62.5,-1.012,-1.0,0.572,-1.18,-126.5,24334.0,24396.25,80551,80641,24436.25,2025-08-20
A2_k2_spike_nearest,-1,2025-08-20 14:35:00+00:00,2025-08-20 15:17:00+00:00,24156.5,24840.0,2025-08-20 16:00:00+00:00,time,-14.75,-15.5,683.5,-0.02267739575713241,-0.021580102414045354,0.021945866861741038,-0.16020482809070957,-31.0,24839.5,24156.25,80191,80662,24063.0,2025-08-20
A2_k2_spike_nearest,-1,2025-08-21 13:30:00+00:00,2025-08-21 13:30:00+00:00,24260.0,24489.25,2025-08-21 13:31:00+00:00,target,43.25,59.25,229.25,0.2584514721919302,0.18865866957470012,0.2649945474372955,-0.030534351145038167,118.5,24488.75,24250.25,80468,80924,24207.25,2025-08-21
A2_k2_spike_nearest,-1,2025-08-21 13:30:00+00:00,2025-08-21 13:33:00+00:00,24269.25,24489.25,2025-08-21 13:45:00+00:00,target,62.0,61.5,220.0,0.27954545454545454,0.2818181818181818,0.3465909090909091,-0.09545454545454546,123.0,24488.75,24269.0,80468,80916,24207.25,2025-08-21
A2_k2_spike_nearest,1,2025-08-21 13:30:00+00:00,2025-08-21 13:46:00+00:00,24190.5,24034.5,2025-08-21 13:48:00+00:00,target,59.75,59.25,156.0,0.3798076923076923,0.38301282051282054,0.40064102564102566,-0.10096153846153846,118.5,24035.0,24190.75,80668,80710,24250.25,2025-08-21
A2_k2_spike_nearest,1,2025-08-21 14:00:00+00:00,2025-08-21 14:00:00+00:00,24174.5,24034.5,2025-08-21 14:12:00+00:00,target,115.75,115.25,140.0,0.8232142857142857,0.8267857142857142,0.8785714285714286,-0.1392857142857143,230.5,24035.0,24174.75,80668,80931,24290.25,2025-08-21
A2_k2_spike_nearest,-1,2025-08-21 13:30:00+00:00,2025-08-21 14:29:00+00:00,24335.0,24489.25,2025-08-21 15:15:00+00:00,target,127.75,127.25,154.25,0.8249594813614263,0.8282009724473258,0.8508914100486223,-0.08427876823338736,254.5,24488.75,24334.75,80468,80898,24207.25,2025-08-21
A2_k2_spike_nearest,1,2025-08-22 13:30:00+00:00,2025-08-22 13:30:00+00:00,24222.5,24073.5,2025-08-22 13:37:00+00:00,target,52.25,51.75,149.0,0.34731543624161076,0.35067114093959734,0.40436241610738255,-0.11073825503355705,103.5,24074.0,24222.75,81122,81144,24274.75,2025-08-22
A2_k2_spike_nearest,-1,2025-08-22 13:30:00+00:00,2025-08-22 13:40:00+00:00,24295.75,24369.75,2025-08-22 14:00:00+00:00,stop,-74.0,-74.75,74.0,-1.010135135135135,-1.0,0.7567567567567568,-2.304054054054054,-149.5,24369.25,24295.5,80794,80954,24237.25,2025-08-22
A2_k2_spike_nearest,-1,2025-08-25 13:30:00+00:00,2025-08-25 13:30:00+00:00,24501.0,24650.25,2025-08-25 13:31:00+00:00,target,25.25,24.75,149.25,0.1658291457286432,0.16917922948073702,0.31155778894472363,-0.11557788944723618,49.5,24649.75,24500.75,81222,81456,24475.75,2025-08-25
A2_k2_spike_nearest,-1,2025-08-25 13:45:00+00:00,2025-08-25 13:59:00+00:00,24518.5,24650.25,2025-08-25 16:00:00+00:00,time,-82.0,-82.75,131.75,-0.6280834914611005,-0.6223908918406073,0.10815939278937381,-0.7438330170777988,-165.5,24649.75,24518.25,81222,81480,24444.75,2025-08-25
A2_k2_spike_nearest,-1,2025-08-26 13:30:00+00:00,2025-08-26 13:30:00+00:00,24480.0,24617.0,2025-08-26 13:46:00+00:00,target,18.5,18.0,137.0,0.13138686131386862,0.13503649635036497,0.177007299270073,-0.2791970802919708,36.0,24616.5,24479.75,81508,81748,24461.5,2025-08-26
A2_k2_spike_nearest,1,2025-08-26 13:30:00+00:00,2025-08-26 13:48:00+00:00,24438.0,24370.5,2025-08-26 13:51:00+00:00,target,37.5,37.0,67.5,0.5481481481481482,0.5555555555555556,0.6481481481481481,-0.17037037037037037,74.0,24371.0,24438.25,81603,81741,24475.5,2025-08-26
A2_k2_spike_nearest,-1,2025-08-26 13:30:00+00:00,2025-08-26 14:10:00+00:00,24520.5,24617.0,2025-08-26 16:00:00+00:00,time,3.0,2.25,96.5,0.023316062176165803,0.031088082901554404,0.4015544041450777,-0.31865284974093266,4.5,24616.5,24520.25,81508,81575,24461.5,2025-08-26
A2_k2_spike_nearest,1,2025-08-27 13:30:00+00:00,2025-08-27 13:30:00+00:00,24534.0,24370.5,2025-08-27 14:19:00+00:00,target,51.5,51.0,163.5,0.3119266055045872,0.3149847094801223,0.41284403669724773,-0.2798165137614679,102.0,24371.0,24534.25,81603,81830,24585.5,2025-08-27
A2_k2_spike_nearest,1,2025-08-27 15:20:00+00:00,2025-08-27 15:29:00+00:00,24587.75,24370.5,2025-08-27 15:47:00+00:00,target,22.0,21.5,217.25,0.09896432681242807,0.10126582278481013,0.14039125431530494,-0.06444188722669736,43.0,24371.0,24588.0,81603,82051,24609.75,2025-08-27
A2_k2_spike_nearest,-1,2025-08-28 13:30:00+00:00,2025-08-28 13:30:00+00:00,24662.0,24685.25,2025-08-28 13:30:00+00:00,stop,-23.25,-24.0,23.25,-1.032258064516129,-1.0,1.4193548387096775,-1.903225806451613,-48.0,24684.75,24661.75,82114,82246,24593.25,2025-08-28
A2_k2_spike_nearest,1,2025-08-28 13:45:00+00:00,2025-08-28 13:50:00+00:00,24628.75,24428.25,2025-08-28 15:16:00+00:00,target,114.25,113.75,200.5,0.5673316708229427,0.5698254364089775,0.6246882793017456,-0.2817955112219451,227.5,24428.75,24629.0,82114,82308,24743.0,2025-08-28
A2_k2_spike_nearest,1,2025-08-29 13:30:00+00:00,2025-08-29 13:37:00+00:00,24611.5,24538.25,2025-08-29 13:49:00+00:00,stop,-73.25,-74.0,73.25,-1.0102389078498293,-1.0,0.3378839590443686,-1.0136518771331058,-148.0,24538.75,24611.75,82215,82530,24667.5,2025-08-29
A2_k2_spike_nearest,1,2025-09-01 13:30:00+00:00,2025-09-01 13:30:00+00:00,24459.5,24445.5,2025-09-01 13:31:00+00:00,stop,-14.0,-14.75,14.0,-1.0535714285714286,-1.0,1.25,-1.1785714285714286,-29.5,24446.0,24459.75,82837,82843,24494.0,2025-09-01
A2_k2_spike_nearest,-1,2025-09-01 13:35:00+00:00,2025-09-01 13:50:00+00:00,24487.5,24756.0,2025-09-01 16:00:00+00:00,time,-8.0,-8.75,268.5,-0.032588454376163874,-0.0297951582867784,0.043761638733705775,-0.07169459962756052,-17.5,24755.5,24487.25,82429,82858,24442.25,2025-09-01
A2_k2_spike_nearest,-1,2025-09-02 13:30:00+00:00,2025-09-02 13:53:00+00:00,24247.25,24555.5,2025-09-02 15:36:00+00:00,target,187.5,187.0,308.25,0.6066504460665044,0.6082725060827251,0.6147607461476075,-0.10624493106244931,374.0,24555.0,24247.0,82701,83066,24059.75,2025-09-02
A2_k2_spike_nearest,1,2025-09-03 13:30:00+00:00,2025-09-03 13:30:00+00:00,24413.75,24024.25,2025-09-03 14:07:00+00:00,target,44.5,44.0,389.5,0.11296534017971759,0.11424903722721438,0.12066752246469833,-0.11360718870346598,88.0,24024.75,24414.0,83088,83358,24458.25,2025-09-03
A2_k2_spike_nearest,-1,2025-09-03 14:20:00+00:00,2025-09-03 14:25:00+00:00,24461.0,24511.25,2025-09-03 14:43:00+00:00,stop,-50.25,-51.0,50.25,-1.0149253731343284,-1.0,0.6169154228855721,-1.0796019900497513,-102.0,24510.75,24460.75,82902,83371,24371.75,2025-09-03
A2_k2_spike_nearest,-1,2025-09-04 13:30:00+00:00,2025-09-04 13:31:00+00:00,24490.0,24536.0,2025-09-04 13:34:00+00:00,stop,-46.0,-46.75,46.0,-1.016304347826087,-1.0,0.5,-1.0,-93.5,24535.5,24489.75,83600,83633,24450.25,2025-09-04
A2_k2_spike_nearest,1,2025-09-04 13:30:00+00:00,2025-09-04 14:02:00+00:00,24450.0,24299.0,2025-09-04 14:25:00+00:00,target,39.75,39.25,151.0,0.2599337748344371,0.2632450331125828,0.29304635761589404,-0.26655629139072845,78.5,24299.5,24450.25,83246,83562,24489.75,2025-09-04
A2_k2_spike_nearest,-1,2025-09-04 14:50:00+00:00,2025-09-04 15:00:00+00:00,24530.25,24548.5,2025-09-04 15:22:00+00:00,stop,-18.25,-19.0,18.25,-1.0410958904109588,-1.0,2.1095890410958904,-1.0684931506849316,-38.0,24548.0,24530.0,83641,83653,24409.75,2025-09-04
A2_k2_spike_nearest,1,2025-09-05 13:50:00+00:00,2025-09-05 14:00:00+00:00,24821.0,24512.0,2025-09-05 15:10:00+00:00,stop,-309.0,-309.75,309.0,-1.0024271844660195,-1.0,0.10598705501618123,-1.023462783171521,-619.5,24512.5,24821.25,83675,83917,24902.25,2025-09-05
A2_k2_spike_nearest,1,2025-09-08 14:15:00+00:00,2025-09-08 14:18:00+00:00,24826.5,24504.25,2025-09-08 14:32:00+00:00,target,49.75,49.25,322.25,0.15283165244375485,0.15438324282389448,0.165244375484872,-0.06361520558572537,98.5,24504.75,24826.75,83936,84198,24876.25,2025-09-08
A2_k2_spike_nearest,1,2025-09-08 15:15:00+00:00,2025-09-08 15:18:00+00:00,24853.5,24504.25,2025-09-08 16:00:00+00:00,time,19.0,18.25,349.25,0.052254831782390834,0.05440229062276306,0.08876163206871868,-0.06871868289191124,36.5,24504.75,24853.75,83936,84210,24887.75,2025-09-08
A2_k2_spike_nearest,1,2025-09-09 13:35:00+00:00,2025-09-09 13:51:00+00:00,24809.5,24649.75,2025-09-09 16:00:00+00:00,time,-25.25,-26.0,159.75,-0.162754303599374,-0.15805946791862285,0.2566510172143975,-0.5211267605633803,-52.0,24650.25,24809.75,84007,84466,24857.5,2025-09-09
A2_k2_spike_nearest,1,2025-09-10 13:30:00+00:00,2025-09-10 13:30:00+00:00,24977.25,24725.75,2025-09-10 16:00:00+00:00,time,-27.25,-28.0,251.5,-0.11133200795228629,-0.10834990059642147,0.09244532803180915,-0.33101391650099404,-56.0,24726.25,24977.5,84482,84738,25040.75,2025-09-10
A2_k2_spike_nearest,-1,2025-09-11 13:30:00+00:00,2025-09-11 13:30:00+00:00,24976.75,25041.25,2025-09-11 15:18:00+00:00,stop,-65.0,-65.25,64.5,-1.0116279069767442,-1.0077519379844961,1.0426356589147288,-1.1124031007751938,-130.5,25040.75,24976.0,84732,85008,24844.75,2025-09-11
A2_k2_spike_nearest,1,2025-09-12 13:30:00+00:00,2025-09-12 13:36:00+00:00,25009.0,24844.25,2025-09-12 14:03:00+00:00,target,44.5,44.0,164.75,0.26707132018209406,0.2701062215477997,0.27921092564491656,-0.04400606980273141,88.0,24844.75,25009.25,85008,85267,25053.5,2025-09-12
A2_k2_spike_nearest,1,2025-09-16 13:30:00+00:00,2025-09-16 13:30:00+00:00,25339.75,25074.75,2025-09-16 16:00:00+00:00,time,-72.0,-72.75,265.0,-0.27452830188679245,-0.27169811320754716,0.059433962264150944,-0.2971698113207547,-145.5,25075.25,25340.0,85506,85750,25366.5,2025-09-16
A2_k2_spike_nearest,-1,2025-09-17 13:30:00+00:00,2025-09-17 13:30:00+00:00,25290.75,25404.0,2025-09-17 13:33:00+00:00,target,23.5,23.0,113.25,0.20309050772626933,0.20750551876379691,0.2163355408388521,-0.08830022075055188,46.0,25403.5,25290.5,85792,86118,25267.25,2025-09-17
A2_k2_spike_nearest,1,2025-09-17 13:30:00+00:00,2025-09-17 13:34:00+00:00,25258.0,25217.0,2025-09-17 14:01:00+00:00,stop,-41.0,-41.75,41.0,-1.0182926829268293,-1.0,0.5487804878048781,-1.0731707317073171,-83.5,25217.5,25258.25,86066,86108,25290.5,2025-09-17
A2_k2_spike_nearest,-1,2025-09-18 13:30:00+00:00,2025-09-18 13:32:00+00:00,25450.75,25523.0,2025-09-18 13:40:00+00:00,target,43.75,43.25,72.25,0.5986159169550173,0.6055363321799307,0.7577854671280276,-0.2664359861591695,86.5,25522.5,25450.5,86388,86397,25407.0,2025-09-18
A2_k2_spike_nearest,1,2025-09-18 13:30:00+00:00,2025-09-18 13:45:00+00:00,25375.75,25002.75,2025-09-18 14:18:00+00:00,target,146.75,146.25,373.0,0.3920911528150134,0.39343163538873993,0.4054959785522788,-0.054959785522788206,292.5,25003.25,25376.0,86188,86327,25522.5,2025-09-18
A2_k2_spike_nearest,-1,2025-09-19 13:30:00+00:00,2025-09-19 13:49:00+00:00,25553.5,25572.75,2025-09-19 15:06:00+00:00,target,63.0,62.5,19.25,3.2467532467532467,3.272727272727273,3.4025974025974026,-0.987012987012987,125.0,25572.25,25553.25,86422,86443,25490.5,2025-09-19
A2_k2_spike_nearest,1,2025-09-19 13:30:00+00:00,2025-09-19 15:23:00+00:00,25476.25,25315.75,2025-09-19 16:00:00+00:00,time,51.25,50.5,160.5,0.3146417445482866,0.31931464174454827,0.37383177570093457,-0.07320872274143302,101.0,25316.25,25476.5,86243,86655,25553.25,2025-09-19
A2_k2_spike_nearest,-1,2025-09-22 13:30:00+00:00,2025-09-22 13:30:00+00:00,25587.75,25645.0,2025-09-22 14:06:00+00:00,stop,-57.25,-58.0,57.25,-1.0131004366812226,-1.0,0.29694323144104806,-1.0087336244541485,-116.0,25644.5,25587.5,86753,86874,25540.25,2025-09-22
A2_k2_spike_nearest,1,2025-09-23 13:30:00+00:00,2025-09-23 13:35:00+00:00,25739.5,25504.5,2025-09-23 16:00:00+00:00,time,-37.25,-38.0,235.0,-0.16170212765957448,-0.15851063829787235,0.05425531914893617,-0.2276595744680851,-76.0,25505.0,25739.75,86879,87216,25767.5,2025-09-23
A2_k2_spike_nearest,-1,2025-09-24 13:30:00+00:00,2025-09-24 13:30:00+00:00,25653.25,25768.0,2025-09-24 13:31:00+00:00,target,24.75,26.5,114.75,0.23093681917211328,0.21568627450980393,0.3028322440087146,-0.02178649237472767,53.0,25767.5,25653.0,87221,87487,25628.5,2025-09-24
A2_k2_spike_nearest,1,2025-09-24 13:30:00+00:00,2025-09-24 13:33:00+00:00,25589.0,25535.25,2025-09-24 15:11:00+00:00,stop,-53.75,-54.5,53.75,-1.013953488372093,-1.0,0.44651162790697674,-1.027906976744186,-109.0,25535.75,25589.25,87278,87388,25645.0,2025-09-24
A2_k2_spike_nearest,-1,2025-09-25 14:05:00+00:00,2025-09-25 14:05:00+00:00,25279.25,25670.25,2025-09-25 16:00:00+00:00,time,-154.5,-155.25,391.0,-0.39705882352941174,-0.39514066496163686,0.017902813299232736,-0.44565217391304346,-310.5,25669.75,25279.0,87462,87784,25178.5,2025-09-25
A2_k2_spike_nearest,1,2025-09-26 13:30:00+00:00,2025-09-26 13:30:00+00:00,25384.25,25178.0,2025-09-26 16:00:00+00:00,time,-46.5,-47.25,206.25,-0.2290909090909091,-0.22545454545454546,0.5115151515151515,-0.5224242424242425,-94.5,25178.5,25384.5,87782,88038,25503.75,2025-09-26
A2_k2_spike_nearest,1,2025-09-29 13:30:00+00:00,2025-09-29 13:30:00+00:00,25607.75,25276.0,2025-09-29 13:43:00+00:00,target,55.75,57.75,331.75,0.17407686510926904,0.1680482290881688,0.19517709118311982,-0.00904295403165034,115.5,25276.5,25610.5,88067,88310,25666.0,2025-09-29
A2_k2_spike_nearest,1,2025-09-29 14:20:00+00:00,2025-09-29 14:20:00+00:00,25675.75,25276.0,2025-09-29 16:00:00+00:00,time,-70.25,-71.0,399.75,-0.17761100687929957,-0.17573483427141964,0.12570356472795496,-0.22138836772983114,-142.0,25276.5,25676.0,88067,88338,25731.5,2025-09-29
A2_k2_spike_nearest,1,2025-09-30 13:30:00+00:00,2025-09-30 13:30:00+00:00,25572.0,25510.25,2025-09-30 13:37:00+00:00,stop,-61.75,-62.5,61.75,-1.0121457489878543,-1.0,0.24696356275303644,-1.1497975708502024,-125.0,25510.75,25572.25,88538,88603,25601.5,2025-09-30
A2_k2_spike_nearest,-1,2025-09-30 13:45:00+00:00,2025-09-30 14:48:00+00:00,25587.5,25626.25,2025-09-30 16:00:00+00:00,time,20.5,19.75,38.75,0.5096774193548387,0.5290322580645161,1.9483870967741936,-0.8516129032258064,39.5,25625.75,25587.25,88391,88608,25496.75,2025-09-30
A2_k2_spike_nearest,1,2025-10-01 13:30:00+00:00,2025-10-01 13:30:00+00:00,25502.25,25389.75,2025-10-01 13:31:00+00:00,target,49.0,48.5,112.5,0.4311111111111111,0.43555555555555553,0.5533333333333333,-0.02,97.0,25390.25,25502.5,88805,88869,25551.25,2025-10-01
A2_k2_spike_nearest,-1,2025-10-01 13:30:00+00:00,2025-10-01 13:32:00+00:00,25568.25,25670.75,2025-10-01 13:49:00+00:00,target,42.75,42.25,102.5,0.4121951219512195,0.4170731707317073,0.751219512195122,-0.29024390243902437,84.5,25670.25,25568.0,88684,88732,25525.5,2025-10-01
A2_k2_spike_nearest,-1,2025-10-01 13:30:00+00:00,2025-10-01 14:18:00+00:00,25600.5,25670.75,2025-10-01 15:01:00+00:00,stop,-70.25,-71.0,70.25,-1.01067615658363,-1.0,0.099644128113879,-1.092526690391459,-142.0,25670.25,25600.25,88684,88720,25525.5,2025-10-01
A2_k2_spike_nearest,1,2025-10-01 15:00:00+00:00,2025-10-01 15:20:00+00:00,25634.75,25389.75,2025-10-01 15:35:00+00:00,target,33.75,33.25,245.0,0.1357142857142857,0.1377551020408163,0.14489795918367346,-0.009183673469387756,66.5,25390.25,25635.0,88805,88899,25668.5,2025-10-01
A2_k2_spike_nearest,1,2025-10-02 13:30:00+00:00,2025-10-02 13:30:00+00:00,25905.0,25389.75,2025-10-02 16:00:00+00:00,time,-71.0,-71.75,515.25,-0.13925278990781173,-0.13779718583212033,0.039786511402231925,-0.30033964095099464,-143.5,25390.25,25905.25,88805,89151,25936.5,2025-10-02
A2_k2_spike_nearest,-1,2025-10-03 13:30:00+00:00,2025-10-03 13:31:00+00:00,25904.75,25954.0,2025-10-03 13:58:00+00:00,target,45.0,44.5,49.25,0.9035532994923858,0.9137055837563451,0.9796954314720813,-0.4619289340101523,89.0,25953.5,25904.5,89395,89420,25859.75,2025-10-03
A2_k2_spike_nearest,1,2025-10-03 13:30:00+00:00,2025-10-03 14:00:00+00:00,25853.0,25749.75,2025-10-03 15:57:00+00:00,target,50.25,49.75,103.25,0.48184019370460046,0.48668280871670705,0.5375302663438256,-0.4406779661016949,99.5,25750.25,25853.25,89178,89262,25903.25,2025-10-03
A2_k2_spike_nearest,1,2025-10-06 13:30:00+00:00,2025-10-06 13:32:00+00:00,25935.75,25679.0,2025-10-06 16:00:00+00:00,time,28.75,28.0,256.75,0.10905550146056475,0.11197663096397274,0.1450827653359299,-0.26874391431353456,56.0,25679.5,25936.0,89489,89706,25998.0,2025-10-06
A2_k2_spike_nearest,-1,2025-10-07 13:50:00+00:00,2025-10-07 13:55:00+00:00,26019.75,26031.75,2025-10-07 14:03:00+00:00,target,46.25,45.75,12.0,3.8125,3.8541666666666665,4.145833333333333,-0.1875,91.5,26031.25,26019.5,89983,89989,25973.5,2025-10-07
A2_k2_spike_nearest,1,2025-10-07 14:15:00+00:00,2025-10-07 14:27:00+00:00,25969.75,25801.0,2025-10-07 15:32:00+00:00,stop,-168.75,-169.5,168.75,-1.0044444444444445,-1.0,0.10666666666666667,-1.002962962962963,-339.0,25801.5,25970.0,89642,89994,26022.0,2025-10-07
A2_k2_spike_nearest,-1,2025-10-08 13:30:00+00:00,2025-10-08 13:30:00+00:00,25849.75,26031.75,2025-10-08 16:00:00+00:00,time,-161.5,-162.25,182.0,-0.8914835164835165,-0.8873626373626373,0.10989010989010989,-0.9217032967032966,-324.5,26031.25,25849.5,89983,90244,25811.75,2025-10-08
A2_k2_spike_nearest,1,2025-10-09 13:30:00+00:00,2025-10-09 13:30:00+00:00,26066.75,25782.25,2025-10-09 13:31:00+00:00,target,24.25,23.75,284.5,0.08347978910369068,0.0852372583479789,0.08611599297012303,-0.014938488576449912,47.5,25782.75,26067.0,90182,90524,26091.0,2025-10-09
A2_k2_spike_nearest,1,2025-10-09 13:30:00+00:00,2025-10-09 13:33:00+00:00,26060.0,25782.25,2025-10-09 16:00:00+00:00,time,-40.25,-41.0,277.75,-0.1476147614761476,-0.14491449144914492,0.048604860486048604,-0.39603960396039606,-82.0,25782.75,26060.25,90182,90505,26091.0,2025-10-09
A2_k2_spike_nearest,-1,2025-10-10 13:30:00+00:00,2025-10-10 13:30:00+00:00,26070.75,26126.75,2025-10-10 13:37:00+00:00,stop,-56.0,-56.75,56.0,-1.0133928571428572,-1.0,0.36607142857142855,-1.0401785714285714,-113.5,26126.25,26070.5,90390,90810,26045.0,2025-10-10
A2_k2_spike_nearest,1,2025-10-10 14:15:00+00:00,2025-10-10 14:16:00+00:00,26069.75,25916.75,2025-10-10 14:59:00+00:00,stop,-153.0,-153.75,153.0,-1.0049019607843137,-1.0,0.30392156862745096,-1.2107843137254901,-307.5,25917.25,26070.0,90589,90822,26127.75,2025-10-10
A2_k2_spike_nearest,1,2025-10-13 13:30:00+00:00,2025-10-13 13:34:00+00:00,25523.5,24913.75,2025-10-13 13:59:00+00:00,target,122.0,121.5,609.75,0.1992619926199262,0.2000820008200082,0.2070520705207052,-0.06970069700697007,243.0,24914.25,25523.75,90905,91074,25645.5,2025-10-13
A2_k2_spike_nearest,-1,2025-10-13 13:30:00+00:00,2025-10-13 14:05:00+00:00,25665.75,26145.0,2025-10-13 14:51:00+00:00,target,128.5,128.0,479.25,0.26708398539384454,0.2681272822117893,0.2733437663015128,-0.009389671361502348,256.0,26144.5,25665.5,90819,91027,25537.25,2025-10-13
A2_k2_spike_nearest,-1,2025-10-14 13:30:00+00:00,2025-10-14 14:20:00+00:00,25413.25,25778.25,2025-10-14 16:00:00+00:00,time,-148.0,-148.75,365.0,-0.4075342465753425,-0.4054794520547945,0.08835616438356164,-0.49726027397260275,-297.5,25777.75,25413.0,91230,91363,25311.75,2025-10-14
A2_k2_spike_nearest,1,2025-10-15 13:30:00+00:00,2025-10-15 13:30:00+00:00,25739.5,25179.25,2025-10-15 14:00:00+00:00,target,42.25,41.75,560.25,0.07452030343596609,0.07541276215975011,0.09147701918786257,-0.1535029004908523,83.5,25179.75,25739.75,91371,91632,25781.75,2025-10-15
A2_k2_spike_nearest,1,2025-10-15 15:05:00+00:00,2025-10-15 15:11:00+00:00,25831.25,25179.25,2025-10-15 16:00:00+00:00,time,-140.25,-141.0,652.0,-0.21625766871165644,-0.2151073619631902,0.021088957055214724,-0.3040644171779141,-282.0,25179.75,25831.5,91371,91660,25874.25,2025-10-15
A2_k2_spike_nearest,-1,2025-10-16 13:30:00+00:00,2025-10-16 13:31:00+00:00,25843.75,25874.75,2025-10-16 13:45:00+00:00,stop,-31.0,-31.75,31.0,-1.0241935483870968,-1.0,1.653225806451613,-1.185483870967742,-63.5,25874.25,25843.5,91655,91917,25777.25,2025-10-16
A2_k2_spike_nearest,1,2025-10-16 13:30:00+00:00,2025-10-16 14:12:00+00:00,25777.0,25419.5,2025-10-16 14:23:00+00:00,target,92.5,92.0,357.5,0.2573426573426573,0.25874125874125875,0.26083916083916087,-0.019580419580419582,184.0,25420.0,25777.25,91689,91908,25869.5,2025-10-16
A2_k2_spike_nearest,-1,2025-10-16 14:35:00+00:00,2025-10-16 14:35:00+00:00,25870.5,25882.5,2025-10-16 14:36:00+00:00,stop,-12.0,-12.75,12.0,-1.0625,-1.0,0.8541666666666666,-1.875,-25.5,25882.0,25870.25,91923,91930,25770.0,2025-10-16
A2_k2_spike_nearest,1,2025-10-16 15:20:00+00:00,2025-10-16 15:25:00+00:00,25830.25,25419.5,2025-10-16 16:00:00+00:00,time,-101.5,-102.25,410.75,-0.248934875228241,-0.24710894704808278,0.033475349969567865,-0.32501521606816797,-204.5,25420.0,25830.5,91689,91939,25936.25,2025-10-16
A2_k2_spike_nearest,1,2025-10-17 13:30:00+00:00,2025-10-17 13:30:00+00:00,25474.0,25238.5,2025-10-17 13:34:00+00:00,target,56.5,56.0,235.5,0.23779193205944799,0.23991507430997877,0.3205944798301486,-0.07537154989384288,112.0,25239.0,25474.25,92159,92193,25530.5,2025-10-17
A2_k2_spike_nearest,-1,2025-10-17 13:30:00+00:00,2025-10-17 13:35:00+00:00,25553.25,25936.75,2025-10-17 16:00:00+00:00,time,-52.75,-53.5,383.5,-0.1395045632333768,-0.13754889178617993,0.3246414602346806,-0.4276401564537158,-107.0,25936.25,25553.0,91935,92185,25425.75,2025-10-17
A2_k2_spike_nearest,1,2025-10-21 13:30:00+00:00,2025-10-21 13:31:00+00:00,26028.75,25712.0,2025-10-21 15:47:00+00:00,target,38.75,38.25,316.75,0.12075769534333071,0.122336227308603,0.13180741910023677,-0.21862667719021311,76.5,25712.5,26029.0,92314,92744,26067.5,2025-10-21
A2_k2_spike_nearest,1,2025-10-22 13:30:00+00:00,2025-10-22 13:30:00+00:00,25999.0,25959.0,2025-10-22 13:33:00+00:00,stop,-40.0,-40.75,40.0,-1.01875,-1.0,0.725,-1.225,-81.5,25959.5,25999.25,92760,93012,26062.5,2025-10-22
A2_k2_spike_nearest,-1,2025-10-22 13:30:00+00:00,2025-10-22 13:54:00+00:00,26035.25,26104.5,2025-10-22 14:02:00+00:00,target,28.5,28.0,69.25,0.4043321299638989,0.41155234657039713,0.5884476534296029,-0.1552346570397112,56.0,26104.0,26035.0,92788,93021,26006.75,2025-10-22
A2_k2_spike_nearest,-1,2025-10-23 13:30:00+00:00,2025-10-23 13:30:00+00:00,25776.5,26095.5,2025-10-23 16:00:00+00:00,time,-174.75,-175.5,319.0,-0.5501567398119123,-0.5478056426332288,0.06661442006269593,-0.6159874608150471,-351.0,26095.0,25776.25,92943,93275,25696.75,2025-10-23
A2_k2_spike_nearest,1,2025-10-24 13:30:00+00:00,2025-10-24 13:30:00+00:00,26203.0,25875.5,2025-10-24 13:37:00+00:00,target,76.0,75.5,327.5,0.23053435114503817,0.23206106870229007,0.25419847328244277,-0.050381679389312976,151.0,25876.0,26203.25,93326,93569,26279.0,2025-10-24
A2_k2_spike_nearest,1,2025-10-24 14:05:00+00:00,2025-10-24 14:54:00+00:00,26220.25,25875.5,2025-10-24 16:00:00+00:00,time,59.0,58.25,344.75,0.16896301667875271,0.17113850616388687,0.24147933284989123,-0.09064539521392313,116.5,25876.0,26220.5,93326,93580,26307.0,2025-10-24
A2_k2_spike_nearest,-1,2025-10-27 13:30:00+00:00,2025-10-27 13:30:00+00:00,26599.5,26603.0,2025-10-27 13:30:00+00:00,stop,-3.5,-4.25,3.5,-1.2142857142857142,-1.0,8.428571428571429,-3.7142857142857144,-8.5,26602.5,26599.25,93838,93848,26567.75,2025-10-27
A2_k2_spike_nearest,1,2025-10-27 13:30:00+00:00,2025-10-27 13:35:00+00:00,26567.5,26040.25,2025-10-27 13:41:00+00:00,target,31.75,31.25,527.25,0.05926979611190138,0.0602181128496918,0.06827880512091039,-0.02797534376481745,62.5,26040.75,26567.75,93416,93832,26599.25,2025-10-27
A2_k2_spike_nearest,1,2025-10-28 13:45:00+00:00,2025-10-28 13:52:00+00:00,26790.5,26463.5,2025-10-28 16:00:00+00:00,time,26.25,25.5,327.0,0.0779816513761468,0.08027522935779817,0.1712538226299694,-0.0856269113149847,51.0,26464.0,26790.75,93690,94126,26850.5,2025-10-28
A2_k2_spike_nearest,1,2025-10-29 14:25:00+00:00,2025-10-29 14:49:00+00:00,27018.0,26698.25,2025-10-29 16:00:00+00:00,time,-23.75,-24.5,319.75,-0.0766223612197029,-0.07427677873338545,0.06645817044566067,-0.1352619233776388,-49.0,26698.75,27018.25,94064,94412,27083.0,2025-10-29
A2_k2_spike_nearest,1,2025-10-30 13:30:00+00:00,2025-10-30 13:30:00+00:00,26835.0,26803.5,2025-10-30 13:34:00+00:00,stop,-31.5,-32.25,31.5,-1.0238095238095237,-1.0,1.5555555555555556,-1.126984126984127,-64.5,26804.0,26835.25,94466,94674,26888.75,2025-10-30
A2_k2_spike_nearest,-1,2025-10-30 13:30:00+00:00,2025-10-30 13:54:00+00:00,26889.0,27156.5,2025-10-30 14:10:00+00:00,target,53.75,53.25,267.5,0.19906542056074766,0.20093457943925233,0.24018691588785046,-0.17570093457943925,106.5,27156.0,26888.75,94563,94676,26835.25,2025-10-30
A2_k2_spike_nearest,1,2025-10-30 14:35:00+00:00,2025-10-30 14:52:00+00:00,26763.0,26697.5,2025-10-30 16:00:00+00:00,time,-15.0,-15.75,65.5,-0.24045801526717558,-0.22900763358778625,1.083969465648855,-0.6030534351145038,-31.5,26698.0,26763.25,94682,94690,26936.0,2025-10-30
A2_k2_spike_nearest,1,2025-10-31 13:30:00+00:00,2025-10-31 13:30:00+00:00,26947.25,26609.0,2025-10-31 16:00:00+00:00,time,-138.75,-139.5,338.25,-0.4124168514412417,-0.41019955654101997,0.025868440502586843,-0.516629711751663,-279.0,26609.5,26947.5,94758,94952,27029.5,2025-10-31
A2_k2_spike_nearest,-1,2025-11-03 14:30:00+00:00,2025-11-03 14:30:00+00:00,27009.5,27030.0,2025-11-03 14:50:00+00:00,target,112.5,112.0,20.5,5.463414634146342,5.487804878048781,5.951219512195122,-0.6219512195121951,224.0,27029.5,27009.25,94942,95226,26897.0,2025-11-03
A2_k2_spike_nearest,1,2025-11-03 14:30:00+00:00,2025-11-03 14:51:00+00:00,26880.0,26643.75,2025-11-03 17:00:00+00:00,time,-4.25,-5.0,236.25,-0.021164021164021163,-0.01798941798941799,0.14179894179894179,-0.4687830687830688,-10.0,26644.25,26880.25,95005,95178,27009.25,2025-11-03
A2_k2_spike_nearest,-1,2025-11-04 14:30:00+00:00,2025-11-04 14:31:00+00:00,26508.25,27022.75,2025-11-04 14:33:00+00:00,target,68.5,68.0,514.5,0.13216715257531583,0.13313896987366375,0.1554907677356657,-0.01020408163265306,136.0,27022.25,26508.0,95232,95505,26439.75,2025-11-04
A2_k2_spike_nearest,-1,2025-11-04 14:30:00+00:00,2025-11-04 14:44:00+00:00,26533.0,27022.75,2025-11-04 17:00:00+00:00,time,20.0,19.25,489.75,0.039305768249106685,0.0408371618172537,0.10872894333843798,-0.23940786115364981,38.5,27022.25,26532.75,95232,95488,26439.75,2025-11-04
A2_k2_spike_nearest,1,2025-11-05 14:30:00+00:00,2025-11-05 14:34:00+00:00,26264.5,26159.75,2025-11-05 14:47:00+00:00,target,87.75,87.25,104.75,0.8329355608591885,0.837708830548926,0.8926014319809069,-0.19331742243436753,174.5,26160.25,26264.75,95742,95768,26352.25,2025-11-05
A2_k2_spike_nearest,-1,2025-11-05 14:30:00+00:00,2025-11-05 14:53:00+00:00,26399.75,26787.75,2025-11-05 17:00:00+00:00,time,-130.75,-131.5,388.0,-0.3389175257731959,-0.33698453608247425,0.06378865979381443,-0.3756443298969072,-263.0,26787.25,26399.5,95351,95583,26264.75,2025-11-05
A2_k2_spike_nearest,1,2025-11-06 14:30:00+00:00,2025-11-06 14:35:00+00:00,26384.5,26159.75,2025-11-06 15:36:00+00:00,stop,-224.75,-225.5,224.75,-1.003337041156841,-1.0,0.20022246941045607,-1.0978865406006675,-451.0,26160.25,26384.75,95742,95985,26580.25,2025-11-06
A2_k2_spike_nearest,1,2025-11-07 14:30:00+00:00,2025-11-07 14:30:00+00:00,25822.75,25818.0,2025-11-07 14:30:00+00:00,stop,-4.75,-5.5,4.75,-1.1578947368421053,-1.0,9.526315789473685,-4.368421052631579,-11.0,25818.5,25823.0,96316,96326,25880.75,2025-11-07
A2_k2_spike_nearest,1,2025-11-10 15:40:00+00:00,2025-11-10 15:47:00+00:00,26366.75,25465.0,2025-11-10 17:00:00+00:00,time,-88.75,-89.5,901.75,-0.09925145550318824,-0.09841973939561963,0.0199611865816468,-0.1752148599944552,-179.0,25465.5,26367.0,96367,96621,26423.0,2025-11-10
A2_k2_spike_nearest,-1,2025-11-11 14:30:00+00:00,2025-11-11 14:37:00+00:00,26402.0,26525.75,2025-11-11 14:50:00+00:00,target,73.0,72.5,123.75,0.5858585858585859,0.5898989898989899,0.6868686868686869,-0.00404040404040404,145.0,26525.25,26401.75,96714,96848,26329.0,2025-11-11
A2_k2_spike_nearest,1,2025-11-11 15:05:00+00:00,2025-11-11 15:06:00+00:00,26316.75,26024.75,2025-11-11 17:00:00+00:00,time,-50.0,-50.75,292.0,-0.1738013698630137,-0.17123287671232876,0.1284246575342466,-0.2799657534246575,-101.5,26025.25,26317.0,96439,96892,26402.5,2025-11-11
A2_k2_spike_nearest,1,2025-11-12 14:30:00+00:00,2025-11-12 14:30:00+00:00,26525.25,26234.5,2025-11-12 17:00:00+00:00,time,-236.5,-237.25,290.75,-0.8159931212381771,-0.8134135855546002,0.040412725709372314,-0.9630266552020637,-474.5,26235.0,26525.5,96912,97143,26566.25,2025-11-12
A2_k2_spike_nearest,-1,2025-11-14 14:45:00+00:00,2025-11-14 15:27:00+00:00,25751.0,26478.75,2025-11-14 17:00:00+00:00,time,-253.25,-254.0,727.75,-0.3490209549982824,-0.34799038131226384,0.05290278254895225,-0.3758158708347647,-508.0,26478.25,25750.75,97356,97669,25382.5,2025-11-14
A2_k2_spike_nearest,-1,2025-11-17 14:30:00+00:00,2025-11-17 14:33:00+00:00,25836.5,26119.0,2025-11-17 16:06:00+00:00,target,65.25,64.75,282.5,0.22920353982300884,0.23097345132743363,0.24778761061946902,-0.6185840707964602,129.5,26118.5,25836.25,97925,97985,25771.25,2025-11-17
A2_k2_spike_nearest,1,2025-11-18 14:30:00+00:00,2025-11-18 14:30:00+00:00,25462.75,25359.75,2025-11-18 14:32:00+00:00,target,60.25,59.75,103.0,0.5800970873786407,0.5849514563106796,0.8883495145631068,-0.4053398058252427,119.5,25360.25,25463.0,98179,98254,25523.0,2025-11-18
A2_k2_spike_nearest,-1,2025-11-18 14:30:00+00:00,2025-11-18 14:33:00+00:00,25572.75,26119.0,2025-11-18 14:41:00+00:00,target,109.75,109.25,546.25,0.2,0.20091533180778032,0.22562929061784898,-0.028832951945080093,218.5,26118.5,25572.5,97925,98230,25463.0,2025-11-18
A2_k2_spike_nearest,1,2025-11-18 14:30:00+00:00,2025-11-18 14:43:00+00:00,25415.5,25359.75,2025-11-18 14:50:00+00:00,stop,-55.75,-56.5,55.75,-1.0134529147982063,-1.0,1.4260089686098654,-1.1524663677130045,-113.0,25360.25,25415.75,98179,98249,25523.0,2025-11-18
A2_k2_spike_nearest,-1,2025-11-18 15:35:00+00:00,2025-11-18 16:25:00+00:00,25367.0,26119.0,2025-11-18 17:00:00+00:00,time,-43.0,-43.75,752.0,-0.0581781914893617,-0.057180851063829786,0.030585106382978722,-0.11602393617021277,-87.5,26118.5,25366.75,97925,98278,25186.5,2025-11-18
A2_k2_spike_nearest,1,2025-11-19 14:30:00+00:00,2025-11-19 14:30:00+00:00,25367.25,25136.0,2025-11-19 14:36:00+00:00,target,61.5,66.75,231.25,0.28864864864864864,0.26594594594594595,0.3481081081081081,-0.1643243243243243,133.5,25136.5,25373.25,98286,98485,25434.5,2025-11-19
A2_k2_spike_nearest,-1,2025-11-19 14:30:00+00:00,2025-11-19 14:42:00+00:00,25466.5,25716.75,2025-11-19 15:15:00+00:00,stop,-250.25,-251.0,250.25,-1.002997002997003,-1.0,0.04595404595404595,-1.054945054945055,-502.0,25716.25,25466.25,98115,98532,25373.25,2025-11-19
A2_k2_spike_nearest,1,2025-11-20 14:30:00+00:00,2025-11-20 14:30:00+00:00,25955.25,25202.5,2025-11-20 14:48:00+00:00,target,66.25,65.75,752.75,0.087346396545998,0.08801062769843905,0.09199601461308535,-0.07140484888741282,131.5,25203.0,25955.5,98439,98816,26021.5,2025-11-20
A2_k2_spike_nearest,1,2025-11-20 14:30:00+00:00,2025-11-20 16:00:00+00:00,25875.25,25202.5,2025-11-20 17:00:00+00:00,time,-565.0,-565.75,672.75,-0.8409513192121888,-0.839836492010405,0.0694908955778521,-0.9022668153102936,-1131.5,25203.0,25875.5,98439,98807,26021.5,2025-11-20
A2_k2_spike_nearest,-1,2025-11-21 14:30:00+00:00,2025-11-21 14:30:00+00:00,25034.75,26067.0,2025-11-21 14:45:00+00:00,target,134.25,133.75,1032.25,0.1295713247759748,0.13005570356018406,0.13054008234439332,-0.0016953257447323807,267.5,26066.5,25034.5,98833,99086,24900.5,2025-11-21
A2_k2_spike_nearest,-1,2025-11-21 14:30:00+00:00,2025-11-21 14:54:00+00:00,25048.5,26067.0,2025-11-21 15:01:00+00:00,target,148.0,147.5,1018.5,0.14482081492390772,0.14531173294059893,0.16764850270004908,-0.006136475208640157,295.0,26066.5,25048.25,98833,99082,24900.5,2025-11-21
A2_k2_spike_nearest,1,2025-11-21 15:00:00+00:00,2025-11-21 15:02:00+00:00,24857.25,24708.5,2025-11-21 15:36:00+00:00,stop,-148.75,-149.5,148.75,-1.0050420168067227,-1.0,0.8302521008403362,-1.0554621848739496,-299.0,24709.0,24857.5,99070,99099,25104.75,2025-11-21
A2_k2_spike_nearest,-1,2025-11-21 16:00:00+00:00,2025-11-21 16:22:00+00:00,24862.75,26067.0,2025-11-21 17:00:00+00:00,time,-265.75,-266.5,1204.25,-0.2212995640440108,-0.22067676977371808,0.015362258667220262,-0.23022628191820635,-533.0,26066.5,24862.5,98833,99111,24683.75,2025-11-21
A2_k2_spike_nearest,1,2025-11-25 14:30:00+00:00,2025-11-25 14:30:00+00:00,25578.0,25117.25,2025-11-25 17:00:00+00:00,time,78.0,77.25,460.75,0.16766142159522518,0.16928920238741182,0.2224633749321758,-0.47639717851329355,154.5,25117.75,25578.25,99325,99588,25673.25,2025-11-25
A2_k2_spike_nearest,-1,2025-11-26 14:30:00+00:00,2025-11-26 14:30:00+00:00,25981.5,25993.0,2025-11-26 14:30:00+00:00,stop,-11.5,-12.25,11.5,-1.065217391304348,-1.0,1.4782608695652173,-1.673913043478261,-24.5,25992.5,25981.25,99841,99850,25933.5,2025-11-26
A2_k2_spike_nearest,1,2025-11-26 14:50:00+00:00,2025-11-26 14:58:00+00:00,25945.5,25358.0,2025-11-26 15:59:00+00:00,target,82.0,81.5,587.5,0.13872340425531915,0.13957446808510637,0.14042553191489363,-0.09234042553191489,163.0,25358.5,25945.75,99652,99925,26027.5,2025-11-26
A2_k2_spike_nearest,-1,2025-11-27 14:30:00+00:00,2025-11-27 14:31:00+00:00,26072.25,26118.0,2025-11-27 14:40:00+00:00,target,27.0,26.5,45.75,0.5792349726775956,0.5901639344262295,0.6284153005464481,-0.04918032786885246,53.0,26117.5,26072.0,99971,100171,26045.25,2025-11-27
A2_k2_spike_nearest,1,2025-11-27 15:50:00+00:00,2025-11-27 16:03:00+00:00,26046.25,25874.75,2025-11-27 17:00:00+00:00,time,6.75,6.0,171.5,0.03498542274052478,0.03935860058309038,0.08600583090379009,-0.023323615160349854,12.0,25875.25,26046.5,99897,100213,26074.5,2025-11-27
A2_k2_spike_nearest,-1,2025-11-28 14:30:00+00:00,2025-11-28 14:32:00+00:00,26144.75,26177.0,2025-11-28 14:37:00+00:00,stop,-32.25,-33.0,32.25,-1.0232558139534884,-1.0,0.751937984496124,-1.0310077519379846,-66.0,26176.5,26144.5,100287,100294,26092.25,2025-11-28
A2_k2_spike_nearest,1,2025-11-28 14:30:00+00:00,2025-11-28 14:41:00+00:00,26087.25,26041.75,2025-11-28 14:49:00+00:00,target,57.25,56.75,45.5,1.2472527472527473,1.2582417582417582,1.4175824175824177,-0.027472527472527472,113.5,26042.25,26087.5,100218,100263,26144.5,2025-11-28
A2_k2_spike_nearest,-1,2025-11-28 15:05:00+00:00,2025-11-28 15:21:00+00:00,26155.75,26178.5,2025-11-28 16:06:00+00:00,stop,-22.75,-23.5,22.75,-1.032967032967033,-1.0,1.879120879120879,-1.2857142857142858,-47.0,26178.0,26155.5,100300,100303,26086.0,2025-11-28
A2_k2_spike_nearest,1,2025-12-01 14:30:00+00:00,2025-12-01 14:32:00+00:00,25991.0,25966.75,2025-12-01 14:37:00+00:00,target,73.0,72.5,24.25,2.9896907216494846,3.0103092783505154,3.4123711340206184,-0.020618556701030927,145.0,25967.25,25991.25,100510,100518,26064.0,2025-12-01
A2_k2_spike_nearest,-1,2025-12-01 14:30:00+00:00,2025-12-01 14:48:00+00:00,26076.5,26299.25,2025-12-01 17:00:00+00:00,time,-114.75,-115.5,222.75,-0.5185185185185185,-0.5151515151515151,0.24130190796857465,-0.5869809203142536,-231.0,26298.75,26076.25,100344,100491,25991.25,2025-12-01
A2_k2_spike_nearest,1,2025-12-02 14:30:00+00:00,2025-12-02 14:30:00+00:00,26237.25,25965.0,2025-12-02 14:33:00+00:00,target,42.25,41.75,272.25,0.15335169880624427,0.155188246097337,0.16988062442607896,-0.03489439853076217,83.5,25965.5,26237.5,100532,100798,26279.5,2025-12-02
A2_k2_spike_nearest,1,2025-12-02 15:20:00+00:00,2025-12-02 15:30:00+00:00,26318.25,25965.0,2025-12-02 15:50:00+00:00,target,92.5,92.0,353.25,0.26043878273177634,0.2618542108987969,0.2922859164897382,-0.09554140127388536,184.0,25965.5,26318.5,100532,100810,26410.75,2025-12-02
A2_k2_spike_nearest,1,2025-12-02 15:45:00+00:00,2025-12-02 16:14:00+00:00,26284.25,25965.0,2025-12-02 17:00:00+00:00,time,-18.5,-19.25,319.25,-0.060297572435395456,-0.05794831636648395,0.08144087705559906,-0.3570869224745497,-38.5,25965.5,26284.5,100532,100818,26403.75,2025-12-02
A2_k2_spike_nearest,1,2025-12-03 14:50:00+00:00,2025-12-03 14:53:00+00:00,26207.75,26080.0,2025-12-03 15:02:00+00:00,target,86.75,86.25,127.75,0.675146771037182,0.6790606653620352,0.7964774951076321,-0.16634050880626222,172.5,26080.5,26208.0,100730,101083,26294.5,2025-12-03
A2_k2_spike_nearest,-1,2025-12-03 15:20:00+00:00,2025-12-03 15:33:00+00:00,26331.0,26435.5,2025-12-03 17:00:00+00:00,time,13.75,13.0,104.5,0.12440191387559808,0.13157894736842105,0.5334928229665071,-0.46411483253588515,26.0,26435.0,26330.75,100971,101089,26186.5,2025-12-03
A2_k2_spike_nearest,1,2025-12-04 14:30:00+00:00,2025-12-04 14:33:00+00:00,26374.75,26176.75,2025-12-04 17:00:00+00:00,time,23.5,22.75,198.0,0.1148989898989899,0.11868686868686869,0.26136363636363635,-0.5707070707070707,45.5,26177.25,26375.0,101078,101350,26489.0,2025-12-04
A2_k2_spike_nearest,-1,2025-12-05 14:30:00+00:00,2025-12-05 14:30:00+00:00,26492.75,26512.5,2025-12-05 14:31:00+00:00,stop,-19.75,-20.5,19.75,-1.0379746835443038,-1.0,3.0253164556962027,-1.860759493670886,-41.0,26512.0,26492.5,101560,101569,26335.5,2025-12-05
A2_k2_spike_nearest,1,2025-12-05 15:40:00+00:00,2025-12-05 15:40:00+00:00,26583.25,26243.0,2025-12-05 17:00:00+00:00,time,-97.0,-97.75,340.25,-0.2872887582659809,-0.28508449669360764,0.0440852314474651,-0.5165319617927994,-195.5,26243.5,26583.5,101416,101645,26624.25,2025-12-05
A2_k2_spike_nearest,-1,2025-12-08 14:30:00+00:00,2025-12-08 14:30:00+00:00,26580.75,26590.0,2025-12-08 14:31:00+00:00,stop,-9.25,-10.0,9.25,-1.0810810810810811,-1.0,4.972972972972973,-3.0,-20.0,26589.5,26580.5,101896,101904,26541.25,2025-12-08
A2_k2_spike_nearest,1,2025-12-08 14:30:00+00:00,2025-12-08 14:48:00+00:00,26499.75,26335.0,2025-12-08 17:00:00+00:00,time,-103.25,-104.0,164.75,-0.6312594840667678,-0.6267071320182094,0.25948406676783003,-0.7723823975720789,-208.0,26335.5,26500.0,101626,101751,26580.5,2025-12-08
A2_k2_spike_nearest,-1,2025-12-09 14:30:00+00:00,2025-12-09 14:30:00+00:00,26382.25,26617.75,2025-12-09 14:31:00+00:00,target,35.75,35.25,235.5,0.14968152866242038,0.15180467091295116,0.2505307855626327,-0.05626326963906582,70.5,26617.25,26382.0,101910,102180,26346.5,2025-12-09
A2_k2_spike_nearest,-1,2025-12-09 14:30:00+00:00,2025-12-09 14:39:00+00:00,26396.0,26617.75,2025-12-09 17:00:00+00:00,time,-69.0,-69.75,221.75,-0.314543404735062,-0.3111612175873732,0.19729425028184894,-0.3438556933483653,-139.5,26617.25,26395.75,101910,102177,26346.5,2025-12-09
A2_k2_spike_nearest,1,2025-12-10 14:30:00+00:00,2025-12-10 14:31:00+00:00,26383.75,26316.0,2025-12-10 15:55:00+00:00,stop,-67.75,-68.5,67.75,-1.011070110701107,-1.0,0.6752767527675276,-1.136531365313653,-137.0,26316.5,26384.0,102186,102440,26444.5,2025-12-10
A2_k2_spike_nearest,1,2025-12-11 14:30:00+00:00,2025-12-11 14:30:00+00:00,26345.25,26226.5,2025-12-11 14:50:00+00:00,stop,-118.75,-119.5,118.75,-1.0063157894736843,-1.0,0.5136842105263157,-1.1073684210526316,-239.0,26227.0,26345.5,102641,102691,26441.0,2025-12-11
A2_k2_spike_nearest,1,2025-12-12 14:30:00+00:00,2025-12-12 14:30:00+00:00,26288.5,26146.25,2025-12-12 15:24:00+00:00,stop,-142.25,-143.0,142.25,-1.0052724077328647,-1.0,0.6221441124780316,-1.1282952548330405,-286.0,26146.75,26288.75,102744,102982,26389.0,2025-12-12
A2_k2_spike_nearest,-1,2025-12-15 14:30:00+00:00,2025-12-15 14:30:00+00:00,26164.5,26461.5,2025-12-15 14:34:00+00:00,target,65.5,71.25,297.0,0.2398989898989899,0.22053872053872053,0.3148148148148148,-0.006734006734006734,142.5,26461.0,26158.0,102917,103029,26092.75,2025-12-15
A2_k2_spike_nearest,1,2025-12-15 14:30:00+00:00,2025-12-15 14:45:00+00:00,26030.25,25873.75,2025-12-15 15:24:00+00:00,stop,-156.5,-157.25,156.5,-1.0047923322683705,-1.0,0.23482428115015974,-1.2507987220447285,-314.5,25874.25,26030.5,103039,103224,26158.0,2025-12-15
A2_k2_spike_nearest,-1,2025-12-15 16:00:00+00:00,2025-12-15 16:15:00+00:00,25954.0,26461.5,2025-12-15 17:00:00+00:00,time,34.0,33.25,507.5,0.06551724137931035,0.06699507389162561,0.15517241379310345,-0.13645320197044336,66.5,26461.0,25953.75,102917,103305,25791.0,2025-12-15
A2_k2_spike_nearest,1,2025-12-16 14:30:00+00:00,2025-12-16 14:30:00+00:00,25730.0,25582.0,2025-12-16 14:51:00+00:00,target,161.5,161.0,148.0,1.087837837837838,1.0912162162162162,1.179054054054054,-0.08783783783783784,322.0,25582.5,25730.25,103484,103519,25891.5,2025-12-16
A2_k2_spike_nearest,-1,2025-12-16 14:30:00+00:00,2025-12-16 15:00:00+00:00,25914.25,26167.0,2025-12-16 15:25:00+00:00,target,177.25,176.75,252.75,0.6993076162215628,0.7012858555885262,0.8120672601384767,-0.026706231454005934,353.5,26166.5,25914.0,103290,103358,25737.0,2025-12-16
A2_k2_spike_nearest,-1,2025-12-16 15:45:00+00:00,2025-12-16 15:46:00+00:00,25804.0,26167.0,2025-12-16 17:00:00+00:00,time,-44.75,-45.5,363.0,-0.12534435261707988,-0.12327823691460055,0.21212121212121213,-0.14738292011019283,-91.0,26166.5,25803.75,103290,103578,25693.0,2025-12-16
A2_k2_spike_nearest,1,2025-12-17 14:30:00+00:00,2025-12-17 14:30:00+00:00,25937.75,25582.0,2025-12-17 15:55:00+00:00,stop,-356.25,-356.5,355.75,-1.0021082220660575,-1.0014054813773718,0.06886858749121574,-1.028109627547435,-713.0,25582.5,25938.5,103484,103832,26008.5,2025-12-17
A2_k2_spike_nearest,-1,2025-12-18 14:30:00+00:00,2025-12-18 14:30:00+00:00,25806.5,26023.0,2025-12-18 14:39:00+00:00,target,61.0,65.25,216.5,0.30138568129330257,0.2817551963048499,0.41916859122401845,-0.23325635103926096,130.5,26022.5,25801.5,103822,104114,25740.75,2025-12-18
A2_k2_spike_nearest,-1,2025-12-18 15:15:00+00:00,2025-12-18 15:26:00+00:00,25828.75,26023.0,2025-12-18 17:00:00+00:00,time,-85.25,-86.0,194.25,-0.44272844272844275,-0.43886743886743884,0.09523809523809523,-0.5958815958815958,-172.0,26022.5,25828.5,103822,104124,25688.25,2025-12-18
A2_k2_spike_nearest,-1,2025-12-19 14:30:00+00:00,2025-12-19 14:30:00+00:00,25921.25,25945.0,2025-12-19 14:31:00+00:00,stop,-23.75,-24.5,23.75,-1.0315789473684212,-1.0,1.5789473684210527,-1.5368421052631578,-49.0,25944.5,25921.0,104138,104334,25825.75,2025-12-19
A2_k2_spike_nearest,1,2025-12-19 15:15:00+00:00,2025-12-19 15:15:00+00:00,26051.25,25429.5,2025-12-19 17:00:00+00:00,time,-18.25,-19.0,621.75,-0.0305589063128267,-0.029352633695215118,0.06634499396863691,-0.10293526336952151,-38.0,25430.0,26051.5,103983,104399,26128.5,2025-12-19
A2_k2_spike_nearest,1,2025-12-22 14:55:00+00:00,2025-12-22 15:31:00+00:00,26198.25,25738.75,2025-12-22 17:00:00+00:00,time,44.0,43.25,459.5,0.0941240478781284,0.0957562568008705,0.11371055495103373,-0.0897714907508161,86.5,25739.25,26198.5,104238,104672,26322.5,2025-12-22
A2_k2_spike_nearest,-1,2025-12-23 14:30:00+00:00,2025-12-23 14:30:00+00:00,26239.0,26266.5,2025-12-23 14:45:00+00:00,stop,-27.5,-28.25,27.5,-1.0272727272727273,-1.0,2.672727272727273,-1.0545454545454545,-56.5,26266.0,26238.75,104799,104900,26136.5,2025-12-23
A2_k2_spike_nearest,-1,2025-12-23 16:20:00+00:00,2025-12-23 16:28:00+00:00,26277.25,26279.25,2025-12-23 16:28:00+00:00,stop,-2.0,-2.75,2.0,-1.375,-1.0,2.0,-4.0,-5.5,26278.75,26277.0,104949,104965,26154.75,2025-12-23
A2_k2_spike_nearest,1,2025-12-24 14:30:00+00:00,2025-12-24 14:30:00+00:00,26310.25,26135.5,2025-12-24 15:13:00+00:00,target,49.0,48.5,174.75,0.27753934191702434,0.2804005722460658,0.3147353361945637,-0.005722460658082976,97.0,26136.0,26310.5,104935,105156,26359.25,2025-12-24
A2_k2_spike_nearest,1,2025-12-26 14:30:00+00:00,2025-12-26 14:30:00+00:00,26413.5,26304.5,2025-12-26 14:36:00+00:00,target,37.25,36.75,109.0,0.33715596330275227,0.34174311926605505,0.3853211009174312,-0.19724770642201836,73.5,26305.0,26413.75,105108,105435,26450.75,2025-12-26
A2_k2_spike_nearest,1,2025-12-26 14:30:00+00:00,2025-12-26 15:01:00+00:00,26386.0,26304.5,2025-12-26 17:00:00+00:00,time,14.75,14.0,81.5,0.17177914110429449,0.18098159509202455,0.6441717791411042,-0.29754601226993865,28.0,26305.0,26386.25,105108,105391,26450.75,2025-12-26
A2_k2_spike_nearest,-1,2025-12-29 14:30:00+00:00,2025-12-29 14:36:00+00:00,26322.5,26463.0,2025-12-29 17:00:00+00:00,time,99.0,98.25,140.5,0.699288256227758,0.7046263345195729,0.9501779359430605,-0.16903914590747332,196.5,26462.5,26322.25,105456,105654,26183.5,2025-12-29
A2_k2_spike_nearest,1,2025-12-30 14:30:00+00:00,2025-12-30 14:30:00+00:00,26218.25,26174.75,2025-12-30 14:50:00+00:00,target,54.25,53.75,43.5,1.235632183908046,1.2471264367816093,1.3505747126436782,-0.39655172413793105,107.5,26175.25,26218.5,105764,105997,26272.5,2025-12-30
A2_k2_spike_nearest,-1,2025-12-30 14:30:00+00:00,2025-12-30 14:56:00+00:00,26293.75,26421.5,2025-12-30 15:13:00+00:00,target,75.25,74.75,127.75,0.5851272015655578,0.589041095890411,0.6477495107632094,-0.06653620352250489,149.5,26421.0,26293.5,105566,105798,26218.5,2025-12-30
A2_k2_spike_nearest,1,2025-12-30 15:25:00+00:00,2025-12-30 15:43:00+00:00,26210.75,26174.75,2025-12-30 16:20:00+00:00,target,91.5,91.0,36.0,2.5277777777777777,2.5416666666666665,2.736111111111111,-0.1388888888888889,182.0,26175.25,26211.0,105764,106013,26302.25,2025-12-30
A2_k2_spike_nearest,1,2025-12-31 14:30:00+00:00,2025-12-31 14:38:00+00:00,26146.5,26079.25,2025-12-31 15:55:00+00:00,stop,-67.25,-68.0,67.25,-1.0111524163568772,-1.0,0.2862453531598513,-1.0855018587360594,-136.0,26079.75,26146.75,106211,106261,26245.75,2025-12-31
A2_k2_spike_nearest,-1,2026-01-02 14:30:00+00:00,2026-01-02 14:30:00+00:00,26238.75,26272.0,2026-01-02 14:47:00+00:00,stop,-33.25,-34.0,33.25,-1.0225563909774436,-1.0,2.2030075187969924,-1.4736842105263157,-68.0,26271.5,26238.5,106515,106542,26154.5,2026-01-02
A2_k2_spike_nearest,1,2026-01-02 14:30:00+00:00,2026-01-02 15:12:00+00:00,26154.25,25953.5,2026-01-02 15:57:00+00:00,stop,-200.75,-201.5,200.75,-1.00373599003736,-1.0,0.2054794520547945,-1.1967621419676213,-403.0,25954.0,26154.5,106370,106477,26238.5,2026-01-02
A2_k2_spike_nearest,-1,2026-01-05 15:00:00+00:00,2026-01-05 15:04:00+00:00,26160.5,26331.5,2026-01-05 17:00:00+00:00,time,-25.75,-26.5,171.0,-0.15497076023391812,-0.15058479532163743,0.09502923976608187,-0.43859649122807015,-53.0,26331.0,26160.25,106561,106836,26066.0,2026-01-05
A2_k2_spike_nearest,-1,2026-01-06 14:30:00+00:00,2026-01-06 14:30:00+00:00,26202.25,26236.0,2026-01-06 14:47:00+00:00,stop,-33.75,-34.5,33.75,-1.0222222222222221,-1.0,1.9555555555555555,-1.3111111111111111,-69.0,26235.5,26202.0,106861,107014,26118.0,2026-01-06
A2_k2_spike_nearest,1,2026-01-06 15:25:00+00:00,2026-01-06 15:44:00+00:00,26253.5,25962.25,2026-01-06 17:00:00+00:00,time,-30.25,-31.0,291.25,-0.10643776824034334,-0.10386266094420601,0.03690987124463519,-0.29871244635193134,-62.0,25962.75,26253.75,106666,107117,26300.5,2026-01-06
A2_k2_spike_nearest,-1,2026-01-07 14:30:00+00:00,2026-01-07 14:30:00+00:00,26327.5,26372.75,2026-01-07 14:41:00+00:00,stop,-45.25,-46.0,45.25,-1.0165745856353592,-1.0,0.6464088397790055,-1.419889502762431,-92.0,26372.25,26327.25,107199,107286,26289.0,2026-01-07
A2_k2_spike_nearest,1,2026-01-07 15:15:00+00:00,2026-01-07 15:39:00+00:00,26339.25,26054.0,2026-01-07 15:47:00+00:00,target,68.25,67.75,285.25,0.23751095530236635,0.2392638036809816,0.26555652936021035,-0.009640666082383873,135.5,26054.5,26339.5,107037,107391,26407.5,2026-01-07
A2_k2_spike_nearest,1,2026-01-08 14:30:00+00:00,2026-01-08 14:30:00+00:00,26273.75,26266.0,2026-01-08 14:31:00+00:00,stop,-7.75,-8.5,7.75,-1.096774193548387,-1.0,7.290322580645161,-1.6129032258064515,-17.0,26266.5,26274.0,107625,107631,26338.5,2026-01-08
A2_k2_spike_nearest,1,2026-01-08 15:50:00+00:00,2026-01-08 15:54:00+00:00,26152.25,26096.5,2026-01-08 17:00:00+00:00,time,46.5,45.75,55.75,0.820627802690583,0.8340807174887892,1.1121076233183858,-0.7354260089686099,91.5,26097.0,26152.5,107667,107674,26241.0,2026-01-08
A2_k2_spike_nearest,1,2026-01-09 14:30:00+00:00,2026-01-09 14:31:00+00:00,26189.5,26096.5,2026-01-09 15:26:00+00:00,target,162.75,162.25,93.0,1.7446236559139785,1.75,1.8225806451612903,-0.49731182795698925,324.5,26097.0,26189.75,107667,107871,26352.25,2026-01-09
A2_k2_spike_nearest,-1,2026-01-12 14:30:00+00:00,2026-01-12 14:30:00+00:00,26312.75,26514.0,2026-01-12 17:00:00+00:00,time,-175.5,-176.25,201.25,-0.8757763975155279,-0.8720496894409938,0.2062111801242236,-0.915527950310559,-352.5,26513.5,26312.5,108008,108060,26236.75,2026-01-12
A2_k2_spike_nearest,1,2026-01-13 14:30:00+00:00,2026-01-13 14:30:00+00:00,26471.75,26236.25,2026-01-13 17:00:00+00:00,time,64.25,63.5,235.5,0.26963906581740976,0.27282377919320594,0.41932059447983017,-0.5870488322717622,127.0,26236.75,26472.0,108182,108481,26573.75,2026-01-13
A2_k2_spike_nearest,1,2026-01-14 14:30:00+00:00,2026-01-14 14:30:00+00:00,26259.75,26228.0,2026-01-14 14:31:00+00:00,stop,-31.75,-32.5,31.75,-1.0236220472440944,-1.0,0.5039370078740157,-1.8425196850393701,-65.0,26228.5,26260.0,108735,108756,26297.5,2026-01-14
A2_k2_spike_nearest,-1,2026-01-14 14:30:00+00:00,2026-01-14 14:34:00+00:00,26297.75,26574.25,2026-01-14 14:36:00+00:00,target,36.0,35.5,276.5,0.12839059674502712,0.1301989150090416,0.2603978300180832,-0.0759493670886076,71.0,26573.75,26297.5,108477,108759,26261.75,2026-01-14
A2_k2_spike_nearest,-1,2026-01-14 16:20:00+00:00,2026-01-14 16:22:00+00:00,26064.25,26574.25,2026-01-14 16:50:00+00:00,target,67.25,66.75,510.0,0.13088235294117648,0.13186274509803922,0.14558823529411766,-0.10833333333333334,133.5,26573.75,26064.0,108477,108784,25997.0,2026-01-14
A2_k2_spike_nearest,1,2026-01-15 14:40:00+00:00,2026-01-15 14:51:00+00:00,26379.5,25948.25,2026-01-15 17:00:00+00:00,time,72.75,72.0,431.25,0.16695652173913045,0.16869565217391305,0.19768115942028985,-0.11246376811594203,144.0,25948.75,26379.75,108814,109027,26480.5,2026-01-15
A2_k2_spike_nearest,-1,2026-01-16 14:30:00+00:00,2026-01-16 14:30:00+00:00,26401.25,26482.25,2026-01-16 14:44:00+00:00,target,51.75,51.25,81.0,0.6327160493827161,0.6388888888888888,0.6944444444444444,-0.21604938271604937,102.5,26481.75,26401.0,109044,109279,26349.5,2026-01-16
A2_k2_spike_nearest,1,2026-01-16 14:30:00+00:00,2026-01-16 14:49:00+00:00,26336.0,26089.5,2026-01-16 17:00:00+00:00,time,-91.75,-92.5,246.5,-0.3752535496957404,-0.372210953346856,0.09026369168356999,-0.8853955375253549,-185.0,26090.0,26336.25,108885,109307,26401.0,2026-01-16
A2_k2_spike_nearest,1,2026-01-19 14:30:00+00:00,2026-01-19 14:30:00+00:00,25810.75,25784.5,2026-01-19 14:35:00+00:00,stop,-26.25,-27.0,26.25,-1.0285714285714285,-1.0,0.5619047619047619,-1.3714285714285714,-54.0,25785.0,25811.0,109539,109579,25875.0,2026-01-19
A2_k2_spike_nearest,-1,2026-01-19 15:50:00+00:00,2026-01-19 16:00:00+00:00,25862.25,26419.25,2026-01-19 17:00:00+00:00,time,-43.75,-44.5,557.0,-0.07989228007181329,-0.07854578096947935,0.026481149012567325,-0.08752244165170557,-89.0,26418.75,25862.0,109317,109606,25815.25,2026-01-19
A2_k2_spike_nearest,-1,2026-01-20 14:30:00+00:00,2026-01-20 14:30:00+00:00,25829.25,25979.25,2026-01-20 17:00:00+00:00,time,-96.75,-97.5,150.0,-0.65,-0.645,0.46166666666666667,-0.855,-195.0,25978.75,25829.0,109434,109736,25709.0,2026-01-20
A2_k2_spike_nearest,-1,2026-01-21 14:40:00+00:00,2026-01-21 14:51:00+00:00,25784.75,25966.75,2026-01-21 15:36:00+00:00,stop,-182.0,-182.75,182.0,-1.004120879120879,-1.0,0.10164835164835165,-1.0563186813186813,-365.5,25966.25,25784.5,109680,110096,25567.5,2026-01-21
A2_k2_spike_nearest,1,2026-01-22 14:30:00+00:00,2026-01-22 14:30:00+00:00,26204.75,25678.25,2026-01-22 17:00:00+00:00,time,-8.75,-9.5,526.5,-0.018043684710351376,-0.016619183285849954,0.10446343779677113,-0.2706552706552707,-19.0,25678.75,26205.0,110139,110357,26267.25,2026-01-22
A2_k2_spike_nearest,-1,2026-01-23 14:30:00+00:00,2026-01-23 14:30:00+00:00,26163.5,26267.75,2026-01-23 15:22:00+00:00,stop,-104.25,-105.0,104.25,-1.0071942446043165,-1.0,0.7050359712230215,-1.1366906474820144,-210.0,26267.25,26163.25,110366,110631,26084.25,2026-01-23
A2_k2_spike_nearest,1,2026-01-23 16:20:00+00:00,2026-01-23 16:27:00+00:00,26332.0,26010.25,2026-01-23 17:00:00+00:00,time,-15.25,-16.0,321.75,-0.04972804972804973,-0.0473970473970474,0.07459207459207459,-0.13597513597513597,-32.0,26010.75,26332.25,110276,110668,26373.0,2026-01-23
A2_k2_spike_nearest,-1,2026-01-26 14:30:00+00:00,2026-01-26 14:30:00+00:00,26283.75,26303.0,2026-01-26 14:34:00+00:00,stop,-19.25,-20.0,19.25,-1.0389610389610389,-1.0,2.7012987012987013,-1.025974025974026,-40.0,26302.5,26283.5,110707,110726,26185.5,2026-01-26
A2_k2_spike_nearest,1,2026-01-26 16:15:00+00:00,2026-01-26 16:19:00+00:00,26393.75,25926.5,2026-01-26 16:25:00+00:00,target,32.5,32.0,467.25,0.06848582129481005,0.06955591225254147,0.07223113964686999,-0.03317281968967362,64.0,25927.0,26394.0,110739,110943,26426.25,2026-01-26
A2_k2_spike_nearest,1,2026-01-27 14:30:00+00:00,2026-01-27 14:30:00+00:00,26489.25,25926.5,2026-01-27 14:32:00+00:00,target,48.25,47.75,562.75,0.08485117725455353,0.08573967125721901,0.09018214127054643,-0.011106175033318524,95.5,25927.0,26489.5,110739,111069,26537.5,2026-01-27
A2_k2_spike_nearest,1,2026-01-27 14:30:00+00:00,2026-01-27 14:36:00+00:00,26470.75,25926.5,2026-01-27 14:53:00+00:00,target,66.75,66.25,544.25,0.12172714745062012,0.12264584290307763,0.16031235645383554,-0.04777216352779054,132.5,25927.0,26471.0,110739,111057,26537.5,2026-01-27
A2_k2_spike_nearest,1,2026-01-28 14:30:00+00:00,2026-01-28 14:30:00+00:00,26761.25,26366.75,2026-01-28 14:33:00+00:00,target,52.5,52.0,394.5,0.13181242078580482,0.13307984790874525,0.14005069708491763,-0.009505703422053232,104.0,26367.25,26761.5,111015,111474,26813.75,2026-01-28
A2_k2_spike_nearest,1,2026-01-28 14:30:00+00:00,2026-01-28 14:36:00+00:00,26753.75,26366.75,2026-01-28 14:42:00+00:00,target,60.0,59.5,387.0,0.15374677002583978,0.15503875968992248,0.15633074935400518,-0.03294573643410853,119.0,26367.25,26754.0,111015,111368,26813.75,2026-01-28
A2_k2_spike_nearest,-1,2026-01-28 14:30:00+00:00,2026-01-28 14:44:00+00:00,26821.5,26860.0,2026-01-28 15:10:00+00:00,target,67.5,67.0,38.5,1.7402597402597402,1.7532467532467533,1.8246753246753247,-0.2922077922077922,134.0,26859.5,26821.25,111399,111463,26754.0,2026-01-28
A2_k2_spike_nearest,1,2026-01-28 14:30:00+00:00,2026-01-28 15:15:00+00:00,26740.5,26366.75,2026-01-28 17:00:00+00:00,time,-96.25,-97.0,373.75,-0.25953177257525084,-0.25752508361204013,0.11036789297658862,-0.3003344481605351,-194.0,26367.25,26740.75,111015,111360,26813.75,2026-01-28
A2_k2_spike_nearest,1,2026-01-29 14:30:00+00:00,2026-01-29 14:30:00+00:00,26660.75,26523.25,2026-01-29 14:42:00+00:00,stop,-146.0,-138.25,137.5,-1.0054545454545454,-1.0618181818181818,0.32,-1.1690909090909092,-276.5,26523.75,26669.5,111555,111749,26731.5,2026-01-29
A2_k2_spike_nearest,-1,2026-01-30 14:30:00+00:00,2026-01-30 14:30:00+00:00,26432.75,26822.5,2026-01-30 14:59:00+00:00,target,96.5,96.0,389.75,0.24631173829377806,0.24759461193072482,0.25272610647851185,-0.08723540731237973,192.0,26822.0,26432.5,111567,111999,26336.25,2026-01-30
A2_k2_spike_nearest,1,2026-01-30 14:40:00+00:00,2026-01-30 15:29:00+00:00,26332.25,26176.0,2026-01-30 17:00:00+00:00,time,-46.5,-47.25,156.25,-0.3024,-0.2976,0.8288,-0.3888,-94.5,26176.5,26332.5,111973,112028,26476.0,2026-01-30
A2_k2_spike_nearest,-1,2026-02-02 14:30:00+00:00,2026-02-02 14:30:00+00:00,26075.75,26547.0,2026-02-02 17:00:00+00:00,time,-346.25,-347.0,471.25,-0.7363395225464191,-0.7347480106100795,0.016976127320954906,-0.7724137931034483,-694.0,26546.5,26075.5,111850,112148,26047.0,2026-02-02
A2_k2_spike_nearest,1,2026-02-03 14:30:00+00:00,2026-02-03 14:30:00+00:00,26440.25,25707.25,2026-02-03 17:00:00+00:00,time,-421.25,-422.0,733.0,-0.5757162346521146,-0.5746930422919508,0.05422919508867667,-0.6098226466575716,-844.0,25707.75,26440.5,112210,112446,26527.0,2026-02-03
A2_k2_spike_nearest,1,2026-02-04 15:50:00+00:00,2026-02-04 16:01:00+00:00,25646.75,25634.75,2026-02-04 16:02:00+00:00,stop,-12.0,-12.75,12.0,-1.0625,-1.0,1.6041666666666667,-3.2291666666666665,-25.5,25635.25,25647.0,112863,112870,25833.25,2026-02-04
A2_k2_spike_nearest,-1,2026-02-05 14:30:00+00:00,2026-02-05 14:35:00+00:00,25367.5,26019.0,2026-02-05 15:01:00+00:00,target,132.25,131.75,651.5,0.2022256331542594,0.2029930928626247,0.23177283192632386,-0.18610897927858788,263.5,26018.5,25367.25,112827,113127,25235.25,2026-02-05
A2_k2_spike_nearest,1,2026-02-05 15:45:00+00:00,2026-02-05 16:14:00+00:00,25079.75,25077.75,2026-02-05 16:14:00+00:00,stop,-2.0,-2.75,2.0,-1.375,-1.0,11.375,-7.625,-5.5,25078.25,25080.0,113142,113145,25488.75,2026-02-05
A2_k2_spike_nearest,-1,2026-02-05 15:55:00+00:00,2026-02-05 16:20:00+00:00,25228.75,26019.0,2026-02-05 17:00:00+00:00,time,-127.75,-128.5,790.25,-0.16260677000949067,-0.16165770325846252,0.037646314457450175,-0.19677317304650427,-257.0,26018.5,25228.5,112827,113147,25080.0,2026-02-05
A2_k2_spike_nearest,1,2026-02-06 14:30:00+00:00,2026-02-06 14:30:00+00:00,25284.75,24867.5,2026-02-06 14:32:00+00:00,target,60.25,59.75,417.25,0.1431995206710605,0.14439784301977232,0.18334331935290593,-0.1360095865787897,119.5,24868.0,25285.0,113251,113393,25345.0,2026-02-06
A2_k2_spike_nearest,-1,2026-02-06 14:30:00+00:00,2026-02-06 14:33:00+00:00,25381.0,25697.25,2026-02-06 15:06:00+00:00,target,77.75,77.25,316.25,0.24426877470355732,0.2458498023715415,0.28774703557312253,-0.4126482213438735,154.5,25696.75,25380.75,112974,113397,25303.25,2026-02-06
A2_k2_spike_nearest,-1,2026-02-06 16:00:00+00:00,2026-02-06 16:05:00+00:00,25490.0,25697.25,2026-02-06 17:00:00+00:00,time,-38.25,-39.0,207.25,-0.1881785283474065,-0.18455971049457176,0.08443908323281062,-0.43063932448733416,-78.0,25696.75,25489.75,112974,113424,25269.5,2026-02-06
A2_k2_spike_nearest,1,2026-02-09 14:30:00+00:00,2026-02-09 14:30:00+00:00,25495.0,24867.5,2026-02-09 14:39:00+00:00,target,147.5,147.0,627.5,0.2342629482071713,0.2350597609561753,0.25298804780876494,-0.019123505976095617,294.0,24868.0,25495.25,113251,113639,25642.5,2026-02-09
A2_k2_spike_nearest,-1,2026-02-09 14:30:00+00:00,2026-02-09 14:45:00+00:00,25685.0,25794.0,2026-02-09 15:36:00+00:00,stop,-109.0,-109.75,109.0,-1.0068807339449541,-1.0,0.5986238532110092,-1.0435779816513762,-219.5,25793.5,25684.75,113543,113671,25542.0,2026-02-09
A2_k2_spike_nearest,1,2026-02-10 14:30:00+00:00,2026-02-10 14:38:00+00:00,25828.75,25482.5,2026-02-10 15:06:00+00:00,target,120.5,120.0,346.25,0.34657039711191334,0.348014440433213,0.41155234657039713,-0.1444043321299639,240.0,25483.0,25829.0,113685,113949,25949.25,2026-02-10
A2_k2_spike_nearest,1,2026-02-10 15:25:00+00:00,2026-02-10 15:56:00+00:00,25883.5,25482.5,2026-02-10 17:00:00+00:00,time,-28.75,-29.5,401.0,-0.07356608478802992,-0.07169576059850374,0.1128428927680798,-0.09788029925187032,-59.0,25483.0,25883.75,113685,113969,25974.5,2026-02-10
A2_k2_spike_nearest,1,2026-02-11 14:50:00+00:00,2026-02-11 14:56:00+00:00,25866.25,25674.0,2026-02-11 15:13:00+00:00,stop,-192.25,-193.0,192.25,-1.0039011703511054,-1.0,0.14434330299089726,-1.023407022106632,-386.0,25674.5,25866.5,114183,114238,25993.0,2026-02-11
A2_k2_spike_nearest,-1,2026-02-11 16:10:00+00:00,2026-02-11 16:24:00+00:00,25798.75,25993.5,2026-02-11 17:00:00+00:00,time,91.0,90.25,194.75,0.4634146341463415,0.4672657252888318,0.5430038510911425,-0.02053915275994865,180.5,25993.0,25798.5,114237,114254,25660.5,2026-02-11
A2_k2_spike_nearest,1,2026-02-12 14:30:00+00:00,2026-02-12 14:30:00+00:00,25847.25,25669.0,2026-02-12 15:38:00+00:00,stop,-178.25,-179.0,178.25,-1.0042075736325387,-1.0,0.41514726507713884,-1.091164095371669,-358.0,25669.5,25847.5,114267,114498,25947.5,2026-02-12
A2_k2_spike_nearest,-1,2026-02-13 14:30:00+00:00,2026-02-13 14:48:00+00:00,25360.0,25948.0,2026-02-13 17:00:00+00:00,time,-61.5,-62.25,588.0,-0.10586734693877552,-0.10459183673469388,0.2593537414965986,-0.17389455782312926,-124.5,25947.5,25359.75,114503,114645,25147.5,2026-02-13
A2_k2_spike_nearest,1,2026-02-16 14:30:00+00:00,2026-02-16 14:30:00+00:00,25281.5,25105.75,2026-02-16 17:00:00+00:00,time,-25.75,-26.5,175.75,-0.1507823613086771,-0.1465149359886202,0.24751066856330015,-0.4751066856330014,-53.0,25106.25,25281.75,114791,114880,25403.25,2026-02-16
A2_k2_spike_nearest,-1,2026-02-17 14:30:00+00:00,2026-02-17 14:30:00+00:00,25198.75,25450.25,2026-02-17 14:50:00+00:00,target,93.25,92.75,251.5,0.3687872763419483,0.37077534791252487,0.40457256461232605,-0.5735586481113321,185.5,25449.75,25198.5,115004,115289,25105.5,2026-02-17
A2_k2_spike_nearest,-1,2026-02-17 15:30:00+00:00,2026-02-17 16:01:00+00:00,25169.0,25450.25,2026-02-17 17:00:00+00:00,time,-118.0,-118.75,281.25,-0.4222222222222222,-0.41955555555555557,0.13066666666666665,-0.5511111111111111,-237.5,25449.75,25168.75,115004,115302,24988.75,2026-02-17
A2_k2_spike_nearest,1,2026-02-18 14:30:00+00:00,2026-02-18 14:30:00+00:00,25329.25,24976.25,2026-02-18 14:57:00+00:00,target,120.0,119.5,353.0,0.3385269121813031,0.33994334277620397,0.3562322946175637,-0.14093484419263455,239.0,24976.75,25329.5,115305,115484,25449.25,2026-02-18
A2_k2_spike_nearest,-1,2026-02-19 14:30:00+00:00,2026-02-19 14:31:00+00:00,25408.75,25656.5,2026-02-19 14:35:00+00:00,target,85.0,84.5,247.75,0.3410696266397578,0.343087790110999,0.3501513622603431,-0.008072653884964682,169.0,25656.0,25408.5,115600,115834,25323.75,2026-02-19
A2_k2_spike_nearest,-1,2026-02-19 14:45:00+00:00,2026-02-19 14:53:00+00:00,25411.0,25656.5,2026-02-19 17:00:00+00:00,time,39.0,38.25,245.5,0.15580448065173116,0.15885947046843177,0.3329938900203666,-0.31873727087576376,76.5,25656.0,25410.75,115600,115845,25279.5,2026-02-19
A2_k2_spike_nearest,-1,2026-02-20 14:45:00+00:00,2026-02-20 15:01:00+00:00,25513.0,25582.25,2026-02-20 15:01:00+00:00,stop,-69.25,-70.0,69.25,-1.0108303249097472,-1.0,1.1588447653429603,-1.3537906137184115,-140.0,25581.75,25512.75,115771,116059,25204.5,2026-02-20
A2_k2_spike_nearest,-1,2026-02-20 15:40:00+00:00,2026-02-20 15:43:00+00:00,25565.75,25610.25,2026-02-20 15:48:00+00:00,stop,-44.5,-45.25,44.5,-1.0168539325842696,-1.0,0.6629213483146067,-1.1910112359550562,-90.5,25609.75,25565.5,116127,116132,25373.0,2026-02-20
A2_k2_spike_nearest,-1,2026-02-23 14:30:00+00:00,2026-02-23 14:30:00+00:00,25532.0,25616.25,2026-02-23 14:41:00+00:00,target,78.0,77.5,84.25,0.9198813056379822,0.9258160237388724,1.2136498516320475,-0.42136498516320475,155.0,25615.75,25531.75,116199,116339,25454.0,2026-02-23
A2_k2_spike_nearest,1,2026-02-23 14:30:00+00:00,2026-02-23 14:42:00+00:00,25413.75,25404.25,2026-02-23 14:45:00+00:00,stop,-9.5,-10.25,9.5,-1.0789473684210527,-1.0,3.236842105263158,-2.236842105263158,-20.5,25404.75,25414.0,116320,116379,25515.75,2026-02-23
A2_k2_spike_nearest,1,2026-02-24 14:30:00+00:00,2026-02-24 14:30:00+00:00,25321.5,25194.75,2026-02-24 14:44:00+00:00,target,97.25,96.75,126.75,0.7633136094674556,0.7672583826429981,0.9329388560157791,-0.7889546351084813,193.5,25195.25,25321.75,116417,116614,25418.75,2026-02-24
A2_k2_spike_nearest,-1,2026-02-24 15:00:00+00:00,2026-02-24 15:26:00+00:00,25492.0,25568.0,2026-02-24 16:13:00+00:00,stop,-76.0,-76.75,76.0,-1.0098684210526316,-1.0,0.2730263157894737,-1.0855263157894737,-153.5,25567.5,25491.75,116397,116676,25221.5,2026-02-24
A2_k2_spike_nearest,1,2026-02-25 15:50:00+00:00,2026-02-25 15:52:00+00:00,25812.0,25221.0,2026-02-25 17:00:00+00:00,time,32.25,31.5,591.0,0.0532994923857868,0.05456852791878172,0.08206429780033841,-0.03341793570219966,63.0,25221.5,25812.25,116674,116962,25869.25,2026-02-25
A2_k2_spike_nearest,1,2026-02-26 14:30:00+00:00,2026-02-26 14:30:00+00:00,25819.25,25519.25,2026-02-26 15:16:00+00:00,stop,-300.0,-300.75,300.0,-1.0025,-1.0,0.1675,-1.005,-601.5,25519.75,25819.5,116764,117117,25943.0,2026-02-26
A2_k2_spike_nearest,-1,2026-02-26 16:00:00+00:00,2026-02-26 16:05:00+00:00,25554.75,26023.0,2026-02-26 17:00:00+00:00,time,63.5,62.75,468.25,0.13400961025093433,0.13561131873998933,0.15589962626801923,-0.12439935931660438,125.5,26022.5,25554.5,117034,117240,25389.5,2026-02-26
A2_k2_spike_nearest,-1,2026-02-27 14:30:00+00:00,2026-02-27 14:32:00+00:00,25407.0,25943.5,2026-02-27 14:43:00+00:00,target,84.0,83.5,536.5,0.15563839701770738,0.1565703634669152,0.18546132339235788,-0.05684995340167754,167.0,25943.0,25406.75,117216,117494,25323.0,2026-02-27
A2_k2_spike_nearest,-1,2026-02-27 14:30:00+00:00,2026-02-27 15:02:00+00:00,25470.5,25943.5,2026-02-27 17:00:00+00:00,time,-26.5,-27.25,473.0,-0.057610993657505286,-0.056025369978858354,0.10993657505285412,-0.16596194503171247,-54.5,25943.0,25470.25,117216,117484,25323.0,2026-02-27
A2_k2_spike_nearest,-1,2026-03-02 14:30:00+00:00,2026-03-02 14:31:00+00:00,25277.5,25626.75,2026-03-02 17:00:00+00:00,time,-283.25,-284.0,349.25,-0.8131710808876164,-0.8110236220472441,0.19183965640658554,-0.8432355046528275,-568.0,25626.25,25277.25,117439,117670,25122.0,2026-03-02
A2_k2_spike_nearest,-1,2026-03-03 14:30:00+00:00,2026-03-03 14:30:00+00:00,25135.0,25628.0,2026-03-03 15:17:00+00:00,target,151.75,151.25,493.0,0.3067951318458418,0.3078093306288032,0.32809330628803246,-0.10851926977687627,302.5,25627.5,25134.75,117840,118032,24983.25,2026-03-03
A2_k2_spike_nearest,-1,2026-03-03 15:55:00+00:00,2026-03-03 16:03:00+00:00,25000.0,25628.0,2026-03-03 17:00:00+00:00,time,-199.0,-199.75,628.0,-0.31807324840764334,-0.31687898089171973,0.04259554140127388,-0.4020700636942675,-399.5,25627.5,24999.75,117840,118067,24878.25,2026-03-03
A2_k2_spike_nearest,-1,2026-03-04 14:30:00+00:00,2026-03-04 14:30:00+00:00,25455.75,25539.25,2026-03-04 14:36:00+00:00,target,61.0,60.5,83.5,0.7245508982035929,0.7305389221556886,1.089820359281437,-0.5059880239520959,121.0,25538.75,25455.5,117867,118314,25394.75,2026-03-04
A2_k2_spike_nearest,1,2026-03-04 14:45:00+00:00,2026-03-04 14:45:00+00:00,25364.5,24877.75,2026-03-04 15:01:00+00:00,target,146.0,145.5,486.75,0.29892141756548535,0.29994863893168977,0.3009758602978942,-0.048279404211607604,291.0,24878.25,25364.75,118064,118329,25510.5,2026-03-04
A2_k2_spike_nearest,-1,2026-03-05 14:30:00+00:00,2026-03-05 14:30:00+00:00,25579.25,25771.0,2026-03-05 17:00:00+00:00,time,8.75,8.0,191.75,0.041720990873533245,0.04563233376792699,0.6323337679269883,-0.8161668839634941,16.0,25770.5,25579.0,118434,118597,25341.0,2026-03-05
A2_k2_spike_nearest,-1,2026-03-06 14:50:00+00:00,2026-03-06 14:51:00+00:00,25260.0,25771.0,2026-03-06 17:00:00+00:00,time,-148.5,-149.25,511.0,-0.29207436399217224,-0.29060665362035226,0.1971624266144814,-0.35812133072407043,-298.5,25770.5,25259.75,118434,118881,25139.25,2026-03-06
A2_k2_spike_nearest,-1,2026-03-09 13:30:00+00:00,2026-03-09 13:30:00+00:00,25022.75,25669.5,2026-03-09 13:45:00+00:00,target,146.5,146.0,646.75,0.22574410514109006,0.22651720139157325,0.2346347120216467,-0.047545419404715884,292.0,25669.0,25022.5,118774,119109,24876.25,2026-03-09
A2_k2_spike_nearest,-1,2026-03-09 14:20:00+00:00,2026-03-09 14:36:00+00:00,25003.75,25669.5,2026-03-09 16:00:00+00:00,time,-166.5,-167.25,665.75,-0.2512204280886218,-0.25009387908374014,0.06796845662786331,-0.2737514081862561,-334.5,25669.0,25003.5,118774,119164,24840.75,2026-03-09
A2_k2_spike_nearest,-1,2026-03-10 13:30:00+00:00,2026-03-10 13:30:00+00:00,25557.0,25674.75,2026-03-10 13:57:00+00:00,target,70.25,69.75,117.75,0.5923566878980892,0.5966029723991507,0.6624203821656051,-0.43736730360934184,139.5,25674.25,25556.75,119374,119408,25486.75,2026-03-10
A2_k2_spike_nearest,-1,2026-03-10 14:00:00+00:00,2026-03-10 14:34:00+00:00,25584.5,25674.75,2026-03-10 14:58:00+00:00,stop,-90.25,-91.0,90.25,-1.0083102493074791,-1.0,0.2520775623268698,-1.002770083102493,-182.0,25674.25,25584.25,119374,119436,25420.0,2026-03-10
A2_k2_spike_nearest,-1,2026-03-11 13:30:00+00:00,2026-03-11 13:30:00+00:00,25604.25,25745.75,2026-03-11 15:46:00+00:00,target,168.25,167.75,141.5,1.185512367491166,1.1890459363957597,1.197879858657244,-0.7296819787985865,335.5,25745.25,25604.0,119480,119612,25436.0,2026-03-11
A2_k2_spike_nearest,1,2026-03-12 13:30:00+00:00,2026-03-12 13:31:00+00:00,25273.5,25223.25,2026-03-12 13:47:00+00:00,stop,-50.25,-51.0,50.25,-1.0149253731343284,-1.0,1.7661691542288558,-1.3830845771144278,-102.0,25223.75,25273.75,119866,119897,25380.25,2026-03-12
A2_k2_spike_nearest,-1,2026-03-13 13:30:00+00:00,2026-03-13 13:33:00+00:00,25217.5,25457.0,2026-03-13 13:35:00+00:00,target,48.0,47.5,239.5,0.19832985386221294,0.20041753653444677,0.30062630480167013,-0.04801670146137787,95.0,25456.5,25217.25,119963,120255,25169.5,2026-03-13
A2_k2_spike_nearest,-1,2026-03-13 13:30:00+00:00,2026-03-13 13:43:00+00:00,25263.0,25457.0,2026-03-13 14:17:00+00:00,target,93.5,93.0,194.0,0.4793814432989691,0.48195876288659795,0.5154639175257731,-0.3582474226804124,186.0,25456.5,25262.75,119963,120019,25169.5,2026-03-13
A2_k2_spike_nearest,1,2026-03-13 14:30:00+00:00,2026-03-13 14:40:00+00:00,25161.0,25138.0,2026-03-13 14:42:00+00:00,stop,-23.0,-23.75,23.0,-1.0326086956521738,-1.0,1.2608695652173914,-1.3478260869565217,-47.5,25138.5,25161.25,120262,120270,25332.5,2026-03-13
A2_k2_spike_nearest,1,2026-03-16 13:30:00+00:00,2026-03-16 13:30:00+00:00,25174.75,24797.0,2026-03-16 13:32:00+00:00,target,42.5,42.0,377.75,0.11118464592984778,0.11250827266710788,0.1317008603573792,-0.0641958967571145,84.0,24797.5,25175.0,120351,120530,25217.25,2026-03-16
A2_k2_spike_nearest,1,2026-03-16 13:45:00+00:00,2026-03-16 14:50:00+00:00,25150.25,24797.0,2026-03-16 15:24:00+00:00,target,105.5,105.0,353.25,0.29723991507430997,0.29865534324133053,0.32200990799716916,-0.05803255484784147,210.0,24797.5,25150.5,120351,120537,25255.75,2026-03-16
A2_k2_spike_nearest,1,2026-03-17 14:55:00+00:00,2026-03-17 15:08:00+00:00,25345.0,24797.0,2026-03-17 16:00:00+00:00,time,-42.5,-43.25,548.0,-0.07892335766423357,-0.07755474452554745,0.03695255474452555,-0.16514598540145986,-86.5,24797.5,25345.25,120351,120827,25400.25,2026-03-17
A2_k2_spike_nearest,1,2026-03-18 13:30:00+00:00,2026-03-18 14:25:00+00:00,25172.75,25124.5,2026-03-18 14:28:00+00:00,stop,-48.25,-49.0,48.25,-1.0155440414507773,-1.0,0.6528497409326425,-1.0466321243523315,-98.0,25125.0,25173.0,120794,121083,25457.5,2026-03-18
A2_k2_spike_nearest,-1,2026-03-19 13:30:00+00:00,2026-03-19 13:54:00+00:00,24829.25,25225.0,2026-03-19 15:37:00+00:00,target,112.25,111.75,395.75,0.28237523689197724,0.28363866077068856,0.28553379658875555,-0.16298168035375868,223.5,25224.5,24829.0,121143,121355,24717.0,2026-03-19
A2_k2_spike_nearest,1,2026-03-20 13:30:00+00:00,2026-03-20 13:30:00+00:00,24755.75,24634.5,2026-03-20 13:57:00+00:00,stop,-121.25,-122.0,121.25,-1.0061855670103093,-1.0,0.422680412371134,-1.0391752577319588,-244.0,24635.0,24756.0,121601,121631,24825.0,2026-03-20
A2_k2_spike_nearest,-1,2026-03-20 14:50:00+00:00,2026-03-20 15:23:00+00:00,24643.25,25008.0,2026-03-20 16:00:00+00:00,time,14.25,13.5,364.75,0.037011651816312545,0.03906785469499657,0.22001370801919123,-0.04455106237148732,27.0,25007.5,24643.0,121433,121654,24556.75,2026-03-20
A2_k2_spike_nearest,1,2026-03-23 13:30:00+00:00,2026-03-23 13:30:00+00:00,24768.5,24088.25,2026-03-23 14:18:00+00:00,target,190.5,190.0,680.25,0.2793090775450202,0.28004410143329656,0.28371922087467843,-0.02940095553105476,380.0,24088.75,24768.75,121844,121907,24959.0,2026-03-23
A2_k2_spike_nearest,-1,2026-03-24 13:30:00+00:00,2026-03-24 13:31:00+00:00,24624.0,25080.0,2026-03-24 13:39:00+00:00,target,103.0,102.5,456.0,0.22478070175438597,0.22587719298245615,0.22971491228070176,-0.019736842105263157,205.0,25079.5,24623.75,121889,122185,24521.0,2026-03-24
A2_k2_spike_nearest,1,2026-03-24 13:30:00+00:00,2026-03-24 13:40:00+00:00,24509.25,24088.25,2026-03-24 14:52:00+00:00,target,114.5,114.0,421.0,0.27078384798099764,0.27197149643705465,0.35688836104513066,-0.13895486935866982,228.0,24088.75,24509.5,121844,122096,24623.75,2026-03-24
A2_k2_spike_nearest,-1,2026-03-24 15:05:00+00:00,2026-03-24 15:16:00+00:00,24659.75,25080.0,2026-03-24 16:00:00+00:00,time,47.75,47.0,420.25,0.11183819155264724,0.11362284354550863,0.1386079714455681,-0.0975609756097561,94.0,25079.5,24659.5,121889,122209,24497.0,2026-03-24
A2_k2_spike_nearest,-1,2026-03-25 13:30:00+00:00,2026-03-25 13:36:00+00:00,24802.0,24864.25,2026-03-25 13:49:00+00:00,target,65.75,65.25,62.25,1.0481927710843373,1.0562248995983936,1.1526104417670682,-0.642570281124498,130.5,24863.75,24801.75,122276,122464,24736.25,2026-03-25
A2_k2_spike_nearest,1,2026-03-25 13:30:00+00:00,2026-03-25 13:52:00+00:00,24688.75,24450.25,2026-03-25 14:21:00+00:00,target,113.0,112.5,238.5,0.4716981132075472,0.47379454926624737,0.4790356394129979,-0.18553459119496854,225.0,24450.75,24689.0,122197,122457,24801.75,2026-03-25
A2_k2_spike_nearest,1,2026-03-25 13:30:00+00:00,2026-03-25 15:16:00+00:00,24636.0,24450.25,2026-03-25 16:00:00+00:00,time,57.5,56.75,185.75,0.30551816958277256,0.30955585464333785,0.6729475100942126,-0.17631224764468373,113.5,24450.75,24636.25,122197,122346,24801.75,2026-03-25
A2_k2_spike_nearest,-1,2026-03-26 13:30:00+00:00,2026-03-26 13:45:00+00:00,24505.5,24856.5,2026-03-26 14:54:00+00:00,target,116.5,116.0,351.0,0.33048433048433046,0.3319088319088319,0.3475783475783476,-0.14743589743589744,232.0,24856.0,24505.25,122452,122716,24389.0,2026-03-26
A2_k2_spike_nearest,-1,2026-03-27 13:30:00+00:00,2026-03-27 13:30:00+00:00,23973.75,24737.75,2026-03-27 13:34:00+00:00,target,82.5,82.0,764.0,0.10732984293193717,0.10798429319371727,0.1325261780104712,-0.008507853403141362,164.0,24737.25,23973.5,122627,123006,23891.25,2026-03-27
A2_k2_spike_nearest,-1,2026-03-27 14:30:00+00:00,2026-03-27 15:23:00+00:00,23875.0,24737.75,2026-03-27 16:00:00+00:00,time,8.75,8.0,862.75,0.00927267458707621,0.010141987829614604,0.0927267458707621,-0.06027238481599537,16.0,24737.25,23874.75,122627,123030,23760.0,2026-03-27
A2_k2_spike_nearest,1,2026-03-30 13:30:00+00:00,2026-03-30 13:30:00+00:00,23797.25,23409.25,2026-03-30 13:31:00+00:00,target,42.0,41.5,388.0,0.10695876288659793,0.10824742268041238,0.1411082474226804,-0.007087628865979381,83.0,23409.75,23797.5,123135,123292,23839.25,2026-03-30
A2_k2_spike_nearest,1,2026-03-30 13:30:00+00:00,2026-03-30 13:36:00+00:00,23751.25,23409.25,2026-03-30 16:00:00+00:00,time,-60.5,-61.25,342.0,-0.179093567251462,-0.17690058479532164,0.04312865497076023,-0.5058479532163743,-122.5,23409.75,23751.5,123135,123279,23839.25,2026-03-30
A2_k2_spike_nearest,-1,2026-03-31 13:30:00+00:00,2026-03-31 13:30:00+00:00,23743.5,23896.5,2026-03-31 14:00:00+00:00,stop,-153.0,-153.75,153.0,-1.0049019607843137,-1.0,0.31862745098039214,-1.0032679738562091,-307.5,23896.0,23743.25,123272,123565,23673.25,2026-03-31
A2_k2_spike_nearest,1,2026-03-31 14:25:00+00:00,2026-03-31 14:43:00+00:00,23811.0,23276.0,2026-03-31 16:00:00+00:00,time,-48.75,-49.5,535.0,-0.09252336448598131,-0.0911214953271028,0.1205607476635514,-0.21962616822429906,-99.0,23276.5,23811.25,123415,123581,23897.0,2026-03-31
A2_k2_spike_nearest,-1,2026-04-01 13:50:00+00:00,2026-04-01 14:22:00+00:00,24510.75,24561.5,2026-04-01 14:52:00+00:00,stop,-50.75,-51.5,50.75,-1.0147783251231528,-1.0,1.2463054187192117,-1.0541871921182266,-103.0,24561.0,24510.5,123839,123850,24359.5,2026-04-01
A2_k2_spike_nearest,-1,2026-04-02 13:30:00+00:00,2026-04-02 13:30:00+00:00,24079.25,24665.5,2026-04-02 13:39:00+00:00,target,49.75,54.5,586.25,0.0929637526652452,0.08486140724946695,0.1300639658848614,-0.09509594882729211,109.0,24665.0,24073.75,123892,124117,24024.25,2026-04-02
A2_k2_spike_nearest,-1,2026-04-02 13:30:00+00:00,2026-04-02 13:53:00+00:00,24157.0,24665.5,2026-04-02 16:00:00+00:00,time,-294.5,-295.25,508.5,-0.5806293018682399,-0.5791543756145526,0.08308751229105212,-0.8392330383480826,-590.5,24665.0,24156.75,123892,124084,24024.25,2026-04-02
A2_k2_spike_nearest,-1,2026-04-06 13:30:00+00:00,2026-04-06 13:30:00+00:00,24631.5,24714.75,2026-04-06 13:51:00+00:00,stop,-83.25,-84.0,83.25,-1.009009009009009,-1.0,0.8438438438438438,-1.1381381381381381,-168.0,24714.25,24631.25,124531,124581,24523.5,2026-04-06
A2_k2_spike_nearest,1,2026-04-06 14:20:00+00:00,2026-04-06 14:49:00+00:00,24586.25,24296.5,2026-04-06 16:00:00+00:00,time,53.75,53.0,289.75,0.182916307161346,0.18550474547023296,0.23382226056945643,-0.061259706643658325,106.0,24297.0,24586.5,124400,124591,24769.0,2026-04-06
A2_k2_spike_nearest,-1,2026-04-07 13:30:00+00:00,2026-04-07 13:30:00+00:00,24596.75,24769.5,2026-04-07 13:41:00+00:00,target,85.75,85.25,172.75,0.4934876989869754,0.4963820549927641,0.5383502170767004,-0.13024602026049203,170.5,24769.0,24596.5,124590,124853,24511.0,2026-04-07
A2_k2_spike_nearest,1,2026-04-07 13:30:00+00:00,2026-04-07 13:45:00+00:00,24493.25,24296.5,2026-04-07 15:02:00+00:00,stop,-196.75,-197.5,196.75,-1.0038119440914866,-1.0,0.16645489199491742,-1.0355781448538754,-395.0,24297.0,24493.5,124400,124852,24596.5,2026-04-07
A2_k2_spike_nearest,-1,2026-04-08 13:30:00+00:00,2026-04-08 13:30:00+00:00,25553.5,25573.75,2026-04-08 13:31:00+00:00,target,61.25,60.75,20.25,3.0,3.0246913580246915,4.9753086419753085,-0.7037037037037037,121.5,25573.25,25553.25,125119,125131,25492.25,2026-04-08
A2_k2_spike_nearest,1,2026-04-08 13:30:00+00:00,2026-04-08 13:33:00+00:00,25450.0,24257.0,2026-04-08 16:00:00+00:00,time,-55.5,-56.25,1193.0,-0.04715004191114837,-0.04652137468566639,0.039396479463537304,-0.17393126571668063,-112.5,24257.5,25450.25,124879,125070,25553.25,2026-04-08
A2_k2_spike_nearest,-1,2026-04-09 13:30:00+00:00,2026-04-09 13:30:00+00:00,25411.5,25573.75,2026-04-09 13:34:00+00:00,target,73.0,72.5,162.25,0.44684129429892144,0.44992295839753466,0.4714946070878274,-0.07087827426810478,145.0,25573.25,25411.25,125119,125214,25338.5,2026-04-09
A2_k2_spike_nearest,1,2026-04-09 13:45:00+00:00,2026-04-09 13:53:00+00:00,25334.75,24675.5,2026-04-09 15:32:00+00:00,target,113.0,112.5,659.25,0.17064846416382254,0.1714069017823284,0.19036784224497535,-0.08873720136518772,225.0,24676.0,25335.0,124956,125412,25447.75,2026-04-09
A2_k2_spike_nearest,-1,2026-04-10 13:30:00+00:00,2026-04-10 13:30:00+00:00,25642.5,25683.25,2026-04-10 13:33:00+00:00,stop,-40.75,-41.5,40.75,-1.01840490797546,-1.0,0.48466257668711654,-1.116564417177914,-83.0,25682.75,25642.25,125676,125680,25611.0,2026-04-10
A2_k2_spike_nearest,1,2026-04-10 13:30:00+00:00,2026-04-10 13:40:00+00:00,25610.75,25268.5,2026-04-10 13:41:00+00:00,target,27.25,26.75,342.25,0.07815924032140248,0.07962016070124178,0.10591672753834916,-0.013878743608473338,53.5,25269.0,25611.0,125349,125682,25638.0,2026-04-10
A2_k2_spike_nearest,1,2026-04-10 13:55:00+00:00,2026-04-10 14:01:00+00:00,25605.75,25268.5,2026-04-10 14:32:00+00:00,target,82.25,81.75,337.25,0.24240177909562638,0.24388435878428466,0.2587101556708673,-0.06226834692364715,163.5,25269.0,25606.0,125349,125690,25688.0,2026-04-10
A2_k2_spike_nearest,-1,2026-04-13 13:45:00+00:00,2026-04-13 13:49:00+00:00,25555.5,25710.0,2026-04-13 16:00:00+00:00,time,-70.0,-70.75,154.5,-0.45792880258899676,-0.45307443365695793,0.18284789644012944,-0.7718446601941747,-141.5,25709.5,25555.25,125710,125964,25472.75,2026-04-13
A2_k2_spike_nearest,1,2026-04-14 13:30:00+00:00,2026-04-14 13:30:00+00:00,25972.25,25230.0,2026-04-14 13:32:00+00:00,target,59.0,59.5,742.25,0.08016167059616032,0.07948804311215897,0.08319299427416639,-0.0006736274840013472,119.0,25230.5,25973.5,125778,126227,26032.25,2026-04-14
A2_k2_spike_nearest,1,2026-04-14 15:05:00+00:00,2026-04-14 15:05:00+00:00,26095.75,25230.0,2026-04-14 15:20:00+00:00,target,43.25,42.75,865.75,0.049379151025122726,0.049956684955241124,0.051400519780537106,-0.01992492058908461,85.5,25230.5,26096.0,125778,126254,26139.0,2026-04-14
A2_k2_spike_nearest,-1,2026-04-15 13:30:00+00:00,2026-04-15 13:38:00+00:00,26360.25,26374.75,2026-04-15 13:40:00+00:00,stop,-14.5,-15.25,14.5,-1.0517241379310345,-1.0,1.6206896551724137,-1.0517241379310345,-30.5,26374.25,26360.0,126414,126495,26295.75,2026-04-15
A2_k2_spike_nearest,-1,2026-04-16 13:30:00+00:00,2026-04-16 13:30:00+00:00,26755.5,26803.75,2026-04-16 13:31:00+00:00,target,42.25,47.0,48.25,0.9740932642487047,0.8756476683937824,1.4974093264248705,-0.29015544041450775,94.0,26803.25,26750.0,126722,126781,26708.0,2026-04-16
A2_k2_spike_nearest,1,2026-04-16 13:30:00+00:00,2026-04-16 13:36:00+00:00,26680.0,26250.0,2026-04-16 15:02:00+00:00,target,64.0,63.5,430.0,0.14767441860465116,0.14883720930232558,0.15058139534883722,-0.2052325581395349,127.0,26250.5,26680.25,126480,126759,26744.0,2026-04-16
A2_k2_spike_nearest,-1,2026-04-16 13:45:00+00:00,2026-04-16 15:08:00+00:00,26769.75,26803.75,2026-04-16 15:15:00+00:00,stop,-34.0,-34.75,34.0,-1.0220588235294117,-1.0,0.27941176470588236,-1.2205882352941178,-69.5,26803.25,26769.5,126722,126792,26660.0,2026-04-16
A2_k2_spike_nearest,-1,2026-04-20 13:30:00+00:00,2026-04-20 13:30:00+00:00,27119.25,27199.5,2026-04-20 13:39:00+00:00,target,64.25,63.75,80.25,0.794392523364486,0.8006230529595015,0.8504672897196262,-0.2834890965732087,127.5,27199.0,27119.0,127105,127339,27055.0,2026-04-20
A2_k2_spike_nearest,1,2026-04-20 13:30:00+00:00,2026-04-20 14:31:00+00:00,27025.75,26758.75,2026-04-20 16:00:00+00:00,time,-51.25,-52.0,267.0,-0.1947565543071161,-0.19194756554307116,0.1198501872659176,-0.5271535580524345,-104.0,26759.25,27026.0,126966,127333,27119.0,2026-04-20
A2_k2_spike_nearest,1,2026-04-21 13:30:00+00:00,2026-04-21 13:30:00+00:00,27100.0,26850.25,2026-04-21 14:11:00+00:00,target,89.25,88.75,249.75,0.35535535535535534,0.35735735735735735,0.3743743743743744,-0.23123123123123124,177.5,26850.75,27100.25,127158,127464,27189.25,2026-04-21
A2_k2_spike_nearest,1,2026-04-21 14:35:00+00:00,2026-04-21 14:45:00+00:00,27130.75,26850.25,2026-04-21 16:00:00+00:00,time,-82.25,-83.0,280.5,-0.29590017825311943,-0.29322638146167557,0.05258467023172905,-0.5436720142602496,-166.0,26850.75,27131.0,127158,127630,27201.0,2026-04-21
A2_k2_spike_nearest,1,2026-04-22 13:30:00+00:00,2026-04-22 13:33:00+00:00,27131.5,26867.25,2026-04-22 14:01:00+00:00,target,83.5,83.0,264.25,0.3140964995269631,0.31598864711447494,0.3197729422894986,-0.0293282876064333,166.0,26867.75,27131.75,127694,127890,27215.0,2026-04-22
A2_k2_spike_nearest,-1,2026-04-22 13:30:00+00:00,2026-04-22 14:07:00+00:00,27216.75,27218.5,2026-04-22 14:07:00+00:00,stop,-1.75,-2.5,1.75,-1.4285714285714286,-1.0,13.714285714285714,-3.857142857142857,-5.0,27218.0,27216.5,127598,127880,27131.75,2026-04-22
A2_k2_spike_nearest,1,2026-04-22 14:55:00+00:00,2026-04-22 15:01:00+00:00,27260.25,26867.25,2026-04-22 15:24:00+00:00,target,62.5,62.0,393.0,0.15776081424936386,0.15903307888040713,0.16539440203562342,-0.010178117048346057,124.0,26867.75,27260.5,127694,127909,27322.75,2026-04-22
A2_k2_spike_nearest,1,2026-04-23 13:30:00+00:00,2026-04-23 13:30:00+00:00,27290.0,27049.75,2026-04-23 13:36:00+00:00,target,54.75,54.25,240.25,0.22580645161290322,0.2278876170655567,0.2559833506763788,-0.04162330905306972,108.5,27050.25,27290.25,127720,128168,27344.75,2026-04-23
A2_k2_spike_nearest,-1,2026-04-23 13:30:00+00:00,2026-04-23 13:39:00+00:00,27365.75,27416.5,2026-04-23 13:48:00+00:00,stop,-50.75,-51.5,50.75,-1.0147783251231528,-1.0,0.4876847290640394,-1.0394088669950738,-103.0,27416.0,27365.5,128002,128160,27290.25,2026-04-23
A2_k2_spike_nearest,1,2026-04-24 13:30:00+00:00,2026-04-24 13:30:00+00:00,27518.5,26995.5,2026-04-24 14:46:00+00:00,target,65.5,65.0,523.0,0.124282982791587,0.12523900573613767,0.1477055449330784,-0.13862332695984703,130.0,26996.0,27518.75,128223,128440,27584.0,2026-04-24
A2_k2_spike_nearest,1,2026-04-27 13:30:00+00:00,2026-04-27 13:30:00+00:00,27683.25,27330.75,2026-04-27 16:00:00+00:00,time,-0.5,-1.25,352.5,-0.0035460992907801418,-0.0014184397163120568,0.1773049645390071,-0.19645390070921986,-2.5,27331.25,27683.5,128339,128556,27753.75,2026-04-27
A2_k2_spike_nearest,-1,2026-04-28 13:30:00+00:00,2026-04-28 13:35:00+00:00,27482.25,27856.5,2026-04-28 14:50:00+00:00,target,130.25,129.75,374.25,0.3466933867735471,0.34802939211756845,0.3787575150300601,-0.22578490313961255,259.5,27856.0,27482.0,128617,128994,27352.0,2026-04-28
A2_k2_spike_nearest,1,2026-04-29 13:30:00+00:00,2026-04-29 13:30:00+00:00,27499.25,27321.75,2026-04-29 14:25:00+00:00,target,68.25,67.75,177.5,0.3816901408450704,0.3845070422535211,0.3929577464788732,-0.3323943661971831,135.5,27322.25,27499.5,129027,129088,27567.5,2026-04-29
A2_k2_spike_nearest,-1,2026-04-29 13:30:00+00:00,2026-04-29 14:28:00+00:00,27578.25,27829.0,2026-04-29 16:00:00+00:00,time,22.25,21.5,250.75,0.08574277168494517,0.08873379860418744,0.25623130608175476,-0.21335992023928216,43.0,27828.5,27578.0,128840,129256,27508.0,2026-04-29
A2_k2_spike_nearest,1,2026-04-30 13:30:00+00:00,2026-04-30 13:30:00+00:00,27749.75,27404.5,2026-04-30 16:00:00+00:00,time,-45.5,-46.25,345.25,-0.1339608979000724,-0.13178855901520636,0.16509775524981898,-0.7842143374366402,-92.5,27405.0,27750.0,129357,129532,27856.75,2026-04-30
A2_k2_spike_nearest,-1,2026-05-01 13:30:00+00:00,2026-05-01 13:30:00+00:00,27962.0,27990.25,2026-05-01 13:31:00+00:00,stop,-28.25,-29.0,28.25,-1.0265486725663717,-1.0,1.0973451327433628,-1.9380530973451326,-58.0,27989.75,27961.75,129708,129713,27881.25,2026-05-01
A2_k2_spike_nearest,-1,2026-05-04 13:30:00+00:00,2026-05-04 13:42:00+00:00,28200.0,28283.0,2026-05-04 15:19:00+00:00,target,97.0,96.5,83.0,1.1626506024096386,1.1686746987951808,1.3403614457831325,-0.6867469879518072,193.0,28282.5,28199.75,130005,130100,28103.0,2026-05-04
A2_k2_spike_nearest,-1,2026-05-05 13:30:00+00:00,2026-05-05 13:30:00+00:00,28322.0,28323.25,2026-05-05 13:30:00+00:00,stop,-1.25,-2.0,1.25,-1.6,-1.0,16.8,-13.6,-4.0,28322.75,28321.75,130365,130375,28286.0,2026-05-05
A2_k2_spike_nearest,1,2026-05-06 14:05:00+00:00,2026-05-06 14:06:00+00:00,28721.75,28043.0,2026-05-06 16:00:00+00:00,time,154.75,154.0,678.75,0.22688766114180478,0.2279926335174954,0.2662983425414365,-0.030939226519337018,308.0,28043.5,28722.0,130216,130660,28924.75,2026-05-06
A2_k2_spike_nearest,-1,2026-05-07 13:30:00+00:00,2026-05-07 13:30:00+00:00,29079.25,29131.25,2026-05-07 13:31:00+00:00,target,36.5,36.0,52.0,0.6923076923076923,0.7019230769230769,0.7932692307692307,-0.10576923076923077,72.0,29130.75,29079.0,130867,130882,29042.75,2026-05-07
A2_k2_spike_nearest,1,2026-05-07 13:30:00+00:00,2026-05-07 13:45:00+00:00,29027.75,28578.0,2026-05-07 13:53:00+00:00,target,48.25,47.75,449.75,0.10617009449694274,0.10728182323513062,0.13340744858254586,-0.008337965536409116,95.5,28578.5,29028.0,130526,130911,29076.0,2026-05-07
A2_k2_spike_nearest,1,2026-05-07 15:20:00+00:00,2026-05-07 15:26:00+00:00,29162.5,28578.0,2026-05-07 16:00:00+00:00,time,-61.75,-62.5,584.5,-0.10692899914456801,-0.10564585115483319,0.08597091531223268,-0.15697177074422583,-125.0,28578.5,29162.75,130526,130951,29261.0,2026-05-07
A2_k2_spike_nearest,-1,2026-05-11 13:30:00+00:00,2026-05-11 13:30:00+00:00,29630.5,29719.0,2026-05-11 13:32:00+00:00,stop,-88.5,-89.25,88.5,-1.0084745762711864,-1.0,0.3870056497175141,-1.2514124293785311,-178.5,29718.5,29630.25,131329,131472,29575.0,2026-05-11
A2_k2_spike_nearest,1,2026-05-11 13:45:00+00:00,2026-05-11 14:29:00+00:00,29596.0,28857.5,2026-05-11 15:30:00+00:00,target,157.25,156.75,738.5,0.2122545700744753,0.21293161814488828,0.2166553825321598,-0.04468517264725796,313.5,28858.0,29596.25,131022,131484,29753.25,2026-05-11
A2_k2_spike_nearest,-1,2026-05-12 13:30:00+00:00,2026-05-12 13:40:00+00:00,29553.5,29681.25,2026-05-12 14:00:00+00:00,target,124.25,123.75,127.75,0.9686888454011742,0.9726027397260274,1.076320939334638,-0.45596868884540115,247.5,29680.75,29553.25,131632,131754,29429.25,2026-05-12
A2_k2_spike_nearest,1,2026-05-13 13:30:00+00:00,2026-05-13 13:31:00+00:00,29539.25,29371.75,2026-05-13 15:42:00+00:00,target,138.0,137.5,167.5,0.8208955223880597,0.8238805970149253,0.826865671641791,-0.8835820895522388,275.0,29372.25,29539.5,131874,132029,29677.25,2026-05-13
A2_k2_spike_nearest,-1,2026-05-14 13:30:00+00:00,2026-05-14 13:37:00+00:00,29893.5,30010.0,2026-05-14 14:45:00+00:00,stop,-116.5,-117.25,116.5,-1.0064377682403434,-1.0,0.44206008583690987,-1.0278969957081545,-234.5,30009.5,29893.25,132161,132284,29764.25,2026-05-14
A2_k2_spike_nearest,-1,2026-05-15 13:30:00+00:00,2026-05-15 13:30:00+00:00,29594.0,30100.25,2026-05-15 13:45:00+00:00,target,102.5,136.75,506.25,0.27012345679012345,0.20246913580246914,0.30962962962962964,-0.027160493827160494,273.5,30099.75,29559.0,132344,132574,29456.75,2026-05-15
A2_k2_spike_nearest,-1,2026-05-15 13:45:00+00:00,2026-05-15 14:13:00+00:00,29608.0,30100.25,2026-05-15 16:00:00+00:00,time,10.0,9.25,492.25,0.018791264601320468,0.02031488065007618,0.16353478923311326,-0.18384966988318943,18.5,30099.75,29607.75,132344,132588,29456.75,2026-05-15
A2_k2_spike_nearest,1,2026-05-18 13:30:00+00:00,2026-05-18 13:44:00+00:00,29502.0,29239.5,2026-05-18 16:00:00+00:00,time,-190.25,-191.0,262.5,-0.7276190476190476,-0.7247619047619047,0.4676190476190476,-0.9314285714285714,-382.0,29240.0,29502.25,132721,132849,29735.75,2026-05-18
A2_k2_spike_nearest,1,2026-05-19 14:00:00+00:00,2026-05-19 14:04:00+00:00,29184.5,29117.75,2026-05-19 14:07:00+00:00,stop,-66.75,-67.5,66.75,-1.0112359550561798,-1.0,0.8913857677902621,-1.4981273408239701,-135.0,29118.25,29184.75,133139,133143,29384.0,2026-05-19
A2_k2_spike_nearest,-1,2026-05-19 14:55:00+00:00,2026-05-19 14:57:00+00:00,29117.5,29736.25,2026-05-19 16:00:00+00:00,time,-15.75,-16.5,618.75,-0.02666666666666667,-0.025454545454545455,0.1204040404040404,-0.12363636363636364,-33.0,29735.75,29117.25,132857,133154,28979.0,2026-05-19
A2_k2_spike_nearest,1,2026-05-20 13:30:00+00:00,2026-05-20 13:36:00+00:00,29375.5,29111.5,2026-05-20 13:46:00+00:00,target,111.25,110.75,264.0,0.41950757575757575,0.42140151515151514,0.5113636363636364,-0.13920454545454544,221.5,29112.0,29375.75,133257,133395,29486.75,2026-05-20
A2_k2_spike_nearest,1,2026-05-20 14:10:00+00:00,2026-05-20 14:11:00+00:00,29362.5,29111.5,2026-05-20 14:16:00+00:00,target,148.75,148.25,251.0,0.5906374501992032,0.5926294820717132,0.6573705179282868,-0.15338645418326693,296.5,29112.0,29362.75,133257,133421,29511.25,2026-05-20
A2_k2_spike_nearest,-1,2026-05-21 13:30:00+00:00,2026-05-21 13:30:00+00:00,29556.0,29779.75,2026-05-21 14:20:00+00:00,target,68.0,67.5,223.75,0.3016759776536313,0.3039106145251397,0.4301675977653631,-0.441340782122905,135.0,29779.25,29555.75,133629,133686,29488.0,2026-05-21
A2_k2_spike_nearest,1,2026-05-21 15:05:00+00:00,2026-05-21 15:06:00+00:00,29481.5,29111.5,2026-05-21 15:23:00+00:00,target,89.25,88.75,370.0,0.23986486486486486,0.24121621621621622,0.2641891891891892,-0.07432432432432433,177.5,29112.0,29481.75,133257,133708,29570.75,2026-05-21
A2_k2_spike_nearest,-1,2026-05-22 13:30:00+00:00,2026-05-22 13:30:00+00:00,29934.0,29982.0,2026-05-22 13:37:00+00:00,stop,-48.0,-48.75,48.0,-1.015625,-1.0,1.8020833333333333,-1.4322916666666667,-97.5,29981.5,29933.75,133906,133912,29860.75,2026-05-22
A2_k2_spike_nearest,1,2026-05-22 13:55:00+00:00,2026-05-22 14:06:00+00:00,29847.25,29428.5,2026-05-22 16:00:00+00:00,time,156.5,155.75,418.75,0.3719402985074627,0.3737313432835821,0.43582089552238806,-0.09791044776119404,311.5,29429.0,29847.5,133508,133968,30034.25,2026-05-22
A2_k2_spike_nearest,-1,2026-05-25 13:30:00+00:00,2026-05-25 13:34:00+00:00,30274.0,30311.5,2026-05-25 14:30:00+00:00,target,20.0,19.5,37.5,0.52,0.5333333333333333,0.56,-0.98,39.0,30311.0,30273.75,134145,134236,30254.0,2026-05-25
A2_k2_spike_nearest,1,2026-05-25 13:40:00+00:00,2026-05-25 14:32:00+00:00,30251.75,29753.0,2026-05-25 15:11:00+00:00,target,54.25,53.75,498.75,0.10776942355889724,0.10877192982456141,0.11027568922305764,-0.05413533834586466,107.5,29753.5,30252.0,133932,134243,30306.0,2026-05-25
A2_k2_spike_nearest,-1,2026-05-26 13:30:00+00:00,2026-05-26 13:30:00+00:00,30246.75,30311.5,2026-05-26 13:31:00+00:00,target,29.25,46.0,64.75,0.7104247104247104,0.4517374517374517,0.7992277992277992,-0.07722007722007722,92.0,30311.0,30246.5,134145,134462,30217.5,2026-05-26
A2_k2_spike_nearest,1,2026-05-26 13:30:00+00:00,2026-05-26 13:34:00+00:00,30165.75,30058.5,2026-05-26 13:43:00+00:00,target,80.75,80.25,107.25,0.7482517482517482,0.752913752913753,0.8321678321678322,-0.21678321678321677,160.5,30059.0,30166.0,134400,134455,30246.5,2026-05-26
A2_k2_spike_nearest,-1,2026-05-26 13:30:00+00:00,2026-05-26 13:45:00+00:00,30267.25,30311.5,2026-05-26 13:58:00+00:00,stop,-44.25,-45.0,44.25,-1.0169491525423728,-1.0,0.8531073446327684,-1.0508474576271187,-90.0,30311.0,30267.0,134145,134291,30217.5,2026-05-26
A2_k2_spike_nearest,1,2026-05-27 13:30:00+00:00,2026-05-27 13:30:00+00:00,30488.75,30058.5,2026-05-27 16:00:00+00:00,time,-238.0,-238.75,430.25,-0.5549099360836722,-0.5531667635095875,0.0453224869262057,-0.6897152818128994,-477.5,30059.0,30489.0,134400,134695,30696.0,2026-05-27
A2_k2_spike_nearest,-1,2026-05-28 13:30:00+00:00,2026-05-28 13:30:00+00:00,30408.5,30696.5,2026-05-28 13:33:00+00:00,target,63.75,63.25,288.0,0.21961805555555555,0.22135416666666666,0.2838541666666667,-0.06944444444444445,126.5,30696.0,30408.25,134734,135018,30344.75,2026-05-28
A2_k2_spike_nearest,1,2026-05-28 13:30:00+00:00,2026-05-28 13:50:00+00:00,30242.75,30078.75,2026-05-28 14:12:00+00:00,target,165.5,165.0,164.0,1.0060975609756098,1.0091463414634145,1.3201219512195121,-0.039634146341463415,330.0,30079.25,30243.0,134914,135010,30408.25,2026-05-28
A2_k2_spike_nearest,-1,2026-05-28 14:25:00+00:00,2026-05-28 14:56:00+00:00,30501.5,30696.5,2026-05-28 16:00:00+00:00,time,-78.75,-79.5,195.0,-0.4076923076923077,-0.40384615384615385,0.1076923076923077,-0.5551282051282052,-159.0,30696.0,30501.25,134734,135032,30236.25,2026-05-28
A2_k2_spike_nearest,1,2026-05-29 14:15:00+00:00,2026-05-29 14:40:00+00:00,30651.25,30078.75,2026-05-29 16:00:00+00:00,time,26.75,26.0,572.5,0.045414847161572056,0.046724890829694325,0.18165938864628822,-0.11441048034934498,52.0,30079.25,30651.5,134914,135297,30851.75,2026-05-29
A2_k2_spike_nearest,-1,2026-06-01 14:45:00+00:00,2026-06-01 14:48:00+00:00,30748.0,30911.5,2026-06-01 16:00:00+00:00,time,-69.5,-70.25,163.5,-0.42966360856269115,-0.42507645259938837,0.15749235474006115,-0.746177370030581,-140.5,30911.0,30747.75,135456,135588,30611.0,2026-06-01
A2_k2_spike_nearest,-1,2026-06-02 13:30:00+00:00,2026-06-02 13:30:00+00:00,30876.75,30964.25,2026-06-02 13:33:00+00:00,target,79.75,79.25,87.5,0.9057142857142857,0.9114285714285715,0.9485714285714286,-0.07714285714285714,158.5,30963.75,30876.5,135644,135842,30797.0,2026-06-02
A2_k2_spike_nearest,1,2026-06-02 13:30:00+00:00,2026-06-02 13:35:00+00:00,30774.25,30606.5,2026-06-02 13:50:00+00:00,target,102.25,101.75,167.75,0.6065573770491803,0.6095380029806259,0.6348733233979136,-0.20566318926974664,203.5,30607.0,30774.5,135575,135761,30876.5,2026-06-02
A2_k2_spike_nearest,-1,2026-06-02 13:30:00+00:00,2026-06-02 13:53:00+00:00,30890.5,30964.25,2026-06-02 15:01:00+00:00,stop,-73.75,-74.5,73.75,-1.0101694915254238,-1.0,0.6474576271186441,-1.0135593220338983,-149.0,30963.75,30890.25,135644,135828,30797.0,2026-06-02
A2_k2_spike_nearest,1,2026-06-03 13:30:00+00:00,2026-06-03 13:35:00+00:00,30995.25,30633.25,2026-06-03 16:00:00+00:00,time,-74.75,-75.5,362.0,-0.2085635359116022,-0.2064917127071823,0.1664364640883978,-0.5075966850828729,-151.0,30633.75,30995.5,135730,136044,31113.5,2026-06-03
A2_k2_spike_nearest,1,2026-06-04 13:30:00+00:00,2026-06-04 13:30:00+00:00,30539.0,30478.5,2026-06-04 13:34:00+00:00,target,126.0,125.5,60.5,2.074380165289256,2.0826446280991737,2.1611570247933884,-0.21487603305785125,251.0,30479.0,30539.25,136381,136390,30665.0,2026-06-04
A2_k2_spike_nearest,1,2026-06-04 13:45:00+00:00,2026-06-04 13:45:00+00:00,30525.75,30478.5,2026-06-04 14:06:00+00:00,stop,-47.25,-48.0,47.25,-1.0158730158730158,-1.0,2.259259259259259,-1.2116402116402116,-96.0,30479.0,30526.0,136381,136404,30718.5,2026-06-04
A2_k2_spike_nearest,-1,2026-06-04 14:40:00+00:00,2026-06-04 14:58:00+00:00,30664.5,31124.25,2026-06-04 16:00:00+00:00,time,-64.75,-65.5,459.75,-0.14246873300706905,-0.1408374116367591,0.021207177814029365,-0.26209896682979883,-131.0,31123.75,30664.25,136128,136415,30468.25,2026-06-04
A2_k2_spike_nearest,1,2026-06-08 13:30:00+00:00,2026-06-08 13:33:00+00:00,29775.75,29187.25,2026-06-08 16:00:00+00:00,time,150.25,149.5,588.5,0.254035683942226,0.2553101104502974,0.48130841121495327,-0.2183517417162277,299.0,29187.75,29776.0,136781,136948,30189.75,2026-06-08
A2_k2_spike_nearest,1,2026-06-09 13:30:00+00:00,2026-06-09 13:31:00+00:00,30008.0,29187.25,2026-06-09 13:43:00+00:00,target,56.0,55.5,820.75,0.06762107828205909,0.06823027718550106,0.07950045689917758,-0.07158087115443192,111.0,29187.75,30008.25,136781,137229,30064.0,2026-06-09
A2_k2_spike_nearest,1,2026-06-09 14:00:00+00:00,2026-06-09 14:00:00+00:00,29949.0,29187.25,2026-06-09 15:29:00+00:00,stop,-761.75,-762.5,761.75,-1.0009845749917952,-1.0,0.10600590744995077,-1.029865441417788,-1525.0,29187.75,29949.25,136781,137232,30163.0,2026-06-09
A2_k2_spike_nearest,-1,2026-06-10 13:30:00+00:00,2026-06-10 13:30:00+00:00,29206.25,30163.5,2026-06-10 13:33:00+00:00,target,68.25,67.75,957.25,0.07077565944110734,0.0712979890310786,0.0864455471402455,-0.06711935231130843,135.5,30163.0,29206.0,137235,137505,29138.0,2026-06-10
A2_k2_spike_nearest,-1,2026-06-10 13:30:00+00:00,2026-06-10 13:38:00+00:00,29329.75,30163.5,2026-06-10 15:08:00+00:00,target,191.75,191.25,833.75,0.22938530734632684,0.22998500749625186,0.23238380809595202,-0.2845577211394303,382.5,30163.0,29329.5,137235,137425,29138.0,2026-06-10
A2_k2_spike_nearest,1,2026-06-10 13:50:00+00:00,2026-06-10 15:11:00+00:00,29087.5,28542.75,2026-06-10 16:00:00+00:00,time,84.75,84.0,544.75,0.15419917393299679,0.15557595227168425,0.2299219825608077,-0.2643414410279945,168.0,28543.25,29087.75,137270,137509,29485.0,2026-06-10
A2_k2_spike_nearest,1,2026-06-11 13:30:00+00:00,2026-06-11 13:30:00+00:00,29069.25,28953.75,2026-06-11 13:46:00+00:00,target,71.0,73.0,115.5,0.6320346320346321,0.6147186147186147,1.1645021645021645,-0.8852813852813853,146.0,28954.25,29072.0,137772,137779,29142.75,2026-06-11
A2_k2_spike_nearest,-1,2026-06-11 13:30:00+00:00,2026-06-11 13:50:00+00:00,29238.5,29251.5,2026-06-11 13:51:00+00:00,stop,-13.0,-13.75,13.0,-1.0576923076923077,-1.0,8.173076923076923,-3.576923076923077,-27.5,29251.0,29238.25,137725,137730,29072.0,2026-06-11
A2_k2_spike_nearest,1,2026-06-11 14:30:00+00:00,2026-06-11 14:53:00+00:00,29067.25,28953.75,2026-06-11 14:58:00+00:00,stop,-113.5,-114.25,113.5,-1.0066079295154184,-1.0,0.3634361233480176,-1.277533039647577,-228.5,28954.25,29067.5,137772,137793,29364.75,2026-06-11
A2_k2_spike_nearest,1,2026-06-12 13:30:00+00:00,2026-06-12 13:33:00+00:00,29670.25,28893.0,2026-06-12 15:00:00+00:00,target,305.5,305.0,777.25,0.39240913477002254,0.3930524284335799,0.40302348021871987,-0.15825024123512382,610.0,28893.5,29670.5,137802,138054,29975.75,2026-06-12
A2_k2_spike_nearest,1,2026-06-16 13:30:00+00:00,2026-06-16 13:30:00+00:00,30781.0,30305.5,2026-06-16 16:00:00+00:00,time,-305.0,-305.75,475.5,-0.6430073606729758,-0.6414300736067298,0.24185068349106204,-0.7676130389064143,-611.5,30306.0,30781.25,138166,138473,30967.75,2026-06-16
A2_k2_spike_nearest,-1,2026-06-17 13:30:00+00:00,2026-06-17 13:30:00+00:00,30527.5,30584.75,2026-06-17 13:31:00+00:00,target,62.25,62.0,57.25,1.0829694323144106,1.0873362445414847,1.445414847161572,-0.008733624454148471,124.0,30584.25,30527.0,138823,138840,30465.0,2026-06-17
A2_k2_spike_nearest,-1,2026-06-17 13:40:00+00:00,2026-06-17 13:45:00+00:00,30532.5,30584.75,2026-06-17 13:57:00+00:00,target,145.25,144.75,52.25,2.770334928229665,2.7799043062200957,3.339712918660287,-0.15789473684210525,289.5,30584.25,30532.25,138823,138887,30387.25,2026-06-17
A2_k2_spike_nearest,-1,2026-06-17 14:00:00+00:00,2026-06-17 14:24:00+00:00,30541.0,30584.75,2026-06-17 14:47:00+00:00,target,232.0,231.5,43.75,5.291428571428572,5.3028571428571425,5.76,-0.08571428571428572,463.0,30584.25,30540.75,138823,138891,30309.0,2026-06-17
A2_k2_spike_nearest,1,2026-06-18 13:30:00+00:00,2026-06-18 13:35:00+00:00,30468.0,30359.0,2026-06-18 14:09:00+00:00,target,116.25,115.75,109.0,1.061926605504587,1.06651376146789,1.1376146788990826,-0.6972477064220184,231.5,30359.5,30468.25,139142,139159,30584.25,2026-06-18
A2_k2_spike_nearest,-1,2026-06-19 13:30:00+00:00,2026-06-19 13:30:00+00:00,30670.0,30783.75,2026-06-19 16:00:00+00:00,time,-14.25,-15.0,113.75,-0.13186813186813187,-0.12527472527472527,0.31868131868131866,-0.3076923076923077,-30.0,30783.25,30669.75,139239,139433,30522.25,2026-06-19
A2_k2_spike_nearest,1,2026-06-22 13:55:00+00:00,2026-06-22 14:27:00+00:00,30757.0,30336.25,2026-06-22 16:00:00+00:00,time,-200.5,-201.25,420.75,-0.47831253713606653,-0.47653000594177064,0.11645870469399881,-0.5175282234105764,-402.5,30336.75,30757.25,139505,139668,30927.0,2026-06-22
A2_k2_spike_nearest,-1,2026-06-23 13:30:00+00:00,2026-06-23 13:53:00+00:00,29901.25,30700.25,2026-06-23 16:00:00+00:00,time,103.5,102.75,799.0,0.1285982478097622,0.1295369211514393,0.2581351689612015,-0.1821026282853567,205.5,30699.75,29901.0,139758,139926,29691.25,2026-06-23
A2_k2_spike_nearest,1,2026-06-24 13:30:00+00:00,2026-06-24 13:30:00+00:00,29654.0,29576.75,2026-06-24 13:32:00+00:00,target,137.75,137.25,77.25,1.7766990291262137,1.7831715210355987,2.0485436893203883,-0.23624595469255663,274.5,29577.25,29654.25,140008,140110,29791.75,2026-06-24
A2_k2_spike_nearest,1,2026-06-24 13:30:00+00:00,2026-06-24 13:42:00+00:00,29614.5,29576.75,2026-06-24 13:48:00+00:00,stop,-37.75,-38.5,37.75,-1.0198675496688743,-1.0,2.662251655629139,-1.3377483443708609,-77.0,29577.25,29614.75,140008,140095,29791.75,2026-06-24
A2_k2_spike_nearest,1,2026-06-24 14:15:00+00:00,2026-06-24 14:15:00+00:00,29625.75,29563.5,2026-06-24 14:20:00+00:00,stop,-62.25,-63.0,62.25,-1.0120481927710843,-1.0,1.1204819277108433,-1.6144578313253013,-126.0,29564.0,29626.0,140223,140226,29790.0,2026-06-24
A2_k2_spike_nearest,-1,2026-06-24 14:05:00+00:00,2026-06-24 14:36:00+00:00,29790.25,30700.25,2026-06-24 16:00:00+00:00,time,34.0,33.25,910.0,0.03653846153846154,0.03736263736263736,0.1,-0.12884615384615383,66.5,30699.75,29790.0,139758,140224,29564.0,2026-06-24
A2_k2_spike_nearest,1,2026-06-25 13:30:00+00:00,2026-06-25 13:30:00+00:00,30114.0,29923.5,2026-06-25 13:41:00+00:00,stop,-190.5,-191.25,190.5,-1.0039370078740157,-1.0,0.4435695538057743,-1.10498687664042,-382.5,29924.0,30114.25,140361,140477,30264.25,2026-06-25
A2_k2_spike_nearest,-1,2026-06-25 14:25:00+00:00,2026-06-25 14:33:00+00:00,29690.25,30264.75,2026-06-25 16:00:00+00:00,time,30.25,29.5,574.5,0.05134899912967798,0.05265448215839861,0.39643167972149695,-0.15013054830287206,59.0,30264.25,29690.0,140484,140504,29296.5,2026-06-25
A2_k2_spike_nearest,1,2026-06-26 13:30:00+00:00,2026-06-26 13:33:00+00:00,29210.5,29159.5,2026-06-26 13:57:00+00:00,target,239.75,239.25,51.0,4.6911764705882355,4.700980392156863,4.769607843137255,-0.5588235294117647,478.5,29160.0,29210.75,140653,140769,29450.25,2026-06-26
A2_k2_spike_nearest,-1,2026-06-26 13:30:00+00:00,2026-06-26 14:00:00+00:00,29514.25,30264.75,2026-06-26 16:00:00+00:00,time,-106.5,-107.25,750.5,-0.1429047301798801,-0.1419053964023984,0.1402398401065956,-0.27048634243837444,-214.5,30264.25,29514.0,140484,140711,29160.0,2026-06-26
A2_k2_spike_nearest,1,2026-06-29 13:30:00+00:00,2026-06-29 13:30:00+00:00,29577.75,29159.5,2026-06-29 13:32:00+00:00,target,155.75,155.25,418.25,0.37118947997609086,0.3723849372384937,0.38254632396891813,-0.049611476389719064,310.5,29160.0,29578.0,140653,140970,29733.5,2026-06-29
A2_k2_spike_nearest,-1,2026-06-29 13:30:00+00:00,2026-06-29 13:33:00+00:00,29740.25,29894.25,2026-06-29 13:37:00+00:00,target,90.25,89.75,154.0,0.5827922077922078,0.586038961038961,0.6136363636363636,-0.18019480519480519,179.5,29893.75,29740.0,140603,141033,29650.0,2026-06-29
A2_k2_spike_nearest,-1,2026-06-29 13:30:00+00:00,2026-06-29 13:44:00+00:00,29770.25,29894.25,2026-06-29 13:56:00+00:00,target,120.25,119.75,124.0,0.9657258064516129,0.969758064516129,1.1814516129032258,-0.5504032258064516,239.5,29893.75,29770.0,140603,141024,29650.0,2026-06-29
A2_k2_spike_nearest,1,2026-06-29 13:45:00+00:00,2026-06-29 14:00:00+00:00,29556.75,29159.5,2026-06-29 16:00:00+00:00,time,282.75,282.0,397.25,0.7098804279421019,0.7117684078036501,0.7533039647577092,-0.7117684078036501,564.0,29160.0,29557.0,140653,141048,29893.75,2026-06-29
A2_k2_spike_nearest,-1,2026-06-30 13:30:00+00:00,2026-06-30 13:30:00+00:00,30059.0,30217.75,2026-06-30 13:35:00+00:00,stop,-158.75,-159.5,158.75,-1.0047244094488188,-1.0,0.15590551181102363,-1.2094488188976378,-319.0,30217.25,30058.75,141222,141314,29978.0,2026-06-30
