tag,side,t_signal,t_entry,entry,stop0,t_exit,reason,gross_px,net_px,risk_px,R,gross_R,mfe_R,mae_R,net_usd_1,m_anchor,m_internal,m_anchor_i,m_internal_i,m_tgt1,m_day
A1_k1_spike_nearest,1,2024-07-01 13:30:00+00:00,2024-07-01 13:30:00+00:00,21892.75,21843.0,2024-07-01 13:46:00+00:00,stop,-49.75,-50.5,49.75,-1.015075376884422,-1.0,0.7135678391959799,-1.236180904522613,-101.0,21843.5,21893.0,110,159,21935.25,2024-07-01
A1_k1_spike_nearest,-1,2024-07-01 14:35:00+00:00,2024-07-01 14:36:00+00:00,21887.75,21963.25,2024-07-01 16:00:00+00:00,time,-31.0,-31.75,75.5,-0.4205298013245033,-0.4105960264900662,1.0827814569536425,-0.4105960264900662,-63.5,21962.75,21887.5,76,173,21754.0,2024-07-01
A1_k1_spike_nearest,-1,2024-07-02 13:30:00+00:00,2024-07-02 13:31:00+00:00,21947.75,22017.0,2024-07-02 13:42:00+00:00,stop,-69.25,-70.0,69.25,-1.0108303249097472,-1.0,0.3285198555956679,-1.108303249097473,-140.0,22016.5,21947.5,239,353,21874.75,2024-07-02
A1_k1_spike_nearest,-1,2024-07-02 14:05:00+00:00,2024-07-02 14:05:00+00:00,22021.25,22039.5,2024-07-02 14:40:00+00:00,stop,-18.25,-19.0,18.25,-1.0410958904109588,-1.0,3.493150684931507,-1.5890410958904109,-38.0,22039.0,22021.0,441,443,21913.0,2024-07-02
A1_k1_spike_nearest,1,2024-07-02 15:20:00+00:00,2024-07-02 15:20:00+00:00,22045.25,21753.5,2024-07-02 15:30:00+00:00,target,28.0,27.5,291.75,0.09425878320479864,0.0959725792630677,0.1293916023993145,-0.06255355612682091,55.0,21754.0,22045.5,171,458,22073.25,2024-07-02
A1_k1_spike_nearest,-1,2024-07-03 13:30:00+00:00,2024-07-03 13:30:00+00:00,22185.25,22221.25,2024-07-03 13:52:00+00:00,stop,-36.0,-36.75,36.0,-1.0208333333333333,-1.0,0.7430555555555556,-1.0208333333333333,-73.5,22220.75,22185.0,669,702,22147.5,2024-07-03
A1_k1_spike_nearest,1,2024-07-03 14:20:00+00:00,2024-07-03 14:26:00+00:00,22193.75,21851.75,2024-07-03 14:43:00+00:00,target,45.25,44.75,342.0,0.13084795321637427,0.13230994152046785,0.15204678362573099,-0.021198830409356724,89.5,21852.25,22194.0,418,722,22239.0,2024-07-03
A1_k1_spike_nearest,1,2024-07-04 13:30:00+00:00,2024-07-04 13:30:00+00:00,22345.5,22147.0,2024-07-04 16:00:00+00:00,time,-17.0,-17.75,198.5,-0.08942065491183879,-0.08564231738035265,0.0163727959697733,-0.16876574307304787,-35.5,22147.5,22345.75,704,933,22352.25,2024-07-04
A1_k1_spike_nearest,-1,2024-07-05 14:30:00+00:00,2024-07-05 14:31:00+00:00,22462.25,22487.5,2024-07-05 14:48:00+00:00,stop,-25.25,-26.0,25.25,-1.0297029702970297,-1.0,1.1683168316831682,-1.0693069306930694,-52.0,22487.0,22462.0,1179,1183,22404.75,2024-07-05
A1_k1_spike_nearest,1,2024-07-08 13:30:00+00:00,2024-07-08 13:30:00+00:00,22565.25,22303.0,2024-07-08 13:32:00+00:00,target,19.25,18.75,262.25,0.07149666348903717,0.07340324118207817,0.08484270734032412,-0.029551954242135366,37.5,22303.5,22565.5,987,1427,22584.5,2024-07-08
A1_k1_spike_nearest,1,2024-07-08 13:30:00+00:00,2024-07-08 13:35:00+00:00,22548.0,22303.0,2024-07-08 13:50:00+00:00,target,36.5,36.0,245.0,0.1469387755102041,0.1489795918367347,0.17857142857142858,-0.019387755102040816,72.0,22303.5,22548.25,987,1419,22584.5,2024-07-08
A1_k1_spike_nearest,1,2024-07-08 13:30:00+00:00,2024-07-08 14:01:00+00:00,22541.25,22303.0,2024-07-08 15:20:00+00:00,target,43.25,42.75,238.25,0.1794333683105981,0.18153200419727178,0.20461699895068206,-0.04512067156348373,85.5,22303.5,22541.5,987,1380,22584.5,2024-07-08
A1_k1_spike_nearest,-1,2024-07-09 13:30:00+00:00,2024-07-09 13:30:00+00:00,22674.5,22691.75,2024-07-09 13:33:00+00:00,stop,-17.25,-18.0,17.25,-1.0434782608695652,-1.0,0.6376811594202898,-1.608695652173913,-36.0,22691.25,22674.25,1566,1708,22658.75,2024-07-09
A1_k1_spike_nearest,-1,2024-07-09 13:55:00+00:00,2024-07-09 13:56:00+00:00,22689.75,22707.5,2024-07-09 14:06:00+00:00,target,28.0,27.5,17.75,1.5492957746478873,1.5774647887323943,1.943661971830986,-0.8309859154929577,55.0,22707.0,22689.5,1726,1728,22661.75,2024-07-09
A1_k1_spike_nearest,-1,2024-07-09 14:05:00+00:00,2024-07-09 14:12:00+00:00,22704.75,22707.5,2024-07-09 14:12:00+00:00,stop,-2.75,-3.5,2.75,-1.2727272727272727,-1.0,4.2727272727272725,-3.4545454545454546,-7.0,22707.0,22704.5,1726,1730,22665.75,2024-07-09
A1_k1_spike_nearest,1,2024-07-09 14:20:00+00:00,2024-07-09 14:25:00+00:00,22655.0,22521.25,2024-07-09 16:00:00+00:00,time,-7.25,-8.0,133.75,-0.059813084112149535,-0.05420560747663551,0.22242990654205608,-0.3177570093457944,-16.0,22521.75,22655.25,1300,1732,22714.25,2024-07-09
A1_k1_spike_nearest,-1,2024-07-10 13:30:00+00:00,2024-07-10 13:30:00+00:00,22707.25,22714.75,2024-07-10 13:31:00+00:00,target,10.25,9.75,7.5,1.3,1.3666666666666667,1.9,-0.4666666666666667,19.5,22714.25,22707.0,1733,1997,22697.0,2024-07-10
A1_k1_spike_nearest,1,2024-07-10 13:30:00+00:00,2024-07-10 13:32:00+00:00,22690.25,22558.0,2024-07-10 13:49:00+00:00,target,16.75,16.25,132.25,0.12287334593572778,0.1266540642722117,0.23062381852551986,-0.19848771266540643,32.5,22558.5,22690.5,1772,1983,22707.0,2024-07-10
A1_k1_spike_nearest,1,2024-07-10 14:20:00+00:00,2024-07-10 14:23:00+00:00,22694.25,22558.0,2024-07-10 16:00:00+00:00,time,15.5,14.75,136.25,0.10825688073394496,0.11376146788990826,0.1688073394495413,-0.3577981651376147,29.5,22558.5,22694.5,1772,2007,22738.25,2024-07-10
A1_k1_spike_nearest,1,2024-07-11 13:30:00+00:00,2024-07-11 13:30:00+00:00,22833.75,22624.0,2024-07-11 14:19:00+00:00,stop,-209.75,-210.5,209.75,-1.0035756853396902,-1.0,0.052443384982121574,-1.0190703218116806,-421.0,22624.5,22834.0,1815,2273,22926.0,2024-07-11
A1_k1_spike_nearest,-1,2024-07-12 13:30:00+00:00,2024-07-12 13:30:00+00:00,22394.75,22926.5,2024-07-12 16:00:00+00:00,time,-143.25,-144.0,531.75,-0.27080394922425954,-0.2693935119887165,0.05077574047954866,-0.4085566525622943,-288.0,22926.0,22394.5,2265,2549,22352.5,2024-07-12
A1_k1_spike_nearest,-1,2024-07-15 13:30:00+00:00,2024-07-15 13:33:00+00:00,22580.25,22655.75,2024-07-15 13:44:00+00:00,target,39.0,38.5,75.5,0.5099337748344371,0.5165562913907285,0.5596026490066225,-0.3675496688741722,77.0,22655.25,22580.0,2618,2814,22541.25,2024-07-15
A1_k1_spike_nearest,1,2024-07-15 13:30:00+00:00,2024-07-15 13:45:00+00:00,22528.5,22274.25,2024-07-15 13:48:00+00:00,target,49.0,48.5,254.25,0.19075712881022616,0.1927236971484759,0.20747295968534907,-0.017699115044247787,97.0,22274.75,22528.75,2541,2728,22577.5,2024-07-15
A1_k1_spike_nearest,-1,2024-07-15 14:00:00+00:00,2024-07-15 14:01:00+00:00,22583.5,22655.75,2024-07-15 14:36:00+00:00,stop,-72.25,-73.0,72.25,-1.0103806228373702,-1.0,0.14186851211072665,-1.0173010380622838,-146.0,22655.25,22583.25,2618,2833,22524.0,2024-07-15
A1_k1_spike_nearest,-1,2024-07-16 13:30:00+00:00,2024-07-16 13:30:00+00:00,22597.75,22630.0,2024-07-16 13:46:00+00:00,target,33.25,32.75,32.25,1.0155038759689923,1.0310077519379846,1.062015503875969,-0.8914728682170543,65.5,22629.5,22597.5,2867,2978,22564.5,2024-07-16
A1_k1_spike_nearest,1,2024-07-16 13:30:00+00:00,2024-07-16 13:48:00+00:00,22562.5,22448.25,2024-07-16 14:07:00+00:00,stop,-114.25,-115.0,114.25,-1.0065645514223194,-1.0,0.13785557986870897,-1.0350109409190371,-230.0,22448.75,22562.75,2647,3097,22587.0,2024-07-16
A1_k1_spike_nearest,-1,2024-07-16 14:30:00+00:00,2024-07-16 14:39:00+00:00,22497.5,22630.0,2024-07-16 16:00:00+00:00,time,4.25,3.5,132.5,0.026415094339622643,0.03207547169811321,0.24716981132075472,-0.4037735849056604,7.0,22629.5,22497.25,2867,3115,22434.5,2024-07-16
A1_k1_spike_nearest,-1,2024-07-17 14:25:00+00:00,2024-07-17 14:34:00+00:00,22101.25,22627.0,2024-07-17 15:05:00+00:00,target,60.75,60.25,525.75,0.11459819305753685,0.11554921540656206,0.12363290537327627,-0.03946742748454589,120.5,22626.5,22101.0,3106,3390,22040.5,2024-07-17
A1_k1_spike_nearest,-1,2024-07-17 15:05:00+00:00,2024-07-17 15:09:00+00:00,22073.25,22627.0,2024-07-17 15:12:00+00:00,target,32.75,32.25,553.75,0.058239277652370205,0.05914221218961625,0.060948081264108354,-0.0036117381489841984,64.5,22626.5,22073.0,3106,3398,22040.5,2024-07-17
A1_k1_spike_nearest,1,2024-07-18 13:30:00+00:00,2024-07-18 13:30:00+00:00,22075.5,21907.75,2024-07-18 14:34:00+00:00,stop,-167.75,-168.5,167.75,-1.0044709388971684,-1.0,0.09687034277198212,-1.0476900149031296,-337.0,21908.25,22075.75,3459,3655,22102.5,2024-07-18
A1_k1_spike_nearest,1,2024-07-19 13:30:00+00:00,2024-07-19 13:30:00+00:00,21806.0,21694.0,2024-07-19 13:40:00+00:00,target,81.75,81.25,112.0,0.7254464285714286,0.7299107142857143,0.8392857142857143,-0.24553571428571427,162.5,21694.5,21806.25,3863,3903,21887.75,2024-07-19
A1_k1_spike_nearest,-1,2024-07-19 13:30:00+00:00,2024-07-19 13:41:00+00:00,21904.0,21922.5,2024-07-19 13:43:00+00:00,target,62.75,62.25,18.5,3.364864864864865,3.391891891891892,3.445945945945946,-0.8243243243243243,124.5,21922.0,21903.75,3845,3852,21841.25,2024-07-19
A1_k1_spike_nearest,1,2024-07-19 13:55:00+00:00,2024-07-19 14:00:00+00:00,21801.0,21694.0,2024-07-19 15:29:00+00:00,stop,-107.0,-107.75,107.0,-1.0070093457943925,-1.0,0.5467289719626168,-1.0771028037383177,-215.5,21694.5,21801.25,3863,3936,21919.25,2024-07-19
A1_k1_spike_nearest,1,2024-07-22 13:30:00+00:00,2024-07-22 13:31:00+00:00,21849.5,21611.5,2024-07-22 13:38:00+00:00,target,69.75,69.25,238.0,0.29096638655462187,0.2930672268907563,0.30357142857142855,-0.10399159663865547,138.5,21612.0,21849.75,3996,4202,21919.25,2024-07-22
A1_k1_spike_nearest,-1,2024-07-22 13:45:00+00:00,2024-07-22 13:46:00+00:00,21922.0,21922.5,2024-07-22 13:46:00+00:00,stop,-0.5,-1.25,0.5,-2.5,-1.0,6.5,-38.0,-2.5,21922.0,21921.75,3845,4210,21824.75,2024-07-22
A1_k1_spike_nearest,-1,2024-07-22 14:25:00+00:00,2024-07-22 14:35:00+00:00,21913.75,21969.75,2024-07-22 15:09:00+00:00,target,76.25,75.75,56.0,1.3526785714285714,1.3616071428571428,1.3660714285714286,-0.84375,151.5,21969.25,21913.5,4213,4218,21837.5,2024-07-22
A1_k1_spike_nearest,1,2024-07-22 14:15:00+00:00,2024-07-22 15:10:00+00:00,21837.0,21611.5,2024-07-22 16:00:00+00:00,time,-29.75,-30.25,225.5,-0.13414634146341464,-0.1319290465631929,0.20509977827050999,-0.37915742793791574,-60.5,21612.0,21837.5,3996,4216,21969.25,2024-07-22
A1_k1_spike_nearest,1,2024-07-23 13:30:00+00:00,2024-07-23 13:31:00+00:00,21891.0,21660.75,2024-07-23 13:37:00+00:00,target,36.0,35.5,230.25,0.15418023887079263,0.1563517915309446,0.1997828447339848,-0.06623235613463627,71.0,21661.25,21891.25,4074,4481,21927.0,2024-07-23
A1_k1_spike_nearest,-1,2024-07-23 13:30:00+00:00,2024-07-23 13:39:00+00:00,21939.25,21975.25,2024-07-23 13:44:00+00:00,stop,-36.0,-36.75,36.0,-1.0208333333333333,-1.0,0.2847222222222222,-1.0277777777777777,-73.5,21974.75,21939.0,4284,4466,21891.25,2024-07-23
A1_k1_spike_nearest,1,2024-07-23 14:00:00+00:00,2024-07-23 14:02:00+00:00,21924.75,21660.75,2024-07-23 14:21:00+00:00,target,52.25,51.75,264.0,0.19602272727272727,0.19791666666666666,0.2481060606060606,-0.08333333333333333,103.5,21661.25,21925.0,4074,4489,21977.0,2024-07-23
A1_k1_spike_nearest,1,2024-07-23 14:10:00+00:00,2024-07-23 14:45:00+00:00,21902.5,21660.75,2024-07-23 15:12:00+00:00,target,74.5,74.0,241.75,0.30610134436401243,0.3081695966907963,0.3164426059979317,-0.13547052740434332,148.0,21661.25,21902.75,4074,4491,21977.0,2024-07-23
A1_k1_spike_nearest,-1,2024-07-24 13:30:00+00:00,2024-07-24 13:31:00+00:00,21595.25,22028.0,2024-07-24 13:33:00+00:00,target,45.25,44.75,432.75,0.10340843443096476,0.10456383593298671,0.1120739456961294,-0.005199306759098787,89.5,22027.5,21595.0,4506,4759,21550.0,2024-07-24
A1_k1_spike_nearest,1,2024-07-25 13:30:00+00:00,2024-07-25 13:32:00+00:00,21116.25,21027.5,2024-07-25 13:55:00+00:00,stop,-88.75,-89.5,88.75,-1.008450704225352,-1.0,0.36901408450704226,-1.0338028169014084,-179.0,21028.0,21116.5,5025,5032,21217.5,2024-07-25
A1_k1_spike_nearest,-1,2024-07-25 13:50:00+00:00,2024-07-25 14:54:00+00:00,21149.25,21781.0,2024-07-25 16:00:00+00:00,time,-28.0,-28.75,631.75,-0.04550850811238623,-0.0443213296398892,0.10170162247724575,-0.11515631183221212,-57.5,21780.5,21149.0,4608,5039,21028.0,2024-07-25
A1_k1_spike_nearest,1,2024-07-26 13:30:00+00:00,2024-07-26 13:30:00+00:00,21074.0,20936.75,2024-07-26 14:28:00+00:00,target,57.75,57.25,137.25,0.41712204007285975,0.4207650273224044,0.4444444444444444,-0.6411657559198543,114.5,20937.25,21074.25,5139,5248,21131.75,2024-07-26
A1_k1_spike_nearest,1,2024-07-26 14:45:00+00:00,2024-07-26 14:46:00+00:00,20994.25,20936.75,2024-07-26 15:50:00+00:00,target,140.75,140.25,57.5,2.4391304347826086,2.4478260869565216,2.4782608695652173,-0.19130434782608696,280.5,20937.25,20994.5,5139,5326,21135.0,2024-07-26
A1_k1_spike_nearest,1,2024-07-29 13:30:00+00:00,2024-07-29 13:30:00+00:00,21201.75,20936.75,2024-07-29 13:45:00+00:00,target,102.75,102.25,265.0,0.3858490566037736,0.3877358490566038,0.41037735849056606,-0.13867924528301886,204.5,20937.25,21202.0,5139,5547,21304.5,2024-07-29
A1_k1_spike_nearest,1,2024-07-29 14:00:00+00:00,2024-07-29 14:10:00+00:00,21236.5,20936.75,2024-07-29 16:00:00+00:00,time,-33.0,-33.75,299.75,-0.11259382819015847,-0.11009174311926606,0.09424520433694746,-0.603836530442035,-67.5,20937.25,21236.75,5139,5593,21310.5,2024-07-29
A1_k1_spike_nearest,-1,2024-07-30 13:30:00+00:00,2024-07-30 13:30:00+00:00,21229.75,21320.25,2024-07-30 13:31:00+00:00,target,19.25,28.75,90.5,0.31767955801104975,0.212707182320442,0.35359116022099446,-0.0856353591160221,57.5,21319.75,21225.5,5595,5862,21206.5,2024-07-30
A1_k1_spike_nearest,-1,2024-07-30 13:30:00+00:00,2024-07-30 13:36:00+00:00,21242.25,21320.25,2024-07-30 13:44:00+00:00,target,35.75,35.25,78.0,0.4519230769230769,0.4583333333333333,0.5608974358974359,-0.25,70.5,21319.75,21242.0,5595,5639,21206.5,2024-07-30
A1_k1_spike_nearest,1,2024-07-30 13:30:00+00:00,2024-07-30 13:45:00+00:00,21184.0,21018.25,2024-07-30 15:01:00+00:00,stop,-165.75,-166.5,165.75,-1.004524886877828,-1.0,0.15384615384615385,-1.110105580693816,-333.0,21018.75,21184.25,5734,5830,21225.5,2024-07-30
A1_k1_spike_nearest,-1,2024-07-30 15:20:00+00:00,2024-07-30 15:20:00+00:00,20979.5,21320.25,2024-07-30 15:37:00+00:00,target,61.25,60.75,340.75,0.17828319882611884,0.1797505502567865,0.20616287600880412,-0.00880410858400587,121.5,21319.75,20979.25,5595,5885,20918.25,2024-07-30
A1_k1_spike_nearest,1,2024-07-31 14:45:00+00:00,2024-07-31 14:52:00+00:00,21367.5,20668.75,2024-07-31 15:30:00+00:00,target,69.0,68.5,698.75,0.09803220035778175,0.09874776386404294,0.10196779964221825,-0.01967799642218247,137.0,20669.25,21367.75,5943,6152,21436.5,2024-07-31
A1_k1_spike_nearest,1,2024-08-01 13:30:00+00:00,2024-08-01 13:36:00+00:00,21454.25,20956.25,2024-08-01 13:42:00+00:00,target,93.75,93.25,498.0,0.18724899598393574,0.18825301204819278,0.19477911646586346,-0.01355421686746988,186.5,20956.75,21454.5,5983,6362,21548.0,2024-08-01
A1_k1_spike_nearest,-1,2024-08-01 13:30:00+00:00,2024-08-01 13:43:00+00:00,21552.5,21636.0,2024-08-01 14:21:00+00:00,target,98.0,97.5,83.5,1.1676646706586826,1.1736526946107784,1.3682634730538923,-0.8592814371257484,195.0,21635.5,21552.25,6327,6409,21454.5,2024-08-01
A1_k1_spike_nearest,1,2024-08-01 13:30:00+00:00,2024-08-01 14:29:00+00:00,21393.0,20956.25,2024-08-01 16:00:00+00:00,time,-288.25,-289.0,436.75,-0.661705781339439,-0.659988551803091,0.07727532913566114,-0.6971951917572983,-578.0,20956.75,21393.25,5983,6217,21548.0,2024-08-01
A1_k1_spike_nearest,1,2024-08-02 13:30:00+00:00,2024-08-02 13:34:00+00:00,20487.75,20450.0,2024-08-02 13:39:00+00:00,target,123.75,123.25,37.75,3.2649006622516556,3.2781456953642385,4.629139072847682,-0.09271523178807947,246.5,20450.5,20488.0,6682,6687,20611.5,2024-08-02
A1_k1_spike_nearest,-1,2024-08-02 13:30:00+00:00,2024-08-02 13:40:00+00:00,20690.75,21636.0,2024-08-02 14:04:00+00:00,target,202.75,202.25,945.25,0.2139645596403068,0.21449352023274265,0.21608040201005024,-0.013752975403332451,404.5,21635.5,20690.5,6327,6681,20488.0,2024-08-02
A1_k1_spike_nearest,1,2024-08-02 13:40:00+00:00,2024-08-02 14:05:00+00:00,20484.0,20450.0,2024-08-02 14:05:00+00:00,stop,-34.0,-34.75,34.0,-1.0220588235294117,-1.0,0.22794117647058823,-1.5441176470588236,-69.5,20450.5,20484.25,6682,6693,20690.5,2024-08-02
A1_k1_spike_nearest,-1,2024-08-02 14:40:00+00:00,2024-08-02 14:49:00+00:00,20471.75,21636.0,2024-08-02 16:00:00+00:00,time,-64.25,-65.0,1164.25,-0.0558299334335409,-0.055185741893923126,0.10736525660296328,-0.08653639682198841,-130.0,21635.5,20471.5,6327,6705,20328.25,2024-08-02
A1_k1_spike_nearest,1,2024-08-05 13:30:00+00:00,2024-08-05 13:30:00+00:00,19502.25,19288.0,2024-08-05 13:34:00+00:00,target,140.0,139.5,214.25,0.6511085180863477,0.6534422403733956,0.6977829638273045,-0.23570595099183198,279.0,19288.5,19502.5,6878,6966,19642.25,2024-08-05
A1_k1_spike_nearest,-1,2024-08-05 13:30:00+00:00,2024-08-05 13:36:00+00:00,19699.5,20924.5,2024-08-05 16:00:00+00:00,time,-349.75,-350.5,1225.0,-0.2861224489795918,-0.28551020408163263,0.06836734693877551,-0.35306122448979593,-701.0,20924.0,19699.25,6507,6946,19502.5,2024-08-05
A1_k1_spike_nearest,-1,2024-08-06 13:30:00+00:00,2024-08-06 13:30:00+00:00,20055.75,20378.5,2024-08-06 13:36:00+00:00,target,49.25,48.75,322.75,0.15104570100697134,0.15259488768396592,0.17118512780790085,-0.18745158791634392,97.5,20378.0,20055.5,7097,7237,20006.5,2024-08-06
A1_k1_spike_nearest,1,2024-08-06 13:30:00+00:00,2024-08-06 13:37:00+00:00,19986.0,19288.0,2024-08-06 13:52:00+00:00,target,66.0,65.5,698.0,0.09383954154727794,0.09455587392550144,0.10744985673352435,-0.11783667621776504,131.0,19288.5,19986.25,6878,7201,20052.0,2024-08-06
A1_k1_spike_nearest,-1,2024-08-06 13:40:00+00:00,2024-08-06 14:02:00+00:00,20116.5,20378.5,2024-08-06 16:00:00+00:00,time,-168.0,-168.75,262.0,-0.6440839694656488,-0.6412213740458015,0.191793893129771,-0.708969465648855,-337.5,20378.0,20116.25,7097,7245,19960.25,2024-08-06
A1_k1_spike_nearest,-1,2024-08-07 13:30:00+00:00,2024-08-07 13:30:00+00:00,20405.25,20426.0,2024-08-07 13:30:00+00:00,stop,-20.75,-21.5,20.75,-1.036144578313253,-1.0,1.1566265060240963,-1.2409638554216869,-43.0,20425.5,20405.0,7309,7494,20347.5,2024-08-07
A1_k1_spike_nearest,1,2024-08-07 13:50:00+00:00,2024-08-07 13:55:00+00:00,20417.25,19903.25,2024-08-07 14:00:00+00:00,target,66.0,65.5,514.0,0.12743190661478598,0.12840466926070038,0.14883268482490272,-0.004377431906614786,131.0,19903.75,20417.5,7248,7523,20483.25,2024-08-07
A1_k1_spike_nearest,1,2024-08-07 14:05:00+00:00,2024-08-07 14:05:00+00:00,20414.75,19903.25,2024-08-07 16:00:00+00:00,time,-71.5,-72.25,511.5,-0.1412512218963832,-0.13978494623655913,0.15102639296187684,-0.2561094819159335,-144.5,19903.75,20415.0,7248,7526,20501.0,2024-08-07
A1_k1_spike_nearest,1,2024-08-08 13:30:00+00:00,2024-08-08 13:38:00+00:00,20090.75,19802.0,2024-08-08 14:02:00+00:00,target,105.25,104.75,288.75,0.36277056277056274,0.3645021645021645,0.41125541125541126,-0.2891774891774892,209.5,19802.5,20091.0,7644,7791,20196.0,2024-08-08
A1_k1_spike_nearest,-1,2024-08-08 13:30:00+00:00,2024-08-08 14:15:00+00:00,20250.75,20501.5,2024-08-08 16:00:00+00:00,time,-95.25,-96.0,250.75,-0.382851445663011,-0.3798604187437687,0.07377866400797607,-0.518444666001994,-192.0,20501.0,20250.5,7525,7562,20091.0,2024-08-08
A1_k1_spike_nearest,-1,2024-08-09 13:30:00+00:00,2024-08-09 13:30:00+00:00,20411.5,20541.25,2024-08-09 16:00:00+00:00,time,-11.0,-11.75,129.75,-0.0905587668593449,-0.08477842003853564,0.49903660886319845,-0.8554913294797688,-23.5,20540.75,20411.25,8046,8060,20346.25,2024-08-09
A1_k1_spike_nearest,1,2024-08-12 13:30:00+00:00,2024-08-12 13:30:00+00:00,20582.5,20325.0,2024-08-12 14:16:00+00:00,target,33.25,32.75,257.5,0.12718446601941746,0.129126213592233,0.16990291262135923,-0.45048543689320386,65.5,20325.5,20582.75,8062,8328,20615.75,2024-08-12
A1_k1_spike_nearest,1,2024-08-12 14:55:00+00:00,2024-08-12 15:22:00+00:00,20644.5,20325.0,2024-08-12 16:00:00+00:00,time,18.0,17.25,319.5,0.0539906103286385,0.056338028169014086,0.13771517996870108,-0.3935837245696401,34.5,20325.5,20644.75,8062,8364,20686.25,2024-08-12
A1_k1_spike_nearest,1,2024-08-13 14:25:00+00:00,2024-08-13 14:31:00+00:00,20812.75,20456.5,2024-08-13 14:46:00+00:00,target,51.75,51.25,356.25,0.14385964912280702,0.14526315789473684,0.15719298245614036,-0.04070175438596491,102.5,20457.0,20813.0,8166,8634,20864.5,2024-08-13
A1_k1_spike_nearest,-1,2024-08-14 13:30:00+00:00,2024-08-14 13:30:00+00:00,21098.0,21105.75,2024-08-14 13:30:00+00:00,stop,-7.75,-8.5,7.75,-1.096774193548387,-1.0,3.5483870967741935,-1.4838709677419355,-17.0,21105.25,21097.75,8889,8896,21064.5,2024-08-14
A1_k1_spike_nearest,1,2024-08-14 13:30:00+00:00,2024-08-14 13:33:00+00:00,21064.25,20570.75,2024-08-14 15:50:00+00:00,target,33.5,33.0,493.5,0.0668693009118541,0.06788247213779129,0.0734549138804458,-0.3976697061803445,66.0,20571.25,21064.5,8447,8898,21097.75,2024-08-14
A1_k1_spike_nearest,-1,2024-08-15 13:30:00+00:00,2024-08-15 13:30:00+00:00,21297.75,21313.25,2024-08-15 13:32:00+00:00,stop,-15.5,-16.25,15.5,-1.0483870967741935,-1.0,1.2258064516129032,-1.6774193548387097,-32.5,21312.75,21297.5,9169,9171,21259.5,2024-08-15
A1_k1_spike_nearest,1,2024-08-16 13:30:00+00:00,2024-08-16 13:30:00+00:00,21417.75,21042.25,2024-08-16 14:15:00+00:00,target,90.75,90.25,375.5,0.2403462050599201,0.24167776298268975,0.2583222370173103,-0.03395472703062583,180.5,21042.75,21418.0,9012,9449,21508.5,2024-08-16
A1_k1_spike_nearest,-1,2024-08-16 13:30:00+00:00,2024-08-16 14:20:00+00:00,21531.25,21602.75,2024-08-16 16:00:00+00:00,time,13.75,13.0,71.5,0.18181818181818182,0.19230769230769232,1.3461538461538463,-0.038461538461538464,26.0,21602.25,21531.0,9383,9431,21418.0,2024-08-16
A1_k1_spike_nearest,1,2024-08-19 13:30:00+00:00,2024-08-19 13:30:00+00:00,21543.5,21387.25,2024-08-19 14:51:00+00:00,target,37.5,37.0,156.25,0.2368,0.24,0.2832,-0.4592,74.0,21387.75,21543.75,9445,9707,21581.0,2024-08-19
A1_k1_spike_nearest,-1,2024-08-19 13:30:00+00:00,2024-08-19 14:53:00+00:00,21597.75,21631.0,2024-08-19 16:00:00+00:00,time,16.75,16.0,33.25,0.48120300751879697,0.5037593984962406,1.0827067669172932,-0.7443609022556391,32.0,21630.5,21597.5,9609,9613,21557.25,2024-08-19
A1_k1_spike_nearest,-1,2024-08-20 13:30:00+00:00,2024-08-20 13:30:00+00:00,21771.25,21842.75,2024-08-20 13:53:00+00:00,stop,-71.5,-72.25,71.5,-1.0104895104895104,-1.0,0.16783216783216784,-1.0174825174825175,-144.5,21842.25,21771.0,9956,10002,21706.25,2024-08-20
A1_k1_spike_nearest,1,2024-08-20 14:10:00+00:00,2024-08-20 14:11:00+00:00,21821.5,21467.0,2024-08-20 16:00:00+00:00,time,-26.25,-27.0,354.5,-0.076163610719323,-0.07404795486600846,0.036671368124118475,-0.383638928067701,-54.0,21467.5,21821.75,9664,10011,21867.25,2024-08-20
A1_k1_spike_nearest,1,2024-08-21 13:30:00+00:00,2024-08-21 13:30:00+00:00,21778.0,21685.0,2024-08-21 13:40:00+00:00,target,20.25,19.75,93.0,0.21236559139784947,0.21774193548387097,0.26881720430107525,-0.239247311827957,39.5,21685.5,21778.25,10019,10275,21798.25,2024-08-21
A1_k1_spike_nearest,-1,2024-08-21 13:30:00+00:00,2024-08-21 13:46:00+00:00,21810.75,21867.75,2024-08-21 14:32:00+00:00,target,32.5,32.0,57.0,0.5614035087719298,0.5701754385964912,0.5964912280701754,-0.8201754385964912,64.0,21867.25,21810.5,10010,10064,21778.25,2024-08-21
A1_k1_spike_nearest,-1,2024-08-21 14:10:00+00:00,2024-08-21 14:36:00+00:00,21857.75,21867.75,2024-08-21 14:36:00+00:00,stop,-10.0,-10.75,10.0,-1.075,-1.0,4.975,-2.3,-21.5,21867.25,21857.5,10010,10287,21755.75,2024-08-21
A1_k1_spike_nearest,1,2024-08-21 13:30:00+00:00,2024-08-21 14:52:00+00:00,21752.5,21685.0,2024-08-21 15:05:00+00:00,target,45.75,45.25,67.5,0.6703703703703704,0.6777777777777778,0.7666666666666667,-0.1259259259259259,90.5,21685.5,21752.75,10019,10243,21798.25,2024-08-21
A1_k1_spike_nearest,1,2024-08-22 13:45:00+00:00,2024-08-22 13:45:00+00:00,21912.25,21713.25,2024-08-22 15:37:00+00:00,stop,-199.0,-199.75,199.0,-1.0037688442211055,-1.0,0.1972361809045226,-1.013819095477387,-399.5,21713.75,21912.5,10311,10558,21968.25,2024-08-22
A1_k1_spike_nearest,1,2024-08-23 13:30:00+00:00,2024-08-23 13:30:00+00:00,21691.0,21484.0,2024-08-23 14:01:00+00:00,target,82.75,82.25,207.0,0.3973429951690821,0.3997584541062802,0.4722222222222222,-0.2028985507246377,164.5,21484.5,21691.25,10634,10826,21773.75,2024-08-23
A1_k1_spike_nearest,-1,2024-08-23 14:10:00+00:00,2024-08-23 14:10:00+00:00,21810.75,21968.75,2024-08-23 14:48:00+00:00,target,160.0,159.5,158.0,1.009493670886076,1.0126582278481013,1.4367088607594938,-0.22151898734177214,319.0,21968.25,21810.5,10557,10839,21650.75,2024-08-23
A1_k1_spike_nearest,1,2024-08-23 13:30:00+00:00,2024-08-23 14:51:00+00:00,21574.5,21484.0,2024-08-23 16:00:00+00:00,time,85.5,84.75,90.5,0.93646408839779,0.9447513812154696,2.0607734806629834,-0.10220994475138122,169.5,21484.5,21574.75,10634,10681,21773.75,2024-08-23
A1_k1_spike_nearest,1,2024-08-26 13:30:00+00:00,2024-08-26 13:30:00+00:00,21701.75,21534.0,2024-08-26 13:33:00+00:00,target,31.25,30.75,167.75,0.18330849478390462,0.18628912071535023,0.21311475409836064,-0.09836065573770492,61.5,21534.5,21702.0,10872,11103,21733.0,2024-08-26
A1_k1_spike_nearest,-1,2024-08-26 13:30:00+00:00,2024-08-26 13:34:00+00:00,21741.5,21846.25,2024-08-26 13:41:00+00:00,target,34.75,34.25,104.75,0.3269689737470167,0.3317422434367542,0.38663484486873506,-0.02386634844868735,68.5,21845.75,21741.25,10844,11085,21706.75,2024-08-26
A1_k1_spike_nearest,1,2024-08-26 13:40:00+00:00,2024-08-26 13:45:00+00:00,21685.0,21534.0,2024-08-26 14:31:00+00:00,stop,-151.0,-151.75,151.0,-1.0049668874172186,-1.0,0.1291390728476821,-1.1009933774834437,-303.5,21534.5,21685.25,10872,11109,21744.0,2024-08-26
A1_k1_spike_nearest,-1,2024-08-26 15:10:00+00:00,2024-08-26 15:23:00+00:00,21559.25,21846.25,2024-08-26 16:00:00+00:00,time,60.75,60.0,287.0,0.20905923344947736,0.21167247386759583,0.2587108013937282,-0.06010452961672474,120.0,21845.75,21559.0,10844,11127,21449.0,2024-08-26
A1_k1_spike_nearest,-1,2024-08-27 13:55:00+00:00,2024-08-27 13:55:00+00:00,21510.75,21789.25,2024-08-27 16:00:00+00:00,time,-42.0,-42.75,278.5,-0.15350089766606823,-0.15080789946140036,0.14721723518850988,-0.4533213644524237,-85.5,21788.75,21510.5,11044,11372,21384.25,2024-08-27
A1_k1_spike_nearest,-1,2024-08-28 13:30:00+00:00,2024-08-28 13:30:00+00:00,21593.75,21637.5,2024-08-28 13:39:00+00:00,target,55.75,55.25,43.75,1.262857142857143,1.2742857142857142,1.502857142857143,-0.12571428571428572,110.5,21637.0,21593.5,11403,11639,21538.0,2024-08-28
A1_k1_spike_nearest,1,2024-08-28 13:30:00+00:00,2024-08-28 13:45:00+00:00,21521.25,21502.0,2024-08-28 13:45:00+00:00,stop,-19.25,-20.0,19.25,-1.0389610389610389,-1.0,0.5974025974025974,-1.0,-40.0,21502.5,21521.5,11492,11503,21593.25,2024-08-28
A1_k1_spike_nearest,-1,2024-08-28 14:05:00+00:00,2024-08-28 14:20:00+00:00,21514.0,21637.5,2024-08-28 15:00:00+00:00,target,129.75,129.25,123.5,1.0465587044534412,1.0506072874493928,1.1194331983805668,-0.17813765182186234,258.5,21637.0,21513.75,11403,11666,21384.25,2024-08-28
A1_k1_spike_nearest,-1,2024-08-29 13:30:00+00:00,2024-08-29 13:30:00+00:00,21447.5,21629.0,2024-08-29 14:50:00+00:00,stop,-181.5,-182.25,181.5,-1.0041322314049588,-1.0,0.1487603305785124,-1.0303030303030303,-364.5,21628.5,21447.25,11612,11935,21406.0,2024-08-29
A1_k1_spike_nearest,1,2024-08-29 15:05:00+00:00,2024-08-29 15:06:00+00:00,21568.5,21081.0,2024-08-29 16:00:00+00:00,time,6.5,5.75,487.5,0.011794871794871795,0.013333333333333334,0.12410256410256411,-0.07179487179487179,11.5,21081.5,21568.75,11760,11954,21634.5,2024-08-29
A1_k1_spike_nearest,-1,2024-08-30 13:30:00+00:00,2024-08-30 13:30:00+00:00,21517.5,21635.0,2024-08-30 13:34:00+00:00,target,58.25,57.75,117.5,0.49148936170212765,0.4957446808510638,0.5085106382978724,-0.01702127659574468,115.5,21634.5,21517.25,11953,12201,21459.25,2024-08-30
A1_k1_spike_nearest,-1,2024-08-30 13:40:00+00:00,2024-08-30 13:45:00+00:00,21519.75,21635.0,2024-08-30 14:57:00+00:00,target,69.0,68.5,115.25,0.5943600867678959,0.5986984815618221,0.8915401301518439,-0.4403470715835141,137.0,21634.5,21519.5,11953,12213,21450.75,2024-08-30
A1_k1_spike_nearest,1,2024-08-30 13:30:00+00:00,2024-08-30 15:00:00+00:00,21393.5,21081.0,2024-08-30 16:00:00+00:00,time,10.75,10.0,312.5,0.032,0.0344,0.1672,-0.1176,20.0,21081.5,21393.75,11760,12115,21501.75,2024-08-30
A1_k1_spike_nearest,1,2024-09-02 13:35:00+00:00,2024-09-02 13:35:00+00:00,21557.25,21312.0,2024-09-02 13:44:00+00:00,target,23.25,22.75,245.25,0.09276248725790011,0.09480122324159021,0.11926605504587157,-0.0030581039755351682,45.5,21312.5,21557.5,12250,12488,21580.5,2024-09-02
A1_k1_spike_nearest,1,2024-09-02 13:55:00+00:00,2024-09-02 14:02:00+00:00,21556.25,21312.0,2024-09-02 14:36:00+00:00,target,31.5,31.0,244.25,0.1269191402251791,0.12896622313203684,0.1586489252814739,-0.10644831115660185,62.0,21312.5,21556.5,12250,12490,21587.75,2024-09-02
A1_k1_spike_nearest,1,2024-09-02 15:20:00+00:00,2024-09-02 15:27:00+00:00,21594.5,21312.0,2024-09-02 16:00:00+00:00,time,1.25,0.5,282.5,0.0017699115044247787,0.004424778761061947,0.019469026548672566,-0.035398230088495575,1.0,21312.5,21594.75,12250,12508,21612.25,2024-09-02
A1_k1_spike_nearest,1,2024-09-03 13:30:00+00:00,2024-09-03 13:30:00+00:00,21396.0,21387.25,2024-09-03 13:31:00+00:00,stop,-8.75,-9.5,8.75,-1.0857142857142856,-1.0,3.4,-3.1714285714285713,-19.0,21387.75,21396.25,12669,12675,21464.5,2024-09-03
A1_k1_spike_nearest,-1,2024-09-04 13:30:00+00:00,2024-09-04 13:34:00+00:00,20860.0,21626.0,2024-09-04 14:00:00+00:00,target,63.0,62.5,766.0,0.08159268929503917,0.08224543080939947,0.10639686684073107,-0.09595300261096605,125.0,21625.5,20859.75,12533,12984,20797.0,2024-09-04
A1_k1_spike_nearest,-1,2024-09-04 13:30:00+00:00,2024-09-04 14:10:00+00:00,20942.75,21626.0,2024-09-04 16:00:00+00:00,time,-8.0,-8.75,683.25,-0.012806439809732895,-0.011708744968898645,0.1247713135748262,-0.16794731064763996,-17.5,21625.5,20942.5,12533,12812,20797.0,2024-09-04
A1_k1_spike_nearest,-1,2024-09-05 13:30:00+00:00,2024-09-05 13:32:00+00:00,20860.0,21030.75,2024-09-05 14:00:00+00:00,stop,-170.75,-171.5,170.75,-1.0043923865300146,-1.0,0.17715959004392387,-1.0424597364568082,-343.0,21030.25,20859.75,13030,13265,20810.5,2024-09-05
A1_k1_spike_nearest,1,2024-09-05 14:40:00+00:00,2024-09-05 14:40:00+00:00,21027.25,20766.25,2024-09-05 16:00:00+00:00,time,-223.75,-224.5,261.0,-0.8601532567049809,-0.85727969348659,0.1082375478927203,-0.9300766283524904,-449.0,20766.75,21027.5,12846,13281,21092.75,2024-09-05
A1_k1_spike_nearest,1,2024-09-06 13:30:00+00:00,2024-09-06 13:32:00+00:00,20849.25,20645.75,2024-09-06 14:24:00+00:00,stop,-203.5,-204.25,203.5,-1.0036855036855037,-1.0,0.19533169533169534,-1.0945945945945945,-408.5,20646.25,20849.5,13494,13538,20974.5,2024-09-06
A1_k1_spike_nearest,-1,2024-09-09 13:30:00+00:00,2024-09-09 13:30:00+00:00,20571.25,20915.5,2024-09-09 14:30:00+00:00,target,27.0,37.0,344.25,0.1074800290486565,0.0784313725490196,0.13725490196078433,-0.2665214233841685,74.0,20915.0,20560.5,13543,13799,20533.75,2024-09-09
A1_k1_spike_nearest,1,2024-09-09 13:30:00+00:00,2024-09-09 14:33:00+00:00,20519.5,20279.25,2024-09-09 15:50:00+00:00,target,37.0,36.5,240.25,0.15192507804370448,0.15400624349635797,0.1768990634755463,-0.331945889698231,73.0,20279.75,20519.75,13633,13812,20556.5,2024-09-09
A1_k1_spike_nearest,1,2024-09-10 13:30:00+00:00,2024-09-10 13:30:00+00:00,20691.5,20328.75,2024-09-10 13:31:00+00:00,target,29.0,28.5,362.75,0.07856650585802895,0.07994486560992418,0.14403859407305306,-0.004135079255685734,57.0,20329.25,20691.75,13650,14091,20720.5,2024-09-10
A1_k1_spike_nearest,1,2024-09-10 13:30:00+00:00,2024-09-10 13:38:00+00:00,20676.25,20328.75,2024-09-10 13:54:00+00:00,target,44.25,43.75,347.5,0.12589928057553956,0.12733812949640289,0.1446043165467626,-0.03525179856115108,87.5,20329.25,20676.5,13650,14085,20720.5,2024-09-10
A1_k1_spike_nearest,-1,2024-09-10 14:05:00+00:00,2024-09-10 14:08:00+00:00,20749.0,20764.75,2024-09-10 14:13:00+00:00,target,83.75,83.25,15.75,5.285714285714286,5.317460317460317,6.444444444444445,-0.6349206349206349,166.5,20764.25,20748.75,14097,14102,20665.25,2024-09-10
A1_k1_spike_nearest,1,2024-09-10 13:30:00+00:00,2024-09-10 14:15:00+00:00,20635.75,20328.75,2024-09-10 14:29:00+00:00,target,84.75,84.25,307.0,0.2744299674267101,0.2760586319218241,0.3127035830618892,-0.021172638436482084,168.5,20329.25,20636.0,13650,14079,20720.5,2024-09-10
A1_k1_spike_nearest,1,2024-09-10 14:25:00+00:00,2024-09-10 14:51:00+00:00,20629.0,20328.75,2024-09-10 16:00:00+00:00,time,-63.0,-63.75,300.25,-0.21232306411323898,-0.20982514571190675,0.3463780183180683,-0.2589508742714405,-127.5,20329.25,20629.25,13650,14106,20759.0,2024-09-10
A1_k1_spike_nearest,1,2024-09-11 13:30:00+00:00,2024-09-11 14:00:00+00:00,20702.75,20524.5,2024-09-11 14:43:00+00:00,stop,-178.25,-179.0,178.25,-1.0042075736325387,-1.0,0.31136044880785413,-1.0392706872370268,-358.0,20525.0,20703.0,14045,14363,20871.75,2024-09-11
A1_k1_spike_nearest,1,2024-09-12 13:30:00+00:00,2024-09-12 13:30:00+00:00,21176.0,21040.0,2024-09-12 13:37:00+00:00,target,51.25,50.75,136.0,0.37316176470588236,0.37683823529411764,0.39889705882352944,-0.17279411764705882,101.5,21040.5,21176.25,14439,14487,21227.25,2024-09-12
A1_k1_spike_nearest,1,2024-09-12 13:40:00+00:00,2024-09-12 13:49:00+00:00,21152.25,21040.0,2024-09-12 14:12:00+00:00,target,92.75,92.25,112.25,0.821826280623608,0.8262806236080178,0.8730512249443207,-0.2182628062360802,184.5,21040.5,21152.5,14439,14649,21245.0,2024-09-12
A1_k1_spike_nearest,-1,2024-09-12 13:30:00+00:00,2024-09-12 14:17:00+00:00,21275.25,21285.5,2024-09-12 14:20:00+00:00,stop,-10.25,-11.0,10.25,-1.0731707317073171,-1.0,2.1707317073170733,-1.2439024390243902,-22.0,21285.0,21275.0,14561,14599,21194.75,2024-09-12
A1_k1_spike_nearest,1,2024-09-12 14:55:00+00:00,2024-09-12 14:59:00+00:00,21226.25,21040.0,2024-09-12 15:13:00+00:00,target,82.25,81.75,186.25,0.4389261744966443,0.44161073825503355,0.5610738255033557,-0.15302013422818792,163.5,21040.5,21226.5,14439,14664,21308.5,2024-09-12
A1_k1_spike_nearest,1,2024-09-13 13:30:00+00:00,2024-09-13 13:30:00+00:00,21343.75,21127.25,2024-09-13 13:36:00+00:00,target,57.25,56.75,216.5,0.26212471131639725,0.2644341801385681,0.28983833718244806,-0.02424942263279446,113.5,21127.75,21344.0,14653,14728,21401.0,2024-09-13
A1_k1_spike_nearest,-1,2024-09-13 13:30:00+00:00,2024-09-13 13:37:00+00:00,21421.0,21431.5,2024-09-13 13:43:00+00:00,stop,-10.5,-11.25,10.5,-1.0714285714285714,-1.0,2.5952380952380953,-1.7380952380952381,-22.5,21431.0,21420.75,14831,14880,21355.0,2024-09-13
A1_k1_spike_nearest,-1,2024-09-16 13:30:00+00:00,2024-09-16 13:30:00+00:00,21379.75,21520.0,2024-09-16 13:31:00+00:00,target,16.0,30.75,140.25,0.2192513368983957,0.1140819964349376,0.23885918003565063,-0.026737967914438502,61.5,21519.5,21379.5,14977,15198,21363.75,2024-09-16
A1_k1_spike_nearest,-1,2024-09-16 13:45:00+00:00,2024-09-16 13:55:00+00:00,21383.75,21520.0,2024-09-16 14:34:00+00:00,target,114.5,114.0,136.25,0.8366972477064221,0.8403669724770643,1.0055045871559634,-0.1669724770642202,228.0,21519.5,21383.5,14977,15201,21269.25,2024-09-16
A1_k1_spike_nearest,1,2024-09-16 14:55:00+00:00,2024-09-16 15:00:00+00:00,21258.0,21241.0,2024-09-16 15:12:00+00:00,target,57.5,57.0,17.0,3.3529411764705883,3.3823529411764706,3.6470588235294117,-0.7352941176470589,114.0,21241.5,21258.25,15214,15216,21315.5,2024-09-16
A1_k1_spike_nearest,-1,2024-09-17 13:30:00+00:00,2024-09-17 13:30:00+00:00,21521.75,21530.0,2024-09-17 13:31:00+00:00,stop,-8.25,-9.0,8.25,-1.0909090909090908,-1.0,3.6666666666666665,-1.7575757575757576,-18.0,21529.5,21521.5,15465,15473,21484.0,2024-09-17
A1_k1_spike_nearest,1,2024-09-17 13:30:00+00:00,2024-09-17 13:34:00+00:00,21483.75,21241.0,2024-09-17 14:12:00+00:00,target,37.75,37.25,242.75,0.15345005149330587,0.15550978372811536,0.17610710607621008,-0.27188465499485065,74.5,21241.5,21484.0,15214,15468,21521.5,2024-09-17
A1_k1_spike_nearest,1,2024-09-17 14:20:00+00:00,2024-09-17 14:21:00+00:00,21482.75,21241.0,2024-09-17 14:44:00+00:00,target,43.75,43.25,241.75,0.17890382626680454,0.1809720785935884,0.18304033092037228,-0.09307135470527404,86.5,21241.5,21483.0,15214,15485,21526.5,2024-09-17
A1_k1_spike_nearest,1,2024-09-17 14:45:00+00:00,2024-09-17 14:59:00+00:00,21460.0,21241.0,2024-09-17 16:00:00+00:00,time,22.0,21.25,219.0,0.09703196347031963,0.1004566210045662,0.2876712328767123,-0.0547945205479452,42.5,21241.5,21460.25,15214,15490,21536.25,2024-09-17
A1_k1_spike_nearest,-1,2024-09-18 13:30:00+00:00,2024-09-18 13:30:00+00:00,21442.25,21558.5,2024-09-18 13:31:00+00:00,target,16.5,16.0,116.25,0.13763440860215054,0.14193548387096774,0.22580645161290322,-0.004301075268817204,32.0,21558.0,21442.0,15492,15747,21425.75,2024-09-18
A1_k1_spike_nearest,1,2024-09-18 13:30:00+00:00,2024-09-18 13:38:00+00:00,21377.5,21283.25,2024-09-18 16:00:00+00:00,time,-74.25,-75.0,94.25,-0.7957559681697612,-0.7877984084880637,0.5676392572944297,-0.9336870026525199,-150.0,21283.75,21377.75,15528,15738,21442.0,2024-09-18
A1_k1_spike_nearest,1,2024-09-19 13:30:00+00:00,2024-09-19 13:50:00+00:00,21685.25,21266.25,2024-09-19 14:05:00+00:00,target,60.75,60.25,419.0,0.14379474940334128,0.14498806682577567,0.1509546539379475,-0.03818615751789976,120.5,21266.75,21685.5,15828,16024,21746.0,2024-09-19
A1_k1_spike_nearest,1,2024-09-19 14:55:00+00:00,2024-09-19 14:55:00+00:00,21783.25,21266.25,2024-09-19 16:00:00+00:00,time,21.5,20.75,517.0,0.04013539651837524,0.041586073500967116,0.15038684719535783,-0.054642166344294,41.5,21266.75,21783.5,15828,16044,21864.5,2024-09-19
A1_k1_spike_nearest,1,2024-09-20 13:30:00+00:00,2024-09-20 13:58:00+00:00,21717.75,21347.75,2024-09-20 16:00:00+00:00,time,-37.25,-38.0,370.0,-0.10270270270270271,-0.10067567567567567,0.03918918918918919,-0.4101351351351351,-76.0,21348.25,21718.0,15861,16300,21858.25,2024-09-20
A1_k1_spike_nearest,1,2024-09-23 13:30:00+00:00,2024-09-23 13:32:00+00:00,21750.25,21565.5,2024-09-23 13:49:00+00:00,target,54.5,54.0,184.75,0.2922868741542625,0.29499323410013534,0.3071718538565629,-0.06765899864682003,108.0,21566.0,21750.5,16326,16556,21804.75,2024-09-23
A1_k1_spike_nearest,-1,2024-09-23 13:30:00+00:00,2024-09-23 13:50:00+00:00,21808.5,21870.5,2024-09-23 13:52:00+00:00,target,40.25,39.75,62.0,0.6411290322580645,0.6491935483870968,0.6854838709677419,-0.056451612903225805,79.5,21870.0,21808.25,16458,16500,21768.25,2024-09-23
A1_k1_spike_nearest,-1,2024-09-23 14:00:00+00:00,2024-09-23 14:23:00+00:00,21812.25,21870.5,2024-09-23 16:00:00+00:00,time,1.0,0.25,58.25,0.004291845493562232,0.017167381974248927,1.0171673819742488,-0.351931330472103,0.5,21870.0,21812.0,16458,16585,21737.75,2024-09-23
A1_k1_spike_nearest,1,2024-09-24 13:30:00+00:00,2024-09-24 13:34:00+00:00,21812.75,21660.5,2024-09-24 14:41:00+00:00,stop,-152.25,-153.0,152.25,-1.0049261083743843,-1.0,0.14942528735632185,-1.0164203612479474,-306.0,21661.0,21813.0,16506,16850,21861.5,2024-09-24
A1_k1_spike_nearest,-1,2024-09-24 14:40:00+00:00,2024-09-24 14:46:00+00:00,21718.25,21885.75,2024-09-24 15:52:00+00:00,stop,-167.5,-168.25,167.5,-1.0044776119402985,-1.0,0.0955223880597015,-1.0223880597014925,-336.5,21885.25,21718.0,16795,16869,21669.75,2024-09-24
A1_k1_spike_nearest,-1,2024-09-25 13:30:00+00:00,2024-09-25 13:30:00+00:00,21863.25,21921.25,2024-09-25 13:56:00+00:00,stop,-58.0,-58.75,58.0,-1.0129310344827587,-1.0,0.3275862068965517,-1.1077586206896552,-117.5,21920.75,21863.0,16886,16976,21845.25,2024-09-25
A1_k1_spike_nearest,1,2024-09-25 14:40:00+00:00,2024-09-25 14:49:00+00:00,21917.75,21657.5,2024-09-25 16:00:00+00:00,time,-5.25,-6.0,260.25,-0.023054755043227664,-0.020172910662824207,0.12968299711815562,-0.12487992315081652,-12.0,21658.0,21918.0,16871,17145,21978.75,2024-09-25
A1_k1_spike_nearest,1,2024-09-26 13:30:00+00:00,2024-09-26 13:30:00+00:00,22184.0,21769.25,2024-09-26 16:00:00+00:00,time,-157.25,-158.0,414.75,-0.38095238095238093,-0.3791440626883665,0.09644364074743822,-0.6992163954189271,-316.0,21769.75,22184.25,17057,17397,22243.75,2024-09-26
A1_k1_spike_nearest,1,2024-09-27 13:30:00+00:00,2024-09-27 13:30:00+00:00,22062.25,21893.5,2024-09-27 16:00:00+00:00,time,-120.5,-121.25,168.75,-0.7185185185185186,-0.7140740740740741,0.15851851851851853,-0.7688888888888888,-242.5,21894.0,22062.5,17427,17677,22098.5,2024-09-27
A1_k1_spike_nearest,-1,2024-09-30 13:30:00+00:00,2024-09-30 13:31:00+00:00,21924.25,22102.5,2024-09-30 14:15:00+00:00,target,56.0,55.5,178.25,0.31136044880785413,0.3141654978962132,0.36605890603085556,-0.25666199158485276,111.0,22102.0,21924.0,17676,17924,21868.25,2024-09-30
A1_k1_spike_nearest,1,2024-09-30 14:45:00+00:00,2024-09-30 14:48:00+00:00,21870.25,21833.0,2024-09-30 15:07:00+00:00,target,45.75,45.25,37.25,1.2147651006711409,1.2281879194630871,1.3355704697986577,-0.053691275167785234,90.5,21833.5,21870.5,17972,17974,21916.0,2024-09-30
A1_k1_spike_nearest,-1,2024-09-30 15:15:00+00:00,2024-09-30 15:17:00+00:00,21920.25,22102.5,2024-09-30 16:00:00+00:00,time,6.25,5.5,182.25,0.03017832647462277,0.03429355281207133,0.2578875171467764,-0.11248285322359397,11.0,22102.0,21920.0,17676,17980,21868.25,2024-09-30
A1_k1_spike_nearest,1,2024-10-01 13:30:00+00:00,2024-10-01 13:32:00+00:00,21919.0,21763.0,2024-10-01 13:47:00+00:00,stop,-156.0,-156.75,156.0,-1.0048076923076923,-1.0,0.26121794871794873,-1.1378205128205128,-313.5,21763.5,21919.25,18019,18054,21986.25,2024-10-01
A1_k1_spike_nearest,1,2024-10-01 15:00:00+00:00,2024-10-01 15:00:00+00:00,21615.25,21572.75,2024-10-01 15:08:00+00:00,stop,-42.5,-43.25,42.5,-1.0176470588235293,-1.0,0.4647058823529412,-1.4058823529411764,-86.5,21573.25,21615.5,18249,18253,21670.75,2024-10-01
A1_k1_spike_nearest,1,2024-10-02 13:30:00+00:00,2024-10-02 13:30:00+00:00,21629.75,21549.5,2024-10-02 13:43:00+00:00,stop,-80.25,-81.0,80.25,-1.0093457943925233,-1.0,0.5389408099688473,-1.0654205607476634,-162.0,21550.0,21630.0,18284,18484,21717.5,2024-10-02
A1_k1_spike_nearest,-1,2024-10-02 13:40:00+00:00,2024-10-02 14:03:00+00:00,21673.25,21993.25,2024-10-02 16:00:00+00:00,time,-93.5,-94.25,320.0,-0.29453125,-0.2921875,0.1234375,-0.38203125,-188.5,21992.75,21673.0,18224,18513,21550.0,2024-10-02
A1_k1_spike_nearest,-1,2024-10-03 13:30:00+00:00,2024-10-03 13:30:00+00:00,21631.5,21796.0,2024-10-03 13:31:00+00:00,target,27.75,27.25,164.5,0.1656534954407295,0.16869300911854104,0.1884498480243161,-0.031914893617021274,54.5,21795.5,21631.25,18534,18787,21603.75,2024-10-03
A1_k1_spike_nearest,-1,2024-10-03 13:30:00+00:00,2024-10-03 13:32:00+00:00,21641.5,21796.0,2024-10-03 14:04:00+00:00,stop,-154.5,-155.25,154.5,-1.0048543689320388,-1.0,0.08090614886731391,-1.0161812297734627,-310.5,21795.5,21641.25,18534,18784,21608.75,2024-10-03
A1_k1_spike_nearest,1,2024-10-03 13:50:00+00:00,2024-10-03 14:22:00+00:00,21654.5,21539.0,2024-10-03 14:33:00+00:00,target,57.75,57.25,115.5,0.49567099567099565,0.5,0.6948051948051948,-0.14285714285714285,114.5,21539.5,21654.75,18516,18791,21712.25,2024-10-03
A1_k1_spike_nearest,1,2024-10-03 14:40:00+00:00,2024-10-03 14:42:00+00:00,21637.75,21539.0,2024-10-03 14:53:00+00:00,target,97.0,96.5,98.75,0.9772151898734177,0.9822784810126582,1.0126582278481013,-0.19240506329113924,193.0,21539.5,21638.0,18516,18801,21734.75,2024-10-03
A1_k1_spike_nearest,-1,2024-10-03 15:15:00+00:00,2024-10-03 15:16:00+00:00,21688.25,21738.25,2024-10-03 15:40:00+00:00,stop,-50.0,-50.75,50.0,-1.015,-1.0,0.405,-1.115,-101.5,21737.75,21688.0,18805,18808,21632.75,2024-10-03
A1_k1_spike_nearest,1,2024-10-04 13:40:00+00:00,2024-10-04 13:51:00+00:00,21892.0,21556.5,2024-10-04 16:00:00+00:00,time,-44.5,-45.25,335.5,-0.13487332339791355,-0.13263785394932937,0.044709388971684055,-0.5156482861400894,-90.5,21557.0,21892.25,18720,19065,21969.0,2024-10-04
A1_k1_spike_nearest,-1,2024-10-07 13:30:00+00:00,2024-10-07 13:30:00+00:00,21851.5,21974.5,2024-10-07 13:44:00+00:00,target,33.0,32.5,123.0,0.26422764227642276,0.2682926829268293,0.31097560975609756,-0.1483739837398374,65.0,21974.0,21851.25,19161,19337,21818.5,2024-10-07
A1_k1_spike_nearest,1,2024-10-07 13:30:00+00:00,2024-10-07 13:45:00+00:00,21808.0,21646.75,2024-10-07 13:47:00+00:00,target,43.25,42.75,161.25,0.2651162790697674,0.2682170542635659,0.2992248062015504,-0.009302325581395349,85.5,21647.25,21808.25,18882,19324,21851.25,2024-10-07
A1_k1_spike_nearest,-1,2024-10-07 13:30:00+00:00,2024-10-07 14:16:00+00:00,21871.25,21974.5,2024-10-07 16:00:00+00:00,time,15.0,14.25,103.25,0.13801452784503632,0.14527845036319612,0.4430992736077482,-0.2179176755447942,28.5,21974.0,21871.0,19161,19276,21818.5,2024-10-07
A1_k1_spike_nearest,-1,2024-10-08 13:30:00+00:00,2024-10-08 13:30:00+00:00,21810.25,21974.5,2024-10-08 14:47:00+00:00,stop,-164.25,-165.0,164.25,-1.004566210045662,-1.0,0.2115677321156773,-1.035007610350076,-330.0,21974.0,21810.0,19161,19599,21762.0,2024-10-08
A1_k1_spike_nearest,1,2024-10-08 15:05:00+00:00,2024-10-08 15:11:00+00:00,21935.25,21608.0,2024-10-08 16:00:00+00:00,time,28.0,27.25,327.25,0.08326967150496563,0.0855614973262032,0.09396485867074103,-0.054239877769289534,54.5,21608.5,21935.5,19437,19634,21980.25,2024-10-08
A1_k1_spike_nearest,1,2024-10-09 13:30:00+00:00,2024-10-09 13:30:00+00:00,21985.5,21608.0,2024-10-09 14:07:00+00:00,target,21.25,20.75,377.5,0.05496688741721854,0.056291390728476824,0.06821192052980132,-0.10927152317880795,41.5,21608.5,21985.75,19437,19890,22006.75,2024-10-09
A1_k1_spike_nearest,1,2024-10-10 13:30:00+00:00,2024-10-10 13:30:00+00:00,22052.25,21901.0,2024-10-10 13:32:00+00:00,target,38.75,38.25,151.25,0.2528925619834711,0.256198347107438,0.28264462809917357,-0.04132231404958678,76.5,21901.5,22052.5,19819,20167,22091.0,2024-10-10
A1_k1_spike_nearest,1,2024-10-10 13:40:00+00:00,2024-10-10 13:47:00+00:00,22045.75,21901.0,2024-10-10 14:05:00+00:00,target,50.25,49.75,144.75,0.3436960276338515,0.3471502590673575,0.41450777202072536,-0.2659758203799655,99.5,21901.5,22046.0,19819,20169,22096.0,2024-10-10
A1_k1_spike_nearest,1,2024-10-10 14:30:00+00:00,2024-10-10 14:34:00+00:00,22077.75,21901.0,2024-10-10 14:44:00+00:00,target,44.75,44.25,176.75,0.25035360678925034,0.2531824611032532,0.26449787835926447,-0.06506364922206506,88.5,21901.5,22078.0,19819,20179,22122.5,2024-10-10
A1_k1_spike_nearest,-1,2024-10-10 14:55:00+00:00,2024-10-10 15:14:00+00:00,22127.25,22188.75,2024-10-10 16:00:00+00:00,time,-53.5,-54.25,61.5,-0.8821138211382114,-0.8699186991869918,0.2073170731707317,-1.065040650406504,-108.5,22188.25,22127.0,19969,20184,22066.25,2024-10-10
A1_k1_spike_nearest,1,2024-10-11 13:30:00+00:00,2024-10-11 13:30:00+00:00,22046.5,22006.75,2024-10-11 14:02:00+00:00,target,21.5,32.5,39.75,0.8176100628930818,0.5408805031446541,1.0062893081761006,-0.6855345911949685,65.0,22007.25,22058.25,20173,20390,22079.5,2024-10-11
A1_k1_spike_nearest,-1,2024-10-11 13:30:00+00:00,2024-10-11 14:06:00+00:00,22097.0,22179.75,2024-10-11 14:26:00+00:00,stop,-82.75,-83.5,82.75,-1.0090634441087614,-1.0,0.29003021148036257,-1.0574018126888218,-167.0,22179.25,22096.75,20218,20436,22064.75,2024-10-11
A1_k1_spike_nearest,1,2024-10-14 14:25:00+00:00,2024-10-14 14:51:00+00:00,22297.75,22088.0,2024-10-14 16:00:00+00:00,time,-7.75,-8.5,209.75,-0.04052443384982122,-0.03694874851013111,0.07270560190703218,-0.3182359952324195,-17.0,22088.5,22298.0,20584,20730,22386.0,2024-10-14
A1_k1_spike_nearest,1,2024-10-15 13:30:00+00:00,2024-10-15 13:30:00+00:00,22337.75,22088.0,2024-10-15 14:37:00+00:00,stop,-257.75,-250.5,249.75,-1.003003003003003,-1.032032032032032,0.11011011011011011,-1.032032032032032,-501.0,22088.5,22346.0,20584,20994,22372.75,2024-10-15
A1_k1_spike_nearest,1,2024-10-16 13:30:00+00:00,2024-10-16 13:30:00+00:00,22047.0,21959.5,2024-10-16 13:44:00+00:00,stop,-87.5,-88.25,87.5,-1.0085714285714287,-1.0,0.18857142857142858,-1.1342857142857143,-176.5,21960.0,22047.25,21070,21264,22085.0,2024-10-16
A1_k1_spike_nearest,-1,2024-10-16 14:20:00+00:00,2024-10-16 14:22:00+00:00,22014.75,22365.75,2024-10-16 16:00:00+00:00,time,33.75,33.0,351.0,0.09401709401709402,0.09615384615384616,0.1794871794871795,-0.11609686609686609,66.0,22365.25,22014.5,20998,21281,21911.25,2024-10-16
A1_k1_spike_nearest,1,2024-10-17 13:30:00+00:00,2024-10-17 13:30:00+00:00,22279.0,21982.25,2024-10-17 16:00:00+00:00,time,-67.5,-65.75,296.75,-0.22156697556866048,-0.22746419545071608,0.010109519797809604,-0.7000842459983151,-131.5,21982.75,22281.75,21390,21546,22300.5,2024-10-17
A1_k1_spike_nearest,1,2024-10-18 13:30:00+00:00,2024-10-18 13:30:00+00:00,22162.0,21982.25,2024-10-18 13:45:00+00:00,target,53.75,53.25,179.75,0.29624478442280944,0.29902642559109877,0.30737134909596664,-0.12795549374130738,106.5,21982.75,22162.25,21390,21808,22215.75,2024-10-18
A1_k1_spike_nearest,-1,2024-10-18 13:55:00+00:00,2024-10-18 14:08:00+00:00,22217.5,22235.5,2024-10-18 15:31:00+00:00,stop,-18.0,-18.75,18.0,-1.0416666666666667,-1.0,3.3194444444444446,-1.1388888888888888,-37.5,22235.0,22217.25,21579,21828,22139.0,2024-10-18
A1_k1_spike_nearest,-1,2024-10-21 13:30:00+00:00,2024-10-21 13:30:00+00:00,22143.25,22238.5,2024-10-21 14:06:00+00:00,stop,-95.25,-96.0,95.25,-1.0078740157480315,-1.0,0.14960629921259844,-1.0131233595800524,-192.0,22238.0,22143.0,21849,22058,22102.0,2024-10-21
A1_k1_spike_nearest,1,2024-10-21 13:35:00+00:00,2024-10-21 14:40:00+00:00,22121.75,22026.5,2024-10-21 16:00:00+00:00,time,40.0,39.25,95.25,0.4120734908136483,0.4199475065616798,0.5196850393700787,-0.7427821522309711,78.5,22027.0,22122.0,21669,22100,22172.0,2024-10-21
A1_k1_spike_nearest,-1,2024-10-22 13:30:00+00:00,2024-10-22 13:30:00+00:00,22110.5,22260.75,2024-10-22 16:00:00+00:00,time,-68.5,-69.25,150.25,-0.46089850249584025,-0.4559068219633943,0.23793677204658903,-0.7653910149750416,-138.5,22260.25,22110.25,22110,22375,22068.5,2024-10-22
A1_k1_spike_nearest,-1,2024-10-23 13:30:00+00:00,2024-10-23 13:30:00+00:00,22168.25,22249.0,2024-10-23 14:06:00+00:00,target,93.5,93.0,80.75,1.151702786377709,1.1578947368421053,1.368421052631579,-0.006191950464396285,186.0,22248.5,22168.0,22579,22644,22074.75,2024-10-23
A1_k1_spike_nearest,-1,2024-10-23 14:25:00+00:00,2024-10-23 14:27:00+00:00,22110.75,22249.0,2024-10-23 15:13:00+00:00,target,58.75,58.25,138.25,0.4213381555153707,0.42495479204339964,0.5515370705244123,-0.38517179023508136,116.5,22248.5,22110.5,22579,22662,22052.0,2024-10-23
A1_k1_spike_nearest,1,2024-10-24 13:30:00+00:00,2024-10-24 13:30:00+00:00,22068.25,21784.5,2024-10-24 16:00:00+00:00,time,-34.25,-35.0,283.75,-0.12334801762114538,-0.12070484581497798,0.06079295154185022,-0.34625550660792953,-70.0,21785.0,22068.5,22710,22877,22112.25,2024-10-24
A1_k1_spike_nearest,1,2024-10-25 14:30:00+00:00,2024-10-25 14:48:00+00:00,22347.25,21966.0,2024-10-25 16:00:00+00:00,time,-21.0,-21.75,381.25,-0.057049180327868855,-0.05508196721311476,0.09377049180327869,-0.09967213114754099,-43.5,21966.5,22347.5,22961,23214,22413.5,2024-10-25
A1_k1_spike_nearest,1,2024-10-28 13:30:00+00:00,2024-10-28 13:30:00+00:00,22303.5,22068.75,2024-10-28 16:00:00+00:00,time,-65.5,-66.25,234.75,-0.2822151224707135,-0.2790202342917998,0.12566560170394037,-0.32800851970181044,-132.5,22069.25,22303.75,23037,23468,22361.0,2024-10-28
A1_k1_spike_nearest,-1,2024-10-29 13:30:00+00:00,2024-10-29 13:30:00+00:00,22229.5,22383.25,2024-10-29 13:31:00+00:00,target,35.25,34.75,153.75,0.22601626016260162,0.22926829268292684,0.3089430894308943,-0.02113821138211382,69.5,22382.75,22229.25,23439,23712,22194.25,2024-10-29
A1_k1_spike_nearest,-1,2024-10-29 13:55:00+00:00,2024-10-29 13:57:00+00:00,22223.25,22383.25,2024-10-29 16:00:00+00:00,time,-104.75,-105.5,160.0,-0.659375,-0.6546875,0.1390625,-0.7890625,-211.0,22382.75,22223.0,23439,23760,22138.0,2024-10-29
A1_k1_spike_nearest,1,2024-10-30 13:30:00+00:00,2024-10-30 13:30:00+00:00,22338.5,22137.5,2024-10-30 14:09:00+00:00,target,40.75,40.25,201.0,0.20024875621890548,0.2027363184079602,0.22139303482587064,-0.44527363184079605,80.5,22138.0,22338.75,23758,23798,22379.25,2024-10-30
A1_k1_spike_nearest,-1,2024-10-30 14:15:00+00:00,2024-10-30 14:19:00+00:00,22383.25,22471.25,2024-10-30 16:00:00+00:00,time,5.25,4.5,88.0,0.05113636363636364,0.05965909090909091,0.7840909090909091,-0.2528409090909091,9.0,22470.75,22383.0,23968,24040,22249.0,2024-10-30
A1_k1_spike_nearest,1,2024-10-31 13:30:00+00:00,2024-10-31 13:30:00+00:00,22046.5,21992.5,2024-10-31 13:32:00+00:00,stop,-54.0,-54.75,54.0,-1.0138888888888888,-1.0,0.5277777777777778,-1.2222222222222223,-109.5,21993.0,22046.75,24249,24286,22101.75,2024-10-31
A1_k1_spike_nearest,-1,2024-10-31 14:10:00+00:00,2024-10-31 14:19:00+00:00,21907.0,22471.25,2024-10-31 14:29:00+00:00,target,64.25,63.75,564.25,0.1129818342933097,0.11386796632698272,0.1178555604785113,-0.0008861320336730173,127.5,22470.75,21906.75,23968,24314,21842.75,2024-10-31
A1_k1_spike_nearest,-1,2024-11-01 13:30:00+00:00,2024-11-01 13:40:00+00:00,21838.25,22148.0,2024-11-01 16:00:00+00:00,time,-90.0,-90.75,309.75,-0.2929782082324455,-0.29055690072639223,0.04116222760290557,-0.5004035512510089,-181.5,22147.5,21838.0,24183,24578,21760.0,2024-11-01
A1_k1_spike_nearest,-1,2024-11-04 14:30:00+00:00,2024-11-04 14:30:00+00:00,21838.75,21993.75,2024-11-04 14:34:00+00:00,target,66.5,66.0,155.0,0.4258064516129032,0.4290322580645161,0.5725806451612904,-0.05967741935483871,132.0,21993.25,21838.5,24608,24859,21772.25,2024-11-04
A1_k1_spike_nearest,-1,2024-11-04 14:45:00+00:00,2024-11-04 15:00:00+00:00,21848.25,21993.75,2024-11-04 17:00:00+00:00,time,64.75,64.0,145.5,0.43986254295532645,0.44501718213058417,0.6168384879725086,-0.5807560137457045,128.0,21993.25,21848.0,24608,24861,21719.25,2024-11-04
A1_k1_spike_nearest,-1,2024-11-05 14:30:00+00:00,2024-11-05 14:30:00+00:00,21882.0,21954.5,2024-11-05 14:49:00+00:00,stop,-72.5,-73.25,72.5,-1.0103448275862068,-1.0,0.4,-1.0689655172413792,-146.5,21954.0,21881.75,24767,24912,21813.25,2024-11-05
A1_k1_spike_nearest,1,2024-11-05 15:20:00+00:00,2024-11-05 15:29:00+00:00,21966.0,21718.75,2024-11-05 16:32:00+00:00,target,64.5,64.0,247.25,0.25884732052578363,0.2608695652173913,0.282103134479272,-0.11122345803842265,128.0,21719.25,21966.25,24862,25145,22030.5,2024-11-05
A1_k1_spike_nearest,-1,2024-11-06 14:30:00+00:00,2024-11-06 14:30:00+00:00,22397.75,22438.0,2024-11-06 14:33:00+00:00,stop,-40.25,-41.0,40.25,-1.0186335403726707,-1.0,0.5838509316770186,-1.4099378881987579,-82.0,22437.5,22397.5,25345,25409,22348.5,2024-11-06
A1_k1_spike_nearest,1,2024-11-06 15:50:00+00:00,2024-11-06 15:50:00+00:00,22440.0,21785.75,2024-11-06 17:00:00+00:00,time,64.25,63.5,654.25,0.09705769965609476,0.09820405043943446,0.1146350783339702,-0.06381352693924341,127.0,21786.25,22440.25,24989,25427,22528.0,2024-11-06
A1_k1_spike_nearest,1,2024-11-07 15:25:00+00:00,2024-11-07 15:33:00+00:00,22801.25,22029.0,2024-11-07 15:45:00+00:00,target,34.25,33.75,772.25,0.04370346390417611,0.04435092262868242,0.04726448688896083,-0.011330527678860473,67.5,22029.5,22801.5,25241,25698,22835.5,2024-11-07
A1_k1_spike_nearest,-1,2024-11-08 14:30:00+00:00,2024-11-08 14:30:00+00:00,22901.25,22957.0,2024-11-08 17:00:00+00:00,time,-24.0,-24.75,55.75,-0.4439461883408072,-0.4304932735426009,0.6053811659192825,-0.7399103139013453,-49.5,22956.5,22901.0,25887,25948,22861.75,2024-11-08
A1_k1_spike_nearest,1,2024-11-11 14:30:00+00:00,2024-11-11 14:30:00+00:00,22984.5,22827.0,2024-11-11 17:00:00+00:00,time,-75.5,-76.25,157.5,-0.48412698412698413,-0.4793650793650794,0.08888888888888889,-0.7825396825396825,-152.5,22827.5,22984.75,25924,26208,23013.5,2024-11-11
A1_k1_spike_nearest,1,2024-11-12 14:30:00+00:00,2024-11-12 14:31:00+00:00,22902.75,22803.75,2024-11-12 14:35:00+00:00,target,29.75,29.25,99.0,0.29545454545454547,0.3005050505050505,0.34595959595959597,-0.15404040404040403,58.5,22804.25,22903.0,26287,26514,22932.5,2024-11-12
A1_k1_spike_nearest,-1,2024-11-12 14:30:00+00:00,2024-11-12 14:36:00+00:00,22947.0,23047.0,2024-11-12 15:04:00+00:00,target,44.0,43.5,100.0,0.435,0.44,0.5075,-0.1125,87.0,23046.5,22946.75,26223,26449,22903.0,2024-11-12
A1_k1_spike_nearest,1,2024-11-12 14:30:00+00:00,2024-11-12 15:08:00+00:00,22886.75,22803.75,2024-11-12 15:11:00+00:00,target,45.75,45.25,83.0,0.5451807228915663,0.5512048192771084,0.6234939759036144,-0.02108433734939759,90.5,22804.25,22887.0,26287,26499,22932.5,2024-11-12
A1_k1_spike_nearest,-1,2024-11-12 15:20:00+00:00,2024-11-12 15:38:00+00:00,22941.0,23047.0,2024-11-12 15:59:00+00:00,target,56.0,55.5,106.0,0.5235849056603774,0.5283018867924528,0.5400943396226415,-0.014150943396226415,111.0,23046.5,22940.75,26223,26525,22885.0,2024-11-12
A1_k1_spike_nearest,1,2024-11-12 16:05:00+00:00,2024-11-12 16:10:00+00:00,22883.5,22803.75,2024-11-12 17:00:00+00:00,time,-23.0,-23.75,79.75,-0.29780564263322884,-0.2884012539184953,0.2946708463949843,-0.4231974921630094,-47.5,22804.25,22883.75,26287,26534,22933.25,2024-11-12
A1_k1_spike_nearest,1,2024-11-13 14:30:00+00:00,2024-11-13 14:30:00+00:00,22862.0,22760.25,2024-11-13 17:00:00+00:00,time,9.5,8.75,101.75,0.085995085995086,0.09336609336609336,0.28255528255528256,-0.9680589680589681,17.5,22760.75,22862.25,26559,26789,22906.0,2024-11-13
A1_k1_spike_nearest,-1,2024-11-14 14:30:00+00:00,2024-11-14 14:30:00+00:00,22867.75,22926.5,2024-11-14 14:41:00+00:00,target,41.75,41.25,58.75,0.7021276595744681,0.7106382978723405,1.102127659574468,-0.2170212765957447,82.5,22926.0,22867.5,26866,27060,22826.0,2024-11-14
A1_k1_spike_nearest,1,2024-11-14 14:30:00+00:00,2024-11-14 14:43:00+00:00,22795.5,22763.0,2024-11-14 15:19:00+00:00,stop,-32.5,-33.25,32.5,-1.023076923076923,-1.0,0.9923076923076923,-1.5153846153846153,-66.5,22763.5,22795.75,26800,26980,22850.25,2024-11-14
A1_k1_spike_nearest,-1,2024-11-14 15:35:00+00:00,2024-11-14 15:35:00+00:00,22808.0,22926.5,2024-11-14 17:00:00+00:00,time,0.5,-0.25,118.5,-0.002109704641350211,0.004219409282700422,0.16877637130801687,-0.32489451476793246,-0.5,22926.0,22807.75,26866,27080,22746.25,2024-11-14
A1_k1_spike_nearest,-1,2024-11-15 16:15:00+00:00,2024-11-15 16:17:00+00:00,22277.0,22890.5,2024-11-15 16:41:00+00:00,target,37.75,37.25,613.5,0.06071719641401793,0.061532192339038304,0.07294213528932356,-0.03219233903830481,74.5,22890.0,22276.75,27039,27363,22239.25,2024-11-15
A1_k1_spike_nearest,1,2024-11-18 14:30:00+00:00,2024-11-18 14:30:00+00:00,22250.0,22125.0,2024-11-18 15:08:00+00:00,target,43.5,43.0,125.0,0.344,0.348,0.38,-0.348,86.0,22125.5,22250.25,27404,27613,22293.5,2024-11-18
A1_k1_spike_nearest,-1,2024-11-18 14:30:00+00:00,2024-11-18 15:16:00+00:00,22320.25,22637.25,2024-11-18 17:00:00+00:00,time,-48.25,-49.0,317.0,-0.15457413249211358,-0.15220820189274448,0.04100946372239748,-0.3477917981072555,-98.0,22636.75,22320.0,27182,27557,22250.25,2024-11-18
A1_k1_spike_nearest,-1,2024-11-19 15:20:00+00:00,2024-11-19 15:25:00+00:00,22286.25,22431.0,2024-11-19 17:00:00+00:00,time,-89.25,-90.0,144.75,-0.6217616580310881,-0.616580310880829,0.11917098445595854,-0.8307426597582038,-180.0,22430.5,22286.0,27647,27905,22230.0,2024-11-19
A1_k1_spike_nearest,1,2024-11-20 14:30:00+00:00,2024-11-20 14:30:00+00:00,22438.75,22087.5,2024-11-20 17:00:00+00:00,time,-44.0,-44.75,351.25,-0.12740213523131672,-0.12526690391459075,0.06619217081850534,-0.7274021352313167,-89.5,22088.0,22439.0,27891,28171,22503.5,2024-11-20
A1_k1_spike_nearest,1,2024-11-21 14:30:00+00:00,2024-11-21 14:33:00+00:00,22540.75,22182.75,2024-11-21 17:00:00+00:00,time,-101.75,-102.5,358.0,-0.28631284916201116,-0.2842178770949721,0.07891061452513966,-0.895949720670391,-205.0,22183.25,22541.0,28183,28440,22595.25,2024-11-21
A1_k1_spike_nearest,-1,2024-11-22 14:30:00+00:00,2024-11-22 14:30:00+00:00,22523.75,22613.5,2024-11-22 14:31:00+00:00,target,44.25,43.75,89.75,0.48746518105849584,0.49303621169916434,0.4958217270194986,-0.036211699164345405,87.5,22613.0,22523.5,28449,28656,22479.5,2024-11-22
A1_k1_spike_nearest,-1,2024-11-22 14:30:00+00:00,2024-11-22 14:33:00+00:00,22527.5,22613.5,2024-11-22 15:10:00+00:00,target,48.0,47.5,86.0,0.5523255813953488,0.5581395348837209,0.8401162790697675,-0.6017441860465116,95.0,22613.0,22527.25,28449,28654,22479.5,2024-11-22
A1_k1_spike_nearest,1,2024-11-22 15:20:00+00:00,2024-11-22 15:22:00+00:00,22455.0,22219.5,2024-11-22 17:00:00+00:00,time,64.75,64.0,235.5,0.27176220806794055,0.2749469214437367,0.43842887473460723,-0.11464968152866242,128.0,22220.0,22455.25,28461,28733,22563.5,2024-11-22
A1_k1_spike_nearest,1,2024-11-25 14:30:00+00:00,2024-11-25 14:30:00+00:00,22693.75,22398.5,2024-11-25 14:39:00+00:00,target,57.75,57.25,295.25,0.1939034716342083,0.1955969517358171,0.25994919559695173,-0.10668924640135478,114.5,22399.0,22694.0,28673,28995,22751.5,2024-11-25
A1_k1_spike_nearest,1,2024-11-25 14:50:00+00:00,2024-11-25 14:52:00+00:00,22662.0,22398.5,2024-11-25 17:00:00+00:00,time,-51.25,-52.0,263.5,-0.19734345351043645,-0.19449715370018975,0.0872865275142315,-0.32827324478178366,-104.0,22399.0,22662.25,28673,29001,22787.25,2024-11-25
A1_k1_spike_nearest,-1,2024-11-26 14:30:00+00:00,2024-11-26 14:32:00+00:00,22685.75,22787.75,2024-11-26 15:00:00+00:00,target,48.25,47.75,102.0,0.4681372549019608,0.4730392156862745,0.5049019607843137,-0.44362745098039214,95.5,22787.25,22685.5,29003,29274,22637.5,2024-11-26
A1_k1_spike_nearest,1,2024-11-26 14:30:00+00:00,2024-11-26 15:19:00+00:00,22625.75,22460.75,2024-11-26 15:41:00+00:00,target,59.75,59.25,165.0,0.35909090909090907,0.3621212121212121,0.38333333333333336,-0.004545454545454545,118.5,22461.25,22626.0,29115,29262,22685.5,2024-11-26
A1_k1_spike_nearest,1,2024-11-26 16:05:00+00:00,2024-11-26 16:13:00+00:00,22654.25,22460.75,2024-11-26 17:00:00+00:00,time,16.75,16.0,193.5,0.082687338501292,0.08656330749354005,0.10723514211886305,-0.12661498708010335,32.0,22461.25,22654.5,29115,29294,22702.75,2024-11-26
A1_k1_spike_nearest,1,2024-11-27 14:30:00+00:00,2024-11-27 14:30:00+00:00,22609.5,22460.75,2024-11-27 15:36:00+00:00,stop,-148.75,-149.5,148.75,-1.0050420168067227,-1.0,0.24369747899159663,-1.0420168067226891,-299.0,22461.25,22609.75,29115,29336,22661.25,2024-11-27
A1_k1_spike_nearest,1,2024-11-27 16:00:00+00:00,2024-11-27 16:01:00+00:00,22437.5,22431.0,2024-11-27 16:01:00+00:00,stop,-6.5,-7.25,6.5,-1.1153846153846154,-1.0,2.1153846153846154,-4.1923076923076925,-14.5,22431.5,22437.75,29566,29569,22490.0,2024-11-27
A1_k1_spike_nearest,-1,2024-11-28 14:30:00+00:00,2024-11-28 14:30:00+00:00,22582.25,22725.75,2024-11-28 17:00:00+00:00,time,-6.25,-7.0,143.5,-0.04878048780487805,-0.04355400696864112,0.017421602787456445,-0.23170731707317074,-14.0,22725.25,22582.0,29408,29827,22577.75,2024-11-28
A1_k1_spike_nearest,-1,2024-11-29 14:30:00+00:00,2024-11-29 14:44:00+00:00,22580.25,22616.5,2024-11-29 14:59:00+00:00,stop,-36.25,-37.0,36.25,-1.0206896551724138,-1.0,0.6,-1.2344827586206897,-74.0,22616.0,22580.0,29998,30055,22518.0,2024-11-29
A1_k1_spike_nearest,-1,2024-12-02 14:30:00+00:00,2024-12-02 14:30:00+00:00,22748.75,22749.5,2024-12-02 14:30:00+00:00,stop,-2.0,-1.5,0.75,-2.0,-2.6666666666666665,21.666666666666668,-27.333333333333332,-3.0,22749.0,22747.25,30283,30285,22710.25,2024-12-02
A1_k1_spike_nearest,1,2024-12-02 15:45:00+00:00,2024-12-02 15:45:00+00:00,22879.5,22511.25,2024-12-02 16:37:00+00:00,target,30.25,29.75,368.25,0.08078750848608282,0.08214528173794976,0.09843856076035302,-0.08825526137135098,59.5,22511.75,22879.75,30057,30301,22909.75,2024-12-02
A1_k1_spike_nearest,1,2024-12-03 14:30:00+00:00,2024-12-03 14:30:00+00:00,22850.75,22645.25,2024-12-03 15:05:00+00:00,target,82.25,81.75,205.5,0.3978102189781022,0.4002433090024331,0.41362530413625304,-0.04866180048661801,163.5,22645.75,22851.0,30193,30561,22933.0,2024-12-03
A1_k1_spike_nearest,1,2024-12-03 15:00:00+00:00,2024-12-03 15:20:00+00:00,22889.75,22645.25,2024-12-03 15:35:00+00:00,target,26.0,25.5,244.5,0.10429447852760736,0.10633946830265849,0.12372188139059305,-0.06237218813905931,51.0,22645.75,22890.0,30193,30568,22915.75,2024-12-03
A1_k1_spike_nearest,1,2024-12-03 15:35:00+00:00,2024-12-03 15:52:00+00:00,22874.25,22645.25,2024-12-03 16:21:00+00:00,target,65.75,65.25,229.0,0.2849344978165939,0.287117903930131,0.3002183406113537,-0.027292576419213975,130.5,22645.75,22874.5,30193,30575,22940.0,2024-12-03
A1_k1_spike_nearest,-1,2024-12-03 14:30:00+00:00,2024-12-03 16:26:00+00:00,22950.0,22954.0,2024-12-03 16:28:00+00:00,stop,-4.0,-4.75,4.0,-1.1875,-1.0,4.3125,-1.9375,-9.5,22953.5,22949.75,30328,30487,22851.0,2024-12-03
A1_k1_spike_nearest,1,2024-12-04 14:30:00+00:00,2024-12-04 14:30:00+00:00,23123.25,22840.25,2024-12-04 15:10:00+00:00,target,39.5,39.0,283.0,0.13780918727915195,0.13957597173144876,0.17491166077738515,-0.10247349823321555,78.0,22840.75,23123.5,30564,30828,23162.75,2024-12-04
A1_k1_spike_nearest,-1,2024-12-04 15:55:00+00:00,2024-12-04 16:00:00+00:00,23194.5,23197.75,2024-12-04 16:01:00+00:00,stop,-3.25,-4.0,3.25,-1.2307692307692308,-1.0,2.0,-2.4615384615384617,-8.0,23197.25,23194.25,30853,30855,23121.5,2024-12-04
A1_k1_spike_nearest,-1,2024-12-05 14:30:00+00:00,2024-12-05 14:30:00+00:00,23241.25,23244.5,2024-12-05 14:30:00+00:00,stop,-4.25,-4.0,3.25,-1.2307692307692308,-1.3076923076923077,3.923076923076923,-1.3846153846153846,-8.0,23244.0,23240.0,31097,31104,23228.0,2024-12-05
A1_k1_spike_nearest,1,2024-12-05 14:30:00+00:00,2024-12-05 14:31:00+00:00,23227.75,23021.5,2024-12-05 14:32:00+00:00,target,9.75,20.25,206.25,0.09818181818181818,0.04727272727272727,0.14303030303030304,-0.01575757575757576,40.5,23022.0,23228.0,30672,31112,23237.5,2024-12-05
A1_k1_spike_nearest,1,2024-12-05 14:45:00+00:00,2024-12-05 14:49:00+00:00,23224.25,23021.5,2024-12-05 17:00:00+00:00,time,12.25,11.5,202.75,0.05672009864364982,0.06041923551171394,0.10727496917385944,-0.15166461159062886,23.0,23022.0,23224.5,30672,31116,23258.0,2024-12-05
A1_k1_spike_nearest,1,2024-12-06 14:30:00+00:00,2024-12-06 14:30:00+00:00,23192.75,23129.5,2024-12-06 14:34:00+00:00,target,43.25,42.75,63.25,0.6758893280632411,0.6837944664031621,0.7233201581027668,-0.02766798418972332,85.5,23130.0,23193.0,31207,31384,23236.0,2024-12-06
A1_k1_spike_nearest,1,2024-12-06 15:35:00+00:00,2024-12-06 15:45:00+00:00,23322.5,23129.5,2024-12-06 17:00:00+00:00,time,-1.25,-2.0,193.0,-0.010362694300518135,-0.006476683937823834,0.10751295336787564,-0.2266839378238342,-4.0,23130.0,23322.75,31207,31403,23351.5,2024-12-06
A1_k1_spike_nearest,1,2024-12-09 14:30:00+00:00,2024-12-09 14:30:00+00:00,23291.75,23129.5,2024-12-09 14:32:00+00:00,target,51.25,50.75,162.25,0.31278890600924497,0.31587057010785824,0.34822804314329736,-0.01848998459167951,101.5,23130.0,23292.0,31207,31633,23343.0,2024-12-09
A1_k1_spike_nearest,-1,2024-12-09 14:40:00+00:00,2024-12-09 14:49:00+00:00,23348.5,23413.0,2024-12-09 15:26:00+00:00,target,59.75,59.25,64.5,0.9186046511627907,0.9263565891472868,1.065891472868217,-0.10077519379844961,118.5,23412.5,23348.25,31590,31668,23288.75,2024-12-09
A1_k1_spike_nearest,1,2024-12-09 15:35:00+00:00,2024-12-09 15:35:00+00:00,23250.75,23129.5,2024-12-09 17:00:00+00:00,time,-34.5,-35.25,121.25,-0.2907216494845361,-0.2845360824742268,0.18762886597938144,-0.8886597938144329,-70.5,23130.0,23251.0,31207,31679,23355.0,2024-12-09
A1_k1_spike_nearest,-1,2024-12-10 14:35:00+00:00,2024-12-10 14:37:00+00:00,23242.5,23413.0,2024-12-10 16:01:00+00:00,target,44.75,44.25,170.5,0.2595307917888563,0.2624633431085044,0.2873900293255132,-0.4120234604105572,88.5,23412.5,23242.25,31590,31943,23197.75,2024-12-10
A1_k1_spike_nearest,1,2024-12-10 14:30:00+00:00,2024-12-10 16:08:00+00:00,23184.25,23142.5,2024-12-10 17:00:00+00:00,time,5.75,5.0,41.75,0.11976047904191617,0.1377245508982036,0.7964071856287425,-0.718562874251497,10.0,23143.0,23184.5,31688,31894,23244.0,2024-12-10
A1_k1_spike_nearest,1,2024-12-11 15:50:00+00:00,2024-12-11 15:52:00+00:00,23402.75,23058.25,2024-12-11 16:07:00+00:00,target,32.25,31.75,344.5,0.09216255442670537,0.09361393323657474,0.09506531204644413,-0.06676342525399129,63.5,23058.75,23403.0,32016,32234,23435.0,2024-12-11
A1_k1_spike_nearest,1,2024-12-12 14:30:00+00:00,2024-12-12 14:31:00+00:00,23378.5,23111.25,2024-12-12 15:23:00+00:00,target,26.75,26.25,267.25,0.09822263797942002,0.10009354536950421,0.10664172123479888,-0.17867165575304023,52.5,23111.75,23378.75,32137,32492,23405.25,2024-12-12
A1_k1_spike_nearest,-1,2024-12-12 15:35:00+00:00,2024-12-12 15:37:00+00:00,23425.5,23526.25,2024-12-12 17:00:00+00:00,time,45.5,44.75,100.75,0.4441687344913151,0.45161290322580644,0.5012406947890818,-0.20099255583126552,89.5,23525.75,23425.25,32289,32507,23330.75,2024-12-12
A1_k1_spike_nearest,-1,2024-12-13 14:30:00+00:00,2024-12-13 14:32:00+00:00,23520.5,23548.0,2024-12-13 14:37:00+00:00,stop,-27.5,-28.25,27.5,-1.0272727272727273,-1.0,0.6,-1.0272727272727273,-56.5,23547.5,23520.25,32760,32768,23487.25,2024-12-13
A1_k1_spike_nearest,1,2024-12-13 15:25:00+00:00,2024-12-13 15:25:00+00:00,23531.75,23403.0,2024-12-13 15:59:00+00:00,stop,-128.75,-129.5,128.75,-1.0058252427184466,-1.0,0.08349514563106795,-1.079611650485437,-259.0,23403.5,23532.0,32646,32781,23594.5,2024-12-13
A1_k1_spike_nearest,-1,2024-12-16 14:30:00+00:00,2024-12-16 14:30:00+00:00,23619.25,23620.5,2024-12-16 14:30:00+00:00,stop,-1.25,-2.0,1.25,-1.6,-1.0,13.8,-8.0,-4.0,23620.0,23619.0,33036,33039,23593.75,2024-12-16
A1_k1_spike_nearest,1,2024-12-17 14:30:00+00:00,2024-12-17 14:30:00+00:00,23731.5,23488.75,2024-12-17 14:44:00+00:00,target,33.5,33.0,242.75,0.13594232749742532,0.1380020597322348,0.14830072090628219,-0.20494335736354274,66.0,23489.25,23731.75,32893,33314,23765.0,2024-12-17
A1_k1_spike_nearest,1,2024-12-17 14:40:00+00:00,2024-12-17 15:01:00+00:00,23681.5,23488.75,2024-12-17 16:34:00+00:00,target,83.5,83.0,192.75,0.43060959792477305,0.43320363164721143,0.4682230869001297,-0.16990920881971466,166.0,23489.25,23681.75,32893,33324,23765.0,2024-12-17
A1_k1_spike_nearest,-1,2024-12-18 14:30:00+00:00,2024-12-18 14:30:00+00:00,23704.25,23831.5,2024-12-18 14:31:00+00:00,target,28.25,27.75,127.25,0.2180746561886051,0.2220039292730845,0.4165029469548134,-0.03339882121807466,55.5,23831.0,23704.0,33193,33598,23676.0,2024-12-18
A1_k1_spike_nearest,1,2024-12-18 14:30:00+00:00,2024-12-18 14:34:00+00:00,23648.0,23606.5,2024-12-18 17:00:00+00:00,time,66.25,65.5,41.5,1.5783132530120483,1.5963855421686748,2.6987951807228914,-0.6927710843373494,131.0,23607.0,23648.25,33415,33419,23774.0,2024-12-18
A1_k1_spike_nearest,-1,2024-12-19 14:30:00+00:00,2024-12-19 14:30:00+00:00,23109.75,23790.0,2024-12-19 14:37:00+00:00,target,74.25,74.5,680.25,0.10951855935317897,0.10915104740904079,0.16023520764424845,-0.030871003307607496,149.0,23789.5,23108.75,33574,33864,23034.75,2024-12-19
A1_k1_spike_nearest,1,2024-12-19 14:30:00+00:00,2024-12-19 14:54:00+00:00,22999.0,22737.75,2024-12-19 17:00:00+00:00,time,-3.75,-4.5,261.25,-0.01722488038277512,-0.014354066985645933,0.2727272727272727,-0.40382775119617226,-9.0,22738.25,22999.25,33678,33845,23100.5,2024-12-19
A1_k1_spike_nearest,1,2024-12-20 14:30:00+00:00,2024-12-20 14:32:00+00:00,22624.25,22502.25,2024-12-20 14:39:00+00:00,target,99.0,98.5,122.0,0.8073770491803278,0.8114754098360656,0.9651639344262295,-0.05942622950819672,197.0,22502.75,22624.5,34138,34149,22723.25,2024-12-20
A1_k1_spike_nearest,1,2024-12-20 14:30:00+00:00,2024-12-20 14:50:00+00:00,22610.0,22502.25,2024-12-20 15:04:00+00:00,target,113.25,112.75,107.75,1.0464037122969838,1.051044083526682,1.08584686774942,-0.15777262180974477,225.5,22502.75,22610.25,34138,34146,22723.25,2024-12-20
A1_k1_spike_nearest,-1,2024-12-20 14:45:00+00:00,2024-12-20 15:05:00+00:00,22742.25,23131.25,2024-12-20 16:35:00+00:00,stop,-389.0,-389.75,389.0,-1.0019280205655527,-1.0,0.17030848329048842,-1.0147814910025708,-779.5,23130.75,22742.0,33876,34153,22617.0,2024-12-20
A1_k1_spike_nearest,-1,2024-12-23 14:30:00+00:00,2024-12-23 14:30:00+00:00,23052.0,23245.75,2024-12-23 14:50:00+00:00,target,30.0,46.0,193.75,0.23741935483870968,0.15483870967741936,0.3445161290322581,-0.2903225806451613,92.0,23245.25,23035.25,34188,34423,23005.5,2024-12-23
A1_k1_spike_nearest,1,2024-12-23 15:00:00+00:00,2024-12-23 15:06:00+00:00,22985.0,22502.25,2024-12-23 16:43:00+00:00,target,123.25,122.75,482.75,0.2542723977213879,0.2553081305023304,0.2641118591403418,-0.1579492490937338,245.5,22502.75,22985.25,34138,34432,23108.25,2024-12-23
A1_k1_spike_nearest,1,2024-12-24 15:20:00+00:00,2024-12-24 15:20:00+00:00,23339.5,22908.25,2024-12-24 15:35:00+00:00,target,34.25,33.75,431.25,0.0782608695652174,0.07942028985507246,0.08927536231884058,-0.022608695652173914,67.5,22908.75,23339.75,34436,34712,23373.75,2024-12-24
A1_k1_spike_nearest,-1,2024-12-26 14:30:00+00:00,2024-12-26 14:30:00+00:00,23415.5,23517.25,2024-12-26 14:50:00+00:00,target,49.0,48.5,101.75,0.47665847665847666,0.48157248157248156,0.5184275184275184,-0.25307125307125306,97.0,23516.75,23415.25,34855,34875,23366.5,2024-12-26
A1_k1_spike_nearest,1,2024-12-26 14:30:00+00:00,2024-12-26 14:53:00+00:00,23326.75,23140.75,2024-12-26 14:59:00+00:00,target,70.5,70.0,186.0,0.3763440860215054,0.3790322580645161,0.39919354838709675,-0.12634408602150538,140.0,23141.25,23327.0,34532,34882,23397.25,2024-12-26
A1_k1_spike_nearest,-1,2024-12-26 15:15:00+00:00,2024-12-26 15:24:00+00:00,23413.5,23517.25,2024-12-26 17:00:00+00:00,time,-59.0,-59.75,103.75,-0.5759036144578313,-0.5686746987951807,0.13493975903614458,-0.5783132530120482,-119.5,23516.75,23413.25,34855,34942,23360.25,2024-12-26
A1_k1_spike_nearest,-1,2024-12-27 15:30:00+00:00,2024-12-27 15:45:00+00:00,23037.5,23517.25,2024-12-27 17:00:00+00:00,time,54.0,53.25,479.75,0.11099531005732152,0.11255862428348098,0.1662324127149557,-0.0969254820218864,106.5,23516.75,23037.25,34855,35221,22945.5,2024-12-27
A1_k1_spike_nearest,-1,2024-12-30 14:30:00+00:00,2024-12-30 14:30:00+00:00,22849.5,23442.0,2024-12-30 14:33:00+00:00,target,58.25,57.75,592.5,0.09746835443037975,0.09831223628691983,0.1270042194092827,-0.0004219409282700422,115.5,23441.5,22849.25,35037,35485,22791.25,2024-12-30
A1_k1_spike_nearest,1,2024-12-30 15:20:00+00:00,2024-12-30 15:24:00+00:00,22715.25,22685.0,2024-12-30 15:39:00+00:00,target,72.0,71.5,30.25,2.3636363636363638,2.3801652892561984,2.87603305785124,-0.6776859504132231,143.0,22685.5,22715.5,35493,35495,22787.25,2024-12-30
A1_k1_spike_nearest,-1,2024-12-30 15:55:00+00:00,2024-12-30 16:18:00+00:00,22836.0,23442.0,2024-12-30 17:00:00+00:00,time,-55.75,-56.5,606.0,-0.09323432343234324,-0.091996699669967,0.04991749174917492,-0.11757425742574257,-113.0,23441.5,22835.75,35037,35502,22694.75,2024-12-30
A1_k1_spike_nearest,1,2024-12-31 14:30:00+00:00,2024-12-31 14:31:00+00:00,22876.25,22685.0,2024-12-31 14:33:00+00:00,target,42.25,41.75,191.25,0.21830065359477124,0.22091503267973855,0.24052287581699347,-0.06143790849673202,83.5,22685.5,22876.5,35493,35757,22918.5,2024-12-31
A1_k1_spike_nearest,1,2024-12-31 14:30:00+00:00,2024-12-31 14:42:00+00:00,22804.75,22685.0,2024-12-31 17:00:00+00:00,time,-42.25,-43.0,119.75,-0.35908141962421714,-0.35281837160751567,0.8079331941544885,-0.7181628392484343,-86.0,22685.5,22805.0,35493,35694,22918.5,2024-12-31
A1_k1_spike_nearest,1,2025-01-02 14:30:00+00:00,2025-01-02 14:30:00+00:00,22767.25,22553.25,2025-01-02 14:55:00+00:00,target,60.75,60.25,214.0,0.28154205607476634,0.2838785046728972,0.35046728971962615,-0.7850467289719626,120.5,22553.75,22767.5,35868,36033,22828.0,2025-01-02
A1_k1_spike_nearest,1,2025-01-02 15:30:00+00:00,2025-01-02 15:31:00+00:00,22687.5,22553.25,2025-01-02 17:00:00+00:00,time,61.5,60.75,134.25,0.45251396648044695,0.4581005586592179,0.7616387337057728,-0.5121042830540037,121.5,22553.75,22687.75,35868,36049,22876.75,2025-01-02
A1_k1_spike_nearest,-1,2025-01-03 14:30:00+00:00,2025-01-03 14:33:00+00:00,22790.0,22924.0,2025-01-03 16:54:00+00:00,stop,-134.0,-134.75,134.0,-1.0055970149253732,-1.0,0.7201492537313433,-1.007462686567164,-269.5,22923.5,22789.75,36012,36067,22659.5,2025-01-03
A1_k1_spike_nearest,-1,2025-01-06 14:30:00+00:00,2025-01-06 14:30:00+00:00,23188.75,23194.25,2025-01-06 14:30:00+00:00,stop,-5.5,-6.25,5.5,-1.1363636363636365,-1.0,5.863636363636363,-2.4545454545454546,-12.5,23193.75,23188.5,36570,36585,23074.0,2025-01-06
A1_k1_spike_nearest,1,2025-01-06 15:05:00+00:00,2025-01-06 15:10:00+00:00,23222.75,22576.5,2025-01-06 15:14:00+00:00,target,58.0,57.5,646.25,0.08897485493230174,0.0897485493230174,0.10096711798839458,-0.014700193423597678,115.0,22577.0,23223.0,36138,36596,23280.75,2025-01-06
A1_k1_spike_nearest,1,2025-01-06 16:00:00+00:00,2025-01-06 16:25:00+00:00,23292.5,22576.5,2025-01-06 17:00:00+00:00,time,-2.5,-3.25,716.0,-0.004539106145251397,-0.0034916201117318434,0.04539106145251397,-0.037011173184357544,-6.5,22577.0,23292.75,36138,36607,23325.0,2025-01-06
A1_k1_spike_nearest,-1,2025-01-07 14:30:00+00:00,2025-01-07 14:30:00+00:00,23237.75,23330.25,2025-01-07 14:34:00+00:00,target,47.0,46.5,92.5,0.5027027027027027,0.5081081081081081,0.6297297297297297,-0.013513513513513514,93.0,23329.75,23237.5,36611,36631,23190.75,2025-01-07
A1_k1_spike_nearest,1,2025-01-07 14:30:00+00:00,2025-01-07 14:35:00+00:00,23163.5,22911.0,2025-01-07 15:38:00+00:00,stop,-252.5,-253.25,252.5,-1.002970297029703,-1.0,0.25445544554455446,-1.0801980198019803,-506.5,22911.5,23163.75,36425,36850,23230.25,2025-01-07
A1_k1_spike_nearest,-1,2025-01-07 16:10:00+00:00,2025-01-07 16:26:00+00:00,22992.0,23330.25,2025-01-07 17:00:00+00:00,time,123.75,123.0,338.25,0.36363636363636365,0.36585365853658536,0.3961566888396157,-0.04065040650406504,246.0,23329.75,22991.75,36611,36885,22832.0,2025-01-07
A1_k1_spike_nearest,1,2025-01-08 14:30:00+00:00,2025-01-08 14:31:00+00:00,22758.75,22746.75,2025-01-08 14:32:00+00:00,target,41.75,41.25,12.0,3.4375,3.4791666666666665,3.75,-0.7708333333333334,82.5,22747.25,22759.0,37133,37141,22800.5,2025-01-08
A1_k1_spike_nearest,-1,2025-01-08 14:30:00+00:00,2025-01-08 15:02:00+00:00,22826.75,23239.5,2025-01-08 15:10:00+00:00,target,79.5,79.0,412.75,0.1913991520290733,0.19261053906723197,0.22774076317383404,-0.029073288915808602,158.0,23239.0,22826.5,36867,37131,22747.25,2025-01-08
A1_k1_spike_nearest,-1,2025-01-08 15:35:00+00:00,2025-01-08 15:35:00+00:00,22759.75,23239.5,2025-01-08 17:00:00+00:00,time,-58.75,-59.5,479.75,-0.12402292860865034,-0.12245961438249088,0.08858780614903596,-0.19124544033350704,-119.0,23239.0,22759.5,36867,37154,22664.0,2025-01-08
A1_k1_spike_nearest,-1,2025-01-10 14:30:00+00:00,2025-01-10 14:30:00+00:00,22628.25,22805.75,2025-01-10 14:38:00+00:00,target,106.75,106.25,177.5,0.5985915492957746,0.6014084507042253,0.6549295774647887,-0.009859154929577466,212.5,22805.25,22628.0,37565,37602,22521.5,2025-01-10
A1_k1_spike_nearest,-1,2025-01-10 15:20:00+00:00,2025-01-10 15:38:00+00:00,22503.0,22805.75,2025-01-10 17:00:00+00:00,time,169.75,169.0,302.75,0.5582163501238646,0.5606936416184971,0.6085879438480595,-0.17423616845582163,338.0,22805.25,22502.75,37565,37610,22307.5,2025-01-10
A1_k1_spike_nearest,1,2025-01-13 14:30:00+00:00,2025-01-13 14:36:00+00:00,22157.75,22125.75,2025-01-13 14:54:00+00:00,target,74.5,74.0,32.0,2.3125,2.328125,3.15625,-0.734375,148.0,22126.25,22158.0,37818,37852,22232.25,2025-01-13
A1_k1_spike_nearest,-1,2025-01-13 14:30:00+00:00,2025-01-13 15:06:00+00:00,22280.5,22805.75,2025-01-13 15:26:00+00:00,target,122.5,122.0,525.25,0.23227034745359354,0.23322227510709187,0.24083769633507854,-0.015230842455973346,244.0,22805.25,22280.25,37565,37810,22158.0,2025-01-13
A1_k1_spike_nearest,-1,2025-01-13 15:30:00+00:00,2025-01-13 15:38:00+00:00,22247.5,22805.75,2025-01-13 17:00:00+00:00,time,77.25,76.5,558.25,0.13703537841468877,0.13837886251679354,0.16032243618450515,-0.11688311688311688,153.0,22805.25,22247.25,37565,37891,22134.25,2025-01-13
A1_k1_spike_nearest,1,2025-01-14 14:30:00+00:00,2025-01-14 14:31:00+00:00,22457.0,22125.75,2025-01-14 14:38:00+00:00,target,95.0,94.5,331.25,0.2852830188679245,0.28679245283018867,0.28830188679245283,-0.018867924528301886,189.0,22126.25,22457.25,37818,38151,22552.0,2025-01-14
A1_k1_spike_nearest,1,2025-01-14 14:40:00+00:00,2025-01-14 14:53:00+00:00,22450.5,22125.75,2025-01-14 17:00:00+00:00,time,-195.25,-196.0,324.75,-0.6035411855273287,-0.6012317167051578,0.2848344880677444,-0.6420323325635104,-392.0,22126.25,22450.75,37818,38157,22571.75,2025-01-14
A1_k1_spike_nearest,1,2025-01-15 14:30:00+00:00,2025-01-15 14:30:00+00:00,22676.5,22205.5,2025-01-15 14:44:00+00:00,target,62.25,61.75,471.0,0.131104033970276,0.1321656050955414,0.13535031847133758,-0.12154989384288747,123.5,22206.0,22676.75,38224,38431,22738.75,2025-01-15
A1_k1_spike_nearest,1,2025-01-15 15:30:00+00:00,2025-01-15 15:36:00+00:00,22789.25,22205.5,2025-01-15 17:00:00+00:00,time,-83.25,-84.0,583.75,-0.14389721627408994,-0.14261241970021413,0.0702355460385439,-0.18886509635974305,-168.0,22206.0,22789.5,38224,38442,22841.25,2025-01-15
A1_k1_spike_nearest,1,2025-01-16 14:30:00+00:00,2025-01-16 14:31:00+00:00,22885.5,22341.0,2025-01-16 17:00:00+00:00,time,-52.75,-53.5,544.5,-0.09825528007346189,-0.09687786960514233,0.0674931129476584,-0.24885215794306703,-107.0,22341.5,22885.75,38355,38704,22951.75,2025-01-16
A1_k1_spike_nearest,1,2025-01-17 14:50:00+00:00,2025-01-17 14:59:00+00:00,22924.75,22604.0,2025-01-17 17:00:00+00:00,time,91.5,90.75,320.75,0.2829306313328137,0.2852689010132502,0.45362431800467656,-0.034294621979735,181.5,22604.5,22925.0,38791,38987,23112.75,2025-01-17
A1_k1_spike_nearest,1,2025-01-20 15:10:00+00:00,2025-01-20 15:10:00+00:00,23147.5,22654.75,2025-01-20 17:00:00+00:00,time,-18.0,-18.75,492.75,-0.0380517503805175,-0.0365296803652968,0.03602232369355657,-0.14967021816336884,-37.5,22655.25,23147.75,38809,39267,23212.75,2025-01-20
A1_k1_spike_nearest,1,2025-01-21 14:30:00+00:00,2025-01-21 14:30:00+00:00,23128.75,22993.25,2025-01-21 15:12:00+00:00,stop,-135.5,-136.25,135.5,-1.0055350553505535,-1.0,0.16605166051660517,-1.1605166051660516,-272.5,22993.75,23129.0,39345,39479,23160.25,2025-01-21
A1_k1_spike_nearest,-1,2025-01-21 15:15:00+00:00,2025-01-21 15:29:00+00:00,23068.75,23171.0,2025-01-21 17:00:00+00:00,time,-39.0,-39.75,102.25,-0.38875305623471884,-0.38141809290953543,0.4963325183374083,-0.4474327628361858,-79.5,23170.5,23068.5,39483,39496,22953.0,2025-01-21
A1_k1_spike_nearest,-1,2025-01-22 14:30:00+00:00,2025-01-22 14:31:00+00:00,23366.25,23367.75,2025-01-22 14:31:00+00:00,stop,-1.5,-2.25,1.5,-1.5,-1.0,15.833333333333334,-15.166666666666666,-4.5,23367.25,23366.0,39757,39759,23329.75,2025-01-22
A1_k1_spike_nearest,1,2025-01-22 15:35:00+00:00,2025-01-22 15:59:00+00:00,23429.75,22957.75,2025-01-22 16:25:00+00:00,target,40.0,39.5,472.0,0.0836864406779661,0.0847457627118644,0.08686440677966102,-0.015889830508474576,79.0,22958.25,23430.0,39498,39776,23469.75,2025-01-22
A1_k1_spike_nearest,1,2025-01-23 14:30:00+00:00,2025-01-23 14:30:00+00:00,23303.0,23236.5,2025-01-23 14:33:00+00:00,target,23.25,22.75,66.5,0.34210526315789475,0.34962406015037595,0.40977443609022557,-0.06390977443609022,45.5,23237.0,23303.25,39594,39981,23326.25,2025-01-23
A1_k1_spike_nearest,-1,2025-01-23 14:30:00+00:00,2025-01-23 14:35:00+00:00,23338.0,23477.75,2025-01-23 15:02:00+00:00,target,29.25,28.75,139.75,0.20572450805008943,0.20930232558139536,0.24865831842576028,-0.09302325581395349,57.5,23477.25,23337.75,39823,40034,23308.75,2025-01-23
A1_k1_spike_nearest,-1,2025-01-23 15:30:00+00:00,2025-01-23 15:33:00+00:00,23342.25,23477.75,2025-01-23 17:00:00+00:00,time,-38.75,-39.5,135.5,-0.2915129151291513,-0.2859778597785978,0.1088560885608856,-0.4833948339483395,-79.0,23477.25,23342.0,39823,40051,23313.0,2025-01-23
A1_k1_spike_nearest,1,2025-01-24 14:30:00+00:00,2025-01-24 14:38:00+00:00,23439.0,23287.75,2025-01-24 14:45:00+00:00,target,52.5,52.0,151.25,0.343801652892562,0.34710743801652894,0.40826446280991735,-0.04132231404958678,104.0,23288.25,23439.25,39978,40312,23491.5,2025-01-24
A1_k1_spike_nearest,1,2025-01-24 14:30:00+00:00,2025-01-24 15:16:00+00:00,23428.5,23287.75,2025-01-24 17:00:00+00:00,time,-13.0,-13.75,140.75,-0.09769094138543517,-0.09236234458259325,0.2841918294849023,-0.18294849023090587,-27.5,23288.25,23428.75,39978,40308,23491.5,2025-01-24
A1_k1_spike_nearest,-1,2025-01-27 14:30:00+00:00,2025-01-27 14:30:00+00:00,22607.75,23511.25,2025-01-27 17:00:00+00:00,time,-35.25,-36.0,903.5,-0.03984504703929164,-0.03901494189263974,0.07387935805201992,-0.2689540675152186,-72.0,23510.75,22607.5,40321,40586,22545.75,2025-01-27
A1_k1_spike_nearest,-1,2025-01-28 14:30:00+00:00,2025-01-28 14:30:00+00:00,22743.0,23116.25,2025-01-28 14:31:00+00:00,target,42.75,42.25,373.25,0.11319490957803081,0.1145344943067649,0.1667782987273945,-0.025452109845947757,84.5,23115.75,22742.75,40417,40863,22700.25,2025-01-28
A1_k1_spike_nearest,1,2025-01-28 14:30:00+00:00,2025-01-28 14:32:00+00:00,22680.0,22465.5,2025-01-28 15:01:00+00:00,target,62.75,62.25,214.5,0.2902097902097902,0.2925407925407925,0.4370629370629371,-0.40326340326340326,124.5,22466.0,22680.25,40575,40762,22742.75,2025-01-28
A1_k1_spike_nearest,-1,2025-01-28 14:30:00+00:00,2025-01-28 15:03:00+00:00,22790.5,23116.25,2025-01-28 17:00:00+00:00,time,-115.25,-116.0,325.75,-0.3561013046815042,-0.3537989255564083,0.1343054489639294,-0.3983115886415963,-232.0,23115.75,22790.25,40417,40856,22700.25,2025-01-28
A1_k1_spike_nearest,1,2025-01-29 14:30:00+00:00,2025-01-29 14:32:00+00:00,22985.75,22593.0,2025-01-29 17:00:00+00:00,time,-69.0,-69.75,392.75,-0.17759388924252067,-0.17568427753023552,0.06365372374283895,-0.24506683640993,-139.5,22593.5,22986.0,40872,40985,23104.25,2025-01-29
A1_k1_spike_nearest,-1,2025-01-30 14:30:00+00:00,2025-01-30 14:31:00+00:00,23099.0,23142.75,2025-01-30 14:35:00+00:00,target,59.5,59.0,43.75,1.3485714285714285,1.36,1.5771428571428572,-0.05714285714285714,118.0,23142.25,23098.75,41347,41417,23039.5,2025-01-30
A1_k1_spike_nearest,-1,2025-01-30 14:40:00+00:00,2025-01-30 14:46:00+00:00,23101.75,23142.75,2025-01-30 14:48:00+00:00,stop,-41.0,-41.75,41.0,-1.0182926829268293,-1.0,0.42073170731707316,-1.1524390243902438,-83.5,23142.25,23101.5,41347,41421,23007.5,2025-01-30
A1_k1_spike_nearest,1,2025-01-30 14:45:00+00:00,2025-01-30 15:02:00+00:00,23029.75,22800.25,2025-01-30 17:00:00+00:00,time,12.75,12.0,229.5,0.05228758169934641,0.05555555555555555,0.25272331154684097,-0.775599128540305,24.0,22800.75,23030.0,41187,41422,23101.5,2025-01-30
A1_k1_spike_nearest,-1,2025-01-31 14:30:00+00:00,2025-01-31 14:31:00+00:00,23242.75,23247.0,2025-01-31 14:31:00+00:00,stop,-4.25,-5.0,4.25,-1.1764705882352942,-1.0,7.294117647058823,-6.647058823529412,-10.0,23246.5,23242.5,41667,41669,23182.75,2025-01-31
A1_k1_spike_nearest,1,2025-01-31 16:15:00+00:00,2025-01-31 16:20:00+00:00,23366.5,22851.25,2025-01-31 17:00:00+00:00,time,-30.0,-30.75,515.25,-0.05967976710334789,-0.05822416302765648,0.023774866569626393,-0.1096555070354197,-61.5,22851.75,23366.75,41441,41716,23398.5,2025-01-31
A1_k1_spike_nearest,1,2025-02-03 14:30:00+00:00,2025-02-03 14:30:00+00:00,22616.25,22372.5,2025-02-03 14:31:00+00:00,target,48.25,47.75,243.75,0.19589743589743588,0.19794871794871796,0.20615384615384616,-0.02358974358974359,95.5,22373.0,22616.5,41787,41969,22664.5,2025-02-03
A1_k1_spike_nearest,-1,2025-02-03 14:30:00+00:00,2025-02-03 14:32:00+00:00,22680.5,23075.0,2025-02-03 14:53:00+00:00,target,64.0,63.5,394.5,0.16096324461343473,0.16223067173637515,0.19074778200253487,-0.16983523447401774,127.0,23074.5,22680.25,41773,41956,22616.5,2025-02-03
A1_k1_spike_nearest,1,2025-02-03 15:00:00+00:00,2025-02-03 15:00:00+00:00,22605.0,22372.5,2025-02-03 15:24:00+00:00,target,142.5,142.0,232.5,0.610752688172043,0.6129032258064516,0.6655913978494624,-0.2537634408602151,284.0,22373.0,22605.25,41787,41977,22747.5,2025-02-03
A1_k1_spike_nearest,-1,2025-02-03 15:50:00+00:00,2025-02-03 16:01:00+00:00,22885.5,23075.0,2025-02-03 17:00:00+00:00,time,70.0,69.25,189.5,0.3654353562005277,0.36939313984168864,0.5923482849604221,-0.09102902374670185,138.5,23074.5,22885.25,41773,41987,22542.75,2025-02-03
A1_k1_spike_nearest,1,2025-02-04 14:30:00+00:00,2025-02-04 14:30:00+00:00,22844.75,22372.5,2025-02-04 14:32:00+00:00,target,37.5,37.0,472.25,0.07834833245103229,0.07940709370037057,0.09105346744309158,-0.014822657490735839,74.0,22373.0,22845.0,41787,42247,22882.25,2025-02-04
A1_k1_spike_nearest,-1,2025-02-04 14:30:00+00:00,2025-02-04 14:33:00+00:00,22895.75,23033.25,2025-02-04 15:00:00+00:00,stop,-137.5,-138.25,137.5,-1.0054545454545454,-1.0,0.14363636363636365,-1.0418181818181818,-276.5,23032.75,22895.5,42063,42238,22828.75,2025-02-04
A1_k1_spike_nearest,-1,2025-02-05 14:30:00+00:00,2025-02-05 14:30:00+00:00,22985.5,23057.75,2025-02-05 15:04:00+00:00,target,42.75,42.25,72.25,0.5847750865051903,0.5916955017301038,0.7162629757785467,-0.7785467128027682,84.5,23057.25,22985.25,42367,42513,22942.75,2025-02-05
A1_k1_spike_nearest,-1,2025-02-05 15:50:00+00:00,2025-02-05 16:03:00+00:00,23037.75,23057.75,2025-02-05 16:09:00+00:00,stop,-20.0,-20.75,20.0,-1.0375,-1.0,0.75,-1.375,-41.5,23057.25,23037.5,42367,42539,22977.75,2025-02-05
A1_k1_spike_nearest,1,2025-02-05 16:00:00+00:00,2025-02-05 16:17:00+00:00,23002.25,22673.0,2025-02-05 16:28:00+00:00,target,35.25,34.75,329.25,0.10554290053151101,0.1070615034168565,0.1108580106302202,-0.022779043280182234,69.5,22673.5,23002.5,42139,42541,23037.5,2025-02-05
A1_k1_spike_nearest,1,2025-02-06 14:30:00+00:00,2025-02-06 14:30:00+00:00,23193.75,22861.25,2025-02-06 14:44:00+00:00,target,22.0,21.5,332.5,0.06466165413533835,0.06616541353383458,0.08721804511278196,-0.06917293233082707,43.0,22861.75,23194.0,42471,42797,23215.75,2025-02-06
A1_k1_spike_nearest,-1,2025-02-06 14:30:00+00:00,2025-02-06 14:45:00+00:00,23228.0,23266.25,2025-02-06 15:12:00+00:00,stop,-38.25,-39.0,38.25,-1.0196078431372548,-1.0,0.7973856209150327,-1.0784313725490196,-78.0,23265.75,23227.75,42694,42755,23194.0,2025-02-06
A1_k1_spike_nearest,1,2025-02-06 15:10:00+00:00,2025-02-06 15:39:00+00:00,23197.25,22861.25,2025-02-06 17:00:00+00:00,time,7.25,6.5,336.0,0.019345238095238096,0.021577380952380952,0.20684523809523808,-0.07217261904761904,13.0,22861.75,23197.5,42471,42807,23255.5,2025-02-06
A1_k1_spike_nearest,-1,2025-02-07 14:30:00+00:00,2025-02-07 14:30:00+00:00,23327.5,23356.75,2025-02-07 14:31:00+00:00,stop,-29.25,-30.0,29.25,-1.0256410256410255,-1.0,0.8632478632478633,-1.547008547008547,-60.0,23356.25,23327.25,43065,43067,23297.0,2025-02-07
A1_k1_spike_nearest,1,2025-02-07 14:55:00+00:00,2025-02-07 14:55:00+00:00,23362.5,23144.0,2025-02-07 15:12:00+00:00,stop,-218.5,-219.25,218.5,-1.0034324942791761,-1.0,0.07780320366132723,-1.0720823798627002,-438.5,23144.5,23362.75,42861,43080,23400.5,2025-02-07
A1_k1_spike_nearest,-1,2025-02-07 15:35:00+00:00,2025-02-07 15:37:00+00:00,23214.5,23401.0,2025-02-07 15:53:00+00:00,target,96.75,96.25,186.5,0.5160857908847185,0.5187667560321716,0.7761394101876675,-0.12064343163538874,192.5,23400.5,23214.25,43078,43088,23117.75,2025-02-07
A1_k1_spike_nearest,-1,2025-02-07 16:10:00+00:00,2025-02-07 16:19:00+00:00,23161.0,23401.0,2025-02-07 16:52:00+00:00,target,112.75,112.25,240.0,0.46770833333333334,0.46979166666666666,0.490625,-0.12708333333333333,224.5,23400.5,23160.75,43078,43095,23048.25,2025-02-07
A1_k1_spike_nearest,1,2025-02-10 14:30:00+00:00,2025-02-10 14:32:00+00:00,23178.5,22847.25,2025-02-10 14:43:00+00:00,target,45.75,45.25,331.25,0.13660377358490566,0.13811320754716983,0.15622641509433963,-0.010566037735849057,90.5,22847.75,23178.75,43167,43339,23224.25,2025-02-10
A1_k1_spike_nearest,-1,2025-02-10 14:55:00+00:00,2025-02-10 15:01:00+00:00,23242.0,23401.0,2025-02-10 17:00:00+00:00,time,-62.5,-63.25,159.0,-0.3977987421383648,-0.39308176100628933,0.11949685534591195,-0.5314465408805031,-126.5,23400.5,23241.75,43078,43356,23175.0,2025-02-10
A1_k1_spike_nearest,-1,2025-02-11 14:30:00+00:00,2025-02-11 14:30:00+00:00,23164.75,23318.75,2025-02-11 17:00:00+00:00,time,-59.0,-59.75,154.0,-0.387987012987013,-0.38311688311688313,0.20616883116883117,-0.9042207792207793,-119.5,23318.25,23164.5,43405,43619,23102.25,2025-02-11
A1_k1_spike_nearest,-1,2025-02-12 14:30:00+00:00,2025-02-12 14:34:00+00:00,23022.0,23304.5,2025-02-12 17:00:00+00:00,time,-190.75,-191.5,282.5,-0.6778761061946903,-0.6752212389380531,0.06460176991150443,-0.7097345132743362,-383.0,23304.0,23021.75,43645,43896,22942.75,2025-02-12
A1_k1_spike_nearest,-1,2025-02-13 14:30:00+00:00,2025-02-13 14:30:00+00:00,23313.5,23360.25,2025-02-13 14:33:00+00:00,stop,-46.75,-47.5,46.75,-1.0160427807486632,-1.0,0.3850267379679144,-1.481283422459893,-95.0,23359.75,23313.25,44062,44179,23292.5,2025-02-13
A1_k1_spike_nearest,1,2025-02-13 14:30:00+00:00,2025-02-13 14:38:00+00:00,23284.75,22942.25,2025-02-13 14:43:00+00:00,target,30.5,30.0,342.5,0.08759124087591241,0.08905109489051095,0.1335766423357664,-0.049635036496350364,60.0,22942.75,23285.0,43899,44172,23315.25,2025-02-13
A1_k1_spike_nearest,-1,2025-02-13 14:55:00+00:00,2025-02-13 14:56:00+00:00,23341.0,23384.25,2025-02-13 15:02:00+00:00,stop,-43.25,-44.0,43.25,-1.0173410404624277,-1.0,0.2543352601156069,-1.2196531791907514,-88.0,23383.75,23340.75,44182,44184,23267.75,2025-02-13
A1_k1_spike_nearest,1,2025-02-13 16:05:00+00:00,2025-02-13 16:17:00+00:00,23456.75,22942.25,2025-02-13 17:00:00+00:00,time,-61.75,-62.5,514.5,-0.12147716229348883,-0.12001943634596696,0.029640427599611274,-0.15937803692905733,-125.0,22942.75,23457.0,43899,44198,23490.75,2025-02-13
A1_k1_spike_nearest,-1,2025-02-14 14:30:00+00:00,2025-02-14 14:30:00+00:00,23553.0,23579.0,2025-02-14 14:36:00+00:00,target,26.0,25.5,26.0,0.9807692307692307,1.0,1.1153846153846154,-0.6826923076923077,51.0,23578.5,23552.75,44397,44409,23527.0,2025-02-14
A1_k1_spike_nearest,-1,2025-02-14 14:40:00+00:00,2025-02-14 14:51:00+00:00,23571.0,23579.0,2025-02-14 15:08:00+00:00,stop,-8.0,-8.75,8.0,-1.09375,-1.0,4.90625,-1.15625,-17.5,23578.5,23570.75,44397,44457,23502.75,2025-02-14
A1_k1_spike_nearest,1,2025-02-14 15:25:00+00:00,2025-02-14 15:34:00+00:00,23552.75,23185.0,2025-02-14 15:56:00+00:00,target,40.0,39.5,367.75,0.10740992522093813,0.10876954452753229,0.12440516655336506,-0.05098572399728076,79.0,23185.5,23553.0,44115,44466,23592.75,2025-02-14
A1_k1_spike_nearest,1,2025-02-14 16:10:00+00:00,2025-02-14 16:18:00+00:00,23570.75,23185.0,2025-02-14 17:00:00+00:00,time,1.0,0.25,385.75,0.0006480881399870382,0.002592352559948153,0.02592352559948153,-0.09138042773817238,0.5,23185.5,23571.0,44115,44475,23604.5,2025-02-14
A1_k1_spike_nearest,1,2025-02-17 14:30:00+00:00,2025-02-17 14:30:00+00:00,23673.75,23474.75,2025-02-17 17:00:00+00:00,time,-6.75,-6.0,199.0,-0.03015075376884422,-0.03391959798994975,0.056532663316582916,-0.24623115577889448,-12.0,23475.25,23675.5,44425,44715,23692.75,2025-02-17
A1_k1_spike_nearest,1,2025-02-18 14:30:00+00:00,2025-02-18 14:30:00+00:00,23680.25,23624.25,2025-02-18 14:46:00+00:00,stop,-56.0,-56.75,56.0,-1.0133928571428572,-1.0,0.36607142857142855,-1.1473214285714286,-113.5,23624.75,23680.5,44735,44820,23751.0,2025-02-18
A1_k1_spike_nearest,1,2025-02-18 15:25:00+00:00,2025-02-18 15:26:00+00:00,23587.5,23580.75,2025-02-18 15:27:00+00:00,stop,-6.75,-7.5,6.75,-1.1111111111111112,-1.0,3.0,-2.925925925925926,-15.0,23581.25,23587.75,44967,44970,23640.0,2025-02-18
A1_k1_spike_nearest,-1,2025-02-18 15:50:00+00:00,2025-02-18 15:52:00+00:00,23604.75,23753.25,2025-02-18 17:00:00+00:00,time,-15.0,-15.75,148.5,-0.10606060606060606,-0.10101010101010101,0.08922558922558922,-0.2946127946127946,-31.5,23752.75,23604.5,44883,44975,23557.75,2025-02-18
A1_k1_spike_nearest,1,2025-02-19 14:30:00+00:00,2025-02-19 14:31:00+00:00,23620.25,23535.25,2025-02-19 14:35:00+00:00,target,32.0,31.5,85.0,0.37058823529411766,0.3764705882352941,0.38235294117647056,-0.17352941176470588,63.0,23535.75,23620.5,45016,45234,23652.25,2025-02-19
A1_k1_spike_nearest,1,2025-02-19 14:30:00+00:00,2025-02-19 14:49:00+00:00,23590.0,23535.25,2025-02-19 16:11:00+00:00,target,62.25,61.75,54.75,1.1278538812785388,1.1369863013698631,1.2146118721461188,-0.7168949771689498,123.5,23535.75,23590.25,45016,45034,23652.25,2025-02-19
A1_k1_spike_nearest,-1,2025-02-20 14:30:00+00:00,2025-02-20 14:31:00+00:00,23657.25,23733.0,2025-02-20 14:33:00+00:00,target,34.25,33.75,75.75,0.44554455445544555,0.4521452145214521,0.5874587458745875,-0.033003300330033,67.5,23732.5,23657.0,45302,45510,23623.0,2025-02-20
A1_k1_spike_nearest,1,2025-02-20 14:30:00+00:00,2025-02-20 14:34:00+00:00,23606.25,23550.25,2025-02-20 14:51:00+00:00,stop,-56.0,-56.75,56.0,-1.0133928571428572,-1.0,0.7142857142857143,-1.1071428571428572,-113.5,23550.75,23606.5,45244,45485,23657.0,2025-02-20
A1_k1_spike_nearest,-1,2025-02-20 15:15:00+00:00,2025-02-20 15:15:00+00:00,23483.25,23733.0,2025-02-20 17:00:00+00:00,time,20.25,19.5,249.75,0.07807807807807808,0.08108108108108109,0.2992992992992993,-0.23023023023023023,39.0,23732.5,23483.0,45302,45520,23383.5,2025-02-20
A1_k1_spike_nearest,1,2025-02-21 14:30:00+00:00,2025-02-21 14:30:00+00:00,23619.25,23408.0,2025-02-21 15:34:00+00:00,stop,-226.5,-212.0,211.25,-1.0035502958579883,-1.0721893491124261,0.007100591715976331,-1.0011834319526627,-424.0,23408.5,23634.75,45530,45765,23664.5,2025-02-21
A1_k1_spike_nearest,-1,2025-02-21 16:10:00+00:00,2025-02-21 16:18:00+00:00,23454.25,23679.0,2025-02-21 16:52:00+00:00,target,59.0,58.5,224.75,0.26028921023359286,0.2625139043381535,0.2725250278086763,-0.035595105672969966,117.0,23678.5,23454.0,45780,45807,23395.25,2025-02-21
A1_k1_spike_nearest,1,2025-02-24 14:30:00+00:00,2025-02-24 14:30:00+00:00,23171.75,23084.5,2025-02-24 14:32:00+00:00,target,49.0,48.5,87.25,0.5558739255014327,0.5616045845272206,0.7191977077363897,-0.08022922636103152,97.0,23085.0,23172.0,45877,46044,23220.75,2025-02-24
A1_k1_spike_nearest,1,2025-02-24 14:30:00+00:00,2025-02-24 14:37:00+00:00,23133.5,23084.5,2025-02-24 14:52:00+00:00,stop,-49.0,-49.75,49.0,-1.0153061224489797,-1.0,0.6479591836734694,-1.4642857142857142,-99.5,23085.0,23133.75,45877,45990,23220.75,2025-02-24
A1_k1_spike_nearest,-1,2025-02-24 15:50:00+00:00,2025-02-24 16:06:00+00:00,22958.0,23679.0,2025-02-24 17:00:00+00:00,time,-51.75,-52.5,721.0,-0.07281553398058252,-0.0717753120665742,0.02565880721220527,-0.13800277392510402,-105.0,23678.5,22957.75,45780,46079,22869.5,2025-02-24
A1_k1_spike_nearest,-1,2025-02-25 15:45:00+00:00,2025-02-25 15:51:00+00:00,22558.75,23246.25,2025-02-25 16:30:00+00:00,target,98.0,97.5,687.5,0.14181818181818182,0.14254545454545456,0.15672727272727272,-0.04945454545454545,195.0,23245.75,22558.5,46003,46354,22460.75,2025-02-25
A1_k1_spike_nearest,1,2025-02-26 14:30:00+00:00,2025-02-26 14:30:00+00:00,22631.0,22422.75,2025-02-26 14:52:00+00:00,target,89.25,88.75,208.25,0.4261704681872749,0.42857142857142855,0.5066026410564226,-0.0468187274909964,177.5,22423.25,22631.25,46365,46468,22720.25,2025-02-26
A1_k1_spike_nearest,-1,2025-02-26 14:30:00+00:00,2025-02-26 15:12:00+00:00,22765.5,22886.5,2025-02-26 17:00:00+00:00,time,-16.75,-17.5,121.0,-0.1446280991735537,-0.1384297520661157,0.5082644628099173,-0.6363636363636364,-35.0,22886.0,22765.25,46155,46605,22656.75,2025-02-26
A1_k1_spike_nearest,-1,2025-02-27 14:30:00+00:00,2025-02-27 14:32:00+00:00,22796.75,22843.0,2025-02-27 14:41:00+00:00,target,95.25,94.75,46.25,2.0486486486486486,2.0594594594594593,2.6594594594594594,-0.3675675675675676,189.5,22842.5,22796.5,46645,46890,22701.5,2025-02-27
A1_k1_spike_nearest,1,2025-02-27 14:30:00+00:00,2025-02-27 14:42:00+00:00,22671.5,22497.0,2025-02-27 14:55:00+00:00,stop,-174.5,-175.25,174.5,-1.004297994269341,-1.0,0.044412607449856735,-1.1117478510028653,-350.5,22497.5,22671.75,46672,46791,22796.5,2025-02-27
A1_k1_spike_nearest,1,2025-02-27 15:45:00+00:00,2025-02-27 15:54:00+00:00,22470.0,22328.75,2025-02-27 16:16:00+00:00,target,102.25,101.75,141.25,0.720353982300885,0.7238938053097345,0.7752212389380531,-0.2,203.5,22329.25,22470.25,46899,46906,22572.25,2025-02-27
A1_k1_spike_nearest,1,2025-02-28 14:30:00+00:00,2025-02-28 14:30:00+00:00,21985.5,21948.75,2025-02-28 14:31:00+00:00,stop,-36.75,-37.5,36.75,-1.0204081632653061,-1.0,1.1768707482993197,-1.564625850340136,-75.0,21949.25,21985.75,47040,47085,22061.75,2025-02-28
A1_k1_spike_nearest,-1,2025-02-28 14:30:00+00:00,2025-02-28 14:43:00+00:00,22062.0,22819.75,2025-02-28 14:45:00+00:00,target,40.25,39.75,757.75,0.05245793467502474,0.053117782909930716,0.07060376113493896,-0.02045529528208512,79.5,22819.25,22061.75,46871,47166,22021.75,2025-02-28
A1_k1_spike_nearest,-1,2025-02-28 14:50:00+00:00,2025-02-28 15:02:00+00:00,22077.75,22819.75,2025-02-28 17:00:00+00:00,time,-52.0,-52.75,742.0,-0.07109164420485176,-0.07008086253369272,0.12297843665768195,-0.17890835579514824,-105.5,22819.25,22077.5,46871,47171,21893.0,2025-02-28
A1_k1_spike_nearest,1,2025-03-03 14:30:00+00:00,2025-03-03 14:30:00+00:00,22465.25,21892.5,2025-03-03 14:32:00+00:00,target,57.25,56.75,572.75,0.09908336970755129,0.09995635093845483,0.11130510694020078,-0.016586643387167175,113.5,21893.0,22465.5,47169,47437,22522.5,2025-03-03
A1_k1_spike_nearest,1,2025-03-03 14:30:00+00:00,2025-03-03 14:38:00+00:00,22418.25,21892.5,2025-03-03 17:00:00+00:00,time,-63.75,-64.5,525.75,-0.12268188302425106,-0.12125534950071326,0.10794103661436044,-0.42938659058487877,-129.0,21893.0,22418.5,47169,47396,22522.5,2025-03-03
A1_k1_spike_nearest,-1,2025-03-04 14:30:00+00:00,2025-03-04 14:36:00+00:00,21831.5,22554.0,2025-03-04 14:42:00+00:00,target,89.75,89.25,722.5,0.12352941176470589,0.12422145328719723,0.16782006920415224,-0.04325259515570934,178.5,22553.5,21831.25,47445,47717,21741.75,2025-03-04
A1_k1_spike_nearest,1,2025-03-04 14:50:00+00:00,2025-03-04 14:59:00+00:00,21694.0,21690.75,2025-03-04 14:59:00+00:00,stop,-3.25,-4.0,3.25,-1.2307692307692308,-1.0,21.076923076923077,-10.307692307692308,-8.0,21691.25,21694.25,47721,47723,21862.75,2025-03-04
A1_k1_spike_nearest,-1,2025-03-04 15:40:00+00:00,2025-03-04 15:45:00+00:00,21676.25,22554.0,2025-03-04 17:00:00+00:00,time,-55.5,-56.25,877.75,-0.06408430646539448,-0.06322984904585588,0.15351751637710054,-0.10709199658217032,-112.5,22553.5,21676.0,47445,47733,21508.5,2025-03-04
A1_k1_spike_nearest,1,2025-03-05 14:30:00+00:00,2025-03-05 14:36:00+00:00,21811.75,21541.0,2025-03-05 15:00:00+00:00,target,86.5,86.0,270.75,0.31763619575253926,0.31948291782086796,0.4025854108956602,-0.40166204986149584,172.0,21541.5,21812.0,47744,47991,21898.25,2025-03-05
A1_k1_spike_nearest,-1,2025-03-05 15:55:00+00:00,2025-03-05 15:58:00+00:00,21868.0,21991.0,2025-03-05 16:11:00+00:00,target,135.75,135.25,123.0,1.0995934959349594,1.103658536585366,1.4024390243902438,-0.018292682926829267,270.5,21990.5,21867.75,47964,48012,21732.25,2025-03-05
A1_k1_spike_nearest,-1,2025-03-06 14:45:00+00:00,2025-03-06 14:50:00+00:00,21752.75,22158.75,2025-03-06 17:00:00+00:00,time,67.75,67.0,406.0,0.16502463054187191,0.16687192118226601,0.19704433497536947,-0.47598522167487683,134.0,22158.25,21752.5,48064,48274,21661.0,2025-03-06
A1_k1_spike_nearest,-1,2025-03-07 14:30:00+00:00,2025-03-07 14:33:00+00:00,21517.5,22081.75,2025-03-07 15:31:00+00:00,target,57.75,57.25,564.25,0.10146211785556047,0.1023482498892335,0.1958351794417368,-0.27913159060700043,114.5,22081.25,21517.25,48162,48547,21459.75,2025-03-07
A1_k1_spike_nearest,1,2025-03-10 13:30:00+00:00,2025-03-10 13:30:00+00:00,21293.0,21198.25,2025-03-10 13:54:00+00:00,stop,-94.75,-95.5,94.75,-1.007915567282322,-1.0,0.44063324538258575,-1.2216358839050132,-191.0,21198.75,21293.25,48577,48814,21376.25,2025-03-10
A1_k1_spike_nearest,-1,2025-03-10 15:20:00+00:00,2025-03-10 15:23:00+00:00,21051.75,21720.0,2025-03-10 16:00:00+00:00,time,32.25,31.5,668.25,0.04713804713804714,0.04826038159371493,0.06734006734006734,-0.12532734754956978,63.0,21719.5,21051.5,48626,48845,20952.75,2025-03-10
A1_k1_spike_nearest,1,2025-03-11 13:30:00+00:00,2025-03-11 13:30:00+00:00,20852.75,20572.25,2025-03-11 13:36:00+00:00,target,46.75,64.5,280.5,0.22994652406417113,0.16666666666666666,0.23796791443850268,-0.11942959001782531,129.0,20572.75,20871.25,48949,49095,20917.75,2025-03-11
A1_k1_spike_nearest,-1,2025-03-11 13:30:00+00:00,2025-03-11 13:37:00+00:00,20962.0,21589.25,2025-03-11 14:03:00+00:00,target,89.25,88.75,627.25,0.141490633718613,0.1422877640494221,0.178158628935831,-0.13431646074133122,177.5,21588.75,20961.75,48694,49088,20872.75,2025-03-11
A1_k1_spike_nearest,1,2025-03-11 13:40:00+00:00,2025-03-11 14:04:00+00:00,20819.0,20572.25,2025-03-11 16:00:00+00:00,time,36.75,36.0,246.75,0.1458966565349544,0.14893617021276595,0.6423505572441742,-0.49037487335359675,72.0,20572.75,20819.25,48949,49101,21016.5,2025-03-11
A1_k1_spike_nearest,-1,2025-03-12 13:30:00+00:00,2025-03-12 13:31:00+00:00,21167.5,21222.0,2025-03-12 13:48:00+00:00,target,69.25,68.75,54.5,1.261467889908257,1.2706422018348624,1.8073394495412844,-0.7706422018348624,137.5,21221.5,21167.25,49365,49372,21098.25,2025-03-12
A1_k1_spike_nearest,1,2025-03-12 13:55:00+00:00,2025-03-12 13:55:00+00:00,21068.75,20572.25,2025-03-12 16:00:00+00:00,time,-2.5,-3.25,496.5,-0.006545820745216516,-0.005035246727089627,0.17925478348439072,-0.48539778449144005,-6.5,20572.75,21069.0,48949,49380,21209.5,2025-03-12
A1_k1_spike_nearest,1,2025-03-13 13:30:00+00:00,2025-03-13 13:30:00+00:00,20974.5,20819.25,2025-03-13 13:56:00+00:00,stop,-155.25,-156.0,155.25,-1.0048309178743962,-1.0,0.22705314009661837,-1.1626409017713366,-312.0,20819.75,20974.75,49303,49650,21021.5,2025-03-13
A1_k1_spike_nearest,-1,2025-03-13 14:10:00+00:00,2025-03-13 14:19:00+00:00,20943.0,21222.0,2025-03-13 15:36:00+00:00,target,186.25,185.75,279.0,0.6657706093189965,0.6675627240143369,0.764336917562724,-0.21594982078853048,371.5,21221.5,20942.75,49365,49657,20756.75,2025-03-13
A1_k1_spike_nearest,1,2025-03-14 13:30:00+00:00,2025-03-14 13:30:00+00:00,20896.75,20597.75,2025-03-14 13:31:00+00:00,target,45.0,44.5,299.0,0.1488294314381271,0.1505016722408027,0.1596989966555184,-0.046822742474916385,89.0,20598.25,20897.0,49703,49926,20941.75,2025-03-14
A1_k1_spike_nearest,-1,2025-03-14 13:30:00+00:00,2025-03-14 13:33:00+00:00,20966.75,21078.25,2025-03-14 14:00:00+00:00,target,69.75,69.25,111.5,0.6210762331838565,0.625560538116592,0.9663677130044843,-0.7780269058295964,138.5,21077.75,20966.5,49518,49917,20897.0,2025-03-14
A1_k1_spike_nearest,1,2025-03-14 14:20:00+00:00,2025-03-14 14:20:00+00:00,20894.75,20597.75,2025-03-14 14:58:00+00:00,target,120.75,120.25,297.0,0.4048821548821549,0.4065656565656566,0.43097643097643096,-0.05723905723905724,240.5,20598.25,20895.0,49703,49937,21015.5,2025-03-14
A1_k1_spike_nearest,-1,2025-03-14 14:00:00+00:00,2025-03-14 15:00:00+00:00,21053.75,21078.25,2025-03-14 15:18:00+00:00,stop,-24.5,-25.25,24.5,-1.030612244897959,-1.0,1.2244897959183674,-1.0612244897959184,-50.5,21077.75,21053.5,49518,49933,20882.75,2025-03-14
A1_k1_spike_nearest,-1,2025-03-17 13:30:00+00:00,2025-03-17 13:32:00+00:00,21179.0,21211.75,2025-03-17 13:36:00+00:00,stop,-32.75,-33.5,32.75,-1.0229007633587786,-1.0,1.0,-1.8091603053435115,-67.0,21211.25,21178.75,50195,50201,21082.75,2025-03-17
A1_k1_spike_nearest,1,2025-03-17 14:00:00+00:00,2025-03-17 14:03:00+00:00,21159.25,20766.75,2025-03-17 16:00:00+00:00,time,-44.25,-45.0,392.5,-0.11464968152866242,-0.11273885350318472,0.2318471337579618,-0.24968152866242038,-90.0,20767.25,21159.5,49767,50209,21280.75,2025-03-17
A1_k1_spike_nearest,1,2025-03-18 13:30:00+00:00,2025-03-18 13:30:00+00:00,21087.5,20983.25,2025-03-18 13:44:00+00:00,stop,-104.25,-105.0,104.25,-1.0071942446043165,-1.0,0.37170263788968827,-1.4460431654676258,-210.0,20983.75,21087.75,50033,50244,21157.0,2025-03-18
A1_k1_spike_nearest,-1,2025-03-18 14:15:00+00:00,2025-03-18 14:39:00+00:00,20947.0,21392.5,2025-03-18 15:01:00+00:00,target,77.25,76.75,445.5,0.1722783389450056,0.1734006734006734,0.23849607182940516,-0.03535353535353535,153.5,21392.0,20946.75,50269,50488,20869.75,2025-03-18
A1_k1_spike_nearest,-1,2025-03-19 13:30:00+00:00,2025-03-19 13:30:00+00:00,21025.0,21268.75,2025-03-19 13:41:00+00:00,target,50.75,50.25,243.75,0.20615384615384616,0.2082051282051282,0.2123076923076923,-0.07487179487179488,100.5,21268.25,21024.75,50316,50605,20974.25,2025-03-19
A1_k1_spike_nearest,1,2025-03-19 13:30:00+00:00,2025-03-19 13:42:00+00:00,20971.0,20833.25,2025-03-19 13:46:00+00:00,target,28.5,28.0,137.75,0.20326678765880218,0.20689655172413793,0.3647912885662432,-0.2540834845735027,56.0,20833.75,20971.25,50500,50747,20999.5,2025-03-19
A1_k1_spike_nearest,-1,2025-03-19 13:40:00+00:00,2025-03-19 13:54:00+00:00,21043.5,21268.75,2025-03-19 16:00:00+00:00,time,-103.25,-104.0,225.25,-0.46170921198668147,-0.4583795782463929,0.11431742508324085,-0.537180910099889,-208.0,21268.25,21043.25,50316,50757,20974.25,2025-03-19
A1_k1_spike_nearest,1,2025-03-20 13:30:00+00:00,2025-03-20 13:30:00+00:00,21011.5,20935.5,2025-03-20 13:32:00+00:00,target,35.5,37.5,76.0,0.4934210526315789,0.46710526315789475,0.7006578947368421,-0.39144736842105265,75.0,20936.0,21014.25,50759,51028,21049.5,2025-03-20
A1_k1_spike_nearest,-1,2025-03-20 13:30:00+00:00,2025-03-20 13:33:00+00:00,21087.25,21317.5,2025-03-20 14:43:00+00:00,stop,-230.25,-231.0,230.25,-1.003257328990228,-1.0,0.1281216069489685,-1.0271444082519001,-462.0,21317.0,21087.0,50924,51013,21014.25,2025-03-20
A1_k1_spike_nearest,1,2025-03-20 14:45:00+00:00,2025-03-20 15:01:00+00:00,21246.75,20935.5,2025-03-20 16:00:00+00:00,time,-35.5,-36.25,311.25,-0.11646586345381527,-0.1140562248995984,0.13493975903614458,-0.1823293172690763,-72.5,20936.0,21247.0,50759,51046,21368.5,2025-03-20
A1_k1_spike_nearest,-1,2025-03-21 13:40:00+00:00,2025-03-21 13:48:00+00:00,20937.0,21330.5,2025-03-21 16:00:00+00:00,time,-0.5,-1.25,393.5,-0.0031766200762388818,-0.0012706480304955528,0.12452350698856417,-0.25349428208386277,-2.5,21330.0,20936.75,51048,51309,20827.5,2025-03-21
A1_k1_spike_nearest,1,2025-03-24 13:30:00+00:00,2025-03-24 13:30:00+00:00,21481.25,20899.5,2025-03-24 13:38:00+00:00,target,25.75,30.25,581.75,0.05199828104856038,0.04426299957026214,0.05758487322733133,-0.047271164589600345,60.5,20900.0,21486.5,51339,51578,21512.0,2025-03-24
A1_k1_spike_nearest,1,2025-03-25 13:30:00+00:00,2025-03-25 13:30:00+00:00,21626.5,21320.75,2025-03-25 14:00:00+00:00,target,33.25,33.0,305.75,0.10793131643499591,0.10874897792313983,0.14227309893704007,-0.12755519215044972,66.0,21321.25,21627.0,51471,51855,21660.0,2025-03-25
A1_k1_spike_nearest,-1,2025-03-25 14:25:00+00:00,2025-03-25 14:28:00+00:00,21667.25,21672.75,2025-03-25 14:29:00+00:00,stop,-5.5,-6.25,5.5,-1.1363636363636365,-1.0,4.409090909090909,-2.272727272727273,-12.5,21672.25,21667.0,51849,51870,21596.0,2025-03-25
A1_k1_spike_nearest,1,2025-03-26 13:30:00+00:00,2025-03-26 13:30:00+00:00,21664.25,21516.5,2025-03-26 14:16:00+00:00,stop,-151.25,-148.5,147.75,-1.0050761421319796,-1.023688663282572,0.24196277495769883,-1.0,-297.0,21517.0,21668.0,51801,52100,21711.5,2025-03-26
A1_k1_spike_nearest,-1,2025-03-26 14:45:00+00:00,2025-03-26 14:52:00+00:00,21521.5,21762.25,2025-03-26 15:52:00+00:00,target,70.5,70.0,240.75,0.29075804776739356,0.29283489096573206,0.3862928348909657,-0.09968847352024922,140.0,21761.75,21521.25,51983,52150,21451.0,2025-03-26
A1_k1_spike_nearest,1,2025-03-27 13:30:00+00:00,2025-03-27 13:30:00+00:00,21244.0,21236.75,2025-03-27 13:30:00+00:00,stop,-7.25,-8.0,7.25,-1.103448275862069,-1.0,3.5517241379310347,-2.0,-16.0,21237.25,21244.25,52240,52242,21306.25,2025-03-27
A1_k1_spike_nearest,-1,2025-03-27 13:50:00+00:00,2025-03-27 13:54:00+00:00,21295.0,21762.25,2025-03-27 16:00:00+00:00,time,22.0,21.25,467.25,0.0454788657035848,0.047084002140181914,0.10112359550561797,-0.27608346709470305,42.5,21761.75,21294.75,51983,52413,21162.75,2025-03-27
A1_k1_spike_nearest,1,2025-03-31 13:30:00+00:00,2025-03-31 13:30:00+00:00,20391.75,20342.75,2025-03-31 13:32:00+00:00,stop,-73.25,-49.75,49.0,-1.0153061224489797,-1.4948979591836735,0.5204081632653061,-1.6785714285714286,-99.5,20343.25,20416.25,52941,52955,20452.0,2025-03-31
A1_k1_spike_nearest,-1,2025-03-31 14:15:00+00:00,2025-03-31 15:00:00+00:00,20393.0,21234.25,2025-03-31 16:00:00+00:00,time,-53.25,-54.0,841.25,-0.06419019316493313,-0.06329866270430906,0.06448736998514117,-0.11144130757800892,-108.0,21233.75,20392.75,52603,52972,20201.75,2025-03-31
A1_k1_spike_nearest,1,2025-04-01 13:30:00+00:00,2025-04-01 13:30:00+00:00,20579.75,20201.25,2025-04-01 13:33:00+00:00,target,63.0,62.5,378.5,0.16512549537648613,0.166446499339498,0.20673712021136065,-0.01915455746367239,125.0,20201.75,20580.0,52968,53231,20642.75,2025-04-01
A1_k1_spike_nearest,1,2025-04-01 13:30:00+00:00,2025-04-01 14:07:00+00:00,20554.0,20201.25,2025-04-01 14:39:00+00:00,target,88.75,88.25,352.75,0.25017717930545713,0.2515946137491141,0.30049610205527993,-0.1920623671155209,176.5,20201.75,20554.25,52968,53221,20642.75,2025-04-01
A1_k1_spike_nearest,-1,2025-04-02 13:30:00+00:00,2025-04-02 13:32:00+00:00,20591.75,20918.75,2025-04-02 15:25:00+00:00,stop,-327.0,-327.75,327.0,-1.0022935779816513,-1.0,0.09403669724770643,-1.019113149847095,-655.5,20918.25,20591.5,53333,53515,20486.25,2025-04-02
A1_k1_spike_nearest,-1,2025-04-03 13:30:00+00:00,2025-04-03 13:30:00+00:00,20148.75,21270.75,2025-04-03 14:45:00+00:00,target,67.5,93.0,1122.0,0.08288770053475936,0.06016042780748663,0.0944741532976827,-0.1339126559714795,186.0,21270.25,20122.5,53598,53789,20055.25,2025-04-03
A1_k1_spike_nearest,-1,2025-04-03 15:25:00+00:00,2025-04-03 15:26:00+00:00,20077.75,21270.75,2025-04-03 16:00:00+00:00,time,-32.0,-32.75,1193.0,-0.027451802179379713,-0.026823134953897737,0.03143336127409891,-0.06810561609388097,-65.5,21270.25,20077.5,53598,53814,19945.25,2025-04-03
A1_k1_spike_nearest,-1,2025-04-04 13:30:00+00:00,2025-04-04 13:30:00+00:00,19431.25,20402.25,2025-04-04 13:38:00+00:00,target,147.75,147.25,971.0,0.15164778578784757,0.15216271884654994,0.15345005149330587,-0.04376930998970134,294.5,20401.75,19431.0,53739,54067,19283.5,2025-04-04
A1_k1_spike_nearest,1,2025-04-04 14:05:00+00:00,2025-04-04 14:08:00+00:00,19291.75,19229.5,2025-04-04 14:12:00+00:00,stop,-62.25,-63.0,62.25,-1.0120481927710843,-1.0,0.4939759036144578,-1.4337349397590362,-126.0,19230.0,19292.0,54072,54074,19461.75,2025-04-04
A1_k1_spike_nearest,-1,2025-04-04 14:30:00+00:00,2025-04-04 15:12:00+00:00,19296.0,20402.25,2025-04-04 16:00:00+00:00,time,188.5,187.75,1106.25,0.16971751412429378,0.1703954802259887,0.20564971751412428,-0.06870056497175141,375.5,20401.75,19295.75,53739,54079,19044.5,2025-04-04
A1_k1_spike_nearest,1,2025-04-07 13:30:00+00:00,2025-04-07 13:30:00+00:00,18153.0,17677.0,2025-04-07 13:58:00+00:00,target,262.75,292.0,476.0,0.6134453781512605,0.5519957983193278,0.6864495798319328,-0.5346638655462185,584.0,17677.5,18183.0,54173,54330,18445.5,2025-04-07
A1_k1_spike_nearest,-1,2025-04-07 13:30:00+00:00,2025-04-07 13:59:00+00:00,18503.5,19938.75,2025-04-07 16:00:00+00:00,time,-110.5,-111.25,1435.25,-0.07751262846194043,-0.0769900714161296,0.08900888346977878,-0.75370144574116,-222.5,19938.25,18503.25,53908,54312,18211.75,2025-04-07
A1_k1_spike_nearest,-1,2025-04-08 13:30:00+00:00,2025-04-08 13:30:00+00:00,19374.0,19585.75,2025-04-08 16:00:00+00:00,time,91.75,94.5,211.75,0.4462809917355372,0.4332939787485242,0.9279811097992916,-0.9834710743801653,189.0,19585.25,19370.25,54354,54618,19151.0,2025-04-08
A1_k1_spike_nearest,-1,2025-04-09 13:30:00+00:00,2025-04-09 13:30:00+00:00,18497.25,19360.25,2025-04-09 16:00:00+00:00,time,-47.75,-48.5,863.0,-0.05619930475086906,-0.05533024333719583,0.0880648899188876,-0.3765932792584009,-97.0,19359.75,18497.0,54647,54894,18396.0,2025-04-09
A1_k1_spike_nearest,1,2025-04-10 13:30:00+00:00,2025-04-10 13:30:00+00:00,20016.0,17959.5,2025-04-10 16:00:00+00:00,time,-528.75,-513.75,2056.5,-0.24981765134938003,-0.25711159737417943,0.03926574276683686,-0.25966447848285923,-1027.5,17960.0,20032.0,54802,55169,20211.0,2025-04-10
A1_k1_spike_nearest,-1,2025-04-11 13:30:00+00:00,2025-04-11 13:30:00+00:00,19694.0,20610.0,2025-04-11 13:32:00+00:00,target,112.75,112.25,916.0,0.12254366812227074,0.12308951965065502,0.12609170305676856,-0.011735807860262008,224.5,20609.5,19693.75,54999,55447,19581.25,2025-04-11
A1_k1_spike_nearest,-1,2025-04-11 13:30:00+00:00,2025-04-11 13:43:00+00:00,19768.75,20610.0,2025-04-11 14:21:00+00:00,target,187.5,187.0,841.25,0.22228826151560177,0.22288261515601784,0.2475482912332838,-0.12392273402674592,374.0,20609.5,19768.5,54999,55444,19581.25,2025-04-11
A1_k1_spike_nearest,1,2025-04-11 13:30:00+00:00,2025-04-11 14:23:00+00:00,19540.0,19296.25,2025-04-11 14:48:00+00:00,target,228.5,228.0,243.75,0.9353846153846154,0.9374358974358974,0.9497435897435897,-0.18461538461538463,456.0,19296.75,19540.25,55296,55391,19768.5,2025-04-11
A1_k1_spike_nearest,1,2025-04-11 14:50:00+00:00,2025-04-11 15:00:00+00:00,19627.0,19296.25,2025-04-11 16:00:00+00:00,time,166.5,165.75,330.75,0.5011337868480725,0.5034013605442177,0.527588813303099,-0.24036281179138322,331.5,19296.75,19627.25,55296,55463,19848.75,2025-04-11
A1_k1_spike_nearest,1,2025-04-14 13:30:00+00:00,2025-04-14 13:34:00+00:00,20398.5,19296.25,2025-04-14 16:00:00+00:00,time,-344.5,-345.25,1102.25,-0.31322295305057835,-0.312542526650034,0.034021320027217056,-0.3356770242685416,-690.5,19296.75,20398.75,55296,55719,20478.0,2025-04-14
A1_k1_spike_nearest,-1,2025-04-15 13:30:00+00:00,2025-04-15 13:30:00+00:00,20212.0,20481.25,2025-04-15 14:20:00+00:00,target,36.5,36.75,269.25,0.13649025069637882,0.13556174558960074,0.22748375116063138,-0.585886722376973,73.5,20480.75,20211.0,55724,55977,20174.75,2025-04-15
A1_k1_spike_nearest,-1,2025-04-15 15:05:00+00:00,2025-04-15 15:14:00+00:00,20287.25,20481.25,2025-04-15 16:00:00+00:00,time,12.25,11.5,194.0,0.059278350515463915,0.06314432989690721,0.40850515463917525,-0.13917525773195877,23.0,20480.75,20287.0,55724,56018,20195.0,2025-04-15
A1_k1_spike_nearest,-1,2025-04-16 13:30:00+00:00,2025-04-16 13:30:00+00:00,19862.5,20370.25,2025-04-16 14:00:00+00:00,target,123.0,122.5,507.75,0.24126046282619398,0.24224519940915806,0.2516001969473166,-0.08173313638601674,245.0,20369.75,19862.25,56009,56274,19739.5,2025-04-16
A1_k1_spike_nearest,-1,2025-04-16 14:20:00+00:00,2025-04-16 14:24:00+00:00,19832.25,20370.25,2025-04-16 16:00:00+00:00,time,19.25,18.5,538.0,0.03438661710037175,0.03578066914498141,0.06598513011152417,-0.2379182156133829,37.0,20369.75,19832.0,56009,56285,19734.75,2025-04-16
A1_k1_spike_nearest,1,2025-04-17 13:30:00+00:00,2025-04-17 13:31:00+00:00,19677.5,19340.75,2025-04-17 16:00:00+00:00,time,-112.75,-113.5,336.75,-0.3370452858203415,-0.3348181143281366,0.16703786191536749,-0.5679287305122495,-227.0,19341.25,19677.75,56348,56413,19791.5,2025-04-17
A1_k1_spike_nearest,-1,2025-04-21 13:30:00+00:00,2025-04-21 13:30:00+00:00,19372.75,19877.5,2025-04-21 13:37:00+00:00,target,57.75,57.25,504.75,0.11342248637939574,0.11441307578008915,0.1723625557206538,-0.03566121842496285,114.5,19877.0,19372.5,56478,56818,19315.0,2025-04-21
A1_k1_spike_nearest,-1,2025-04-21 14:35:00+00:00,2025-04-21 14:35:00+00:00,19167.25,19877.5,2025-04-21 15:14:00+00:00,target,44.5,44.0,710.25,0.061950017599436816,0.06265399507215769,0.09398099260823653,-0.06441393875395987,88.0,19877.0,19167.0,56478,56840,19122.75,2025-04-21
A1_k1_spike_nearest,1,2025-04-22 13:30:00+00:00,2025-04-22 13:30:00+00:00,19344.25,19088.25,2025-04-22 13:41:00+00:00,target,51.5,51.0,256.0,0.19921875,0.201171875,0.2607421875,-0.07421875,102.0,19088.75,19344.5,56924,57103,19395.75,2025-04-22
A1_k1_spike_nearest,-1,2025-04-22 13:55:00+00:00,2025-04-22 13:59:00+00:00,19473.75,19599.5,2025-04-22 15:09:00+00:00,stop,-125.75,-126.5,125.75,-1.0059642147117296,-1.0,0.09940357852882704,-1.0039761431411531,-253.0,19599.0,19473.5,56675,57108,19325.25,2025-04-22
A1_k1_spike_nearest,1,2025-04-23 14:10:00+00:00,2025-04-23 14:18:00+00:00,20210.75,19088.25,2025-04-23 14:33:00+00:00,target,159.25,158.75,1122.5,0.14142538975501115,0.1418708240534521,0.144543429844098,-0.011804008908685968,317.5,19088.75,20211.0,56924,57387,20370.0,2025-04-23
A1_k1_spike_nearest,1,2025-04-23 14:50:00+00:00,2025-04-23 14:50:00+00:00,20309.75,19088.25,2025-04-23 16:00:00+00:00,time,-208.0,-208.75,1221.5,-0.17089643880474825,-0.17028243962341383,0.019238641015145313,-0.2345476872697503,-417.5,19088.75,20310.0,56924,57395,20390.75,2025-04-23
A1_k1_spike_nearest,-1,2025-04-24 13:30:00+00:00,2025-04-24 13:30:00+00:00,20100.5,20391.25,2025-04-24 14:36:00+00:00,stop,-296.0,-291.5,290.75,-1.002579535683577,-1.0180567497850388,0.0997420464316423,-1.0171969045571798,-583.0,20390.75,20095.0,57394,57499,20048.25,2025-04-24
A1_k1_spike_nearest,-1,2025-04-25 13:30:00+00:00,2025-04-25 13:30:00+00:00,20548.0,20676.75,2025-04-25 16:00:00+00:00,time,-40.5,-41.25,128.75,-0.32038834951456313,-0.3145631067961165,0.6873786407766991,-0.6427184466019418,-82.5,20676.25,20547.75,57872,57908,20440.25,2025-04-25
A1_k1_spike_nearest,-1,2025-04-28 13:30:00+00:00,2025-04-28 13:31:00+00:00,20793.25,20815.5,2025-04-28 13:33:00+00:00,target,37.0,36.5,22.25,1.6404494382022472,1.6629213483146068,2.898876404494382,-0.2808988764044944,73.0,20815.0,20793.0,58018,58206,20756.25,2025-04-28
A1_k1_spike_nearest,-1,2025-04-28 13:40:00+00:00,2025-04-28 13:43:00+00:00,20799.75,20815.5,2025-04-28 13:44:00+00:00,stop,-15.75,-16.5,15.75,-1.0476190476190477,-1.0,0.6349206349206349,-1.5396825396825398,-33.0,20815.0,20799.5,58018,58209,20694.75,2025-04-28
A1_k1_spike_nearest,1,2025-04-28 13:30:00+00:00,2025-04-28 13:58:00+00:00,20690.75,20439.75,2025-04-28 16:00:00+00:00,time,-118.5,-119.25,251.0,-0.4750996015936255,-0.4721115537848606,0.29382470119521914,-0.6125498007968128,-238.5,20440.25,20691.0,57927,58178,20793.0,2025-04-28
A1_k1_spike_nearest,-1,2025-04-29 13:40:00+00:00,2025-04-29 13:44:00+00:00,20696.75,20857.0,2025-04-29 16:00:00+00:00,time,-67.0,-67.75,160.25,-0.42277691107644305,-0.41809672386895474,0.056162246489859596,-0.8954758190327613,-135.5,20856.5,20696.5,58352,58485,20604.25,2025-04-29
A1_k1_spike_nearest,-1,2025-04-30 13:30:00+00:00,2025-04-30 14:29:00+00:00,20532.0,20918.0,2025-04-30 16:00:00+00:00,time,-135.5,-136.25,386.0,-0.35297927461139894,-0.35103626943005184,0.08095854922279792,-0.38341968911917096,-272.5,20917.5,20531.75,58547,58754,20456.5,2025-04-30
A1_k1_spike_nearest,1,2025-05-01 13:30:00+00:00,2025-05-01 13:31:00+00:00,21152.25,20326.75,2025-05-01 14:40:00+00:00,target,108.5,108.0,825.5,0.1308298001211387,0.13143549364021806,0.14264082374318596,-0.08388855239248941,216.0,20327.25,21152.5,58767,58962,21260.75,2025-05-01
A1_k1_spike_nearest,1,2025-05-02 13:45:00+00:00,2025-05-02 13:51:00+00:00,21257.75,20972.75,2025-05-02 14:03:00+00:00,target,92.25,91.75,285.0,0.3219298245614035,0.3236842105263158,0.36929824561403507,-0.04649122807017544,183.5,20973.25,21258.0,59128,59314,21350.0,2025-05-02
A1_k1_spike_nearest,1,2025-05-02 14:40:00+00:00,2025-05-02 14:41:00+00:00,21359.75,20972.75,2025-05-02 15:15:00+00:00,target,46.25,45.75,387.0,0.1182170542635659,0.11950904392764858,0.13953488372093023,-0.031007751937984496,91.5,20973.25,21360.0,59128,59325,21406.0,2025-05-02
A1_k1_spike_nearest,-1,2025-05-05 13:30:00+00:00,2025-05-05 13:30:00+00:00,21253.75,21502.5,2025-05-05 13:31:00+00:00,target,35.0,34.5,248.75,0.13869346733668342,0.1407035175879397,0.14271356783919598,-0.01407035175879397,69.0,21502.0,21253.5,59374,59545,21218.75,2025-05-05
A1_k1_spike_nearest,1,2025-05-05 13:30:00+00:00,2025-05-05 13:42:00+00:00,21212.75,20972.75,2025-05-05 13:43:00+00:00,target,27.0,26.5,240.0,0.11041666666666666,0.1125,0.20416666666666666,-0.010416666666666666,53.0,20973.25,21213.0,59128,59584,21239.75,2025-05-05
A1_k1_spike_nearest,-1,2025-05-05 13:45:00+00:00,2025-05-05 13:48:00+00:00,21279.0,21502.5,2025-05-05 16:00:00+00:00,time,-48.25,-49.0,223.5,-0.21923937360178972,-0.21588366890380314,0.20469798657718122,-0.3143176733780761,-98.0,21502.0,21278.75,59374,59590,21202.25,2025-05-05
A1_k1_spike_nearest,-1,2025-05-06 13:30:00+00:00,2025-05-06 13:35:00+00:00,21071.75,21257.0,2025-05-06 13:50:00+00:00,target,51.0,50.5,185.25,0.2726045883940621,0.27530364372469635,0.33738191632928477,-0.09581646423751687,101.0,21256.5,21071.5,59704,59858,21020.75,2025-05-06
A1_k1_spike_nearest,-1,2025-05-06 13:45:00+00:00,2025-05-06 14:17:00+00:00,21089.75,21257.0,2025-05-06 16:00:00+00:00,time,-31.5,-32.25,167.25,-0.19282511210762332,-0.18834080717488788,0.13602391629297458,-0.5276532137518685,-64.5,21256.5,21089.5,59704,59866,21004.25,2025-05-06
A1_k1_spike_nearest,1,2025-05-07 13:30:00+00:00,2025-05-07 13:30:00+00:00,21103.75,21025.75,2025-05-07 14:23:00+00:00,target,82.75,82.25,78.0,1.0544871794871795,1.060897435897436,1.0929487179487178,-0.266025641025641,164.5,21026.25,21104.0,59955,60138,21186.5,2025-05-07
A1_k1_spike_nearest,1,2025-05-07 14:25:00+00:00,2025-05-07 14:49:00+00:00,21152.75,21025.75,2025-05-07 15:07:00+00:00,stop,-127.0,-127.75,127.0,-1.0059055118110236,-1.0,0.09448818897637795,-1.0019685039370079,-255.5,21026.25,21153.0,59955,60150,21223.0,2025-05-07
A1_k1_spike_nearest,1,2025-05-08 13:30:00+00:00,2025-05-08 13:30:00+00:00,21383.0,20903.0,2025-05-08 15:29:00+00:00,target,44.75,44.25,480.0,0.0921875,0.09322916666666667,0.09947916666666666,-0.375,88.5,20903.5,21383.25,60198,60413,21427.75,2025-05-08
A1_k1_spike_nearest,-1,2025-05-09 13:30:00+00:00,2025-05-09 13:30:00+00:00,21483.0,21563.0,2025-05-09 13:31:00+00:00,target,18.5,18.0,80.0,0.225,0.23125,0.390625,-0.0125,36.0,21562.5,21482.75,60457,60688,21464.5,2025-05-09
A1_k1_spike_nearest,1,2025-05-09 13:30:00+00:00,2025-05-09 13:44:00+00:00,21450.5,21134.75,2025-05-09 13:58:00+00:00,target,29.5,29.0,315.75,0.09184481393507522,0.0934283452098179,0.110055423594616,-0.0665083135391924,58.0,21135.25,21450.75,60231,60685,21480.0,2025-05-09
A1_k1_spike_nearest,1,2025-05-09 14:15:00+00:00,2025-05-09 14:17:00+00:00,21456.0,21134.75,2025-05-09 16:00:00+00:00,time,-61.0,-61.75,321.25,-0.19221789883268484,-0.18988326848249026,0.053696498054474705,-0.5400778210116731,-123.5,21135.25,21456.25,60231,60700,21500.0,2025-05-09
A1_k1_spike_nearest,1,2025-05-12 13:30:00+00:00,2025-05-12 13:30:00+00:00,22100.5,21282.0,2025-05-12 16:00:00+00:00,time,-110.25,-111.0,818.5,-0.1356139279169212,-0.1346976175931582,0.057116676847892484,-0.22663408674404398,-222.0,21282.5,22100.75,60706,60919,22165.0,2025-05-12
A1_k1_spike_nearest,1,2025-05-13 13:30:00+00:00,2025-05-13 13:30:00+00:00,22218.25,21728.0,2025-05-13 13:32:00+00:00,target,28.5,28.0,490.25,0.05711371749107598,0.05813360530341662,0.0719020907700153,-0.0407955124936257,56.0,21728.5,22218.5,60836,61239,22246.75,2025-05-13
A1_k1_spike_nearest,1,2025-05-13 14:40:00+00:00,2025-05-13 14:43:00+00:00,22416.25,21728.0,2025-05-13 14:53:00+00:00,target,46.25,45.75,688.25,0.06647293861242282,0.06719941881583727,0.0904467853250999,-0.006901561932437341,91.5,21728.5,22416.5,60836,61257,22462.5,2025-05-13
A1_k1_spike_nearest,1,2025-05-14 13:30:00+00:00,2025-05-14 13:47:00+00:00,22537.0,22042.75,2025-05-14 14:53:00+00:00,target,56.75,56.25,494.25,0.11380880121396054,0.11482043500252909,0.11734951947395043,-0.07941325240263025,112.5,22043.25,22537.25,61139,61515,22593.75,2025-05-14
A1_k1_spike_nearest,1,2025-05-14 14:20:00+00:00,2025-05-14 15:04:00+00:00,22521.25,22042.75,2025-05-14 15:23:00+00:00,target,66.5,66.0,478.5,0.13793103448275862,0.13897596656217345,0.14211076280041798,-0.01671891327063741,132.0,22043.25,22521.5,61139,61529,22587.75,2025-05-14
A1_k1_spike_nearest,-1,2025-05-14 15:00:00+00:00,2025-05-14 15:25:00+00:00,22595.25,22630.25,2025-05-14 16:00:00+00:00,time,-5.0,-5.75,35.0,-0.16428571428571428,-0.14285714285714285,0.37142857142857144,-0.5642857142857143,-11.5,22629.75,22595.0,61522,61537,22538.25,2025-05-14
A1_k1_spike_nearest,-1,2025-05-15 13:30:00+00:00,2025-05-15 13:32:00+00:00,22556.5,22645.25,2025-05-15 13:46:00+00:00,target,65.0,64.5,88.75,0.7267605633802817,0.7323943661971831,0.7408450704225352,-0.09014084507042254,129.0,22644.75,22556.25,61557,61787,22491.5,2025-05-15
A1_k1_spike_nearest,-1,2025-05-15 13:45:00+00:00,2025-05-15 14:01:00+00:00,22564.75,22645.25,2025-05-15 14:33:00+00:00,target,73.25,72.75,80.5,0.9037267080745341,0.9099378881987578,0.9254658385093167,-0.09006211180124224,145.5,22644.75,22564.5,61557,61798,22491.5,2025-05-15
A1_k1_spike_nearest,-1,2025-05-15 14:35:00+00:00,2025-05-15 14:56:00+00:00,22555.25,22645.25,2025-05-15 15:22:00+00:00,stop,-90.0,-90.75,90.0,-1.0083333333333333,-1.0,0.125,-1.0305555555555554,-181.5,22644.75,22555.0,61557,61808,22473.25,2025-05-15
A1_k1_spike_nearest,1,2025-05-16 13:30:00+00:00,2025-05-16 13:31:00+00:00,22648.75,22416.75,2025-05-16 16:00:00+00:00,time,-12.0,-12.75,232.0,-0.05495689655172414,-0.05172413793103448,0.14331896551724138,-0.44719827586206895,-25.5,22417.25,22649.0,61745,62067,22724.25,2025-05-16
A1_k1_spike_nearest,-1,2025-05-19 13:30:00+00:00,2025-05-19 13:30:00+00:00,22452.0,22738.5,2025-05-19 16:00:00+00:00,time,-206.75,-207.5,286.5,-0.7242582897033158,-0.7216404886561955,0.08900523560209424,-0.8708551483420593,-415.0,22738.0,22451.75,62150,62281,22379.0,2025-05-19
A1_k1_spike_nearest,1,2025-05-20 13:30:00+00:00,2025-05-20 13:30:00+00:00,22636.75,22336.75,2025-05-20 16:00:00+00:00,time,24.0,23.25,300.0,0.0775,0.08,0.13166666666666665,-0.1925,46.5,22337.25,22637.0,62291,62562,22696.75,2025-05-20
A1_k1_spike_nearest,-1,2025-05-21 13:30:00+00:00,2025-05-21 13:31:00+00:00,22543.25,22787.75,2025-05-21 16:00:00+00:00,time,-196.75,-197.5,244.5,-0.8077709611451943,-0.8047034764826176,0.08793456032719836,-0.8885480572597138,-395.0,22787.25,22543.0,62465,62895,22454.5,2025-05-21
A1_k1_spike_nearest,-1,2025-05-22 13:50:00+00:00,2025-05-22 13:50:00+00:00,22425.0,22784.0,2025-05-22 16:00:00+00:00,time,-72.25,-73.0,359.0,-0.20334261838440112,-0.2012534818941504,0.10027855153203342,-0.3628133704735376,-146.0,22783.5,22424.75,62941,63179,22338.75,2025-05-22
A1_k1_spike_nearest,-1,2025-05-23 13:30:00+00:00,2025-05-23 13:30:00+00:00,22074.5,22563.25,2025-05-23 16:00:00+00:00,time,-97.0,-87.0,488.75,-0.17800511508951405,-0.19846547314578006,0.05728900255754476,-0.3268542199488491,-174.0,22562.75,22063.5,63244,63442,21980.5,2025-05-23
A1_k1_spike_nearest,1,2025-05-26 13:30:00+00:00,2025-05-26 13:30:00+00:00,22484.5,21952.0,2025-05-26 13:32:00+00:00,target,23.5,23.0,532.5,0.0431924882629108,0.044131455399061034,0.056338028169014086,-0.0014084507042253522,46.0,21952.5,22484.75,63439,63722,22508.0,2025-05-26
A1_k1_spike_nearest,1,2025-05-26 13:50:00+00:00,2025-05-26 13:50:00+00:00,22515.25,21952.0,2025-05-26 16:00:00+00:00,time,-16.5,-17.25,563.25,-0.03062583222370173,-0.02929427430093209,0.013315579227696404,-0.13271193963604083,-34.5,21952.5,22515.5,63439,63731,22532.75,2025-05-26
A1_k1_spike_nearest,1,2025-05-27 13:30:00+00:00,2025-05-27 13:30:00+00:00,22475.75,22366.5,2025-05-27 14:09:00+00:00,target,100.75,100.25,109.25,0.9176201372997712,0.9221967963386728,0.9290617848970252,-0.5263157894736842,200.5,22367.0,22476.0,63840,63881,22576.5,2025-05-27
A1_k1_spike_nearest,-1,2025-05-27 13:30:00+00:00,2025-05-27 14:10:00+00:00,22578.0,22585.5,2025-05-27 14:12:00+00:00,stop,-7.5,-8.25,7.5,-1.1,-1.0,1.2,-1.7,-16.5,22585.0,22577.75,63889,63912,22479.25,2025-05-27
A1_k1_spike_nearest,1,2025-05-27 14:45:00+00:00,2025-05-27 14:58:00+00:00,22582.5,22366.5,2025-05-27 15:19:00+00:00,target,29.5,29.0,216.0,0.13425925925925927,0.13657407407407407,0.1412037037037037,-0.04282407407407408,58.0,22367.0,22582.75,63840,63970,22612.0,2025-05-27
A1_k1_spike_nearest,-1,2025-05-28 13:30:00+00:00,2025-05-28 13:30:00+00:00,22744.75,22763.25,2025-05-28 13:39:00+00:00,stop,-18.5,-19.25,18.5,-1.0405405405405406,-1.0,1.5945945945945945,-2.081081081081081,-38.5,22762.75,22744.5,64224,64229,22709.5,2025-05-28
A1_k1_spike_nearest,1,2025-05-28 13:35:00+00:00,2025-05-28 13:48:00+00:00,22712.75,22366.5,2025-05-28 16:00:00+00:00,time,-50.75,-51.5,346.25,-0.14873646209386282,-0.14657039711191336,0.053429602888086646,-0.1776173285198556,-103.0,22367.0,22713.0,63840,64232,22762.75,2025-05-28
A1_k1_spike_nearest,1,2025-05-29 13:30:00+00:00,2025-05-29 13:30:00+00:00,22864.0,22544.5,2025-05-29 16:00:00+00:00,time,-290.75,-291.5,319.5,-0.9123630672926447,-0.9100156494522692,0.12597809076682315,-1.057902973395931,-583.0,22545.0,22864.25,64315,64503,22927.5,2025-05-29
A1_k1_spike_nearest,1,2025-05-30 13:30:00+00:00,2025-05-30 13:35:00+00:00,22542.75,22450.5,2025-05-30 16:00:00+00:00,time,6.0,5.25,92.25,0.056910569105691054,0.06504065040650407,0.8861788617886179,-0.8997289972899729,10.5,22451.0,22543.0,64769,64780,22645.0,2025-05-30
A1_k1_spike_nearest,-1,2025-06-02 13:30:00+00:00,2025-06-02 13:30:00+00:00,22553.75,22658.75,2025-06-02 13:38:00+00:00,stop,-105.0,-105.75,105.0,-1.0071428571428571,-1.0,0.4,-1.1642857142857144,-211.5,22658.25,22553.5,64862,64882,22485.25,2025-06-02
A1_k1_spike_nearest,1,2025-06-02 13:30:00+00:00,2025-06-02 14:00:00+00:00,22482.0,22296.0,2025-06-02 14:02:00+00:00,target,25.75,25.25,186.0,0.135752688172043,0.13844086021505375,0.29838709677419356,-0.12096774193548387,50.5,22296.5,22482.25,64825,65056,22507.75,2025-06-02
A1_k1_spike_nearest,-1,2025-06-02 14:15:00+00:00,2025-06-02 14:19:00+00:00,22555.25,22683.5,2025-06-02 16:00:00+00:00,time,-103.75,-104.5,128.25,-0.8148148148148148,-0.8089668615984406,0.21637426900584794,-0.8927875243664717,-209.0,22683.0,22555.0,65062,65068,22459.5,2025-06-02
A1_k1_spike_nearest,-1,2025-06-03 13:30:00+00:00,2025-06-03 13:30:00+00:00,22786.5,22802.25,2025-06-03 13:30:00+00:00,stop,-15.75,-16.5,15.75,-1.0476190476190477,-1.0,0.9841269841269841,-2.1587301587301586,-33.0,22801.75,22786.25,65142,65147,22757.25,2025-06-03
A1_k1_spike_nearest,1,2025-06-03 13:30:00+00:00,2025-06-03 13:33:00+00:00,22757.0,22387.5,2025-06-03 13:42:00+00:00,target,29.25,28.75,369.5,0.07780784844384303,0.07916102841677942,0.13193504736129905,-0.05953991880920163,57.5,22388.0,22757.25,64988,65333,22786.25,2025-06-03
A1_k1_spike_nearest,-1,2025-06-03 14:30:00+00:00,2025-06-03 14:47:00+00:00,22854.25,22864.25,2025-06-03 14:51:00+00:00,stop,-10.0,-10.75,10.0,-1.075,-1.0,0.825,-1.575,-21.5,22863.75,22854.0,65343,65347,22782.5,2025-06-03
A1_k1_spike_nearest,-1,2025-06-04 13:30:00+00:00,2025-06-04 13:30:00+00:00,22959.0,22993.75,2025-06-04 13:36:00+00:00,stop,-34.75,-35.5,34.75,-1.0215827338129497,-1.0,0.49640287769784175,-1.2374100719424461,-71.0,22993.25,22958.75,65596,65611,22924.25,2025-06-04
A1_k1_spike_nearest,1,2025-06-04 13:30:00+00:00,2025-06-04 14:00:00+00:00,22924.0,22622.75,2025-06-04 15:01:00+00:00,target,69.25,68.75,301.25,0.22821576763485477,0.22987551867219916,0.23402489626556017,-0.19253112033195022,137.5,22623.25,22924.25,65274,65608,22993.25,2025-06-04
A1_k1_spike_nearest,-1,2025-06-05 13:30:00+00:00,2025-06-05 13:30:00+00:00,23045.75,23124.5,2025-06-05 13:31:00+00:00,target,30.5,30.0,78.75,0.38095238095238093,0.3873015873015873,0.6476190476190476,-0.24444444444444444,60.0,23124.0,23045.5,65880,65887,23015.25,2025-06-05
A1_k1_spike_nearest,1,2025-06-05 13:30:00+00:00,2025-06-05 13:39:00+00:00,22978.75,22865.5,2025-06-05 15:17:00+00:00,target,145.25,144.75,113.25,1.2781456953642385,1.2825607064017661,1.315673289183223,-0.5474613686534217,289.5,22866.0,22979.0,65620,65880,23124.0,2025-06-05
A1_k1_spike_nearest,-1,2025-06-06 13:30:00+00:00,2025-06-06 13:31:00+00:00,23036.0,23161.75,2025-06-06 15:20:00+00:00,target,64.75,64.25,125.75,0.510934393638171,0.5149105367793241,0.5984095427435387,-0.4711729622266402,128.5,23161.25,23035.75,65918,66163,22971.25,2025-06-06
A1_k1_spike_nearest,-1,2025-06-09 13:30:00+00:00,2025-06-09 13:30:00+00:00,23039.5,23105.5,2025-06-09 13:31:00+00:00,target,19.5,19.0,66.0,0.2878787878787879,0.29545454545454547,0.5265151515151515,-0.007575757575757576,38.0,23105.0,23039.25,66225,66437,23020.0,2025-06-09
A1_k1_spike_nearest,1,2025-06-09 13:30:00+00:00,2025-06-09 13:35:00+00:00,22996.75,22695.5,2025-06-09 13:52:00+00:00,target,42.5,42.0,301.25,0.13941908713692946,0.14107883817427386,0.15186721991701244,-0.07136929460580912,84.0,22696.0,22997.0,65979,66413,23039.25,2025-06-09
A1_k1_spike_nearest,-1,2025-06-09 13:30:00+00:00,2025-06-09 14:09:00+00:00,23049.25,23105.5,2025-06-09 14:32:00+00:00,stop,-56.25,-57.0,56.25,-1.0133333333333334,-1.0,0.22666666666666666,-1.2133333333333334,-114.0,23105.0,23049.0,66225,66419,23020.0,2025-06-09
A1_k1_spike_nearest,1,2025-06-09 15:05:00+00:00,2025-06-09 15:19:00+00:00,23055.0,22695.5,2025-06-09 16:00:00+00:00,time,9.25,8.5,359.5,0.02364394993045897,0.02573018080667594,0.048678720445062586,-0.04659248956884562,17.0,22696.0,23055.25,65979,66458,23117.5,2025-06-09
A1_k1_spike_nearest,-1,2025-06-10 13:30:00+00:00,2025-06-10 13:30:00+00:00,23089.5,23199.0,2025-06-10 13:31:00+00:00,target,22.0,21.5,109.5,0.1963470319634703,0.2009132420091324,0.2899543378995434,-0.0136986301369863,43.0,23198.5,23089.25,66578,66711,23067.5,2025-06-10
A1_k1_spike_nearest,1,2025-06-10 13:30:00+00:00,2025-06-10 13:32:00+00:00,23056.25,22941.0,2025-06-10 13:33:00+00:00,target,28.25,27.75,115.25,0.24078091106290672,0.24511930585683298,0.24945770065075923,-0.05856832971800434,55.5,22941.5,23056.5,66309,66695,23084.5,2025-06-10
A1_k1_spike_nearest,-1,2025-06-10 13:30:00+00:00,2025-06-10 13:39:00+00:00,23092.75,23199.0,2025-06-10 13:43:00+00:00,target,25.25,24.75,106.25,0.23294117647058823,0.2376470588235294,0.24705882352941178,-0.17647058823529413,49.5,23198.5,23092.5,66578,66708,23067.5,2025-06-10
A1_k1_spike_nearest,-1,2025-06-10 13:50:00+00:00,2025-06-10 13:52:00+00:00,23111.75,23199.0,2025-06-10 15:32:00+00:00,target,68.75,68.25,87.25,0.7822349570200573,0.7879656160458453,1.1977077363896849,-0.07449856733524356,136.5,23198.5,23111.5,66578,66719,23043.0,2025-06-10
A1_k1_spike_nearest,1,2025-06-11 13:30:00+00:00,2025-06-11 13:30:00+00:00,23230.0,22956.5,2025-06-11 14:26:00+00:00,target,31.5,31.0,273.5,0.113345521023766,0.11517367458866545,0.11974405850091407,-0.3290676416819013,62.0,22957.0,23230.25,66648,66987,23261.5,2025-06-11
A1_k1_spike_nearest,-1,2025-06-11 13:30:00+00:00,2025-06-11 14:34:00+00:00,23268.5,23319.5,2025-06-11 15:09:00+00:00,target,25.5,25.0,51.0,0.49019607843137253,0.5,0.8921568627450981,-0.45588235294117646,50.0,23319.0,23268.25,66983,66987,23243.0,2025-06-11
A1_k1_spike_nearest,-1,2025-06-12 13:30:00+00:00,2025-06-12 13:30:00+00:00,23070.25,23319.5,2025-06-12 16:00:00+00:00,time,-77.0,-77.75,249.25,-0.3119358074222668,-0.30892678034102306,0.11735205616850551,-0.5305917753259779,-155.5,23319.0,23070.0,66983,67265,23046.0,2025-06-12
A1_k1_spike_nearest,-1,2025-06-13 13:30:00+00:00,2025-06-13 13:30:00+00:00,22943.75,23203.0,2025-06-13 14:28:00+00:00,target,92.75,92.25,259.25,0.3558341369334619,0.35776277724204436,0.390549662487946,-0.29893924783027964,184.5,23202.5,22943.5,67287,67385,22851.0,2025-06-13
A1_k1_spike_nearest,-1,2025-06-13 14:50:00+00:00,2025-06-13 14:54:00+00:00,22972.0,23203.0,2025-06-13 16:00:00+00:00,time,-86.0,-86.75,231.0,-0.37554112554112556,-0.3722943722943723,0.06060606060606061,-0.4145021645021645,-173.5,23202.5,22971.75,67287,67559,22842.5,2025-06-13
A1_k1_spike_nearest,-1,2025-06-16 13:30:00+00:00,2025-06-16 13:30:00+00:00,23056.25,23115.0,2025-06-16 13:49:00+00:00,stop,-58.75,-59.5,58.75,-1.0127659574468084,-1.0,0.6638297872340425,-1.0510638297872341,-119.0,23114.5,23056.0,67374,67811,23034.25,2025-06-16
A1_k1_spike_nearest,1,2025-06-16 14:50:00+00:00,2025-06-16 14:56:00+00:00,23178.5,22695.0,2025-06-16 15:15:00+00:00,target,28.0,27.5,483.5,0.05687693898655636,0.057911065149948295,0.07290589451913133,-0.01344364012409514,55.0,22695.5,23178.75,67415,67835,23206.5,2025-06-16
A1_k1_spike_nearest,-1,2025-06-17 13:30:00+00:00,2025-06-17 13:30:00+00:00,23096.25,23207.75,2025-06-17 13:44:00+00:00,target,59.0,58.5,111.5,0.5246636771300448,0.5291479820627802,0.5852017937219731,-0.1367713004484305,117.0,23207.25,23096.0,67869,68087,23037.25,2025-06-17
A1_k1_spike_nearest,-1,2025-06-17 13:50:00+00:00,2025-06-17 13:52:00+00:00,23093.25,23207.75,2025-06-17 16:00:00+00:00,time,-4.5,-5.25,114.5,-0.04585152838427948,-0.039301310043668124,0.2794759825327511,-0.34497816593886466,-10.5,23207.25,23093.0,67869,68099,22996.0,2025-06-17
A1_k1_spike_nearest,1,2025-06-18 13:30:00+00:00,2025-06-18 13:30:00+00:00,22976.5,22864.0,2025-06-18 13:52:00+00:00,target,43.25,42.75,112.5,0.38,0.3844444444444444,0.3977777777777778,-0.44666666666666666,85.5,22864.5,22976.75,68199,68350,23019.75,2025-06-18
A1_k1_spike_nearest,-1,2025-06-18 14:00:00+00:00,2025-06-18 14:03:00+00:00,23025.75,23175.5,2025-06-18 16:00:00+00:00,time,-12.75,-13.5,149.75,-0.09015025041736227,-0.08514190317195326,0.14357262103505844,-0.48580968280467446,-27.0,23175.0,23025.5,67911,68377,22926.25,2025-06-18
A1_k1_spike_nearest,-1,2025-06-19 14:05:00+00:00,2025-06-19 14:05:00+00:00,22703.25,23083.25,2025-06-19 16:00:00+00:00,time,23.25,22.5,380.0,0.05921052631578947,0.06118421052631579,0.07105263157894737,-0.09868421052631579,45.0,23082.75,22703.0,68427,68654,22650.0,2025-06-19
A1_k1_spike_nearest,1,2025-06-20 13:50:00+00:00,2025-06-20 13:52:00+00:00,23039.5,22675.75,2025-06-20 16:00:00+00:00,time,-191.5,-192.25,363.75,-0.5285223367697595,-0.5264604810996564,0.056357388316151204,-0.7257731958762886,-384.5,22676.25,23039.75,68678,68877,23130.5,2025-06-20
A1_k1_spike_nearest,1,2025-06-23 13:30:00+00:00,2025-06-23 13:30:00+00:00,22855.0,22561.25,2025-06-23 13:47:00+00:00,target,34.25,33.75,293.75,0.1148936170212766,0.11659574468085106,0.1625531914893617,-0.3293617021276596,67.5,22561.75,22855.25,68967,69149,22889.25,2025-06-23
A1_k1_spike_nearest,-1,2025-06-23 13:30:00+00:00,2025-06-23 13:54:00+00:00,22924.75,23131.0,2025-06-23 16:00:00+00:00,time,-13.75,-14.5,206.25,-0.0703030303030303,-0.06666666666666667,0.11272727272727273,-0.4509090909090909,-29.0,23130.5,22924.5,68879,69113,22855.25,2025-06-23
A1_k1_spike_nearest,1,2025-06-24 13:30:00+00:00,2025-06-24 13:30:00+00:00,23272.25,22561.25,2025-06-24 13:32:00+00:00,target,39.0,38.5,711.0,0.05414908579465542,0.05485232067510549,0.05977496483825598,-0.004922644163150493,77.0,22561.75,23272.5,68967,69421,23311.25,2025-06-24
A1_k1_spike_nearest,-1,2025-06-24 13:30:00+00:00,2025-06-24 13:38:00+00:00,23314.75,23383.5,2025-06-24 14:08:00+00:00,target,36.5,36.0,68.75,0.5236363636363637,0.5309090909090909,0.7163636363636363,-0.26545454545454544,72.0,23383.0,23314.5,69352,69412,23278.25,2025-06-24
A1_k1_spike_nearest,-1,2025-06-24 14:25:00+00:00,2025-06-24 14:34:00+00:00,23325.0,23383.5,2025-06-24 15:46:00+00:00,stop,-58.5,-59.25,58.5,-1.0128205128205128,-1.0,0.43162393162393164,-1.0213675213675213,-118.5,23383.0,23324.75,69352,69438,23265.5,2025-06-24
A1_k1_spike_nearest,1,2025-06-25 13:30:00+00:00,2025-06-25 13:30:00+00:00,23494.25,23193.25,2025-06-25 13:31:00+00:00,target,17.0,22.5,301.0,0.07475083056478406,0.05647840531561462,0.11877076411960133,-0.014119601328903655,45.0,23193.75,23494.5,69276,69700,23511.25,2025-06-25
A1_k1_spike_nearest,1,2025-06-25 13:50:00+00:00,2025-06-25 13:50:00+00:00,23489.75,23193.25,2025-06-25 16:00:00+00:00,time,-45.25,-46.0,296.5,-0.1551433389544688,-0.15261382799325462,0.14924114671163574,-0.2057335581787521,-92.0,23193.75,23490.0,69276,69705,23548.0,2025-06-25
A1_k1_spike_nearest,-1,2025-06-26 13:30:00+00:00,2025-06-26 13:30:00+00:00,23564.25,23585.25,2025-06-26 13:33:00+00:00,target,35.75,35.25,21.0,1.6785714285714286,1.7023809523809523,2.261904761904762,-0.09523809523809523,70.5,23584.75,23564.0,69964,69972,23528.5,2025-06-26
A1_k1_spike_nearest,1,2025-06-26 13:30:00+00:00,2025-06-26 13:37:00+00:00,23511.0,23384.25,2025-06-26 14:00:00+00:00,target,46.0,45.5,126.75,0.358974358974359,0.3629191321499014,0.4635108481262327,-0.27613412228796846,91.0,23384.75,23511.25,69522,69894,23557.0,2025-06-26
A1_k1_spike_nearest,-1,2025-06-26 14:15:00+00:00,2025-06-26 14:30:00+00:00,23576.5,23585.25,2025-06-26 14:31:00+00:00,stop,-8.75,-9.5,8.75,-1.0857142857142856,-1.0,1.2,-2.5714285714285716,-19.0,23584.75,23576.25,69964,69988,23537.25,2025-06-26
A1_k1_spike_nearest,-1,2025-06-26 14:55:00+00:00,2025-06-26 15:01:00+00:00,23579.5,23599.5,2025-06-26 15:16:00+00:00,stop,-20.0,-20.75,20.0,-1.0375,-1.0,0.2875,-1.3125,-41.5,23599.0,23579.25,69993,69996,23556.75,2025-06-26
A1_k1_spike_nearest,1,2025-06-26 15:05:00+00:00,2025-06-26 15:29:00+00:00,23565.5,23384.25,2025-06-26 15:40:00+00:00,target,33.5,33.0,181.25,0.1820689655172414,0.18482758620689654,0.19034482758620688,-0.08827586206896551,66.0,23384.75,23565.75,69522,69998,23599.0,2025-06-26
A1_k1_spike_nearest,1,2025-06-27 13:30:00+00:00,2025-06-27 13:30:00+00:00,23702.25,23437.25,2025-06-27 14:00:00+00:00,target,71.0,70.5,265.0,0.2660377358490566,0.2679245283018868,0.33962264150943394,-0.07735849056603773,141.0,23437.75,23702.5,69808,70253,23773.25,2025-06-27
A1_k1_spike_nearest,1,2025-06-27 14:20:00+00:00,2025-06-27 14:24:00+00:00,23787.0,23437.25,2025-06-27 16:00:00+00:00,time,21.75,21.0,349.75,0.06004288777698356,0.062187276626161546,0.09363831308077197,-0.11794138670478914,42.0,23437.75,23787.25,69808,70265,23823.5,2025-06-27
A1_k1_spike_nearest,1,2025-06-30 13:30:00+00:00,2025-06-30 13:30:00+00:00,23852.5,23726.75,2025-06-30 16:00:00+00:00,time,-9.5,-10.25,125.75,-0.08151093439363817,-0.07554671968190854,0.18091451292246521,-0.4592445328031809,-20.5,23727.25,23852.75,70344,70525,23897.25,2025-06-30
A1_k1_spike_nearest,-1,2025-07-01 13:30:00+00:00,2025-07-01 13:30:00+00:00,23818.5,23934.25,2025-07-01 13:43:00+00:00,target,27.75,27.25,115.75,0.23542116630669546,0.23974082073434125,0.2980561555075594,-0.02159827213822894,54.5,23933.75,23818.25,70610,70805,23790.75,2025-07-01
A1_k1_spike_nearest,-1,2025-07-01 13:40:00+00:00,2025-07-01 13:48:00+00:00,23821.25,23934.25,2025-07-01 13:59:00+00:00,target,30.5,30.0,113.0,0.26548672566371684,0.26991150442477874,0.3473451327433628,-0.11946902654867257,60.0,23933.75,23821.0,70610,70809,23790.75,2025-07-01
A1_k1_spike_nearest,-1,2025-07-01 14:00:00+00:00,2025-07-01 14:15:00+00:00,23835.0,23934.25,2025-07-01 14:22:00+00:00,target,55.5,55.0,99.25,0.5541561712846348,0.5591939546599496,0.6146095717884131,-0.0982367758186398,110.0,23933.75,23834.75,70610,70813,23779.5,2025-07-01
A1_k1_spike_nearest,1,2025-07-01 13:30:00+00:00,2025-07-01 14:26:00+00:00,23771.0,23755.25,2025-07-01 14:28:00+00:00,stop,-15.75,-16.5,15.75,-1.0476190476190477,-1.0,1.1904761904761905,-1.4444444444444444,-33.0,23755.75,23771.25,70796,70799,23818.25,2025-07-01
A1_k1_spike_nearest,-1,2025-07-02 13:30:00+00:00,2025-07-02 13:30:00+00:00,23659.0,23915.25,2025-07-02 16:00:00+00:00,time,-162.75,-163.5,256.25,-0.6380487804878049,-0.6351219512195122,0.033170731707317075,-0.735609756097561,-327.0,23914.75,23658.75,70669,71080,23632.75,2025-07-02
A1_k1_spike_nearest,1,2025-07-03 14:40:00+00:00,2025-07-03 14:43:00+00:00,24042.5,23584.0,2025-07-03 15:14:00+00:00,target,26.75,26.25,458.5,0.05725190839694656,0.05834242093784078,0.059432933478735,-0.017448200654307525,52.5,23584.5,24042.75,71075,71373,24069.25,2025-07-03
A1_k1_spike_nearest,-1,2025-07-03 15:25:00+00:00,2025-07-03 15:25:00+00:00,24070.25,24070.75,2025-07-03 15:25:00+00:00,stop,-0.5,-1.25,0.5,-2.5,-1.0,13.0,-18.0,-2.5,24070.25,24070.0,71371,71382,24056.25,2025-07-03
A1_k1_spike_nearest,1,2025-07-04 13:30:00+00:00,2025-07-04 13:32:00+00:00,23906.5,23826.25,2025-07-04 13:46:00+00:00,target,25.0,24.5,80.25,0.3052959501557632,0.3115264797507788,0.3302180685358255,-0.2398753894080997,49.0,23826.75,23906.75,71229,71569,23931.5,2025-07-04
A1_k1_spike_nearest,-1,2025-07-04 14:25:00+00:00,2025-07-04 14:26:00+00:00,23924.25,24101.5,2025-07-04 16:00:00+00:00,time,-9.25,-10.0,177.25,-0.056417489421720736,-0.05218617771509168,0.076163610719323,-0.12129760225669958,-20.0,24101.0,23924.0,71387,71601,23907.75,2025-07-04
A1_k1_spike_nearest,1,2025-07-07 13:30:00+00:00,2025-07-07 13:34:00+00:00,23907.75,23880.5,2025-07-07 16:00:00+00:00,time,20.75,20.0,27.25,0.7339449541284404,0.7614678899082569,2.5688073394495414,-0.926605504587156,40.0,23881.0,23908.0,71561,71756,23991.25,2025-07-07
A1_k1_spike_nearest,1,2025-07-08 13:30:00+00:00,2025-07-08 13:32:00+00:00,23914.0,23808.75,2025-07-08 16:00:00+00:00,time,-8.5,-9.25,105.25,-0.08788598574821853,-0.08076009501187649,0.27078384798099764,-0.6959619952494062,-18.5,23809.25,23914.25,71914,72086,23956.0,2025-07-08
A1_k1_spike_nearest,1,2025-07-09 14:15:00+00:00,2025-07-09 14:19:00+00:00,24076.75,23808.75,2025-07-09 16:00:00+00:00,time,-128.5,-129.25,268.0,-0.4822761194029851,-0.47947761194029853,0.03544776119402985,-0.5970149253731343,-258.5,23809.25,24077.0,71914,72379,24111.0,2025-07-09
A1_k1_spike_nearest,-1,2025-07-10 13:30:00+00:00,2025-07-10 13:30:00+00:00,24076.5,24111.5,2025-07-10 13:32:00+00:00,target,36.0,35.5,35.0,1.0142857142857142,1.0285714285714285,1.1357142857142857,-0.37142857142857144,71.0,24111.0,24076.25,72378,72628,24040.5,2025-07-10
A1_k1_spike_nearest,1,2025-07-10 13:30:00+00:00,2025-07-10 13:33:00+00:00,24028.0,23842.5,2025-07-10 16:00:00+00:00,time,-3.75,-4.5,185.5,-0.02425876010781671,-0.02021563342318059,0.09973045822102426,-0.6859838274932615,-9.0,23843.0,24028.25,72283,72610,24076.25,2025-07-10
A1_k1_spike_nearest,-1,2025-07-11 13:30:00+00:00,2025-07-11 13:30:00+00:00,23939.0,24090.0,2025-07-11 13:38:00+00:00,target,50.75,50.25,151.0,0.33278145695364236,0.3360927152317881,0.35596026490066224,-0.12582781456953643,100.5,24089.5,23938.75,72648,72853,23888.25,2025-07-11
A1_k1_spike_nearest,1,2025-07-11 13:30:00+00:00,2025-07-11 13:39:00+00:00,23881.0,23830.0,2025-07-11 13:48:00+00:00,target,30.75,30.25,51.0,0.5931372549019608,0.6029411764705882,1.0147058823529411,-0.35784313725490197,60.5,23830.5,23881.25,72767,72911,23911.75,2025-07-11
A1_k1_spike_nearest,-1,2025-07-11 13:40:00+00:00,2025-07-11 13:57:00+00:00,23958.25,24090.0,2025-07-11 16:00:00+00:00,time,-18.0,-18.75,131.75,-0.14231499051233396,-0.1366223908918406,0.3776091081593928,-0.3908918406072106,-37.5,24089.5,23958.0,72648,72924,23858.75,2025-07-11
A1_k1_spike_nearest,-1,2025-07-14 13:30:00+00:00,2025-07-14 13:30:00+00:00,23945.5,24049.0,2025-07-14 13:42:00+00:00,target,58.0,57.5,103.5,0.5555555555555556,0.5603864734299517,0.6739130434782609,-0.321256038647343,115.0,24048.5,23945.25,72761,73008,23887.5,2025-07-14
A1_k1_spike_nearest,1,2025-07-14 13:30:00+00:00,2025-07-14 13:43:00+00:00,23862.0,23801.5,2025-07-14 14:13:00+00:00,target,82.75,82.25,60.5,1.359504132231405,1.3677685950413223,1.384297520661157,-0.32644628099173556,164.5,23802.0,23862.25,73014,73174,23944.75,2025-07-14
A1_k1_spike_nearest,-1,2025-07-14 13:30:00+00:00,2025-07-14 14:21:00+00:00,23983.25,24049.0,2025-07-14 16:00:00+00:00,time,-25.0,-25.75,65.75,-0.3916349809885932,-0.38022813688212925,0.9277566539923955,-0.596958174904943,-51.5,24048.5,23983.0,72761,72997,23887.5,2025-07-14
A1_k1_spike_nearest,1,2025-07-15 13:30:00+00:00,2025-07-15 13:31:00+00:00,24187.0,23801.5,2025-07-15 16:00:00+00:00,time,-29.75,-30.5,385.5,-0.07911802853437094,-0.07717250324254216,0.0609597924773022,-0.23800259403372243,-61.0,23802.0,24187.25,73014,73470,24219.25,2025-07-15
A1_k1_spike_nearest,-1,2025-07-16 13:30:00+00:00,2025-07-16 13:30:00+00:00,24084.25,24223.0,2025-07-16 13:31:00+00:00,target,21.5,21.0,138.75,0.15135135135135136,0.15495495495495495,0.3081081081081081,-0.03963963963963964,42.0,24222.5,24084.0,73476,73741,24062.75,2025-07-16
A1_k1_spike_nearest,1,2025-07-16 13:30:00+00:00,2025-07-16 13:34:00+00:00,24020.0,23968.25,2025-07-16 13:52:00+00:00,stop,-51.75,-52.5,51.75,-1.0144927536231885,-1.0,0.714975845410628,-1.0,-105.0,23968.75,24020.25,73686,73739,24083.25,2025-07-16
A1_k1_spike_nearest,-1,2025-07-16 14:20:00+00:00,2025-07-16 14:22:00+00:00,24004.0,24223.0,2025-07-16 15:17:00+00:00,target,56.0,55.5,219.0,0.2534246575342466,0.2557077625570776,0.2853881278538813,-0.1860730593607306,111.0,24222.5,24003.75,73476,73760,23948.0,2025-07-16
A1_k1_spike_nearest,1,2025-07-17 13:30:00+00:00,2025-07-17 13:32:00+00:00,24086.75,23835.0,2025-07-17 13:55:00+00:00,target,71.25,70.75,251.75,0.2810327706057597,0.2830188679245283,0.2840119165839126,-0.08440913604766634,141.5,23835.5,24087.0,73777,74016,24158.0,2025-07-17
A1_k1_spike_nearest,-1,2025-07-18 13:30:00+00:00,2025-07-18 13:30:00+00:00,24300.25,24309.75,2025-07-18 13:34:00+00:00,stop,-16.75,-10.25,9.5,-1.0789473684210527,-1.763157894736842,3.3684210526315788,-1.0,-20.5,24309.25,24292.75,74218,74224,24257.75,2025-07-18
A1_k1_spike_nearest,1,2025-07-18 13:30:00+00:00,2025-07-18 13:39:00+00:00,24257.5,24065.0,2025-07-18 13:46:00+00:00,target,26.0,25.5,192.5,0.13246753246753246,0.13506493506493505,0.15584415584415584,-0.0025974025974025974,51.0,24065.5,24257.75,74028,74301,24283.5,2025-07-18
A1_k1_spike_nearest,1,2025-07-18 13:30:00+00:00,2025-07-18 13:52:00+00:00,24253.75,24065.0,2025-07-18 14:00:00+00:00,target,29.75,29.25,188.75,0.15496688741721854,0.1576158940397351,0.20794701986754968,-0.01456953642384106,58.5,24065.5,24254.0,74028,74287,24283.5,2025-07-18
A1_k1_spike_nearest,1,2025-07-18 13:30:00+00:00,2025-07-18 14:04:00+00:00,24245.0,24065.0,2025-07-18 16:00:00+00:00,time,2.5,1.75,180.0,0.009722222222222222,0.013888888888888888,0.06527777777777778,-0.3597222222222222,3.5,24065.5,24245.25,74028,74118,24283.5,2025-07-18
A1_k1_spike_nearest,-1,2025-07-21 13:30:00+00:00,2025-07-21 13:30:00+00:00,24284.0,24320.75,2025-07-21 13:36:00+00:00,stop,-36.75,-37.5,36.75,-1.0204081632653061,-1.0,0.7959183673469388,-1.0816326530612246,-75.0,24320.25,24283.75,74303,74559,24223.25,2025-07-21
A1_k1_spike_nearest,1,2025-07-21 15:00:00+00:00,2025-07-21 15:06:00+00:00,24385.5,24169.25,2025-07-21 16:00:00+00:00,time,-0.25,-1.0,216.25,-0.004624277456647399,-0.0011560693641618498,0.10057803468208093,-0.06127167630057803,-2.0,24169.75,24385.75,74346,74596,24424.25,2025-07-21
A1_k1_spike_nearest,-1,2025-07-22 13:30:00+00:00,2025-07-22 13:30:00+00:00,24348.75,24425.25,2025-07-22 13:31:00+00:00,target,24.5,29.75,76.5,0.3888888888888889,0.3202614379084967,0.738562091503268,-0.00980392156862745,59.5,24424.75,24348.5,74590,74730,24324.25,2025-07-22
A1_k1_spike_nearest,1,2025-07-22 13:30:00+00:00,2025-07-22 13:32:00+00:00,24283.5,24203.75,2025-07-22 13:50:00+00:00,stop,-79.75,-80.5,79.75,-1.0094043887147335,-1.0,0.39184952978056425,-1.0094043887147335,-161.0,24204.25,24283.75,74397,74824,24344.75,2025-07-22
A1_k1_spike_nearest,-1,2025-07-22 14:25:00+00:00,2025-07-22 14:31:00+00:00,24199.0,24425.25,2025-07-22 16:00:00+00:00,time,-7.5,-8.25,226.25,-0.036464088397790057,-0.03314917127071823,0.057458563535911604,-0.1591160220994475,-16.5,24424.75,24198.75,74590,74865,24104.75,2025-07-22
A1_k1_spike_nearest,1,2025-07-23 13:30:00+00:00,2025-07-23 13:30:00+00:00,24225.75,24104.25,2025-07-23 15:54:00+00:00,target,55.5,55.0,121.5,0.45267489711934156,0.4567901234567901,0.5185185185185185,-0.6872427983539094,110.0,24104.75,24226.0,74862,74997,24281.25,2025-07-23
A1_k1_spike_nearest,-1,2025-07-24 13:30:00+00:00,2025-07-24 13:30:00+00:00,24380.5,24422.75,2025-07-24 13:32:00+00:00,target,34.75,34.25,42.25,0.8106508875739645,0.8224852071005917,0.9408284023668639,-0.4437869822485207,68.5,24422.25,24380.25,75263,75396,24345.75,2025-07-24
A1_k1_spike_nearest,-1,2025-07-24 13:40:00+00:00,2025-07-24 13:48:00+00:00,24399.5,24422.75,2025-07-24 14:10:00+00:00,target,73.0,72.5,23.25,3.118279569892473,3.139784946236559,3.2903225806451615,-0.043010752688172046,145.0,24422.25,24399.25,75263,75408,24326.5,2025-07-24
A1_k1_spike_nearest,-1,2025-07-24 14:30:00+00:00,2025-07-24 14:36:00+00:00,24343.0,24422.75,2025-07-24 16:00:00+00:00,time,-44.5,-45.25,79.75,-0.567398119122257,-0.5579937304075235,0.07210031347962383,-0.7178683385579937,-90.5,24422.25,24342.75,75263,75418,24298.25,2025-07-24
A1_k1_spike_nearest,1,2025-07-25 13:30:00+00:00,2025-07-25 13:30:00+00:00,24353.25,24297.75,2025-07-25 13:51:00+00:00,target,33.5,33.0,55.5,0.5945945945945946,0.6036036036036037,0.7387387387387387,-0.4189189189189189,66.0,24298.25,24353.5,75416,75681,24386.75,2025-07-25
A1_k1_spike_nearest,-1,2025-07-25 13:30:00+00:00,2025-07-25 13:52:00+00:00,24394.5,24442.25,2025-07-25 16:00:00+00:00,time,-26.5,-27.25,47.75,-0.5706806282722513,-0.5549738219895288,0.25654450261780104,-0.7120418848167539,-54.5,24441.75,24394.25,75561,75607,24353.5,2025-07-25
A1_k1_spike_nearest,1,2025-07-28 13:30:00+00:00,2025-07-28 13:30:00+00:00,24468.75,24329.5,2025-07-28 13:51:00+00:00,target,52.0,51.5,139.25,0.36983842010771995,0.3734290843806104,0.4021543985637343,-0.0466786355475763,103.0,24330.0,24469.0,75685,75956,24520.75,2025-07-28
A1_k1_spike_nearest,-1,2025-07-28 13:30:00+00:00,2025-07-28 14:08:00+00:00,24527.25,24551.75,2025-07-28 14:21:00+00:00,target,58.25,57.75,24.5,2.357142857142857,2.377551020408163,2.5,-0.01020408163265306,115.5,24551.25,24527.0,75893,75921,24469.0,2025-07-28
A1_k1_spike_nearest,1,2025-07-28 14:45:00+00:00,2025-07-28 14:50:00+00:00,24493.75,24329.5,2025-07-28 16:00:00+00:00,time,0.0,-0.75,164.25,-0.0045662100456621,0.0,0.0426179604261796,-0.3470319634703196,-1.5,24330.0,24494.0,75685,75973,24526.0,2025-07-28
A1_k1_spike_nearest,1,2025-07-29 13:30:00+00:00,2025-07-29 13:49:00+00:00,24578.0,24436.25,2025-07-29 16:00:00+00:00,time,-74.75,-75.5,141.75,-0.5326278659611993,-0.527336860670194,0.19753086419753085,-0.9894179894179894,-151.0,24436.75,24578.25,75982,76232,24614.75,2025-07-29
A1_k1_spike_nearest,-1,2025-07-30 13:30:00+00:00,2025-07-30 13:30:00+00:00,24490.75,24652.5,2025-07-30 13:31:00+00:00,target,20.25,21.5,161.75,0.13292117465224113,0.125193199381762,0.18083462132921174,-0.0015455950540958269,43.0,24652.0,24490.5,76237,76509,24470.5,2025-07-30
A1_k1_spike_nearest,1,2025-07-30 13:30:00+00:00,2025-07-30 13:32:00+00:00,24457.75,24421.25,2025-07-30 13:35:00+00:00,target,32.75,32.25,36.5,0.8835616438356164,0.8972602739726028,1.417808219178082,-0.21232876712328766,64.5,24421.75,24458.0,76309,76331,24490.5,2025-07-30
A1_k1_spike_nearest,-1,2025-07-30 13:30:00+00:00,2025-07-30 13:46:00+00:00,24524.25,24652.5,2025-07-30 13:56:00+00:00,target,53.75,53.25,128.25,0.4152046783625731,0.4191033138401559,0.4249512670565302,-0.015594541910331383,106.5,24652.0,24524.0,76237,76283,24470.5,2025-07-30
A1_k1_spike_nearest,1,2025-07-30 14:10:00+00:00,2025-07-30 14:12:00+00:00,24467.0,24421.25,2025-07-30 14:32:00+00:00,target,59.25,58.75,45.75,1.284153005464481,1.2950819672131149,1.349726775956284,-0.07650273224043716,117.5,24421.75,24467.25,76309,76518,24526.25,2025-07-30
A1_k1_spike_nearest,-1,2025-07-30 14:40:00+00:00,2025-07-30 14:50:00+00:00,24529.0,24652.5,2025-07-30 16:00:00+00:00,time,-0.5,-1.25,123.5,-0.010121457489878543,-0.004048582995951417,0.4392712550607287,-0.09716599190283401,-2.5,24652.0,24528.75,76237,76524,24463.5,2025-07-30
A1_k1_spike_nearest,1,2025-07-31 13:30:00+00:00,2025-07-31 13:30:00+00:00,24711.25,24354.25,2025-07-31 16:00:00+00:00,time,-127.75,-128.5,357.0,-0.3599439775910364,-0.35784313725490197,0.11414565826330532,-0.6379551820728291,-257.0,24354.75,24711.5,76578,76627,24804.5,2025-07-31
A1_k1_spike_nearest,1,2025-08-01 15:20:00+00:00,2025-08-01 15:21:00+00:00,23917.0,23798.5,2025-08-01 15:40:00+00:00,target,42.0,41.5,118.5,0.350210970464135,0.35443037974683544,0.459915611814346,-0.17721518987341772,83.0,23799.0,23917.25,77070,77084,23959.0,2025-08-01
A1_k1_spike_nearest,-1,2025-08-04 13:30:00+00:00,2025-08-04 13:30:00+00:00,24094.0,24343.25,2025-08-04 16:00:00+00:00,time,-161.75,-160.5,249.25,-0.6439317953861585,-0.6489468405215647,0.022066198595787363,-0.695085255767302,-321.0,24342.75,24091.75,76944,77333,24070.25,2025-08-04
A1_k1_spike_nearest,1,2025-08-05 13:30:00+00:00,2025-08-05 13:30:00+00:00,24311.75,23821.25,2025-08-05 13:45:00+00:00,target,57.0,56.5,490.5,0.11518858307849134,0.1162079510703364,0.14424057084607544,-0.017329255861365953,113.0,23821.75,24312.0,77155,77552,24368.75,2025-08-05
A1_k1_spike_nearest,1,2025-08-05 14:10:00+00:00,2025-08-05 14:13:00+00:00,24311.5,23821.25,2025-08-05 16:00:00+00:00,time,-155.75,-156.5,490.25,-0.3192248852626211,-0.31769505354411015,0.026007139214686385,-0.40438551759306474,-313.0,23821.75,24311.75,77155,77622,24397.0,2025-08-05
A1_k1_spike_nearest,-1,2025-08-06 13:30:00+00:00,2025-08-06 13:31:00+00:00,24198.0,24404.5,2025-08-06 16:00:00+00:00,time,-169.75,-170.5,206.5,-0.8256658595641646,-0.8220338983050848,0.2397094430992736,-0.8583535108958837,-341.0,24404.0,24197.75,77600,77831,24145.5,2025-08-06
A1_k1_spike_nearest,1,2025-08-07 13:30:00+00:00,2025-08-07 13:30:00+00:00,24592.5,24063.75,2025-08-07 13:33:00+00:00,target,25.5,25.0,528.75,0.04728132387706856,0.04822695035460993,0.06666666666666667,-0.018912529550827423,50.0,24064.25,24592.75,77744,78161,24618.0,2025-08-07
A1_k1_spike_nearest,1,2025-08-07 13:40:00+00:00,2025-08-07 13:45:00+00:00,24582.25,24063.75,2025-08-07 13:55:00+00:00,target,55.5,55.0,518.5,0.10607521697203472,0.10703953712632594,0.12198649951783992,-0.02507232401157184,110.0,24064.25,24582.5,77744,78168,24637.75,2025-08-07
A1_k1_spike_nearest,1,2025-08-07 13:30:00+00:00,2025-08-07 14:24:00+00:00,24568.5,24063.75,2025-08-07 16:00:00+00:00,time,-71.25,-72.0,504.75,-0.1426448736998514,-0.1411589895988113,0.04952947003467063,-0.1817731550272412,-144.0,24064.25,24568.75,77744,78121,24618.0,2025-08-07
A1_k1_spike_nearest,-1,2025-08-08 13:30:00+00:00,2025-08-08 13:30:00+00:00,24548.0,24671.5,2025-08-08 14:10:00+00:00,stop,-123.5,-124.25,123.5,-1.0060728744939271,-1.0,0.14777327935222673,-1.05668016194332,-248.5,24671.0,24547.75,78174,78436,24521.25,2025-08-08
A1_k1_spike_nearest,1,2025-08-08 14:50:00+00:00,2025-08-08 14:51:00+00:00,24669.75,24378.75,2025-08-08 16:00:00+00:00,time,10.25,9.5,291.0,0.03264604810996564,0.0352233676975945,0.040378006872852236,-0.19931271477663232,19.0,24379.25,24670.0,78239,78458,24699.75,2025-08-08
A1_k1_spike_nearest,-1,2025-08-11 13:30:00+00:00,2025-08-11 13:30:00+00:00,24727.25,24773.75,2025-08-11 13:31:00+00:00,target,21.25,20.75,46.5,0.44623655913978494,0.45698924731182794,0.7311827956989247,-0.06989247311827956,41.5,24773.25,24727.0,78597,78712,24706.0,2025-08-11
A1_k1_spike_nearest,1,2025-08-11 13:30:00+00:00,2025-08-11 13:33:00+00:00,24690.75,24502.5,2025-08-11 13:42:00+00:00,target,36.0,35.5,188.25,0.18857901726427623,0.19123505976095617,0.199203187250996,-0.05312084993359894,71.0,24503.0,24691.0,78353,78664,24726.75,2025-08-11
A1_k1_spike_nearest,-1,2025-08-11 13:40:00+00:00,2025-08-11 13:43:00+00:00,24730.75,24773.75,2025-08-11 16:00:00+00:00,time,-32.75,-33.5,43.0,-0.7790697674418605,-0.7616279069767442,0.5523255813953488,-0.8488372093023255,-67.0,24773.25,24730.5,78597,78720,24680.75,2025-08-11
A1_k1_spike_nearest,1,2025-08-12 13:30:00+00:00,2025-08-12 13:30:00+00:00,24722.0,24586.25,2025-08-12 13:41:00+00:00,target,78.0,77.5,135.75,0.570902394106814,0.574585635359116,0.580110497237569,-0.09023941068139964,155.0,24586.75,24722.25,78797,78994,24800.0,2025-08-12
A1_k1_spike_nearest,1,2025-08-12 13:40:00+00:00,2025-08-12 13:48:00+00:00,24709.5,24586.25,2025-08-12 15:05:00+00:00,target,90.5,90.0,123.25,0.7302231237322515,0.7342799188640974,0.7545638945233266,-0.7119675456389453,180.0,24586.75,24709.75,78797,78996,24800.0,2025-08-12
A1_k1_spike_nearest,-1,2025-08-12 13:50:00+00:00,2025-08-12 15:07:00+00:00,24808.5,24822.5,2025-08-12 15:10:00+00:00,stop,-14.0,-14.75,14.0,-1.0535714285714286,-1.0,0.75,-1.6785714285714286,-29.5,24822.0,24808.25,78986,78998,24639.25,2025-08-12
A1_k1_spike_nearest,1,2025-08-13 13:45:00+00:00,2025-08-13 13:45:00+00:00,25028.25,24595.25,2025-08-13 16:00:00+00:00,time,-103.0,-103.75,433.0,-0.23960739030023095,-0.23787528868360278,0.07505773672055427,-0.3146651270207852,-207.5,24595.75,25028.5,78902,79272,25068.75,2025-08-13
A1_k1_spike_nearest,-1,2025-08-14 13:30:00+00:00,2025-08-14 13:30:00+00:00,24870.0,24965.25,2025-08-14 14:31:00+00:00,stop,-95.25,-96.0,95.25,-1.0078740157480315,-1.0,0.30446194225721784,-1.1286089238845145,-192.0,24964.75,24869.75,79533,79540,24816.25,2025-08-14
A1_k1_spike_nearest,1,2025-08-14 15:05:00+00:00,2025-08-14 15:05:00+00:00,24940.25,24792.5,2025-08-14 16:00:00+00:00,time,-9.0,-9.75,147.75,-0.06598984771573604,-0.06091370558375635,0.10152284263959391,-0.5262267343485617,-19.5,24793.0,24940.5,79537,79565,25005.25,2025-08-14
A1_k1_spike_nearest,1,2025-08-15 13:30:00+00:00,2025-08-15 13:30:00+00:00,24862.25,24792.5,2025-08-15 13:49:00+00:00,stop,-69.75,-70.5,69.75,-1.010752688172043,-1.0,0.6917562724014337,-1.2293906810035842,-141.0,24793.0,24862.5,79537,79571,24916.75,2025-08-15
A1_k1_spike_nearest,-1,2025-08-18 13:30:00+00:00,2025-08-18 13:30:00+00:00,24796.5,24954.5,2025-08-18 13:51:00+00:00,target,39.75,39.25,158.0,0.24841772151898733,0.25158227848101267,0.3022151898734177,-0.1360759493670886,78.5,24954.0,24796.25,79759,80042,24756.75,2025-08-18
A1_k1_spike_nearest,1,2025-08-18 13:30:00+00:00,2025-08-18 13:53:00+00:00,24744.75,24734.0,2025-08-18 14:07:00+00:00,target,43.5,43.0,10.75,4.0,4.046511627906977,4.325581395348837,-0.9302325581395349,86.0,24734.5,24745.0,79850,80083,24788.25,2025-08-18
A1_k1_spike_nearest,-1,2025-08-18 14:15:00+00:00,2025-08-18 14:22:00+00:00,24791.5,24954.5,2025-08-18 14:46:00+00:00,target,56.75,56.25,163.0,0.3450920245398773,0.348159509202454,0.38496932515337423,-0.200920245398773,112.5,24954.0,24791.25,79759,80107,24734.75,2025-08-18
A1_k1_spike_nearest,1,2025-08-18 15:25:00+00:00,2025-08-18 15:29:00+00:00,24744.5,24718.0,2025-08-18 16:00:00+00:00,time,2.5,1.75,26.5,0.0660377358490566,0.09433962264150944,0.5566037735849056,-0.6132075471698113,3.5,24718.5,24744.75,80115,80121,24784.0,2025-08-18
A1_k1_spike_nearest,-1,2025-08-19 13:30:00+00:00,2025-08-19 13:30:00+00:00,24762.25,24880.25,2025-08-19 13:31:00+00:00,target,20.0,26.75,118.0,0.2266949152542373,0.1694915254237288,0.3283898305084746,-0.06991525423728813,53.5,24879.75,24754.75,79977,80369,24735.0,2025-08-19
A1_k1_spike_nearest,1,2025-08-19 13:30:00+00:00,2025-08-19 13:32:00+00:00,24722.0,24718.0,2025-08-19 13:32:00+00:00,stop,-4.0,-4.75,4.0,-1.1875,-1.0,0.75,-9.0,-9.5,24718.5,24722.25,80115,80139,24754.75,2025-08-19
A1_k1_spike_nearest,1,2025-08-19 14:25:00+00:00,2025-08-19 14:25:00+00:00,24682.0,24638.5,2025-08-19 14:28:00+00:00,stop,-43.5,-44.25,43.5,-1.0172413793103448,-1.0,0.3850574712643678,-1.3505747126436782,-88.5,24639.0,24682.25,80379,80385,24727.75,2025-08-19
A1_k1_spike_nearest,-1,2025-08-20 13:30:00+00:00,2025-08-20 13:30:00+00:00,24430.5,24840.0,2025-08-20 13:31:00+00:00,target,26.5,44.75,409.5,0.10927960927960928,0.06471306471306472,0.12637362637362637,-0.0030525030525030525,89.5,24839.5,24430.25,80191,80646,24404.0,2025-08-20
A1_k1_spike_nearest,1,2025-08-20 13:30:00+00:00,2025-08-20 13:32:00+00:00,24370.25,24333.5,2025-08-20 13:44:00+00:00,stop,-36.75,-37.5,36.75,-1.0204081632653061,-1.0,0.8843537414965986,-1.3061224489795917,-75.0,24334.0,24370.5,80551,80592,24430.25,2025-08-20
A1_k1_spike_nearest,-1,2025-08-20 15:00:00+00:00,2025-08-20 15:06:00+00:00,24090.0,24840.0,2025-08-20 16:00:00+00:00,time,-81.25,-82.0,750.0,-0.10933333333333334,-0.10833333333333334,0.016666666666666666,-0.23466666666666666,-164.0,24839.5,24089.75,80191,80667,24035.0,2025-08-20
A1_k1_spike_nearest,-1,2025-08-21 13:30:00+00:00,2025-08-21 13:30:00+00:00,24260.0,24489.25,2025-08-21 13:31:00+00:00,target,27.75,59.25,229.25,0.2584514721919302,0.12104689203925845,0.2649945474372955,-0.030534351145038167,118.5,24488.75,24250.25,80468,80924,24222.75,2025-08-21
A1_k1_spike_nearest,-1,2025-08-21 13:30:00+00:00,2025-08-21 13:33:00+00:00,24269.25,24489.25,2025-08-21 13:45:00+00:00,target,46.5,46.0,220.0,0.20909090909090908,0.21136363636363636,0.3465909090909091,-0.09545454545454546,92.0,24488.75,24269.0,80468,80916,24222.75,2025-08-21
A1_k1_spike_nearest,-1,2025-08-21 14:00:00+00:00,2025-08-21 14:04:00+00:00,24268.5,24489.25,2025-08-21 16:00:00+00:00,time,64.5,63.75,220.75,0.2887882219705549,0.29218573046432617,0.3725934314835787,-0.36013590033975085,127.5,24488.75,24268.25,80468,80932,24174.75,2025-08-21
A1_k1_spike_nearest,1,2025-08-22 13:30:00+00:00,2025-08-22 13:30:00+00:00,24222.5,24073.5,2025-08-22 13:37:00+00:00,target,52.25,51.75,149.0,0.34731543624161076,0.35067114093959734,0.40436241610738255,-0.11073825503355705,103.5,24074.0,24222.75,81122,81144,24274.75,2025-08-22
A1_k1_spike_nearest,-1,2025-08-22 13:30:00+00:00,2025-08-22 13:40:00+00:00,24295.75,24369.75,2025-08-22 13:58:00+00:00,target,49.75,49.25,74.0,0.6655405405405406,0.6722972972972973,0.7567567567567568,-0.6351351351351351,98.5,24369.25,24295.5,80794,80954,24246.0,2025-08-22
A1_k1_spike_nearest,-1,2025-08-22 14:00:00+00:00,2025-08-22 14:00:00+00:00,24343.0,24369.75,2025-08-22 14:00:00+00:00,stop,-26.75,-27.5,26.75,-1.02803738317757,-1.0,2.7570093457943927,-4.607476635514018,-55.0,24369.25,24342.75,80794,81208,24206.0,2025-08-22
A1_k1_spike_nearest,-1,2025-08-25 13:30:00+00:00,2025-08-25 13:30:00+00:00,24501.0,24650.25,2025-08-25 13:31:00+00:00,target,24.5,24.0,149.25,0.16080402010050251,0.16415410385259632,0.31155778894472363,-0.11557788944723618,48.0,24649.75,24500.75,81222,81456,24476.5,2025-08-25
A1_k1_spike_nearest,-1,2025-08-25 13:40:00+00:00,2025-08-25 13:59:00+00:00,24518.5,24650.25,2025-08-25 16:00:00+00:00,time,-82.0,-82.75,131.75,-0.6280834914611005,-0.6223908918406073,0.10815939278937381,-0.7438330170777988,-165.5,24649.75,24518.25,81222,81480,24444.75,2025-08-25
A1_k1_spike_nearest,-1,2025-08-26 13:30:00+00:00,2025-08-26 13:30:00+00:00,24480.0,24617.0,2025-08-26 13:46:00+00:00,target,17.0,16.5,137.0,0.12043795620437957,0.12408759124087591,0.177007299270073,-0.2791970802919708,33.0,24616.5,24479.75,81508,81748,24463.0,2025-08-26
A1_k1_spike_nearest,1,2025-08-26 13:30:00+00:00,2025-08-26 13:48:00+00:00,24438.0,24370.5,2025-08-26 13:51:00+00:00,target,37.5,37.0,67.5,0.5481481481481482,0.5555555555555556,0.6481481481481481,-0.17037037037037037,74.0,24371.0,24438.25,81603,81741,24475.5,2025-08-26
A1_k1_spike_nearest,-1,2025-08-26 13:30:00+00:00,2025-08-26 14:10:00+00:00,24520.5,24617.0,2025-08-26 16:00:00+00:00,time,3.0,2.25,96.5,0.023316062176165803,0.031088082901554404,0.4015544041450777,-0.31865284974093266,4.5,24616.5,24520.25,81508,81575,24463.0,2025-08-26
A1_k1_spike_nearest,1,2025-08-27 13:30:00+00:00,2025-08-27 13:30:00+00:00,24534.0,24370.5,2025-08-27 14:19:00+00:00,target,51.5,51.0,163.5,0.3119266055045872,0.3149847094801223,0.41284403669724773,-0.2798165137614679,102.0,24371.0,24534.25,81603,81830,24585.5,2025-08-27
A1_k1_spike_nearest,-1,2025-08-27 15:20:00+00:00,2025-08-27 15:22:00+00:00,24604.5,24629.25,2025-08-27 15:28:00+00:00,target,16.5,16.0,24.75,0.6464646464646465,0.6666666666666666,0.6767676767676768,-0.1717171717171717,32.0,24628.75,24604.25,81893,82052,24588.0,2025-08-27
A1_k1_spike_nearest,1,2025-08-27 15:15:00+00:00,2025-08-27 15:29:00+00:00,24587.75,24370.5,2025-08-27 15:47:00+00:00,target,22.0,21.5,217.25,0.09896432681242807,0.10126582278481013,0.14039125431530494,-0.06444188722669736,43.0,24371.0,24588.0,81603,82051,24609.75,2025-08-27
A1_k1_spike_nearest,-1,2025-08-28 13:30:00+00:00,2025-08-28 13:30:00+00:00,24662.0,24685.25,2025-08-28 13:30:00+00:00,stop,-23.25,-24.0,23.25,-1.032258064516129,-1.0,1.4193548387096775,-1.903225806451613,-48.0,24684.75,24661.75,82114,82246,24593.25,2025-08-28
A1_k1_spike_nearest,1,2025-08-28 13:40:00+00:00,2025-08-28 13:50:00+00:00,24628.75,24428.25,2025-08-28 15:16:00+00:00,target,114.25,113.75,200.5,0.5673316708229427,0.5698254364089775,0.6246882793017456,-0.2817955112219451,227.5,24428.75,24629.0,82114,82308,24743.0,2025-08-28
A1_k1_spike_nearest,1,2025-08-28 15:15:00+00:00,2025-08-28 15:24:00+00:00,24695.5,24428.25,2025-08-28 16:00:00+00:00,time,-8.25,-9.0,267.25,-0.03367633302151544,-0.03086997193638915,0.08886810102899906,-0.11599625818521983,-18.0,24428.75,24695.75,82114,82327,24736.5,2025-08-28
A1_k1_spike_nearest,1,2025-08-29 13:30:00+00:00,2025-08-29 13:30:00+00:00,24643.5,24486.0,2025-08-29 14:04:00+00:00,stop,-157.5,-158.25,157.5,-1.0047619047619047,-1.0,0.15396825396825398,-1.034920634920635,-316.5,24486.5,24643.75,82152,82574,24667.5,2025-08-29
A1_k1_spike_nearest,-1,2025-08-29 15:20:00+00:00,2025-08-29 15:22:00+00:00,24483.0,24804.0,2025-08-29 16:00:00+00:00,time,51.25,50.5,321.0,0.1573208722741433,0.15965732087227413,0.1822429906542056,-0.04750778816199377,101.0,24803.5,24482.75,82384,82604,24413.25,2025-08-29
A1_k1_spike_nearest,1,2025-09-01 13:30:00+00:00,2025-09-01 13:30:00+00:00,24459.5,24370.75,2025-09-01 13:53:00+00:00,target,34.5,34.0,88.75,0.38309859154929576,0.38873239436619716,0.3971830985915493,-0.18591549295774648,68.0,24371.25,24459.75,82775,82843,24494.0,2025-09-01
A1_k1_spike_nearest,1,2025-09-01 14:10:00+00:00,2025-09-01 14:14:00+00:00,24484.0,24370.75,2025-09-01 15:05:00+00:00,target,9.5,9.0,113.25,0.07947019867549669,0.08388520971302428,0.10375275938189846,-0.0728476821192053,18.0,24371.25,24484.25,82775,82866,24493.5,2025-09-01
A1_k1_spike_nearest,1,2025-09-01 14:45:00+00:00,2025-09-01 15:09:00+00:00,24482.25,24370.75,2025-09-01 15:16:00+00:00,target,9.25,8.75,111.5,0.07847533632286996,0.08295964125560538,0.08520179372197309,-0.02914798206278027,17.5,24371.25,24482.5,82775,82873,24491.5,2025-09-01
A1_k1_spike_nearest,-1,2025-09-01 15:15:00+00:00,2025-09-01 15:19:00+00:00,24496.0,24756.0,2025-09-01 16:00:00+00:00,time,0.5,-0.25,260.0,-0.0009615384615384616,0.0019230769230769232,0.020192307692307693,-0.041346153846153845,-0.5,24755.5,24495.75,82429,82879,24475.75,2025-09-01
A1_k1_spike_nearest,-1,2025-09-02 13:30:00+00:00,2025-09-02 13:35:00+00:00,24124.75,24544.75,2025-09-02 15:36:00+00:00,target,65.0,64.5,420.0,0.15357142857142858,0.15476190476190477,0.1595238095238095,-0.36964285714285716,129.0,24544.25,24124.5,82707,83085,24059.75,2025-09-02
A1_k1_spike_nearest,1,2025-09-03 13:30:00+00:00,2025-09-03 13:30:00+00:00,24413.75,24024.25,2025-09-03 14:07:00+00:00,target,44.5,44.0,389.5,0.11296534017971759,0.11424903722721438,0.12066752246469833,-0.11360718870346598,88.0,24024.75,24414.0,83088,83358,24458.25,2025-09-03
A1_k1_spike_nearest,-1,2025-09-03 14:15:00+00:00,2025-09-03 14:25:00+00:00,24461.0,24511.25,2025-09-03 14:43:00+00:00,stop,-50.25,-51.0,50.25,-1.0149253731343284,-1.0,0.6169154228855721,-1.0796019900497513,-102.0,24510.75,24460.75,82902,83371,24371.75,2025-09-03
A1_k1_spike_nearest,1,2025-09-03 14:35:00+00:00,2025-09-03 15:28:00+00:00,24429.75,24024.25,2025-09-03 16:00:00+00:00,time,-15.0,-15.75,405.5,-0.03884093711467324,-0.036991368680641186,0.04130702836004932,-0.06966707768187423,-31.5,24024.75,24430.0,83088,83375,24486.5,2025-09-03
A1_k1_spike_nearest,-1,2025-09-04 13:30:00+00:00,2025-09-04 13:31:00+00:00,24490.0,24536.0,2025-09-04 13:34:00+00:00,stop,-46.0,-46.75,46.0,-1.016304347826087,-1.0,0.5,-1.0,-93.5,24535.5,24489.75,83600,83633,24450.25,2025-09-04
A1_k1_spike_nearest,1,2025-09-04 13:55:00+00:00,2025-09-04 13:55:00+00:00,24459.5,24299.0,2025-09-04 14:36:00+00:00,target,53.25,52.75,160.5,0.32866043613707163,0.3317757009345794,0.37227414330218067,-0.3099688473520249,105.5,24299.5,24459.75,83246,83643,24512.75,2025-09-04
A1_k1_spike_nearest,-1,2025-09-04 14:45:00+00:00,2025-09-04 15:00:00+00:00,24530.25,24548.5,2025-09-04 15:22:00+00:00,stop,-18.25,-19.0,18.25,-1.0410958904109588,-1.0,2.1095890410958904,-1.0684931506849316,-38.0,24548.0,24530.0,83641,83653,24409.75,2025-09-04
A1_k1_spike_nearest,1,2025-09-05 13:30:00+00:00,2025-09-05 13:30:00+00:00,24873.5,24409.25,2025-09-05 16:00:00+00:00,time,-255.5,-256.25,464.25,-0.5519655358104469,-0.5503500269251481,0.06192784060312332,-0.7942918686052773,-512.5,24409.75,24873.75,83649,83913,24894.0,2025-09-05
A1_k1_spike_nearest,-1,2025-09-08 13:45:00+00:00,2025-09-08 13:49:00+00:00,24846.75,24902.75,2025-09-08 16:00:00+00:00,time,-25.75,-26.5,56.0,-0.4732142857142857,-0.45982142857142855,0.7276785714285714,-0.7321428571428571,-53.0,24902.25,24846.5,83916,84193,24771.0,2025-09-08
A1_k1_spike_nearest,-1,2025-09-09 13:30:00+00:00,2025-09-09 13:30:00+00:00,24852.5,24888.25,2025-09-09 14:00:00+00:00,target,52.5,52.0,35.75,1.4545454545454546,1.4685314685314685,1.8601398601398602,-0.13986013986013987,104.0,24887.75,24852.25,84207,84457,24800.0,2025-09-09
A1_k1_spike_nearest,1,2025-09-09 13:30:00+00:00,2025-09-09 14:03:00+00:00,24784.25,24649.75,2025-09-09 14:09:00+00:00,target,44.0,43.5,134.5,0.32342007434944237,0.3271375464684015,0.3680297397769517,-0.026022304832713755,87.0,24650.25,24784.5,84007,84269,24828.25,2025-09-09
A1_k1_spike_nearest,-1,2025-09-09 13:55:00+00:00,2025-09-09 14:10:00+00:00,24848.5,24888.25,2025-09-09 14:27:00+00:00,target,48.5,48.0,39.75,1.2075471698113207,1.220125786163522,1.2767295597484276,-0.050314465408805034,96.0,24887.75,24848.25,84207,84471,24800.0,2025-09-09
A1_k1_spike_nearest,1,2025-09-09 14:10:00+00:00,2025-09-09 14:32:00+00:00,24780.5,24649.75,2025-09-09 16:00:00+00:00,time,3.75,3.0,130.75,0.022944550669216062,0.028680688336520075,0.2447418738049713,-0.4149139579349904,6.0,24650.25,24780.75,84007,84474,24841.0,2025-09-09
A1_k1_spike_nearest,1,2025-09-10 13:30:00+00:00,2025-09-10 13:30:00+00:00,24977.25,24725.75,2025-09-10 16:00:00+00:00,time,-27.25,-28.0,251.5,-0.11133200795228629,-0.10834990059642147,0.09244532803180915,-0.33101391650099404,-56.0,24726.25,24977.5,84482,84738,25014.0,2025-09-10
A1_k1_spike_nearest,-1,2025-09-11 13:30:00+00:00,2025-09-11 13:30:00+00:00,24976.75,25041.25,2025-09-11 13:39:00+00:00,target,37.5,37.5,64.5,0.5813953488372093,0.5813953488372093,0.7790697674418605,-0.32170542635658916,75.0,25040.75,24976.0,84732,85008,24938.75,2025-09-11
A1_k1_spike_nearest,-1,2025-09-11 13:40:00+00:00,2025-09-11 14:06:00+00:00,24997.75,25041.25,2025-09-11 15:18:00+00:00,stop,-43.5,-44.25,43.5,-1.0172413793103448,-1.0,1.1781609195402298,-1.1666666666666667,-88.5,25040.75,24997.5,84732,85020,24844.75,2025-09-11
A1_k1_spike_nearest,-1,2025-09-12 13:30:00+00:00,2025-09-12 13:30:00+00:00,25051.75,25054.0,2025-09-12 13:30:00+00:00,stop,-2.25,-3.0,2.25,-1.3333333333333333,-1.0,5.666666666666667,-5.111111111111111,-6.0,25053.5,25051.5,85290,85292,25038.25,2025-09-12
A1_k1_spike_nearest,1,2025-09-12 13:30:00+00:00,2025-09-12 13:31:00+00:00,25038.0,24844.25,2025-09-12 14:03:00+00:00,target,13.5,13.0,193.75,0.06709677419354838,0.0696774193548387,0.08774193548387096,-0.1870967741935484,26.0,24844.75,25038.25,85008,85290,25051.5,2025-09-12
A1_k1_spike_nearest,-1,2025-09-12 14:20:00+00:00,2025-09-12 14:21:00+00:00,25061.0,25063.75,2025-09-12 14:21:00+00:00,stop,-2.75,-3.5,2.75,-1.2727272727272727,-1.0,2.6363636363636362,-3.909090909090909,-7.0,25063.25,25060.75,85296,85304,25017.75,2025-09-12
A1_k1_spike_nearest,1,2025-09-12 15:20:00+00:00,2025-09-12 15:22:00+00:00,25080.25,24844.25,2025-09-12 16:00:00+00:00,time,10.25,9.5,236.0,0.04025423728813559,0.04343220338983051,0.0815677966101695,-0.036016949152542374,19.0,24844.75,25080.5,85008,85316,25115.5,2025-09-12
A1_k1_spike_nearest,1,2025-09-15 14:20:00+00:00,2025-09-15 14:20:00+00:00,25237.5,24968.0,2025-09-15 15:00:00+00:00,target,27.75,27.25,269.5,0.10111317254174397,0.10296846011131726,0.15213358070500926,-0.06215213358070501,54.5,24968.5,25237.75,85233,85580,25265.25,2025-09-15
A1_k1_spike_nearest,1,2025-09-15 15:20:00+00:00,2025-09-15 15:20:00+00:00,25245.0,24968.0,2025-09-15 15:50:00+00:00,target,33.5,33.0,277.0,0.11913357400722022,0.12093862815884476,0.13447653429602888,-0.017148014440433214,66.0,24968.5,25245.25,85233,85592,25278.5,2025-09-15
A1_k1_spike_nearest,1,2025-09-16 13:30:00+00:00,2025-09-16 13:30:00+00:00,25339.75,25074.75,2025-09-16 16:00:00+00:00,time,-72.0,-72.75,265.0,-0.27452830188679245,-0.27169811320754716,0.059433962264150944,-0.2971698113207547,-145.5,25075.25,25340.0,85506,85750,25366.5,2025-09-16
A1_k1_spike_nearest,-1,2025-09-17 13:30:00+00:00,2025-09-17 13:30:00+00:00,25291.0,25404.0,2025-09-17 13:33:00+00:00,target,23.75,23.25,113.0,0.20575221238938052,0.21017699115044247,0.21902654867256638,-0.08628318584070796,46.5,25403.5,25290.75,85792,86063,25267.25,2025-09-17
A1_k1_spike_nearest,1,2025-09-17 13:30:00+00:00,2025-09-17 13:34:00+00:00,25258.0,25217.0,2025-09-17 14:01:00+00:00,stop,-41.0,-41.75,41.0,-1.0182926829268293,-1.0,0.5487804878048781,-1.0731707317073171,-83.5,25217.5,25258.25,86066,86108,25290.5,2025-09-17
A1_k1_spike_nearest,-1,2025-09-17 15:15:00+00:00,2025-09-17 15:16:00+00:00,25196.25,25404.0,2025-09-17 15:42:00+00:00,target,32.25,31.75,207.75,0.15282791817087846,0.1552346570397112,0.16967509025270758,-0.032490974729241874,63.5,25403.5,25196.0,85792,86141,25164.0,2025-09-17
A1_k1_spike_nearest,-1,2025-09-18 13:30:00+00:00,2025-09-18 13:32:00+00:00,25450.75,25523.0,2025-09-18 13:40:00+00:00,target,43.75,43.25,72.25,0.5986159169550173,0.6055363321799307,0.7577854671280276,-0.2664359861591695,86.5,25522.5,25450.5,86388,86397,25407.0,2025-09-18
A1_k1_spike_nearest,1,2025-09-18 13:30:00+00:00,2025-09-18 13:45:00+00:00,25375.75,25205.0,2025-09-18 13:51:00+00:00,target,74.75,74.25,170.75,0.43484626647144947,0.4377745241581259,0.46412884333821375,-0.12005856515373353,148.5,25205.5,25376.0,86201,86327,25450.5,2025-09-18
A1_k1_spike_nearest,-1,2025-09-18 13:45:00+00:00,2025-09-18 14:00:00+00:00,25470.25,25523.0,2025-09-18 14:18:00+00:00,stop,-52.75,-53.5,52.75,-1.014218009478673,-1.0,0.3744075829383886,-1.0758293838862558,-107.0,25522.5,25470.0,86388,86401,25376.0,2025-09-18
A1_k1_spike_nearest,-1,2025-09-19 13:30:00+00:00,2025-09-19 13:49:00+00:00,25553.5,25572.75,2025-09-19 15:06:00+00:00,target,63.0,62.5,19.25,3.2467532467532467,3.272727272727273,3.4025974025974026,-0.987012987012987,125.0,25572.25,25553.25,86422,86443,25490.5,2025-09-19
A1_k1_spike_nearest,1,2025-09-19 15:15:00+00:00,2025-09-19 15:15:00+00:00,25487.75,25315.75,2025-09-19 16:00:00+00:00,time,39.75,39.0,172.0,0.22674418604651161,0.2311046511627907,0.2819767441860465,-0.13517441860465115,78.0,25316.25,25488.0,86243,86695,25535.0,2025-09-19
A1_k1_spike_nearest,-1,2025-09-22 13:30:00+00:00,2025-09-22 13:30:00+00:00,25587.75,25645.0,2025-09-22 14:06:00+00:00,stop,-57.25,-58.0,57.25,-1.0131004366812226,-1.0,0.29694323144104806,-1.0087336244541485,-116.0,25644.5,25587.5,86753,86874,25554.0,2025-09-22
A1_k1_spike_nearest,1,2025-09-23 13:30:00+00:00,2025-09-23 13:30:00+00:00,25747.75,25522.25,2025-09-23 16:00:00+00:00,time,-45.5,-46.25,225.5,-0.20509977827050999,-0.2017738359201774,0.082039911308204,-0.2738359201773836,-92.5,25522.75,25748.0,86940,87218,25767.5,2025-09-23
A1_k1_spike_nearest,-1,2025-09-24 13:30:00+00:00,2025-09-24 13:30:00+00:00,25653.25,25768.0,2025-09-24 13:31:00+00:00,target,24.75,26.5,114.75,0.23093681917211328,0.21568627450980393,0.3028322440087146,-0.02178649237472767,53.0,25767.5,25653.0,87221,87487,25628.5,2025-09-24
A1_k1_spike_nearest,1,2025-09-24 13:30:00+00:00,2025-09-24 13:33:00+00:00,25589.0,25535.25,2025-09-24 15:11:00+00:00,stop,-53.75,-54.5,53.75,-1.013953488372093,-1.0,0.44651162790697674,-1.027906976744186,-109.0,25535.75,25589.25,87278,87388,25645.0,2025-09-24
A1_k1_spike_nearest,-1,2025-09-25 14:00:00+00:00,2025-09-25 14:05:00+00:00,25279.25,25670.25,2025-09-25 16:00:00+00:00,time,-154.5,-155.25,391.0,-0.39705882352941174,-0.39514066496163686,0.017902813299232736,-0.44565217391304346,-310.5,25669.75,25279.0,87462,87784,25178.5,2025-09-25
A1_k1_spike_nearest,1,2025-09-26 13:30:00+00:00,2025-09-26 13:30:00+00:00,25384.25,25324.25,2025-09-26 13:32:00+00:00,target,59.25,58.75,60.0,0.9791666666666666,0.9875,1.0625,-0.5166666666666667,117.5,25324.75,25384.5,88002,88038,25443.5,2025-09-26
A1_k1_spike_nearest,-1,2025-09-26 13:50:00+00:00,2025-09-26 13:50:00+00:00,25469.25,25545.0,2025-09-26 14:11:00+00:00,target,116.0,115.5,75.75,1.5247524752475248,1.5313531353135315,1.5544554455445545,-0.2706270627062706,231.0,25544.5,25469.0,87667,88058,25353.25,2025-09-26
A1_k1_spike_nearest,1,2025-09-26 13:30:00+00:00,2025-09-26 14:13:00+00:00,25346.25,25324.25,2025-09-26 14:24:00+00:00,stop,-22.0,-22.75,22.0,-1.0340909090909092,-1.0,1.3409090909090908,-1.0795454545454546,-45.5,25324.75,25346.5,88002,88031,25443.5,2025-09-26
A1_k1_spike_nearest,1,2025-09-26 15:00:00+00:00,2025-09-26 15:15:00+00:00,25306.25,25276.0,2025-09-26 16:00:00+00:00,time,31.5,30.75,30.25,1.0165289256198347,1.0413223140495869,2.884297520661157,-0.14049586776859505,61.5,25276.5,25306.5,88067,88072,25399.25,2025-09-26
A1_k1_spike_nearest,1,2025-09-29 13:30:00+00:00,2025-09-29 13:30:00+00:00,25605.25,25276.0,2025-09-29 13:42:00+00:00,target,45.25,44.75,329.25,0.13591495823842065,0.13743356112376615,0.13819286256643887,-0.0015186028853454822,89.5,25276.5,25605.5,88067,88265,25650.5,2025-09-29
A1_k1_spike_nearest,1,2025-09-29 14:15:00+00:00,2025-09-29 14:20:00+00:00,25675.75,25276.0,2025-09-29 16:00:00+00:00,time,-70.25,-71.0,399.75,-0.17761100687929957,-0.17573483427141964,0.12570356472795496,-0.22138836772983114,-142.0,25276.5,25676.0,88067,88338,25731.5,2025-09-29
A1_k1_spike_nearest,1,2025-09-30 13:30:00+00:00,2025-09-30 13:30:00+00:00,25572.0,25510.25,2025-09-30 13:37:00+00:00,stop,-61.75,-62.5,61.75,-1.0121457489878543,-1.0,0.24696356275303644,-1.1497975708502024,-125.0,25510.75,25572.25,88538,88603,25588.25,2025-09-30
A1_k1_spike_nearest,-1,2025-09-30 14:30:00+00:00,2025-09-30 14:31:00+00:00,25556.0,25732.0,2025-09-30 16:00:00+00:00,time,-11.0,-11.75,176.0,-0.06676136363636363,-0.0625,0.2684659090909091,-0.3664772727272727,-23.5,25731.5,25555.75,88339,88618,25502.75,2025-09-30
A1_k1_spike_nearest,1,2025-10-01 13:30:00+00:00,2025-10-01 13:30:00+00:00,25502.25,25389.75,2025-10-01 13:31:00+00:00,target,45.5,45.0,112.5,0.4,0.40444444444444444,0.5533333333333333,-0.02,90.0,25390.25,25502.5,88805,88869,25547.75,2025-10-01
A1_k1_spike_nearest,-1,2025-10-01 13:30:00+00:00,2025-10-01 13:32:00+00:00,25568.25,25670.75,2025-10-01 13:49:00+00:00,target,42.75,42.25,102.5,0.4121951219512195,0.4170731707317073,0.751219512195122,-0.29024390243902437,84.5,25670.25,25568.0,88684,88732,25525.5,2025-10-01
A1_k1_spike_nearest,1,2025-10-01 13:30:00+00:00,2025-10-01 13:50:00+00:00,25487.25,25389.75,2025-10-01 13:56:00+00:00,target,60.5,60.0,97.5,0.6153846153846154,0.6205128205128205,0.7923076923076923,-0.04871794871794872,120.0,25390.25,25487.5,88805,88854,25547.75,2025-10-01
A1_k1_spike_nearest,-1,2025-10-01 14:10:00+00:00,2025-10-01 14:11:00+00:00,25580.5,25670.75,2025-10-01 15:01:00+00:00,stop,-90.25,-91.0,90.25,-1.0083102493074791,-1.0,0.08033240997229917,-1.07202216066482,-182.0,25670.25,25580.25,88684,88890,25511.5,2025-10-01
A1_k1_spike_nearest,1,2025-10-01 14:55:00+00:00,2025-10-01 15:20:00+00:00,25634.75,25389.75,2025-10-01 15:35:00+00:00,target,33.75,33.25,245.0,0.1357142857142857,0.1377551020408163,0.14489795918367346,-0.009183673469387756,66.5,25390.25,25635.0,88805,88899,25668.5,2025-10-01
A1_k1_spike_nearest,1,2025-10-02 13:30:00+00:00,2025-10-02 13:30:00+00:00,25899.5,25389.75,2025-10-02 16:00:00+00:00,time,-65.5,-66.25,509.75,-0.12996566944580676,-0.12849435998038253,0.05100539480137322,-0.2927905836194213,-132.5,25390.25,25899.75,88805,89142,25936.5,2025-10-02
A1_k1_spike_nearest,-1,2025-10-03 13:30:00+00:00,2025-10-03 13:31:00+00:00,25904.75,25954.0,2025-10-03 13:41:00+00:00,target,30.25,29.75,49.25,0.6040609137055838,0.6142131979695431,0.649746192893401,-0.3756345177664975,59.5,25953.5,25904.5,89395,89420,25874.5,2025-10-03
A1_k1_spike_nearest,1,2025-10-03 13:30:00+00:00,2025-10-03 13:42:00+00:00,25871.5,25749.75,2025-10-03 13:46:00+00:00,target,31.75,31.25,121.75,0.25667351129363447,0.26078028747433263,0.26899383983572894,-0.01026694045174538,62.5,25750.25,25871.75,89178,89430,25903.25,2025-10-03
A1_k1_spike_nearest,-1,2025-10-03 13:50:00+00:00,2025-10-03 13:53:00+00:00,25923.5,25954.0,2025-10-03 13:56:00+00:00,target,53.25,52.75,30.5,1.7295081967213115,1.7459016393442623,2.0,-0.13114754098360656,105.5,25953.5,25923.25,89395,89438,25870.25,2025-10-03
A1_k1_spike_nearest,1,2025-10-03 13:30:00+00:00,2025-10-03 13:58:00+00:00,25859.5,25749.75,2025-10-03 15:57:00+00:00,target,43.75,43.25,109.75,0.3940774487471526,0.39863325740318906,0.44646924829157175,-0.47380410022779046,86.5,25750.25,25859.75,89178,89427,25903.25,2025-10-03
A1_k1_spike_nearest,1,2025-10-06 13:30:00+00:00,2025-10-06 13:30:00+00:00,25944.0,25729.25,2025-10-06 16:00:00+00:00,time,20.5,19.75,214.75,0.0919674039580908,0.09545983701979045,0.15948777648428406,-0.359720605355064,39.5,25729.75,25944.25,89515,89710,25998.0,2025-10-06
A1_k1_spike_nearest,1,2025-10-07 13:30:00+00:00,2025-10-07 13:30:00+00:00,25988.25,25801.0,2025-10-07 15:32:00+00:00,stop,-187.25,-188.0,187.25,-1.0040053404539386,-1.0,0.1802403204272363,-1.0026702269692924,-376.0,25801.5,25988.5,89642,89986,26031.25,2025-10-07
A1_k1_spike_nearest,-1,2025-10-08 13:30:00+00:00,2025-10-08 13:30:00+00:00,25849.75,26022.5,2025-10-08 16:00:00+00:00,time,-161.5,-162.25,172.75,-0.9392185238784371,-0.934876989869754,0.11577424023154848,-0.9710564399421129,-324.5,26022.0,25849.5,89993,90244,25811.75,2025-10-08
A1_k1_spike_nearest,1,2025-10-09 13:30:00+00:00,2025-10-09 13:30:00+00:00,26066.75,25782.25,2025-10-09 13:31:00+00:00,target,24.25,23.75,284.5,0.08347978910369068,0.0852372583479789,0.08611599297012303,-0.014938488576449912,47.5,25782.75,26067.0,90182,90524,26091.0,2025-10-09
A1_k1_spike_nearest,1,2025-10-09 13:30:00+00:00,2025-10-09 13:33:00+00:00,26060.0,25782.25,2025-10-09 16:00:00+00:00,time,-40.25,-41.0,277.75,-0.1476147614761476,-0.14491449144914492,0.048604860486048604,-0.39603960396039606,-82.0,25782.75,26060.25,90182,90505,26091.0,2025-10-09
A1_k1_spike_nearest,-1,2025-10-10 13:30:00+00:00,2025-10-10 13:30:00+00:00,26070.75,26150.0,2025-10-10 14:57:00+00:00,target,25.75,25.25,79.25,0.3186119873817035,0.3249211356466877,0.6813880126182965,-0.9305993690851735,50.5,26149.5,26070.5,90372,90810,26045.0,2025-10-10
A1_k1_spike_nearest,1,2025-10-13 13:30:00+00:00,2025-10-13 13:34:00+00:00,25523.5,24913.75,2025-10-13 13:59:00+00:00,target,122.0,121.5,609.75,0.1992619926199262,0.2000820008200082,0.2070520705207052,-0.06970069700697007,243.0,24914.25,25523.75,90905,91074,25645.5,2025-10-13
A1_k1_spike_nearest,-1,2025-10-13 13:30:00+00:00,2025-10-13 14:00:00+00:00,25653.75,26145.0,2025-10-13 14:51:00+00:00,target,116.5,116.0,491.25,0.2361323155216285,0.23715012722646311,0.24223918575063613,-0.03358778625954199,232.0,26144.5,25653.5,90819,91030,25537.25,2025-10-13
A1_k1_spike_nearest,-1,2025-10-14 13:30:00+00:00,2025-10-14 14:20:00+00:00,25413.25,25778.25,2025-10-14 16:00:00+00:00,time,-148.0,-148.75,365.0,-0.4075342465753425,-0.4054794520547945,0.08835616438356164,-0.49726027397260275,-297.5,25777.75,25413.0,91230,91363,25311.75,2025-10-14
A1_k1_spike_nearest,1,2025-10-15 13:30:00+00:00,2025-10-15 13:30:00+00:00,25739.5,25426.5,2025-10-15 13:57:00+00:00,target,35.5,35.0,313.0,0.11182108626198083,0.1134185303514377,0.11661341853035144,-0.2747603833865815,70.0,25427.0,25739.75,91384,91632,25775.0,2025-10-15
A1_k1_spike_nearest,1,2025-10-15 14:50:00+00:00,2025-10-15 14:50:00+00:00,25835.25,25426.5,2025-10-15 16:00:00+00:00,time,-144.25,-145.0,408.75,-0.3547400611620795,-0.3529051987767584,0.0837920489296636,-0.4948012232415902,-290.0,25427.0,25835.5,91384,91658,25874.25,2025-10-15
A1_k1_spike_nearest,-1,2025-10-16 13:30:00+00:00,2025-10-16 13:31:00+00:00,25856.0,25874.75,2025-10-16 13:45:00+00:00,stop,-18.75,-19.5,18.75,-1.04,-1.0,3.3866666666666667,-1.3066666666666666,-39.0,25874.25,25855.75,91655,91911,25777.25,2025-10-16
A1_k1_spike_nearest,1,2025-10-16 14:10:00+00:00,2025-10-16 14:11:00+00:00,25791.25,25419.5,2025-10-16 14:22:00+00:00,target,61.75,61.25,371.75,0.16476126429051782,0.16610625420309347,0.19502353732347008,-0.05716207128446537,122.5,25420.0,25791.5,91689,91926,25853.0,2025-10-16
A1_k1_spike_nearest,-1,2025-10-16 14:30:00+00:00,2025-10-16 14:35:00+00:00,25870.5,25882.5,2025-10-16 14:36:00+00:00,stop,-12.0,-12.75,12.0,-1.0625,-1.0,0.8541666666666666,-1.875,-25.5,25882.0,25870.25,91923,91930,25770.0,2025-10-16
A1_k1_spike_nearest,1,2025-10-16 15:15:00+00:00,2025-10-16 15:25:00+00:00,25830.25,25419.5,2025-10-16 16:00:00+00:00,time,-101.5,-102.25,410.75,-0.248934875228241,-0.24710894704808278,0.033475349969567865,-0.32501521606816797,-204.5,25420.0,25830.5,91689,91939,25905.0,2025-10-16
A1_k1_spike_nearest,1,2025-10-17 13:30:00+00:00,2025-10-17 13:30:00+00:00,25474.0,25166.25,2025-10-17 13:34:00+00:00,target,56.5,56.0,307.75,0.18196588139723802,0.18359057676685622,0.24532900081234768,-0.057676685621445976,112.0,25166.75,25474.25,92134,92193,25530.5,2025-10-17
A1_k1_spike_nearest,-1,2025-10-17 13:30:00+00:00,2025-10-17 13:35:00+00:00,25553.25,25721.0,2025-10-17 13:40:00+00:00,target,79.0,78.5,167.75,0.46795827123695977,0.47093889716840537,0.511177347242921,-0.12518628912071536,157.0,25720.5,25553.0,91965,92185,25474.25,2025-10-17
A1_k1_spike_nearest,1,2025-10-17 13:40:00+00:00,2025-10-17 13:43:00+00:00,25456.0,25166.25,2025-10-17 13:53:00+00:00,target,125.0,124.5,289.75,0.4296807592752373,0.4314063848144953,0.5194132873166523,-0.09404659188955997,249.0,25166.75,25456.25,92134,92196,25581.0,2025-10-17
A1_k1_spike_nearest,-1,2025-10-17 13:30:00+00:00,2025-10-17 13:54:00+00:00,25615.25,25721.0,2025-10-17 15:22:00+00:00,target,141.0,140.5,105.75,1.3286052009456264,1.3333333333333333,1.3522458628841607,-0.9645390070921985,281.0,25720.5,25615.0,91965,92012,25474.25,2025-10-17
A1_k1_spike_nearest,1,2025-10-20 13:30:00+00:00,2025-10-20 13:30:00+00:00,25875.25,25166.25,2025-10-20 13:31:00+00:00,target,25.25,53.5,709.0,0.07545839210155147,0.03561354019746121,0.09732016925246827,-0.005641748942172073,107.0,25166.75,25884.25,92134,92469,25909.25,2025-10-20
A1_k1_spike_nearest,1,2025-10-20 15:10:00+00:00,2025-10-20 15:13:00+00:00,26057.25,25166.25,2025-10-20 15:20:00+00:00,target,21.0,20.5,891.0,0.023007856341189674,0.02356902356902357,0.026374859708193043,-0.012906846240179574,41.0,25166.75,26057.5,92134,92490,26078.25,2025-10-20
A1_k1_spike_nearest,-1,2025-10-21 13:30:00+00:00,2025-10-21 13:30:00+00:00,26057.5,26072.75,2025-10-21 13:31:00+00:00,target,22.25,28.0,15.25,1.8360655737704918,1.459016393442623,2.1311475409836067,-0.22950819672131148,56.0,26072.25,26051.0,92735,92745,26029.0,2025-10-21
A1_k1_spike_nearest,1,2025-10-21 13:30:00+00:00,2025-10-21 13:32:00+00:00,26015.0,25712.0,2025-10-21 14:57:00+00:00,target,36.0,35.5,303.0,0.11716171617161716,0.1188118811881188,0.12376237623762376,-0.18316831683168316,71.0,25712.5,26015.25,92314,92710,26051.0,2025-10-21
A1_k1_spike_nearest,1,2025-10-21 15:15:00+00:00,2025-10-21 15:16:00+00:00,26022.5,25712.0,2025-10-21 15:46:00+00:00,target,37.0,36.5,310.5,0.11755233494363929,0.11916264090177134,0.11996779388083736,-0.07729468599033816,73.0,25712.5,26022.75,92314,92767,26059.5,2025-10-21
A1_k1_spike_nearest,1,2025-10-22 13:30:00+00:00,2025-10-22 13:30:00+00:00,25974.25,25959.0,2025-10-22 13:33:00+00:00,stop,-15.25,-16.0,15.25,-1.0491803278688525,-1.0,3.5245901639344264,-1.5901639344262295,-32.0,25959.5,25974.5,92760,93006,26035.0,2025-10-22
A1_k1_spike_nearest,-1,2025-10-22 13:50:00+00:00,2025-10-22 13:51:00+00:00,26021.75,26104.5,2025-10-22 14:27:00+00:00,target,92.5,92.0,82.75,1.1117824773413898,1.1178247734138973,1.4501510574018126,-0.2930513595166163,184.0,26104.0,26021.5,92788,93026,25929.25,2025-10-22
A1_k1_spike_nearest,-1,2025-10-23 13:30:00+00:00,2025-10-23 13:30:00+00:00,25776.5,26095.5,2025-10-23 16:00:00+00:00,time,-174.75,-175.5,319.0,-0.5501567398119123,-0.5478056426332288,0.06661442006269593,-0.6159874608150471,-351.0,26095.0,25776.25,92943,93275,25696.75,2025-10-23
A1_k1_spike_nearest,1,2025-10-24 13:30:00+00:00,2025-10-24 13:30:00+00:00,26203.0,25689.25,2025-10-24 13:37:00+00:00,target,76.0,75.5,513.75,0.14695863746958637,0.14793187347931874,0.16204379562043797,-0.032116788321167884,151.0,25689.75,26203.25,93288,93569,26279.0,2025-10-24
A1_k1_spike_nearest,-1,2025-10-24 14:05:00+00:00,2025-10-24 14:06:00+00:00,26290.5,26307.5,2025-10-24 14:54:00+00:00,target,70.0,69.5,17.0,4.088235294117647,4.117647058823529,4.338235294117647,-0.4264705882352941,139.0,26307.0,26290.25,93579,93581,26220.5,2025-10-24
A1_k1_spike_nearest,-1,2025-10-24 14:50:00+00:00,2025-10-24 15:23:00+00:00,26292.75,26307.5,2025-10-24 16:00:00+00:00,time,13.5,12.75,14.75,0.864406779661017,0.9152542372881356,2.135593220338983,-0.7288135593220338,25.5,26307.0,26292.5,93579,93590,26225.0,2025-10-24
A1_k1_spike_nearest,-1,2025-10-27 13:30:00+00:00,2025-10-27 13:30:00+00:00,26605.5,26609.5,2025-10-27 13:30:00+00:00,stop,-4.0,-4.75,4.0,-1.1875,-1.0,8.875,-1.75,-9.5,26609.0,26605.25,93819,93823,26567.75,2025-10-27
A1_k1_spike_nearest,1,2025-10-27 13:30:00+00:00,2025-10-27 13:35:00+00:00,26567.5,26040.25,2025-10-27 13:41:00+00:00,target,31.75,31.25,527.25,0.05926979611190138,0.0602181128496918,0.06827880512091039,-0.02797534376481745,62.5,26040.75,26567.75,93416,93832,26599.25,2025-10-27
A1_k1_spike_nearest,-1,2025-10-27 13:55:00+00:00,2025-10-27 13:55:00+00:00,26606.75,26616.75,2025-10-27 14:01:00+00:00,stop,-10.0,-10.75,10.0,-1.075,-1.0,1.6,-1.5,-21.5,26616.25,26606.5,93852,93855,26552.75,2025-10-27
A1_k1_spike_nearest,1,2025-10-28 13:45:00+00:00,2025-10-28 13:48:00+00:00,26798.0,26463.5,2025-10-28 16:00:00+00:00,time,18.75,18.0,334.5,0.053811659192825115,0.05605381165919283,0.14499252615844543,-0.10612855007473841,36.0,26464.0,26798.25,93690,94129,26850.5,2025-10-28
A1_k1_spike_nearest,-1,2025-10-29 13:30:00+00:00,2025-10-29 13:30:00+00:00,27032.75,27067.0,2025-10-29 13:37:00+00:00,target,18.75,18.25,34.25,0.5328467153284672,0.5474452554744526,0.5985401459854015,-0.4744525547445255,36.5,27066.5,27032.5,94342,94399,27014.0,2025-10-29
A1_k1_spike_nearest,-1,2025-10-29 13:40:00+00:00,2025-10-29 13:51:00+00:00,27049.25,27067.0,2025-10-29 13:56:00+00:00,stop,-17.75,-18.5,17.75,-1.0422535211267605,-1.0,1.4366197183098592,-1.2112676056338028,-37.0,27066.5,27049.0,94342,94404,27000.0,2025-10-29
A1_k1_spike_nearest,-1,2025-10-29 14:20:00+00:00,2025-10-29 14:31:00+00:00,27057.5,27083.5,2025-10-29 14:49:00+00:00,target,39.25,38.75,26.0,1.4903846153846154,1.5096153846153846,1.7019230769230769,-0.28846153846153844,77.5,27083.0,27057.25,94410,94412,27018.25,2025-10-29
A1_k1_spike_nearest,1,2025-10-29 13:45:00+00:00,2025-10-29 14:50:00+00:00,27010.5,26698.25,2025-10-29 16:00:00+00:00,time,-16.25,-17.0,312.25,-0.0544435548438751,-0.05204163330664532,0.09207365892714171,-0.11449159327461969,-34.0,26698.75,27010.75,94064,94405,27049.0,2025-10-29
A1_k1_spike_nearest,1,2025-10-30 13:30:00+00:00,2025-10-30 13:30:00+00:00,26835.0,26803.5,2025-10-30 13:34:00+00:00,stop,-31.5,-32.25,31.5,-1.0238095238095237,-1.0,1.5555555555555556,-1.126984126984127,-64.5,26804.0,26835.25,94466,94674,26888.75,2025-10-30
A1_k1_spike_nearest,-1,2025-10-30 13:30:00+00:00,2025-10-30 13:54:00+00:00,26889.0,27156.5,2025-10-30 14:09:00+00:00,target,39.75,39.25,267.5,0.14672897196261683,0.1485981308411215,0.19813084112149532,-0.17570093457943925,78.5,27156.0,26888.75,94563,94676,26849.25,2025-10-30
A1_k1_spike_nearest,-1,2025-10-30 15:20:00+00:00,2025-10-30 15:22:00+00:00,26832.25,27156.5,2025-10-30 15:41:00+00:00,target,97.0,96.5,324.25,0.29760986892829605,0.2991518889745567,0.31765612952968386,-0.005397070161912105,193.0,27156.0,26832.0,94563,94700,26735.25,2025-10-30
A1_k1_spike_nearest,1,2025-10-31 13:30:00+00:00,2025-10-31 13:30:00+00:00,26936.5,26609.0,2025-10-31 16:00:00+00:00,time,-128.0,-128.75,327.5,-0.3931297709923664,-0.39083969465648855,0.059541984732824425,-0.500763358778626,-257.5,26609.5,26936.75,94758,94929,26987.25,2025-10-31
A1_k1_spike_nearest,-1,2025-11-03 14:30:00+00:00,2025-11-03 14:30:00+00:00,27009.5,27030.0,2025-11-03 14:41:00+00:00,target,87.5,87.0,20.5,4.2439024390243905,4.2682926829268295,4.2926829268292686,-0.6219512195121951,174.0,27029.5,27009.25,94942,95226,26922.0,2025-11-03
A1_k1_spike_nearest,1,2025-11-03 14:30:00+00:00,2025-11-03 14:50:00+00:00,26888.5,26643.75,2025-11-03 17:00:00+00:00,time,-12.75,-13.5,244.75,-0.05515832482124617,-0.05209397344228805,0.11031664964249234,-0.48723186925434114,-27.0,26644.25,26888.75,95005,95189,27009.25,2025-11-03
A1_k1_spike_nearest,-1,2025-11-04 14:30:00+00:00,2025-11-04 14:31:00+00:00,26508.25,27022.75,2025-11-04 14:33:00+00:00,target,68.5,68.0,514.5,0.13216715257531583,0.13313896987366375,0.1554907677356657,-0.01020408163265306,136.0,27022.25,26508.0,95232,95505,26439.75,2025-11-04
A1_k1_spike_nearest,-1,2025-11-04 14:40:00+00:00,2025-11-04 14:41:00+00:00,26513.75,27022.75,2025-11-04 17:00:00+00:00,time,0.75,0.0,509.0,0.0,0.0014734774066797642,0.07367387033398821,-0.2681728880157171,0.0,27022.25,26513.5,95232,95508,26419.5,2025-11-04
A1_k1_spike_nearest,1,2025-11-05 14:30:00+00:00,2025-11-05 14:34:00+00:00,26264.5,26159.75,2025-11-05 14:47:00+00:00,target,80.75,80.25,104.75,0.766109785202864,0.7708830548926014,0.8926014319809069,-0.19331742243436753,160.5,26160.25,26264.75,95742,95768,26345.25,2025-11-05
A1_k1_spike_nearest,-1,2025-11-05 14:30:00+00:00,2025-11-05 14:53:00+00:00,26399.75,26787.75,2025-11-05 17:00:00+00:00,time,-130.75,-131.5,388.0,-0.3389175257731959,-0.33698453608247425,0.06378865979381443,-0.3756443298969072,-263.0,26787.25,26399.5,95351,95583,26264.75,2025-11-05
A1_k1_spike_nearest,1,2025-11-06 14:30:00+00:00,2025-11-06 14:30:00+00:00,26419.75,26159.75,2025-11-06 15:36:00+00:00,stop,-260.0,-260.75,260.0,-1.0028846153846154,-1.0,0.08269230769230769,-1.0846153846153845,-521.5,26160.25,26420.0,95742,95993,26580.25,2025-11-06
A1_k1_spike_nearest,1,2025-11-07 14:30:00+00:00,2025-11-07 14:30:00+00:00,25822.75,25818.0,2025-11-07 14:30:00+00:00,stop,-4.75,-5.5,4.75,-1.1578947368421053,-1.0,9.526315789473685,-4.368421052631579,-11.0,25818.5,25823.0,96316,96326,25880.75,2025-11-07
A1_k1_spike_nearest,1,2025-11-07 15:30:00+00:00,2025-11-07 15:31:00+00:00,25709.5,25637.75,2025-11-07 15:41:00+00:00,stop,-71.75,-72.5,71.75,-1.0104529616724738,-1.0,0.3832752613240418,-1.083623693379791,-145.0,25638.25,25709.75,96343,96346,25801.5,2025-11-07
A1_k1_spike_nearest,-1,2025-11-10 14:30:00+00:00,2025-11-10 14:30:00+00:00,26304.25,26317.0,2025-11-10 14:30:00+00:00,stop,-12.75,-13.5,12.75,-1.0588235294117647,-1.0,1.8627450980392157,-1.6470588235294117,-27.0,26316.5,26304.0,96605,96608,26278.0,2025-11-10
A1_k1_spike_nearest,1,2025-11-10 15:25:00+00:00,2025-11-10 15:47:00+00:00,26366.75,25465.0,2025-11-10 17:00:00+00:00,time,-88.75,-89.5,901.75,-0.09925145550318824,-0.09841973939561963,0.0199611865816468,-0.1752148599944552,-179.0,25465.5,26367.0,96367,96621,26419.0,2025-11-10
A1_k1_spike_nearest,-1,2025-11-11 14:30:00+00:00,2025-11-11 14:32:00+00:00,26383.75,26525.75,2025-11-11 14:49:00+00:00,target,43.5,43.0,142.0,0.3028169014084507,0.30633802816901406,0.3503521126760563,-0.13204225352112675,86.0,26525.25,26383.5,96714,96886,26340.25,2025-11-11
A1_k1_spike_nearest,1,2025-11-11 14:30:00+00:00,2025-11-11 14:50:00+00:00,26328.75,26024.75,2025-11-11 17:00:00+00:00,time,-62.0,-62.75,304.0,-0.20641447368421054,-0.20394736842105263,0.2080592105263158,-0.30838815789473684,-125.5,26025.25,26329.0,96439,96875,26395.5,2025-11-11
A1_k1_spike_nearest,1,2025-11-12 14:30:00+00:00,2025-11-12 14:30:00+00:00,26525.25,26234.5,2025-11-12 17:00:00+00:00,time,-236.5,-237.25,290.75,-0.8159931212381771,-0.8134135855546002,0.040412725709372314,-0.9630266552020637,-474.5,26235.0,26525.5,96912,97143,26566.25,2025-11-12
A1_k1_spike_nearest,-1,2025-11-13 15:05:00+00:00,2025-11-13 15:08:00+00:00,26174.75,26587.5,2025-11-13 15:45:00+00:00,target,137.5,137.0,412.75,0.3319200484554815,0.3331314354936402,0.3858267716535433,-0.19079345850999394,274.0,26587.0,26174.5,97110,97445,26037.25,2025-11-13
A1_k1_spike_nearest,-1,2025-11-14 14:30:00+00:00,2025-11-14 14:36:00+00:00,25540.25,26478.75,2025-11-14 17:00:00+00:00,time,-464.0,-464.75,938.5,-0.4952051145444859,-0.49440596696856687,0.08098028769312733,-0.5159829515183804,-929.5,26478.25,25540.0,97356,97691,25477.25,2025-11-14
A1_k1_spike_nearest,1,2025-11-17 14:30:00+00:00,2025-11-17 14:30:00+00:00,25754.25,25382.0,2025-11-17 14:33:00+00:00,target,69.75,81.5,372.25,0.21893888515782403,0.18737407656145064,0.22968435191403627,-0.11417058428475486,163.0,25382.5,25766.75,97716,97984,25836.25,2025-11-17
A1_k1_spike_nearest,-1,2025-11-17 14:30:00+00:00,2025-11-17 14:35:00+00:00,25863.0,26119.0,2025-11-17 16:06:00+00:00,target,91.75,91.25,256.0,0.3564453125,0.3583984375,0.376953125,-0.5791015625,182.5,26118.5,25862.75,97925,97979,25771.25,2025-11-17
A1_k1_spike_nearest,1,2025-11-17 14:40:00+00:00,2025-11-17 16:16:00+00:00,25711.5,25382.0,2025-11-17 17:00:00+00:00,time,241.25,240.5,329.5,0.7298937784522003,0.7321699544764795,0.7465857359635811,-0.03490136570561457,481.0,25382.5,25711.75,97716,97992,25984.25,2025-11-17
A1_k1_spike_nearest,1,2025-11-18 14:30:00+00:00,2025-11-18 14:30:00+00:00,25462.75,25359.75,2025-11-18 14:32:00+00:00,target,60.25,59.75,103.0,0.5800970873786407,0.5849514563106796,0.8883495145631068,-0.4053398058252427,119.5,25360.25,25463.0,98179,98254,25523.0,2025-11-18
A1_k1_spike_nearest,-1,2025-11-18 14:30:00+00:00,2025-11-18 14:33:00+00:00,25572.75,26119.0,2025-11-18 14:40:00+00:00,target,103.0,102.5,546.25,0.18764302059496568,0.188558352402746,0.19359267734553776,-0.028832951945080093,205.0,26118.5,25572.5,97925,98230,25469.75,2025-11-18
A1_k1_spike_nearest,1,2025-11-18 14:30:00+00:00,2025-11-18 14:43:00+00:00,25415.5,25359.75,2025-11-18 14:50:00+00:00,stop,-55.75,-56.5,55.75,-1.0134529147982063,-1.0,1.4260089686098654,-1.1524663677130045,-113.0,25360.25,25415.75,98179,98249,25523.0,2025-11-18
A1_k1_spike_nearest,-1,2025-11-18 15:20:00+00:00,2025-11-18 15:21:00+00:00,25328.25,26119.0,2025-11-18 16:01:00+00:00,target,141.75,141.25,790.75,0.17862788491938034,0.17926019601644008,0.22605121719886184,-0.04868795447360101,282.5,26118.5,25328.0,97925,98276,25186.5,2025-11-18
A1_k1_spike_nearest,-1,2025-11-18 15:50:00+00:00,2025-11-18 16:11:00+00:00,25297.0,26119.0,2025-11-18 17:00:00+00:00,time,-113.0,-113.75,822.0,-0.13838199513381996,-0.13746958637469586,0.06326034063260341,-0.19130170316301703,-227.5,26118.5,25296.75,97925,98282,25207.5,2025-11-18
A1_k1_spike_nearest,1,2025-11-19 14:30:00+00:00,2025-11-19 14:30:00+00:00,25367.25,25136.0,2025-11-19 14:36:00+00:00,target,62.0,66.75,231.25,0.28864864864864864,0.2681081081081081,0.3481081081081081,-0.1643243243243243,133.5,25136.5,25372.75,98286,98482,25434.5,2025-11-19
A1_k1_spike_nearest,-1,2025-11-19 14:30:00+00:00,2025-11-19 14:42:00+00:00,25466.5,25716.75,2025-11-19 15:15:00+00:00,stop,-250.25,-251.0,250.25,-1.002997002997003,-1.0,0.04595404595404595,-1.054945054945055,-502.0,25716.25,25466.25,98115,98532,25377.5,2025-11-19
A1_k1_spike_nearest,1,2025-11-19 15:30:00+00:00,2025-11-19 15:31:00+00:00,25686.75,25136.0,2025-11-19 17:00:00+00:00,time,-215.5,-216.25,550.75,-0.3926463912846119,-0.39128461189287334,0.05220154334997731,-0.5152065365410804,-432.5,25136.5,25687.0,98286,98554,25744.5,2025-11-19
A1_k1_spike_nearest,1,2025-11-20 14:30:00+00:00,2025-11-20 14:30:00+00:00,25924.25,25264.0,2025-11-20 14:48:00+00:00,target,97.25,96.75,660.25,0.1465354032563423,0.1472926921620598,0.151836425596365,-0.03445664521014767,193.5,25264.5,25924.5,98582,98810,26021.5,2025-11-20
A1_k1_spike_nearest,1,2025-11-20 14:30:00+00:00,2025-11-20 16:00:00+00:00,25875.25,25264.0,2025-11-20 17:00:00+00:00,time,-565.0,-565.75,611.25,-0.9255623721881391,-0.9243353783231084,0.07648261758691206,-0.9930470347648261,-1131.5,25264.5,25875.5,98582,98807,26021.5,2025-11-20
A1_k1_spike_nearest,-1,2025-11-21 14:30:00+00:00,2025-11-21 14:30:00+00:00,25034.75,26067.0,2025-11-21 14:45:00+00:00,target,134.25,133.75,1032.25,0.1295713247759748,0.13005570356018406,0.13054008234439332,-0.0016953257447323807,267.5,26066.5,25034.5,98833,99086,24900.5,2025-11-21
A1_k1_spike_nearest,-1,2025-11-21 14:30:00+00:00,2025-11-21 14:54:00+00:00,25048.5,26067.0,2025-11-21 15:01:00+00:00,target,148.0,147.5,1018.5,0.14482081492390772,0.14531173294059893,0.16764850270004908,-0.006136475208640157,295.0,26066.5,25048.25,98833,99082,24900.5,2025-11-21
A1_k1_spike_nearest,1,2025-11-21 14:55:00+00:00,2025-11-21 15:02:00+00:00,24857.25,24708.5,2025-11-21 15:36:00+00:00,stop,-148.75,-149.5,148.75,-1.0050420168067227,-1.0,0.8302521008403362,-1.0554621848739496,-299.0,24709.0,24857.5,99070,99099,25068.25,2025-11-21
A1_k1_spike_nearest,-1,2025-11-21 15:55:00+00:00,2025-11-21 16:22:00+00:00,24862.75,26067.0,2025-11-21 17:00:00+00:00,time,-265.75,-266.5,1204.25,-0.2212995640440108,-0.22067676977371808,0.015362258667220262,-0.23022628191820635,-533.0,26066.5,24862.5,98833,99111,24683.75,2025-11-21
A1_k1_spike_nearest,-1,2025-11-24 14:30:00+00:00,2025-11-24 14:31:00+00:00,25340.0,25353.5,2025-11-24 14:32:00+00:00,stop,-13.5,-14.25,13.5,-1.0555555555555556,-1.0,3.0,-4.166666666666667,-28.5,25353.0,25339.75,99155,99158,25247.5,2025-11-24
A1_k1_spike_nearest,1,2025-11-24 14:50:00+00:00,2025-11-24 14:50:00+00:00,25365.5,24683.25,2025-11-24 15:02:00+00:00,target,113.25,112.75,682.25,0.16526200073286917,0.16599486991572004,0.18834737999267132,-0.043605716379626236,225.5,24683.75,25365.75,99109,99374,25478.75,2025-11-24
A1_k1_spike_nearest,-1,2025-11-24 15:25:00+00:00,2025-11-24 15:28:00+00:00,25508.0,25526.5,2025-11-24 15:35:00+00:00,stop,-18.5,-19.25,18.5,-1.0405405405405406,-1.0,2.22972972972973,-1.2432432432432432,-38.5,25526.0,25507.75,99379,99381,25420.5,2025-11-24
A1_k1_spike_nearest,-1,2025-11-25 14:30:00+00:00,2025-11-25 14:30:00+00:00,25631.0,25743.75,2025-11-25 14:31:00+00:00,target,27.25,44.5,112.75,0.3946784922394678,0.24168514412416853,0.5055432372505543,-0.06651884700665188,89.0,25743.25,25630.75,99471,99644,25603.75,2025-11-25
A1_k1_spike_nearest,1,2025-11-25 14:40:00+00:00,2025-11-25 14:40:00+00:00,25573.75,25117.25,2025-11-25 16:22:00+00:00,target,64.75,64.25,456.5,0.14074479737130338,0.14184008762322015,0.14403066812705367,-0.4715224534501643,128.5,25117.75,25574.0,99325,99648,25638.5,2025-11-25
A1_k1_spike_nearest,1,2025-11-26 14:45:00+00:00,2025-11-26 14:58:00+00:00,25945.5,25358.0,2025-11-26 15:59:00+00:00,target,82.0,81.5,587.5,0.13872340425531915,0.13957446808510637,0.14042553191489363,-0.09234042553191489,163.0,25358.5,25945.75,99652,99925,26027.5,2025-11-26
A1_k1_spike_nearest,-1,2025-11-27 14:30:00+00:00,2025-11-27 14:30:00+00:00,26067.0,26132.5,2025-11-27 14:40:00+00:00,target,21.75,21.25,65.5,0.3244274809160305,0.3320610687022901,0.35877862595419846,-0.11450381679389313,42.5,26132.0,26066.75,99950,100198,26045.25,2025-11-27
A1_k1_spike_nearest,1,2025-11-27 15:45:00+00:00,2025-11-27 16:03:00+00:00,26046.25,25874.75,2025-11-27 17:00:00+00:00,time,6.75,6.0,171.5,0.03498542274052478,0.03935860058309038,0.08600583090379009,-0.023323615160349854,12.0,25875.25,26046.5,99897,100213,26064.25,2025-11-27
A1_k1_spike_nearest,-1,2025-11-28 14:30:00+00:00,2025-11-28 14:32:00+00:00,26144.75,26177.0,2025-11-28 14:37:00+00:00,stop,-32.25,-33.0,32.25,-1.0232558139534884,-1.0,0.751937984496124,-1.0310077519379846,-66.0,26176.5,26144.5,100287,100294,26097.5,2025-11-28
A1_k1_spike_nearest,1,2025-11-28 14:30:00+00:00,2025-11-28 14:41:00+00:00,26087.25,26041.75,2025-11-28 14:49:00+00:00,target,57.25,56.75,45.5,1.2472527472527473,1.2582417582417582,1.4175824175824177,-0.027472527472527472,113.5,26042.25,26087.5,100218,100263,26144.5,2025-11-28
A1_k1_spike_nearest,-1,2025-11-28 15:00:00+00:00,2025-11-28 15:21:00+00:00,26155.75,26178.5,2025-11-28 16:06:00+00:00,stop,-22.75,-23.5,22.75,-1.032967032967033,-1.0,1.879120879120879,-1.2857142857142858,-47.0,26178.0,26155.5,100300,100303,26086.0,2025-11-28
A1_k1_spike_nearest,1,2025-11-28 16:05:00+00:00,2025-11-28 16:26:00+00:00,26151.5,26041.75,2025-11-28 16:51:00+00:00,target,26.0,25.5,109.75,0.23234624145785876,0.23690205011389523,0.24829157175398633,-0.2505694760820046,51.0,26042.25,26151.75,100218,100316,26177.5,2025-11-28
A1_k1_spike_nearest,1,2025-12-01 14:30:00+00:00,2025-12-01 14:32:00+00:00,25991.0,25966.75,2025-12-01 14:35:00+00:00,target,65.25,64.75,24.25,2.670103092783505,2.6907216494845363,2.9381443298969074,-0.020618556701030927,129.5,25967.25,25991.25,100510,100518,26056.25,2025-12-01
A1_k1_spike_nearest,-1,2025-12-01 14:30:00+00:00,2025-12-01 14:37:00+00:00,26064.25,26299.25,2025-12-01 14:41:00+00:00,target,68.5,68.0,235.0,0.28936170212765955,0.29148936170212764,0.3414893617021277,-0.05106382978723404,136.0,26298.75,26064.0,100344,100500,25995.75,2025-12-01
A1_k1_spike_nearest,1,2025-12-01 14:30:00+00:00,2025-12-01 14:43:00+00:00,25970.25,25966.75,2025-12-01 14:43:00+00:00,stop,-3.5,-4.25,3.5,-1.2142857142857142,-1.0,10.0,-1.3571428571428572,-8.5,25967.25,25970.5,100510,100512,26056.25,2025-12-01
A1_k1_spike_nearest,-1,2025-12-01 14:30:00+00:00,2025-12-01 14:48:00+00:00,26076.5,26299.25,2025-12-01 17:00:00+00:00,time,-114.75,-115.5,222.75,-0.5185185185185185,-0.5151515151515151,0.24130190796857465,-0.5869809203142536,-231.0,26298.75,26076.25,100344,100491,25995.75,2025-12-01
A1_k1_spike_nearest,1,2025-12-02 14:30:00+00:00,2025-12-02 14:30:00+00:00,26237.25,25965.0,2025-12-02 14:33:00+00:00,target,42.25,41.75,272.25,0.15335169880624427,0.155188246097337,0.16988062442607896,-0.03489439853076217,83.5,25965.5,26237.5,100532,100798,26279.5,2025-12-02
A1_k1_spike_nearest,-1,2025-12-02 15:00:00+00:00,2025-12-02 15:00:00+00:00,26366.75,26370.0,2025-12-02 15:00:00+00:00,stop,-3.25,-4.0,3.25,-1.2307692307692308,-1.0,4.6923076923076925,-5.3076923076923075,-8.0,26369.5,26366.5,100808,100810,26318.5,2025-12-02
A1_k1_spike_nearest,-1,2025-12-02 15:25:00+00:00,2025-12-02 15:25:00+00:00,26401.0,26411.25,2025-12-02 15:28:00+00:00,target,41.5,41.0,10.25,4.0,4.048780487804878,6.975609756097561,-0.2682926829268293,82.0,26410.75,26400.75,100813,100815,26359.5,2025-12-02
A1_k1_spike_nearest,1,2025-12-02 15:00:00+00:00,2025-12-02 15:30:00+00:00,26318.25,25965.0,2025-12-02 15:42:00+00:00,target,48.25,47.75,353.25,0.13517338995046002,0.13658881811748053,0.16418966737438076,-0.09554140127388536,95.5,25965.5,26318.5,100532,100810,26366.5,2025-12-02
A1_k1_spike_nearest,-1,2025-12-02 15:35:00+00:00,2025-12-02 15:48:00+00:00,26404.0,26411.25,2025-12-02 15:50:00+00:00,stop,-7.25,-8.0,7.25,-1.103448275862069,-1.0,1.5517241379310345,-2.413793103448276,-16.0,26410.75,26403.75,100813,100817,26227.75,2025-12-02
A1_k1_spike_nearest,1,2025-12-02 15:40:00+00:00,2025-12-02 16:14:00+00:00,26284.25,25965.0,2025-12-02 17:00:00+00:00,time,-18.5,-19.25,319.25,-0.060297572435395456,-0.05794831636648395,0.08144087705559906,-0.3570869224745497,-38.5,25965.5,26284.5,100532,100818,26403.75,2025-12-02
A1_k1_spike_nearest,-1,2025-12-03 14:30:00+00:00,2025-12-03 14:30:00+00:00,26251.5,26435.5,2025-12-03 17:00:00+00:00,time,-77.5,-66.5,184.0,-0.36141304347826086,-0.421195652173913,0.3532608695652174,-0.6956521739130435,-133.0,26435.0,26239.5,100971,101079,26177.25,2025-12-03
A1_k1_spike_nearest,1,2025-12-04 14:30:00+00:00,2025-12-04 14:33:00+00:00,26374.75,26176.75,2025-12-04 17:00:00+00:00,time,23.5,22.75,198.0,0.1148989898989899,0.11868686868686869,0.26136363636363635,-0.5707070707070707,45.5,26177.25,26375.0,101078,101350,26489.0,2025-12-04
A1_k1_spike_nearest,-1,2025-12-05 14:30:00+00:00,2025-12-05 14:30:00+00:00,26492.75,26512.5,2025-12-05 14:31:00+00:00,stop,-19.75,-20.5,19.75,-1.0379746835443038,-1.0,3.0253164556962027,-1.860759493670886,-41.0,26512.0,26492.5,101560,101569,26335.5,2025-12-05
A1_k1_spike_nearest,1,2025-12-05 15:35:00+00:00,2025-12-05 15:40:00+00:00,26583.25,26243.0,2025-12-05 17:00:00+00:00,time,-97.0,-97.75,340.25,-0.2872887582659809,-0.28508449669360764,0.0440852314474651,-0.5165319617927994,-195.5,26243.5,26583.5,101416,101645,26624.25,2025-12-05
A1_k1_spike_nearest,1,2025-12-08 14:30:00+00:00,2025-12-08 14:30:00+00:00,26541.0,26407.0,2025-12-08 14:31:00+00:00,target,39.5,39.25,134.0,0.292910447761194,0.2947761194029851,0.503731343283582,-0.04664179104477612,78.5,26407.5,26541.25,101658,101898,26580.5,2025-12-08
A1_k1_spike_nearest,1,2025-12-08 14:40:00+00:00,2025-12-08 14:42:00+00:00,26534.5,26407.0,2025-12-08 15:56:00+00:00,stop,-127.5,-128.25,127.5,-1.0058823529411764,-1.0,0.3843137254901961,-1.003921568627451,-256.5,26407.5,26534.75,101658,101910,26617.25,2025-12-08
A1_k1_spike_nearest,-1,2025-12-08 16:20:00+00:00,2025-12-08 16:23:00+00:00,26423.0,26617.75,2025-12-08 17:00:00+00:00,time,26.5,25.75,194.75,0.13222079589216945,0.13607188703465983,0.2593068035943517,-0.023106546854942234,51.5,26617.25,26422.75,101910,101930,26335.5,2025-12-08
A1_k1_spike_nearest,-1,2025-12-09 14:30:00+00:00,2025-12-09 14:30:00+00:00,26382.25,26617.75,2025-12-09 14:31:00+00:00,target,35.75,35.25,235.5,0.14968152866242038,0.15180467091295116,0.2505307855626327,-0.05626326963906582,70.5,26617.25,26382.0,101910,102180,26346.5,2025-12-09
A1_k1_spike_nearest,-1,2025-12-09 14:30:00+00:00,2025-12-09 14:39:00+00:00,26396.0,26617.75,2025-12-09 17:00:00+00:00,time,-69.0,-69.75,221.75,-0.314543404735062,-0.3111612175873732,0.19729425028184894,-0.3438556933483653,-139.5,26617.25,26395.75,101910,102177,26346.5,2025-12-09
A1_k1_spike_nearest,1,2025-12-10 14:30:00+00:00,2025-12-10 14:30:00+00:00,26398.75,26316.0,2025-12-10 14:47:00+00:00,target,26.5,26.0,82.75,0.31419939577039274,0.3202416918429003,0.3716012084592145,-0.9093655589123867,52.0,26316.5,26399.0,102186,102459,26425.25,2025-12-10
A1_k1_spike_nearest,-1,2025-12-10 15:15:00+00:00,2025-12-10 15:19:00+00:00,26408.5,26503.25,2025-12-10 15:36:00+00:00,target,64.5,64.0,94.75,0.6754617414248021,0.6807387862796834,0.7203166226912929,-0.05013192612137203,128.0,26502.75,26408.25,102386,102469,26344.0,2025-12-10
A1_k1_spike_nearest,1,2025-12-10 14:45:00+00:00,2025-12-10 15:40:00+00:00,26323.25,26316.0,2025-12-10 15:55:00+00:00,stop,-7.25,-8.0,7.25,-1.103448275862069,-1.0,8.310344827586206,-2.2758620689655173,-16.0,26316.5,26323.5,102186,102463,26423.5,2025-12-10
A1_k1_spike_nearest,1,2025-12-11 14:30:00+00:00,2025-12-11 14:30:00+00:00,26345.25,26138.0,2025-12-11 17:00:00+00:00,time,-88.0,-88.75,207.25,-0.428226779252111,-0.42460796139927626,0.2943305186972256,-0.9577804583835947,-177.5,26138.5,26345.5,102601,102691,26441.0,2025-12-11
A1_k1_spike_nearest,1,2025-12-12 14:30:00+00:00,2025-12-12 14:30:00+00:00,26288.5,26138.0,2025-12-12 15:24:00+00:00,stop,-150.5,-151.25,150.5,-1.004983388704319,-1.0,0.5880398671096345,-1.0664451827242525,-302.5,26138.5,26288.75,102601,102982,26389.0,2025-12-12
A1_k1_spike_nearest,-1,2025-12-15 14:30:00+00:00,2025-12-15 14:30:00+00:00,26164.5,26461.5,2025-12-15 14:33:00+00:00,target,27.75,37.0,297.0,0.12457912457912458,0.09343434343434344,0.234006734006734,-0.006734006734006734,74.0,26461.0,26154.5,102917,103287,26127.0,2025-12-15
A1_k1_spike_nearest,1,2025-12-15 14:30:00+00:00,2025-12-15 14:34:00+00:00,26073.0,25873.75,2025-12-15 15:24:00+00:00,stop,-199.25,-200.0,199.25,-1.0037641154328734,-1.0,0.26348808030112925,-1.1969887076537014,-400.0,25874.25,26073.25,103039,103236,26154.5,2025-12-15
A1_k1_spike_nearest,-1,2025-12-15 15:55:00+00:00,2025-12-15 16:15:00+00:00,25954.0,26461.5,2025-12-15 17:00:00+00:00,time,34.0,33.25,507.5,0.06551724137931035,0.06699507389162561,0.15517241379310345,-0.13645320197044336,66.5,26461.0,25953.75,102917,103305,25833.5,2025-12-15
A1_k1_spike_nearest,-1,2025-12-16 14:30:00+00:00,2025-12-16 14:30:00+00:00,25804.0,26167.0,2025-12-16 14:41:00+00:00,target,38.0,37.5,363.0,0.10330578512396695,0.1046831955922865,0.22451790633608815,-0.162534435261708,75.0,26166.5,25803.75,103290,103563,25766.0,2025-12-16
A1_k1_spike_nearest,1,2025-12-16 14:40:00+00:00,2025-12-16 14:46:00+00:00,25722.25,25582.0,2025-12-16 14:51:00+00:00,target,169.25,168.75,140.25,1.2032085561497325,1.2067736185383244,1.2994652406417113,-0.0374331550802139,337.5,25582.5,25722.5,103484,103566,25891.5,2025-12-16
A1_k1_spike_nearest,-1,2025-12-16 14:30:00+00:00,2025-12-16 15:00:00+00:00,25915.0,26167.0,2025-12-16 15:22:00+00:00,target,149.0,148.5,252.0,0.5892857142857143,0.5912698412698413,0.6468253968253969,-0.023809523809523808,297.0,26166.5,25914.75,103290,103348,25766.0,2025-12-16
A1_k1_spike_nearest,1,2025-12-16 14:55:00+00:00,2025-12-16 15:25:00+00:00,25716.75,25582.0,2025-12-16 17:00:00+00:00,time,132.0,131.25,134.75,0.974025974025974,0.9795918367346939,1.044526901669759,-0.17625231910946196,262.5,25582.5,25717.0,103484,103569,25914.0,2025-12-16
A1_k1_spike_nearest,1,2025-12-17 14:30:00+00:00,2025-12-17 14:30:00+00:00,25937.75,25582.0,2025-12-17 15:55:00+00:00,stop,-356.25,-356.5,355.75,-1.0021082220660575,-1.0014054813773718,0.06886858749121574,-1.028109627547435,-713.0,25582.5,25938.5,103484,103832,26008.5,2025-12-17
A1_k1_spike_nearest,-1,2025-12-18 14:30:00+00:00,2025-12-18 14:30:00+00:00,25806.5,26023.0,2025-12-18 14:35:00+00:00,target,26.25,30.5,216.5,0.14087759815242495,0.12124711316397228,0.1789838337182448,-0.23325635103926096,61.0,26022.5,25801.5,103822,104114,25775.5,2025-12-18
A1_k1_spike_nearest,1,2025-12-18 14:30:00+00:00,2025-12-18 14:39:00+00:00,25740.5,25414.75,2025-12-18 14:57:00+00:00,target,61.0,60.5,325.75,0.18572524942440521,0.18726016884113583,0.18956254796623176,-0.16039907904834996,121.0,25415.25,25740.75,103919,104111,25801.5,2025-12-18
A1_k1_spike_nearest,-1,2025-12-18 15:10:00+00:00,2025-12-18 15:26:00+00:00,25828.75,26023.0,2025-12-18 17:00:00+00:00,time,-85.25,-86.0,194.25,-0.44272844272844275,-0.43886743886743884,0.09523809523809523,-0.5958815958815958,-172.0,26022.5,25828.5,103822,104124,25688.25,2025-12-18
A1_k1_spike_nearest,-1,2025-12-19 14:30:00+00:00,2025-12-19 14:30:00+00:00,25921.25,25945.0,2025-12-19 14:31:00+00:00,stop,-23.75,-24.5,23.75,-1.0315789473684212,-1.0,1.5789473684210527,-1.5368421052631578,-49.0,25944.5,25921.0,104138,104334,25825.75,2025-12-19
A1_k1_spike_nearest,1,2025-12-19 15:10:00+00:00,2025-12-19 15:15:00+00:00,26051.25,25480.75,2025-12-19 17:00:00+00:00,time,-18.25,-19.0,570.5,-0.033304119193689745,-0.031989482909728306,0.07230499561787905,-0.11218229623137599,-38.0,25481.25,26051.5,104027,104399,26128.5,2025-12-19
A1_k1_spike_nearest,1,2025-12-22 14:40:00+00:00,2025-12-22 14:42:00+00:00,26200.25,25738.75,2025-12-22 17:00:00+00:00,time,42.0,41.25,461.5,0.08938244853737812,0.09100758396533044,0.18580715059588299,-0.09371614301191766,82.5,25739.25,26200.5,104238,104567,26322.5,2025-12-22
A1_k1_spike_nearest,-1,2025-12-23 14:30:00+00:00,2025-12-23 14:30:00+00:00,26239.0,26266.5,2025-12-23 14:45:00+00:00,stop,-27.5,-28.25,27.5,-1.0272727272727273,-1.0,2.672727272727273,-1.0545454545454545,-56.5,26266.0,26238.75,104799,104900,26136.5,2025-12-23
A1_k1_spike_nearest,1,2025-12-23 14:50:00+00:00,2025-12-23 14:56:00+00:00,26219.25,26135.5,2025-12-23 16:45:00+00:00,target,66.75,66.25,83.75,0.7910447761194029,0.7970149253731343,0.8298507462686567,-0.7701492537313432,132.5,26136.0,26219.5,104935,104948,26286.0,2025-12-23
A1_k1_spike_nearest,-1,2025-12-24 14:30:00+00:00,2025-12-24 14:30:00+00:00,26349.5,26359.75,2025-12-24 14:31:00+00:00,target,14.25,17.5,10.25,1.7073170731707317,1.3902439024390243,3.926829268292683,-0.5365853658536586,35.0,26359.25,26349.25,105214,105218,26335.25,2025-12-24
A1_k1_spike_nearest,-1,2025-12-24 14:40:00+00:00,2025-12-24 15:10:00+00:00,26355.25,26359.75,2025-12-24 15:13:00+00:00,stop,-4.5,-5.25,4.5,-1.1666666666666667,-1.0,1.6111111111111112,-2.2222222222222223,-10.5,26359.25,26355.0,105214,105222,26309.25,2025-12-24
A1_k1_spike_nearest,-1,2025-12-24 16:00:00+00:00,2025-12-24 16:04:00+00:00,26360.75,26369.0,2025-12-24 16:09:00+00:00,stop,-8.25,-9.0,8.25,-1.0909090909090908,-1.0,0.6060606060606061,-1.121212121212121,-18.0,26368.5,26360.5,105231,105238,26345.25,2025-12-24
A1_k1_spike_nearest,1,2025-12-26 14:30:00+00:00,2025-12-26 14:30:00+00:00,26408.25,26307.25,2025-12-26 14:33:00+00:00,target,30.5,30.0,101.0,0.297029702970297,0.30198019801980197,0.3094059405940594,-0.1608910891089109,60.0,26307.75,26408.5,105112,105429,26438.75,2025-12-26
A1_k1_spike_nearest,1,2025-12-26 14:30:00+00:00,2025-12-26 15:01:00+00:00,26373.5,26307.25,2025-12-26 17:00:00+00:00,time,27.25,26.5,66.25,0.4,0.41132075471698115,0.9811320754716981,-0.17735849056603772,53.0,26307.75,26373.75,105112,105386,26438.75,2025-12-26
A1_k1_spike_nearest,-1,2025-12-29 14:30:00+00:00,2025-12-29 14:30:00+00:00,26234.5,26424.0,2025-12-29 17:00:00+00:00,time,6.75,10.25,189.5,0.05408970976253298,0.03562005277044855,0.24010554089709762,-0.5897097625329816,20.5,26423.5,26230.0,105518,105723,26183.5,2025-12-29
A1_k1_spike_nearest,1,2025-12-30 14:30:00+00:00,2025-12-30 14:30:00+00:00,26218.25,26174.75,2025-12-30 14:50:00+00:00,target,54.25,53.75,43.5,1.235632183908046,1.2471264367816093,1.3505747126436782,-0.39655172413793105,107.5,26175.25,26218.5,105764,105997,26272.5,2025-12-30
A1_k1_spike_nearest,-1,2025-12-30 14:30:00+00:00,2025-12-30 14:56:00+00:00,26293.75,26421.5,2025-12-30 15:13:00+00:00,target,75.25,74.75,127.75,0.5851272015655578,0.589041095890411,0.6477495107632094,-0.06653620352250489,149.5,26421.0,26293.5,105566,105798,26218.5,2025-12-30
A1_k1_spike_nearest,1,2025-12-30 15:20:00+00:00,2025-12-30 15:43:00+00:00,26210.75,26174.75,2025-12-30 16:20:00+00:00,target,91.5,91.0,36.0,2.5277777777777777,2.5416666666666665,2.736111111111111,-0.1388888888888889,182.0,26175.25,26211.0,105764,106013,26302.25,2025-12-30
A1_k1_spike_nearest,1,2025-12-31 14:30:00+00:00,2025-12-31 14:30:00+00:00,26206.5,26087.75,2025-12-31 15:55:00+00:00,stop,-132.25,-119.5,118.75,-1.0063157894736843,-1.1136842105263158,0.11157894736842106,-1.12,-239.0,26088.25,26220.25,106227,106278,26245.75,2025-12-31
A1_k1_spike_nearest,-1,2025-12-31 16:15:00+00:00,2025-12-31 16:15:00+00:00,26096.75,26322.0,2025-12-31 17:00:00+00:00,time,-36.0,-36.75,225.25,-0.16315205327413984,-0.1598224195338513,0.03107658157602664,-0.16981132075471697,-73.5,26321.5,26096.5,106027,106300,26070.0,2025-12-31
A1_k1_spike_nearest,-1,2026-01-02 14:30:00+00:00,2026-01-02 14:30:00+00:00,26238.75,26272.0,2026-01-02 14:47:00+00:00,stop,-33.25,-34.0,33.25,-1.0225563909774436,-1.0,2.2030075187969924,-1.4736842105263157,-68.0,26271.5,26238.5,106515,106542,26154.5,2026-01-02
A1_k1_spike_nearest,1,2026-01-02 15:05:00+00:00,2026-01-02 15:05:00+00:00,26254.25,25953.5,2026-01-02 15:57:00+00:00,stop,-300.75,-301.5,300.75,-1.0024937655860349,-1.0,0.04821280133000831,-1.1313383208645054,-603.0,25954.0,26254.5,106370,106562,26331.0,2026-01-02
A1_k1_spike_nearest,-1,2026-01-02 16:25:00+00:00,2026-01-02 16:29:00+00:00,25933.25,26331.5,2026-01-02 17:00:00+00:00,time,64.25,63.5,398.25,0.15944758317639673,0.1613308223477715,0.256120527306968,-0.05398618957940992,127.0,26331.0,25933.0,106561,106578,25821.5,2026-01-02
A1_k1_spike_nearest,1,2026-01-05 14:30:00+00:00,2026-01-05 14:41:00+00:00,26068.25,25792.25,2026-01-05 17:00:00+00:00,time,118.0,117.25,276.0,0.42481884057971014,0.427536231884058,0.6059782608695652,-0.008152173913043478,234.5,25792.75,26068.5,106609,106823,26307.5,2026-01-05
A1_k1_spike_nearest,-1,2026-01-06 14:30:00+00:00,2026-01-06 14:30:00+00:00,26202.25,26236.0,2026-01-06 14:47:00+00:00,stop,-33.75,-34.5,33.75,-1.0222222222222221,-1.0,1.9555555555555555,-1.3111111111111111,-69.0,26235.5,26202.0,106861,107014,26126.25,2026-01-06
A1_k1_spike_nearest,1,2026-01-06 15:35:00+00:00,2026-01-06 15:41:00+00:00,26259.0,25942.25,2026-01-06 17:00:00+00:00,time,-35.75,-36.5,316.75,-0.11523283346487766,-0.11286503551696922,0.0473559589581689,-0.2920284135753749,-73.0,25942.75,26259.25,106656,107119,26306.25,2026-01-06
A1_k1_spike_nearest,-1,2026-01-07 14:30:00+00:00,2026-01-07 14:30:00+00:00,26327.5,26372.75,2026-01-07 14:41:00+00:00,stop,-45.25,-46.0,45.25,-1.0165745856353592,-1.0,0.6464088397790055,-1.419889502762431,-92.0,26372.25,26327.25,107199,107286,26289.0,2026-01-07
A1_k1_spike_nearest,1,2026-01-07 15:10:00+00:00,2026-01-07 15:39:00+00:00,26339.25,26054.0,2026-01-07 15:47:00+00:00,target,68.25,67.75,285.25,0.23751095530236635,0.2392638036809816,0.26555652936021035,-0.009640666082383873,135.5,26054.5,26339.5,107037,107391,26407.5,2026-01-07
A1_k1_spike_nearest,1,2026-01-08 14:30:00+00:00,2026-01-08 14:30:00+00:00,26273.75,26207.25,2026-01-08 14:38:00+00:00,stop,-66.5,-67.25,66.5,-1.0112781954887218,-1.0,0.849624060150376,-1.0263157894736843,-134.5,26207.75,26274.0,107571,107631,26338.5,2026-01-08
A1_k1_spike_nearest,-1,2026-01-08 15:15:00+00:00,2026-01-08 15:16:00+00:00,26210.25,26526.0,2026-01-08 17:00:00+00:00,time,11.5,10.75,315.75,0.034045922406967535,0.03642121931908155,0.31353919239904987,-0.09738717339667459,21.5,26525.5,26210.0,107423,107668,26097.0,2026-01-08
A1_k1_spike_nearest,1,2026-01-09 14:30:00+00:00,2026-01-09 14:30:00+00:00,26227.5,26096.5,2026-01-09 15:26:00+00:00,target,124.75,124.25,131.0,0.9484732824427481,0.9522900763358778,1.0038167938931297,-0.6431297709923665,248.5,26097.0,26227.75,107667,107935,26352.25,2026-01-09
A1_k1_spike_nearest,-1,2026-01-12 14:30:00+00:00,2026-01-12 14:30:00+00:00,26312.75,26514.0,2026-01-12 17:00:00+00:00,time,-175.5,-176.25,201.25,-0.8757763975155279,-0.8720496894409938,0.2062111801242236,-0.915527950310559,-352.5,26513.5,26312.5,108008,108060,26236.75,2026-01-12
A1_k1_spike_nearest,1,2026-01-13 14:30:00+00:00,2026-01-13 14:30:00+00:00,26471.75,26192.0,2026-01-13 17:00:00+00:00,time,64.25,63.5,279.75,0.22698838248436104,0.22966934763181412,0.3529937444146559,-0.4941912421805183,127.0,26192.5,26472.0,108153,108481,26573.75,2026-01-13
A1_k1_spike_nearest,1,2026-01-14 14:30:00+00:00,2026-01-14 14:30:00+00:00,26259.75,26228.0,2026-01-14 14:31:00+00:00,stop,-31.75,-32.5,31.75,-1.0236220472440944,-1.0,0.5039370078740157,-1.8425196850393701,-65.0,26228.5,26260.0,108735,108756,26290.5,2026-01-14
A1_k1_spike_nearest,-1,2026-01-14 14:30:00+00:00,2026-01-14 14:34:00+00:00,26301.5,26574.25,2026-01-14 14:36:00+00:00,target,39.75,39.25,272.75,0.14390467461044912,0.1457378551787351,0.2777268560953254,-0.06324472960586618,78.5,26573.75,26301.25,108477,108755,26261.75,2026-01-14
A1_k1_spike_nearest,-1,2026-01-14 16:15:00+00:00,2026-01-14 16:22:00+00:00,26064.25,26574.25,2026-01-14 16:50:00+00:00,target,67.25,66.75,510.0,0.13088235294117648,0.13186274509803922,0.14558823529411766,-0.10833333333333334,133.5,26573.75,26064.0,108477,108784,25997.0,2026-01-14
A1_k1_spike_nearest,1,2026-01-15 14:35:00+00:00,2026-01-15 14:39:00+00:00,26380.75,25948.25,2026-01-15 14:45:00+00:00,target,99.75,99.25,432.5,0.22947976878612716,0.230635838150289,0.23352601156069364,-0.0005780346820809249,198.5,25948.75,26381.0,108814,109029,26480.5,2026-01-15
A1_k1_spike_nearest,1,2026-01-15 14:35:00+00:00,2026-01-15 14:51:00+00:00,26379.5,25948.25,2026-01-15 17:00:00+00:00,time,72.75,72.0,431.25,0.16695652173913045,0.16869565217391305,0.19768115942028985,-0.11246376811594203,144.0,25948.75,26379.75,108814,109027,26480.5,2026-01-15
A1_k1_spike_nearest,-1,2026-01-16 14:30:00+00:00,2026-01-16 14:30:00+00:00,26401.25,26482.25,2026-01-16 14:44:00+00:00,target,51.75,51.25,81.0,0.6327160493827161,0.6388888888888888,0.6944444444444444,-0.21604938271604937,102.5,26481.75,26401.0,109044,109279,26349.5,2026-01-16
A1_k1_spike_nearest,1,2026-01-16 14:30:00+00:00,2026-01-16 14:49:00+00:00,26336.0,26089.5,2026-01-16 17:00:00+00:00,time,-91.75,-92.5,246.5,-0.3752535496957404,-0.372210953346856,0.09026369168356999,-0.8853955375253549,-185.0,26090.0,26336.25,108885,109307,26401.0,2026-01-16
A1_k1_spike_nearest,1,2026-01-19 14:30:00+00:00,2026-01-19 14:30:00+00:00,25810.75,25784.5,2026-01-19 14:35:00+00:00,stop,-26.25,-27.0,26.25,-1.0285714285714285,-1.0,0.5619047619047619,-1.3714285714285714,-54.0,25785.0,25811.0,109539,109579,25875.0,2026-01-19
A1_k1_spike_nearest,-1,2026-01-19 15:45:00+00:00,2026-01-19 16:00:00+00:00,25862.25,26419.25,2026-01-19 17:00:00+00:00,time,-43.75,-44.5,557.0,-0.07989228007181329,-0.07854578096947935,0.026481149012567325,-0.08752244165170557,-89.0,26418.75,25862.0,109317,109606,25825.75,2026-01-19
A1_k1_spike_nearest,-1,2026-01-20 14:30:00+00:00,2026-01-20 14:30:00+00:00,25829.25,25979.25,2026-01-20 17:00:00+00:00,time,-96.75,-97.5,150.0,-0.65,-0.645,0.46166666666666667,-0.855,-195.0,25978.75,25829.0,109434,109736,25709.0,2026-01-20
A1_k1_spike_nearest,1,2026-01-21 14:30:00+00:00,2026-01-21 14:30:00+00:00,25692.25,25559.25,2026-01-21 14:56:00+00:00,target,135.5,135.0,133.0,1.0150375939849625,1.018796992481203,1.0601503759398496,-0.2725563909774436,270.0,25559.75,25692.5,110076,110095,25827.75,2026-01-21
A1_k1_spike_nearest,-1,2026-01-21 14:30:00+00:00,2026-01-21 14:57:00+00:00,25839.0,25966.75,2026-01-21 15:36:00+00:00,stop,-127.75,-128.5,127.75,-1.00587084148728,-1.0,0.14481409001956946,-1.0802348336594911,-257.0,25966.25,25838.75,109680,109863,25636.0,2026-01-21
A1_k1_spike_nearest,1,2026-01-21 16:20:00+00:00,2026-01-21 16:22:00+00:00,25974.0,25559.25,2026-01-21 17:00:00+00:00,time,-216.75,-217.5,414.75,-0.5244122965641953,-0.5226039783001808,0.0759493670886076,-0.543701024713683,-435.0,25559.75,25974.25,110076,110116,26024.0,2026-01-21
A1_k1_spike_nearest,1,2026-01-22 14:30:00+00:00,2026-01-22 14:30:00+00:00,26202.75,25559.25,2026-01-22 17:00:00+00:00,time,-6.75,-7.5,643.5,-0.011655011655011656,-0.01048951048951049,0.08857808857808858,-0.21833721833721834,-15.0,25559.75,26203.0,110076,110351,26267.25,2026-01-22
A1_k1_spike_nearest,-1,2026-01-23 14:30:00+00:00,2026-01-23 14:30:00+00:00,26163.5,26267.75,2026-01-23 15:22:00+00:00,stop,-104.25,-105.0,104.25,-1.0071942446043165,-1.0,0.7050359712230215,-1.1366906474820144,-210.0,26267.25,26163.25,110366,110631,26086.5,2026-01-23
A1_k1_spike_nearest,1,2026-01-23 16:15:00+00:00,2026-01-23 16:27:00+00:00,26332.0,26010.25,2026-01-23 17:00:00+00:00,time,-15.25,-16.0,321.75,-0.04972804972804973,-0.0473970473970474,0.07459207459207459,-0.13597513597513597,-32.0,26010.75,26332.25,110276,110668,26373.0,2026-01-23
A1_k1_spike_nearest,-1,2026-01-26 14:30:00+00:00,2026-01-26 14:30:00+00:00,26283.75,26303.0,2026-01-26 14:34:00+00:00,stop,-19.25,-20.0,19.25,-1.0389610389610389,-1.0,2.7012987012987013,-1.025974025974026,-40.0,26302.5,26283.5,110707,110726,26185.5,2026-01-26
A1_k1_spike_nearest,-1,2026-01-26 15:15:00+00:00,2026-01-26 15:17:00+00:00,26377.25,26381.5,2026-01-26 15:17:00+00:00,stop,-4.25,-5.0,4.25,-1.1764705882352942,-1.0,2.8823529411764706,-3.7058823529411766,-10.0,26381.0,26377.0,110930,110932,26231.75,2026-01-26
A1_k1_spike_nearest,1,2026-01-26 15:40:00+00:00,2026-01-26 15:42:00+00:00,26364.75,25926.5,2026-01-26 15:52:00+00:00,target,49.5,49.0,438.25,0.11180832857957787,0.11294922989161438,0.1289218482601255,-0.009697661152310326,98.0,25927.0,26365.0,110739,110937,26414.25,2026-01-26
A1_k1_spike_nearest,1,2026-01-26 16:10:00+00:00,2026-01-26 16:19:00+00:00,26393.75,25926.5,2026-01-26 16:25:00+00:00,target,32.5,32.0,467.25,0.06848582129481005,0.06955591225254147,0.07223113964686999,-0.03317281968967362,64.0,25927.0,26394.0,110739,110943,26426.25,2026-01-26
A1_k1_spike_nearest,1,2026-01-27 14:30:00+00:00,2026-01-27 14:30:00+00:00,26489.25,25926.5,2026-01-27 14:31:00+00:00,target,43.75,43.25,562.75,0.07685473123056419,0.07774322523322967,0.07996446023989338,-0.011106175033318524,86.5,25927.0,26489.5,110739,111069,26533.0,2026-01-27
A1_k1_spike_nearest,-1,2026-01-27 14:30:00+00:00,2026-01-27 14:32:00+00:00,26537.75,26571.5,2026-01-27 14:33:00+00:00,target,27.75,27.25,33.75,0.8074074074074075,0.8222222222222222,1.1333333333333333,-0.06666666666666667,54.5,26571.0,26537.5,111169,111196,26510.0,2026-01-27
A1_k1_spike_nearest,1,2026-01-27 14:30:00+00:00,2026-01-27 14:35:00+00:00,26482.75,25926.5,2026-01-27 14:51:00+00:00,target,50.25,49.75,556.25,0.08943820224719101,0.09033707865168539,0.09662921348314607,-0.06831460674157304,99.5,25927.0,26483.0,110739,111060,26533.0,2026-01-27
A1_k1_spike_nearest,-1,2026-01-27 14:30:00+00:00,2026-01-27 14:53:00+00:00,26549.25,26571.5,2026-01-27 14:55:00+00:00,stop,-22.25,-23.0,22.25,-1.0337078651685394,-1.0,0.7528089887640449,-1.7640449438202248,-46.0,26571.0,26549.0,111169,111175,26510.0,2026-01-27
A1_k1_spike_nearest,1,2026-01-28 14:30:00+00:00,2026-01-28 14:30:00+00:00,26761.25,26444.25,2026-01-28 14:32:00+00:00,target,45.5,45.0,317.0,0.14195583596214512,0.14353312302839116,0.15694006309148265,-0.011829652996845425,90.0,26444.75,26761.5,111202,111474,26806.75,2026-01-28
A1_k1_spike_nearest,-1,2026-01-28 14:30:00+00:00,2026-01-28 14:33:00+00:00,26814.0,26877.0,2026-01-28 14:35:00+00:00,target,52.5,52.0,63.0,0.8253968253968254,0.8333333333333334,0.8452380952380952,-0.03968253968253968,104.0,26876.5,26813.75,111381,111469,26761.5,2026-01-28
A1_k1_spike_nearest,1,2026-01-28 14:30:00+00:00,2026-01-28 14:36:00+00:00,26753.75,26444.25,2026-01-28 14:42:00+00:00,target,53.0,52.5,309.5,0.16962843295638125,0.17124394184168013,0.19547657512116318,-0.04119547657512116,105.0,26444.75,26754.0,111202,111368,26806.75,2026-01-28
A1_k1_spike_nearest,-1,2026-01-28 14:30:00+00:00,2026-01-28 14:44:00+00:00,26821.5,26877.0,2026-01-28 14:48:00+00:00,target,60.0,59.5,55.5,1.072072072072072,1.0810810810810811,1.1531531531531531,-0.20270270270270271,119.0,26876.5,26821.25,111381,111463,26761.5,2026-01-28
A1_k1_spike_nearest,1,2026-01-28 14:55:00+00:00,2026-01-28 15:10:00+00:00,26757.25,26444.25,2026-01-28 17:00:00+00:00,time,-113.0,-113.75,313.0,-0.3634185303514377,-0.3610223642172524,0.07827476038338659,-0.41214057507987223,-227.5,26444.75,26757.5,111202,111480,26832.75,2026-01-28
A1_k1_spike_nearest,1,2026-01-29 14:30:00+00:00,2026-01-29 14:30:00+00:00,26652.25,26523.25,2026-01-29 14:42:00+00:00,stop,-129.0,-129.75,129.0,-1.005813953488372,-1.0,0.4069767441860465,-1.180232558139535,-259.5,26523.75,26652.5,111555,111605,26724.5,2026-01-29
A1_k1_spike_nearest,-1,2026-01-29 16:05:00+00:00,2026-01-29 16:12:00+00:00,26147.75,26877.0,2026-01-29 17:00:00+00:00,time,-91.25,-92.0,729.25,-0.12615701062735687,-0.125128556736373,0.01988344189235516,-0.16352416866643812,-184.0,26876.5,26147.5,111381,111770,26063.5,2026-01-29
A1_k1_spike_nearest,-1,2026-01-30 14:30:00+00:00,2026-01-30 14:30:00+00:00,26437.5,26822.5,2026-01-30 14:32:00+00:00,target,94.0,93.5,385.0,0.24285714285714285,0.24415584415584415,0.2519480519480519,-0.01818181818181818,187.0,26822.0,26437.25,111567,111871,26343.5,2026-01-30
A1_k1_spike_nearest,1,2026-01-30 14:30:00+00:00,2026-01-30 14:59:00+00:00,26336.0,26176.0,2026-01-30 15:00:00+00:00,target,39.0,38.5,160.0,0.240625,0.24375,0.2640625,-0.0109375,77.0,26176.5,26336.25,111973,112023,26375.0,2026-01-30
A1_k1_spike_nearest,1,2026-01-30 14:35:00+00:00,2026-01-30 15:29:00+00:00,26332.25,26176.0,2026-01-30 17:00:00+00:00,time,-46.5,-47.25,156.25,-0.3024,-0.2976,0.8288,-0.3888,-94.5,26176.5,26332.5,111973,112028,26476.0,2026-01-30
A1_k1_spike_nearest,-1,2026-02-02 14:30:00+00:00,2026-02-02 14:30:00+00:00,26075.75,26547.0,2026-02-02 17:00:00+00:00,time,-346.25,-347.0,471.25,-0.7363395225464191,-0.7347480106100795,0.016976127320954906,-0.7724137931034483,-694.0,26546.5,26075.5,111850,112148,26047.0,2026-02-02
A1_k1_spike_nearest,1,2026-02-03 14:30:00+00:00,2026-02-03 14:30:00+00:00,26440.25,25707.25,2026-02-03 17:00:00+00:00,time,-421.25,-422.0,733.0,-0.5757162346521146,-0.5746930422919508,0.05422919508867667,-0.6098226466575716,-844.0,25707.75,26440.5,112210,112446,26505.5,2026-02-03
A1_k1_spike_nearest,1,2026-02-04 14:30:00+00:00,2026-02-04 14:30:00+00:00,25860.75,25852.0,2026-02-04 14:30:00+00:00,stop,-8.75,-9.5,8.75,-1.0857142857142856,-1.0,6.085714285714285,-3.3714285714285714,-19.0,25852.5,25861.0,112852,112855,25934.0,2026-02-04
A1_k1_spike_nearest,-1,2026-02-04 15:20:00+00:00,2026-02-04 15:23:00+00:00,25788.5,26538.75,2026-02-04 16:02:00+00:00,target,153.25,152.75,750.25,0.20359880039986672,0.20426524491836054,0.24058647117627457,-0.059646784405198265,305.5,26538.25,25788.25,112516,112865,25635.25,2026-02-04
A1_k1_spike_nearest,1,2026-02-05 14:30:00+00:00,2026-02-05 14:30:00+00:00,25252.5,25234.75,2026-02-05 14:30:00+00:00,stop,-17.75,-18.5,17.75,-1.0422535211267605,-1.0,2.591549295774648,-1.9154929577464788,-37.0,25235.25,25252.75,113112,113131,25367.25,2026-02-05
A1_k1_spike_nearest,-1,2026-02-05 14:30:00+00:00,2026-02-05 14:35:00+00:00,25367.5,25945.0,2026-02-05 15:01:00+00:00,target,132.25,131.75,577.5,0.22813852813852814,0.22900432900432902,0.26147186147186147,-0.20995670995670995,263.5,25944.5,25367.25,112845,113127,25235.25,2026-02-05
A1_k1_spike_nearest,-1,2026-02-05 15:30:00+00:00,2026-02-05 15:39:00+00:00,25192.0,25945.0,2026-02-05 16:14:00+00:00,target,113.75,113.25,753.0,0.150398406374502,0.15106241699867198,0.1693227091633466,-0.04847277556440903,226.5,25944.5,25191.75,112845,113143,25078.25,2026-02-05
A1_k1_spike_nearest,-1,2026-02-05 16:10:00+00:00,2026-02-05 16:16:00+00:00,25180.75,25945.0,2026-02-05 17:00:00+00:00,time,-175.75,-176.5,764.25,-0.23094537127903172,-0.22996401701014066,0.0399084069349035,-0.26627412495911024,-353.0,25944.5,25180.5,112845,113151,25080.0,2026-02-05
A1_k1_spike_nearest,1,2026-02-06 14:30:00+00:00,2026-02-06 14:30:00+00:00,25266.0,24767.5,2026-02-06 14:32:00+00:00,target,79.0,78.5,498.5,0.15747241725175526,0.1584754262788365,0.19107321965897692,-0.07622868605817452,157.0,24768.0,25266.25,113238,113364,25345.0,2026-02-06
A1_k1_spike_nearest,-1,2026-02-06 14:30:00+00:00,2026-02-06 14:33:00+00:00,25388.75,25625.0,2026-02-06 15:06:00+00:00,target,85.5,85.0,236.25,0.35978835978835977,0.3619047619047619,0.41798941798941797,-0.5195767195767196,170.0,25624.5,25388.5,113073,113380,25303.25,2026-02-06
A1_k1_spike_nearest,1,2026-02-06 15:15:00+00:00,2026-02-06 15:16:00+00:00,25285.25,24767.5,2026-02-06 16:07:00+00:00,target,226.25,225.75,517.75,0.4360212457749879,0.4369869628198938,0.4582327378078223,-0.03042008691453404,451.5,24768.0,25285.5,113238,113416,25511.5,2026-02-06
A1_k1_spike_nearest,1,2026-02-09 14:30:00+00:00,2026-02-09 14:30:00+00:00,25495.0,24767.5,2026-02-09 14:37:00+00:00,target,114.25,113.75,727.5,0.1563573883161512,0.1570446735395189,0.16735395189003435,-0.016494845360824743,227.5,24768.0,25495.25,113238,113639,25609.25,2026-02-09
A1_k1_spike_nearest,-1,2026-02-09 14:30:00+00:00,2026-02-09 14:39:00+00:00,25642.75,25875.0,2026-02-09 16:27:00+00:00,stop,-232.25,-233.0,232.25,-1.0032292787944026,-1.0,0.20667384284176535,-1.022604951560818,-466.0,25874.5,25642.5,113515,113676,25542.0,2026-02-09
A1_k1_spike_nearest,1,2026-02-10 14:30:00+00:00,2026-02-10 14:30:00+00:00,25900.5,25482.5,2026-02-10 15:06:00+00:00,target,48.75,48.25,418.0,0.11543062200956938,0.1166267942583732,0.16925837320574164,-0.29126794258373206,96.5,25483.0,25900.75,113685,113957,25949.25,2026-02-10
A1_k1_spike_nearest,-1,2026-02-10 15:30:00+00:00,2026-02-10 15:31:00+00:00,25955.25,25975.0,2026-02-10 15:56:00+00:00,target,71.5,71.0,19.75,3.5949367088607596,3.6202531645569622,4.050632911392405,-0.5569620253164557,142.0,25974.5,25955.0,113969,113971,25883.75,2026-02-10
A1_k1_spike_nearest,1,2026-02-10 16:05:00+00:00,2026-02-10 16:22:00+00:00,25875.0,25482.5,2026-02-10 17:00:00+00:00,time,-20.25,-21.0,392.5,-0.0535031847133758,-0.05159235668789809,0.06369426751592357,-0.07834394904458598,-42.0,25483.0,25875.25,113685,113978,25956.75,2026-02-10
A1_k1_spike_nearest,-1,2026-02-11 14:30:00+00:00,2026-02-11 14:30:00+00:00,25951.0,25979.5,2026-02-11 14:30:00+00:00,stop,-28.5,-29.25,28.5,-1.0263157894736843,-1.0,0.8157894736842105,-1.456140350877193,-58.5,25979.0,25950.75,114230,114234,25850.5,2026-02-11
A1_k1_spike_nearest,1,2026-02-11 14:45:00+00:00,2026-02-11 14:56:00+00:00,25866.25,25674.0,2026-02-11 15:13:00+00:00,stop,-192.25,-193.0,192.25,-1.0039011703511054,-1.0,0.14434330299089726,-1.023407022106632,-386.0,25674.5,25866.5,114183,114238,25993.0,2026-02-11
A1_k1_spike_nearest,-1,2026-02-11 16:20:00+00:00,2026-02-11 16:23:00+00:00,25789.75,25993.5,2026-02-11 16:30:00+00:00,target,80.25,79.75,203.75,0.3914110429447853,0.39386503067484663,0.42822085889570555,-0.0638036809815951,159.5,25993.0,25789.5,114237,114257,25709.5,2026-02-11
A1_k1_spike_nearest,1,2026-02-12 14:30:00+00:00,2026-02-12 14:30:00+00:00,25847.25,25669.0,2026-02-12 15:38:00+00:00,stop,-178.25,-179.0,178.25,-1.0042075736325387,-1.0,0.41514726507713884,-1.091164095371669,-358.0,25669.5,25847.5,114267,114498,25936.75,2026-02-12
A1_k1_spike_nearest,-1,2026-02-13 14:30:00+00:00,2026-02-13 14:30:00+00:00,25284.0,25948.0,2026-02-13 14:41:00+00:00,target,136.5,136.0,664.0,0.20481927710843373,0.2055722891566265,0.24548192771084337,-0.06551204819277108,272.0,25947.5,25283.75,114503,114786,25147.5,2026-02-13
A1_k1_spike_nearest,-1,2026-02-13 14:40:00+00:00,2026-02-13 14:45:00+00:00,25327.75,25948.0,2026-02-13 17:00:00+00:00,time,-93.75,-94.5,620.25,-0.1523579201934704,-0.15114873035066506,0.19387343812978639,-0.21684804514308748,-189.0,25947.5,25327.5,114503,114789,25147.5,2026-02-13
A1_k1_spike_nearest,1,2026-02-16 14:30:00+00:00,2026-02-16 14:30:00+00:00,25281.5,25105.75,2026-02-16 17:00:00+00:00,time,-25.75,-26.5,175.75,-0.1507823613086771,-0.1465149359886202,0.24751066856330015,-0.4751066856330014,-53.0,25106.25,25281.75,114791,114880,25382.0,2026-02-16
A1_k1_spike_nearest,-1,2026-02-17 14:30:00+00:00,2026-02-17 14:30:00+00:00,25198.75,25450.25,2026-02-17 14:31:00+00:00,target,29.5,45.5,251.5,0.18091451292246521,0.1172962226640159,0.26043737574552683,-0.16302186878727634,91.0,25449.75,25198.5,115004,115289,25169.25,2026-02-17
A1_k1_spike_nearest,-1,2026-02-17 14:30:00+00:00,2026-02-17 14:34:00+00:00,25254.75,25450.25,2026-02-17 14:47:00+00:00,target,85.5,85.0,195.5,0.43478260869565216,0.4373401534526854,0.5434782608695652,-0.4514066496163683,170.0,25449.75,25254.5,115004,115217,25169.25,2026-02-17
A1_k1_spike_nearest,1,2026-02-17 14:30:00+00:00,2026-02-17 14:50:00+00:00,25104.25,25045.0,2026-02-17 14:55:00+00:00,stop,-59.25,-60.0,59.25,-1.0126582278481013,-1.0,1.7172995780590716,-1.3248945147679325,-120.0,25045.5,25104.5,115277,115281,25198.5,2026-02-17
A1_k1_spike_nearest,-1,2026-02-17 15:15:00+00:00,2026-02-17 15:17:00+00:00,25099.5,25450.25,2026-02-17 15:33:00+00:00,target,110.75,110.25,350.75,0.3143264433357092,0.315751960085531,0.3499643620812545,-0.19743406985032075,220.5,25449.75,25099.25,115004,115300,24988.75,2026-02-17
A1_k1_spike_nearest,-1,2026-02-17 15:25:00+00:00,2026-02-17 16:01:00+00:00,25169.0,25450.25,2026-02-17 17:00:00+00:00,time,-118.0,-118.75,281.25,-0.4222222222222222,-0.41955555555555557,0.13066666666666665,-0.5511111111111111,-237.5,25449.75,25168.75,115004,115302,25003.75,2026-02-17
A1_k1_spike_nearest,1,2026-02-18 14:30:00+00:00,2026-02-18 14:30:00+00:00,25311.0,24976.25,2026-02-18 14:43:00+00:00,target,65.0,64.5,334.75,0.19268110530246452,0.1941747572815534,0.25317401045556387,-0.09410007468259896,129.0,24976.75,25311.25,115305,115443,25376.0,2026-02-18
A1_k1_spike_nearest,1,2026-02-18 16:15:00+00:00,2026-02-18 16:20:00+00:00,25609.0,24976.25,2026-02-18 16:32:00+00:00,target,34.5,34.0,632.75,0.053733702094033976,0.05452390359541683,0.05887001185302252,-0.007111813512445673,68.0,24976.75,25609.25,115305,115588,25643.5,2026-02-18
A1_k1_spike_nearest,-1,2026-02-19 14:30:00+00:00,2026-02-19 14:31:00+00:00,25408.75,25656.5,2026-02-19 14:35:00+00:00,target,85.0,84.5,247.75,0.3410696266397578,0.343087790110999,0.3501513622603431,-0.008072653884964682,169.0,25656.0,25408.5,115600,115834,25323.75,2026-02-19
A1_k1_spike_nearest,-1,2026-02-19 14:50:00+00:00,2026-02-19 14:52:00+00:00,25386.25,25656.5,2026-02-19 17:00:00+00:00,time,14.25,13.5,270.25,0.04995374653098982,0.05272895467160037,0.21091581868640147,-0.3811285846438483,27.0,25656.0,25386.0,115600,115847,25290.0,2026-02-19
A1_k1_spike_nearest,-1,2026-02-20 14:30:00+00:00,2026-02-20 14:32:00+00:00,25311.75,25582.25,2026-02-20 15:01:00+00:00,stop,-270.5,-271.25,270.5,-1.0027726432532347,-1.0,0.16266173752310537,-1.0905730129390019,-542.5,25581.75,25311.5,115771,116115,25223.75,2026-02-20
A1_k1_spike_nearest,-1,2026-02-20 15:20:00+00:00,2026-02-20 15:22:00+00:00,25555.0,25610.25,2026-02-20 15:48:00+00:00,stop,-55.25,-56.0,55.25,-1.0135746606334841,-1.0,2.16289592760181,-1.1538461538461537,-112.0,25609.75,25554.75,116127,116129,25385.75,2026-02-20
A1_k1_spike_nearest,-1,2026-02-23 14:30:00+00:00,2026-02-23 14:30:00+00:00,25532.0,25650.5,2026-02-23 14:40:00+00:00,target,71.0,70.5,118.5,0.5949367088607594,0.5991561181434599,0.6561181434599156,-0.29957805907172996,141.0,25650.0,25531.75,116172,116339,25461.0,2026-02-23
A1_k1_spike_nearest,1,2026-02-23 14:30:00+00:00,2026-02-23 14:41:00+00:00,25437.5,25204.0,2026-02-23 14:51:00+00:00,target,52.25,51.75,233.5,0.22162740899357602,0.22376873661670235,0.23768736616702354,-0.22483940042826553,103.5,25204.5,25437.75,116121,116386,25489.75,2026-02-23
A1_k1_spike_nearest,1,2026-02-23 14:30:00+00:00,2026-02-23 15:05:00+00:00,25380.25,25204.0,2026-02-23 16:08:00+00:00,stop,-176.25,-177.0,176.25,-1.004255319148936,-1.0,0.4368794326241135,-1.0113475177304965,-354.0,25204.5,25380.5,116121,116304,25489.75,2026-02-23
A1_k1_spike_nearest,1,2026-02-24 14:30:00+00:00,2026-02-24 14:30:00+00:00,25321.5,25194.75,2026-02-24 14:44:00+00:00,target,97.25,96.75,126.75,0.7633136094674556,0.7672583826429981,0.9329388560157791,-0.7889546351084813,193.5,25195.25,25321.75,116417,116614,25418.75,2026-02-24
A1_k1_spike_nearest,-1,2026-02-24 15:20:00+00:00,2026-02-24 15:21:00+00:00,25450.5,25568.0,2026-02-24 16:13:00+00:00,stop,-117.5,-118.25,117.5,-1.0063829787234042,-1.0,0.08085106382978724,-1.0553191489361702,-236.5,25567.5,25450.25,116397,116681,25347.0,2026-02-24
A1_k1_spike_nearest,1,2026-02-24 16:20:00+00:00,2026-02-24 16:20:00+00:00,25527.5,25194.75,2026-02-24 17:00:00+00:00,time,28.75,28.0,332.75,0.08414725770097671,0.08640120210368145,0.12096168294515403,-0.09241172051089407,56.0,25195.25,25527.75,116417,116693,25574.5,2026-02-24
A1_k1_spike_nearest,1,2026-02-25 15:10:00+00:00,2026-02-25 15:11:00+00:00,25832.75,25221.0,2026-02-25 17:00:00+00:00,time,11.5,10.75,611.75,0.017572537801389457,0.01879852881078872,0.0596648957907642,-0.06620351450756028,21.5,25221.5,25833.0,116674,116954,25888.5,2026-02-25
A1_k1_spike_nearest,1,2026-02-26 14:30:00+00:00,2026-02-26 14:30:00+00:00,25819.25,25519.25,2026-02-26 15:16:00+00:00,stop,-300.0,-300.75,300.0,-1.0025,-1.0,0.1675,-1.005,-601.5,25519.75,25819.5,116764,117117,25912.5,2026-02-26
A1_k1_spike_nearest,-1,2026-02-26 15:55:00+00:00,2026-02-26 16:05:00+00:00,25554.75,25943.5,2026-02-26 17:00:00+00:00,time,63.5,62.75,388.75,0.16141479099678457,0.16334405144694533,0.18778135048231512,-0.14983922829581994,125.5,25943.0,25554.5,117216,117240,25389.5,2026-02-26
A1_k1_spike_nearest,-1,2026-02-27 14:30:00+00:00,2026-02-27 14:30:00+00:00,25388.25,25943.5,2026-02-27 14:31:00+00:00,target,43.25,42.75,555.25,0.0769923457901846,0.07789284106258443,0.10220621341737957,-0.013057181449797388,85.5,25943.0,25388.0,117216,117497,25345.0,2026-02-27
A1_k1_spike_nearest,-1,2026-02-27 14:30:00+00:00,2026-02-27 14:32:00+00:00,25407.0,25943.5,2026-02-27 14:43:00+00:00,target,62.0,61.5,536.5,0.11463187325256291,0.11556383970177074,0.18546132339235788,-0.05684995340167754,123.0,25943.0,25406.75,117216,117494,25345.0,2026-02-27
A1_k1_spike_nearest,-1,2026-02-27 14:30:00+00:00,2026-02-27 14:48:00+00:00,25451.75,25943.5,2026-02-27 17:00:00+00:00,time,-45.25,-46.0,491.75,-0.09354346720894764,-0.0920183019827148,0.15099135739705136,-0.19776309100152517,-92.0,25943.0,25451.5,117216,117487,25345.0,2026-02-27
A1_k1_spike_nearest,-1,2026-03-02 14:30:00+00:00,2026-03-02 14:30:00+00:00,25180.0,25626.75,2026-03-02 17:00:00+00:00,time,-380.75,-381.5,446.75,-0.8539451594851707,-0.8522663682148853,0.10576385002797986,-0.8774482372691662,-763.0,25626.25,25179.75,117439,117772,25122.0,2026-03-02
A1_k1_spike_nearest,-1,2026-03-03 14:30:00+00:00,2026-03-03 14:30:00+00:00,25135.0,25628.0,2026-03-03 15:17:00+00:00,target,151.75,151.25,493.0,0.3067951318458418,0.3078093306288032,0.32809330628803246,-0.10851926977687627,302.5,25627.5,25134.75,117840,118032,24983.25,2026-03-03
A1_k1_spike_nearest,-1,2026-03-03 15:50:00+00:00,2026-03-03 16:03:00+00:00,25000.0,25628.0,2026-03-03 17:00:00+00:00,time,-199.0,-199.75,628.0,-0.31807324840764334,-0.31687898089171973,0.04259554140127388,-0.4020700636942675,-399.5,25627.5,24999.75,117840,118067,24878.25,2026-03-03
A1_k1_spike_nearest,-1,2026-03-04 14:30:00+00:00,2026-03-04 14:30:00+00:00,25455.75,25539.25,2026-03-04 14:36:00+00:00,target,61.0,60.5,83.5,0.7245508982035929,0.7305389221556886,1.089820359281437,-0.5059880239520959,121.0,25538.75,25455.5,117867,118314,25394.75,2026-03-04
A1_k1_spike_nearest,1,2026-03-04 14:40:00+00:00,2026-03-04 14:45:00+00:00,25364.5,24877.75,2026-03-04 15:01:00+00:00,target,146.0,145.5,486.75,0.29892141756548535,0.29994863893168977,0.3009758602978942,-0.048279404211607604,291.0,24878.25,25364.75,118064,118329,25510.5,2026-03-04
A1_k1_spike_nearest,-1,2026-03-05 14:30:00+00:00,2026-03-05 14:30:00+00:00,25579.25,25771.0,2026-03-05 15:30:00+00:00,target,89.5,89.0,191.75,0.4641460234680574,0.4667535853976532,0.5580182529335072,-0.8161668839634941,178.0,25770.5,25579.0,118434,118597,25489.75,2026-03-05
A1_k1_spike_nearest,-1,2026-03-06 14:45:00+00:00,2026-03-06 14:51:00+00:00,25260.0,25771.0,2026-03-06 17:00:00+00:00,time,-148.5,-149.25,511.0,-0.29207436399217224,-0.29060665362035226,0.1971624266144814,-0.35812133072407043,-298.5,25770.5,25259.75,118434,118881,25139.25,2026-03-06
A1_k1_spike_nearest,-1,2026-03-09 13:30:00+00:00,2026-03-09 13:30:00+00:00,25022.75,25669.5,2026-03-09 13:40:00+00:00,target,120.25,119.75,646.75,0.18515655199072284,0.18592964824120603,0.18863548511789718,-0.047545419404715884,239.5,25669.0,25022.5,118774,119109,24902.5,2026-03-09
A1_k1_spike_nearest,1,2026-03-09 13:30:00+00:00,2026-03-09 13:45:00+00:00,24872.0,24526.0,2026-03-09 14:03:00+00:00,target,101.25,100.75,346.0,0.2911849710982659,0.29263005780346824,0.2991329479768786,-0.09031791907514451,201.5,24526.5,24872.25,119022,119125,24973.25,2026-03-09
A1_k1_spike_nearest,-1,2026-03-09 14:15:00+00:00,2026-03-09 14:36:00+00:00,25003.75,25669.5,2026-03-09 16:00:00+00:00,time,-166.5,-167.25,665.75,-0.2512204280886218,-0.25009387908374014,0.06796845662786331,-0.2737514081862561,-334.5,25669.0,25003.5,118774,119164,24840.75,2026-03-09
A1_k1_spike_nearest,-1,2026-03-10 13:30:00+00:00,2026-03-10 13:30:00+00:00,25557.0,25674.75,2026-03-10 13:57:00+00:00,target,70.25,69.75,117.75,0.5923566878980892,0.5966029723991507,0.6624203821656051,-0.43736730360934184,139.5,25674.25,25556.75,119374,119408,25486.75,2026-03-10
A1_k1_spike_nearest,1,2026-03-10 14:15:00+00:00,2026-03-10 14:16:00+00:00,25422.25,24526.0,2026-03-10 14:25:00+00:00,target,104.0,103.5,896.25,0.11548117154811716,0.11603905160390517,0.1305439330543933,-0.002510460251046025,207.0,24526.5,25422.5,119022,119440,25526.25,2026-03-10
A1_k1_spike_nearest,-1,2026-03-10 13:55:00+00:00,2026-03-10 14:34:00+00:00,25584.5,25674.75,2026-03-10 14:58:00+00:00,stop,-90.25,-91.0,90.25,-1.0083102493074791,-1.0,0.2520775623268698,-1.002770083102493,-182.0,25674.25,25584.25,119374,119436,25487.0,2026-03-10
A1_k1_spike_nearest,-1,2026-03-11 13:30:00+00:00,2026-03-11 13:30:00+00:00,25604.25,25651.5,2026-03-11 14:00:00+00:00,stop,-47.25,-48.0,47.25,-1.0158730158730158,-1.0,1.312169312169312,-2.142857142857143,-96.0,25651.0,25604.0,119594,119612,25436.0,2026-03-11
A1_k1_spike_nearest,1,2026-03-11 14:00:00+00:00,2026-03-11 14:25:00+00:00,25542.0,25359.5,2026-03-11 16:00:00+00:00,time,-80.0,-80.75,182.5,-0.44246575342465755,-0.4383561643835616,0.4136986301369863,-0.6712328767123288,-161.5,25360.0,25542.25,119273,119713,25643.0,2026-03-11
A1_k1_spike_nearest,1,2026-03-12 13:30:00+00:00,2026-03-12 13:31:00+00:00,25273.5,25223.25,2026-03-12 13:47:00+00:00,stop,-50.25,-51.0,50.25,-1.0149253731343284,-1.0,1.7661691542288558,-1.3830845771144278,-102.0,25223.75,25273.75,119866,119897,25374.75,2026-03-12
A1_k1_spike_nearest,-1,2026-03-12 14:10:00+00:00,2026-03-12 14:15:00+00:00,25274.25,25708.0,2026-03-12 14:29:00+00:00,target,116.25,115.75,433.75,0.26685878962536025,0.2680115273775216,0.29971181556195964,-0.007492795389048991,231.5,25707.5,25274.0,119715,119991,25158.0,2026-03-12
A1_k1_spike_nearest,-1,2026-03-12 14:45:00+00:00,2026-03-12 14:46:00+00:00,25231.0,25708.0,2026-03-12 15:12:00+00:00,target,131.0,130.5,477.0,0.27358490566037735,0.2746331236897275,0.28668763102725364,-0.046645702306079666,261.0,25707.5,25230.75,119715,119996,25100.0,2026-03-12
A1_k1_spike_nearest,1,2026-03-13 13:30:00+00:00,2026-03-13 13:30:00+00:00,25169.25,25157.25,2026-03-13 13:33:00+00:00,target,48.0,47.5,12.0,3.9583333333333335,4.0,4.979166666666667,-0.3958333333333333,95.0,25157.75,25169.5,120247,120255,25217.25,2026-03-13
A1_k1_spike_nearest,1,2026-03-13 13:30:00+00:00,2026-03-13 13:35:00+00:00,25161.25,25157.25,2026-03-13 13:35:00+00:00,stop,-4.0,-4.75,4.0,-1.1875,-1.0,7.625,-3.9375,-9.5,25157.75,25161.5,120247,120250,25217.25,2026-03-13
A1_k1_spike_nearest,-1,2026-03-13 13:40:00+00:00,2026-03-13 13:41:00+00:00,25229.25,25457.0,2026-03-13 14:44:00+00:00,target,99.5,99.0,227.75,0.43468715697036225,0.43688254665203075,0.47310647639956094,-0.45334796926454446,198.0,25456.5,25229.0,119963,120261,25129.75,2026-03-13
A1_k1_spike_nearest,1,2026-03-16 13:30:00+00:00,2026-03-16 13:30:00+00:00,25174.75,24995.75,2026-03-16 13:31:00+00:00,target,35.0,34.5,179.0,0.19273743016759776,0.19553072625698323,0.22486033519553073,-0.13547486033519554,69.0,24996.25,25175.0,120393,120530,25209.75,2026-03-16
A1_k1_spike_nearest,-1,2026-03-16 13:30:00+00:00,2026-03-16 13:32:00+00:00,25217.5,25333.0,2026-03-16 14:38:00+00:00,target,41.75,41.25,115.5,0.35714285714285715,0.36147186147186144,0.4458874458874459,-0.6558441558441559,82.5,25332.5,25217.25,120264,120528,25175.75,2026-03-16
A1_k1_spike_nearest,1,2026-03-16 13:40:00+00:00,2026-03-16 14:50:00+00:00,25150.25,24995.75,2026-03-16 15:24:00+00:00,target,105.5,105.0,154.5,0.6796116504854369,0.6828478964401294,0.7362459546925566,-0.13268608414239483,210.0,24996.25,25150.5,120393,120537,25255.75,2026-03-16
A1_k1_spike_nearest,1,2026-03-17 14:10:00+00:00,2026-03-17 14:10:00+00:00,25363.25,24995.75,2026-03-17 16:00:00+00:00,time,-60.75,-61.5,367.5,-0.1673469387755102,-0.1653061224489796,0.10068027210884353,-0.29591836734693877,-123.0,24996.25,25363.5,120393,120819,25424.25,2026-03-17
A1_k1_spike_nearest,-1,2026-03-18 13:30:00+00:00,2026-03-18 13:46:00+00:00,25305.25,25518.0,2026-03-18 14:25:00+00:00,target,117.75,117.25,212.75,0.5511163337250293,0.5534665099882491,0.6345475910693302,-0.008225616921269096,234.5,25517.5,25305.0,121004,121079,25187.5,2026-03-18
A1_k1_spike_nearest,-1,2026-03-18 14:55:00+00:00,2026-03-18 14:56:00+00:00,25164.75,25518.0,2026-03-18 16:00:00+00:00,time,-42.5,-43.25,353.25,-0.1224345364472753,-0.12031139419674451,0.024062278839348902,-0.21939136588818117,-86.5,25517.5,25164.5,121004,121104,25130.75,2026-03-18
A1_k1_spike_nearest,-1,2026-03-19 13:30:00+00:00,2026-03-19 13:54:00+00:00,24829.25,25518.0,2026-03-19 15:37:00+00:00,target,112.25,111.75,688.75,0.16225045372050817,0.1629764065335753,0.16406533575317606,-0.09364791288566243,223.5,25517.5,24829.0,121004,121355,24717.0,2026-03-19
A1_k1_spike_nearest,1,2026-03-20 13:30:00+00:00,2026-03-20 13:30:00+00:00,24741.25,24634.5,2026-03-20 13:57:00+00:00,stop,-106.75,-107.5,106.75,-1.0070257611241218,-1.0,0.6159250585480094,-1.044496487119438,-215.0,24635.0,24741.5,121601,121623,24825.0,2026-03-20
A1_k1_spike_nearest,1,2026-03-20 14:45:00+00:00,2026-03-20 14:52:00+00:00,24580.75,24556.25,2026-03-20 14:54:00+00:00,stop,-24.5,-25.25,24.5,-1.030612244897959,-1.0,0.4387755102040816,-1.3571428571428572,-50.5,24556.75,24581.0,121649,121654,24643.0,2026-03-20
A1_k1_spike_nearest,-1,2026-03-20 15:00:00+00:00,2026-03-20 15:00:00+00:00,24622.25,25041.75,2026-03-20 16:00:00+00:00,time,-6.75,-7.5,419.5,-0.017878426698450536,-0.016090584028605484,0.16567342073897498,-0.08879618593563766,-15.0,25041.25,24622.0,121234,121656,24547.5,2026-03-20
A1_k1_spike_nearest,1,2026-03-23 13:30:00+00:00,2026-03-23 13:30:00+00:00,24768.5,24088.25,2026-03-23 13:50:00+00:00,target,135.25,134.75,680.25,0.19808893789048143,0.1988239617787578,0.2039691289966924,-0.02940095553105476,269.5,24088.75,24768.75,121844,121907,24903.75,2026-03-23
A1_k1_spike_nearest,-1,2026-03-23 14:00:00+00:00,2026-03-23 14:02:00+00:00,24924.5,25080.0,2026-03-23 15:52:00+00:00,target,176.0,175.5,155.5,1.1286173633440515,1.1318327974276527,1.1591639871382637,-0.5241157556270096,351.0,25079.5,24924.25,121889,121921,24748.5,2026-03-23
A1_k1_spike_nearest,-1,2026-03-24 13:30:00+00:00,2026-03-24 13:30:00+00:00,24587.25,25080.0,2026-03-24 13:39:00+00:00,target,66.25,65.75,492.75,0.13343480466768137,0.13444951801116184,0.13800101471334347,-0.0928462709284627,131.5,25079.5,24587.0,121889,122190,24521.0,2026-03-24
A1_k1_spike_nearest,1,2026-03-24 13:30:00+00:00,2026-03-24 13:40:00+00:00,24509.25,24088.25,2026-03-24 14:07:00+00:00,target,77.75,77.25,421.0,0.1834916864608076,0.1846793349168646,0.20605700712589073,-0.13895486935866982,154.5,24088.75,24509.5,121844,122096,24587.0,2026-03-24
A1_k1_spike_nearest,-1,2026-03-24 14:35:00+00:00,2026-03-24 14:46:00+00:00,24570.25,25080.0,2026-03-24 16:00:00+00:00,time,-41.75,-42.5,509.75,-0.08337420304070622,-0.08190289357528201,0.13781265326140266,-0.2560078469838156,-85.0,25079.5,24570.0,121889,122204,24497.0,2026-03-24
A1_k1_spike_nearest,-1,2026-03-25 13:30:00+00:00,2026-03-25 13:36:00+00:00,24802.0,24864.25,2026-03-25 13:49:00+00:00,target,65.75,65.25,62.25,1.0481927710843373,1.0562248995983936,1.1526104417670682,-0.642570281124498,130.5,24863.75,24801.75,122276,122464,24736.25,2026-03-25
A1_k1_spike_nearest,1,2026-03-25 13:30:00+00:00,2026-03-25 13:50:00+00:00,24726.0,24450.25,2026-03-25 14:21:00+00:00,target,75.75,75.25,275.75,0.2728921124206709,0.2747053490480508,0.27923844061650044,-0.2955575702629193,150.5,24450.75,24726.25,122197,122460,24801.75,2026-03-25
A1_k1_spike_nearest,-1,2026-03-25 14:35:00+00:00,2026-03-25 14:35:00+00:00,24823.5,24864.25,2026-03-25 15:16:00+00:00,target,179.0,178.5,40.75,4.380368098159509,4.392638036809816,4.877300613496932,-0.2883435582822086,357.0,24863.75,24823.25,122276,122480,24644.5,2026-03-25
A1_k1_spike_nearest,1,2026-03-26 13:30:00+00:00,2026-03-26 13:30:00+00:00,24426.75,24388.5,2026-03-26 13:39:00+00:00,stop,-38.25,-39.0,38.25,-1.0196078431372548,-1.0,1.196078431372549,-1.1372549019607843,-78.0,24389.0,24427.0,122734,122740,24474.5,2026-03-26
A1_k1_spike_nearest,-1,2026-03-26 13:30:00+00:00,2026-03-26 13:45:00+00:00,24505.5,24856.5,2026-03-26 14:46:00+00:00,target,78.5,78.0,351.0,0.2222222222222222,0.22364672364672364,0.2514245014245014,-0.14743589743589744,156.0,24856.0,24505.25,122452,122716,24427.0,2026-03-26
A1_k1_spike_nearest,1,2026-03-26 15:15:00+00:00,2026-03-26 15:16:00+00:00,24398.5,24348.25,2026-03-26 16:00:00+00:00,time,9.75,9.0,50.25,0.1791044776119403,0.19402985074626866,0.8905472636815921,-0.6318407960199005,18.0,24348.75,24398.75,122762,122764,24446.75,2026-03-26
A1_k1_spike_nearest,-1,2026-03-27 13:30:00+00:00,2026-03-27 13:30:00+00:00,23973.75,24737.75,2026-03-27 13:34:00+00:00,target,82.5,82.0,764.0,0.10732984293193717,0.10798429319371727,0.1325261780104712,-0.008507853403141362,164.0,24737.25,23973.5,122627,123006,23891.25,2026-03-27
A1_k1_spike_nearest,-1,2026-03-27 15:00:00+00:00,2026-03-27 15:04:00+00:00,23854.0,24737.75,2026-03-27 16:00:00+00:00,time,-12.25,-13.0,883.75,-0.01471004243281471,-0.013861386138613862,0.09024045261669024,-0.0826025459688826,-26.0,24737.25,23853.75,122627,123037,23754.75,2026-03-27
A1_k1_spike_nearest,1,2026-03-30 13:30:00+00:00,2026-03-30 13:30:00+00:00,23797.25,23443.75,2026-03-30 13:31:00+00:00,target,42.0,41.5,353.5,0.1173974540311174,0.1188118811881188,0.15487977369165487,-0.007779349363507779,83.0,23444.25,23797.5,123146,123292,23839.25,2026-03-30
A1_k1_spike_nearest,1,2026-03-30 13:30:00+00:00,2026-03-30 13:36:00+00:00,23751.25,23443.75,2026-03-30 16:00:00+00:00,time,-60.5,-61.25,307.5,-0.1991869918699187,-0.1967479674796748,0.04796747967479675,-0.5626016260162602,-122.5,23444.25,23751.5,123146,123279,23839.25,2026-03-30
A1_k1_spike_nearest,-1,2026-03-31 13:30:00+00:00,2026-03-31 13:30:00+00:00,23743.5,23896.5,2026-03-31 14:00:00+00:00,stop,-153.0,-153.75,153.0,-1.0049019607843137,-1.0,0.31862745098039214,-1.0032679738562091,-307.5,23896.0,23743.25,123272,123565,23673.25,2026-03-31
A1_k1_spike_nearest,-1,2026-03-31 14:25:00+00:00,2026-03-31 14:28:00+00:00,23889.0,23897.5,2026-03-31 14:33:00+00:00,stop,-8.5,-9.25,8.5,-1.088235294117647,-1.0,3.676470588235294,-1.8235294117647058,-18.5,23897.0,23888.75,123579,123582,23811.25,2026-03-31
A1_k1_spike_nearest,1,2026-03-31 14:30:00+00:00,2026-03-31 14:42:00+00:00,23818.0,23475.5,2026-03-31 16:00:00+00:00,time,-55.75,-56.5,342.5,-0.16496350364963502,-0.16277372262773723,0.1678832116788321,-0.3635036496350365,-113.0,23476.0,23818.25,123425,123583,23897.0,2026-03-31
A1_k1_spike_nearest,-1,2026-04-01 13:30:00+00:00,2026-04-01 13:30:00+00:00,24408.75,24561.5,2026-04-01 14:52:00+00:00,stop,-152.75,-153.5,152.75,-1.004909983633388,-1.0,0.32242225859247137,-1.0180032733224222,-307.0,24561.0,24408.5,123839,123846,24352.25,2026-04-01
A1_k1_spike_nearest,1,2026-04-01 15:25:00+00:00,2026-04-01 15:28:00+00:00,24572.75,23475.5,2026-04-01 15:37:00+00:00,target,31.25,30.75,1097.25,0.028024606971975393,0.028480291638186377,0.031214399635452268,-0.02437912964228754,61.5,23476.0,24573.0,123425,123870,24604.0,2026-04-01
A1_k1_spike_nearest,-1,2026-04-02 13:30:00+00:00,2026-04-02 13:30:00+00:00,24079.25,24665.5,2026-04-02 13:39:00+00:00,target,49.75,54.5,586.25,0.0929637526652452,0.08486140724946695,0.1300639658848614,-0.09509594882729211,109.0,24665.0,24073.75,123892,124117,24024.25,2026-04-02
A1_k1_spike_nearest,-1,2026-04-02 13:30:00+00:00,2026-04-02 13:53:00+00:00,24157.0,24665.5,2026-04-02 16:00:00+00:00,time,-294.5,-295.25,508.5,-0.5806293018682399,-0.5791543756145526,0.08308751229105212,-0.8392330383480826,-590.5,24665.0,24156.75,123892,124084,24024.25,2026-04-02
A1_k1_spike_nearest,-1,2026-04-06 13:30:00+00:00,2026-04-06 13:30:00+00:00,24631.5,24714.75,2026-04-06 13:36:00+00:00,target,51.5,51.0,83.25,0.6126126126126126,0.6186186186186187,0.7567567567567568,-0.6996996996996997,102.0,24714.25,24631.25,124531,124581,24580.0,2026-04-06
A1_k1_spike_nearest,-1,2026-04-06 13:45:00+00:00,2026-04-06 13:46:00+00:00,24690.0,24714.75,2026-04-06 13:51:00+00:00,stop,-24.75,-25.5,24.75,-1.0303030303030303,-1.0,1.3232323232323233,-1.4646464646464648,-51.0,24714.25,24689.75,124531,124585,24561.25,2026-04-06
A1_k1_spike_nearest,1,2026-04-06 14:35:00+00:00,2026-04-06 14:36:00+00:00,24663.0,24355.5,2026-04-06 16:00:00+00:00,time,-23.0,-23.75,307.5,-0.07723577235772358,-0.07479674796747968,0.0910569105691057,-0.3073170731707317,-47.5,24356.0,24663.25,124410,124595,24707.25,2026-04-06
A1_k1_spike_nearest,-1,2026-04-07 13:30:00+00:00,2026-04-07 13:30:00+00:00,24596.75,24737.5,2026-04-07 13:41:00+00:00,target,85.75,85.25,140.75,0.605683836589698,0.6092362344582594,0.6607460035523979,-0.15985790408525755,170.5,24737.0,24596.5,124812,124853,24511.0,2026-04-07
A1_k1_spike_nearest,1,2026-04-07 13:30:00+00:00,2026-04-07 13:45:00+00:00,24493.25,24355.5,2026-04-07 14:06:00+00:00,stop,-137.75,-138.5,137.75,-1.0054446460980035,-1.0,0.23774954627949182,-1.1978221415607986,-277.0,24356.0,24493.5,124410,124852,24566.25,2026-04-07
A1_k1_spike_nearest,-1,2026-04-07 14:30:00+00:00,2026-04-07 14:33:00+00:00,24448.5,24737.5,2026-04-07 15:00:00+00:00,target,138.5,138.0,289.0,0.47750865051903113,0.47923875432525953,0.5207612456747405,-0.04671280276816609,276.0,24737.0,24448.25,124812,124870,24310.0,2026-04-07
A1_k1_spike_nearest,-1,2026-04-08 13:30:00+00:00,2026-04-08 13:30:00+00:00,25561.25,25573.75,2026-04-08 13:31:00+00:00,target,69.0,68.5,12.5,5.48,5.52,8.68,-0.52,137.0,25573.25,25561.0,125119,125121,25492.25,2026-04-08
A1_k1_spike_nearest,1,2026-04-08 13:30:00+00:00,2026-04-08 13:33:00+00:00,25450.0,24257.0,2026-04-08 16:00:00+00:00,time,-55.5,-56.25,1193.0,-0.04715004191114837,-0.04652137468566639,0.039396479463537304,-0.17393126571668063,-112.5,24257.5,25450.25,124879,125070,25553.25,2026-04-08
A1_k1_spike_nearest,-1,2026-04-09 13:30:00+00:00,2026-04-09 13:30:00+00:00,25411.5,25573.75,2026-04-09 13:34:00+00:00,target,65.25,64.75,162.25,0.39907550077041604,0.40215716486902925,0.4714946070878274,-0.07087827426810478,129.5,25573.25,25411.25,125119,125214,25346.25,2026-04-09
A1_k1_spike_nearest,-1,2026-04-09 13:40:00+00:00,2026-04-09 13:43:00+00:00,25423.25,25573.75,2026-04-09 13:53:00+00:00,target,88.25,87.75,150.5,0.5830564784053156,0.5863787375415282,0.6129568106312292,-0.036544850498338874,175.5,25573.25,25423.0,125119,125412,25335.0,2026-04-09
A1_k1_spike_nearest,1,2026-04-09 13:30:00+00:00,2026-04-09 13:55:00+00:00,25330.0,24675.5,2026-04-09 14:05:00+00:00,target,35.75,35.25,654.5,0.05385790679908327,0.0546218487394958,0.06569900687547746,-0.012987012987012988,70.5,24676.0,25330.25,124956,125400,25365.75,2026-04-09
A1_k1_spike_nearest,1,2026-04-09 14:05:00+00:00,2026-04-09 14:10:00+00:00,25321.25,24675.5,2026-04-09 15:32:00+00:00,target,107.5,107.0,645.75,0.1656987998451413,0.1664730933023616,0.21525358110723963,-0.06968641114982578,214.0,24676.0,25321.5,124956,125417,25428.75,2026-04-09
A1_k1_spike_nearest,-1,2026-04-10 13:30:00+00:00,2026-04-10 13:30:00+00:00,25642.5,25683.25,2026-04-10 13:33:00+00:00,stop,-40.75,-41.5,40.75,-1.01840490797546,-1.0,0.48466257668711654,-1.116564417177914,-83.0,25682.75,25642.25,125676,125680,25618.5,2026-04-10
A1_k1_spike_nearest,1,2026-04-10 13:30:00+00:00,2026-04-10 13:39:00+00:00,25618.25,25268.5,2026-04-10 13:41:00+00:00,target,19.75,19.25,349.75,0.055039313795568263,0.056468906361686916,0.08220157255182273,-0.035025017869907075,38.5,25269.0,25618.5,125349,125685,25638.0,2026-04-10
A1_k1_spike_nearest,1,2026-04-10 14:00:00+00:00,2026-04-10 14:00:00+00:00,25616.0,25268.5,2026-04-10 14:30:00+00:00,target,55.25,54.75,347.5,0.15755395683453238,0.15899280575539568,0.160431654676259,-0.08992805755395683,109.5,25269.0,25616.25,125349,125692,25671.25,2026-04-10
A1_k1_spike_nearest,-1,2026-04-10 15:05:00+00:00,2026-04-10 15:09:00+00:00,25674.5,25693.5,2026-04-10 15:15:00+00:00,stop,-19.0,-19.75,19.0,-1.0394736842105263,-1.0,0.6447368421052632,-1.2236842105263157,-39.5,25693.0,25674.25,125700,125705,25626.75,2026-04-10
A1_k1_spike_nearest,1,2026-04-13 13:45:00+00:00,2026-04-13 13:45:00+00:00,25490.25,25230.0,2026-04-13 13:49:00+00:00,target,65.0,64.5,260.25,0.2478386167146974,0.24975984630163303,0.39961575408261285,-0.05475504322766571,129.0,25230.5,25490.5,125778,125965,25555.25,2026-04-13
A1_k1_spike_nearest,-1,2026-04-13 14:30:00+00:00,2026-04-13 14:31:00+00:00,25616.25,25710.0,2026-04-13 16:00:00+00:00,time,-9.25,-10.0,93.75,-0.10666666666666667,-0.09866666666666667,0.2773333333333333,-0.624,-20.0,25709.5,25616.0,125710,125974,25561.0,2026-04-13
A1_k1_spike_nearest,-1,2026-04-14 13:30:00+00:00,2026-04-14 13:30:00+00:00,26006.25,26032.75,2026-04-14 13:32:00+00:00,stop,-26.5,-27.25,26.5,-1.028301886792453,-1.0,1.3018867924528301,-1.0471698113207548,-54.5,26032.25,26006.0,126228,126230,25981.25,2026-04-14
A1_k1_spike_nearest,1,2026-04-14 14:50:00+00:00,2026-04-14 15:05:00+00:00,26095.75,25230.0,2026-04-14 15:20:00+00:00,target,37.25,36.75,865.75,0.042448743863701996,0.043026277793820386,0.051400519780537106,-0.01992492058908461,73.5,25230.5,26096.0,125778,126254,26133.0,2026-04-14
A1_k1_spike_nearest,-1,2026-04-15 13:30:00+00:00,2026-04-15 13:30:00+00:00,26339.0,26374.75,2026-04-15 13:40:00+00:00,stop,-49.75,-36.5,35.75,-1.020979020979021,-1.3916083916083917,0.7762237762237763,-1.020979020979021,-73.0,26374.25,26324.75,126414,126497,26295.75,2026-04-15
A1_k1_spike_nearest,-1,2026-04-16 13:30:00+00:00,2026-04-16 13:30:00+00:00,26763.25,26803.75,2026-04-16 13:31:00+00:00,target,55.25,54.75,40.5,1.3518518518518519,1.3641975308641976,1.9753086419753085,-0.15432098765432098,109.5,26803.25,26763.0,126722,126755,26708.0,2026-04-16
A1_k1_spike_nearest,1,2026-04-16 13:30:00+00:00,2026-04-16 13:36:00+00:00,26680.0,26295.25,2026-04-16 15:02:00+00:00,target,64.0,63.5,384.75,0.1650422352176738,0.1663417803768681,0.1682910981156595,-0.22936972059779076,127.0,26295.75,26680.25,126510,126759,26744.0,2026-04-16
A1_k1_spike_nearest,-1,2026-04-16 13:40:00+00:00,2026-04-16 15:08:00+00:00,26769.75,26803.75,2026-04-16 15:15:00+00:00,stop,-34.0,-34.75,34.0,-1.0220588235294117,-1.0,0.27941176470588236,-1.2205882352941178,-69.5,26803.25,26769.5,126722,126792,26660.0,2026-04-16
A1_k1_spike_nearest,1,2026-04-17 13:30:00+00:00,2026-04-17 13:30:00+00:00,27008.75,26591.25,2026-04-17 14:40:00+00:00,target,114.0,119.25,417.5,0.28562874251497006,0.27305389221556886,0.3215568862275449,-0.15149700598802396,238.5,26591.75,27014.75,126797,127062,27128.5,2026-04-17
A1_k1_spike_nearest,-1,2026-04-20 13:30:00+00:00,2026-04-20 13:30:00+00:00,27119.25,27199.5,2026-04-20 13:39:00+00:00,target,64.25,63.75,80.25,0.794392523364486,0.8006230529595015,0.8504672897196262,-0.2834890965732087,127.5,27199.0,27119.0,127105,127339,27055.0,2026-04-20
A1_k1_spike_nearest,1,2026-04-20 14:15:00+00:00,2026-04-20 14:16:00+00:00,27050.0,26758.75,2026-04-20 16:00:00+00:00,time,-75.5,-76.25,291.25,-0.26180257510729615,-0.2592274678111588,0.13905579399141632,-0.5665236051502146,-152.5,26759.25,27050.25,126966,127351,27120.25,2026-04-20
A1_k1_spike_nearest,1,2026-04-21 13:30:00+00:00,2026-04-21 13:30:00+00:00,27100.0,26850.25,2026-04-21 13:56:00+00:00,target,35.5,35.0,249.75,0.14014014014014015,0.14214214214214213,0.21621621621621623,-0.23123123123123124,70.0,26850.75,27100.25,127158,127464,27135.5,2026-04-21
A1_k1_spike_nearest,1,2026-04-21 14:40:00+00:00,2026-04-21 14:40:00+00:00,27136.5,26850.25,2026-04-21 14:41:00+00:00,target,34.25,33.75,286.25,0.11790393013100436,0.11965065502183406,0.13100436681222707,-0.013973799126637555,67.5,26850.75,27136.75,127158,127632,27170.75,2026-04-21
A1_k1_spike_nearest,1,2026-04-21 14:30:00+00:00,2026-04-21 14:45:00+00:00,27130.75,26850.25,2026-04-21 16:00:00+00:00,time,-82.25,-83.0,280.5,-0.29590017825311943,-0.29322638146167557,0.05258467023172905,-0.5436720142602496,-166.0,26850.75,27131.0,127158,127630,27201.0,2026-04-21
A1_k1_spike_nearest,1,2026-04-22 13:30:00+00:00,2026-04-22 13:33:00+00:00,27131.5,26867.25,2026-04-22 14:01:00+00:00,target,83.5,83.0,264.25,0.3140964995269631,0.31598864711447494,0.3197729422894986,-0.0293282876064333,166.0,26867.75,27131.75,127694,127890,27215.0,2026-04-22
A1_k1_spike_nearest,1,2026-04-22 14:50:00+00:00,2026-04-22 15:01:00+00:00,27260.25,26867.25,2026-04-22 15:24:00+00:00,target,62.5,62.0,393.0,0.15776081424936386,0.15903307888040713,0.16539440203562342,-0.010178117048346057,124.0,26867.75,27260.5,127694,127909,27322.75,2026-04-22
A1_k1_spike_nearest,1,2026-04-23 13:30:00+00:00,2026-04-23 13:30:00+00:00,27290.0,27049.75,2026-04-23 13:36:00+00:00,target,54.75,54.25,240.25,0.22580645161290322,0.2278876170655567,0.2559833506763788,-0.04162330905306972,108.5,27050.25,27290.25,127720,128168,27344.75,2026-04-23
A1_k1_spike_nearest,-1,2026-04-23 13:30:00+00:00,2026-04-23 13:39:00+00:00,27365.75,27454.5,2026-04-23 14:02:00+00:00,target,75.5,75.0,88.75,0.8450704225352113,0.8507042253521127,0.9436619718309859,-0.5943661971830986,150.0,27454.0,27365.5,127975,128160,27290.25,2026-04-23
A1_k1_spike_nearest,-1,2026-04-23 14:45:00+00:00,2026-04-23 14:48:00+00:00,27375.25,27454.5,2026-04-23 15:19:00+00:00,stop,-79.25,-80.0,79.25,-1.0094637223974763,-1.0,0.2586750788643533,-1.0504731861198737,-160.0,27454.0,27375.0,127975,128185,27294.0,2026-04-23
A1_k1_spike_nearest,1,2026-04-24 13:30:00+00:00,2026-04-24 13:30:00+00:00,27518.5,26995.5,2026-04-24 14:46:00+00:00,target,65.5,65.0,523.0,0.124282982791587,0.12523900573613767,0.1477055449330784,-0.13862332695984703,130.0,26996.0,27518.75,128223,128440,27584.0,2026-04-24
A1_k1_spike_nearest,-1,2026-04-27 13:30:00+00:00,2026-04-27 13:30:00+00:00,27742.5,27858.5,2026-04-27 13:31:00+00:00,target,42.75,46.5,116.0,0.40086206896551724,0.36853448275862066,0.5538793103448276,-0.028017241379310345,93.0,27858.0,27742.25,128586,128720,27699.75,2026-04-27
A1_k1_spike_nearest,1,2026-04-27 13:45:00+00:00,2026-04-27 13:46:00+00:00,27670.0,27330.75,2026-04-27 16:00:00+00:00,time,12.75,12.0,339.25,0.03537214443625645,0.03758290346352248,0.17538688282977155,-0.16507000736919675,24.0,27331.25,27670.25,128339,128725,27745.75,2026-04-27
A1_k1_spike_nearest,-1,2026-04-28 13:30:00+00:00,2026-04-28 13:35:00+00:00,27482.25,27858.5,2026-04-28 14:35:00+00:00,target,54.0,53.5,376.25,0.14219269102990034,0.14352159468438538,0.16611295681063123,-0.2245847176079734,107.0,27858.0,27482.0,128586,128994,27428.25,2026-04-28
A1_k1_spike_nearest,1,2026-04-29 13:30:00+00:00,2026-04-29 13:30:00+00:00,27499.25,27321.75,2026-04-29 14:25:00+00:00,target,66.75,66.25,177.5,0.3732394366197183,0.376056338028169,0.3929577464788732,-0.3323943661971831,132.5,27322.25,27499.5,129027,129088,27566.0,2026-04-29
A1_k1_spike_nearest,-1,2026-04-29 13:30:00+00:00,2026-04-29 14:28:00+00:00,27578.25,27829.0,2026-04-29 16:00:00+00:00,time,22.25,21.5,250.75,0.08574277168494517,0.08873379860418744,0.25623130608175476,-0.21335992023928216,43.0,27828.5,27578.0,128840,129256,27508.0,2026-04-29
A1_k1_spike_nearest,1,2026-04-30 13:30:00+00:00,2026-04-30 13:30:00+00:00,27749.75,27404.5,2026-04-30 16:00:00+00:00,time,-45.5,-46.25,345.25,-0.1339608979000724,-0.13178855901520636,0.16509775524981898,-0.7842143374366402,-92.5,27405.0,27750.0,129357,129532,27856.75,2026-04-30
A1_k1_spike_nearest,-1,2026-05-01 13:30:00+00:00,2026-05-01 13:30:00+00:00,27962.0,27990.25,2026-05-01 13:31:00+00:00,stop,-28.25,-29.0,28.25,-1.0265486725663717,-1.0,1.0973451327433628,-1.9380530973451326,-58.0,27989.75,27961.75,129708,129713,27910.25,2026-05-01
A1_k1_spike_nearest,1,2026-05-01 14:25:00+00:00,2026-05-01 14:30:00+00:00,28174.5,27478.5,2026-05-01 15:47:00+00:00,target,49.75,49.25,696.0,0.07076149425287356,0.07147988505747127,0.07794540229885058,-0.15373563218390804,98.5,27479.0,28174.75,129561,129837,28224.25,2026-05-01
A1_k1_spike_nearest,1,2026-05-04 13:30:00+00:00,2026-05-04 13:30:00+00:00,28159.0,27850.5,2026-05-04 13:42:00+00:00,target,40.75,40.25,308.5,0.13047001620745544,0.13209076175040518,0.14424635332252836,-0.1126418152350081,80.5,27851.0,28159.25,129794,130102,28199.75,2026-05-04
A1_k1_spike_nearest,-1,2026-05-04 13:55:00+00:00,2026-05-04 13:59:00+00:00,28211.75,28283.0,2026-05-04 15:19:00+00:00,target,87.5,87.0,71.25,1.2210526315789474,1.2280701754385965,1.7263157894736842,-0.6350877192982456,174.0,28282.5,28211.5,130005,130107,28124.25,2026-05-04
A1_k1_spike_nearest,1,2026-05-05 13:30:00+00:00,2026-05-05 13:31:00+00:00,28289.25,27929.75,2026-05-05 13:32:00+00:00,target,32.5,32.0,359.5,0.0890125173852573,0.09040333796940195,0.09666203059805285,-0.0076495132127955496,64.0,27930.25,28289.5,130135,130378,28321.75,2026-05-05
A1_k1_spike_nearest,1,2026-05-05 14:10:00+00:00,2026-05-05 14:13:00+00:00,28374.0,27929.75,2026-05-05 14:24:00+00:00,target,46.0,45.5,444.25,0.10241980866629151,0.10354530106921778,0.13956105796285875,-0.057962858750703436,91.0,27930.25,28374.25,130135,130386,28420.0,2026-05-05
A1_k1_spike_nearest,1,2026-05-06 14:00:00+00:00,2026-05-06 14:06:00+00:00,28721.75,28043.0,2026-05-06 14:40:00+00:00,target,107.0,106.5,678.75,0.1569060773480663,0.1576427255985267,0.16906077348066298,-0.030939226519337018,213.0,28043.5,28722.0,130216,130660,28828.75,2026-05-06
A1_k1_spike_nearest,1,2026-05-06 15:05:00+00:00,2026-05-06 15:13:00+00:00,28837.75,28043.0,2026-05-06 15:17:00+00:00,target,36.5,36.0,794.75,0.04529726329034287,0.04592639194715319,0.058508965083359545,-0.004403900597672224,72.0,28043.5,28838.0,130216,130673,28874.25,2026-05-06
A1_k1_spike_nearest,-1,2026-05-07 13:30:00+00:00,2026-05-07 13:30:00+00:00,29080.75,29131.25,2026-05-07 13:31:00+00:00,target,38.0,37.5,50.5,0.7425742574257426,0.7524752475247525,0.8465346534653465,-0.07920792079207921,75.0,29130.75,29080.5,130867,130873,29042.75,2026-05-07
A1_k1_spike_nearest,1,2026-05-07 13:30:00+00:00,2026-05-07 13:45:00+00:00,29027.75,28563.75,2026-05-07 13:53:00+00:00,target,48.25,47.75,464.0,0.10290948275862069,0.10398706896551724,0.12931034482758622,-0.008081896551724138,95.5,28564.25,29028.0,130500,130911,29076.0,2026-05-07
A1_k1_spike_nearest,-1,2026-05-07 13:50:00+00:00,2026-05-07 13:54:00+00:00,29098.75,29131.25,2026-05-07 14:05:00+00:00,stop,-32.5,-33.25,32.5,-1.023076923076923,-1.0,0.7076923076923077,-1.0769230769230769,-66.5,29130.75,29098.5,130867,130934,29021.0,2026-05-07
A1_k1_spike_nearest,1,2026-05-07 15:05:00+00:00,2026-05-07 15:05:00+00:00,29185.75,28563.75,2026-05-07 16:00:00+00:00,time,-85.0,-85.75,622.0,-0.13786173633440515,-0.13665594855305466,0.04823151125401929,-0.18488745980707397,-171.5,28564.25,29186.0,130500,130947,29261.0,2026-05-07
A1_k1_spike_nearest,-1,2026-05-08 13:30:00+00:00,2026-05-08 13:32:00+00:00,29254.75,29293.25,2026-05-08 13:36:00+00:00,stop,-38.5,-39.25,38.5,-1.0194805194805194,-1.0,0.44805194805194803,-1.1623376623376624,-78.5,29292.75,29254.5,131198,131201,29178.25,2026-05-08
A1_k1_spike_nearest,1,2026-05-08 14:20:00+00:00,2026-05-08 14:36:00+00:00,29391.75,28857.5,2026-05-08 14:44:00+00:00,target,57.25,56.75,534.25,0.10622367805334582,0.10715956948993917,0.1169864295741694,-0.005147402901263453,113.5,28858.0,29392.0,131022,131216,29449.0,2026-05-08
A1_k1_spike_nearest,1,2026-05-11 13:30:00+00:00,2026-05-11 13:30:00+00:00,29606.25,28857.5,2026-05-11 13:31:00+00:00,target,22.75,52.25,748.75,0.06978297161936561,0.030383973288814693,0.12787979966611018,-0.01335559265442404,104.5,28858.0,29606.5,131022,131481,29629.0,2026-05-11
A1_k1_spike_nearest,-1,2026-05-11 13:55:00+00:00,2026-05-11 14:17:00+00:00,29730.75,29753.75,2026-05-11 14:29:00+00:00,target,134.5,134.0,23.0,5.826086956521739,5.8478260869565215,5.891304347826087,-0.16304347826086957,268.0,29753.25,29730.5,131484,131487,29596.25,2026-05-11
A1_k1_spike_nearest,1,2026-05-11 13:30:00+00:00,2026-05-11 14:31:00+00:00,29566.25,28857.5,2026-05-11 14:34:00+00:00,target,62.75,62.25,708.75,0.08783068783068783,0.08853615520282188,0.09770723104056438,-0.004585537918871252,124.5,28858.0,29566.5,131022,131335,29629.0,2026-05-11
A1_k1_spike_nearest,1,2026-05-11 15:10:00+00:00,2026-05-11 15:14:00+00:00,29690.5,28857.5,2026-05-11 15:25:00+00:00,target,37.5,37.0,833.0,0.04441776710684274,0.045018007202881155,0.04531812725090036,-0.019807923169267706,74.0,28858.0,29690.75,131022,131502,29728.0,2026-05-11
A1_k1_spike_nearest,-1,2026-05-11 15:05:00+00:00,2026-05-11 15:26:00+00:00,29728.25,29753.75,2026-05-11 15:30:00+00:00,stop,-25.5,-26.25,25.5,-1.0294117647058822,-1.0,0.35294117647058826,-1.088235294117647,-52.5,29753.25,29728.0,131484,131501,29563.0,2026-05-11
A1_k1_spike_nearest,-1,2026-05-12 13:30:00+00:00,2026-05-12 13:30:00+00:00,29542.75,29793.5,2026-05-12 13:31:00+00:00,target,37.25,60.25,250.75,0.24027916251246262,0.1485543369890329,0.3230309072781655,-0.0029910269192422734,120.5,29793.0,29542.5,131535,131756,29505.5,2026-05-12
A1_k1_spike_nearest,-1,2026-05-12 13:30:00+00:00,2026-05-12 13:40:00+00:00,29553.5,29793.5,2026-05-12 13:51:00+00:00,target,48.0,47.5,240.0,0.19791666666666666,0.2,0.21041666666666667,-0.24270833333333333,95.0,29793.0,29553.25,131535,131754,29505.5,2026-05-12
A1_k1_spike_nearest,1,2026-05-12 13:45:00+00:00,2026-05-12 13:57:00+00:00,29459.5,29428.75,2026-05-12 14:00:00+00:00,stop,-30.75,-31.5,30.75,-1.024390243902439,-1.0,0.7154471544715447,-1.4146341463414633,-63.0,29429.25,29459.75,131748,131761,29614.5,2026-05-12
A1_k1_spike_nearest,1,2026-05-13 13:30:00+00:00,2026-05-13 13:31:00+00:00,29539.25,29263.5,2026-05-13 15:42:00+00:00,target,138.0,137.5,275.75,0.4986400725294651,0.5004533091568449,0.5022665457842248,-0.5367180417044425,275.0,29264.0,29539.5,131823,132029,29677.25,2026-05-13
A1_k1_spike_nearest,-1,2026-05-14 13:30:00+00:00,2026-05-14 13:31:00+00:00,29812.75,30010.0,2026-05-14 14:45:00+00:00,stop,-197.25,-198.0,197.25,-1.0038022813688212,-1.0,0.21673003802281368,-1.0164765525982256,-396.0,30009.5,29812.5,132161,132310,29764.25,2026-05-14
A1_k1_spike_nearest,-1,2026-05-15 13:30:00+00:00,2026-05-15 13:30:00+00:00,29594.0,30100.25,2026-05-15 13:38:00+00:00,target,89.75,124.0,506.25,0.24493827160493828,0.17728395061728394,0.25234567901234567,-0.027160493827160494,248.0,30099.75,29559.0,132344,132574,29469.5,2026-05-15
A1_k1_spike_nearest,1,2026-05-15 13:45:00+00:00,2026-05-15 13:45:00+00:00,29466.0,29456.25,2026-05-15 13:45:00+00:00,stop,-9.75,-10.5,9.75,-1.0769230769230769,-1.0,3.358974358974359,-2.948717948717949,-21.0,29456.75,29466.25,132579,132589,29607.75,2026-05-15
A1_k1_spike_nearest,-1,2026-05-15 13:40:00+00:00,2026-05-15 14:13:00+00:00,29608.0,30100.25,2026-05-15 16:00:00+00:00,time,10.0,9.25,492.25,0.018791264601320468,0.02031488065007618,0.16353478923311326,-0.18384966988318943,18.5,30099.75,29607.75,132344,132588,29456.75,2026-05-15
A1_k1_spike_nearest,1,2026-05-18 13:30:00+00:00,2026-05-18 13:30:00+00:00,29654.5,29239.5,2026-05-18 16:00:00+00:00,time,-356.5,-343.5,415.0,-0.827710843373494,-0.8590361445783132,0.04457831325301205,-0.9566265060240964,-687.0,29240.0,29668.5,132721,132861,29735.75,2026-05-18
A1_k1_spike_nearest,-1,2026-05-19 13:35:00+00:00,2026-05-19 13:36:00+00:00,29350.25,29736.25,2026-05-19 14:07:00+00:00,target,232.0,231.5,386.0,0.5997409326424871,0.6010362694300518,0.6884715025906736,-0.08743523316062177,463.0,29735.75,29350.0,132857,133084,29118.25,2026-05-19
A1_k1_spike_nearest,-1,2026-05-19 14:50:00+00:00,2026-05-19 14:57:00+00:00,29117.5,29736.25,2026-05-19 16:00:00+00:00,time,-15.75,-16.5,618.75,-0.02666666666666667,-0.025454545454545455,0.1204040404040404,-0.12363636363636364,-33.0,29735.75,29117.25,132857,133154,28979.0,2026-05-19
A1_k1_spike_nearest,-1,2026-05-20 13:30:00+00:00,2026-05-20 13:30:00+00:00,29434.5,29506.5,2026-05-20 13:35:00+00:00,target,31.5,31.0,72.0,0.4305555555555556,0.4375,0.75,-0.5034722222222222,62.0,29506.0,29434.25,132982,133411,29403.0,2026-05-20
A1_k1_spike_nearest,1,2026-05-20 13:30:00+00:00,2026-05-20 13:36:00+00:00,29364.5,28990.5,2026-05-20 13:40:00+00:00,target,69.75,69.25,374.0,0.18516042780748662,0.18649732620320855,0.18783422459893048,-0.06885026737967914,138.5,28991.0,29364.75,133155,133352,29434.25,2026-05-20
A1_k1_spike_nearest,-1,2026-05-20 13:40:00+00:00,2026-05-20 13:45:00+00:00,29471.0,29506.5,2026-05-20 13:46:00+00:00,stop,-35.5,-36.25,35.5,-1.0211267605633803,-1.0,0.8380281690140845,-1.1126760563380282,-72.5,29506.0,29470.75,132982,133416,29330.25,2026-05-20
A1_k1_spike_nearest,1,2026-05-20 14:05:00+00:00,2026-05-20 14:11:00+00:00,29362.5,28990.5,2026-05-20 14:16:00+00:00,target,148.75,148.25,372.0,0.39852150537634407,0.39986559139784944,0.4435483870967742,-0.10349462365591398,296.5,28991.0,29362.75,133155,133421,29511.25,2026-05-20
A1_k1_spike_nearest,-1,2026-05-21 13:30:00+00:00,2026-05-21 13:30:00+00:00,29556.0,29779.75,2026-05-21 14:20:00+00:00,target,68.0,67.5,223.75,0.3016759776536313,0.3039106145251397,0.4301675977653631,-0.441340782122905,135.0,29779.25,29555.75,133629,133686,29488.0,2026-05-21
A1_k1_spike_nearest,1,2026-05-21 15:00:00+00:00,2026-05-21 15:06:00+00:00,29481.5,29154.25,2026-05-21 15:23:00+00:00,target,89.25,88.75,327.25,0.2711993888464477,0.2727272727272727,0.2987012987012987,-0.08403361344537816,177.5,29154.75,29481.75,133292,133708,29570.75,2026-05-21
A1_k1_spike_nearest,-1,2026-05-22 13:30:00+00:00,2026-05-22 13:30:00+00:00,29934.0,29982.0,2026-05-22 13:37:00+00:00,stop,-48.0,-48.75,48.0,-1.015625,-1.0,1.8020833333333333,-1.4322916666666667,-97.5,29981.5,29933.75,133906,133912,29860.75,2026-05-22
A1_k1_spike_nearest,1,2026-05-22 14:00:00+00:00,2026-05-22 14:00:00+00:00,29901.5,29428.5,2026-05-22 16:00:00+00:00,time,102.25,101.5,473.0,0.21458773784355178,0.21617336152219874,0.2711416490486258,-0.20137420718816068,203.0,29429.0,29901.75,133508,133972,30034.25,2026-05-22
A1_k1_spike_nearest,-1,2026-05-25 13:30:00+00:00,2026-05-25 13:34:00+00:00,30274.0,30311.5,2026-05-25 14:30:00+00:00,target,20.0,19.5,37.5,0.52,0.5333333333333333,0.56,-0.98,39.0,30311.0,30273.75,134145,134236,30254.0,2026-05-25
A1_k1_spike_nearest,1,2026-05-25 13:35:00+00:00,2026-05-25 14:32:00+00:00,30251.75,29753.0,2026-05-25 15:11:00+00:00,target,54.25,53.75,498.75,0.10776942355889724,0.10877192982456141,0.11027568922305764,-0.05413533834586466,107.5,29753.5,30252.0,133932,134243,30306.0,2026-05-25
A1_k1_spike_nearest,-1,2026-05-26 13:30:00+00:00,2026-05-26 13:30:00+00:00,30246.75,30311.5,2026-05-26 13:31:00+00:00,target,29.25,46.0,64.75,0.7104247104247104,0.4517374517374517,0.7992277992277992,-0.07722007722007722,92.0,30311.0,30246.5,134145,134462,30217.5,2026-05-26
A1_k1_spike_nearest,1,2026-05-26 13:30:00+00:00,2026-05-26 13:34:00+00:00,30165.75,30058.5,2026-05-26 13:43:00+00:00,target,80.75,80.25,107.25,0.7482517482517482,0.752913752913753,0.8321678321678322,-0.21678321678321677,160.5,30059.0,30166.0,134400,134455,30246.5,2026-05-26
A1_k1_spike_nearest,-1,2026-05-26 13:30:00+00:00,2026-05-26 13:45:00+00:00,30267.25,30311.5,2026-05-26 13:58:00+00:00,stop,-44.25,-45.0,44.25,-1.0169491525423728,-1.0,0.8531073446327684,-1.0508474576271187,-90.0,30311.0,30267.0,134145,134291,30217.5,2026-05-26
A1_k1_spike_nearest,1,2026-05-26 15:15:00+00:00,2026-05-26 15:17:00+00:00,30319.5,30058.5,2026-05-26 16:00:00+00:00,time,-76.75,-77.5,261.0,-0.29693486590038315,-0.2940613026819923,0.10057471264367816,-0.4521072796934866,-155.0,30059.0,30319.75,134400,134491,30435.0,2026-05-26
A1_k1_spike_nearest,1,2026-05-27 13:30:00+00:00,2026-05-27 13:30:00+00:00,30488.75,30058.5,2026-05-27 16:00:00+00:00,time,-238.0,-238.75,430.25,-0.5549099360836722,-0.5531667635095875,0.0453224869262057,-0.6897152818128994,-477.5,30059.0,30489.0,134400,134695,30587.0,2026-05-27
A1_k1_spike_nearest,-1,2026-05-28 13:30:00+00:00,2026-05-28 13:30:00+00:00,30412.25,30696.5,2026-05-28 13:33:00+00:00,target,67.5,67.0,284.25,0.2357080035180299,0.23746701846965698,0.3007915567282322,-0.05716798592788039,134.0,30696.0,30412.0,134734,134841,30344.75,2026-05-28
A1_k1_spike_nearest,1,2026-05-28 13:30:00+00:00,2026-05-28 13:50:00+00:00,30242.75,30078.75,2026-05-28 14:12:00+00:00,target,165.5,165.0,164.0,1.0060975609756098,1.0091463414634145,1.3201219512195121,-0.039634146341463415,330.0,30079.25,30243.0,134914,135010,30408.25,2026-05-28
A1_k1_spike_nearest,-1,2026-05-28 14:40:00+00:00,2026-05-28 14:44:00+00:00,30482.75,30696.5,2026-05-28 16:00:00+00:00,time,-97.5,-98.25,213.75,-0.45964912280701753,-0.45614035087719296,0.2152046783625731,-0.5941520467836258,-196.5,30696.0,30482.5,134734,135036,30379.25,2026-05-28
A1_k1_spike_nearest,1,2026-05-29 13:30:00+00:00,2026-05-29 14:40:00+00:00,30651.25,30078.75,2026-05-29 14:51:00+00:00,target,28.25,27.75,572.5,0.04847161572052402,0.049344978165938864,0.08471615720524017,-0.11441048034934498,55.5,30079.25,30651.5,134914,135297,30679.5,2026-05-29
A1_k1_spike_nearest,-1,2026-06-01 13:45:00+00:00,2026-06-01 13:47:00+00:00,30778.25,30908.5,2026-06-01 16:00:00+00:00,time,-39.25,-40.0,130.25,-0.30710172744721687,-0.30134357005758156,1.2840690978886755,-0.7044145873320538,-80.0,30908.0,30778.0,135499,135577,30607.0,2026-06-01
A1_k1_spike_nearest,-1,2026-06-02 13:30:00+00:00,2026-06-02 13:30:00+00:00,30876.75,30964.25,2026-06-02 13:33:00+00:00,target,79.75,79.25,87.5,0.9057142857142857,0.9114285714285715,0.9485714285714286,-0.07714285714285714,158.5,30963.75,30876.5,135644,135842,30797.0,2026-06-02
A1_k1_spike_nearest,1,2026-06-02 13:30:00+00:00,2026-06-02 13:35:00+00:00,30774.25,30606.5,2026-06-02 13:50:00+00:00,target,102.25,101.75,167.75,0.6065573770491803,0.6095380029806259,0.6348733233979136,-0.20566318926974664,203.5,30607.0,30774.5,135575,135761,30876.5,2026-06-02
A1_k1_spike_nearest,-1,2026-06-02 13:30:00+00:00,2026-06-02 13:53:00+00:00,30890.5,30964.25,2026-06-02 15:01:00+00:00,stop,-73.75,-74.5,73.75,-1.0101694915254238,-1.0,0.6474576271186441,-1.0135593220338983,-149.0,30963.75,30890.25,135644,135828,30797.0,2026-06-02
A1_k1_spike_nearest,1,2026-06-03 13:30:00+00:00,2026-06-03 13:35:00+00:00,30995.25,30633.25,2026-06-03 16:00:00+00:00,time,-74.75,-75.5,362.0,-0.2085635359116022,-0.2064917127071823,0.1664364640883978,-0.5075966850828729,-151.0,30633.75,30995.5,135730,136044,31113.5,2026-06-03
A1_k1_spike_nearest,1,2026-06-04 13:30:00+00:00,2026-06-04 13:30:00+00:00,30539.0,30478.5,2026-06-04 13:34:00+00:00,target,126.0,125.5,60.5,2.074380165289256,2.0826446280991737,2.1611570247933884,-0.21487603305785125,251.0,30479.0,30539.25,136381,136390,30665.0,2026-06-04
A1_k1_spike_nearest,-1,2026-06-04 13:30:00+00:00,2026-06-04 13:37:00+00:00,30675.25,31124.25,2026-06-04 13:41:00+00:00,target,71.25,70.75,449.0,0.15757238307349666,0.15868596881959912,0.19821826280623608,-0.011692650334075724,141.5,31123.75,30675.0,136128,136349,30604.0,2026-06-04
A1_k1_spike_nearest,1,2026-06-04 13:40:00+00:00,2026-06-04 13:45:00+00:00,30525.75,30478.5,2026-06-04 14:06:00+00:00,stop,-47.25,-48.0,47.25,-1.0158730158730158,-1.0,2.259259259259259,-1.2116402116402116,-96.0,30479.0,30526.0,136381,136404,30718.5,2026-06-04
A1_k1_spike_nearest,-1,2026-06-04 14:00:00+00:00,2026-06-04 14:24:00+00:00,30632.75,31124.25,2026-06-04 16:00:00+00:00,time,-96.5,-97.25,491.5,-0.19786368260427264,-0.1963377416073245,0.061037639877924724,-0.30976602238046796,-194.5,31123.75,30632.5,136128,136408,30503.5,2026-06-04
A1_k1_spike_nearest,1,2026-06-08 13:30:00+00:00,2026-06-08 13:30:00+00:00,29842.25,29094.0,2026-06-08 14:46:00+00:00,target,69.25,93.25,748.25,0.1246241229535583,0.09254928165720014,0.13899097895088539,-0.26060808553291015,186.5,29094.5,29867.0,136767,136953,29936.0,2026-06-08
A1_k1_spike_nearest,-1,2026-06-08 13:30:00+00:00,2026-06-08 15:01:00+00:00,29998.5,30576.5,2026-06-08 16:00:00+00:00,time,72.5,71.75,578.0,0.12413494809688581,0.1254325259515571,0.21539792387543252,-0.1046712802768166,143.5,30576.0,29998.25,136628,136707,29867.0,2026-06-08
A1_k1_spike_nearest,1,2026-06-09 13:30:00+00:00,2026-06-09 13:31:00+00:00,30008.0,29187.25,2026-06-09 13:43:00+00:00,target,56.0,55.5,820.75,0.06762107828205909,0.06823027718550106,0.07950045689917758,-0.07158087115443192,111.0,29187.75,30008.25,136781,137229,30064.0,2026-06-09
A1_k1_spike_nearest,1,2026-06-09 13:40:00+00:00,2026-06-09 14:00:00+00:00,29949.0,29187.25,2026-06-09 15:29:00+00:00,stop,-761.75,-762.5,761.75,-1.0009845749917952,-1.0,0.10600590744995077,-1.029865441417788,-1525.0,29187.75,29949.25,136781,137232,30060.0,2026-06-09
A1_k1_spike_nearest,-1,2026-06-10 13:30:00+00:00,2026-06-10 13:30:00+00:00,29206.25,30163.5,2026-06-10 13:33:00+00:00,target,68.25,67.75,957.25,0.07077565944110734,0.0712979890310786,0.0864455471402455,-0.06711935231130843,135.5,30163.0,29206.0,137235,137505,29138.0,2026-06-10
A1_k1_spike_nearest,-1,2026-06-10 13:30:00+00:00,2026-06-10 13:37:00+00:00,29273.5,30163.5,2026-06-10 15:08:00+00:00,target,135.5,135.0,890.0,0.15168539325842698,0.15224719101123596,0.1544943820224719,-0.3297752808988764,270.0,30163.0,29273.25,137235,137498,29138.0,2026-06-10
A1_k1_spike_nearest,1,2026-06-10 13:45:00+00:00,2026-06-10 15:11:00+00:00,29087.5,28542.75,2026-06-10 16:00:00+00:00,time,84.75,84.0,544.75,0.15419917393299679,0.15557595227168425,0.2299219825608077,-0.2643414410279945,168.0,28543.25,29087.75,137270,137509,29415.25,2026-06-10
A1_k1_spike_nearest,1,2026-06-11 13:30:00+00:00,2026-06-11 13:30:00+00:00,29069.25,28579.75,2026-06-11 13:46:00+00:00,target,71.0,73.0,489.5,0.1491317671092952,0.14504596527068436,0.27477017364657813,-0.20888661899897856,146.0,28580.25,29072.0,137613,137779,29142.75,2026-06-11
A1_k1_spike_nearest,-1,2026-06-11 13:30:00+00:00,2026-06-11 13:50:00+00:00,29238.5,29251.5,2026-06-11 13:51:00+00:00,stop,-13.0,-13.75,13.0,-1.0576923076923077,-1.0,8.173076923076923,-3.576923076923077,-27.5,29251.0,29238.25,137725,137730,29072.0,2026-06-11
A1_k1_spike_nearest,-1,2026-06-11 14:35:00+00:00,2026-06-11 14:36:00+00:00,29247.75,29365.25,2026-06-11 14:53:00+00:00,target,180.25,179.75,117.5,1.5297872340425531,1.5340425531914894,1.6063829787234043,-0.08723404255319149,359.5,29364.75,29247.5,137790,137795,29067.5,2026-06-11
A1_k1_spike_nearest,1,2026-06-11 13:30:00+00:00,2026-06-11 14:58:00+00:00,28954.0,28579.75,2026-06-11 15:15:00+00:00,target,188.75,188.25,374.25,0.503006012024048,0.5043420173680695,0.5364061456245826,-0.16165664662658652,376.5,28580.25,28954.25,137613,137772,29142.75,2026-06-11
A1_k1_spike_nearest,1,2026-06-12 13:30:00+00:00,2026-06-12 13:30:00+00:00,29746.75,28579.75,2026-06-12 14:17:00+00:00,target,183.75,183.25,1167.0,0.15702656383890318,0.15745501285347044,0.16859468723221938,-0.17095115681233933,366.5,28580.25,29747.0,137613,138058,29930.5,2026-06-12
A1_k1_spike_nearest,1,2026-06-12 14:30:00+00:00,2026-06-12 14:41:00+00:00,29802.0,28579.75,2026-06-12 14:55:00+00:00,target,141.5,141.0,1222.25,0.11536101452239722,0.11577009613417877,0.13029249335242382,-0.10922479034567396,282.0,28580.25,29802.25,137613,138070,29943.5,2026-06-12
A1_k1_spike_nearest,-1,2026-06-12 13:30:00+00:00,2026-06-12 15:00:00+00:00,29977.25,29984.5,2026-06-12 15:01:00+00:00,stop,-7.25,-8.0,7.25,-1.103448275862069,-1.0,6.172413793103448,-1.3793103448275863,-16.0,29984.0,29977.0,138013,138017,29670.5,2026-06-12
A1_k1_spike_nearest,1,2026-06-15 14:10:00+00:00,2026-06-15 14:14:00+00:00,30702.75,29546.75,2026-06-15 15:03:00+00:00,target,109.75,109.25,1156.0,0.09450692041522492,0.094939446366782,0.11029411764705882,-0.01448961937716263,218.5,29547.25,30703.0,138063,138342,30812.5,2026-06-15
A1_k1_spike_nearest,1,2026-06-16 13:30:00+00:00,2026-06-16 13:30:00+00:00,30781.0,30305.5,2026-06-16 13:42:00+00:00,target,76.5,76.0,475.5,0.1598317560462671,0.1608832807570978,0.1750788643533123,-0.046267087276550996,152.0,30306.0,30781.25,138166,138473,30857.5,2026-06-16
A1_k1_spike_nearest,1,2026-06-16 14:10:00+00:00,2026-06-16 14:16:00+00:00,30802.25,30305.5,2026-06-16 16:00:00+00:00,time,-326.25,-327.0,496.75,-0.6582788122798188,-0.6567689984901862,0.043784599899345744,-0.7775541016607952,-654.0,30306.0,30802.5,138166,138618,30896.0,2026-06-16
A1_k1_spike_nearest,-1,2026-06-17 13:30:00+00:00,2026-06-17 13:30:00+00:00,30527.5,30584.75,2026-06-17 13:31:00+00:00,target,62.25,62.0,57.25,1.0829694323144106,1.0873362445414847,1.445414847161572,-0.008733624454148471,124.0,30584.25,30527.0,138823,138840,30465.0,2026-06-17
A1_k1_spike_nearest,1,2026-06-17 13:30:00+00:00,2026-06-17 13:33:00+00:00,30440.25,30272.75,2026-06-17 13:43:00+00:00,target,69.75,69.25,167.5,0.4134328358208955,0.4164179104477612,0.5029850746268657,-0.25223880597014925,138.5,30273.25,30440.5,138693,138873,30510.0,2026-06-17
A1_k1_spike_nearest,-1,2026-06-17 13:35:00+00:00,2026-06-17 13:45:00+00:00,30532.5,30584.75,2026-06-17 13:57:00+00:00,target,145.25,144.75,52.25,2.770334928229665,2.7799043062200957,3.339712918660287,-0.15789473684210525,289.5,30584.25,30532.25,138823,138887,30387.25,2026-06-17
A1_k1_spike_nearest,-1,2026-06-17 13:55:00+00:00,2026-06-17 14:24:00+00:00,30541.0,30584.75,2026-06-17 14:40:00+00:00,target,143.0,142.5,43.75,3.257142857142857,3.2685714285714287,3.4057142857142857,-0.08571428571428572,285.0,30584.25,30540.75,138823,138891,30398.0,2026-06-17
A1_k1_spike_nearest,1,2026-06-17 13:30:00+00:00,2026-06-17 14:47:00+00:00,30290.5,30272.75,2026-06-17 16:00:00+00:00,time,159.5,158.75,17.75,8.943661971830986,8.985915492957746,10.154929577464788,-0.08450704225352113,317.5,30273.25,30290.75,138693,138697,30510.0,2026-06-17
A1_k1_spike_nearest,1,2026-06-18 13:30:00+00:00,2026-06-18 13:35:00+00:00,30468.0,29921.5,2026-06-18 14:09:00+00:00,target,116.25,115.75,546.5,0.21180237877401648,0.21271729185727356,0.22689844464775846,-0.13906678865507777,231.5,29922.0,30468.25,138964,139159,30584.25,2026-06-18
A1_k1_spike_nearest,-1,2026-06-18 14:15:00+00:00,2026-06-18 14:17:00+00:00,30592.25,30615.5,2026-06-18 14:23:00+00:00,stop,-23.25,-24.0,23.25,-1.032258064516129,-1.0,1.3225806451612903,-1.7096774193548387,-48.0,30615.0,30592.0,139164,139171,30405.0,2026-06-18
A1_k1_spike_nearest,1,2026-06-18 14:30:00+00:00,2026-06-18 14:30:00+00:00,30499.75,29921.5,2026-06-18 14:48:00+00:00,target,143.25,142.75,578.25,0.24686554258538695,0.24773022049286642,0.2788586251621271,-0.06312148724600086,285.5,29922.0,30500.0,138964,139173,30643.0,2026-06-18
A1_k1_spike_nearest,-1,2026-06-18 15:05:00+00:00,2026-06-18 15:08:00+00:00,30651.75,30661.5,2026-06-18 15:11:00+00:00,stop,-9.75,-10.5,9.75,-1.0769230769230769,-1.0,2.2051282051282053,-2.4615384615384617,-21.0,30661.0,30651.5,139179,139181,30463.25,2026-06-18
A1_k1_spike_nearest,1,2026-06-18 15:10:00+00:00,2026-06-18 15:23:00+00:00,30582.25,29921.5,2026-06-18 16:00:00+00:00,time,58.25,57.5,660.75,0.08702232311766932,0.088157396897465,0.1252364737041241,-0.13053348467650397,115.0,29922.0,30582.5,138964,139182,30661.0,2026-06-18
A1_k1_spike_nearest,-1,2026-06-19 13:30:00+00:00,2026-06-19 13:30:00+00:00,30670.0,30783.75,2026-06-19 16:00:00+00:00,time,-14.25,-15.0,113.75,-0.13186813186813187,-0.12527472527472527,0.31868131868131866,-0.3076923076923077,-30.0,30783.25,30669.75,139239,139433,30626.5,2026-06-19
A1_k1_spike_nearest,1,2026-06-22 14:20:00+00:00,2026-06-22 14:20:00+00:00,30842.5,30336.25,2026-06-22 16:00:00+00:00,time,-286.0,-286.75,506.25,-0.5664197530864198,-0.5649382716049383,0.07061728395061728,-0.5990123456790123,-573.5,30336.75,30842.75,139505,139673,30967.75,2026-06-22
A1_k1_spike_nearest,-1,2026-06-23 13:30:00+00:00,2026-06-23 13:32:00+00:00,29772.0,30700.25,2026-06-23 13:36:00+00:00,target,80.75,80.25,928.25,0.08645300296256396,0.08699165095610019,0.10907621869108537,-0.01050363587395637,160.5,30699.75,29771.75,139758,139934,29691.25,2026-06-23
A1_k1_spike_nearest,-1,2026-06-23 13:30:00+00:00,2026-06-23 13:39:00+00:00,29793.5,30700.25,2026-06-23 16:00:00+00:00,time,-4.25,-5.0,906.75,-0.005514199062586159,-0.0046870692031982355,0.10862972153294734,-0.279294182519989,-10.0,30699.75,29793.25,139758,139932,29691.25,2026-06-23
A1_k1_spike_nearest,1,2026-06-24 13:30:00+00:00,2026-06-24 13:30:00+00:00,29654.0,29576.75,2026-06-24 13:32:00+00:00,target,137.75,137.25,77.25,1.7766990291262137,1.7831715210355987,2.0485436893203883,-0.23624595469255663,274.5,29577.25,29654.25,140008,140110,29791.75,2026-06-24
A1_k1_spike_nearest,1,2026-06-24 13:40:00+00:00,2026-06-24 13:41:00+00:00,29635.5,29576.75,2026-06-24 13:48:00+00:00,stop,-58.75,-59.5,58.75,-1.0127659574468084,-1.0,1.353191489361702,-1.2170212765957447,-119.0,29577.25,29635.75,140008,140220,29865.5,2026-06-24
A1_k1_spike_nearest,1,2026-06-24 14:10:00+00:00,2026-06-24 14:15:00+00:00,29625.75,29563.5,2026-06-24 14:20:00+00:00,stop,-62.25,-63.0,62.25,-1.0120481927710843,-1.0,1.1204819277108433,-1.6144578313253013,-126.0,29564.0,29626.0,140223,140226,29790.0,2026-06-24
A1_k1_spike_nearest,-1,2026-06-24 14:15:00+00:00,2026-06-24 14:28:00+00:00,29725.75,30700.25,2026-06-24 16:00:00+00:00,time,-30.5,-31.25,974.5,-0.032067727039507436,-0.03129810159055926,0.04027706516162134,-0.18650590046177526,-62.5,30699.75,29725.5,139758,140227,29626.0,2026-06-24
A1_k1_spike_nearest,1,2026-06-25 13:30:00+00:00,2026-06-25 13:30:00+00:00,30114.0,29923.5,2026-06-25 13:41:00+00:00,stop,-190.5,-191.25,190.5,-1.0039370078740157,-1.0,0.4435695538057743,-1.10498687664042,-382.5,29924.0,30114.25,140361,140477,30227.0,2026-06-25
A1_k1_spike_nearest,-1,2026-06-25 14:20:00+00:00,2026-06-25 14:33:00+00:00,29690.25,30264.75,2026-06-25 16:00:00+00:00,time,30.25,29.5,574.5,0.05134899912967798,0.05265448215839861,0.39643167972149695,-0.15013054830287206,59.0,30264.25,29690.0,140484,140504,29296.5,2026-06-25
A1_k1_spike_nearest,-1,2026-06-26 13:30:00+00:00,2026-06-26 13:30:00+00:00,29361.5,30264.75,2026-06-26 13:33:00+00:00,target,139.0,150.25,903.25,0.16634375864932188,0.15388873512316634,0.18128978688070854,-0.012455023526155549,300.5,30264.25,29349.5,140484,140764,29210.75,2026-06-26
A1_k1_spike_nearest,-1,2026-06-26 13:30:00+00:00,2026-06-26 13:56:00+00:00,29406.25,30264.75,2026-06-26 16:00:00+00:00,time,-214.5,-215.25,858.5,-0.25072801397786837,-0.24985439720442632,0.11124053581828772,-0.36225975538730343,-430.5,30264.25,29406.0,140484,140760,29210.75,2026-06-26
A1_k1_spike_nearest,1,2026-06-29 13:30:00+00:00,2026-06-29 13:30:00+00:00,29577.75,29159.5,2026-06-29 13:32:00+00:00,target,155.75,155.25,418.25,0.37118947997609086,0.3723849372384937,0.38254632396891813,-0.049611476389719064,310.5,29160.0,29578.0,140653,140970,29733.5,2026-06-29
A1_k1_spike_nearest,-1,2026-06-29 13:30:00+00:00,2026-06-29 13:33:00+00:00,29740.25,29894.25,2026-06-29 13:37:00+00:00,target,90.25,89.75,154.0,0.5827922077922078,0.586038961038961,0.6136363636363636,-0.18019480519480519,179.5,29893.75,29740.0,140603,141033,29650.0,2026-06-29
A1_k1_spike_nearest,-1,2026-06-29 13:30:00+00:00,2026-06-29 13:44:00+00:00,29770.25,29894.25,2026-06-29 13:56:00+00:00,target,120.25,119.75,124.0,0.9657258064516129,0.969758064516129,1.1814516129032258,-0.5504032258064516,239.5,29893.75,29770.0,140603,141024,29650.0,2026-06-29
A1_k1_spike_nearest,1,2026-06-29 13:40:00+00:00,2026-06-29 14:00:00+00:00,29556.75,29159.5,2026-06-29 15:29:00+00:00,target,211.25,210.75,397.25,0.5305223410950283,0.5317809943360604,0.5487728130899937,-0.7117684078036501,421.5,29160.0,29557.0,140653,141048,29768.0,2026-06-29
A1_k1_spike_nearest,-1,2026-06-30 13:30:00+00:00,2026-06-30 13:30:00+00:00,30059.0,30217.75,2026-06-30 13:35:00+00:00,stop,-158.75,-159.5,158.75,-1.0047244094488188,-1.0,0.15590551181102363,-1.2094488188976378,-319.0,30217.25,30058.75,141222,141314,29978.0,2026-06-30
A1_k1_spike_nearest,1,2026-06-30 14:20:00+00:00,2026-06-30 14:55:00+00:00,30305.5,29273.5,2026-06-30 15:13:00+00:00,target,88.25,87.75,1032.0,0.08502906976744186,0.08551356589147287,0.0998062015503876,-0.02252906976744186,175.5,29274.0,30305.75,141057,141332,30393.75,2026-06-30
