tag,side,t_signal,t_entry,entry,stop0,t_exit,reason,gross_px,net_px,risk_px,R,gross_R,mfe_R,mae_R,net_usd_1,m_anchor,m_internal,m_anchor_i,m_internal_i,m_tgt1,m_day
A3_k1_spike_split,-1,2024-07-01 13:30:00+00:00,2024-07-01 13:30:00+00:00,21913.25,21963.25,2024-07-01 13:34:00+00:00,target,78.625,29.875,50.0,0.5975,1.5725,0.855,-0.3,59.75,21962.75,21961.25,76,78,21893.0,2024-07-01
A3_k1_spike_split,-1,2024-07-01 13:40:00+00:00,2024-07-01 13:40:00+00:00,21896.5,21963.25,2024-07-01 13:41:00+00:00,target,60.625,28.125,66.75,0.42134831460674155,0.9082397003745318,0.5093632958801498,-0.003745318352059925,56.25,21962.75,21928.25,76,162,21870.5,2024-07-01
A3_k1_spike_split,-1,2024-07-01 14:35:00+00:00,2024-07-01 14:35:00+00:00,21855.75,21963.25,2024-07-01 16:00:00+00:00,time,-31.0,-63.75,107.5,-0.5930232558139535,-0.28837209302325584,0.4627906976744186,-0.586046511627907,-127.5,21962.75,21887.5,76,173,21754.0,2024-07-01
A3_k1_spike_split,-1,2024-07-02 13:30:00+00:00,2024-07-02 13:30:00+00:00,21924.25,22017.0,2024-07-02 13:42:00+00:00,stop,-20.0,-93.5,92.75,-1.0080862533692723,-0.215633423180593,0.05660377358490566,-1.0808625336927224,-187.0,22016.5,21996.75,239,253,21874.75,2024-07-02
A3_k1_spike_split,-1,2024-07-02 14:05:00+00:00,2024-07-02 14:05:00+00:00,22013.75,22039.5,2024-07-02 14:40:00+00:00,stop,-18.25,-26.5,25.75,-1.029126213592233,-0.7087378640776699,2.1844660194174756,-1.4174757281553398,-53.0,22039.0,22021.0,441,443,21913.0,2024-07-02
A3_k1_spike_split,1,2024-07-02 15:05:00+00:00,2024-07-02 15:05:00+00:00,22060.5,21753.5,2024-07-02 15:06:00+00:00,target,63.25,5.75,307.0,0.018729641693811076,0.20602605863192183,0.033387622149837134,-0.0016286644951140066,11.5,21754.0,22003.75,171,453,22066.75,2024-07-02
A3_k1_spike_split,1,2024-07-02 15:20:00+00:00,2024-07-02 15:20:00+00:00,22048.25,21753.5,2024-07-02 15:30:00+00:00,target,28.0,24.5,294.75,0.08312128922815945,0.09499575911789652,0.11789652247667515,-0.0720949957591179,49.0,21754.0,22045.5,171,458,22073.25,2024-07-02
A3_k1_spike_split,-1,2024-07-03 13:30:00+00:00,2024-07-03 13:30:00+00:00,22158.5,22221.25,2024-07-03 13:52:00+00:00,stop,-5.0,-63.5,62.75,-1.0119521912350598,-0.0796812749003984,0.0,-1.0119521912350598,-127.0,22220.75,22216.0,669,671,22147.5,2024-07-03
A3_k1_spike_split,1,2024-07-03 14:10:00+00:00,2024-07-03 14:10:00+00:00,22200.5,21851.75,2024-07-03 14:43:00+00:00,target,61.5,38.0,348.75,0.10896057347670252,0.17634408602150536,0.12974910394265232,-0.04014336917562724,76.0,21852.25,22177.75,418,720,22239.0,2024-07-03
A3_k1_spike_split,1,2024-07-03 15:05:00+00:00,2024-07-03 15:05:00+00:00,22244.75,21851.75,2024-07-03 15:06:00+00:00,target,30.0,18.25,393.0,0.04643765903307888,0.07633587786259542,0.060432569974554706,-0.010178117048346057,36.5,21852.25,22233.75,418,730,22263.5,2024-07-03
A3_k1_spike_split,-1,2024-07-04 13:30:00+00:00,2024-07-04 13:30:00+00:00,22347.75,22378.5,2024-07-04 13:31:00+00:00,target,13.5,2.75,30.75,0.08943089430894309,0.43902439024390244,0.17886178861788618,-0.032520325203252036,5.5,22378.0,22360.0,757,804,22347.75,2024-07-04
A3_k1_spike_split,1,2024-07-04 13:45:00+00:00,2024-07-04 13:45:00+00:00,22337.0,22147.0,2024-07-04 16:00:00+00:00,time,-1.25,-9.25,190.0,-0.04868421052631579,-0.006578947368421052,0.0,-0.13157894736842105,-18.5,22147.5,22330.0,704,946,22352.25,2024-07-04
A3_k1_spike_split,1,2024-07-05 13:30:00+00:00,2024-07-05 13:30:00+00:00,22384.25,22303.0,2024-07-05 13:55:00+00:00,target,114.25,52.5,81.25,0.6461538461538462,1.406153846153846,0.8215384615384616,-0.16923076923076924,105.0,22303.5,22323.25,987,1161,22437.25,2024-07-05
A3_k1_spike_split,1,2024-07-05 14:20:00+00:00,2024-07-05 14:20:00+00:00,22451.25,22303.0,2024-07-05 14:48:00+00:00,target,82.5,35.25,148.25,0.23777403035413153,0.5564924114671164,0.2563237774030354,-0.13827993254637436,70.5,22303.5,22404.75,987,1181,22487.0,2024-07-05
A3_k1_spike_split,1,2024-07-05 15:10:00+00:00,2024-07-05 15:10:00+00:00,22482.25,22303.0,2024-07-05 15:11:00+00:00,target,42.75,11.75,179.25,0.06555090655509066,0.2384937238493724,0.100418410041841,-0.015341701534170154,23.5,22303.5,22452.0,987,1191,22494.5,2024-07-05
A3_k1_spike_split,1,2024-07-08 13:30:00+00:00,2024-07-08 13:30:00+00:00,22574.75,22303.0,2024-07-08 13:32:00+00:00,target,101.25,9.25,271.75,0.03403863845446182,0.37258509659613614,0.046918123275068994,-0.06347746090156393,18.5,22303.5,22483.5,987,1195,22584.5,2024-07-08
A3_k1_spike_split,1,2024-07-08 13:45:00+00:00,2024-07-08 13:45:00+00:00,22565.0,22303.0,2024-07-08 13:50:00+00:00,target,44.5,22.0,262.0,0.08396946564885496,0.16984732824427481,0.10209923664122138,-0.04961832061068702,44.0,22303.5,22543.25,987,1450,22587.5,2024-07-08
A3_k1_spike_split,1,2024-07-08 14:10:00+00:00,2024-07-08 14:10:00+00:00,22573.75,22303.0,2024-07-08 15:22:00+00:00,target,57.75,22.25,270.75,0.08217913204062789,0.21329639889196675,0.12280701754385964,-0.15974145891043398,44.5,22303.5,22539.0,987,1455,22596.5,2024-07-08
A3_k1_spike_split,-1,2024-07-09 13:30:00+00:00,2024-07-09 13:30:00+00:00,22665.25,22691.75,2024-07-09 13:33:00+00:00,stop,-1.0,-27.25,26.5,-1.028301886792453,-0.03773584905660377,0.0660377358490566,-1.3962264150943395,-54.5,22691.25,22690.5,1566,1681,22658.75,2024-07-09
A3_k1_spike_split,1,2024-07-09 13:45:00+00:00,2024-07-09 13:45:00+00:00,22686.5,22521.25,2024-07-09 14:12:00+00:00,target,46.75,20.0,165.25,0.12102874432677761,0.28290468986384265,0.16792738275340394,-0.18910741301059,40.0,22521.75,22660.5,1300,1724,22707.0,2024-07-09
A3_k1_spike_split,1,2024-07-09 14:20:00+00:00,2024-07-09 14:20:00+00:00,22700.25,22521.25,2024-07-09 16:00:00+00:00,time,-7.25,-53.25,179.0,-0.29748603351955305,-0.040502793296089384,0.023743016759776536,-0.49022346368715086,-106.5,22521.75,22655.25,1300,1732,22714.25,2024-07-09
A3_k1_spike_split,-1,2024-07-10 13:30:00+00:00,2024-07-10 13:30:00+00:00,22700.25,22714.75,2024-07-10 13:31:00+00:00,target,14.375,3.875,14.5,0.2672413793103448,0.9913793103448276,0.5,-0.7241379310344828,7.75,22714.25,22710.0,1733,1990,22697.0,2024-07-10
A3_k1_spike_split,-1,2024-07-10 13:40:00+00:00,2024-07-10 13:40:00+00:00,22678.5,22714.75,2024-07-10 13:49:00+00:00,stop,-3.75,-37.0,36.25,-1.0206896551724138,-0.10344827586206896,0.06206896551724138,-1.1655172413793105,-74.0,22714.25,22710.75,1733,2001,22663.5,2024-07-10
A3_k1_spike_split,1,2024-07-10 14:00:00+00:00,2024-07-10 14:00:00+00:00,22707.0,22558.0,2024-07-10 14:05:00+00:00,target,29.5,13.25,149.0,0.08892617449664429,0.19798657718120805,0.10906040268456375,-0.08389261744966443,26.5,22558.5,22691.5,1772,2005,22720.75,2024-07-10
A3_k1_spike_split,1,2024-07-10 14:20:00+00:00,2024-07-10 14:20:00+00:00,22716.0,22558.0,2024-07-10 16:00:00+00:00,time,15.5,-7.0,158.0,-0.04430379746835443,0.0981012658227848,0.007911392405063292,-0.4462025316455696,-14.0,22558.5,22694.5,1772,2007,22738.25,2024-07-10
A3_k1_spike_split,1,2024-07-11 13:30:00+00:00,2024-07-11 13:30:00+00:00,22837.25,22624.0,2024-07-11 14:19:00+00:00,stop,-66.0,-214.0,213.25,-1.003516998827667,-0.3094958968347011,0.035169988276670575,-1.018757327080891,-428.0,22624.5,22690.25,1815,2027,22926.0,2024-07-11
A3_k1_spike_split,-1,2024-07-11 14:40:00+00:00,2024-07-11 14:40:00+00:00,22621.5,22926.5,2024-07-11 14:43:00+00:00,target,70.5,22.25,305.0,0.07295081967213114,0.23114754098360657,0.10655737704918032,-0.031967213114754096,44.5,22926.0,22669.0,2265,2289,22598.75,2024-07-11
A3_k1_spike_split,-1,2024-07-11 15:10:00+00:00,2024-07-11 15:10:00+00:00,22585.25,22926.5,2024-07-11 15:22:00+00:00,target,95.0,58.0,341.25,0.16996336996336997,0.2783882783882784,0.18315018315018314,-0.01611721611721612,116.0,22926.0,22621.5,2265,2293,22526.75,2024-07-11
A3_k1_spike_split,-1,2024-07-12 13:30:00+00:00,2024-07-12 13:30:00+00:00,22385.5,22926.5,2024-07-12 16:00:00+00:00,time,-56.0,-153.25,541.0,-0.283271719038817,-0.10351201478743069,0.032809611829944546,-0.41866913123844735,-306.5,22926.0,22481.75,2265,2314,22352.5,2024-07-12
A3_k1_spike_split,-1,2024-07-15 13:30:00+00:00,2024-07-15 13:30:00+00:00,22552.25,22655.75,2024-07-15 13:45:00+00:00,target,86.625,13.875,103.5,0.13405797101449277,0.8369565217391305,0.25120772946859904,-0.538647342995169,27.75,22655.25,22624.25,2618,2624,22541.25,2024-07-15
A3_k1_spike_split,-1,2024-07-15 13:50:00+00:00,2024-07-15 13:50:00+00:00,22562.75,22655.75,2024-07-15 14:36:00+00:00,stop,-47.5,-93.75,93.0,-1.0080645161290323,-0.510752688172043,0.29301075268817206,-1.0134408602150538,-187.5,22655.25,22608.0,2618,2831,22515.75,2024-07-15
A3_k1_spike_split,-1,2024-07-16 13:30:00+00:00,2024-07-16 13:30:00+00:00,22591.5,22630.0,2024-07-16 13:48:00+00:00,target,47.375,27.375,38.5,0.711038961038961,1.2305194805194806,0.7857142857142857,-0.9090909090909091,54.75,22629.5,22610.75,2867,2870,22564.5,2024-07-16
A3_k1_spike_split,1,2024-07-16 13:55:00+00:00,2024-07-16 13:55:00+00:00,22569.75,22448.25,2024-07-16 14:07:00+00:00,stop,-94.5,-122.25,121.5,-1.0061728395061729,-0.7777777777777778,0.00823045267489712,-1.0329218106995885,-244.5,22448.75,22543.0,2647,3108,22626.5,2024-07-16
A3_k1_spike_split,1,2024-07-16 14:25:00+00:00,2024-07-16 14:25:00+00:00,22451.75,22427.5,2024-07-16 16:00:00+00:00,time,59.0,40.75,24.25,1.6804123711340206,2.4329896907216493,4.092783505154639,-0.29896907216494845,81.5,22428.0,22434.5,3112,3114,22626.5,2024-07-16
A3_k1_spike_split,-1,2024-07-17 13:30:00+00:00,2024-07-17 13:30:00+00:00,22202.25,22627.0,2024-07-17 13:31:00+00:00,target,348.625,5.75,424.75,0.01353737492642731,0.8207769276044732,0.04590935844614479,-0.01883460859329017,11.5,22626.5,22557.0,3106,3182,22214.75,2024-07-17
A3_k1_spike_split,-1,2024-07-17 13:55:00+00:00,2024-07-17 13:55:00+00:00,22177.0,22627.0,2024-07-17 14:00:00+00:00,target,86.5,27.5,450.0,0.06111111111111111,0.1922222222222222,0.12444444444444444,-0.02388888888888889,55.0,22626.5,22235.25,3106,3379,22149.0,2024-07-17
A3_k1_spike_split,-1,2024-07-17 14:25:00+00:00,2024-07-17 14:25:00+00:00,22077.5,22627.0,2024-07-17 15:05:00+00:00,target,60.75,36.5,549.5,0.06642402183803457,0.1105550500454959,0.07506824385805277,-0.08098271155595996,73.0,22626.5,22101.0,3106,3390,22040.5,2024-07-17
A3_k1_spike_split,-1,2024-07-18 13:30:00+00:00,2024-07-18 13:30:00+00:00,22083.75,22536.75,2024-07-18 13:41:00+00:00,target,76.625,54.375,453.0,0.12003311258278146,0.16915011037527594,0.16335540838852097,-0.017660044150110375,108.75,22536.25,22105.25,3203,3577,22043.0,2024-07-18
A3_k1_spike_split,-1,2024-07-18 14:00:00+00:00,2024-07-18 14:00:00+00:00,22010.25,22536.75,2024-07-18 14:31:00+00:00,target,53.625,48.125,526.5,0.09140550807217473,0.10185185185185185,0.14387464387464388,-0.07454890788224122,96.25,22536.25,22015.0,3203,3661,21962.25,2024-07-18
A3_k1_spike_split,-1,2024-07-18 14:50:00+00:00,2024-07-18 14:50:00+00:00,21896.0,22536.75,2024-07-18 15:13:00+00:00,target,194.75,60.0,640.75,0.09364026531408505,0.3039406944986344,0.129145532579009,-0.10768630511119781,120.0,22536.25,22030.0,3203,3668,21835.5,2024-07-18
A3_k1_spike_split,-1,2024-07-19 13:30:00+00:00,2024-07-19 13:30:00+00:00,21810.75,21922.5,2024-07-19 13:31:00+00:00,target,69.375,14.25,111.75,0.12751677852348994,0.6208053691275168,0.23937360178970918,-0.11185682326621924,28.5,21922.0,21903.75,3845,3852,21841.25,2024-07-19
A3_k1_spike_split,1,2024-07-19 13:30:00+00:00,2024-07-19 13:34:00+00:00,21828.0,21694.0,2024-07-19 13:41:00+00:00,target,68.0,67.25,134.0,0.5018656716417911,0.5074626865671642,0.6809701492537313,-0.15858208955223882,134.5,21694.5,21828.0,3863,3905,21887.75,2024-07-19
A3_k1_spike_split,-1,2024-07-19 13:50:00+00:00,2024-07-19 13:50:00+00:00,21838.75,21922.5,2024-07-19 14:29:00+00:00,target,154.5,73.25,83.75,0.8746268656716418,1.844776119402985,1.1701492537313434,-0.4925373134328358,146.5,21922.0,21919.25,3845,3935,21778.5,2024-07-19
A3_k1_spike_split,1,2024-07-19 14:40:00+00:00,2024-07-19 14:40:00+00:00,21768.5,21694.0,2024-07-19 15:29:00+00:00,stop,-28.75,-75.25,74.5,-1.0100671140939597,-0.3859060402684564,0.6610738255033557,-1.110738255033557,-150.5,21694.5,21723.0,3863,3945,21859.5,2024-07-19
A3_k1_spike_split,1,2024-07-22 13:30:00+00:00,2024-07-22 13:30:00+00:00,21897.75,21611.5,2024-07-22 13:39:00+00:00,be,282.0,10.125,286.25,0.03537117903930131,0.9851528384279477,0.08384279475982533,-0.2550218340611354,20.25,21612.0,21626.75,3996,4009,21919.25,2024-07-22
A3_k1_spike_split,1,2024-07-22 13:40:00+00:00,2024-07-22 13:40:00+00:00,21893.25,21611.5,2024-07-22 13:46:00+00:00,target,97.5,28.25,281.75,0.1002661934338953,0.3460514640638864,0.16947648624667258,-0.06654835847382432,56.5,21612.0,21824.75,3996,4209,21922.0,2024-07-22
A3_k1_spike_split,1,2024-07-22 14:15:00+00:00,2024-07-22 14:15:00+00:00,21891.25,21611.5,2024-07-22 16:00:00+00:00,time,-29.75,-84.5,279.75,-0.30205540661304736,-0.1063449508489723,0.24932975871313673,-0.49955317247542447,-169.0,21612.0,21837.5,3996,4216,21969.25,2024-07-22
A3_k1_spike_split,-1,2024-07-23 13:30:00+00:00,2024-07-23 13:30:00+00:00,21900.0,21975.25,2024-07-23 13:33:00+00:00,be,62.875,3.75,75.25,0.04983388704318937,0.8355481727574751,0.3222591362126246,-0.22591362126245848,7.5,21974.75,21958.25,4284,4462,21891.25,2024-07-23
A3_k1_spike_split,1,2024-07-23 13:40:00+00:00,2024-07-23 13:40:00+00:00,21943.5,21660.75,2024-07-23 13:42:00+00:00,be,75.375,5.125,282.75,0.018125552608311227,0.26657824933687,0.07427055702917772,-0.01768346595932803,10.25,21661.25,21875.75,4074,4485,21958.25,2024-07-23
A3_k1_spike_split,1,2024-07-23 14:00:00+00:00,2024-07-23 14:00:00+00:00,21949.25,21660.75,2024-07-23 14:21:00+00:00,target,56.0,31.0,288.5,0.10745233968804159,0.19410745233968804,0.14211438474870017,-0.1611785095320624,62.0,21661.25,21925.0,4074,4489,21977.0,2024-07-23
A3_k1_spike_split,1,2024-07-23 14:45:00+00:00,2024-07-23 14:45:00+00:00,21922.75,21660.75,2024-07-23 15:14:00+00:00,target,74.25,67.0,262.0,0.25572519083969464,0.2833969465648855,0.27958015267175573,-0.20229007633587787,134.0,21661.25,21916.25,4074,4498,21990.25,2024-07-23
A3_k1_spike_split,-1,2024-07-24 13:30:00+00:00,2024-07-24 13:30:00+00:00,21582.25,22028.0,2024-07-24 13:33:00+00:00,target,467.0,31.75,445.75,0.071228266965788,1.0476724621424565,0.07964105440269209,-0.034212002243409985,63.5,22027.5,22016.75,4506,4510,21550.0,2024-07-24
A3_k1_spike_split,-1,2024-07-24 13:45:00+00:00,2024-07-24 13:45:00+00:00,21484.0,22028.0,2024-07-24 13:47:00+00:00,target,128.25,14.0,544.0,0.025735294117647058,0.23575367647058823,0.03722426470588235,-0.03354779411764706,28.0,22027.5,21597.5,4506,4761,21469.5,2024-07-24
A3_k1_spike_split,-1,2024-07-24 13:55:00+00:00,2024-07-24 13:55:00+00:00,21481.75,22028.0,2024-07-24 13:56:00+00:00,target,40.25,17.5,546.25,0.032036613272311214,0.07368421052631578,0.05995423340961099,-0.012356979405034324,35.0,22027.5,21503.75,4506,4764,21463.75,2024-07-24
A3_k1_spike_split,-1,2024-07-24 14:20:00+00:00,2024-07-24 14:20:00+00:00,21419.5,22028.0,2024-07-24 14:36:00+00:00,target,56.0,10.5,608.5,0.01725554642563681,0.09202958093672967,0.02999178307313065,-0.04437140509449466,21.0,22027.5,21464.25,4506,4769,21408.5,2024-07-24
A3_k1_spike_split,-1,2024-07-25 13:30:00+00:00,2024-07-25 13:30:00+00:00,21159.5,21781.0,2024-07-25 13:55:00+00:00,target,314.0,86.75,621.5,0.13958165728077232,0.505229283990346,0.2172164119066774,-0.015285599356395816,173.5,21780.5,21386.0,4608,4779,21116.5,2024-07-25
A3_k1_spike_split,-1,2024-07-25 15:10:00+00:00,2024-07-25 15:10:00+00:00,21121.5,21781.0,2024-07-25 16:00:00+00:00,time,-16.5,-56.5,659.5,-0.08567096285064443,-0.025018953752843062,0.05534495830174375,-0.15238817285822592,-113.0,21780.5,21160.5,4608,5055,20826.0,2024-07-25
A3_k1_spike_split,-1,2024-07-26 13:30:00+00:00,2024-07-26 13:30:00+00:00,21106.0,21333.5,2024-07-26 13:31:00+00:00,target,148.0,29.5,227.5,0.12967032967032968,0.6505494505494506,0.2043956043956044,-0.01098901098901099,59.0,21333.0,21245.25,5081,5090,21098.0,2024-07-26
A3_k1_spike_split,-1,2024-07-26 13:35:00+00:00,2024-07-26 13:35:00+00:00,21039.75,21333.5,2024-07-26 13:42:00+00:00,target,97.625,10.125,293.75,0.03446808510638298,0.3323404255319149,0.06127659574468085,-0.16,20.25,21333.0,21126.5,5081,5312,21031.5,2024-07-26
A3_k1_spike_split,-1,2024-07-26 13:55:00+00:00,2024-07-26 13:55:00+00:00,21017.5,21333.5,2024-07-26 14:09:00+00:00,be,79.625,8.25,316.0,0.02610759493670886,0.25197784810126583,0.09968354430379747,-0.31170886075949367,16.5,21333.0,21088.0,5081,5316,20999.75,2024-07-26
A3_k1_spike_split,-1,2024-07-26 14:10:00+00:00,2024-07-26 14:10:00+00:00,21001.5,21333.5,2024-07-26 16:00:00+00:00,time,-11.5,-127.0,332.0,-0.3825301204819277,-0.03463855421686747,0.054969879518072286,-0.40737951807228917,-254.0,21333.0,21116.0,5081,5319,20982.75,2024-07-26
A3_k1_spike_split,1,2024-07-29 13:30:00+00:00,2024-07-29 13:30:00+00:00,21227.5,20936.75,2024-07-29 13:45:00+00:00,target,271.5,76.5,290.75,0.26311263972484955,0.9337919174548581,0.28546861564918313,-0.21496130696474636,153.0,20937.25,21033.25,5139,5336,21304.5,2024-07-29
A3_k1_spike_split,1,2024-07-29 14:00:00+00:00,2024-07-29 14:00:00+00:00,21301.25,20936.75,2024-07-29 14:01:00+00:00,target,74.0,16.75,364.5,0.045953360768175584,0.2030178326474623,0.05075445816186557,-0.018518518518518517,33.5,20937.25,21236.75,5139,5593,21310.5,2024-07-29
A3_k1_spike_split,1,2024-07-29 14:25:00+00:00,2024-07-29 14:25:00+00:00,21251.25,20936.75,2024-07-29 16:00:00+00:00,time,20.25,-48.5,314.5,-0.15421303656597773,0.0643879173290938,0.04292527821939587,-0.6224165341812401,-97.0,20937.25,21183.5,5139,5598,21319.75,2024-07-29
A3_k1_spike_split,-1,2024-07-30 13:30:00+00:00,2024-07-30 13:30:00+00:00,21229.5,21320.25,2024-07-30 13:31:00+00:00,target,87.75,28.5,90.75,0.3140495867768595,0.9669421487603306,0.349862258953168,-0.0881542699724518,57.0,21319.75,21291.5,5595,5633,21206.5,2024-07-30
A3_k1_spike_split,1,2024-07-30 13:40:00+00:00,2024-07-30 13:40:00+00:00,21228.25,21018.25,2024-07-30 15:01:00+00:00,stop,-179.25,-210.75,210.0,-1.0035714285714286,-0.8535714285714285,0.1595238095238095,-1.0869047619047618,-421.5,21018.75,21197.75,5734,5865,21291.5,2024-07-30
A3_k1_spike_split,-1,2024-07-30 15:20:00+00:00,2024-07-30 15:20:00+00:00,20973.0,21320.25,2024-07-30 15:37:00+00:00,target,61.25,54.25,347.25,0.156227501799856,0.17638588912886968,0.183585313174946,-0.027357811375089993,108.5,21319.75,20979.25,5595,5885,20918.25,2024-07-30
A3_k1_spike_split,1,2024-07-31 13:30:00+00:00,2024-07-31 13:30:00+00:00,21313.75,20668.75,2024-07-31 13:40:00+00:00,target,528.25,0.0,645.0,0.0,0.8189922480620155,0.050387596899224806,-0.0941860465116279,0.0,20669.25,20786.25,5943,5954,21314.25,2024-07-31
A3_k1_spike_split,1,2024-07-31 14:30:00+00:00,2024-07-31 14:30:00+00:00,21385.0,20668.75,2024-07-31 14:31:00+00:00,target,100.5,28.75,716.25,0.04013961605584642,0.14031413612565444,0.04293193717277487,-0.0017452006980802793,57.5,20669.25,21314.0,5943,6147,21414.25,2024-07-31
A3_k1_spike_split,1,2024-07-31 14:45:00+00:00,2024-07-31 14:45:00+00:00,21392.75,20668.75,2024-07-31 15:30:00+00:00,target,69.0,43.25,724.0,0.05973756906077348,0.09530386740331492,0.06353591160220995,-0.05386740331491713,86.5,20669.25,21367.75,5943,6152,21436.5,2024-07-31
A3_k1_spike_split,-1,2024-08-01 13:30:00+00:00,2024-08-01 13:30:00+00:00,21467.5,21636.0,2024-08-01 13:37:00+00:00,be,144.25,5.875,168.5,0.034866468842729974,0.8560830860534124,0.11869436201780416,-0.22106824925816024,11.75,21635.5,21605.0,6327,6343,21454.5,2024-08-01
A3_k1_spike_split,1,2024-08-01 13:45:00+00:00,2024-08-01 13:45:00+00:00,21574.75,20956.25,2024-08-01 13:48:00+00:00,be,135.125,7.0,618.5,0.01131770412287793,0.21847210994341149,0.04203718674211803,-0.010913500404203719,14.0,20956.75,21447.5,5983,6418,21590.0,2024-08-01
A3_k1_spike_split,-1,2024-08-01 13:55:00+00:00,2024-08-01 13:55:00+00:00,21571.0,21636.0,2024-08-01 14:21:00+00:00,target,159.875,123.125,65.0,1.8942307692307692,2.4596153846153848,2.042307692307692,-0.8192307692307692,246.25,21635.5,21607.0,6327,6420,21447.5,2024-08-01
A3_k1_spike_split,1,2024-08-01 14:55:00+00:00,2024-08-01 14:55:00+00:00,21309.5,20956.25,2024-08-01 16:00:00+00:00,time,-166.75,-205.5,353.25,-0.5817409766454352,-0.4720452937013447,0.05803255484784147,-0.6256192498230715,-411.0,20956.75,21271.75,5983,6432,21624.25,2024-08-01
A3_k1_spike_split,-1,2024-08-02 13:30:00+00:00,2024-08-02 13:30:00+00:00,20593.5,21636.0,2024-08-02 13:38:00+00:00,be,638.25,52.125,1042.5,0.05,0.6122302158273382,0.10479616306954437,-0.016786570743405275,104.25,21635.5,21178.75,6327,6448,20488.0,2024-08-02
A3_k1_spike_split,1,2024-08-02 13:40:00+00:00,2024-08-02 13:40:00+00:00,20661.5,20450.0,2024-08-02 13:42:00+00:00,be,192.0,14.875,211.5,0.07033096926713948,0.9078014184397163,0.19976359338061467,-0.16548463356973994,29.75,20450.5,20484.25,6682,6693,20690.5,2024-08-02
A3_k1_spike_split,-1,2024-08-02 13:50:00+00:00,2024-08-02 13:50:00+00:00,20583.25,21636.0,2024-08-02 14:05:00+00:00,target,236.625,115.375,1052.75,0.10959392068392305,0.22476846354785088,0.1441462835431014,-0.03039658038470672,230.75,21635.5,20703.75,6327,6695,20484.25,2024-08-02
A3_k1_spike_split,-1,2024-08-02 14:40:00+00:00,2024-08-02 14:40:00+00:00,20353.75,21636.0,2024-08-02 16:00:00+00:00,time,-64.25,-183.0,1282.25,-0.14271787872879704,-0.050107233378826284,0.00545915383115617,-0.17059855722363035,-366.0,21635.5,20471.5,6327,6705,20328.25,2024-08-02
A3_k1_spike_split,-1,2024-08-05 13:30:00+00:00,2024-08-05 13:30:00+00:00,19504.75,20924.5,2024-08-05 13:32:00+00:00,be,1072.375,-31.0,1419.75,-0.021834830075717557,0.7553266420144391,0.03733051593590421,-0.06973058637083994,-62.0,20924.0,20575.75,6507,6731,19502.5,2024-08-05
A3_k1_spike_split,1,2024-08-05 13:40:00+00:00,2024-08-05 13:40:00+00:00,19802.75,19288.0,2024-08-05 13:47:00+00:00,be,366.0,14.125,514.75,0.027440505099562893,0.7110247693054881,0.09810587663914522,-0.31520155415250123,28.25,19288.5,19451.75,6878,6969,19832.25,2024-08-05
A3_k1_spike_split,-1,2024-08-05 14:00:00+00:00,2024-08-05 14:00:00+00:00,19825.0,20924.5,2024-08-05 16:00:00+00:00,time,-152.5,-225.0,1099.5,-0.20463847203274216,-0.1386994088221919,0.029331514324693043,-0.27921782628467484,-450.0,20924.0,19896.5,6507,6973,19451.75,2024-08-05
A3_k1_spike_split,-1,2024-08-06 13:30:00+00:00,2024-08-06 13:30:00+00:00,20019.5,20378.5,2024-08-06 13:37:00+00:00,target,367.125,18.125,359.0,0.0504874651810585,1.0226323119777159,0.12674094707520892,-0.2694986072423398,36.25,20378.0,20367.75,7097,7129,20006.5,2024-08-06
A3_k1_spike_split,-1,2024-08-06 13:40:00+00:00,2024-08-06 13:40:00+00:00,20025.75,20378.5,2024-08-06 13:52:00+00:00,be,123.5,32.125,352.75,0.09107016300496103,0.35010630758327427,0.34585400425230334,-0.09992912827781715,64.25,20378.0,20116.25,7097,7245,19960.25,2024-08-06
A3_k1_spike_split,1,2024-08-06 13:55:00+00:00,2024-08-06 13:55:00+00:00,20077.0,19288.0,2024-08-06 14:08:00+00:00,target,226.875,52.875,789.0,0.06701520912547529,0.28754752851711024,0.10836501901140684,-0.0408745247148289,105.75,19288.5,19903.75,6878,7248,20116.25,2024-08-06
A3_k1_spike_split,1,2024-08-06 14:10:00+00:00,2024-08-06 14:10:00+00:00,20164.25,19288.0,2024-08-06 14:45:00+00:00,target,159.625,39.375,876.25,0.0449358059914408,0.18216833095577747,0.05620542082738944,-0.10784593437945791,78.75,19288.5,20044.75,6878,7251,20195.75,2024-08-06
A3_k1_spike_split,-1,2024-08-06 14:55:00+00:00,2024-08-06 14:55:00+00:00,20248.75,20378.5,2024-08-06 16:00:00+00:00,time,-2.0,-36.5,129.75,-0.2813102119460501,-0.015414258188824663,0.9576107899807321,-0.4123314065510597,-73.0,20378.0,20282.25,7097,7260,20069.75,2024-08-06
A3_k1_spike_split,-1,2024-08-07 13:30:00+00:00,2024-08-07 13:30:00+00:00,20395.75,20426.0,2024-08-07 13:30:00+00:00,stop,-20.75,-31.0,30.25,-1.024793388429752,-0.6859504132231405,0.4793388429752066,-1.165289256198347,-62.0,20425.5,20405.0,7309,7494,20347.5,2024-08-07
A3_k1_spike_split,1,2024-08-07 13:50:00+00:00,2024-08-07 13:50:00+00:00,20471.75,19903.25,2024-08-07 13:51:00+00:00,target,66.0,17.25,568.5,0.030343007915567283,0.11609498680738786,0.051451187335092345,-0.027264731750219876,34.5,19903.75,20417.5,7248,7523,20483.25,2024-08-07
A3_k1_spike_split,1,2024-08-07 14:05:00+00:00,2024-08-07 14:05:00+00:00,20429.25,19903.25,2024-08-07 16:00:00+00:00,time,-71.5,-86.75,526.0,-0.16492395437262358,-0.1359315589353612,0.11929657794676807,-0.27661596958174905,-173.5,19903.75,20415.0,7248,7526,20501.0,2024-08-07
A3_k1_spike_split,-1,2024-08-08 13:30:00+00:00,2024-08-08 13:30:00+00:00,20167.5,20501.5,2024-08-08 13:44:00+00:00,target,344.375,80.875,334.0,0.24214071856287425,1.031062874251497,0.2836826347305389,-0.05688622754491018,161.75,20501.0,20430.25,7525,7546,20091.0,2024-08-08
A3_k1_spike_split,1,2024-08-08 14:00:00+00:00,2024-08-08 14:00:00+00:00,20151.75,19802.0,2024-08-08 14:02:00+00:00,target,184.25,39.0,349.75,0.11150822015725519,0.5268048606147248,0.1651179413867048,-0.05575411007862759,78.0,19802.5,20007.25,7644,7801,20186.5,2024-08-08
A3_k1_spike_split,-1,2024-08-08 14:25:00+00:00,2024-08-08 14:25:00+00:00,20274.0,20501.5,2024-08-08 16:00:00+00:00,time,-51.5,-72.75,227.5,-0.31978021978021975,-0.22637362637362637,0.07142857142857142,-0.46923076923076923,-145.5,20501.0,20294.25,7525,7806,20007.25,2024-08-08
A3_k1_spike_split,-1,2024-08-09 13:30:00+00:00,2024-08-09 13:30:00+00:00,20393.25,20541.25,2024-08-09 16:00:00+00:00,time,4.0,-30.0,148.0,-0.20270270270270271,0.02702702702702703,0.3141891891891892,-0.8733108108108109,-60.0,20540.75,20426.25,8046,8058,20346.25,2024-08-09
A3_k1_spike_split,-1,2024-08-12 13:30:00+00:00,2024-08-12 13:30:00+00:00,20583.5,20637.5,2024-08-12 13:32:00+00:00,be,32.875,-0.25,54.0,-0.004629629629629629,0.6087962962962963,0.1388888888888889,-0.48148148148148145,-0.5,20637.0,20615.75,8336,8343,20582.75,2024-08-12
A3_k1_spike_split,-1,2024-08-12 13:45:00+00:00,2024-08-12 13:45:00+00:00,20505.5,20637.5,2024-08-12 14:21:00+00:00,stop,-22.0,-132.75,132.0,-1.0056818181818181,-0.16666666666666666,0.29545454545454547,-1.0511363636363635,-265.5,20637.0,20615.25,8336,8350,20457.0,2024-08-12
A3_k1_spike_split,1,2024-08-12 14:55:00+00:00,2024-08-12 14:55:00+00:00,20662.75,20325.0,2024-08-12 15:02:00+00:00,target,41.75,23.0,337.75,0.06809770540340489,0.1236121391561806,0.09918578830495929,-0.04515173945225759,46.0,20325.5,20644.75,8062,8364,20686.25,2024-08-12
A3_k1_spike_split,1,2024-08-12 15:10:00+00:00,2024-08-12 15:10:00+00:00,20680.25,20325.0,2024-08-12 16:00:00+00:00,time,15.25,-18.5,355.25,-0.05207600281491907,0.04292751583391977,0.06966924700914849,-0.4546094299788881,-37.0,20325.5,20647.5,8062,8366,20708.0,2024-08-12
A3_k1_spike_split,1,2024-08-13 13:40:00+00:00,2024-08-13 13:40:00+00:00,20793.5,20456.5,2024-08-13 13:46:00+00:00,target,315.25,39.75,337.0,0.11795252225519288,0.935459940652819,0.13353115727002968,-0.07418397626112759,79.5,20457.0,20518.75,8166,8372,20833.75,2024-08-13
A3_k1_spike_split,1,2024-08-13 14:10:00+00:00,2024-08-13 14:10:00+00:00,20833.5,20456.5,2024-08-13 14:12:00+00:00,target,92.0,26.25,377.0,0.06962864721485411,0.2440318302387268,0.08222811671087533,-0.028514588859416445,52.5,20457.0,20768.5,8166,8627,20860.25,2024-08-13
A3_k1_spike_split,1,2024-08-13 14:25:00+00:00,2024-08-13 14:25:00+00:00,20843.25,20456.5,2024-08-13 14:46:00+00:00,target,51.75,20.75,386.75,0.053652230122818355,0.13380736910148675,0.06593406593406594,-0.11635423400129283,41.5,20457.0,20813.0,8166,8634,20864.5,2024-08-13
A3_k1_spike_split,-1,2024-08-14 13:30:00+00:00,2024-08-14 13:30:00+00:00,21079.25,21105.75,2024-08-14 13:30:00+00:00,stop,-7.75,-27.25,26.5,-1.028301886792453,-0.29245283018867924,0.330188679245283,-1.1415094339622642,-54.5,21105.25,21097.75,8889,8896,21064.5,2024-08-14
A3_k1_spike_split,1,2024-08-14 13:50:00+00:00,2024-08-14 13:50:00+00:00,21004.75,20570.75,2024-08-14 15:53:00+00:00,target,131.75,112.25,434.0,0.2586405529953917,0.30357142857142855,0.26497695852534564,-0.3150921658986175,224.5,20571.25,20986.0,8447,8903,21117.5,2024-08-14
A3_k1_spike_split,-1,2024-08-15 13:30:00+00:00,2024-08-15 13:30:00+00:00,21294.5,21313.25,2024-08-15 13:32:00+00:00,stop,-15.5,-19.5,18.75,-1.04,-0.8266666666666667,0.84,-1.56,-39.0,21312.75,21297.5,9169,9171,21259.5,2024-08-15
A3_k1_spike_split,1,2024-08-15 14:10:00+00:00,2024-08-15 14:10:00+00:00,21366.25,20867.5,2024-08-15 14:29:00+00:00,target,137.0,58.5,498.75,0.11729323308270677,0.2746867167919799,0.13283208020050125,-0.02355889724310777,117.0,20868.0,21288.5,8914,9179,21425.25,2024-08-15
A3_k1_spike_split,1,2024-08-15 15:05:00+00:00,2024-08-15 15:05:00+00:00,21437.0,20867.5,2024-08-15 15:15:00+00:00,target,48.25,20.5,569.5,0.035996488147497806,0.08472344161545214,0.048287971905179985,-0.023266022827041263,41.0,20868.0,21410.0,8914,9194,21458.0,2024-08-15
A3_k1_spike_split,-1,2024-08-16 13:30:00+00:00,2024-08-16 13:30:00+00:00,21445.5,21602.75,2024-08-16 13:32:00+00:00,be,161.75,18.0,157.25,0.11446740858505565,1.028616852146264,0.2575516693163752,-0.0397456279809221,36.0,21602.25,21593.25,9383,9388,21418.0,2024-08-16
A3_k1_spike_split,1,2024-08-16 13:40:00+00:00,2024-08-16 13:40:00+00:00,21447.25,21042.25,2024-08-16 14:20:00+00:00,target,115.0,72.0,405.0,0.17777777777777778,0.2839506172839506,0.21419753086419754,-0.07777777777777778,144.0,21042.75,21405.0,9012,9453,21508.5,2024-08-16
A3_k1_spike_split,-1,2024-08-16 14:30:00+00:00,2024-08-16 14:30:00+00:00,21509.75,21602.75,2024-08-16 16:00:00+00:00,time,16.75,-8.5,93.0,-0.0913978494623656,0.18010752688172044,0.803763440860215,-0.260752688172043,-17.0,21602.25,21534.0,9383,9463,21424.5,2024-08-16
A3_k1_spike_split,-1,2024-08-19 13:30:00+00:00,2024-08-19 13:30:00+00:00,21547.0,21631.0,2024-08-19 13:31:00+00:00,target,44.625,10.0,84.0,0.11904761904761904,0.53125,0.22916666666666666,-0.11904761904761904,20.0,21630.5,21597.5,9609,9613,21557.25,2024-08-19
A3_k1_spike_split,1,2024-08-19 13:45:00+00:00,2024-08-19 13:45:00+00:00,21547.25,21387.25,2024-08-19 14:51:00+00:00,target,94.0,33.5,160.0,0.209375,0.5875,0.253125,-0.471875,67.0,21387.75,21487.5,9445,9730,21581.0,2024-08-19
A3_k1_spike_split,-1,2024-08-19 15:00:00+00:00,2024-08-19 15:00:00+00:00,21597.0,21631.0,2024-08-19 16:00:00+00:00,time,23.5,15.25,34.0,0.4485294117647059,0.6911764705882353,1.036764705882353,-0.75,30.5,21630.5,21604.25,9609,9745,21535.0,2024-08-19
A3_k1_spike_split,-1,2024-08-20 13:30:00+00:00,2024-08-20 13:30:00+00:00,21760.0,21842.75,2024-08-20 13:53:00+00:00,stop,-0.75,-83.5,82.75,-1.0090634441087614,-0.00906344410876133,0.00906344410876133,-1.0151057401812689,-167.0,21842.25,21841.75,9956,9959,21706.25,2024-08-20
A3_k1_spike_split,1,2024-08-20 14:10:00+00:00,2024-08-20 14:10:00+00:00,21843.75,21467.0,2024-08-20 16:00:00+00:00,time,-26.25,-49.25,376.75,-0.13072329130723293,-0.0696748506967485,0.0,-0.42003981420039815,-98.5,21467.5,21821.75,9664,10011,21867.25,2024-08-20
A3_k1_spike_split,-1,2024-08-21 13:30:00+00:00,2024-08-21 13:30:00+00:00,21784.25,21867.75,2024-08-21 13:33:00+00:00,be,29.5,2.375,83.5,0.02844311377245509,0.3532934131736527,0.20958083832335328,-0.09281437125748503,4.75,21867.25,21810.5,10010,10064,21778.25,2024-08-21
A3_k1_spike_split,1,2024-08-21 13:45:00+00:00,2024-08-21 13:45:00+00:00,21800.75,21685.0,2024-08-21 13:46:00+00:00,target,54.0,8.25,115.75,0.07127429805615551,0.46652267818574517,0.12526997840172785,-0.09935205183585313,16.5,21685.5,21755.75,10019,10282,21808.5,2024-08-21
A3_k1_spike_split,-1,2024-08-21 13:55:00+00:00,2024-08-21 13:55:00+00:00,21806.75,21867.75,2024-08-21 14:36:00+00:00,stop,-52.25,-61.75,61.0,-1.0122950819672132,-0.8565573770491803,0.4918032786885246,-1.2131147540983607,-123.5,21867.25,21815.25,10010,10284,21755.75,2024-08-21
A3_k1_spike_split,1,2024-08-21 14:50:00+00:00,2024-08-21 14:50:00+00:00,21853.5,21685.0,2024-08-21 16:00:00+00:00,time,-9.75,-87.5,168.5,-0.5192878338278932,-0.057863501483679525,0.028189910979228485,-0.6498516320474778,-175.0,21685.5,21776.75,10019,10293,21924.5,2024-08-21
A3_k1_spike_split,1,2024-08-22 13:30:00+00:00,2024-08-22 13:30:00+00:00,21940.75,21713.25,2024-08-22 13:31:00+00:00,target,171.5,24.5,227.5,0.1076923076923077,0.7538461538461538,0.12087912087912088,-0.041758241758241756,49.0,21713.75,21775.0,10311,10351,21946.25,2024-08-22
A3_k1_spike_split,1,2024-08-22 13:45:00+00:00,2024-08-22 13:45:00+00:00,21929.0,21713.25,2024-08-22 15:37:00+00:00,stop,-199.0,-216.5,215.75,-1.0034762456546928,-0.9223638470451911,0.10428736964078796,-1.0127462340672073,-433.0,21713.75,21912.5,10311,10558,21968.25,2024-08-22
A3_k1_spike_split,-1,2024-08-23 13:30:00+00:00,2024-08-23 13:30:00+00:00,21698.0,21968.75,2024-08-23 13:31:00+00:00,target,97.875,25.625,270.75,0.09464450600184672,0.36149584487534625,0.15143120960295475,-0.0332409972299169,51.25,21968.25,21773.75,10557,10595,21691.25,2024-08-23
A3_k1_spike_split,-1,2024-08-23 13:40:00+00:00,2024-08-23 13:40:00+00:00,21676.75,21968.75,2024-08-23 14:48:00+00:00,target,68.25,37.25,292.0,0.12756849315068494,0.23373287671232876,0.3184931506849315,-0.5787671232876712,74.5,21968.25,21707.0,10557,10833,21649.0,2024-08-23
A3_k1_spike_split,1,2024-08-23 15:00:00+00:00,2024-08-23 15:00:00+00:00,21662.75,21484.0,2024-08-23 16:00:00+00:00,time,95.0,-3.5,178.75,-0.019580419580419582,0.5314685314685315,0.5496503496503496,-0.3230769230769231,-7.0,21484.5,21565.25,10634,10849,21845.75,2024-08-23
A3_k1_spike_split,-1,2024-08-26 13:30:00+00:00,2024-08-26 13:30:00+00:00,21705.5,21846.25,2024-08-26 13:31:00+00:00,target,84.625,0.625,140.75,0.004440497335701598,0.6012433392539964,0.1438721136767318,-0.06927175843694494,1.25,21845.75,21788.75,10844,11044,21706.75,2024-08-26
A3_k1_spike_split,-1,2024-08-26 13:40:00+00:00,2024-08-26 13:40:00+00:00,21725.25,21846.25,2024-08-26 13:47:00+00:00,target,65.0,45.5,121.0,0.3760330578512397,0.5371900826446281,0.4318181818181818,-0.026859504132231406,91.0,21845.75,21744.0,10844,11109,21685.25,2024-08-26
A3_k1_spike_split,1,2024-08-26 14:00:00+00:00,2024-08-26 14:00:00+00:00,21665.0,21534.0,2024-08-26 14:31:00+00:00,stop,-119.25,-131.75,131.0,-1.0057251908396947,-0.9103053435114504,0.05534351145038168,-1.116412213740458,-263.5,21534.5,21653.5,10872,11113,21744.0,2024-08-26
A3_k1_spike_split,-1,2024-08-26 14:50:00+00:00,2024-08-26 14:50:00+00:00,21495.5,21846.25,2024-08-26 16:00:00+00:00,time,95.5,-3.75,350.75,-0.010691375623663579,0.2722736992159658,0.02993585174625802,-0.23093371347113328,-7.5,21845.75,21593.75,10844,11120,21449.0,2024-08-26
A3_k1_spike_split,-1,2024-08-27 13:55:00+00:00,2024-08-27 13:55:00+00:00,21491.75,21789.25,2024-08-27 16:00:00+00:00,time,37.0,-61.75,297.5,-0.20756302521008405,0.12436974789915967,0.07394957983193277,-0.48823529411764705,-123.5,21788.75,21589.5,11044,11322,21384.25,2024-08-27
A3_k1_spike_split,-1,2024-08-28 13:30:00+00:00,2024-08-28 13:30:00+00:00,21567.75,21637.5,2024-08-28 13:42:00+00:00,be,82.625,14.25,69.75,0.20430107526881722,1.1845878136200716,0.5913978494623656,-0.45161290322580644,28.5,21637.0,21635.25,11403,11439,21538.0,2024-08-28
A3_k1_spike_split,-1,2024-08-28 14:05:00+00:00,2024-08-28 14:05:00+00:00,21492.5,21637.5,2024-08-28 15:00:00+00:00,target,129.75,107.75,145.0,0.743103448275862,0.8948275862068965,0.8051724137931034,-0.3,215.5,21637.0,21513.75,11403,11666,21384.25,2024-08-28
A3_k1_spike_split,-1,2024-08-29 13:30:00+00:00,2024-08-29 13:30:00+00:00,21439.75,21629.0,2024-08-29 14:50:00+00:00,stop,-169.75,-190.0,189.25,-1.0039630118890357,-0.8969616908850726,0.10171730515191546,-1.0290620871862615,-380.0,21628.5,21459.0,11612,11896,21406.0,2024-08-29
A3_k1_spike_split,1,2024-08-29 15:05:00+00:00,2024-08-29 15:05:00+00:00,21584.0,21081.0,2024-08-29 16:00:00+00:00,time,6.5,-9.75,503.0,-0.019383697813121274,0.012922465208747515,0.08946322067594434,-0.10039761431411531,-19.5,21081.5,21568.75,11760,11954,21634.5,2024-08-29
A3_k1_spike_split,-1,2024-08-30 13:30:00+00:00,2024-08-30 13:30:00+00:00,21501.5,21635.0,2024-08-30 13:34:00+00:00,target,173.375,41.875,133.5,0.3136704119850187,1.298689138576779,0.32771535580524347,-0.1348314606741573,83.75,21634.5,21632.25,11953,11976,21459.25,2024-08-30
A3_k1_spike_split,-1,2024-08-30 13:40:00+00:00,2024-08-30 13:40:00+00:00,21473.75,21635.0,2024-08-30 14:57:00+00:00,target,73.875,27.375,161.25,0.1697674418604651,0.45813953488372094,0.351937984496124,-0.6,54.75,21634.5,21519.5,11953,12213,21450.75,2024-08-30
A3_k1_spike_split,1,2024-08-30 15:10:00+00:00,2024-08-30 15:10:00+00:00,21442.75,21081.0,2024-08-30 16:00:00+00:00,time,18.25,-39.25,361.75,-0.10850034554250172,0.05044920525224603,0.0082930200414651,-0.2377332411886662,-78.5,21081.5,21386.25,11760,12231,21547.5,2024-08-30
A3_k1_spike_split,1,2024-09-02 13:30:00+00:00,2024-09-02 13:30:00+00:00,21561.5,21312.0,2024-09-02 13:44:00+00:00,target,204.75,18.5,249.5,0.07414829659318638,0.8206412825651302,0.10020040080160321,-0.02004008016032064,37.0,21312.5,21376.0,12250,12267,21580.5,2024-09-02
A3_k1_spike_split,1,2024-09-02 13:55:00+00:00,2024-09-02 13:55:00+00:00,21573.5,21312.0,2024-09-02 14:36:00+00:00,target,31.5,13.75,261.5,0.052581261950286805,0.12045889101338432,0.08221797323135756,-0.16539196940726578,27.5,21312.5,21556.5,12250,12490,21587.75,2024-09-02
A3_k1_spike_split,1,2024-09-02 15:20:00+00:00,2024-09-02 15:20:00+00:00,21608.75,21312.0,2024-09-02 16:00:00+00:00,time,1.25,-13.75,296.75,-0.04633529907329402,0.004212299915754001,0.010109519797809604,-0.08171861836562763,-27.5,21312.5,21594.75,12250,12508,21612.25,2024-09-02
A3_k1_spike_split,-1,2024-09-03 13:30:00+00:00,2024-09-03 13:30:00+00:00,21420.0,21626.0,2024-09-03 13:31:00+00:00,target,179.0,24.0,206.0,0.11650485436893204,0.8689320388349514,0.2512135922330097,-0.027912621359223302,48.0,21625.5,21587.25,12533,12647,21411.0,2024-09-03
A3_k1_spike_split,-1,2024-09-03 14:25:00+00:00,2024-09-03 14:25:00+00:00,21256.75,21626.0,2024-09-03 14:31:00+00:00,target,137.5,30.75,369.25,0.08327691266079891,0.37237643872714965,0.16113744075829384,-0.06905890318212593,61.5,21625.5,21362.75,12533,12720,21225.5,2024-09-03
A3_k1_spike_split,-1,2024-09-03 15:10:00+00:00,2024-09-03 15:10:00+00:00,21138.75,21626.0,2024-09-03 15:56:00+00:00,target,191.5,47.25,487.25,0.0969728065674705,0.3930220625962032,0.11082606464853771,-0.07747562852744998,94.5,21625.5,21282.25,12533,12728,21091.0,2024-09-03
A3_k1_spike_split,-1,2024-09-04 13:30:00+00:00,2024-09-04 13:30:00+00:00,20820.25,21626.0,2024-09-04 14:00:00+00:00,target,372.5,23.25,805.75,0.028855103940428173,0.4623022029165374,0.05181507911883339,-0.1405522804840211,46.5,21625.5,21168.75,12533,12742,20797.0,2024-09-04
A3_k1_spike_split,-1,2024-09-04 14:05:00+00:00,2024-09-04 14:05:00+00:00,20862.5,21626.0,2024-09-04 16:00:00+00:00,time,-18.25,-89.0,763.5,-0.11656843483955469,-0.02390307793058284,0.03994760969220694,-0.2554027504911591,-178.0,21625.5,20932.25,12533,12998,20773.25,2024-09-04
A3_k1_spike_split,-1,2024-09-05 13:30:00+00:00,2024-09-05 13:30:00+00:00,20828.75,21030.75,2024-09-05 14:00:00+00:00,stop,-19.5,-202.75,202.0,-1.0037128712871286,-0.09653465346534654,0.007425742574257425,-1.0358910891089108,-405.5,21030.25,21011.0,13030,13034,20810.5,2024-09-05
A3_k1_spike_split,1,2024-09-05 14:35:00+00:00,2024-09-05 14:35:00+00:00,21048.75,20766.25,2024-09-05 16:00:00+00:00,time,-164.5,-246.0,282.5,-0.8707964601769912,-0.5823008849557522,0.035398230088495575,-0.9353982300884955,-492.0,20766.75,20968.25,12846,13278,21092.75,2024-09-05
A3_k1_spike_split,-1,2024-09-06 13:30:00+00:00,2024-09-06 13:30:00+00:00,20872.0,21093.25,2024-09-06 13:35:00+00:00,be,122.75,10.625,221.25,0.0480225988700565,0.5548022598870056,0.20112994350282487,-0.17062146892655367,21.25,21092.75,20983.25,13280,13333,20849.5,2024-09-06
A3_k1_spike_split,-1,2024-09-06 13:40:00+00:00,2024-09-06 13:40:00+00:00,20756.5,21093.25,2024-09-06 14:00:00+00:00,target,245.0,91.0,336.75,0.2702301410541945,0.7275426874536006,0.3103192279138827,-0.20935412026726058,182.0,21092.75,20909.75,13280,13545,20665.5,2024-09-06
A3_k1_spike_split,1,2024-09-06 14:10:00+00:00,2024-09-06 14:10:00+00:00,20706.75,20645.75,2024-09-06 14:24:00+00:00,stop,-6.0,-61.75,61.0,-1.0122950819672132,-0.09836065573770492,0.32786885245901637,-1.3155737704918034,-123.5,20646.25,20652.0,13494,13551,20827.0,2024-09-06
A3_k1_spike_split,-1,2024-09-06 15:05:00+00:00,2024-09-06 15:05:00+00:00,20502.0,21093.25,2024-09-06 15:17:00+00:00,target,259.5,54.0,591.25,0.09133192389006342,0.43890063424947146,0.11670190274841438,-0.04904862579281184,108.0,21092.75,20706.75,13280,13555,20447.5,2024-09-06
A3_k1_spike_split,-1,2024-09-09 13:30:00+00:00,2024-09-09 13:30:00+00:00,20571.0,20915.5,2024-09-09 14:33:00+00:00,target,62.75,43.75,344.5,0.1269956458635704,0.18214804063860668,0.18142235123367198,-0.26705370101596515,87.5,20915.0,20589.25,13543,13782,20533.75,2024-09-09
A3_k1_spike_split,1,2024-09-09 14:55:00+00:00,2024-09-09 14:55:00+00:00,20511.5,20279.25,2024-09-09 16:00:00+00:00,time,113.0,74.5,232.25,0.3207750269106566,0.4865446716899892,0.3293864370290635,-0.30893433799784714,149.0,20279.75,20474.0,13633,13836,20663.0,2024-09-09
A3_k1_spike_split,1,2024-09-10 13:30:00+00:00,2024-09-10 13:30:00+00:00,20701.25,20328.75,2024-09-10 13:31:00+00:00,target,211.75,18.75,372.5,0.050335570469798654,0.5684563758389262,0.11409395973154363,-0.030201342281879196,37.5,20329.25,20509.0,13650,13882,20720.5,2024-09-10
A3_k1_spike_split,1,2024-09-10 13:50:00+00:00,2024-09-10 13:50:00+00:00,20694.25,20328.75,2024-09-10 16:00:00+00:00,time,-97.75,-129.0,365.5,-0.35294117647058826,-0.26744186046511625,0.1771545827633379,-0.3912448700410397,-258.0,20329.25,20664.0,13650,14099,20764.25,2024-09-10
A3_k1_spike_split,1,2024-09-11 13:30:00+00:00,2024-09-11 13:30:00+00:00,20845.5,20524.5,2024-09-11 14:43:00+00:00,stop,-7.5,-321.75,321.0,-1.0023364485981308,-0.02336448598130841,0.010903426791277258,-1.0218068535825544,-643.5,20525.0,20532.25,14045,14127,20871.75,2024-09-11
A3_k1_spike_split,-1,2024-09-11 15:25:00+00:00,2024-09-11 15:25:00+00:00,20611.5,20872.25,2024-09-11 16:00:00+00:00,time,-84.0,-121.0,260.75,-0.46404602109300097,-0.3221476510067114,0.011505273250239693,-0.5790987535953979,-242.0,20871.75,20647.5,14371,14394,20490.25,2024-09-11
A3_k1_spike_split,-1,2024-09-12 13:30:00+00:00,2024-09-12 13:30:00+00:00,21201.75,21285.5,2024-09-12 13:31:00+00:00,target,89.875,22.5,83.75,0.26865671641791045,1.0731343283582089,0.5880597014925373,-0.11343283582089553,45.0,21285.0,21282.5,14561,14576,21194.75,2024-09-12
A3_k1_spike_split,1,2024-09-12 13:40:00+00:00,2024-09-12 13:40:00+00:00,21199.5,21040.0,2024-09-12 14:17:00+00:00,target,106.125,58.375,159.5,0.365987460815047,0.6653605015673981,0.49686520376175547,-0.4498432601880878,116.75,21040.5,21152.5,14439,14649,21245.0,2024-09-12
A3_k1_spike_split,1,2024-09-12 14:45:00+00:00,2024-09-12 14:45:00+00:00,21256.0,21040.0,2024-09-12 15:13:00+00:00,target,107.25,52.0,216.0,0.24074074074074073,0.4965277777777778,0.3460648148148148,-0.26967592592592593,104.0,21040.5,21201.5,14439,14662,21308.5,2024-09-12
A3_k1_spike_split,-1,2024-09-13 13:30:00+00:00,2024-09-13 13:30:00+00:00,21351.5,21431.5,2024-09-13 13:31:00+00:00,target,67.25,-2.75,80.0,-0.034375,0.840625,0.1625,-0.25625,-5.5,21431.0,21420.75,14831,14880,21355.0,2024-09-13
A3_k1_spike_split,1,2024-09-13 13:40:00+00:00,2024-09-13 13:40:00+00:00,21413.5,21127.25,2024-09-13 13:43:00+00:00,target,92.75,17.0,286.25,0.059388646288209605,0.3240174672489083,0.08995633187772925,-0.05764192139737991,34.0,21127.75,21338.5,14653,14925,21431.0,2024-09-13
A3_k1_spike_split,1,2024-09-13 14:10:00+00:00,2024-09-13 14:10:00+00:00,21450.0,21127.25,2024-09-13 14:17:00+00:00,target,103.0,7.0,322.75,0.021688613477924088,0.31913245546088304,0.02865995352439969,-0.11618900077459333,14.0,21127.75,21354.75,14653,14931,21457.5,2024-09-13
A3_k1_spike_split,1,2024-09-13 14:40:00+00:00,2024-09-13 14:40:00+00:00,21425.75,21127.25,2024-09-13 14:45:00+00:00,target,116.5,45.5,298.5,0.152428810720268,0.39028475711892796,0.1708542713567839,-0.011725293132328308,91.0,21127.75,21355.5,14653,14937,21471.75,2024-09-13
A3_k1_spike_split,1,2024-09-13 15:00:00+00:00,2024-09-13 15:00:00+00:00,21455.0,21127.25,2024-09-13 15:13:00+00:00,target,48.0,21.25,327.75,0.06483600305110603,0.14645308924485126,0.07780320366132723,-0.02822273073989321,42.5,21127.75,21429.0,14653,14941,21476.75,2024-09-13
A3_k1_spike_split,1,2024-09-13 15:20:00+00:00,2024-09-13 15:20:00+00:00,21460.0,21127.25,2024-09-13 15:21:00+00:00,target,32.75,20.0,332.75,0.06010518407212622,0.09842223891810668,0.06987227648384674,-0.012021036814425245,40.0,21127.75,21448.0,14653,14945,21480.5,2024-09-13
A3_k1_spike_split,-1,2024-09-16 13:30:00+00:00,2024-09-16 13:30:00+00:00,21377.0,21520.0,2024-09-16 13:31:00+00:00,target,156.875,28.0,143.0,0.1958041958041958,1.097027972027972,0.21503496503496503,-0.045454545454545456,56.0,21519.5,21516.25,14977,14980,21363.75,2024-09-16
A3_k1_spike_split,-1,2024-09-16 13:45:00+00:00,2024-09-16 13:45:00+00:00,21322.75,21520.0,2024-09-16 14:34:00+00:00,target,114.5,53.0,197.25,0.26869455006337134,0.5804816223067174,0.385297845373891,-0.42458808618504434,106.0,21519.5,21383.5,14977,15201,21269.25,2024-09-16
A3_k1_spike_split,-1,2024-09-16 14:50:00+00:00,2024-09-16 14:50:00+00:00,21293.5,21520.0,2024-09-16 16:00:00+00:00,time,5.75,-17.25,226.5,-0.076158940397351,0.025386313465783666,0.2119205298013245,-0.2682119205298013,-34.5,21519.5,21315.5,14977,15215,21241.5,2024-09-16
A3_k1_spike_split,-1,2024-09-17 13:30:00+00:00,2024-09-17 13:30:00+00:00,21503.5,21530.0,2024-09-17 13:31:00+00:00,stop,-8.25,-27.25,26.5,-1.028301886792453,-0.3113207547169811,0.4528301886792453,-1.2358490566037736,-54.5,21529.5,21521.5,15465,15473,21484.0,2024-09-17
A3_k1_spike_split,1,2024-09-17 13:45:00+00:00,2024-09-17 13:45:00+00:00,21496.5,21241.0,2024-09-17 14:45:00+00:00,target,72.0,39.25,255.5,0.15362035225048923,0.28180039138943247,0.21428571428571427,-0.3082191780821918,78.5,21241.5,21464.5,15214,15478,21536.25,2024-09-17
A3_k1_spike_split,1,2024-09-17 15:05:00+00:00,2024-09-17 15:05:00+00:00,21468.75,21241.0,2024-09-17 16:00:00+00:00,time,28.5,12.5,227.75,0.054884742041712405,0.1251372118551043,0.23819978046103182,-0.09110867178924259,25.0,21241.5,21453.75,15214,15494,21558.0,2024-09-17
A3_k1_spike_split,-1,2024-09-18 13:30:00+00:00,2024-09-18 13:30:00+00:00,21436.75,21558.5,2024-09-18 13:31:00+00:00,target,68.875,13.125,121.75,0.10780287474332649,0.5657084188911704,0.1704312114989733,-0.049281314168377825,26.25,21558.0,21491.75,15492,15507,21425.75,2024-09-18
A3_k1_spike_split,-1,2024-09-18 13:35:00+00:00,2024-09-18 13:35:00+00:00,21403.75,21558.5,2024-09-18 13:41:00+00:00,be,53.75,12.375,154.75,0.07996768982229402,0.3473344103392569,0.1841680129240711,-0.050080775444264945,24.75,21558.0,21444.25,15492,15752,21377.75,2024-09-18
A3_k1_spike_split,1,2024-09-18 13:45:00+00:00,2024-09-18 13:45:00+00:00,21403.25,21283.25,2024-09-18 16:00:00+00:00,time,-71.75,-100.75,120.0,-0.8395833333333333,-0.5979166666666667,0.23125,-0.9479166666666666,-201.5,21283.75,21375.25,15528,15754,21444.25,2024-09-18
A3_k1_spike_split,1,2024-09-19 13:30:00+00:00,2024-09-19 13:30:00+00:00,21758.75,21266.25,2024-09-19 13:31:00+00:00,target,473.75,-13.25,492.5,-0.026903553299492386,0.9619289340101523,0.012690355329949238,-0.050253807106598984,-26.5,21266.75,21272.5,15828,15831,21746.0,2024-09-19
A3_k1_spike_split,1,2024-09-19 13:50:00+00:00,2024-09-19 13:50:00+00:00,21721.75,21266.25,2024-09-19 14:18:00+00:00,target,69.75,57.0,455.5,0.1251372118551043,0.1531284302963776,0.14983534577387486,-0.11525795828759605,114.0,21266.75,21709.75,15828,16030,21779.25,2024-09-19
A3_k1_spike_split,1,2024-09-19 14:40:00+00:00,2024-09-19 14:40:00+00:00,21849.0,21266.25,2024-09-19 16:00:00+00:00,time,94.0,-45.0,582.75,-0.07722007722007722,0.1613041613041613,0.02059202059202059,-0.1613041613041613,-90.0,21266.75,21711.0,15828,16037,21864.5,2024-09-19
A3_k1_spike_split,1,2024-09-20 13:30:00+00:00,2024-09-20 13:30:00+00:00,21741.25,21347.75,2024-09-20 16:00:00+00:00,time,-6.5,-61.5,393.5,-0.156289707750953,-0.016518424396442185,0.12007623888182974,-0.44536213468869124,-123.0,21348.25,21687.25,15861,16274,21858.25,2024-09-20
A3_k1_spike_split,-1,2024-09-23 13:30:00+00:00,2024-09-23 13:30:00+00:00,21782.25,21870.5,2024-09-23 13:32:00+00:00,target,102.0,15.0,88.25,0.16997167138810199,1.1558073654390935,0.3909348441926346,-0.11614730878186968,30.0,21870.0,21868.5,16458,16464,21768.25,2024-09-23
A3_k1_spike_split,-1,2024-09-23 13:40:00+00:00,2024-09-23 13:40:00+00:00,21757.25,21870.5,2024-09-23 16:00:00+00:00,time,-18.5,-54.75,113.25,-0.48344370860927155,-0.16335540838852097,0.15894039735099338,-0.6666666666666666,-109.5,21870.0,21792.5,16458,16581,21731.5,2024-09-23
A3_k1_spike_split,-1,2024-09-24 13:30:00+00:00,2024-09-24 13:30:00+00:00,21841.0,21885.75,2024-09-24 13:50:00+00:00,target,80.5,38.0,44.75,0.8491620111731844,1.7988826815642458,1.1899441340782122,-0.4245810055865922,76.0,21885.25,21882.75,16795,16797,21813.0,2024-09-24
A3_k1_spike_split,-1,2024-09-24 13:55:00+00:00,2024-09-24 13:55:00+00:00,21805.75,21885.75,2024-09-24 14:00:00+00:00,target,76.0,50.75,80.0,0.634375,0.95,0.81875,-0.125,101.5,21885.25,21830.25,16795,16860,21756.5,2024-09-24
A3_k1_spike_split,1,2024-09-24 14:10:00+00:00,2024-09-24 14:10:00+00:00,21718.0,21660.5,2024-09-24 14:41:00+00:00,stop,-30.0,-58.25,57.5,-1.0130434782608695,-0.5217391304347826,0.6173913043478261,-1.0434782608695652,-116.5,21661.0,21690.75,16506,16863,21830.25,2024-09-24
A3_k1_spike_split,-1,2024-09-25 13:30:00+00:00,2024-09-25 13:30:00+00:00,21846.5,21921.25,2024-09-25 13:56:00+00:00,stop,-0.75,-75.5,74.75,-1.0100334448160535,-0.010033444816053512,0.030100334448160536,-1.0836120401337792,-151.0,21920.75,21920.25,16886,16888,21845.25,2024-09-25
A3_k1_spike_split,1,2024-09-25 14:40:00+00:00,2024-09-25 14:40:00+00:00,21948.5,21657.5,2024-09-25 16:00:00+00:00,time,-5.25,-36.75,291.0,-0.12628865979381443,-0.01804123711340206,0.020618556701030927,-0.21735395189003437,-73.5,21658.0,21918.0,16871,17145,21978.75,2024-09-25
A3_k1_spike_split,1,2024-09-26 13:30:00+00:00,2024-09-26 13:30:00+00:00,22209.5,21769.25,2024-09-26 16:00:00+00:00,time,185.5,-183.5,440.25,-0.41680863145939806,0.42135150482680295,0.032935831913685404,-0.7166382737081204,-367.0,21769.75,21841.5,17057,17175,22243.75,2024-09-26
A3_k1_spike_split,-1,2024-09-27 13:30:00+00:00,2024-09-27 13:30:00+00:00,22082.75,22244.25,2024-09-27 13:31:00+00:00,target,32.125,21.25,161.5,0.13157894736842105,0.19891640866873064,0.21362229102167182,-0.03869969040247678,42.5,22243.75,22102.0,17405,17676,22077.75,2024-09-27
A3_k1_spike_split,-1,2024-09-27 13:40:00+00:00,2024-09-27 13:40:00+00:00,22034.5,22244.25,2024-09-27 14:13:00+00:00,target,82.25,27.0,209.75,0.12872467222884387,0.39213349225268174,0.1835518474374255,-0.22526817640047675,54.0,22243.75,22089.0,17405,17685,22011.0,2024-09-27
A3_k1_spike_split,1,2024-09-27 14:30:00+00:00,2024-09-27 14:30:00+00:00,22019.5,21893.5,2024-09-27 16:00:00+00:00,time,-49.0,-78.5,126.0,-0.623015873015873,-0.3888888888888889,0.17063492063492064,-0.6904761904761905,-157.0,21894.0,21991.0,17427,17695,22081.75,2024-09-27
A3_k1_spike_split,-1,2024-09-30 13:30:00+00:00,2024-09-30 13:30:00+00:00,21884.75,22102.5,2024-09-30 14:24:00+00:00,target,139.0,23.5,217.75,0.1079219288174512,0.6383467278989667,0.17680826636050517,-0.39150401836969,47.0,22102.0,21999.5,17676,17739,21868.25,2024-09-30
A3_k1_spike_split,-1,2024-09-30 14:45:00+00:00,2024-09-30 14:45:00+00:00,21879.0,22102.5,2024-09-30 14:49:00+00:00,be,41.5,-1.5,223.5,-0.006711409395973154,0.18568232662192394,0.04809843400447427,-0.06711409395973154,-3.0,22102.0,21916.0,17676,17974,21870.5,2024-09-30
A3_k1_spike_split,1,2024-09-30 14:55:00+00:00,2024-09-30 14:55:00+00:00,21884.5,21833.0,2024-09-30 15:09:00+00:00,be,32.25,15.125,51.5,0.2936893203883495,0.6262135922330098,0.6893203883495146,-0.13592233009708737,30.25,21833.5,21868.25,17972,17976,21916.0,2024-09-30
A3_k1_spike_split,-1,2024-09-30 15:15:00+00:00,2024-09-30 15:15:00+00:00,21910.0,22102.5,2024-09-30 16:00:00+00:00,time,6.25,-4.75,192.5,-0.024675324675324677,0.032467532467532464,0.19090909090909092,-0.15974025974025974,-9.5,22102.0,21920.0,17676,17980,21868.25,2024-09-30
A3_k1_spike_split,-1,2024-10-01 13:30:00+00:00,2024-10-01 13:30:00+00:00,21957.75,21993.25,2024-10-01 13:32:00+00:00,target,66.375,37.125,35.5,1.045774647887324,1.869718309859155,1.7183098591549295,-0.4084507042253521,74.25,21992.75,21986.25,18224,18231,21921.0,2024-10-01
A3_k1_spike_split,-1,2024-10-01 13:40:00+00:00,2024-10-01 13:40:00+00:00,21809.75,21993.25,2024-10-01 13:47:00+00:00,target,209.0,45.75,183.5,0.24931880108991825,1.1389645776566757,0.37193460490463215,-0.0340599455040872,91.5,21992.75,21972.25,18224,18237,21763.5,2024-10-01
A3_k1_spike_split,-1,2024-10-01 14:25:00+00:00,2024-10-01 14:25:00+00:00,21661.0,21993.25,2024-10-01 14:28:00+00:00,target,169.75,44.5,332.25,0.13393528969149737,0.510910458991723,0.21896162528216703,-0.03160270880361174,89.0,21992.75,21785.5,18224,18243,21616.0,2024-10-01
A3_k1_spike_split,-1,2024-10-01 14:40:00+00:00,2024-10-01 14:40:00+00:00,21637.5,21993.25,2024-10-01 15:08:00+00:00,target,118.25,63.75,355.75,0.1791988756148981,0.3323963457484188,0.23049894588896697,-0.09346451159522136,127.5,21992.75,21691.25,18224,18247,21573.25,2024-10-01
A3_k1_spike_split,-1,2024-10-02 13:30:00+00:00,2024-10-02 13:30:00+00:00,21649.0,21993.25,2024-10-02 13:31:00+00:00,target,154.25,20.75,344.25,0.06027596223674655,0.4480755265068991,0.09077705156136529,-0.006535947712418301,41.5,21992.75,21786.5,18224,18297,21634.0,2024-10-02
A3_k1_spike_split,-1,2024-10-02 13:40:00+00:00,2024-10-02 13:40:00+00:00,21603.25,21993.25,2024-10-02 13:48:00+00:00,be,96.625,26.0,390.0,0.06666666666666667,0.24775641025641026,0.16346153846153846,-0.057692307692307696,52.0,21992.75,21673.0,18224,18513,21550.0,2024-10-02
A3_k1_spike_split,-1,2024-10-02 14:10:00+00:00,2024-10-02 14:10:00+00:00,21652.0,21993.25,2024-10-02 16:00:00+00:00,time,-85.25,-115.5,341.25,-0.3384615384615385,-0.24981684981684982,0.01391941391941392,-0.4205128205128205,-231.0,21992.75,21681.25,18224,18519,21539.5,2024-10-02
A3_k1_spike_split,-1,2024-10-03 13:30:00+00:00,2024-10-03 13:30:00+00:00,21618.0,21796.0,2024-10-03 13:31:00+00:00,target,185.0,11.25,178.0,0.06320224719101124,1.0393258426966292,0.09831460674157304,-0.10533707865168539,22.5,21795.5,21791.0,18534,18545,21608.75,2024-10-03
A3_k1_spike_split,1,2024-10-03 13:40:00+00:00,2024-10-03 13:40:00+00:00,21671.0,21539.0,2024-10-03 13:42:00+00:00,target,101.25,30.0,132.0,0.22727272727272727,0.7670454545454546,0.3125,-0.12310606060606061,60.0,21539.5,21600.5,18516,18789,21701.0,2024-10-03
A3_k1_spike_split,-1,2024-10-03 13:50:00+00:00,2024-10-03 13:50:00+00:00,21698.0,21796.0,2024-10-03 14:04:00+00:00,stop,-83.5,-98.75,98.0,-1.0076530612244898,-0.8520408163265306,0.11224489795918367,-1.0255102040816326,-197.5,21795.5,21712.25,18534,18791,21654.75,2024-10-03
A3_k1_spike_split,1,2024-10-03 14:20:00+00:00,2024-10-03 14:20:00+00:00,21734.5,21539.0,2024-10-03 16:00:00+00:00,time,59.25,11.0,195.5,0.056265984654731455,0.3030690537084399,0.159846547314578,-0.592071611253197,22.0,21539.5,21687.25,18516,18797,21821.0,2024-10-03
A3_k1_spike_split,1,2024-10-04 13:30:00+00:00,2024-10-04 13:30:00+00:00,21933.75,21556.5,2024-10-04 16:00:00+00:00,time,262.75,-87.0,377.25,-0.23061630218687873,0.6964877402253148,0.03180914512922465,-0.5692511597084162,-174.0,21557.0,21585.0,18720,18831,21969.0,2024-10-04
A3_k1_spike_split,-1,2024-10-07 13:30:00+00:00,2024-10-07 13:30:00+00:00,21842.75,21974.5,2024-10-07 13:45:00+00:00,target,158.375,28.875,131.75,0.21916508538899432,1.2020872865275143,0.27514231499051234,-0.2049335863377609,57.75,21974.0,21971.5,19161,19168,21818.5,2024-10-07
A3_k1_spike_split,1,2024-10-07 14:00:00+00:00,2024-10-07 14:00:00+00:00,21816.5,21646.75,2024-10-07 14:16:00+00:00,target,75.875,53.375,169.75,0.31443298969072164,0.44698085419734906,0.35640648011782033,-0.041237113402061855,106.75,21647.25,21794.75,18882,19345,21869.75,2024-10-07
A3_k1_spike_split,-1,2024-10-07 14:25:00+00:00,2024-10-07 14:25:00+00:00,21870.75,21974.5,2024-10-07 16:00:00+00:00,time,27.25,13.75,103.75,0.13253012048192772,0.26265060240963856,0.43614457831325304,-0.2216867469879518,27.5,21974.0,21883.25,19161,19350,21794.75,2024-10-07
A3_k1_spike_split,-1,2024-10-08 13:30:00+00:00,2024-10-08 13:30:00+00:00,21809.0,21974.5,2024-10-08 14:47:00+00:00,stop,-100.5,-166.25,165.5,-1.0045317220543806,-0.6072507552870091,0.20241691842900303,-1.0347432024169185,-332.5,21974.0,21873.75,19161,19375,21762.0,2024-10-08
A3_k1_spike_split,1,2024-10-08 14:55:00+00:00,2024-10-08 14:55:00+00:00,21945.0,21608.0,2024-10-08 16:00:00+00:00,time,64.5,17.5,337.0,0.05192878338278932,0.1913946587537092,0.06824925816023739,-0.08160237388724036,35.0,21608.5,21899.0,19437,19631,21980.25,2024-10-08
A3_k1_spike_split,-1,2024-10-09 13:30:00+00:00,2024-10-09 13:30:00+00:00,21988.5,22036.0,2024-10-09 13:35:00+00:00,target,36.25,17.25,47.5,0.3631578947368421,0.7631578947368421,0.8368421052631579,-0.15789473684210525,34.5,22035.5,22006.75,19693,19890,21985.75,2024-10-09
A3_k1_spike_split,-1,2024-10-09 13:50:00+00:00,2024-10-09 13:50:00+00:00,21972.25,22036.0,2024-10-09 14:20:00+00:00,stop,-30.5,-64.5,63.75,-1.011764705882353,-0.47843137254901963,0.3176470588235294,-1.1019607843137256,-129.0,22035.5,22005.25,19693,19895,21944.25,2024-10-09
A3_k1_spike_split,1,2024-10-09 15:10:00+00:00,2024-10-09 15:10:00+00:00,22086.5,21608.0,2024-10-09 15:12:00+00:00,target,72.5,5.75,478.5,0.012016718913270637,0.15151515151515152,0.025078369905956112,-0.01619644723092999,11.5,21608.5,22020.5,19437,19909,22092.75,2024-10-09
A3_k1_spike_split,-1,2024-10-10 13:30:00+00:00,2024-10-10 13:30:00+00:00,22065.5,22188.75,2024-10-10 13:48:00+00:00,target,156.375,40.625,123.25,0.32961460446247465,1.268762677484787,0.3772819472616633,-0.24746450304259635,81.25,22188.25,22180.5,19969,20045,22028.25,2024-10-10
A3_k1_spike_split,1,2024-10-10 14:00:00+00:00,2024-10-10 14:00:00+00:00,22063.75,21901.0,2024-10-10 14:07:00+00:00,be,72.875,15.5,162.75,0.09523809523809523,0.4477726574500768,0.25960061443932414,-0.026113671274961597,31.0,21901.5,22007.25,19819,20173,22096.0,2024-10-10
A3_k1_spike_split,-1,2024-10-10 14:25:00+00:00,2024-10-10 14:25:00+00:00,22094.0,22188.75,2024-10-10 16:00:00+00:00,time,-58.0,-87.5,94.75,-0.9234828496042217,-0.6121372031662269,0.2928759894459103,-1.04221635883905,-175.0,22188.25,22122.5,19969,20178,22007.25,2024-10-10
A3_k1_spike_split,-1,2024-10-11 13:30:00+00:00,2024-10-11 13:30:00+00:00,22046.25,22179.75,2024-10-11 13:31:00+00:00,target,112.0,14.75,133.5,0.1104868913857678,0.8389513108614233,0.16666666666666666,-0.031835205992509365,29.5,22179.25,22174.5,20218,20321,22064.75,2024-10-11
A3_k1_spike_split,1,2024-10-11 13:30:00+00:00,2024-10-11 13:44:00+00:00,22058.25,22006.75,2024-10-11 14:02:00+00:00,target,24.625,23.875,51.5,0.46359223300970875,0.47815533980582525,0.5485436893203883,-0.558252427184466,47.75,22007.25,22058.25,20173,20390,22079.5,2024-10-11
A3_k1_spike_split,1,2024-10-11 14:10:00+00:00,2024-10-11 14:10:00+00:00,22120.0,22006.75,2024-10-11 14:11:00+00:00,target,97.625,7.75,113.25,0.0684326710816777,0.8620309050772627,0.2119205298013245,-0.04194260485651214,15.5,22007.25,22029.5,20173,20451,22122.25,2024-10-11
A3_k1_spike_split,-1,2024-10-11 14:45:00+00:00,2024-10-11 14:45:00+00:00,22147.25,22187.5,2024-10-11 16:00:00+00:00,time,11.0,-28.75,40.25,-0.7142857142857143,0.2732919254658385,1.2484472049689441,-0.7639751552795031,-57.5,22187.0,22186.0,20456,20458,22029.5,2024-10-11
A3_k1_spike_split,1,2024-10-14 13:30:00+00:00,2024-10-14 13:30:00+00:00,22257.25,22088.0,2024-10-14 13:31:00+00:00,target,176.0,14.5,169.25,0.08567208271787297,1.0398818316100442,0.103397341211226,-0.0620384047267356,29.0,22088.5,22096.5,20584,20595,22272.25,2024-10-14
A3_k1_spike_split,1,2024-10-14 14:10:00+00:00,2024-10-14 14:10:00+00:00,22346.25,22088.0,2024-10-14 16:00:00+00:00,time,43.5,-57.0,258.25,-0.2207163601161665,0.16844143272023232,0.03484995159728945,-0.4462729912875121,-114.0,22088.5,22246.75,20584,20721,22386.0,2024-10-14
A3_k1_spike_split,1,2024-10-15 13:30:00+00:00,2024-10-15 13:30:00+00:00,22338.0,22088.0,2024-10-15 14:37:00+00:00,stop,-142.75,-250.75,250.0,-1.003,-0.571,0.109,-1.032,-501.5,22088.5,22231.0,20584,20745,22372.75,2024-10-15
A3_k1_spike_split,-1,2024-10-15 15:05:00+00:00,2024-10-15 15:05:00+00:00,22106.25,22365.75,2024-10-15 16:00:00+00:00,time,99.25,48.75,259.5,0.18786127167630057,0.38246628131021193,0.21290944123314065,-0.18400770712909442,97.5,22365.25,22155.75,20998,21014,22037.5,2024-10-15
A3_k1_spike_split,-1,2024-10-16 13:30:00+00:00,2024-10-16 13:30:00+00:00,22059.0,22365.75,2024-10-16 13:31:00+00:00,target,88.875,10.0,306.75,0.032599837000814993,0.28973105134474325,0.16381418092909536,-0.014669926650366748,20.0,22365.25,22139.75,20998,21022,22055.0,2024-10-16
A3_k1_spike_split,-1,2024-10-16 13:35:00+00:00,2024-10-16 13:35:00+00:00,22008.25,22365.75,2024-10-16 13:44:00+00:00,target,113.5,47.75,357.5,0.13356643356643358,0.3174825174825175,0.16923076923076924,-0.02097902097902098,95.5,22365.25,22073.25,20998,21272,21960.0,2024-10-16
A3_k1_spike_split,-1,2024-10-16 14:20:00+00:00,2024-10-16 14:20:00+00:00,21991.25,22365.75,2024-10-16 16:00:00+00:00,time,33.75,9.5,374.5,0.025367156208277702,0.09012016021361816,0.1054739652870494,-0.17156208277703605,19.0,22365.25,22014.5,20998,21281,21911.25,2024-10-16
A3_k1_spike_split,1,2024-10-17 13:30:00+00:00,2024-10-17 13:30:00+00:00,22279.25,21982.25,2024-10-17 16:00:00+00:00,time,228.75,-66.0,297.0,-0.2222222222222222,0.7702020202020202,0.009259259259259259,-0.7003367003367004,-132.0,21982.75,21985.5,21390,21419,22300.5,2024-10-17
A3_k1_spike_split,-1,2024-10-18 13:30:00+00:00,2024-10-18 13:30:00+00:00,22171.75,22235.5,2024-10-18 13:31:00+00:00,target,42.625,13.25,63.75,0.20784313725490197,0.6686274509803921,0.4823529411764706,-0.0392156862745098,26.5,22235.0,22215.75,21579,21822,22178.25,2024-10-18
A3_k1_spike_split,1,2024-10-18 13:30:00+00:00,2024-10-18 13:41:00+00:00,22178.25,21982.25,2024-10-18 13:48:00+00:00,be,19.0,18.125,196.0,0.09247448979591837,0.09693877551020408,0.1989795918367347,-0.07270408163265306,36.25,21982.75,22178.25,21390,21818,22215.75,2024-10-18
A3_k1_spike_split,-1,2024-10-18 13:55:00+00:00,2024-10-18 13:55:00+00:00,22178.5,22235.5,2024-10-18 15:31:00+00:00,stop,-18.0,-57.75,57.0,-1.013157894736842,-0.3157894736842105,0.36403508771929827,-1.043859649122807,-115.5,22235.0,22217.25,21579,21828,22139.0,2024-10-18
A3_k1_spike_split,-1,2024-10-21 13:30:00+00:00,2024-10-21 13:30:00+00:00,22133.5,22238.5,2024-10-21 14:06:00+00:00,stop,-7.75,-105.75,105.0,-1.0071428571428571,-0.07380952380952381,0.04285714285714286,-1.0119047619047619,-211.5,22238.0,22230.5,21849,21933,22102.0,2024-10-21
A3_k1_spike_split,1,2024-10-21 14:55:00+00:00,2024-10-21 14:55:00+00:00,22130.25,22026.5,2024-10-21 16:00:00+00:00,time,74.25,30.75,103.75,0.2963855421686747,0.7156626506024096,0.39518072289156625,-0.763855421686747,61.5,22027.0,22087.75,21669,22116,22260.25,2024-10-21
A3_k1_spike_split,-1,2024-10-22 13:30:00+00:00,2024-10-22 13:30:00+00:00,22108.5,22260.75,2024-10-22 16:00:00+00:00,time,77.0,-71.25,152.25,-0.46798029556650245,0.5057471264367817,0.22167487684729065,-0.7684729064039408,-142.5,22260.25,22255.75,22110,22188,22068.5,2024-10-22
A3_k1_spike_split,-1,2024-10-23 13:30:00+00:00,2024-10-23 13:30:00+00:00,22140.5,22249.0,2024-10-23 14:06:00+00:00,target,158.375,68.375,108.5,0.630184331797235,1.4596774193548387,0.7626728110599078,-0.26036866359447003,136.75,22248.5,22229.75,22579,22583,22074.75,2024-10-23
A3_k1_spike_split,-1,2024-10-23 14:25:00+00:00,2024-10-23 14:25:00+00:00,22082.0,22249.0,2024-10-23 15:13:00+00:00,target,58.75,29.5,167.0,0.17664670658682635,0.35179640718562877,0.2844311377245509,-0.49101796407185627,59.0,22248.5,22110.5,22579,22662,22052.0,2024-10-23
A3_k1_spike_split,-1,2024-10-23 15:20:00+00:00,2024-10-23 15:20:00+00:00,22035.0,22249.0,2024-10-23 15:27:00+00:00,target,98.0,8.0,214.0,0.037383177570093455,0.45794392523364486,0.07242990654205607,-0.1378504672897196,16.0,22248.5,22124.25,22579,22672,22026.5,2024-10-23
A3_k1_spike_split,-1,2024-10-24 13:30:00+00:00,2024-10-24 13:30:00+00:00,22078.25,22249.0,2024-10-24 13:31:00+00:00,target,54.125,31.25,170.75,0.18301610541727673,0.3169838945827233,0.3513909224011713,-0.02635431918008785,62.5,22248.5,22134.0,22579,22917,22082.75,2024-10-24
A3_k1_spike_split,1,2024-10-24 13:40:00+00:00,2024-10-24 13:40:00+00:00,22054.25,21784.5,2024-10-24 16:00:00+00:00,time,16.25,-21.0,269.75,-0.0778498609823911,0.060240963855421686,0.11584800741427248,-0.3123262279888786,-42.0,21785.0,22018.0,22710,22929,22112.25,2024-10-24
A3_k1_spike_split,1,2024-10-25 13:30:00+00:00,2024-10-25 13:30:00+00:00,22197.25,21966.0,2024-10-25 13:31:00+00:00,target,184.25,27.25,231.25,0.11783783783783784,0.7967567567567567,0.1945945945945946,-0.005405405405405406,54.5,21966.5,22033.75,22961,22983,22217.75,2024-10-25
A3_k1_spike_split,1,2024-10-25 14:10:00+00:00,2024-10-25 14:10:00+00:00,22375.0,21966.0,2024-10-25 14:22:00+00:00,target,203.5,23.75,409.0,0.05806845965770171,0.49755501222493886,0.08924205378973105,-0.06723716381418093,47.5,21966.5,22196.0,22961,23205,22399.25,2024-10-25
A3_k1_spike_split,1,2024-10-25 14:30:00+00:00,2024-10-25 14:30:00+00:00,22400.25,21966.0,2024-10-25 16:00:00+00:00,time,-21.0,-74.75,434.25,-0.17213586643638457,-0.04835924006908463,0.020149683362118594,-0.2095567069660334,-149.5,21966.5,22347.5,22961,23214,22413.5,2024-10-25
A3_k1_spike_split,-1,2024-10-28 13:30:00+00:00,2024-10-28 13:30:00+00:00,22331.0,22414.0,2024-10-28 13:31:00+00:00,target,87.625,41.625,83.0,0.5015060240963856,1.055722891566265,0.7228915662650602,-0.024096385542168676,83.25,22413.5,22382.75,23215,23439,22303.75,2024-10-28
A3_k1_spike_split,1,2024-10-28 13:40:00+00:00,2024-10-28 13:40:00+00:00,22297.25,22068.75,2024-10-28 16:00:00+00:00,time,-32.0,-60.0,228.5,-0.26258205689277897,-0.1400437636761488,0.11597374179431072,-0.3096280087527352,-120.0,22069.25,22270.25,23037,23481,22361.0,2024-10-28
A3_k1_spike_split,-1,2024-10-29 13:30:00+00:00,2024-10-29 13:30:00+00:00,22216.75,22383.25,2024-10-29 13:31:00+00:00,target,84.75,23.5,166.5,0.14114114114114115,0.509009009009009,0.2087087087087087,-0.0960960960960961,47.0,22382.75,22277.25,23439,23515,22194.25,2024-10-29
A3_k1_spike_split,-1,2024-10-29 13:45:00+00:00,2024-10-29 13:45:00+00:00,22195.25,22383.25,2024-10-29 16:00:00+00:00,time,-95.0,-133.5,188.0,-0.7101063829787234,-0.5053191489361702,0.1196808510638298,-0.8204787234042553,-267.0,22382.75,22232.75,23439,23757,22138.0,2024-10-29
A3_k1_spike_split,-1,2024-10-30 13:30:00+00:00,2024-10-30 13:30:00+00:00,22367.5,22471.25,2024-10-30 13:32:00+00:00,be,104.875,11.25,103.75,0.10843373493975904,1.010843373493976,0.28433734939759037,-0.07710843373493977,22.5,22470.75,22461.25,23968,23971,22345.75,2024-10-30
A3_k1_spike_split,-1,2024-10-30 13:35:00+00:00,2024-10-30 13:35:00+00:00,22323.0,22471.25,2024-10-30 13:41:00+00:00,target,88.375,33.375,148.25,0.2251264755480607,0.5961214165261383,0.3676222596964587,-0.16863406408094436,66.75,22470.75,22377.25,23968,24032,22291.5,2024-10-30
A3_k1_spike_split,1,2024-10-30 13:50:00+00:00,2024-10-30 13:50:00+00:00,22280.75,22137.5,2024-10-30 14:09:00+00:00,target,129.5,97.0,143.25,0.6771378708551483,0.9040139616055847,0.7137870855148342,-0.015706806282722512,194.0,22138.0,22249.0,23758,24035,22377.25,2024-10-30
A3_k1_spike_split,-1,2024-10-30 14:15:00+00:00,2024-10-30 14:15:00+00:00,22363.5,22471.25,2024-10-30 16:00:00+00:00,time,5.25,-15.25,107.75,-0.14153132250580047,0.048723897911832945,0.45707656612529,-0.38979118329466356,-30.5,22470.75,22383.0,23968,24040,22249.0,2024-10-30
A3_k1_spike_split,-1,2024-10-31 13:30:00+00:00,2024-10-31 13:30:00+00:00,22071.5,22471.25,2024-10-31 13:31:00+00:00,target,320.25,31.5,399.75,0.07879924953095685,0.801125703564728,0.17010631644777988,-0.008755472170106316,63.0,22470.75,22392.0,23968,24061,22078.0,2024-10-31
A3_k1_spike_split,-1,2024-10-31 14:10:00+00:00,2024-10-31 14:10:00+00:00,21860.0,22471.25,2024-10-31 14:11:00+00:00,target,64.25,16.75,611.25,0.027402862985685072,0.1051124744376278,0.04703476482617587,-0.014723926380368098,33.5,22470.75,21906.75,23968,24314,21842.75,2024-10-31
A3_k1_spike_split,-1,2024-10-31 14:25:00+00:00,2024-10-31 14:25:00+00:00,21897.25,22471.25,2024-10-31 14:39:00+00:00,target,82.75,71.75,574.0,0.125,0.1441637630662021,0.13980836236933797,-0.00043554006968641115,143.5,22470.75,21907.5,23968,24318,21825.0,2024-10-31
A3_k1_spike_split,-1,2024-10-31 15:00:00+00:00,2024-10-31 15:00:00+00:00,21792.25,22471.25,2024-10-31 15:01:00+00:00,target,74.0,15.75,679.0,0.023195876288659795,0.10898379970544919,0.033873343151693665,-0.002577319587628866,31.5,22470.75,21849.75,23968,24323,21776.0,2024-10-31
A3_k1_spike_split,-1,2024-10-31 15:15:00+00:00,2024-10-31 15:15:00+00:00,21764.0,22471.25,2024-10-31 15:42:00+00:00,target,63.5,4.5,707.25,0.006362672322375398,0.08978437610463061,0.015553199010250972,-0.08130081300813008,9.0,22470.75,21822.25,23968,24328,21759.0,2024-10-31
A3_k1_spike_split,-1,2024-11-01 13:30:00+00:00,2024-11-01 13:30:00+00:00,21774.25,22148.0,2024-11-01 16:00:00+00:00,time,-75.0,-154.75,373.75,-0.4140468227424749,-0.20066889632107024,0.0294314381270903,-0.585953177257525,-309.5,22147.5,21853.0,24183,24574,21760.0,2024-11-01
A3_k1_spike_split,-1,2024-11-04 14:30:00+00:00,2024-11-04 14:30:00+00:00,21826.0,21993.75,2024-11-04 14:34:00+00:00,target,183.625,35.875,167.75,0.21385991058122206,1.094634873323398,0.45305514157973176,-0.13114754098360656,71.75,21993.25,21973.0,24608,24611,21807.0,2024-11-04
A3_k1_spike_split,-1,2024-11-04 14:45:00+00:00,2024-11-04 14:45:00+00:00,21816.25,21993.75,2024-11-04 17:00:00+00:00,time,64.75,32.0,177.5,0.18028169014084508,0.3647887323943662,0.32535211267605635,-0.6563380281690141,64.0,21993.25,21848.0,24608,24861,21719.25,2024-11-04
A3_k1_spike_split,-1,2024-11-05 14:30:00+00:00,2024-11-05 14:30:00+00:00,21858.0,21954.5,2024-11-05 14:49:00+00:00,stop,-72.5,-97.25,96.5,-1.0077720207253886,-0.7512953367875648,0.05181347150259067,-1.0518134715025906,-194.5,21954.0,21881.75,24767,24912,21813.25,2024-11-05
A3_k1_spike_split,1,2024-11-05 15:10:00+00:00,2024-11-05 15:10:00+00:00,21995.75,21718.75,2024-11-05 16:32:00+00:00,target,132.25,34.25,277.0,0.12364620938628158,0.47743682310469315,0.1444043321299639,-0.20667870036101083,68.5,21719.25,21898.5,24862,25139,22030.5,2024-11-05
A3_k1_spike_split,-1,2024-11-06 14:30:00+00:00,2024-11-06 14:30:00+00:00,22390.5,22438.0,2024-11-06 14:33:00+00:00,stop,-2.75,-48.25,47.5,-1.0157894736842106,-0.05789473684210526,0.34210526315789475,-1.3473684210526315,-96.5,22437.5,22435.0,25345,25358,22348.5,2024-11-06
A3_k1_spike_split,1,2024-11-06 15:00:00+00:00,2024-11-06 15:00:00+00:00,22382.0,21785.75,2024-11-06 15:31:00+00:00,target,163.5,130.25,596.25,0.21844863731656183,0.2742138364779874,0.2448637316561845,-0.01761006289308176,260.5,21786.25,22349.5,24989,25417,22512.75,2024-11-06
A3_k1_spike_split,1,2024-11-06 15:50:00+00:00,2024-11-06 15:50:00+00:00,22467.0,21785.75,2024-11-06 17:00:00+00:00,time,64.25,36.5,681.25,0.053577981651376144,0.09431192660550458,0.07045871559633028,-0.10091743119266056,73.0,21786.25,22440.25,24989,25427,22528.0,2024-11-06
A3_k1_spike_split,1,2024-11-07 14:30:00+00:00,2024-11-07 14:30:00+00:00,22712.5,22029.0,2024-11-07 14:31:00+00:00,target,301.0,22.75,683.5,0.03328456474030724,0.4403803950256035,0.03767373811265545,-0.004023408924652524,45.5,22029.5,22425.75,25241,25435,22726.5,2024-11-07
A3_k1_spike_split,1,2024-11-07 14:50:00+00:00,2024-11-07 14:50:00+00:00,22763.5,22029.0,2024-11-07 14:56:00+00:00,target,96.5,33.5,734.5,0.045609257998638526,0.13138189244383935,0.054799183117767186,-0.011572498298162015,67.0,22029.5,22701.25,25241,25688,22797.5,2024-11-07
A3_k1_spike_split,1,2024-11-07 15:20:00+00:00,2024-11-07 15:20:00+00:00,22819.0,22029.0,2024-11-07 15:45:00+00:00,target,80.75,16.0,790.0,0.020253164556962026,0.10221518987341772,0.023734177215189875,-0.03354430379746835,32.0,22029.5,22755.0,25241,25693,22835.5,2024-11-07
A3_k1_spike_split,1,2024-11-07 16:20:00+00:00,2024-11-07 16:20:00+00:00,22855.25,22029.0,2024-11-07 16:41:00+00:00,target,48.5,22.25,826.25,0.026928895612708018,0.05869894099848714,0.031164901664145234,-0.014523449319213313,44.5,22029.5,22829.75,25241,25709,22878.0,2024-11-07
A3_k1_spike_split,-1,2024-11-08 14:30:00+00:00,2024-11-08 14:30:00+00:00,22892.0,22957.0,2024-11-08 17:00:00+00:00,time,24.5,-34.0,65.0,-0.5230769230769231,0.3769230769230769,0.3769230769230769,-0.7769230769230769,-68.0,22956.5,22949.5,25887,25907,22861.75,2024-11-08
A3_k1_spike_split,-1,2024-11-11 14:30:00+00:00,2024-11-11 14:30:00+00:00,22988.5,23047.0,2024-11-11 14:31:00+00:00,target,27.625,7.0,58.5,0.11965811965811966,0.4722222222222222,0.18803418803418803,-0.17094017094017094,14.0,23046.5,23013.5,26223,26236,22987.5,2024-11-11
A3_k1_spike_split,1,2024-11-11 15:15:00+00:00,2024-11-11 15:15:00+00:00,22895.5,22827.0,2024-11-11 17:00:00+00:00,time,48.0,12.75,68.5,0.18613138686131386,0.7007299270072993,0.7992700729927007,-0.27007299270072993,25.5,22827.5,22861.25,25924,26248,23002.75,2024-11-11
A3_k1_spike_split,-1,2024-11-12 14:30:00+00:00,2024-11-12 14:30:00+00:00,22920.25,23047.0,2024-11-12 14:34:00+00:00,be,44.375,8.0,126.75,0.0631163708086785,0.35009861932938857,0.2583826429980276,-0.05917159763313609,16.0,23046.5,22955.75,26223,26364,22903.0,2024-11-12
A3_k1_spike_split,1,2024-11-12 14:40:00+00:00,2024-11-12 14:40:00+00:00,22932.25,22803.75,2024-11-12 14:54:00+00:00,be,52.75,7.125,128.5,0.05544747081712062,0.41050583657587547,0.13813229571984437,-0.20428015564202334,14.25,22804.25,22887.5,26287,26517,22947.75,2024-11-12
A3_k1_spike_split,1,2024-11-12 14:55:00+00:00,2024-11-12 14:55:00+00:00,22936.25,22803.75,2024-11-12 14:58:00+00:00,be,40.25,9.125,132.5,0.06886792452830189,0.30377358490566037,0.1660377358490566,-0.062264150943396226,18.25,22804.25,22906.0,26287,26520,22955.75,2024-11-12
A3_k1_spike_split,-1,2024-11-12 15:05:00+00:00,2024-11-12 15:05:00+00:00,22897.75,23047.0,2024-11-12 15:08:00+00:00,target,71.25,10.0,149.25,0.06700167504187604,0.47738693467336685,0.08542713567839195,-0.06197654941373534,20.0,23046.5,22958.25,26223,26522,22887.5,2024-11-12
A3_k1_spike_split,1,2024-11-12 15:15:00+00:00,2024-11-12 15:15:00+00:00,22925.5,22803.75,2024-11-12 17:00:00+00:00,time,-24.25,-65.75,121.75,-0.5400410677618069,-0.19917864476386038,0.13963039014373715,-0.62217659137577,-131.5,22804.25,22885.0,26287,26524,22958.25,2024-11-12
A3_k1_spike_split,-1,2024-11-13 14:30:00+00:00,2024-11-13 14:30:00+00:00,22864.5,22958.75,2024-11-13 14:32:00+00:00,be,86.375,-0.25,94.25,-0.002652519893899204,0.916445623342175,0.08753315649867374,-0.22015915119363394,-0.5,22958.25,22949.5,26522,26783,22862.25,2024-11-13
A3_k1_spike_split,-1,2024-11-13 14:45:00+00:00,2024-11-13 14:45:00+00:00,22884.5,22958.75,2024-11-13 15:00:00+00:00,target,59.0,52.0,74.25,0.7003367003367004,0.7946127946127947,0.9326599326599326,-0.006734006734006734,104.0,22958.25,22890.75,26522,26794,22838.25,2024-11-13
A3_k1_spike_split,1,2024-11-13 15:15:00+00:00,2024-11-13 15:15:00+00:00,22800.0,22760.25,2024-11-13 17:00:00+00:00,time,108.25,70.75,39.75,1.779874213836478,2.7232704402515724,2.069182389937107,-0.37735849056603776,141.5,22760.75,22763.5,26559,26800,22890.75,2024-11-13
A3_k1_spike_split,-1,2024-11-14 14:30:00+00:00,2024-11-14 14:30:00+00:00,22843.25,22926.5,2024-11-14 14:41:00+00:00,target,75.0,20.25,83.25,0.24324324324324326,0.9009009009009009,0.48348348348348347,-0.44744744744744747,40.5,22926.0,22897.25,26866,27005,22826.0,2024-11-14
A3_k1_spike_split,-1,2024-11-14 14:45:00+00:00,2024-11-14 14:45:00+00:00,22788.25,22926.5,2024-11-14 15:19:00+00:00,target,117.25,24.25,138.25,0.17540687160940324,0.8481012658227848,0.3037974683544304,-0.2857142857142857,48.5,22926.0,22880.5,26866,27070,22763.5,2024-11-14
A3_k1_spike_split,-1,2024-11-14 15:35:00+00:00,2024-11-14 15:35:00+00:00,22803.0,22926.5,2024-11-14 17:00:00+00:00,time,0.5,-5.25,123.5,-0.04251012145748988,0.004048582995951417,0.1214574898785425,-0.3522267206477733,-10.5,22926.0,22807.75,26866,27080,22746.25,2024-11-14
A3_k1_spike_split,-1,2024-11-15 14:50:00+00:00,2024-11-15 14:50:00+00:00,22447.5,22890.5,2024-11-15 14:58:00+00:00,target,453.75,54.0,443.0,0.12189616252821671,1.0242663656884876,0.14051918735891647,-0.007900677200902935,108.0,22890.0,22846.5,27039,27095,22393.0,2024-11-15
A3_k1_spike_split,-1,2024-11-15 16:05:00+00:00,2024-11-15 16:05:00+00:00,22254.25,22890.5,2024-11-15 16:08:00+00:00,target,66.75,6.25,636.25,0.009823182711198428,0.10491159135559922,0.01218074656188605,-0.022789783889980354,12.5,22890.0,22314.0,27039,27361,22247.5,2024-11-15
A3_k1_spike_split,-1,2024-11-15 16:15:00+00:00,2024-11-15 16:15:00+00:00,22257.25,22890.5,2024-11-15 16:41:00+00:00,target,37.75,17.5,633.25,0.02763521515988946,0.059613106987761545,0.03947887879984208,-0.062376628503750496,35.0,22890.0,22276.75,27039,27363,22239.25,2024-11-15
A3_k1_spike_split,-1,2024-11-18 14:30:00+00:00,2024-11-18 14:30:00+00:00,22262.75,22637.25,2024-11-18 14:39:00+00:00,be,107.5,9.625,374.5,0.02570093457943925,0.2870493991989319,0.09746328437917223,-0.03337783711615487,19.25,22636.75,22363.75,27182,27508,22250.25,2024-11-18
A3_k1_spike_split,1,2024-11-18 14:40:00+00:00,2024-11-18 14:40:00+00:00,22272.25,22125.0,2024-11-18 15:08:00+00:00,target,69.125,22.375,147.25,0.15195246179966043,0.4694397283531409,0.17147707979626486,-0.4465195246179966,44.75,22125.5,22226.25,27404,27621,22293.5,2024-11-18
A3_k1_spike_split,-1,2024-11-18 15:45:00+00:00,2024-11-18 15:45:00+00:00,22384.75,22637.25,2024-11-18 17:00:00+00:00,time,33.75,15.5,252.5,0.061386138613861385,0.13366336633663367,0.15643564356435644,-0.18118811881188118,31.0,22636.75,22402.0,27182,27634,22206.5,2024-11-18
A3_k1_spike_split,-1,2024-11-19 14:30:00+00:00,2024-11-19 14:30:00+00:00,22227.75,22431.0,2024-11-19 17:00:00+00:00,time,27.5,-148.5,203.25,-0.7306273062730627,0.13530135301353013,0.06765067650676507,-0.8794587945879458,-297.0,22430.5,22402.75,27647,27777,22088.0,2024-11-19
A3_k1_spike_split,-1,2024-11-20 14:30:00+00:00,2024-11-20 14:30:00+00:00,22458.75,22550.0,2024-11-20 14:35:00+00:00,target,111.625,34.125,91.25,0.37397260273972605,1.2232876712328766,0.5232876712328767,-0.03561643835616438,68.25,22549.5,22535.5,28099,28156,22433.0,2024-11-20
A3_k1_spike_split,1,2024-11-20 14:50:00+00:00,2024-11-20 14:50:00+00:00,22363.25,22087.5,2024-11-20 17:00:00+00:00,time,52.75,30.75,275.75,0.1115140525838622,0.1912964641885766,0.18766999093381687,-0.6527651858567544,61.5,22088.0,22342.25,27891,28175,22503.5,2024-11-20
A3_k1_spike_split,1,2024-11-21 14:30:00+00:00,2024-11-21 14:30:00+00:00,22581.5,22182.75,2024-11-21 14:31:00+00:00,target,341.75,13.25,398.75,0.03322884012539185,0.8570532915360501,0.06896551724137931,-0.07147335423197493,26.5,22183.25,22253.75,28183,28197,22595.25,2024-11-21
A3_k1_spike_split,1,2024-11-21 14:50:00+00:00,2024-11-21 14:50:00+00:00,22473.25,22182.75,2024-11-21 17:00:00+00:00,time,105.0,-35.0,290.5,-0.12048192771084337,0.3614457831325301,0.08261617900172118,-0.8717728055077453,-70.0,22183.25,22334.25,28183,28451,22613.0,2024-11-21
A3_k1_spike_split,-1,2024-11-22 14:30:00+00:00,2024-11-22 14:30:00+00:00,22496.25,22613.5,2024-11-22 14:32:00+00:00,be,97.125,7.75,117.25,0.06609808102345416,0.8283582089552238,0.14498933901918976,-0.26439232409381663,15.5,22613.0,22584.75,28449,28518,22479.5,2024-11-22
A3_k1_spike_split,1,2024-11-22 14:35:00+00:00,2024-11-22 14:35:00+00:00,22532.25,22219.5,2024-11-22 14:36:00+00:00,target,63.0,4.5,312.75,0.014388489208633094,0.2014388489208633,0.03357314148681055,-0.029576338928856916,9.0,22220.0,22474.5,28461,28724,22537.25,2024-11-22
A3_k1_spike_split,-1,2024-11-22 14:55:00+00:00,2024-11-22 14:55:00+00:00,22527.5,22613.5,2024-11-22 15:10:00+00:00,target,105.5,53.0,86.0,0.6162790697674418,1.2267441860465116,0.8401162790697675,-0.4186046511627907,106.0,22613.0,22579.25,28449,28728,22474.5,2024-11-22
A3_k1_spike_split,1,2024-11-22 15:20:00+00:00,2024-11-22 15:20:00+00:00,22472.5,22219.5,2024-11-22 17:00:00+00:00,time,64.75,46.5,253.0,0.18379446640316205,0.25592885375494073,0.33893280632411066,-0.17588932806324112,93.0,22220.0,22455.25,28461,28733,22563.5,2024-11-22
A3_k1_spike_split,1,2024-11-25 14:30:00+00:00,2024-11-25 14:30:00+00:00,22722.25,22398.5,2024-11-25 14:39:00+00:00,target,302.75,28.75,323.75,0.0888030888030888,0.9351351351351351,0.14903474903474903,-0.18532818532818532,57.5,22399.0,22449.0,28673,28747,22751.5,2024-11-25
A3_k1_spike_split,1,2024-11-25 14:50:00+00:00,2024-11-25 14:50:00+00:00,22717.5,22398.5,2024-11-25 17:00:00+00:00,time,-51.25,-107.5,319.0,-0.33699059561128525,-0.16065830721003135,0.05877742946708464,-0.445141065830721,-215.0,22399.0,22662.25,28673,29001,22787.25,2024-11-25
A3_k1_spike_split,-1,2024-11-26 14:30:00+00:00,2024-11-26 14:30:00+00:00,22644.5,22787.75,2024-11-26 15:01:00+00:00,be,44.75,-5.625,143.25,-0.03926701570680628,0.31239092495637,0.07155322862129145,-0.6038394415357766,-11.25,22787.25,22685.5,29003,29274,22637.5,2024-11-26
A3_k1_spike_split,-1,2024-11-26 15:10:00+00:00,2024-11-26 15:10:00+00:00,22666.75,22787.75,2024-11-26 15:19:00+00:00,target,73.75,34.0,121.0,0.2809917355371901,0.609504132231405,0.3450413223140496,-0.1322314049586777,68.0,22787.25,22705.75,29003,29283,22634.25,2024-11-26
A3_k1_spike_split,1,2024-11-26 15:25:00+00:00,2024-11-26 15:25:00+00:00,22644.75,22460.75,2024-11-26 17:00:00+00:00,time,46.25,25.5,184.0,0.13858695652173914,0.2513586956521739,0.31521739130434784,-0.08559782608695653,51.0,22461.25,22625.0,29115,29286,22705.75,2024-11-26
A3_k1_spike_split,-1,2024-11-27 14:30:00+00:00,2024-11-27 14:30:00+00:00,22642.0,22731.5,2024-11-27 14:31:00+00:00,target,88.875,43.0,89.5,0.48044692737430167,0.9930167597765364,0.6620111731843575,-0.04189944134078212,86.0,22731.0,22725.25,29281,29408,22638.25,2024-11-27
A3_k1_spike_split,-1,2024-11-27 14:35:00+00:00,2024-11-27 14:35:00+00:00,22592.0,22731.5,2024-11-27 14:43:00+00:00,be,79.75,11.875,139.5,0.08512544802867383,0.5716845878136201,0.23835125448028674,-0.021505376344086023,23.75,22731.0,22659.0,29281,29552,22567.0,2024-11-27
A3_k1_spike_split,1,2024-11-27 14:45:00+00:00,2024-11-27 14:45:00+00:00,22590.0,22460.75,2024-11-27 15:36:00+00:00,stop,-97.75,-130.0,129.25,-1.0058027079303675,-0.7562862669245648,0.1218568665377176,-1.0483558994197293,-260.0,22461.25,22558.75,29115,29554,22659.0,2024-11-27
A3_k1_spike_split,-1,2024-11-27 15:50:00+00:00,2024-11-27 15:50:00+00:00,22455.75,22731.5,2024-11-27 16:01:00+00:00,target,58.75,23.75,275.75,0.08612873980054397,0.21305530371713507,0.16500453309156846,-0.03626473254759746,47.5,22731.0,22490.0,29281,29567,22431.5,2024-11-27
A3_k1_spike_split,1,2024-11-28 14:30:00+00:00,2024-11-28 14:30:00+00:00,22580.75,22380.5,2024-11-28 17:00:00+00:00,time,187.125,15.75,200.25,0.07865168539325842,0.9344569288389513,0.1735330836454432,-0.004993757802746567,31.5,22381.0,22410.25,29584,29589,22605.75,2024-11-28
A3_k1_spike_split,-1,2024-11-29 14:30:00+00:00,2024-11-29 14:30:00+00:00,22537.25,22616.5,2024-11-29 14:32:00+00:00,target,97.5,18.75,79.25,0.23659305993690852,1.2302839116719242,0.3217665615141956,-0.17350157728706625,37.5,22616.0,22615.25,29998,30007,22518.0,2024-11-29
A3_k1_spike_split,1,2024-11-29 15:35:00+00:00,2024-11-29 15:35:00+00:00,22671.5,22511.25,2024-11-29 15:43:00+00:00,target,38.5,7.75,160.25,0.0483619344773791,0.24024960998439937,0.10452418096723869,-0.1029641185647426,15.5,22511.75,22641.5,30057,30068,22679.75,2024-11-29
A3_k1_spike_split,1,2024-11-29 16:00:00+00:00,2024-11-29 16:00:00+00:00,22661.0,22511.25,2024-11-29 16:11:00+00:00,target,46.0,26.75,149.75,0.17863105175292154,0.3071786310517529,0.24707846410684475,-0.001669449081803005,53.5,22511.75,22642.5,30057,30073,22688.25,2024-11-29
A3_k1_spike_split,-1,2024-12-02 14:30:00+00:00,2024-12-02 14:30:00+00:00,22747.25,22749.5,2024-12-02 14:30:00+00:00,stop,-2.0,-3.0,2.25,-1.3333333333333333,-0.8888888888888888,6.555555555555555,-9.777777777777779,-6.0,22749.0,22747.25,30283,30285,22710.25,2024-12-02
A3_k1_spike_split,1,2024-12-02 15:00:00+00:00,2024-12-02 15:00:00+00:00,22858.0,22511.25,2024-12-02 15:01:00+00:00,target,146.75,24.0,346.75,0.0692141312184571,0.42321557317952413,0.07858687815428983,-0.012256669069935111,48.0,22511.75,22730.0,30057,30287,22876.5,2024-12-02
A3_k1_spike_split,1,2024-12-02 15:25:00+00:00,2024-12-02 15:25:00+00:00,22883.25,22511.25,2024-12-02 15:34:00+00:00,target,70.5,18.75,372.0,0.05040322580645161,0.18951612903225806,0.061155913978494625,-0.010752688172043012,37.5,22511.75,22832.25,30057,30293,22902.5,2024-12-02
A3_k1_spike_split,1,2024-12-02 15:45:00+00:00,2024-12-02 15:45:00+00:00,22884.75,22511.25,2024-12-02 16:37:00+00:00,target,30.25,24.5,373.5,0.06559571619812583,0.08099062918340026,0.08299866131191433,-0.10107095046854082,49.0,22511.75,22879.75,30057,30301,22909.75,2024-12-02
A3_k1_spike_split,-1,2024-12-03 14:30:00+00:00,2024-12-03 14:30:00+00:00,22863.75,22954.0,2024-12-03 14:31:00+00:00,target,101.0,15.0,90.25,0.16620498614958448,1.1191135734072022,0.2548476454293629,-0.09695290858725762,30.0,22953.5,22949.75,30328,30487,22851.0,2024-12-03
A3_k1_spike_split,1,2024-12-03 14:40:00+00:00,2024-12-03 14:40:00+00:00,22899.75,22645.25,2024-12-03 15:20:00+00:00,be,75.875,16.0,254.5,0.06286836935166994,0.2981335952848723,0.1581532416502947,-0.07367387033398821,32.0,22645.75,22840.75,30193,30564,22933.0,2024-12-03
A3_k1_spike_split,1,2024-12-03 15:35:00+00:00,2024-12-03 15:35:00+00:00,22900.0,22645.25,2024-12-03 16:26:00+00:00,target,70.625,44.375,254.75,0.17419038272816487,0.2772325809617272,0.19921491658488713,-0.1256133464180569,88.75,22645.75,22874.5,30193,30575,22940.0,2024-12-03
A3_k1_spike_split,1,2024-12-04 14:30:00+00:00,2024-12-04 14:30:00+00:00,23124.25,22840.25,2024-12-04 15:10:00+00:00,target,266.75,38.0,284.0,0.13380281690140844,0.9392605633802817,0.17077464788732394,-0.1056338028169014,76.0,22840.75,22896.25,30564,30601,23162.75,2024-12-04
A3_k1_spike_split,1,2024-12-04 15:25:00+00:00,2024-12-04 15:25:00+00:00,23150.75,22840.25,2024-12-04 15:32:00+00:00,target,51.5,21.5,310.5,0.06924315619967794,0.16586151368760063,0.09178743961352658,-0.0008051529790660225,43.0,22840.75,23121.5,30564,30849,23172.75,2024-12-04
A3_k1_spike_split,-1,2024-12-04 15:55:00+00:00,2024-12-04 15:55:00+00:00,23174.75,23197.75,2024-12-04 16:01:00+00:00,stop,-3.25,-23.75,23.0,-1.0326086956521738,-0.14130434782608695,0.15217391304347827,-1.2065217391304348,-47.5,23197.25,23194.25,30853,30855,23121.5,2024-12-04
A3_k1_spike_split,-1,2024-12-05 14:30:00+00:00,2024-12-05 14:30:00+00:00,23240.0,23244.5,2024-12-05 14:30:00+00:00,stop,-4.25,-5.25,4.5,-1.1666666666666667,-0.9444444444444444,2.5555555555555554,-1.2777777777777777,-10.5,23244.0,23240.0,31097,31104,23228.0,2024-12-05
A3_k1_spike_split,1,2024-12-05 14:45:00+00:00,2024-12-05 14:45:00+00:00,23240.0,23021.5,2024-12-05 17:00:00+00:00,time,12.25,-4.25,218.5,-0.019450800915331808,0.05606407322654462,0.04233409610983982,-0.2128146453089245,-8.5,23022.0,23224.5,30672,31116,23258.0,2024-12-05
A3_k1_spike_split,-1,2024-12-06 14:30:00+00:00,2024-12-06 14:30:00+00:00,23196.75,23274.25,2024-12-06 14:32:00+00:00,be,37.5,-13.75,77.5,-0.1774193548387097,0.4838709677419355,0.07419354838709677,-0.4096774193548387,-27.5,23273.75,23236.0,31156,31381,23200.75,2024-12-06
A3_k1_spike_split,1,2024-12-06 14:40:00+00:00,2024-12-06 14:40:00+00:00,23240.0,23129.5,2024-12-06 14:45:00+00:00,target,83.0,33.25,110.5,0.3009049773755656,0.751131221719457,0.3438914027149321,-0.10633484162895927,66.5,23130.0,23191.0,31207,31392,23273.75,2024-12-06
A3_k1_spike_split,1,2024-12-06 15:25:00+00:00,2024-12-06 15:25:00+00:00,23331.25,23129.5,2024-12-06 17:00:00+00:00,time,22.0,-10.75,201.75,-0.05328376703841388,0.1090458488228005,0.07311028500619579,-0.26022304832713755,-21.5,23130.0,23299.5,31207,31399,23351.5,2024-12-06
A3_k1_spike_split,-1,2024-12-09 14:30:00+00:00,2024-12-09 14:30:00+00:00,23320.75,23413.0,2024-12-09 14:31:00+00:00,target,94.75,22.25,92.25,0.24119241192411925,1.02710027100271,0.34688346883468835,-0.22493224932249323,44.5,23412.5,23410.75,31590,31602,23316.25,2024-12-09
A3_k1_spike_split,-1,2024-12-09 14:40:00+00:00,2024-12-09 14:40:00+00:00,23317.0,23413.0,2024-12-09 15:27:00+00:00,target,64.75,32.75,96.0,0.3411458333333333,0.6744791666666666,0.4557291666666667,-0.3958333333333333,65.5,23412.5,23348.25,31590,31668,23288.75,2024-12-09
A3_k1_spike_split,1,2024-12-09 15:35:00+00:00,2024-12-09 15:35:00+00:00,23257.0,23129.5,2024-12-09 17:00:00+00:00,time,-34.5,-41.5,127.5,-0.3254901960784314,-0.27058823529411763,0.12941176470588237,-0.8941176470588236,-83.0,23130.0,23251.0,31207,31679,23355.0,2024-12-09
A3_k1_spike_split,-1,2024-12-10 14:30:00+00:00,2024-12-10 14:30:00+00:00,23238.5,23413.0,2024-12-10 16:08:00+00:00,target,62.5,44.5,174.5,0.25501432664756446,0.35816618911174786,0.31805157593123207,-0.42550143266475643,89.0,23412.5,23255.75,31590,31720,23197.75,2024-12-10
A3_k1_spike_split,1,2024-12-10 16:20:00+00:00,2024-12-10 16:20:00+00:00,23209.75,23142.5,2024-12-10 17:00:00+00:00,time,15.0,-20.5,67.25,-0.3048327137546468,0.22304832713754646,0.11524163568773234,-0.8252788104089219,-41.0,23143.0,23175.25,31688,31964,23276.75,2024-12-10
A3_k1_spike_split,1,2024-12-11 14:30:00+00:00,2024-12-11 14:30:00+00:00,23296.5,23058.25,2024-12-11 14:34:00+00:00,target,201.25,15.75,238.25,0.06610703043022036,0.844700944386149,0.11542497376705142,-0.07345225603357818,31.5,23058.75,23111.75,32016,32137,23312.75,2024-12-11
A3_k1_spike_split,1,2024-12-11 15:35:00+00:00,2024-12-11 15:35:00+00:00,23434.0,23058.25,2024-12-11 16:14:00+00:00,target,52.75,7.75,375.75,0.020625415834996674,0.14038589487691283,0.041916167664670656,-0.14437791084497673,15.5,23058.75,23389.75,32016,32231,23442.25,2024-12-11
A3_k1_spike_split,-1,2024-12-12 14:30:00+00:00,2024-12-12 14:30:00+00:00,23399.5,23526.25,2024-12-12 14:32:00+00:00,target,149.375,23.125,126.75,0.18244575936883628,1.1785009861932938,0.2504930966469428,-0.023668639053254437,46.25,23525.75,23525.0,32289,32291,23378.75,2024-12-12
A3_k1_spike_split,-1,2024-12-12 14:35:00+00:00,2024-12-12 14:35:00+00:00,23382.75,23526.25,2024-12-12 15:19:00+00:00,be,36.375,13.75,143.5,0.09581881533101046,0.2534843205574913,0.3623693379790941,-0.10975609756097561,27.5,23525.75,23404.5,32289,32495,23354.0,2024-12-12
A3_k1_spike_split,1,2024-12-12 15:20:00+00:00,2024-12-12 15:20:00+00:00,23387.25,23111.25,2024-12-12 15:23:00+00:00,be,59.875,0.625,276.0,0.0022644927536231885,0.21693840579710144,0.07155797101449275,-0.035326086956521736,1.25,23111.75,23330.75,32137,32504,23393.5,2024-12-12
A3_k1_spike_split,-1,2024-12-12 15:35:00+00:00,2024-12-12 15:35:00+00:00,23396.75,23526.25,2024-12-12 17:00:00+00:00,time,45.5,16.0,129.5,0.12355212355212356,0.35135135135135137,0.16795366795366795,-0.3783783783783784,32.0,23525.75,23425.25,32289,32507,23330.75,2024-12-12
A3_k1_spike_split,-1,2024-12-13 14:30:00+00:00,2024-12-13 14:30:00+00:00,23500.75,23548.0,2024-12-13 14:37:00+00:00,stop,-27.5,-48.0,47.25,-1.0158730158730158,-0.582010582010582,0.09523809523809523,-1.0158730158730158,-96.0,23547.5,23520.25,32760,32768,23487.25,2024-12-13
A3_k1_spike_split,1,2024-12-13 15:15:00+00:00,2024-12-13 15:15:00+00:00,23568.0,23403.0,2024-12-13 15:59:00+00:00,stop,-120.75,-165.75,165.0,-1.0045454545454546,-0.7318181818181818,0.025757575757575757,-1.062121212121212,-331.5,23403.5,23524.0,32646,32779,23614.0,2024-12-13
A3_k1_spike_split,-1,2024-12-16 14:30:00+00:00,2024-12-16 14:30:00+00:00,23605.25,23620.5,2024-12-16 14:30:00+00:00,stop,-1.25,-16.0,15.25,-1.0491803278688525,-0.08196721311475409,0.21311475409836064,-1.5737704918032787,-32.0,23620.0,23619.0,33036,33039,23593.75,2024-12-16
A3_k1_spike_split,1,2024-12-16 14:40:00+00:00,2024-12-16 14:40:00+00:00,23638.5,23379.5,2024-12-16 14:41:00+00:00,target,55.75,15.0,259.0,0.05791505791505792,0.21525096525096524,0.07046332046332046,-0.02413127413127413,30.0,23380.0,23586.0,32801,33047,23641.5,2024-12-16
A3_k1_spike_split,1,2024-12-16 15:45:00+00:00,2024-12-16 15:45:00+00:00,23708.75,23379.5,2024-12-16 16:05:00+00:00,target,95.75,21.0,329.25,0.06378132118451026,0.29081245254365984,0.08580106302201974,-0.05466970387243736,42.0,23380.0,23634.75,32801,33058,23730.25,2024-12-16
A3_k1_spike_split,-1,2024-12-17 14:30:00+00:00,2024-12-17 14:30:00+00:00,23739.25,23859.0,2024-12-17 14:31:00+00:00,target,90.875,21.0,119.75,0.17536534446764093,0.7588726513569938,0.302713987473904,-0.018789144050104383,42.0,23858.5,23831.0,33118,33193,23749.0,2024-12-17
A3_k1_spike_split,1,2024-12-17 14:40:00+00:00,2024-12-17 14:40:00+00:00,23717.5,23488.75,2024-12-17 14:59:00+00:00,be,59.75,23.125,228.75,0.10109289617486339,0.2612021857923497,0.22295081967213115,-0.07650273224043716,46.25,23489.25,23681.75,32893,33324,23765.0,2024-12-17
A3_k1_spike_split,-1,2024-12-17 15:05:00+00:00,2024-12-17 15:05:00+00:00,23682.75,23859.0,2024-12-17 17:00:00+00:00,time,13.25,-61.75,176.25,-0.350354609929078,0.075177304964539,0.19290780141843972,-0.5900709219858156,-123.5,23858.5,23756.75,33118,33329,23634.75,2024-12-17
A3_k1_spike_split,-1,2024-12-18 14:30:00+00:00,2024-12-18 14:30:00+00:00,23686.5,23831.5,2024-12-18 14:31:00+00:00,target,114.75,11.0,145.0,0.07586206896551724,0.7913793103448276,0.24310344827586206,-0.15172413793103448,22.0,23831.0,23789.5,33193,33574,23676.0,2024-12-18
A3_k1_spike_split,-1,2024-12-18 14:40:00+00:00,2024-12-18 14:40:00+00:00,23659.25,23831.5,2024-12-18 17:00:00+00:00,time,-5.5,-55.75,172.25,-0.32365747460087085,-0.03193033381712627,0.06676342525399129,-0.5849056603773585,-111.5,23831.0,23708.5,33193,33600,23607.0,2024-12-18
A3_k1_spike_split,-1,2024-12-19 14:30:00+00:00,2024-12-19 14:30:00+00:00,23109.5,23790.0,2024-12-19 14:54:00+00:00,target,719.5,92.0,680.5,0.1351947097722263,1.0573108008817047,0.168626010286554,-0.031227038941954444,184.0,23789.5,23736.25,33574,33628,23034.75,2024-12-19
A3_k1_spike_split,-1,2024-12-19 15:10:00+00:00,2024-12-19 15:10:00+00:00,22985.5,23790.0,2024-12-19 15:43:00+00:00,be,90.75,37.625,804.5,0.046768178993163455,0.11280298321939093,0.10565568676196395,-0.10534493474207582,75.25,23789.5,23037.75,33574,33882,22909.0,2024-12-19
A3_k1_spike_split,1,2024-12-19 15:45:00+00:00,2024-12-19 15:45:00+00:00,22977.0,22737.75,2024-12-19 17:00:00+00:00,time,95.0,17.5,239.25,0.07314524555903866,0.39707419017763845,0.35318704284221525,-0.3490073145245559,35.0,22738.25,22900.5,33678,33889,23070.25,2024-12-19
A3_k1_spike_split,-1,2024-12-20 14:30:00+00:00,2024-12-20 14:30:00+00:00,22643.75,23131.25,2024-12-20 14:33:00+00:00,be,427.625,8.875,487.5,0.018205128205128204,0.8771794871794871,0.054871794871794874,-0.03128205128205128,17.75,23130.75,23061.5,33876,33901,22624.5,2024-12-20
A3_k1_spike_split,-1,2024-12-20 14:35:00+00:00,2024-12-20 14:35:00+00:00,22638.0,23131.25,2024-12-20 14:51:00+00:00,be,47.875,13.25,493.25,0.026862645717181957,0.09706031424227066,0.0912316269640142,-0.21084642676127724,26.5,23130.75,22671.75,33876,34151,22610.25,2024-12-20
A3_k1_spike_split,1,2024-12-20 15:00:00+00:00,2024-12-20 15:00:00+00:00,22665.0,22502.25,2024-12-20 15:13:00+00:00,target,162.875,90.125,162.75,0.553763440860215,1.0007680491551458,0.695852534562212,-0.0015360983102918587,180.25,22502.75,22593.0,34138,34156,22742.0,2024-12-20
A3_k1_spike_split,1,2024-12-20 15:20:00+00:00,2024-12-20 15:20:00+00:00,22774.75,22502.25,2024-12-20 15:26:00+00:00,target,155.125,55.625,272.5,0.20412844036697247,0.5692660550458716,0.25504587155963304,-0.01926605504587156,111.25,22502.75,22676.0,34138,34160,22821.25,2024-12-20
A3_k1_spike_split,-1,2024-12-20 15:45:00+00:00,2024-12-20 15:45:00+00:00,22960.75,23131.25,2024-12-20 16:35:00+00:00,stop,-158.5,-171.25,170.5,-1.0043988269794721,-0.9296187683284457,0.23460410557184752,-1.033724340175953,-342.5,23130.75,22972.5,33876,34165,22676.0,2024-12-20
A3_k1_spike_split,-1,2024-12-23 14:30:00+00:00,2024-12-23 14:30:00+00:00,23051.75,23245.75,2024-12-23 14:50:00+00:00,target,235.375,52.875,194.0,0.27255154639175255,1.2132731958762886,0.3427835051546392,-0.2912371134020619,105.75,23245.25,23233.5,34188,34193,23005.5,2024-12-23
A3_k1_spike_split,1,2024-12-23 15:00:00+00:00,2024-12-23 15:00:00+00:00,23062.5,22502.25,2024-12-23 16:44:00+00:00,target,125.5,47.5,560.25,0.08478357875948238,0.22400713966979027,0.09236947791164658,-0.2744310575635877,95.0,22502.75,22985.25,34138,34432,23108.25,2024-12-23
A3_k1_spike_split,1,2024-12-24 14:30:00+00:00,2024-12-24 14:30:00+00:00,23258.75,22908.25,2024-12-24 14:38:00+00:00,target,244.5,20.5,350.5,0.05848787446504993,0.6975748930099858,0.07132667617689016,-0.07703281027104136,41.0,22908.75,23035.5,34436,34452,23279.75,2024-12-24
A3_k1_spike_split,1,2024-12-24 15:15:00+00:00,2024-12-24 15:15:00+00:00,23359.5,22908.25,2024-12-24 15:35:00+00:00,target,142.25,13.75,451.25,0.030470914127423823,0.3152354570637119,0.040997229916897505,-0.06592797783933518,27.5,22908.75,23231.75,34436,34704,23373.75,2024-12-24
A3_k1_spike_split,1,2024-12-24 16:00:00+00:00,2024-12-24 16:00:00+00:00,23393.75,22908.25,2024-12-24 16:01:00+00:00,target,30.75,7.0,485.5,0.014418125643666324,0.06333676622039135,0.03141091658084449,-0.007723995880535531,14.0,22908.75,23370.75,34436,34720,23401.25,2024-12-24
A3_k1_spike_split,1,2024-12-24 16:25:00+00:00,2024-12-24 16:25:00+00:00,23414.25,22908.25,2024-12-24 16:38:00+00:00,target,34.5,3.0,506.0,0.005928853754940711,0.06818181818181818,0.012845849802371542,-0.03804347826086957,6.0,22908.75,23383.5,34436,34723,23417.75,2024-12-24
A3_k1_spike_split,-1,2024-12-26 14:30:00+00:00,2024-12-26 14:30:00+00:00,23394.0,23517.25,2024-12-26 14:53:00+00:00,target,84.875,35.875,123.25,0.29107505070993916,0.6886409736308317,0.6855983772819473,-0.38336713995943206,71.75,23516.75,23442.25,34855,34865,23366.5,2024-12-26
A3_k1_spike_split,1,2024-12-26 15:00:00+00:00,2024-12-26 15:00:00+00:00,23390.5,23140.75,2024-12-26 15:38:00+00:00,target,138.75,50.75,249.75,0.2032032032032032,0.5555555555555556,0.21121121121121122,-0.12112112112112113,101.5,23141.25,23303.25,34532,34939,23441.25,2024-12-26
A3_k1_spike_split,-1,2024-12-26 15:45:00+00:00,2024-12-26 15:45:00+00:00,23407.25,23517.25,2024-12-26 17:00:00+00:00,time,-27.25,-66.0,110.0,-0.6,-0.24772727272727274,0.07045454545454545,-0.6022727272727273,-132.0,23516.75,23445.0,34855,34948,23360.25,2024-12-26
A3_k1_spike_split,-1,2024-12-27 14:55:00+00:00,2024-12-27 14:55:00+00:00,23143.25,23517.25,2024-12-27 15:00:00+00:00,target,399.5,34.25,374.0,0.09157754010695188,1.0681818181818181,0.1497326203208556,-0.006016042780748663,68.5,23516.75,23507.75,34855,34968,23108.5,2024-12-27
A3_k1_spike_split,-1,2024-12-27 15:30:00+00:00,2024-12-27 15:30:00+00:00,22992.75,23517.25,2024-12-27 15:33:00+00:00,target,92.0,46.75,524.5,0.08913250714966635,0.1754051477597712,0.10486177311725453,-0.004766444232602479,93.5,23516.75,23037.25,34855,35221,22945.5,2024-12-27
A3_k1_spike_split,-1,2024-12-27 16:00:00+00:00,2024-12-27 16:00:00+00:00,23028.25,23517.25,2024-12-27 17:00:00+00:00,time,65.5,44.0,489.0,0.08997955010224949,0.13394683026584867,0.1441717791411043,-0.1140081799591002,88.0,23516.75,23048.75,34855,35227,22937.75,2024-12-27
A3_k1_spike_split,-1,2024-12-30 14:30:00+00:00,2024-12-30 14:30:00+00:00,22841.0,23442.0,2024-12-30 14:33:00+00:00,target,384.25,49.25,601.0,0.0819467554076539,0.639351081530782,0.1110648918469218,-0.014559068219633943,98.5,23441.5,23175.25,35037,35301,22791.25,2024-12-30
A3_k1_spike_split,-1,2024-12-30 14:55:00+00:00,2024-12-30 14:55:00+00:00,22756.5,23442.0,2024-12-30 14:57:00+00:00,target,121.25,27.25,685.5,0.03975200583515682,0.17687819110138586,0.05798687089715536,-0.03391684901531729,54.5,23441.5,22849.75,35037,35487,22728.75,2024-12-30
A3_k1_spike_split,-1,2024-12-30 15:10:00+00:00,2024-12-30 15:10:00+00:00,22735.25,23442.0,2024-12-30 17:00:00+00:00,time,-93.25,-157.25,706.75,-0.22249734701096568,-0.13194198797311638,0.05730456314113902,-0.24336752741422002,-314.5,23441.5,22798.25,35037,35491,22685.5,2024-12-30
A3_k1_spike_split,-1,2024-12-31 14:30:00+00:00,2024-12-31 14:30:00+00:00,22888.5,23175.75,2024-12-31 14:32:00+00:00,be,120.0,5.375,287.25,0.018711923411662314,0.4177545691906005,0.0835509138381201,-0.07397737162750218,10.75,23175.25,23002.25,35301,35532,22876.5,2024-12-31
A3_k1_spike_split,-1,2024-12-31 14:40:00+00:00,2024-12-31 14:40:00+00:00,22813.75,23175.75,2024-12-31 14:42:00+00:00,target,114.375,5.125,362.0,0.014157458563535912,0.3159530386740331,0.03660220994475138,-0.055248618784530384,10.25,23175.25,22922.25,35301,35763,22811.25,2024-12-31
A3_k1_spike_split,1,2024-12-31 14:50:00+00:00,2024-12-31 14:50:00+00:00,22876.75,22685.0,2024-12-31 17:00:00+00:00,time,-37.75,-115.0,191.75,-0.5997392438070405,-0.196870925684485,0.1290743155149935,-0.8239895697522817,-230.0,22685.5,22800.5,35493,35765,22922.25,2024-12-31
A3_k1_spike_split,-1,2025-01-02 14:30:00+00:00,2025-01-02 14:30:00+00:00,22780.5,22958.0,2025-01-02 14:32:00+00:00,be,149.75,1.75,177.5,0.009859154929577466,0.8436619718309859,0.15492957746478872,-0.14225352112676057,3.5,22957.5,22923.5,35734,36012,22767.5,2025-01-02
A3_k1_spike_split,-1,2025-01-02 14:40:00+00:00,2025-01-02 14:40:00+00:00,22609.25,22958.0,2025-01-02 17:00:00+00:00,time,57.0,-140.5,348.75,-0.4028673835125448,0.16344086021505377,0.02867383512544803,-0.7670250896057348,-281.0,22957.5,22805.75,35734,36039,22566.0,2025-01-02
A3_k1_spike_split,-1,2025-01-03 14:30:00+00:00,2025-01-03 14:30:00+00:00,22726.25,22924.0,2025-01-03 16:54:00+00:00,stop,-134.0,-198.5,197.75,-1.0037926675094817,-0.6776232616940582,0.16561314791403287,-1.0050568900126422,-397.0,22923.5,22789.75,36012,36067,22659.5,2025-01-03
A3_k1_spike_split,-1,2025-01-06 14:30:00+00:00,2025-01-06 14:30:00+00:00,23165.25,23194.25,2025-01-06 14:30:00+00:00,stop,-5.5,-29.75,29.0,-1.0258620689655173,-0.1896551724137931,0.3017241379310345,-1.2758620689655173,-59.5,23193.75,23188.5,36570,36585,23074.0,2025-01-06
A3_k1_spike_split,1,2025-01-06 15:05:00+00:00,2025-01-06 15:05:00+00:00,23255.75,22576.5,2025-01-06 15:14:00+00:00,target,58.0,24.5,679.25,0.0360691939639308,0.08538829591461171,0.04747883695252116,-0.06256900993743099,49.0,22577.0,23223.0,36138,36596,23280.75,2025-01-06
A3_k1_spike_split,1,2025-01-06 15:35:00+00:00,2025-01-06 15:35:00+00:00,23291.25,22576.5,2025-01-06 15:46:00+00:00,target,106.5,27.75,714.75,0.03882476390346275,0.14900314795383002,0.0472193074501574,-0.020286813571178734,55.5,22577.0,23213.25,36138,36599,23319.5,2025-01-06
A3_k1_spike_split,1,2025-01-06 16:00:00+00:00,2025-01-06 16:00:00+00:00,23303.0,22576.5,2025-01-06 16:10:00+00:00,target,32.5,21.5,726.5,0.029593943565037854,0.044735030970406056,0.034067446662078456,-0.011355815554026153,43.0,22577.0,23292.75,36138,36607,23325.0,2025-01-06
A3_k1_spike_split,-1,2025-01-07 14:30:00+00:00,2025-01-07 14:30:00+00:00,23224.25,23330.25,2025-01-07 14:35:00+00:00,target,146.0,44.5,106.0,0.419811320754717,1.3773584905660377,0.5754716981132075,-0.1391509433962264,89.0,23329.75,23325.0,36611,36614,23190.75,2025-01-07
A3_k1_spike_split,-1,2025-01-07 14:40:00+00:00,2025-01-07 14:40:00+00:00,23134.5,23330.25,2025-01-07 15:00:00+00:00,target,123.0,17.75,195.75,0.09067688378033206,0.6283524904214559,0.26309067688378035,-0.4763729246487867,35.5,23329.75,23239.0,36611,36867,23116.75,2025-01-07
A3_k1_spike_split,1,2025-01-07 15:25:00+00:00,2025-01-07 15:25:00+00:00,23036.25,22911.0,2025-01-07 15:38:00+00:00,stop,-46.25,-126.0,125.25,-1.0059880239520957,-0.36926147704590817,0.25948103792415167,-1.1616766467065869,-252.0,22911.5,22957.5,36425,36876,23227.75,2025-01-07
A3_k1_spike_split,-1,2025-01-07 16:10:00+00:00,2025-01-07 16:10:00+00:00,22970.75,23330.25,2025-01-07 17:00:00+00:00,time,123.75,101.75,359.5,0.28303198887343534,0.3442280945757997,0.3136300417246175,-0.09735744089012517,203.5,23329.75,22991.75,36611,36885,22832.0,2025-01-07
A3_k1_spike_split,-1,2025-01-08 14:30:00+00:00,2025-01-08 14:30:00+00:00,22788.25,23239.5,2025-01-08 14:44:00+00:00,be,238.25,19.875,451.25,0.04404432132963989,0.52797783933518,0.14570637119113575,-0.06481994459833795,39.75,23239.0,23005.75,36867,36890,22747.25,2025-01-08
A3_k1_spike_split,-1,2025-01-08 14:45:00+00:00,2025-01-08 14:45:00+00:00,22788.0,23239.5,2025-01-08 15:36:00+00:00,be,83.625,53.25,451.5,0.11794019933554817,0.1852159468438538,0.27464008859357697,-0.1124031007751938,106.5,23239.0,22817.5,36867,37144,22680.25,2025-01-08
A3_k1_spike_split,-1,2025-01-08 15:45:00+00:00,2025-01-08 15:45:00+00:00,22740.25,23239.5,2025-01-08 17:00:00+00:00,time,-16.5,-79.0,499.25,-0.15823735603405106,-0.033049574361542315,0.04606910365548322,-0.2228342513770656,-158.0,23239.0,22801.75,36867,37156,22664.0,2025-01-08
A3_k1_spike_split,-1,2025-01-10 14:30:00+00:00,2025-01-10 14:30:00+00:00,22625.75,22805.75,2025-01-10 14:47:00+00:00,target,288.375,125.875,180.0,0.6993055555555555,1.6020833333333333,0.8847222222222222,-0.02361111111111111,251.75,22805.25,22787.5,37565,37571,22521.5,2025-01-10
A3_k1_spike_split,-1,2025-01-10 14:55:00+00:00,2025-01-10 14:55:00+00:00,22465.75,22805.75,2025-01-10 15:00:00+00:00,target,127.5,22.5,340.0,0.0661764705882353,0.375,0.1801470588235294,-0.10882352941176471,45.0,22805.25,22570.0,37565,37608,22442.75,2025-01-10
A3_k1_spike_split,-1,2025-01-10 15:20:00+00:00,2025-01-10 15:20:00+00:00,22369.5,22805.75,2025-01-10 17:00:00+00:00,time,169.75,35.5,436.25,0.08137535816618911,0.3891117478510029,0.11633237822349571,-0.4269340974212034,71.0,22805.25,22502.75,37565,37610,22307.5,2025-01-10
A3_k1_spike_split,-1,2025-01-13 14:30:00+00:00,2025-01-13 14:30:00+00:00,22198.25,22805.75,2025-01-13 14:37:00+00:00,target,459.375,48.375,607.5,0.07962962962962963,0.7561728395061729,0.09835390946502058,-0.03374485596707819,96.75,22805.25,22608.5,37565,37658,22158.0,2025-01-13
A3_k1_spike_split,-1,2025-01-13 14:40:00+00:00,2025-01-13 14:40:00+00:00,22158.25,22805.75,2025-01-13 14:42:00+00:00,target,82.125,20.875,647.5,0.03223938223938224,0.12683397683397685,0.037065637065637064,-0.00888030888030888,41.75,22805.25,22218.75,37565,37881,22138.5,2025-01-13
A3_k1_spike_split,-1,2025-01-13 14:50:00+00:00,2025-01-13 14:50:00+00:00,22185.0,22805.75,2025-01-13 17:00:00+00:00,time,47.0,14.0,620.75,0.022553362867498993,0.07571486105517519,0.06161900926298832,-0.2057994361659283,28.0,22805.25,22217.0,37565,37883,22134.25,2025-01-13
A3_k1_spike_split,-1,2025-01-14 14:30:00+00:00,2025-01-14 14:30:00+00:00,22503.75,22577.0,2025-01-14 14:31:00+00:00,target,116.875,44.125,73.25,0.6023890784982935,1.5955631399317407,0.7201365187713311,-0.17406143344709898,88.25,22576.5,22575.75,38088,38090,22461.0,2025-01-14
A3_k1_spike_split,-1,2025-01-14 14:35:00+00:00,2025-01-14 14:35:00+00:00,22504.75,22577.0,2025-01-14 16:41:00+00:00,target,181.75,162.5,72.25,2.2491349480968856,2.5155709342560555,3.0,-0.7923875432525952,325.0,22576.5,22523.25,38088,38156,22376.75,2025-01-14
A3_k1_spike_split,1,2025-01-15 14:30:00+00:00,2025-01-15 14:30:00+00:00,22685.25,22205.5,2025-01-15 14:48:00+00:00,target,519.0,64.5,479.75,0.1344450234497134,1.081813444502345,0.18082334549244397,-0.1375716519020323,129.0,22206.0,22231.5,38224,38231,22738.75,2025-01-15
A3_k1_spike_split,1,2025-01-15 15:15:00+00:00,2025-01-15 15:15:00+00:00,22797.0,22205.5,2025-01-15 15:17:00+00:00,target,102.5,26.0,591.5,0.04395604395604396,0.17328825021132713,0.06551141166525781,-0.01267962806424345,52.0,22206.0,22721.25,38224,38438,22823.5,2025-01-15
A3_k1_spike_split,1,2025-01-15 15:30:00+00:00,2025-01-15 15:30:00+00:00,22825.0,22205.5,2025-01-15 17:00:00+00:00,time,-83.25,-119.75,619.5,-0.19330104923325261,-0.1343825665859564,0.013317191283292978,-0.23567393058918482,-239.5,22206.0,22789.5,38224,38442,22841.25,2025-01-15
A3_k1_spike_split,1,2025-01-16 14:30:00+00:00,2025-01-16 14:30:00+00:00,22928.0,22341.0,2025-01-16 17:00:00+00:00,time,154.0,-96.0,587.0,-0.1635434412265758,0.262350936967632,0.004684838160136286,-0.303236797274276,-192.0,22341.5,22679.0,38355,38461,22951.75,2025-01-16
A3_k1_spike_split,1,2025-01-17 14:30:00+00:00,2025-01-17 14:30:00+00:00,23080.0,22604.0,2025-01-17 16:25:00+00:00,target,427.5,-22.75,476.0,-0.04779411764705882,0.898109243697479,0.013130252100840336,-0.3492647058823529,-45.5,22604.5,22630.5,38791,38795,23057.75,2025-01-17
A3_k1_spike_split,1,2025-01-20 14:50:00+00:00,2025-01-20 14:50:00+00:00,23198.0,22654.75,2025-01-20 17:00:00+00:00,time,169.75,-69.25,543.25,-0.12747353888633225,0.31247123791992637,0.012885411872986655,-0.22871606074551312,-138.5,22655.25,22960.0,38809,39084,23212.75,2025-01-20
A3_k1_spike_split,-1,2025-01-21 14:30:00+00:00,2025-01-21 14:30:00+00:00,23143.25,23171.0,2025-01-21 14:32:00+00:00,target,35.125,17.375,27.75,0.6261261261261262,1.2657657657657657,0.9279279279279279,-0.2882882882882883,34.75,23170.5,23160.25,39483,39486,23129.0,2025-01-21
A3_k1_spike_split,-1,2025-01-21 14:35:00+00:00,2025-01-21 14:35:00+00:00,23122.75,23171.0,2025-01-21 14:36:00+00:00,target,39.625,9.875,48.25,0.20466321243523317,0.8212435233160622,0.39896373056994816,-0.38860103626943004,19.75,23170.5,23151.75,39483,39488,23114.25,2025-01-21
A3_k1_spike_split,1,2025-01-21 14:50:00+00:00,2025-01-21 14:50:00+00:00,23084.25,22993.25,2025-01-21 15:12:00+00:00,stop,-28.75,-91.75,91.0,-1.0082417582417582,-0.3159340659340659,0.23076923076923078,-1.239010989010989,-183.5,22993.75,23022.25,39345,39491,23151.75,2025-01-21
A3_k1_spike_split,-1,2025-01-21 15:15:00+00:00,2025-01-21 15:15:00+00:00,22972.0,23171.0,2025-01-21 17:00:00+00:00,time,-39.0,-136.5,199.0,-0.6859296482412061,-0.19597989949748743,0.06909547738693467,-0.7160804020100503,-273.0,23170.5,23068.5,39483,39496,22953.0,2025-01-21
A3_k1_spike_split,-1,2025-01-22 14:30:00+00:00,2025-01-22 14:30:00+00:00,23346.75,23367.75,2025-01-22 14:31:00+00:00,stop,-1.5,-21.75,21.0,-1.0357142857142858,-0.07142857142857142,0.5476190476190477,-2.011904761904762,-43.5,23367.25,23366.0,39757,39759,23329.75,2025-01-22
A3_k1_spike_split,1,2025-01-22 15:10:00+00:00,2025-01-22 15:10:00+00:00,23448.5,22957.75,2025-01-22 15:11:00+00:00,target,52.5,11.5,490.75,0.023433520122261846,0.10697911360163016,0.043301069791136015,-0.01935812531839022,23.0,22958.25,23408.25,39498,39771,23460.5,2025-01-22
A3_k1_spike_split,1,2025-01-22 15:35:00+00:00,2025-01-22 15:35:00+00:00,23459.75,22957.75,2025-01-22 15:37:00+00:00,target,40.0,9.5,502.0,0.018924302788844622,0.0796812749003984,0.02888446215139442,-0.02141434262948207,19.0,22958.25,23430.0,39498,39776,23469.75,2025-01-22
A3_k1_spike_split,1,2025-01-22 16:10:00+00:00,2025-01-22 16:10:00+00:00,23457.5,22957.75,2025-01-22 16:26:00+00:00,target,53.5,17.5,499.75,0.03501750875437719,0.10705352676338169,0.05202601300650325,-0.05952976488244122,35.0,22958.25,23422.25,39498,39783,23475.5,2025-01-22
A3_k1_spike_split,-1,2025-01-23 14:30:00+00:00,2025-01-23 14:30:00+00:00,23321.5,23477.75,2025-01-23 14:31:00+00:00,target,168.125,20.25,156.25,0.1296,1.076,0.1424,-0.0128,40.5,23477.25,23474.75,39823,39830,23308.75,2025-01-23
A3_k1_spike_split,1,2025-01-23 14:40:00+00:00,2025-01-23 14:40:00+00:00,23342.25,23236.5,2025-01-23 15:36:00+00:00,target,56.875,12.625,105.75,0.11938534278959811,0.5378250591016549,0.1607565011820331,-0.39952718676122934,25.25,23237.0,23298.75,39594,40041,23352.0,2025-01-23
A3_k1_spike_split,-1,2025-01-23 15:45:00+00:00,2025-01-23 15:45:00+00:00,23355.75,23477.75,2025-01-23 17:00:00+00:00,time,-9.75,-26.0,122.0,-0.21311475409836064,-0.07991803278688525,0.23155737704918034,-0.4262295081967213,-52.0,23477.25,23371.0,39823,40054,23313.0,2025-01-23
A3_k1_spike_split,1,2025-01-24 14:30:00+00:00,2025-01-24 14:30:00+00:00,23477.25,23287.75,2025-01-24 14:45:00+00:00,target,158.75,13.75,189.5,0.07255936675461741,0.837730870712401,0.12401055408970976,-0.23482849604221637,27.5,23288.25,23333.0,39978,40079,23491.5,2025-01-24
A3_k1_spike_split,-1,2025-01-24 15:20:00+00:00,2025-01-24 15:20:00+00:00,23448.5,23511.25,2025-01-24 15:34:00+00:00,be,35.375,12.25,62.75,0.1952191235059761,0.5637450199203188,0.450199203187251,-0.01593625498007968,24.5,23510.75,23470.75,40321,40325,23422.75,2025-01-24
A3_k1_spike_split,1,2025-01-24 15:35:00+00:00,2025-01-24 15:35:00+00:00,23446.75,23287.75,2025-01-24 17:00:00+00:00,time,-4.5,-32.0,159.0,-0.20125786163522014,-0.02830188679245283,0.13679245283018868,-0.27672955974842767,-64.0,23288.25,23420.25,39978,40328,23470.75,2025-01-24
A3_k1_spike_split,-1,2025-01-27 14:30:00+00:00,2025-01-27 14:30:00+00:00,22556.25,23511.25,2025-01-27 17:00:00+00:00,time,825.75,-87.5,955.0,-0.09162303664921466,0.8646596858638743,0.015968586387434557,-0.30837696335078535,-175.0,23510.75,23468.5,40321,40345,22545.75,2025-01-27
A3_k1_spike_split,-1,2025-01-28 14:30:00+00:00,2025-01-28 14:30:00+00:00,22735.0,23116.25,2025-01-28 14:31:00+00:00,target,161.0,39.25,381.25,0.10295081967213114,0.4222950819672131,0.1422950819672131,-0.04590163934426229,78.5,23115.75,22856.0,40417,40819,22700.25,2025-01-28
A3_k1_spike_split,-1,2025-01-28 14:40:00+00:00,2025-01-28 14:40:00+00:00,22652.0,23116.25,2025-01-28 14:50:00+00:00,be,117.0,15.625,464.25,0.03365643511039311,0.2520193861066236,0.1260096930533118,-0.026386645126548196,31.25,23115.75,22752.5,40417,40869,22619.5,2025-01-28
A3_k1_spike_split,1,2025-01-28 14:55:00+00:00,2025-01-28 14:55:00+00:00,22698.0,22465.5,2025-01-28 15:03:00+00:00,target,178.125,72.875,232.5,0.31344086021505374,0.7661290322580645,0.4172043010752688,-0.046236559139784944,145.75,22466.0,22593.5,40575,40872,22752.5,2025-01-28
A3_k1_spike_split,-1,2025-01-28 15:35:00+00:00,2025-01-28 15:35:00+00:00,22859.0,23116.25,2025-01-28 17:00:00+00:00,time,8.5,-47.5,257.25,-0.184645286686103,0.03304178814382896,0.15160349854227406,-0.23809523809523808,-95.0,23115.75,22914.0,40417,40880,22593.5,2025-01-28
A3_k1_spike_split,-1,2025-01-29 14:30:00+00:00,2025-01-29 14:30:00+00:00,23032.25,23130.5,2025-01-29 14:32:00+00:00,target,128.125,36.875,98.25,0.3753180661577608,1.3040712468193385,0.5267175572519084,-0.06870229007633588,73.75,23130.0,23122.75,41073,41114,22996.75,2025-01-29
A3_k1_spike_split,-1,2025-01-29 14:35:00+00:00,2025-01-29 14:35:00+00:00,22970.5,23130.5,2025-01-29 14:38:00+00:00,be,92.875,2.75,160.0,0.0171875,0.58046875,0.071875,-0.184375,5.5,23130.0,23059.75,41073,41144,22963.75,2025-01-29
A3_k1_spike_split,1,2025-01-29 14:55:00+00:00,2025-01-29 14:55:00+00:00,22968.5,22593.0,2025-01-29 17:00:00+00:00,time,-9.75,-52.5,375.5,-0.13981358189081225,-0.02596537949400799,0.07789613848202397,-0.2103861517976032,-105.0,22593.5,22926.75,40872,41148,23059.75,2025-01-29
A3_k1_spike_split,-1,2025-01-30 14:30:00+00:00,2025-01-30 14:30:00+00:00,23082.5,23142.75,2025-01-30 14:39:00+00:00,be,75.75,20.875,60.25,0.34647302904564314,1.2572614107883817,0.8713692946058091,-0.3153526970954357,41.75,23142.25,23136.5,41347,41354,23039.5,2025-01-30
A3_k1_spike_split,-1,2025-01-30 14:40:00+00:00,2025-01-30 14:40:00+00:00,23084.75,23142.75,2025-01-30 14:48:00+00:00,stop,-41.0,-58.75,58.0,-1.0129310344827587,-0.7068965517241379,0.5689655172413793,-1.1077586206896552,-117.5,23142.25,23101.5,41347,41421,23007.5,2025-01-30
A3_k1_spike_split,1,2025-01-30 15:10:00+00:00,2025-01-30 15:10:00+00:00,23022.75,22800.25,2025-01-30 17:00:00+00:00,time,46.25,19.0,222.5,0.0853932584269663,0.20786516853932585,0.16067415730337078,-0.7685393258426966,38.0,22800.75,22996.5,41187,41427,23181.5,2025-01-30
A3_k1_spike_split,-1,2025-01-31 14:30:00+00:00,2025-01-31 14:30:00+00:00,23206.75,23247.0,2025-01-31 14:31:00+00:00,stop,-4.25,-41.0,40.25,-1.0186335403726707,-0.10559006211180125,0.20496894409937888,-1.5962732919254659,-82.0,23246.5,23242.5,41667,41669,23182.75,2025-01-31
A3_k1_spike_split,1,2025-01-31 14:45:00+00:00,2025-01-31 14:45:00+00:00,23252.75,22851.25,2025-01-31 14:52:00+00:00,target,74.5,17.75,401.5,0.04420921544209216,0.1855541718555417,0.07160647571606475,-0.052303860523038606,35.5,22851.75,23196.75,41441,41698,23271.0,2025-01-31
A3_k1_spike_split,1,2025-01-31 15:30:00+00:00,2025-01-31 15:30:00+00:00,23329.75,22851.25,2025-01-31 15:31:00+00:00,target,49.0,24.0,478.5,0.050156739811912224,0.10240334378265413,0.05851619644723093,-0.002612330198537095,48.0,22851.75,23305.5,41441,41707,23354.25,2025-01-31
A3_k1_spike_split,1,2025-01-31 16:10:00+00:00,2025-01-31 16:10:00+00:00,23380.25,22851.25,2025-01-31 17:00:00+00:00,time,10.75,-44.5,529.0,-0.08412098298676748,0.020321361058601134,0.020793950850661626,-0.1327977315689981,-89.0,22851.75,23326.0,41441,41712,23398.5,2025-01-31
A3_k1_spike_split,-1,2025-02-03 14:30:00+00:00,2025-02-03 14:30:00+00:00,22648.0,23075.0,2025-02-03 14:53:00+00:00,target,405.625,35.625,427.0,0.08343091334894613,0.9499414519906323,0.10011709601873536,-0.23302107728337237,71.25,23074.5,23017.25,41773,41779,22616.5,2025-02-03
A3_k1_spike_split,1,2025-02-03 15:00:00+00:00,2025-02-03 15:00:00+00:00,22648.25,22372.5,2025-02-03 17:00:00+00:00,time,176.5,132.625,275.75,0.48096101541251135,0.6400725294650952,0.9229374433363554,-0.37080689029918407,265.25,22373.0,22605.25,41787,41977,22747.5,2025-02-03
A3_k1_spike_split,-1,2025-02-04 14:30:00+00:00,2025-02-04 14:30:00+00:00,22854.25,23033.25,2025-02-04 15:00:00+00:00,stop,-19.75,-179.75,179.0,-1.0041899441340782,-0.11033519553072625,0.09217877094972067,-1.032122905027933,-359.5,23032.75,23013.25,42063,42067,22828.75,2025-02-04
A3_k1_spike_split,1,2025-02-04 15:50:00+00:00,2025-02-04 15:50:00+00:00,23086.75,22372.5,2025-02-04 16:29:00+00:00,target,65.25,25.5,714.25,0.035701785089254465,0.09135456772838642,0.0448022401120056,-0.04305215260763038,51.0,22373.0,23047.75,41787,42258,23112.75,2025-02-04
A3_k1_spike_split,-1,2025-02-05 14:30:00+00:00,2025-02-05 14:30:00+00:00,22983.0,23057.75,2025-02-05 15:04:00+00:00,target,79.5,40.5,74.75,0.5418060200668896,1.0635451505016722,0.6588628762541806,-0.7859531772575251,81.0,23057.25,23021.25,42367,42384,22942.75,2025-02-05
A3_k1_spike_split,-1,2025-02-05 15:10:00+00:00,2025-02-05 15:10:00+00:00,22964.5,23057.75,2025-02-05 16:09:00+00:00,stop,-15.75,-94.0,93.25,-1.0080428954423593,-0.16890080428954424,0.26005361930294907,-1.0804289544235925,-188.0,23057.25,23041.75,42367,42531,22933.75,2025-02-05
A3_k1_spike_split,-1,2025-02-06 14:30:00+00:00,2025-02-06 14:30:00+00:00,23209.25,23266.25,2025-02-06 14:31:00+00:00,target,79.125,26.0,57.0,0.45614035087719296,1.388157894736842,0.6578947368421053,-0.07894736842105263,52.0,23265.75,23263.5,42694,42711,23194.0,2025-02-06
A3_k1_spike_split,-1,2025-02-06 14:40:00+00:00,2025-02-06 14:40:00+00:00,23196.25,23266.25,2025-02-06 15:12:00+00:00,stop,-52.25,-70.75,70.0,-1.0107142857142857,-0.7464285714285714,0.07857142857142857,-1.042857142857143,-141.5,23265.75,23213.75,42694,42801,23170.75,2025-02-06
A3_k1_spike_split,-1,2025-02-06 15:45:00+00:00,2025-02-06 15:45:00+00:00,23209.75,23282.75,2025-02-06 15:55:00+00:00,be,70.125,10.25,73.0,0.1404109589041096,0.9606164383561644,0.5034246575342466,-0.03424657534246575,20.5,23282.25,23268.75,42810,42814,23188.0,2025-02-06
A3_k1_spike_split,1,2025-02-06 16:15:00+00:00,2025-02-06 16:15:00+00:00,23239.75,22861.25,2025-02-06 17:00:00+00:00,time,4.0,-36.0,378.5,-0.095112285336856,0.010568031704095112,0.01915455746367239,-0.15587846763540292,-72.0,22861.75,23200.75,42471,42820,23268.75,2025-02-06
A3_k1_spike_split,-1,2025-02-07 14:30:00+00:00,2025-02-07 14:30:00+00:00,23318.0,23356.75,2025-02-07 14:31:00+00:00,stop,-29.25,-39.5,38.75,-1.0193548387096774,-0.7548387096774194,0.4064516129032258,-1.4129032258064516,-79.0,23356.25,23327.25,43065,43067,23297.0,2025-02-07
A3_k1_spike_split,1,2025-02-07 14:45:00+00:00,2025-02-07 14:45:00+00:00,23371.5,23144.0,2025-02-07 15:12:00+00:00,stop,-158.0,-228.25,227.5,-1.0032967032967033,-0.6945054945054945,0.09230769230769231,-1.0692307692307692,-456.5,23144.5,23302.25,42861,43077,23400.5,2025-02-07
A3_k1_spike_split,-1,2025-02-07 15:35:00+00:00,2025-02-07 15:35:00+00:00,23186.0,23401.0,2025-02-07 15:53:00+00:00,target,96.75,67.75,215.0,0.31511627906976747,0.45,0.5406976744186046,-0.2372093023255814,135.5,23400.5,23214.25,43078,43088,23117.75,2025-02-07
A3_k1_spike_split,-1,2025-02-07 16:00:00+00:00,2025-02-07 16:00:00+00:00,23154.25,23401.0,2025-02-07 16:52:00+00:00,target,189.0,105.5,246.75,0.4275582573454914,0.7659574468085106,0.44984802431610943,-0.15096251266464034,211.0,23400.5,23237.0,43078,43093,23048.25,2025-02-07
A3_k1_spike_split,-1,2025-02-10 14:30:00+00:00,2025-02-10 14:30:00+00:00,23197.0,23401.0,2025-02-10 14:35:00+00:00,be,36.625,8.5,204.0,0.041666666666666664,0.1795343137254902,0.10784313725490197,-0.07598039215686274,17.0,23400.5,23224.25,43078,43347,23178.75,2025-02-10
A3_k1_spike_split,1,2025-02-10 14:40:00+00:00,2025-02-10 14:40:00+00:00,23209.5,22847.25,2025-02-10 14:45:00+00:00,target,55.875,20.625,362.25,0.056935817805383024,0.15424430641821946,0.08143547273982056,-0.03864734299516908,41.25,22847.75,23175.0,43167,43353,23224.25,2025-02-10
A3_k1_spike_split,-1,2025-02-10 14:55:00+00:00,2025-02-10 14:55:00+00:00,23217.0,23401.0,2025-02-10 17:00:00+00:00,time,-62.5,-88.25,184.0,-0.4796195652173913,-0.33967391304347827,0.09103260869565218,-0.595108695652174,-176.5,23400.5,23241.75,43078,43356,23175.0,2025-02-10
A3_k1_spike_split,-1,2025-02-11 14:30:00+00:00,2025-02-11 14:30:00+00:00,23138.75,23318.75,2025-02-11 17:00:00+00:00,time,91.5,-85.75,180.0,-0.47638888888888886,0.5083333333333333,0.03194444444444444,-0.9180555555555555,-171.5,23318.25,23315.0,43405,43411,23102.25,2025-02-11
A3_k1_spike_split,-1,2025-02-12 14:30:00+00:00,2025-02-12 14:30:00+00:00,22983.0,23304.5,2025-02-12 17:00:00+00:00,time,68.75,-230.5,321.5,-0.7169517884914464,0.21384136858475894,0.04510108864696734,-0.744945567651633,-461.0,23304.0,23281.25,43645,43887,22942.75,2025-02-12
A3_k1_spike_split,-1,2025-02-13 14:30:00+00:00,2025-02-13 14:30:00+00:00,23301.75,23360.25,2025-02-13 14:33:00+00:00,stop,-7.0,-59.25,58.5,-1.0128205128205128,-0.11965811965811966,0.10683760683760683,-1.3846153846153846,-118.5,23359.75,23353.0,44062,44086,23292.5,2025-02-13
A3_k1_spike_split,1,2025-02-13 14:45:00+00:00,2025-02-13 14:45:00+00:00,23319.5,22942.25,2025-02-13 15:02:00+00:00,target,116.25,63.75,377.25,0.16898608349900596,0.3081510934393638,0.19681908548707752,-0.09609012591119948,127.5,22942.75,23267.75,43899,44182,23383.75,2025-02-13
A3_k1_spike_split,1,2025-02-13 15:15:00+00:00,2025-02-13 15:15:00+00:00,23368.25,22942.25,2025-02-13 15:17:00+00:00,target,93.0,25.5,426.0,0.05985915492957746,0.21830985915492956,0.06748826291079812,-0.0029342723004694834,51.0,22942.75,23301.5,43899,44188,23394.25,2025-02-13
A3_k1_spike_split,1,2025-02-13 15:35:00+00:00,2025-02-13 15:35:00+00:00,23424.75,22942.25,2025-02-13 15:36:00+00:00,target,34.0,4.0,482.5,0.008290155440414507,0.07046632124352331,0.023316062176165803,-0.008290155440414507,8.0,22942.75,23395.5,43899,44192,23429.25,2025-02-13
A3_k1_spike_split,1,2025-02-13 16:05:00+00:00,2025-02-13 16:05:00+00:00,23466.5,22942.25,2025-02-13 17:00:00+00:00,time,-61.75,-72.25,524.25,-0.13781592751549834,-0.11778731521220792,0.025274201239866477,-0.17501192179303768,-144.5,22942.75,23457.0,43899,44198,23490.75,2025-02-13
A3_k1_spike_split,-1,2025-02-14 14:30:00+00:00,2025-02-14 14:30:00+00:00,23541.0,23579.0,2025-02-14 14:38:00+00:00,be,19.0,6.375,38.0,0.16776315789473684,0.5,0.5328947368421053,-0.7828947368421053,12.75,23578.5,23552.75,44397,44409,23527.0,2025-02-14
A3_k1_spike_split,-1,2025-02-14 14:40:00+00:00,2025-02-14 14:40:00+00:00,23535.25,23579.0,2025-02-14 15:08:00+00:00,stop,-8.0,-44.5,43.75,-1.0171428571428571,-0.18285714285714286,0.26285714285714284,-1.0285714285714285,-89.0,23578.5,23570.75,44397,44457,23502.75,2025-02-14
A3_k1_spike_split,1,2025-02-14 15:10:00+00:00,2025-02-14 15:10:00+00:00,23577.25,23185.0,2025-02-14 15:11:00+00:00,target,53.5,8.75,392.25,0.022307202039515615,0.13639260675589548,0.039515615041427664,-0.0025493945188017845,17.5,23185.5,23531.75,44115,44463,23584.75,2025-02-14
A3_k1_spike_split,1,2025-02-14 15:25:00+00:00,2025-02-14 15:25:00+00:00,23579.75,23185.0,2025-02-14 15:56:00+00:00,target,40.0,12.5,394.75,0.031665611146295125,0.1013299556681444,0.04749841671944269,-0.11589613679544016,25.0,23185.5,23553.0,44115,44466,23592.75,2025-02-14
A3_k1_spike_split,1,2025-02-14 16:10:00+00:00,2025-02-14 16:10:00+00:00,23595.25,23185.0,2025-02-14 17:00:00+00:00,time,1.0,-24.25,410.25,-0.0591102985984156,0.002437538086532602,0.009140767824497258,-0.14564290067032298,-48.5,23185.5,23571.0,44115,44475,23604.5,2025-02-14
A3_k1_spike_split,-1,2025-02-17 14:30:00+00:00,2025-02-17 14:30:00+00:00,23673.5,23715.0,2025-02-17 14:31:00+00:00,target,44.125,13.375,41.5,0.32228915662650603,1.0632530120481927,0.4939759036144578,-0.030120481927710843,26.75,23714.5,23711.0,44622,44627,23675.5,2025-02-17
A3_k1_spike_split,1,2025-02-17 14:50:00+00:00,2025-02-17 14:50:00+00:00,23641.5,23474.75,2025-02-17 17:00:00+00:00,time,44.0,26.25,166.75,0.15742128935532235,0.2638680659670165,0.2608695652173913,-0.044977511244377814,52.5,23475.25,23624.75,44425,44735,23692.75,2025-02-17
A3_k1_spike_split,-1,2025-02-18 14:30:00+00:00,2025-02-18 14:30:00+00:00,23690.25,23753.25,2025-02-18 14:31:00+00:00,target,39.625,5.0,63.0,0.07936507936507936,0.628968253968254,0.5476190476190477,-0.06746031746031746,10.0,23752.75,23751.0,44883,44957,23721.25,2025-02-18
A3_k1_spike_split,1,2025-02-18 14:30:00+00:00,2025-02-18 14:33:00+00:00,23700.25,23624.25,2025-02-18 14:46:00+00:00,stop,-75.75,-76.75,76.0,-1.0098684210526316,-0.9967105263157895,0.006578947368421052,-1.1085526315789473,-153.5,23624.75,23700.25,44735,44931,23751.0,2025-02-18
A3_k1_spike_split,-1,2025-02-18 15:10:00+00:00,2025-02-18 15:10:00+00:00,23622.25,23753.25,2025-02-18 15:27:00+00:00,target,76.25,40.5,131.0,0.30916030534351147,0.5820610687022901,0.41603053435114506,-0.13549618320610687,81.0,23752.75,23657.25,44883,44966,23581.25,2025-02-18
A3_k1_spike_split,-1,2025-02-18 15:50:00+00:00,2025-02-18 15:50:00+00:00,23580.25,23753.25,2025-02-18 17:00:00+00:00,time,-15.0,-40.25,173.0,-0.23265895953757226,-0.08670520231213873,0.05346820809248555,-0.3945086705202312,-80.5,23752.75,23604.5,44883,44975,23557.75,2025-02-18
A3_k1_spike_split,-1,2025-02-19 14:30:00+00:00,2025-02-19 14:30:00+00:00,23640.0,23753.25,2025-02-19 14:32:00+00:00,target,107.75,22.75,113.25,0.20088300220750552,0.9514348785871964,0.304635761589404,-0.02207505518763797,45.5,23752.75,23724.25,44883,45096,23620.5,2025-02-19
A3_k1_spike_split,-1,2025-02-19 14:35:00+00:00,2025-02-19 14:35:00+00:00,23629.75,23753.25,2025-02-19 14:49:00+00:00,target,50.75,37.0,123.5,0.29959514170040485,0.4109311740890688,0.3441295546558704,-0.19838056680161945,74.0,23752.75,23642.75,44883,45236,23594.25,2025-02-19
A3_k1_spike_split,1,2025-02-19 14:55:00+00:00,2025-02-19 14:55:00+00:00,23621.0,23535.25,2025-02-19 16:45:00+00:00,target,77.0,42.5,85.75,0.4956268221574344,0.8979591836734694,0.6326530612244898,-0.8192419825072886,85.0,23535.75,23587.25,45016,45240,23654.25,2025-02-19
A3_k1_spike_split,-1,2025-02-20 14:30:00+00:00,2025-02-20 14:30:00+00:00,23642.5,23733.0,2025-02-20 14:33:00+00:00,target,94.25,20.5,90.5,0.2265193370165746,1.0414364640883977,0.3287292817679558,-0.19060773480662985,41.0,23732.5,23715.5,45302,45306,23623.0,2025-02-20
A3_k1_spike_split,-1,2025-02-20 14:40:00+00:00,2025-02-20 14:40:00+00:00,23631.5,23733.0,2025-02-20 14:47:00+00:00,target,68.0,39.0,101.5,0.3842364532019704,0.6699507389162561,0.5911330049261084,-0.14532019704433496,78.0,23732.5,23659.75,45302,45513,23604.25,2025-02-20
A3_k1_spike_split,-1,2025-02-20 14:50:00+00:00,2025-02-20 14:50:00+00:00,23572.0,23733.0,2025-02-20 14:51:00+00:00,target,95.75,20.75,161.0,0.12888198757763975,0.59472049689441,0.17236024844720496,-0.017080745341614908,41.5,23732.5,23646.25,45302,45515,23550.75,2025-02-20
A3_k1_spike_split,-1,2025-02-20 15:15:00+00:00,2025-02-20 15:15:00+00:00,23464.75,23733.0,2025-02-20 17:00:00+00:00,time,20.25,1.0,268.25,0.003727865796831314,0.0754892823858341,0.2096924510717614,-0.2833178005591799,2.0,23732.5,23483.0,45302,45520,23383.5,2025-02-20
A3_k1_spike_split,-1,2025-02-21 14:30:00+00:00,2025-02-21 14:30:00+00:00,23619.0,23679.0,2025-02-21 14:31:00+00:00,target,28.0,24.5,60.0,0.4083333333333333,0.4666666666666667,0.8708333333333333,-0.029166666666666667,49.0,23678.5,23669.75,45780,45783,23644.5,2025-02-21
A3_k1_spike_split,1,2025-02-21 14:50:00+00:00,2025-02-21 14:50:00+00:00,23551.5,23408.0,2025-02-21 15:34:00+00:00,stop,-121.25,-144.25,143.5,-1.005226480836237,-0.8449477351916377,0.04878048780487805,-1.0017421602787457,-288.5,23408.5,23529.5,45530,45791,23664.5,2025-02-21
A3_k1_spike_split,1,2025-02-21 16:05:00+00:00,2025-02-21 16:05:00+00:00,23418.25,23372.75,2025-02-21 17:00:00+00:00,time,16.5,-7.5,45.5,-0.16483516483516483,0.3626373626373626,0.967032967032967,-0.554945054945055,-15.0,23373.25,23395.25,45803,45806,23544.25,2025-02-21
A3_k1_spike_split,-1,2025-02-24 14:30:00+00:00,2025-02-24 14:30:00+00:00,23185.5,23679.0,2025-02-24 14:37:00+00:00,target,301.375,23.875,493.5,0.048378926038500504,0.6106889564336373,0.10891590678824721,-0.09929078014184398,47.75,23678.5,23462.25,45780,45811,23172.0,2025-02-24
A3_k1_spike_split,-1,2025-02-24 14:40:00+00:00,2025-02-24 14:40:00+00:00,23134.5,23679.0,2025-02-24 14:52:00+00:00,target,149.75,49.0,544.5,0.08999081726354453,0.27502295684113864,0.13360881542699724,-0.051423324150596875,98.0,23678.5,23234.5,45780,46065,23085.0,2025-02-24
A3_k1_spike_split,-1,2025-02-24 15:15:00+00:00,2025-02-24 15:15:00+00:00,23003.25,23679.0,2025-02-24 17:00:00+00:00,time,153.0,-7.25,675.75,-0.01072881982981872,0.22641509433962265,0.18682944876063634,-0.08028116907140215,-14.5,23678.5,23162.5,45780,46068,22869.5,2025-02-24
A3_k1_spike_split,-1,2025-02-25 14:30:00+00:00,2025-02-25 14:30:00+00:00,22823.75,23246.25,2025-02-25 14:31:00+00:00,target,300.375,29.375,422.5,0.0695266272189349,0.7109467455621302,0.1390532544378698,-0.005917159763313609,58.75,23245.75,23094.0,46003,46110,22796.0,2025-02-25
A3_k1_spike_split,-1,2025-02-25 14:45:00+00:00,2025-02-25 14:45:00+00:00,22745.75,23246.25,2025-02-25 14:48:00+00:00,target,101.5,16.25,500.5,0.032467532467532464,0.20279720279720279,0.06343656343656344,-0.060939060939060936,32.5,23245.75,22830.25,46003,46342,22739.75,2025-02-25
A3_k1_spike_split,-1,2025-02-25 15:30:00+00:00,2025-02-25 15:30:00+00:00,22481.25,23246.25,2025-02-25 16:30:00+00:00,target,196.0,20.0,765.0,0.026143790849673203,0.25620915032679736,0.03954248366013072,-0.14575163398692811,40.0,23245.75,22656.5,46003,46349,22460.75,2025-02-25
A3_k1_spike_split,-1,2025-02-26 14:30:00+00:00,2025-02-26 14:30:00+00:00,22671.0,22886.5,2025-02-26 14:31:00+00:00,target,121.5,43.75,215.5,0.20301624129930396,0.5638051044083526,0.21345707656612528,-0.010440835266821345,87.5,22886.0,22765.25,46155,46605,22656.75,2025-02-26
A3_k1_spike_split,-1,2025-02-26 14:45:00+00:00,2025-02-26 14:45:00+00:00,22666.25,22886.5,2025-02-26 17:00:00+00:00,time,-75.0,-116.75,220.25,-0.5300794551645857,-0.340522133938706,0.07832009080590238,-0.8002270147559591,-233.5,22886.0,22707.0,46155,46618,22621.25,2025-02-26
A3_k1_spike_split,-1,2025-02-27 14:30:00+00:00,2025-02-27 14:30:00+00:00,22773.0,22843.0,2025-02-27 14:41:00+00:00,target,147.5,79.5,70.0,1.1357142857142857,2.107142857142857,1.417857142857143,-0.5821428571428572,159.0,22842.5,22840.25,46645,46650,22701.5,2025-02-27
A3_k1_spike_split,-1,2025-02-27 14:45:00+00:00,2025-02-27 14:45:00+00:00,22625.25,22843.0,2025-02-27 14:51:00+00:00,target,227.0,37.75,217.75,0.17336394948335246,1.04247990815155,0.23191733639494833,-0.18025258323765786,75.5,22842.5,22813.75,46645,46894,22592.25,2025-02-27
A3_k1_spike_split,-1,2025-02-27 15:30:00+00:00,2025-02-27 15:30:00+00:00,22559.0,22843.0,2025-02-27 17:00:00+00:00,time,161.25,119.25,284.0,0.4198943661971831,0.5677816901408451,0.4788732394366197,-0.11883802816901408,238.5,22842.5,22600.0,46645,46903,22329.25,2025-02-27
A3_k1_spike_split,-1,2025-02-28 14:30:00+00:00,2025-02-28 14:30:00+00:00,22023.25,22819.75,2025-02-28 14:31:00+00:00,target,585.125,38.25,796.5,0.0480225988700565,0.7346202134337727,0.11958568738229755,-0.006905210295040804,76.5,22819.25,22592.75,46871,46915,22021.75,2025-02-28
A3_k1_spike_split,-1,2025-02-28 14:50:00+00:00,2025-02-28 14:50:00+00:00,22022.75,22819.75,2025-02-28 17:00:00+00:00,time,-52.0,-107.75,797.0,-0.1351944792973651,-0.06524466750313676,0.06148055207026349,-0.23557089084065244,-215.5,22819.25,22077.5,46871,47171,21893.0,2025-02-28
A3_k1_spike_split,-1,2025-03-03 14:30:00+00:00,2025-03-03 14:30:00+00:00,22488.25,22532.25,2025-03-03 14:31:00+00:00,target,41.0,27.25,44.0,0.6193181818181818,0.9318181818181818,0.7386363636363636,-0.32386363636363635,54.5,22531.75,22522.5,47440,47442,22498.0,2025-03-03
A3_k1_spike_split,-1,2025-03-03 14:55:00+00:00,2025-03-03 14:55:00+00:00,22339.75,22554.0,2025-03-03 14:56:00+00:00,target,122.75,22.375,214.25,0.1044340723453909,0.572928821470245,0.28004667444574094,-0.046674445740956826,44.75,22553.5,22441.25,47445,47448,22321.0,2025-03-03
A3_k1_spike_split,1,2025-03-03 15:10:00+00:00,2025-03-03 15:10:00+00:00,22248.25,21892.5,2025-03-03 17:00:00+00:00,time,162.25,105.5,355.75,0.2965565706254392,0.4560787069571328,0.4884047786366831,-0.035137034434293744,211.0,21893.0,22192.5,47169,47451,22441.25,2025-03-03
A3_k1_spike_split,-1,2025-03-04 14:30:00+00:00,2025-03-04 14:30:00+00:00,21775.0,22554.0,2025-03-04 14:32:00+00:00,target,700.0,56.5,779.0,0.07252888318356868,0.8985879332477535,0.10750962772785623,-0.028241335044929396,113.0,22553.5,22417.75,47445,47467,21741.75,2025-03-04
A3_k1_spike_split,-1,2025-03-04 14:45:00+00:00,2025-03-04 14:45:00+00:00,21763.5,22554.0,2025-03-04 14:59:00+00:00,target,171.75,71.75,790.5,0.09076533839342188,0.21726755218216318,0.13029728020240355,-0.10341555977229601,143.5,22553.5,21862.75,47445,47722,21691.25,2025-03-04
A3_k1_spike_split,-1,2025-03-04 15:30:00+00:00,2025-03-04 15:30:00+00:00,21591.25,22554.0,2025-03-04 17:00:00+00:00,time,50.0,-141.25,962.75,-0.14671513892495455,0.051934562451311346,0.05167488963905479,-0.1859257335756946,-282.5,22553.5,21781.5,47445,47726,21508.5,2025-03-04
A3_k1_spike_split,-1,2025-03-05 14:30:00+00:00,2025-03-05 14:30:00+00:00,21853.75,21991.0,2025-03-05 14:38:00+00:00,target,174.625,68.875,137.25,0.5018214936247724,1.2723132969034607,0.7868852459016393,-0.18397085610200364,137.75,21990.5,21958.75,47964,47969,21812.0,2025-03-05
A3_k1_spike_split,1,2025-03-05 14:45:00+00:00,2025-03-05 14:45:00+00:00,21857.75,21541.0,2025-03-05 15:00:00+00:00,target,155.375,42.625,316.75,0.1345698500394633,0.4905288082083662,0.19889502762430938,-0.48855564325177586,85.25,21541.5,21745.75,47744,47998,21898.25,2025-03-05
A3_k1_spike_split,1,2025-03-05 15:05:00+00:00,2025-03-05 15:05:00+00:00,21878.75,21541.0,2025-03-05 17:00:00+00:00,time,67.25,-109.5,337.75,-0.32420429311621024,0.1991117690599556,0.15025906735751296,-0.6839378238341969,-219.0,21541.5,21703.0,47744,48002,21947.75,2025-03-05
A3_k1_spike_split,-1,2025-03-06 14:30:00+00:00,2025-03-06 14:30:00+00:00,21743.5,22158.75,2025-03-06 14:31:00+00:00,target,420.75,30.5,415.25,0.07344972907886815,1.0132450331125828,0.16375677302829622,-0.013847080072245636,61.0,22158.25,22155.5,48064,48066,21738.0,2025-03-06
A3_k1_spike_split,-1,2025-03-06 14:45:00+00:00,2025-03-06 14:45:00+00:00,21680.75,22158.75,2025-03-06 17:00:00+00:00,time,67.75,-5.0,478.0,-0.010460251046025104,0.14173640167364016,0.016736401673640166,-0.5549163179916318,-10.0,22158.25,21752.5,48064,48274,21661.0,2025-03-06
A3_k1_spike_split,-1,2025-03-07 14:30:00+00:00,2025-03-07 14:30:00+00:00,21469.75,22081.75,2025-03-07 15:31:00+00:00,target,450.375,9.625,612.0,0.015727124183006536,0.7359068627450981,0.10253267973856209,-0.335375816993464,19.25,22081.25,21909.75,48162,48297,21459.75,2025-03-07
A3_k1_spike_split,-1,2025-03-07 15:55:00+00:00,2025-03-07 15:55:00+00:00,21460.5,22081.75,2025-03-07 16:25:00+00:00,target,198.75,139.75,621.25,0.22494969818913482,0.3199195171026157,0.2346076458752515,-0.03380281690140845,279.5,22081.25,21518.75,48162,48564,21320.25,2025-03-07
A3_k1_spike_split,-1,2025-03-10 13:30:00+00:00,2025-03-10 13:30:00+00:00,21314.25,21720.0,2025-03-10 13:31:00+00:00,target,355.0,13.75,405.75,0.033887861983980284,0.8749229821318546,0.08256315465187923,-0.04066543438077634,27.5,21719.5,21654.75,48626,48630,21306.75,2025-03-10
A3_k1_spike_split,-1,2025-03-10 13:40:00+00:00,2025-03-10 13:40:00+00:00,21273.25,21720.0,2025-03-10 13:54:00+00:00,target,118.5,60.25,446.75,0.1348628987129267,0.2652490207050923,0.2148852825965305,-0.13766088416340236,120.5,21719.5,21330.75,48626,48825,21220.5,2025-03-10
A3_k1_spike_split,-1,2025-03-10 14:30:00+00:00,2025-03-10 14:30:00+00:00,21100.75,21720.0,2025-03-10 14:32:00+00:00,target,95.25,13.25,619.25,0.021396851029471135,0.15381509890997175,0.04037141703673799,-0.04723455793298345,26.5,21719.5,21182.0,48626,48834,21087.0,2025-03-10
A3_k1_spike_split,-1,2025-03-10 15:20:00+00:00,2025-03-10 15:20:00+00:00,21002.0,21720.0,2025-03-10 16:00:00+00:00,time,32.25,-18.25,718.0,-0.02541782729805014,0.044916434540389974,0.012186629526462395,-0.18593314763231197,-36.5,21719.5,21051.5,48626,48845,20952.75,2025-03-10
A3_k1_spike_split,-1,2025-03-11 13:30:00+00:00,2025-03-11 13:30:00+00:00,20852.5,21589.25,2025-03-11 13:31:00+00:00,target,263.75,-15.5,736.75,-0.021038344078724125,0.35799117746861214,0.011197828299966068,-0.055989141499830336,-31.0,21588.75,21135.5,48694,48850,20872.75,2025-03-11
A3_k1_spike_split,1,2025-03-11 13:40:00+00:00,2025-03-11 13:40:00+00:00,20970.75,20572.25,2025-03-11 13:48:00+00:00,target,197.5,45.25,398.5,0.11355081555834379,0.49560853199498117,0.12296110414052698,-0.14868255959849436,90.5,20572.75,20819.25,48949,49101,21016.5,2025-03-11
A3_k1_spike_split,-1,2025-03-11 14:00:00+00:00,2025-03-11 14:00:00+00:00,20952.5,21589.25,2025-03-11 14:09:00+00:00,be,146.125,66.0,636.75,0.10365135453474676,0.22948566941499804,0.26109148017275224,-0.14723203769140164,132.0,21588.75,21031.75,48694,49105,20819.25,2025-03-11
A3_k1_spike_split,-1,2025-03-11 14:10:00+00:00,2025-03-11 14:10:00+00:00,20958.25,21589.25,2025-03-11 14:27:00+00:00,target,265.25,176.5,631.0,0.2797147385103011,0.420364500792393,0.3165610142630745,-0.01584786053882726,353.0,21588.75,21046.25,48694,49107,20786.25,2025-03-11
A3_k1_spike_split,1,2025-03-11 14:35:00+00:00,2025-03-11 14:35:00+00:00,20765.75,20572.25,2025-03-11 16:00:00+00:00,time,109.75,89.25,193.5,0.46124031007751937,0.5671834625322998,1.0943152454780363,-0.35012919896640826,178.5,20572.75,20746.25,48949,49112,21046.25,2025-03-11
A3_k1_spike_split,-1,2025-03-12 13:30:00+00:00,2025-03-12 13:30:00+00:00,21129.0,21222.0,2025-03-12 13:48:00+00:00,target,82.5,41.75,93.0,0.4489247311827957,0.8870967741935484,0.6451612903225806,-0.8655913978494624,83.5,21221.5,21169.0,49365,49370,21098.25,2025-03-12
A3_k1_spike_split,-1,2025-03-12 13:50:00+00:00,2025-03-12 13:50:00+00:00,21100.25,21222.0,2025-03-12 14:04:00+00:00,be,153.125,43.0,121.75,0.3531827515400411,1.257700205338809,0.7186858316221766,-0.49691991786447637,86.0,21221.5,21209.5,49365,49379,21013.0,2025-03-12
A3_k1_spike_split,1,2025-03-12 14:10:00+00:00,2025-03-12 14:10:00+00:00,21140.0,20572.25,2025-03-12 16:00:00+00:00,time,53.75,-74.5,567.75,-0.1312197269925143,0.09467195068251871,0.03126376045794804,-0.5499779832672831,-149.0,20572.75,21012.75,48949,49383,21209.5,2025-03-12
A3_k1_spike_split,-1,2025-03-13 13:30:00+00:00,2025-03-13 13:30:00+00:00,21006.25,21222.0,2025-03-13 13:32:00+00:00,be,170.25,15.125,215.75,0.07010428736964079,0.7891077636152954,0.20973348783314022,-0.016222479721900347,30.25,21221.5,21160.5,49365,49414,20974.75,2025-03-13
A3_k1_spike_split,-1,2025-03-13 13:35:00+00:00,2025-03-13 13:35:00+00:00,20995.25,21222.0,2025-03-13 13:44:00+00:00,target,97.5,68.75,226.75,0.3031973539140022,0.42998897464167585,0.40683572216097025,-0.030871003307607496,137.5,21221.5,21023.25,49365,49652,20942.5,2025-03-13
A3_k1_spike_split,-1,2025-03-13 14:10:00+00:00,2025-03-13 14:10:00+00:00,20865.25,21222.0,2025-03-13 15:36:00+00:00,target,186.25,108.0,356.75,0.3027330063069376,0.5220742817098809,0.3798177995795375,-0.38682550805886473,216.0,21221.5,20942.75,49365,49657,20756.75,2025-03-13
A3_k1_spike_split,-1,2025-03-14 13:30:00+00:00,2025-03-14 13:30:00+00:00,20897.5,21078.25,2025-03-14 14:01:00+00:00,be,69.5,-13.5,180.75,-0.07468879668049792,0.38450899031811897,0.21300138312586445,-0.8630705394190872,-27.0,21077.75,20966.5,49518,49917,20897.0,2025-03-14
A3_k1_spike_split,1,2025-03-14 14:10:00+00:00,2025-03-14 14:10:00+00:00,20932.25,20597.75,2025-03-14 15:00:00+00:00,target,194.875,120.875,334.5,0.36136023916292975,0.5825859491778774,0.42451420029895365,-0.16292974588938713,241.75,20598.25,20859.0,49703,49935,21053.5,2025-03-14
A3_k1_spike_split,1,2025-03-14 15:05:00+00:00,2025-03-14 15:05:00+00:00,21067.5,20597.75,2025-03-14 15:21:00+00:00,target,108.75,15.5,469.75,0.03299627461415647,0.23150612027674294,0.04683342203299627,-0.09313464608834486,31.0,20598.25,20975.0,49703,49946,21077.75,2025-03-14
A3_k1_spike_split,-1,2025-03-17 13:30:00+00:00,2025-03-17 13:30:00+00:00,21135.25,21211.75,2025-03-17 13:36:00+00:00,stop,-32.75,-77.25,76.5,-1.0098039215686274,-0.42810457516339867,0.24183006535947713,-1.34640522875817,-154.5,21211.25,21178.75,50195,50201,21082.75,2025-03-17
A3_k1_spike_split,1,2025-03-17 13:50:00+00:00,2025-03-17 13:50:00+00:00,21186.5,20766.75,2025-03-17 16:00:00+00:00,time,-1.5,-72.25,419.75,-0.17212626563430614,-0.00357355568790947,0.15783204288266825,-0.29839189994044074,-144.5,20767.25,21116.75,49767,50205,21280.75,2025-03-17
A3_k1_spike_split,-1,2025-03-18 13:30:00+00:00,2025-03-18 13:30:00+00:00,21124.5,21392.5,2025-03-18 13:31:00+00:00,target,256.75,36.5,268.0,0.13619402985074627,0.9580223880597015,0.16791044776119404,-0.0065298507462686565,73.0,21392.0,21365.75,50269,50277,21112.5,2025-03-18
A3_k1_spike_split,-1,2025-03-18 14:10:00+00:00,2025-03-18 14:10:00+00:00,20940.25,21392.5,2025-03-18 14:19:00+00:00,target,110.25,70.0,452.25,0.15478164731896074,0.24378109452736318,0.16196793808734108,-0.013819789939192924,140.0,21392.0,20979.75,50269,50485,20869.75,2025-03-18
A3_k1_spike_split,1,2025-03-18 14:40:00+00:00,2025-03-18 14:40:00+00:00,20952.0,20866.5,2025-03-18 15:01:00+00:00,stop,-32.75,-86.25,85.5,-1.0087719298245614,-0.3830409356725146,0.12573099415204678,-1.3011695906432748,-172.5,20867.0,20899.5,50490,50493,20979.75,2025-03-18
A3_k1_spike_split,-1,2025-03-18 15:15:00+00:00,2025-03-18 15:15:00+00:00,20887.0,21392.5,2025-03-18 16:00:00+00:00,time,48.75,-3.0,505.5,-0.005934718100890208,0.09643916913946587,0.05539070227497527,-0.08555885262116716,-6.0,21392.0,20937.75,50269,50498,20833.75,2025-03-18
A3_k1_spike_split,-1,2025-03-19 13:30:00+00:00,2025-03-19 13:30:00+00:00,21017.5,21268.75,2025-03-19 13:42:00+00:00,target,52.25,44.25,251.25,0.1761194029850746,0.20796019900497512,0.2955223880597015,-0.10248756218905472,88.5,21268.25,21024.75,50316,50605,20974.25,2025-03-19
A3_k1_spike_split,1,2025-03-19 13:50:00+00:00,2025-03-19 13:50:00+00:00,21013.75,20833.25,2025-03-19 15:53:00+00:00,target,164.375,85.875,180.5,0.4757617728531856,0.9106648199445984,0.814404432132964,-0.07756232686980609,171.75,20833.75,20936.0,50500,50759,21043.25,2025-03-19
A3_k1_spike_split,-1,2025-03-20 13:30:00+00:00,2025-03-20 13:30:00+00:00,21011.25,21317.5,2025-03-20 13:32:00+00:00,be,302.25,0.75,306.25,0.0024489795918367346,0.986938775510204,0.0963265306122449,-0.17469387755102042,1.5,21317.0,21314.75,50924,50942,21014.25,2025-03-20
A3_k1_spike_split,1,2025-03-20 13:40:00+00:00,2025-03-20 13:40:00+00:00,21119.25,20935.5,2025-03-20 14:17:00+00:00,target,259.125,120.875,183.75,0.6578231292517007,1.410204081632653,0.8204081632653061,-0.17006802721088435,241.75,20936.0,20981.75,50759,51033,21217.5,2025-03-20
A3_k1_spike_split,1,2025-03-20 14:25:00+00:00,2025-03-20 14:25:00+00:00,21288.0,20935.5,2025-03-20 14:28:00+00:00,be,94.5,5.625,352.5,0.015957446808510637,0.2680851063829787,0.06595744680851064,-0.031914893617021274,11.25,20936.0,21200.0,50759,51042,21300.5,2025-03-20
A3_k1_spike_split,-1,2025-03-20 14:35:00+00:00,2025-03-20 14:35:00+00:00,21260.0,21317.5,2025-03-20 14:43:00+00:00,stop,-6.0,-58.25,57.5,-1.0130434782608695,-0.10434782608695652,0.22608695652173913,-1.108695652173913,-116.5,21317.0,21311.25,50924,51044,21200.0,2025-03-20
A3_k1_spike_split,1,2025-03-20 14:45:00+00:00,2025-03-20 14:45:00+00:00,21316.25,20935.5,2025-03-20 16:00:00+00:00,time,-35.5,-105.75,380.75,-0.2777413000656599,-0.09323703217334209,0.03611293499671701,-0.3315824031516743,-211.5,20936.0,21247.0,50759,51046,21368.5,2025-03-20
A3_k1_spike_split,-1,2025-03-21 13:35:00+00:00,2025-03-21 13:35:00+00:00,20880.75,21330.5,2025-03-21 16:00:00+00:00,time,343.5,-57.5,449.75,-0.12784880489160644,0.763757643135075,0.10839355197331851,-0.3468593663146192,-115.0,21330.0,21280.75,51048,51060,20827.5,2025-03-21
A3_k1_spike_split,1,2025-03-24 13:30:00+00:00,2025-03-24 13:30:00+00:00,21481.5,20899.5,2025-03-24 13:38:00+00:00,target,486.25,30.0,582.0,0.05154639175257732,0.8354810996563574,0.05713058419243986,-0.04768041237113402,60.0,20900.0,21026.0,51339,51357,21512.0,2025-03-24
A3_k1_spike_split,1,2025-03-24 13:45:00+00:00,2025-03-24 13:45:00+00:00,21505.5,20899.5,2025-03-24 13:46:00+00:00,target,64.5,12.0,606.0,0.019801980198019802,0.10643564356435643,0.03712871287128713,-0.03341584158415842,24.0,20900.0,21453.75,51339,51585,21518.0,2025-03-24
A3_k1_spike_split,1,2025-03-24 14:15:00+00:00,2025-03-24 14:15:00+00:00,21544.0,20899.5,2025-03-24 14:21:00+00:00,target,64.25,19.0,644.5,0.02948021722265322,0.09968968192397207,0.0395655546935609,-0.014352211016291699,38.0,20900.0,21499.5,51339,51592,21563.5,2025-03-24
A3_k1_spike_split,1,2025-03-24 14:45:00+00:00,2025-03-24 14:45:00+00:00,21556.25,20899.5,2025-03-24 14:49:00+00:00,target,38.5,20.5,656.75,0.03121431290445375,0.058622002283974115,0.04035020936429387,-0.004567948229920061,41.0,20900.0,21539.0,51339,51598,21577.25,2025-03-24
A3_k1_spike_split,1,2025-03-24 15:15:00+00:00,2025-03-24 15:15:00+00:00,21583.5,20899.5,2025-03-24 16:00:00+00:00,time,26.25,-4.25,684.0,-0.0062134502923976605,0.03837719298245614,0.017178362573099414,-0.04312865497076023,-8.5,20900.0,21554.0,51339,51603,21596.0,2025-03-24
A3_k1_spike_split,-1,2025-03-25 13:30:00+00:00,2025-03-25 13:30:00+00:00,21626.25,21672.75,2025-03-25 13:32:00+00:00,be,33.625,-3.625,46.5,-0.07795698924731183,0.7231182795698925,0.3172043010752688,-0.43548387096774194,-7.25,21672.25,21660.0,51849,51857,21627.0,2025-03-25
A3_k1_spike_split,-1,2025-03-25 13:50:00+00:00,2025-03-25 13:50:00+00:00,21598.25,21672.75,2025-03-25 14:29:00+00:00,stop,-18.5,-75.25,74.5,-1.0100671140939597,-0.2483221476510067,0.12751677852348994,-1.0939597315436242,-150.5,21672.25,21654.0,51849,51863,21578.25,2025-03-25
A3_k1_spike_split,1,2025-03-25 15:00:00+00:00,2025-03-25 15:00:00+00:00,21701.5,21320.75,2025-03-25 15:03:00+00:00,target,76.0,14.0,380.75,0.036769533814839134,0.19960604070912671,0.048588312541037425,-0.00984898227183191,28.0,21321.25,21640.25,51471,51871,21716.0,2025-03-25
A3_k1_spike_split,1,2025-03-25 15:15:00+00:00,2025-03-25 15:15:00+00:00,21705.75,21320.75,2025-03-25 16:00:00+00:00,time,-18.0,-38.75,385.0,-0.10064935064935066,-0.046753246753246755,0.015584415584415584,-0.12597402597402596,-77.5,21321.25,21686.0,51471,51878,21721.5,2025-03-25
A3_k1_spike_split,-1,2025-03-26 13:30:00+00:00,2025-03-26 13:30:00+00:00,21664.0,21762.25,2025-03-26 13:32:00+00:00,be,89.25,-5.125,98.25,-0.05216284987277354,0.9083969465648855,0.07124681933842239,-0.22137404580152673,-10.25,21761.75,21755.0,51983,51986,21668.0,2025-03-26
A3_k1_spike_split,1,2025-03-26 13:40:00+00:00,2025-03-26 13:40:00+00:00,21683.25,21516.5,2025-03-26 14:16:00+00:00,stop,-121.0,-167.5,166.75,-1.0044977511244377,-0.7256371814092953,0.08545727136431784,-1.0,-335.0,21517.0,21637.75,51801,52137,21711.5,2025-03-26
A3_k1_spike_split,-1,2025-03-26 14:45:00+00:00,2025-03-26 14:45:00+00:00,21504.0,21762.25,2025-03-26 15:52:00+00:00,target,70.5,52.5,258.25,0.20329138431752178,0.27299128751210067,0.29235237173281703,-0.1606969990319458,105.0,21761.75,21521.25,51983,52150,21451.0,2025-03-26
A3_k1_spike_split,-1,2025-03-27 13:30:00+00:00,2025-03-27 13:30:00+00:00,21253.5,21762.25,2025-03-27 13:32:00+00:00,be,291.0,-12.0,508.75,-0.023587223587223587,0.571990171990172,0.05749385749385749,-0.08108108108108109,-24.0,21761.75,21545.5,51983,52159,21256.0,2025-03-27
A3_k1_spike_split,-1,2025-03-27 13:50:00+00:00,2025-03-27 13:50:00+00:00,21240.5,21762.25,2025-03-27 16:00:00+00:00,time,22.0,-33.25,521.75,-0.0637278390033541,0.04216578821274557,0.02922855773838045,-0.3517010062290369,-66.5,21761.75,21294.75,51983,52413,21162.75,2025-03-27
A3_k1_spike_split,-1,2025-03-28 13:30:00+00:00,2025-03-28 13:30:00+00:00,21135.75,21424.5,2025-03-28 13:33:00+00:00,target,307.125,61.375,288.75,0.21255411255411255,1.0636363636363637,0.23809523809523808,-0.02683982683982684,122.75,21424.0,21380.75,52430,52447,21077.0,2025-03-28
A3_k1_spike_split,-1,2025-03-28 13:50:00+00:00,2025-03-28 13:50:00+00:00,21133.75,21424.5,2025-03-28 14:00:00+00:00,target,102.0,68.75,290.75,0.236457437661221,0.35081685296646603,0.3207222699914015,-0.049011177987962166,137.5,21424.0,21166.25,52430,52691,21064.5,2025-03-28
A3_k1_spike_split,-1,2025-03-28 14:45:00+00:00,2025-03-28 14:45:00+00:00,20870.5,21424.5,2025-03-28 14:56:00+00:00,target,292.75,58.5,554.0,0.1055956678700361,0.5284296028880866,0.12364620938628158,-0.0013537906137184115,117.0,21424.0,21104.0,52430,52695,20811.5,2025-03-28
A3_k1_spike_split,-1,2025-03-28 15:20:00+00:00,2025-03-28 15:20:00+00:00,20812.75,21424.5,2025-03-28 15:57:00+00:00,target,67.75,32.5,611.75,0.05312627707396812,0.11074785451573355,0.07723743359215365,-0.07274213322435635,65.0,21424.0,20847.25,52430,52709,20779.75,2025-03-28
A3_k1_spike_split,-1,2025-03-31 13:30:00+00:00,2025-03-31 13:30:00+00:00,20391.5,21234.25,2025-03-31 13:31:00+00:00,target,462.625,6.875,842.75,0.008157816671610798,0.5489469000296648,0.04242064669237615,-0.030554731533669534,13.75,21233.75,20857.25,52603,52714,20416.25,2025-03-31
A3_k1_spike_split,-1,2025-03-31 14:15:00+00:00,2025-03-31 14:15:00+00:00,20381.25,21234.25,2025-03-31 16:00:00+00:00,time,-53.25,-65.75,853.0,-0.07708089097303635,-0.06242672919109027,0.11781946072684643,-0.12368112543962485,-131.5,21233.75,20392.75,52603,52972,20201.75,2025-03-31
A3_k1_spike_split,1,2025-04-01 13:30:00+00:00,2025-04-01 13:30:00+00:00,20605.75,20201.25,2025-04-01 13:34:00+00:00,be,237.0,17.875,404.5,0.044190358467243514,0.5859085290482077,0.1291718170580964,-0.08220024721878863,35.75,20201.75,20387.5,52968,52989,20642.75,2025-04-01
A3_k1_spike_split,1,2025-04-01 13:45:00+00:00,2025-04-01 13:45:00+00:00,20625.75,20201.25,2025-04-01 13:47:00+00:00,target,96.625,33.375,424.5,0.07862190812720848,0.22762073027090696,0.08657243816254417,-0.024734982332155476,66.75,20201.75,20563.25,52968,53242,20658.0,2025-04-01
A3_k1_spike_split,1,2025-04-01 14:30:00+00:00,2025-04-01 14:30:00+00:00,20558.75,20201.25,2025-04-01 14:59:00+00:00,target,225.875,152.625,357.5,0.4269230769230769,0.6318181818181818,0.5202797202797202,-0.016783216783216783,305.25,20201.75,20486.25,52968,53251,20687.25,2025-04-01
A3_k1_spike_split,-1,2025-04-02 13:30:00+00:00,2025-04-02 13:30:00+00:00,20552.75,20918.75,2025-04-02 15:25:00+00:00,stop,-11.0,-366.75,366.0,-1.0020491803278688,-0.030054644808743168,0.029371584699453553,-1.0170765027322404,-733.5,20918.25,20907.5,53333,53336,20486.25,2025-04-02
A3_k1_spike_split,-1,2025-04-03 13:30:00+00:00,2025-04-03 13:30:00+00:00,20148.5,21270.75,2025-04-03 14:46:00+00:00,target,1153.625,99.125,1122.25,0.08832702160837604,1.0279572287814658,0.10113611049231455,-0.1341055914457563,198.25,21270.25,21202.25,53598,53600,20055.25,2025-04-03
A3_k1_spike_split,-1,2025-04-03 15:25:00+00:00,2025-04-03 15:25:00+00:00,20055.75,21270.75,2025-04-03 16:00:00+00:00,time,-32.0,-54.75,1215.0,-0.04506172839506173,-0.02633744855967078,0.012757201646090535,-0.08497942386831275,-109.5,21270.25,20077.5,53598,53814,19945.25,2025-04-03
A3_k1_spike_split,-1,2025-04-04 13:30:00+00:00,2025-04-04 13:30:00+00:00,19377.75,20402.25,2025-04-04 13:42:00+00:00,target,944.625,108.375,1024.5,0.10578330893118594,0.9220351390922401,0.13958028306490972,-0.09370424597364568,216.75,20401.75,20213.25,53739,53829,19283.5,2025-04-04
A3_k1_spike_split,-1,2025-04-04 14:05:00+00:00,2025-04-04 14:05:00+00:00,19373.25,20402.25,2025-04-04 14:12:00+00:00,target,201.0,111.75,1029.0,0.10860058309037901,0.19533527696793002,0.16593780369290573,-0.029640427599611274,223.5,20401.75,19461.75,53739,54074,19292.0,2025-04-04
A3_k1_spike_split,-1,2025-04-04 14:30:00+00:00,2025-04-04 14:30:00+00:00,19140.75,20402.25,2025-04-04 14:45:00+00:00,target,251.5,95.75,1261.5,0.07590170432025367,0.1993658343242172,0.07986523979389616,-0.04181529924692826,191.5,20401.75,19295.75,53739,54079,19044.5,2025-04-04
A3_k1_spike_split,-1,2025-04-04 15:10:00+00:00,2025-04-04 15:10:00+00:00,19195.5,20402.25,2025-04-04 16:00:00+00:00,time,188.25,87.25,1206.75,0.07230163662730474,0.1559975139838409,0.10524135073544645,-0.14626061736067952,174.5,20401.75,19295.5,53739,54087,18880.25,2025-04-04
A3_k1_spike_split,-1,2025-04-07 13:30:00+00:00,2025-04-07 13:30:00+00:00,18152.75,19938.75,2025-04-07 13:31:00+00:00,target,1048.125,16.75,1786.0,0.009378499440089587,0.5868561030235162,0.02379619260918253,-0.02715565509518477,33.5,19938.25,19245.25,53908,54097,18211.75,2025-04-07
A3_k1_spike_split,1,2025-04-07 13:30:00+00:00,2025-04-07 13:50:00+00:00,18211.75,17677.0,2025-04-07 13:58:00+00:00,target,239.875,239.125,534.75,0.4471715755025713,0.4485741000467508,0.501168770453483,-0.15194015895278168,478.25,17677.5,18211.75,54173,54336,18445.5,2025-04-07
A3_k1_spike_split,-1,2025-04-07 14:10:00+00:00,2025-04-07 14:10:00+00:00,18486.25,19938.75,2025-04-07 16:00:00+00:00,time,-29.75,-128.5,1452.5,-0.08846815834767642,-0.020481927710843374,0.07607573149741824,-0.7566265060240964,-257.0,19938.25,18584.0,53908,54351,17898.5,2025-04-07
A3_k1_spike_split,1,2025-04-08 13:30:00+00:00,2025-04-08 13:30:00+00:00,19374.25,17677.0,2025-04-08 13:32:00+00:00,be,967.25,-9.5,1697.25,-0.005597289733392252,0.5698924731182796,0.02179997054058035,-0.022978347326557666,-19.0,17677.5,18405.25,54173,54368,19370.25,2025-04-08
A3_k1_spike_split,-1,2025-04-08 13:40:00+00:00,2025-04-08 13:40:00+00:00,19326.75,19585.75,2025-04-08 16:00:00+00:00,time,148.5,47.25,259.0,0.18243243243243243,0.5733590733590733,0.5762548262548263,-0.9864864864864865,94.5,19585.25,19427.0,54354,54621,19151.0,2025-04-08
A3_k1_spike_split,-1,2025-04-09 13:30:00+00:00,2025-04-09 13:30:00+00:00,18432.5,19360.25,2025-04-09 16:00:00+00:00,time,754.0,-113.25,927.75,-0.12206952303961197,0.8127189436809485,0.012126111560226353,-0.42010239827539747,-226.5,19359.75,19298.75,54647,54652,18396.0,2025-04-09
A3_k1_spike_split,-1,2025-04-10 13:30:00+00:00,2025-04-10 13:30:00+00:00,20015.75,20613.5,2025-04-10 13:32:00+00:00,be,585.875,-8.75,597.75,-0.014638226683396068,0.9801338352153911,0.08197406942701799,-0.08741112505227938,-17.5,20613.0,20609.5,54974,54999,20032.0,2025-04-10
A3_k1_spike_split,1,2025-04-10 13:50:00+00:00,2025-04-10 13:50:00+00:00,20033.25,17959.5,2025-04-10 16:00:00+00:00,time,-401.0,-531.0,2073.75,-0.2560578661844485,-0.1933694996986136,0.020253164556962026,-0.26582278481012656,-1062.0,17960.0,19904.25,54802,55175,20127.5,2025-04-10
A3_k1_spike_split,-1,2025-04-11 13:30:00+00:00,2025-04-11 13:30:00+00:00,19639.75,20610.0,2025-04-11 13:34:00+00:00,be,349.25,28.625,970.25,0.02950270548827622,0.35995877351198147,0.06312805977840763,-0.06699304303014687,57.25,20609.5,19959.5,54999,55368,19581.25,2025-04-11
A3_k1_spike_split,1,2025-04-11 13:40:00+00:00,2025-04-11 13:40:00+00:00,19732.5,19296.25,2025-04-11 14:00:00+00:00,be,172.25,17.375,436.25,0.03982808022922636,0.39484240687679084,0.32206303724928365,-0.230945558739255,34.75,19296.75,19578.5,55296,55449,19768.5,2025-04-11
A3_k1_spike_split,1,2025-04-11 14:10:00+00:00,2025-04-11 14:10:00+00:00,19812.25,19296.25,2025-04-11 16:00:00+00:00,time,136.5,-19.5,516.0,-0.0377906976744186,0.26453488372093026,0.04748062015503876,-0.6148255813953488,-39.0,19296.75,19657.25,55296,55455,19873.0,2025-04-11
A3_k1_spike_split,1,2025-04-14 13:30:00+00:00,2025-04-14 13:30:00+00:00,20458.0,19296.25,2025-04-14 13:31:00+00:00,target,722.0,19.5,1161.75,0.016785022595222725,0.6214762212179901,0.019152141166343877,-0.032063697008822896,39.0,19296.75,19756.25,55296,55484,20478.0,2025-04-14
A3_k1_spike_split,1,2025-04-14 13:55:00+00:00,2025-04-14 13:55:00+00:00,20320.75,19296.25,2025-04-14 16:00:00+00:00,time,-157.75,-267.5,1024.5,-0.26110297706198143,-0.15397755002440214,0.0949243533430942,-0.285261102977062,-535.0,19296.75,20212.0,55296,55728,20480.75,2025-04-14
A3_k1_spike_split,-1,2025-04-15 13:30:00+00:00,2025-04-15 13:30:00+00:00,20211.75,20481.25,2025-04-15 14:21:00+00:00,be,127.25,17.875,269.5,0.0663265306122449,0.47217068645640076,0.22634508348794063,-0.5862708719851577,35.75,20480.75,20320.25,55724,55793,20174.75,2025-04-15
A3_k1_spike_split,1,2025-04-15 14:30:00+00:00,2025-04-15 14:30:00+00:00,20193.25,19963.0,2025-04-15 16:00:00+00:00,time,124.5,81.0,230.25,0.3517915309446254,0.5407166123778502,0.5255157437567861,-0.006514657980456026,162.0,19963.5,20150.75,55757,56011,20369.75,2025-04-15
A3_k1_spike_split,-1,2025-04-16 13:30:00+00:00,2025-04-16 13:30:00+00:00,19809.5,20370.25,2025-04-16 14:00:00+00:00,target,577.75,70.75,560.75,0.12617030762371823,1.0303165403477486,0.13330361123495318,-0.16852429781542577,141.5,20369.75,20315.75,56009,56036,19739.5,2025-04-16
A3_k1_spike_split,-1,2025-04-16 14:20:00+00:00,2025-04-16 14:20:00+00:00,19783.75,20370.25,2025-04-16 16:00:00+00:00,time,19.25,-30.0,586.5,-0.05115089514066496,0.032821824381926684,0.020460358056265986,-0.3009377664109122,-60.0,20369.75,19832.0,56009,56285,19734.75,2025-04-16
A3_k1_spike_split,-1,2025-04-17 13:30:00+00:00,2025-04-17 13:30:00+00:00,19723.25,20086.5,2025-04-17 13:31:00+00:00,target,272.125,34.375,363.25,0.09463179628355127,0.7491397109428768,0.17618719889883,-0.030970406056434963,68.75,20086.0,19960.25,56219,56300,19695.25,2025-04-17
A3_k1_spike_split,-1,2025-04-17 13:50:00+00:00,2025-04-17 13:50:00+00:00,19667.5,20086.5,2025-04-17 14:27:00+00:00,target,98.5,81.0,419.0,0.19331742243436753,0.2350835322195704,0.28102625298329353,-0.1581145584725537,162.0,20086.0,19684.25,56219,56555,19601.0,2025-04-17
A3_k1_spike_split,1,2025-04-17 14:45:00+00:00,2025-04-17 14:45:00+00:00,19573.75,19340.75,2025-04-17 16:00:00+00:00,time,78.75,-9.75,233.0,-0.04184549356223176,0.33798283261802575,0.40879828326180256,-0.24678111587982832,-19.5,19341.25,19486.25,56348,56566,19733.75,2025-04-17
A3_k1_spike_split,-1,2025-04-21 13:30:00+00:00,2025-04-21 13:30:00+00:00,19353.5,19877.5,2025-04-21 13:37:00+00:00,target,444.125,45.875,524.0,0.08754770992366412,0.8475667938931297,0.129293893129771,-0.07108778625954199,91.75,19877.0,19751.0,56478,56612,19315.0,2025-04-21
A3_k1_spike_split,-1,2025-04-21 13:45:00+00:00,2025-04-21 13:45:00+00:00,19308.0,19877.5,2025-04-21 13:47:00+00:00,target,105.25,21.75,569.5,0.038191395961369626,0.18481123792800702,0.05926251097453907,-0.02019315188762072,43.5,19877.0,19390.75,56478,56829,19285.75,2025-04-21
A3_k1_spike_split,-1,2025-04-21 14:25:00+00:00,2025-04-21 14:25:00+00:00,19141.0,19877.5,2025-04-21 15:14:00+00:00,target,79.25,17.75,736.5,0.024100475220638153,0.10760353021045485,0.054989816700611,-0.09775967413441955,35.5,19877.0,19201.75,56478,56838,19122.75,2025-04-21
A3_k1_spike_split,-1,2025-04-21 15:20:00+00:00,2025-04-21 15:20:00+00:00,19140.0,19877.5,2025-04-21 15:23:00+00:00,target,72.75,39.0,737.5,0.05288135593220339,0.09864406779661017,0.059661016949152545,-0.009152542372881356,78.0,19877.0,19173.0,56478,56849,19100.5,2025-04-21
A3_k1_spike_split,-1,2025-04-22 13:30:00+00:00,2025-04-22 13:30:00+00:00,19377.0,19599.5,2025-04-22 15:09:00+00:00,stop,-203.5,-223.25,222.5,-1.003370786516854,-0.9146067415730337,0.23258426966292134,-1.002247191011236,-446.5,19599.0,19395.75,56675,57027,19289.5,2025-04-22
A3_k1_spike_split,1,2025-04-23 13:30:00+00:00,2025-04-23 13:30:00+00:00,20174.25,19088.25,2025-04-23 13:31:00+00:00,target,762.0,22.5,1086.0,0.020718232044198894,0.7016574585635359,0.03130755064456722,-0.011049723756906077,45.0,19088.75,19435.5,56924,57157,20197.25,2025-04-23
A3_k1_spike_split,1,2025-04-23 13:45:00+00:00,2025-04-23 13:45:00+00:00,20261.0,19088.25,2025-04-23 13:51:00+00:00,target,196.25,76.5,1172.75,0.06523129396717117,0.16734171818375612,0.070347473886165,-0.01577488808356427,153.0,19088.75,20142.0,56924,57382,20338.0,2025-04-23
A3_k1_spike_split,1,2025-04-23 14:10:00+00:00,2025-04-23 14:10:00+00:00,20289.0,19088.25,2025-04-23 14:33:00+00:00,target,159.25,80.5,1200.75,0.06704143243805954,0.13262544243181346,0.06995627732667083,-0.07620237351655215,161.0,19088.75,20211.0,56924,57387,20370.0,2025-04-23
A3_k1_spike_split,1,2025-04-23 14:50:00+00:00,2025-04-23 14:50:00+00:00,20329.5,19088.25,2025-04-23 16:00:00+00:00,time,-208.0,-228.5,1241.25,-0.18408862034239679,-0.1675730110775428,0.0030211480362537764,-0.24672708962739173,-457.0,19088.75,20310.0,56924,57395,20390.75,2025-04-23
A3_k1_spike_split,-1,2025-04-24 13:30:00+00:00,2025-04-24 13:30:00+00:00,20100.25,20391.25,2025-04-24 14:36:00+00:00,stop,-199.75,-291.75,291.0,-1.0025773195876289,-0.686426116838488,0.09879725085910653,-1.0171821305841924,-583.5,20390.75,20191.25,57394,57428,20048.25,2025-04-24
A3_k1_spike_split,1,2025-04-24 14:55:00+00:00,2025-04-24 14:55:00+00:00,20355.75,19952.5,2025-04-24 15:11:00+00:00,target,93.5,49.5,403.25,0.12275263484190949,0.23186608803471792,0.18102913825170489,-0.026038437693738377,99.0,19953.0,20312.5,57634,57672,20405.75,2025-04-24
A3_k1_spike_split,-1,2025-04-25 13:30:00+00:00,2025-04-25 13:30:00+00:00,20527.0,20676.75,2025-04-25 16:00:00+00:00,time,68.75,-62.25,149.75,-0.41569282136894825,0.4590984974958264,0.4507512520868113,-0.6928213689482471,-124.5,20676.25,20657.0,57872,57877,20440.25,2025-04-25
A3_k1_spike_split,-1,2025-04-28 13:30:00+00:00,2025-04-28 13:30:00+00:00,20773.0,20815.5,2025-04-28 13:33:00+00:00,target,46.625,25.875,42.5,0.6088235294117647,1.0970588235294119,1.0411764705882354,-0.6235294117647059,51.75,20815.0,20793.0,58018,58206,20756.25,2025-04-28
A3_k1_spike_split,-1,2025-04-28 13:40:00+00:00,2025-04-28 13:40:00+00:00,20719.5,20815.5,2025-04-28 13:44:00+00:00,stop,-15.75,-96.75,96.0,-1.0078125,-0.1640625,0.03125,-1.0885416666666667,-193.5,20815.0,20799.5,58018,58209,20694.75,2025-04-28
A3_k1_spike_split,1,2025-04-28 13:55:00+00:00,2025-04-28 13:55:00+00:00,20765.25,20439.75,2025-04-28 16:00:00+00:00,time,-135.25,-193.75,325.5,-0.5952380952380952,-0.41551459293394777,0.0038402457757296467,-0.7012288786482335,-387.5,20440.25,20707.75,57927,58210,20847.75,2025-04-28
A3_k1_spike_split,-1,2025-04-29 13:30:00+00:00,2025-04-29 13:30:00+00:00,20652.0,20857.0,2025-04-29 16:00:00+00:00,time,82.75,-112.5,205.0,-0.5487804878048781,0.4036585365853659,0.11219512195121951,-0.9182926829268293,-225.0,20856.5,20846.25,58352,58418,20604.25,2025-04-29
A3_k1_spike_split,-1,2025-04-30 13:30:00+00:00,2025-04-30 13:30:00+00:00,20526.0,20918.0,2025-04-30 13:37:00+00:00,target,454.0,69.0,392.0,0.1760204081632653,1.1581632653061225,0.22066326530612246,-0.008290816326530613,138.0,20917.5,20910.25,58547,58552,20456.5,2025-04-30
A3_k1_spike_split,-1,2025-04-30 14:40:00+00:00,2025-04-30 14:40:00+00:00,20530.75,20918.0,2025-04-30 16:00:00+00:00,time,-101.0,-137.5,387.25,-0.35506778566817304,-0.26081342801807617,0.0774693350548741,-0.3854099418979987,-275.0,20917.5,20566.25,58547,58773,20327.25,2025-04-30
A3_k1_spike_split,1,2025-05-01 13:30:00+00:00,2025-05-01 13:30:00+00:00,21196.75,20326.75,2025-05-01 14:40:00+00:00,target,699.0,63.5,870.0,0.07298850574712644,0.803448275862069,0.08419540229885057,-0.1307471264367816,127.0,20327.25,20562.0,58767,58805,21260.75,2025-05-01
A3_k1_spike_split,1,2025-05-01 15:25:00+00:00,2025-05-01 15:25:00+00:00,21306.25,20326.75,2025-05-01 16:00:00+00:00,time,-52.0,-120.5,979.5,-0.12302194997447677,-0.05308831036242981,0.01046452271567126,-0.15211842776927004,-241.0,20327.25,21238.75,58767,59052,21350.25,2025-05-01
A3_k1_spike_split,1,2025-05-02 13:30:00+00:00,2025-05-02 13:30:00+00:00,21316.5,20972.75,2025-05-02 14:10:00+00:00,target,387.25,49.5,343.75,0.144,1.1265454545454545,0.17527272727272727,-0.20945454545454545,99.0,20973.25,20979.5,59128,59153,21366.5,2025-05-02
A3_k1_spike_split,1,2025-05-02 14:40:00+00:00,2025-05-02 14:40:00+00:00,21391.5,20972.75,2025-05-02 15:15:00+00:00,target,69.75,14.0,418.75,0.03343283582089552,0.16656716417910447,0.05313432835820896,-0.1044776119402985,28.0,20973.25,21336.5,59128,59323,21406.0,2025-05-02
A3_k1_spike_split,-1,2025-05-05 13:30:00+00:00,2025-05-05 13:30:00+00:00,21235.0,21502.5,2025-05-05 13:32:00+00:00,be,234.375,4.0,267.5,0.014953271028037384,0.8761682242990654,0.06261682242990654,-0.08317757009345794,8.0,21502.0,21461.0,59374,59378,21218.75,2025-05-05
A3_k1_spike_split,1,2025-05-05 13:40:00+00:00,2025-05-05 13:40:00+00:00,21245.75,20972.75,2025-05-05 14:00:00+00:00,target,81.875,53.625,273.0,0.19642857142857142,0.2999084249084249,0.28205128205128205,-0.13003663003663005,107.25,20973.25,21218.25,59128,59589,21297.0,2025-05-05
A3_k1_spike_split,-1,2025-05-05 14:10:00+00:00,2025-05-05 14:10:00+00:00,21291.75,21502.5,2025-05-05 16:00:00+00:00,time,9.0,-36.25,210.75,-0.17200474495848161,0.042704626334519574,0.27402135231316727,-0.27283511269276395,-72.5,21502.0,21336.0,59374,59595,21233.25,2025-05-05
A3_k1_spike_split,-1,2025-05-06 13:30:00+00:00,2025-05-06 13:30:00+00:00,21020.5,21257.0,2025-05-06 13:31:00+00:00,target,212.75,0.75,236.5,0.003171247357293869,0.8995771670190275,0.06871035940803383,-0.1014799154334038,1.5,21256.5,21233.25,59704,59709,21020.75,2025-05-06
A3_k1_spike_split,-1,2025-05-06 13:45:00+00:00,2025-05-06 13:45:00+00:00,21072.0,21257.0,2025-05-06 13:51:00+00:00,target,85.5,67.25,185.0,0.3635135135135135,0.46216216216216216,0.4864864864864865,-0.07837837837837838,134.5,21256.5,21089.5,59704,59866,21004.25,2025-05-06
A3_k1_spike_split,-1,2025-05-06 14:40:00+00:00,2025-05-06 14:40:00+00:00,21138.0,21257.0,2025-05-06 16:00:00+00:00,time,27.25,16.0,119.0,0.13445378151260504,0.22899159663865545,0.23949579831932774,-0.33613445378151263,32.0,21256.5,21148.25,59704,59877,20963.25,2025-05-06
A3_k1_spike_split,-1,2025-05-07 13:30:00+00:00,2025-05-07 13:30:00+00:00,21124.5,21361.75,2025-05-07 13:32:00+00:00,be,218.0,8.0,237.25,0.03371970495258166,0.9188619599578504,0.14120126448893572,-0.08640674394099052,16.0,21361.25,21332.0,59956,59991,21104.0,2025-05-07
A3_k1_spike_split,-1,2025-05-07 13:40:00+00:00,2025-05-07 13:40:00+00:00,21110.75,21361.75,2025-05-07 13:50:00+00:00,be,45.125,9.25,251.0,0.036852589641434265,0.1797808764940239,0.11055776892430279,-0.20219123505976094,18.5,21361.25,21145.75,59956,60141,21091.0,2025-05-07
A3_k1_spike_split,-1,2025-05-07 13:55:00+00:00,2025-05-07 13:55:00+00:00,21129.0,21361.75,2025-05-07 15:07:00+00:00,target,107.125,73.875,232.75,0.3174006444683136,0.4602577873254565,0.4446831364124597,-0.31686358754027927,147.75,21361.25,21161.5,59956,60144,21083.0,2025-05-07
A3_k1_spike_split,-1,2025-05-08 13:30:00+00:00,2025-05-08 13:30:00+00:00,21387.25,21483.0,2025-05-08 13:32:00+00:00,target,82.75,14.75,95.75,0.15404699738903394,0.8642297650130548,0.4255874673629243,-0.1279373368146214,29.5,21482.5,21454.5,60386,60394,21383.25,2025-05-08
A3_k1_spike_split,1,2025-05-08 13:45:00+00:00,2025-05-08 13:45:00+00:00,21348.5,20903.0,2025-05-08 15:29:00+00:00,target,95.875,69.375,445.5,0.15572390572390574,0.21520763187429853,0.18462401795735128,-0.3265993265993266,138.75,20903.5,21322.75,60198,60418,21409.0,2025-05-08
A3_k1_spike_split,-1,2025-05-09 13:30:00+00:00,2025-05-09 13:30:00+00:00,21451.75,21563.0,2025-05-09 13:32:00+00:00,be,98.375,-12.125,111.25,-0.10898876404494381,0.8842696629213483,0.0,-0.2898876404494382,-24.25,21562.5,21556.25,60457,60488,21464.5,2025-05-09
A3_k1_spike_split,1,2025-05-09 13:35:00+00:00,2025-05-09 13:35:00+00:00,21485.75,21134.75,2025-05-09 16:00:00+00:00,time,-53.75,-91.5,351.0,-0.2606837606837607,-0.15313390313390313,0.05413105413105413,-0.5790598290598291,-183.0,21135.25,21449.0,60231,60692,21515.0,2025-05-09
A3_k1_spike_split,-1,2025-05-12 13:30:00+00:00,2025-05-12 13:30:00+00:00,22143.5,22217.0,2025-05-12 13:31:00+00:00,target,79.125,52.5,73.5,0.7142857142857143,1.0765306122448979,1.3299319727891157,-0.05102040816326531,105.0,22216.5,22189.75,60940,60956,22114.25,2025-05-12
A3_k1_spike_split,-1,2025-05-12 13:35:00+00:00,2025-05-12 13:35:00+00:00,22030.75,22217.0,2025-05-12 13:37:00+00:00,be,134.375,1.25,186.25,0.006711409395973154,0.7214765100671141,0.12751677852348994,-0.11140939597315436,2.5,22216.5,22163.0,60940,60968,22027.0,2025-05-12
A3_k1_spike_split,1,2025-05-12 13:50:00+00:00,2025-05-12 13:50:00+00:00,22023.0,21282.0,2025-05-12 16:00:00+00:00,time,19.0,-33.5,741.0,-0.04520917678812416,0.02564102564102564,0.07152496626180836,-0.145748987854251,-67.0,21282.5,21971.5,60706,60971,22163.0,2025-05-12
A3_k1_spike_split,-1,2025-05-13 13:30:00+00:00,2025-05-13 13:30:00+00:00,22229.0,22289.5,2025-05-13 13:31:00+00:00,target,36.625,24.375,60.5,0.40289256198347106,0.6053719008264463,0.5082644628099173,-0.0743801652892562,48.75,22289.0,22246.75,61233,61242,22218.5,2025-05-13
A3_k1_spike_split,1,2025-05-13 13:50:00+00:00,2025-05-13 13:50:00+00:00,22281.75,21728.0,2025-05-13 13:51:00+00:00,target,107.5,29.5,553.75,0.05327313769751693,0.19413092550790068,0.07313769751693003,-0.0004514672686230248,59.0,21728.5,22198.25,60836,61245,22305.5,2025-05-13
A3_k1_spike_split,1,2025-05-13 14:40:00+00:00,2025-05-13 14:40:00+00:00,22448.0,21728.0,2025-05-13 14:53:00+00:00,target,48.5,16.25,720.0,0.022569444444444444,0.06736111111111111,0.04236111111111111,-0.050694444444444445,32.5,21728.5,22416.5,60836,61257,22462.5,2025-05-13
A3_k1_spike_split,1,2025-05-13 15:05:00+00:00,2025-05-13 15:05:00+00:00,22474.0,21728.0,2025-05-13 15:12:00+00:00,target,71.75,8.5,746.0,0.011394101876675604,0.09617962466487935,0.020107238605898123,-0.024463806970509382,17.0,21728.5,22411.5,60836,61260,22483.0,2025-05-13
A3_k1_spike_split,1,2025-05-13 15:25:00+00:00,2025-05-13 15:25:00+00:00,22486.0,21728.0,2025-05-13 15:26:00+00:00,target,44.5,18.5,758.0,0.024406332453825858,0.05870712401055409,0.03990765171503958,-0.00032981530343007914,37.0,21728.5,22455.75,60836,61264,22500.0,2025-05-13
A3_k1_spike_split,1,2025-05-14 13:30:00+00:00,2025-05-14 13:30:00+00:00,22540.0,22042.75,2025-05-14 13:34:00+00:00,target,139.125,60.375,497.25,0.12141779788838612,0.27978883861236803,0.16189039718451484,-0.002011060834590246,120.75,22043.25,22462.0,61139,61468,22593.75,2025-05-14
A3_k1_spike_split,1,2025-05-14 13:45:00+00:00,2025-05-14 13:45:00+00:00,22567.0,22042.75,2025-05-14 16:00:00+00:00,time,64.5,32.5,524.25,0.061993323795898905,0.12303290414878398,0.09155937052932761,-0.13209346685741535,65.0,22043.25,22536.0,61139,61520,22629.75,2025-05-14
A3_k1_spike_split,-1,2025-05-15 13:30:00+00:00,2025-05-15 13:30:00+00:00,22527.5,22645.25,2025-05-15 13:53:00+00:00,be,129.75,17.375,117.75,0.1475583864118896,1.1019108280254777,0.4607218683651805,-0.31422505307855625,34.75,22644.75,22639.0,61557,61607,22491.5,2025-05-15
A3_k1_spike_split,1,2025-05-15 13:55:00+00:00,2025-05-15 13:55:00+00:00,22526.75,22416.75,2025-05-15 14:10:00+00:00,be,72.625,18.25,110.0,0.16590909090909092,0.6602272727272728,0.4113636363636364,-0.26136363636363635,36.5,22417.25,22473.25,61745,61800,22564.5,2025-05-15
A3_k1_spike_split,1,2025-05-15 14:20:00+00:00,2025-05-15 14:20:00+00:00,22543.0,22416.75,2025-05-15 15:04:00+00:00,target,79.625,33.875,126.25,0.26831683168316833,0.6306930693069307,0.3782178217821782,-0.48514851485148514,67.75,22417.25,22498.0,61745,61805,22572.0,2025-05-15
A3_k1_spike_split,-1,2025-05-16 13:30:00+00:00,2025-05-16 13:30:00+00:00,22692.25,22755.25,2025-05-16 14:35:00+00:00,target,109.125,66.375,63.0,1.0535714285714286,1.7321428571428572,1.4642857142857142,-0.047619047619047616,132.75,22754.75,22734.25,61843,61847,22649.0,2025-05-16
A3_k1_spike_split,1,2025-05-16 14:55:00+00:00,2025-05-16 14:55:00+00:00,22620.0,22416.75,2025-05-16 16:00:00+00:00,time,92.0,16.0,203.25,0.07872078720787208,0.45264452644526443,0.23739237392373924,-0.11685116851168512,32.0,22417.25,22545.0,61745,62088,22682.0,2025-05-16
A3_k1_spike_split,-1,2025-05-19 13:30:00+00:00,2025-05-19 13:30:00+00:00,22427.0,22738.5,2025-05-19 16:00:00+00:00,time,71.5,-232.5,311.5,-0.7463884430176565,0.22953451043338685,0.0016051364365971107,-0.8812199036918138,-465.0,22738.0,22730.0,62150,62156,22379.0,2025-05-19
A3_k1_spike_split,-1,2025-05-20 13:30:00+00:00,2025-05-20 13:30:00+00:00,22637.0,22787.75,2025-05-20 13:31:00+00:00,target,134.375,-9.125,150.75,-0.06053067993366501,0.8913764510779436,0.011608623548922056,-0.14925373134328357,-18.25,22787.25,22779.75,62465,62470,22648.25,2025-05-20
A3_k1_spike_split,1,2025-05-20 13:35:00+00:00,2025-05-20 13:35:00+00:00,22645.75,22336.75,2025-05-20 16:00:00+00:00,time,31.5,14.25,309.0,0.04611650485436893,0.10194174757281553,0.09870550161812297,-0.21601941747572814,28.5,22337.25,22629.5,62291,62624,22683.0,2025-05-20
A3_k1_spike_split,-1,2025-05-21 13:30:00+00:00,2025-05-21 13:30:00+00:00,22503.75,22787.75,2025-05-21 16:00:00+00:00,time,-41.0,-237.0,284.0,-0.8345070422535211,-0.1443661971830986,0.006161971830985915,-0.9040492957746479,-474.0,22787.25,22698.75,62465,62668,22454.5,2025-05-21
A3_k1_spike_split,-1,2025-05-22 13:30:00+00:00,2025-05-22 13:30:00+00:00,22395.75,22784.0,2025-05-22 16:00:00+00:00,time,56.25,-102.25,388.25,-0.2633612363168062,0.1448808757244044,0.1468126207340631,-0.41081777205408887,-204.5,22783.5,22553.25,62941,62950,22266.5,2025-05-22
A3_k1_spike_split,-1,2025-05-23 13:30:00+00:00,2025-05-23 13:30:00+00:00,22074.25,22563.25,2025-05-23 16:00:00+00:00,time,394.5,-87.25,489.0,-0.17842535787321062,0.8067484662576687,0.05674846625766871,-0.32719836400818,-174.5,22562.75,22555.0,63244,63248,21980.5,2025-05-23
A3_k1_spike_split,-1,2025-05-26 13:30:00+00:00,2025-05-26 13:30:00+00:00,22485.75,22515.5,2025-05-26 13:33:00+00:00,stop,-2.0,-30.5,29.75,-1.0252100840336134,-0.06722689075630252,0.06722689075630252,-1.4369747899159664,-61.0,22515.0,22513.25,63715,63717,22484.75,2025-05-26
A3_k1_spike_split,1,2025-05-26 13:45:00+00:00,2025-05-26 13:45:00+00:00,22528.0,21952.0,2025-05-26 16:00:00+00:00,time,24.0,-30.0,576.0,-0.052083333333333336,0.041666666666666664,0.003472222222222222,-0.1519097222222222,-60.0,21952.5,22475.0,63439,63728,22532.75,2025-05-26
A3_k1_spike_split,-1,2025-05-27 13:30:00+00:00,2025-05-27 13:30:00+00:00,22484.25,22585.5,2025-05-27 13:31:00+00:00,target,100.375,6.125,101.25,0.06049382716049383,0.991358024691358,0.2074074074074074,-0.24938271604938272,12.25,22585.0,22577.75,63889,63912,22479.25,2025-05-27
A3_k1_spike_split,1,2025-05-27 13:45:00+00:00,2025-05-27 13:45:00+00:00,22467.75,22366.5,2025-05-27 14:09:00+00:00,target,140.75,90.5,101.25,0.8938271604938272,1.3901234567901235,1.0814814814814815,-0.05185185185185185,181.0,22367.0,22418.25,63840,63958,22541.0,2025-05-27
A3_k1_spike_split,1,2025-05-27 14:45:00+00:00,2025-05-27 14:45:00+00:00,22596.25,22366.5,2025-05-27 14:48:00+00:00,target,29.5,15.25,229.75,0.06637649619151251,0.12840043525571274,0.09793253536452666,-0.01632208922742111,30.5,22367.0,22582.75,63840,63970,22612.0,2025-05-27
A3_k1_spike_split,1,2025-05-27 15:05:00+00:00,2025-05-27 15:05:00+00:00,22593.5,22366.5,2025-05-27 15:28:00+00:00,target,45.75,24.75,227.0,0.10903083700440529,0.20154185022026433,0.13876651982378854,-0.053964757709251104,49.5,22367.0,22573.25,63840,63974,22618.75,2025-05-27
A3_k1_spike_split,-1,2025-05-28 13:30:00+00:00,2025-05-28 13:30:00+00:00,22729.5,22763.25,2025-05-28 13:39:00+00:00,stop,-18.5,-34.5,33.75,-1.0222222222222221,-0.5481481481481482,0.4222222222222222,-1.5925925925925926,-69.0,22762.75,22744.5,64224,64229,22709.5,2025-05-28
A3_k1_spike_split,1,2025-05-28 14:05:00+00:00,2025-05-28 14:05:00+00:00,22703.5,22366.5,2025-05-28 16:00:00+00:00,time,-14.25,-42.25,337.0,-0.12537091988130564,-0.04228486646884273,0.020029673590504452,-0.15504451038575667,-84.5,22367.0,22676.5,63840,64238,22789.75,2025-05-28
A3_k1_spike_split,-1,2025-05-29 13:30:00+00:00,2025-05-29 13:30:00+00:00,22899.0,23084.25,2025-05-29 13:31:00+00:00,target,174.875,29.625,185.25,0.15991902834008098,0.9439946018893387,0.33468286099865047,-0.02834008097165992,59.25,23083.75,23043.5,64443,64464,22873.5,2025-05-29
A3_k1_spike_split,1,2025-05-29 14:00:00+00:00,2025-05-29 14:00:00+00:00,22743.0,22544.5,2025-05-29 16:00:00+00:00,time,-137.0,-170.5,198.5,-0.8589420654911839,-0.690176322418136,0.08060453400503778,-1.093198992443325,-341.0,22545.0,22710.5,64315,64513,22918.0,2025-05-29
A3_k1_spike_split,-1,2025-05-30 13:30:00+00:00,2025-05-30 13:30:00+00:00,22607.5,23084.25,2025-05-30 13:50:00+00:00,target,215.0,86.5,476.75,0.18143681174619822,0.4509701101206083,0.26009438909281596,-0.0173046670162559,173.0,23083.75,22735.25,64443,64532,22543.0,2025-05-30
A3_k1_spike_split,1,2025-05-30 14:00:00+00:00,2025-05-30 14:00:00+00:00,22484.0,22450.5,2025-05-30 16:00:00+00:00,time,122.75,97.625,33.5,2.9141791044776117,3.6641791044776117,4.1940298507462686,-0.08208955223880597,195.25,22451.0,22459.75,64769,64789,22615.75,2025-05-30
A3_k1_spike_split,-1,2025-06-02 13:30:00+00:00,2025-06-02 13:30:00+00:00,22512.75,22658.75,2025-06-02 13:38:00+00:00,stop,-50.0,-146.75,146.0,-1.00513698630137,-0.3424657534246575,0.00684931506849315,-1.1181506849315068,-293.5,22658.25,22608.5,64862,64867,22485.25,2025-06-02
A3_k1_spike_split,1,2025-06-02 14:10:00+00:00,2025-06-02 14:10:00+00:00,22543.0,22296.0,2025-06-02 16:00:00+00:00,time,199.75,115.25,247.0,0.4665991902834008,0.8087044534412956,0.5131578947368421,-0.1508097165991903,230.5,22296.5,22459.5,64825,65067,22683.0,2025-06-02
A3_k1_spike_split,-1,2025-06-03 13:30:00+00:00,2025-06-03 13:30:00+00:00,22771.0,22802.25,2025-06-03 13:30:00+00:00,stop,-15.75,-32.0,31.25,-1.024,-0.504,0.0,-1.584,-64.0,22801.75,22786.25,65142,65147,22757.25,2025-06-03
A3_k1_spike_split,1,2025-06-03 13:45:00+00:00,2025-06-03 13:45:00+00:00,22788.75,22387.5,2025-06-03 13:48:00+00:00,target,86.0,31.5,401.25,0.07850467289719626,0.21433021806853583,0.08847352024922119,-0.013707165109034268,63.0,22388.0,22735.0,64988,65338,22820.75,2025-06-03
A3_k1_spike_split,1,2025-06-03 14:10:00+00:00,2025-06-03 14:10:00+00:00,22816.0,22387.5,2025-06-03 14:51:00+00:00,target,92.75,47.25,428.5,0.1102683780630105,0.2164527421236873,0.12602100350058343,-0.039673278879813305,94.5,22388.0,22771.25,64988,65341,22863.75,2025-06-03
A3_k1_spike_split,1,2025-06-03 15:15:00+00:00,2025-06-03 15:15:00+00:00,22888.25,22387.5,2025-06-03 15:20:00+00:00,target,25.25,13.5,500.75,0.02695956065901148,0.050424363454817774,0.04393409885172242,-0.01547678482276585,27.0,22388.0,22877.25,64988,65356,22902.25,2025-06-03
A3_k1_spike_split,1,2025-06-04 13:30:00+00:00,2025-06-04 13:30:00+00:00,22951.25,22622.75,2025-06-04 13:36:00+00:00,target,133.5,41.5,328.5,0.1263318112633181,0.4063926940639269,0.15449010654490106,-0.0289193302891933,83.0,22623.25,22860.0,65274,65393,22993.25,2025-06-04
A3_k1_spike_split,1,2025-06-04 14:00:00+00:00,2025-06-04 14:01:00+00:00,22955.75,22622.75,2025-06-04 16:00:00+00:00,time,23.5,22.5,333.0,0.06756756756756757,0.07057057057057058,0.16216216216216217,-0.2695195195195195,45.0,22623.25,22955.75,65274,65617,23018.5,2025-06-04
A3_k1_spike_split,1,2025-06-05 13:30:00+00:00,2025-06-05 13:30:00+00:00,23037.5,22865.5,2025-06-05 15:17:00+00:00,target,193.25,86.0,172.0,0.5,1.123546511627907,0.5247093023255814,-0.7020348837209303,172.0,22866.0,22931.0,65620,65645,23124.0,2025-06-05
A3_k1_spike_split,-1,2025-06-06 13:30:00+00:00,2025-06-06 13:30:00+00:00,23022.25,23161.75,2025-06-06 15:25:00+00:00,be,99.25,24.875,139.5,0.17831541218637992,0.7114695340501792,0.44086021505376344,-0.5232974910394266,49.75,23161.25,23095.75,65918,65924,22971.25,2025-06-06
A3_k1_spike_split,-1,2025-06-09 13:30:00+00:00,2025-06-09 13:30:00+00:00,23022.75,23105.5,2025-06-09 13:31:00+00:00,target,57.875,2.625,82.75,0.03172205438066465,0.6993957703927492,0.2175226586102719,-0.2084592145015106,5.25,23105.0,23077.25,66225,66230,23020.0,2025-06-09
A3_k1_spike_split,-1,2025-06-09 13:40:00+00:00,2025-06-09 13:40:00+00:00,22985.5,23105.5,2025-06-09 14:32:00+00:00,stop,-65.25,-120.75,120.0,-1.00625,-0.54375,0.025,-1.1,-241.5,23105.0,23040.0,66225,66441,22975.0,2025-06-09
A3_k1_spike_split,1,2025-06-09 15:05:00+00:00,2025-06-09 15:05:00+00:00,23079.5,22695.5,2025-06-09 16:00:00+00:00,time,9.25,-16.0,384.0,-0.041666666666666664,0.024088541666666668,0.037760416666666664,-0.107421875,-32.0,22696.0,23055.25,65979,66458,23117.5,2025-06-09
A3_k1_spike_split,-1,2025-06-10 13:30:00+00:00,2025-06-10 13:30:00+00:00,23061.25,23199.0,2025-06-10 13:32:00+00:00,be,126.875,-5.75,137.75,-0.041742286751361164,0.9210526315789473,0.0852994555353902,-0.2159709618874773,-11.5,23198.5,23191.0,66578,66582,23067.5,2025-06-10
A3_k1_spike_split,1,2025-06-10 13:40:00+00:00,2025-06-10 13:40:00+00:00,23105.75,22941.0,2025-06-10 16:00:00+00:00,time,56.75,-7.0,164.75,-0.042488619119878605,0.34446130500758726,0.07587253414264036,-0.8361153262518968,-14.0,22941.5,23043.0,66309,66717,23155.75,2025-06-10
A3_k1_spike_split,-1,2025-06-11 13:30:00+00:00,2025-06-11 13:30:00+00:00,23241.75,23319.5,2025-06-11 13:31:00+00:00,target,31.875,6.5,77.75,0.08360128617363344,0.409967845659164,0.5627009646302251,-0.10289389067524116,13.0,23319.0,23268.25,66983,66987,23243.0,2025-06-11
A3_k1_spike_split,1,2025-06-11 13:45:00+00:00,2025-06-11 13:45:00+00:00,23197.75,22956.5,2025-06-11 14:26:00+00:00,target,74.875,61.375,241.25,0.2544041450777202,0.31036269430051816,0.2694300518134715,-0.23937823834196892,122.75,22957.0,23185.0,66648,66994,23257.75,2025-06-11
A3_k1_spike_split,1,2025-06-11 14:40:00+00:00,2025-06-11 14:40:00+00:00,23265.75,22956.5,2025-06-11 16:00:00+00:00,time,-28.0,-46.75,309.25,-0.15117219078415522,-0.09054163298302344,0.08407437348423606,-0.20937752627324172,-93.5,22957.0,23248.0,66648,67005,23319.0,2025-06-11
A3_k1_spike_split,-1,2025-06-12 13:30:00+00:00,2025-06-12 13:30:00+00:00,23054.0,23319.5,2025-06-12 16:00:00+00:00,time,105.5,-94.0,265.5,-0.3540489642184557,0.3973634651600753,0.04896421845574388,-0.559322033898305,-188.0,23319.0,23252.5,66983,67018,23046.0,2025-06-12
A3_k1_spike_split,-1,2025-06-13 13:30:00+00:00,2025-06-13 13:30:00+00:00,22904.75,23203.0,2025-06-13 14:36:00+00:00,be,315.875,26.25,298.25,0.08801341156747695,1.059094719195306,0.20871751886001677,-0.3906119027661358,52.5,23202.5,23193.5,67287,67307,22851.0,2025-06-13
A3_k1_spike_split,-1,2025-06-13 14:50:00+00:00,2025-06-13 14:50:00+00:00,22919.25,23203.0,2025-06-13 16:00:00+00:00,time,-86.0,-139.5,283.75,-0.49162995594713654,-0.3030837004405286,0.028193832599118944,-0.5233480176211454,-279.0,23202.5,22971.75,67287,67559,22842.5,2025-06-13
A3_k1_spike_split,-1,2025-06-16 13:30:00+00:00,2025-06-16 13:30:00+00:00,23018.25,23115.0,2025-06-16 13:49:00+00:00,stop,-34.0,-97.5,96.75,-1.0077519379844961,-0.35142118863049093,0.0103359173126615,-1.0310077519379846,-195.0,23114.5,23080.75,67374,67578,23034.25,2025-06-16
A3_k1_spike_split,1,2025-06-16 14:10:00+00:00,2025-06-16 14:10:00+00:00,23149.5,22695.0,2025-06-16 14:12:00+00:00,target,116.75,31.0,454.5,0.06820682068206821,0.2568756875687569,0.07755775577557755,-0.00605060506050605,62.0,22695.5,23064.5,67415,67824,23181.0,2025-06-16
A3_k1_spike_split,1,2025-06-16 14:45:00+00:00,2025-06-16 14:45:00+00:00,23199.0,22695.0,2025-06-16 15:15:00+00:00,target,62.25,7.0,504.0,0.013888888888888888,0.12351190476190477,0.029265873015873016,-0.05357142857142857,14.0,22695.5,23144.5,67415,67828,23206.5,2025-06-16
A3_k1_spike_split,-1,2025-06-17 13:30:00+00:00,2025-06-17 13:30:00+00:00,23064.25,23207.75,2025-06-17 13:47:00+00:00,be,142.0,12.875,143.5,0.0897212543554007,0.9895470383275261,0.25609756097560976,-0.32926829268292684,25.75,23207.25,23192.5,67869,67873,23037.25,2025-06-17
A3_k1_spike_split,-1,2025-06-17 13:50:00+00:00,2025-06-17 13:50:00+00:00,23057.75,23207.75,2025-06-17 16:00:00+00:00,time,-4.5,-40.75,150.0,-0.27166666666666667,-0.03,0.075,-0.5,-81.5,23207.25,23093.0,67869,68099,22996.0,2025-06-17
A3_k1_spike_split,-1,2025-06-18 13:30:00+00:00,2025-06-18 13:30:00+00:00,22992.0,23175.5,2025-06-18 13:31:00+00:00,target,136.75,10.0,183.5,0.05449591280653951,0.7452316076294278,0.16893732970027248,-0.01907356948228883,20.0,23175.0,23126.0,67911,68134,22996.0,2025-06-18
A3_k1_spike_split,1,2025-06-18 13:40:00+00:00,2025-06-18 13:40:00+00:00,22962.75,22864.0,2025-06-18 13:52:00+00:00,target,90.875,53.625,98.75,0.5430379746835443,0.920253164556962,0.5924050632911393,-0.05063291139240506,107.25,22864.5,22926.25,68199,68373,23014.0,2025-06-18
A3_k1_spike_split,-1,2025-06-18 14:00:00+00:00,2025-06-18 14:00:00+00:00,23000.75,23175.5,2025-06-18 16:00:00+00:00,time,-12.75,-38.5,174.75,-0.22031473533619456,-0.07296137339055794,0.11731044349070101,-0.5593705293276109,-77.0,23175.0,23025.5,67911,68377,22926.25,2025-06-18
A3_k1_spike_split,-1,2025-06-19 13:30:00+00:00,2025-06-19 13:30:00+00:00,22783.5,23083.25,2025-06-19 13:38:00+00:00,target,328.25,46.0,299.75,0.15346121768140117,1.0950792326939116,0.2043369474562135,-0.010008340283569641,92.0,23082.75,23065.0,68427,68435,22737.0,2025-06-19
A3_k1_spike_split,-1,2025-06-19 14:05:00+00:00,2025-06-19 14:05:00+00:00,22693.75,23083.25,2025-06-19 16:00:00+00:00,time,23.25,13.0,389.5,0.03337612323491656,0.05969191270860077,0.044929396662387676,-0.12066752246469833,26.0,23082.75,22703.0,68427,68654,22650.0,2025-06-19
A3_k1_spike_split,1,2025-06-20 13:35:00+00:00,2025-06-20 13:35:00+00:00,23089.5,22675.75,2025-06-20 13:36:00+00:00,target,412.0,12.75,413.75,0.03081570996978852,0.9957703927492447,0.05981873111782477,-0.013293051359516616,25.5,22676.25,22691.0,68678,68690,23102.75,2025-06-20
A3_k1_spike_split,1,2025-06-20 13:50:00+00:00,2025-06-20 13:50:00+00:00,23065.75,22675.75,2025-06-20 16:00:00+00:00,time,-191.5,-218.5,390.0,-0.5602564102564103,-0.491025641025641,0.00641025641025641,-0.7442307692307693,-437.0,22676.25,23039.75,68678,68877,23130.5,2025-06-20
A3_k1_spike_split,-1,2025-06-23 13:30:00+00:00,2025-06-23 13:30:00+00:00,22868.75,23131.0,2025-06-23 13:31:00+00:00,target,99.5,26.75,262.25,0.10200190657769304,0.3794089609151573,0.21544327931363202,-0.009532888465204958,53.5,23130.5,22944.5,68879,69089,22855.25,2025-06-23
A3_k1_spike_split,1,2025-06-23 13:40:00+00:00,2025-06-23 13:40:00+00:00,22868.0,22561.25,2025-06-23 13:54:00+00:00,target,148.875,38.375,306.75,0.12510187449062754,0.48533007334963324,0.189079054604727,-0.08964955175224124,76.75,22561.75,22758.25,68967,69153,22889.25,2025-06-23
A3_k1_spike_split,-1,2025-06-23 14:15:00+00:00,2025-06-23 14:15:00+00:00,22980.75,23131.0,2025-06-23 16:00:00+00:00,time,56.5,41.5,150.25,0.2762063227953411,0.37603993344425957,0.389351081530782,-0.24625623960066556,83.0,23130.5,22994.75,68879,69160,22758.25,2025-06-23
A3_k1_spike_split,-1,2025-06-24 13:30:00+00:00,2025-06-24 13:30:00+00:00,23285.5,23383.5,2025-06-24 13:32:00+00:00,be,86.875,-5.75,98.0,-0.058673469387755105,0.8864795918367347,0.17091836734693877,-0.29846938775510207,-11.5,23383.0,23368.5,69352,69354,23278.25,2025-06-24
A3_k1_spike_split,1,2025-06-24 13:40:00+00:00,2025-06-24 13:40:00+00:00,23301.25,22561.25,2025-06-24 13:50:00+00:00,be,52.25,9.875,740.0,0.013344594594594595,0.07060810810810811,0.042905405405405404,-0.007770270270270271,19.75,22561.75,23259.75,68967,69429,23322.25,2025-06-24
A3_k1_spike_split,-1,2025-06-24 13:55:00+00:00,2025-06-24 13:55:00+00:00,23296.75,23383.5,2025-06-24 15:46:00+00:00,stop,-50.25,-87.5,86.75,-1.0086455331412103,-0.579250720461095,0.36023054755043227,-1.0144092219020173,-175.0,23383.0,23333.0,69352,69432,23259.75,2025-06-24
A3_k1_spike_split,1,2025-06-25 13:30:00+00:00,2025-06-25 13:30:00+00:00,23499.25,23193.25,2025-06-25 13:31:00+00:00,target,165.0,17.5,306.0,0.05718954248366013,0.5392156862745098,0.10049019607843138,-0.03022875816993464,35.0,23193.75,23346.5,69276,69451,23511.25,2025-06-25
A3_k1_spike_split,1,2025-06-25 13:50:00+00:00,2025-06-25 13:50:00+00:00,23514.25,23193.25,2025-06-25 16:00:00+00:00,time,-45.25,-70.5,321.0,-0.21962616822429906,-0.1409657320872274,0.061526479750778816,-0.26635514018691586,-141.0,23193.75,23490.0,69276,69705,23548.0,2025-06-25
A3_k1_spike_split,-1,2025-06-26 13:30:00+00:00,2025-06-26 13:30:00+00:00,23552.25,23585.25,2025-06-26 13:33:00+00:00,target,58.125,27.625,33.0,0.8371212121212122,1.7613636363636365,1.0757575757575757,-0.42424242424242425,55.25,23584.75,23582.0,69964,69969,23528.5,2025-06-26
A3_k1_spike_split,-1,2025-06-26 13:40:00+00:00,2025-06-26 13:40:00+00:00,23515.0,23585.25,2025-06-26 13:48:00+00:00,target,72.625,20.625,70.25,0.29359430604982206,1.0338078291814947,0.44483985765124556,-0.26334519572953735,41.25,23584.75,23566.25,69964,69981,23494.75,2025-06-26
A3_k1_spike_split,-1,2025-06-26 13:55:00+00:00,2025-06-26 13:55:00+00:00,23509.75,23585.25,2025-06-26 14:31:00+00:00,stop,-51.5,-76.25,75.5,-1.009933774834437,-0.6821192052980133,0.039735099337748346,-1.1821192052980132,-152.5,23584.75,23533.5,69964,69984,23469.0,2025-06-26
A3_k1_spike_split,-1,2025-06-26 14:55:00+00:00,2025-06-26 14:55:00+00:00,23576.0,23599.5,2025-06-26 15:16:00+00:00,stop,-20.0,-24.25,23.5,-1.0319148936170213,-0.851063829787234,0.43617021276595747,-1.2659574468085106,-48.5,23599.0,23579.25,69993,69996,23556.75,2025-06-26
A3_k1_spike_split,-1,2025-06-27 13:30:00+00:00,2025-06-27 13:30:00+00:00,23706.75,23787.75,2025-06-27 13:32:00+00:00,be,68.875,0.75,81.0,0.009259259259259259,0.8503086419753086,0.30864197530864196,-0.2654320987654321,1.5,23787.25,23773.25,70239,70244,23702.5,2025-06-27
A3_k1_spike_split,1,2025-06-27 13:40:00+00:00,2025-06-27 13:40:00+00:00,23737.5,23437.25,2025-06-27 14:00:00+00:00,target,98.75,42.25,300.25,0.14071606994171523,0.3288925895087427,0.1823480432972523,-0.0791007493755204,84.5,23437.75,23681.75,69808,70257,23773.25,2025-06-27
A3_k1_spike_split,1,2025-06-27 14:20:00+00:00,2025-06-27 14:20:00+00:00,23794.5,23437.25,2025-06-27 16:00:00+00:00,time,21.75,13.5,357.25,0.03778866340097971,0.06088173547935619,0.07067879636109167,-0.1364590622813156,27.0,23437.75,23787.25,69808,70265,23823.5,2025-06-27
A3_k1_spike_split,-1,2025-06-30 13:30:00+00:00,2025-06-30 13:30:00+00:00,23871.75,23906.0,2025-06-30 13:31:00+00:00,target,46.5,20.25,34.25,0.5912408759124088,1.3576642335766422,0.7153284671532847,-0.10218978102189781,40.5,23905.5,23897.25,70512,70517,23852.75,2025-06-30
A3_k1_spike_split,1,2025-06-30 14:00:00+00:00,2025-06-30 14:00:00+00:00,23826.5,23726.75,2025-06-30 16:00:00+00:00,time,48.5,15.75,99.75,0.15789473684210525,0.48621553884711777,0.3233082706766917,-0.2556390977443609,31.5,23727.25,23794.75,70344,70537,23889.75,2025-06-30
A3_k1_spike_split,-1,2025-07-01 13:30:00+00:00,2025-07-01 13:30:00+00:00,23802.5,23934.25,2025-07-01 13:45:00+00:00,be,118.375,5.25,131.75,0.03984819734345351,0.8984819734345351,0.174573055028463,-0.14041745730550284,10.5,23933.75,23914.75,70610,70669,23790.75,2025-07-01
A3_k1_spike_split,1,2025-07-01 13:50:00+00:00,2025-07-01 13:50:00+00:00,23819.25,23755.25,2025-07-01 13:52:00+00:00,be,47.25,6.625,64.0,0.103515625,0.73828125,0.2421875,-0.08203125,13.25,23755.75,23779.5,70796,70811,23833.75,2025-07-01
A3_k1_spike_split,-1,2025-07-01 14:00:00+00:00,2025-07-01 14:00:00+00:00,23788.25,23934.25,2025-07-01 14:23:00+00:00,be,51.125,2.75,146.0,0.018835616438356163,0.3501712328767123,0.0976027397260274,-0.386986301369863,5.5,23933.75,23834.75,70610,70813,23779.5,2025-07-01
A3_k1_spike_split,-1,2025-07-01 14:25:00+00:00,2025-07-01 14:25:00+00:00,23788.25,23934.25,2025-07-01 14:28:00+00:00,target,81.5,24.25,146.0,0.1660958904109589,0.5582191780821918,0.273972602739726,-0.0547945205479452,48.5,23933.75,23844.75,70610,70818,23771.25,2025-07-01
A3_k1_spike_split,-1,2025-07-01 15:20:00+00:00,2025-07-01 15:20:00+00:00,23642.0,23934.25,2025-07-01 16:00:00+00:00,time,58.25,-18.0,292.25,-0.06159110350727117,0.19931565440547477,0.08982035928143713,-0.1804961505560308,-36.0,23933.75,23717.25,70610,70828,23593.5,2025-07-01
A3_k1_spike_split,-1,2025-07-02 13:30:00+00:00,2025-07-02 13:30:00+00:00,23653.75,23915.25,2025-07-02 16:00:00+00:00,time,-40.75,-168.75,261.5,-0.6453154875717018,-0.15583173996175909,0.0124282982791587,-0.7409177820267686,-337.5,23914.75,23780.75,70669,70982,23632.75,2025-07-02
A3_k1_spike_split,1,2025-07-03 13:30:00+00:00,2025-07-03 13:30:00+00:00,23932.0,23584.0,2025-07-03 13:31:00+00:00,target,138.75,36.5,348.0,0.10488505747126436,0.39870689655172414,0.15445402298850575,-0.007183908045977011,73.0,23584.5,23798.75,71075,71108,23937.25,2025-07-03
A3_k1_spike_split,1,2025-07-03 13:50:00+00:00,2025-07-03 13:50:00+00:00,23967.75,23584.0,2025-07-03 13:51:00+00:00,target,55.0,17.5,383.75,0.04560260586319218,0.14332247557003258,0.08013029315960912,-0.018241042345276872,35.0,23584.5,23931.0,71075,71363,23985.75,2025-07-03
A3_k1_spike_split,1,2025-07-03 14:30:00+00:00,2025-07-03 14:30:00+00:00,24060.0,23584.0,2025-07-03 15:25:00+00:00,target,33.25,9.75,476.0,0.020483193277310924,0.06985294117647059,0.04044117647058824,-0.05357142857142857,19.5,23584.5,24037.25,71075,71370,24070.25,2025-07-03
A3_k1_spike_split,-1,2025-07-04 13:30:00+00:00,2025-07-04 13:30:00+00:00,23917.0,24101.5,2025-07-04 13:33:00+00:00,be,182.625,4.125,184.5,0.022357723577235773,0.9898373983739838,0.06097560975609756,-0.036585365853658534,8.25,24101.0,24094.25,71387,71392,23906.75,2025-07-04
A3_k1_spike_split,-1,2025-07-04 13:40:00+00:00,2025-07-04 13:40:00+00:00,23896.5,24101.5,2025-07-04 16:00:00+00:00,time,-9.5,-37.75,205.0,-0.18414634146341463,-0.046341463414634146,0.02926829268292683,-0.24024390243902438,-75.5,24101.0,23923.75,71387,71592,23881.0,2025-07-04
A3_k1_spike_split,-1,2025-07-07 13:30:00+00:00,2025-07-07 13:30:00+00:00,23942.75,24062.5,2025-07-07 13:34:00+00:00,target,114.5,29.5,119.75,0.24634655532359082,0.9561586638830898,0.3569937369519833,-0.27139874739039666,59.0,24062.0,24027.0,71413,71634,23917.0,2025-07-07
A3_k1_spike_split,-1,2025-07-07 13:40:00+00:00,2025-07-07 13:40:00+00:00,23922.5,24062.5,2025-07-07 14:53:00+00:00,target,77.625,24.125,140.0,0.17232142857142857,0.5544642857142857,0.24642857142857144,-0.39464285714285713,48.25,24062.0,23975.25,71413,71820,23900.0,2025-07-07
A3_k1_spike_split,-1,2025-07-07 15:00:00+00:00,2025-07-07 15:00:00+00:00,23894.25,24062.5,2025-07-07 16:00:00+00:00,time,5.5,-35.0,168.25,-0.20802377414561665,0.03268945022288262,0.03714710252600297,-0.2971768202080238,-70.0,24062.0,23933.75,71413,71836,23881.0,2025-07-07
A3_k1_spike_split,-1,2025-07-08 13:30:00+00:00,2025-07-08 13:30:00+00:00,23934.5,24027.5,2025-07-08 13:34:00+00:00,target,62.0,24.0,93.0,0.25806451612903225,0.6666666666666666,0.4032258064516129,-0.09946236559139784,48.0,24027.0,23971.75,71634,72029,23914.25,2025-07-08
A3_k1_spike_split,-1,2025-07-08 13:50:00+00:00,2025-07-08 13:50:00+00:00,23907.0,24027.5,2025-07-08 13:59:00+00:00,target,34.5,19.5,120.5,0.16182572614107885,0.2863070539419087,0.22614107883817428,-0.14730290456431536,39.0,24027.0,23921.25,71634,72098,23888.75,2025-07-08
A3_k1_spike_split,-1,2025-07-08 14:05:00+00:00,2025-07-08 14:05:00+00:00,23895.5,24027.5,2025-07-08 14:25:00+00:00,target,69.375,39.375,132.0,0.29829545454545453,0.5255681818181818,0.32386363636363635,-0.015151515151515152,78.75,24027.0,23924.75,71634,72101,23856.0,2025-07-08
A3_k1_spike_split,1,2025-07-08 14:35:00+00:00,2025-07-08 14:35:00+00:00,23922.75,23808.75,2025-07-08 14:42:00+00:00,be,75.0,0.375,114.0,0.003289473684210526,0.6578947368421053,0.17324561403508773,-0.05482456140350877,0.75,23809.25,23849.0,71914,72107,23924.75,2025-07-08
A3_k1_spike_split,-1,2025-07-08 14:50:00+00:00,2025-07-08 14:50:00+00:00,23899.0,24027.5,2025-07-08 14:55:00+00:00,target,97.25,53.0,128.5,0.41245136186770426,0.7568093385214008,0.45136186770428016,-0.09727626459143969,106.0,24027.0,23942.5,71634,72110,23849.0,2025-07-08
A3_k1_spike_split,1,2025-07-08 15:05:00+00:00,2025-07-08 15:05:00+00:00,23897.5,23808.75,2025-07-08 16:00:00+00:00,time,65.0,7.25,88.75,0.08169014084507042,0.7323943661971831,0.19436619718309858,-0.48450704225352115,14.5,23809.25,23840.75,71914,72113,23942.5,2025-07-08
A3_k1_spike_split,1,2025-07-09 13:30:00+00:00,2025-07-09 13:30:00+00:00,23978.5,23808.75,2025-07-09 13:31:00+00:00,target,129.0,24.75,169.75,0.14580265095729014,0.759941089837997,0.21502209131075112,-0.005891016200294551,49.5,23809.25,23843.0,71914,72283,23971.75,2025-07-09
A3_k1_spike_split,1,2025-07-09 14:10:00+00:00,2025-07-09 14:10:00+00:00,24090.5,23808.75,2025-07-09 16:00:00+00:00,time,-125.75,-143.0,281.75,-0.5075421472937001,-0.44631765749778174,0.055013309671694766,-0.616681455190772,-286.0,23809.25,24074.25,71914,72377,24111.0,2025-07-09
A3_k1_spike_split,-1,2025-07-10 13:30:00+00:00,2025-07-10 13:30:00+00:00,24071.75,24111.5,2025-07-10 13:33:00+00:00,target,38.5,33.25,39.75,0.8364779874213837,0.9685534591194969,1.1635220125786163,-0.44654088050314467,66.5,24111.0,24076.25,72378,72628,24040.5,2025-07-10
A3_k1_spike_split,-1,2025-07-10 13:40:00+00:00,2025-07-10 13:40:00+00:00,24035.0,24111.5,2025-07-10 13:48:00+00:00,target,73.0,17.75,76.5,0.23202614379084968,0.954248366013072,0.4215686274509804,-0.05228758169934641,35.5,24111.0,24089.5,72378,72648,24021.75,2025-07-10
A3_k1_spike_split,1,2025-07-10 14:15:00+00:00,2025-07-10 14:15:00+00:00,23942.0,23842.5,2025-07-10 16:00:00+00:00,time,123.75,81.5,99.5,0.8190954773869347,1.243718592964824,0.8341708542713567,-0.33668341708542715,163.0,23843.0,23900.75,72283,72655,24089.5,2025-07-10
A3_k1_spike_split,-1,2025-07-11 13:30:00+00:00,2025-07-11 13:30:00+00:00,23914.75,24090.0,2025-07-11 13:39:00+00:00,target,165.25,29.5,175.25,0.16833095577746077,0.9429386590584878,0.2282453637660485,-0.24679029957203993,59.0,24089.5,24049.75,72648,72706,23888.25,2025-07-11
A3_k1_spike_split,-1,2025-07-11 13:40:00+00:00,2025-07-11 13:40:00+00:00,23893.0,24090.0,2025-07-11 16:00:00+00:00,time,-18.0,-84.0,197.0,-0.4263959390862944,-0.09137055837563451,0.15355329949238578,-0.5926395939086294,-168.0,24089.5,23958.0,72648,72924,23858.75,2025-07-11
A3_k1_spike_split,-1,2025-07-14 13:30:00+00:00,2025-07-14 13:30:00+00:00,23942.25,24049.0,2025-07-14 13:42:00+00:00,target,138.625,58.625,106.75,0.5491803278688525,1.2985948477751756,0.6229508196721312,-0.34192037470725994,117.25,24048.5,24021.5,72761,72967,23887.5,2025-07-14
A3_k1_spike_split,1,2025-07-14 13:55:00+00:00,2025-07-14 13:55:00+00:00,23931.25,23801.5,2025-07-14 14:21:00+00:00,target,137.375,47.625,129.75,0.3670520231213873,1.058766859344894,0.43545279383429675,-0.22736030828516376,95.25,23802.0,23842.25,73014,73203,23978.75,2025-07-14
A3_k1_spike_split,-1,2025-07-14 14:30:00+00:00,2025-07-14 14:30:00+00:00,23938.0,24049.0,2025-07-14 16:00:00+00:00,time,-20.25,-71.0,111.0,-0.6396396396396397,-0.18243243243243243,0.14189189189189189,-0.7612612612612613,-142.0,24048.5,23987.75,72761,73210,23909.75,2025-07-14
A3_k1_spike_split,1,2025-07-15 13:30:00+00:00,2025-07-15 13:30:00+00:00,24200.25,23801.5,2025-07-15 16:00:00+00:00,time,169.0,-43.75,398.75,-0.109717868338558,0.42382445141065833,0.05579937304075235,-0.26332288401253917,-87.5,23802.0,23988.5,73014,73225,24219.25,2025-07-15
A3_k1_spike_split,-1,2025-07-16 13:30:00+00:00,2025-07-16 13:30:00+00:00,24074.0,24223.0,2025-07-16 13:31:00+00:00,target,120.125,12.625,149.0,0.08473154362416108,0.8062080536912751,0.2181208053691275,-0.10570469798657718,25.25,24222.5,24180.75,73476,73503,24062.75,2025-07-16
A3_k1_spike_split,-1,2025-07-16 13:40:00+00:00,2025-07-16 13:40:00+00:00,24042.5,24223.0,2025-07-16 13:50:00+00:00,target,87.875,39.875,180.5,0.22091412742382271,0.4868421052631579,0.38365650969529086,-0.004155124653739612,79.75,24222.5,24089.75,73476,73752,24009.5,2025-07-16
A3_k1_spike_split,-1,2025-07-16 14:20:00+00:00,2025-07-16 14:20:00+00:00,23992.75,24223.0,2025-07-16 15:18:00+00:00,be,33.625,21.75,230.25,0.09446254071661238,0.1460369163952226,0.22258414766558088,-0.2258414766558089,43.5,24222.5,24003.75,73476,73760,23948.0,2025-07-16
A3_k1_spike_split,1,2025-07-17 13:30:00+00:00,2025-07-17 13:30:00+00:00,24100.25,23835.0,2025-07-17 13:55:00+00:00,target,245.0,57.25,265.25,0.21583411875589067,0.9236569274269557,0.21866163996229973,-0.13100848256361922,114.5,23835.5,23913.25,73777,73780,24158.0,2025-07-17
A3_k1_spike_split,1,2025-07-17 14:30:00+00:00,2025-07-17 14:30:00+00:00,24154.25,23835.0,2025-07-17 14:34:00+00:00,target,61.0,20.25,319.25,0.06342991386061081,0.19107282693813626,0.0759592795614722,-0.02427564604541895,40.5,23835.5,24114.25,73777,74038,24175.0,2025-07-17
A3_k1_spike_split,1,2025-07-17 15:15:00+00:00,2025-07-17 15:15:00+00:00,24236.25,23835.0,2025-07-17 15:41:00+00:00,target,63.25,7.25,401.25,0.01806853582554517,0.1576323987538941,0.02866043613707165,-0.05109034267912772,14.5,23835.5,24181.0,73777,74045,24244.0,2025-07-17
A3_k1_spike_split,-1,2025-07-18 13:30:00+00:00,2025-07-18 13:30:00+00:00,24292.75,24309.75,2025-07-18 13:34:00+00:00,stop,-16.75,-17.75,17.0,-1.0441176470588236,-0.9852941176470589,1.4411764705882353,-1.0,-35.5,24309.25,24292.75,74218,74224,24257.75,2025-07-18
A3_k1_spike_split,1,2025-07-18 13:45:00+00:00,2025-07-18 13:45:00+00:00,24267.75,24065.0,2025-07-18 16:00:00+00:00,time,-9.25,-21.0,202.75,-0.10357583230579531,-0.04562268803945746,0.1467324290998767,-0.4315659679408138,-42.0,24065.5,24257.0,74028,74305,24320.25,2025-07-18
A3_k1_spike_split,-1,2025-07-21 13:30:00+00:00,2025-07-21 13:30:00+00:00,24255.75,24320.75,2025-07-21 13:36:00+00:00,stop,-11.75,-65.75,65.0,-1.0115384615384615,-0.18076923076923077,0.015384615384615385,-1.0461538461538462,-131.5,24320.25,24308.75,74303,74516,24223.25,2025-07-21
A3_k1_spike_split,1,2025-07-21 14:30:00+00:00,2025-07-21 14:30:00+00:00,24416.5,24169.25,2025-07-21 16:00:00+00:00,time,6.25,-32.0,247.25,-0.12942366026289182,0.025278058645096056,0.03134479271991911,-0.1789686552072801,-64.0,24169.75,24379.25,74346,74588,24424.75,2025-07-21
A3_k1_spike_split,-1,2025-07-22 13:30:00+00:00,2025-07-22 13:30:00+00:00,24345.5,24425.25,2025-07-22 13:31:00+00:00,target,101.5,26.5,79.75,0.3322884012539185,1.2727272727272727,0.6677115987460815,-0.050156739811912224,53.0,24424.75,24423.25,74590,74628,24324.25,2025-07-22
A3_k1_spike_split,-1,2025-07-22 13:40:00+00:00,2025-07-22 13:40:00+00:00,24304.75,24425.25,2025-07-22 13:41:00+00:00,target,72.5,27.0,120.5,0.22406639004149378,0.6016597510373444,0.27385892116182575,-0.008298755186721992,54.0,24424.75,24349.5,74590,74856,24278.75,2025-07-22
A3_k1_spike_split,-1,2025-07-22 14:25:00+00:00,2025-07-22 14:25:00+00:00,24163.0,24425.25,2025-07-22 16:00:00+00:00,time,-7.5,-44.25,262.25,-0.16873212583412775,-0.028598665395614873,0.020972354623450904,-0.27454718779790277,-88.5,24424.75,24198.75,74590,74865,24104.75,2025-07-22
A3_k1_spike_split,-1,2025-07-23 13:30:00+00:00,2025-07-23 13:30:00+00:00,24261.0,24368.0,2025-07-23 13:31:00+00:00,target,51.25,37.25,107.0,0.34813084112149534,0.47897196261682246,0.6098130841121495,-0.028037383177570093,74.5,24367.5,24283.0,74715,75078,24233.75,2025-07-23
A3_k1_spike_split,1,2025-07-23 13:40:00+00:00,2025-07-23 13:40:00+00:00,24224.25,24104.25,2025-07-23 15:54:00+00:00,target,94.875,52.625,120.0,0.43854166666666666,0.790625,0.5375,-0.6833333333333333,105.25,24104.75,24182.75,74862,75132,24273.5,2025-07-23
A3_k1_spike_split,-1,2025-07-24 13:30:00+00:00,2025-07-24 13:30:00+00:00,24373.5,24422.75,2025-07-24 13:35:00+00:00,be,55.625,13.25,49.25,0.26903553299492383,1.1294416243654823,0.6649746192893401,-0.5228426395939086,26.5,24422.25,24415.0,75263,75273,24345.75,2025-07-24
A3_k1_spike_split,-1,2025-07-24 13:40:00+00:00,2025-07-24 13:40:00+00:00,24346.75,24422.75,2025-07-24 14:36:00+00:00,be,62.875,9.5,76.0,0.125,0.8273026315789473,0.6381578947368421,-0.7072368421052632,19.0,24422.25,24399.25,75263,75408,24326.5,2025-07-24
A3_k1_spike_split,-1,2025-07-24 14:45:00+00:00,2025-07-24 14:45:00+00:00,24351.75,24422.75,2025-07-24 16:00:00+00:00,time,-26.0,-36.5,71.0,-0.5140845070422535,-0.36619718309859156,0.014084507042253521,-0.6830985915492958,-73.0,24422.25,24361.25,75263,75421,24321.25,2025-07-24
A3_k1_spike_split,-1,2025-07-25 13:30:00+00:00,2025-07-25 13:30:00+00:00,24360.0,24442.25,2025-07-25 13:32:00+00:00,be,80.75,2.625,82.25,0.031914893617021274,0.9817629179331308,0.19148936170212766,-0.11246200607902736,5.25,24441.75,24437.25,75561,75568,24353.5,2025-07-25
A3_k1_spike_split,-1,2025-07-25 13:45:00+00:00,2025-07-25 13:45:00+00:00,24361.0,24442.25,2025-07-25 16:00:00+00:00,time,-42.5,-60.75,81.25,-0.7476923076923077,-0.5230769230769231,0.0,-0.8307692307692308,-121.5,24441.75,24378.25,75561,75685,24330.0,2025-07-25
A3_k1_spike_split,-1,2025-07-28 13:30:00+00:00,2025-07-28 13:30:00+00:00,24472.5,24551.75,2025-07-28 13:32:00+00:00,be,75.75,-2.0,79.25,-0.025236593059936908,0.9558359621451105,0.12933753943217666,-0.334384858044164,-4.0,24551.25,24546.25,75893,75898,24469.0,2025-07-28
A3_k1_spike_split,1,2025-07-28 13:40:00+00:00,2025-07-28 13:40:00+00:00,24487.25,24329.5,2025-07-28 14:08:00+00:00,target,61.875,36.125,157.75,0.22900158478605387,0.39223454833597465,0.2551505546751189,-0.13629160063391443,72.25,24330.0,24462.25,75685,75960,24520.75,2025-07-28
A3_k1_spike_split,-1,2025-07-28 14:15:00+00:00,2025-07-28 14:15:00+00:00,24515.5,24551.75,2025-07-28 15:19:00+00:00,target,63.75,51.0,36.25,1.4068965517241379,1.7586206896551724,1.710344827586207,-0.2896551724137931,102.0,24551.25,24527.5,75893,75967,24465.75,2025-07-28
A3_k1_spike_split,1,2025-07-29 13:30:00+00:00,2025-07-29 13:30:00+00:00,24595.5,24436.25,2025-07-29 13:31:00+00:00,target,175.25,24.25,159.25,0.152276295133438,1.1004709576138147,0.20251177394034536,-0.018838304552590265,48.5,24436.75,24439.75,75982,76015,24614.75,2025-07-29
A3_k1_spike_split,1,2025-07-29 14:00:00+00:00,2025-07-29 14:00:00+00:00,24583.25,24436.25,2025-07-29 16:00:00+00:00,time,-52.25,-80.75,147.0,-0.5493197278911565,-0.3554421768707483,0.06292517006802721,-0.9897959183673469,-161.5,24436.75,24555.75,75982,76240,24652.0,2025-07-29
A3_k1_spike_split,-1,2025-07-30 13:30:00+00:00,2025-07-30 13:30:00+00:00,24486.75,24652.5,2025-07-30 13:31:00+00:00,target,57.625,20.5,165.75,0.12368024132730016,0.3476621417797888,0.15233785822021115,-0.02564102564102564,41.0,24652.0,24524.0,76237,76283,24470.5,2025-07-30
A3_k1_spike_split,1,2025-07-30 13:40:00+00:00,2025-07-30 13:40:00+00:00,24492.5,24421.25,2025-07-30 13:46:00+00:00,target,72.875,29.625,71.25,0.41578947368421054,1.0228070175438597,0.47368421052631576,-0.14035087719298245,59.25,24421.75,24450.0,76309,76512,24521.25,2025-07-30
A3_k1_spike_split,-1,2025-07-30 13:55:00+00:00,2025-07-30 13:55:00+00:00,24480.5,24652.5,2025-07-30 16:00:00+00:00,time,-3.0,-49.75,172.0,-0.28924418604651164,-0.01744186046511628,0.09883720930232558,-0.35174418604651164,-99.5,24652.0,24526.25,76237,76515,24450.0,2025-07-30
A3_k1_spike_split,-1,2025-07-31 13:30:00+00:00,2025-07-31 13:30:00+00:00,24747.25,24822.25,2025-07-31 13:31:00+00:00,target,47.125,47.75,75.0,0.6366666666666667,0.6283333333333333,1.1766666666666667,-0.06333333333333334,95.5,24821.75,24809.25,76732,76776,24772.25,2025-07-31
A3_k1_spike_split,1,2025-07-31 13:55:00+00:00,2025-07-31 13:55:00+00:00,24681.5,24354.25,2025-07-31 16:00:00+00:00,time,-24.25,-98.75,327.25,-0.3017570664629488,-0.07410236822001529,0.07104660045836517,-0.6050420168067226,-197.5,24354.75,24608.0,76578,76791,24804.5,2025-07-31
A3_k1_spike_split,-1,2025-08-01 13:30:00+00:00,2025-08-01 13:30:00+00:00,24087.75,24822.25,2025-08-01 13:32:00+00:00,target,586.0,56.25,734.5,0.07658270932607215,0.7978216473791695,0.08679373723621511,-0.010211027910142955,112.5,24821.75,24616.75,76732,76824,24031.0,2025-08-01
A3_k1_spike_split,-1,2025-08-01 14:00:00+00:00,2025-08-01 14:00:00+00:00,23879.25,24822.25,2025-08-01 14:01:00+00:00,target,237.75,52.0,943.0,0.05514316012725345,0.25212089077412514,0.0784729586426299,-0.0005302226935312832,104.0,24821.75,24095.25,76732,77064,23857.75,2025-08-01
A3_k1_spike_split,-1,2025-08-01 14:40:00+00:00,2025-08-01 14:40:00+00:00,23979.75,24822.25,2025-08-01 16:00:00+00:00,time,16.25,-27.25,842.5,-0.032344213649851634,0.019287833827893175,0.09940652818991098,-0.048071216617210685,-54.5,24821.75,24022.25,76732,77076,23799.0,2025-08-01
A3_k1_spike_split,1,2025-08-04 13:30:00+00:00,2025-08-04 13:30:00+00:00,24094.25,23787.5,2025-08-04 13:31:00+00:00,target,272.0,3.5,306.75,0.011409942950285249,0.8867155664221679,0.08149959250203749,-0.018744906275468622,7.0,23788.0,23821.75,77119,77155,24091.75,2025-08-04
A3_k1_spike_split,1,2025-08-04 13:35:00+00:00,2025-08-04 13:35:00+00:00,24129.5,23787.5,2025-08-04 13:42:00+00:00,target,95.25,41.75,342.0,0.12207602339181287,0.27850877192982454,0.14985380116959066,-0.007309941520467836,83.5,23788.0,24076.75,77119,77339,24167.0,2025-08-04
A3_k1_spike_split,-1,2025-08-04 14:10:00+00:00,2025-08-04 14:10:00+00:00,24228.75,24343.25,2025-08-04 16:00:00+00:00,time,10.0,-25.75,114.5,-0.22489082969432314,0.08733624454148471,0.3624454148471616,-0.33624454148471616,-51.5,24342.75,24263.5,76944,77346,24076.75,2025-08-04
A3_k1_spike_split,-1,2025-08-05 13:30:00+00:00,2025-08-05 13:30:00+00:00,24348.25,24404.5,2025-08-05 13:31:00+00:00,target,48.375,42.25,56.25,0.7511111111111111,0.86,0.8,-0.15555555555555556,84.5,24404.0,24381.25,77600,77607,24336.25,2025-08-05
A3_k1_spike_split,1,2025-08-05 13:40:00+00:00,2025-08-05 13:40:00+00:00,24351.75,23821.25,2025-08-05 13:45:00+00:00,target,67.25,18.0,530.5,0.033930254476908575,0.12676720075400566,0.05796418473138549,-0.01932139491046183,36.0,23821.75,24303.25,77155,77616,24368.75,2025-08-05
A3_k1_spike_split,-1,2025-08-05 13:55:00+00:00,2025-08-05 13:55:00+00:00,24389.25,24404.5,2025-08-05 14:22:00+00:00,target,103.5,95.0,15.25,6.229508196721311,6.786885245901639,7.278688524590164,-0.08196721311475409,190.0,24404.0,24397.0,77600,77619,24303.25,2025-08-05
A3_k1_spike_split,1,2025-08-05 15:00:00+00:00,2025-08-05 15:00:00+00:00,24181.25,23821.25,2025-08-05 16:00:00+00:00,time,17.5,-26.25,360.0,-0.07291666666666667,0.04861111111111111,0.10694444444444444,-0.18888888888888888,-52.5,23821.75,24138.5,77155,77632,24352.75,2025-08-05
A3_k1_spike_split,-1,2025-08-06 13:30:00+00:00,2025-08-06 13:30:00+00:00,24168.25,24404.5,2025-08-06 16:00:00+00:00,time,-115.75,-200.25,236.25,-0.8476190476190476,-0.48994708994708996,0.0835978835978836,-0.8761904761904762,-400.5,24404.0,24251.75,77600,77669,24145.5,2025-08-06
A3_k1_spike_split,-1,2025-08-07 13:30:00+00:00,2025-08-07 13:30:00+00:00,24600.5,24638.25,2025-08-07 13:31:00+00:00,target,30.625,10.75,37.75,0.2847682119205298,0.8112582781456954,0.4768211920529801,-0.39072847682119205,21.5,24637.75,24626.0,78138,78142,24598.5,2025-08-07
A3_k1_spike_split,1,2025-08-07 13:40:00+00:00,2025-08-07 13:40:00+00:00,24633.5,24063.75,2025-08-07 13:41:00+00:00,target,55.5,3.75,569.75,0.006581834137779728,0.09741114523913998,0.025010969723562967,-0.01184730144800351,7.5,24064.25,24582.5,77744,78168,24637.75,2025-08-07
A3_k1_spike_split,1,2025-08-07 13:55:00+00:00,2025-08-07 13:55:00+00:00,24617.5,24063.75,2025-08-07 13:56:00+00:00,target,78.75,29.75,553.75,0.053724604966139955,0.14221218961625282,0.062302483069977425,-0.02167042889390519,59.5,24064.25,24569.25,77744,78171,24647.75,2025-08-07
A3_k1_spike_split,1,2025-08-07 14:20:00+00:00,2025-08-07 14:20:00+00:00,24602.5,24063.75,2025-08-07 16:00:00+00:00,time,-82.25,-106.0,538.75,-0.19675174013921112,-0.15266821345707657,0.02088167053364269,-0.2334106728538283,-212.0,24064.25,24579.75,77744,78176,24671.0,2025-08-07
A3_k1_spike_split,-1,2025-08-08 13:30:00+00:00,2025-08-08 13:30:00+00:00,24541.25,24671.5,2025-08-08 14:10:00+00:00,stop,-88.25,-131.0,130.25,-1.0057581573896353,-0.6775431861804223,0.08829174664107485,-1.053742802303263,-262.0,24671.0,24583.0,78174,78289,24521.25,2025-08-08
A3_k1_spike_split,1,2025-08-08 14:25:00+00:00,2025-08-08 14:25:00+00:00,24664.25,24378.75,2025-08-08 14:27:00+00:00,target,52.75,13.75,285.5,0.04816112084063047,0.18476357267950963,0.07705779334500876,-0.03677758318739054,27.5,24379.25,24626.0,78239,78453,24678.5,2025-08-08
A3_k1_spike_split,-1,2025-08-08 14:50:00+00:00,2025-08-08 14:50:00+00:00,24684.5,24703.0,2025-08-08 15:38:00+00:00,target,52.0,36.0,18.5,1.945945945945946,2.810810810810811,3.4324324324324325,-0.06756756756756757,72.0,24702.5,24699.75,78456,78458,24670.0,2025-08-08
A3_k1_spike_split,-1,2025-08-11 13:30:00+00:00,2025-08-11 13:30:00+00:00,24715.25,24773.75,2025-08-11 13:32:00+00:00,target,66.5,16.25,58.5,0.2777777777777778,1.1367521367521367,0.4188034188034188,-0.2606837606837607,32.5,24773.25,24764.75,78597,78643,24706.0,2025-08-11
A3_k1_spike_split,-1,2025-08-11 13:40:00+00:00,2025-08-11 13:40:00+00:00,24711.5,24773.75,2025-08-11 16:00:00+00:00,time,-32.75,-52.75,62.25,-0.8473895582329317,-0.5261044176706827,0.11244979919678715,-0.8955823293172691,-105.5,24773.25,24730.5,78597,78720,24680.75,2025-08-11
A3_k1_spike_split,-1,2025-08-12 13:30:00+00:00,2025-08-12 13:30:00+00:00,24732.5,24822.5,2025-08-12 14:00:00+00:00,target,161.375,93.125,90.0,1.0347222222222223,1.7930555555555556,1.1944444444444444,-0.8416666666666667,186.25,24822.0,24800.0,78986,78989,24639.25,2025-08-12
A3_k1_spike_split,-1,2025-08-12 14:05:00+00:00,2025-08-12 14:05:00+00:00,24663.25,24822.5,2025-08-12 15:10:00+00:00,stop,-97.75,-160.0,159.25,-1.0047095761381475,-0.6138147566718996,0.03453689167974882,-1.0596546310832025,-320.0,24822.0,24724.5,78986,79001,24611.0,2025-08-12
A3_k1_spike_split,1,2025-08-13 13:30:00+00:00,2025-08-13 13:30:00+00:00,25044.5,24595.25,2025-08-13 13:31:00+00:00,target,215.5,-8.75,449.25,-0.019476905954368393,0.4796883695047301,0.018920422927100722,-0.035614913745130775,-17.5,24595.75,24821.0,78902,79020,25036.25,2025-08-13
A3_k1_spike_split,1,2025-08-13 13:45:00+00:00,2025-08-13 13:45:00+00:00,25045.25,24595.25,2025-08-13 16:00:00+00:00,time,-103.0,-120.75,450.0,-0.2683333333333333,-0.2288888888888889,0.034444444444444444,-0.34055555555555556,-241.5,24595.75,25028.5,78902,79272,25068.75,2025-08-13
A3_k1_spike_split,-1,2025-08-14 13:30:00+00:00,2025-08-14 13:30:00+00:00,24857.75,24965.25,2025-08-14 14:31:00+00:00,stop,-2.25,-108.25,107.5,-1.0069767441860464,-0.020930232558139535,0.1558139534883721,-1.113953488372093,-216.5,24964.75,24962.75,79533,79536,24816.25,2025-08-14
A3_k1_spike_split,1,2025-08-14 14:35:00+00:00,2025-08-14 14:35:00+00:00,24972.5,24792.5,2025-08-14 14:55:00+00:00,be,62.125,15.5,180.0,0.08611111111111111,0.3451388888888889,0.18194444444444444,-0.059722222222222225,31.0,24793.0,24926.75,79537,79559,25004.75,2025-08-14
A3_k1_spike_split,1,2025-08-14 15:05:00+00:00,2025-08-14 15:05:00+00:00,24948.0,24792.5,2025-08-14 16:00:00+00:00,time,-9.0,-17.5,155.5,-0.11254019292604502,-0.05787781350482315,0.04662379421221865,-0.5498392282958199,-35.0,24793.0,24940.5,79537,79565,25005.25,2025-08-14
A3_k1_spike_split,-1,2025-08-15 13:30:00+00:00,2025-08-15 13:30:00+00:00,24908.75,25005.75,2025-08-15 13:31:00+00:00,target,91.375,47.25,97.0,0.48711340206185566,0.9420103092783505,0.6082474226804123,-0.01804123711340206,94.5,25005.25,24979.5,79563,79595,24892.25,2025-08-15
A3_k1_spike_split,-1,2025-08-15 13:35:00+00:00,2025-08-15 13:35:00+00:00,24856.5,25005.75,2025-08-15 13:45:00+00:00,target,104.125,35.875,149.25,0.2403685092127303,0.6976549413735343,0.2931323283082077,-0.19597989949748743,71.75,25005.25,24924.0,79563,79823,24824.0,2025-08-15
A3_k1_spike_split,-1,2025-08-15 14:25:00+00:00,2025-08-15 14:25:00+00:00,24854.5,25005.75,2025-08-15 15:40:00+00:00,target,117.5,88.25,151.25,0.5834710743801653,0.7768595041322314,0.6264462809917355,-0.14710743801652892,176.5,25005.25,24883.0,79563,79833,24765.75,2025-08-15
A3_k1_spike_split,-1,2025-08-18 13:30:00+00:00,2025-08-18 13:30:00+00:00,24768.25,24954.5,2025-08-18 13:51:00+00:00,target,127.25,13.0,186.25,0.0697986577181208,0.6832214765100671,0.10469798657718121,-0.26711409395973157,26.0,24954.0,24881.75,79759,79961,24756.75,2025-08-18
A3_k1_spike_split,1,2025-08-18 14:05:00+00:00,2025-08-18 14:05:00+00:00,24782.75,24734.0,2025-08-18 14:25:00+00:00,target,86.25,37.5,48.75,0.7692307692307693,1.7692307692307692,0.8512820512820513,-0.49743589743589745,75.0,24734.5,24734.75,79850,80105,24818.0,2025-08-18
A3_k1_spike_split,-1,2025-08-18 14:35:00+00:00,2025-08-18 14:35:00+00:00,24778.75,24954.5,2025-08-18 14:46:00+00:00,target,89.875,43.625,175.75,0.24822190611664297,0.5113798008534851,0.2844950213371266,-0.051209103840682786,87.25,24954.0,24824.25,79759,80111,24734.75,2025-08-18
A3_k1_spike_split,-1,2025-08-18 15:10:00+00:00,2025-08-18 15:10:00+00:00,24780.0,24954.5,2025-08-18 16:00:00+00:00,time,37.25,32.25,174.5,0.18481375358166188,0.2134670487106017,0.29656160458452724,-0.004297994269340974,64.5,24954.0,24784.0,79759,80118,24718.5,2025-08-18
A3_k1_spike_split,-1,2025-08-19 13:30:00+00:00,2025-08-19 13:30:00+00:00,24762.0,24880.25,2025-08-19 13:31:00+00:00,target,107.0,28.75,118.25,0.24312896405919662,0.904862579281184,0.32558139534883723,-0.07188160676532769,57.5,24879.75,24839.5,79977,80191,24735.0,2025-08-19
A3_k1_spike_split,-1,2025-08-19 13:45:00+00:00,2025-08-19 13:45:00+00:00,24682.25,24880.25,2025-08-19 13:46:00+00:00,target,111.0,22.0,198.0,0.1111111111111111,0.5606060606060606,0.16161616161616163,-0.012626262626262626,44.0,24879.75,24770.5,79977,80376,24659.75,2025-08-19
A3_k1_spike_split,-1,2025-08-19 13:55:00+00:00,2025-08-19 13:55:00+00:00,24692.25,24880.25,2025-08-19 14:28:00+00:00,target,92.0,52.75,188.0,0.28058510638297873,0.48936170212765956,0.3670212765957447,-0.18882978723404256,105.5,24879.75,24730.75,79977,80378,24639.0,2025-08-19
A3_k1_spike_split,-1,2025-08-19 15:10:00+00:00,2025-08-19 15:10:00+00:00,24548.0,24880.25,2025-08-19 16:00:00+00:00,time,41.5,-11.25,332.25,-0.033860045146726865,0.12490594431903687,0.06847253574115876,-0.1256583897667419,-22.5,24879.75,24599.75,79977,80393,24513.75,2025-08-19
A3_k1_spike_split,-1,2025-08-20 13:30:00+00:00,2025-08-20 13:30:00+00:00,24425.25,24840.0,2025-08-20 13:31:00+00:00,target,189.875,39.5,414.75,0.09523809523809523,0.4578059071729958,0.11211573236889692,-0.01567209162145871,79.0,24839.5,24589.75,80191,80402,24404.0,2025-08-20
A3_k1_spike_split,-1,2025-08-20 13:40:00+00:00,2025-08-20 13:40:00+00:00,24358.5,24840.0,2025-08-20 13:41:00+00:00,target,92.125,18.125,481.5,0.037642782969885775,0.19132917964693666,0.046209761163032194,-0.02336448598130841,36.25,24839.5,24431.75,80191,80652,24343.0,2025-08-20
A3_k1_spike_split,-1,2025-08-20 14:25:00+00:00,2025-08-20 14:25:00+00:00,24139.75,24840.0,2025-08-20 14:41:00+00:00,target,151.5,76.25,700.25,0.10888968225633702,0.21635130310603357,0.11817208139950018,-0.02070689039628704,152.5,24839.5,24214.25,80191,80658,24063.0,2025-08-20
A3_k1_spike_split,-1,2025-08-20 15:00:00+00:00,2025-08-20 15:00:00+00:00,24057.0,24840.0,2025-08-20 16:00:00+00:00,time,-81.25,-115.0,783.0,-0.14687100893997446,-0.10376756066411238,0.014367816091954023,-0.2669220945083014,-230.0,24839.5,24089.75,80191,80667,24035.0,2025-08-20
A3_k1_spike_split,-1,2025-08-21 13:30:00+00:00,2025-08-21 13:30:00+00:00,24259.75,24489.25,2025-08-21 13:31:00+00:00,target,154.5,59.0,229.5,0.2570806100217865,0.673202614379085,0.2636165577342048,-0.03159041394335512,118.0,24488.75,24369.25,80468,80794,24222.75,2025-08-21
A3_k1_spike_split,1,2025-08-21 13:40:00+00:00,2025-08-21 13:40:00+00:00,24276.75,24190.25,2025-08-21 13:46:00+00:00,stop,-8.75,-87.25,86.5,-1.0086705202312138,-0.10115606936416185,0.008670520231213872,-1.1560693641618498,-174.5,24190.75,24199.25,80710,80928,24310.25,2025-08-21
A3_k1_spike_split,-1,2025-08-21 14:00:00+00:00,2025-08-21 14:00:00+00:00,24185.5,24489.25,2025-08-21 16:00:00+00:00,time,64.5,-19.25,303.75,-0.06337448559670782,0.2123456790123457,0.10041152263374485,-0.5349794238683128,-38.5,24488.75,24268.25,80468,80932,24174.75,2025-08-21
A3_k1_spike_split,-1,2025-08-22 13:30:00+00:00,2025-08-22 13:30:00+00:00,24264.25,24369.75,2025-08-22 13:31:00+00:00,target,54.125,53.75,105.5,0.509478672985782,0.5130331753554502,0.5521327014218009,-0.08530805687203792,107.5,24369.25,24295.5,80794,80954,24246.0,2025-08-22
A3_k1_spike_split,1,2025-08-22 13:40:00+00:00,2025-08-22 13:40:00+00:00,24277.25,24073.5,2025-08-22 13:41:00+00:00,target,98.25,27.125,203.75,0.13312883435582823,0.4822085889570552,0.1754601226993865,-0.05521472392638037,54.25,24074.0,24206.0,81122,81204,24295.5,2025-08-22
A3_k1_spike_split,-1,2025-08-22 14:00:00+00:00,2025-08-22 14:00:00+00:00,24269.0,24369.75,2025-08-22 14:00:00+00:00,stop,-26.75,-101.5,100.75,-1.0074441687344913,-0.2655086848635236,0.0,-1.9578163771712158,-203.0,24369.25,24342.75,80794,81208,24206.0,2025-08-22
A3_k1_spike_split,1,2025-08-22 14:25:00+00:00,2025-08-22 14:25:00+00:00,24539.75,24073.5,2025-08-22 14:46:00+00:00,target,393.75,93.0,466.25,0.1994638069705094,0.8445040214477212,0.21823056300268096,-0.032171581769437,186.0,24074.0,24239.75,81122,81209,24633.25,2025-08-22
A3_k1_spike_split,1,2025-08-22 15:00:00+00:00,2025-08-22 15:00:00+00:00,24603.25,24073.5,2025-08-22 15:03:00+00:00,target,50.25,40.0,529.75,0.07550731477111845,0.09485606418121756,0.07975460122699386,-0.004247286455875413,80.0,24074.0,24593.75,81122,81220,24643.75,2025-08-22
A3_k1_spike_split,1,2025-08-22 15:10:00+00:00,2025-08-22 15:10:00+00:00,24624.75,24073.5,2025-08-22 16:00:00+00:00,time,-31.75,-56.5,551.25,-0.10249433106575964,-0.05759637188208617,0.04308390022675737,-0.10884353741496598,-113.0,24074.0,24601.0,81122,81222,24649.75,2025-08-22
A3_k1_spike_split,-1,2025-08-25 13:30:00+00:00,2025-08-25 13:30:00+00:00,24495.5,24650.25,2025-08-25 13:31:00+00:00,target,169.625,18.875,154.75,0.12197092084006463,1.0961227786752827,0.2649434571890145,-0.1470113085621971,37.75,24649.75,24645.5,81222,81229,24476.5,2025-08-25
A3_k1_spike_split,-1,2025-08-25 13:40:00+00:00,2025-08-25 13:40:00+00:00,24499.75,24650.25,2025-08-25 16:00:00+00:00,time,-82.0,-101.5,150.5,-0.6744186046511628,-0.5448504983388704,0.34219269102990035,-0.7757475083056479,-203.0,24649.75,24518.25,81222,81480,24444.75,2025-08-25
A3_k1_spike_split,-1,2025-08-26 13:30:00+00:00,2025-08-26 13:30:00+00:00,24469.75,24617.0,2025-08-26 13:46:00+00:00,target,151.75,7.0,147.25,0.04753820033955857,1.0305602716468591,0.09507640067911714,-0.3293718166383701,14.0,24616.5,24613.75,81508,81511,24463.0,2025-08-26
A3_k1_spike_split,-1,2025-08-26 13:50:00+00:00,2025-08-26 13:50:00+00:00,24443.25,24617.0,2025-08-26 16:00:00+00:00,time,1.0,-75.0,173.75,-0.4316546762589928,0.0057553956834532375,0.034532374100719423,-0.6215827338129496,-150.0,24616.5,24518.25,81508,81758,24425.5,2025-08-26
A3_k1_spike_split,-1,2025-08-27 13:30:00+00:00,2025-08-27 13:30:00+00:00,24541.0,24629.25,2025-08-27 13:32:00+00:00,be,90.375,-2.375,88.25,-0.026912181303116147,1.0240793201133145,0.1954674220963173,-0.20679886685552407,-4.75,24628.75,24627.75,81893,81899,24534.25,2025-08-27
A3_k1_spike_split,-1,2025-08-27 13:35:00+00:00,2025-08-27 13:35:00+00:00,24553.25,24629.25,2025-08-27 15:56:00+00:00,stop,-67.25,-76.75,76.0,-1.0098684210526316,-0.8848684210526315,0.8552631578947368,-1.0296052631578947,-153.5,24628.75,24561.75,81893,82031,24426.5,2025-08-27
A3_k1_spike_split,-1,2025-08-28 13:30:00+00:00,2025-08-28 13:30:00+00:00,24640.0,24685.25,2025-08-28 13:30:00+00:00,stop,-23.25,-46.0,45.25,-1.0165745856353592,-0.5138121546961326,0.2430939226519337,-1.4640883977900552,-92.0,24684.75,24661.75,82114,82246,24593.25,2025-08-28
A3_k1_spike_split,1,2025-08-28 13:40:00+00:00,2025-08-28 13:40:00+00:00,24719.0,24428.25,2025-08-28 15:16:00+00:00,target,114.25,23.5,290.75,0.08082545141874463,0.3929492691315563,0.12037833190025796,-0.5047291487532244,47.0,24428.75,24629.0,82114,82308,24743.0,2025-08-28
A3_k1_spike_split,-1,2025-08-29 13:30:00+00:00,2025-08-29 13:30:00+00:00,24651.5,24804.0,2025-08-29 13:32:00+00:00,be,119.125,2.0,152.5,0.013114754098360656,0.7811475409836065,0.10327868852459017,-0.10655737704918032,4.0,24803.5,24766.5,82384,82392,24643.75,2025-08-29
A3_k1_spike_split,-1,2025-08-29 13:35:00+00:00,2025-08-29 13:35:00+00:00,24637.75,24804.0,2025-08-29 13:37:00+00:00,target,54.25,21.0,166.25,0.12631578947368421,0.3263157894736842,0.18045112781954886,-0.042105263157894736,42.0,24803.5,24670.25,82384,82583,24620.75,2025-08-29
A3_k1_spike_split,-1,2025-08-29 14:50:00+00:00,2025-08-29 14:50:00+00:00,24449.0,24804.0,2025-08-29 14:52:00+00:00,target,88.0,20.75,355.0,0.05845070422535211,0.24788732394366197,0.08169014084507042,-0.009859154929577466,41.5,24803.5,24515.5,82384,82598,24427.75,2025-08-29
A3_k1_spike_split,-1,2025-08-29 15:20:00+00:00,2025-08-29 15:20:00+00:00,24469.75,24804.0,2025-08-29 16:00:00+00:00,time,51.25,37.25,334.25,0.11144353029169783,0.15332834704562454,0.13537771129394166,-0.08526551982049364,74.5,24803.5,24482.75,82384,82604,24413.25,2025-08-29
A3_k1_spike_split,-1,2025-09-01 13:30:00+00:00,2025-09-01 13:30:00+00:00,24475.5,24756.0,2025-09-01 13:31:00+00:00,target,84.625,14.0,280.5,0.049910873440285206,0.3016934046345811,0.11586452762923351,-0.0053475935828877,28.0,24755.5,24555.0,82429,82701,24476.5,2025-09-01
A3_k1_spike_split,1,2025-09-01 13:40:00+00:00,2025-09-01 13:40:00+00:00,24477.75,24370.75,2025-09-01 13:53:00+00:00,target,47.875,12.375,107.0,0.11565420560747663,0.44742990654205606,0.1588785046728972,-0.04672897196261682,24.75,24371.25,24443.0,82775,82860,24487.25,2025-09-01
A3_k1_spike_split,-1,2025-09-01 14:00:00+00:00,2025-09-01 14:00:00+00:00,24488.0,24756.0,2025-09-01 16:00:00+00:00,time,-0.5,-8.25,268.0,-0.030783582089552237,-0.0018656716417910447,0.0457089552238806,-0.06996268656716417,-16.5,24755.5,24494.75,82429,82864,24443.0,2025-09-01
A3_k1_spike_split,-1,2025-09-02 13:30:00+00:00,2025-09-02 13:30:00+00:00,24099.75,24544.75,2025-09-02 13:31:00+00:00,target,451.25,43.25,445.0,0.09719101123595505,1.0140449438202248,0.16853932584269662,-0.0033707865168539327,86.5,24544.25,24510.75,82707,82902,24059.75,2025-09-02
A3_k1_spike_split,-1,2025-09-02 14:10:00+00:00,2025-09-02 14:10:00+00:00,24212.0,24544.75,2025-09-02 16:00:00+00:00,time,232.5,163.5,332.75,0.49135987978963186,0.6987227648384673,0.5582268970698723,-0.1517655897821187,327.0,24544.25,24280.0,82707,83094,24024.75,2025-09-02
A3_k1_spike_split,-1,2025-09-03 13:30:00+00:00,2025-09-03 13:30:00+00:00,24423.0,24511.25,2025-09-03 13:31:00+00:00,target,53.625,19.125,88.25,0.21671388101983002,0.6076487252124646,0.49008498583569404,-0.1671388101983003,38.25,24510.75,24458.25,82902,83336,24414.0,2025-09-03
A3_k1_spike_split,1,2025-09-03 13:45:00+00:00,2025-09-03 13:45:00+00:00,24397.25,24024.25,2025-09-03 14:07:00+00:00,target,86.0,59.75,373.0,0.1601876675603217,0.23056300268096513,0.17024128686327078,-0.07439678284182305,119.5,24024.75,24371.75,83088,83365,24456.75,2025-09-03
A3_k1_spike_split,1,2025-09-03 14:10:00+00:00,2025-09-03 14:10:00+00:00,24433.75,24024.25,2025-09-03 14:40:00+00:00,target,109.25,46.5,409.5,0.11355311355311355,0.2667887667887668,0.1385836385836386,-0.12576312576312576,93.0,24024.75,24371.75,83088,83370,24475.0,2025-09-03
A3_k1_spike_split,-1,2025-09-04 13:30:00+00:00,2025-09-04 13:30:00+00:00,24479.75,24536.0,2025-09-04 13:34:00+00:00,stop,-7.0,-57.0,56.25,-1.0133333333333334,-0.12444444444444444,0.40444444444444444,-1.0,-114.0,24535.5,24528.75,83600,83625,24450.25,2025-09-04
A3_k1_spike_split,1,2025-09-04 13:45:00+00:00,2025-09-04 13:45:00+00:00,24487.75,24299.0,2025-09-04 15:22:00+00:00,target,91.25,59.75,188.75,0.3165562913907285,0.48344370860927155,0.32847682119205296,-0.41324503311258276,119.5,24299.5,24457.0,83246,83640,24548.0,2025-09-04
A3_k1_spike_split,1,2025-09-05 13:30:00+00:00,2025-09-05 13:30:00+00:00,24874.5,24409.25,2025-09-05 16:00:00+00:00,time,105.75,-257.25,465.25,-0.552928533046749,0.22729715206878023,0.05964535196131112,-0.7947340139709833,-514.5,24409.75,24512.5,83649,83675,24894.0,2025-09-05
A3_k1_spike_split,1,2025-09-08 13:30:00+00:00,2025-09-08 13:30:00+00:00,24784.25,24504.25,2025-09-08 16:00:00+00:00,time,287.0,87.5,280.0,0.3125,1.025,0.36964285714285716,-0.04732142857142857,175.0,24504.75,24585.75,83936,83966,24893.5,2025-09-08
A3_k1_spike_split,-1,2025-09-09 13:30:00+00:00,2025-09-09 13:30:00+00:00,24834.5,24888.25,2025-09-09 14:00:00+00:00,target,90.0,38.75,53.75,0.7209302325581395,1.6744186046511629,0.9023255813953488,-0.42790697674418604,77.5,24887.75,24885.0,84207,84397,24800.0,2025-09-09
A3_k1_spike_split,-1,2025-09-09 14:05:00+00:00,2025-09-09 14:05:00+00:00,24794.75,24888.25,2025-09-09 14:34:00+00:00,target,85.0,38.0,93.5,0.40641711229946526,0.9090909090909091,0.44919786096256686,-0.5962566844919787,76.0,24887.75,24841.0,84207,84473,24758.25,2025-09-09
A3_k1_spike_split,1,2025-09-09 14:50:00+00:00,2025-09-09 14:50:00+00:00,24760.75,24649.75,2025-09-09 16:00:00+00:00,time,58.25,22.75,111.0,0.20495495495495494,0.5247747747747747,0.46621621621621623,-0.18243243243243243,45.5,24650.25,24726.25,84007,84482,24850.5,2025-09-09
A3_k1_spike_split,-1,2025-09-10 13:30:00+00:00,2025-09-10 13:30:00+00:00,24998.0,25041.25,2025-09-10 13:39:00+00:00,target,60.625,61.125,43.25,1.4132947976878614,1.4017341040462428,1.6647398843930636,-0.057803468208092484,122.25,25040.75,25014.0,84732,84735,24977.5,2025-09-10
A3_k1_spike_split,-1,2025-09-10 14:00:00+00:00,2025-09-10 14:00:00+00:00,24930.0,25041.25,2025-09-10 16:00:00+00:00,time,5.5,-20.75,111.25,-0.18651685393258427,0.04943820224719101,0.0853932584269663,-0.5438202247191011,-41.5,25040.75,24955.25,84732,84748,24894.0,2025-09-10
A3_k1_spike_split,-1,2025-09-11 13:30:00+00:00,2025-09-11 13:30:00+00:00,24976.0,25041.25,2025-09-11 13:53:00+00:00,be,18.875,18.0,65.25,0.27586206896551724,0.289272030651341,1.0191570881226053,-0.32950191570881227,36.0,25040.75,24976.0,84732,85008,24938.75,2025-09-11
A3_k1_spike_split,1,2025-09-11 13:55:00+00:00,2025-09-11 13:55:00+00:00,24970.75,24784.25,2025-09-11 14:10:00+00:00,be,74.875,12.75,186.5,0.06836461126005362,0.4014745308310992,0.17292225201072386,-0.058981233243967826,25.5,24784.75,24909.5,84814,85023,24997.5,2025-09-11
A3_k1_spike_split,-1,2025-09-11 14:15:00+00:00,2025-09-11 14:15:00+00:00,24958.75,25041.25,2025-09-11 15:18:00+00:00,stop,-38.0,-83.25,82.5,-1.009090909090909,-0.46060606060606063,0.1484848484848485,-1.087878787878788,-166.5,25040.75,25003.0,84732,85027,24909.5,2025-09-11
A3_k1_spike_split,-1,2025-09-12 13:30:00+00:00,2025-09-12 13:30:00+00:00,25040.0,25054.0,2025-09-12 13:30:00+00:00,stop,-2.25,-14.75,14.0,-1.0535714285714286,-0.16071428571428573,0.07142857142857142,-1.6607142857142858,-29.5,25053.5,25051.5,85290,85292,25038.25,2025-09-12
A3_k1_spike_split,1,2025-09-12 13:45:00+00:00,2025-09-12 13:45:00+00:00,25030.0,24844.25,2025-09-12 14:21:00+00:00,target,61.75,32.75,185.75,0.17631224764468373,0.33243606998654107,0.22476446837146702,-0.10363391655450875,65.5,24844.75,25001.75,85008,85297,25063.25,2025-09-12
A3_k1_spike_split,1,2025-09-12 14:45:00+00:00,2025-09-12 14:45:00+00:00,25081.75,24844.25,2025-09-12 14:46:00+00:00,target,62.0,5.75,237.5,0.024210526315789474,0.26105263157894737,0.049473684210526316,-0.011578947368421053,11.5,24844.75,25026.25,85008,85305,25088.0,2025-09-12
A3_k1_spike_split,1,2025-09-12 15:05:00+00:00,2025-09-12 15:05:00+00:00,25086.75,24844.25,2025-09-12 16:00:00+00:00,time,15.75,3.0,242.5,0.012371134020618556,0.06494845360824743,0.07628865979381444,-0.061855670103092786,6.0,24844.75,25075.0,85008,85310,25115.5,2025-09-12
A3_k1_spike_split,1,2025-09-15 13:30:00+00:00,2025-09-15 13:30:00+00:00,25177.75,24968.0,2025-09-15 13:31:00+00:00,target,108.0,10.25,209.75,0.04886769964243146,0.5148986889153755,0.13230035756853398,-0.028605482717520857,20.5,24968.5,25071.0,85233,85327,25178.75,2025-09-15
A3_k1_spike_split,1,2025-09-15 14:10:00+00:00,2025-09-15 14:10:00+00:00,25250.0,24968.0,2025-09-15 15:00:00+00:00,target,98.25,14.75,282.0,0.05230496453900709,0.3484042553191489,0.10106382978723404,-0.10372340425531915,29.5,24968.5,25167.25,85233,85571,25265.25,2025-09-15
A3_k1_spike_split,1,2025-09-15 15:20:00+00:00,2025-09-15 15:20:00+00:00,25250.0,24968.0,2025-09-15 15:50:00+00:00,target,33.5,28.0,282.0,0.09929078014184398,0.11879432624113476,0.11436170212765957,-0.034574468085106384,56.0,24968.5,25245.25,85233,85592,25278.5,2025-09-15
A3_k1_spike_split,-1,2025-09-16 13:30:00+00:00,2025-09-16 13:30:00+00:00,25343.75,25404.0,2025-09-16 13:31:00+00:00,target,54.875,0.25,60.25,0.004149377593360996,0.9107883817427386,0.18672199170124482,-0.1950207468879668,0.5,25403.5,25401.75,85792,85794,25350.5,2025-09-16
A3_k1_spike_split,1,2025-09-16 14:05:00+00:00,2025-09-16 14:05:00+00:00,25293.25,25074.75,2025-09-16 16:00:00+00:00,time,-12.25,-26.25,218.5,-0.12013729977116705,-0.05606407322654462,0.11327231121281464,-0.14759725400457666,-52.5,25075.25,25280.25,85506,85853,25366.0,2025-09-16
A3_k1_spike_split,-1,2025-09-17 13:30:00+00:00,2025-09-17 13:30:00+00:00,25280.25,25404.0,2025-09-17 13:34:00+00:00,target,60.0,17.0,123.75,0.13737373737373737,0.48484848484848486,0.19797979797979798,-0.16565656565656567,34.0,25403.5,25322.5,85792,85924,25267.25,2025-09-17
A3_k1_spike_split,-1,2025-09-17 13:40:00+00:00,2025-09-17 13:40:00+00:00,25241.0,25404.0,2025-09-17 14:01:00+00:00,target,83.5,23.0,163.0,0.1411042944785276,0.5122699386503068,0.1656441717791411,-0.24233128834355827,46.0,25403.5,25300.75,85792,86124,25217.5,2025-09-17
A3_k1_spike_split,-1,2025-09-17 14:25:00+00:00,2025-09-17 14:25:00+00:00,25213.5,25404.0,2025-09-17 14:27:00+00:00,target,34.0,7.0,190.5,0.03674540682414698,0.1784776902887139,0.049868766404199474,-0.02230971128608924,14.0,25403.5,25239.75,85792,86133,25206.0,2025-09-17
A3_k1_spike_split,-1,2025-09-17 15:00:00+00:00,2025-09-17 15:00:00+00:00,25180.0,25404.0,2025-09-17 15:04:00+00:00,target,49.0,9.0,224.0,0.04017857142857143,0.21875,0.044642857142857144,-0.021205357142857144,18.0,25403.5,25219.25,85792,86136,25170.5,2025-09-17
A3_k1_spike_split,-1,2025-09-17 15:15:00+00:00,2025-09-17 15:15:00+00:00,25192.0,25404.0,2025-09-17 15:42:00+00:00,target,32.25,27.5,212.0,0.12971698113207547,0.15212264150943397,0.14622641509433962,-0.05188679245283019,55.0,25403.5,25196.0,85792,86141,25164.0,2025-09-17
A3_k1_spike_split,-1,2025-09-18 13:30:00+00:00,2025-09-18 13:30:00+00:00,25435.5,25523.0,2025-09-18 13:45:00+00:00,target,59.25,43.5,87.5,0.49714285714285716,0.6771428571428572,0.7828571428571428,-0.3942857142857143,87.0,25522.5,25450.5,86388,86397,25407.0,2025-09-18
A3_k1_spike_split,1,2025-09-18 13:55:00+00:00,2025-09-18 13:55:00+00:00,25417.25,25205.0,2025-09-18 14:18:00+00:00,target,141.25,78.5,212.25,0.36984687868080096,0.6654888103651354,0.5170789163722026,-0.09069493521790342,157.0,25205.5,25355.25,86201,86403,25470.0,2025-09-18
A3_k1_spike_split,1,2025-09-18 15:05:00+00:00,2025-09-18 15:05:00+00:00,25514.25,25205.0,2025-09-18 15:19:00+00:00,target,62.375,35.625,309.25,0.11519805982215037,0.2016976556184317,0.16895715440582054,-0.041228779304769606,71.25,25205.5,25488.25,86201,86417,25535.25,2025-09-18
A3_k1_spike_split,-1,2025-09-19 13:30:00+00:00,2025-09-19 13:30:00+00:00,25524.25,25572.75,2025-09-19 15:23:00+00:00,target,79.25,40.25,48.5,0.8298969072164949,1.634020618556701,1.0103092783505154,-0.9948453608247423,80.5,25572.25,25562.5,86422,86424,25490.5,2025-09-19
A3_k1_spike_split,-1,2025-09-22 13:30:00+00:00,2025-09-22 13:30:00+00:00,25571.5,25645.0,2025-09-22 14:06:00+00:00,stop,-9.75,-74.25,73.5,-1.010204081632653,-0.1326530612244898,0.01020408163265306,-1.0068027210884354,-148.5,25644.5,25635.0,86753,86760,25554.0,2025-09-22
A3_k1_spike_split,1,2025-09-22 14:20:00+00:00,2025-09-22 14:20:00+00:00,25629.5,25427.25,2025-09-22 14:21:00+00:00,target,34.5,15.5,202.25,0.07663782447466007,0.17058096415327564,0.11372064276885044,-0.002472187886279357,31.0,25427.75,25611.25,86607,86960,25645.5,2025-09-22
A3_k1_spike_split,-1,2025-09-22 15:20:00+00:00,2025-09-22 15:20:00+00:00,25663.5,25695.0,2025-09-22 16:00:00+00:00,time,14.0,-5.0,31.5,-0.15873015873015872,0.4444444444444444,0.30158730158730157,-0.5952380952380952,-10.0,25694.5,25681.5,86970,86972,25611.25,2025-09-22
A3_k1_spike_split,-1,2025-09-23 13:30:00+00:00,2025-09-23 13:30:00+00:00,25757.25,25784.25,2025-09-23 13:31:00+00:00,target,32.0,7.0,27.0,0.25925925925925924,1.1851851851851851,0.5462962962962963,-0.12962962962962962,14.0,25783.75,25782.75,87021,87167,25754.0,2025-09-23
A3_k1_spike_split,-1,2025-09-23 13:40:00+00:00,2025-09-23 13:40:00+00:00,25736.0,25784.25,2025-09-23 16:00:00+00:00,time,61.875,30.75,48.25,0.6373056994818653,1.282383419689119,1.0362694300518134,-0.11398963730569948,61.5,25783.75,25766.25,87021,87228,25707.0,2025-09-23
A3_k1_spike_split,-1,2025-09-24 13:30:00+00:00,2025-09-24 13:30:00+00:00,25641.25,25768.0,2025-09-24 13:31:00+00:00,target,99.625,14.75,126.75,0.11637080867850098,0.7859960552268245,0.1794871794871795,-0.11439842209072978,29.5,25767.5,25726.5,87221,87250,25628.5,2025-09-24
A3_k1_spike_split,-1,2025-09-24 13:40:00+00:00,2025-09-24 13:40:00+00:00,25592.5,25768.0,2025-09-24 13:49:00+00:00,target,80.625,16.625,175.5,0.09472934472934473,0.4594017094017094,0.1794871794871795,-0.0868945868945869,33.25,25767.5,25655.75,87221,87504,25576.75,2025-09-24
A3_k1_spike_split,1,2025-09-24 14:00:00+00:00,2025-09-24 14:00:00+00:00,25578.0,25535.25,2025-09-24 15:11:00+00:00,stop,-6.0,-43.5,42.75,-1.0175438596491229,-0.14035087719298245,0.45614035087719296,-1.0350877192982457,-87.0,25535.75,25541.5,87278,87508,25655.75,2025-09-24
A3_k1_spike_split,-1,2025-09-25 13:30:00+00:00,2025-09-25 13:30:00+00:00,25332.75,25670.25,2025-09-25 13:31:00+00:00,target,269.75,35.5,337.5,0.10518518518518519,0.7992592592592592,0.1348148148148148,-0.007407407407407408,71.0,25669.75,25566.25,87462,87526,25296.75,2025-09-25
A3_k1_spike_split,-1,2025-09-25 14:00:00+00:00,2025-09-25 14:00:00+00:00,25208.75,25670.25,2025-09-25 16:00:00+00:00,time,-154.5,-225.75,461.5,-0.4891657638136511,-0.3347778981581798,0.016793066088840736,-0.5303358613217768,-451.5,25669.75,25279.0,87462,87784,25178.5,2025-09-25
A3_k1_spike_split,-1,2025-09-26 13:30:00+00:00,2025-09-26 13:30:00+00:00,25410.5,25545.0,2025-09-26 13:31:00+00:00,target,98.625,46.5,134.5,0.34572490706319703,0.733271375464684,0.4256505576208178,-0.020446096654275093,93.0,25544.5,25503.75,87667,88045,25418.0,2025-09-26
A3_k1_spike_split,1,2025-09-26 13:30:00+00:00,2025-09-26 13:32:00+00:00,25418.0,25324.25,2025-09-26 13:41:00+00:00,be,13.0,13.125,93.75,0.14,0.13866666666666666,0.4746666666666667,-0.30133333333333334,26.25,25324.75,25418.0,88002,88052,25443.5,2025-09-26
A3_k1_spike_split,-1,2025-09-26 13:50:00+00:00,2025-09-26 13:50:00+00:00,25455.5,25545.0,2025-09-26 14:13:00+00:00,target,119.375,105.125,89.5,1.1745810055865922,1.3337988826815643,1.229050279329609,-0.38268156424581007,210.25,25544.5,25469.0,87667,88058,25353.25,2025-09-26
A3_k1_spike_split,-1,2025-09-26 14:50:00+00:00,2025-09-26 14:50:00+00:00,25321.0,25545.0,2025-09-26 16:00:00+00:00,time,61.75,-17.5,224.0,-0.078125,0.27566964285714285,0.08482142857142858,-0.3236607142857143,-35.0,25544.5,25399.25,87667,88070,25276.5,2025-09-26
A3_k1_spike_split,1,2025-09-29 13:30:00+00:00,2025-09-29 13:30:00+00:00,25608.0,25276.0,2025-09-29 13:43:00+00:00,target,333.75,49.75,332.0,0.14984939759036145,1.0052710843373494,0.19427710843373494,-0.009789156626506024,99.5,25276.5,25324.75,88067,88086,25650.5,2025-09-29
A3_k1_spike_split,1,2025-09-29 14:15:00+00:00,2025-09-29 14:15:00+00:00,25713.5,25276.0,2025-09-29 16:00:00+00:00,time,-70.25,-108.75,437.5,-0.24857142857142858,-0.16057142857142856,0.02857142857142857,-0.2885714285714286,-217.5,25276.5,25676.0,88067,88338,25731.5,2025-09-29
A3_k1_spike_split,-1,2025-09-30 13:30:00+00:00,2025-09-30 13:30:00+00:00,25576.75,25732.0,2025-09-30 13:31:00+00:00,target,78.75,12.25,155.25,0.07890499194847021,0.5072463768115942,0.178743961352657,-0.06763285024154589,24.5,25731.5,25651.25,88339,88354,25573.25,2025-09-30
A3_k1_spike_split,-1,2025-09-30 13:40:00+00:00,2025-09-30 13:40:00+00:00,25508.75,25732.0,2025-09-30 13:54:00+00:00,target,90.75,11.5,223.25,0.051511758118701005,0.406494960806271,0.09854423292273236,-0.24300111982082867,23.0,25731.5,25587.25,88339,88608,25496.75,2025-09-30
A3_k1_spike_split,-1,2025-09-30 14:10:00+00:00,2025-09-30 14:10:00+00:00,25512.25,25732.0,2025-09-30 16:00:00+00:00,time,2.25,-55.5,219.75,-0.2525597269624573,0.010238907849829351,0.04323094425483504,-0.4926052332195677,-111.0,25731.5,25569.0,88339,88614,25479.0,2025-09-30
A3_k1_spike_split,-1,2025-10-01 13:30:00+00:00,2025-10-01 13:30:00+00:00,25519.75,25670.75,2025-10-01 13:31:00+00:00,target,110.5,15.75,151.0,0.10430463576158941,0.7317880794701986,0.13079470198675497,-0.29635761589403975,31.5,25670.25,25633.5,88684,88704,25525.5,2025-10-01
A3_k1_spike_split,1,2025-10-01 13:40:00+00:00,2025-10-01 13:40:00+00:00,25585.0,25389.75,2025-10-01 14:19:00+00:00,target,102.75,17.0,195.25,0.08706786171574904,0.5262483994878361,0.1613316261203585,-0.5249679897567221,34.0,25390.25,25500.0,88805,88884,25600.25,2025-10-01
A3_k1_spike_split,-1,2025-10-01 14:45:00+00:00,2025-10-01 14:45:00+00:00,25647.0,25670.75,2025-10-01 15:01:00+00:00,stop,-2.0,-24.5,23.75,-1.0315789473684212,-0.08421052631578947,0.5052631578947369,-1.2736842105263158,-49.0,25670.25,25668.5,88684,88897,25511.5,2025-10-01
A3_k1_spike_split,1,2025-10-02 13:30:00+00:00,2025-10-02 13:30:00+00:00,25921.5,25389.75,2025-10-02 16:00:00+00:00,time,201.75,-88.25,531.75,-0.16596144804889515,0.37940761636107195,0.007522331922896097,-0.3220498354489892,-176.5,25390.25,25632.5,88805,88906,25936.5,2025-10-02
A3_k1_spike_split,-1,2025-10-03 13:30:00+00:00,2025-10-03 13:30:00+00:00,25889.75,25954.0,2025-10-03 13:42:00+00:00,target,56.625,16.125,64.25,0.2509727626459144,0.8813229571984436,0.3035019455252918,-0.5214007782101168,32.25,25953.5,25929.5,89395,89403,25874.5,2025-10-03
A3_k1_spike_split,-1,2025-10-03 13:50:00+00:00,2025-10-03 13:50:00+00:00,25907.5,25954.0,2025-10-03 13:58:00+00:00,target,58.5,42.0,46.5,0.9032258064516129,1.2580645161290323,1.096774193548387,-0.43010752688172044,84.0,25953.5,25923.25,89395,89438,25870.25,2025-10-03
A3_k1_spike_split,-1,2025-10-03 14:00:00+00:00,2025-10-03 14:00:00+00:00,25863.0,25954.0,2025-10-03 14:01:00+00:00,target,86.375,25.625,91.0,0.2815934065934066,0.9491758241758241,0.43956043956043955,-0.04120879120879121,51.25,25953.5,25927.5,89395,89440,25853.25,2025-10-03
A3_k1_spike_split,1,2025-10-03 14:15:00+00:00,2025-10-03 14:15:00+00:00,25832.75,25749.75,2025-10-03 16:00:00+00:00,time,94.0,67.75,83.0,0.8162650602409639,1.1325301204819278,0.9126506024096386,-0.21084337349397592,135.5,25750.25,25807.5,89178,89443,25927.5,2025-10-03
A3_k1_spike_split,1,2025-10-06 13:30:00+00:00,2025-10-06 13:30:00+00:00,25971.0,25729.25,2025-10-06 13:32:00+00:00,be,233.25,-17.875,241.75,-0.07394002068252327,0.9648397104446742,0.02998965873836608,-0.1954498448810755,-35.75,25729.75,25731.5,89515,89519,25958.0,2025-10-06
A3_k1_spike_split,1,2025-10-06 13:50:00+00:00,2025-10-06 13:50:00+00:00,25921.75,25729.25,2025-10-06 16:00:00+00:00,time,91.25,42.0,192.5,0.21818181818181817,0.474025974025974,0.2662337662337662,-0.2857142857142857,84.0,25729.75,25873.5,89515,89714,25978.25,2025-10-06
A3_k1_spike_split,1,2025-10-07 13:30:00+00:00,2025-10-07 13:30:00+00:00,25994.0,25801.0,2025-10-07 15:32:00+00:00,stop,-78.0,-193.75,193.0,-1.0038860103626943,-0.40414507772020725,0.14507772020725387,-1.0025906735751295,-387.5,25801.5,25879.25,89642,89836,26031.25,2025-10-07
A3_k1_spike_split,-1,2025-10-08 13:30:00+00:00,2025-10-08 13:30:00+00:00,25836.5,26022.5,2025-10-08 16:00:00+00:00,time,-128.5,-175.5,186.0,-0.9435483870967742,-0.6908602150537635,0.036290322580645164,-0.9731182795698925,-351.0,26022.0,25882.5,89993,90010,25811.75,2025-10-08
A3_k1_spike_split,-1,2025-10-09 13:30:00+00:00,2025-10-09 13:30:00+00:00,26085.25,26150.0,2025-10-09 13:32:00+00:00,target,57.5,15.75,64.75,0.24324324324324326,0.888030888030888,0.35135135135135137,-0.09266409266409266,31.5,26149.5,26126.25,90372,90390,26071.0,2025-10-09
A3_k1_spike_split,-1,2025-10-09 13:35:00+00:00,2025-10-09 13:35:00+00:00,26063.5,26150.0,2025-10-09 13:42:00+00:00,target,72.375,41.375,86.5,0.47832369942196534,0.8367052023121387,0.5578034682080925,-0.09248554913294797,82.75,26149.5,26093.75,90372,90539,26022.0,2025-10-09
A3_k1_spike_split,1,2025-10-09 13:55:00+00:00,2025-10-09 13:55:00+00:00,26023.25,25782.25,2025-10-09 16:00:00+00:00,time,9.75,-4.25,241.0,-0.017634854771784232,0.04045643153526971,0.11307053941908714,-0.3039419087136929,-8.5,25782.75,26010.25,90182,90543,26093.75,2025-10-09
A3_k1_spike_split,-1,2025-10-10 13:30:00+00:00,2025-10-10 13:30:00+00:00,26069.5,26150.0,2025-10-10 14:57:00+00:00,target,75.0,31.0,80.5,0.38509316770186336,0.9316770186335404,0.65527950310559,-0.9316770186335404,62.0,26149.5,26112.75,90372,90685,26045.0,2025-10-10
A3_k1_spike_split,-1,2025-10-13 13:30:00+00:00,2025-10-13 13:30:00+00:00,25581.0,26145.0,2025-10-13 13:34:00+00:00,target,327.0,50.0,564.0,0.08865248226950355,0.5797872340425532,0.1174645390070922,-0.03235815602836879,100.0,26144.5,25857.25,90819,90836,25537.25,2025-10-13
A3_k1_spike_split,1,2025-10-13 13:45:00+00:00,2025-10-13 13:45:00+00:00,25568.75,24913.75,2025-10-13 13:59:00+00:00,target,156.375,67.875,655.0,0.10362595419847329,0.23874045801526717,0.12366412213740458,-0.06603053435114503,135.75,24914.25,25481.0,90905,91093,25628.75,2025-10-13
A3_k1_spike_split,-1,2025-10-13 14:20:00+00:00,2025-10-13 14:20:00+00:00,25617.25,26145.0,2025-10-13 16:00:00+00:00,time,20.75,-33.25,527.75,-0.06300331596399811,0.039317858834675506,0.22216958787304594,-0.07768829938417811,-66.5,26144.5,25670.25,90819,91100,25481.0,2025-10-13
A3_k1_spike_split,-1,2025-10-14 13:30:00+00:00,2025-10-14 13:30:00+00:00,25394.75,25778.25,2025-10-14 13:37:00+00:00,target,489.875,108.875,383.5,0.2838983050847458,1.2773794002607561,0.39960886571056065,-0.009778357235984355,217.75,25777.75,25775.0,91230,91233,25311.75,2025-10-14
A3_k1_spike_split,-1,2025-10-14 14:45:00+00:00,2025-10-14 14:45:00+00:00,25475.75,25778.25,2025-10-14 15:01:00+00:00,be,37.375,18.75,302.5,0.06198347107438017,0.12355371900826446,0.16115702479338842,-0.0834710743801653,37.5,25777.75,25493.5,91230,91381,25437.0,2025-10-14
A3_k1_spike_split,-1,2025-10-14 15:15:00+00:00,2025-10-14 15:15:00+00:00,25472.75,25778.25,2025-10-14 16:00:00+00:00,time,-35.75,-89.25,305.5,-0.29214402618657936,-0.11702127659574468,0.10474631751227496,-0.3993453355155483,-178.5,25777.75,25525.25,91230,91387,25427.0,2025-10-14
A3_k1_spike_split,-1,2025-10-15 13:30:00+00:00,2025-10-15 13:30:00+00:00,25758.5,25782.25,2025-10-15 13:31:00+00:00,target,33.625,25.75,23.75,1.0842105263157895,1.4157894736842105,1.8105263157894738,-0.09473684210526316,51.5,25781.75,25775.0,91637,91641,25743.5,2025-10-15
A3_k1_spike_split,1,2025-10-15 13:55:00+00:00,2025-10-15 13:55:00+00:00,25734.5,25426.5,2025-10-15 14:00:00+00:00,target,125.125,43.375,308.0,0.14082792207792208,0.40625,0.18262987012987014,-0.006493506493506494,86.75,25427.0,25653.5,91384,91647,25775.0,2025-10-15
A3_k1_spike_split,1,2025-10-15 14:50:00+00:00,2025-10-15 14:50:00+00:00,25845.75,25426.5,2025-10-15 16:00:00+00:00,time,-144.25,-155.5,419.25,-0.3709004174120453,-0.34406678592725104,0.056648777579010136,-0.507453786523554,-311.0,25427.0,25835.5,91384,91658,25874.25,2025-10-15
A3_k1_spike_split,-1,2025-10-16 13:30:00+00:00,2025-10-16 13:30:00+00:00,25801.5,25874.75,2025-10-16 13:45:00+00:00,stop,-18.75,-74.0,73.25,-1.0102389078498293,-0.25597269624573377,0.12286689419795221,-1.0784982935153584,-148.0,25874.25,25855.75,91655,91911,25777.25,2025-10-16
A3_k1_spike_split,1,2025-10-16 14:00:00+00:00,2025-10-16 14:00:00+00:00,25818.75,25419.5,2025-10-16 14:36:00+00:00,target,99.75,62.75,399.25,0.15716969317470256,0.2498434564809017,0.1859737006887915,-0.12210394489668128,125.5,25420.0,25782.5,91689,91924,25882.0,2025-10-16
A3_k1_spike_split,1,2025-10-16 15:15:00+00:00,2025-10-16 15:15:00+00:00,25880.25,25419.5,2025-10-16 16:00:00+00:00,time,-101.5,-152.25,460.75,-0.3304395008138904,-0.2202930005425936,0.008138903960933261,-0.39826370048833426,-304.5,25420.0,25830.5,91689,91939,25905.0,2025-10-16
A3_k1_spike_split,-1,2025-10-17 13:30:00+00:00,2025-10-17 13:30:00+00:00,25491.75,25721.0,2025-10-17 13:32:00+00:00,be,228.75,6.5,229.25,0.028353326063249727,0.9978189749182116,0.15485278080697928,-0.15267175572519084,13.0,25720.5,25711.5,91965,91968,25474.25,2025-10-17
A3_k1_spike_split,1,2025-10-17 13:40:00+00:00,2025-10-17 13:40:00+00:00,25493.5,25166.25,2025-10-17 13:53:00+00:00,target,130.625,92.625,327.25,0.28304048892284184,0.39915966386554624,0.34530175706646293,-0.19786096256684493,185.25,25166.75,25456.25,92134,92196,25581.0,2025-10-17
A3_k1_spike_split,-1,2025-10-17 14:05:00+00:00,2025-10-17 14:05:00+00:00,25604.5,25721.0,2025-10-17 16:00:00+00:00,time,40.75,-2.25,116.5,-0.019313304721030045,0.3497854077253219,1.4892703862660943,-0.9678111587982833,-4.5,25720.5,25646.5,91965,92201,25428.75,2025-10-17
A3_k1_spike_split,1,2025-10-20 13:30:00+00:00,2025-10-20 13:30:00+00:00,25875.5,25166.25,2025-10-20 13:31:00+00:00,target,478.5,53.25,709.25,0.075079309129362,0.674656327106098,0.09693338033133592,-0.005992245329573493,106.5,25166.75,25431.0,92134,92221,25909.25,2025-10-20
A3_k1_spike_split,1,2025-10-20 13:45:00+00:00,2025-10-20 13:45:00+00:00,25945.5,25166.25,2025-10-20 13:49:00+00:00,target,110.25,35.25,779.25,0.04523580365736285,0.14148219441770934,0.05518126403593199,-0.009945460378569138,70.5,25166.75,25871.25,92134,92472,25981.25,2025-10-20
A3_k1_spike_split,1,2025-10-20 14:15:00+00:00,2025-10-20 14:15:00+00:00,25994.75,25166.25,2025-10-20 14:25:00+00:00,target,72.0,14.25,828.5,0.0171997585998793,0.08690404345202173,0.028364514182257092,-0.02776101388050694,28.5,25166.75,25937.75,92134,92475,26009.5,2025-10-20
A3_k1_spike_split,1,2025-10-20 15:05:00+00:00,2025-10-20 15:05:00+00:00,26066.25,25166.25,2025-10-20 15:11:00+00:00,target,57.0,11.5,900.0,0.012777777777777779,0.06333333333333334,0.017777777777777778,-0.008055555555555555,23.0,25166.75,26021.5,92134,92485,26078.25,2025-10-20
A3_k1_spike_split,1,2025-10-20 15:25:00+00:00,2025-10-20 15:25:00+00:00,26076.25,25166.25,2025-10-20 15:26:00+00:00,target,36.75,6.25,910.0,0.006868131868131868,0.04038461538461539,0.01456043956043956,-0.003021978021978022,12.5,25166.75,26045.75,92134,92493,26082.25,2025-10-20
A3_k1_spike_split,-1,2025-10-21 13:30:00+00:00,2025-10-21 13:30:00+00:00,26057.25,26072.75,2025-10-21 13:32:00+00:00,target,41.5,30.5,15.5,1.967741935483871,2.6774193548387095,2.806451612903226,-0.24193548387096775,61.0,26072.25,26067.5,92735,92739,26029.0,2025-10-21
A3_k1_spike_split,-1,2025-10-21 13:40:00+00:00,2025-10-21 13:40:00+00:00,26034.75,26072.75,2025-10-21 13:41:00+00:00,target,50.375,23.375,38.0,0.6151315789473685,1.325657894736842,0.7105263157894737,-0.13815789473684212,46.75,26072.25,26061.0,92735,92748,26012.5,2025-10-21
A3_k1_spike_split,1,2025-10-21 13:55:00+00:00,2025-10-21 13:55:00+00:00,26010.5,25712.0,2025-10-21 15:47:00+00:00,target,86.25,50.75,298.5,0.17001675041876047,0.2889447236180904,0.20100502512562815,-0.1708542713567839,101.5,25712.5,25975.75,92314,92751,26061.0,2025-10-21
A3_k1_spike_split,-1,2025-10-22 13:30:00+00:00,2025-10-22 13:30:00+00:00,26021.5,26104.5,2025-10-22 13:31:00+00:00,target,91.75,48.25,83.0,0.5813253012048193,1.105421686746988,0.6445783132530121,-0.0783132530120482,96.5,26104.0,26095.0,92788,92943,26006.75,2025-10-22
A3_k1_spike_split,-1,2025-10-22 13:50:00+00:00,2025-10-22 13:50:00+00:00,26011.75,26104.5,2025-10-22 14:27:00+00:00,target,92.5,82.0,92.75,0.8840970350404312,0.9973045822102425,1.1859838274932615,-0.3692722371967655,164.0,26104.0,26021.5,92788,93026,25929.25,2025-10-22
A3_k1_spike_split,-1,2025-10-22 15:10:00+00:00,2025-10-22 15:10:00+00:00,25916.75,26104.5,2025-10-22 15:23:00+00:00,target,141.5,109.25,187.75,0.5818908122503329,0.7536617842876165,0.6924101198402131,-0.0013315579227696406,218.5,26104.0,25948.25,92788,93042,25807.0,2025-10-22
A3_k1_spike_split,-1,2025-10-23 13:30:00+00:00,2025-10-23 13:30:00+00:00,25772.5,26095.5,2025-10-23 16:00:00+00:00,time,-63.25,-179.5,323.0,-0.5557275541795665,-0.19582043343653252,0.053405572755417956,-0.6207430340557275,-359.0,26095.0,25887.75,92943,93053,25696.75,2025-10-23
A3_k1_spike_split,1,2025-10-24 13:30:00+00:00,2025-10-24 13:30:00+00:00,26223.25,25689.25,2025-10-24 13:37:00+00:00,target,403.25,55.25,534.0,0.10346441947565543,0.7551498127340824,0.11797752808988764,-0.06882022471910113,110.5,25689.75,25876.0,93288,93326,26279.0,2025-10-24
A3_k1_spike_split,1,2025-10-24 13:45:00+00:00,2025-10-24 13:45:00+00:00,26264.25,25689.25,2025-10-24 13:59:00+00:00,target,101.0,22.5,575.0,0.0391304347826087,0.17565217391304347,0.07434782608695652,-0.07608695652173914,45.0,25689.75,26186.5,93288,93576,26287.25,2025-10-24
A3_k1_spike_split,1,2025-10-24 14:00:00+00:00,2025-10-24 14:00:00+00:00,26249.25,25689.25,2025-10-24 16:00:00+00:00,time,59.0,29.25,560.0,0.05223214285714286,0.10535714285714286,0.096875,-0.10758928571428572,58.5,25689.75,26220.5,93288,93580,26307.0,2025-10-24
A3_k1_spike_split,-1,2025-10-27 13:30:00+00:00,2025-10-27 13:30:00+00:00,26572.0,26609.5,2025-10-27 13:30:00+00:00,stop,-4.0,-38.25,37.5,-1.02,-0.10666666666666667,0.05333333333333334,-1.08,-76.5,26609.0,26605.25,93819,93823,26567.75,2025-10-27
A3_k1_spike_split,1,2025-10-27 13:45:00+00:00,2025-10-27 13:45:00+00:00,26595.75,26040.25,2025-10-27 14:01:00+00:00,target,63.75,20.0,555.5,0.036003600360036005,0.11476147614761475,0.046804680468046804,-0.0558055805580558,40.0,26040.75,26552.75,93416,93853,26616.25,2025-10-27
A3_k1_spike_split,1,2025-10-27 14:30:00+00:00,2025-10-27 14:30:00+00:00,26625.25,26040.25,2025-10-27 14:33:00+00:00,target,55.0,7.5,585.0,0.01282051282051282,0.09401709401709402,0.01581196581196581,-0.021367521367521368,15.0,26040.75,26578.5,93416,93862,26633.25,2025-10-27
A3_k1_spike_split,1,2025-10-27 15:05:00+00:00,2025-10-27 15:05:00+00:00,26635.5,26040.25,2025-10-27 15:12:00+00:00,target,42.0,12.25,595.25,0.020579588408231837,0.07055858882822344,0.028559428811423773,-0.01133977320453591,24.5,26040.75,26606.5,93416,93869,26648.25,2025-10-27
A3_k1_spike_split,1,2025-10-28 13:30:00+00:00,2025-10-28 13:30:00+00:00,26808.25,26463.5,2025-10-28 13:31:00+00:00,target,188.0,17.25,344.75,0.05003625815808557,0.5453226976069616,0.11530094271211022,-0.00870195794053662,34.5,26464.0,26630.75,93690,93874,26818.5,2025-10-28
A3_k1_spike_split,1,2025-10-28 13:45:00+00:00,2025-10-28 13:45:00+00:00,26834.5,26463.5,2025-10-28 16:00:00+00:00,time,18.75,-18.5,371.0,-0.04986522911051213,0.05053908355795148,0.03234501347708895,-0.1940700808625337,-37.0,26464.0,26798.25,93690,94129,26850.5,2025-10-28
A3_k1_spike_split,-1,2025-10-29 13:30:00+00:00,2025-10-29 13:30:00+00:00,27022.25,27067.0,2025-10-29 13:38:00+00:00,be,38.875,3.5,44.75,0.0782122905027933,0.8687150837988827,0.2569832402234637,-0.5977653631284916,7.0,27066.5,27056.75,94342,94344,27014.0,2025-10-29
A3_k1_spike_split,-1,2025-10-29 13:40:00+00:00,2025-10-29 13:40:00+00:00,27029.25,27067.0,2025-10-29 13:56:00+00:00,stop,-17.75,-38.5,37.75,-1.0198675496688743,-0.47019867549668876,0.2913907284768212,-1.099337748344371,-77.0,27066.5,27049.0,94342,94404,27000.0,2025-10-29
A3_k1_spike_split,-1,2025-10-29 14:20:00+00:00,2025-10-29 14:20:00+00:00,27045.5,27083.5,2025-10-29 14:50:00+00:00,target,43.0,30.5,38.0,0.8026315789473685,1.131578947368421,1.1973684210526316,-0.5131578947368421,61.0,27083.0,27057.25,94410,94412,27018.25,2025-10-29
A3_k1_spike_split,1,2025-10-29 15:00:00+00:00,2025-10-29 15:00:00+00:00,27016.75,26698.25,2025-10-29 16:00:00+00:00,time,-5.5,-23.25,318.5,-0.07299843014128729,-0.01726844583987441,0.054945054945054944,-0.13186813186813187,-46.5,26698.75,27000.0,94064,94420,27065.0,2025-10-29
A3_k1_spike_split,-1,2025-10-30 13:30:00+00:00,2025-10-30 13:30:00+00:00,26882.0,27156.5,2025-10-30 13:31:00+00:00,target,242.75,42.125,274.5,0.1534608378870674,0.8843351548269581,0.2058287795992714,-0.007285974499089253,84.25,27156.0,27084.75,94563,94585,26849.25,2025-10-30
A3_k1_spike_split,-1,2025-10-30 13:50:00+00:00,2025-10-30 13:50:00+00:00,26811.75,27156.5,2025-10-30 16:00:00+00:00,time,136.25,63.0,344.75,0.18274111675126903,0.39521392313270487,0.25598259608411894,-0.3604060913705584,126.0,27156.0,26884.0,94563,94680,26698.0,2025-10-30
A3_k1_spike_split,-1,2025-10-31 13:30:00+00:00,2025-10-31 13:30:00+00:00,26955.5,27156.5,2025-10-31 13:31:00+00:00,target,87.625,19.75,201.0,0.09825870646766169,0.43594527363184077,0.20149253731343283,-0.0024875621890547263,39.5,27156.0,27029.5,94563,94942,26947.5,2025-10-31
A3_k1_spike_split,-1,2025-10-31 13:35:00+00:00,2025-10-31 13:35:00+00:00,26916.25,27156.5,2025-10-31 13:40:00+00:00,target,68.5,19.0,240.25,0.07908428720083246,0.2851196670135276,0.11030176899063475,-0.061394380853277836,38.0,27156.0,26965.0,94563,94955,26900.75,2025-10-31
A3_k1_spike_split,1,2025-10-31 14:10:00+00:00,2025-10-31 14:10:00+00:00,26851.75,26609.0,2025-10-31 16:00:00+00:00,time,-10.25,-44.0,242.75,-0.18125643666323377,-0.042224510813594233,0.36148300720906285,-0.32646755921730175,-88.0,26609.5,26819.0,94758,94962,26965.0,2025-10-31
A3_k1_spike_split,-1,2025-11-03 14:30:00+00:00,2025-11-03 14:30:00+00:00,26992.0,27030.0,2025-11-03 14:50:00+00:00,target,100.0,82.0,38.0,2.1578947368421053,2.6315789473684212,2.75,-0.7960526315789473,164.0,27029.5,27009.25,94942,95226,26922.0,2025-11-03
A3_k1_spike_split,1,2025-11-03 15:00:00+00:00,2025-11-03 15:00:00+00:00,26896.25,26643.75,2025-11-03 17:00:00+00:00,time,0.0,-21.25,252.5,-0.08415841584158416,0.0,0.060396039603960394,-0.502970297029703,-42.5,26644.25,26876.0,95005,95236,27022.25,2025-11-03
A3_k1_spike_split,-1,2025-11-04 14:30:00+00:00,2025-11-04 14:30:00+00:00,26497.75,27022.75,2025-11-04 14:41:00+00:00,be,466.0,28.375,525.0,0.054047619047619046,0.8876190476190476,0.14904761904761904,-0.04523809523809524,56.75,27022.25,26934.5,95232,95311,26439.75,2025-11-04
A3_k1_spike_split,-1,2025-11-04 15:10:00+00:00,2025-11-04 15:10:00+00:00,26607.75,27022.75,2025-11-04 17:00:00+00:00,time,129.75,94.0,415.0,0.22650602409638554,0.31265060240963854,0.30843373493975906,-0.10240963855421686,188.0,27022.25,26642.5,95232,95514,26419.5,2025-11-04
A3_k1_spike_split,-1,2025-11-05 14:30:00+00:00,2025-11-05 14:30:00+00:00,26298.5,26787.75,2025-11-05 14:35:00+00:00,target,292.75,37.75,489.25,0.07715891670924885,0.598364844149208,0.10628513030148186,-0.07204905467552376,75.5,26787.25,26552.75,95351,95534,26264.75,2025-11-05
A3_k1_spike_split,-1,2025-11-05 14:40:00+00:00,2025-11-05 14:40:00+00:00,26310.0,26787.75,2025-11-05 17:00:00+00:00,time,-196.5,-221.25,477.75,-0.4631083202511774,-0.41130298273155413,0.09366823652537938,-0.49293563579277866,-442.5,26787.25,26333.75,95351,95784,26214.75,2025-11-05
A3_k1_spike_split,-1,2025-11-06 14:30:00+00:00,2025-11-06 14:30:00+00:00,26430.0,26635.5,2025-11-06 14:35:00+00:00,target,219.75,32.375,205.5,0.1575425790754258,1.0693430656934306,0.26034063260340634,-0.05474452554744526,64.75,26635.0,26622.5,95849,95853,26420.0,2025-11-06
A3_k1_spike_split,1,2025-11-06 14:50:00+00:00,2025-11-06 14:50:00+00:00,26385.5,26159.75,2025-11-06 15:36:00+00:00,stop,-182.25,-226.5,225.75,-1.0033222591362125,-0.8073089700996677,0.10409745293466224,-1.097452934662237,-453.0,26160.25,26342.25,95742,96062,26580.25,2025-11-06
A3_k1_spike_split,-1,2025-11-06 16:15:00+00:00,2025-11-06 16:15:00+00:00,26095.0,26635.5,2025-11-06 16:25:00+00:00,target,84.125,51.375,540.5,0.09505087881591119,0.15564292321924145,0.11424606845513413,-0.041628122109158186,102.75,26635.0,26127.0,95849,96079,26047.0,2025-11-06
A3_k1_spike_split,-1,2025-11-07 14:30:00+00:00,2025-11-07 14:30:00+00:00,25866.5,26195.75,2025-11-07 14:31:00+00:00,target,362.0,63.0,329.25,0.19134396355353075,1.0994684889901292,0.1958997722095672,-0.004555808656036446,126.0,26195.25,26182.5,96121,96125,25823.0,2025-11-07
A3_k1_spike_split,-1,2025-11-07 14:50:00+00:00,2025-11-07 14:50:00+00:00,25693.0,26195.75,2025-11-07 15:06:00+00:00,target,202.75,18.5,502.75,0.03679761312779711,0.4032819492789657,0.09646941819990054,-0.21680755842864247,37.0,26195.25,25876.5,96121,96335,25674.0,2025-11-07
A3_k1_spike_split,-1,2025-11-07 15:25:00+00:00,2025-11-07 15:25:00+00:00,25715.75,26195.75,2025-11-07 15:41:00+00:00,target,163.5,77.0,480.0,0.16041666666666668,0.340625,0.175,-0.13958333333333334,154.0,26195.25,25801.5,96121,96345,25638.25,2025-11-07
A3_k1_spike_split,-1,2025-11-07 16:25:00+00:00,2025-11-07 16:25:00+00:00,25570.0,26195.75,2025-11-07 16:38:00+00:00,target,124.5,42.25,625.75,0.0675189772273272,0.19896124650419497,0.07710747103475829,-0.014382740711146624,84.5,26195.25,25651.5,96121,96352,25527.25,2025-11-07
A3_k1_spike_split,-1,2025-11-10 14:30:00+00:00,2025-11-10 14:30:00+00:00,26295.25,26317.0,2025-11-10 14:30:00+00:00,stop,-12.75,-22.5,21.75,-1.0344827586206897,-0.5862068965517241,0.6781609195402298,-1.3793103448275863,-45.0,26316.5,26304.0,96605,96608,26278.0,2025-11-10
A3_k1_spike_split,1,2025-11-10 14:55:00+00:00,2025-11-10 14:55:00+00:00,26370.75,25465.0,2025-11-10 14:58:00+00:00,target,123.75,32.75,905.75,0.036157880209770905,0.1366271046094397,0.04250621032293679,-0.009108473640629312,65.5,25465.5,26280.5,96367,96612,26404.0,2025-11-10
A3_k1_spike_split,1,2025-11-10 15:05:00+00:00,2025-11-10 15:05:00+00:00,26397.0,25465.0,2025-11-10 15:10:00+00:00,target,69.5,16.75,932.0,0.017972103004291844,0.07457081545064377,0.02092274678111588,-0.010997854077253219,33.5,25465.5,26345.0,96367,96616,26414.25,2025-11-10
A3_k1_spike_split,1,2025-11-10 15:25:00+00:00,2025-11-10 15:25:00+00:00,26412.0,25465.0,2025-11-10 15:26:00+00:00,target,52.25,6.5,947.0,0.006863780359028511,0.05517423442449842,0.011615628299894404,-0.0055438225976768745,13.0,25465.5,26367.0,96367,96621,26419.0,2025-11-10
A3_k1_spike_split,-1,2025-11-10 15:45:00+00:00,2025-11-10 15:45:00+00:00,26373.25,26423.5,2025-11-10 15:48:00+00:00,be,50.625,2.5,50.25,0.04975124378109453,1.007462686567164,0.2835820895522388,-0.2835820895522388,5.0,26423.0,26420.5,96623,96625,26367.0,2025-11-10
A3_k1_spike_split,1,2025-11-10 16:15:00+00:00,2025-11-10 16:15:00+00:00,26268.0,25465.0,2025-11-10 17:00:00+00:00,time,50.25,9.25,803.0,0.011519302615193025,0.06257783312577833,0.024283935242839352,-0.07378580323785804,18.5,25465.5,26228.0,96367,96631,26420.5,2025-11-10
A3_k1_spike_split,-1,2025-11-11 14:30:00+00:00,2025-11-11 14:30:00+00:00,26361.5,26525.75,2025-11-11 14:49:00+00:00,target,184.5,20.75,164.25,0.1263318112633181,1.1232876712328768,0.167427701674277,-0.2496194824961948,41.5,26525.25,26524.5,96714,96730,26340.25,2025-11-11
A3_k1_spike_split,1,2025-11-11 15:00:00+00:00,2025-11-11 15:00:00+00:00,26383.75,26024.75,2025-11-11 17:00:00+00:00,time,-50.0,-117.75,359.0,-0.3279944289693593,-0.1392757660167131,0.003481894150417827,-0.41434540389972147,-235.5,26025.25,26317.0,96439,96892,26402.5,2025-11-11
A3_k1_spike_split,-1,2025-11-12 14:30:00+00:00,2025-11-12 14:30:00+00:00,26534.75,26587.5,2025-11-12 14:31:00+00:00,target,75.5,49.25,52.75,0.933649289099526,1.4312796208530805,1.6161137440758293,-0.04265402843601896,98.5,26587.0,26576.75,97110,97114,26525.5,2025-11-12
A3_k1_spike_split,1,2025-11-12 15:05:00+00:00,2025-11-12 15:05:00+00:00,26381.25,26234.5,2025-11-12 17:00:00+00:00,time,-29.0,-93.25,146.75,-0.6354344122657581,-0.19761499148211242,0.23850085178875638,-0.9267461669505963,-186.5,26235.0,26318.0,96912,97169,26547.5,2025-11-12
A3_k1_spike_split,-1,2025-11-13 14:30:00+00:00,2025-11-13 14:30:00+00:00,26233.5,26587.5,2025-11-13 14:31:00+00:00,target,287.5,42.0,354.0,0.11864406779661017,0.8121468926553672,0.13135593220338984,-0.0692090395480226,84.0,26587.0,26478.25,97110,97356,26191.0,2025-11-13
A3_k1_spike_split,-1,2025-11-13 14:55:00+00:00,2025-11-13 14:55:00+00:00,26113.0,26587.5,2025-11-13 15:45:00+00:00,target,221.0,75.25,474.5,0.15858798735511065,0.4657534246575342,0.2054794520547945,-0.29610115911485774,150.5,26587.0,26258.0,97110,97440,26037.25,2025-11-13
A3_k1_spike_split,-1,2025-11-13 16:15:00+00:00,2025-11-13 16:15:00+00:00,25986.0,26587.5,2025-11-13 16:19:00+00:00,target,86.0,37.0,601.5,0.06151288445552785,0.142975893599335,0.08104738154613467,-0.042809642560266,74.0,26587.0,26034.25,97110,97458,25948.5,2025-11-13
A3_k1_spike_split,-1,2025-11-13 16:25:00+00:00,2025-11-13 16:25:00+00:00,25951.0,26587.5,2025-11-13 16:39:00+00:00,target,74.75,13.25,636.5,0.020816967792615867,0.11743912018853103,0.03809897879025923,-0.10801256873527101,26.5,26587.0,26011.75,97110,97461,25937.25,2025-11-13
A3_k1_spike_split,-1,2025-11-14 14:30:00+00:00,2025-11-14 14:30:00+00:00,25479.0,26478.75,2025-11-14 14:31:00+00:00,target,554.375,24.75,999.75,0.024756189047261814,0.5545136284071017,0.037259314828707174,-0.03825956489122281,49.5,26478.25,26019.75,97356,97465,25477.25,2025-11-14
A3_k1_spike_split,-1,2025-11-14 15:05:00+00:00,2025-11-14 15:05:00+00:00,25667.5,26478.75,2025-11-14 17:00:00+00:00,time,-277.0,-337.5,811.25,-0.41602465331278893,-0.3414483821263482,0.05978428351309707,-0.4400616332819723,-675.0,26478.25,25727.0,97356,97721,25382.5,2025-11-14
A3_k1_spike_split,-1,2025-11-17 14:30:00+00:00,2025-11-17 14:30:00+00:00,25754.0,26119.0,2025-11-17 14:31:00+00:00,target,321.25,28.5,365.0,0.07808219178082192,0.8801369863013698,0.11575342465753424,-0.0547945205479452,57.0,26118.5,26090.0,97925,97928,25771.25,2025-11-17
A3_k1_spike_split,1,2025-11-17 14:40:00+00:00,2025-11-17 14:40:00+00:00,25927.75,25382.0,2025-11-17 14:51:00+00:00,target,281.25,64.5,545.75,0.11818598259276225,0.5153458543289052,0.14704535043518094,-0.053595968850206135,129.0,25382.5,25711.75,97716,97992,25984.25,2025-11-17
A3_k1_spike_split,-1,2025-11-17 15:05:00+00:00,2025-11-17 15:05:00+00:00,25874.75,26119.0,2025-11-17 16:37:00+00:00,be,218.25,80.875,244.25,0.33111566018423744,0.8935516888433982,0.7154554759467758,-0.1668372569089048,161.75,26118.5,26011.25,97925,97997,25711.75,2025-11-17
A3_k1_spike_split,-1,2025-11-18 14:30:00+00:00,2025-11-18 14:30:00+00:00,25474.5,26119.0,2025-11-18 14:31:00+00:00,target,490.375,6.625,644.5,0.010279286268425137,0.7608611326609775,0.08301008533747091,-0.06322730799069046,13.25,26118.5,25957.5,97925,98021,25469.75,2025-11-18
A3_k1_spike_split,-1,2025-11-18 14:40:00+00:00,2025-11-18 14:40:00+00:00,25494.0,26119.0,2025-11-18 14:43:00+00:00,target,170.375,75.125,625.0,0.1202,0.2726,0.1452,-0.0432,150.25,26118.5,25588.5,97925,98268,25421.0,2025-11-18
A3_k1_spike_split,-1,2025-11-18 15:20:00+00:00,2025-11-18 15:20:00+00:00,25253.25,26119.0,2025-11-18 16:01:00+00:00,target,141.75,66.25,865.75,0.07652324574068727,0.16373086918856483,0.11983829049956685,-0.13110020213687554,132.5,26118.5,25328.0,97925,98276,25186.5,2025-11-18
A3_k1_spike_split,-1,2025-11-18 16:10:00+00:00,2025-11-18 16:10:00+00:00,25264.75,26119.0,2025-11-18 17:00:00+00:00,time,-123.25,-146.0,854.25,-0.17091015510681884,-0.14427860696517414,0.023119695639449808,-0.221832016388645,-292.0,26118.5,25286.5,97925,98285,25136.5,2025-11-18
A3_k1_spike_split,-1,2025-11-19 14:30:00+00:00,2025-11-19 14:30:00+00:00,25367.0,25716.75,2025-11-19 14:31:00+00:00,target,191.625,6.75,349.75,0.01929949964260186,0.547891350964975,0.08791994281629735,-0.06719085060757685,13.5,25716.25,25566.75,98115,98330,25377.5,2025-11-19
A3_k1_spike_split,1,2025-11-19 14:40:00+00:00,2025-11-19 14:40:00+00:00,25434.75,25136.0,2025-11-19 14:43:00+00:00,target,143.0,36.75,298.75,0.12301255230125523,0.4786610878661088,0.19497907949790794,-0.059414225941422594,73.5,25136.5,25329.25,98286,98544,25466.25,2025-11-19
A3_k1_spike_split,1,2025-11-19 15:25:00+00:00,2025-11-19 15:25:00+00:00,25722.0,25136.0,2025-11-19 17:00:00+00:00,time,-179.25,-251.5,586.0,-0.42918088737201365,-0.3058873720136519,0.007252559726962458,-0.5443686006825939,-503.0,25136.5,25650.75,98286,98552,25744.5,2025-11-19
A3_k1_spike_split,1,2025-11-20 14:30:00+00:00,2025-11-20 14:30:00+00:00,25968.0,25264.0,2025-11-20 14:48:00+00:00,target,695.25,53.0,704.0,0.07528409090909091,0.9875710227272727,0.08025568181818182,-0.09446022727272728,106.0,25264.5,25326.5,98582,98606,26021.5,2025-11-20
A3_k1_spike_split,1,2025-11-20 14:55:00+00:00,2025-11-20 14:55:00+00:00,26004.25,25264.0,2025-11-20 14:56:00+00:00,target,123.25,19.75,740.25,0.02668017561634583,0.16649780479567713,0.06180344478216818,-0.010131712259371834,39.5,25264.5,25901.5,98582,98822,26024.5,2025-11-20
A3_k1_spike_split,1,2025-11-20 15:25:00+00:00,2025-11-20 15:25:00+00:00,26007.25,25264.0,2025-11-20 15:37:00+00:00,target,144.5,49.0,743.25,0.06592667339387824,0.19441641439623275,0.07837201479986546,-0.03498150016818029,98.0,25264.5,25912.5,98582,98829,26056.75,2025-11-20
A3_k1_spike_split,-1,2025-11-21 14:30:00+00:00,2025-11-21 14:30:00+00:00,24959.0,26067.0,2025-11-21 14:48:00+00:00,be,804.25,28.625,1108.0,0.025834837545126353,0.7258574007220217,0.09160649819494585,-0.06994584837545126,57.25,26066.5,25733.75,98833,98843,24900.5,2025-11-21
A3_k1_spike_split,1,2025-11-21 14:55:00+00:00,2025-11-21 14:55:00+00:00,25038.0,24708.5,2025-11-21 15:36:00+00:00,stop,-148.75,-330.25,329.5,-1.0022761760242793,-0.45144157814871017,0.007587253414264037,-1.0250379362670714,-660.5,24709.0,24857.5,99070,99099,25068.25,2025-11-21
A3_k1_spike_split,-1,2025-11-21 15:55:00+00:00,2025-11-21 15:55:00+00:00,24842.75,26067.0,2025-11-21 17:00:00+00:00,time,-265.75,-286.5,1224.25,-0.23402082907902796,-0.2170716765366551,0.12395344088217276,-0.24280171533591996,-573.0,26066.5,24862.5,98833,99111,24683.75,2025-11-21
A3_k1_spike_split,-1,2025-11-24 14:30:00+00:00,2025-11-24 14:30:00+00:00,25278.5,25353.5,2025-11-24 14:32:00+00:00,stop,-13.5,-75.75,75.0,-1.01,-0.18,0.11333333333333333,-1.57,-151.5,25353.0,25339.75,99155,99158,25247.5,2025-11-24
A3_k1_spike_split,1,2025-11-24 14:45:00+00:00,2025-11-24 14:45:00+00:00,25380.75,24683.25,2025-11-24 15:02:00+00:00,target,209.0,97.5,697.5,0.13978494623655913,0.2996415770609319,0.16236559139784945,-0.06451612903225806,195.0,24683.75,25270.0,99109,99372,25478.75,2025-11-24
A3_k1_spike_split,1,2025-11-24 15:20:00+00:00,2025-11-24 15:20:00+00:00,25461.75,24683.25,2025-11-24 15:35:00+00:00,target,105.75,63.75,778.5,0.08188824662813102,0.13583815028901733,0.08895311496467566,-0.031149646756583174,127.5,24683.75,25420.5,99109,99380,25526.0,2025-11-24
A3_k1_spike_split,-1,2025-11-25 14:30:00+00:00,2025-11-25 14:30:00+00:00,25613.0,25743.75,2025-11-25 14:31:00+00:00,target,130.0,26.5,130.75,0.20267686424474188,0.994263862332696,0.2982791586998088,-0.1950286806883365,53.0,25743.25,25732.0,99471,99626,25603.75,2025-11-25
A3_k1_spike_split,-1,2025-11-25 14:40:00+00:00,2025-11-25 14:40:00+00:00,25593.0,25743.75,2025-11-25 14:43:00+00:00,target,92.75,57.5,150.75,0.3814262023217247,0.615257048092869,0.7628524046434494,-0.006633499170812604,115.0,25743.25,25638.5,99471,99648,25574.0,2025-11-25
A3_k1_spike_split,1,2025-11-25 15:00:00+00:00,2025-11-25 15:00:00+00:00,25574.25,25117.25,2025-11-25 16:52:00+00:00,target,285.625,69.125,457.0,0.1512582056892779,0.625,0.16903719912472648,-0.3583150984682713,138.25,25117.75,25358.5,99325,99652,25638.5,2025-11-25
A3_k1_spike_split,1,2025-11-26 14:30:00+00:00,2025-11-26 14:30:00+00:00,25978.75,25358.0,2025-11-26 14:31:00+00:00,target,404.125,19.75,620.75,0.031816351188078934,0.6510269834877165,0.049134111961337094,-0.022956101490132903,39.5,25358.5,25583.0,99652,99671,25981.25,2025-11-26
A3_k1_spike_split,1,2025-11-26 14:45:00+00:00,2025-11-26 14:45:00+00:00,25989.75,25358.0,2025-11-26 14:50:00+00:00,target,82.0,37.25,631.75,0.05896319746735259,0.1297981796596755,0.0664819944598338,-0.0007914523149980214,74.5,25358.5,25945.75,99652,99925,26027.5,2025-11-26
A3_k1_spike_split,1,2025-11-26 15:10:00+00:00,2025-11-26 15:10:00+00:00,25967.25,25358.0,2025-11-26 16:02:00+00:00,target,147.0,70.25,609.25,0.1153057037340993,0.24128026261797292,0.12679524004924086,-0.1124333196553139,140.5,25358.5,25891.25,99652,99930,26038.0,2025-11-26
A3_k1_spike_split,-1,2025-11-27 14:30:00+00:00,2025-11-27 14:30:00+00:00,26057.75,26132.5,2025-11-27 14:40:00+00:00,target,81.625,12.375,74.75,0.16555183946488294,1.0919732441471572,0.19063545150501673,-0.22408026755852842,24.75,26132.0,26126.25,99950,99963,26045.25,2025-11-27
A3_k1_spike_split,1,2025-11-27 14:50:00+00:00,2025-11-27 14:50:00+00:00,26055.25,25874.75,2025-11-27 17:00:00+00:00,time,9.75,-3.0,180.5,-0.01662049861495845,0.054016620498614956,0.04986149584487535,-0.07202216066481995,-6.0,25875.25,26043.5,99897,100202,26074.5,2025-11-27
A3_k1_spike_split,-1,2025-11-28 14:30:00+00:00,2025-11-28 14:30:00+00:00,26115.75,26177.0,2025-11-28 14:37:00+00:00,stop,-25.75,-62.0,61.25,-1.0122448979591836,-0.4204081632653061,0.11020408163265306,-1.0163265306122449,-124.0,26176.5,26151.0,100287,100290,26097.5,2025-11-28
A3_k1_spike_split,1,2025-11-28 14:50:00+00:00,2025-11-28 14:50:00+00:00,26149.75,26041.75,2025-11-28 16:06:00+00:00,target,92.25,27.75,108.0,0.2569444444444444,0.8541666666666666,0.3263888888888889,-0.41435185185185186,55.5,26042.25,26086.0,100218,100301,26178.0,2025-11-28
A3_k1_spike_split,-1,2025-12-01 14:30:00+00:00,2025-12-01 14:30:00+00:00,26011.0,26299.25,2025-12-01 14:32:00+00:00,target,287.25,17.0,288.25,0.05897658282740677,0.9965307892454467,0.07111882046834345,-0.12055507372072853,34.0,26298.75,26280.5,100344,100349,25995.75,2025-12-01
A3_k1_spike_split,1,2025-12-01 14:40:00+00:00,2025-12-01 14:40:00+00:00,26017.0,25966.75,2025-12-01 14:43:00+00:00,stop,-23.5,-51.0,50.25,-1.0149253731343284,-0.46766169154228854,0.472636815920398,-1.0248756218905473,-102.0,25967.25,25990.5,100510,100530,26076.25,2025-12-01
A3_k1_spike_split,-1,2025-12-01 14:45:00+00:00,2025-12-01 14:45:00+00:00,26003.25,26299.25,2025-12-01 17:00:00+00:00,time,-114.75,-188.75,296.0,-0.637668918918919,-0.3876689189189189,0.032939189189189186,-0.6891891891891891,-377.5,26298.75,26076.25,100344,100531,25950.0,2025-12-01
A3_k1_spike_split,-1,2025-12-02 14:30:00+00:00,2025-12-02 14:30:00+00:00,26248.5,26299.25,2025-12-02 14:31:00+00:00,target,31.875,13.75,50.75,0.270935960591133,0.6280788177339901,0.4088669950738916,-0.1724137931034483,27.5,26298.75,26279.5,100344,100801,26258.25,2025-12-02
A3_k1_spike_split,1,2025-12-02 14:30:00+00:00,2025-12-02 14:32:00+00:00,26258.25,25965.0,2025-12-02 14:33:00+00:00,target,22.0,21.25,293.25,0.07246376811594203,0.07502131287297528,0.08610400682011936,-0.060528559249786874,42.5,25965.5,26258.25,100532,100802,26279.5,2025-12-02
A3_k1_spike_split,1,2025-12-02 14:50:00+00:00,2025-12-02 14:50:00+00:00,26340.25,25965.0,2025-12-02 15:00:00+00:00,target,142.0,28.75,375.25,0.07661558960692871,0.37841439040639574,0.11658894070619587,-0.057961359093937376,57.5,25965.5,26227.75,100532,100806,26369.5,2025-12-02
A3_k1_spike_split,1,2025-12-02 15:20:00+00:00,2025-12-02 15:20:00+00:00,26384.5,25965.0,2025-12-02 15:50:00+00:00,target,51.5,25.75,419.5,0.06138259833134684,0.12276519666269368,0.08820023837902265,-0.23837902264600716,51.5,25965.5,26359.5,100532,100814,26410.75,2025-12-02
A3_k1_spike_split,-1,2025-12-02 16:10:00+00:00,2025-12-02 16:10:00+00:00,26349.25,26427.0,2025-12-02 16:23:00+00:00,target,164.625,92.625,77.75,1.1913183279742765,2.117363344051447,1.6205787781350482,-0.1607717041800643,185.25,26426.5,26420.5,100822,100824,26284.5,2025-12-02
A3_k1_spike_split,-1,2025-12-03 14:30:00+00:00,2025-12-03 14:30:00+00:00,26251.25,26435.5,2025-12-03 17:00:00+00:00,time,117.75,-66.75,184.25,-0.3622795115332429,0.6390773405698779,0.3514246947082768,-0.6960651289009498,-133.5,26435.0,26434.75,100971,101067,26177.25,2025-12-03
A3_k1_spike_split,1,2025-12-04 14:30:00+00:00,2025-12-04 14:30:00+00:00,26468.5,26176.75,2025-12-04 17:00:00+00:00,time,113.0,-71.0,291.75,-0.24335904027420738,0.3873179091688089,0.004284490145672665,-0.7086546700942588,-142.0,26177.25,26285.5,101078,101111,26489.0,2025-12-04
A3_k1_spike_split,-1,2025-12-05 14:30:00+00:00,2025-12-05 14:30:00+00:00,26436.0,26512.5,2025-12-05 14:31:00+00:00,stop,-8.25,-77.25,76.5,-1.0098039215686274,-0.10784313725490197,0.0392156862745098,-1.2222222222222223,-154.5,26512.0,26504.0,101560,101565,26335.5,2025-12-05
A3_k1_spike_split,1,2025-12-05 14:50:00+00:00,2025-12-05 14:50:00+00:00,26509.5,26243.0,2025-12-05 14:53:00+00:00,target,117.5,24.25,266.5,0.09099437148217636,0.44090056285178236,0.150093808630394,-0.0450281425891182,48.5,26243.5,26417.0,101416,101636,26534.25,2025-12-05
A3_k1_spike_split,1,2025-12-05 15:35:00+00:00,2025-12-05 15:35:00+00:00,26612.25,26243.0,2025-12-05 17:00:00+00:00,time,-97.0,-126.75,369.25,-0.34326337169939064,-0.2626946513202437,0.006770480704129994,-0.5545023696682464,-253.5,26243.5,26583.5,101416,101645,26624.25,2025-12-05
A3_k1_spike_split,1,2025-12-08 14:30:00+00:00,2025-12-08 14:30:00+00:00,26548.25,26407.0,2025-12-08 14:31:00+00:00,target,163.75,36.375,141.25,0.2575221238938053,1.1592920353982301,0.4265486725663717,-0.09557522123893805,72.75,26407.5,26421.5,101658,101671,26580.5,2025-12-08
A3_k1_spike_split,1,2025-12-08 14:40:00+00:00,2025-12-08 14:40:00+00:00,26561.25,26407.0,2025-12-08 15:56:00+00:00,stop,-127.5,-155.0,154.25,-1.0048622366288493,-0.826580226904376,0.14424635332252836,-1.0032414910858996,-310.0,26407.5,26534.75,101658,101910,26617.25,2025-12-08
A3_k1_spike_split,-1,2025-12-08 16:20:00+00:00,2025-12-08 16:20:00+00:00,26398.0,26617.75,2025-12-08 17:00:00+00:00,time,26.5,0.75,219.75,0.0034129692832764505,0.12059158134243458,0.11604095563139932,-0.1342434584755404,1.5,26617.25,26422.75,101910,101930,26335.5,2025-12-08
A3_k1_spike_split,-1,2025-12-09 14:30:00+00:00,2025-12-09 14:30:00+00:00,26375.0,26617.75,2025-12-09 14:31:00+00:00,target,143.5,31.75,242.75,0.13079299691040164,0.5911431513903193,0.21318228630278063,-0.08444902162718847,63.5,26617.25,26486.0,101910,102028,26346.5,2025-12-09
A3_k1_spike_split,-1,2025-12-09 14:50:00+00:00,2025-12-09 14:50:00+00:00,26374.25,26617.75,2025-12-09 17:00:00+00:00,time,-55.0,-91.5,243.5,-0.3757700205338809,-0.22587268993839835,0.0728952772073922,-0.4024640657084189,-183.0,26617.25,26409.75,101910,102188,26316.5,2025-12-09
A3_k1_spike_split,-1,2025-12-10 14:30:00+00:00,2025-12-10 14:30:00+00:00,26403.5,26503.25,2025-12-10 14:31:00+00:00,target,104.5,11.5,99.75,0.11528822055137844,1.0476190476190477,0.2681704260651629,-0.16290726817042606,23.0,26502.75,26495.75,102386,102392,26399.0,2025-12-10
A3_k1_spike_split,-1,2025-12-10 14:35:00+00:00,2025-12-10 14:35:00+00:00,26371.5,26503.25,2025-12-10 14:37:00+00:00,be,61.875,15.625,131.75,0.11859582542694497,0.4696394686907021,0.36432637571157495,-0.0683111954459203,31.25,26502.75,26423.5,102386,102461,26352.25,2025-12-10
A3_k1_spike_split,1,2025-12-10 14:45:00+00:00,2025-12-10 14:45:00+00:00,26400.0,26316.0,2025-12-10 14:47:00+00:00,target,101.125,23.875,84.0,0.28422619047619047,1.2038690476190477,0.35119047619047616,-0.08928571428571429,47.75,26316.5,26323.5,102186,102463,26423.5,2025-12-10
A3_k1_spike_split,-1,2025-12-10 14:55:00+00:00,2025-12-10 14:55:00+00:00,26381.25,26503.25,2025-12-10 15:49:00+00:00,be,77.375,28.25,122.0,0.23155737704918034,0.6342213114754098,0.5040983606557377,-0.26229508196721313,56.5,26502.75,26429.5,102386,102465,26323.5,2025-12-10
A3_k1_spike_split,1,2025-12-10 15:50:00+00:00,2025-12-10 15:50:00+00:00,26381.75,26316.0,2025-12-10 15:55:00+00:00,stop,-3.5,-66.5,65.75,-1.0114068441064639,-0.053231939163498096,0.026615969581749048,-1.1406844106463878,-133.0,26316.5,26319.75,102186,102476,26413.25,2025-12-10
A3_k1_spike_split,-1,2025-12-11 14:30:00+00:00,2025-12-11 14:30:00+00:00,26399.25,26568.5,2025-12-11 14:31:00+00:00,target,104.375,49.5,169.25,0.29246676514032494,0.6166912850812407,0.39438700147710487,-0.0413589364844904,99.0,26568.0,26495.25,102549,102561,26393.5,2025-12-11
A3_k1_spike_split,1,2025-12-11 14:40:00+00:00,2025-12-11 14:40:00+00:00,26342.75,26138.0,2025-12-11 17:00:00+00:00,time,-62.25,-86.25,204.75,-0.42124542124542125,-0.304029304029304,0.21001221001221002,-0.9572649572649573,-172.5,26138.5,26319.75,102601,102738,26437.25,2025-12-11
A3_k1_spike_split,-1,2025-12-12 14:30:00+00:00,2025-12-12 14:30:00+00:00,26316.0,26619.5,2025-12-12 14:31:00+00:00,target,121.5,8.75,303.5,0.028830313014827018,0.400329489291598,0.12355848434925865,-0.07248764415156507,17.5,26619.0,26461.0,102826,102917,26343.5,2025-12-12
A3_k1_spike_split,1,2025-12-12 14:30:00+00:00,2025-12-12 14:34:00+00:00,26343.5,26138.0,2025-12-12 15:24:00+00:00,stop,-205.25,-206.25,205.5,-1.0036496350364963,-0.9987834549878345,0.1630170316301703,-1.048661800486618,-412.5,26138.5,26343.5,102601,103011,26389.0,2025-12-12
A3_k1_spike_split,-1,2025-12-12 15:55:00+00:00,2025-12-12 15:55:00+00:00,26086.25,26619.5,2025-12-12 15:58:00+00:00,target,106.5,34.0,533.25,0.0637599624941397,0.19971870604781997,0.2180028129395218,-0.013127051101734646,68.0,26619.0,26158.0,102826,103029,26051.75,2025-12-12
A3_k1_spike_split,-1,2025-12-15 14:30:00+00:00,2025-12-15 14:30:00+00:00,26154.5,26461.5,2025-12-15 14:33:00+00:00,target,39.25,38.5,307.0,0.1254071661237785,0.1278501628664495,0.19381107491856678,-0.03908794788273615,77.0,26461.0,26154.5,102917,103287,26127.0,2025-12-15
A3_k1_spike_split,-1,2025-12-15 14:40:00+00:00,2025-12-15 14:40:00+00:00,26051.75,26461.5,2025-12-15 14:49:00+00:00,be,125.625,10.0,409.75,0.024405125076266018,0.3065893837705918,0.09334960341671751,-0.10128126906650396,20.0,26461.0,26166.5,102917,103290,26030.5,2025-12-15
A3_k1_spike_split,-1,2025-12-15 15:00:00+00:00,2025-12-15 15:00:00+00:00,25982.0,26461.5,2025-12-15 15:03:00+00:00,target,122.0,36.25,479.5,0.07559958289885298,0.25443169968717416,0.10166840458811262,-0.007820646506777894,72.5,26461.0,26067.0,102917,103294,25946.25,2025-12-15
A3_k1_spike_split,1,2025-12-15 15:10:00+00:00,2025-12-15 15:10:00+00:00,25948.5,25873.75,2025-12-15 15:24:00+00:00,stop,-48.5,-75.5,74.75,-1.0100334448160535,-0.6488294314381271,0.09698996655518395,-1.5250836120401339,-151.0,25874.25,25922.5,103039,103296,26067.0,2025-12-15
A3_k1_spike_split,1,2025-12-15 15:50:00+00:00,2025-12-15 15:50:00+00:00,25950.25,25790.5,2025-12-15 16:33:00+00:00,be,138.125,20.5,159.75,0.12832550860719874,0.8646322378716745,0.4569640062597809,-0.4679186228482003,41.0,25791.0,25833.5,103301,103304,25992.5,2025-12-15
A3_k1_spike_split,-1,2025-12-16 14:30:00+00:00,2025-12-16 14:30:00+00:00,25745.5,26167.0,2025-12-16 14:42:00+00:00,be,267.75,-21.875,421.5,-0.051897983392645314,0.6352313167259787,0.054567022538552785,-0.27876631079478054,-43.75,26166.5,26023.25,103290,103313,25766.0,2025-12-16
A3_k1_spike_split,-1,2025-12-16 14:45:00+00:00,2025-12-16 14:45:00+00:00,25779.25,26167.0,2025-12-16 14:47:00+00:00,be,112.375,27.75,387.75,0.07156673114119923,0.28981302385557706,0.16054158607350097,-0.15860735009671179,55.5,26166.5,25863.0,103290,103567,25722.5,2025-12-16
A3_k1_spike_split,1,2025-12-16 14:55:00+00:00,2025-12-16 14:55:00+00:00,25850.0,25582.0,2025-12-16 15:00:00+00:00,target,197.625,63.875,268.0,0.23833955223880596,0.7374067164179104,0.26492537313432835,-0.03824626865671642,127.75,25582.5,25717.0,103484,103569,25914.0,2025-12-16
A3_k1_spike_split,-1,2025-12-16 15:10:00+00:00,2025-12-16 15:10:00+00:00,25842.5,26167.0,2025-12-16 15:12:00+00:00,be,85.75,4.625,324.5,0.014252696456086287,0.2642526964560863,0.07473035439137134,-0.04699537750385208,9.25,26166.5,25921.0,103290,103572,25828.5,2025-12-16
A3_k1_spike_split,1,2025-12-16 15:35:00+00:00,2025-12-16 15:35:00+00:00,25779.0,25582.0,2025-12-16 17:00:00+00:00,time,156.0,69.0,197.0,0.350253807106599,0.7918781725888325,0.39847715736040606,-0.35786802030456855,138.0,25582.5,25693.0,103484,103577,25921.0,2025-12-16
A3_k1_spike_split,-1,2025-12-17 14:30:00+00:00,2025-12-17 14:30:00+00:00,25937.5,26023.0,2025-12-17 14:31:00+00:00,target,68.5,2.5,85.5,0.029239766081871343,0.8011695906432749,0.2953216374269006,-0.2894736842105263,5.0,26022.5,26008.5,103822,103835,25942.0,2025-12-17
A3_k1_spike_split,-1,2025-12-17 14:35:00+00:00,2025-12-17 14:35:00+00:00,25916.75,26023.0,2025-12-17 14:36:00+00:00,target,59.25,21.75,106.25,0.20470588235294118,0.5576470588235294,0.6305882352941177,-0.05176470588235294,43.5,26022.5,25965.75,103822,103841,25908.5,2025-12-17
A3_k1_spike_split,1,2025-12-17 14:55:00+00:00,2025-12-17 14:55:00+00:00,25809.75,25582.0,2025-12-17 15:55:00+00:00,stop,-184.75,-228.5,227.75,-1.0032930845225028,-0.8111964873765093,0.2711306256860593,-1.0439077936333698,-457.0,25582.5,25767.0,103484,103845,25965.75,2025-12-17
A3_k1_spike_split,-1,2025-12-18 14:30:00+00:00,2025-12-18 14:30:00+00:00,25801.5,26023.0,2025-12-18 14:39:00+00:00,target,43.625,42.875,221.5,0.1935665914221219,0.1969525959367946,0.3871331828442438,-0.2505643340857788,85.75,26022.5,25801.5,103822,104114,25775.5,2025-12-18
A3_k1_spike_split,-1,2025-12-18 14:40:00+00:00,2025-12-18 14:40:00+00:00,25741.5,26023.0,2025-12-18 17:00:00+00:00,time,-56.75,-173.25,281.5,-0.6154529307282416,-0.20159857904085257,0.1891651865008881,-0.7211367673179396,-346.5,26022.5,25857.0,103822,104118,25627.25,2025-12-18
A3_k1_spike_split,-1,2025-12-19 14:30:00+00:00,2025-12-19 14:30:00+00:00,25889.0,25945.0,2025-12-19 14:31:00+00:00,stop,-6.5,-56.75,56.0,-1.0133928571428572,-0.11607142857142858,0.09375,-1.2276785714285714,-113.5,25944.5,25938.25,104138,104146,25825.75,2025-12-19
A3_k1_spike_split,1,2025-12-19 14:55:00+00:00,2025-12-19 14:55:00+00:00,26064.25,25480.75,2025-12-19 15:00:00+00:00,target,247.25,36.0,583.5,0.061696658097686374,0.42373607540702657,0.11011139674378749,-0.021850899742930592,72.0,25481.25,25853.75,104027,104393,26100.75,2025-12-19
A3_k1_spike_split,1,2025-12-19 15:10:00+00:00,2025-12-19 15:10:00+00:00,26082.75,25480.75,2025-12-19 17:00:00+00:00,time,-18.25,-50.5,602.0,-0.08388704318936877,-0.0303156146179402,0.016196013289036543,-0.15863787375415284,-101.0,25481.25,26051.5,104027,104399,26128.5,2025-12-19
A3_k1_spike_split,1,2025-12-22 14:40:00+00:00,2025-12-22 14:40:00+00:00,26228.25,25738.75,2025-12-22 17:00:00+00:00,time,220.5,13.25,489.5,0.027068437180796732,0.45045965270684374,0.11797752808988764,-0.14555669050051073,26.5,25739.25,26022.0,104238,104422,26322.5,2025-12-22
A3_k1_spike_split,-1,2025-12-23 14:30:00+00:00,2025-12-23 14:30:00+00:00,26171.5,26266.5,2025-12-23 14:45:00+00:00,stop,-7.5,-95.75,95.0,-1.0078947368421052,-0.07894736842105263,0.06315789473684211,-1.0157894736842106,-191.5,26266.0,26258.75,104799,104808,26136.5,2025-12-23
A3_k1_spike_split,1,2025-12-23 14:50:00+00:00,2025-12-23 14:50:00+00:00,26261.25,26135.5,2025-12-23 17:00:00+00:00,time,74.375,31.75,125.75,0.2524850894632207,0.5914512922465208,0.341948310139165,-0.8469184890656064,63.5,26136.0,26219.5,104935,104948,26286.0,2025-12-23
A3_k1_spike_split,-1,2025-12-24 14:30:00+00:00,2025-12-24 14:30:00+00:00,26323.0,26359.75,2025-12-24 14:31:00+00:00,target,17.875,-7.25,36.75,-0.19727891156462585,0.48639455782312924,0.3741496598639456,-0.8707482993197279,-14.5,26359.25,26349.25,105214,105218,26335.25,2025-12-24
A3_k1_spike_split,-1,2025-12-24 14:40:00+00:00,2025-12-24 14:40:00+00:00,26318.0,26359.75,2025-12-24 15:13:00+00:00,stop,-4.5,-42.5,41.75,-1.0179640718562875,-0.10778443113772455,0.1317365269461078,-1.1317365269461077,-85.0,26359.25,26355.0,105214,105222,26309.25,2025-12-24
A3_k1_spike_split,1,2025-12-24 15:35:00+00:00,2025-12-24 15:35:00+00:00,26344.75,26135.5,2025-12-24 16:09:00+00:00,target,37.25,23.25,209.25,0.1111111111111111,0.17801672640382318,0.12066905615292713,-0.009557945041816009,46.5,26136.0,26331.5,104935,105233,26368.5,2025-12-24
A3_k1_spike_split,-1,2025-12-26 14:30:00+00:00,2025-12-26 14:30:00+00:00,26426.5,26451.25,2025-12-26 14:31:00+00:00,target,20.625,22.0,24.75,0.8888888888888888,0.8333333333333334,1.393939393939394,-0.47474747474747475,44.0,26450.75,26438.75,105444,105450,26418.5,2025-12-26
A3_k1_spike_split,1,2025-12-26 14:55:00+00:00,2025-12-26 14:55:00+00:00,26413.5,26307.25,2025-12-26 17:00:00+00:00,time,9.0,-13.5,106.25,-0.12705882352941175,0.08470588235294117,0.23529411764705882,-0.48705882352941177,-27.0,26307.75,26392.0,105112,105453,26462.5,2025-12-26
A3_k1_spike_split,-1,2025-12-29 14:30:00+00:00,2025-12-29 14:30:00+00:00,26234.25,26424.0,2025-12-29 17:00:00+00:00,time,197.75,10.0,189.75,0.052700922266139656,1.0421607378129116,0.23847167325428195,-0.5902503293807642,20.0,26423.5,26421.0,105518,105566,26183.5,2025-12-29
A3_k1_spike_split,-1,2025-12-30 14:30:00+00:00,2025-12-30 14:30:00+00:00,26219.75,26421.5,2025-12-30 14:36:00+00:00,be,83.125,-4.5,201.75,-0.022304832713754646,0.41201982651796776,0.03345724907063197,-0.20198265179677818,-9.0,26421.0,26302.0,105566,105794,26218.5,2025-12-30
A3_k1_spike_split,-1,2025-12-30 14:40:00+00:00,2025-12-30 14:40:00+00:00,26220.0,26421.5,2025-12-30 14:43:00+00:00,target,49.0,7.75,201.5,0.038461538461538464,0.24317617866004962,0.08436724565756824,-0.06699751861042183,15.5,26421.0,26260.5,105566,106005,26212.0,2025-12-30
A3_k1_spike_split,1,2025-12-30 14:55:00+00:00,2025-12-30 14:55:00+00:00,26272.25,26174.75,2025-12-30 14:56:00+00:00,target,81.25,9.25,97.5,0.09487179487179487,0.8333333333333334,0.3,-0.023076923076923078,18.5,26175.25,26201.0,105764,106008,26281.5,2025-12-30
A3_k1_spike_split,-1,2025-12-30 15:05:00+00:00,2025-12-30 15:05:00+00:00,26263.5,26421.5,2025-12-30 17:00:00+00:00,time,55.25,15.5,158.0,0.0981012658227848,0.34968354430379744,0.36550632911392406,-0.3670886075949367,31.0,26421.0,26302.25,105566,106010,26201.0,2025-12-30
A3_k1_spike_split,-1,2025-12-31 14:30:00+00:00,2025-12-31 14:30:00+00:00,26206.25,26322.0,2025-12-31 14:32:00+00:00,be,58.5,-1.375,115.75,-0.011879049676025918,0.5053995680345572,0.1511879049676026,-0.11663066954643629,-2.75,26321.5,26271.5,106027,106053,26220.25,2025-12-31
A3_k1_spike_split,1,2025-12-31 14:55:00+00:00,2025-12-31 14:55:00+00:00,26155.75,26087.75,2025-12-31 15:55:00+00:00,stop,-21.25,-68.75,68.0,-1.0110294117647058,-0.3125,0.10661764705882353,-1.2095588235294117,-137.5,26088.25,26109.25,106227,106284,26245.75,2025-12-31
A3_k1_spike_split,-1,2025-12-31 16:15:00+00:00,2025-12-31 16:15:00+00:00,26090.5,26322.0,2025-12-31 17:00:00+00:00,time,-36.0,-43.0,231.5,-0.1857451403887689,-0.15550755939524838,0.0032397408207343412,-0.19222462203023757,-86.0,26321.5,26096.5,106027,106300,26070.0,2025-12-31
A3_k1_spike_split,-1,2026-01-02 14:30:00+00:00,2026-01-02 14:30:00+00:00,26214.0,26272.0,2026-01-02 14:47:00+00:00,stop,-33.25,-58.75,58.0,-1.0129310344827587,-0.5732758620689655,0.8362068965517241,-1.271551724137931,-117.5,26271.5,26238.5,106515,106542,26154.5,2026-01-02
A3_k1_spike_split,1,2026-01-02 15:00:00+00:00,2026-01-02 15:00:00+00:00,26261.5,25953.5,2026-01-02 15:57:00+00:00,stop,-211.75,-308.75,308.0,-1.0024350649350648,-0.6875,0.14935064935064934,-1.1282467532467533,-617.5,25954.0,26165.5,106370,106559,26331.0,2026-01-02
A3_k1_spike_split,-1,2026-01-02 16:25:00+00:00,2026-01-02 16:25:00+00:00,25914.5,26331.5,2026-01-02 17:00:00+00:00,time,64.25,44.75,417.0,0.10731414868105515,0.15407673860911272,0.19964028776978418,-0.09652278177458033,89.5,26331.0,25933.0,106561,106578,25821.5,2026-01-02
A3_k1_spike_split,1,2026-01-05 14:30:00+00:00,2026-01-05 14:30:00+00:00,26170.75,25792.25,2026-01-05 17:00:00+00:00,time,295.75,14.75,378.5,0.03896961690885073,0.7813738441215323,0.17107001321003962,-0.2767503302509908,29.5,25792.75,25890.75,106609,106615,26307.5,2026-01-05
A3_k1_spike_split,-1,2026-01-06 14:30:00+00:00,2026-01-06 14:30:00+00:00,26163.25,26236.0,2026-01-06 14:47:00+00:00,stop,-33.75,-73.5,72.75,-1.0103092783505154,-0.4639175257731959,0.3711340206185567,-1.1443298969072164,-147.0,26235.5,26202.0,106861,107014,26126.25,2026-01-06
A3_k1_spike_split,1,2026-01-06 15:10:00+00:00,2026-01-06 15:10:00+00:00,26265.5,25942.25,2026-01-06 15:25:00+00:00,target,164.5,34.5,323.25,0.10672853828306264,0.5088940448569219,0.11987625676720805,-0.03634957463263728,69.0,25942.75,26136.25,106656,107111,26300.5,2026-01-06
A3_k1_spike_split,1,2026-01-06 15:35:00+00:00,2026-01-06 15:35:00+00:00,26283.75,25942.25,2026-01-06 17:00:00+00:00,time,-35.75,-61.25,341.5,-0.17935578330893118,-0.10468521229868229,0.01171303074670571,-0.34333821376281115,-122.5,25942.75,26259.25,106656,107119,26306.25,2026-01-06
A3_k1_spike_split,-1,2026-01-07 14:30:00+00:00,2026-01-07 14:30:00+00:00,26317.75,26372.75,2026-01-07 14:41:00+00:00,stop,-2.5,-55.75,55.0,-1.0136363636363637,-0.045454545454545456,0.35454545454545455,-1.3454545454545455,-111.5,26372.25,26370.0,107199,107212,26289.0,2026-01-07
A3_k1_spike_split,1,2026-01-07 15:10:00+00:00,2026-01-07 15:10:00+00:00,26383.75,26054.0,2026-01-07 15:32:00+00:00,target,68.25,23.25,329.75,0.07050796057619409,0.20697498104624715,0.0932524639878696,-0.10310841546626232,46.5,26054.5,26339.5,107037,107391,26407.5,2026-01-07
A3_k1_spike_split,1,2026-01-07 15:45:00+00:00,2026-01-07 15:45:00+00:00,26382.5,26054.0,2026-01-07 15:49:00+00:00,target,93.25,46.5,328.5,0.1415525114155251,0.2838660578386606,0.15449010654490106,-0.01141552511415525,93.0,26054.5,26336.5,107037,107398,26429.5,2026-01-07
A3_k1_spike_split,-1,2026-01-08 14:30:00+00:00,2026-01-08 14:30:00+00:00,26313.5,26526.0,2026-01-08 14:31:00+00:00,target,223.625,30.125,212.5,0.14176470588235293,1.0523529411764705,0.24588235294117647,-0.07882352941176471,60.25,26525.5,26506.25,107423,107437,26284.5,2026-01-08
A3_k1_spike_split,-1,2026-01-08 14:40:00+00:00,2026-01-08 14:40:00+00:00,26205.75,26526.0,2026-01-08 14:42:00+00:00,target,132.0,6.75,320.25,0.02107728337236534,0.41217798594847777,0.1717408274785324,-0.0702576112412178,13.5,26525.5,26330.25,107423,107661,26198.5,2026-01-08
A3_k1_spike_split,-1,2026-01-08 15:15:00+00:00,2026-01-08 15:15:00+00:00,26205.0,26526.0,2026-01-08 17:00:00+00:00,time,11.5,5.5,321.0,0.017133956386292833,0.03582554517133956,0.29205607476635514,-0.11214953271028037,11.0,26525.5,26210.0,107423,107668,26097.0,2026-01-08
A3_k1_spike_split,-1,2026-01-09 14:30:00+00:00,2026-01-09 14:30:00+00:00,26241.75,26378.25,2026-01-09 14:32:00+00:00,target,167.875,56.625,136.5,0.41483516483516486,1.22985347985348,0.4835164835164835,-0.007326007326007326,113.25,26377.75,26352.25,107475,107931,26189.75,2026-01-09
A3_k1_spike_split,1,2026-01-09 14:40:00+00:00,2026-01-09 14:40:00+00:00,26283.5,26096.5,2026-01-09 15:26:00+00:00,target,178.25,69.75,187.0,0.3729946524064171,0.9532085561497327,0.4037433155080214,-0.75,139.5,26097.0,26175.75,107667,107937,26352.25,2026-01-09
A3_k1_spike_split,1,2026-01-09 15:55:00+00:00,2026-01-09 15:55:00+00:00,26303.25,26096.5,2026-01-09 16:09:00+00:00,target,118.25,102.75,206.75,0.4969770253929867,0.5719467956469165,0.5429262394195888,-0.0592503022974607,205.5,26097.0,26288.5,107667,107952,26406.5,2026-01-09
A3_k1_spike_split,-1,2026-01-12 14:30:00+00:00,2026-01-12 14:30:00+00:00,26273.0,26514.0,2026-01-12 17:00:00+00:00,time,4.5,-216.0,241.0,-0.8962655601659751,0.01867219917012448,0.007261410788381743,-0.9294605809128631,-432.0,26513.5,26492.5,108008,108012,26236.75,2026-01-12
A3_k1_spike_split,1,2026-01-13 14:30:00+00:00,2026-01-13 14:30:00+00:00,26478.0,26192.0,2026-01-13 17:00:00+00:00,time,147.5,57.25,286.0,0.20017482517482518,0.5157342657342657,0.32342657342657344,-0.5052447552447552,114.5,26192.5,26388.75,108153,108359,26573.75,2026-01-13
A3_k1_spike_split,-1,2026-01-14 14:30:00+00:00,2026-01-14 14:30:00+00:00,26267.25,26574.25,2026-01-14 14:31:00+00:00,target,292.875,7.0,307.0,0.02280130293159609,0.9539902280130294,0.21498371335504887,-0.02768729641693811,14.0,26573.75,26553.5,108477,108518,26261.75,2026-01-14
A3_k1_spike_split,-1,2026-01-14 15:10:00+00:00,2026-01-14 15:10:00+00:00,26115.5,26574.25,2026-01-14 15:46:00+00:00,target,258.5,54.5,458.75,0.11880108991825614,0.5634877384196185,0.14114441416893733,-0.2332425068119891,109.0,26573.75,26318.75,108477,108766,26060.5,2026-01-14
A3_k1_spike_split,-1,2026-01-14 16:00:00+00:00,2026-01-14 16:00:00+00:00,26019.0,26574.25,2026-01-14 16:50:00+00:00,target,165.0,21.5,555.25,0.03872129671319226,0.29716343989194055,0.05222872579918955,-0.1809995497523638,43.0,26573.75,26161.75,108477,108779,25997.0,2026-01-14
A3_k1_spike_split,1,2026-01-15 14:35:00+00:00,2026-01-15 14:35:00+00:00,26416.5,25948.25,2026-01-15 14:45:00+00:00,target,491.0,63.5,468.25,0.13561131873998933,1.0485851575013347,0.13934863854778431,-0.07688200747463962,127.0,25948.75,25989.75,108814,108831,26480.5,2026-01-15
A3_k1_spike_split,1,2026-01-15 15:00:00+00:00,2026-01-15 15:00:00+00:00,26391.5,25948.25,2026-01-15 17:00:00+00:00,time,82.25,60.0,443.25,0.1353637901861252,0.18556119571347998,0.1652566271855612,-0.13649182177100957,120.0,25948.75,26370.25,108814,109045,26481.75,2026-01-15
A3_k1_spike_split,-1,2026-01-16 14:30:00+00:00,2026-01-16 14:30:00+00:00,26395.5,26482.25,2026-01-16 14:49:00+00:00,target,124.625,52.125,86.75,0.600864553314121,1.436599423631124,0.7031700288184438,-0.2680115273775216,104.25,26481.75,26467.25,109044,109072,26349.5,2026-01-16
A3_k1_spike_split,1,2026-01-16 15:10:00+00:00,2026-01-16 15:10:00+00:00,26282.75,26089.5,2026-01-16 17:00:00+00:00,time,6.0,-39.25,193.25,-0.20310478654592498,0.031047865459249677,0.018111254851228976,-0.8538163001293662,-78.5,26090.0,26238.5,108885,109323,26418.75,2026-01-16
A3_k1_spike_split,-1,2026-01-19 14:30:00+00:00,2026-01-19 14:30:00+00:00,25820.25,26419.25,2026-01-19 14:32:00+00:00,target,476.25,16.0,599.0,0.02671118530884808,0.7950751252086812,0.04340567612687813,-0.008764607679465776,32.0,26418.75,26280.75,109317,109344,25811.0,2026-01-19
A3_k1_spike_split,-1,2026-01-19 15:15:00+00:00,2026-01-19 15:15:00+00:00,25851.25,26419.25,2026-01-19 17:00:00+00:00,time,-34.5,-55.5,568.0,-0.0977112676056338,-0.06073943661971831,0.06338028169014084,-0.10519366197183098,-111.0,26418.75,25871.25,109317,109600,25763.75,2026-01-19
A3_k1_spike_split,-1,2026-01-20 14:30:00+00:00,2026-01-20 14:30:00+00:00,25769.75,25979.25,2026-01-20 17:00:00+00:00,time,40.5,-157.0,209.5,-0.7494033412887828,0.19331742243436753,0.046539379474940336,-0.89618138424821,-314.0,25978.75,25966.25,109434,109680,25709.0,2026-01-20
A3_k1_spike_split,-1,2026-01-21 14:30:00+00:00,2026-01-21 14:30:00+00:00,25723.75,25966.75,2026-01-21 15:36:00+00:00,stop,-9.0,-243.75,243.0,-1.0030864197530864,-0.037037037037037035,0.2788065843621399,-1.0421810699588476,-487.5,25966.25,25957.5,109680,109847,25636.0,2026-01-21
A3_k1_spike_split,1,2026-01-21 16:20:00+00:00,2026-01-21 16:20:00+00:00,25983.5,25559.25,2026-01-21 17:00:00+00:00,time,-216.75,-227.0,424.25,-0.5350618738951091,-0.5109015910430171,0.05185621685327048,-0.553918680023571,-454.0,25559.75,25974.25,110076,110116,26024.0,2026-01-21
A3_k1_spike_split,1,2026-01-22 14:30:00+00:00,2026-01-22 14:30:00+00:00,26257.5,25559.25,2026-01-22 17:00:00+00:00,time,526.0,-62.25,698.25,-0.08915145005370569,0.753311851056212,0.00322234156820623,-0.2796276405298962,-124.5,25559.75,25670.25,110076,110130,26267.25,2026-01-22
A3_k1_spike_split,-1,2026-01-23 14:30:00+00:00,2026-01-23 14:30:00+00:00,26134.25,26267.75,2026-01-23 15:22:00+00:00,stop,-8.25,-134.25,133.5,-1.0056179775280898,-0.06179775280898876,0.33146067415730335,-1.1067415730337078,-268.5,26267.25,26259.25,110366,110551,26086.5,2026-01-23
A3_k1_spike_split,1,2026-01-23 16:10:00+00:00,2026-01-23 16:10:00+00:00,26354.0,26010.25,2026-01-23 17:00:00+00:00,time,118.0,-38.0,343.75,-0.11054545454545454,0.3432727272727273,0.016727272727272726,-0.19127272727272726,-76.0,26010.75,26199.0,110276,110659,26373.0,2026-01-23
A3_k1_spike_split,-1,2026-01-26 14:30:00+00:00,2026-01-26 14:30:00+00:00,26275.75,26303.0,2026-01-26 14:34:00+00:00,stop,-19.25,-28.0,27.25,-1.0275229357798166,-0.7064220183486238,1.614678899082569,-1.018348623853211,-56.0,26302.5,26283.5,110707,110726,26185.5,2026-01-26
A3_k1_spike_split,1,2026-01-26 14:40:00+00:00,2026-01-26 14:40:00+00:00,26320.5,25926.5,2026-01-26 14:41:00+00:00,target,103.0,13.5,394.0,0.03426395939086294,0.2614213197969543,0.08692893401015228,-0.06345177664974619,27.0,25927.0,26231.75,110739,110925,26333.25,2026-01-26
A3_k1_spike_split,-1,2026-01-26 15:15:00+00:00,2026-01-26 15:15:00+00:00,26366.0,26381.5,2026-01-26 15:17:00+00:00,stop,-4.25,-16.25,15.5,-1.0483870967741935,-0.27419354838709675,0.6129032258064516,-1.7419354838709677,-32.5,26381.0,26377.0,110930,110932,26231.75,2026-01-26
A3_k1_spike_split,1,2026-01-26 15:30:00+00:00,2026-01-26 15:30:00+00:00,26373.75,25926.5,2026-01-26 15:52:00+00:00,target,84.0,40.0,447.25,0.08943543879262157,0.1878144214645053,0.10620458356623812,-0.029625489100055896,80.0,25927.0,26330.5,110739,110933,26414.25,2026-01-26
A3_k1_spike_split,1,2026-01-26 16:10:00+00:00,2026-01-26 16:10:00+00:00,26417.75,25926.5,2026-01-26 16:25:00+00:00,target,32.5,8.0,491.25,0.01628498727735369,0.06615776081424936,0.01984732824427481,-0.08040712468193384,16.0,25927.0,26394.0,110739,110943,26426.25,2026-01-26
A3_k1_spike_split,-1,2026-01-27 14:30:00+00:00,2026-01-27 14:30:00+00:00,26510.0,26571.5,2026-01-27 14:31:00+00:00,target,39.25,1.0,61.5,0.016260162601626018,0.6382113821138211,0.43902439024390244,-0.3943089430894309,2.0,26571.0,26549.0,111169,111175,26510.0,2026-01-27
A3_k1_spike_split,-1,2026-01-27 14:40:00+00:00,2026-01-27 14:40:00+00:00,26456.75,26571.5,2026-01-27 14:55:00+00:00,stop,-31.25,-115.5,114.75,-1.0065359477124183,-0.27233115468409586,0.006535947712418301,-1.1481481481481481,-231.0,26571.0,26540.0,111169,111201,26432.0,2026-01-27
A3_k1_spike_split,1,2026-01-27 15:20:00+00:00,2026-01-27 15:20:00+00:00,26593.0,25926.5,2026-01-27 15:35:00+00:00,target,55.75,11.5,666.5,0.0172543135783946,0.08364591147786947,0.020630157539384845,-0.041635408852213056,23.0,25927.0,26549.5,110739,111208,26605.0,2026-01-27
A3_k1_spike_split,1,2026-01-27 16:00:00+00:00,2026-01-27 16:00:00+00:00,26606.25,25926.5,2026-01-27 16:10:00+00:00,target,35.5,19.25,679.75,0.02831923501287238,0.0522250827510114,0.03126149319602795,-0.008826774549466716,38.5,25927.0,26590.75,110739,111217,26626.0,2026-01-27
A3_k1_spike_split,-1,2026-01-28 14:30:00+00:00,2026-01-28 14:30:00+00:00,26780.5,26877.0,2026-01-28 14:36:00+00:00,target,102.0,22.25,96.5,0.23056994818652848,1.0569948186528497,0.40932642487046633,-0.37305699481865284,44.5,26876.5,26859.5,111381,111399,26761.5,2026-01-28
A3_k1_spike_split,-1,2026-01-28 14:40:00+00:00,2026-01-28 14:40:00+00:00,26771.75,26877.0,2026-01-28 15:16:00+00:00,be,60.5,14.875,105.25,0.14133016627078385,0.5748218527315915,0.3515439429928741,-0.5795724465558195,29.75,26876.5,26816.5,111381,111477,26740.75,2026-01-28
A3_k1_spike_split,-1,2026-01-28 15:25:00+00:00,2026-01-28 15:25:00+00:00,26764.5,26877.0,2026-01-28 15:34:00+00:00,target,53.125,35.125,112.5,0.31222222222222223,0.4722222222222222,0.38,-0.017777777777777778,70.25,26876.5,26781.75,111381,111486,26734.75,2026-01-28
A3_k1_spike_split,1,2026-01-28 15:55:00+00:00,2026-01-28 15:55:00+00:00,26706.25,26444.25,2026-01-28 17:00:00+00:00,time,-49.25,-62.75,262.0,-0.23950381679389313,-0.18797709923664122,0.07633587786259542,-0.29770992366412213,-125.5,26444.75,26693.75,111202,111492,26781.75,2026-01-28
A3_k1_spike_split,-1,2026-01-29 14:30:00+00:00,2026-01-29 14:30:00+00:00,26660.5,26877.0,2026-01-29 14:31:00+00:00,target,159.875,-1.125,216.5,-0.005196304849884526,0.7384526558891455,0.10392609699769054,-0.20438799076212472,-2.25,26876.5,26822.0,111381,111567,26669.5,2026-01-29
A3_k1_spike_split,-1,2026-01-29 14:40:00+00:00,2026-01-29 14:40:00+00:00,26556.25,26877.0,2026-01-29 14:42:00+00:00,target,181.25,32.0,320.75,0.09976617303195635,0.5650818394388153,0.17537022603273578,-0.030397505845674203,64.0,26876.5,26704.75,111381,111753,26523.75,2026-01-29
A3_k1_spike_split,-1,2026-01-29 15:20:00+00:00,2026-01-29 15:20:00+00:00,26286.75,26877.0,2026-01-29 15:30:00+00:00,target,108.0,40.5,590.25,0.06861499364675985,0.18297331639135958,0.0745446844557391,-0.10631088521812791,81.0,26876.5,26353.5,111381,111761,26245.75,2026-01-29
A3_k1_spike_split,-1,2026-01-29 16:05:00+00:00,2026-01-29 16:05:00+00:00,26087.25,26877.0,2026-01-29 17:00:00+00:00,time,110.75,-152.5,789.75,-0.19309908198797088,0.14023425134536247,0.027856916745805635,-0.2276036720481165,-305.0,26876.5,26349.5,111381,111764,26063.5,2026-01-29
A3_k1_spike_split,-1,2026-01-30 14:30:00+00:00,2026-01-30 14:30:00+00:00,26361.5,26822.5,2026-01-30 14:33:00+00:00,be,215.5,5.875,461.0,0.01274403470715835,0.46746203904555317,0.0455531453362256,-0.18004338394793926,11.75,26822.0,26567.75,111567,111837,26343.5,2026-01-30
A3_k1_spike_split,1,2026-01-30 14:35:00+00:00,2026-01-30 14:35:00+00:00,26417.5,26176.0,2026-01-30 17:00:00+00:00,time,-46.5,-132.5,241.5,-0.5486542443064182,-0.19254658385093168,0.2039337474120083,-0.6045548654244306,-265.0,26176.5,26332.5,111973,112028,26476.0,2026-01-30
A3_k1_spike_split,-1,2026-02-02 14:30:00+00:00,2026-02-02 14:30:00+00:00,26069.5,26547.0,2026-02-02 17:00:00+00:00,time,-35.0,-353.25,477.5,-0.7397905759162303,-0.07329842931937172,0.0036649214659685864,-0.775392670157068,-706.5,26546.5,26386.75,111850,112055,26047.0,2026-02-02
A3_k1_spike_split,-1,2026-02-03 14:30:00+00:00,2026-02-03 14:30:00+00:00,26461.75,26538.75,2026-02-03 14:31:00+00:00,target,73.0,3.0,77.0,0.03896103896103896,0.948051948051948,0.6525974025974026,-0.237012987012987,6.0,26538.25,26531.0,112516,112565,26466.25,2026-02-03
A3_k1_spike_split,1,2026-02-03 14:50:00+00:00,2026-02-03 14:50:00+00:00,26326.75,25707.25,2026-02-03 17:00:00+00:00,time,-230.0,-308.5,619.5,-0.4979822437449556,-0.37126715092816787,0.0004035512510088781,-0.5383373688458434,-617.0,25707.75,26249.25,112210,112583,26505.5,2026-02-03
A3_k1_spike_split,-1,2026-02-04 14:30:00+00:00,2026-02-04 14:30:00+00:00,25912.25,26538.75,2026-02-04 14:31:00+00:00,target,237.25,94.625,626.5,0.15103750997605747,0.37869114126097364,0.2102952913008779,-0.002793296089385475,189.25,26538.25,26061.75,112516,112606,25852.5,2026-02-04
A3_k1_spike_split,-1,2026-02-04 14:35:00+00:00,2026-02-04 14:35:00+00:00,25814.0,26538.75,2026-02-04 14:58:00+00:00,target,171.5,68.0,724.75,0.09382545705415661,0.23663332183511557,0.1321145222490514,-0.13763366678164884,136.0,26538.25,25916.75,112516,112856,25745.5,2026-02-04
A3_k1_spike_split,-1,2026-02-04 15:20:00+00:00,2026-02-04 15:20:00+00:00,25721.5,26538.75,2026-02-04 16:02:00+00:00,target,153.25,85.75,817.25,0.10492505353319058,0.18751911899663506,0.1388803915570511,-0.13673906393392474,171.5,26538.25,25788.25,112516,112865,25635.25,2026-02-04
A3_k1_spike_split,-1,2026-02-04 16:25:00+00:00,2026-02-04 16:25:00+00:00,25639.5,26538.75,2026-02-04 16:38:00+00:00,target,100.25,69.75,899.25,0.07756463719766472,0.11148179038087296,0.07978871281623576,-0.030859049207673062,139.5,26538.25,25669.25,112516,112877,25569.25,2026-02-04
A3_k1_spike_split,-1,2026-02-05 14:30:00+00:00,2026-02-05 14:30:00+00:00,25298.25,25945.0,2026-02-05 14:31:00+00:00,target,473.75,62.5,646.75,0.09663703131039815,0.732508697332818,0.14340935446463085,-0.00038654812524159255,125.0,25944.5,25708.75,112845,112942,25235.25,2026-02-05
A3_k1_spike_split,-1,2026-02-05 15:00:00+00:00,2026-02-05 15:00:00+00:00,25297.25,25945.0,2026-02-05 15:08:00+00:00,target,309.75,117.5,647.75,0.18139714395986106,0.4781937475878039,0.19722115013508298,-0.05519104592821304,235.0,25944.5,25488.75,112845,113137,25179.25,2026-02-05
A3_k1_spike_split,-1,2026-02-05 15:30:00+00:00,2026-02-05 15:30:00+00:00,25106.0,25945.0,2026-02-05 16:14:00+00:00,target,113.75,27.25,839.0,0.03247914183551848,0.13557806912991657,0.04946364719904649,-0.14600715137067938,54.5,25944.5,25191.75,112845,113143,25078.25,2026-02-05
A3_k1_spike_split,-1,2026-02-06 14:30:00+00:00,2026-02-06 14:30:00+00:00,25287.25,25625.0,2026-02-06 14:31:00+00:00,target,121.375,19.75,337.75,0.05847520355292376,0.35936343449296815,0.12065136935603257,-0.043671354552183565,39.5,25624.5,25415.25,113073,113172,25303.25,2026-02-06
A3_k1_spike_split,1,2026-02-06 14:30:00+00:00,2026-02-06 14:32:00+00:00,25303.25,24767.5,2026-02-06 14:33:00+00:00,target,44.125,57.5,535.75,0.10732617825478301,0.08236117592160523,0.18152123191787214,-0.1404573028464769,115.0,24768.0,25303.25,113238,113403,25345.0,2026-02-06
A3_k1_spike_split,1,2026-02-06 14:40:00+00:00,2026-02-06 14:40:00+00:00,25439.0,24767.5,2026-02-06 14:54:00+00:00,be,236.125,24.25,671.5,0.03611317944899479,0.3516381236038719,0.10796723752792256,-0.09903201787043932,48.5,24768.0,25228.0,113238,113409,25488.75,2026-02-06
A3_k1_spike_split,-1,2026-02-06 15:00:00+00:00,2026-02-06 15:00:00+00:00,25382.0,25625.0,2026-02-06 17:00:00+00:00,time,-16.5,-147.0,243.0,-0.6049382716049383,-0.06790123456790123,0.46296296296296297,-0.8117283950617284,-294.0,25624.5,25511.5,113073,113413,25228.0,2026-02-06
A3_k1_spike_split,-1,2026-02-09 14:30:00+00:00,2026-02-09 14:30:00+00:00,25585.0,25875.0,2026-02-09 14:31:00+00:00,target,275.125,77.75,290.0,0.2681034482758621,0.9487068965517241,0.35172413793103446,-0.05344827586206897,155.5,25874.5,25793.5,113515,113543,25542.0,2026-02-09
A3_k1_spike_split,-1,2026-02-09 14:35:00+00:00,2026-02-09 14:35:00+00:00,25572.5,25875.0,2026-02-09 16:27:00+00:00,stop,-266.5,-303.25,302.5,-1.0024793388429751,-0.8809917355371901,0.10495867768595041,-1.0173553719008264,-606.5,25874.5,25608.25,113515,113684,25347.5,2026-02-09
A3_k1_spike_split,1,2026-02-10 14:30:00+00:00,2026-02-10 14:30:00+00:00,25904.0,25482.5,2026-02-10 15:06:00+00:00,target,147.125,48.375,421.5,0.11476868327402136,0.34905100830367736,0.15954922894424675,-0.297153024911032,96.75,25483.0,25806.0,113685,113826,25949.25,2026-02-10
A3_k1_spike_split,1,2026-02-10 15:20:00+00:00,2026-02-10 15:20:00+00:00,25935.5,25482.5,2026-02-10 17:00:00+00:00,time,-28.75,-81.5,453.0,-0.17991169977924945,-0.06346578366445917,0.06788079470198675,-0.20143487858719647,-163.0,25483.0,25883.75,113685,113969,25974.5,2026-02-10
A3_k1_spike_split,-1,2026-02-11 14:30:00+00:00,2026-02-11 14:30:00+00:00,25945.75,25979.5,2026-02-11 14:30:00+00:00,stop,-28.5,-34.5,33.75,-1.0222222222222221,-0.8444444444444444,0.5333333333333333,-1.385185185185185,-69.0,25979.0,25950.75,114230,114234,25850.5,2026-02-11
A3_k1_spike_split,1,2026-02-11 14:45:00+00:00,2026-02-11 14:45:00+00:00,25919.5,25674.0,2026-02-11 15:13:00+00:00,stop,-192.25,-246.25,245.5,-1.0030549898167007,-0.7830957230142567,0.18024439918533605,-1.0183299389002036,-492.5,25674.5,25866.5,114183,114238,25993.0,2026-02-11
A3_k1_spike_split,-1,2026-02-11 16:05:00+00:00,2026-02-11 16:05:00+00:00,25736.5,25993.5,2026-02-11 17:00:00+00:00,time,91.0,28.0,257.0,0.10894941634241245,0.3540856031128405,0.16926070038910507,-0.25778210116731515,56.0,25993.0,25798.5,114237,114254,25660.5,2026-02-11
A3_k1_spike_split,-1,2026-02-12 14:30:00+00:00,2026-02-12 14:30:00+00:00,25874.0,25993.5,2026-02-12 14:32:00+00:00,be,66.0,0.0,119.5,0.0,0.5523012552301255,0.26359832635983266,-0.2301255230125523,0.0,25993.0,25947.5,114237,114503,25889.5,2026-02-12
A3_k1_spike_split,1,2026-02-12 14:40:00+00:00,2026-02-12 14:40:00+00:00,25887.75,25669.0,2026-02-12 15:38:00+00:00,stop,-173.25,-219.5,218.75,-1.0034285714285713,-0.792,0.13257142857142856,-1.0742857142857143,-439.0,25669.5,25842.5,114267,114513,25936.75,2026-02-12
A3_k1_spike_split,-1,2026-02-12 15:40:00+00:00,2026-02-12 15:40:00+00:00,25661.5,25993.5,2026-02-12 15:54:00+00:00,target,196.5,75.5,332.0,0.22740963855421686,0.5918674698795181,0.24849397590361447,-0.023343373493975902,151.0,25993.0,25781.75,114237,114525,25585.5,2026-02-12
A3_k1_spike_split,-1,2026-02-13 14:30:00+00:00,2026-02-13 14:30:00+00:00,25270.0,25948.0,2026-02-13 14:41:00+00:00,target,501.5,122.0,678.0,0.17994100294985252,0.7396755162241888,0.21976401179941002,-0.08480825958702065,244.0,25947.5,25648.75,114503,114529,25147.5,2026-02-13
A3_k1_spike_split,-1,2026-02-13 14:55:00+00:00,2026-02-13 14:55:00+00:00,25256.75,25948.0,2026-02-13 17:00:00+00:00,time,-44.0,-165.5,691.25,-0.23942133815551536,-0.06365280289330923,0.07124773960216998,-0.2972875226039783,-331.0,25947.5,25377.25,114503,114792,25106.25,2026-02-13
A3_k1_spike_split,-1,2026-02-16 14:30:00+00:00,2026-02-16 14:30:00+00:00,25290.0,25523.5,2026-02-16 14:35:00+00:00,be,227.375,3.5,233.5,0.014989293361884369,0.9737687366167024,0.07815845824411134,-0.06209850107066381,7.0,25523.0,25513.0,114838,114840,25281.75,2026-02-16
A3_k1_spike_split,1,2026-02-16 14:55:00+00:00,2026-02-16 14:55:00+00:00,25281.5,25105.75,2026-02-16 17:00:00+00:00,time,36.25,-26.5,175.75,-0.1507823613086771,0.20625889046941678,0.24751066856330015,-0.4751066856330014,-53.0,25106.25,25219.75,114791,115068,25382.0,2026-02-16
A3_k1_spike_split,-1,2026-02-17 14:30:00+00:00,2026-02-17 14:30:00+00:00,25186.0,25450.25,2026-02-17 14:32:00+00:00,be,192.125,-5.25,264.25,-0.019867549668874173,0.7270577105014191,0.19962157048249762,-0.20908230842005676,-10.5,25449.75,25369.5,115004,115117,25169.25,2026-02-17
A3_k1_spike_split,1,2026-02-17 14:40:00+00:00,2026-02-17 14:40:00+00:00,25324.5,25045.0,2026-02-17 14:55:00+00:00,stop,-88.0,-280.25,279.5,-1.0026833631484795,-0.3148479427549195,0.044722719141323794,-1.0688729874776386,-560.5,25045.5,25133.25,115277,115293,25353.75,2026-02-17
A3_k1_spike_split,-1,2026-02-17 15:15:00+00:00,2026-02-17 15:15:00+00:00,25026.5,25450.25,2026-02-17 15:33:00+00:00,target,110.75,37.25,423.75,0.08790560471976401,0.26135693215339234,0.11740412979351032,-0.335693215339233,74.5,25449.75,25099.25,115004,115300,24988.75,2026-02-17
A3_k1_spike_split,-1,2026-02-18 14:30:00+00:00,2026-02-18 14:30:00+00:00,25336.0,25449.75,2026-02-18 14:31:00+00:00,target,32.75,32.5,113.75,0.2857142857142857,0.2879120879120879,0.4967032967032967,-0.14725274725274726,65.0,25449.25,25376.0,115557,115566,25350.5,2026-02-18
A3_k1_spike_split,1,2026-02-18 14:40:00+00:00,2026-02-18 14:40:00+00:00,25332.0,24976.25,2026-02-18 14:48:00+00:00,be,74.75,21.375,355.75,0.060084328882642306,0.2101194659170766,0.21152494729444835,-0.05270555165144062,42.75,24976.75,25279.5,115305,115569,25376.0,2026-02-18
A3_k1_spike_split,1,2026-02-18 15:25:00+00:00,2026-02-18 15:25:00+00:00,25576.75,24976.25,2026-02-18 15:40:00+00:00,target,78.25,25.0,600.5,0.041631973355537054,0.13030807660283097,0.05120732722731058,-0.0466278101582015,50.0,24976.75,25524.25,115305,115577,25602.25,2026-02-18
A3_k1_spike_split,1,2026-02-18 15:55:00+00:00,2026-02-18 15:55:00+00:00,25612.0,24976.25,2026-02-18 15:56:00+00:00,target,70.0,11.75,635.75,0.0184821077467558,0.11010617381046009,0.022807707432166733,-0.003539127015336217,23.5,24976.75,25548.75,115305,115582,25618.5,2026-02-18
A3_k1_spike_split,1,2026-02-18 16:15:00+00:00,2026-02-18 16:15:00+00:00,25626.5,24976.25,2026-02-18 16:32:00+00:00,target,64.75,16.5,650.25,0.025374855824682813,0.09957708573625529,0.03037293348712034,-0.03383314109957709,33.0,24976.75,25579.0,115305,115585,25643.5,2026-02-18
A3_k1_spike_split,-1,2026-02-19 14:30:00+00:00,2026-02-19 14:30:00+00:00,25361.25,25656.5,2026-02-19 14:39:00+00:00,be,312.75,18.125,295.25,0.06138865368331922,1.0592718035563082,0.24132091447925486,-0.1676545300592718,36.25,25656.0,25655.0,115600,115611,25323.75,2026-02-19
A3_k1_spike_split,-1,2026-02-19 14:40:00+00:00,2026-02-19 14:40:00+00:00,25341.5,25656.5,2026-02-19 17:00:00+00:00,time,39.0,-31.25,315.0,-0.0992063492063492,0.12380952380952381,0.12857142857142856,-0.46904761904761905,-62.5,25656.0,25410.75,115600,115845,25279.5,2026-02-19
A3_k1_spike_split,-1,2026-02-20 14:30:00+00:00,2026-02-20 14:30:00+00:00,25242.5,25582.25,2026-02-20 15:01:00+00:00,stop,-69.25,-340.5,339.75,-1.0022075055187638,-0.20382634289919058,0.11184694628403238,-1.072111846946284,-681.0,25581.75,25512.75,115771,116059,25223.75,2026-02-20
A3_k1_spike_split,1,2026-02-20 15:10:00+00:00,2026-02-20 15:10:00+00:00,25509.25,25204.0,2026-02-20 15:48:00+00:00,target,237.0,100.0,305.25,0.3276003276003276,0.7764127764127764,0.35872235872235875,-0.3972153972153972,200.0,25204.5,25373.0,116121,116126,25609.75,2026-02-20
A3_k1_spike_split,-1,2026-02-23 14:30:00+00:00,2026-02-23 14:30:00+00:00,25508.5,25650.5,2026-02-23 14:41:00+00:00,target,190.25,50.5,142.0,0.35563380281690143,1.3397887323943662,0.5545774647887324,-0.4154929577464789,101.0,25650.0,25647.5,116172,116175,25461.0,2026-02-23
A3_k1_spike_split,1,2026-02-23 14:55:00+00:00,2026-02-23 14:55:00+00:00,25450.75,25204.0,2026-02-23 16:08:00+00:00,stop,-180.75,-247.5,246.75,-1.0030395136778116,-0.7325227963525835,0.11955420466058764,-1.0081053698074975,-495.0,25204.5,25385.0,116121,116400,25567.5,2026-02-23
A3_k1_spike_split,-1,2026-02-24 14:30:00+00:00,2026-02-24 14:30:00+00:00,25332.0,25568.0,2026-02-24 14:31:00+00:00,target,106.25,8.75,236.0,0.037076271186440676,0.4502118644067797,0.21504237288135594,-0.09004237288135593,17.5,25567.5,25428.75,116397,116644,25323.75,2026-02-24
A3_k1_spike_split,1,2026-02-24 14:45:00+00:00,2026-02-24 14:45:00+00:00,25439.0,25194.75,2026-02-24 14:48:00+00:00,target,247.5,29.25,244.25,0.11975435005117707,1.0133060388945752,0.21596724667349027,-0.028659160696008188,58.5,25195.25,25221.5,116417,116674,25457.25,2026-02-24
A3_k1_spike_split,-1,2026-02-24 14:55:00+00:00,2026-02-24 14:55:00+00:00,25441.75,25568.0,2026-02-24 16:13:00+00:00,stop,-76.0,-127.0,126.25,-1.005940594059406,-0.601980198019802,0.7504950495049505,-1.0514851485148515,-254.0,25567.5,25491.75,116397,116676,25221.5,2026-02-24
A3_k1_spike_split,1,2026-02-24 16:20:00+00:00,2026-02-24 16:20:00+00:00,25546.5,25194.75,2026-02-24 17:00:00+00:00,time,28.75,9.0,351.75,0.0255863539445629,0.08173418621179815,0.06041222459132907,-0.1414356787491116,18.0,25195.25,25527.75,116417,116693,25574.5,2026-02-24
A3_k1_spike_split,1,2026-02-25 14:30:00+00:00,2026-02-25 14:30:00+00:00,25688.0,25221.0,2026-02-25 14:31:00+00:00,target,208.5,51.25,467.0,0.10974304068522484,0.4464668094218415,0.15364025695931477,-0.008029978586723769,102.5,25221.5,25496.75,116674,116697,25705.0,2026-02-25
A3_k1_spike_split,1,2026-02-25 15:10:00+00:00,2026-02-25 15:10:00+00:00,25845.5,25221.0,2026-02-25 17:00:00+00:00,time,11.5,-2.0,624.5,-0.0032025620496397116,0.018414731785428344,0.038030424339471576,-0.08526821457165733,-4.0,25221.5,25833.0,116674,116954,25888.5,2026-02-25
A3_k1_spike_split,-1,2026-02-26 14:30:00+00:00,2026-02-26 14:30:00+00:00,25868.5,25943.5,2026-02-26 14:31:00+00:00,target,52.125,47.5,75.0,0.6333333333333333,0.695,0.81,-0.013333333333333334,95.0,25943.0,25912.5,117216,117222,25865.5,2026-02-26
A3_k1_spike_split,1,2026-02-26 14:45:00+00:00,2026-02-26 14:45:00+00:00,25793.25,25519.25,2026-02-26 15:16:00+00:00,stop,-232.75,-274.75,274.0,-1.0027372262773722,-0.8494525547445255,0.0,-1.0054744525547445,-549.5,25519.75,25752.25,116764,117226,25912.5,2026-02-26
A3_k1_spike_split,-1,2026-02-26 15:55:00+00:00,2026-02-26 15:55:00+00:00,25536.75,25943.5,2026-02-26 17:00:00+00:00,time,63.5,44.75,406.75,0.11001843884449908,0.15611555009219422,0.1352181929932391,-0.1874615857406269,89.5,25943.0,25554.5,117216,117240,25389.5,2026-02-26
A3_k1_spike_split,-1,2026-02-27 14:30:00+00:00,2026-02-27 14:30:00+00:00,25343.25,25943.5,2026-02-27 14:32:00+00:00,be,282.625,-6.0,600.25,-0.009995835068721367,0.4708454810495627,0.019575177009579343,-0.11203665139525198,-12.0,25943.0,25626.5,117216,117290,25345.0,2026-02-27
A3_k1_spike_split,-1,2026-02-27 14:55:00+00:00,2026-02-27 14:55:00+00:00,25410.0,25943.5,2026-02-27 17:00:00+00:00,time,-30.5,-87.75,533.5,-0.16447985004686036,-0.05716963448922212,0.06091846298031865,-0.260543580131209,-175.5,25943.0,25466.25,117216,117504,25307.5,2026-02-27
A3_k1_spike_split,-1,2026-03-02 14:30:00+00:00,2026-03-02 14:30:00+00:00,25171.75,25626.75,2026-03-02 17:00:00+00:00,time,3.75,-389.75,455.0,-0.8565934065934065,0.008241758241758242,0.08571428571428572,-0.8796703296703297,-779.5,25626.25,25564.25,117439,117532,25122.0,2026-03-02
A3_k1_spike_split,-1,2026-03-03 14:30:00+00:00,2026-03-03 14:30:00+00:00,25062.0,25628.0,2026-03-03 15:17:00+00:00,target,639.25,82.25,566.0,0.14531802120141343,1.129416961130742,0.15680212014134276,-0.2234982332155477,164.5,25627.5,25618.25,117840,117844,24983.25,2026-03-03
A3_k1_spike_split,-1,2026-03-03 15:20:00+00:00,2026-03-03 15:20:00+00:00,24961.75,25628.0,2026-03-03 15:25:00+00:00,target,182.75,64.25,666.25,0.09643527204502814,0.274296435272045,0.10619136960600375,-0.012382739212007506,128.5,25627.5,25079.5,117840,118061,24897.0,2026-03-03
A3_k1_spike_split,-1,2026-03-03 15:50:00+00:00,2026-03-03 15:50:00+00:00,24946.75,25628.0,2026-03-03 17:00:00+00:00,time,-199.0,-253.0,681.25,-0.37137614678899084,-0.29211009174311925,0.0671559633027523,-0.44880733944954126,-506.0,25627.5,24999.75,117840,118067,24878.25,2026-03-03
A3_k1_spike_split,-1,2026-03-04 14:30:00+00:00,2026-03-04 14:30:00+00:00,25380.0,25539.25,2026-03-04 14:37:00+00:00,be,68.375,-24.125,159.25,-0.15149136577708006,0.4293563579277865,0.09576138147566719,-0.7409733124018838,-48.25,25538.75,25455.5,117867,118314,25394.75,2026-03-04
A3_k1_spike_split,1,2026-03-04 14:40:00+00:00,2026-03-04 14:40:00+00:00,25414.25,24877.75,2026-03-04 15:17:00+00:00,target,160.125,109.875,536.5,0.20479962721342032,0.2984622553588071,0.23625349487418454,-0.13653308480894688,219.75,24878.25,25364.75,118064,118329,25510.5,2026-03-04
A3_k1_spike_split,1,2026-03-04 15:55:00+00:00,2026-03-04 15:55:00+00:00,25608.25,24877.75,2026-03-04 16:01:00+00:00,target,111.0,66.5,730.5,0.09103353867214237,0.15195071868583163,0.09274469541409994,-0.003080082135523614,133.0,24878.25,25564.5,118064,118344,25675.25,2026-03-04
A3_k1_spike_split,-1,2026-03-05 14:30:00+00:00,2026-03-05 14:30:00+00:00,25515.0,25771.0,2026-03-05 15:36:00+00:00,be,253.625,12.0,256.0,0.046875,0.99072265625,0.22265625,-0.8623046875,24.0,25770.5,25755.75,118434,118439,25489.75,2026-03-05
A3_k1_spike_split,1,2026-03-05 15:40:00+00:00,2026-03-05 15:40:00+00:00,25571.75,25062.75,2026-03-05 17:00:00+00:00,time,112.75,-2.0,509.0,-0.003929273084479371,0.22151277013752455,0.10363457760314342,-0.20481335952848723,-4.0,25063.25,25458.0,118242,118617,25709.5,2026-03-05
A3_k1_spike_split,-1,2026-03-06 14:30:00+00:00,2026-03-06 14:30:00+00:00,25212.5,25771.0,2026-03-06 14:36:00+00:00,target,528.75,71.5,558.5,0.12802148612354522,0.9467323187108326,0.13115487914055507,-0.0846016114592659,143.0,25770.5,25669.0,118434,118774,25140.5,2026-03-06
A3_k1_spike_split,-1,2026-03-06 14:45:00+00:00,2026-03-06 14:45:00+00:00,25208.25,25771.0,2026-03-06 17:00:00+00:00,time,-148.5,-201.0,562.75,-0.3571745890715238,-0.26388271879164815,0.08707241226121723,-0.4171479342514438,-402.0,25770.5,25259.75,118434,118881,25139.25,2026-03-06
A3_k1_spike_split,-1,2026-03-09 13:30:00+00:00,2026-03-09 13:30:00+00:00,24959.75,25669.5,2026-03-09 13:45:00+00:00,target,559.375,69.875,709.75,0.09845015850651638,0.7881296231067277,0.12504402958788305,-0.13208876364917224,139.75,25669.0,25448.5,118774,118911,24902.5,2026-03-09
A3_k1_spike_split,-1,2026-03-09 13:55:00+00:00,2026-03-09 13:55:00+00:00,24868.5,25669.5,2026-03-09 16:00:00+00:00,time,-222.5,-302.5,801.0,-0.3776529338327091,-0.2777777777777778,0.03464419475655431,-0.39637952559300876,-605.0,25669.0,24947.5,118774,119160,24811.75,2026-03-09
A3_k1_spike_split,-1,2026-03-10 13:30:00+00:00,2026-03-10 13:30:00+00:00,25518.75,25674.75,2026-03-10 14:05:00+00:00,be,159.5,15.375,156.0,0.0985576923076923,1.0224358974358974,0.4599358974358974,-0.5753205128205128,30.75,25674.25,25662.0,119374,119381,25486.75,2026-03-10
A3_k1_spike_split,-1,2026-03-10 14:15:00+00:00,2026-03-10 14:15:00+00:00,25458.25,25674.75,2026-03-10 14:19:00+00:00,be,86.125,17.25,216.5,0.07967667436489607,0.39780600461893767,0.1766743648960739,-0.13394919168591224,34.5,25674.25,25526.25,119374,119440,25422.5,2026-03-10
A3_k1_spike_split,1,2026-03-10 14:25:00+00:00,2026-03-10 14:25:00+00:00,25506.75,24526.0,2026-03-10 14:34:00+00:00,target,135.5,50.875,980.75,0.05187356614835585,0.13815957175630894,0.08462911037471323,-0.0010196278358399185,101.75,24526.5,25420.0,119022,119442,25526.25,2026-03-10
A3_k1_spike_split,1,2026-03-10 15:20:00+00:00,2026-03-10 15:20:00+00:00,25697.5,24526.0,2026-03-10 16:00:00+00:00,time,32.0,-21.5,1171.5,-0.01835253947930004,0.02731540759709774,0.00597524541186513,-0.052069995731967564,-43.0,24526.5,25645.0,119022,119453,25709.5,2026-03-10
A3_k1_spike_split,-1,2026-03-11 13:30:00+00:00,2026-03-11 13:30:00+00:00,25562.25,25651.5,2026-03-11 14:00:00+00:00,stop,-1.75,-90.0,89.25,-1.0084033613445378,-0.0196078431372549,0.22408963585434175,-1.6050420168067228,-180.0,25651.0,25649.5,119594,119596,25436.0,2026-03-11
A3_k1_spike_split,-1,2026-03-11 14:40:00+00:00,2026-03-11 14:40:00+00:00,25535.25,25708.0,2026-03-11 15:24:00+00:00,be,62.125,24.0,172.75,0.1389290882778582,0.35962373371924744,0.3516642547033285,-0.4761215629522431,48.0,25707.5,25572.5,119715,119721,25486.0,2026-03-11
A3_k1_spike_split,1,2026-03-11 15:25:00+00:00,2026-03-11 15:25:00+00:00,25529.25,25359.5,2026-03-11 16:00:00+00:00,time,-12.25,-68.0,169.75,-0.4005891016200295,-0.07216494845360824,0.09720176730486009,-0.646539027982327,-136.0,25360.0,25474.5,119273,119730,25617.5,2026-03-11
A3_k1_spike_split,-1,2026-03-12 13:30:00+00:00,2026-03-12 13:30:00+00:00,25303.0,25708.0,2026-03-12 13:32:00+00:00,be,274.375,14.0,405.0,0.0345679012345679,0.6774691358024691,0.08271604938271605,-0.09259259259259259,28.0,25707.5,25562.5,119715,119751,25273.75,2026-03-12
A3_k1_spike_split,1,2026-03-12 13:40:00+00:00,2026-03-12 13:40:00+00:00,25344.0,25223.25,2026-03-12 13:47:00+00:00,stop,-46.0,-121.5,120.75,-1.0062111801242235,-0.38095238095238093,0.09730848861283643,-1.1594202898550725,-243.0,25223.75,25269.5,119866,119985,25374.75,2026-03-12
A3_k1_spike_split,-1,2026-03-12 14:05:00+00:00,2026-03-12 14:05:00+00:00,25246.75,25708.0,2026-03-12 14:29:00+00:00,target,136.75,88.25,461.25,0.1913279132791328,0.2964769647696477,0.2222222222222222,-0.06666666666666667,176.5,25707.5,25294.5,119715,119989,25158.0,2026-03-12
A3_k1_spike_split,-1,2026-03-12 14:45:00+00:00,2026-03-12 14:45:00+00:00,25172.25,25708.0,2026-03-12 15:12:00+00:00,target,131.0,71.75,535.75,0.13392440503966402,0.24451703219785348,0.1455902939804013,-0.1511899206719552,143.5,25707.5,25230.75,119715,119996,25100.0,2026-03-12
A3_k1_spike_split,-1,2026-03-13 13:30:00+00:00,2026-03-13 13:30:00+00:00,25172.75,25457.0,2026-03-13 13:35:00+00:00,target,92.625,1.875,284.25,0.006596306068601583,0.3258575197889182,0.09586631486367635,-0.19788918205804748,3.75,25456.5,25262.75,119963,120019,25171.25,2026-03-13
A3_k1_spike_split,-1,2026-03-13 13:40:00+00:00,2026-03-13 13:40:00+00:00,25204.25,25457.0,2026-03-13 14:46:00+00:00,target,113.875,88.375,252.75,0.3496538081107814,0.4505440158259149,0.49455984174085066,-0.5074183976261127,176.75,25456.5,25229.0,119963,120261,25129.75,2026-03-13
A3_k1_spike_split,-1,2026-03-13 15:00:00+00:00,2026-03-13 15:00:00+00:00,25017.75,25457.0,2026-03-13 15:34:00+00:00,be,124.875,16.5,439.25,0.037564029595902104,0.28429140580535,0.0796812749003984,-0.18042117245304495,33.0,25456.5,25125.25,119963,120277,24983.5,2026-03-13
A3_k1_spike_split,-1,2026-03-16 13:30:00+00:00,2026-03-16 13:30:00+00:00,25183.0,25333.0,2026-03-16 13:32:00+00:00,be,38.125,-5.625,150.0,-0.0375,0.25416666666666665,0.21666666666666667,-0.27666666666666667,-11.25,25332.5,25217.25,120264,120528,25175.75,2026-03-16
A3_k1_spike_split,1,2026-03-16 13:40:00+00:00,2026-03-16 13:40:00+00:00,25211.75,24995.75,2026-03-16 13:52:00+00:00,be,83.5,21.375,216.0,0.09895833333333333,0.38657407407407407,0.2349537037037037,-0.1111111111111111,42.75,24996.25,25150.5,120393,120537,25255.75,2026-03-16
A3_k1_spike_split,-1,2026-03-16 13:55:00+00:00,2026-03-16 13:55:00+00:00,25226.0,25333.0,2026-03-16 14:50:00+00:00,target,93.625,56.375,107.0,0.5268691588785047,0.875,0.8995327102803738,-0.6285046728971962,112.75,25332.5,25262.5,120264,120540,25187.75,2026-03-16
A3_k1_spike_split,1,2026-03-16 15:00:00+00:00,2026-03-16 15:00:00+00:00,25222.5,24995.75,2026-03-16 16:00:00+00:00,time,73.25,-20.5,226.75,-0.09040793825799338,0.3230429988974642,0.19735391400220506,-0.21168687982359427,-41.0,24996.25,25129.75,120393,120553,25293.25,2026-03-16
A3_k1_spike_split,1,2026-03-17 13:30:00+00:00,2026-03-17 13:30:00+00:00,25310.25,24995.75,2026-03-17 13:32:00+00:00,target,299.0,33.0,314.5,0.10492845786963434,0.9507154213036566,0.18600953895071543,-0.11526232114467408,66.0,24996.25,25045.0,120393,120724,25343.75,2026-03-17
A3_k1_spike_split,1,2026-03-17 14:00:00+00:00,2026-03-17 14:00:00+00:00,25402.0,24995.75,2026-03-17 16:00:00+00:00,time,28.75,-100.25,406.25,-0.24676923076923077,0.07076923076923076,0.018461538461538463,-0.3630769230769231,-200.5,24996.25,25274.0,120393,120813,25424.25,2026-03-17
A3_k1_spike_split,-1,2026-03-18 13:30:00+00:00,2026-03-18 13:30:00+00:00,25239.5,25518.0,2026-03-18 14:25:00+00:00,target,324.5,58.75,278.5,0.21095152603231598,1.1651705565529622,0.24865350089766608,-0.24236983842010773,117.5,25517.5,25504.5,121004,121051,25187.5,2026-03-18
A3_k1_spike_split,1,2026-03-18 14:35:00+00:00,2026-03-18 14:35:00+00:00,25149.0,25052.0,2026-03-18 16:00:00+00:00,time,85.25,57.5,97.0,0.5927835051546392,0.8788659793814433,0.961340206185567,-0.18814432989690721,115.0,25052.5,25122.25,120735,121100,25292.5,2026-03-18
A3_k1_spike_split,-1,2026-03-19 13:30:00+00:00,2026-03-19 13:30:00+00:00,24744.0,25518.0,2026-03-19 13:31:00+00:00,target,509.25,55.0,774.0,0.0710594315245478,0.6579457364341085,0.12758397932816537,-0.0012919896640826874,110.0,25517.5,25226.0,121004,121113,24717.0,2026-03-19
A3_k1_spike_split,-1,2026-03-19 14:00:00+00:00,2026-03-19 14:00:00+00:00,24818.0,25518.0,2026-03-19 16:00:00+00:00,time,46.75,26.5,700.0,0.03785714285714286,0.06678571428571428,0.15071428571428572,-0.10821428571428572,53.0,25517.5,24837.25,121004,121369,24640.25,2026-03-19
A3_k1_spike_split,-1,2026-03-20 13:30:00+00:00,2026-03-20 13:30:00+00:00,24803.5,25041.75,2026-03-20 13:31:00+00:00,target,242.25,61.5,238.25,0.25813221406086045,1.0167890870933893,0.4018887722980063,-0.014690451206715634,123.0,25041.25,25007.5,121234,121433,24775.0,2026-03-20
A3_k1_spike_split,-1,2026-03-20 13:35:00+00:00,2026-03-20 13:35:00+00:00,24716.75,25041.75,2026-03-20 13:57:00+00:00,target,201.75,74.5,325.0,0.22923076923076924,0.6207692307692307,0.2676923076923077,-0.2123076923076923,149.0,25041.25,24843.25,121234,121640,24648.5,2026-03-20
A3_k1_spike_split,-1,2026-03-20 14:20:00+00:00,2026-03-20 14:20:00+00:00,24595.75,25041.75,2026-03-20 14:54:00+00:00,target,88.25,38.5,446.0,0.08632286995515695,0.19786995515695066,0.10818385650224215,-0.10594170403587444,77.0,25041.25,24644.75,121234,121648,24556.75,2026-03-20
A3_k1_spike_split,-1,2026-03-20 15:00:00+00:00,2026-03-20 15:00:00+00:00,24586.25,25041.75,2026-03-20 16:00:00+00:00,time,-6.75,-43.5,455.5,-0.09549945115257959,-0.014818880351262349,0.07354555433589462,-0.16081229418221735,-87.0,25041.25,24622.0,121234,121656,24547.5,2026-03-20
A3_k1_spike_split,-1,2026-03-23 13:30:00+00:00,2026-03-23 13:30:00+00:00,24810.25,25080.0,2026-03-23 13:36:00+00:00,be,221.25,20.125,269.75,0.07460611677479147,0.8202038924930491,0.2289156626506024,-0.10194624652455977,40.25,25079.5,25010.5,121889,121893,24768.75,2026-03-23
A3_k1_spike_split,1,2026-03-23 13:40:00+00:00,2026-03-23 13:40:00+00:00,24855.5,24088.25,2026-03-23 13:55:00+00:00,be,131.375,23.5,767.25,0.03062886933854676,0.17122841316389703,0.08960573476702509,-0.08830237862495927,47.0,24088.75,24748.5,121844,121917,24903.75,2026-03-23
A3_k1_spike_split,-1,2026-03-23 14:00:00+00:00,2026-03-23 14:00:00+00:00,24916.0,25080.0,2026-03-23 15:58:00+00:00,target,194.5,185.5,164.0,1.1310975609756098,1.1859756097560976,1.3826219512195121,-0.5487804878048781,371.0,25079.5,24924.25,121889,121921,24748.5,2026-03-23
A3_k1_spike_split,-1,2026-03-24 13:30:00+00:00,2026-03-24 13:30:00+00:00,24571.25,25080.0,2026-03-24 13:40:00+00:00,target,338.0,55.5,508.75,0.10909090909090909,0.6643734643734643,0.16117936117936119,-0.12137592137592138,111.0,25079.5,24853.0,121889,121978,24521.0,2026-03-24
A3_k1_spike_split,1,2026-03-24 13:50:00+00:00,2026-03-24 13:50:00+00:00,24472.0,24088.25,2026-03-24 15:25:00+00:00,target,206.25,189.75,383.75,0.4944625407166124,0.5374592833876222,0.5960912052117264,-0.05537459283387622,379.5,24088.75,24456.25,121844,122195,24633.0,2026-03-24
A3_k1_spike_split,-1,2026-03-25 13:30:00+00:00,2026-03-25 13:30:00+00:00,24746.0,24864.25,2026-03-25 13:50:00+00:00,target,125.0,14.25,118.25,0.12050739957716702,1.0570824524312896,0.47357293868921774,-0.8118393234672304,28.5,24863.75,24856.0,122276,122452,24736.25,2026-03-25
A3_k1_spike_split,1,2026-03-25 14:10:00+00:00,2026-03-25 14:10:00+00:00,24735.75,24450.25,2026-03-25 16:00:00+00:00,time,49.25,-43.0,285.5,-0.15061295971978983,0.1725043782837128,0.34851138353765326,-0.46409807355516636,-86.0,24450.75,24644.5,122197,122475,24842.0,2026-03-25
A3_k1_spike_split,-1,2026-03-26 13:30:00+00:00,2026-03-26 13:30:00+00:00,24471.75,24856.5,2026-03-26 13:39:00+00:00,target,402.0,65.375,384.75,0.16991552956465236,1.0448343079922027,0.2300194931773879,-0.001949317738791423,130.75,24856.0,24809.75,122452,122519,24427.0,2026-03-26
A3_k1_spike_split,-1,2026-03-26 14:00:00+00:00,2026-03-26 14:00:00+00:00,24532.0,24856.5,2026-03-26 14:55:00+00:00,target,167.5,149.5,324.5,0.46070878274268107,0.5161787365177196,0.5647149460708782,-0.07781201848998459,299.0,24856.0,24549.25,122452,122749,24382.0,2026-03-26
A3_k1_spike_split,-1,2026-03-26 15:15:00+00:00,2026-03-26 15:15:00+00:00,24410.5,24856.5,2026-03-26 15:21:00+00:00,be,42.375,5.25,446.0,0.011771300448430493,0.09501121076233184,0.061659192825112105,-0.014013452914798207,10.5,24856.0,24446.75,122452,122764,24398.75,2026-03-26
A3_k1_spike_split,1,2026-03-26 15:25:00+00:00,2026-03-26 15:25:00+00:00,24407.0,24348.25,2026-03-26 16:00:00+00:00,time,25.5,0.5,58.75,0.00851063829787234,0.4340425531914894,0.6170212765957447,-0.6851063829787234,1.0,24348.75,24383.0,122762,122766,24446.75,2026-03-26
A3_k1_spike_split,-1,2026-03-27 13:30:00+00:00,2026-03-27 13:30:00+00:00,23969.75,24737.75,2026-03-27 13:34:00+00:00,target,552.25,78.0,768.0,0.1015625,0.7190755208333334,0.12662760416666666,-0.013671875,156.0,24737.25,24443.25,122627,122772,23891.25,2026-03-27
A3_k1_spike_split,-1,2026-03-27 13:45:00+00:00,2026-03-27 13:45:00+00:00,23906.75,24737.75,2026-03-27 13:53:00+00:00,target,133.0,58.75,831.0,0.07069795427196149,0.16004813477737664,0.0845367027677497,-0.06738868832731648,117.5,24737.25,23980.25,122627,123021,23847.5,2026-03-27
A3_k1_spike_split,-1,2026-03-27 14:10:00+00:00,2026-03-27 14:10:00+00:00,23800.0,24737.75,2026-03-27 14:46:00+00:00,target,203.0,39.5,937.75,0.04212210077312717,0.21647560650493203,0.04825379898693682,-0.07971207677952546,79.0,24737.25,23962.75,122627,123024,23760.0,2026-03-27
A3_k1_spike_split,-1,2026-03-27 15:00:00+00:00,2026-03-27 15:00:00+00:00,23827.25,24737.75,2026-03-27 16:00:00+00:00,time,-12.25,-39.75,910.5,-0.04365733113673806,-0.013454146073585941,0.058209774848984076,-0.10955518945634267,-79.5,24737.25,23853.75,122627,123037,23754.75,2026-03-27
A3_k1_spike_split,-1,2026-03-30 13:30:00+00:00,2026-03-30 13:30:00+00:00,23824.75,24216.25,2026-03-30 13:36:00+00:00,target,152.75,49.75,391.5,0.12707535121328226,0.3901660280970626,0.21711366538952745,-0.07471264367816093,99.5,24215.75,23927.0,122955,123046,23797.5,2026-03-30
A3_k1_spike_split,-1,2026-03-30 13:40:00+00:00,2026-03-30 13:40:00+00:00,23739.5,24216.25,2026-03-30 13:46:00+00:00,target,164.5,49.25,476.75,0.10330361824855794,0.3450445726271631,0.13266911379129523,-0.004195070791819612,98.5,24215.75,23854.0,122955,123297,23689.75,2026-03-30
A3_k1_spike_split,1,2026-03-30 14:05:00+00:00,2026-03-30 14:05:00+00:00,23649.75,23443.75,2026-03-30 16:00:00+00:00,time,82.0,40.25,206.0,0.1953883495145631,0.39805825242718446,0.5048543689320388,-0.3470873786407767,80.5,23444.25,23609.0,123146,123302,23854.0,2026-03-30
A3_k1_spike_split,-1,2026-03-31 13:30:00+00:00,2026-03-31 13:30:00+00:00,23696.75,23896.5,2026-03-31 14:00:00+00:00,stop,-144.0,-200.5,199.75,-1.0037546933667083,-0.72090112640801,0.010012515644555695,-1.002503128911139,-401.0,23896.0,23752.25,123272,123562,23673.25,2026-03-31
A3_k1_spike_split,1,2026-03-31 14:20:00+00:00,2026-03-31 14:20:00+00:00,23866.5,23475.5,2026-03-31 14:33:00+00:00,target,86.0,30.0,391.0,0.07672634271099744,0.21994884910485935,0.09718670076726342,-0.12340153452685422,60.0,23476.0,23811.25,123425,123581,23897.0,2026-03-31
A3_k1_spike_split,1,2026-03-31 15:05:00+00:00,2026-03-31 15:05:00+00:00,23778.5,23475.5,2026-03-31 16:00:00+00:00,time,69.0,-17.0,303.0,-0.056105610561056105,0.22772277227722773,0.3201320132013201,-0.08745874587458746,-34.0,23476.0,23693.5,123425,123590,23904.5,2026-03-31
A3_k1_spike_split,-1,2026-04-01 13:30:00+00:00,2026-04-01 13:30:00+00:00,24404.25,24561.5,2026-04-01 14:52:00+00:00,stop,-152.75,-158.0,157.25,-1.0047694753577106,-0.9713831478537361,0.2845786963434022,-1.0174880763116056,-316.0,24561.0,24408.5,123839,123846,24352.25,2026-04-01
A3_k1_spike_split,1,2026-04-01 15:25:00+00:00,2026-04-01 15:25:00+00:00,24584.5,23475.5,2026-04-01 15:37:00+00:00,target,31.25,19.0,1109.0,0.017132551848512173,0.0281785392245266,0.02028854824165915,-0.034715960324616775,38.0,23476.0,24573.0,123425,123870,24604.0,2026-04-01
A3_k1_spike_split,-1,2026-04-02 13:30:00+00:00,2026-04-02 13:30:00+00:00,24079.0,24665.5,2026-04-02 13:46:00+00:00,be,611.375,26.75,586.5,0.04560954816709292,1.0424126172208015,0.14492753623188406,-0.09548167092924126,53.5,24665.0,24662.75,123892,123894,24024.25,2026-04-02
A3_k1_spike_split,1,2026-04-02 13:50:00+00:00,2026-04-02 13:50:00+00:00,24087.0,23982.0,2026-04-02 13:53:00+00:00,target,142.75,49.0,105.0,0.4666666666666667,1.3595238095238096,0.7,-0.1,98.0,23982.5,23994.0,124109,124127,24135.0,2026-04-02
A3_k1_spike_split,1,2026-04-02 14:15:00+00:00,2026-04-02 14:15:00+00:00,24250.0,23982.0,2026-04-02 14:16:00+00:00,target,113.625,37.375,268.0,0.1394589552238806,0.4239738805970149,0.23880597014925373,-0.017723880597014924,74.75,23982.5,24174.5,124109,124132,24283.0,2026-04-02
A3_k1_spike_split,-1,2026-04-02 14:30:00+00:00,2026-04-02 14:30:00+00:00,24257.5,24665.5,2026-04-02 16:00:00+00:00,time,-129.25,-194.75,408.0,-0.47732843137254904,-0.3167892156862745,0.02389705882352941,-0.7996323529411765,-389.5,24665.0,24322.0,123892,124135,24174.5,2026-04-02
A3_k1_spike_split,-1,2026-04-06 13:30:00+00:00,2026-04-06 13:30:00+00:00,24580.75,24714.75,2026-04-06 13:37:00+00:00,be,131.375,-0.25,134.0,-0.0018656716417910447,0.980410447761194,0.1455223880597015,-0.8134328358208955,-0.5,24714.25,24711.5,124531,124534,24580.0,2026-04-06
A3_k1_spike_split,-1,2026-04-06 13:45:00+00:00,2026-04-06 13:45:00+00:00,24645.0,24714.75,2026-04-06 13:51:00+00:00,stop,-24.75,-70.5,69.75,-1.010752688172043,-0.3548387096774194,0.035842293906810034,-1.1648745519713262,-141.0,24714.25,24689.75,124531,124585,24561.25,2026-04-06
A3_k1_spike_split,1,2026-04-06 14:15:00+00:00,2026-04-06 14:15:00+00:00,24671.25,24355.5,2026-04-06 16:00:00+00:00,time,53.75,-32.0,315.75,-0.10134600158353127,0.1702296120348377,0.11401425178147269,-0.3254156769596199,-64.0,24356.0,24586.5,124410,124591,24769.0,2026-04-06
A3_k1_spike_split,-1,2026-04-07 13:30:00+00:00,2026-04-07 13:30:00+00:00,24559.5,24737.5,2026-04-07 13:45:00+00:00,target,213.75,56.75,178.0,0.3188202247191011,1.2008426966292134,0.37640449438202245,-0.3356741573033708,113.5,24737.0,24715.75,124812,124818,24511.0,2026-04-07
A3_k1_spike_split,-1,2026-04-07 14:05:00+00:00,2026-04-07 14:05:00+00:00,24394.75,24737.5,2026-04-07 14:06:00+00:00,target,156.375,26.875,342.75,0.07840991976659373,0.4562363238512035,0.19401896425966447,-0.007293946024799417,53.75,24737.0,24526.0,124812,124865,24383.75,2026-04-07
A3_k1_spike_split,-1,2026-04-07 14:30:00+00:00,2026-04-07 14:30:00+00:00,24423.5,24737.5,2026-04-07 15:02:00+00:00,target,145.0,119.5,314.0,0.38057324840764334,0.46178343949044587,0.4267515923566879,-0.12261146496815287,239.0,24737.0,24448.25,124812,124870,24310.0,2026-04-07
A3_k1_spike_split,-1,2026-04-07 15:25:00+00:00,2026-04-07 15:25:00+00:00,24342.75,24737.5,2026-04-07 16:00:00+00:00,time,-21.0,-81.5,394.75,-0.2064597846738442,-0.05319822672577581,0.004433185560481318,-0.26725775807473084,-163.0,24737.0,24402.25,124812,124881,24257.5,2026-04-07
A3_k1_spike_split,-1,2026-04-08 13:30:00+00:00,2026-04-08 13:30:00+00:00,25515.0,25573.75,2026-04-08 13:31:00+00:00,target,79.875,33.125,58.75,0.5638297872340425,1.3595744680851063,1.0595744680851065,-0.8978723404255319,66.25,25573.25,25561.0,125119,125121,25492.25,2026-04-08
A3_k1_spike_split,-1,2026-04-08 13:40:00+00:00,2026-04-08 13:40:00+00:00,25438.75,25573.75,2026-04-08 13:51:00+00:00,target,164.125,34.375,135.0,0.25462962962962965,1.2157407407407408,0.37592592592592594,-0.2851851851851852,68.75,25573.25,25567.75,125119,125136,25405.5,2026-04-08
A3_k1_spike_split,-1,2026-04-08 13:55:00+00:00,2026-04-08 13:55:00+00:00,25397.0,25573.75,2026-04-08 14:09:00+00:00,be,97.625,16.5,176.75,0.09335219236209336,0.5523338048090524,0.21782178217821782,-0.1471004243281471,33.0,25573.25,25477.25,125119,125139,25362.75,2026-04-08
A3_k1_spike_split,-1,2026-04-08 14:10:00+00:00,2026-04-08 14:10:00+00:00,25394.25,25573.75,2026-04-08 15:47:00+00:00,be,64.75,35.125,179.5,0.19568245125348188,0.3607242339832869,0.8454038997214485,-0.08356545961002786,70.25,25573.25,25423.0,125119,125142,25322.75,2026-04-08
A3_k1_spike_split,-1,2026-04-09 13:30:00+00:00,2026-04-09 13:30:00+00:00,25396.75,25573.75,2026-04-09 13:34:00+00:00,target,131.375,53.875,177.0,0.3043785310734463,0.742231638418079,0.3488700564971751,-0.1483050847457627,107.75,25573.25,25473.5,125119,125177,25346.25,2026-04-09
A3_k1_spike_split,-1,2026-04-09 13:40:00+00:00,2026-04-09 13:40:00+00:00,25377.5,25573.75,2026-04-09 13:55:00+00:00,target,90.625,44.375,196.25,0.22611464968152867,0.46178343949044587,0.25095541401273885,-0.2611464968152866,88.75,25573.25,25423.0,125119,125412,25335.0,2026-04-09
A3_k1_spike_split,1,2026-04-09 14:05:00+00:00,2026-04-09 14:05:00+00:00,25350.75,24675.5,2026-04-09 15:32:00+00:00,target,117.0,87.0,675.25,0.12884116993706035,0.17326915957052944,0.16216216216216217,-0.11032950758978156,174.0,24676.0,25321.5,124956,125417,25428.75,2026-04-09
A3_k1_spike_split,-1,2026-04-10 13:30:00+00:00,2026-04-10 13:30:00+00:00,25630.75,25683.25,2026-04-10 13:33:00+00:00,stop,-40.75,-53.25,52.5,-1.0142857142857142,-0.7761904761904762,0.1523809523809524,-1.0904761904761904,-106.5,25682.75,25642.25,125676,125680,25618.5,2026-04-10
A3_k1_spike_split,1,2026-04-10 13:40:00+00:00,2026-04-10 13:40:00+00:00,25624.25,25268.5,2026-04-10 14:32:00+00:00,target,78.75,63.25,355.75,0.17779339423752635,0.2213633169360506,0.1932536893886156,-0.11103302881236823,126.5,25269.0,25609.5,125349,125687,25688.0,2026-04-10
A3_k1_spike_split,1,2026-04-10 14:50:00+00:00,2026-04-10 14:50:00+00:00,25633.25,25268.5,2026-04-10 15:15:00+00:00,target,71.25,59.25,364.75,0.16244002741603839,0.19533927347498287,0.1768334475668266,-0.01782042494859493,118.5,25269.0,25622.0,125349,125702,25693.0,2026-04-10
A3_k1_spike_split,-1,2026-04-13 13:30:00+00:00,2026-04-13 13:30:00+00:00,25531.25,25710.0,2026-04-13 16:00:00+00:00,time,28.0,-95.0,178.75,-0.5314685314685315,0.15664335664335666,0.3090909090909091,-0.8027972027972028,-190.0,25709.5,25653.25,125710,125777,25472.75,2026-04-13
A3_k1_spike_split,-1,2026-04-14 13:30:00+00:00,2026-04-14 13:30:00+00:00,25972.0,26032.75,2026-04-14 13:32:00+00:00,stop,-26.5,-61.5,60.75,-1.0123456790123457,-0.43621399176954734,0.00411522633744856,-1.0205761316872428,-123.0,26032.25,26006.0,126228,126230,25981.25,2026-04-14
A3_k1_spike_split,1,2026-04-14 13:55:00+00:00,2026-04-14 13:55:00+00:00,26057.5,25230.0,2026-04-14 14:11:00+00:00,target,124.5,21.75,827.5,0.026283987915407855,0.15045317220543808,0.03202416918429003,-0.03746223564954683,43.5,25230.5,25955.5,125778,126239,26079.75,2026-04-14
A3_k1_spike_split,1,2026-04-14 14:45:00+00:00,2026-04-14 14:45:00+00:00,26102.75,25230.0,2026-04-14 14:54:00+00:00,target,52.5,29.75,872.75,0.0340876539673446,0.06015468347178459,0.04153537668289888,-0.0034374104841019765,59.5,25230.5,26080.75,125778,126250,26133.0,2026-04-14
A3_k1_spike_split,1,2026-04-14 15:15:00+00:00,2026-04-14 15:15:00+00:00,26102.0,25230.0,2026-04-14 15:20:00+00:00,target,60.75,36.5,872.0,0.041857798165137614,0.06966743119266056,0.04386467889908257,-0.0034403669724770644,73.0,25230.5,26078.5,125778,126259,26139.0,2026-04-14
A3_k1_spike_split,-1,2026-04-15 13:30:00+00:00,2026-04-15 13:30:00+00:00,26338.75,26374.75,2026-04-15 13:40:00+00:00,stop,-14.5,-36.75,36.0,-1.0208333333333333,-0.4027777777777778,0.7638888888888888,-1.0208333333333333,-73.5,26374.25,26360.0,126414,126495,26295.75,2026-04-15
A3_k1_spike_split,1,2026-04-15 13:50:00+00:00,2026-04-15 13:50:00+00:00,26354.0,25875.0,2026-04-15 13:53:00+00:00,target,77.0,21.0,479.0,0.04384133611691023,0.16075156576200417,0.06210855949895616,-0.03288100208768267,42.0,25875.5,26298.75,126079,126518,26375.5,2026-04-15
A3_k1_spike_split,1,2026-04-15 14:45:00+00:00,2026-04-15 14:45:00+00:00,26461.25,25875.0,2026-04-15 14:49:00+00:00,target,46.25,7.0,586.25,0.011940298507462687,0.07889125799573561,0.03326226012793177,-0.014925373134328358,14.0,25875.5,26422.75,126079,126529,26468.75,2026-04-15
A3_k1_spike_split,-1,2026-04-16 13:30:00+00:00,2026-04-16 13:30:00+00:00,26755.25,26803.75,2026-04-16 13:31:00+00:00,target,78.875,51.375,48.5,1.059278350515464,1.6262886597938144,1.4845360824742269,-0.29381443298969073,102.75,26803.25,26782.0,126722,126751,26708.0,2026-04-16
A3_k1_spike_split,-1,2026-04-16 13:40:00+00:00,2026-04-16 13:40:00+00:00,26679.0,26803.75,2026-04-16 13:51:00+00:00,target,110.375,19.125,124.75,0.1533066132264529,0.8847695390781564,0.27655310621242485,-0.3406813627254509,38.25,26803.25,26769.5,126722,126792,26660.0,2026-04-16
A3_k1_spike_split,1,2026-04-16 14:05:00+00:00,2026-04-16 14:05:00+00:00,26647.0,26295.25,2026-04-16 15:09:00+00:00,target,184.25,128.25,351.75,0.3646055437100213,0.5238095238095238,0.39019189765458423,-0.057569296375266525,256.5,26295.75,26591.75,126510,126797,26769.5,2026-04-16
A3_k1_spike_split,1,2026-04-17 13:30:00+00:00,2026-04-17 13:30:00+00:00,27009.0,26591.25,2026-04-17 14:40:00+00:00,target,457.75,119.0,417.75,0.2848593656493118,1.0957510472770795,0.3207660083782166,-0.15200478755236385,238.0,26591.75,26671.0,126797,126851,27128.5,2026-04-17
A3_k1_spike_split,1,2026-04-17 15:05:00+00:00,2026-04-17 15:05:00+00:00,27147.5,26591.25,2026-04-17 15:31:00+00:00,target,54.25,24.0,556.25,0.043146067415730335,0.09752808988764045,0.06337078651685393,-0.0449438202247191,48.0,26591.75,27118.0,126797,127085,27172.0,2026-04-17
A3_k1_spike_split,-1,2026-04-20 13:30:00+00:00,2026-04-20 13:30:00+00:00,27112.0,27199.5,2026-04-20 13:56:00+00:00,be,115.25,27.875,87.5,0.31857142857142856,1.3171428571428572,0.9142857142857143,-0.34285714285714286,55.75,27199.0,27198.5,127105,127107,27055.0,2026-04-20
A3_k1_spike_split,-1,2026-04-20 14:05:00+00:00,2026-04-20 14:05:00+00:00,27067.25,27199.5,2026-04-20 14:31:00+00:00,target,91.5,37.75,132.25,0.28544423440453687,0.6918714555765595,0.33648393194706994,-0.24007561436672967,75.5,27199.0,27120.25,127105,127349,27032.0,2026-04-20
A3_k1_spike_split,-1,2026-04-20 14:35:00+00:00,2026-04-20 14:35:00+00:00,27043.0,27199.5,2026-04-20 14:41:00+00:00,target,73.5,25.25,156.5,0.16134185303514376,0.4696485623003195,0.24281150159744408,-0.09424920127795527,50.5,27199.0,27090.5,127105,127355,27018.0,2026-04-20
A3_k1_spike_split,-1,2026-04-20 14:45:00+00:00,2026-04-20 14:45:00+00:00,27012.0,27199.5,2026-04-20 14:51:00+00:00,target,60.375,13.875,187.5,0.074,0.322,0.44666666666666666,-0.136,27.75,27199.0,27057.75,127105,127357,26999.0,2026-04-20
A3_k1_spike_split,1,2026-04-20 15:00:00+00:00,2026-04-20 15:00:00+00:00,26954.0,26758.75,2026-04-20 16:00:00+00:00,time,46.5,19.75,195.25,0.10115236875800256,0.23815620998719592,0.3713188220230474,-0.353393085787452,39.5,26759.25,26928.25,126966,127360,27057.75,2026-04-20
A3_k1_spike_split,1,2026-04-21 13:30:00+00:00,2026-04-21 13:30:00+00:00,27124.5,26850.25,2026-04-21 13:59:00+00:00,target,192.25,17.0,274.25,0.06198723792160438,0.7010027347310848,0.12123974475843209,-0.2999088422971741,34.0,26850.75,26950.0,127158,127372,27135.5,2026-04-21
A3_k1_spike_split,1,2026-04-21 14:30:00+00:00,2026-04-21 14:30:00+00:00,27158.0,26850.25,2026-04-21 16:00:00+00:00,time,-82.25,-110.25,307.75,-0.35824532900081235,-0.26726238830219334,0.05199025182778229,-0.5840779853777417,-220.5,26850.75,27131.0,127158,127630,27201.0,2026-04-21
A3_k1_spike_split,-1,2026-04-22 13:30:00+00:00,2026-04-22 13:30:00+00:00,27197.0,27217.0,2026-04-22 14:00:00+00:00,be,50.875,32.0,20.0,1.6,2.54375,3.6625,-0.575,64.0,27216.5,27215.0,127880,127883,27131.75,2026-04-22
A3_k1_spike_split,1,2026-04-22 14:50:00+00:00,2026-04-22 14:50:00+00:00,27294.25,26867.25,2026-04-22 15:24:00+00:00,target,154.75,28.0,427.0,0.06557377049180328,0.3624121779859485,0.07259953161592506,-0.08899297423887588,56.0,26867.75,27168.25,127694,127903,27322.75,2026-04-22
A3_k1_spike_split,-1,2026-04-23 13:30:00+00:00,2026-04-23 13:30:00+00:00,27330.75,27454.5,2026-04-23 14:03:00+00:00,be,119.0,19.625,123.75,0.15858585858585858,0.9616161616161616,0.4101010101010101,-0.7090909090909091,39.25,27454.0,27429.25,127975,127980,27290.25,2026-04-23
A3_k1_spike_split,1,2026-04-23 14:10:00+00:00,2026-04-23 14:10:00+00:00,27343.0,27049.75,2026-04-23 15:00:00+00:00,target,139.75,78.0,293.25,0.2659846547314578,0.47655583972719523,0.2966751918158568,-0.16709292412617222,156.0,27050.25,27282.0,127720,128178,27418.5,2026-04-23
A3_k1_spike_split,-1,2026-04-24 13:30:00+00:00,2026-04-24 13:30:00+00:00,27526.0,27629.0,2026-04-24 13:32:00+00:00,be,61.875,10.75,103.0,0.10436893203883495,0.6007281553398058,0.32038834951456313,-0.13106796116504854,21.5,27628.5,27584.0,128433,128444,27518.75,2026-04-24
A3_k1_spike_split,1,2026-04-24 13:40:00+00:00,2026-04-24 13:40:00+00:00,27563.5,26995.5,2026-04-24 14:14:00+00:00,be,80.375,9.0,568.0,0.01584507042253521,0.14150528169014084,0.035211267605633804,-0.2068661971830986,18.0,26996.0,27493.0,128223,128448,27582.75,2026-04-24
A3_k1_spike_split,-1,2026-04-24 14:20:00+00:00,2026-04-24 14:20:00+00:00,27559.25,27629.0,2026-04-24 15:13:00+00:00,stop,-45.25,-70.5,69.75,-1.010752688172043,-0.6487455197132617,1.096774193548387,-1.014336917562724,-141.0,27628.5,27583.5,128433,128456,27446.0,2026-04-24
A3_k1_spike_split,-1,2026-04-27 13:30:00+00:00,2026-04-27 13:30:00+00:00,27725.75,27858.5,2026-04-27 13:31:00+00:00,target,163.375,34.5,132.75,0.2598870056497175,1.2306967984934087,0.3578154425612053,-0.15065913370998116,69.0,27858.0,27856.0,128586,128617,27699.75,2026-04-27
A3_k1_spike_split,-1,2026-04-27 13:40:00+00:00,2026-04-27 13:40:00+00:00,27708.5,27858.5,2026-04-27 13:51:00+00:00,target,104.625,66.625,150.0,0.44416666666666665,0.6975,0.6066666666666667,-0.055,133.25,27858.0,27745.75,128586,128724,27659.75,2026-04-27
A3_k1_spike_split,1,2026-04-27 14:00:00+00:00,2026-04-27 14:00:00+00:00,27718.5,27330.75,2026-04-27 16:00:00+00:00,time,69.0,-36.5,387.75,-0.09413281753707285,0.17794970986460348,0.019342359767891684,-0.24564796905222436,-73.0,27331.25,27614.0,128339,128728,27745.75,2026-04-27
A3_k1_spike_split,-1,2026-04-28 13:30:00+00:00,2026-04-28 13:30:00+00:00,27477.0,27858.5,2026-04-28 13:35:00+00:00,be,376.125,34.5,381.5,0.09043250327653997,0.9859108781127129,0.24049803407601572,-0.04128440366972477,69.0,27858.0,27828.5,128586,128840,27428.25,2026-04-28
A3_k1_spike_split,-1,2026-04-28 13:55:00+00:00,2026-04-28 13:55:00+00:00,27502.5,27858.5,2026-04-28 14:50:00+00:00,target,198.375,133.375,356.0,0.3746488764044944,0.5572331460674157,0.4550561797752809,-0.1348314606741573,266.75,27858.0,27566.75,128586,129003,27385.25,2026-04-28
A3_k1_spike_split,-1,2026-04-28 15:10:00+00:00,2026-04-28 15:10:00+00:00,27369.0,27858.5,2026-04-28 15:49:00+00:00,target,109.75,42.0,489.5,0.08580183861082738,0.22420837589376916,0.09550561797752809,-0.10010214504596528,84.0,27858.0,27436.0,128586,129018,27326.5,2026-04-28
A3_k1_spike_split,-1,2026-04-29 13:30:00+00:00,2026-04-29 13:30:00+00:00,27522.5,27829.0,2026-04-29 13:31:00+00:00,target,126.75,51.75,306.5,0.16884176182707994,0.41353996737357257,0.2300163132137031,-0.03915171288743882,103.5,27828.5,27634.25,128840,129187,27508.0,2026-04-29
A3_k1_spike_split,1,2026-04-29 13:45:00+00:00,2026-04-29 13:45:00+00:00,27496.0,27321.75,2026-04-29 14:25:00+00:00,target,126.0,69.5,174.25,0.3988522238163558,0.7230989956958394,0.41893830703012913,-0.1406025824964132,139.0,27322.25,27440.25,129027,129277,27566.0,2026-04-29
A3_k1_spike_split,-1,2026-04-29 14:45:00+00:00,2026-04-29 14:45:00+00:00,27622.0,27829.0,2026-04-29 16:00:00+00:00,time,76.0,65.25,207.0,0.31521739130434784,0.3671497584541063,0.5217391304347826,-0.028985507246376812,130.5,27828.5,27631.75,128840,129289,27494.0,2026-04-29
A3_k1_spike_split,-1,2026-04-30 13:30:00+00:00,2026-04-30 13:30:00+00:00,27802.25,27939.5,2026-04-30 13:31:00+00:00,target,112.625,49.75,137.25,0.36247723132969034,0.8205828779599271,0.7194899817850637,-0.03278688524590164,99.5,27939.0,27913.0,129397,129408,27813.0,2026-04-30
A3_k1_spike_split,-1,2026-04-30 13:35:00+00:00,2026-04-30 13:35:00+00:00,27660.5,27939.5,2026-04-30 13:37:00+00:00,be,176.875,2.125,279.0,0.0076164874551971325,0.6339605734767025,0.10842293906810035,-0.1003584229390681,4.25,27939.0,27830.25,129397,129551,27646.75,2026-04-30
A3_k1_spike_split,1,2026-04-30 13:50:00+00:00,2026-04-30 13:50:00+00:00,27640.75,27404.5,2026-04-30 16:00:00+00:00,time,117.25,62.75,236.25,0.2656084656084656,0.4962962962962963,0.4687830687830688,-0.6846560846560846,125.5,27405.0,27587.25,129357,129554,27830.25,2026-04-30
A3_k1_spike_split,-1,2026-05-01 13:30:00+00:00,2026-05-01 13:30:00+00:00,27948.25,27990.25,2026-05-01 13:31:00+00:00,stop,-28.25,-42.75,42.0,-1.0178571428571428,-0.6726190476190477,0.4107142857142857,-1.630952380952381,-85.5,27989.75,27961.75,129708,129713,27910.25,2026-05-01
A3_k1_spike_split,1,2026-05-01 13:50:00+00:00,2026-05-01 13:50:00+00:00,28098.25,27478.5,2026-05-01 13:51:00+00:00,target,187.5,25.75,619.75,0.04154901169826543,0.30254134731746674,0.05244050020169423,-0.03670835014118596,51.5,27479.0,27923.75,129561,129827,28111.0,2026-05-01
A3_k1_spike_split,1,2026-05-01 14:10:00+00:00,2026-05-01 14:10:00+00:00,28195.5,27478.5,2026-05-01 14:13:00+00:00,target,148.25,20.0,717.0,0.02789400278940028,0.20676429567642957,0.0400976290097629,-0.016387726638772665,40.0,27479.0,28068.0,129561,129831,28216.0,2026-05-01
A3_k1_spike_split,1,2026-05-01 14:25:00+00:00,2026-05-01 14:25:00+00:00,28199.0,27478.5,2026-05-01 15:47:00+00:00,target,49.75,24.75,720.5,0.03435114503816794,0.06904927133934767,0.04129077029840389,-0.1825121443442054,49.5,27479.0,28174.75,129561,129837,28224.25,2026-05-01
A3_k1_spike_split,-1,2026-05-04 13:30:00+00:00,2026-05-04 13:30:00+00:00,28169.75,28283.0,2026-05-04 15:19:00+00:00,target,174.0,70.75,113.25,0.6247240618101545,1.5364238410596027,0.7152317880794702,-0.7704194260485652,141.5,28282.5,28272.25,130005,130035,28103.0,2026-05-04
A3_k1_spike_split,1,2026-05-05 13:30:00+00:00,2026-05-05 13:30:00+00:00,28304.25,27929.75,2026-05-05 13:32:00+00:00,target,377.0,17.5,374.5,0.04672897196261682,1.006675567423231,0.09279038718291055,-0.04739652870493992,35.0,27930.25,27945.5,130135,130137,28321.75,2026-05-05
A3_k1_spike_split,1,2026-05-05 14:00:00+00:00,2026-05-05 14:00:00+00:00,28403.25,27929.75,2026-05-05 14:24:00+00:00,target,141.75,24.25,473.5,0.051214361140443504,0.29936642027455124,0.06916578669482576,-0.11615628299894404,48.5,27930.25,28286.5,130135,130380,28428.0,2026-05-05
A3_k1_spike_split,1,2026-05-05 14:35:00+00:00,2026-05-05 14:35:00+00:00,28442.25,27929.75,2026-05-05 14:36:00+00:00,target,103.0,8.25,512.5,0.016097560975609757,0.20097560975609757,0.026829268292682926,-0.014146341463414635,16.5,27930.25,28348.25,130135,130389,28451.0,2026-05-05
A3_k1_spike_split,1,2026-05-05 14:55:00+00:00,2026-05-05 14:55:00+00:00,28424.0,27929.75,2026-05-05 15:38:00+00:00,target,68.75,31.5,494.25,0.0637329286798179,0.139099645928174,0.08497723823975721,-0.048052604957005564,63.0,27930.25,28387.5,130135,130395,28456.0,2026-05-05
A3_k1_spike_split,1,2026-05-06 13:30:00+00:00,2026-05-06 13:30:00+00:00,28705.5,28043.0,2026-05-06 13:43:00+00:00,target,360.75,61.5,662.5,0.09283018867924528,0.5445283018867925,0.1309433962264151,-0.08,123.0,28043.5,28407.0,130216,130415,28752.75,2026-05-06
A3_k1_spike_split,1,2026-05-06 14:00:00+00:00,2026-05-06 14:00:00+00:00,28785.0,28043.0,2026-05-06 14:40:00+00:00,target,108.0,44.25,742.0,0.05963611859838275,0.14555256064690028,0.06940700808625337,-0.11354447439353099,88.5,28043.5,28722.0,130216,130660,28828.75,2026-05-06
A3_k1_spike_split,1,2026-05-06 15:05:00+00:00,2026-05-06 15:05:00+00:00,28866.25,28043.0,2026-05-06 15:08:00+00:00,be,32.5,3.375,823.25,0.004099605223200729,0.03947767992711813,0.010021257212268448,-0.013969025204980261,6.75,28043.5,28838.0,130216,130673,28874.25,2026-05-06
A3_k1_spike_split,1,2026-05-06 15:20:00+00:00,2026-05-06 15:20:00+00:00,28889.75,28043.0,2026-05-06 16:00:00+00:00,time,42.5,-14.0,846.75,-0.016533805727782697,0.05019191024505462,0.015057573073516387,-0.051963389430174194,-28.0,28043.5,28834.25,130216,130676,28924.75,2026-05-06
A3_k1_spike_split,-1,2026-05-07 13:30:00+00:00,2026-05-07 13:30:00+00:00,29066.0,29131.25,2026-05-07 13:32:00+00:00,be,26.375,11.0,65.25,0.1685823754789272,0.4042145593869732,0.42911877394636017,-0.28735632183908044,22.0,29130.75,29080.5,130867,130873,29042.75,2026-05-07
A3_k1_spike_split,1,2026-05-07 13:40:00+00:00,2026-05-07 13:40:00+00:00,29089.75,28563.75,2026-05-07 14:05:00+00:00,target,93.0,40.5,526.0,0.07699619771863118,0.17680608365019013,0.08365019011406843,-0.125,81.0,28564.25,29038.0,130500,130932,29130.75,2026-05-07
A3_k1_spike_split,1,2026-05-07 14:30:00+00:00,2026-05-07 14:30:00+00:00,29190.25,28563.75,2026-05-07 14:39:00+00:00,target,82.75,22.75,626.5,0.036312849162011177,0.1320830007980846,0.05027932960893855,-0.0223463687150838,45.5,28564.25,29131.0,130500,130941,29213.5,2026-05-07
A3_k1_spike_split,1,2026-05-07 15:05:00+00:00,2026-05-07 15:05:00+00:00,29215.5,28563.75,2026-05-07 16:00:00+00:00,time,-75.25,-115.5,651.75,-0.17721518987341772,-0.11545838128116609,0.0003835826620636747,-0.22209436133486765,-231.0,28564.25,29176.25,130500,130944,29261.0,2026-05-07
A3_k1_spike_split,-1,2026-05-08 13:30:00+00:00,2026-05-08 13:30:00+00:00,29193.75,29293.25,2026-05-08 13:36:00+00:00,stop,-38.5,-100.25,99.5,-1.0075376884422111,-0.3869346733668342,0.14321608040201006,-1.0628140703517588,-200.5,29292.75,29254.5,131198,131201,29178.25,2026-05-08
A3_k1_spike_split,1,2026-05-08 14:10:00+00:00,2026-05-08 14:10:00+00:00,29424.5,28857.5,2026-05-08 14:22:00+00:00,target,269.75,24.0,567.0,0.042328042328042326,0.4757495590828924,0.06481481481481481,-0.05731922398589065,48.0,28858.0,29179.5,131022,131208,29449.0,2026-05-08
A3_k1_spike_split,1,2026-05-08 14:45:00+00:00,2026-05-08 14:45:00+00:00,29453.25,28857.5,2026-05-08 14:56:00+00:00,target,93.5,28.5,595.75,0.047838858581619806,0.15694502727654217,0.05077633235417541,-0.02140159462861939,57.0,28858.0,29389.0,131022,131221,29482.25,2026-05-08
A3_k1_spike_split,1,2026-05-08 15:25:00+00:00,2026-05-08 15:25:00+00:00,29483.25,28857.5,2026-05-08 15:35:00+00:00,target,65.0,22.25,625.75,0.035557331202556934,0.1038753495805034,0.046743907311226525,-0.021973631642029565,44.5,28858.0,29441.25,131022,131229,29506.0,2026-05-08
A3_k1_spike_split,1,2026-05-11 13:30:00+00:00,2026-05-11 13:30:00+00:00,29621.25,28857.5,2026-05-11 13:31:00+00:00,target,160.375,37.25,763.75,0.04877250409165303,0.2099836333878887,0.10572831423895254,-0.03273322422258593,74.5,28858.0,29469.5,131022,131232,29629.0,2026-05-11
A3_k1_spike_split,1,2026-05-11 13:40:00+00:00,2026-05-11 13:40:00+00:00,29689.25,28857.5,2026-05-11 15:30:00+00:00,target,157.25,63.5,831.75,0.07634505560565073,0.18905921250375715,0.08025247971145176,-0.15178839795611662,127.0,28858.0,29596.25,131022,131484,29753.25,2026-05-11
A3_k1_spike_split,-1,2026-05-12 13:30:00+00:00,2026-05-12 13:30:00+00:00,29528.5,29793.5,2026-05-12 13:39:00+00:00,be,274.5,22.625,265.0,0.08537735849056603,1.0358490566037737,0.25943396226415094,-0.07358490566037736,45.25,29793.0,29791.25,131535,131540,29505.5,2026-05-12
A3_k1_spike_split,1,2026-05-12 13:45:00+00:00,2026-05-12 13:45:00+00:00,29602.0,29428.75,2026-05-12 14:00:00+00:00,stop,-30.75,-174.0,173.25,-1.0043290043290043,-0.1774891774891775,0.05627705627705628,-1.0735930735930737,-348.0,29429.25,29459.75,131748,131761,29614.5,2026-05-12
A3_k1_spike_split,-1,2026-05-12 14:40:00+00:00,2026-05-12 14:40:00+00:00,29414.25,29793.5,2026-05-12 14:59:00+00:00,target,221.5,91.75,379.25,0.24192485168094924,0.5840474620962426,0.2603823335530653,-0.07712590639419907,183.5,29793.0,29543.25,131535,131770,29322.0,2026-05-12
A3_k1_spike_split,-1,2026-05-13 13:30:00+00:00,2026-05-13 13:30:00+00:00,29602.25,29773.0,2026-05-13 13:36:00+00:00,target,236.75,74.0,170.75,0.4333821376281113,1.3865300146412884,0.5197657393850659,-0.017569546120058566,148.0,29772.5,29764.25,131583,131974,29539.5,2026-05-13
A3_k1_spike_split,1,2026-05-13 13:45:00+00:00,2026-05-13 13:45:00+00:00,29527.25,29263.5,2026-05-13 15:42:00+00:00,target,153.0,121.25,263.75,0.4597156398104265,0.5800947867298578,0.5706161137440758,-0.5156398104265403,242.5,29264.0,29496.25,131823,132037,29620.75,2026-05-13
A3_k1_spike_split,-1,2026-05-14 13:30:00+00:00,2026-05-14 13:30:00+00:00,29792.0,30010.0,2026-05-14 14:45:00+00:00,stop,-9.75,-218.75,218.0,-1.003440366972477,-0.04472477064220184,0.10091743119266056,-1.014908256880734,-437.5,30009.5,30000.0,132161,132168,29764.25,2026-05-14
A3_k1_spike_split,1,2026-05-14 15:05:00+00:00,2026-05-14 15:05:00+00:00,29998.0,29371.75,2026-05-14 15:14:00+00:00,target,66.0,47.25,626.25,0.07544910179640718,0.10538922155688622,0.08423153692614771,-0.009580838323353293,94.5,29372.25,29980.0,131874,132329,30045.75,2026-05-14
A3_k1_spike_split,-1,2026-05-15 13:30:00+00:00,2026-05-15 13:30:00+00:00,29593.75,30100.25,2026-05-15 13:45:00+00:00,target,634.875,130.125,506.5,0.2569101678183613,1.2534550839091807,0.3089832181638697,-0.027640671273445213,260.25,30099.75,30097.75,132344,132346,29469.5,2026-05-15
A3_k1_spike_split,-1,2026-05-15 14:05:00+00:00,2026-05-15 14:05:00+00:00,29480.0,30100.25,2026-05-15 16:00:00+00:00,time,6.25,-118.75,620.25,-0.19145505844417574,0.01007658202337767,0.02902055622732769,-0.35227730753728337,-237.5,30099.75,29604.0,132344,132593,29405.5,2026-05-15
A3_k1_spike_split,-1,2026-05-18 13:30:00+00:00,2026-05-18 13:30:00+00:00,29654.25,29902.0,2026-05-18 13:44:00+00:00,target,217.375,77.875,247.75,0.3143289606458123,0.8773965691220988,0.7184661957618567,-0.07568113017154389,155.75,29901.5,29803.0,132470,132643,29668.5,2026-05-18
A3_k1_spike_split,1,2026-05-18 13:55:00+00:00,2026-05-18 13:55:00+00:00,29588.75,29239.5,2026-05-18 16:00:00+00:00,time,-138.5,-277.75,349.25,-0.7952755905511811,-0.39656406585540444,0.10307802433786686,-0.9484609878310666,-555.5,29240.0,29450.5,132721,132867,29699.5,2026-05-18
A3_k1_spike_split,-1,2026-05-19 13:35:00+00:00,2026-05-19 13:35:00+00:00,29273.25,29736.25,2026-05-19 14:07:00+00:00,target,388.0,154.5,463.0,0.33369330453563717,0.838012958963283,0.40766738660907126,-0.23920086393088552,309.0,29735.75,29506.0,132857,132982,29118.25,2026-05-19
A3_k1_spike_split,-1,2026-05-19 14:50:00+00:00,2026-05-19 14:50:00+00:00,29024.25,29736.25,2026-05-19 16:00:00+00:00,time,-15.75,-109.75,712.0,-0.1541432584269663,-0.02212078651685393,0.018960674157303372,-0.2384129213483146,-219.5,29735.75,29117.25,132857,133154,28979.0,2026-05-19
A3_k1_spike_split,-1,2026-05-20 13:30:00+00:00,2026-05-20 13:30:00+00:00,29389.25,29506.5,2026-05-20 13:35:00+00:00,target,91.125,-7.125,117.25,-0.060767590618336885,0.7771855010660981,0.07462686567164178,-0.6950959488272921,-14.25,29506.0,29486.75,132982,133404,29403.0,2026-05-20
A3_k1_spike_split,-1,2026-05-20 13:40:00+00:00,2026-05-20 13:40:00+00:00,29382.5,29506.5,2026-05-20 13:46:00+00:00,stop,-35.5,-124.75,124.0,-1.0060483870967742,-0.2862903225806452,0.22580645161290322,-1.032258064516129,-249.5,29506.0,29470.75,132982,133416,29330.25,2026-05-20
A3_k1_spike_split,1,2026-05-20 14:05:00+00:00,2026-05-20 14:05:00+00:00,29392.0,28990.5,2026-05-20 14:16:00+00:00,target,148.75,118.75,401.5,0.2957658779576588,0.37048567870485677,0.33748443337484435,-0.16936488169364883,237.5,28991.0,29362.75,133155,133421,29511.25,2026-05-20
A3_k1_spike_split,1,2026-05-20 14:25:00+00:00,2026-05-20 14:25:00+00:00,29459.25,28990.5,2026-05-20 14:30:00+00:00,target,225.75,89.75,468.75,0.19146666666666667,0.4816,0.2272,-0.05653333333333333,179.5,28991.0,29324.0,133155,133424,29549.5,2026-05-20
A3_k1_spike_split,1,2026-05-20 14:40:00+00:00,2026-05-20 14:40:00+00:00,29517.0,28990.5,2026-05-20 14:55:00+00:00,target,146.75,61.75,526.5,0.11728395061728394,0.27872744539411204,0.12393162393162394,-0.048907882241215575,123.5,28991.0,29432.75,133155,133427,29579.25,2026-05-20
A3_k1_spike_split,1,2026-05-20 15:10:00+00:00,2026-05-20 15:10:00+00:00,29573.25,28990.5,2026-05-20 15:15:00+00:00,target,53.5,27.0,582.75,0.04633204633204633,0.09180609180609181,0.1848991848991849,-0.024024024024024024,54.0,28991.0,29547.5,133155,133434,29600.75,2026-05-20
A3_k1_spike_split,-1,2026-05-21 13:30:00+00:00,2026-05-21 13:30:00+00:00,29532.75,29779.75,2026-05-21 14:20:00+00:00,target,258.875,45.125,247.0,0.18269230769230768,1.0480769230769231,0.29554655870445345,-0.4939271255060729,90.25,29779.25,29745.75,133629,133644,29488.0,2026-05-21
A3_k1_spike_split,1,2026-05-21 14:30:00+00:00,2026-05-21 14:30:00+00:00,29506.0,29154.25,2026-05-21 16:00:00+00:00,time,139.75,76.0,351.75,0.21606254442075337,0.39729921819474057,0.32409381663113007,-0.1478322672352523,152.0,29154.75,29443.25,133292,133702,29639.25,2026-05-21
A3_k1_spike_split,-1,2026-05-22 13:30:00+00:00,2026-05-22 13:30:00+00:00,29896.25,29982.0,2026-05-22 13:37:00+00:00,stop,-30.25,-86.5,85.75,-1.0087463556851313,-0.35276967930029157,0.5685131195335277,-1.2419825072886297,-173.0,29981.5,29951.5,133906,133908,29860.75,2026-05-22
A3_k1_spike_split,1,2026-05-22 13:50:00+00:00,2026-05-22 13:50:00+00:00,29946.75,29428.5,2026-05-22 16:00:00+00:00,time,156.5,56.25,518.25,0.1085383502170767,0.30197780993728895,0.16015436565364208,-0.27110467920887604,112.5,29429.0,29847.5,133508,133968,30034.25,2026-05-22
A3_k1_spike_split,-1,2026-05-25 13:30:00+00:00,2026-05-25 13:30:00+00:00,30256.25,30311.5,2026-05-25 14:31:00+00:00,be,55.125,-1.25,55.25,-0.02262443438914027,0.997737556561086,0.058823529411764705,-0.9864253393665159,-2.5,30311.0,30310.0,134145,134150,30254.0,2026-05-25
A3_k1_spike_split,1,2026-05-25 14:55:00+00:00,2026-05-25 14:55:00+00:00,30243.0,29753.0,2026-05-25 16:00:00+00:00,time,14.75,-4.5,490.0,-0.009183673469387756,0.03010204081632653,0.13010204081632654,-0.027040816326530614,-9.0,29753.5,30224.75,133932,134259,30310.75,2026-05-25
A3_k1_spike_split,-1,2026-05-26 13:30:00+00:00,2026-05-26 13:30:00+00:00,30218.0,30311.5,2026-05-26 13:32:00+00:00,be,88.5,8.25,93.5,0.08823529411764706,0.946524064171123,0.24598930481283424,-0.3609625668449198,16.5,30311.0,30306.0,134145,134286,30217.5,2026-05-26
A3_k1_spike_split,-1,2026-05-26 13:40:00+00:00,2026-05-26 13:40:00+00:00,30176.0,30311.5,2026-05-26 13:58:00+00:00,stop,-59.5,-136.25,135.5,-1.0055350553505535,-0.43911439114391143,0.06088560885608856,-1.0166051660516606,-272.5,30311.0,30251.75,134145,134472,30134.0,2026-05-26
A3_k1_spike_split,1,2026-05-26 14:10:00+00:00,2026-05-26 14:10:00+00:00,30320.0,30058.5,2026-05-26 14:14:00+00:00,target,106.75,15.5,261.5,0.05927342256214149,0.40822179732313574,0.10038240917782026,-0.06883365200764818,31.0,30059.0,30229.5,134400,134476,30336.0,2026-05-26
A3_k1_spike_split,1,2026-05-26 15:15:00+00:00,2026-05-26 15:15:00+00:00,30354.25,30058.5,2026-05-26 16:00:00+00:00,time,-76.75,-112.25,295.75,-0.3795435333896872,-0.2595097210481826,0.0008453085376162299,-0.5164835164835165,-224.5,30059.0,30319.75,134400,134491,30435.0,2026-05-26
A3_k1_spike_split,-1,2026-05-27 13:30:00+00:00,2026-05-27 13:30:00+00:00,30503.25,30696.5,2026-05-27 13:31:00+00:00,target,77.75,46.0,193.25,0.23803363518758086,0.4023285899094437,0.314359637774903,-0.0258732212160414,92.0,30696.0,30587.0,134734,134742,30517.0,2026-05-27
A3_k1_spike_split,-1,2026-05-27 13:35:00+00:00,2026-05-27 13:35:00+00:00,30455.75,30696.5,2026-05-27 13:38:00+00:00,target,134.875,49.875,240.75,0.2071651090342679,0.5602284527518172,0.3561786085150571,-0.058151609553478714,99.75,30696.0,30540.0,134734,134747,30428.75,2026-05-27
A3_k1_spike_split,1,2026-05-27 13:55:00+00:00,2026-05-27 13:55:00+00:00,30342.75,30058.5,2026-05-27 16:00:00+00:00,time,-2.5,-92.75,284.25,-0.32629727352682497,-0.008795074758135445,0.25505716798592787,-0.5303430079155673,-185.5,30059.0,30253.5,134400,134751,30540.0,2026-05-27
A3_k1_spike_split,-1,2026-05-28 13:30:00+00:00,2026-05-28 13:30:00+00:00,30369.5,30696.5,2026-05-28 13:50:00+00:00,target,159.875,75.125,327.0,0.2297400611620795,0.488914373088685,0.4074923547400612,-0.18042813455657492,150.25,30696.0,30453.5,134734,134838,30344.75,2026-05-28
A3_k1_spike_split,-1,2026-05-28 14:00:00+00:00,2026-05-28 14:00:00+00:00,30308.5,30696.5,2026-05-28 16:00:00+00:00,time,-265.0,-272.5,388.0,-0.7023195876288659,-0.6829896907216495,0.07603092783505154,-0.7764175257731959,-545.0,30696.0,30315.0,134734,135028,30236.25,2026-05-28
A3_k1_spike_split,1,2026-05-29 13:30:00+00:00,2026-05-29 13:30:00+00:00,30699.25,30078.75,2026-05-29 13:31:00+00:00,target,151.875,1.25,620.5,0.00201450443190975,0.24476228847703466,0.05842062852538275,-0.028605962933118453,2.5,30079.25,30532.25,134914,135150,30679.5,2026-05-29
A3_k1_spike_split,1,2026-05-29 14:35:00+00:00,2026-05-29 14:35:00+00:00,30753.5,30078.75,2026-05-29 16:00:00+00:00,time,16.25,-76.25,674.75,-0.11300481659874027,0.02408299370137088,0.002593553167839941,-0.2486105965172286,-152.5,30079.25,30662.0,134914,135311,30851.75,2026-05-29
A3_k1_spike_split,-1,2026-06-01 13:30:00+00:00,2026-06-01 13:30:00+00:00,30658.75,30908.5,2026-06-01 16:00:00+00:00,time,15.25,-159.5,249.75,-0.6386386386386387,0.06106106106106106,0.19119119119119118,-0.8458458458458459,-319.0,30908.0,30832.5,135499,135510,30607.0,2026-06-01
A3_k1_spike_split,-1,2026-06-02 13:30:00+00:00,2026-06-02 13:30:00+00:00,30872.5,30964.25,2026-06-02 13:35:00+00:00,target,158.25,82.25,91.75,0.896457765667575,1.7247956403269755,1.119891008174387,-0.11989100817438691,164.5,30963.75,30947.75,135644,135647,30797.0,2026-06-02
A3_k1_spike_split,-1,2026-06-02 13:40:00+00:00,2026-06-02 13:40:00+00:00,30780.5,30964.25,2026-06-02 13:42:00+00:00,be,120.5,16.125,183.75,0.08775510204081632,0.6557823129251701,0.2217687074829932,-0.08435374149659863,32.25,30963.75,30883.5,135644,135852,30746.0,2026-06-02
A3_k1_spike_split,1,2026-06-02 13:50:00+00:00,2026-06-02 13:50:00+00:00,30866.0,30606.5,2026-06-02 13:53:00+00:00,target,147.375,20.375,259.5,0.07851637764932562,0.5679190751445087,0.13005780346820808,-0.03757225433526012,40.75,30607.0,30739.75,135575,135854,30883.5,2026-06-02
A3_k1_spike_split,1,2026-06-02 14:10:00+00:00,2026-06-02 14:10:00+00:00,30928.0,30606.5,2026-06-02 14:16:00+00:00,be,95.375,9.25,321.5,0.028771384136858476,0.29665629860031106,0.10964230171073094,-0.04821150855365474,18.5,30607.0,30842.75,135575,135858,30947.75,2026-06-02
A3_k1_spike_split,-1,2026-06-02 14:20:00+00:00,2026-06-02 14:20:00+00:00,30942.0,30964.25,2026-06-02 15:01:00+00:00,stop,-0.75,-23.0,22.25,-1.0337078651685394,-0.033707865168539325,3.9887640449438204,-1.0449438202247192,-46.0,30963.75,30963.25,135644,135860,30842.75,2026-06-02
A3_k1_spike_split,1,2026-06-02 15:15:00+00:00,2026-06-02 15:15:00+00:00,30982.25,30606.5,2026-06-02 15:56:00+00:00,target,80.25,25.25,375.75,0.06719893546240852,0.21357285429141717,0.08183632734530938,-0.044577511643379905,50.5,30607.0,30928.0,135575,135871,31008.0,2026-06-02
A3_k1_spike_split,1,2026-06-03 13:30:00+00:00,2026-06-03 13:30:00+00:00,31071.0,30633.25,2026-06-03 13:31:00+00:00,target,231.5,42.0,437.75,0.09594517418617933,0.5288406624785836,0.1096516276413478,-0.002284408909194746,84.0,30633.75,30882.25,135730,135959,31113.5,2026-06-03
A3_k1_spike_split,-1,2026-06-03 13:50:00+00:00,2026-06-03 13:50:00+00:00,30839.75,31124.25,2026-06-03 16:00:00+00:00,time,133.0,-81.5,284.5,-0.28646748681898065,0.46748681898066785,0.09929701230228472,-0.7583479789103691,-163.0,31123.75,31053.25,136128,136130,30739.75,2026-06-03
A3_k1_spike_split,-1,2026-06-04 13:30:00+00:00,2026-06-04 13:30:00+00:00,30584.5,31124.25,2026-06-04 13:32:00+00:00,be,416.75,9.375,539.75,0.017369152385363594,0.7721167207040296,0.10838351088466883,-0.06299212598425197,18.75,31123.75,31010.75,136128,136203,30604.0,2026-06-04
A3_k1_spike_split,1,2026-06-04 13:40:00+00:00,2026-06-04 13:40:00+00:00,30648.25,30478.5,2026-06-04 14:06:00+00:00,stop,-47.25,-170.5,169.75,-1.004418262150221,-0.27835051546391754,0.054491899852724596,-1.0589101620029455,-341.0,30479.0,30526.0,136381,136404,30718.5,2026-06-04
A3_k1_spike_split,1,2026-06-04 14:30:00+00:00,2026-06-04 14:30:00+00:00,30657.5,30467.75,2026-06-04 15:07:00+00:00,target,132.5,41.5,189.75,0.21870882740447958,0.6982872200263505,0.35046113306982873,-0.2885375494071146,83.0,30468.25,30567.25,136411,136414,30680.5,2026-06-04
A3_k1_spike_split,-1,2026-06-04 15:25:00+00:00,2026-06-04 15:25:00+00:00,30776.75,31124.25,2026-06-04 16:00:00+00:00,time,56.0,46.75,347.5,0.13453237410071942,0.16115107913669063,0.2841726618705036,-0.0028776978417266188,93.5,31123.75,30785.0,136128,136425,30602.75,2026-06-04
A3_k1_spike_split,-1,2026-06-05 14:10:00+00:00,2026-06-05 14:10:00+00:00,30168.0,30919.75,2026-06-05 15:12:00+00:00,target,666.0,93.5,751.75,0.12437645493847689,0.8859328234120386,0.13368806119055537,-0.11972065181243764,187.0,30919.25,30739.75,136476,136490,30074.0,2026-06-05
A3_k1_spike_split,-1,2026-06-08 13:30:00+00:00,2026-06-08 13:30:00+00:00,29842.0,30576.5,2026-06-08 13:32:00+00:00,be,226.75,-13.125,734.5,-0.01786929884275017,0.308713410483322,0.039482641252552755,-0.07964601769911504,-26.25,30576.0,30081.0,136628,136702,29867.0,2026-06-08
A3_k1_spike_split,1,2026-06-08 13:45:00+00:00,2026-06-08 13:45:00+00:00,29832.25,29094.0,2026-06-08 14:46:00+00:00,target,215.125,95.375,738.25,0.129190653572638,0.2913985777175753,0.15441923467660007,-0.2505926176769387,190.75,29094.5,29713.25,136767,136957,29920.25,2026-06-08
A3_k1_spike_split,1,2026-06-08 14:50:00+00:00,2026-06-08 14:50:00+00:00,29927.0,29094.0,2026-06-08 15:19:00+00:00,target,183.625,99.375,833.0,0.11929771908763505,0.22043817527010803,0.15546218487394958,-0.012605042016806723,198.75,29094.5,29843.5,136767,136970,29998.25,2026-06-08
A3_k1_spike_split,1,2026-06-09 13:30:00+00:00,2026-06-09 13:30:00+00:00,30053.5,29187.25,2026-06-09 13:43:00+00:00,target,445.75,10.0,866.25,0.011544011544011544,0.5145743145743146,0.0227994227994228,-0.12034632034632034,20.0,29187.75,29618.5,136781,137081,30064.0,2026-06-09
A3_k1_spike_split,1,2026-06-09 14:10:00+00:00,2026-06-09 14:10:00+00:00,29947.5,29187.25,2026-06-09 15:29:00+00:00,stop,-750.25,-761.0,760.25,-1.0009865175928971,-0.9868464320947057,0.0009865175928970734,-1.0299243669845446,-1522.0,29187.75,29937.75,136781,137238,30163.0,2026-06-09
A3_k1_spike_split,-1,2026-06-10 13:30:00+00:00,2026-06-10 13:30:00+00:00,29168.75,30163.5,2026-06-10 13:35:00+00:00,be,358.625,14.75,994.75,0.014827846192510681,0.3605177180196029,0.08142749434531289,-0.10228700678562452,29.5,30163.0,29511.75,137235,137310,29138.0,2026-06-10
A3_k1_spike_split,1,2026-06-10 13:45:00+00:00,2026-06-10 13:45:00+00:00,29394.5,28542.75,2026-06-10 13:48:00+00:00,target,334.625,27.125,851.75,0.03184619900205459,0.3928676254769592,0.08981508658643968,-0.0695626651012621,54.25,28543.25,29087.75,137270,137509,29415.25,2026-06-10
A3_k1_spike_split,-1,2026-06-10 13:55:00+00:00,2026-06-10 13:55:00+00:00,29344.75,30163.5,2026-06-10 15:51:00+00:00,target,447.625,313.375,818.75,0.38274809160305345,0.5467175572519084,0.4833587786259542,-0.2714503816793893,626.75,30163.0,29478.25,137235,137511,29087.75,2026-06-10
A3_k1_spike_split,-1,2026-06-11 13:30:00+00:00,2026-06-11 13:30:00+00:00,29069.0,29251.5,2026-06-11 13:36:00+00:00,be,168.0,-2.125,182.5,-0.011643835616438357,0.9205479452054794,0.44931506849315067,-0.16712328767123288,-4.25,29251.0,29238.25,137725,137730,29072.0,2026-06-11
A3_k1_spike_split,-1,2026-06-11 13:45:00+00:00,2026-06-11 13:45:00+00:00,29053.0,29251.5,2026-06-11 13:51:00+00:00,stop,-151.75,-199.25,198.5,-1.0037783375314862,-0.7644836272040302,0.15365239294710328,-1.1687657430730478,-398.5,29251.0,29099.5,137725,137785,28954.25,2026-06-11
A3_k1_spike_split,1,2026-06-11 14:25:00+00:00,2026-06-11 14:25:00+00:00,29200.25,28579.75,2026-06-11 16:00:00+00:00,time,107.0,-26.75,620.5,-0.04311039484286865,0.1724415793714746,0.09307010475423046,-0.4943593875906527,-53.5,28580.25,29067.5,137613,137793,29364.75,2026-06-11
A3_k1_spike_split,-1,2026-06-12 13:30:00+00:00,2026-06-12 13:30:00+00:00,29811.0,29984.5,2026-06-12 13:42:00+00:00,target,342.0,175.25,173.5,1.0100864553314122,1.9711815561959654,1.3285302593659942,-0.043227665706051875,350.5,29984.0,29977.0,138013,138017,29670.5,2026-06-12
A3_k1_spike_split,-1,2026-06-12 13:50:00+00:00,2026-06-12 13:50:00+00:00,29615.75,29984.5,2026-06-12 15:01:00+00:00,stop,-195.25,-369.5,368.75,-1.0020338983050847,-0.5294915254237288,0.07932203389830508,-1.0074576271186442,-739.0,29984.0,29789.0,138013,138062,29545.25,2026-06-12
A3_k1_spike_split,-1,2026-06-15 13:30:00+00:00,2026-06-15 13:30:00+00:00,30630.5,30632.75,2026-06-15 13:30:00+00:00,stop,-2.0,-3.0,2.25,-1.3333333333333333,-0.8888888888888888,4.222222222222222,-22.11111111111111,-6.0,30632.25,30630.5,138316,138320,30578.75,2026-06-15
A3_k1_spike_split,1,2026-06-15 14:00:00+00:00,2026-06-15 14:00:00+00:00,30717.75,29546.75,2026-06-15 15:03:00+00:00,target,205.5,94.25,1171.0,0.0804867634500427,0.17549103330486762,0.09607173356105893,-0.027113578138343298,188.5,29547.25,30607.25,138063,138334,30812.5,2026-06-15
A3_k1_spike_split,1,2026-06-16 13:30:00+00:00,2026-06-16 13:30:00+00:00,30820.0,30305.5,2026-06-16 13:44:00+00:00,be,70.5,18.125,514.5,0.03522837706511176,0.13702623906705538,0.09329446064139942,-0.1185617103984451,36.25,30306.0,30768.5,138166,138463,30857.5,2026-06-16
A3_k1_spike_split,1,2026-06-16 14:10:00+00:00,2026-06-16 14:10:00+00:00,30858.25,30305.5,2026-06-16 16:00:00+00:00,time,-326.25,-383.0,552.75,-0.6928991406603346,-0.5902306648575305,0.007236544549977386,-0.8000904568068747,-766.0,30306.0,30802.5,138166,138618,30896.0,2026-06-16
A3_k1_spike_split,-1,2026-06-17 13:30:00+00:00,2026-06-17 13:30:00+00:00,30527.0,30584.75,2026-06-17 13:33:00+00:00,target,74.5,73.75,57.75,1.277056277056277,1.29004329004329,1.7445887445887447,-0.017316017316017316,147.5,30584.25,30527.0,138823,138840,30465.0,2026-06-17
A3_k1_spike_split,-1,2026-06-17 13:35:00+00:00,2026-06-17 13:35:00+00:00,30441.0,30584.75,2026-06-17 13:57:00+00:00,target,155.375,63.375,143.75,0.4408695652173913,1.0808695652173914,0.577391304347826,-0.6939130434782609,126.75,30584.25,30532.25,138823,138887,30387.25,2026-06-17
A3_k1_spike_split,1,2026-06-17 14:10:00+00:00,2026-06-17 14:10:00+00:00,30385.0,30272.75,2026-06-17 14:41:00+00:00,be,143.375,77.25,112.25,0.688195991091314,1.27728285077951,1.423162583518931,-0.2516703786191537,154.5,30273.25,30319.75,138693,138894,30540.75,2026-06-17
A3_k1_spike_split,-1,2026-06-17 14:55:00+00:00,2026-06-17 14:55:00+00:00,30426.0,30584.75,2026-06-17 16:00:00+00:00,time,13.0,-24.75,158.75,-0.15590551181102363,0.08188976377952756,0.5023622047244094,-0.28188976377952757,-49.5,30584.25,30462.75,138823,138903,30289.0,2026-06-17
A3_k1_spike_split,1,2026-06-18 13:30:00+00:00,2026-06-18 13:30:00+00:00,30594.5,29921.5,2026-06-18 13:33:00+00:00,target,569.25,-10.75,673.0,-0.015973254086181277,0.8458395245170877,0.030460624071322436,-0.07838038632986627,-21.5,29922.0,30015.25,138964,138969,30584.25,2026-06-18
A3_k1_spike_split,1,2026-06-18 13:50:00+00:00,2026-06-18 13:50:00+00:00,30497.25,29921.5,2026-06-18 14:23:00+00:00,target,223.25,117.25,575.75,0.20364741641337386,0.3877551020408163,0.23404255319148937,-0.16022579244463742,234.5,29922.0,30392.0,138964,139166,30615.0,2026-06-18
A3_k1_spike_split,1,2026-06-18 14:30:00+00:00,2026-06-18 14:30:00+00:00,30521.0,29921.5,2026-06-18 14:48:00+00:00,target,143.25,121.5,599.5,0.20266889074228525,0.2389491242702252,0.2335279399499583,-0.0963302752293578,243.0,29922.0,30500.0,138964,139173,30643.0,2026-06-18
A3_k1_spike_split,-1,2026-06-18 15:05:00+00:00,2026-06-18 15:05:00+00:00,30622.75,30661.5,2026-06-18 15:11:00+00:00,stop,-9.75,-39.5,38.75,-1.0193548387096774,-0.25161290322580643,0.3935483870967742,-1.367741935483871,-79.0,30661.0,30651.5,139179,139181,30463.25,2026-06-18
A3_k1_spike_split,-1,2026-06-19 13:30:00+00:00,2026-06-19 13:30:00+00:00,30645.75,30783.75,2026-06-19 16:00:00+00:00,time,90.0,-39.25,138.0,-0.28442028985507245,0.6521739130434783,0.08695652173913043,-0.42934782608695654,-78.5,30783.25,30774.0,139239,139241,30626.5,2026-06-19
A3_k1_spike_split,1,2026-06-22 13:50:00+00:00,2026-06-22 13:50:00+00:00,30880.25,30336.25,2026-06-22 13:58:00+00:00,target,455.25,46.25,544.0,0.08501838235294118,0.8368566176470589,0.09466911764705882,-0.06893382352941177,92.5,30336.75,30472.0,139505,139508,30927.0,2026-06-22
A3_k1_spike_split,1,2026-06-22 14:20:00+00:00,2026-06-22 14:20:00+00:00,30876.25,30336.25,2026-06-22 16:00:00+00:00,time,-286.0,-320.5,540.0,-0.5935185185185186,-0.5296296296296297,0.003703703703703704,-0.6240740740740741,-641.0,30336.75,30842.75,139505,139673,30967.75,2026-06-22
A3_k1_spike_split,-1,2026-06-23 13:30:00+00:00,2026-06-23 13:30:00+00:00,29719.25,30700.25,2026-06-23 13:31:00+00:00,target,983.75,59.75,981.0,0.0609072375127421,1.002803261977574,0.10474006116207951,-0.023700305810397553,119.5,30699.75,30674.75,139758,139762,29691.25,2026-06-23
A3_k1_spike_split,1,2026-06-23 13:55:00+00:00,2026-06-23 13:55:00+00:00,29877.0,29616.0,2026-06-23 13:59:00+00:00,target,205.5,47.5,261.0,0.18199233716475097,0.7873563218390804,0.21839080459770116,-0.12739463601532566,95.0,29616.5,29719.75,139944,139947,29916.75,2026-06-23
A3_k1_spike_split,-1,2026-06-23 14:10:00+00:00,2026-06-23 14:10:00+00:00,29974.75,30700.25,2026-06-23 16:00:00+00:00,time,245.5,215.375,725.5,0.2968642315644383,0.3383873190902826,0.3855961405926947,-0.09924190213645762,430.75,30699.75,30004.0,139758,139950,29719.75,2026-06-23
A3_k1_spike_split,-1,2026-06-24 13:30:00+00:00,2026-06-24 13:30:00+00:00,29711.25,30700.25,2026-06-24 13:32:00+00:00,be,233.0,28.625,989.0,0.028943377148634986,0.23559150657229525,0.07633973710819009,-0.10212335692618807,57.25,30699.75,29915.5,139758,139977,29654.25,2026-06-24
A3_k1_spike_split,1,2026-06-24 13:40:00+00:00,2026-06-24 13:40:00+00:00,29728.0,29576.75,2026-06-24 13:48:00+00:00,stop,-58.75,-152.0,151.25,-1.0049586776859505,-0.3884297520661157,0.08925619834710743,-1.084297520661157,-304.0,29577.25,29635.75,140008,140220,29865.5,2026-06-24
A3_k1_spike_split,-1,2026-06-24 14:00:00+00:00,2026-06-24 14:00:00+00:00,29685.5,30700.25,2026-06-24 14:20:00+00:00,target,226.25,121.0,1014.75,0.11924119241192412,0.22296132052229614,0.15792067011579206,-0.03941857600394186,242.0,30699.75,29790.0,139758,140224,29564.0,2026-06-24
A3_k1_spike_split,1,2026-06-24 14:50:00+00:00,2026-06-24 14:50:00+00:00,29833.5,29524.75,2026-06-24 14:59:00+00:00,target,178.5,54.25,308.75,0.1757085020242915,0.5781376518218624,0.19352226720647772,-0.14008097165991903,108.5,29525.25,29710.0,140230,140234,29884.75,2026-06-24
A3_k1_spike_split,1,2026-06-24 15:05:00+00:00,2026-06-24 15:05:00+00:00,29858.0,29524.75,2026-06-24 16:00:00+00:00,time,-33.75,-102.5,333.25,-0.3075768942235559,-0.10127531882970743,0.02625656414103526,-0.4763690922730683,-205.0,29525.25,29790.25,140230,140237,29915.5,2026-06-24
A3_k1_spike_split,-1,2026-06-25 13:30:00+00:00,2026-06-25 13:30:00+00:00,30152.5,30264.75,2026-06-25 13:31:00+00:00,target,106.125,32.5,112.25,0.289532293986637,0.9454342984409799,0.7572383073496659,-0.40979955456570155,65.0,30264.25,30227.0,140484,140487,30125.5,2026-06-25
A3_k1_spike_split,-1,2026-06-25 13:40:00+00:00,2026-06-25 13:40:00+00:00,29996.25,30264.75,2026-06-25 13:41:00+00:00,target,225.125,48.25,268.5,0.17970204841713222,0.8384543761638734,0.34543761638733705,-0.05772811918063315,96.5,30264.25,30198.5,140484,140496,29981.75,2026-06-25
A3_k1_spike_split,-1,2026-06-25 14:20:00+00:00,2026-06-25 14:20:00+00:00,29611.25,30264.75,2026-06-25 16:00:00+00:00,time,30.25,-49.5,653.5,-0.0757459831675593,0.046289211935730684,0.22762050497322112,-0.2528691660290742,-99.0,30264.25,29690.0,140484,140504,29296.5,2026-06-25
A3_k1_spike_split,-1,2026-06-26 13:30:00+00:00,2026-06-26 13:30:00+00:00,29361.25,30264.75,2026-06-26 13:43:00+00:00,be,633.75,74.625,903.5,0.08259546209186497,0.7014388489208633,0.1983951300498063,-0.012728278915329275,149.25,30264.25,29919.5,140484,140574,29210.75,2026-06-26
A3_k1_spike_split,-1,2026-06-26 13:50:00+00:00,2026-06-26 13:50:00+00:00,29267.0,30264.75,2026-06-26 16:00:00+00:00,time,-254.25,-354.5,997.75,-0.3552994237033325,-0.25482335254322225,0.007516913054372337,-0.45126534703081933,-709.0,30264.25,29366.25,140484,140774,29219.25,2026-06-26
A3_k1_spike_split,-1,2026-06-29 13:30:00+00:00,2026-06-29 13:30:00+00:00,29644.0,29894.25,2026-06-29 13:31:00+00:00,target,135.375,21.875,250.25,0.08741258741258741,0.5409590409590409,0.34765234765234765,-0.19080919080919082,43.75,29893.75,29770.0,140603,141024,29650.0,2026-06-29
A3_k1_spike_split,-1,2026-06-29 13:40:00+00:00,2026-06-29 13:40:00+00:00,29710.0,29894.25,2026-06-29 14:07:00+00:00,target,243.75,185.0,184.25,1.0040705563093624,1.322930800542741,1.317503392130258,-0.6974219810040706,370.0,29893.75,29768.0,140603,141048,29557.0,2026-06-29
A3_k1_spike_split,1,2026-06-29 14:25:00+00:00,2026-06-29 14:25:00+00:00,29402.25,29159.5,2026-06-29 16:00:00+00:00,time,565.25,436.125,242.75,1.7966014418125644,2.328527291452111,1.8692070030895984,-0.04325437693099897,872.25,29160.0,29274.0,140653,141057,29838.5,2026-06-29
A3_k1_spike_split,-1,2026-06-30 13:30:00+00:00,2026-06-30 13:30:00+00:00,30046.5,30217.75,2026-06-30 13:35:00+00:00,stop,-21.5,-172.0,171.25,-1.0043795620437956,-0.12554744525547445,0.07153284671532846,-1.1941605839416058,-344.0,30217.25,30196.0,141222,141226,29978.0,2026-06-30
A3_k1_spike_split,1,2026-06-30 13:50:00+00:00,2026-06-30 13:50:00+00:00,30213.5,29273.5,2026-06-30 13:51:00+00:00,target,111.5,50.0,940.0,0.05319148936170213,0.11861702127659575,0.08457446808510638,-0.015691489361702126,100.0,29274.0,30152.75,141057,141326,30264.0,2026-06-30
A3_k1_spike_split,1,2026-06-30 14:10:00+00:00,2026-06-30 14:10:00+00:00,30334.25,29273.5,2026-06-30 14:22:00+00:00,target,119.75,59.0,1060.75,0.055621022861183124,0.112891821824181,0.0648126325712939,-0.02686778222955456,118.0,29274.0,30274.25,141057,141330,30393.75,2026-06-30
A3_k1_spike_split,1,2026-06-30 15:05:00+00:00,2026-06-30 15:05:00+00:00,30368.25,29273.5,2026-06-30 15:50:00+00:00,target,159.75,73.0,1094.75,0.06668189084265815,0.1459237268782827,0.07467458323818223,-0.009362868234756794,146.0,29274.0,30282.25,141057,141341,30441.75,2026-06-30
