entry_ts,exit_ts,side,entry_price,exit_price,stop_price,target_price,pnl,r_mult,reason
2024-07-02 10:00:00,2024-07-02 10:01:00,long,5531.5,5529.0,5529.25,5533.25,-13.5,-1.2,stop
2024-07-02 10:30:00,2024-07-02 10:37:00,long,5534.75,5536.5,5532.5,5536.5,7.75,0.6888888888888889,target
2024-07-02 11:00:00,2024-07-02 11:09:00,long,5537.5,5539.25,5535.25,5539.25,7.75,0.6888888888888889,target
2024-07-02 11:30:00,2024-07-02 11:33:00,long,5542.25,5539.75,5540.0,5544.0,-13.5,-1.2,stop
2024-07-02 14:00:00,2024-07-02 14:04:00,long,5552.5,5554.25,5550.25,5554.25,7.75,0.6888888888888889,target
2024-07-02 14:30:00,2024-07-02 14:48:00,long,5556.75,5558.5,5554.5,5558.5,7.75,0.6888888888888889,target
2024-07-04 11:30:00,2024-07-04 12:13:00,short,5588.25,5586.5,5590.5,5586.5,7.75,0.6888888888888889,target
2024-07-05 10:00:00,2024-07-05 10:02:00,long,5602.0,5599.5,5599.75,5603.75,-13.5,-1.2,stop
2024-07-05 11:30:00,2024-07-05 11:40:00,long,5605.75,5607.5,5603.5,5607.5,7.75,0.6888888888888889,target
2024-07-05 13:30:00,2024-07-05 13:34:00,long,5614.5,5616.25,5612.25,5616.25,7.75,0.6888888888888889,target
2024-07-05 14:00:00,2024-07-05 14:02:00,long,5618.5,5616.0,5616.25,5620.25,-13.5,-1.2,stop
2024-07-05 14:30:00,2024-07-05 14:31:00,long,5616.25,5613.75,5614.0,5618.0,-13.5,-1.2,stop
2024-07-08 10:00:00,2024-07-08 10:19:00,short,5632.0,5630.25,5634.25,5630.25,7.75,0.6888888888888889,target
2024-07-08 11:00:00,2024-07-08 11:02:00,short,5625.5,5628.0,5627.75,5623.75,-13.5,-1.2,stop
2024-07-08 11:30:00,2024-07-08 11:34:00,short,5627.75,5626.0,5630.0,5626.0,7.75,0.6888888888888889,target
2024-07-08 14:00:00,2024-07-08 14:25:00,short,5624.5,5627.0,5626.75,5622.75,-13.5,-1.2,stop
2024-07-08 14:30:00,2024-07-08 14:37:00,short,5624.5,5622.75,5626.75,5622.75,7.75,0.6888888888888889,target
2024-07-08 15:00:00,2024-07-08 15:16:00,short,5622.0,5620.25,5624.25,5620.25,7.75,0.6888888888888889,target
2024-07-09 10:00:00,2024-07-09 10:05:00,long,5641.0,5638.5,5638.75,5642.75,-13.5,-1.2,stop
2024-07-09 10:30:00,2024-07-09 10:31:00,short,5633.5,5631.75,5635.75,5631.75,7.75,0.6888888888888889,target
2024-07-09 11:00:00,2024-07-09 11:04:00,long,5638.0,5635.5,5635.75,5639.75,-13.5,-1.2,stop
2024-07-09 11:30:00,2024-07-09 11:32:00,short,5633.5,5631.75,5635.75,5631.75,7.75,0.6888888888888889,target
2024-07-09 14:00:00,2024-07-09 14:03:00,short,5634.0,5632.25,5636.25,5632.25,7.75,0.6888888888888889,target
2024-07-09 14:30:00,2024-07-09 14:34:00,short,5630.25,5632.75,5632.5,5628.5,-13.5,-1.2,stop
2024-07-10 11:00:00,2024-07-10 11:07:00,short,5641.75,5644.25,5644.0,5640.0,-13.5,-1.2,stop
2024-07-10 11:30:00,2024-07-10 11:35:00,long,5651.5,5649.0,5649.25,5653.25,-13.5,-1.2,stop
2024-07-10 13:30:00,2024-07-10 13:31:00,long,5667.25,5664.75,5665.0,5669.0,-13.5,-1.2,stop
2024-07-11 11:30:00,2024-07-11 11:32:00,short,5643.5,5646.0,5645.75,5641.75,-13.5,-1.2,stop
2024-07-11 13:30:00,2024-07-11 13:31:00,short,5640.25,5638.5,5642.5,5638.5,7.75,0.6888888888888889,target
2024-07-12 10:00:00,2024-07-12 10:01:00,long,5663.25,5660.75,5661.0,5665.0,-13.5,-1.2,stop
2024-07-12 10:30:00,2024-07-12 10:32:00,long,5669.0,5670.75,5666.75,5670.75,7.75,0.6888888888888889,target
2024-07-12 14:00:00,2024-07-12 14:04:00,long,5702.25,5704.0,5700.0,5704.0,7.75,0.6888888888888889,target
2024-07-15 10:00:00,2024-07-15 10:03:00,long,5691.25,5693.0,5689.0,5693.0,7.75,0.6888888888888889,target
2024-07-15 10:30:00,2024-07-15 10:34:00,long,5699.25,5701.0,5697.0,5701.0,7.75,0.6888888888888889,target
2024-07-15 11:00:00,2024-07-15 11:01:00,long,5709.5,5711.25,5707.25,5711.25,7.75,0.6888888888888889,target
2024-07-15 13:30:00,2024-07-15 13:32:00,short,5685.0,5683.25,5687.25,5683.25,7.75,0.6888888888888889,target
2024-07-15 14:00:00,2024-07-15 14:02:00,short,5679.25,5681.75,5681.5,5677.5,-13.5,-1.2,stop
2024-07-15 15:00:00,2024-07-15 15:05:00,short,5691.0,5689.25,5693.25,5689.25,7.75,0.6888888888888889,target
2024-07-16 10:00:00,2024-07-16 10:02:00,short,5699.5,5697.75,5701.75,5697.75,7.75,0.6888888888888889,target
2024-07-16 14:00:00,2024-07-16 14:05:00,short,5699.5,5702.0,5701.75,5697.75,-13.5,-1.2,stop
2024-07-16 14:30:00,2024-07-16 14:35:00,long,5704.0,5705.75,5701.75,5705.75,7.75,0.6888888888888889,target
2024-07-17 10:00:00,2024-07-17 10:01:00,short,5660.5,5658.75,5662.75,5658.75,7.75,0.6888888888888889,target
2024-07-17 10:30:00,2024-07-17 10:33:00,short,5653.25,5655.75,5655.5,5651.5,-13.5,-1.2,stop
2024-07-17 11:00:00,2024-07-17 11:02:00,short,5649.25,5647.5,5651.5,5647.5,7.75,0.6888888888888889,target
2024-07-17 11:30:00,2024-07-17 11:31:00,short,5651.5,5649.75,5653.75,5649.75,7.75,0.6888888888888889,target
2024-07-17 14:00:00,2024-07-17 14:02:00,short,5638.25,5636.5,5640.5,5636.5,7.75,0.6888888888888889,target
2024-07-17 15:30:00,2024-07-17 15:31:00,short,5647.0,5649.5,5649.25,5645.25,-13.5,-1.2,stop
2024-07-18 10:30:00,2024-07-18 10:31:00,short,5651.5,5649.75,5653.75,5649.75,7.75,0.6888888888888889,target
2024-07-18 14:00:00,2024-07-18 14:01:00,short,5599.75,5598.0,5602.0,5598.0,7.75,0.6888888888888889,target
2024-07-18 14:30:00,2024-07-18 14:31:00,short,5590.25,5588.5,5592.5,5588.5,7.75,0.6888888888888889,target
2024-07-19 10:00:00,2024-07-19 10:01:00,short,5589.0,5591.5,5591.25,5587.25,-13.5,-1.2,stop
2024-07-19 11:30:00,2024-07-19 11:31:00,short,5557.25,5559.75,5559.5,5555.5,-13.5,-1.2,stop
2024-07-19 13:30:00,2024-07-19 13:32:00,short,5546.25,5548.75,5548.5,5544.5,-13.5,-1.2,stop
2024-07-19 14:00:00,2024-07-19 14:02:00,short,5556.75,5555.0,5559.0,5555.0,7.75,0.6888888888888889,target
2024-07-19 15:30:00,2024-07-19 15:32:00,short,5561.75,5560.0,5564.0,5560.0,7.75,0.6888888888888889,target
2024-07-22 10:00:00,2024-07-22 10:01:00,short,5585.75,5584.0,5588.0,5584.0,7.75,0.6888888888888889,target
2024-07-22 11:00:00,2024-07-22 11:03:00,long,5602.5,5604.25,5600.25,5604.25,7.75,0.6888888888888889,target
2024-07-22 11:30:00,2024-07-22 11:31:00,short,5579.5,5577.75,5581.75,5577.75,7.75,0.6888888888888889,target
2024-07-22 13:30:00,2024-07-22 13:31:00,long,5606.0,5607.75,5603.75,5607.75,7.75,0.6888888888888889,target
2024-07-22 14:30:00,2024-07-22 14:32:00,long,5611.25,5613.0,5609.0,5613.0,7.75,0.6888888888888889,target
2024-07-23 10:00:00,2024-07-23 10:01:00,long,5620.25,5617.75,5618.0,5622.0,-13.5,-1.2,stop
2024-07-23 11:30:00,2024-07-23 11:37:00,long,5627.25,5624.75,5625.0,5629.0,-13.5,-1.2,stop
2024-07-23 13:30:00,2024-07-23 13:32:00,short,5607.5,5610.0,5609.75,5605.75,-13.5,-1.2,stop
2024-07-23 15:30:00,2024-07-23 15:33:00,short,5612.75,5611.0,5615.0,5611.0,7.75,0.6888888888888889,target
2024-07-24 10:00:00,2024-07-24 10:01:00,short,5525.25,5527.75,5527.5,5523.5,-13.5,-1.2,stop
2024-07-24 11:00:00,2024-07-24 11:02:00,short,5514.25,5512.5,5516.5,5512.5,7.75,0.6888888888888889,target
2024-07-24 13:30:00,2024-07-24 13:34:00,short,5500.25,5502.75,5502.5,5498.5,-13.5,-1.2,stop
2024-07-24 14:00:00,2024-07-24 14:06:00,short,5497.0,5499.5,5499.25,5495.25,-13.5,-1.2,stop
2024-07-24 15:00:00,2024-07-24 15:01:00,short,5482.25,5480.5,5484.5,5480.5,7.75,0.6888888888888889,target
2024-07-24 15:30:00,2024-07-24 15:32:00,short,5475.25,5477.75,5477.5,5473.5,-13.5,-1.2,stop
2024-07-25 10:00:00,2024-07-25 10:01:00,short,5450.25,5452.75,5452.5,5448.5,-13.5,-1.2,stop
2024-07-25 10:30:00,2024-07-25 10:31:00,long,5465.5,5463.0,5463.25,5467.25,-13.5,-1.2,stop
2024-07-25 13:30:00,2024-07-25 13:32:00,long,5507.0,5504.5,5504.75,5508.75,-13.5,-1.2,stop
2024-07-25 14:30:00,2024-07-25 14:31:00,long,5490.25,5492.0,5488.0,5492.0,7.75,0.6888888888888889,target
2024-07-26 10:00:00,2024-07-26 10:01:00,long,5491.25,5488.75,5489.0,5493.0,-13.5,-1.2,stop
2024-07-26 11:00:00,2024-07-26 11:01:00,long,5490.5,5492.25,5488.25,5492.25,7.75,0.6888888888888889,target
2024-07-26 11:30:00,2024-07-26 11:31:00,long,5489.25,5491.0,5487.0,5491.0,7.75,0.6888888888888889,target
2024-07-26 14:30:00,2024-07-26 14:31:00,long,5501.25,5503.0,5499.0,5503.0,7.75,0.6888888888888889,target
2024-07-26 15:00:00,2024-07-26 15:05:00,short,5489.75,5488.0,5492.0,5488.0,7.75,0.6888888888888889,target
2024-07-29 10:00:00,2024-07-29 10:01:00,long,5525.0,5522.5,5522.75,5526.75,-13.5,-1.2,stop
2024-07-29 10:30:00,2024-07-29 10:31:00,short,5505.5,5503.75,5507.75,5503.75,7.75,0.6888888888888889,target
2024-07-29 11:00:00,2024-07-29 11:02:00,short,5493.75,5496.25,5496.0,5492.0,-13.5,-1.2,stop
2024-07-29 11:30:00,2024-07-29 11:31:00,short,5489.75,5488.0,5492.0,5488.0,7.75,0.6888888888888889,target
2024-07-29 13:30:00,2024-07-29 13:32:00,short,5505.75,5508.25,5508.0,5504.0,-13.5,-1.2,stop
2024-07-29 14:00:00,2024-07-29 14:01:00,short,5506.25,5504.5,5508.5,5504.5,7.75,0.6888888888888889,target
2024-07-30 10:00:00,2024-07-30 10:01:00,short,5515.0,5513.25,5517.25,5513.25,7.75,0.6888888888888889,target
2024-07-30 10:30:00,2024-07-30 10:31:00,short,5501.75,5504.25,5504.0,5500.0,-13.5,-1.2,stop
2024-07-30 11:00:00,2024-07-30 11:01:00,short,5488.5,5486.75,5490.75,5486.75,7.75,0.6888888888888889,target
2024-07-30 13:30:00,2024-07-30 13:31:00,short,5455.75,5458.25,5458.0,5454.0,-13.5,-1.2,stop
2024-07-30 14:30:00,2024-07-30 14:32:00,short,5471.75,5470.0,5474.0,5470.0,7.75,0.6888888888888889,target
2024-07-30 15:00:00,2024-07-30 15:01:00,short,5464.5,5462.75,5466.75,5462.75,7.75,0.6888888888888889,target
2024-07-31 10:00:00,2024-07-31 10:01:00,long,5542.5,5544.25,5540.25,5544.25,7.75,0.6888888888888889,target
2024-07-31 10:30:00,2024-07-31 10:31:00,long,5560.0,5561.75,5557.75,5561.75,7.75,0.6888888888888889,target
2024-07-31 11:30:00,2024-07-31 11:31:00,long,5565.5,5567.25,5563.25,5567.25,7.75,0.6888888888888889,target
2024-07-31 13:30:00,2024-07-31 13:31:00,short,5549.5,5547.75,5551.75,5547.75,7.75,0.6888888888888889,target
2024-07-31 14:00:00,2024-07-31 14:01:00,short,5550.0,5552.5,5552.25,5548.25,-13.5,-1.2,stop
2024-07-31 14:30:00,2024-07-31 14:31:00,long,5569.0,5566.5,5566.75,5570.75,-13.5,-1.2,stop
2024-08-01 10:00:00,2024-08-01 10:01:00,short,5588.0,5586.25,5590.25,5586.25,7.75,0.6888888888888889,target
2024-08-01 11:00:00,2024-08-01 11:01:00,short,5523.25,5521.5,5525.5,5521.5,7.75,0.6888888888888889,target
2024-08-01 11:30:00,2024-08-01 11:31:00,short,5512.0,5514.5,5514.25,5510.25,-13.5,-1.2,stop
2024-08-01 13:30:00,2024-08-01 13:32:00,short,5471.5,5474.0,5473.75,5469.75,-13.5,-1.2,stop
2024-08-01 14:00:00,2024-08-01 14:01:00,short,5472.25,5470.5,5474.5,5470.5,7.75,0.6888888888888889,target
2024-08-01 14:30:00,2024-08-01 14:32:00,short,5449.5,5452.0,5451.75,5447.75,-13.5,-1.2,stop
2024-08-02 11:00:00,2024-08-02 11:01:00,short,5334.25,5336.75,5336.5,5332.5,-13.5,-1.2,stop
2024-08-02 14:00:00,2024-08-02 14:02:00,short,5344.0,5342.25,5346.25,5342.25,7.75,0.6888888888888889,target
2024-08-02 14:30:00,2024-08-02 14:31:00,long,5366.0,5367.75,5363.75,5367.75,7.75,0.6888888888888889,target
2024-08-02 15:30:00,2024-08-02 15:31:00,long,5371.75,5369.25,5369.5,5373.5,-13.5,-1.2,stop
2024-08-05 10:00:00,2024-08-05 10:01:00,long,5243.25,5240.75,5241.0,5245.0,-13.5,-1.2,stop
2024-08-05 11:00:00,2024-08-05 11:01:00,short,5203.5,5206.0,5205.75,5201.75,-13.5,-1.2,stop
2024-08-05 11:30:00,2024-08-05 11:31:00,long,5245.75,5243.25,5243.5,5247.5,-13.5,-1.2,stop
2024-08-05 13:30:00,2024-08-05 13:31:00,long,5241.5,5239.0,5239.25,5243.25,-13.5,-1.2,stop
2024-08-05 14:30:00,2024-08-05 14:31:00,long,5235.25,5232.75,5233.0,5237.0,-13.5,-1.2,stop
2024-08-06 11:30:00,2024-08-06 11:31:00,long,5271.5,5269.0,5269.25,5273.25,-13.5,-1.2,stop
2024-08-06 13:30:00,2024-08-06 13:31:00,long,5323.75,5321.25,5321.5,5325.5,-13.5,-1.2,stop
2024-08-07 10:00:00,2024-08-07 10:01:00,long,5358.5,5356.0,5356.25,5360.25,-13.5,-1.2,stop
2024-08-07 11:00:00,2024-08-07 11:01:00,long,5349.5,5347.0,5347.25,5351.25,-13.5,-1.2,stop
2024-08-07 14:30:00,2024-08-07 14:31:00,short,5247.0,5249.5,5249.25,5245.25,-13.5,-1.2,stop
2024-08-07 15:00:00,2024-08-07 15:01:00,short,5236.0,5238.5,5238.25,5234.25,-13.5,-1.2,stop
2024-08-07 15:30:00,2024-08-07 15:31:00,short,5248.5,5251.0,5250.75,5246.75,-13.5,-1.2,stop
2024-08-08 10:00:00,2024-08-08 10:02:00,long,5296.0,5297.75,5293.75,5297.75,7.75,0.6888888888888889,target
2024-08-08 11:30:00,2024-08-08 11:31:00,long,5322.75,5324.5,5320.5,5324.5,7.75,0.6888888888888889,target
2024-08-08 13:30:00,2024-08-08 13:31:00,long,5343.0,5340.5,5340.75,5344.75,-13.5,-1.2,stop
2024-08-08 14:30:00,2024-08-08 14:32:00,long,5349.5,5351.25,5347.25,5351.25,7.75,0.6888888888888889,target
2024-08-08 15:30:00,2024-08-08 15:31:00,long,5335.5,5333.0,5333.25,5337.25,-13.5,-1.2,stop
2024-08-09 10:00:00,2024-08-09 10:01:00,short,5328.75,5331.25,5331.0,5327.0,-13.5,-1.2,stop
2024-08-09 11:00:00,2024-08-09 11:01:00,long,5358.25,5355.75,5356.0,5360.0,-13.5,-1.2,stop
2024-08-09 11:30:00,2024-08-09 11:31:00,long,5349.0,5350.75,5346.75,5350.75,7.75,0.6888888888888889,target
2024-08-09 13:30:00,2024-08-09 13:31:00,long,5385.25,5382.75,5383.0,5387.0,-13.5,-1.2,stop
2024-08-09 15:30:00,2024-08-09 15:31:00,long,5370.25,5372.0,5368.0,5372.0,7.75,0.6888888888888889,target
2024-08-12 11:30:00,2024-08-12 11:31:00,short,5363.75,5362.0,5366.0,5362.0,7.75,0.6888888888888889,target
2024-08-12 13:30:00,2024-08-12 13:33:00,long,5375.75,5373.25,5373.5,5377.5,-13.5,-1.2,stop
2024-08-12 14:30:00,2024-08-12 14:31:00,short,5363.0,5365.5,5365.25,5361.25,-13.5,-1.2,stop
2024-08-12 15:00:00,2024-08-12 15:03:00,short,5368.25,5366.5,5370.5,5366.5,7.75,0.6888888888888889,target
2024-08-13 10:00:00,2024-08-13 10:01:00,short,5413.5,5416.0,5415.75,5411.75,-13.5,-1.2,stop
2024-08-13 10:30:00,2024-08-13 10:31:00,short,5405.75,5404.0,5408.0,5404.0,7.75,0.6888888888888889,target
2024-08-13 11:00:00,2024-08-13 11:04:00,long,5422.5,5424.25,5420.25,5424.25,7.75,0.6888888888888889,target
2024-08-13 11:30:00,2024-08-13 11:31:00,long,5426.5,5424.0,5424.25,5428.25,-13.5,-1.2,stop
2024-08-13 13:30:00,2024-08-13 13:32:00,long,5448.0,5445.5,5445.75,5449.75,-13.5,-1.2,stop
2024-08-14 10:00:00,2024-08-14 10:02:00,short,5452.0,5454.5,5454.25,5450.25,-13.5,-1.2,stop
2024-08-14 10:30:00,2024-08-14 10:31:00,long,5457.0,5454.5,5454.75,5458.75,-13.5,-1.2,stop
2024-08-14 11:00:00,2024-08-14 11:03:00,long,5462.25,5464.0,5460.0,5464.0,7.75,0.6888888888888889,target
2024-08-14 11:30:00,2024-08-14 11:32:00,long,5471.0,5472.75,5468.75,5472.75,7.75,0.6888888888888889,target
2024-08-14 13:30:00,2024-08-14 13:31:00,long,5471.75,5473.5,5469.5,5473.5,7.75,0.6888888888888889,target
2024-08-14 14:30:00,2024-08-14 14:32:00,long,5473.0,5470.5,5470.75,5474.75,-13.5,-1.2,stop
2024-08-15 10:30:00,2024-08-15 10:35:00,long,5543.25,5545.0,5541.0,5545.0,7.75,0.6888888888888889,target
2024-08-15 11:30:00,2024-08-15 11:32:00,long,5553.25,5555.0,5551.0,5555.0,7.75,0.6888888888888889,target
2024-08-15 13:30:00,2024-08-15 13:36:00,long,5560.25,5562.0,5558.0,5562.0,7.75,0.6888888888888889,target
2024-08-15 14:30:00,2024-08-15 14:43:00,long,5567.0,5568.75,5564.75,5568.75,7.75,0.6888888888888889,target
2024-08-16 10:00:00,2024-08-16 10:01:00,long,5564.25,5561.75,5562.0,5566.0,-13.5,-1.2,stop
2024-08-16 10:30:00,2024-08-16 10:32:00,long,5565.5,5563.0,5563.25,5567.25,-13.5,-1.2,stop
2024-08-16 11:30:00,2024-08-16 11:32:00,long,5563.0,5560.5,5560.75,5564.75,-13.5,-1.2,stop
2024-08-16 13:30:00,2024-08-16 13:41:00,long,5582.5,5584.25,5580.25,5584.25,7.75,0.6888888888888889,target
2024-08-16 15:00:00,2024-08-16 15:07:00,long,5582.25,5579.75,5580.0,5584.0,-13.5,-1.2,stop
2024-08-19 10:00:00,2024-08-19 10:01:00,long,5587.25,5584.75,5585.0,5589.0,-13.5,-1.2,stop
2024-08-19 14:00:00,2024-08-19 14:20:00,long,5611.25,5608.75,5609.0,5613.0,-13.5,-1.2,stop
2024-08-19 15:30:00,2024-08-19 15:32:00,long,5618.0,5615.5,5615.75,5619.75,-13.5,-1.2,stop
2024-08-20 10:30:00,2024-08-20 10:31:00,short,5624.75,5623.0,5627.0,5623.0,7.75,0.6888888888888889,target
2024-08-20 13:30:00,2024-08-20 13:36:00,short,5615.0,5613.25,5617.25,5613.25,7.75,0.6888888888888889,target
2024-08-20 14:00:00,2024-08-20 14:03:00,short,5617.25,5619.75,5619.5,5615.5,-13.5,-1.2,stop
2024-08-20 14:30:00,2024-08-20 14:35:00,long,5629.5,5627.0,5627.25,5631.25,-13.5,-1.2,stop
2024-08-21 10:00:00,2024-08-21 10:01:00,long,5640.0,5637.5,5637.75,5641.75,-13.5,-1.2,stop
2024-08-21 10:30:00,2024-08-21 10:32:00,long,5637.25,5634.75,5635.0,5639.0,-13.5,-1.2,stop
2024-08-21 11:00:00,2024-08-21 11:01:00,short,5624.5,5622.75,5626.75,5622.75,7.75,0.6888888888888889,target
2024-08-21 11:30:00,2024-08-21 11:34:00,short,5631.5,5634.0,5633.75,5629.75,-13.5,-1.2,stop
2024-08-21 13:30:00,2024-08-21 13:36:00,long,5636.0,5633.5,5633.75,5637.75,-13.5,-1.2,stop
2024-08-21 14:00:00,2024-08-21 14:01:00,long,5645.75,5643.25,5643.5,5647.5,-13.5,-1.2,stop
2024-08-22 10:00:00,2024-08-22 10:01:00,short,5655.5,5653.75,5657.75,5653.75,7.75,0.6888888888888889,target
2024-08-22 10:30:00,2024-08-22 10:31:00,short,5637.75,5636.0,5640.0,5636.0,7.75,0.6888888888888889,target
2024-08-22 11:30:00,2024-08-22 11:31:00,short,5622.75,5625.25,5625.0,5621.0,-13.5,-1.2,stop
2024-08-22 13:30:00,2024-08-22 13:31:00,short,5606.5,5604.75,5608.75,5604.75,7.75,0.6888888888888889,target
2024-08-22 14:00:00,2024-08-22 14:01:00,short,5585.0,5587.5,5587.25,5583.25,-13.5,-1.2,stop
2024-08-22 14:30:00,2024-08-22 14:32:00,short,5599.75,5602.25,5602.0,5598.0,-13.5,-1.2,stop
2024-08-23 10:00:00,2024-08-23 10:01:00,long,5640.5,5642.25,5638.25,5642.25,7.75,0.6888888888888889,target
2024-08-23 10:30:00,2024-08-23 10:31:00,long,5658.5,5656.0,5656.25,5660.25,-13.5,-1.2,stop
2024-08-23 11:00:00,2024-08-23 11:01:00,short,5629.0,5631.5,5631.25,5627.25,-13.5,-1.2,stop
2024-08-23 11:30:00,2024-08-23 11:31:00,long,5648.25,5650.0,5646.0,5650.0,7.75,0.6888888888888889,target
2024-08-23 14:00:00,2024-08-23 14:01:00,short,5633.25,5635.75,5635.5,5631.5,-13.5,-1.2,stop
2024-08-26 10:00:00,2024-08-26 10:01:00,short,5659.25,5657.5,5661.5,5657.5,7.75,0.6888888888888889,target
2024-08-26 10:30:00,2024-08-26 10:31:00,short,5648.25,5646.5,5650.5,5646.5,7.75,0.6888888888888889,target
2024-08-26 11:00:00,2024-08-26 11:03:00,short,5639.75,5642.25,5642.0,5638.0,-13.5,-1.2,stop
2024-08-26 11:30:00,2024-08-26 11:31:00,short,5634.0,5632.25,5636.25,5632.25,7.75,0.6888888888888889,target
2024-08-26 15:00:00,2024-08-26 15:02:00,short,5636.0,5638.5,5638.25,5634.25,-13.5,-1.2,stop
2024-08-26 15:30:00,2024-08-26 15:32:00,short,5632.25,5634.75,5634.5,5630.5,-13.5,-1.2,stop
2024-08-27 10:00:00,2024-08-27 10:01:00,long,5627.25,5624.75,5625.0,5629.0,-13.5,-1.2,stop
2024-08-27 10:30:00,2024-08-27 10:31:00,long,5641.5,5639.0,5639.25,5643.25,-13.5,-1.2,stop
2024-08-27 11:00:00,2024-08-27 11:01:00,long,5647.75,5645.25,5645.5,5649.5,-13.5,-1.2,stop
2024-08-27 13:30:00,2024-08-27 13:34:00,long,5648.25,5645.75,5646.0,5650.0,-13.5,-1.2,stop
2024-08-27 14:30:00,2024-08-27 14:32:00,long,5647.0,5644.5,5644.75,5648.75,-13.5,-1.2,stop
2024-08-28 10:00:00,2024-08-28 10:02:00,short,5636.0,5638.5,5638.25,5634.25,-13.5,-1.2,stop
2024-08-28 10:30:00,2024-08-28 10:34:00,long,5639.75,5637.25,5637.5,5641.5,-13.5,-1.2,stop
2024-08-28 11:00:00,2024-08-28 11:01:00,short,5622.75,5621.0,5625.0,5621.0,7.75,0.6888888888888889,target
2024-08-28 11:30:00,2024-08-28 11:32:00,short,5608.0,5606.25,5610.25,5606.25,7.75,0.6888888888888889,target
2024-08-28 14:00:00,2024-08-28 14:01:00,short,5578.5,5581.0,5580.75,5576.75,-13.5,-1.2,stop
2024-08-29 10:00:00,2024-08-29 10:01:00,long,5644.0,5641.5,5641.75,5645.75,-13.5,-1.2,stop
2024-08-29 10:30:00,2024-08-29 10:31:00,long,5645.25,5647.0,5643.0,5647.0,7.75,0.6888888888888889,target
2024-08-29 11:00:00,2024-08-29 11:01:00,long,5650.75,5648.25,5648.5,5652.5,-13.5,-1.2,stop
2024-08-29 11:30:00,2024-08-29 11:31:00,long,5652.25,5649.75,5650.0,5654.0,-13.5,-1.2,stop
2024-08-29 14:30:00,2024-08-29 14:31:00,short,5628.5,5626.75,5630.75,5626.75,7.75,0.6888888888888889,target
2024-08-29 15:00:00,2024-08-29 15:01:00,short,5604.25,5606.75,5606.5,5602.5,-13.5,-1.2,stop
2024-08-30 10:00:00,2024-08-30 10:01:00,long,5644.0,5641.5,5641.75,5645.75,-13.5,-1.2,stop
2024-08-30 11:30:00,2024-08-30 11:31:00,short,5612.75,5611.0,5615.0,5611.0,7.75,0.6888888888888889,target
2024-08-30 14:00:00,2024-08-30 14:01:00,short,5610.25,5612.75,5612.5,5608.5,-13.5,-1.2,stop
2024-08-30 15:00:00,2024-08-30 15:01:00,long,5631.25,5628.75,5629.0,5633.0,-13.5,-1.2,stop
2024-08-30 15:30:00,2024-08-30 15:33:00,long,5641.75,5639.25,5639.5,5643.5,-13.5,-1.2,stop
2024-09-02 10:30:00,2024-09-02 10:32:00,long,5657.25,5659.0,5655.0,5659.0,7.75,0.6888888888888889,target
2024-09-02 11:30:00,2024-09-02 11:51:00,long,5663.0,5664.75,5660.75,5664.75,7.75,0.6888888888888889,target
2024-09-03 10:00:00,2024-09-03 10:01:00,short,5605.75,5608.25,5608.0,5604.0,-13.5,-1.2,stop
2024-09-03 10:30:00,2024-09-03 10:31:00,short,5588.75,5587.0,5591.0,5587.0,7.75,0.6888888888888889,target
2024-09-03 13:30:00,2024-09-03 13:32:00,short,5578.0,5576.25,5580.25,5576.25,7.75,0.6888888888888889,target
2024-09-03 14:00:00,2024-09-03 14:01:00,short,5563.25,5561.5,5565.5,5561.5,7.75,0.6888888888888889,target
2024-09-04 10:00:00,2024-09-04 10:01:00,short,5524.5,5527.0,5526.75,5522.75,-13.5,-1.2,stop
2024-09-04 10:30:00,2024-09-04 10:31:00,long,5550.0,5547.5,5547.75,5551.75,-13.5,-1.2,stop
2024-09-04 11:30:00,2024-09-04 11:31:00,short,5535.0,5537.5,5537.25,5533.25,-13.5,-1.2,stop
2024-09-04 14:00:00,2024-09-04 14:03:00,short,5529.75,5528.0,5532.0,5528.0,7.75,0.6888888888888889,target
2024-09-04 15:00:00,2024-09-04 15:01:00,short,5518.75,5521.25,5521.0,5517.0,-13.5,-1.2,stop
2024-09-04 15:30:00,2024-09-04 15:32:00,short,5526.5,5524.75,5528.75,5524.75,7.75,0.6888888888888889,target
2024-09-05 10:00:00,2024-09-05 10:01:00,long,5547.25,5549.0,5545.0,5549.0,7.75,0.6888888888888889,target
2024-09-05 10:30:00,2024-09-05 10:31:00,long,5554.25,5551.75,5552.0,5556.0,-13.5,-1.2,stop
2024-09-05 11:00:00,2024-09-05 11:01:00,short,5519.5,5517.75,5521.75,5517.75,7.75,0.6888888888888889,target
2024-09-05 15:00:00,2024-09-05 15:02:00,short,5517.75,5520.25,5520.0,5516.0,-13.5,-1.2,stop
2024-09-06 10:00:00,2024-09-06 10:01:00,short,5492.75,5495.25,5495.0,5491.0,-13.5,-1.2,stop
2024-09-06 13:30:00,2024-09-06 13:31:00,short,5423.0,5425.5,5425.25,5421.25,-13.5,-1.2,stop
2024-09-06 14:30:00,2024-09-06 14:31:00,short,5414.0,5416.5,5416.25,5412.25,-13.5,-1.2,stop
2024-09-06 15:30:00,2024-09-06 15:32:00,short,5426.5,5429.0,5428.75,5424.75,-13.5,-1.2,stop
2024-09-09 10:30:00,2024-09-09 10:31:00,short,5456.75,5459.25,5459.0,5455.0,-13.5,-1.2,stop
2024-09-09 14:30:00,2024-09-09 14:31:00,short,5464.5,5467.0,5466.75,5462.75,-13.5,-1.2,stop
2024-09-09 15:00:00,2024-09-09 15:01:00,short,5464.75,5463.0,5467.0,5463.0,7.75,0.6888888888888889,target
2024-09-09 15:30:00,2024-09-09 15:32:00,long,5471.75,5473.5,5469.5,5473.5,7.75,0.6888888888888889,target
2024-09-10 10:30:00,2024-09-10 10:31:00,short,5482.75,5485.25,5485.0,5481.0,-13.5,-1.2,stop
2024-09-10 11:30:00,2024-09-10 11:31:00,long,5491.75,5489.25,5489.5,5493.5,-13.5,-1.2,stop
2024-09-10 13:30:00,2024-09-10 13:32:00,long,5479.75,5481.5,5477.5,5481.5,7.75,0.6888888888888889,target
2024-09-10 14:00:00,2024-09-10 14:01:00,long,5487.5,5489.25,5485.25,5489.25,7.75,0.6888888888888889,target
2024-09-10 15:00:00,2024-09-10 15:01:00,long,5497.5,5495.0,5495.25,5499.25,-13.5,-1.2,stop
2024-09-11 10:00:00,2024-09-11 10:01:00,short,5451.5,5454.0,5453.75,5449.75,-13.5,-1.2,stop
2024-09-11 10:30:00,2024-09-11 10:31:00,short,5419.75,5418.0,5422.0,5418.0,7.75,0.6888888888888889,target
2024-09-11 11:00:00,2024-09-11 11:01:00,short,5419.75,5422.25,5422.0,5418.0,-13.5,-1.2,stop
2024-09-11 11:30:00,2024-09-11 11:31:00,short,5437.0,5439.5,5439.25,5435.25,-13.5,-1.2,stop
2024-09-11 13:30:00,2024-09-11 13:31:00,long,5504.75,5502.25,5502.5,5506.5,-13.5,-1.2,stop
2024-09-11 14:00:00,2024-09-11 14:01:00,long,5514.0,5511.5,5511.75,5515.75,-13.5,-1.2,stop
2024-09-12 10:00:00,2024-09-12 10:01:00,short,5548.25,5550.75,5550.5,5546.5,-13.5,-1.2,stop
2024-09-12 11:00:00,2024-09-12 11:01:00,short,5554.75,5557.25,5557.0,5553.0,-13.5,-1.2,stop
2024-09-12 11:30:00,2024-09-12 11:31:00,long,5563.25,5565.0,5561.0,5565.0,7.75,0.6888888888888889,target
2024-09-12 13:30:00,2024-09-12 13:31:00,long,5592.25,5589.75,5590.0,5594.0,-13.5,-1.2,stop
2024-09-12 14:30:00,2024-09-12 14:31:00,long,5605.75,5603.25,5603.5,5607.5,-13.5,-1.2,stop
2024-09-12 15:30:00,2024-09-12 15:31:00,long,5601.25,5598.75,5599.0,5603.0,-13.5,-1.2,stop
2024-09-13 10:30:00,2024-09-13 10:31:00,short,5616.25,5618.75,5618.5,5614.5,-13.5,-1.2,stop
2024-09-13 11:00:00,2024-09-13 11:01:00,long,5630.5,5628.0,5628.25,5632.25,-13.5,-1.2,stop
2024-09-13 11:30:00,2024-09-13 11:32:00,long,5630.75,5632.5,5628.5,5632.5,7.75,0.6888888888888889,target
2024-09-13 13:30:00,2024-09-13 13:33:00,long,5639.5,5637.0,5637.25,5641.25,-13.5,-1.2,stop
2024-09-13 14:00:00,2024-09-13 14:01:00,short,5625.75,5628.25,5628.0,5624.0,-13.5,-1.2,stop
2024-09-13 14:30:00,2024-09-13 14:31:00,short,5624.0,5622.25,5626.25,5622.25,7.75,0.6888888888888889,target
2024-09-16 10:00:00,2024-09-16 10:01:00,long,5637.0,5634.5,5634.75,5638.75,-13.5,-1.2,stop
2024-09-16 10:30:00,2024-09-16 10:31:00,short,5618.75,5617.0,5621.0,5617.0,7.75,0.6888888888888889,target
2024-09-16 11:00:00,2024-09-16 11:01:00,short,5613.25,5615.75,5615.5,5611.5,-13.5,-1.2,stop
2024-09-16 15:30:00,2024-09-16 15:33:00,long,5634.0,5635.75,5631.75,5635.75,7.75,0.6888888888888889,target
2024-09-17 10:00:00,2024-09-17 10:02:00,short,5653.5,5656.0,5655.75,5651.75,-13.5,-1.2,stop
2024-09-17 14:30:00,2024-09-17 14:31:00,short,5633.5,5631.75,5635.75,5631.75,7.75,0.6888888888888889,target
2024-09-17 15:00:00,2024-09-17 15:01:00,short,5628.75,5631.25,5631.0,5627.0,-13.5,-1.2,stop
2024-09-17 15:30:00,2024-09-17 15:31:00,short,5629.5,5632.0,5631.75,5627.75,-13.5,-1.2,stop
2024-09-18 10:30:00,2024-09-18 10:31:00,short,5697.0,5695.25,5699.25,5695.25,7.75,0.6888888888888889,target
2024-09-18 11:00:00,2024-09-18 11:05:00,long,5699.0,5700.75,5696.75,5700.75,7.75,0.6888888888888889,target
2024-09-18 11:30:00,2024-09-18 11:37:00,short,5692.0,5694.5,5694.25,5690.25,-13.5,-1.2,stop
2024-09-18 13:30:00,2024-09-18 13:31:00,long,5707.0,5708.75,5704.75,5708.75,7.75,0.6888888888888889,target
2024-09-18 14:00:00,2024-09-18 14:01:00,long,5741.5,5739.0,5739.25,5743.25,-13.5,-1.2,stop
2024-09-18 14:30:00,2024-09-18 14:31:00,long,5729.0,5726.5,5726.75,5730.75,-13.5,-1.2,stop
2024-09-19 10:00:00,2024-09-19 10:02:00,long,5765.75,5763.25,5763.5,5767.5,-13.5,-1.2,stop
2024-09-19 10:30:00,2024-09-19 10:31:00,long,5783.25,5785.0,5781.0,5785.0,7.75,0.6888888888888889,target
2024-09-19 11:00:00,2024-09-19 11:01:00,short,5764.25,5766.75,5766.5,5762.5,-13.5,-1.2,stop
2024-09-19 11:30:00,2024-09-19 11:31:00,long,5777.25,5774.75,5775.0,5779.0,-13.5,-1.2,stop
2024-09-19 13:30:00,2024-09-19 13:36:00,long,5788.5,5790.25,5786.25,5790.25,7.75,0.6888888888888889,target
2024-09-19 14:00:00,2024-09-19 14:06:00,long,5794.5,5792.0,5792.25,5796.25,-13.5,-1.2,stop
2024-09-20 10:00:00,2024-09-20 10:01:00,short,5749.75,5752.25,5752.0,5748.0,-13.5,-1.2,stop
2024-09-20 10:30:00,2024-09-20 10:31:00,short,5753.0,5751.25,5755.25,5751.25,7.75,0.6888888888888889,target
2024-09-20 11:00:00,2024-09-20 11:02:00,short,5743.75,5742.0,5746.0,5742.0,7.75,0.6888888888888889,target
2024-09-20 11:30:00,2024-09-20 11:31:00,short,5740.5,5738.75,5742.75,5738.75,7.75,0.6888888888888889,target
2024-09-20 13:30:00,2024-09-20 13:32:00,long,5766.0,5767.75,5763.75,5767.75,7.75,0.6888888888888889,target
2024-09-20 14:30:00,2024-09-20 14:31:00,short,5745.25,5747.75,5747.5,5743.5,-13.5,-1.2,stop
2024-09-23 10:00:00,2024-09-23 10:01:00,long,5770.75,5772.5,5768.5,5772.5,7.75,0.6888888888888889,target
2024-09-23 11:30:00,2024-09-23 11:39:00,long,5779.75,5781.5,5777.5,5781.5,7.75,0.6888888888888889,target
2024-09-23 14:00:00,2024-09-23 14:05:00,short,5771.75,5770.0,5774.0,5770.0,7.75,0.6888888888888889,target
2024-09-23 14:30:00,2024-09-23 14:37:00,long,5774.0,5771.5,5771.75,5775.75,-13.5,-1.2,stop
2024-09-24 10:00:00,2024-09-24 10:01:00,short,5763.5,5766.0,5765.75,5761.75,-13.5,-1.2,stop
2024-09-24 10:30:00,2024-09-24 10:31:00,short,5760.75,5763.25,5763.0,5759.0,-13.5,-1.2,stop
2024-09-24 11:30:00,2024-09-24 11:31:00,long,5778.75,5780.5,5776.5,5780.5,7.75,0.6888888888888889,target
2024-09-24 13:30:00,2024-09-24 13:31:00,long,5787.5,5785.0,5785.25,5789.25,-13.5,-1.2,stop
2024-09-25 14:00:00,2024-09-25 14:01:00,short,5780.75,5779.0,5783.0,5779.0,7.75,0.6888888888888889,target
2024-09-25 14:30:00,2024-09-25 14:32:00,short,5780.5,5778.75,5782.75,5778.75,7.75,0.6888888888888889,target
2024-09-25 15:30:00,2024-09-25 15:39:00,short,5775.75,5774.0,5778.0,5774.0,7.75,0.6888888888888889,target
2024-09-26 10:00:00,2024-09-26 10:01:00,long,5817.75,5815.25,5815.5,5819.5,-13.5,-1.2,stop
2024-09-26 11:00:00,2024-09-26 11:01:00,short,5789.25,5791.75,5791.5,5787.5,-13.5,-1.2,stop
2024-09-26 11:30:00,2024-09-26 11:32:00,short,5790.25,5792.75,5792.5,5788.5,-13.5,-1.2,stop
2024-09-26 15:00:00,2024-09-26 15:13:00,short,5801.25,5803.75,5803.5,5799.5,-13.5,-1.2,stop
2024-09-26 15:30:00,2024-09-26 15:32:00,short,5799.5,5797.75,5801.75,5797.75,7.75,0.6888888888888889,target
2024-09-27 10:00:00,2024-09-27 10:01:00,long,5812.25,5814.0,5810.0,5814.0,7.75,0.6888888888888889,target
2024-09-27 11:30:00,2024-09-27 11:34:00,short,5808.25,5806.5,5810.5,5806.5,7.75,0.6888888888888889,target
2024-09-27 14:30:00,2024-09-27 14:31:00,short,5789.25,5787.5,5791.5,5787.5,7.75,0.6888888888888889,target
2024-09-27 15:00:00,2024-09-27 15:02:00,short,5800.0,5798.25,5802.25,5798.25,7.75,0.6888888888888889,target
2024-09-27 15:30:00,2024-09-27 15:33:00,short,5796.75,5799.25,5799.0,5795.0,-13.5,-1.2,stop
2024-09-30 11:00:00,2024-09-30 11:04:00,long,5790.5,5792.25,5788.25,5792.25,7.75,0.6888888888888889,target
2024-09-30 11:30:00,2024-09-30 11:32:00,long,5794.25,5791.75,5792.0,5796.0,-13.5,-1.2,stop
2024-09-30 14:30:00,2024-09-30 14:31:00,short,5765.5,5763.75,5767.75,5763.75,7.75,0.6888888888888889,target
2024-09-30 15:00:00,2024-09-30 15:02:00,short,5779.0,5777.25,5781.25,5777.25,7.75,0.6888888888888889,target
2024-09-30 15:30:00,2024-09-30 15:33:00,long,5785.5,5787.25,5783.25,5787.25,7.75,0.6888888888888889,target
2024-10-01 10:00:00,2024-10-01 10:01:00,short,5767.25,5769.75,5769.5,5765.5,-13.5,-1.2,stop
2024-10-01 10:30:00,2024-10-01 10:31:00,short,5742.0,5744.5,5744.25,5740.25,-13.5,-1.2,stop
2024-10-01 11:00:00,2024-10-01 11:01:00,short,5750.5,5753.0,5752.75,5748.75,-13.5,-1.2,stop
2024-10-01 14:00:00,2024-10-01 14:02:00,long,5769.75,5767.25,5767.5,5771.5,-13.5,-1.2,stop
2024-10-01 14:30:00,2024-10-01 14:31:00,long,5779.75,5781.5,5777.5,5781.5,7.75,0.6888888888888889,target
2024-10-02 10:00:00,2024-10-02 10:01:00,long,5744.75,5742.25,5742.5,5746.5,-13.5,-1.2,stop
2024-10-02 11:30:00,2024-10-02 11:31:00,long,5771.0,5768.5,5768.75,5772.75,-13.5,-1.2,stop
2024-10-02 13:30:00,2024-10-02 13:32:00,short,5753.0,5751.25,5755.25,5751.25,7.75,0.6888888888888889,target
2024-10-02 14:00:00,2024-10-02 14:03:00,long,5766.0,5763.5,5763.75,5767.75,-13.5,-1.2,stop
2024-10-03 10:00:00,2024-10-03 10:01:00,long,5757.0,5758.75,5754.75,5758.75,7.75,0.6888888888888889,target
2024-10-03 10:30:00,2024-10-03 10:31:00,short,5736.5,5739.0,5738.75,5734.75,-13.5,-1.2,stop
2024-10-03 11:30:00,2024-10-03 11:31:00,long,5750.0,5751.75,5747.75,5751.75,7.75,0.6888888888888889,target
2024-10-03 14:00:00,2024-10-03 14:01:00,short,5741.5,5739.75,5743.75,5739.75,7.75,0.6888888888888889,target
2024-10-03 14:30:00,2024-10-03 14:34:00,short,5739.0,5741.5,5741.25,5737.25,-13.5,-1.2,stop
2024-10-03 15:00:00,2024-10-03 15:07:00,short,5736.75,5735.0,5739.0,5735.0,7.75,0.6888888888888889,target
2024-10-04 10:30:00,2024-10-04 10:31:00,short,5754.25,5756.75,5756.5,5752.5,-13.5,-1.2,stop
2024-10-04 11:30:00,2024-10-04 11:32:00,short,5753.5,5756.0,5755.75,5751.75,-13.5,-1.2,stop
2024-10-04 13:30:00,2024-10-04 13:31:00,long,5782.25,5784.0,5780.0,5784.0,7.75,0.6888888888888889,target
2024-10-04 14:00:00,2024-10-04 14:02:00,long,5774.0,5771.5,5771.75,5775.75,-13.5,-1.2,stop
2024-10-07 11:00:00,2024-10-07 11:02:00,short,5778.5,5776.75,5780.75,5776.75,7.75,0.6888888888888889,target
2024-10-07 13:30:00,2024-10-07 13:36:00,short,5771.75,5774.25,5774.0,5770.0,-13.5,-1.2,stop
2024-10-07 14:00:00,2024-10-07 14:01:00,short,5770.5,5768.75,5772.75,5768.75,7.75,0.6888888888888889,target
2024-10-07 14:30:00,2024-10-07 14:31:00,short,5759.5,5762.0,5761.75,5757.75,-13.5,-1.2,stop
2024-10-07 15:30:00,2024-10-07 15:32:00,short,5744.0,5742.25,5746.25,5742.25,7.75,0.6888888888888889,target
2024-10-08 10:00:00,2024-10-08 10:02:00,long,5781.75,5779.25,5779.5,5783.5,-13.5,-1.2,stop
2024-10-08 10:30:00,2024-10-08 10:31:00,long,5780.25,5777.75,5778.0,5782.0,-13.5,-1.2,stop
2024-10-08 11:00:00,2024-10-08 11:01:00,long,5790.25,5787.75,5788.0,5792.0,-13.5,-1.2,stop
2024-10-08 11:30:00,2024-10-08 11:32:00,long,5789.5,5787.0,5787.25,5791.25,-13.5,-1.2,stop
2024-10-08 13:30:00,2024-10-08 13:34:00,short,5780.5,5783.0,5782.75,5778.75,-13.5,-1.2,stop
2024-10-08 14:00:00,2024-10-08 14:21:00,long,5787.75,5789.5,5785.5,5789.5,7.75,0.6888888888888889,target
2024-10-09 10:00:00,2024-10-09 10:04:00,long,5805.5,5807.25,5803.25,5807.25,7.75,0.6888888888888889,target
2024-10-09 11:00:00,2024-10-09 11:12:00,long,5821.75,5823.5,5819.5,5823.5,7.75,0.6888888888888889,target
2024-10-09 11:30:00,2024-10-09 11:34:00,long,5829.0,5830.75,5826.75,5830.75,7.75,0.6888888888888889,target
2024-10-09 14:00:00,2024-10-09 14:01:00,long,5827.5,5825.0,5825.25,5829.25,-13.5,-1.2,stop
2024-10-09 14:30:00,2024-10-09 14:32:00,long,5833.5,5831.0,5831.25,5835.25,-13.5,-1.2,stop
2024-10-09 15:30:00,2024-10-09 15:33:00,long,5836.5,5838.25,5834.25,5838.25,7.75,0.6888888888888889,target
2024-10-10 10:00:00,2024-10-10 10:02:00,long,5826.5,5824.0,5824.25,5828.25,-13.5,-1.2,stop
2024-10-10 10:30:00,2024-10-10 10:31:00,long,5828.75,5826.25,5826.5,5830.5,-13.5,-1.2,stop
2024-10-10 11:00:00,2024-10-10 11:02:00,short,5820.25,5818.5,5822.5,5818.5,7.75,0.6888888888888889,target
2024-10-10 13:30:00,2024-10-10 13:39:00,long,5832.75,5830.25,5830.5,5834.5,-13.5,-1.2,stop
2024-10-10 14:30:00,2024-10-10 14:31:00,short,5820.25,5818.5,5822.5,5818.5,7.75,0.6888888888888889,target
2024-10-11 10:30:00,2024-10-11 10:31:00,long,5864.5,5862.0,5862.25,5866.25,-13.5,-1.2,stop
2024-10-11 11:30:00,2024-10-11 11:34:00,long,5857.5,5859.25,5855.25,5859.25,7.75,0.6888888888888889,target
2024-10-11 13:30:00,2024-10-11 13:34:00,long,5854.25,5851.75,5852.0,5856.0,-13.5,-1.2,stop
2024-10-11 14:00:00,2024-10-11 14:05:00,long,5856.75,5858.5,5854.5,5858.5,7.75,0.6888888888888889,target
2024-10-11 14:30:00,2024-10-11 14:37:00,long,5860.0,5857.5,5857.75,5861.75,-13.5,-1.2,stop
2024-10-14 11:00:00,2024-10-14 11:01:00,short,5891.5,5889.75,5893.75,5889.75,7.75,0.6888888888888889,target
2024-10-14 11:30:00,2024-10-14 11:32:00,short,5892.5,5895.0,5894.75,5890.75,-13.5,-1.2,stop
2024-10-14 14:30:00,2024-10-14 14:36:00,long,5906.75,5908.5,5904.5,5908.5,7.75,0.6888888888888889,target
2024-10-15 10:30:00,2024-10-15 10:31:00,short,5896.0,5894.25,5898.25,5894.25,7.75,0.6888888888888889,target
2024-10-15 11:00:00,2024-10-15 11:02:00,short,5883.75,5886.25,5886.0,5882.0,-13.5,-1.2,stop
2024-10-15 13:30:00,2024-10-15 13:32:00,short,5875.25,5877.75,5877.5,5873.5,-13.5,-1.2,stop
2024-10-15 14:00:00,2024-10-15 14:02:00,short,5874.25,5876.75,5876.5,5872.5,-13.5,-1.2,stop
2024-10-15 15:00:00,2024-10-15 15:02:00,short,5864.75,5863.0,5867.0,5863.0,7.75,0.6888888888888889,target
2024-10-16 10:30:00,2024-10-16 10:37:00,long,5874.25,5871.75,5872.0,5876.0,-13.5,-1.2,stop
2024-10-16 13:30:00,2024-10-16 13:44:00,long,5877.0,5878.75,5874.75,5878.75,7.75,0.6888888888888889,target
2024-10-17 10:00:00,2024-10-17 10:01:00,short,5903.25,5901.5,5905.5,5901.5,7.75,0.6888888888888889,target
2024-10-17 10:30:00,2024-10-17 10:31:00,short,5901.0,5899.25,5903.25,5899.25,7.75,0.6888888888888889,target
2024-10-17 11:30:00,2024-10-17 11:31:00,long,5905.5,5903.0,5903.25,5907.25,-13.5,-1.2,stop
2024-10-17 13:30:00,2024-10-17 13:41:00,long,5906.25,5908.0,5904.0,5908.0,7.75,0.6888888888888889,target
2024-10-17 15:00:00,2024-10-17 15:02:00,short,5895.25,5893.5,5897.5,5893.5,7.75,0.6888888888888889,target
2024-10-17 15:30:00,2024-10-17 15:34:00,short,5887.25,5889.75,5889.5,5885.5,-13.5,-1.2,stop
2024-10-18 10:00:00,2024-10-18 10:07:00,long,5895.25,5897.0,5893.0,5897.0,7.75,0.6888888888888889,target
2024-10-18 11:00:00,2024-10-18 11:07:00,long,5897.75,5899.5,5895.5,5899.5,7.75,0.6888888888888889,target
2024-10-18 11:30:00,2024-10-18 11:34:00,long,5904.5,5902.0,5902.25,5906.25,-13.5,-1.2,stop
2024-10-21 10:00:00,2024-10-21 10:03:00,long,5901.25,5903.0,5899.0,5903.0,7.75,0.6888888888888889,target
2024-10-21 10:30:00,2024-10-21 10:31:00,short,5897.5,5895.75,5899.75,5895.75,7.75,0.6888888888888889,target
2024-10-21 11:00:00,2024-10-21 11:01:00,short,5884.75,5883.0,5887.0,5883.0,7.75,0.6888888888888889,target
2024-10-21 11:30:00,2024-10-21 11:31:00,short,5865.25,5867.75,5867.5,5863.5,-13.5,-1.2,stop
2024-10-21 13:30:00,2024-10-21 13:42:00,long,5889.25,5891.0,5887.0,5891.0,7.75,0.6888888888888889,target
2024-10-21 14:30:00,2024-10-21 14:33:00,short,5885.0,5887.5,5887.25,5883.25,-13.5,-1.2,stop
2024-10-22 10:00:00,2024-10-22 10:02:00,long,5872.0,5869.5,5869.75,5873.75,-13.5,-1.2,stop
2024-10-22 10:30:00,2024-10-22 10:31:00,long,5874.75,5872.25,5872.5,5876.5,-13.5,-1.2,stop
2024-10-22 11:00:00,2024-10-22 11:03:00,long,5879.5,5881.25,5877.25,5881.25,7.75,0.6888888888888889,target
2024-10-22 11:30:00,2024-10-22 11:51:00,long,5881.0,5878.5,5878.75,5882.75,-13.5,-1.2,stop
2024-10-22 13:30:00,2024-10-22 13:34:00,long,5886.75,5888.5,5884.5,5888.5,7.75,0.6888888888888889,target
2024-10-22 14:00:00,2024-10-22 14:02:00,long,5899.5,5901.25,5897.25,5901.25,7.75,0.6888888888888889,target
2024-10-23 10:00:00,2024-10-23 10:01:00,short,5868.25,5866.5,5870.5,5866.5,7.75,0.6888888888888889,target
2024-10-23 10:30:00,2024-10-23 10:32:00,short,5865.0,5867.5,5867.25,5863.25,-13.5,-1.2,stop
2024-10-23 11:00:00,2024-10-23 11:04:00,short,5861.25,5863.75,5863.5,5859.5,-13.5,-1.2,stop
2024-10-23 13:30:00,2024-10-23 13:32:00,short,5825.25,5823.5,5827.5,5823.5,7.75,0.6888888888888889,target
2024-10-23 14:00:00,2024-10-23 14:03:00,short,5815.25,5813.5,5817.5,5813.5,7.75,0.6888888888888889,target
2024-10-23 15:00:00,2024-10-23 15:02:00,short,5827.5,5830.0,5829.75,5825.75,-13.5,-1.2,stop
2024-10-24 11:00:00,2024-10-24 11:05:00,short,5843.5,5841.75,5845.75,5841.75,7.75,0.6888888888888889,target
2024-10-24 11:30:00,2024-10-24 11:32:00,short,5843.0,5841.25,5845.25,5841.25,7.75,0.6888888888888889,target
2024-10-24 14:00:00,2024-10-24 14:01:00,short,5839.0,5841.5,5841.25,5837.25,-13.5,-1.2,stop
2024-10-24 15:00:00,2024-10-24 15:01:00,short,5843.25,5841.5,5845.5,5841.5,7.75,0.6888888888888889,target
2024-10-25 10:00:00,2024-10-25 10:01:00,long,5891.75,5893.5,5889.5,5893.5,7.75,0.6888888888888889,target
2024-10-25 11:00:00,2024-10-25 11:01:00,long,5891.75,5893.5,5889.5,5893.5,7.75,0.6888888888888889,target
2024-10-25 13:30:00,2024-10-25 13:31:00,short,5856.75,5859.25,5859.0,5855.0,-13.5,-1.2,stop
2024-10-25 14:30:00,2024-10-25 14:31:00,short,5851.25,5849.5,5853.5,5849.5,7.75,0.6888888888888889,target
2024-10-25 15:00:00,2024-10-25 15:01:00,short,5853.75,5856.25,5856.0,5852.0,-13.5,-1.2,stop
2024-10-25 15:30:00,2024-10-25 15:33:00,short,5848.25,5850.75,5850.5,5846.5,-13.5,-1.2,stop
2024-10-28 10:30:00,2024-10-28 10:31:00,long,5879.5,5877.0,5877.25,5881.25,-13.5,-1.2,stop
2024-10-28 11:00:00,2024-10-28 11:01:00,short,5869.0,5871.5,5871.25,5867.25,-13.5,-1.2,stop
2024-10-28 14:00:00,2024-10-28 14:01:00,short,5869.25,5867.5,5871.5,5867.5,7.75,0.6888888888888889,target
2024-10-28 15:30:00,2024-10-28 15:32:00,short,5867.75,5870.25,5870.0,5866.0,-13.5,-1.2,stop
2024-10-29 10:30:00,2024-10-29 10:32:00,long,5859.5,5861.25,5857.25,5861.25,7.75,0.6888888888888889,target
2024-10-29 11:30:00,2024-10-29 11:32:00,long,5865.25,5867.0,5863.0,5867.0,7.75,0.6888888888888889,target
2024-10-29 14:00:00,2024-10-29 14:05:00,long,5874.5,5872.0,5872.25,5876.25,-13.5,-1.2,stop
2024-10-29 14:30:00,2024-10-29 14:39:00,long,5878.5,5880.25,5876.25,5880.25,7.75,0.6888888888888889,target
2024-10-29 15:00:00,2024-10-29 15:05:00,long,5879.5,5877.0,5877.25,5881.25,-13.5,-1.2,stop
2024-10-30 10:00:00,2024-10-30 10:02:00,long,5871.75,5873.5,5869.5,5873.5,7.75,0.6888888888888889,target
2024-10-30 13:30:00,2024-10-30 13:33:00,short,5867.0,5865.25,5869.25,5865.25,7.75,0.6888888888888889,target
2024-10-30 15:00:00,2024-10-30 15:02:00,short,5861.75,5860.0,5864.0,5860.0,7.75,0.6888888888888889,target
2024-10-30 15:30:00,2024-10-30 15:35:00,short,5858.0,5856.25,5860.25,5856.25,7.75,0.6888888888888889,target
2024-10-31 10:00:00,2024-10-31 10:01:00,short,5785.75,5784.0,5788.0,5784.0,7.75,0.6888888888888889,target
2024-10-31 10:30:00,2024-10-31 10:31:00,short,5768.25,5770.75,5770.5,5766.5,-13.5,-1.2,stop
2024-10-31 11:00:00,2024-10-31 11:01:00,short,5760.5,5758.75,5762.75,5758.75,7.75,0.6888888888888889,target
2024-10-31 11:30:00,2024-10-31 11:31:00,short,5759.5,5757.75,5761.75,5757.75,7.75,0.6888888888888889,target
2024-10-31 13:30:00,2024-10-31 13:32:00,short,5760.25,5758.5,5762.5,5758.5,7.75,0.6888888888888889,target
2024-10-31 14:00:00,2024-10-31 14:01:00,short,5753.25,5751.5,5755.5,5751.5,7.75,0.6888888888888889,target
2024-11-01 11:30:00,2024-11-01 11:31:00,long,5800.75,5798.25,5798.5,5802.5,-13.5,-1.2,stop
2024-11-01 13:30:00,2024-11-01 13:31:00,short,5781.5,5779.75,5783.75,5779.75,7.75,0.6888888888888889,target
2024-11-01 14:30:00,2024-11-01 14:32:00,short,5764.25,5766.75,5766.5,5762.5,-13.5,-1.2,stop
2024-11-01 15:00:00,2024-11-01 15:01:00,short,5766.5,5769.0,5768.75,5764.75,-13.5,-1.2,stop
2024-11-01 15:30:00,2024-11-01 15:33:00,short,5763.5,5761.75,5765.75,5761.75,7.75,0.6888888888888889,target
2024-11-04 11:30:00,2024-11-04 11:32:00,short,5753.5,5751.75,5755.75,5751.75,7.75,0.6888888888888889,target
2024-11-04 13:30:00,2024-11-04 13:32:00,short,5750.5,5753.0,5752.75,5748.75,-13.5,-1.2,stop
2024-11-04 14:00:00,2024-11-04 14:06:00,long,5754.25,5756.0,5752.0,5756.0,7.75,0.6888888888888889,target
2024-11-04 15:30:00,2024-11-04 15:31:00,short,5747.25,5745.5,5749.5,5745.5,7.75,0.6888888888888889,target
2024-11-05 10:00:00,2024-11-05 10:01:00,long,5786.5,5788.25,5784.25,5788.25,7.75,0.6888888888888889,target
2024-11-05 10:30:00,2024-11-05 10:33:00,long,5788.25,5785.75,5786.0,5790.0,-13.5,-1.2,stop
2024-11-05 11:30:00,2024-11-05 11:32:00,long,5796.25,5798.0,5794.0,5798.0,7.75,0.6888888888888889,target
2024-11-05 14:00:00,2024-11-05 14:02:00,long,5800.25,5802.0,5798.0,5802.0,7.75,0.6888888888888889,target
2024-11-05 14:30:00,2024-11-05 14:33:00,long,5801.5,5803.25,5799.25,5803.25,7.75,0.6888888888888889,target
2024-11-05 15:30:00,2024-11-05 15:32:00,long,5804.25,5806.0,5802.0,5806.0,7.75,0.6888888888888889,target
2024-11-06 11:00:00,2024-11-06 11:01:00,short,5915.0,5913.25,5917.25,5913.25,7.75,0.6888888888888889,target
2024-11-06 11:30:00,2024-11-06 11:31:00,long,5930.5,5932.25,5928.25,5932.25,7.75,0.6888888888888889,target
2024-11-06 14:30:00,2024-11-06 14:32:00,long,5954.25,5956.0,5952.0,5956.0,7.75,0.6888888888888889,target
2024-11-06 15:30:00,2024-11-06 15:32:00,long,5960.25,5962.0,5958.0,5962.0,7.75,0.6888888888888889,target
2024-11-07 10:00:00,2024-11-07 10:03:00,long,5986.75,5984.25,5984.5,5988.5,-13.5,-1.2,stop
2024-11-07 10:30:00,2024-11-07 10:31:00,long,5989.5,5991.25,5987.25,5991.25,7.75,0.6888888888888889,target
2024-11-07 11:00:00,2024-11-07 11:02:00,long,5996.25,5993.75,5994.0,5998.0,-13.5,-1.2,stop
2024-11-07 11:30:00,2024-11-07 11:33:00,long,5993.5,5995.25,5991.25,5995.25,7.75,0.6888888888888889,target
2024-11-07 14:30:00,2024-11-07 14:31:00,long,5995.5,5997.25,5993.25,5997.25,7.75,0.6888888888888889,target
2024-11-07 15:30:00,2024-11-07 15:34:00,long,6009.0,6006.5,6006.75,6010.75,-13.5,-1.2,stop
2024-11-08 10:00:00,2024-11-08 10:04:00,long,6016.75,6014.25,6014.5,6018.5,-13.5,-1.2,stop
2024-11-08 10:30:00,2024-11-08 10:32:00,long,6017.5,6019.25,6015.25,6019.25,7.75,0.6888888888888889,target
2024-11-08 11:30:00,2024-11-08 11:35:00,long,6024.25,6021.75,6022.0,6026.0,-13.5,-1.2,stop
2024-11-08 13:30:00,2024-11-08 13:33:00,long,6026.5,6028.25,6024.25,6028.25,7.75,0.6888888888888889,target
2024-11-08 14:30:00,2024-11-08 14:32:00,long,6037.25,6034.75,6035.0,6039.0,-13.5,-1.2,stop
2024-11-11 11:00:00,2024-11-11 11:02:00,long,6041.75,6043.5,6039.5,6043.5,7.75,0.6888888888888889,target
2024-11-11 13:30:00,2024-11-11 13:36:00,short,6020.5,6023.0,6022.75,6018.75,-13.5,-1.2,stop
2024-11-11 14:00:00,2024-11-11 14:08:00,short,6025.0,6027.5,6027.25,6023.25,-13.5,-1.2,stop
2024-11-11 14:30:00,2024-11-11 14:31:00,short,6024.25,6026.75,6026.5,6022.5,-13.5,-1.2,stop
2024-11-11 15:00:00,2024-11-11 15:07:00,short,6025.5,6028.0,6027.75,6023.75,-13.5,-1.2,stop
2024-11-11 15:30:00,2024-11-11 15:31:00,short,6026.0,6024.25,6028.25,6024.25,7.75,0.6888888888888889,target
2024-11-12 10:30:00,2024-11-12 10:31:00,short,6021.5,6024.0,6023.75,6019.75,-13.5,-1.2,stop
2024-11-12 14:00:00,2024-11-12 14:06:00,long,6018.5,6020.25,6016.25,6020.25,7.75,0.6888888888888889,target
2024-11-13 10:00:00,2024-11-13 10:01:00,short,6008.0,6010.5,6010.25,6006.25,-13.5,-1.2,stop
2024-11-13 11:00:00,2024-11-13 11:02:00,long,6015.0,6012.5,6012.75,6016.75,-13.5,-1.2,stop
2024-11-13 11:30:00,2024-11-13 11:33:00,long,6024.0,6021.5,6021.75,6025.75,-13.5,-1.2,stop
2024-11-13 13:30:00,2024-11-13 13:36:00,long,6032.25,6029.75,6030.0,6034.0,-13.5,-1.2,stop
2024-11-13 14:00:00,2024-11-13 14:03:00,long,6032.5,6030.0,6030.25,6034.25,-13.5,-1.2,stop
2024-11-13 15:00:00,2024-11-13 15:03:00,short,6014.5,6012.75,6016.75,6012.75,7.75,0.6888888888888889,target
2024-11-14 10:00:00,2024-11-14 10:01:00,short,6002.5,6005.0,6004.75,6000.75,-13.5,-1.2,stop
2024-11-14 11:30:00,2024-11-14 11:33:00,long,6008.25,6005.75,6006.0,6010.0,-13.5,-1.2,stop
2024-11-14 13:30:00,2024-11-14 13:32:00,short,5992.5,5990.75,5994.75,5990.75,7.75,0.6888888888888889,target
2024-11-14 15:00:00,2024-11-14 15:01:00,short,5986.75,5985.0,5989.0,5985.0,7.75,0.6888888888888889,target
2024-11-14 15:30:00,2024-11-14 15:31:00,short,5981.5,5979.75,5983.75,5979.75,7.75,0.6888888888888889,target
2024-11-15 10:00:00,2024-11-15 10:01:00,short,5923.5,5921.75,5925.75,5921.75,7.75,0.6888888888888889,target
2024-11-15 10:30:00,2024-11-15 10:31:00,short,5907.25,5905.5,5909.5,5905.5,7.75,0.6888888888888889,target
2024-11-15 11:00:00,2024-11-15 11:02:00,short,5902.5,5905.0,5904.75,5900.75,-13.5,-1.2,stop
2024-11-15 13:30:00,2024-11-15 13:32:00,short,5890.75,5889.0,5893.0,5889.0,7.75,0.6888888888888889,target
2024-11-18 10:30:00,2024-11-18 10:32:00,long,5913.75,5915.5,5911.5,5915.5,7.75,0.6888888888888889,target
2024-11-18 11:30:00,2024-11-18 11:32:00,long,5927.5,5929.25,5925.25,5929.25,7.75,0.6888888888888889,target
2024-11-18 14:30:00,2024-11-18 14:38:00,short,5909.75,5912.25,5912.0,5908.0,-13.5,-1.2,stop
2024-11-19 10:00:00,2024-11-19 10:01:00,short,5882.25,5884.75,5884.5,5880.5,-13.5,-1.2,stop
2024-11-19 14:30:00,2024-11-19 14:32:00,long,5939.5,5937.0,5937.25,5941.25,-13.5,-1.2,stop
2024-11-19 15:00:00,2024-11-19 15:02:00,long,5932.75,5930.25,5930.5,5934.5,-13.5,-1.2,stop
2024-11-20 10:30:00,2024-11-20 10:31:00,short,5890.5,5893.0,5892.75,5888.75,-13.5,-1.2,stop
2024-11-20 11:00:00,2024-11-20 11:01:00,long,5911.25,5908.75,5909.0,5913.0,-13.5,-1.2,stop
2024-11-20 11:30:00,2024-11-20 11:32:00,short,5890.25,5892.75,5892.5,5888.5,-13.5,-1.2,stop
2024-11-20 14:00:00,2024-11-20 14:01:00,short,5900.0,5902.5,5902.25,5898.25,-13.5,-1.2,stop
2024-11-20 15:30:00,2024-11-20 15:31:00,long,5923.5,5925.25,5921.25,5925.25,7.75,0.6888888888888889,target
2024-11-21 10:00:00,2024-11-21 10:01:00,short,5926.0,5928.5,5928.25,5924.25,-13.5,-1.2,stop
2024-11-21 10:30:00,2024-11-21 10:31:00,short,5908.5,5911.0,5910.75,5906.75,-13.5,-1.2,stop
2024-11-21 11:00:00,2024-11-21 11:01:00,long,5953.25,5950.75,5951.0,5955.0,-13.5,-1.2,stop
2024-11-21 11:30:00,2024-11-21 11:31:00,long,5961.5,5959.0,5959.25,5963.25,-13.5,-1.2,stop
2024-11-21 13:30:00,2024-11-21 13:38:00,long,5981.25,5978.75,5979.0,5983.0,-13.5,-1.2,stop
2024-11-21 15:00:00,2024-11-21 15:02:00,long,5981.25,5983.0,5979.0,5983.0,7.75,0.6888888888888889,target
2024-11-22 11:30:00,2024-11-22 11:31:00,short,5975.0,5973.25,5977.25,5973.25,7.75,0.6888888888888889,target
2024-11-22 13:30:00,2024-11-22 13:32:00,long,5989.5,5991.25,5987.25,5991.25,7.75,0.6888888888888889,target
2024-11-22 14:30:00,2024-11-22 14:31:00,long,5982.0,5983.75,5979.75,5983.75,7.75,0.6888888888888889,target
2024-11-25 10:00:00,2024-11-25 10:01:00,short,6020.25,6018.5,6022.5,6018.5,7.75,0.6888888888888889,target
2024-11-25 10:30:00,2024-11-25 10:31:00,long,6023.25,6020.75,6021.0,6025.0,-13.5,-1.2,stop
2024-11-25 11:00:00,2024-11-25 11:01:00,short,6008.5,6011.0,6010.75,6006.75,-13.5,-1.2,stop
2024-11-25 13:30:00,2024-11-25 13:32:00,short,6000.5,6003.0,6002.75,5998.75,-13.5,-1.2,stop
2024-11-25 14:00:00,2024-11-25 14:02:00,short,6003.5,6001.75,6005.75,6001.75,7.75,0.6888888888888889,target
2024-11-25 14:30:00,2024-11-25 14:41:00,short,5997.75,6000.25,6000.0,5996.0,-13.5,-1.2,stop
2024-11-26 10:00:00,2024-11-26 10:02:00,short,6018.0,6020.5,6020.25,6016.25,-13.5,-1.2,stop
2024-11-26 10:30:00,2024-11-26 10:31:00,long,6020.5,6018.0,6018.25,6022.25,-13.5,-1.2,stop
2024-11-26 11:00:00,2024-11-26 11:01:00,long,6023.25,6025.0,6021.0,6025.0,7.75,0.6888888888888889,target
2024-11-26 11:30:00,2024-11-26 11:33:00,long,6027.75,6025.25,6025.5,6029.5,-13.5,-1.2,stop
2024-11-26 13:30:00,2024-11-26 13:36:00,long,6030.0,6027.5,6027.75,6031.75,-13.5,-1.2,stop
2024-11-27 10:00:00,2024-11-27 10:01:00,short,6030.25,6028.5,6032.5,6028.5,7.75,0.6888888888888889,target
2024-11-27 11:00:00,2024-11-27 11:01:00,short,6015.75,6014.0,6018.0,6014.0,7.75,0.6888888888888889,target
2024-11-27 11:30:00,2024-11-27 11:32:00,short,6011.5,6014.0,6013.75,6009.75,-13.5,-1.2,stop
2024-11-27 15:00:00,2024-11-27 15:01:00,short,6013.5,6016.0,6015.75,6011.75,-13.5,-1.2,stop
2024-11-27 15:30:00,2024-11-27 15:41:00,short,6011.75,6010.0,6014.0,6010.0,7.75,0.6888888888888889,target
2024-11-28 10:00:00,2024-11-28 10:22:00,long,6028.75,6030.5,6026.5,6030.5,7.75,0.6888888888888889,target
2024-11-28 10:30:00,2024-11-28 11:02:00,long,6030.5,6032.25,6028.25,6032.25,7.75,0.6888888888888889,target
2024-11-29 10:00:00,2024-11-29 10:03:00,long,6034.25,6036.0,6032.0,6036.0,7.75,0.6888888888888889,target
2024-11-29 10:30:00,2024-11-29 10:37:00,long,6041.5,6043.25,6039.25,6043.25,7.75,0.6888888888888889,target
2024-11-29 11:00:00,2024-11-29 11:01:00,long,6045.0,6046.75,6042.75,6046.75,7.75,0.6888888888888889,target
2024-11-29 11:30:00,2024-11-29 11:35:00,long,6050.0,6047.5,6047.75,6051.75,-13.5,-1.2,stop
2024-12-02 10:00:00,2024-12-02 10:02:00,long,6057.25,6054.75,6055.0,6059.0,-13.5,-1.2,stop
2024-12-02 11:30:00,2024-12-02 11:39:00,long,6058.75,6060.5,6056.5,6060.5,7.75,0.6888888888888889,target
2024-12-02 14:30:00,2024-12-02 14:31:00,long,6060.0,6061.75,6057.75,6061.75,7.75,0.6888888888888889,target
2024-12-03 10:00:00,2024-12-03 10:04:00,long,6059.0,6056.5,6056.75,6060.75,-13.5,-1.2,stop
2024-12-03 11:30:00,2024-12-03 11:31:00,long,6059.5,6057.0,6057.25,6061.25,-13.5,-1.2,stop
2024-12-03 13:30:00,2024-12-03 13:36:00,long,6060.25,6062.0,6058.0,6062.0,7.75,0.6888888888888889,target
2024-12-03 14:30:00,2024-12-03 14:33:00,long,6061.25,6063.0,6059.0,6063.0,7.75,0.6888888888888889,target
2024-12-04 10:00:00,2024-12-04 10:01:00,short,6078.25,6080.75,6080.5,6076.5,-13.5,-1.2,stop
2024-12-04 10:30:00,2024-12-04 10:32:00,short,6079.25,6081.75,6081.5,6077.5,-13.5,-1.2,stop
2024-12-04 11:00:00,2024-12-04 11:12:00,long,6086.5,6088.25,6084.25,6088.25,7.75,0.6888888888888889,target
2024-12-04 13:30:00,2024-12-04 13:32:00,short,6079.0,6077.25,6081.25,6077.25,7.75,0.6888888888888889,target
2024-12-04 14:00:00,2024-12-04 14:15:00,long,6086.0,6087.75,6083.75,6087.75,7.75,0.6888888888888889,target
2024-12-05 10:00:00,2024-12-05 10:02:00,long,6101.25,6103.0,6099.0,6103.0,7.75,0.6888888888888889,target
2024-12-05 10:30:00,2024-12-05 10:39:00,short,6093.0,6091.25,6095.25,6091.25,7.75,0.6888888888888889,target
2024-12-05 13:30:00,2024-12-05 13:33:00,short,6093.25,6095.75,6095.5,6091.5,-13.5,-1.2,stop
2024-12-05 14:00:00,2024-12-05 14:02:00,short,6095.25,6093.5,6097.5,6093.5,7.75,0.6888888888888889,target
2024-12-05 15:00:00,2024-12-05 15:05:00,short,6093.0,6095.5,6095.25,6091.25,-13.5,-1.2,stop
2024-12-05 15:30:00,2024-12-05 15:34:00,short,6089.25,6091.75,6091.5,6087.5,-13.5,-1.2,stop
2024-12-06 13:30:00,2024-12-06 13:33:00,short,6099.5,6097.75,6101.75,6097.75,7.75,0.6888888888888889,target
2024-12-06 14:00:00,2024-12-06 14:02:00,short,6099.75,6098.0,6102.0,6098.0,7.75,0.6888888888888889,target
2024-12-06 14:30:00,2024-12-06 14:32:00,short,6090.25,6092.75,6092.5,6088.5,-13.5,-1.2,stop
2024-12-06 15:00:00,2024-12-06 15:02:00,short,6091.5,6094.0,6093.75,6089.75,-13.5,-1.2,stop
2024-12-06 15:30:00,2024-12-06 15:46:00,short,6095.5,6098.0,6097.75,6093.75,-13.5,-1.2,stop
2024-12-09 10:00:00,2024-12-09 10:09:00,short,6092.75,6091.0,6095.0,6091.0,7.75,0.6888888888888889,target
2024-12-09 14:00:00,2024-12-09 14:02:00,short,6077.0,6075.25,6079.25,6075.25,7.75,0.6888888888888889,target
2024-12-09 14:30:00,2024-12-09 14:40:00,short,6071.75,6070.0,6074.0,6070.0,7.75,0.6888888888888889,target
2024-12-10 11:00:00,2024-12-10 11:02:00,short,6066.0,6068.5,6068.25,6064.25,-13.5,-1.2,stop
2024-12-10 13:30:00,2024-12-10 13:35:00,short,6061.75,6064.25,6064.0,6060.0,-13.5,-1.2,stop
2024-12-10 14:00:00,2024-12-10 14:10:00,short,6057.75,6056.0,6060.0,6056.0,7.75,0.6888888888888889,target
2024-12-10 14:30:00,2024-12-10 14:34:00,short,6057.25,6055.5,6059.5,6055.5,7.75,0.6888888888888889,target
2024-12-10 15:00:00,2024-12-10 15:04:00,short,6053.5,6051.75,6055.75,6051.75,7.75,0.6888888888888889,target
2024-12-10 15:30:00,2024-12-10 15:31:00,short,6044.75,6043.0,6047.0,6043.0,7.75,0.6888888888888889,target
2024-12-11 13:30:00,2024-12-11 13:34:00,long,6102.0,6099.5,6099.75,6103.75,-13.5,-1.2,stop
2024-12-11 14:00:00,2024-12-11 14:07:00,long,6096.5,6094.0,6094.25,6098.25,-13.5,-1.2,stop
2024-12-12 10:00:00,2024-12-12 10:02:00,short,6076.25,6074.5,6078.5,6074.5,7.75,0.6888888888888889,target
2024-12-12 14:00:00,2024-12-12 14:01:00,short,6071.25,6073.75,6073.5,6069.5,-13.5,-1.2,stop
2024-12-12 15:00:00,2024-12-12 15:01:00,short,6066.25,6064.5,6068.5,6064.5,7.75,0.6888888888888889,target
2024-12-13 10:00:00,2024-12-13 10:01:00,short,6073.25,6071.5,6075.5,6071.5,7.75,0.6888888888888889,target
2024-12-13 14:00:00,2024-12-13 14:06:00,short,6053.25,6055.75,6055.5,6051.5,-13.5,-1.2,stop
2024-12-13 14:30:00,2024-12-13 14:37:00,long,6058.5,6056.0,6056.25,6060.25,-13.5,-1.2,stop
2024-12-16 10:00:00,2024-12-16 10:04:00,long,6077.5,6079.25,6075.25,6079.25,7.75,0.6888888888888889,target
2024-12-16 10:30:00,2024-12-16 10:32:00,long,6077.75,6079.5,6075.5,6079.5,7.75,0.6888888888888889,target
2024-12-16 11:00:00,2024-12-16 11:02:00,long,6081.75,6079.25,6079.5,6083.5,-13.5,-1.2,stop
2024-12-16 11:30:00,2024-12-16 11:31:00,long,6080.5,6078.0,6078.25,6082.25,-13.5,-1.2,stop
2024-12-16 13:30:00,2024-12-16 13:32:00,long,6090.5,6088.0,6088.25,6092.25,-13.5,-1.2,stop
2024-12-17 10:00:00,2024-12-17 10:01:00,short,6052.25,6050.5,6054.5,6050.5,7.75,0.6888888888888889,target
2024-12-17 11:00:00,2024-12-17 11:01:00,long,6052.25,6054.0,6050.0,6054.0,7.75,0.6888888888888889,target
2024-12-17 11:30:00,2024-12-17 11:32:00,long,6056.0,6057.75,6053.75,6057.75,7.75,0.6888888888888889,target
2024-12-17 13:30:00,2024-12-17 13:43:00,long,6054.25,6056.0,6052.0,6056.0,7.75,0.6888888888888889,target
2024-12-17 14:00:00,2024-12-17 14:07:00,short,6053.25,6051.5,6055.5,6051.5,7.75,0.6888888888888889,target
2024-12-17 14:30:00,2024-12-17 14:37:00,short,6047.5,6045.75,6049.75,6045.75,7.75,0.6888888888888889,target
2024-12-18 10:30:00,2024-12-18 10:34:00,long,6138.0,6139.75,6135.75,6139.75,7.75,0.6888888888888889,target
2024-12-18 11:00:00,2024-12-18 11:04:00,long,6146.0,6143.5,6143.75,6147.75,-13.5,-1.2,stop
2024-12-18 13:30:00,2024-12-18 13:32:00,long,6135.5,6137.25,6133.25,6137.25,7.75,0.6888888888888889,target
2024-12-18 14:00:00,2024-12-18 14:01:00,short,6120.25,6118.5,6122.5,6118.5,7.75,0.6888888888888889,target
2024-12-18 14:30:00,2024-12-18 14:31:00,short,6071.25,6073.75,6073.5,6069.5,-13.5,-1.2,stop
2024-12-19 10:00:00,2024-12-19 10:01:00,short,5980.5,5978.75,5982.75,5978.75,7.75,0.6888888888888889,target
2024-12-19 11:00:00,2024-12-19 11:01:00,short,5970.25,5968.5,5972.5,5968.5,7.75,0.6888888888888889,target
2024-12-19 13:30:00,2024-12-19 13:32:00,short,5966.0,5968.5,5968.25,5964.25,-13.5,-1.2,stop
2024-12-19 14:30:00,2024-12-19 14:31:00,short,5963.25,5961.5,5965.5,5961.5,7.75,0.6888888888888889,target
2024-12-20 10:30:00,2024-12-20 10:31:00,long,5967.5,5969.25,5965.25,5969.25,7.75,0.6888888888888889,target
2024-12-20 11:00:00,2024-12-20 11:01:00,long,5975.5,5977.25,5973.25,5977.25,7.75,0.6888888888888889,target
2024-12-20 11:30:00,2024-12-20 11:31:00,long,6016.25,6018.0,6014.0,6018.0,7.75,0.6888888888888889,target
2024-12-20 13:30:00,2024-12-20 13:31:00,long,6017.0,6018.75,6014.75,6018.75,7.75,0.6888888888888889,target
2024-12-20 14:00:00,2024-12-20 14:02:00,long,6014.75,6012.25,6012.5,6016.5,-13.5,-1.2,stop
2024-12-20 14:30:00,2024-12-20 14:31:00,long,6029.75,6031.5,6027.5,6031.5,7.75,0.6888888888888889,target
2024-12-23 10:00:00,2024-12-23 10:01:00,short,5988.75,5987.0,5991.0,5987.0,7.75,0.6888888888888889,target
2024-12-23 10:30:00,2024-12-23 10:31:00,short,5979.5,5982.0,5981.75,5977.75,-13.5,-1.2,stop
2024-12-23 13:30:00,2024-12-23 13:34:00,long,6025.0,6022.5,6022.75,6026.75,-13.5,-1.2,stop
2024-12-23 14:00:00,2024-12-23 14:02:00,long,6029.5,6027.0,6027.25,6031.25,-13.5,-1.2,stop
2024-12-23 14:30:00,2024-12-23 14:33:00,long,6029.75,6027.25,6027.5,6031.5,-13.5,-1.2,stop
2024-12-23 15:30:00,2024-12-23 15:32:00,long,6024.5,6022.0,6022.25,6026.25,-13.5,-1.2,stop
2024-12-24 10:00:00,2024-12-24 10:01:00,long,6059.75,6061.5,6057.5,6061.5,7.75,0.6888888888888889,target
2024-12-24 10:30:00,2024-12-24 10:32:00,long,6070.25,6072.0,6068.0,6072.0,7.75,0.6888888888888889,target
2024-12-26 10:00:00,2024-12-26 10:03:00,long,6083.5,6085.25,6081.25,6085.25,7.75,0.6888888888888889,target
2024-12-26 10:30:00,2024-12-26 10:35:00,long,6085.5,6083.0,6083.25,6087.25,-13.5,-1.2,stop
2024-12-26 11:30:00,2024-12-26 11:40:00,long,6093.0,6094.75,6090.75,6094.75,7.75,0.6888888888888889,target
2024-12-26 13:30:00,2024-12-26 13:33:00,long,6100.0,6097.5,6097.75,6101.75,-13.5,-1.2,stop
2024-12-26 14:30:00,2024-12-26 14:32:00,long,6094.25,6091.75,6092.0,6096.0,-13.5,-1.2,stop
2024-12-26 15:00:00,2024-12-26 15:05:00,long,6100.25,6102.0,6098.0,6102.0,7.75,0.6888888888888889,target
2024-12-27 10:00:00,2024-12-27 10:01:00,short,6036.5,6034.75,6038.75,6034.75,7.75,0.6888888888888889,target
2024-12-27 10:30:00,2024-12-27 10:31:00,short,6002.75,6005.25,6005.0,6001.0,-13.5,-1.2,stop
2024-12-27 11:00:00,2024-12-27 11:01:00,short,6014.5,6012.75,6016.75,6012.75,7.75,0.6888888888888889,target
2024-12-27 11:30:00,2024-12-27 11:31:00,short,6016.25,6018.75,6018.5,6014.5,-13.5,-1.2,stop
2024-12-27 15:30:00,2024-12-27 15:31:00,short,6013.0,6011.25,6015.25,6011.25,7.75,0.6888888888888889,target
2024-12-30 10:00:00,2024-12-30 10:01:00,short,5922.75,5925.25,5925.0,5921.0,-13.5,-1.2,stop
2024-12-30 11:30:00,2024-12-30 11:31:00,long,5956.75,5958.5,5954.5,5958.5,7.75,0.6888888888888889,target
2024-12-30 14:00:00,2024-12-30 14:01:00,long,5987.75,5985.25,5985.5,5989.5,-13.5,-1.2,stop
2024-12-30 14:30:00,2024-12-30 14:31:00,long,5980.0,5981.75,5977.75,5981.75,7.75,0.6888888888888889,target
2024-12-30 15:30:00,2024-12-30 15:31:00,long,5975.75,5973.25,5973.5,5977.5,-13.5,-1.2,stop
2024-12-31 10:00:00,2024-12-31 10:01:00,long,5975.0,5972.5,5972.75,5976.75,-13.5,-1.2,stop
2024-12-31 10:30:00,2024-12-31 10:31:00,long,5970.25,5972.0,5968.0,5972.0,7.75,0.6888888888888889,target
2024-12-31 11:00:00,2024-12-31 11:02:00,short,5959.0,5957.25,5961.25,5957.25,7.75,0.6888888888888889,target
2024-12-31 15:00:00,2024-12-31 15:03:00,short,5935.25,5933.5,5937.5,5933.5,7.75,0.6888888888888889,target
2024-12-31 15:30:00,2024-12-31 15:31:00,short,5942.25,5940.5,5944.5,5940.5,7.75,0.6888888888888889,target
2025-01-02 10:00:00,2025-01-02 10:01:00,long,5975.5,5973.0,5973.25,5977.25,-13.5,-1.2,stop
2025-01-02 10:30:00,2025-01-02 10:31:00,short,5944.5,5942.75,5946.75,5942.75,7.75,0.6888888888888889,target
2025-01-02 11:00:00,2025-01-02 11:01:00,short,5946.75,5945.0,5949.0,5945.0,7.75,0.6888888888888889,target
2025-01-02 11:30:00,2025-01-02 11:31:00,short,5947.0,5945.25,5949.25,5945.25,7.75,0.6888888888888889,target
2025-01-02 13:30:00,2025-01-02 13:31:00,short,5885.0,5883.25,5887.25,5883.25,7.75,0.6888888888888889,target
2025-01-02 14:00:00,2025-01-02 14:01:00,short,5886.75,5889.25,5889.0,5885.0,-13.5,-1.2,stop
2025-01-03 10:00:00,2025-01-03 10:01:00,short,5947.25,5949.75,5949.5,5945.5,-13.5,-1.2,stop
2025-01-03 10:30:00,2025-01-03 10:31:00,short,5950.75,5949.0,5953.0,5949.0,7.75,0.6888888888888889,target
2025-01-03 11:30:00,2025-01-03 11:31:00,long,5970.25,5967.75,5968.0,5972.0,-13.5,-1.2,stop
2025-01-03 14:00:00,2025-01-03 14:03:00,long,5985.75,5987.5,5983.5,5987.5,7.75,0.6888888888888889,target
2025-01-06 11:00:00,2025-01-06 11:01:00,long,6060.0,6057.5,6057.75,6061.75,-13.5,-1.2,stop
2025-01-06 13:30:00,2025-01-06 13:32:00,short,6042.75,6041.0,6045.0,6041.0,7.75,0.6888888888888889,target
2025-01-06 14:00:00,2025-01-06 14:01:00,short,6022.5,6020.75,6024.75,6020.75,7.75,0.6888888888888889,target
2025-01-06 15:00:00,2025-01-06 15:01:00,short,6010.5,6013.0,6012.75,6008.75,-13.5,-1.2,stop
2025-01-07 10:00:00,2025-01-07 10:01:00,short,6019.0,6017.25,6021.25,6017.25,7.75,0.6888888888888889,target
2025-01-07 10:30:00,2025-01-07 10:31:00,short,5998.25,5996.5,6000.5,5996.5,7.75,0.6888888888888889,target
2025-01-07 11:30:00,2025-01-07 11:31:00,short,5990.75,5989.0,5993.0,5989.0,7.75,0.6888888888888889,target
2025-01-07 13:30:00,2025-01-07 13:33:00,short,5985.25,5987.75,5987.5,5983.5,-13.5,-1.2,stop
2025-01-07 14:00:00,2025-01-07 14:01:00,short,5976.5,5979.0,5978.75,5974.75,-13.5,-1.2,stop
2025-01-07 14:30:00,2025-01-07 14:32:00,short,5974.5,5972.75,5976.75,5972.75,7.75,0.6888888888888889,target
2025-01-08 10:00:00,2025-01-08 10:01:00,long,5945.0,5942.5,5942.75,5946.75,-13.5,-1.2,stop
2025-01-08 11:30:00,2025-01-08 11:31:00,long,5951.5,5949.0,5949.25,5953.25,-13.5,-1.2,stop
2025-01-08 15:00:00,2025-01-08 15:02:00,long,5954.75,5952.25,5952.5,5956.5,-13.5,-1.2,stop
2025-01-10 10:00:00,2025-01-10 10:01:00,short,5874.0,5872.25,5876.25,5872.25,7.75,0.6888888888888889,target
2025-01-10 10:30:00,2025-01-10 10:31:00,short,5875.75,5878.25,5878.0,5874.0,-13.5,-1.2,stop
2025-01-10 11:00:00,2025-01-10 11:01:00,short,5868.75,5867.0,5871.0,5867.0,7.75,0.6888888888888889,target
2025-01-10 11:30:00,2025-01-10 11:31:00,short,5855.75,5858.25,5858.0,5854.0,-13.5,-1.2,stop
2025-01-10 15:00:00,2025-01-10 15:02:00,short,5877.25,5879.75,5879.5,5875.5,-13.5,-1.2,stop
2025-01-13 13:30:00,2025-01-13 13:31:00,long,5859.5,5857.0,5857.25,5861.25,-13.5,-1.2,stop
2025-01-13 14:00:00,2025-01-13 14:02:00,long,5861.5,5859.0,5859.25,5863.25,-13.5,-1.2,stop
2025-01-13 15:30:00,2025-01-13 15:31:00,long,5862.25,5859.75,5860.0,5864.0,-13.5,-1.2,stop
2025-01-14 11:00:00,2025-01-14 11:01:00,short,5874.75,5873.0,5877.0,5873.0,7.75,0.6888888888888889,target
2025-01-14 15:00:00,2025-01-14 15:01:00,short,5862.5,5860.75,5864.75,5860.75,7.75,0.6888888888888889,target
2025-01-14 15:30:00,2025-01-14 15:32:00,short,5863.25,5861.5,5865.5,5861.5,7.75,0.6888888888888889,target
2025-01-15 10:00:00,2025-01-15 10:03:00,long,5984.5,5986.25,5982.25,5986.25,7.75,0.6888888888888889,target
2025-01-15 10:30:00,2025-01-15 10:31:00,long,5986.75,5984.25,5984.5,5988.5,-13.5,-1.2,stop
2025-01-15 11:00:00,2025-01-15 11:01:00,long,5979.25,5976.75,5977.0,5981.0,-13.5,-1.2,stop
2025-01-15 11:30:00,2025-01-15 11:31:00,short,5966.25,5964.5,5968.5,5964.5,7.75,0.6888888888888889,target
2025-01-15 13:30:00,2025-01-15 13:33:00,long,5986.0,5983.5,5983.75,5987.75,-13.5,-1.2,stop
2025-01-15 14:30:00,2025-01-15 14:33:00,long,5993.75,5995.5,5991.5,5995.5,7.75,0.6888888888888889,target
2025-01-16 10:00:00,2025-01-16 10:01:00,short,5976.0,5974.25,5978.25,5974.25,7.75,0.6888888888888889,target
2025-01-16 11:30:00,2025-01-16 11:33:00,long,5994.0,5995.75,5991.75,5995.75,7.75,0.6888888888888889,target
2025-01-16 13:30:00,2025-01-16 13:31:00,short,5981.25,5983.75,5983.5,5979.5,-13.5,-1.2,stop
2025-01-16 14:00:00,2025-01-16 14:01:00,short,5970.5,5973.0,5972.75,5968.75,-13.5,-1.2,stop
2025-01-16 14:30:00,2025-01-16 14:36:00,short,5982.75,5985.25,5985.0,5981.0,-13.5,-1.2,stop
2025-01-17 10:00:00,2025-01-17 10:01:00,long,6024.25,6026.0,6022.0,6026.0,7.75,0.6888888888888889,target
2025-01-17 11:30:00,2025-01-17 11:31:00,long,6046.75,6044.25,6044.5,6048.5,-13.5,-1.2,stop
2025-01-17 15:30:00,2025-01-17 15:32:00,long,6039.5,6041.25,6037.25,6041.25,7.75,0.6888888888888889,target
2025-01-20 10:00:00,2025-01-20 10:03:00,short,6063.5,6061.75,6065.75,6061.75,7.75,0.6888888888888889,target
2025-01-20 10:30:00,2025-01-20 10:31:00,short,6055.75,6054.0,6058.0,6054.0,7.75,0.6888888888888889,target
2025-01-21 10:00:00,2025-01-21 10:01:00,short,6059.5,6057.75,6061.75,6057.75,7.75,0.6888888888888889,target
2025-01-21 10:30:00,2025-01-21 10:31:00,long,6062.0,6059.5,6059.75,6063.75,-13.5,-1.2,stop
2025-01-21 11:00:00,2025-01-21 11:01:00,short,6057.25,6055.5,6059.5,6055.5,7.75,0.6888888888888889,target
2025-01-21 11:30:00,2025-01-21 11:36:00,long,6066.75,6064.25,6064.5,6068.5,-13.5,-1.2,stop
2025-01-22 10:00:00,2025-01-22 10:02:00,long,6123.75,6121.25,6121.5,6125.5,-13.5,-1.2,stop
2025-01-22 11:30:00,2025-01-22 11:36:00,long,6131.0,6132.75,6128.75,6132.75,7.75,0.6888888888888889,target
2025-01-22 13:30:00,2025-01-22 13:33:00,long,6129.5,6127.0,6127.25,6131.25,-13.5,-1.2,stop
2025-01-22 14:30:00,2025-01-22 14:33:00,short,6124.75,6127.25,6127.0,6123.0,-13.5,-1.2,stop
2025-01-22 15:30:00,2025-01-22 15:34:00,long,6129.0,6130.75,6126.75,6130.75,7.75,0.6888888888888889,target
2025-01-23 11:00:00,2025-01-23 11:01:00,long,6126.75,6128.5,6124.5,6128.5,7.75,0.6888888888888889,target
2025-01-23 13:30:00,2025-01-23 13:42:00,long,6137.25,6134.75,6135.0,6139.0,-13.5,-1.2,stop
2025-01-23 14:30:00,2025-01-23 14:32:00,long,6134.25,6136.0,6132.0,6136.0,7.75,0.6888888888888889,target
2025-01-24 15:00:00,2025-01-24 15:02:00,short,6127.25,6129.75,6129.5,6125.5,-13.5,-1.2,stop
2025-01-27 11:00:00,2025-01-27 11:01:00,short,6030.5,6033.0,6032.75,6028.75,-13.5,-1.2,stop
2025-01-27 15:30:00,2025-01-27 15:32:00,long,6028.5,6026.0,6026.25,6030.25,-13.5,-1.2,stop
2025-01-28 10:00:00,2025-01-28 10:01:00,long,6043.0,6044.75,6040.75,6044.75,7.75,0.6888888888888889,target
2025-01-28 11:00:00,2025-01-28 11:01:00,long,6084.25,6081.75,6082.0,6086.0,-13.5,-1.2,stop
2025-01-28 11:30:00,2025-01-28 11:32:00,long,6066.0,6067.75,6063.75,6067.75,7.75,0.6888888888888889,target
2025-01-28 13:30:00,2025-01-28 13:38:00,long,6095.25,6092.75,6093.0,6097.0,-13.5,-1.2,stop
2025-01-28 14:00:00,2025-01-28 14:01:00,long,6090.25,6087.75,6088.0,6092.0,-13.5,-1.2,stop
2025-01-28 14:30:00,2025-01-28 14:34:00,long,6094.0,6095.75,6091.75,6095.75,7.75,0.6888888888888889,target
2025-01-29 10:00:00,2025-01-29 10:01:00,long,6085.0,6086.75,6082.75,6086.75,7.75,0.6888888888888889,target
2025-01-29 11:00:00,2025-01-29 11:02:00,short,6077.75,6080.25,6080.0,6076.0,-13.5,-1.2,stop
2025-01-29 13:30:00,2025-01-29 13:31:00,short,6073.0,6075.5,6075.25,6071.25,-13.5,-1.2,stop
2025-01-29 14:00:00,2025-01-29 14:01:00,short,6051.25,6053.75,6053.5,6049.5,-13.5,-1.2,stop
2025-01-30 10:00:00,2025-01-30 10:01:00,short,6095.5,6093.75,6097.75,6093.75,7.75,0.6888888888888889,target
2025-01-30 10:30:00,2025-01-30 10:31:00,short,6072.75,6075.25,6075.0,6071.0,-13.5,-1.2,stop
2025-01-30 13:30:00,2025-01-30 13:31:00,long,6091.5,6093.25,6089.25,6093.25,7.75,0.6888888888888889,target
2025-01-30 15:00:00,2025-01-30 15:02:00,long,6107.75,6109.5,6105.5,6109.5,7.75,0.6888888888888889,target
2025-01-31 10:30:00,2025-01-31 10:31:00,long,6139.75,6141.5,6137.5,6141.5,7.75,0.6888888888888889,target
2025-01-31 11:00:00,2025-01-31 11:09:00,long,6144.75,6146.5,6142.5,6146.5,7.75,0.6888888888888889,target
2025-01-31 11:30:00,2025-01-31 11:32:00,long,6140.0,6141.75,6137.75,6141.75,7.75,0.6888888888888889,target
2025-01-31 13:30:00,2025-01-31 13:31:00,short,6112.75,6115.25,6115.0,6111.0,-13.5,-1.2,stop
2025-01-31 14:00:00,2025-01-31 14:01:00,short,6100.0,6102.5,6102.25,6098.25,-13.5,-1.2,stop
2025-01-31 15:00:00,2025-01-31 15:01:00,short,6076.25,6074.5,6078.5,6074.5,7.75,0.6888888888888889,target
2025-02-03 10:00:00,2025-02-03 10:01:00,short,5963.75,5966.25,5966.0,5962.0,-13.5,-1.2,stop
2025-02-03 11:00:00,2025-02-03 11:01:00,long,6027.75,6029.5,6025.5,6029.5,7.75,0.6888888888888889,target
2025-02-03 11:30:00,2025-02-03 11:31:00,long,6025.25,6022.75,6023.0,6027.0,-13.5,-1.2,stop
2025-02-03 14:00:00,2025-02-03 14:01:00,long,6037.0,6034.5,6034.75,6038.75,-13.5,-1.2,stop
2025-02-03 14:30:00,2025-02-03 14:32:00,long,6042.0,6043.75,6039.75,6043.75,7.75,0.6888888888888889,target
2025-02-04 10:00:00,2025-02-04 10:01:00,long,6040.25,6037.75,6038.0,6042.0,-13.5,-1.2,stop
2025-02-04 11:00:00,2025-02-04 11:04:00,long,6055.0,6056.75,6052.75,6056.75,7.75,0.6888888888888889,target
2025-02-04 13:30:00,2025-02-04 13:36:00,long,6057.75,6055.25,6055.5,6059.5,-13.5,-1.2,stop
2025-02-04 14:30:00,2025-02-04 14:32:00,long,6067.0,6064.5,6064.75,6068.75,-13.5,-1.2,stop
2025-02-04 15:30:00,2025-02-04 15:32:00,long,6058.0,6055.5,6055.75,6059.75,-13.5,-1.2,stop
2025-02-05 10:00:00,2025-02-05 10:01:00,long,6049.75,6047.25,6047.5,6051.5,-13.5,-1.2,stop
2025-02-05 13:30:00,2025-02-05 13:33:00,long,6071.5,6069.0,6069.25,6073.25,-13.5,-1.2,stop
2025-02-05 14:00:00,2025-02-05 14:05:00,long,6075.25,6077.0,6073.0,6077.0,7.75,0.6888888888888889,target
2025-02-05 14:30:00,2025-02-05 14:35:00,long,6078.25,6075.75,6076.0,6080.0,-13.5,-1.2,stop
2025-02-05 15:00:00,2025-02-05 15:06:00,long,6077.75,6075.25,6075.5,6079.5,-13.5,-1.2,stop
2025-02-05 15:30:00,2025-02-05 15:33:00,long,6082.5,6080.0,6080.25,6084.25,-13.5,-1.2,stop
2025-02-06 10:30:00,2025-02-06 10:33:00,short,6092.5,6095.0,6094.75,6090.75,-13.5,-1.2,stop
2025-02-06 13:30:00,2025-02-06 13:36:00,long,6101.0,6098.5,6098.75,6102.75,-13.5,-1.2,stop
2025-02-06 14:00:00,2025-02-06 14:01:00,short,6094.5,6097.0,6096.75,6092.75,-13.5,-1.2,stop
2025-02-06 14:30:00,2025-02-06 14:31:00,short,6084.25,6082.5,6086.5,6082.5,7.75,0.6888888888888889,target
2025-02-07 10:00:00,2025-02-07 10:01:00,short,6106.25,6104.5,6108.5,6104.5,7.75,0.6888888888888889,target
2025-02-07 11:00:00,2025-02-07 11:01:00,short,6069.25,6067.5,6071.5,6067.5,7.75,0.6888888888888889,target
2025-02-07 14:30:00,2025-02-07 14:32:00,short,6045.25,6047.75,6047.5,6043.5,-13.5,-1.2,stop
2025-02-07 15:00:00,2025-02-07 15:01:00,short,6049.25,6047.5,6051.5,6047.5,7.75,0.6888888888888889,target
2025-02-10 10:00:00,2025-02-10 10:01:00,long,6076.75,6078.5,6074.5,6078.5,7.75,0.6888888888888889,target
2025-02-10 10:30:00,2025-02-10 10:34:00,long,6090.5,6088.0,6088.25,6092.25,-13.5,-1.2,stop
2025-02-10 11:00:00,2025-02-10 11:01:00,long,6091.5,6089.0,6089.25,6093.25,-13.5,-1.2,stop
2025-02-10 13:30:00,2025-02-10 13:32:00,long,6088.75,6086.25,6086.5,6090.5,-13.5,-1.2,stop
2025-02-10 14:30:00,2025-02-10 14:40:00,long,6093.25,6090.75,6091.0,6095.0,-13.5,-1.2,stop
2025-02-11 10:00:00,2025-02-11 10:01:00,long,6074.5,6076.25,6072.25,6076.25,7.75,0.6888888888888889,target
2025-02-11 13:30:00,2025-02-11 13:32:00,long,6082.25,6084.0,6080.0,6084.0,7.75,0.6888888888888889,target
2025-02-11 14:00:00,2025-02-11 14:05:00,long,6086.75,6088.5,6084.5,6088.5,7.75,0.6888888888888889,target
2025-02-11 14:30:00,2025-02-11 14:38:00,long,6088.25,6090.0,6086.0,6090.0,7.75,0.6888888888888889,target
2025-02-11 15:00:00,2025-02-11 15:07:00,long,6095.25,6092.75,6093.0,6097.0,-13.5,-1.2,stop
2025-02-12 10:30:00,2025-02-12 10:31:00,long,6054.0,6055.75,6051.75,6055.75,7.75,0.6888888888888889,target
2025-02-12 13:30:00,2025-02-12 13:31:00,long,6076.75,6074.25,6074.5,6078.5,-13.5,-1.2,stop
2025-02-12 14:30:00,2025-02-12 14:33:00,long,6070.0,6071.75,6067.75,6071.75,7.75,0.6888888888888889,target
2025-02-12 15:00:00,2025-02-12 15:03:00,long,6079.25,6076.75,6077.0,6081.0,-13.5,-1.2,stop
2025-02-12 15:30:00,2025-02-12 15:32:00,long,6074.25,6071.75,6072.0,6076.0,-13.5,-1.2,stop
2025-02-13 10:00:00,2025-02-13 10:02:00,long,6088.0,6089.75,6085.75,6089.75,7.75,0.6888888888888889,target
2025-02-13 13:30:00,2025-02-13 13:35:00,long,6101.0,6102.75,6098.75,6102.75,7.75,0.6888888888888889,target
2025-02-13 14:00:00,2025-02-13 14:02:00,long,6111.25,6108.75,6109.0,6113.0,-13.5,-1.2,stop
2025-02-13 14:30:00,2025-02-13 14:33:00,long,6121.75,6123.5,6119.5,6123.5,7.75,0.6888888888888889,target
2025-02-14 10:30:00,2025-02-14 10:35:00,short,6136.5,6139.0,6138.75,6134.75,-13.5,-1.2,stop
2025-02-14 11:30:00,2025-02-14 11:31:00,short,6132.75,6135.25,6135.0,6131.0,-13.5,-1.2,stop
2025-02-14 15:00:00,2025-02-14 15:11:00,short,6135.0,6133.25,6137.25,6133.25,7.75,0.6888888888888889,target
2025-02-14 15:30:00,2025-02-14 15:32:00,short,6131.25,6133.75,6133.5,6129.5,-13.5,-1.2,stop
2025-02-17 10:00:00,2025-02-17 10:19:00,short,6137.75,6140.25,6140.0,6136.0,-13.5,-1.2,stop
2025-02-17 11:30:00,2025-02-17 11:32:00,long,6147.0,6144.5,6144.75,6148.75,-13.5,-1.2,stop
2025-02-18 10:00:00,2025-02-18 10:01:00,short,6132.25,6130.5,6134.5,6130.5,7.75,0.6888888888888889,target
2025-02-18 10:30:00,2025-02-18 10:31:00,short,6128.75,6131.25,6131.0,6127.0,-13.5,-1.2,stop
2025-02-18 13:30:00,2025-02-18 13:40:00,short,6131.0,6129.25,6133.25,6129.25,7.75,0.6888888888888889,target
2025-02-18 14:30:00,2025-02-18 14:31:00,short,6126.0,6128.5,6128.25,6124.25,-13.5,-1.2,stop
2025-02-18 15:00:00,2025-02-18 15:11:00,short,6133.0,6131.25,6135.25,6131.25,7.75,0.6888888888888889,target
2025-02-19 10:00:00,2025-02-19 10:01:00,long,6134.5,6136.25,6132.25,6136.25,7.75,0.6888888888888889,target
2025-02-19 10:30:00,2025-02-19 10:31:00,long,6137.0,6138.75,6134.75,6138.75,7.75,0.6888888888888889,target
2025-02-19 11:00:00,2025-02-19 11:01:00,long,6137.25,6139.0,6135.0,6139.0,7.75,0.6888888888888889,target
2025-02-19 13:30:00,2025-02-19 13:46:00,long,6152.75,6150.25,6150.5,6154.5,-13.5,-1.2,stop
2025-02-19 14:00:00,2025-02-19 14:02:00,long,6150.25,6152.0,6148.0,6152.0,7.75,0.6888888888888889,target
2025-02-19 15:30:00,2025-02-19 15:31:00,long,6157.25,6159.0,6155.0,6159.0,7.75,0.6888888888888889,target
2025-02-20 10:00:00,2025-02-20 10:01:00,short,6108.0,6110.5,6110.25,6106.25,-13.5,-1.2,stop
2025-02-20 10:30:00,2025-02-20 10:34:00,long,6127.0,6124.5,6124.75,6128.75,-13.5,-1.2,stop
2025-02-20 11:30:00,2025-02-20 11:31:00,short,6113.75,6112.0,6116.0,6112.0,7.75,0.6888888888888889,target
2025-02-20 14:00:00,2025-02-20 14:06:00,long,6119.75,6121.5,6117.5,6121.5,7.75,0.6888888888888889,target
2025-02-21 10:00:00,2025-02-21 10:01:00,short,6112.0,6110.25,6114.25,6110.25,7.75,0.6888888888888889,target
2025-02-21 11:30:00,2025-02-21 11:32:00,short,6098.0,6100.5,6100.25,6096.25,-13.5,-1.2,stop
2025-02-21 13:30:00,2025-02-21 13:31:00,short,6050.0,6048.25,6052.25,6048.25,7.75,0.6888888888888889,target
2025-02-24 11:30:00,2025-02-24 11:32:00,long,6033.75,6035.5,6031.5,6035.5,7.75,0.6888888888888889,target
2025-02-24 14:00:00,2025-02-24 14:01:00,long,6037.5,6039.25,6035.25,6039.25,7.75,0.6888888888888889,target
2025-02-24 14:30:00,2025-02-24 14:33:00,long,6033.5,6035.25,6031.25,6035.25,7.75,0.6888888888888889,target
2025-02-25 10:00:00,2025-02-25 10:01:00,short,5969.5,5967.75,5971.75,5967.75,7.75,0.6888888888888889,target
2025-02-25 10:30:00,2025-02-25 10:31:00,short,5935.5,5938.0,5937.75,5933.75,-13.5,-1.2,stop
2025-02-25 11:00:00,2025-02-25 11:01:00,short,5945.75,5944.0,5948.0,5944.0,7.75,0.6888888888888889,target
2025-02-25 11:30:00,2025-02-25 11:31:00,short,5934.0,5932.25,5936.25,5932.25,7.75,0.6888888888888889,target
2025-02-25 15:00:00,2025-02-25 15:01:00,long,5983.0,5984.75,5980.75,5984.75,7.75,0.6888888888888889,target
2025-02-26 10:30:00,2025-02-26 10:31:00,long,6012.5,6014.25,6010.25,6014.25,7.75,0.6888888888888889,target
2025-02-26 11:00:00,2025-02-26 11:01:00,long,6019.5,6021.25,6017.25,6021.25,7.75,0.6888888888888889,target
2025-02-26 14:00:00,2025-02-26 14:01:00,short,5951.5,5954.0,5953.75,5949.75,-13.5,-1.2,stop
2025-02-26 14:30:00,2025-02-26 14:31:00,short,5960.25,5962.75,5962.5,5958.5,-13.5,-1.2,stop
2025-02-26 15:30:00,2025-02-26 15:31:00,short,5962.25,5960.5,5964.5,5960.5,7.75,0.6888888888888889,target
2025-02-27 10:00:00,2025-02-27 10:01:00,short,5937.75,5940.25,5940.0,5936.0,-13.5,-1.2,stop
2025-02-27 13:30:00,2025-02-27 13:31:00,long,5974.0,5975.75,5971.75,5975.75,7.75,0.6888888888888889,target
2025-02-27 14:00:00,2025-02-27 14:01:00,short,5960.75,5963.25,5963.0,5959.0,-13.5,-1.2,stop
2025-02-27 14:30:00,2025-02-27 14:32:00,short,5928.25,5926.5,5930.5,5926.5,7.75,0.6888888888888889,target
2025-02-27 15:00:00,2025-02-27 15:01:00,short,5914.0,5912.25,5916.25,5912.25,7.75,0.6888888888888889,target
2025-02-28 10:00:00,2025-02-28 10:01:00,long,5890.0,5887.5,5887.75,5891.75,-13.5,-1.2,stop
2025-02-28 10:30:00,2025-02-28 10:31:00,long,5907.75,5909.5,5905.5,5909.5,7.75,0.6888888888888889,target
2025-02-28 15:00:00,2025-02-28 15:01:00,long,5905.5,5903.0,5903.25,5907.25,-13.5,-1.2,stop
2025-03-03 10:00:00,2025-03-03 10:01:00,short,5941.75,5944.25,5944.0,5940.0,-13.5,-1.2,stop
2025-03-03 10:30:00,2025-03-03 10:31:00,long,5965.5,5963.0,5963.25,5967.25,-13.5,-1.2,stop
2025-03-03 15:00:00,2025-03-03 15:01:00,short,5876.75,5875.0,5879.0,5875.0,7.75,0.6888888888888889,target
2025-03-04 10:00:00,2025-03-04 10:01:00,short,5773.75,5776.25,5776.0,5772.0,-13.5,-1.2,stop
2025-03-04 14:00:00,2025-03-04 14:01:00,long,5826.25,5823.75,5824.0,5828.0,-13.5,-1.2,stop
2025-03-04 14:30:00,2025-03-04 14:31:00,long,5838.5,5836.0,5836.25,5840.25,-13.5,-1.2,stop
2025-03-04 15:00:00,2025-03-04 15:01:00,long,5852.75,5854.5,5850.5,5854.5,7.75,0.6888888888888889,target
2025-03-05 10:00:00,2025-03-05 10:01:00,long,5809.0,5806.5,5806.75,5810.75,-13.5,-1.2,stop
2025-03-05 10:30:00,2025-03-05 10:31:00,short,5778.0,5780.5,5780.25,5776.25,-13.5,-1.2,stop
2025-03-05 11:00:00,2025-03-05 11:01:00,short,5782.25,5780.5,5784.5,5780.5,7.75,0.6888888888888889,target
2025-03-05 11:30:00,2025-03-05 11:31:00,short,5765.25,5763.5,5767.5,5763.5,7.75,0.6888888888888889,target
2025-03-05 14:30:00,2025-03-05 14:31:00,long,5853.5,5851.0,5851.25,5855.25,-13.5,-1.2,stop
2025-03-05 15:00:00,2025-03-05 15:01:00,long,5855.75,5857.5,5853.5,5857.5,7.75,0.6888888888888889,target
2025-03-06 10:00:00,2025-03-06 10:01:00,long,5769.5,5771.25,5767.25,5771.25,7.75,0.6888888888888889,target
2025-03-06 11:00:00,2025-03-06 11:01:00,long,5810.5,5812.25,5808.25,5812.25,7.75,0.6888888888888889,target
2025-03-06 11:30:00,2025-03-06 11:31:00,long,5808.75,5806.25,5806.5,5810.5,-13.5,-1.2,stop
2025-03-06 14:00:00,2025-03-06 14:01:00,short,5739.25,5741.75,5741.5,5737.5,-13.5,-1.2,stop
2025-03-06 14:30:00,2025-03-06 14:31:00,short,5723.0,5721.25,5725.25,5721.25,7.75,0.6888888888888889,target
2025-03-07 10:00:00,2025-03-07 10:01:00,short,5748.0,5750.5,5750.25,5746.25,-13.5,-1.2,stop
2025-03-07 10:30:00,2025-03-07 10:31:00,short,5735.5,5733.75,5737.75,5733.75,7.75,0.6888888888888889,target
2025-03-07 11:00:00,2025-03-07 11:01:00,short,5724.25,5726.75,5726.5,5722.5,-13.5,-1.2,stop
2025-03-07 11:30:00,2025-03-07 11:31:00,short,5690.75,5693.25,5693.0,5689.0,-13.5,-1.2,stop
2025-03-07 13:30:00,2025-03-07 13:31:00,long,5744.5,5742.0,5742.25,5746.25,-13.5,-1.2,stop
2025-03-07 14:00:00,2025-03-07 14:01:00,long,5772.25,5774.0,5770.0,5774.0,7.75,0.6888888888888889,target
2025-03-10 10:00:00,2025-03-10 10:01:00,short,5686.75,5685.0,5689.0,5685.0,7.75,0.6888888888888889,target
2025-03-10 13:30:00,2025-03-10 13:31:00,short,5632.5,5630.75,5634.75,5630.75,7.75,0.6888888888888889,target
2025-03-11 10:00:00,2025-03-11 10:01:00,long,5625.75,5623.25,5623.5,5627.5,-13.5,-1.2,stop
2025-03-11 11:00:00,2025-03-11 11:01:00,short,5561.5,5564.0,5563.75,5559.75,-13.5,-1.2,stop
2025-03-11 15:00:00,2025-03-11 15:01:00,long,5631.0,5628.5,5628.75,5632.75,-13.5,-1.2,stop
2025-03-12 10:00:00,2025-03-12 10:01:00,short,5604.25,5606.75,5606.5,5602.5,-13.5,-1.2,stop
2025-03-12 10:30:00,2025-03-12 10:31:00,short,5600.75,5603.25,5603.0,5599.0,-13.5,-1.2,stop
2025-03-12 11:30:00,2025-03-12 11:31:00,short,5580.75,5583.25,5583.0,5579.0,-13.5,-1.2,stop
2025-03-12 13:30:00,2025-03-12 13:31:00,long,5628.75,5630.5,5626.5,5630.5,7.75,0.6888888888888889,target
2025-03-12 14:30:00,2025-03-12 14:31:00,long,5616.5,5614.0,5614.25,5618.25,-13.5,-1.2,stop
2025-03-12 15:30:00,2025-03-12 15:31:00,long,5614.0,5615.75,5611.75,5615.75,7.75,0.6888888888888889,target
2025-03-13 10:30:00,2025-03-13 10:31:00,long,5592.25,5589.75,5590.0,5594.0,-13.5,-1.2,stop
2025-03-13 13:30:00,2025-03-13 13:31:00,short,5521.0,5519.25,5523.25,5519.25,7.75,0.6888888888888889,target
2025-03-13 14:30:00,2025-03-13 14:31:00,short,5540.25,5542.75,5542.5,5538.5,-13.5,-1.2,stop
2025-03-13 15:30:00,2025-03-13 15:31:00,short,5523.0,5525.5,5525.25,5521.25,-13.5,-1.2,stop
2025-03-14 10:00:00,2025-03-14 10:01:00,short,5577.5,5580.0,5579.75,5575.75,-13.5,-1.2,stop
2025-03-14 11:00:00,2025-03-14 11:01:00,long,5614.25,5616.0,5612.0,5616.0,7.75,0.6888888888888889,target
2025-03-14 13:30:00,2025-03-14 13:32:00,long,5627.75,5625.25,5625.5,5629.5,-13.5,-1.2,stop
2025-03-14 14:00:00,2025-03-14 14:01:00,long,5619.25,5621.0,5617.0,5621.0,7.75,0.6888888888888889,target
2025-03-14 14:30:00,2025-03-14 14:31:00,long,5622.25,5624.0,5620.0,5624.0,7.75,0.6888888888888889,target
2025-03-14 15:00:00,2025-03-14 15:01:00,long,5629.5,5627.0,5627.25,5631.25,-13.5,-1.2,stop
2025-03-17 10:30:00,2025-03-17 10:31:00,short,5653.5,5656.0,5655.75,5651.75,-13.5,-1.2,stop
2025-03-17 14:00:00,2025-03-17 14:01:00,long,5687.5,5685.0,5685.25,5689.25,-13.5,-1.2,stop
2025-03-17 14:30:00,2025-03-17 14:31:00,long,5698.0,5699.75,5695.75,5699.75,7.75,0.6888888888888889,target
2025-03-17 15:30:00,2025-03-17 15:31:00,long,5702.75,5700.25,5700.5,5704.5,-13.5,-1.2,stop
2025-03-18 10:00:00,2025-03-18 10:01:00,short,5612.5,5615.0,5614.75,5610.75,-13.5,-1.2,stop
2025-03-18 11:00:00,2025-03-18 11:01:00,short,5610.5,5608.75,5612.75,5608.75,7.75,0.6888888888888889,target
2025-03-18 13:30:00,2025-03-18 13:31:00,short,5611.75,5614.25,5614.0,5610.0,-13.5,-1.2,stop
2025-03-18 14:30:00,2025-03-18 14:32:00,long,5620.5,5618.0,5618.25,5622.25,-13.5,-1.2,stop
2025-03-18 15:00:00,2025-03-18 15:01:00,short,5617.5,5620.0,5619.75,5615.75,-13.5,-1.2,stop
2025-03-18 15:30:00,2025-03-18 15:31:00,short,5618.25,5620.75,5620.5,5616.5,-13.5,-1.2,stop
2025-03-19 10:00:00,2025-03-19 10:01:00,long,5702.0,5703.75,5699.75,5703.75,7.75,0.6888888888888889,target
2025-03-19 10:30:00,2025-03-19 10:31:00,long,5706.0,5707.75,5703.75,5707.75,7.75,0.6888888888888889,target
2025-03-19 13:30:00,2025-03-19 13:32:00,short,5691.0,5689.25,5693.25,5689.25,7.75,0.6888888888888889,target
2025-03-19 14:00:00,2025-03-19 14:01:00,long,5708.75,5706.25,5706.5,5710.5,-13.5,-1.2,stop
2025-03-19 14:30:00,2025-03-19 14:31:00,long,5712.25,5714.0,5710.0,5714.0,7.75,0.6888888888888889,target
2025-03-19 15:00:00,2025-03-19 15:01:00,long,5747.5,5745.0,5745.25,5749.25,-13.5,-1.2,stop
2025-03-20 10:00:00,2025-03-20 10:01:00,long,5735.0,5736.75,5732.75,5736.75,7.75,0.6888888888888889,target
2025-03-20 14:30:00,2025-03-20 14:31:00,short,5695.25,5697.75,5697.5,5693.5,-13.5,-1.2,stop
2025-03-21 11:00:00,2025-03-21 11:02:00,long,5689.5,5687.0,5687.25,5691.25,-13.5,-1.2,stop
2025-03-21 11:30:00,2025-03-21 11:32:00,long,5672.25,5674.0,5670.0,5674.0,7.75,0.6888888888888889,target
2025-03-21 14:00:00,2025-03-21 14:03:00,long,5704.25,5701.75,5702.0,5706.0,-13.5,-1.2,stop
2025-03-21 14:30:00,2025-03-21 14:31:00,long,5697.25,5699.0,5695.0,5699.0,7.75,0.6888888888888889,target
2025-03-24 13:30:00,2025-03-24 13:31:00,long,5808.0,5805.5,5805.75,5809.75,-13.5,-1.2,stop
2025-03-25 10:00:00,2025-03-25 10:01:00,short,5817.5,5815.75,5819.75,5815.75,7.75,0.6888888888888889,target
2025-03-25 10:30:00,2025-03-25 10:32:00,long,5831.5,5829.0,5829.25,5833.25,-13.5,-1.2,stop
2025-03-25 11:00:00,2025-03-25 11:12:00,long,5833.5,5831.0,5831.25,5835.25,-13.5,-1.2,stop
2025-03-25 14:30:00,2025-03-25 14:31:00,short,5816.5,5814.75,5818.75,5814.75,7.75,0.6888888888888889,target
2025-03-26 10:30:00,2025-03-26 10:31:00,short,5804.75,5807.25,5807.0,5803.0,-13.5,-1.2,stop
2025-03-26 13:30:00,2025-03-26 13:31:00,short,5758.75,5757.0,5761.0,5757.0,7.75,0.6888888888888889,target
2025-03-27 10:00:00,2025-03-27 10:01:00,long,5758.75,5756.25,5756.5,5760.5,-13.5,-1.2,stop
2025-03-27 14:30:00,2025-03-27 14:31:00,long,5753.0,5750.5,5750.75,5754.75,-13.5,-1.2,stop
2025-03-28 10:00:00,2025-03-28 10:01:00,short,5706.25,5708.75,5708.5,5704.5,-13.5,-1.2,stop
2025-03-28 11:00:00,2025-03-28 11:01:00,short,5651.25,5649.5,5653.5,5649.5,7.75,0.6888888888888889,target
2025-03-28 11:30:00,2025-03-28 11:31:00,short,5654.5,5657.0,5656.75,5652.75,-13.5,-1.2,stop
2025-03-28 13:30:00,2025-03-28 13:32:00,short,5620.25,5622.75,5622.5,5618.5,-13.5,-1.2,stop
2025-03-28 14:30:00,2025-03-28 14:31:00,short,5625.5,5628.0,5627.75,5623.75,-13.5,-1.2,stop
2025-03-28 15:30:00,2025-03-28 15:31:00,short,5623.75,5622.0,5626.0,5622.0,7.75,0.6888888888888889,target
2025-03-31 10:00:00,2025-03-31 10:01:00,long,5570.75,5572.5,5568.5,5572.5,7.75,0.6888888888888889,target
2025-03-31 10:30:00,2025-03-31 10:31:00,long,5566.25,5568.0,5564.0,5568.0,7.75,0.6888888888888889,target
2025-03-31 11:00:00,2025-03-31 11:01:00,long,5585.25,5587.0,5583.0,5587.0,7.75,0.6888888888888889,target
2025-03-31 14:00:00,2025-03-31 14:01:00,long,5601.75,5603.5,5599.5,5603.5,7.75,0.6888888888888889,target
2025-03-31 14:30:00,2025-03-31 14:31:00,long,5636.75,5638.5,5634.5,5638.5,7.75,0.6888888888888889,target
2025-03-31 15:00:00,2025-03-31 15:01:00,long,5636.5,5638.25,5634.25,5638.25,7.75,0.6888888888888889,target
2025-04-01 10:00:00,2025-04-01 10:01:00,short,5633.25,5635.75,5635.5,5631.5,-13.5,-1.2,stop
2025-04-01 11:00:00,2025-04-01 11:01:00,long,5662.75,5660.25,5660.5,5664.5,-13.5,-1.2,stop
2025-04-01 13:30:00,2025-04-01 13:31:00,long,5661.75,5663.5,5659.5,5663.5,7.75,0.6888888888888889,target
2025-04-01 14:30:00,2025-04-01 14:31:00,short,5630.75,5633.25,5633.0,5629.0,-13.5,-1.2,stop
2025-04-02 10:00:00,2025-04-02 10:01:00,long,5662.0,5663.75,5659.75,5663.75,7.75,0.6888888888888889,target
2025-04-03 10:00:00,2025-04-03 10:01:00,short,5505.75,5508.25,5508.0,5504.0,-13.5,-1.2,stop
2025-04-03 13:30:00,2025-04-03 13:31:00,short,5481.75,5480.0,5484.0,5480.0,7.75,0.6888888888888889,target
2025-04-03 14:30:00,2025-04-03 14:31:00,short,5464.25,5462.5,5466.5,5462.5,7.75,0.6888888888888889,target
2025-04-03 15:00:00,2025-04-03 15:01:00,short,5473.25,5475.75,5475.5,5471.5,-13.5,-1.2,stop
2025-04-03 15:30:00,2025-04-03 15:31:00,short,5445.0,5443.25,5447.25,5443.25,7.75,0.6888888888888889,target
2025-04-04 13:30:00,2025-04-04 13:31:00,short,5158.25,5156.5,5160.5,5156.5,7.75,0.6888888888888889,target
2025-04-04 15:00:00,2025-04-04 15:01:00,short,5128.25,5126.5,5130.5,5126.5,7.75,0.6888888888888889,target
2025-04-07 10:00:00,2025-04-07 10:01:00,long,5020.75,5018.25,5018.5,5022.5,-13.5,-1.2,stop
2025-04-07 10:30:00,2025-04-07 10:31:00,long,5034.75,5032.25,5032.5,5036.5,-13.5,-1.2,stop
2025-04-07 11:00:00,2025-04-07 11:01:00,long,5114.0,5115.75,5111.75,5115.75,7.75,0.6888888888888889,target
2025-04-07 14:00:00,2025-04-07 14:01:00,long,5145.5,5143.0,5143.25,5147.25,-13.5,-1.2,stop
2025-04-07 14:30:00,2025-04-07 14:31:00,long,5108.75,5106.25,5106.5,5110.5,-13.5,-1.2,stop
2025-04-07 15:00:00,2025-04-07 15:01:00,long,5101.75,5099.25,5099.5,5103.5,-13.5,-1.2,stop
2025-04-08 10:00:00,2025-04-08 10:01:00,long,5284.0,5281.5,5281.75,5285.75,-13.5,-1.2,stop
2025-04-08 13:30:00,2025-04-08 13:31:00,short,5073.5,5076.0,5075.75,5071.75,-13.5,-1.2,stop
2025-04-08 14:00:00,2025-04-08 14:01:00,short,5114.5,5117.0,5116.75,5112.75,-13.5,-1.2,stop
2025-04-08 15:00:00,2025-04-08 15:01:00,short,5067.0,5065.25,5069.25,5065.25,7.75,0.6888888888888889,target
2025-04-08 15:30:00,2025-04-08 15:31:00,short,5020.5,5023.0,5022.75,5018.75,-13.5,-1.2,stop
2025-04-09 10:00:00,2025-04-09 10:01:00,long,5071.75,5069.25,5069.5,5073.5,-13.5,-1.2,stop
2025-04-09 10:30:00,2025-04-09 10:31:00,long,5043.25,5040.75,5041.0,5045.0,-13.5,-1.2,stop
2025-04-09 11:30:00,2025-04-09 11:31:00,long,5043.5,5041.0,5041.25,5045.25,-13.5,-1.2,stop
2025-04-09 13:30:00,2025-04-09 13:31:00,long,5308.0,5309.75,5305.75,5309.75,7.75,0.6888888888888889,target
2025-04-09 14:00:00,2025-04-09 14:01:00,long,5414.25,5411.75,5412.0,5416.0,-13.5,-1.2,stop
2025-04-09 14:30:00,2025-04-09 14:31:00,long,5444.5,5442.0,5442.25,5446.25,-13.5,-1.2,stop
2025-04-10 10:00:00,2025-04-10 10:01:00,short,5338.75,5337.0,5341.0,5337.0,7.75,0.6888888888888889,target
2025-04-10 11:30:00,2025-04-10 11:31:00,short,5289.75,5292.25,5292.0,5288.0,-13.5,-1.2,stop
2025-04-10 13:30:00,2025-04-10 13:31:00,short,5239.25,5241.75,5241.5,5237.5,-13.5,-1.2,stop
2025-04-10 14:00:00,2025-04-10 14:01:00,long,5298.25,5295.75,5296.0,5300.0,-13.5,-1.2,stop
2025-04-10 15:00:00,2025-04-10 15:01:00,long,5332.25,5334.0,5330.0,5334.0,7.75,0.6888888888888889,target
2025-04-10 15:30:00,2025-04-10 15:31:00,long,5289.5,5291.25,5287.25,5291.25,7.75,0.6888888888888889,target
2025-04-11 11:00:00,2025-04-11 11:01:00,long,5302.0,5299.5,5299.75,5303.75,-13.5,-1.2,stop
2025-04-11 13:30:00,2025-04-11 13:31:00,long,5353.0,5350.5,5350.75,5354.75,-13.5,-1.2,stop
2025-04-11 14:30:00,2025-04-11 14:31:00,long,5386.0,5383.5,5383.75,5387.75,-13.5,-1.2,stop
2025-04-11 15:00:00,2025-04-11 15:01:00,long,5381.75,5379.25,5379.5,5383.5,-13.5,-1.2,stop
2025-04-14 10:00:00,2025-04-14 10:01:00,short,5456.75,5459.25,5459.0,5455.0,-13.5,-1.2,stop
2025-04-14 14:00:00,2025-04-14 14:01:00,long,5446.5,5448.25,5444.25,5448.25,7.75,0.6888888888888889,target
2025-04-14 15:00:00,2025-04-14 15:01:00,long,5465.75,5463.25,5463.5,5467.5,-13.5,-1.2,stop
2025-04-15 10:00:00,2025-04-15 10:01:00,long,5470.25,5467.75,5468.0,5472.0,-13.5,-1.2,stop
2025-04-15 11:00:00,2025-04-15 11:01:00,long,5465.25,5467.0,5463.0,5467.0,7.75,0.6888888888888889,target
2025-04-16 11:00:00,2025-04-16 11:01:00,long,5375.5,5373.0,5373.25,5377.25,-13.5,-1.2,stop
2025-04-16 13:30:00,2025-04-16 13:31:00,short,5352.75,5351.0,5355.0,5351.0,7.75,0.6888888888888889,target
2025-04-16 14:30:00,2025-04-16 14:31:00,short,5304.5,5307.0,5306.75,5302.75,-13.5,-1.2,stop
2025-04-17 10:30:00,2025-04-17 10:31:00,short,5294.5,5297.0,5296.75,5292.75,-13.5,-1.2,stop
2025-04-17 11:30:00,2025-04-17 11:31:00,long,5321.25,5323.0,5319.0,5323.0,7.75,0.6888888888888889,target
2025-04-17 13:30:00,2025-04-17 13:31:00,long,5324.75,5326.5,5322.5,5326.5,7.75,0.6888888888888889,target
2025-04-17 14:30:00,2025-04-17 14:31:00,long,5349.75,5351.5,5347.5,5351.5,7.75,0.6888888888888889,target
2025-04-17 15:30:00,2025-04-17 15:31:00,long,5327.75,5329.5,5325.5,5329.5,7.75,0.6888888888888889,target
2025-04-21 10:00:00,2025-04-21 10:01:00,short,5213.75,5216.25,5216.0,5212.0,-13.5,-1.2,stop
2025-04-21 11:30:00,2025-04-21 11:31:00,short,5173.5,5171.75,5175.75,5171.75,7.75,0.6888888888888889,target
2025-04-21 14:00:00,2025-04-21 14:01:00,short,5129.5,5132.0,5131.75,5127.75,-13.5,-1.2,stop
2025-04-21 15:30:00,2025-04-21 15:31:00,short,5146.75,5149.25,5149.0,5145.0,-13.5,-1.2,stop
2025-04-22 10:00:00,2025-04-22 10:01:00,long,5266.5,5264.0,5264.25,5268.25,-13.5,-1.2,stop
2025-04-22 11:00:00,2025-04-22 11:02:00,long,5293.5,5291.0,5291.25,5295.25,-13.5,-1.2,stop
2025-04-22 13:30:00,2025-04-22 13:31:00,short,5268.75,5271.25,5271.0,5267.0,-13.5,-1.2,stop
2025-04-22 15:00:00,2025-04-22 15:01:00,long,5316.25,5313.75,5314.0,5318.0,-13.5,-1.2,stop
2025-04-22 15:30:00,2025-04-22 15:31:00,long,5295.25,5292.75,5293.0,5297.0,-13.5,-1.2,stop
2025-04-23 10:30:00,2025-04-23 10:31:00,long,5488.5,5486.0,5486.25,5490.25,-13.5,-1.2,stop
2025-04-23 11:00:00,2025-04-23 11:01:00,short,5468.5,5471.0,5470.75,5466.75,-13.5,-1.2,stop
2025-04-24 10:00:00,2025-04-24 10:01:00,long,5442.5,5444.25,5440.25,5444.25,7.75,0.6888888888888889,target
2025-04-24 13:30:00,2025-04-24 13:31:00,long,5501.25,5498.75,5499.0,5503.0,-13.5,-1.2,stop
2025-04-24 14:00:00,2025-04-24 14:01:00,long,5501.0,5502.75,5498.75,5502.75,7.75,0.6888888888888889,target
2025-04-24 14:30:00,2025-04-24 14:32:00,long,5505.75,5503.25,5503.5,5507.5,-13.5,-1.2,stop
2025-04-24 15:30:00,2025-04-24 15:31:00,long,5497.0,5498.75,5494.75,5498.75,7.75,0.6888888888888889,target
2025-04-25 10:30:00,2025-04-25 10:31:00,short,5486.0,5484.25,5488.25,5484.25,7.75,0.6888888888888889,target
2025-04-25 11:00:00,2025-04-25 11:01:00,short,5502.5,5505.0,5504.75,5500.75,-13.5,-1.2,stop
2025-04-25 11:30:00,2025-04-25 11:31:00,long,5510.25,5507.75,5508.0,5512.0,-13.5,-1.2,stop
2025-04-25 15:00:00,2025-04-25 15:01:00,long,5543.25,5545.0,5541.0,5545.0,7.75,0.6888888888888889,target
2025-04-28 10:00:00,2025-04-28 10:01:00,short,5541.75,5540.0,5544.0,5540.0,7.75,0.6888888888888889,target
2025-04-28 10:30:00,2025-04-28 10:31:00,short,5546.5,5544.75,5548.75,5544.75,7.75,0.6888888888888889,target
2025-04-28 13:30:00,2025-04-28 13:31:00,short,5494.5,5497.0,5496.75,5492.75,-13.5,-1.2,stop
2025-04-29 11:00:00,2025-04-29 11:01:00,long,5573.75,5571.25,5571.5,5575.5,-13.5,-1.2,stop
2025-04-29 13:30:00,2025-04-29 13:34:00,long,5570.0,5567.5,5567.75,5571.75,-13.5,-1.2,stop
2025-04-29 14:00:00,2025-04-29 14:02:00,long,5591.25,5593.0,5589.0,5593.0,7.75,0.6888888888888889,target
2025-04-29 14:30:00,2025-04-29 14:31:00,long,5593.5,5591.0,5591.25,5595.25,-13.5,-1.2,stop
2025-04-29 15:00:00,2025-04-29 15:01:00,long,5588.75,5590.5,5586.5,5590.5,7.75,0.6888888888888889,target
2025-04-29 15:30:00,2025-04-29 15:32:00,long,5589.5,5587.0,5587.25,5591.25,-13.5,-1.2,stop
2025-04-30 10:30:00,2025-04-30 10:31:00,long,5507.5,5509.25,5505.25,5509.25,7.75,0.6888888888888889,target
2025-04-30 11:00:00,2025-04-30 11:01:00,long,5520.5,5518.0,5518.25,5522.25,-13.5,-1.2,stop
2025-04-30 11:30:00,2025-04-30 11:31:00,long,5531.75,5529.25,5529.5,5533.5,-13.5,-1.2,stop
2025-04-30 14:30:00,2025-04-30 14:31:00,long,5547.5,5545.0,5545.25,5549.25,-13.5,-1.2,stop
2025-04-30 15:00:00,2025-04-30 15:01:00,long,5541.0,5542.75,5538.75,5542.75,7.75,0.6888888888888889,target
2025-04-30 15:30:00,2025-04-30 15:31:00,long,5541.0,5538.5,5538.75,5542.75,-13.5,-1.2,stop
2025-05-02 10:00:00,2025-05-02 10:01:00,short,5673.25,5675.75,5675.5,5671.5,-13.5,-1.2,stop
2025-05-02 11:00:00,2025-05-02 11:02:00,long,5700.0,5697.5,5697.75,5701.75,-13.5,-1.2,stop
2025-05-02 14:00:00,2025-05-02 14:05:00,long,5716.0,5717.75,5713.75,5717.75,7.75,0.6888888888888889,target
2025-05-02 14:30:00,2025-05-02 14:36:00,long,5719.25,5721.0,5717.0,5721.0,7.75,0.6888888888888889,target
2025-05-02 15:30:00,2025-05-02 15:32:00,long,5717.5,5715.0,5715.25,5719.25,-13.5,-1.2,stop
2025-05-05 10:00:00,2025-05-05 10:01:00,long,5677.0,5678.75,5674.75,5678.75,7.75,0.6888888888888889,target
2025-05-05 11:00:00,2025-05-05 11:01:00,long,5689.5,5691.25,5687.25,5691.25,7.75,0.6888888888888889,target
2025-05-05 11:30:00,2025-05-05 11:31:00,long,5689.0,5686.5,5686.75,5690.75,-13.5,-1.2,stop
2025-05-05 13:30:00,2025-05-05 13:31:00,long,5691.25,5693.0,5689.0,5693.0,7.75,0.6888888888888889,target
2025-05-05 14:30:00,2025-05-05 14:34:00,long,5702.5,5704.25,5700.25,5704.25,7.75,0.6888888888888889,target
2025-05-05 15:30:00,2025-05-05 15:35:00,long,5687.25,5689.0,5685.0,5689.0,7.75,0.6888888888888889,target
2025-05-06 10:00:00,2025-05-06 10:01:00,short,5609.75,5612.25,5612.0,5608.0,-13.5,-1.2,stop
2025-05-06 11:00:00,2025-05-06 11:01:00,long,5648.5,5650.25,5646.25,5650.25,7.75,0.6888888888888889,target
2025-05-06 14:30:00,2025-05-06 14:35:00,long,5643.25,5640.75,5641.0,5645.0,-13.5,-1.2,stop
2025-05-06 15:30:00,2025-05-06 15:31:00,long,5648.25,5645.75,5646.0,5650.0,-13.5,-1.2,stop
2025-05-07 11:00:00,2025-05-07 11:01:00,short,5628.25,5626.5,5630.5,5626.5,7.75,0.6888888888888889,target
2025-05-07 11:30:00,2025-05-07 11:31:00,short,5627.5,5630.0,5629.75,5625.75,-13.5,-1.2,stop
2025-05-07 13:30:00,2025-05-07 13:32:00,long,5650.0,5647.5,5647.75,5651.75,-13.5,-1.2,stop
2025-05-07 14:30:00,2025-05-07 14:31:00,short,5614.0,5616.5,5616.25,5612.25,-13.5,-1.2,stop
2025-05-08 14:00:00,2025-05-08 14:01:00,long,5716.5,5714.0,5714.25,5718.25,-13.5,-1.2,stop
2025-05-08 14:30:00,2025-05-08 14:31:00,long,5720.0,5721.75,5717.75,5721.75,7.75,0.6888888888888889,target
2025-05-08 15:30:00,2025-05-08 15:31:00,long,5728.75,5726.25,5726.5,5730.5,-13.5,-1.2,stop
2025-05-09 10:00:00,2025-05-09 10:01:00,long,5705.75,5707.5,5703.5,5707.5,7.75,0.6888888888888889,target
2025-05-09 11:30:00,2025-05-09 11:31:00,short,5677.5,5675.75,5679.75,5675.75,7.75,0.6888888888888889,target
2025-05-09 13:30:00,2025-05-09 13:31:00,short,5671.0,5673.5,5673.25,5669.25,-13.5,-1.2,stop
2025-05-09 15:00:00,2025-05-09 15:03:00,long,5684.75,5686.5,5682.5,5686.5,7.75,0.6888888888888889,target
2025-05-09 15:30:00,2025-05-09 15:31:00,short,5679.5,5677.75,5681.75,5677.75,7.75,0.6888888888888889,target
2025-05-12 10:30:00,2025-05-12 10:31:00,short,5811.5,5809.75,5813.75,5809.75,7.75,0.6888888888888889,target
2025-05-12 13:30:00,2025-05-12 13:31:00,long,5852.0,5853.75,5849.75,5853.75,7.75,0.6888888888888889,target
2025-05-12 14:00:00,2025-05-12 14:01:00,long,5852.5,5854.25,5850.25,5854.25,7.75,0.6888888888888889,target
2025-05-12 14:30:00,2025-05-12 14:36:00,long,5857.75,5859.5,5855.5,5859.5,7.75,0.6888888888888889,target
2025-05-13 10:30:00,2025-05-13 10:31:00,long,5905.25,5907.0,5903.0,5907.0,7.75,0.6888888888888889,target
2025-05-13 13:30:00,2025-05-13 13:31:00,long,5921.25,5923.0,5919.0,5923.0,7.75,0.6888888888888889,target
2025-05-13 14:30:00,2025-05-13 14:31:00,long,5916.25,5913.75,5914.0,5918.0,-13.5,-1.2,stop
2025-05-13 15:30:00,2025-05-13 15:33:00,long,5922.25,5924.0,5920.0,5924.0,7.75,0.6888888888888889,target
2025-05-14 10:00:00,2025-05-14 10:01:00,short,5906.25,5908.75,5908.5,5904.5,-13.5,-1.2,stop
2025-05-14 10:30:00,2025-05-14 10:31:00,long,5910.75,5912.5,5908.5,5912.5,7.75,0.6888888888888889,target
2025-05-14 11:00:00,2025-05-14 11:02:00,short,5908.25,5906.5,5910.5,5906.5,7.75,0.6888888888888889,target
2025-05-14 11:30:00,2025-05-14 11:31:00,long,5915.75,5913.25,5913.5,5917.5,-13.5,-1.2,stop
2025-05-14 14:00:00,2025-05-14 14:02:00,short,5907.75,5906.0,5910.0,5906.0,7.75,0.6888888888888889,target
2025-05-15 10:00:00,2025-05-15 10:01:00,long,5898.5,5900.25,5896.25,5900.25,7.75,0.6888888888888889,target
2025-05-15 11:00:00,2025-05-15 11:03:00,long,5901.25,5903.0,5899.0,5903.0,7.75,0.6888888888888889,target
2025-05-15 14:30:00,2025-05-15 14:31:00,long,5932.5,5934.25,5930.25,5934.25,7.75,0.6888888888888889,target
2025-05-15 15:00:00,2025-05-15 15:01:00,long,5932.25,5934.0,5930.0,5934.0,7.75,0.6888888888888889,target
2025-05-15 15:30:00,2025-05-15 15:31:00,long,5927.75,5929.5,5925.5,5929.5,7.75,0.6888888888888889,target
2025-05-16 10:00:00,2025-05-16 10:01:00,short,5938.25,5940.75,5940.5,5936.5,-13.5,-1.2,stop
2025-05-16 10:30:00,2025-05-16 10:32:00,short,5938.25,5940.75,5940.5,5936.5,-13.5,-1.2,stop
2025-05-16 11:00:00,2025-05-16 11:03:00,long,5939.5,5937.0,5937.25,5941.25,-13.5,-1.2,stop
2025-05-16 11:30:00,2025-05-16 11:33:00,long,5944.25,5946.0,5942.0,5946.0,7.75,0.6888888888888889,target
2025-05-16 13:30:00,2025-05-16 13:35:00,long,5965.0,5966.75,5962.75,5966.75,7.75,0.6888888888888889,target
2025-05-16 14:30:00,2025-05-16 14:31:00,long,5967.25,5964.75,5965.0,5969.0,-13.5,-1.2,stop
2025-05-19 11:00:00,2025-05-19 11:01:00,long,5952.5,5954.25,5950.25,5954.25,7.75,0.6888888888888889,target
2025-05-19 11:30:00,2025-05-19 11:31:00,long,5957.75,5959.5,5955.5,5959.5,7.75,0.6888888888888889,target
2025-05-19 13:30:00,2025-05-19 13:31:00,long,5984.0,5981.5,5981.75,5985.75,-13.5,-1.2,stop
2025-05-19 14:30:00,2025-05-19 14:31:00,long,5969.75,5967.25,5967.5,5971.5,-13.5,-1.2,stop
2025-05-19 15:00:00,2025-05-19 15:01:00,long,5977.0,5974.5,5974.75,5978.75,-13.5,-1.2,stop
2025-05-19 15:30:00,2025-05-19 15:31:00,long,5968.75,5970.5,5966.5,5970.5,7.75,0.6888888888888889,target
2025-05-20 10:00:00,2025-05-20 10:01:00,short,5958.5,5956.75,5960.75,5956.75,7.75,0.6888888888888889,target
2025-05-20 11:00:00,2025-05-20 11:01:00,short,5958.75,5957.0,5961.0,5957.0,7.75,0.6888888888888889,target
2025-05-20 11:30:00,2025-05-20 11:32:00,long,5965.75,5963.25,5963.5,5967.5,-13.5,-1.2,stop
2025-05-20 14:00:00,2025-05-20 14:03:00,short,5959.5,5962.0,5961.75,5957.75,-13.5,-1.2,stop
2025-05-20 15:00:00,2025-05-20 15:01:00,short,5935.0,5933.25,5937.25,5933.25,7.75,0.6888888888888889,target
2025-05-21 10:30:00,2025-05-21 10:31:00,long,5930.0,5927.5,5927.75,5931.75,-13.5,-1.2,stop
2025-05-21 13:30:00,2025-05-21 13:31:00,short,5871.75,5874.25,5874.0,5870.0,-13.5,-1.2,stop
2025-05-21 14:00:00,2025-05-21 14:01:00,short,5885.0,5887.5,5887.25,5883.25,-13.5,-1.2,stop
2025-05-22 10:00:00,2025-05-22 10:01:00,long,5872.75,5874.5,5870.5,5874.5,7.75,0.6888888888888889,target
2025-05-22 14:00:00,2025-05-22 14:01:00,long,5883.25,5885.0,5881.0,5885.0,7.75,0.6888888888888889,target
2025-05-22 15:00:00,2025-05-22 15:01:00,long,5887.75,5889.5,5885.5,5889.5,7.75,0.6888888888888889,target
2025-05-23 10:00:00,2025-05-23 10:01:00,long,5794.75,5796.5,5792.5,5796.5,7.75,0.6888888888888889,target
2025-05-23 10:30:00,2025-05-23 10:31:00,long,5806.25,5803.75,5804.0,5808.0,-13.5,-1.2,stop
2025-05-23 11:00:00,2025-05-23 11:01:00,long,5799.75,5801.5,5797.5,5801.5,7.75,0.6888888888888889,target
2025-05-23 11:30:00,2025-05-23 11:32:00,long,5810.75,5812.5,5808.5,5812.5,7.75,0.6888888888888889,target
2025-05-23 14:00:00,2025-05-23 14:01:00,long,5834.75,5836.5,5832.5,5836.5,7.75,0.6888888888888889,target
2025-05-23 14:30:00,2025-05-23 14:31:00,long,5836.75,5834.25,5834.5,5838.5,-13.5,-1.2,stop
2025-05-26 10:00:00,2025-05-26 10:03:00,short,5884.0,5882.25,5886.25,5882.25,7.75,0.6888888888888889,target
2025-05-26 10:30:00,2025-05-26 10:31:00,short,5880.5,5883.0,5882.75,5878.75,-13.5,-1.2,stop
2025-05-26 11:00:00,2025-05-26 11:04:00,short,5874.25,5872.5,5876.5,5872.5,7.75,0.6888888888888889,target
2025-05-26 11:30:00,2025-05-26 11:35:00,long,5882.75,5884.5,5880.5,5884.5,7.75,0.6888888888888889,target
2025-05-27 10:00:00,2025-05-27 10:04:00,long,5892.75,5894.5,5890.5,5894.5,7.75,0.6888888888888889,target
2025-05-27 10:30:00,2025-05-27 10:36:00,long,5906.0,5903.5,5903.75,5907.75,-13.5,-1.2,stop
2025-05-27 11:00:00,2025-05-27 11:02:00,long,5906.75,5908.5,5904.5,5908.5,7.75,0.6888888888888889,target
2025-05-27 14:00:00,2025-05-27 14:01:00,long,5937.0,5938.75,5934.75,5938.75,7.75,0.6888888888888889,target
2025-05-27 14:30:00,2025-05-27 14:41:00,long,5934.25,5931.75,5932.0,5936.0,-13.5,-1.2,stop
2025-05-28 10:30:00,2025-05-28 10:33:00,short,5925.0,5923.25,5927.25,5923.25,7.75,0.6888888888888889,target
2025-05-28 13:30:00,2025-05-28 13:32:00,short,5926.0,5924.25,5928.25,5924.25,7.75,0.6888888888888889,target
2025-05-28 15:00:00,2025-05-28 15:01:00,short,5920.75,5923.25,5923.0,5919.0,-13.5,-1.2,stop
2025-05-28 15:30:00,2025-05-28 15:32:00,short,5919.25,5917.5,5921.5,5917.5,7.75,0.6888888888888889,target
2025-05-29 10:00:00,2025-05-29 10:01:00,short,5934.0,5936.5,5936.25,5932.25,-13.5,-1.2,stop
2025-05-29 11:00:00,2025-05-29 11:01:00,long,5933.75,5931.25,5931.5,5935.5,-13.5,-1.2,stop
2025-05-29 11:30:00,2025-05-29 11:31:00,short,5926.0,5924.25,5928.25,5924.25,7.75,0.6888888888888889,target
2025-05-30 10:00:00,2025-05-30 10:01:00,long,5901.0,5902.75,5898.75,5902.75,7.75,0.6888888888888889,target
2025-05-30 11:00:00,2025-05-30 11:04:00,long,5910.0,5907.5,5907.75,5911.75,-13.5,-1.2,stop
2025-05-30 11:30:00,2025-05-30 11:32:00,long,5914.25,5911.75,5912.0,5916.0,-13.5,-1.2,stop
2025-05-30 15:00:00,2025-05-30 15:02:00,long,5910.0,5911.75,5907.75,5911.75,7.75,0.6888888888888889,target
2025-06-02 10:00:00,2025-06-02 10:01:00,short,5873.0,5875.5,5875.25,5871.25,-13.5,-1.2,stop
2025-06-02 11:00:00,2025-06-02 11:02:00,long,5916.5,5914.0,5914.25,5918.25,-13.5,-1.2,stop
2025-06-02 11:30:00,2025-06-02 11:33:00,long,5906.75,5904.25,5904.5,5908.5,-13.5,-1.2,stop
2025-06-02 13:30:00,2025-06-02 13:31:00,long,5922.25,5919.75,5920.0,5924.0,-13.5,-1.2,stop
2025-06-02 15:00:00,2025-06-02 15:04:00,long,5940.75,5942.5,5938.5,5942.5,7.75,0.6888888888888889,target
2025-06-03 10:00:00,2025-06-03 10:02:00,long,5948.5,5950.25,5946.25,5950.25,7.75,0.6888888888888889,target
2025-06-03 11:00:00,2025-06-03 11:03:00,long,5965.5,5967.25,5963.25,5967.25,7.75,0.6888888888888889,target
2025-06-03 11:30:00,2025-06-03 11:36:00,long,5971.0,5972.75,5968.75,5972.75,7.75,0.6888888888888889,target
2025-06-03 14:30:00,2025-06-03 14:35:00,long,5984.0,5981.5,5981.75,5985.75,-13.5,-1.2,stop
2025-06-03 15:00:00,2025-06-03 15:02:00,long,5985.0,5982.5,5982.75,5986.75,-13.5,-1.2,stop
2025-06-04 10:00:00,2025-06-04 10:01:00,short,5989.25,5991.75,5991.5,5987.5,-13.5,-1.2,stop
2025-06-04 11:30:00,2025-06-04 11:32:00,short,5987.25,5989.75,5989.5,5985.5,-13.5,-1.2,stop
2025-06-04 14:00:00,2025-06-04 14:06:00,long,5997.0,5998.75,5994.75,5998.75,7.75,0.6888888888888889,target
2025-06-04 15:00:00,2025-06-04 15:01:00,short,5988.5,5991.0,5990.75,5986.75,-13.5,-1.2,stop
2025-06-04 15:30:00,2025-06-04 15:32:00,long,5991.75,5989.25,5989.5,5993.5,-13.5,-1.2,stop
2025-06-05 11:00:00,2025-06-05 11:01:00,long,5992.25,5994.0,5990.0,5994.0,7.75,0.6888888888888889,target
2025-06-05 11:30:00,2025-06-05 11:35:00,long,6006.0,6003.5,6003.75,6007.75,-13.5,-1.2,stop
2025-06-05 13:30:00,2025-06-05 13:34:00,long,5985.25,5987.0,5983.0,5987.0,7.75,0.6888888888888889,target
2025-06-05 14:30:00,2025-06-05 14:31:00,short,5970.75,5973.25,5973.0,5969.0,-13.5,-1.2,stop
2025-06-06 10:30:00,2025-06-06 10:32:00,short,6007.25,6005.5,6009.5,6005.5,7.75,0.6888888888888889,target
2025-06-06 14:00:00,2025-06-06 14:02:00,long,6010.75,6012.5,6008.5,6012.5,7.75,0.6888888888888889,target
2025-06-06 14:30:00,2025-06-06 14:31:00,long,6014.25,6016.0,6012.0,6016.0,7.75,0.6888888888888889,target
2025-06-06 15:00:00,2025-06-06 15:01:00,long,6015.75,6013.25,6013.5,6017.5,-13.5,-1.2,stop
2025-06-06 15:30:00,2025-06-06 15:33:00,long,6011.0,6008.5,6008.75,6012.75,-13.5,-1.2,stop
2025-06-09 10:00:00,2025-06-09 10:01:00,long,6009.0,6006.5,6006.75,6010.75,-13.5,-1.2,stop
2025-06-09 10:30:00,2025-06-09 10:31:00,long,6014.25,6016.0,6012.0,6016.0,7.75,0.6888888888888889,target
2025-06-09 11:00:00,2025-06-09 11:06:00,long,6011.5,6013.25,6009.25,6013.25,7.75,0.6888888888888889,target
2025-06-09 11:30:00,2025-06-09 11:32:00,long,6009.75,6007.25,6007.5,6011.5,-13.5,-1.2,stop
2025-06-09 14:30:00,2025-06-09 14:35:00,long,6027.0,6024.5,6024.75,6028.75,-13.5,-1.2,stop
2025-06-09 15:00:00,2025-06-09 15:06:00,long,6025.75,6023.25,6023.5,6027.5,-13.5,-1.2,stop
2025-06-10 10:00:00,2025-06-10 10:02:00,long,6021.25,6023.0,6019.0,6023.0,7.75,0.6888888888888889,target
2025-06-10 14:00:00,2025-06-10 14:01:00,short,6022.5,6020.75,6024.75,6020.75,7.75,0.6888888888888889,target
2025-06-10 15:00:00,2025-06-10 15:03:00,long,6041.0,6042.75,6038.75,6042.75,7.75,0.6888888888888889,target
2025-06-11 10:00:00,2025-06-11 10:01:00,long,6052.5,6050.0,6050.25,6054.25,-13.5,-1.2,stop
2025-06-11 11:00:00,2025-06-11 11:08:00,long,6063.0,6060.5,6060.75,6064.75,-13.5,-1.2,stop
2025-06-11 13:30:00,2025-06-11 13:32:00,long,6058.75,6056.25,6056.5,6060.5,-13.5,-1.2,stop
2025-06-11 14:30:00,2025-06-11 14:31:00,short,6013.75,6016.25,6016.0,6012.0,-13.5,-1.2,stop
2025-06-11 15:00:00,2025-06-11 15:01:00,short,6018.0,6020.5,6020.25,6016.25,-13.5,-1.2,stop
2025-06-12 10:30:00,2025-06-12 10:34:00,long,6039.0,6040.75,6036.75,6040.75,7.75,0.6888888888888889,target
2025-06-12 11:00:00,2025-06-12 11:01:00,long,6042.75,6044.5,6040.5,6044.5,7.75,0.6888888888888889,target
2025-06-12 11:30:00,2025-06-12 11:31:00,long,6039.75,6037.25,6037.5,6041.5,-13.5,-1.2,stop
2025-06-12 13:30:00,2025-06-12 13:32:00,long,6046.25,6048.0,6044.0,6048.0,7.75,0.6888888888888889,target
2025-06-12 14:00:00,2025-06-12 14:03:00,long,6046.0,6043.5,6043.75,6047.75,-13.5,-1.2,stop
2025-06-13 13:30:00,2025-06-13 13:31:00,long,6007.75,6009.5,6005.5,6009.5,7.75,0.6888888888888889,target
2025-06-13 14:00:00,2025-06-13 14:02:00,long,6013.0,6010.5,6010.75,6014.75,-13.5,-1.2,stop
2025-06-13 14:30:00,2025-06-13 14:31:00,short,5981.75,5980.0,5984.0,5980.0,7.75,0.6888888888888889,target
2025-06-13 15:00:00,2025-06-13 15:01:00,short,5980.25,5978.5,5982.5,5978.5,7.75,0.6888888888888889,target
2025-06-16 10:00:00,2025-06-16 10:01:00,long,6043.25,6045.0,6041.0,6045.0,7.75,0.6888888888888889,target
2025-06-16 10:30:00,2025-06-16 10:32:00,long,6052.25,6054.0,6050.0,6054.0,7.75,0.6888888888888889,target
2025-06-16 11:30:00,2025-06-16 11:31:00,long,6046.5,6044.0,6044.25,6048.25,-13.5,-1.2,stop
2025-06-16 13:30:00,2025-06-16 13:31:00,long,6047.75,6045.25,6045.5,6049.5,-13.5,-1.2,stop
2025-06-16 14:30:00,2025-06-16 14:35:00,short,6034.75,6033.0,6037.0,6033.0,7.75,0.6888888888888889,target
2025-06-17 10:30:00,2025-06-17 10:34:00,long,6022.5,6020.0,6020.25,6024.25,-13.5,-1.2,stop
2025-06-17 11:00:00,2025-06-17 11:01:00,long,6017.0,6014.5,6014.75,6018.75,-13.5,-1.2,stop
2025-06-17 13:30:00,2025-06-17 13:31:00,short,5998.5,6001.0,6000.75,5996.75,-13.5,-1.2,stop
2025-06-17 14:00:00,2025-06-17 14:01:00,short,5985.25,5983.5,5987.5,5983.5,7.75,0.6888888888888889,target
2025-06-17 15:00:00,2025-06-17 15:02:00,short,5989.0,5987.25,5991.25,5987.25,7.75,0.6888888888888889,target
2025-06-17 15:30:00,2025-06-17 15:31:00,short,5991.0,5989.25,5993.25,5989.25,7.75,0.6888888888888889,target
2025-06-18 10:30:00,2025-06-18 10:31:00,long,6069.5,6071.25,6067.25,6071.25,7.75,0.6888888888888889,target
2025-06-18 11:30:00,2025-06-18 11:31:00,long,6063.25,6065.0,6061.0,6065.0,7.75,0.6888888888888889,target
2025-06-18 13:30:00,2025-06-18 13:31:00,short,6049.0,6047.25,6051.25,6047.25,7.75,0.6888888888888889,target
2025-06-18 14:00:00,2025-06-18 14:01:00,long,6065.75,6063.25,6063.5,6067.5,-13.5,-1.2,stop
2025-06-18 14:30:00,2025-06-18 14:31:00,short,6053.25,6055.75,6055.5,6051.5,-13.5,-1.2,stop
2025-06-18 15:00:00,2025-06-18 15:01:00,short,6028.75,6031.25,6031.0,6027.0,-13.5,-1.2,stop
2025-06-19 11:00:00,2025-06-19 11:08:00,long,5987.75,5985.25,5985.5,5989.5,-13.5,-1.2,stop
2025-06-19 11:30:00,2025-06-19 11:32:00,short,5982.5,5980.75,5984.75,5980.75,7.75,0.6888888888888889,target
2025-06-20 10:30:00,2025-06-20 10:32:00,short,6034.75,6037.25,6037.0,6033.0,-13.5,-1.2,stop
2025-06-20 11:00:00,2025-06-20 11:01:00,short,6012.5,6015.0,6014.75,6010.75,-13.5,-1.2,stop
2025-06-20 13:30:00,2025-06-20 13:31:00,short,6010.0,6012.5,6012.25,6008.25,-13.5,-1.2,stop
2025-06-23 10:00:00,2025-06-23 10:01:00,long,6042.75,6044.5,6040.5,6044.5,7.75,0.6888888888888889,target
2025-06-23 11:30:00,2025-06-23 11:32:00,long,6042.25,6039.75,6040.0,6044.0,-13.5,-1.2,stop
2025-06-23 13:30:00,2025-06-23 13:31:00,long,6058.0,6059.75,6055.75,6059.75,7.75,0.6888888888888889,target
2025-06-23 14:00:00,2025-06-23 14:01:00,long,6062.0,6059.5,6059.75,6063.75,-13.5,-1.2,stop
2025-06-23 14:30:00,2025-06-23 14:31:00,long,6061.5,6063.25,6059.25,6063.25,7.75,0.6888888888888889,target
2025-06-23 15:00:00,2025-06-23 15:01:00,long,6065.0,6066.75,6062.75,6066.75,7.75,0.6888888888888889,target
2025-06-24 10:30:00,2025-06-24 10:31:00,long,6123.25,6125.0,6121.0,6125.0,7.75,0.6888888888888889,target
2025-06-24 11:00:00,2025-06-24 11:02:00,long,6128.0,6129.75,6125.75,6129.75,7.75,0.6888888888888889,target
2025-06-24 13:30:00,2025-06-24 13:31:00,long,6141.5,6143.25,6139.25,6143.25,7.75,0.6888888888888889,target
2025-06-24 14:00:00,2025-06-24 14:01:00,long,6149.75,6151.5,6147.5,6151.5,7.75,0.6888888888888889,target
2025-06-24 15:00:00,2025-06-24 15:02:00,long,6150.5,6152.25,6148.25,6152.25,7.75,0.6888888888888889,target
2025-06-25 10:00:00,2025-06-25 10:01:00,long,6157.75,6155.25,6155.5,6159.5,-13.5,-1.2,stop
2025-06-25 11:30:00,2025-06-25 11:32:00,short,6145.75,6144.0,6148.0,6144.0,7.75,0.6888888888888889,target
2025-06-25 13:30:00,2025-06-25 13:33:00,short,6144.5,6142.75,6146.75,6142.75,7.75,0.6888888888888889,target
2025-06-25 14:00:00,2025-06-25 14:03:00,short,6136.5,6139.0,6138.75,6134.75,-13.5,-1.2,stop
2025-06-25 14:30:00,2025-06-25 14:41:00,short,6138.0,6140.5,6140.25,6136.25,-13.5,-1.2,stop
2025-06-25 15:30:00,2025-06-25 15:31:00,short,6144.75,6143.0,6147.0,6143.0,7.75,0.6888888888888889,target
2025-06-26 10:00:00,2025-06-26 10:01:00,long,6171.25,6168.75,6169.0,6173.0,-13.5,-1.2,stop
2025-06-26 10:30:00,2025-06-26 10:31:00,long,6178.0,6179.75,6175.75,6179.75,7.75,0.6888888888888889,target
2025-06-26 11:00:00,2025-06-26 11:02:00,long,6180.5,6182.25,6178.25,6182.25,7.75,0.6888888888888889,target
2025-06-26 13:30:00,2025-06-26 13:37:00,long,6189.5,6191.25,6187.25,6191.25,7.75,0.6888888888888889,target
2025-06-26 14:30:00,2025-06-26 14:37:00,long,6194.75,6192.25,6192.5,6196.5,-13.5,-1.2,stop
2025-06-26 15:00:00,2025-06-26 15:15:00,long,6192.0,6189.5,6189.75,6193.75,-13.5,-1.2,stop
2025-06-27 10:00:00,2025-06-27 10:03:00,long,6224.5,6226.25,6222.25,6226.25,7.75,0.6888888888888889,target
2025-06-27 11:30:00,2025-06-27 11:32:00,long,6228.75,6230.5,6226.5,6230.5,7.75,0.6888888888888889,target
2025-06-27 13:30:00,2025-06-27 13:33:00,long,6230.0,6227.5,6227.75,6231.75,-13.5,-1.2,stop
2025-06-27 14:00:00,2025-06-27 14:02:00,short,6213.75,6216.25,6216.0,6212.0,-13.5,-1.2,stop
2025-06-27 14:30:00,2025-06-27 14:31:00,short,6194.25,6196.75,6196.5,6192.5,-13.5,-1.2,stop
2025-06-30 10:00:00,2025-06-30 10:01:00,short,6237.25,6239.75,6239.5,6235.5,-13.5,-1.2,stop
2025-06-30 11:30:00,2025-06-30 11:32:00,short,6235.75,6238.25,6238.0,6234.0,-13.5,-1.2,stop
2025-06-30 13:30:00,2025-06-30 13:31:00,short,6238.25,6236.5,6240.5,6236.5,7.75,0.6888888888888889,target
2025-06-30 14:30:00,2025-06-30 14:31:00,short,6233.0,6231.25,6235.25,6231.25,7.75,0.6888888888888889,target
2025-06-30 15:00:00,2025-06-30 15:08:00,long,6245.0,6246.75,6242.75,6246.75,7.75,0.6888888888888889,target
2025-07-01 10:30:00,2025-07-01 10:31:00,long,6245.75,6247.5,6243.5,6247.5,7.75,0.6888888888888889,target
2025-07-01 11:00:00,2025-07-01 11:01:00,short,6235.75,6238.25,6238.0,6234.0,-13.5,-1.2,stop
2025-07-01 11:30:00,2025-07-01 11:31:00,long,6245.75,6247.5,6243.5,6247.5,7.75,0.6888888888888889,target
2025-07-01 14:30:00,2025-07-01 14:32:00,long,6254.0,6255.75,6251.75,6255.75,7.75,0.6888888888888889,target
2025-07-02 10:00:00,2025-07-02 10:04:00,long,6247.5,6249.25,6245.25,6249.25,7.75,0.6888888888888889,target
2025-07-02 10:30:00,2025-07-02 10:36:00,long,6259.5,6261.25,6257.25,6261.25,7.75,0.6888888888888889,target
2025-07-02 11:00:00,2025-07-02 11:07:00,long,6262.0,6259.5,6259.75,6263.75,-13.5,-1.2,stop
2025-07-02 11:30:00,2025-07-02 11:33:00,long,6261.25,6263.0,6259.0,6263.0,7.75,0.6888888888888889,target
2025-07-02 13:30:00,2025-07-02 13:38:00,long,6267.25,6264.75,6265.0,6269.0,-13.5,-1.2,stop
2025-07-02 14:30:00,2025-07-02 14:34:00,long,6268.75,6270.5,6266.5,6270.5,7.75,0.6888888888888889,target
2025-07-03 10:00:00,2025-07-03 10:02:00,long,6315.0,6316.75,6312.75,6316.75,7.75,0.6888888888888889,target
2025-07-03 11:00:00,2025-07-03 11:02:00,long,6323.75,6325.5,6321.5,6325.5,7.75,0.6888888888888889,target
2025-07-03 11:30:00,2025-07-03 11:32:00,long,6326.0,6327.75,6323.75,6327.75,7.75,0.6888888888888889,target
2025-07-04 10:30:00,2025-07-04 10:58:00,long,6291.5,6289.0,6289.25,6293.25,-13.5,-1.2,stop
2025-07-04 11:00:00,2025-07-04 11:08:00,long,6291.75,6289.25,6289.5,6293.5,-13.5,-1.2,gap_stop
2025-07-04 11:30:00,2025-07-04 12:02:00,long,6289.75,6287.25,6287.5,6291.5,-13.5,-1.2,stop
2025-07-07 10:00:00,2025-07-07 10:01:00,short,6303.0,6301.25,6305.25,6301.25,7.75,0.6888888888888889,target
2025-07-07 10:30:00,2025-07-07 10:32:00,short,6296.75,6295.0,6299.0,6295.0,7.75,0.6888888888888889,target
2025-07-07 11:00:00,2025-07-07 11:01:00,short,6288.75,6291.25,6291.0,6287.0,-13.5,-1.2,stop
2025-07-07 11:30:00,2025-07-07 11:31:00,short,6287.0,6289.5,6289.25,6285.25,-13.5,-1.2,stop
2025-07-08 11:00:00,2025-07-08 11:01:00,short,6271.25,6273.75,6273.5,6269.5,-13.5,-1.2,stop
2025-07-08 13:30:00,2025-07-08 13:32:00,long,6277.5,6275.0,6275.25,6279.25,-13.5,-1.2,stop
2025-07-08 14:30:00,2025-07-08 14:32:00,short,6272.0,6274.5,6274.25,6270.25,-13.5,-1.2,stop
2025-07-08 15:30:00,2025-07-08 15:36:00,short,6271.75,6270.0,6274.0,6270.0,7.75,0.6888888888888889,target
2025-07-09 10:00:00,2025-07-09 10:02:00,long,6312.5,6310.0,6310.25,6314.25,-13.5,-1.2,stop
2025-07-09 10:30:00,2025-07-09 10:31:00,short,6295.75,6294.0,6298.0,6294.0,7.75,0.6888888888888889,target
2025-07-09 14:00:00,2025-07-09 14:05:00,long,6294.75,6296.5,6292.5,6296.5,7.75,0.6888888888888889,target
2025-07-09 14:30:00,2025-07-09 14:32:00,long,6296.75,6298.5,6294.5,6298.5,7.75,0.6888888888888889,target
2025-07-09 15:00:00,2025-07-09 15:05:00,long,6302.5,6300.0,6300.25,6304.25,-13.5,-1.2,stop
2025-07-10 10:00:00,2025-07-10 10:02:00,short,6297.25,6299.75,6299.5,6295.5,-13.5,-1.2,stop
2025-07-10 10:30:00,2025-07-10 10:33:00,long,6305.0,6306.75,6302.75,6306.75,7.75,0.6888888888888889,target
2025-07-10 11:00:00,2025-07-10 11:01:00,long,6315.5,6317.25,6313.25,6317.25,7.75,0.6888888888888889,target
2025-07-10 11:30:00,2025-07-10 11:32:00,long,6323.0,6320.5,6320.75,6324.75,-13.5,-1.2,stop
2025-07-10 13:30:00,2025-07-10 13:32:00,long,6328.75,6330.5,6326.5,6330.5,7.75,0.6888888888888889,target
2025-07-10 14:30:00,2025-07-10 14:32:00,long,6333.25,6330.75,6331.0,6335.0,-13.5,-1.2,stop
2025-07-11 10:30:00,2025-07-11 10:34:00,long,6304.5,6306.25,6302.25,6306.25,7.75,0.6888888888888889,target
2025-07-11 11:30:00,2025-07-11 11:34:00,long,6299.25,6301.0,6297.0,6301.0,7.75,0.6888888888888889,target
2025-07-11 13:30:00,2025-07-11 13:31:00,long,6310.0,6307.5,6307.75,6311.75,-13.5,-1.2,stop
2025-07-11 14:00:00,2025-07-11 14:02:00,long,6311.0,6308.5,6308.75,6312.75,-13.5,-1.2,stop
2025-07-11 15:30:00,2025-07-11 15:31:00,long,6309.0,6306.5,6306.75,6310.75,-13.5,-1.2,stop
2025-07-14 10:00:00,2025-07-14 10:01:00,short,6288.25,6286.5,6290.5,6286.5,7.75,0.6888888888888889,target
2025-07-14 11:00:00,2025-07-14 11:01:00,long,6298.0,6299.75,6295.75,6299.75,7.75,0.6888888888888889,target
2025-07-14 14:00:00,2025-07-14 14:06:00,long,6310.75,6312.5,6308.5,6312.5,7.75,0.6888888888888889,target
2025-07-14 14:30:00,2025-07-14 14:43:00,long,6314.5,6312.0,6312.25,6316.25,-13.5,-1.2,stop
2025-07-14 15:00:00,2025-07-14 15:08:00,long,6314.0,6311.5,6311.75,6315.75,-13.5,-1.2,stop
2025-07-15 10:00:00,2025-07-15 10:01:00,short,6318.25,6320.75,6320.5,6316.5,-13.5,-1.2,stop
2025-07-15 14:00:00,2025-07-15 14:03:00,short,6306.0,6308.5,6308.25,6304.25,-13.5,-1.2,stop
2025-07-16 10:30:00,2025-07-16 10:31:00,long,6291.0,6288.5,6288.75,6292.75,-13.5,-1.2,stop
2025-07-16 11:30:00,2025-07-16 11:31:00,short,6265.25,6267.75,6267.5,6263.5,-13.5,-1.2,stop
2025-07-16 13:30:00,2025-07-16 13:34:00,long,6293.25,6290.75,6291.0,6295.0,-13.5,-1.2,stop
2025-07-16 14:30:00,2025-07-16 14:32:00,long,6296.25,6298.0,6294.0,6298.0,7.75,0.6888888888888889,target
2025-07-16 15:00:00,2025-07-16 15:03:00,long,6305.75,6303.25,6303.5,6307.5,-13.5,-1.2,stop
2025-07-17 10:00:00,2025-07-17 10:01:00,long,6320.0,6321.75,6317.75,6321.75,7.75,0.6888888888888889,target
2025-07-17 10:30:00,2025-07-17 10:33:00,long,6317.0,6318.75,6314.75,6318.75,7.75,0.6888888888888889,target
2025-07-17 11:00:00,2025-07-17 11:05:00,long,6320.75,6322.5,6318.5,6322.5,7.75,0.6888888888888889,target
2025-07-17 13:30:00,2025-07-17 13:38:00,long,6331.75,6333.5,6329.5,6333.5,7.75,0.6888888888888889,target
2025-07-17 14:00:00,2025-07-17 14:07:00,long,6336.25,6333.75,6334.0,6338.0,-13.5,-1.2,stop
2025-07-17 14:30:00,2025-07-17 14:31:00,long,6340.25,6337.75,6338.0,6342.0,-13.5,-1.2,stop
2025-07-18 10:00:00,2025-07-18 10:02:00,long,6349.25,6346.75,6347.0,6351.0,-13.5,-1.2,stop
2025-07-18 10:30:00,2025-07-18 10:32:00,short,6331.75,6334.25,6334.0,6330.0,-13.5,-1.2,stop
2025-07-18 11:00:00,2025-07-18 11:01:00,short,6329.25,6327.5,6331.5,6327.5,7.75,0.6888888888888889,target
2025-07-18 15:30:00,2025-07-18 15:32:00,short,6332.25,6330.5,6334.5,6330.5,7.75,0.6888888888888889,target
2025-07-21 10:00:00,2025-07-21 10:05:00,long,6368.0,6365.5,6365.75,6369.75,-13.5,-1.2,stop
2025-07-21 10:30:00,2025-07-21 10:33:00,long,6371.5,6369.0,6369.25,6373.25,-13.5,-1.2,stop
2025-07-21 11:30:00,2025-07-21 11:54:00,long,6372.5,6370.0,6370.25,6374.25,-13.5,-1.2,stop
2025-07-21 13:30:00,2025-07-21 13:41:00,long,6372.75,6370.25,6370.5,6374.5,-13.5,-1.2,stop
2025-07-21 14:00:00,2025-07-21 14:32:00,long,6370.25,6367.75,6368.0,6372.0,-13.5,-1.2,stop
2025-07-21 15:00:00,2025-07-21 15:01:00,short,6361.0,6359.25,6363.25,6359.25,7.75,0.6888888888888889,target
2025-07-22 10:00:00,2025-07-22 10:01:00,short,6322.5,6320.75,6324.75,6320.75,7.75,0.6888888888888889,target
2025-07-22 11:00:00,2025-07-22 11:01:00,long,6337.5,6335.0,6335.25,6339.25,-13.5,-1.2,stop
2025-07-22 11:30:00,2025-07-22 11:33:00,long,6334.75,6336.5,6332.5,6336.5,7.75,0.6888888888888889,target
2025-07-22 13:30:00,2025-07-22 13:31:00,long,6348.5,6346.0,6346.25,6350.25,-13.5,-1.2,stop
2025-07-22 14:00:00,2025-07-22 14:16:00,long,6344.0,6341.5,6341.75,6345.75,-13.5,-1.2,stop
2025-07-22 15:00:00,2025-07-22 15:04:00,long,6351.75,6349.25,6349.5,6353.5,-13.5,-1.2,stop
2025-07-23 10:00:00,2025-07-23 10:01:00,short,6353.75,6356.25,6356.0,6352.0,-13.5,-1.2,stop
2025-07-23 11:00:00,2025-07-23 11:03:00,long,6365.5,6363.0,6363.25,6367.25,-13.5,-1.2,stop
2025-07-23 11:30:00,2025-07-23 11:34:00,long,6366.0,6363.5,6363.75,6367.75,-13.5,-1.2,stop
2025-07-23 13:30:00,2025-07-23 13:39:00,long,6378.5,6380.25,6376.25,6380.25,7.75,0.6888888888888889,target
2025-07-23 14:00:00,2025-07-23 14:03:00,long,6383.5,6385.25,6381.25,6385.25,7.75,0.6888888888888889,target
2025-07-24 10:30:00,2025-07-24 10:36:00,long,6405.0,6406.75,6402.75,6406.75,7.75,0.6888888888888889,target
2025-07-24 11:00:00,2025-07-24 11:16:00,long,6414.25,6411.75,6412.0,6416.0,-13.5,-1.2,stop
2025-07-24 11:30:00,2025-07-24 11:34:00,long,6412.25,6409.75,6410.0,6414.0,-13.5,-1.2,stop
2025-07-24 13:30:00,2025-07-24 13:41:00,long,6411.5,6409.0,6409.25,6413.25,-13.5,-1.2,stop
2025-07-24 14:00:00,2025-07-24 14:02:00,long,6409.75,6411.5,6407.5,6411.5,7.75,0.6888888888888889,target
2025-07-24 14:30:00,2025-07-24 14:32:00,long,6415.75,6413.25,6413.5,6417.5,-13.5,-1.2,stop
2025-07-25 10:00:00,2025-07-25 10:03:00,long,6408.25,6405.75,6406.0,6410.0,-13.5,-1.2,stop
2025-07-25 13:30:00,2025-07-25 13:32:00,long,6426.75,6428.5,6424.5,6428.5,7.75,0.6888888888888889,target
2025-07-25 14:30:00,2025-07-25 14:51:00,long,6429.75,6427.25,6427.5,6431.5,-13.5,-1.2,gap_stop
2025-07-25 15:30:00,2025-07-25 15:50:00,long,6429.25,6426.75,6427.0,6431.0,-13.5,-1.2,stop
2025-07-28 10:00:00,2025-07-28 10:05:00,long,6429.0,6430.75,6426.75,6430.75,7.75,0.6888888888888889,target
2025-07-28 11:00:00,2025-07-28 11:08:00,short,6426.5,6429.0,6428.75,6424.75,-13.5,-1.2,stop
2025-07-28 11:30:00,2025-07-28 11:32:00,short,6423.5,6426.0,6425.75,6421.75,-13.5,-1.2,stop
2025-07-28 14:30:00,2025-07-28 14:50:00,short,6413.25,6415.75,6415.5,6411.5,-13.5,-1.2,stop
2025-07-28 15:00:00,2025-07-28 15:05:00,short,6414.0,6412.25,6416.25,6412.25,7.75,0.6888888888888889,target
2025-07-29 14:00:00,2025-07-29 14:09:00,short,6408.75,6407.0,6411.0,6407.0,7.75,0.6888888888888889,target
2025-07-29 15:00:00,2025-07-29 15:07:00,short,6406.0,6408.5,6408.25,6404.25,-13.5,-1.2,stop
2025-07-30 10:00:00,2025-07-30 10:06:00,short,6407.5,6410.0,6409.75,6405.75,-13.5,-1.2,stop
2025-07-30 10:30:00,2025-07-30 10:32:00,long,6419.0,6420.75,6416.75,6420.75,7.75,0.6888888888888889,target
2025-07-30 11:00:00,2025-07-30 11:02:00,long,6415.75,6413.25,6413.5,6417.5,-13.5,-1.2,stop
2025-07-30 13:30:00,2025-07-30 13:34:00,long,6415.25,6417.0,6413.0,6417.0,7.75,0.6888888888888889,target
2025-07-30 14:00:00,2025-07-30 14:01:00,long,6421.75,6419.25,6419.5,6423.5,-13.5,-1.2,stop
2025-07-30 15:00:00,2025-07-30 15:01:00,short,6375.25,6377.75,6377.5,6373.5,-13.5,-1.2,stop
2025-07-31 10:00:00,2025-07-31 10:01:00,long,6446.25,6448.0,6444.0,6448.0,7.75,0.6888888888888889,target
2025-07-31 10:30:00,2025-07-31 10:32:00,long,6441.75,6443.5,6439.5,6443.5,7.75,0.6888888888888889,target
2025-07-31 13:30:00,2025-07-31 13:31:00,short,6396.25,6398.75,6398.5,6394.5,-13.5,-1.2,stop
2025-08-01 10:00:00,2025-08-01 10:01:00,short,6250.25,6248.5,6252.5,6248.5,7.75,0.6888888888888889,target
2025-08-01 10:30:00,2025-08-01 10:31:00,long,6281.75,6279.25,6279.5,6283.5,-13.5,-1.2,stop
2025-08-01 11:00:00,2025-08-01 11:01:00,short,6266.5,6264.75,6268.75,6264.75,7.75,0.6888888888888889,target
2025-08-01 15:00:00,2025-08-01 15:01:00,short,6258.0,6260.5,6260.25,6256.25,-13.5,-1.2,stop
2025-08-01 15:30:00,2025-08-01 15:31:00,short,6263.75,6262.0,6266.0,6262.0,7.75,0.6888888888888889,target
2025-08-04 10:00:00,2025-08-04 10:03:00,long,6339.25,6336.75,6337.0,6341.0,-13.5,-1.2,stop
2025-08-04 13:30:00,2025-08-04 13:37:00,long,6350.5,6348.0,6348.25,6352.25,-13.5,-1.2,stop
2025-08-04 14:00:00,2025-08-04 14:05:00,long,6346.75,6348.5,6344.5,6348.5,7.75,0.6888888888888889,target
2025-08-04 15:00:00,2025-08-04 15:02:00,long,6347.0,6344.5,6344.75,6348.75,-13.5,-1.2,stop
2025-08-04 15:30:00,2025-08-04 15:32:00,long,6349.25,6346.75,6347.0,6351.0,-13.5,-1.2,stop
2025-08-05 10:00:00,2025-08-05 10:01:00,short,6358.25,6356.5,6360.5,6356.5,7.75,0.6888888888888889,target
2025-08-05 10:30:00,2025-08-05 10:31:00,short,6342.0,6340.25,6344.25,6340.25,7.75,0.6888888888888889,target
2025-08-05 11:00:00,2025-08-05 11:01:00,short,6320.5,6323.0,6322.75,6318.75,-13.5,-1.2,stop
2025-08-05 11:30:00,2025-08-05 11:31:00,short,6324.0,6326.5,6326.25,6322.25,-13.5,-1.2,stop
2025-08-05 13:30:00,2025-08-05 13:31:00,long,6344.25,6341.75,6342.0,6346.0,-13.5,-1.2,stop
2025-08-05 14:00:00,2025-08-05 14:01:00,long,6347.25,6344.75,6345.0,6349.0,-13.5,-1.2,stop
2025-08-06 10:00:00,2025-08-06 10:01:00,long,6337.25,6339.0,6335.0,6339.0,7.75,0.6888888888888889,target
2025-08-06 10:30:00,2025-08-06 10:31:00,short,6331.25,6333.75,6333.5,6329.5,-13.5,-1.2,stop
2025-08-06 11:00:00,2025-08-06 11:01:00,long,6354.5,6352.0,6352.25,6356.25,-13.5,-1.2,stop
2025-08-06 11:30:00,2025-08-06 11:32:00,long,6367.0,6368.75,6364.75,6368.75,7.75,0.6888888888888889,target
2025-08-06 14:00:00,2025-08-06 14:02:00,long,6369.5,6371.25,6367.25,6371.25,7.75,0.6888888888888889,target
2025-08-06 15:00:00,2025-08-06 15:04:00,long,6372.0,6373.75,6369.75,6373.75,7.75,0.6888888888888889,target
2025-08-07 10:00:00,2025-08-07 10:01:00,long,6410.5,6408.0,6408.25,6412.25,-13.5,-1.2,stop
2025-08-07 10:30:00,2025-08-07 10:31:00,short,6377.25,6379.75,6379.5,6375.5,-13.5,-1.2,stop
2025-08-07 13:30:00,2025-08-07 13:31:00,short,6342.5,6340.75,6344.75,6340.75,7.75,0.6888888888888889,target
2025-08-07 14:30:00,2025-08-07 14:31:00,short,6337.75,6340.25,6340.0,6336.0,-13.5,-1.2,stop
2025-08-08 10:00:00,2025-08-08 10:01:00,long,6401.75,6403.5,6399.5,6403.5,7.75,0.6888888888888889,target
2025-08-08 10:30:00,2025-08-08 10:32:00,long,6409.0,6410.75,6406.75,6410.75,7.75,0.6888888888888889,target
2025-08-08 11:00:00,2025-08-08 11:02:00,short,6399.25,6401.75,6401.5,6397.5,-13.5,-1.2,stop
2025-08-08 11:30:00,2025-08-08 11:31:00,short,6398.25,6400.75,6400.5,6396.5,-13.5,-1.2,stop
2025-08-08 13:30:00,2025-08-08 13:31:00,long,6408.5,6410.25,6406.25,6410.25,7.75,0.6888888888888889,target
2025-08-08 14:00:00,2025-08-08 14:03:00,long,6417.25,6419.0,6415.0,6419.0,7.75,0.6888888888888889,target
2025-08-11 10:30:00,2025-08-11 10:31:00,short,6413.0,6415.5,6415.25,6411.25,-13.5,-1.2,stop
2025-08-11 11:00:00,2025-08-11 11:01:00,short,6407.5,6410.0,6409.75,6405.75,-13.5,-1.2,stop
2025-08-11 11:30:00,2025-08-11 11:33:00,short,6410.75,6413.25,6413.0,6409.0,-13.5,-1.2,stop
2025-08-11 14:00:00,2025-08-11 14:02:00,short,6407.25,6409.75,6409.5,6405.5,-13.5,-1.2,stop
2025-08-11 15:30:00,2025-08-11 15:37:00,short,6403.0,6401.25,6405.25,6401.25,7.75,0.6888888888888889,target
2025-08-12 10:00:00,2025-08-12 10:01:00,short,6409.25,6411.75,6411.5,6407.5,-13.5,-1.2,stop
2025-08-12 10:30:00,2025-08-12 10:31:00,long,6434.75,6432.25,6432.5,6436.5,-13.5,-1.2,stop
2025-08-12 11:00:00,2025-08-12 11:01:00,long,6441.0,6442.75,6438.75,6442.75,7.75,0.6888888888888889,target
2025-08-12 14:00:00,2025-08-12 14:07:00,long,6463.25,6465.0,6461.0,6465.0,7.75,0.6888888888888889,target
2025-08-12 15:00:00,2025-08-12 15:05:00,long,6461.75,6463.5,6459.5,6463.5,7.75,0.6888888888888889,target
2025-08-12 15:30:00,2025-08-12 15:37:00,long,6465.5,6467.25,6463.25,6467.25,7.75,0.6888888888888889,target
2025-08-13 10:00:00,2025-08-13 10:04:00,short,6493.25,6491.5,6495.5,6491.5,7.75,0.6888888888888889,target
2025-08-13 10:30:00,2025-08-13 10:31:00,short,6481.75,6480.0,6484.0,6480.0,7.75,0.6888888888888889,target
2025-08-13 11:00:00,2025-08-13 11:01:00,short,6477.0,6479.5,6479.25,6475.25,-13.5,-1.2,stop
2025-08-13 13:30:00,2025-08-13 13:31:00,short,6475.5,6473.75,6477.75,6473.75,7.75,0.6888888888888889,target
2025-08-14 10:30:00,2025-08-14 10:31:00,long,6484.5,6486.25,6482.25,6486.25,7.75,0.6888888888888889,target
2025-08-14 15:00:00,2025-08-14 15:07:00,long,6486.25,6488.0,6484.0,6488.0,7.75,0.6888888888888889,target
2025-08-15 10:00:00,2025-08-15 10:01:00,short,6473.25,6475.75,6475.5,6471.5,-13.5,-1.2,stop
2025-08-15 11:00:00,2025-08-15 11:02:00,short,6471.25,6473.75,6473.5,6469.5,-13.5,-1.2,stop
2025-08-15 13:30:00,2025-08-15 13:31:00,long,6480.0,6481.75,6477.75,6481.75,7.75,0.6888888888888889,target
2025-08-15 14:30:00,2025-08-15 14:35:00,long,6482.5,6480.0,6480.25,6484.25,-13.5,-1.2,stop
2025-08-18 10:30:00,2025-08-18 10:31:00,short,6464.5,6467.0,6466.75,6462.75,-13.5,-1.2,stop
2025-08-18 13:30:00,2025-08-18 13:31:00,long,6470.5,6472.25,6468.25,6472.25,7.75,0.6888888888888889,target
2025-08-18 14:00:00,2025-08-18 14:03:00,short,6461.5,6464.0,6463.75,6459.75,-13.5,-1.2,stop
2025-08-19 10:30:00,2025-08-19 10:32:00,short,6464.25,6466.75,6466.5,6462.5,-13.5,-1.2,stop
2025-08-19 11:00:00,2025-08-19 11:01:00,short,6443.0,6441.25,6445.25,6441.25,7.75,0.6888888888888889,target
2025-08-19 11:30:00,2025-08-19 11:31:00,short,6450.25,6452.75,6452.5,6448.5,-13.5,-1.2,stop
2025-08-19 14:00:00,2025-08-19 14:01:00,short,6431.5,6429.75,6433.75,6429.75,7.75,0.6888888888888889,target
2025-08-19 14:30:00,2025-08-19 14:34:00,short,6424.75,6423.0,6427.0,6423.0,7.75,0.6888888888888889,target
2025-08-19 15:00:00,2025-08-19 15:01:00,short,6423.5,6421.75,6425.75,6421.75,7.75,0.6888888888888889,target
2025-08-20 10:30:00,2025-08-20 10:31:00,short,6370.5,6373.0,6372.75,6368.75,-13.5,-1.2,stop
2025-08-20 13:30:00,2025-08-20 13:31:00,long,6401.5,6403.25,6399.25,6403.25,7.75,0.6888888888888889,target
2025-08-20 14:30:00,2025-08-20 14:31:00,short,6391.0,6393.5,6393.25,6389.25,-13.5,-1.2,stop
2025-08-20 15:00:00,2025-08-20 15:02:00,long,6403.5,6401.0,6401.25,6405.25,-13.5,-1.2,stop
2025-08-21 10:00:00,2025-08-21 10:01:00,long,6390.5,6388.0,6388.25,6392.25,-13.5,-1.2,stop
2025-08-21 11:00:00,2025-08-21 11:03:00,long,6405.5,6403.0,6403.25,6407.25,-13.5,-1.2,stop
2025-08-21 11:30:00,2025-08-21 11:31:00,long,6402.25,6399.75,6400.0,6404.0,-13.5,-1.2,stop
2025-08-21 14:30:00,2025-08-21 14:31:00,short,6385.25,6387.75,6387.5,6383.5,-13.5,-1.2,stop
2025-08-21 15:00:00,2025-08-21 15:06:00,long,6394.75,6396.5,6392.5,6396.5,7.75,0.6888888888888889,target
2025-08-22 10:00:00,2025-08-22 10:01:00,long,6458.0,6459.75,6455.75,6459.75,7.75,0.6888888888888889,target
2025-08-22 10:30:00,2025-08-22 10:31:00,long,6477.5,6475.0,6475.25,6479.25,-13.5,-1.2,stop
2025-08-22 11:00:00,2025-08-22 11:01:00,long,6488.75,6490.5,6486.5,6490.5,7.75,0.6888888888888889,target
2025-08-22 11:30:00,2025-08-22 11:32:00,long,6493.75,6495.5,6491.5,6495.5,7.75,0.6888888888888889,target
2025-08-22 14:00:00,2025-08-22 14:02:00,long,6491.75,6489.25,6489.5,6493.5,-13.5,-1.2,stop
2025-08-22 14:30:00,2025-08-22 14:33:00,long,6486.5,6488.25,6484.25,6488.25,7.75,0.6888888888888889,target
2025-08-25 13:30:00,2025-08-25 13:31:00,long,6477.75,6475.25,6475.5,6479.5,-13.5,-1.2,stop
2025-08-25 14:00:00,2025-08-25 14:02:00,short,6472.25,6474.75,6474.5,6470.5,-13.5,-1.2,stop
2025-08-25 14:30:00,2025-08-25 14:45:00,short,6470.5,6468.75,6472.75,6468.75,7.75,0.6888888888888889,target
2025-08-25 15:30:00,2025-08-25 15:48:00,short,6466.0,6464.25,6468.25,6464.25,7.75,0.6888888888888889,target
2025-08-26 10:00:00,2025-08-26 10:06:00,long,6456.0,6453.5,6453.75,6457.75,-13.5,-1.2,stop
2025-08-26 10:30:00,2025-08-26 10:32:00,long,6460.25,6457.75,6458.0,6462.0,-13.5,-1.2,stop
2025-08-26 11:00:00,2025-08-26 11:01:00,short,6454.25,6456.75,6456.5,6452.5,-13.5,-1.2,stop
2025-08-26 14:00:00,2025-08-26 14:07:00,long,6458.5,6460.25,6456.25,6460.25,7.75,0.6888888888888889,target
2025-08-26 14:30:00,2025-08-26 14:41:00,long,6466.0,6467.75,6463.75,6467.75,7.75,0.6888888888888889,target
2025-08-27 10:00:00,2025-08-27 10:02:00,long,6482.25,6484.0,6480.0,6484.0,7.75,0.6888888888888889,target
2025-08-27 10:30:00,2025-08-27 10:45:00,long,6491.25,6488.75,6489.0,6493.0,-13.5,-1.2,stop
2025-08-27 11:00:00,2025-08-27 11:10:00,long,6491.75,6493.5,6489.5,6493.5,7.75,0.6888888888888889,target
2025-08-27 11:30:00,2025-08-27 11:32:00,long,6492.5,6490.0,6490.25,6494.25,-13.5,-1.2,stop
2025-08-27 13:30:00,2025-08-27 13:35:00,long,6493.5,6495.25,6491.25,6495.25,7.75,0.6888888888888889,target
2025-08-27 15:30:00,2025-08-27 15:38:00,long,6496.5,6498.25,6494.25,6498.25,7.75,0.6888888888888889,target
2025-08-28 10:00:00,2025-08-28 10:01:00,short,6484.0,6486.5,6486.25,6482.25,-13.5,-1.2,stop
2025-08-28 11:00:00,2025-08-28 11:05:00,long,6497.5,6495.0,6495.25,6499.25,-13.5,-1.2,stop
2025-08-28 13:30:00,2025-08-28 13:45:00,long,6510.25,6512.0,6508.0,6512.0,7.75,0.6888888888888889,target
2025-08-28 15:00:00,2025-08-28 15:05:00,long,6518.75,6516.25,6516.5,6520.5,-13.5,-1.2,stop
2025-08-29 10:30:00,2025-08-29 10:32:00,short,6470.25,6468.5,6472.5,6468.5,7.75,0.6888888888888889,target
2025-08-29 11:30:00,2025-08-29 11:31:00,short,6465.5,6468.0,6467.75,6463.75,-13.5,-1.2,stop
2025-08-29 14:00:00,2025-08-29 14:04:00,short,6468.25,6466.5,6470.5,6466.5,7.75,0.6888888888888889,target
2025-08-29 15:00:00,2025-08-29 15:01:00,short,6467.0,6469.5,6469.25,6465.25,-13.5,-1.2,stop
2025-08-29 15:30:00,2025-08-29 15:32:00,long,6472.25,6469.75,6470.0,6474.0,-13.5,-1.2,stop
2025-09-01 10:30:00,2025-09-01 11:10:00,long,6480.0,6477.5,6477.75,6481.75,-13.5,-1.2,stop
2025-09-02 10:00:00,2025-09-02 10:01:00,long,6420.75,6422.5,6418.5,6422.5,7.75,0.6888888888888889,target
2025-09-02 11:30:00,2025-09-02 11:35:00,short,6385.5,6383.75,6387.75,6383.75,7.75,0.6888888888888889,target
2025-09-02 13:30:00,2025-09-02 13:32:00,long,6401.75,6403.5,6399.5,6403.5,7.75,0.6888888888888889,target
2025-09-02 14:00:00,2025-09-02 14:02:00,long,6411.0,6408.5,6408.75,6412.75,-13.5,-1.2,stop
2025-09-02 14:30:00,2025-09-02 14:32:00,long,6403.0,6400.5,6400.75,6404.75,-13.5,-1.2,stop
2025-09-02 15:00:00,2025-09-02 15:03:00,long,6408.5,6406.0,6406.25,6410.25,-13.5,-1.2,stop
2025-09-03 10:30:00,2025-09-03 10:31:00,long,6450.25,6452.0,6448.0,6452.0,7.75,0.6888888888888889,target
2025-09-03 11:00:00,2025-09-03 11:06:00,long,6462.25,6464.0,6460.0,6464.0,7.75,0.6888888888888889,target
2025-09-03 14:00:00,2025-09-03 14:01:00,short,6427.25,6429.75,6429.5,6425.5,-13.5,-1.2,stop
2025-09-03 14:30:00,2025-09-03 14:31:00,short,6431.5,6429.75,6433.75,6429.75,7.75,0.6888888888888889,target
2025-09-03 15:00:00,2025-09-03 15:02:00,short,6427.75,6430.25,6430.0,6426.0,-13.5,-1.2,stop
2025-09-04 10:30:00,2025-09-04 10:31:00,long,6472.75,6474.5,6470.5,6474.5,7.75,0.6888888888888889,target
2025-09-04 11:00:00,2025-09-04 11:11:00,long,6479.25,6476.75,6477.0,6481.0,-13.5,-1.2,stop
2025-09-04 14:00:00,2025-09-04 14:15:00,long,6494.75,6496.5,6492.5,6496.5,7.75,0.6888888888888889,target
2025-09-04 15:00:00,2025-09-04 15:07:00,long,6498.25,6500.0,6496.0,6500.0,7.75,0.6888888888888889,target
2025-09-05 10:00:00,2025-09-05 10:01:00,short,6524.0,6522.25,6526.25,6522.25,7.75,0.6888888888888889,target
2025-09-05 10:30:00,2025-09-05 10:31:00,short,6483.0,6485.5,6485.25,6481.25,-13.5,-1.2,stop
2025-09-05 11:30:00,2025-09-05 11:32:00,short,6478.75,6477.0,6481.0,6477.0,7.75,0.6888888888888889,target
2025-09-05 15:00:00,2025-09-05 15:01:00,short,6480.0,6478.25,6482.25,6478.25,7.75,0.6888888888888889,target
2025-09-08 10:00:00,2025-09-08 10:01:00,short,6500.5,6498.75,6502.75,6498.75,7.75,0.6888888888888889,target
2025-09-08 10:30:00,2025-09-08 10:32:00,long,6508.25,6510.0,6506.0,6510.0,7.75,0.6888888888888889,target
2025-09-08 11:00:00,2025-09-08 11:10:00,long,6513.75,6515.5,6511.5,6515.5,7.75,0.6888888888888889,target
2025-09-08 14:00:00,2025-09-08 14:05:00,short,6493.0,6491.25,6495.25,6491.25,7.75,0.6888888888888889,target
2025-09-08 14:30:00,2025-09-08 14:39:00,short,6501.0,6499.25,6503.25,6499.25,7.75,0.6888888888888889,target
2025-09-08 15:00:00,2025-09-08 15:10:00,short,6498.25,6496.5,6500.5,6496.5,7.75,0.6888888888888889,target
2025-09-09 10:00:00,2025-09-09 10:01:00,short,6503.0,6505.5,6505.25,6501.25,-13.5,-1.2,stop
2025-09-09 10:30:00,2025-09-09 10:31:00,short,6503.5,6501.75,6505.75,6501.75,7.75,0.6888888888888889,target
2025-09-09 13:30:00,2025-09-09 13:47:00,long,6513.75,6515.5,6511.5,6515.5,7.75,0.6888888888888889,target
2025-09-09 14:00:00,2025-09-09 14:10:00,long,6515.75,6517.5,6513.5,6517.5,7.75,0.6888888888888889,target
2025-09-09 14:30:00,2025-09-09 14:35:00,long,6516.25,6513.75,6514.0,6518.0,-13.5,-1.2,stop
2025-09-09 15:30:00,2025-09-09 15:37:00,long,6518.75,6516.25,6516.5,6520.5,-13.5,-1.2,stop
2025-09-10 10:00:00,2025-09-10 10:03:00,long,6556.5,6558.25,6554.25,6558.25,7.75,0.6888888888888889,target
2025-09-10 11:00:00,2025-09-10 11:01:00,short,6550.25,6552.75,6552.5,6548.5,-13.5,-1.2,stop
2025-09-10 11:30:00,2025-09-10 11:32:00,short,6542.75,6541.0,6545.0,6541.0,7.75,0.6888888888888889,target
2025-09-10 13:30:00,2025-09-10 13:32:00,short,6538.0,6540.5,6540.25,6536.25,-13.5,-1.2,stop
2025-09-10 14:00:00,2025-09-10 14:09:00,short,6538.75,6537.0,6541.0,6537.0,7.75,0.6888888888888889,target
2025-09-11 10:30:00,2025-09-11 10:32:00,long,6577.0,6578.75,6574.75,6578.75,7.75,0.6888888888888889,target
2025-09-11 11:00:00,2025-09-11 11:02:00,long,6583.25,6585.0,6581.0,6585.0,7.75,0.6888888888888889,target
2025-09-11 11:30:00,2025-09-11 11:36:00,long,6592.75,6590.25,6590.5,6594.5,-13.5,-1.2,stop
2025-09-11 13:30:00,2025-09-11 13:40:00,long,6589.75,6591.5,6587.5,6591.5,7.75,0.6888888888888889,target
2025-09-11 14:00:00,2025-09-11 14:08:00,long,6592.5,6590.0,6590.25,6594.25,-13.5,-1.2,stop
2025-09-11 15:30:00,2025-09-11 15:33:00,long,6595.75,6597.5,6593.5,6597.5,7.75,0.6888888888888889,target
2025-09-12 11:30:00,2025-09-12 11:31:00,short,6588.25,6590.75,6590.5,6586.5,-13.5,-1.2,stop
2025-09-12 13:30:00,2025-09-12 13:35:00,long,6595.25,6592.75,6593.0,6597.0,-13.5,-1.2,stop
2025-09-12 14:30:00,2025-09-12 14:33:00,long,6599.25,6601.0,6597.0,6601.0,7.75,0.6888888888888889,target
2025-09-12 15:00:00,2025-09-12 15:12:00,long,6602.5,6600.0,6600.25,6604.25,-13.5,-1.2,stop
2025-09-15 10:30:00,2025-09-15 10:34:00,long,6620.75,6618.25,6618.5,6622.5,-13.5,-1.2,stop
2025-09-15 15:30:00,2025-09-15 15:41:00,short,6612.25,6614.75,6614.5,6610.5,-13.5,-1.2,stop
2025-09-16 10:00:00,2025-09-16 10:02:00,short,6614.0,6612.25,6616.25,6612.25,7.75,0.6888888888888889,target
2025-09-16 11:00:00,2025-09-16 11:01:00,short,6609.0,6607.25,6611.25,6607.25,7.75,0.6888888888888889,target
2025-09-16 11:30:00,2025-09-16 11:41:00,short,6607.75,6606.0,6610.0,6606.0,7.75,0.6888888888888889,target
2025-09-16 14:00:00,2025-09-16 14:06:00,short,6612.5,6615.0,6614.75,6610.75,-13.5,-1.2,stop
2025-09-16 15:30:00,2025-09-16 15:36:00,short,6612.5,6610.75,6614.75,6610.75,7.75,0.6888888888888889,target
2025-09-17 14:00:00,2025-09-17 14:01:00,long,6672.25,6669.75,6670.0,6674.0,-13.5,-1.2,stop
2025-09-18 10:00:00,2025-09-18 10:01:00,long,6691.75,6693.5,6689.5,6693.5,7.75,0.6888888888888889,target
2025-09-18 10:30:00,2025-09-18 10:31:00,long,6715.75,6717.5,6713.5,6717.5,7.75,0.6888888888888889,target
2025-09-18 11:00:00,2025-09-18 11:01:00,long,6697.5,6699.25,6695.25,6699.25,7.75,0.6888888888888889,target
2025-09-18 11:30:00,2025-09-18 11:31:00,long,6704.75,6706.5,6702.5,6706.5,7.75,0.6888888888888889,target
2025-09-18 13:30:00,2025-09-18 13:32:00,long,6703.0,6700.5,6700.75,6704.75,-13.5,-1.2,stop
2025-09-18 15:00:00,2025-09-18 15:12:00,long,6702.0,6699.5,6699.75,6703.75,-13.5,-1.2,stop
2025-09-19 11:30:00,2025-09-19 11:34:00,short,6688.25,6690.75,6690.5,6686.5,-13.5,-1.2,stop
2025-09-19 13:30:00,2025-09-19 13:40:00,long,6711.5,6713.25,6709.25,6713.25,7.75,0.6888888888888889,target
2025-09-19 15:00:00,2025-09-19 15:01:00,long,6717.25,6719.0,6715.0,6719.0,7.75,0.6888888888888889,target
2025-09-22 11:00:00,2025-09-22 11:01:00,long,6735.5,6737.25,6733.25,6737.25,7.75,0.6888888888888889,target
2025-09-22 13:30:00,2025-09-22 13:34:00,long,6750.0,6747.5,6747.75,6751.75,-13.5,-1.2,stop
2025-09-22 14:00:00,2025-09-22 14:03:00,long,6748.75,6746.25,6746.5,6750.5,-13.5,-1.2,stop
2025-09-22 14:30:00,2025-09-22 14:39:00,long,6750.5,6752.25,6748.25,6752.25,7.75,0.6888888888888889,target
2025-09-22 15:00:00,2025-09-22 15:11:00,long,6753.25,6755.0,6751.0,6755.0,7.75,0.6888888888888889,target
2025-09-22 15:30:00,2025-09-22 15:36:00,long,6756.0,6753.5,6753.75,6757.75,-13.5,-1.2,stop
2025-09-23 10:00:00,2025-09-23 10:01:00,short,6750.5,6753.0,6752.75,6748.75,-13.5,-1.2,stop
2025-09-23 10:30:00,2025-09-23 10:34:00,short,6748.5,6746.75,6750.75,6746.75,7.75,0.6888888888888889,target
2025-09-23 11:00:00,2025-09-23 11:08:00,short,6744.5,6742.75,6746.75,6742.75,7.75,0.6888888888888889,target
2025-09-23 14:00:00,2025-09-23 14:02:00,short,6712.0,6714.5,6714.25,6710.25,-13.5,-1.2,stop
2025-09-24 10:00:00,2025-09-24 10:03:00,short,6709.75,6712.25,6712.0,6708.0,-13.5,-1.2,stop
2025-09-24 10:30:00,2025-09-24 10:31:00,short,6713.75,6716.25,6716.0,6712.0,-13.5,-1.2,stop
2025-09-24 11:30:00,2025-09-24 11:33:00,short,6708.0,6706.25,6710.25,6706.25,7.75,0.6888888888888889,target
2025-09-24 14:00:00,2025-09-24 14:08:00,short,6686.75,6685.0,6689.0,6685.0,7.75,0.6888888888888889,target
2025-09-24 14:30:00,2025-09-24 14:31:00,short,6684.5,6687.0,6686.75,6682.75,-13.5,-1.2,stop
2025-09-24 15:00:00,2025-09-24 15:02:00,short,6690.75,6689.0,6693.0,6689.0,7.75,0.6888888888888889,target
2025-09-25 11:30:00,2025-09-25 11:31:00,long,6658.0,6655.5,6655.75,6659.75,-13.5,-1.2,stop
2025-09-25 13:30:00,2025-09-25 13:31:00,short,6653.0,6651.25,6655.25,6651.25,7.75,0.6888888888888889,target
2025-09-25 14:00:00,2025-09-25 14:01:00,short,6632.5,6635.0,6634.75,6630.75,-13.5,-1.2,stop
2025-09-25 14:30:00,2025-09-25 14:32:00,short,6650.0,6652.5,6652.25,6648.25,-13.5,-1.2,stop
2025-09-25 15:00:00,2025-09-25 15:01:00,long,6660.75,6658.25,6658.5,6662.5,-13.5,-1.2,stop
2025-09-25 15:30:00,2025-09-25 15:33:00,long,6658.75,6656.25,6656.5,6660.5,-13.5,-1.2,stop
2025-09-26 10:00:00,2025-09-26 10:02:00,long,6700.0,6697.5,6697.75,6701.75,-13.5,-1.2,stop
2025-09-26 10:30:00,2025-09-26 10:31:00,short,6662.25,6660.5,6664.5,6660.5,7.75,0.6888888888888889,target
2025-09-26 14:00:00,2025-09-26 14:05:00,long,6694.0,6691.5,6691.75,6695.75,-13.5,-1.2,stop
2025-09-26 14:30:00,2025-09-26 14:36:00,long,6698.0,6699.75,6695.75,6699.75,7.75,0.6888888888888889,target
2025-09-29 10:00:00,2025-09-29 10:01:00,long,6724.75,6722.25,6722.5,6726.5,-13.5,-1.2,stop
2025-09-29 11:00:00,2025-09-29 11:03:00,short,6722.75,6725.25,6725.0,6721.0,-13.5,-1.2,stop
2025-09-29 13:30:00,2025-09-29 13:32:00,short,6702.5,6700.75,6704.75,6700.75,7.75,0.6888888888888889,target
2025-09-29 15:00:00,2025-09-29 15:06:00,short,6709.25,6707.5,6711.5,6707.5,7.75,0.6888888888888889,target
2025-09-30 10:00:00,2025-09-30 10:01:00,long,6710.0,6707.5,6707.75,6711.75,-13.5,-1.2,stop
2025-09-30 10:30:00,2025-09-30 10:31:00,long,6707.25,6709.0,6705.0,6709.0,7.75,0.6888888888888889,target
2025-09-30 11:00:00,2025-09-30 11:02:00,long,6710.75,6712.5,6708.5,6712.5,7.75,0.6888888888888889,target
2025-09-30 13:30:00,2025-09-30 13:32:00,short,6695.0,6697.5,6697.25,6693.25,-13.5,-1.2,stop
2025-09-30 14:30:00,2025-09-30 14:33:00,long,6716.25,6713.75,6714.0,6718.0,-13.5,-1.2,stop
2025-09-30 15:00:00,2025-09-30 15:02:00,long,6722.0,6723.75,6719.75,6723.75,7.75,0.6888888888888889,target
2025-10-01 11:00:00,2025-10-01 11:01:00,long,6735.25,6737.0,6733.0,6737.0,7.75,0.6888888888888889,target
2025-10-01 11:30:00,2025-10-01 11:31:00,long,6740.0,6741.75,6737.75,6741.75,7.75,0.6888888888888889,target
2025-10-01 14:00:00,2025-10-01 14:02:00,long,6758.75,6756.25,6756.5,6760.5,-13.5,-1.2,stop
2025-10-01 14:30:00,2025-10-01 14:39:00,long,6764.75,6766.5,6762.5,6766.5,7.75,0.6888888888888889,target
2025-10-01 15:00:00,2025-10-01 15:04:00,long,6767.5,6769.25,6765.25,6769.25,7.75,0.6888888888888889,target
2025-10-02 10:00:00,2025-10-02 10:02:00,short,6766.25,6764.5,6768.5,6764.5,7.75,0.6888888888888889,target
2025-10-02 11:30:00,2025-10-02 11:32:00,short,6749.75,6748.0,6752.0,6748.0,7.75,0.6888888888888889,target
2025-10-02 13:30:00,2025-10-02 13:33:00,short,6757.5,6760.0,6759.75,6755.75,-13.5,-1.2,stop
2025-10-02 14:00:00,2025-10-02 14:07:00,long,6764.0,6765.75,6761.75,6765.75,7.75,0.6888888888888889,target
2025-10-02 15:00:00,2025-10-02 15:05:00,long,6768.25,6770.0,6766.0,6770.0,7.75,0.6888888888888889,target
2025-10-03 10:00:00,2025-10-03 10:01:00,short,6777.25,6775.5,6779.5,6775.5,7.75,0.6888888888888889,target
2025-10-03 10:30:00,2025-10-03 10:31:00,long,6787.25,6789.0,6785.0,6789.0,7.75,0.6888888888888889,target
2025-10-03 14:00:00,2025-10-03 14:01:00,short,6760.75,6763.25,6763.0,6759.0,-13.5,-1.2,stop
2025-10-03 14:30:00,2025-10-03 14:31:00,short,6777.25,6775.5,6779.5,6775.5,7.75,0.6888888888888889,target
2025-10-03 15:30:00,2025-10-03 15:33:00,short,6768.75,6771.25,6771.0,6767.0,-13.5,-1.2,stop
2025-10-06 11:00:00,2025-10-06 11:01:00,long,6781.0,6778.5,6778.75,6782.75,-13.5,-1.2,stop
2025-10-06 14:30:00,2025-10-06 14:37:00,long,6795.75,6797.5,6793.5,6797.5,7.75,0.6888888888888889,target
2025-10-07 10:00:00,2025-10-07 10:01:00,short,6793.5,6791.75,6795.75,6791.75,7.75,0.6888888888888889,target
2025-10-07 11:30:00,2025-10-07 11:31:00,short,6762.0,6764.5,6764.25,6760.25,-13.5,-1.2,stop
2025-10-07 13:30:00,2025-10-07 13:32:00,short,6759.25,6757.5,6761.5,6757.5,7.75,0.6888888888888889,target
2025-10-07 14:00:00,2025-10-07 14:01:00,short,6751.0,6753.5,6753.25,6749.25,-13.5,-1.2,stop
2025-10-07 15:00:00,2025-10-07 15:05:00,short,6760.25,6758.5,6762.5,6758.5,7.75,0.6888888888888889,target
2025-10-08 10:00:00,2025-10-08 10:01:00,long,6777.25,6779.0,6775.0,6779.0,7.75,0.6888888888888889,target
2025-10-08 11:00:00,2025-10-08 11:02:00,long,6790.25,6787.75,6788.0,6792.0,-13.5,-1.2,stop
2025-10-08 14:30:00,2025-10-08 14:36:00,long,6800.0,6797.5,6797.75,6801.75,-13.5,-1.2,stop
2025-10-08 15:30:00,2025-10-08 15:36:00,long,6800.5,6798.0,6798.25,6802.25,-13.5,-1.2,stop
2025-10-09 10:00:00,2025-10-09 10:01:00,short,6786.75,6785.0,6789.0,6785.0,7.75,0.6888888888888889,target
2025-10-09 10:30:00,2025-10-09 10:31:00,short,6779.25,6777.5,6781.5,6777.5,7.75,0.6888888888888889,target
2025-10-09 13:30:00,2025-10-09 13:31:00,short,6763.0,6765.5,6765.25,6761.25,-13.5,-1.2,stop
2025-10-09 14:00:00,2025-10-09 14:01:00,short,6769.75,6768.0,6772.0,6768.0,7.75,0.6888888888888889,target
2025-10-09 14:30:00,2025-10-09 14:33:00,short,6766.0,6764.25,6768.25,6764.25,7.75,0.6888888888888889,target
2025-10-09 15:30:00,2025-10-09 15:33:00,short,6773.5,6776.0,6775.75,6771.75,-13.5,-1.2,stop
2025-10-10 10:00:00,2025-10-10 10:01:00,long,6798.0,6795.5,6795.75,6799.75,-13.5,-1.2,stop
2025-10-10 11:00:00,2025-10-10 11:01:00,short,6737.0,6739.5,6739.25,6735.25,-13.5,-1.2,stop
2025-10-10 11:30:00,2025-10-10 11:31:00,short,6676.25,6678.75,6678.5,6674.5,-13.5,-1.2,stop
2025-10-10 13:30:00,2025-10-10 13:31:00,short,6659.5,6662.0,6661.75,6657.75,-13.5,-1.2,stop
2025-10-10 14:00:00,2025-10-10 14:01:00,short,6653.0,6651.25,6655.25,6651.25,7.75,0.6888888888888889,target
2025-10-13 10:00:00,2025-10-13 10:01:00,long,6696.0,6693.5,6693.75,6697.75,-13.5,-1.2,stop
2025-10-13 10:30:00,2025-10-13 10:31:00,short,6669.25,6671.75,6671.5,6667.5,-13.5,-1.2,stop
2025-10-13 11:30:00,2025-10-13 11:31:00,long,6692.5,6694.25,6690.25,6694.25,7.75,0.6888888888888889,target
2025-10-13 13:30:00,2025-10-13 13:34:00,long,6696.5,6694.0,6694.25,6698.25,-13.5,-1.2,stop
2025-10-13 14:00:00,2025-10-13 14:03:00,long,6697.75,6699.5,6695.5,6699.5,7.75,0.6888888888888889,target
2025-10-13 14:30:00,2025-10-13 14:33:00,long,6707.0,6704.5,6704.75,6708.75,-13.5,-1.2,stop
2025-10-14 11:00:00,2025-10-14 11:01:00,long,6663.25,6665.0,6661.0,6665.0,7.75,0.6888888888888889,target
2025-10-14 11:30:00,2025-10-14 11:31:00,long,6662.5,6660.0,6660.25,6664.25,-13.5,-1.2,stop
2025-10-14 13:30:00,2025-10-14 13:31:00,long,6719.0,6716.5,6716.75,6720.75,-13.5,-1.2,stop
2025-10-14 14:30:00,2025-10-14 14:32:00,long,6716.5,6714.0,6714.25,6718.25,-13.5,-1.2,stop
2025-10-14 15:00:00,2025-10-14 15:01:00,long,6717.0,6714.5,6714.75,6718.75,-13.5,-1.2,stop
2025-10-15 10:00:00,2025-10-15 10:01:00,long,6751.0,6752.75,6748.75,6752.75,7.75,0.6888888888888889,target
2025-10-15 10:30:00,2025-10-15 10:32:00,long,6761.5,6763.25,6759.25,6763.25,7.75,0.6888888888888889,target
2025-10-15 15:30:00,2025-10-15 15:31:00,short,6714.75,6717.25,6717.0,6713.0,-13.5,-1.2,stop
2025-10-16 11:00:00,2025-10-16 11:01:00,long,6735.75,6737.5,6733.5,6737.5,7.75,0.6888888888888889,target
2025-10-16 11:30:00,2025-10-16 11:31:00,short,6713.75,6716.25,6716.0,6712.0,-13.5,-1.2,stop
2025-10-16 14:00:00,2025-10-16 14:01:00,short,6675.5,6673.75,6677.75,6673.75,7.75,0.6888888888888889,target
2025-10-16 15:00:00,2025-10-16 15:01:00,short,6662.25,6664.75,6664.5,6660.5,-13.5,-1.2,stop
2025-10-16 15:30:00,2025-10-16 15:31:00,short,6648.5,6646.75,6650.75,6646.75,7.75,0.6888888888888889,target
2025-10-17 10:00:00,2025-10-17 10:01:00,short,6657.0,6659.5,6659.25,6655.25,-13.5,-1.2,stop
2025-10-17 14:00:00,2025-10-17 14:01:00,long,6692.0,6689.5,6689.75,6693.75,-13.5,-1.2,stop
2025-10-17 14:30:00,2025-10-17 14:31:00,long,6708.0,6705.5,6705.75,6709.75,-13.5,-1.2,stop
2025-10-17 15:00:00,2025-10-17 15:01:00,long,6705.25,6707.0,6703.0,6707.0,7.75,0.6888888888888889,target
2025-10-20 10:00:00,2025-10-20 10:01:00,long,6750.25,6752.0,6748.0,6752.0,7.75,0.6888888888888889,target
2025-10-20 11:30:00,2025-10-20 11:31:00,long,6771.0,6768.5,6768.75,6772.75,-13.5,-1.2,stop
2025-10-20 14:00:00,2025-10-20 14:02:00,long,6780.0,6781.75,6777.75,6781.75,7.75,0.6888888888888889,target
2025-10-20 15:00:00,2025-10-20 15:02:00,long,6778.5,6780.25,6776.25,6780.25,7.75,0.6888888888888889,target
2025-10-21 10:00:00,2025-10-21 10:02:00,short,6761.75,6760.0,6764.0,6760.0,7.75,0.6888888888888889,target
2025-10-21 11:30:00,2025-10-21 11:35:00,long,6780.5,6778.0,6778.25,6782.25,-13.5,-1.2,stop
2025-10-21 13:30:00,2025-10-21 13:32:00,long,6776.75,6774.25,6774.5,6778.5,-13.5,-1.2,stop
2025-10-21 14:00:00,2025-10-21 14:07:00,long,6782.5,6784.25,6780.25,6784.25,7.75,0.6888888888888889,target
2025-10-21 14:30:00,2025-10-21 14:38:00,long,6783.25,6780.75,6781.0,6785.0,-13.5,-1.2,stop
2025-10-22 10:30:00,2025-10-22 10:31:00,short,6751.25,6749.5,6753.5,6749.5,7.75,0.6888888888888889,target
2025-10-22 11:30:00,2025-10-22 11:31:00,short,6735.25,6733.5,6737.5,6733.5,7.75,0.6888888888888889,target
2025-10-22 13:30:00,2025-10-22 13:31:00,short,6706.75,6709.25,6709.0,6705.0,-13.5,-1.2,stop
2025-10-22 15:00:00,2025-10-22 15:01:00,short,6722.5,6720.75,6724.75,6720.75,7.75,0.6888888888888889,target
2025-10-23 10:30:00,2025-10-23 10:31:00,short,6750.75,6749.0,6753.0,6749.0,7.75,0.6888888888888889,target
2025-10-23 11:00:00,2025-10-23 11:01:00,long,6761.5,6759.0,6759.25,6763.25,-13.5,-1.2,stop
2025-10-23 11:30:00,2025-10-23 11:31:00,long,6761.5,6763.25,6759.25,6763.25,7.75,0.6888888888888889,target
2025-10-23 13:30:00,2025-10-23 13:32:00,long,6769.5,6771.25,6767.25,6771.25,7.75,0.6888888888888889,target
2025-10-23 15:00:00,2025-10-23 15:07:00,long,6785.0,6782.5,6782.75,6786.75,-13.5,-1.2,stop
2025-10-24 10:00:00,2025-10-24 10:01:00,long,6832.0,6829.5,6829.75,6833.75,-13.5,-1.2,stop
2025-10-24 10:30:00,2025-10-24 10:31:00,short,6818.5,6821.0,6820.75,6816.75,-13.5,-1.2,stop
2025-10-24 15:00:00,2025-10-24 15:05:00,long,6838.75,6840.5,6836.5,6840.5,7.75,0.6888888888888889,target
2025-10-27 10:30:00,2025-10-27 10:31:00,long,6887.25,6884.75,6885.0,6889.0,-13.5,-1.2,stop
2025-10-27 11:00:00,2025-10-27 11:03:00,short,6882.5,6885.0,6884.75,6880.75,-13.5,-1.2,stop
2025-10-27 14:30:00,2025-10-27 14:42:00,long,6895.25,6897.0,6893.0,6897.0,7.75,0.6888888888888889,target
2025-10-27 15:30:00,2025-10-27 15:37:00,long,6899.5,6901.25,6897.25,6901.25,7.75,0.6888888888888889,target
2025-10-28 10:00:00,2025-10-28 10:01:00,short,6910.25,6912.75,6912.5,6908.5,-13.5,-1.2,stop
2025-10-28 10:30:00,2025-10-28 10:31:00,long,6917.25,6914.75,6915.0,6919.0,-13.5,-1.2,stop
2025-10-28 11:00:00,2025-10-28 11:03:00,long,6915.75,6913.25,6913.5,6917.5,-13.5,-1.2,stop
2025-10-28 11:30:00,2025-10-28 11:34:00,short,6909.5,6907.75,6911.75,6907.75,7.75,0.6888888888888889,target
2025-10-28 13:30:00,2025-10-28 13:33:00,long,6927.0,6924.5,6924.75,6928.75,-13.5,-1.2,stop
2025-10-28 14:00:00,2025-10-28 14:13:00,long,6932.25,6934.0,6930.0,6934.0,7.75,0.6888888888888889,target
2025-10-29 13:30:00,2025-10-29 13:35:00,short,6931.5,6934.0,6933.75,6929.75,-13.5,-1.2,stop
2025-10-29 14:30:00,2025-10-29 14:31:00,short,6933.0,6935.5,6935.25,6931.25,-13.5,-1.2,stop
2025-10-30 10:00:00,2025-10-30 10:01:00,long,6909.0,6906.5,6906.75,6910.75,-13.5,-1.2,stop
2025-10-30 10:30:00,2025-10-30 10:31:00,long,6895.25,6892.75,6893.0,6897.0,-13.5,-1.2,stop
2025-10-30 11:00:00,2025-10-30 11:01:00,long,6900.25,6902.0,6898.0,6902.0,7.75,0.6888888888888889,target
2025-10-30 13:30:00,2025-10-30 13:35:00,short,6894.0,6892.25,6896.25,6892.25,7.75,0.6888888888888889,target
2025-10-30 15:00:00,2025-10-30 15:01:00,short,6876.5,6874.75,6878.75,6874.75,7.75,0.6888888888888889,target
2025-10-31 10:00:00,2025-10-31 10:02:00,short,6883.75,6886.25,6886.0,6882.0,-13.5,-1.2,stop
2025-10-31 14:30:00,2025-10-31 14:31:00,long,6876.0,6873.5,6873.75,6877.75,-13.5,-1.2,stop
2025-11-03 10:00:00,2025-11-03 10:01:00,short,6871.25,6869.5,6873.5,6869.5,7.75,0.6888888888888889,target
2025-11-03 10:30:00,2025-11-03 10:32:00,short,6850.75,6853.25,6853.0,6849.0,-13.5,-1.2,stop
2025-11-03 11:00:00,2025-11-03 11:01:00,short,6872.75,6875.25,6875.0,6871.0,-13.5,-1.2,stop
2025-11-03 13:30:00,2025-11-03 13:32:00,long,6888.25,6890.0,6886.0,6890.0,7.75,0.6888888888888889,target
2025-11-03 14:30:00,2025-11-03 14:31:00,long,6885.75,6883.25,6883.5,6887.5,-13.5,-1.2,stop
2025-11-03 15:00:00,2025-11-03 15:02:00,long,6886.75,6884.25,6884.5,6888.5,-13.5,-1.2,stop
2025-11-04 11:00:00,2025-11-04 11:01:00,long,6837.25,6834.75,6835.0,6839.0,-13.5,-1.2,stop
2025-11-04 14:30:00,2025-11-04 14:31:00,short,6808.0,6806.25,6810.25,6806.25,7.75,0.6888888888888889,target
2025-11-04 15:30:00,2025-11-04 15:31:00,short,6806.75,6805.0,6809.0,6805.0,7.75,0.6888888888888889,target
2025-11-05 15:00:00,2025-11-05 15:02:00,long,6852.75,6854.5,6850.5,6854.5,7.75,0.6888888888888889,target
2025-11-06 10:00:00,2025-11-06 10:01:00,short,6783.25,6785.75,6785.5,6781.5,-13.5,-1.2,stop
2025-11-06 10:30:00,2025-11-06 10:31:00,short,6789.5,6792.0,6791.75,6787.75,-13.5,-1.2,stop
2025-11-06 11:30:00,2025-11-06 11:31:00,short,6755.75,6758.25,6758.0,6754.0,-13.5,-1.2,stop
2025-11-06 15:30:00,2025-11-06 15:31:00,long,6771.0,6768.5,6768.75,6772.75,-13.5,-1.2,stop
2025-11-07 10:00:00,2025-11-07 10:01:00,short,6699.5,6697.75,6701.75,6697.75,7.75,0.6888888888888889,target
2025-11-07 10:30:00,2025-11-07 10:31:00,long,6705.5,6703.0,6703.25,6707.25,-13.5,-1.2,stop
2025-11-07 13:30:00,2025-11-07 13:31:00,long,6697.75,6699.5,6695.5,6699.5,7.75,0.6888888888888889,target
2025-11-07 14:30:00,2025-11-07 14:31:00,long,6714.5,6716.25,6712.25,6716.25,7.75,0.6888888888888889,target
2025-11-07 15:30:00,2025-11-07 15:31:00,long,6736.25,6733.75,6734.0,6738.0,-13.5,-1.2,stop
2025-11-10 10:00:00,2025-11-10 10:01:00,long,6829.25,6826.75,6827.0,6831.0,-13.5,-1.2,stop
2025-11-10 11:00:00,2025-11-10 11:01:00,short,6801.25,6803.75,6803.5,6799.5,-13.5,-1.2,stop
2025-11-10 13:30:00,2025-11-10 13:32:00,long,6840.25,6842.0,6838.0,6842.0,7.75,0.6888888888888889,target
2025-11-10 14:00:00,2025-11-10 14:02:00,long,6845.25,6842.75,6843.0,6847.0,-13.5,-1.2,stop
2025-11-10 15:00:00,2025-11-10 15:04:00,long,6858.75,6860.5,6856.5,6860.5,7.75,0.6888888888888889,target
2025-11-11 11:30:00,2025-11-11 11:31:00,short,6833.75,6836.25,6836.0,6832.0,-13.5,-1.2,stop
2025-11-11 13:30:00,2025-11-11 13:32:00,long,6873.5,6871.0,6871.25,6875.25,-13.5,-1.2,stop
2025-11-11 14:30:00,2025-11-11 14:32:00,long,6877.0,6874.5,6874.75,6878.75,-13.5,-1.2,stop
2025-11-11 15:00:00,2025-11-11 15:01:00,long,6875.75,6877.5,6873.5,6877.5,7.75,0.6888888888888889,target
2025-11-12 10:30:00,2025-11-12 10:31:00,short,6873.0,6875.5,6875.25,6871.25,-13.5,-1.2,stop
2025-11-12 13:30:00,2025-11-12 13:32:00,long,6879.75,6877.25,6877.5,6881.5,-13.5,-1.2,stop
2025-11-12 14:30:00,2025-11-12 14:31:00,short,6868.25,6866.5,6870.5,6866.5,7.75,0.6888888888888889,target
2025-11-12 15:00:00,2025-11-12 15:01:00,short,6869.25,6867.5,6871.5,6867.5,7.75,0.6888888888888889,target
2025-11-13 10:00:00,2025-11-13 10:01:00,long,6832.5,6830.0,6830.25,6834.25,-13.5,-1.2,stop
2025-11-13 10:30:00,2025-11-13 10:31:00,short,6830.0,6828.25,6832.25,6828.25,7.75,0.6888888888888889,target
2025-11-13 11:30:00,2025-11-13 11:31:00,short,6797.0,6799.5,6799.25,6795.25,-13.5,-1.2,stop
2025-11-13 13:30:00,2025-11-13 13:31:00,short,6766.5,6769.0,6768.75,6764.75,-13.5,-1.2,stop
2025-11-13 14:00:00,2025-11-13 14:01:00,short,6766.5,6764.75,6768.75,6764.75,7.75,0.6888888888888889,target
2025-11-13 14:30:00,2025-11-13 14:31:00,short,6770.5,6773.0,6772.75,6768.75,-13.5,-1.2,stop
2025-11-14 13:30:00,2025-11-14 13:31:00,long,6773.5,6771.0,6771.25,6775.25,-13.5,-1.2,stop
2025-11-14 14:00:00,2025-11-14 14:01:00,long,6773.5,6771.0,6771.25,6775.25,-13.5,-1.2,stop
2025-11-14 14:30:00,2025-11-14 14:31:00,long,6781.75,6779.25,6779.5,6783.5,-13.5,-1.2,stop
2025-11-17 10:00:00,2025-11-17 10:01:00,long,6768.0,6765.5,6765.75,6769.75,-13.5,-1.2,stop
2025-11-17 10:30:00,2025-11-17 10:31:00,long,6759.5,6757.0,6757.25,6761.25,-13.5,-1.2,stop
2025-11-17 13:30:00,2025-11-17 13:31:00,short,6721.75,6720.0,6724.0,6720.0,7.75,0.6888888888888889,target
2025-11-17 14:30:00,2025-11-17 14:31:00,short,6692.75,6691.0,6695.0,6691.0,7.75,0.6888888888888889,target
2025-11-17 15:00:00,2025-11-17 15:01:00,short,6663.0,6661.25,6665.25,6661.25,7.75,0.6888888888888889,target
2025-11-18 11:30:00,2025-11-18 11:31:00,long,6652.0,6653.75,6649.75,6653.75,7.75,0.6888888888888889,target
2025-11-18 13:30:00,2025-11-18 13:31:00,long,6676.0,6673.5,6673.75,6677.75,-13.5,-1.2,stop
2025-11-18 14:00:00,2025-11-18 14:01:00,long,6669.0,6670.75,6666.75,6670.75,7.75,0.6888888888888889,target
2025-11-18 14:30:00,2025-11-18 14:31:00,long,6666.0,6663.5,6663.75,6667.75,-13.5,-1.2,stop
2025-11-18 15:00:00,2025-11-18 15:01:00,long,6684.75,6682.25,6682.5,6686.5,-13.5,-1.2,stop
2025-11-18 15:30:00,2025-11-18 15:31:00,long,6662.5,6660.0,6660.25,6664.25,-13.5,-1.2,stop
2025-11-19 10:00:00,2025-11-19 10:01:00,long,6692.75,6690.25,6690.5,6694.5,-13.5,-1.2,stop
2025-11-19 14:00:00,2025-11-19 14:01:00,short,6656.25,6658.75,6658.5,6654.5,-13.5,-1.2,stop
2025-11-20 10:00:00,2025-11-20 10:01:00,long,6786.75,6788.5,6784.5,6788.5,7.75,0.6888888888888889,target
2025-11-20 10:30:00,2025-11-20 10:31:00,long,6784.75,6782.25,6782.5,6786.5,-13.5,-1.2,stop
2025-11-20 11:00:00,2025-11-20 11:01:00,short,6758.75,6757.0,6761.0,6757.0,7.75,0.6888888888888889,target
2025-11-20 13:30:00,2025-11-20 13:31:00,short,6627.25,6629.75,6629.5,6625.5,-13.5,-1.2,stop
2025-11-20 14:30:00,2025-11-20 14:31:00,short,6596.0,6594.25,6598.25,6594.25,7.75,0.6888888888888889,target
2025-11-20 15:00:00,2025-11-20 15:01:00,short,6610.75,6609.0,6613.0,6609.0,7.75,0.6888888888888889,target
2025-11-21 11:30:00,2025-11-21 11:31:00,long,6593.0,6590.5,6590.75,6594.75,-13.5,-1.2,stop
2025-11-21 13:30:00,2025-11-21 13:31:00,long,6620.25,6622.0,6618.0,6622.0,7.75,0.6888888888888889,target
2025-11-21 14:00:00,2025-11-21 14:01:00,long,6660.0,6657.5,6657.75,6661.75,-13.5,-1.2,stop
2025-11-21 15:00:00,2025-11-21 15:01:00,long,6652.0,6649.5,6649.75,6653.75,-13.5,-1.2,stop
2025-11-24 10:00:00,2025-11-24 10:01:00,long,6677.25,6679.0,6675.0,6679.0,7.75,0.6888888888888889,target
2025-11-24 11:00:00,2025-11-24 11:01:00,long,6698.5,6700.25,6696.25,6700.25,7.75,0.6888888888888889,target
2025-11-24 11:30:00,2025-11-24 11:31:00,long,6711.75,6709.25,6709.5,6713.5,-13.5,-1.2,stop
2025-11-24 14:00:00,2025-11-24 14:02:00,long,6725.25,6727.0,6723.0,6727.0,7.75,0.6888888888888889,target
2025-11-24 15:00:00,2025-11-24 15:01:00,long,6716.25,6718.0,6714.0,6718.0,7.75,0.6888888888888889,target
2025-11-25 10:30:00,2025-11-25 10:31:00,long,6724.25,6721.75,6722.0,6726.0,-13.5,-1.2,stop
2025-11-25 11:00:00,2025-11-25 11:01:00,long,6728.75,6726.25,6726.5,6730.5,-13.5,-1.2,stop
2025-11-25 11:30:00,2025-11-25 11:31:00,long,6735.75,6733.25,6733.5,6737.5,-13.5,-1.2,stop
2025-11-25 13:30:00,2025-11-25 13:32:00,long,6771.75,6769.25,6769.5,6773.5,-13.5,-1.2,stop
2025-11-25 14:00:00,2025-11-25 14:03:00,long,6770.25,6767.75,6768.0,6772.0,-13.5,-1.2,stop
2025-11-25 14:30:00,2025-11-25 14:31:00,long,6764.75,6762.25,6762.5,6766.5,-13.5,-1.2,stop
2025-11-26 10:00:00,2025-11-26 10:01:00,short,6800.25,6802.75,6802.5,6798.5,-13.5,-1.2,stop
2025-11-26 10:30:00,2025-11-26 10:32:00,long,6812.5,6814.25,6810.25,6814.25,7.75,0.6888888888888889,target
2025-11-26 11:00:00,2025-11-26 11:02:00,long,6826.5,6824.0,6824.25,6828.25,-13.5,-1.2,stop
2025-11-26 14:00:00,2025-11-26 14:01:00,long,6835.75,6837.5,6833.5,6837.5,7.75,0.6888888888888889,target
2025-11-26 14:30:00,2025-11-26 14:35:00,long,6842.25,6839.75,6840.0,6844.0,-13.5,-1.2,stop
2025-11-26 15:00:00,2025-11-26 15:01:00,long,6838.75,6840.5,6836.5,6840.5,7.75,0.6888888888888889,target
2025-11-27 10:00:00,2025-11-27 10:12:00,short,6826.5,6829.0,6828.75,6824.75,-13.5,-1.2,stop
2025-11-27 10:30:00,2025-11-27 10:35:00,short,6827.0,6825.25,6829.25,6825.25,7.75,0.6888888888888889,target
2025-11-28 10:00:00,2025-11-28 10:01:00,long,6839.5,6841.25,6837.25,6841.25,7.75,0.6888888888888889,target
2025-12-01 10:00:00,2025-12-01 10:01:00,long,6842.0,6839.5,6839.75,6843.75,-13.5,-1.2,stop
2025-12-01 10:30:00,2025-12-01 10:31:00,short,6820.75,6823.25,6823.0,6819.0,-13.5,-1.2,stop
2025-12-01 11:30:00,2025-12-01 11:31:00,long,6838.5,6840.25,6836.25,6840.25,7.75,0.6888888888888889,target
2025-12-01 13:30:00,2025-12-01 13:45:00,long,6852.75,6854.5,6850.5,6854.5,7.75,0.6888888888888889,target
2025-12-01 14:30:00,2025-12-01 14:32:00,short,6830.5,6828.75,6832.75,6828.75,7.75,0.6888888888888889,target
2025-12-01 15:30:00,2025-12-01 15:31:00,short,6831.5,6829.75,6833.75,6829.75,7.75,0.6888888888888889,target
2025-12-02 10:00:00,2025-12-02 10:01:00,long,6851.0,6852.75,6848.75,6852.75,7.75,0.6888888888888889,target
2025-12-02 11:30:00,2025-12-02 11:31:00,short,6824.0,6822.25,6826.25,6822.25,7.75,0.6888888888888889,target
2025-12-02 14:00:00,2025-12-02 14:01:00,short,6834.25,6836.75,6836.5,6832.5,-13.5,-1.2,stop
2025-12-02 15:00:00,2025-12-02 15:01:00,long,6848.5,6846.0,6846.25,6850.25,-13.5,-1.2,stop
2025-12-02 15:30:00,2025-12-02 15:37:00,long,6852.0,6849.5,6849.75,6853.75,-13.5,-1.2,stop
2025-12-03 10:00:00,2025-12-03 10:02:00,long,6836.25,6838.0,6834.0,6838.0,7.75,0.6888888888888889,target
2025-12-03 11:00:00,2025-12-03 11:01:00,long,6849.0,6850.75,6846.75,6850.75,7.75,0.6888888888888889,target
2025-12-03 11:30:00,2025-12-03 11:31:00,long,6849.25,6851.0,6847.0,6851.0,7.75,0.6888888888888889,target
2025-12-03 13:30:00,2025-12-03 13:40:00,long,6864.75,6866.5,6862.5,6866.5,7.75,0.6888888888888889,target
2025-12-03 14:00:00,2025-12-03 14:02:00,long,6865.25,6867.0,6863.0,6867.0,7.75,0.6888888888888889,target
2025-12-03 15:00:00,2025-12-03 15:05:00,long,6871.5,6869.0,6869.25,6873.25,-13.5,-1.2,stop
2025-12-04 10:30:00,2025-12-04 10:32:00,long,6860.25,6857.75,6858.0,6862.0,-13.5,-1.2,stop
2025-12-04 11:30:00,2025-12-04 11:31:00,short,6853.0,6855.5,6855.25,6851.25,-13.5,-1.2,stop
2025-12-04 13:30:00,2025-12-04 13:33:00,long,6870.25,6867.75,6868.0,6872.0,-13.5,-1.2,stop
2025-12-05 10:30:00,2025-12-05 10:32:00,long,6901.5,6903.25,6899.25,6903.25,7.75,0.6888888888888889,target
2025-12-05 11:30:00,2025-12-05 11:31:00,short,6877.75,6876.0,6880.0,6876.0,7.75,0.6888888888888889,target
2025-12-05 13:30:00,2025-12-05 13:32:00,long,6888.75,6886.25,6886.5,6890.5,-13.5,-1.2,stop
2025-12-05 14:00:00,2025-12-05 14:01:00,short,6880.75,6879.0,6883.0,6879.0,7.75,0.6888888888888889,target
2025-12-05 15:00:00,2025-12-05 15:02:00,short,6882.0,6880.25,6884.25,6880.25,7.75,0.6888888888888889,target
2025-12-05 15:30:00,2025-12-05 15:38:00,short,6878.5,6881.0,6880.75,6876.75,-13.5,-1.2,stop
2025-12-08 10:30:00,2025-12-08 10:31:00,short,6862.5,6865.0,6864.75,6860.75,-13.5,-1.2,stop
2025-12-08 11:00:00,2025-12-08 11:01:00,short,6854.0,6852.25,6856.25,6852.25,7.75,0.6888888888888889,target
2025-12-08 11:30:00,2025-12-08 11:31:00,short,6859.5,6857.75,6861.75,6857.75,7.75,0.6888888888888889,target
2025-12-08 13:30:00,2025-12-08 13:32:00,short,6846.75,6849.25,6849.0,6845.0,-13.5,-1.2,stop
2025-12-08 14:00:00,2025-12-08 14:01:00,short,6840.25,6842.75,6842.5,6838.5,-13.5,-1.2,stop
2025-12-08 15:30:00,2025-12-08 15:34:00,short,6843.5,6841.75,6845.75,6841.75,7.75,0.6888888888888889,target
2025-12-09 10:00:00,2025-12-09 10:01:00,long,6863.75,6861.25,6861.5,6865.5,-13.5,-1.2,stop
2025-12-09 10:30:00,2025-12-09 10:31:00,long,6861.75,6863.5,6859.5,6863.5,7.75,0.6888888888888889,target
2025-12-09 11:00:00,2025-12-09 11:02:00,long,6865.0,6866.75,6862.75,6866.75,7.75,0.6888888888888889,target
2025-12-09 11:30:00,2025-12-09 11:31:00,long,6869.25,6866.75,6867.0,6871.0,-13.5,-1.2,stop
2025-12-09 14:00:00,2025-12-09 14:08:00,short,6858.25,6856.5,6860.5,6856.5,7.75,0.6888888888888889,target
2025-12-09 15:00:00,2025-12-09 15:07:00,short,6854.5,6857.0,6856.75,6852.75,-13.5,-1.2,stop
2025-12-10 11:00:00,2025-12-10 11:02:00,short,6837.25,6835.5,6839.5,6835.5,7.75,0.6888888888888889,target
2025-12-10 13:30:00,2025-12-10 13:32:00,long,6847.75,6849.5,6845.5,6849.5,7.75,0.6888888888888889,target
2025-12-10 14:00:00,2025-12-10 14:01:00,long,6864.0,6861.5,6861.75,6865.75,-13.5,-1.2,stop
2025-12-10 14:30:00,2025-12-10 14:31:00,long,6864.25,6861.75,6862.0,6866.0,-13.5,-1.2,stop
2025-12-10 15:30:00,2025-12-10 15:31:00,long,6900.75,6902.5,6898.5,6902.5,7.75,0.6888888888888889,target
2025-12-11 11:30:00,2025-12-11 11:31:00,long,6867.25,6864.75,6865.0,6869.0,-13.5,-1.2,stop
2025-12-11 13:30:00,2025-12-11 13:32:00,long,6893.25,6890.75,6891.0,6895.0,-13.5,-1.2,stop
2025-12-11 14:00:00,2025-12-11 14:04:00,long,6899.0,6900.75,6896.75,6900.75,7.75,0.6888888888888889,target
2025-12-11 14:30:00,2025-12-11 14:36:00,long,6904.0,6905.75,6901.75,6905.75,7.75,0.6888888888888889,target
2025-12-11 15:00:00,2025-12-11 15:06:00,long,6907.5,6905.0,6905.25,6909.25,-13.5,-1.2,stop
2025-12-11 15:30:00,2025-12-11 15:31:00,long,6901.25,6898.75,6899.0,6903.0,-13.5,-1.2,stop
2025-12-12 10:00:00,2025-12-12 10:01:00,short,6883.75,6886.25,6886.0,6882.0,-13.5,-1.2,stop
2025-12-12 11:30:00,2025-12-12 11:31:00,short,6824.0,6822.25,6826.25,6822.25,7.75,0.6888888888888889,target
2025-12-12 14:00:00,2025-12-12 14:01:00,short,6838.5,6836.75,6840.75,6836.75,7.75,0.6888888888888889,target
2025-12-12 15:00:00,2025-12-12 15:01:00,short,6832.5,6830.75,6834.75,6830.75,7.75,0.6888888888888889,target
2025-12-12 15:30:00,2025-12-12 15:31:00,short,6824.5,6822.75,6826.75,6822.75,7.75,0.6888888888888889,target
2025-12-15 10:00:00,2025-12-15 10:01:00,short,6834.75,6833.0,6837.0,6833.0,7.75,0.6888888888888889,target
2025-12-15 11:00:00,2025-12-15 11:01:00,short,6823.25,6821.5,6825.5,6821.5,7.75,0.6888888888888889,target
2025-12-15 13:30:00,2025-12-15 13:31:00,short,6810.0,6812.5,6812.25,6808.25,-13.5,-1.2,stop
2025-12-15 14:30:00,2025-12-15 14:31:00,short,6820.75,6823.25,6823.0,6819.0,-13.5,-1.2,stop
2025-12-15 15:00:00,2025-12-15 15:02:00,short,6825.75,6824.0,6828.0,6824.0,7.75,0.6888888888888889,target
2025-12-15 15:30:00,2025-12-15 15:31:00,short,6822.75,6821.0,6825.0,6821.0,7.75,0.6888888888888889,target
2025-12-16 11:30:00,2025-12-16 11:31:00,short,6781.0,6783.5,6783.25,6779.25,-13.5,-1.2,stop
2025-12-16 14:00:00,2025-12-16 14:01:00,short,6790.0,6788.25,6792.25,6788.25,7.75,0.6888888888888889,target
2025-12-16 15:00:00,2025-12-16 15:01:00,long,6795.5,6797.25,6793.25,6797.25,7.75,0.6888888888888889,target
2025-12-16 15:30:00,2025-12-16 15:32:00,long,6807.5,6809.25,6805.25,6809.25,7.75,0.6888888888888889,target
2025-12-17 10:00:00,2025-12-17 10:01:00,short,6853.5,6856.0,6855.75,6851.75,-13.5,-1.2,stop
2025-12-17 11:30:00,2025-12-17 11:32:00,short,6804.25,6802.5,6806.5,6802.5,7.75,0.6888888888888889,target
2025-12-17 13:30:00,2025-12-17 13:31:00,short,6796.0,6794.25,6798.25,6794.25,7.75,0.6888888888888889,target
2025-12-17 14:00:00,2025-12-17 14:02:00,short,6786.75,6785.0,6789.0,6785.0,7.75,0.6888888888888889,target
2025-12-17 15:00:00,2025-12-17 15:03:00,short,6792.5,6790.75,6794.75,6790.75,7.75,0.6888888888888889,target
2025-12-17 15:30:00,2025-12-17 15:31:00,short,6786.5,6784.75,6788.75,6784.75,7.75,0.6888888888888889,target
2025-12-18 10:00:00,2025-12-18 10:01:00,long,6847.5,6845.0,6845.25,6849.25,-13.5,-1.2,stop
2025-12-18 10:30:00,2025-12-18 10:31:00,long,6855.25,6857.0,6853.0,6857.0,7.75,0.6888888888888889,target
2025-12-18 11:30:00,2025-12-18 11:31:00,long,6863.5,6865.25,6861.25,6865.25,7.75,0.6888888888888889,target
2025-12-18 13:30:00,2025-12-18 13:32:00,long,6855.5,6857.25,6853.25,6857.25,7.75,0.6888888888888889,target
2025-12-18 14:00:00,2025-12-18 14:02:00,short,6842.5,6840.75,6844.75,6840.75,7.75,0.6888888888888889,target
2025-12-18 15:30:00,2025-12-18 15:31:00,long,6842.75,6840.25,6840.5,6844.5,-13.5,-1.2,stop
2025-12-19 10:00:00,2025-12-19 10:01:00,long,6883.0,6884.75,6880.75,6884.75,7.75,0.6888888888888889,target
2025-12-19 10:30:00,2025-12-19 10:31:00,short,6869.75,6872.25,6872.0,6868.0,-13.5,-1.2,stop
2025-12-19 11:00:00,2025-12-19 11:02:00,short,6870.5,6873.0,6872.75,6868.75,-13.5,-1.2,stop
2025-12-19 11:30:00,2025-12-19 11:35:00,long,6886.5,6884.0,6884.25,6888.25,-13.5,-1.2,stop
2025-12-19 14:00:00,2025-12-19 14:03:00,long,6886.5,6888.25,6884.25,6888.25,7.75,0.6888888888888889,target
2025-12-19 15:00:00,2025-12-19 15:04:00,long,6889.75,6887.25,6887.5,6891.5,-13.5,-1.2,stop
2025-12-22 10:30:00,2025-12-22 10:31:00,long,6921.0,6918.5,6918.75,6922.75,-13.5,-1.2,stop
2025-12-22 11:00:00,2025-12-22 11:03:00,long,6919.5,6921.25,6917.25,6921.25,7.75,0.6888888888888889,target
2025-12-22 11:30:00,2025-12-22 11:32:00,long,6930.5,6928.0,6928.25,6932.25,-13.5,-1.2,stop
2025-12-22 14:00:00,2025-12-22 14:04:00,long,6927.75,6925.25,6925.5,6929.5,-13.5,-1.2,stop
2025-12-22 14:30:00,2025-12-22 14:49:00,long,6931.5,6929.0,6929.25,6933.25,-13.5,-1.2,stop
2025-12-22 15:00:00,2025-12-22 15:07:00,long,6931.5,6929.0,6929.25,6933.25,-13.5,-1.2,stop
2025-12-23 10:00:00,2025-12-23 10:01:00,short,6934.5,6932.75,6936.75,6932.75,7.75,0.6888888888888889,target
2025-12-23 10:30:00,2025-12-23 10:35:00,long,6936.75,6938.5,6934.5,6938.5,7.75,0.6888888888888889,target
2025-12-23 11:00:00,2025-12-23 11:01:00,long,6945.5,6947.25,6943.25,6947.25,7.75,0.6888888888888889,target
2025-12-23 13:30:00,2025-12-23 14:06:00,long,6957.5,6959.25,6955.25,6959.25,7.75,0.6888888888888889,target
2025-12-23 15:00:00,2025-12-23 15:44:00,long,6961.0,6958.5,6958.75,6962.75,-13.5,-1.2,stop
2025-12-24 11:00:00,2025-12-24 11:09:00,long,6975.25,6977.0,6973.0,6977.0,7.75,0.6888888888888889,target
2025-12-26 10:00:00,2025-12-26 10:01:00,short,6982.25,6980.5,6984.5,6980.5,7.75,0.6888888888888889,target
2025-12-26 10:30:00,2025-12-26 10:31:00,long,6985.0,6986.75,6982.75,6986.75,7.75,0.6888888888888889,target
2025-12-26 14:00:00,2025-12-26 14:03:00,short,6977.5,6980.0,6979.75,6975.75,-13.5,-1.2,stop
2025-12-26 15:30:00,2025-12-26 15:38:00,short,6978.0,6980.5,6980.25,6976.25,-13.5,-1.2,stop
2025-12-29 14:00:00,2025-12-29 14:02:00,short,6947.25,6945.5,6949.5,6945.5,7.75,0.6888888888888889,target
2025-12-29 14:30:00,2025-12-29 14:31:00,long,6951.0,6952.75,6948.75,6952.75,7.75,0.6888888888888889,target
2025-12-29 15:30:00,2025-12-29 15:31:00,long,6959.25,6961.0,6957.0,6961.0,7.75,0.6888888888888889,target
2025-12-30 10:30:00,2025-12-30 10:35:00,short,6943.5,6941.75,6945.75,6941.75,7.75,0.6888888888888889,target
2025-12-30 11:00:00,2025-12-30 11:04:00,long,6952.5,6954.25,6950.25,6954.25,7.75,0.6888888888888889,target
2025-12-30 14:00:00,2025-12-30 14:04:00,long,6953.25,6950.75,6951.0,6955.0,-13.5,-1.2,stop
2025-12-30 14:30:00,2025-12-30 14:33:00,long,6954.25,6951.75,6952.0,6956.0,-13.5,-1.2,stop
2025-12-30 15:00:00,2025-12-30 15:06:00,long,6950.75,6948.25,6948.5,6952.5,-13.5,-1.2,stop
2025-12-30 15:30:00,2025-12-30 15:40:00,long,6950.75,6952.5,6948.5,6952.5,7.75,0.6888888888888889,target
2025-12-31 10:30:00,2025-12-31 10:31:00,short,6926.25,6924.5,6928.5,6924.5,7.75,0.6888888888888889,target
2025-12-31 11:30:00,2025-12-31 11:38:00,short,6921.0,6923.5,6923.25,6919.25,-13.5,-1.2,stop
2025-12-31 13:30:00,2025-12-31 13:34:00,short,6925.25,6927.75,6927.5,6923.5,-13.5,-1.2,stop
2025-12-31 14:00:00,2025-12-31 14:03:00,long,6933.25,6935.0,6931.0,6935.0,7.75,0.6888888888888889,target
2025-12-31 14:30:00,2025-12-31 14:32:00,short,6922.0,6920.25,6924.25,6920.25,7.75,0.6888888888888889,target
2025-12-31 15:00:00,2025-12-31 15:01:00,short,6909.0,6907.25,6911.25,6907.25,7.75,0.6888888888888889,target
2026-01-02 10:00:00,2026-01-02 10:01:00,long,6937.0,6938.75,6934.75,6938.75,7.75,0.6888888888888889,target
2026-01-02 10:30:00,2026-01-02 10:31:00,short,6893.25,6891.5,6895.5,6891.5,7.75,0.6888888888888889,target
2026-01-02 11:00:00,2026-01-02 11:01:00,short,6882.0,6880.25,6884.25,6880.25,7.75,0.6888888888888889,target
2026-01-02 13:30:00,2026-01-02 13:38:00,short,6877.25,6879.75,6879.5,6875.5,-13.5,-1.2,stop
2026-01-02 14:30:00,2026-01-02 14:31:00,long,6900.25,6902.0,6898.0,6902.0,7.75,0.6888888888888889,target
2026-01-02 15:00:00,2026-01-02 15:01:00,long,6901.5,6903.25,6899.25,6903.25,7.75,0.6888888888888889,target
2026-01-05 10:00:00,2026-01-05 10:01:00,short,6937.75,6940.25,6940.0,6936.0,-13.5,-1.2,stop
2026-01-05 11:30:00,2026-01-05 11:31:00,long,6955.75,6957.5,6953.5,6957.5,7.75,0.6888888888888889,target
2026-01-05 13:30:00,2026-01-05 13:43:00,long,6953.75,6955.5,6951.5,6955.5,7.75,0.6888888888888889,target
2026-01-05 14:00:00,2026-01-05 14:05:00,long,6956.0,6953.5,6953.75,6957.75,-13.5,-1.2,stop
2026-01-05 14:30:00,2026-01-05 14:35:00,long,6951.25,6948.75,6949.0,6953.0,-13.5,-1.2,stop
2026-01-05 15:30:00,2026-01-05 15:33:00,long,6949.25,6946.75,6947.0,6951.0,-13.5,-1.2,stop
2026-01-06 10:00:00,2026-01-06 10:06:00,long,6970.75,6972.5,6968.5,6972.5,7.75,0.6888888888888889,target
2026-01-06 11:00:00,2026-01-06 11:01:00,short,6957.75,6956.0,6960.0,6956.0,7.75,0.6888888888888889,target
2026-01-06 13:30:00,2026-01-06 13:34:00,long,6977.75,6975.25,6975.5,6979.5,-13.5,-1.2,stop
2026-01-06 14:00:00,2026-01-06 14:13:00,long,6986.5,6988.25,6984.25,6988.25,7.75,0.6888888888888889,target
2026-01-06 15:00:00,2026-01-06 15:03:00,long,6988.25,6990.0,6986.0,6990.0,7.75,0.6888888888888889,target
2026-01-07 10:00:00,2026-01-07 10:01:00,short,6987.5,6985.75,6989.75,6985.75,7.75,0.6888888888888889,target
2026-01-07 10:30:00,2026-01-07 10:32:00,short,6982.0,6984.5,6984.25,6980.25,-13.5,-1.2,stop
2026-01-07 11:00:00,2026-01-07 11:11:00,long,6993.75,6991.25,6991.5,6995.5,-13.5,-1.2,stop
2026-01-07 14:00:00,2026-01-07 14:02:00,long,6995.5,6993.0,6993.25,6997.25,-13.5,-1.2,stop
2026-01-07 15:30:00,2026-01-07 15:31:00,short,6967.0,6965.25,6969.25,6965.25,7.75,0.6888888888888889,target
2026-01-08 10:00:00,2026-01-08 10:01:00,short,6946.25,6944.5,6948.5,6944.5,7.75,0.6888888888888889,target
2026-01-08 11:00:00,2026-01-08 11:01:00,long,6965.5,6963.0,6963.25,6967.25,-13.5,-1.2,stop
2026-01-08 11:30:00,2026-01-08 11:32:00,long,6959.5,6961.25,6957.25,6961.25,7.75,0.6888888888888889,target
2026-01-08 14:00:00,2026-01-08 14:02:00,short,6953.75,6956.25,6956.0,6952.0,-13.5,-1.2,stop
2026-01-08 15:00:00,2026-01-08 15:03:00,short,6954.0,6956.5,6956.25,6952.25,-13.5,-1.2,stop
2026-01-08 15:30:00,2026-01-08 15:35:00,long,6964.25,6966.0,6962.0,6966.0,7.75,0.6888888888888889,target
2026-01-09 10:00:00,2026-01-09 10:01:00,short,6975.5,6978.0,6977.75,6973.75,-13.5,-1.2,stop
2026-01-09 11:00:00,2026-01-09 11:02:00,long,6985.5,6987.25,6983.25,6987.25,7.75,0.6888888888888889,target
2026-01-09 11:30:00,2026-01-09 11:31:00,long,6994.75,6992.25,6992.5,6996.5,-13.5,-1.2,stop
2026-01-09 13:30:00,2026-01-09 13:34:00,long,7005.0,7006.75,7002.75,7006.75,7.75,0.6888888888888889,target
2026-01-09 14:30:00,2026-01-09 14:47:00,long,7013.5,7015.25,7011.25,7015.25,7.75,0.6888888888888889,target
2026-01-12 11:30:00,2026-01-12 11:32:00,long,7007.25,7004.75,7005.0,7009.0,-13.5,-1.2,stop
2026-01-12 14:30:00,2026-01-12 14:31:00,long,7018.25,7020.0,7016.0,7020.0,7.75,0.6888888888888889,target
2026-01-13 11:00:00,2026-01-13 11:03:00,short,6999.5,7002.0,7001.75,6997.75,-13.5,-1.2,stop
2026-01-13 13:30:00,2026-01-13 13:31:00,short,6991.5,6994.0,6993.75,6989.75,-13.5,-1.2,stop
2026-01-13 15:00:00,2026-01-13 15:02:00,short,6990.25,6988.5,6992.5,6988.5,7.75,0.6888888888888889,target
2026-01-13 15:30:00,2026-01-13 15:32:00,short,6982.25,6980.5,6984.5,6980.5,7.75,0.6888888888888889,target
2026-01-14 10:00:00,2026-01-14 10:01:00,short,6941.0,6943.5,6943.25,6939.25,-13.5,-1.2,stop
2026-01-14 10:30:00,2026-01-14 10:32:00,short,6943.5,6946.0,6945.75,6941.75,-13.5,-1.2,stop
2026-01-14 11:30:00,2026-01-14 11:31:00,long,6956.25,6953.75,6954.0,6958.0,-13.5,-1.2,stop
2026-01-14 13:30:00,2026-01-14 13:31:00,short,6937.5,6935.75,6939.75,6935.75,7.75,0.6888888888888889,target
2026-01-14 14:00:00,2026-01-14 14:03:00,short,6942.0,6944.5,6944.25,6940.25,-13.5,-1.2,stop
2026-01-14 15:00:00,2026-01-14 15:01:00,short,6937.25,6935.5,6939.5,6935.5,7.75,0.6888888888888889,target
2026-01-15 10:30:00,2026-01-15 10:34:00,long,7005.75,7007.5,7003.5,7007.5,7.75,0.6888888888888889,target
2026-01-15 11:00:00,2026-01-15 11:01:00,long,7008.25,7010.0,7006.0,7010.0,7.75,0.6888888888888889,target
2026-01-15 13:30:00,2026-01-15 13:31:00,long,7012.0,7013.75,7009.75,7013.75,7.75,0.6888888888888889,target
2026-01-15 14:30:00,2026-01-15 14:31:00,short,6991.75,6990.0,6994.0,6990.0,7.75,0.6888888888888889,target
2026-01-15 15:00:00,2026-01-15 15:02:00,short,6987.75,6990.25,6990.0,6986.0,-13.5,-1.2,stop
2026-01-15 15:30:00,2026-01-15 15:31:00,short,6979.25,6977.5,6981.5,6977.5,7.75,0.6888888888888889,target
2026-01-16 10:00:00,2026-01-16 10:01:00,short,6977.75,6976.0,6980.0,6976.0,7.75,0.6888888888888889,target
2026-01-16 10:30:00,2026-01-16 10:32:00,short,6975.75,6974.0,6978.0,6974.0,7.75,0.6888888888888889,target
2026-01-16 11:30:00,2026-01-16 11:32:00,long,6990.25,6987.75,6988.0,6992.0,-13.5,-1.2,stop
2026-01-16 14:00:00,2026-01-16 14:01:00,long,6987.5,6989.25,6985.25,6989.25,7.75,0.6888888888888889,target
2026-01-16 14:30:00,2026-01-16 14:33:00,long,6983.75,6985.5,6981.5,6985.5,7.75,0.6888888888888889,target
2026-01-16 15:30:00,2026-01-16 15:31:00,short,6981.25,6979.5,6983.5,6979.5,7.75,0.6888888888888889,target
2026-01-19 10:00:00,2026-01-19 10:03:00,long,6900.5,6902.25,6898.25,6902.25,7.75,0.6888888888888889,target
2026-01-19 10:30:00,2026-01-19 10:34:00,long,6900.0,6901.75,6897.75,6901.75,7.75,0.6888888888888889,target
2026-01-19 11:30:00,2026-01-19 11:34:00,long,6903.5,6905.25,6901.25,6905.25,7.75,0.6888888888888889,target
2026-01-20 10:00:00,2026-01-20 10:01:00,short,6872.75,6875.25,6875.0,6871.0,-13.5,-1.2,stop
2026-01-20 10:30:00,2026-01-20 10:31:00,long,6896.75,6898.5,6894.5,6898.5,7.75,0.6888888888888889,target
2026-01-20 11:00:00,2026-01-20 11:01:00,long,6896.25,6898.0,6894.0,6898.0,7.75,0.6888888888888889,target
2026-01-20 13:30:00,2026-01-20 13:31:00,short,6857.5,6860.0,6859.75,6855.75,-13.5,-1.2,stop
2026-01-20 14:30:00,2026-01-20 14:31:00,short,6832.25,6830.5,6834.5,6830.5,7.75,0.6888888888888889,target
2026-01-20 15:00:00,2026-01-20 15:01:00,short,6831.0,6833.5,6833.25,6829.25,-13.5,-1.2,stop
2026-01-21 10:00:00,2026-01-21 10:01:00,long,6884.0,6881.5,6881.75,6885.75,-13.5,-1.2,stop
2026-01-21 10:30:00,2026-01-21 10:31:00,long,6889.75,6891.5,6887.5,6891.5,7.75,0.6888888888888889,target
2026-01-21 14:00:00,2026-01-21 14:01:00,short,6865.25,6867.75,6867.5,6863.5,-13.5,-1.2,stop
2026-01-21 14:30:00,2026-01-21 14:31:00,long,6911.0,6908.5,6908.75,6912.75,-13.5,-1.2,stop
2026-01-22 10:00:00,2026-01-22 10:01:00,short,6931.0,6933.5,6933.25,6929.25,-13.5,-1.2,stop
2026-01-22 10:30:00,2026-01-22 10:31:00,long,6943.0,6940.5,6940.75,6944.75,-13.5,-1.2,stop
2026-01-22 11:00:00,2026-01-22 11:01:00,long,6948.0,6945.5,6945.75,6949.75,-13.5,-1.2,stop
2026-01-22 14:00:00,2026-01-22 14:03:00,long,6960.25,6962.0,6958.0,6962.0,7.75,0.6888888888888889,target
2026-01-22 15:30:00,2026-01-22 15:31:00,short,6937.5,6935.75,6939.75,6935.75,7.75,0.6888888888888889,target
2026-01-23 10:00:00,2026-01-23 10:01:00,long,6943.5,6941.0,6941.25,6945.25,-13.5,-1.2,stop
2026-01-23 10:30:00,2026-01-23 10:32:00,long,6948.75,6946.25,6946.5,6950.5,-13.5,-1.2,stop
2026-01-23 11:00:00,2026-01-23 11:01:00,long,6959.5,6961.25,6957.25,6961.25,7.75,0.6888888888888889,target
2026-01-23 14:30:00,2026-01-23 14:32:00,long,6951.25,6953.0,6949.0,6953.0,7.75,0.6888888888888889,target
2026-01-23 15:30:00,2026-01-23 15:34:00,short,6940.75,6943.25,6943.0,6939.0,-13.5,-1.2,stop
2026-01-26 10:30:00,2026-01-26 10:31:00,long,6979.5,6977.0,6977.25,6981.25,-13.5,-1.2,stop
2026-01-26 13:30:00,2026-01-26 13:36:00,long,6994.5,6992.0,6992.25,6996.25,-13.5,-1.2,stop
2026-01-26 14:30:00,2026-01-26 14:32:00,long,6993.0,6990.5,6990.75,6994.75,-13.5,-1.2,stop
2026-01-26 15:30:00,2026-01-26 15:41:00,long,6991.25,6988.75,6989.0,6993.0,-13.5,-1.2,stop
2026-01-27 10:30:00,2026-01-27 10:32:00,long,7001.75,7003.5,6999.5,7003.5,7.75,0.6888888888888889,target
2026-01-27 11:00:00,2026-01-27 11:12:00,long,7014.5,7016.25,7012.25,7016.25,7.75,0.6888888888888889,target
2026-01-27 11:30:00,2026-01-27 11:31:00,long,7015.5,7017.25,7013.25,7017.25,7.75,0.6888888888888889,target
2026-01-27 13:30:00,2026-01-27 13:33:00,long,7012.25,7014.0,7010.0,7014.0,7.75,0.6888888888888889,target
2026-01-27 14:30:00,2026-01-27 14:40:00,long,7015.75,7013.25,7013.5,7017.5,-13.5,-1.2,stop
2026-01-27 15:00:00,2026-01-27 15:11:00,long,7014.5,7016.25,7012.25,7016.25,7.75,0.6888888888888889,target
2026-01-28 10:00:00,2026-01-28 10:02:00,short,7022.5,7025.0,7024.75,7020.75,-13.5,-1.2,stop
2026-01-28 11:30:00,2026-01-28 11:31:00,short,7009.25,7007.5,7011.5,7007.5,7.75,0.6888888888888889,target
2026-01-29 10:00:00,2026-01-29 10:01:00,short,6956.5,6959.0,6958.75,6954.75,-13.5,-1.2,stop
2026-01-29 14:00:00,2026-01-29 14:01:00,long,6956.75,6954.25,6954.5,6958.5,-13.5,-1.2,stop
2026-01-29 15:00:00,2026-01-29 15:01:00,long,6963.5,6965.25,6961.25,6965.25,7.75,0.6888888888888889,target
2026-01-30 10:30:00,2026-01-30 10:31:00,short,6958.75,6961.25,6961.0,6957.0,-13.5,-1.2,stop
2026-01-30 11:00:00,2026-01-30 11:01:00,short,6968.5,6966.75,6970.75,6966.75,7.75,0.6888888888888889,target
2026-01-30 13:30:00,2026-01-30 13:31:00,short,6938.0,6940.5,6940.25,6936.25,-13.5,-1.2,stop
2026-01-30 14:00:00,2026-01-30 14:01:00,long,6967.25,6964.75,6965.0,6969.0,-13.5,-1.2,stop
2026-01-30 14:30:00,2026-01-30 14:31:00,short,6957.25,6959.75,6959.5,6955.5,-13.5,-1.2,stop
2026-02-02 13:30:00,2026-02-02 13:42:00,long,7010.0,7011.75,7007.75,7011.75,7.75,0.6888888888888889,target
2026-02-02 14:00:00,2026-02-02 14:05:00,long,7013.5,7015.25,7011.25,7015.25,7.75,0.6888888888888889,target
2026-02-02 15:00:00,2026-02-02 15:01:00,long,7007.5,7005.0,7005.25,7009.25,-13.5,-1.2,stop
2026-02-03 10:00:00,2026-02-03 10:01:00,short,6976.0,6974.25,6978.25,6974.25,7.75,0.6888888888888889,target
2026-02-03 10:30:00,2026-02-03 10:31:00,short,6967.0,6969.5,6969.25,6965.25,-13.5,-1.2,stop
2026-02-03 11:00:00,2026-02-03 11:02:00,short,6976.0,6974.25,6978.25,6974.25,7.75,0.6888888888888889,target
2026-02-03 11:30:00,2026-02-03 11:31:00,short,6953.0,6955.5,6955.25,6951.25,-13.5,-1.2,stop
2026-02-03 13:30:00,2026-02-03 13:31:00,short,6907.75,6906.0,6910.0,6906.0,7.75,0.6888888888888889,target
2026-02-03 14:30:00,2026-02-03 14:31:00,short,6905.25,6907.75,6907.5,6903.5,-13.5,-1.2,stop
2026-02-04 10:00:00,2026-02-04 10:01:00,short,6918.25,6916.5,6920.5,6916.5,7.75,0.6888888888888889,target
2026-02-04 11:00:00,2026-02-04 11:01:00,short,6927.25,6925.5,6929.5,6925.5,7.75,0.6888888888888889,target
2026-02-04 11:30:00,2026-02-04 11:31:00,short,6923.25,6925.75,6925.5,6921.5,-13.5,-1.2,stop
2026-02-04 13:30:00,2026-02-04 13:31:00,short,6885.75,6888.25,6888.0,6884.0,-13.5,-1.2,stop
2026-02-04 14:00:00,2026-02-04 14:01:00,short,6888.25,6890.75,6890.5,6886.5,-13.5,-1.2,stop
2026-02-05 10:00:00,2026-02-05 10:01:00,short,6840.5,6838.75,6842.75,6838.75,7.75,0.6888888888888889,target
2026-02-05 11:30:00,2026-02-05 11:31:00,long,6842.25,6839.75,6840.0,6844.0,-13.5,-1.2,stop
2026-02-05 15:00:00,2026-02-05 15:01:00,short,6832.0,6834.5,6834.25,6830.25,-13.5,-1.2,stop
2026-02-06 10:00:00,2026-02-06 10:01:00,long,6891.75,6889.25,6889.5,6893.5,-13.5,-1.2,stop
2026-02-06 11:30:00,2026-02-06 11:31:00,long,6915.5,6913.0,6913.25,6917.25,-13.5,-1.2,stop
2026-02-06 13:30:00,2026-02-06 13:33:00,long,6932.5,6934.25,6930.25,6934.25,7.75,0.6888888888888889,target
2026-02-06 15:30:00,2026-02-06 15:31:00,long,6940.25,6942.0,6938.0,6942.0,7.75,0.6888888888888889,target
2026-02-09 10:00:00,2026-02-09 10:01:00,long,6945.75,6947.5,6943.5,6947.5,7.75,0.6888888888888889,target
2026-02-09 10:30:00,2026-02-09 10:32:00,long,6969.75,6971.5,6967.5,6971.5,7.75,0.6888888888888889,target
2026-02-09 11:00:00,2026-02-09 11:04:00,long,6986.0,6987.75,6983.75,6987.75,7.75,0.6888888888888889,target
2026-02-10 10:30:00,2026-02-10 10:31:00,long,7003.25,7005.0,7001.0,7005.0,7.75,0.6888888888888889,target
2026-02-10 11:00:00,2026-02-10 11:01:00,long,6996.0,6993.5,6993.75,6997.75,-13.5,-1.2,stop
2026-02-10 11:30:00,2026-02-10 11:31:00,short,6986.0,6988.5,6988.25,6984.25,-13.5,-1.2,stop
2026-02-10 14:00:00,2026-02-10 14:01:00,short,6974.5,6977.0,6976.75,6972.75,-13.5,-1.2,stop
2026-02-11 13:30:00,2026-02-11 13:32:00,short,6965.5,6963.75,6967.75,6963.75,7.75,0.6888888888888889,target
2026-02-11 14:00:00,2026-02-11 14:01:00,long,6967.25,6964.75,6965.0,6969.0,-13.5,-1.2,stop
2026-02-11 15:30:00,2026-02-11 15:32:00,short,6960.25,6962.75,6962.5,6958.5,-13.5,-1.2,stop
2026-02-12 10:00:00,2026-02-12 10:01:00,short,6963.75,6966.25,6966.0,6962.0,-13.5,-1.2,stop
2026-02-12 11:00:00,2026-02-12 11:01:00,short,6924.25,6922.5,6926.5,6922.5,7.75,0.6888888888888889,target
2026-02-12 13:30:00,2026-02-12 13:31:00,short,6867.75,6866.0,6870.0,6866.0,7.75,0.6888888888888889,target
2026-02-12 15:30:00,2026-02-12 15:31:00,short,6869.25,6871.75,6871.5,6867.5,-13.5,-1.2,stop
2026-02-13 10:00:00,2026-02-13 10:01:00,long,6844.25,6841.75,6842.0,6846.0,-13.5,-1.2,stop
2026-02-13 10:30:00,2026-02-13 10:31:00,long,6873.75,6871.25,6871.5,6875.5,-13.5,-1.2,stop
2026-02-13 11:00:00,2026-02-13 11:01:00,long,6863.75,6861.25,6861.5,6865.5,-13.5,-1.2,stop
2026-02-13 14:00:00,2026-02-13 14:01:00,long,6882.5,6884.25,6880.25,6884.25,7.75,0.6888888888888889,target
2026-02-13 14:30:00,2026-02-13 14:31:00,long,6883.0,6880.5,6880.75,6884.75,-13.5,-1.2,stop
2026-02-16 10:00:00,2026-02-16 10:01:00,long,6862.5,6860.0,6860.25,6864.25,-13.5,-1.2,stop
2026-02-16 11:00:00,2026-02-16 11:03:00,short,6842.75,6841.0,6845.0,6841.0,7.75,0.6888888888888889,target
2026-02-16 11:30:00,2026-02-16 11:32:00,long,6856.5,6854.0,6854.25,6858.25,-13.5,-1.2,stop
2026-02-17 10:30:00,2026-02-17 10:31:00,short,6803.0,6801.25,6805.25,6801.25,7.75,0.6888888888888889,target
2026-02-17 11:00:00,2026-02-17 11:01:00,long,6821.25,6823.0,6819.0,6823.0,7.75,0.6888888888888889,target
2026-02-17 15:00:00,2026-02-17 15:02:00,long,6874.75,6872.25,6872.5,6876.5,-13.5,-1.2,stop
2026-02-18 10:00:00,2026-02-18 10:01:00,long,6898.75,6900.5,6896.5,6900.5,7.75,0.6888888888888889,target
2026-02-18 11:30:00,2026-02-18 11:31:00,long,6917.25,6919.0,6915.0,6919.0,7.75,0.6888888888888889,target
2026-02-18 14:00:00,2026-02-18 14:01:00,long,6904.5,6906.25,6902.25,6906.25,7.75,0.6888888888888889,target
2026-02-18 14:30:00,2026-02-18 14:31:00,short,6895.75,6894.0,6898.0,6894.0,7.75,0.6888888888888889,target
2026-02-19 11:00:00,2026-02-19 11:01:00,long,6886.5,6888.25,6884.25,6888.25,7.75,0.6888888888888889,target
2026-02-19 14:00:00,2026-02-19 14:02:00,short,6868.75,6867.0,6871.0,6867.0,7.75,0.6888888888888889,target
2026-02-20 10:00:00,2026-02-20 10:01:00,long,6885.75,6883.25,6883.5,6887.5,-13.5,-1.2,stop
2026-02-20 13:30:00,2026-02-20 13:31:00,long,6898.75,6896.25,6896.5,6900.5,-13.5,-1.2,stop
2026-02-20 14:00:00,2026-02-20 14:01:00,long,6925.25,6927.0,6923.0,6927.0,7.75,0.6888888888888889,target
2026-02-20 14:30:00,2026-02-20 14:31:00,long,6919.75,6921.5,6917.5,6921.5,7.75,0.6888888888888889,target
2026-02-20 15:00:00,2026-02-20 15:01:00,long,6914.0,6915.75,6911.75,6915.75,7.75,0.6888888888888889,target
2026-02-20 15:30:00,2026-02-20 15:32:00,long,6917.0,6914.5,6914.75,6918.75,-13.5,-1.2,stop
2026-02-23 10:00:00,2026-02-23 10:01:00,short,6893.0,6895.5,6895.25,6891.25,-13.5,-1.2,stop
2026-02-23 13:30:00,2026-02-23 13:32:00,short,6864.75,6867.25,6867.0,6863.0,-13.5,-1.2,stop
2026-02-24 10:00:00,2026-02-24 10:01:00,short,6851.25,6853.75,6853.5,6849.5,-13.5,-1.2,stop
2026-02-24 10:30:00,2026-02-24 10:31:00,long,6893.75,6891.25,6891.5,6895.5,-13.5,-1.2,stop
2026-02-24 11:00:00,2026-02-24 11:01:00,long,6883.75,6885.5,6881.5,6885.5,7.75,0.6888888888888889,target
2026-02-24 14:00:00,2026-02-24 14:05:00,long,6905.0,6902.5,6902.75,6906.75,-13.5,-1.2,stop
2026-02-24 15:00:00,2026-02-24 15:03:00,long,6902.5,6900.0,6900.25,6904.25,-13.5,-1.2,stop
2026-02-24 15:30:00,2026-02-24 15:32:00,long,6896.0,6897.75,6893.75,6897.75,7.75,0.6888888888888889,target
2026-02-25 11:00:00,2026-02-25 11:01:00,long,6940.25,6937.75,6938.0,6942.0,-13.5,-1.2,stop
2026-02-25 11:30:00,2026-02-25 11:31:00,long,6945.5,6947.25,6943.25,6947.25,7.75,0.6888888888888889,target
2026-02-25 13:30:00,2026-02-25 13:44:00,long,6953.0,6954.75,6950.75,6954.75,7.75,0.6888888888888889,target
2026-02-25 14:00:00,2026-02-25 14:02:00,long,6955.25,6957.0,6953.0,6957.0,7.75,0.6888888888888889,target
2026-02-25 14:30:00,2026-02-25 14:34:00,long,6959.25,6961.0,6957.0,6961.0,7.75,0.6888888888888889,target
2026-02-25 15:00:00,2026-02-25 15:12:00,long,6960.75,6958.25,6958.5,6962.5,-13.5,-1.2,stop
2026-02-26 10:00:00,2026-02-26 10:01:00,short,6931.25,6929.5,6933.5,6929.5,7.75,0.6888888888888889,target
2026-02-26 10:30:00,2026-02-26 10:31:00,short,6879.0,6881.5,6881.25,6877.25,-13.5,-1.2,stop
2026-02-26 11:30:00,2026-02-26 11:31:00,long,6915.5,6913.0,6913.25,6917.25,-13.5,-1.2,stop
2026-02-26 14:00:00,2026-02-26 14:01:00,short,6901.0,6903.5,6903.25,6899.25,-13.5,-1.2,stop
2026-02-26 14:30:00,2026-02-26 14:31:00,long,6915.5,6917.25,6913.25,6917.25,7.75,0.6888888888888889,target
2026-02-26 15:00:00,2026-02-26 15:02:00,long,6918.75,6920.5,6916.5,6920.5,7.75,0.6888888888888889,target
2026-02-27 11:30:00,2026-02-27 11:31:00,long,6883.75,6881.25,6881.5,6885.5,-13.5,-1.2,stop
2026-02-27 13:30:00,2026-02-27 13:31:00,short,6862.25,6864.75,6864.5,6860.5,-13.5,-1.2,stop
2026-02-27 14:30:00,2026-02-27 14:34:00,short,6858.0,6860.5,6860.25,6856.25,-13.5,-1.2,stop
2026-02-27 15:30:00,2026-02-27 15:34:00,long,6882.25,6879.75,6880.0,6884.0,-13.5,-1.2,stop
2026-03-02 11:30:00,2026-03-02 11:31:00,long,6859.75,6857.25,6857.5,6861.5,-13.5,-1.2,stop
2026-03-02 14:00:00,2026-03-02 14:01:00,long,6877.5,6879.25,6875.25,6879.25,7.75,0.6888888888888889,target
2026-03-02 14:30:00,2026-03-02 14:31:00,long,6908.75,6906.25,6906.5,6910.5,-13.5,-1.2,stop
2026-03-02 15:30:00,2026-03-02 15:31:00,long,6879.75,6877.25,6877.5,6881.5,-13.5,-1.2,stop
2026-03-03 11:00:00,2026-03-03 11:01:00,short,6740.75,6743.25,6743.0,6739.0,-13.5,-1.2,stop
2026-03-03 13:30:00,2026-03-03 13:31:00,long,6822.75,6824.5,6820.5,6824.5,7.75,0.6888888888888889,target
2026-03-03 14:30:00,2026-03-03 14:31:00,long,6829.75,6827.25,6827.5,6831.5,-13.5,-1.2,stop
2026-03-04 10:00:00,2026-03-04 10:01:00,long,6845.0,6842.5,6842.75,6846.75,-13.5,-1.2,stop
2026-03-04 11:00:00,2026-03-04 11:01:00,long,6884.0,6885.75,6881.75,6885.75,7.75,0.6888888888888889,target
2026-03-04 11:30:00,2026-03-04 11:31:00,long,6875.5,6877.25,6873.25,6877.25,7.75,0.6888888888888889,target
2026-03-04 13:30:00,2026-03-04 13:31:00,long,6887.75,6885.25,6885.5,6889.5,-13.5,-1.2,stop
2026-03-04 14:30:00,2026-03-04 14:31:00,long,6889.5,6891.25,6887.25,6891.25,7.75,0.6888888888888889,target
2026-03-05 10:00:00,2026-03-05 10:01:00,long,6877.0,6874.5,6874.75,6878.75,-13.5,-1.2,stop
2026-03-05 10:30:00,2026-03-05 10:31:00,short,6818.0,6816.25,6820.25,6816.25,7.75,0.6888888888888889,target
2026-03-05 14:30:00,2026-03-05 14:31:00,short,6780.25,6782.75,6782.5,6778.5,-13.5,-1.2,stop
2026-03-05 15:00:00,2026-03-05 15:01:00,short,6791.0,6793.5,6793.25,6789.25,-13.5,-1.2,stop
2026-03-06 10:00:00,2026-03-06 10:01:00,long,6740.75,6742.5,6738.5,6742.5,7.75,0.6888888888888889,target
2026-03-06 10:30:00,2026-03-06 10:31:00,long,6762.0,6763.75,6759.75,6763.75,7.75,0.6888888888888889,target
2026-03-06 11:00:00,2026-03-06 11:01:00,long,6772.0,6773.75,6769.75,6773.75,7.75,0.6888888888888889,target
2026-03-06 13:30:00,2026-03-06 13:31:00,long,6766.25,6768.0,6764.0,6768.0,7.75,0.6888888888888889,target
2026-03-06 14:00:00,2026-03-06 14:02:00,long,6761.75,6759.25,6759.5,6763.5,-13.5,-1.2,stop
2026-03-06 14:30:00,2026-03-06 14:31:00,long,6770.25,6772.0,6768.0,6772.0,7.75,0.6888888888888889,target
2026-03-09 10:30:00,2026-03-09 10:31:00,long,6663.25,6660.75,6661.0,6665.0,-13.5,-1.2,stop
2026-03-09 11:00:00,2026-03-09 11:01:00,long,6697.75,6695.25,6695.5,6699.5,-13.5,-1.2,stop
2026-03-09 13:30:00,2026-03-09 13:31:00,long,6708.25,6705.75,6706.0,6710.0,-13.5,-1.2,stop
2026-03-09 14:00:00,2026-03-09 14:01:00,long,6709.0,6710.75,6706.75,6710.75,7.75,0.6888888888888889,target
2026-03-09 14:30:00,2026-03-09 14:32:00,long,6720.25,6722.0,6718.0,6722.0,7.75,0.6888888888888889,target
2026-03-09 15:00:00,2026-03-09 15:01:00,long,6721.0,6722.75,6718.75,6722.75,7.75,0.6888888888888889,target
2026-03-10 10:00:00,2026-03-10 10:01:00,short,6768.5,6771.0,6770.75,6766.75,-13.5,-1.2,stop
2026-03-10 10:30:00,2026-03-10 10:31:00,long,6801.75,6799.25,6799.5,6803.5,-13.5,-1.2,stop
2026-03-10 11:00:00,2026-03-10 11:01:00,long,6831.25,6833.0,6829.0,6833.0,7.75,0.6888888888888889,target
2026-03-10 14:30:00,2026-03-10 14:31:00,long,6813.25,6815.0,6811.0,6815.0,7.75,0.6888888888888889,target
2026-03-10 15:00:00,2026-03-10 15:01:00,short,6801.0,6803.5,6803.25,6799.25,-13.5,-1.2,stop
2026-03-10 15:30:00,2026-03-10 15:31:00,short,6788.5,6791.0,6790.75,6786.75,-13.5,-1.2,stop
2026-03-11 10:00:00,2026-03-11 10:01:00,long,6814.25,6811.75,6812.0,6816.0,-13.5,-1.2,stop
2026-03-11 11:00:00,2026-03-11 11:01:00,long,6802.5,6800.0,6800.25,6804.25,-13.5,-1.2,stop
2026-03-11 11:30:00,2026-03-11 11:31:00,short,6759.5,6757.75,6761.75,6757.75,7.75,0.6888888888888889,target
2026-03-11 13:30:00,2026-03-11 13:31:00,long,6781.75,6779.25,6779.5,6783.5,-13.5,-1.2,stop
2026-03-11 14:00:00,2026-03-11 14:01:00,short,6765.75,6764.0,6768.0,6764.0,7.75,0.6888888888888889,target
2026-03-12 10:30:00,2026-03-12 10:31:00,short,6695.5,6698.0,6697.75,6693.75,-13.5,-1.2,stop
2026-03-12 11:00:00,2026-03-12 11:01:00,short,6696.5,6699.0,6698.75,6694.75,-13.5,-1.2,stop
2026-03-13 10:00:00,2026-03-13 10:01:00,long,6724.5,6722.0,6722.25,6726.25,-13.5,-1.2,stop
2026-03-13 11:00:00,2026-03-13 11:01:00,short,6663.0,6665.5,6665.25,6661.25,-13.5,-1.2,stop
2026-03-13 13:30:00,2026-03-13 13:32:00,short,6651.75,6654.25,6654.0,6650.0,-13.5,-1.2,stop
2026-03-13 15:00:00,2026-03-13 15:02:00,short,6653.5,6651.75,6655.75,6651.75,7.75,0.6888888888888889,target
2026-03-16 10:30:00,2026-03-16 10:31:00,short,6710.5,6713.0,6712.75,6708.75,-13.5,-1.2,stop
2026-03-16 11:00:00,2026-03-16 11:01:00,long,6712.5,6710.0,6710.25,6714.25,-13.5,-1.2,stop
2026-03-16 11:30:00,2026-03-16 11:31:00,long,6717.5,6715.0,6715.25,6719.25,-13.5,-1.2,stop
2026-03-16 13:30:00,2026-03-16 13:32:00,long,6708.5,6706.0,6706.25,6710.25,-13.5,-1.2,stop
2026-03-16 14:30:00,2026-03-16 14:31:00,long,6713.25,6710.75,6711.0,6715.0,-13.5,-1.2,stop
2026-03-16 15:00:00,2026-03-16 15:02:00,long,6713.0,6710.5,6710.75,6714.75,-13.5,-1.2,stop
2026-03-17 10:00:00,2026-03-17 10:02:00,short,6747.5,6745.75,6749.75,6745.75,7.75,0.6888888888888889,target
2026-03-17 13:30:00,2026-03-17 13:36:00,short,6728.0,6730.5,6730.25,6726.25,-13.5,-1.2,stop
2026-03-17 14:00:00,2026-03-17 14:02:00,short,6728.25,6730.75,6730.5,6726.5,-13.5,-1.2,stop
2026-03-17 15:00:00,2026-03-17 15:02:00,short,6723.0,6725.5,6725.25,6721.25,-13.5,-1.2,stop
2026-03-18 10:00:00,2026-03-18 10:01:00,short,6749.25,6751.75,6751.5,6747.5,-13.5,-1.2,stop
2026-03-18 13:30:00,2026-03-18 13:31:00,short,6717.5,6715.75,6719.75,6715.75,7.75,0.6888888888888889,target
2026-03-19 10:00:00,2026-03-19 10:01:00,long,6652.5,6650.0,6650.25,6654.25,-13.5,-1.2,stop
2026-03-19 11:00:00,2026-03-19 11:01:00,long,6639.25,6641.0,6637.0,6641.0,7.75,0.6888888888888889,target
2026-03-19 11:30:00,2026-03-19 11:31:00,short,6636.75,6635.0,6639.0,6635.0,7.75,0.6888888888888889,target
2026-03-19 14:00:00,2026-03-19 14:01:00,short,6631.5,6629.75,6633.75,6629.75,7.75,0.6888888888888889,target
2026-03-19 14:30:00,2026-03-19 14:31:00,short,6629.5,6632.0,6631.75,6627.75,-13.5,-1.2,stop
2026-03-19 15:00:00,2026-03-19 15:01:00,long,6652.5,6654.25,6650.25,6654.25,7.75,0.6888888888888889,target
2026-03-20 10:00:00,2026-03-20 10:01:00,short,6605.25,6607.75,6607.5,6603.5,-13.5,-1.2,stop
2026-03-20 14:00:00,2026-03-20 14:01:00,short,6589.5,6587.75,6591.75,6587.75,7.75,0.6888888888888889,target
2026-03-20 14:30:00,2026-03-20 14:31:00,short,6568.75,6567.0,6571.0,6567.0,7.75,0.6888888888888889,target
2026-03-23 11:00:00,2026-03-23 11:01:00,long,6692.25,6694.0,6690.0,6694.0,7.75,0.6888888888888889,target
2026-03-23 14:00:00,2026-03-23 14:01:00,short,6656.5,6654.75,6658.75,6654.75,7.75,0.6888888888888889,target
2026-03-24 10:00:00,2026-03-24 10:01:00,long,6596.5,6594.0,6594.25,6598.25,-13.5,-1.2,stop
2026-03-24 10:30:00,2026-03-24 10:31:00,long,6602.75,6604.5,6600.5,6604.5,7.75,0.6888888888888889,target
2026-03-24 11:00:00,2026-03-24 11:01:00,long,6625.5,6623.0,6623.25,6627.25,-13.5,-1.2,stop
2026-03-24 13:30:00,2026-03-24 13:31:00,long,6613.5,6615.25,6611.25,6615.25,7.75,0.6888888888888889,target
2026-03-24 14:00:00,2026-03-24 14:01:00,long,6621.5,6619.0,6619.25,6623.25,-13.5,-1.2,stop
2026-03-24 15:00:00,2026-03-24 15:01:00,long,6629.25,6631.0,6627.0,6631.0,7.75,0.6888888888888889,target
2026-03-25 10:00:00,2026-03-25 10:01:00,short,6634.25,6636.75,6636.5,6632.5,-13.5,-1.2,stop
2026-03-25 10:30:00,2026-03-25 10:31:00,short,6655.5,6658.0,6657.75,6653.75,-13.5,-1.2,stop
2026-03-25 11:30:00,2026-03-25 11:31:00,long,6656.0,6653.5,6653.75,6657.75,-13.5,-1.2,stop
2026-03-25 14:30:00,2026-03-25 14:31:00,long,6652.0,6649.5,6649.75,6653.75,-13.5,-1.2,stop
2026-03-25 15:00:00,2026-03-25 15:01:00,short,6634.75,6637.25,6637.0,6633.0,-13.5,-1.2,stop
2026-03-25 15:30:00,2026-03-25 15:32:00,short,6638.75,6637.0,6641.0,6637.0,7.75,0.6888888888888889,target
2026-03-26 10:30:00,2026-03-26 10:31:00,long,6613.0,6614.75,6610.75,6614.75,7.75,0.6888888888888889,target
2026-03-26 11:30:00,2026-03-26 11:31:00,short,6587.25,6585.5,6589.5,6585.5,7.75,0.6888888888888889,target
2026-03-26 15:00:00,2026-03-26 15:02:00,short,6545.0,6543.25,6547.25,6543.25,7.75,0.6888888888888889,target
2026-03-26 15:30:00,2026-03-26 15:31:00,short,6531.75,6530.0,6534.0,6530.0,7.75,0.6888888888888889,target
2026-03-27 11:30:00,2026-03-27 11:31:00,long,6482.0,6479.5,6479.75,6483.75,-13.5,-1.2,stop
2026-03-27 15:00:00,2026-03-27 15:01:00,short,6420.5,6418.75,6422.75,6418.75,7.75,0.6888888888888889,target
2026-03-30 11:00:00,2026-03-30 11:01:00,long,6447.5,6445.0,6445.25,6449.25,-13.5,-1.2,stop
2026-03-30 11:30:00,2026-03-30 11:31:00,short,6429.75,6432.25,6432.0,6428.0,-13.5,-1.2,stop
2026-03-30 13:30:00,2026-03-30 13:31:00,short,6400.25,6398.5,6402.5,6398.5,7.75,0.6888888888888889,target
2026-03-30 14:00:00,2026-03-30 14:03:00,short,6401.25,6403.75,6403.5,6399.5,-13.5,-1.2,stop
2026-03-30 15:00:00,2026-03-30 15:01:00,short,6383.0,6385.5,6385.25,6381.25,-13.5,-1.2,stop
2026-03-31 10:00:00,2026-03-31 10:01:00,long,6495.75,6493.25,6493.5,6497.5,-13.5,-1.2,stop
2026-03-31 11:30:00,2026-03-31 11:31:00,short,6470.5,6473.0,6472.75,6468.75,-13.5,-1.2,stop
2026-03-31 13:30:00,2026-03-31 13:31:00,long,6538.75,6540.5,6536.5,6540.5,7.75,0.6888888888888889,target
2026-03-31 14:00:00,2026-03-31 14:01:00,long,6536.0,6537.75,6533.75,6537.75,7.75,0.6888888888888889,target
2026-03-31 15:00:00,2026-03-31 15:01:00,long,6557.5,6559.25,6555.25,6559.25,7.75,0.6888888888888889,target
2026-03-31 15:30:00,2026-03-31 15:31:00,long,6567.25,6564.75,6565.0,6569.0,-13.5,-1.2,stop
2026-04-01 10:00:00,2026-04-01 10:01:00,short,6609.75,6612.25,6612.0,6608.0,-13.5,-1.2,stop
2026-04-01 10:30:00,2026-04-01 10:31:00,long,6622.0,6623.75,6619.75,6623.75,7.75,0.6888888888888889,target
2026-04-01 11:00:00,2026-04-01 11:02:00,long,6634.75,6636.5,6632.5,6636.5,7.75,0.6888888888888889,target
2026-04-01 15:30:00,2026-04-01 15:32:00,long,6629.5,6627.0,6627.25,6631.25,-13.5,-1.2,stop
2026-04-02 10:30:00,2026-04-02 10:31:00,long,6570.75,6572.5,6568.5,6572.5,7.75,0.6888888888888889,target
2026-04-02 14:00:00,2026-04-02 14:01:00,long,6600.25,6602.0,6598.0,6602.0,7.75,0.6888888888888889,target
2026-04-02 14:30:00,2026-04-02 14:31:00,long,6602.75,6600.25,6600.5,6604.5,-13.5,-1.2,stop
2026-04-02 15:00:00,2026-04-02 15:01:00,long,6611.25,6613.0,6609.0,6613.0,7.75,0.6888888888888889,target
2026-04-02 15:30:00,2026-04-02 15:32:00,long,6609.25,6606.75,6607.0,6611.0,-13.5,-1.2,stop
2026-04-06 10:30:00,2026-04-06 10:32:00,long,6652.5,6650.0,6650.25,6654.25,-13.5,-1.2,stop
2026-04-06 11:00:00,2026-04-06 11:01:00,long,6640.75,6642.5,6638.5,6642.5,7.75,0.6888888888888889,target
2026-04-06 11:30:00,2026-04-06 11:31:00,short,6631.5,6634.0,6633.75,6629.75,-13.5,-1.2,stop
2026-04-06 13:30:00,2026-04-06 13:31:00,short,6636.0,6638.5,6638.25,6634.25,-13.5,-1.2,stop
2026-04-06 14:30:00,2026-04-06 14:32:00,long,6648.0,6645.5,6645.75,6649.75,-13.5,-1.2,stop
2026-04-06 15:30:00,2026-04-06 15:33:00,long,6643.25,6645.0,6641.0,6645.0,7.75,0.6888888888888889,target
2026-04-07 10:00:00,2026-04-07 10:01:00,short,6600.25,6598.5,6602.5,6598.5,7.75,0.6888888888888889,target
2026-04-07 10:30:00,2026-04-07 10:31:00,short,6603.75,6602.0,6606.0,6602.0,7.75,0.6888888888888889,target
2026-04-07 11:00:00,2026-04-07 11:01:00,short,6586.25,6584.5,6588.5,6584.5,7.75,0.6888888888888889,target
2026-04-07 11:30:00,2026-04-07 11:31:00,short,6592.25,6594.75,6594.5,6590.5,-13.5,-1.2,stop
2026-04-07 14:00:00,2026-04-07 14:02:00,long,6632.25,6629.75,6630.0,6634.0,-13.5,-1.2,stop
2026-04-07 15:00:00,2026-04-07 15:01:00,short,6600.5,6598.75,6602.75,6598.75,7.75,0.6888888888888889,target
2026-04-08 13:30:00,2026-04-08 13:31:00,long,6817.0,6818.75,6814.75,6818.75,7.75,0.6888888888888889,target
2026-04-08 14:30:00,2026-04-08 14:31:00,long,6816.25,6818.0,6814.0,6818.0,7.75,0.6888888888888889,target
2026-04-08 15:00:00,2026-04-08 15:01:00,short,6793.0,6795.5,6795.25,6791.25,-13.5,-1.2,stop
2026-04-09 10:30:00,2026-04-09 10:31:00,short,6806.25,6804.5,6808.5,6804.5,7.75,0.6888888888888889,target
2026-04-09 11:00:00,2026-04-09 11:01:00,long,6817.5,6815.0,6815.25,6819.25,-13.5,-1.2,stop
2026-04-09 11:30:00,2026-04-09 11:32:00,long,6824.25,6826.0,6822.0,6826.0,7.75,0.6888888888888889,target
2026-04-09 15:30:00,2026-04-09 15:32:00,long,6866.25,6868.0,6864.0,6868.0,7.75,0.6888888888888889,target
2026-04-10 10:00:00,2026-04-10 10:01:00,short,6865.5,6863.75,6867.75,6863.75,7.75,0.6888888888888889,target
2026-04-10 10:30:00,2026-04-10 10:32:00,long,6880.25,6882.0,6878.0,6882.0,7.75,0.6888888888888889,target
2026-04-10 14:00:00,2026-04-10 14:03:00,short,6856.0,6854.25,6858.25,6854.25,7.75,0.6888888888888889,target
2026-04-10 14:30:00,2026-04-10 14:36:00,short,6855.25,6853.5,6857.5,6853.5,7.75,0.6888888888888889,target
2026-04-10 15:30:00,2026-04-10 15:37:00,short,6855.5,6853.75,6857.75,6853.75,7.75,0.6888888888888889,target
2026-04-13 10:00:00,2026-04-13 10:01:00,long,6861.0,6858.5,6858.75,6862.75,-13.5,-1.2,stop
2026-04-13 13:30:00,2026-04-13 13:33:00,long,6887.5,6885.0,6885.25,6889.25,-13.5,-1.2,stop
2026-04-13 14:00:00,2026-04-13 14:04:00,long,6885.75,6887.5,6883.5,6887.5,7.75,0.6888888888888889,target
2026-04-13 15:00:00,2026-04-13 15:05:00,long,6896.75,6894.25,6894.5,6898.5,-13.5,-1.2,stop
2026-04-14 10:00:00,2026-04-14 10:02:00,long,6958.25,6960.0,6956.0,6960.0,7.75,0.6888888888888889,target
2026-04-14 11:30:00,2026-04-14 11:32:00,long,6986.75,6988.5,6984.5,6988.5,7.75,0.6888888888888889,target
2026-04-14 13:30:00,2026-04-14 13:32:00,long,7000.0,7001.75,6997.75,7001.75,7.75,0.6888888888888889,target
2026-04-14 14:00:00,2026-04-14 14:07:00,long,7001.0,6998.5,6998.75,7002.75,-13.5,-1.2,stop
2026-04-14 14:30:00,2026-04-14 14:36:00,long,6989.0,6990.75,6986.75,6990.75,7.75,0.6888888888888889,target
2026-04-14 15:00:00,2026-04-14 15:03:00,long,6990.75,6992.5,6988.5,6992.5,7.75,0.6888888888888889,target
2026-04-15 10:00:00,2026-04-15 10:02:00,short,7013.25,7015.75,7015.5,7011.5,-13.5,-1.2,stop
2026-04-15 13:30:00,2026-04-15 13:33:00,long,7037.0,7038.75,7034.75,7038.75,7.75,0.6888888888888889,target
2026-04-15 14:30:00,2026-04-15 14:33:00,long,7048.25,7050.0,7046.0,7050.0,7.75,0.6888888888888889,target
2026-04-16 10:00:00,2026-04-16 10:01:00,short,7052.0,7050.25,7054.25,7050.25,7.75,0.6888888888888889,target
2026-04-16 11:00:00,2026-04-16 11:03:00,long,7063.25,7065.0,7061.0,7065.0,7.75,0.6888888888888889,target
2026-04-16 11:30:00,2026-04-16 11:32:00,long,7072.75,7070.25,7070.5,7074.5,-13.5,-1.2,stop
2026-04-16 14:00:00,2026-04-16 14:01:00,long,7070.0,7071.75,7067.75,7071.75,7.75,0.6888888888888889,target
2026-04-16 15:00:00,2026-04-16 15:02:00,long,7070.75,7072.5,7068.5,7072.5,7.75,0.6888888888888889,target
2026-04-16 15:30:00,2026-04-16 15:32:00,long,7071.5,7073.25,7069.25,7073.25,7.75,0.6888888888888889,target
2026-04-17 10:00:00,2026-04-17 10:04:00,long,7145.75,7147.5,7143.5,7147.5,7.75,0.6888888888888889,target
2026-04-17 11:30:00,2026-04-17 11:31:00,long,7168.5,7170.25,7166.25,7170.25,7.75,0.6888888888888889,target
2026-04-17 13:30:00,2026-04-17 13:31:00,long,7163.5,7161.0,7161.25,7165.25,-13.5,-1.2,stop
2026-04-17 14:30:00,2026-04-17 14:31:00,long,7163.25,7160.75,7161.0,7165.0,-13.5,-1.2,stop
2026-04-17 15:00:00,2026-04-17 15:05:00,long,7159.0,7156.5,7156.75,7160.75,-13.5,-1.2,stop
2026-04-20 10:30:00,2026-04-20 10:31:00,short,7148.75,7147.0,7151.0,7147.0,7.75,0.6888888888888889,target
2026-04-20 11:30:00,2026-04-20 11:32:00,short,7139.5,7137.75,7141.75,7137.75,7.75,0.6888888888888889,target
2026-04-20 13:30:00,2026-04-20 13:32:00,short,7138.5,7136.75,7140.75,7136.75,7.75,0.6888888888888889,target
2026-04-20 14:00:00,2026-04-20 14:05:00,short,7136.5,7139.0,7138.75,7134.75,-13.5,-1.2,stop
2026-04-20 15:00:00,2026-04-20 15:03:00,long,7144.75,7142.25,7142.5,7146.5,-13.5,-1.2,stop
2026-04-21 11:00:00,2026-04-21 11:01:00,short,7131.5,7129.75,7133.75,7129.75,7.75,0.6888888888888889,target
2026-04-21 15:30:00,2026-04-21 15:33:00,long,7137.25,7134.75,7135.0,7139.0,-13.5,-1.2,stop
2026-04-22 10:00:00,2026-04-22 10:01:00,long,7156.5,7158.25,7154.25,7158.25,7.75,0.6888888888888889,target
2026-04-22 11:30:00,2026-04-22 11:31:00,long,7163.0,7160.5,7160.75,7164.75,-13.5,-1.2,stop
2026-04-22 13:30:00,2026-04-22 13:34:00,long,7161.75,7159.25,7159.5,7163.5,-13.5,-1.2,stop
2026-04-22 14:00:00,2026-04-22 14:01:00,long,7160.0,7157.5,7157.75,7161.75,-13.5,-1.2,stop
2026-04-22 15:00:00,2026-04-22 15:01:00,short,7151.75,7150.0,7154.0,7150.0,7.75,0.6888888888888889,target
2026-04-23 10:00:00,2026-04-23 10:01:00,short,7153.25,7151.5,7155.5,7151.5,7.75,0.6888888888888889,target
2026-04-23 10:30:00,2026-04-23 10:31:00,long,7165.5,7167.25,7163.25,7167.25,7.75,0.6888888888888889,target
2026-04-23 11:00:00,2026-04-23 11:04:00,long,7177.0,7174.5,7174.75,7178.75,-13.5,-1.2,stop
2026-04-23 11:30:00,2026-04-23 11:31:00,long,7178.0,7179.75,7175.75,7179.75,7.75,0.6888888888888889,target
2026-04-23 14:00:00,2026-04-23 14:01:00,short,7121.5,7124.0,7123.75,7119.75,-13.5,-1.2,stop
2026-04-23 14:30:00,2026-04-23 14:31:00,long,7145.25,7147.0,7143.0,7147.0,7.75,0.6888888888888889,target
2026-04-24 10:00:00,2026-04-24 10:01:00,short,7149.25,7151.75,7151.5,7147.5,-13.5,-1.2,stop
2026-04-24 10:30:00,2026-04-24 10:31:00,short,7152.0,7150.25,7154.25,7150.25,7.75,0.6888888888888889,target
2026-04-24 11:00:00,2026-04-24 11:03:00,long,7170.25,7172.0,7168.0,7172.0,7.75,0.6888888888888889,target
2026-04-24 11:30:00,2026-04-24 11:32:00,long,7175.0,7176.75,7172.75,7176.75,7.75,0.6888888888888889,target
2026-04-24 14:30:00,2026-04-24 14:32:00,long,7186.25,7188.0,7184.0,7188.0,7.75,0.6888888888888889,target
2026-04-24 15:00:00,2026-04-24 15:07:00,long,7192.5,7194.25,7190.25,7194.25,7.75,0.6888888888888889,target
2026-04-27 10:30:00,2026-04-27 10:34:00,short,7186.75,7189.25,7189.0,7185.0,-13.5,-1.2,stop
2026-04-27 11:00:00,2026-04-27 11:01:00,long,7191.75,7189.25,7189.5,7193.5,-13.5,-1.2,stop
2026-04-27 13:30:00,2026-04-27 13:33:00,long,7203.5,7205.25,7201.25,7205.25,7.75,0.6888888888888889,target
2026-04-27 15:00:00,2026-04-27 15:06:00,long,7204.5,7202.0,7202.25,7206.25,-13.5,-1.2,stop
2026-04-28 10:00:00,2026-04-28 10:01:00,short,7168.25,7170.75,7170.5,7166.5,-13.5,-1.2,stop
2026-04-28 11:30:00,2026-04-28 11:31:00,short,7151.25,7149.5,7153.5,7149.5,7.75,0.6888888888888889,target
2026-04-29 10:00:00,2026-04-29 10:02:00,short,7156.5,7159.0,7158.75,7154.75,-13.5,-1.2,stop
2026-04-29 11:00:00,2026-04-29 11:01:00,long,7168.5,7166.0,7166.25,7170.25,-13.5,-1.2,stop
2026-04-29 11:30:00,2026-04-29 11:32:00,long,7162.75,7160.25,7160.5,7164.5,-13.5,-1.2,stop
2026-04-29 14:00:00,2026-04-29 14:01:00,short,7153.75,7156.25,7156.0,7152.0,-13.5,-1.2,stop
2026-04-29 14:30:00,2026-04-29 14:31:00,short,7142.5,7140.75,7144.75,7140.75,7.75,0.6888888888888889,target
2026-04-30 10:30:00,2026-04-30 10:31:00,long,7175.0,7176.75,7172.75,7176.75,7.75,0.6888888888888889,target
2026-04-30 11:00:00,2026-04-30 11:01:00,long,7194.75,7196.5,7192.5,7196.5,7.75,0.6888888888888889,target
2026-04-30 11:30:00,2026-04-30 11:31:00,long,7199.75,7201.5,7197.5,7201.5,7.75,0.6888888888888889,target
2026-04-30 13:30:00,2026-04-30 13:31:00,long,7219.25,7216.75,7217.0,7221.0,-13.5,-1.2,stop
2026-04-30 14:00:00,2026-04-30 14:02:00,long,7231.0,7232.75,7228.75,7232.75,7.75,0.6888888888888889,target
2026-04-30 14:30:00,2026-04-30 14:35:00,long,7234.75,7236.5,7232.5,7236.5,7.75,0.6888888888888889,target
2026-05-01 10:00:00,2026-05-01 10:01:00,long,7294.5,7296.25,7292.25,7296.25,7.75,0.6888888888888889,target
2026-05-01 11:00:00,2026-05-01 11:01:00,short,7277.75,7276.0,7280.0,7276.0,7.75,0.6888888888888889,target
2026-05-01 11:30:00,2026-05-01 11:34:00,long,7285.5,7283.0,7283.25,7287.25,-13.5,-1.2,stop
2026-05-01 14:30:00,2026-05-01 14:31:00,short,7271.0,7269.25,7273.25,7269.25,7.75,0.6888888888888889,target
2026-05-01 15:30:00,2026-05-01 15:31:00,short,7274.0,7272.25,7276.25,7272.25,7.75,0.6888888888888889,target
2026-05-04 10:30:00,2026-05-04 10:31:00,long,7265.5,7267.25,7263.25,7267.25,7.75,0.6888888888888889,target
2026-05-04 11:00:00,2026-05-04 11:01:00,long,7261.75,7263.5,7259.5,7263.5,7.75,0.6888888888888889,target
2026-05-04 11:30:00,2026-05-04 11:31:00,short,7231.5,7229.75,7233.75,7229.75,7.75,0.6888888888888889,target
2026-05-04 13:30:00,2026-05-04 13:33:00,short,7234.75,7233.0,7237.0,7233.0,7.75,0.6888888888888889,target
2026-05-04 14:30:00,2026-05-04 14:35:00,short,7224.75,7223.0,7227.0,7223.0,7.75,0.6888888888888889,target
2026-05-04 15:00:00,2026-05-04 15:02:00,short,7223.5,7221.75,7225.75,7221.75,7.75,0.6888888888888889,target
2026-05-05 13:30:00,2026-05-05 13:51:00,long,7288.25,7290.0,7286.0,7290.0,7.75,0.6888888888888889,target
2026-05-05 14:00:00,2026-05-05 14:07:00,long,7290.5,7292.25,7288.25,7292.25,7.75,0.6888888888888889,target
2026-05-05 14:30:00,2026-05-05 14:34:00,long,7294.5,7292.0,7292.25,7296.25,-13.5,-1.2,stop
2026-05-05 15:00:00,2026-05-05 15:05:00,long,7293.0,7294.75,7290.75,7294.75,7.75,0.6888888888888889,target
2026-05-05 15:30:00,2026-05-05 15:35:00,long,7297.25,7294.75,7295.0,7299.0,-13.5,-1.2,stop
2026-05-06 10:00:00,2026-05-06 10:01:00,long,7348.25,7345.75,7346.0,7350.0,-13.5,-1.2,stop
2026-05-06 10:30:00,2026-05-06 10:32:00,long,7353.25,7355.0,7351.0,7355.0,7.75,0.6888888888888889,target
2026-05-06 11:00:00,2026-05-06 11:01:00,long,7372.5,7374.25,7370.25,7374.25,7.75,0.6888888888888889,target
2026-05-06 13:30:00,2026-05-06 13:40:00,long,7367.0,7364.5,7364.75,7368.75,-13.5,-1.2,stop
2026-05-06 14:00:00,2026-05-06 14:05:00,long,7371.75,7373.5,7369.5,7373.5,7.75,0.6888888888888889,target
2026-05-06 14:30:00,2026-05-06 14:32:00,long,7381.25,7378.75,7379.0,7383.0,-13.5,-1.2,stop
2026-05-07 10:30:00,2026-05-07 10:33:00,long,7395.0,7396.75,7392.75,7396.75,7.75,0.6888888888888889,target
2026-05-07 11:30:00,2026-05-07 11:32:00,long,7400.25,7402.0,7398.0,7402.0,7.75,0.6888888888888889,target
2026-05-07 14:00:00,2026-05-07 14:01:00,short,7364.5,7362.75,7366.75,7362.75,7.75,0.6888888888888889,target
2026-05-07 15:00:00,2026-05-07 15:02:00,short,7358.5,7356.75,7360.75,7356.75,7.75,0.6888888888888889,target
2026-05-08 11:00:00,2026-05-08 11:02:00,long,7418.5,7420.25,7416.25,7420.25,7.75,0.6888888888888889,target
2026-05-08 14:00:00,2026-05-08 14:01:00,long,7421.75,7423.5,7419.5,7423.5,7.75,0.6888888888888889,target
2026-05-08 14:30:00,2026-05-08 14:34:00,long,7425.25,7422.75,7423.0,7427.0,-13.5,-1.2,stop
2026-05-11 10:30:00,2026-05-11 10:31:00,long,7431.5,7429.0,7429.25,7433.25,-13.5,-1.2,stop
2026-05-11 11:30:00,2026-05-11 11:31:00,long,7448.0,7445.5,7445.75,7449.75,-13.5,-1.2,stop
2026-05-11 13:30:00,2026-05-11 13:33:00,long,7446.5,7448.25,7444.25,7448.25,7.75,0.6888888888888889,target
2026-05-11 14:00:00,2026-05-11 14:01:00,long,7449.75,7451.5,7447.5,7451.5,7.75,0.6888888888888889,target
2026-05-12 10:00:00,2026-05-12 10:01:00,short,7393.0,7395.5,7395.25,7391.25,-13.5,-1.2,stop
2026-05-12 10:30:00,2026-05-12 10:31:00,short,7387.5,7385.75,7389.75,7385.75,7.75,0.6888888888888889,target
2026-05-12 11:00:00,2026-05-12 11:02:00,short,7381.5,7379.75,7383.75,7379.75,7.75,0.6888888888888889,target
2026-05-12 11:30:00,2026-05-12 11:31:00,short,7367.25,7369.75,7369.5,7365.5,-13.5,-1.2,stop
2026-05-12 13:30:00,2026-05-12 13:32:00,long,7390.25,7392.0,7388.0,7392.0,7.75,0.6888888888888889,target
2026-05-12 14:30:00,2026-05-12 14:34:00,long,7408.5,7406.0,7406.25,7410.25,-13.5,-1.2,stop
2026-05-13 10:00:00,2026-05-13 10:01:00,long,7414.0,7415.75,7411.75,7415.75,7.75,0.6888888888888889,target
2026-05-13 10:30:00,2026-05-13 10:31:00,long,7428.5,7426.0,7426.25,7430.25,-13.5,-1.2,stop
2026-05-13 11:00:00,2026-05-13 11:04:00,long,7436.0,7437.75,7433.75,7437.75,7.75,0.6888888888888889,target
2026-05-13 14:00:00,2026-05-13 14:02:00,long,7468.0,7469.75,7465.75,7469.75,7.75,0.6888888888888889,target
2026-05-13 15:00:00,2026-05-13 15:04:00,long,7474.5,7476.25,7472.25,7476.25,7.75,0.6888888888888889,target
2026-05-14 11:00:00,2026-05-14 11:01:00,long,7518.0,7519.75,7515.75,7519.75,7.75,0.6888888888888889,target
2026-05-14 11:30:00,2026-05-14 11:34:00,long,7532.25,7529.75,7530.0,7534.0,-13.5,-1.2,stop
2026-05-14 13:30:00,2026-05-14 13:31:00,long,7516.0,7517.75,7513.75,7517.75,7.75,0.6888888888888889,target
2026-05-14 14:30:00,2026-05-14 14:31:00,long,7522.75,7524.5,7520.5,7524.5,7.75,0.6888888888888889,target
2026-05-14 15:00:00,2026-05-14 15:02:00,long,7530.5,7528.0,7528.25,7532.25,-13.5,-1.2,stop
2026-05-14 15:30:00,2026-05-14 15:31:00,long,7527.75,7529.5,7525.5,7529.5,7.75,0.6888888888888889,target
2026-05-15 10:30:00,2026-05-15 10:31:00,long,7456.0,7457.75,7453.75,7457.75,7.75,0.6888888888888889,target
2026-05-15 11:00:00,2026-05-15 11:01:00,long,7451.75,7453.5,7449.5,7453.5,7.75,0.6888888888888889,target
2026-05-15 11:30:00,2026-05-15 11:31:00,long,7457.5,7459.25,7455.25,7459.25,7.75,0.6888888888888889,target
2026-05-15 13:30:00,2026-05-15 13:37:00,long,7468.25,7465.75,7466.0,7470.0,-13.5,-1.2,stop
2026-05-15 14:00:00,2026-05-15 14:05:00,long,7472.0,7473.75,7469.75,7473.75,7.75,0.6888888888888889,target
2026-05-18 10:30:00,2026-05-18 10:31:00,short,7431.25,7433.75,7433.5,7429.5,-13.5,-1.2,stop
2026-05-18 11:30:00,2026-05-18 11:31:00,short,7393.0,7395.5,7395.25,7391.25,-13.5,-1.2,stop
2026-05-18 13:30:00,2026-05-18 13:33:00,short,7411.5,7409.75,7413.75,7409.75,7.75,0.6888888888888889,target
2026-05-18 14:00:00,2026-05-18 14:01:00,short,7407.0,7405.25,7409.25,7405.25,7.75,0.6888888888888889,target
2026-05-18 15:30:00,2026-05-18 15:31:00,short,7394.75,7397.25,7397.0,7393.0,-13.5,-1.2,stop
2026-05-19 10:00:00,2026-05-19 10:01:00,short,7385.75,7384.0,7388.0,7384.0,7.75,0.6888888888888889,target
2026-05-19 13:30:00,2026-05-19 13:31:00,long,7412.75,7414.5,7410.5,7414.5,7.75,0.6888888888888889,target
2026-05-19 14:00:00,2026-05-19 14:01:00,long,7407.5,7405.0,7405.25,7409.25,-13.5,-1.2,stop
2026-05-19 15:00:00,2026-05-19 15:01:00,long,7387.5,7385.0,7385.25,7389.25,-13.5,-1.2,stop
2026-05-20 10:30:00,2026-05-20 10:31:00,long,7424.0,7425.75,7421.75,7425.75,7.75,0.6888888888888889,target
2026-05-20 11:00:00,2026-05-20 11:01:00,long,7432.0,7433.75,7429.75,7433.75,7.75,0.6888888888888889,target
2026-05-20 11:30:00,2026-05-20 11:33:00,long,7435.0,7436.75,7432.75,7436.75,7.75,0.6888888888888889,target
2026-05-20 14:00:00,2026-05-20 14:01:00,long,7439.5,7437.0,7437.25,7441.25,-13.5,-1.2,stop
2026-05-20 14:30:00,2026-05-20 14:36:00,long,7441.5,7443.25,7439.25,7443.25,7.75,0.6888888888888889,target
2026-05-20 15:00:00,2026-05-20 15:01:00,long,7444.0,7445.75,7441.75,7445.75,7.75,0.6888888888888889,target
2026-05-21 10:00:00,2026-05-21 10:01:00,long,7436.5,7438.25,7434.25,7438.25,7.75,0.6888888888888889,target
2026-05-21 10:30:00,2026-05-21 10:31:00,long,7427.25,7424.75,7425.0,7429.0,-13.5,-1.2,stop
2026-05-21 11:30:00,2026-05-21 11:31:00,short,7423.5,7421.75,7425.75,7421.75,7.75,0.6888888888888889,target
2026-05-21 13:30:00,2026-05-21 13:31:00,long,7462.5,7464.25,7460.25,7464.25,7.75,0.6888888888888889,target
2026-05-21 14:00:00,2026-05-21 14:01:00,long,7478.5,7476.0,7476.25,7480.25,-13.5,-1.2,stop
2026-05-21 15:00:00,2026-05-21 15:01:00,long,7449.0,7450.75,7446.75,7450.75,7.75,0.6888888888888889,target
2026-05-22 10:00:00,2026-05-22 10:01:00,short,7499.25,7501.75,7501.5,7497.5,-13.5,-1.2,stop
2026-05-22 10:30:00,2026-05-22 10:31:00,short,7490.5,7493.0,7492.75,7488.75,-13.5,-1.2,stop
2026-05-22 11:00:00,2026-05-22 11:01:00,long,7500.5,7502.25,7498.25,7502.25,7.75,0.6888888888888889,target
2026-05-22 11:30:00,2026-05-22 11:32:00,long,7514.0,7511.5,7511.75,7515.75,-13.5,-1.2,stop
2026-05-22 15:00:00,2026-05-22 15:01:00,long,7505.75,7503.25,7503.5,7507.5,-13.5,-1.2,stop
2026-05-22 15:30:00,2026-05-22 15:31:00,short,7487.5,7490.0,7489.75,7485.75,-13.5,-1.2,stop
2026-05-25 10:30:00,2026-05-25 10:33:00,short,7558.25,7556.5,7560.5,7556.5,7.75,0.6888888888888889,target
2026-05-25 11:30:00,2026-05-25 11:31:00,short,7556.75,7559.25,7559.0,7555.0,-13.5,-1.2,stop
2026-05-26 10:30:00,2026-05-26 10:32:00,long,7550.25,7547.75,7548.0,7552.0,-13.5,-1.2,stop
2026-05-26 11:30:00,2026-05-26 11:32:00,short,7530.5,7533.0,7532.75,7528.75,-13.5,-1.2,stop
2026-05-26 14:00:00,2026-05-26 14:04:00,short,7522.75,7525.25,7525.0,7521.0,-13.5,-1.2,stop
2026-05-26 15:00:00,2026-05-26 15:02:00,short,7522.25,7524.75,7524.5,7520.5,-13.5,-1.2,stop
2026-05-27 10:00:00,2026-05-27 10:01:00,long,7538.75,7540.5,7536.5,7540.5,7.75,0.6888888888888889,target
2026-05-27 11:00:00,2026-05-27 11:01:00,short,7527.25,7529.75,7529.5,7525.5,-13.5,-1.2,stop
2026-05-27 14:00:00,2026-05-27 14:04:00,short,7529.0,7527.25,7531.25,7527.25,7.75,0.6888888888888889,target
2026-05-27 14:30:00,2026-05-27 14:32:00,long,7542.75,7540.25,7540.5,7544.5,-13.5,-1.2,stop
2026-05-28 10:00:00,2026-05-28 10:01:00,long,7540.0,7537.5,7537.75,7541.75,-13.5,-1.2,stop
2026-05-28 10:30:00,2026-05-28 10:31:00,long,7563.5,7561.0,7561.25,7565.25,-13.5,-1.2,stop
2026-05-28 11:00:00,2026-05-28 11:02:00,long,7567.75,7569.5,7565.5,7569.5,7.75,0.6888888888888889,target
2026-05-28 11:30:00,2026-05-28 11:36:00,long,7573.75,7575.5,7571.5,7575.5,7.75,0.6888888888888889,target
2026-05-28 13:30:00,2026-05-28 13:34:00,long,7578.0,7575.5,7575.75,7579.75,-13.5,-1.2,stop
2026-05-28 15:30:00,2026-05-28 15:32:00,long,7582.75,7584.5,7580.5,7584.5,7.75,0.6888888888888889,target
2026-05-29 10:00:00,2026-05-29 10:02:00,long,7609.75,7611.5,7607.5,7611.5,7.75,0.6888888888888889,target
2026-05-29 11:00:00,2026-05-29 11:01:00,short,7589.25,7591.75,7591.5,7587.5,-13.5,-1.2,stop
2026-05-29 11:30:00,2026-05-29 11:31:00,long,7601.5,7599.0,7599.25,7603.25,-13.5,-1.2,stop
2026-05-29 13:30:00,2026-05-29 13:36:00,short,7594.75,7593.0,7597.0,7593.0,7.75,0.6888888888888889,target
2026-05-29 15:00:00,2026-05-29 15:01:00,short,7584.0,7586.5,7586.25,7582.25,-13.5,-1.2,stop
2026-05-29 15:30:00,2026-05-29 15:31:00,long,7600.25,7602.0,7598.0,7602.0,7.75,0.6888888888888889,target
2026-06-01 10:00:00,2026-06-01 10:01:00,short,7583.5,7586.0,7585.75,7581.75,-13.5,-1.2,stop
2026-06-01 10:30:00,2026-06-01 10:31:00,long,7589.25,7586.75,7587.0,7591.0,-13.5,-1.2,stop
2026-06-01 11:00:00,2026-06-01 11:02:00,short,7583.5,7586.0,7585.75,7581.75,-13.5,-1.2,stop
2026-06-01 11:30:00,2026-06-01 11:31:00,long,7599.0,7596.5,7596.75,7600.75,-13.5,-1.2,stop
2026-06-02 10:30:00,2026-06-02 10:31:00,long,7607.25,7609.0,7605.0,7609.0,7.75,0.6888888888888889,target
2026-06-02 13:30:00,2026-06-02 13:33:00,long,7619.25,7621.0,7617.0,7621.0,7.75,0.6888888888888889,target
2026-06-02 14:00:00,2026-06-02 14:07:00,long,7617.5,7619.25,7615.25,7619.25,7.75,0.6888888888888889,target
2026-06-02 14:30:00,2026-06-02 14:35:00,long,7619.0,7616.5,7616.75,7620.75,-13.5,-1.2,stop
2026-06-02 15:00:00,2026-06-02 15:03:00,long,7620.0,7621.75,7617.75,7621.75,7.75,0.6888888888888889,target
2026-06-02 15:30:00,2026-06-02 15:44:00,long,7622.5,7620.0,7620.25,7624.25,-13.5,-1.2,stop
2026-06-03 13:30:00,2026-06-03 13:31:00,short,7569.0,7571.5,7571.25,7567.25,-13.5,-1.2,stop
2026-06-03 14:00:00,2026-06-03 14:04:00,short,7581.25,7583.75,7583.5,7579.5,-13.5,-1.2,stop
2026-06-03 14:30:00,2026-06-03 14:33:00,long,7587.75,7585.25,7585.5,7589.5,-13.5,-1.2,stop
2026-06-03 15:00:00,2026-06-03 15:01:00,short,7581.0,7579.25,7583.25,7579.25,7.75,0.6888888888888889,target
2026-06-03 15:30:00,2026-06-03 15:33:00,short,7575.25,7573.5,7577.5,7573.5,7.75,0.6888888888888889,target
2026-06-04 11:00:00,2026-06-04 11:03:00,long,7572.75,7574.5,7570.5,7574.5,7.75,0.6888888888888889,target
2026-06-04 13:30:00,2026-06-04 13:37:00,long,7601.0,7598.5,7598.75,7602.75,-13.5,-1.2,stop
2026-06-04 14:00:00,2026-06-04 14:19:00,long,7605.25,7607.0,7603.0,7607.0,7.75,0.6888888888888889,target
2026-06-04 15:00:00,2026-06-04 15:06:00,long,7606.5,7608.25,7604.25,7608.25,7.75,0.6888888888888889,target
2026-06-05 10:00:00,2026-06-05 10:01:00,short,7509.75,7508.0,7512.0,7508.0,7.75,0.6888888888888889,target
2026-06-05 11:00:00,2026-06-05 11:01:00,short,7521.25,7519.5,7523.5,7519.5,7.75,0.6888888888888889,target
2026-06-05 14:30:00,2026-06-05 14:31:00,short,7432.25,7434.75,7434.5,7430.5,-13.5,-1.2,stop
2026-06-05 15:00:00,2026-06-05 15:01:00,short,7408.25,7410.75,7410.5,7406.5,-13.5,-1.2,stop
2026-06-05 15:30:00,2026-06-05 15:31:00,short,7400.75,7403.25,7403.0,7399.0,-13.5,-1.2,stop
2026-06-08 10:30:00,2026-06-08 10:31:00,long,7450.0,7447.5,7447.75,7451.75,-13.5,-1.2,stop
2026-06-08 11:30:00,2026-06-08 11:31:00,short,7448.0,7450.5,7450.25,7446.25,-13.5,-1.2,stop
2026-06-08 15:00:00,2026-06-08 15:01:00,short,7430.75,7429.0,7433.0,7429.0,7.75,0.6888888888888889,target
2026-06-09 10:00:00,2026-06-09 10:01:00,short,7463.25,7465.75,7465.5,7461.5,-13.5,-1.2,stop
2026-06-09 10:30:00,2026-06-09 10:31:00,short,7426.25,7428.75,7428.5,7424.5,-13.5,-1.2,stop
2026-06-09 13:30:00,2026-06-09 13:31:00,short,7327.0,7329.5,7329.25,7325.25,-13.5,-1.2,stop
2026-06-09 14:30:00,2026-06-09 14:31:00,long,7380.0,7377.5,7377.75,7381.75,-13.5,-1.2,stop
2026-06-10 11:00:00,2026-06-10 11:01:00,short,7343.0,7345.5,7345.25,7341.25,-13.5,-1.2,stop
2026-06-10 13:30:00,2026-06-10 13:31:00,short,7307.75,7310.25,7310.0,7306.0,-13.5,-1.2,stop
2026-06-10 14:30:00,2026-06-10 14:31:00,short,7315.0,7313.25,7317.25,7313.25,7.75,0.6888888888888889,target
2026-06-10 15:00:00,2026-06-10 15:01:00,short,7290.25,7292.75,7292.5,7288.5,-13.5,-1.2,stop
2026-06-11 10:00:00,2026-06-11 10:01:00,long,7324.0,7325.75,7321.75,7325.75,7.75,0.6888888888888889,target
2026-06-11 10:30:00,2026-06-11 10:31:00,short,7299.5,7302.0,7301.75,7297.75,-13.5,-1.2,stop
2026-06-11 11:00:00,2026-06-11 11:01:00,short,7270.0,7268.25,7272.25,7268.25,7.75,0.6888888888888889,target
2026-06-11 11:30:00,2026-06-11 11:31:00,short,7289.0,7291.5,7291.25,7287.25,-13.5,-1.2,stop
2026-06-11 13:30:00,2026-06-11 13:31:00,long,7357.25,7354.75,7355.0,7359.0,-13.5,-1.2,stop
2026-06-11 14:00:00,2026-06-11 14:01:00,long,7372.0,7369.5,7369.75,7373.75,-13.5,-1.2,stop
2026-06-12 10:00:00,2026-06-12 10:01:00,long,7398.25,7395.75,7396.0,7400.0,-13.5,-1.2,stop
2026-06-12 10:30:00,2026-06-12 10:31:00,long,7420.5,7418.0,7418.25,7422.25,-13.5,-1.2,stop
2026-06-12 11:00:00,2026-06-12 11:01:00,long,7446.0,7443.5,7443.75,7447.75,-13.5,-1.2,stop
2026-06-12 14:30:00,2026-06-12 14:31:00,long,7432.75,7430.25,7430.5,7434.5,-13.5,-1.2,stop
2026-06-12 15:00:00,2026-06-12 15:02:00,long,7430.25,7432.0,7428.0,7432.0,7.75,0.6888888888888889,target
2026-06-15 11:00:00,2026-06-15 11:03:00,long,7562.0,7563.75,7559.75,7563.75,7.75,0.6888888888888889,target
2026-06-15 11:30:00,2026-06-15 11:32:00,long,7570.0,7567.5,7567.75,7571.75,-13.5,-1.2,stop
2026-06-15 13:30:00,2026-06-15 13:31:00,long,7579.75,7577.25,7577.5,7581.5,-13.5,-1.2,stop
2026-06-15 15:30:00,2026-06-15 15:34:00,long,7562.25,7559.75,7560.0,7564.0,-13.5,-1.2,stop
2026-06-16 10:30:00,2026-06-16 10:31:00,short,7541.25,7543.75,7543.5,7539.5,-13.5,-1.2,stop
2026-06-16 13:30:00,2026-06-16 13:33:00,short,7535.5,7538.0,7537.75,7533.75,-13.5,-1.2,stop
2026-06-16 14:30:00,2026-06-16 14:35:00,short,7535.5,7533.75,7537.75,7533.75,7.75,0.6888888888888889,target
2026-06-16 15:00:00,2026-06-16 15:04:00,short,7530.5,7533.0,7532.75,7528.75,-13.5,-1.2,stop
2026-06-17 13:30:00,2026-06-17 13:32:00,short,7574.75,7573.0,7577.0,7573.0,7.75,0.6888888888888889,target
2026-06-17 14:00:00,2026-06-17 14:01:00,short,7556.25,7558.75,7558.5,7554.5,-13.5,-1.2,stop
2026-06-17 14:30:00,2026-06-17 14:31:00,short,7539.5,7542.0,7541.75,7537.75,-13.5,-1.2,stop
2026-06-17 15:30:00,2026-06-17 15:31:00,short,7494.25,7496.75,7496.5,7492.5,-13.5,-1.2,stop
2026-06-18 10:30:00,2026-06-18 10:31:00,short,7544.25,7546.75,7546.5,7542.5,-13.5,-1.2,stop
2026-06-18 11:30:00,2026-06-18 11:31:00,long,7555.0,7552.5,7552.75,7556.75,-13.5,-1.2,stop
2026-06-18 13:30:00,2026-06-18 13:32:00,long,7575.75,7573.25,7573.5,7577.5,-13.5,-1.2,stop
2026-06-18 15:30:00,2026-06-18 15:33:00,short,7555.5,7558.0,7557.75,7553.75,-13.5,-1.2,stop
2026-06-19 10:00:00,2026-06-19 10:02:00,short,7557.0,7555.25,7559.25,7555.25,7.75,0.6888888888888889,target
2026-06-19 10:30:00,2026-06-19 10:36:00,short,7558.75,7561.25,7561.0,7557.0,-13.5,-1.2,stop
2026-06-19 11:00:00,2026-06-19 11:09:00,long,7566.25,7568.0,7564.0,7568.0,7.75,0.6888888888888889,target
2026-06-22 10:30:00,2026-06-22 10:31:00,short,7553.0,7555.5,7555.25,7551.25,-13.5,-1.2,stop
2026-06-23 10:00:00,2026-06-23 10:01:00,long,7469.75,7471.5,7467.5,7471.5,7.75,0.6888888888888889,target
2026-06-23 14:30:00,2026-06-23 14:31:00,short,7448.0,7450.5,7450.25,7446.25,-13.5,-1.2,stop
2026-06-23 15:30:00,2026-06-23 15:31:00,short,7446.0,7444.25,7448.25,7444.25,7.75,0.6888888888888889,target
2026-06-24 10:00:00,2026-06-24 10:01:00,short,7451.25,7453.75,7453.5,7449.5,-13.5,-1.2,stop
2026-06-24 10:30:00,2026-06-24 10:32:00,long,7467.0,7468.75,7464.75,7468.75,7.75,0.6888888888888889,target
2026-06-24 11:30:00,2026-06-24 11:31:00,long,7495.25,7492.75,7493.0,7497.0,-13.5,-1.2,stop
2026-06-24 15:00:00,2026-06-24 15:01:00,short,7412.5,7410.75,7414.75,7410.75,7.75,0.6888888888888889,target
2026-06-25 10:30:00,2026-06-25 10:31:00,long,7451.25,7453.0,7449.0,7453.0,7.75,0.6888888888888889,target
2026-06-25 11:00:00,2026-06-25 11:01:00,long,7451.5,7453.25,7449.25,7453.25,7.75,0.6888888888888889,target
2026-06-25 11:30:00,2026-06-25 11:31:00,long,7441.5,7443.25,7439.25,7443.25,7.75,0.6888888888888889,target
2026-06-25 14:00:00,2026-06-25 14:01:00,short,7426.75,7429.25,7429.0,7425.0,-13.5,-1.2,stop
2026-06-25 15:00:00,2026-06-25 15:01:00,short,7431.75,7430.0,7434.0,7430.0,7.75,0.6888888888888889,target
2026-06-25 15:30:00,2026-06-25 15:31:00,short,7417.0,7415.25,7419.25,7415.25,7.75,0.6888888888888889,target
2026-06-26 10:00:00,2026-06-26 10:01:00,long,7409.0,7406.5,7406.75,7410.75,-13.5,-1.2,stop
2026-06-26 11:00:00,2026-06-26 11:01:00,long,7422.75,7424.5,7420.5,7424.5,7.75,0.6888888888888889,target
2026-06-26 11:30:00,2026-06-26 11:31:00,long,7448.25,7445.75,7446.0,7450.0,-13.5,-1.2,stop
2026-06-26 13:30:00,2026-06-26 13:31:00,long,7443.5,7441.0,7441.25,7445.25,-13.5,-1.2,stop
2026-06-26 14:00:00,2026-06-26 14:01:00,long,7431.5,7433.25,7429.25,7433.25,7.75,0.6888888888888889,target
2026-06-26 14:30:00,2026-06-26 14:31:00,long,7421.75,7423.5,7419.5,7423.5,7.75,0.6888888888888889,target
2026-06-29 10:00:00,2026-06-29 10:01:00,short,7453.25,7455.75,7455.5,7451.5,-13.5,-1.2,stop
2026-06-29 10:30:00,2026-06-29 10:31:00,long,7456.25,7453.75,7454.0,7458.0,-13.5,-1.2,stop
2026-06-29 13:30:00,2026-06-29 13:31:00,long,7493.25,7495.0,7491.0,7495.0,7.75,0.6888888888888889,target
2026-06-29 14:30:00,2026-06-29 14:32:00,long,7492.75,7494.5,7490.5,7494.5,7.75,0.6888888888888889,target
2026-06-30 10:30:00,2026-06-30 10:31:00,long,7536.75,7538.5,7534.5,7538.5,7.75,0.6888888888888889,target
2026-06-30 11:00:00,2026-06-30 11:01:00,long,7524.25,7526.0,7522.0,7526.0,7.75,0.6888888888888889,target
2026-06-30 15:00:00,2026-06-30 15:01:00,long,7559.0,7560.75,7556.75,7560.75,7.75,0.6888888888888889,target
