entry_ts,exit_ts,side,entry_price,exit_price,stop_price,target_price,pnl,r_mult,reason
2024-07-02 09:45:00,2024-07-02 09:50:00,short,5533.0,5526.626867691518,5537.75,5526.626867691518,30.865661542410635,1.299606801785711,target
2024-07-02 09:55:00,2024-07-02 10:05:00,long,5528.0,5534.5,5523.25,5534.5,31.5,1.3263157894736841,target
2024-07-02 10:10:00,2024-07-02 10:30:00,long,5525.0,5534.5,5520.25,5534.5,46.5,1.9578947368421054,target
2024-07-03 09:46:00,2024-07-03 10:00:00,short,5571.5,5576.5,5576.25,5565.25,-26.0,-1.0947368421052632,stop
2024-07-03 10:01:00,2024-07-03 11:06:00,short,5573.0,5578.0,5577.75,5565.25,-26.0,-1.0947368421052632,stop
2024-07-03 11:07:00,2024-07-03 11:15:00,short,5576.0,5581.0,5580.75,5565.25,-26.0,-1.0947368421052632,stop
2024-07-05 09:52:00,2024-07-05 09:56:00,short,5594.25,5599.25,5599.0,5588.5,-26.0,-1.0947368421052632,stop
2024-07-05 09:57:00,2024-07-05 10:09:00,short,5598.75,5588.5,5603.5,5588.5,50.25,2.1157894736842104,target
2024-07-05 10:10:00,2024-07-05 10:18:00,long,5588.25,5594.521048139297,5583.5,5594.521048139297,30.355240696484543,1.2781153977467177,target
2024-07-08 09:45:00,2024-07-08 12:09:00,short,5633.25,5618.25,5638.0,5618.25,74.0,3.1157894736842104,target
2024-07-08 12:10:00,2024-07-08 15:55:00,long,5619.25,5628.85425720792,5614.5,5628.85425720792,47.02128603960227,1.9798436227200957,target
2024-07-09 09:45:00,2024-07-09 10:00:00,short,5637.5,5642.5,5642.25,5625.75,-26.0,-1.0947368421052632,stop
2024-07-09 10:01:00,2024-07-09 13:03:00,short,5639.75,5644.75,5644.5,5625.75,-26.0,-1.0947368421052632,stop
2024-07-09 13:04:00,2024-07-09 13:17:00,short,5644.5,5637.441586558024,5649.25,5637.441586558024,34.29206720987986,1.4438765141002046,target
2024-07-10 09:45:00,2024-07-10 10:04:00,short,5644.0,5649.0,5648.75,5632.75,-26.0,-1.0947368421052632,stop
2024-07-10 10:05:00,2024-07-10 12:05:00,short,5649.0,5654.0,5653.75,5632.75,-26.0,-1.0947368421052632,stop
2024-07-10 12:06:00,2024-07-10 12:21:00,short,5653.75,5658.75,5658.5,5646.0529107314815,-26.0,-1.0947368421052632,stop
2024-07-11 09:59:00,2024-07-11 10:12:00,short,5691.75,5685.25,5696.5,5685.25,31.5,1.3263157894736841,target
2024-07-11 10:13:00,2024-07-11 10:16:00,long,5682.5,5677.5,5677.75,5688.956239898725,-26.0,-1.0947368421052632,stop
2024-07-11 10:17:00,2024-07-11 10:18:00,long,5677.25,5672.25,5672.5,5685.25,-26.0,-1.0947368421052632,stop
2024-07-12 09:45:00,2024-07-12 09:47:00,short,5647.5,5652.5,5652.25,5634.5,-26.0,-1.0947368421052632,stop
2024-07-12 09:48:00,2024-07-12 09:56:00,short,5651.25,5656.25,5656.0,5634.5,-26.0,-1.0947368421052632,stop
2024-07-12 09:57:00,2024-07-12 10:00:00,short,5657.5,5662.5,5662.25,5649.4150884783185,-26.0,-1.0947368421052632,stop
2024-07-15 09:45:00,2024-07-15 09:48:00,short,5686.5,5691.5,5691.25,5670.5,-26.0,-1.0947368421052632,stop
2024-07-15 09:49:00,2024-07-15 10:03:00,short,5688.5,5693.5,5693.25,5670.5,-26.0,-1.0947368421052632,stop
2024-07-15 10:04:00,2024-07-15 10:30:00,short,5694.25,5699.25,5699.0,5670.5,-26.0,-1.0947368421052632,stop
2024-07-16 09:45:00,2024-07-16 10:51:00,short,5701.25,5706.25,5706.0,5685.75,-26.0,-1.0947368421052632,stop
2024-07-16 10:52:00,2024-07-16 11:06:00,short,5703.5,5708.5,5708.25,5685.75,-26.0,-1.0947368421052632,stop
2024-07-16 11:07:00,2024-07-16 11:08:00,short,5706.75,5711.75,5711.5,5699.033213100212,-26.0,-1.0947368421052632,stop
2024-07-17 09:45:00,2024-07-17 10:01:00,long,5663.75,5658.75,5659.0,5715.25,-26.0,-1.0947368421052632,stop
2024-07-17 10:02:00,2024-07-17 10:06:00,long,5659.25,5654.25,5654.5,5715.25,-26.0,-1.0947368421052632,stop
2024-07-17 10:07:00,2024-07-17 10:09:00,long,5652.5,5647.5,5647.75,5663.16396383537,-26.0,-1.0947368421052632,stop
2024-07-18 09:45:00,2024-07-18 09:57:00,short,5645.25,5650.25,5650.0,5633.25,-26.0,-1.0947368421052632,stop
2024-07-18 09:58:00,2024-07-18 10:03:00,short,5651.75,5656.75,5656.5,5633.25,-26.0,-1.0947368421052632,stop
2024-07-18 10:04:00,2024-07-18 10:10:00,short,5656.5,5661.5,5661.25,5649.799715660912,-26.0,-1.0947368421052632,stop
2024-07-19 09:47:00,2024-07-19 09:51:00,long,5587.5,5595.25,5582.75,5595.25,37.75,1.5894736842105264,target
2024-07-19 10:00:00,2024-07-19 10:09:00,long,5589.5,5595.25,5584.75,5595.25,27.75,1.168421052631579,target
2024-07-19 10:13:00,2024-07-19 10:24:00,long,5589.25,5584.25,5584.5,5595.25,-26.0,-1.0947368421052632,stop
2024-07-22 09:45:00,2024-07-22 09:47:00,short,5601.5,5606.5,5606.25,5594.560776762362,-26.0,-1.0947368421052632,stop
2024-07-22 09:48:00,2024-07-22 09:57:00,short,5604.75,5596.820484730544,5609.5,5596.820484730544,38.64757634727903,1.6272663725170118,target
2024-07-22 09:58:00,2024-07-22 10:34:00,short,5592.25,5597.25,5597.0,5556.75,-26.0,-1.0947368421052632,stop
2024-07-23 09:48:00,2024-07-23 10:06:00,short,5618.25,5623.25,5623.0,5611.112624207834,-26.0,-1.0947368421052632,stop
2024-07-23 10:07:00,2024-07-23 10:45:00,short,5622.25,5614.979029575853,5627.0,5614.979029575853,35.354852120734904,1.488625352451996,target
2024-07-23 10:47:00,2024-07-23 10:49:00,long,5610.5,5605.5,5605.75,5617.077174141417,-26.0,-1.0947368421052632,stop
2024-07-24 09:45:00,2024-07-24 09:47:00,long,5541.5,5536.5,5536.75,5602.5,-26.0,-1.0947368421052632,stop
2024-07-24 09:48:00,2024-07-24 09:51:00,long,5537.0,5532.0,5532.25,5602.5,-26.0,-1.0947368421052632,stop
2024-07-24 09:52:00,2024-07-24 09:56:00,long,5532.0,5527.0,5527.25,5540.945006997819,-26.0,-1.0947368421052632,stop
2024-07-25 09:45:00,2024-07-25 09:47:00,long,5467.5,5462.5,5462.75,5473.75,-26.0,-1.0947368421052632,stop
2024-07-25 09:48:00,2024-07-25 09:57:00,long,5462.75,5457.75,5458.0,5473.75,-26.0,-1.0947368421052632,stop
2024-07-25 09:58:00,2024-07-25 10:00:00,long,5455.5,5450.5,5450.75,5465.407386279885,-26.0,-1.0947368421052632,stop
2024-07-26 09:45:00,2024-07-26 09:47:00,short,5485.75,5478.858868170398,5490.5,5478.858868170398,33.455659148011364,1.408659332547847,target
2024-07-26 09:48:00,2024-07-26 09:59:00,short,5480.75,5485.75,5485.5,5439.5,-26.0,-1.0947368421052632,stop
2024-07-26 10:00:00,2024-07-26 10:06:00,short,5490.75,5479.868942797245,5495.5,5479.868942797245,53.40528601377537,2.248643621632647,target
2024-07-29 09:45:00,2024-07-29 09:50:00,short,5518.25,5508.593809269588,5523.0,5508.593809269588,47.280953652060816,1.990776995876245,target
2024-07-29 09:51:00,2024-07-29 09:53:00,short,5507.25,5512.25,5512.0,5496.75,-26.0,-1.0947368421052632,stop
2024-07-29 09:54:00,2024-07-29 09:56:00,short,5511.25,5516.25,5516.0,5496.75,-26.0,-1.0947368421052632,stop
2024-07-30 09:45:00,2024-07-30 10:04:00,short,5517.5,5503.5,5522.25,5503.5,69.0,2.905263157894737,target
2024-07-30 10:05:00,2024-07-30 10:22:00,short,5511.5,5503.5,5516.25,5503.5,39.0,1.6421052631578947,target
2024-07-30 10:23:00,2024-07-30 10:30:00,long,5506.25,5501.25,5501.5,5514.084059508385,-26.0,-1.0947368421052632,stop
2024-07-31 09:45:00,2024-07-31 09:48:00,short,5533.0,5538.0,5537.75,5460.75,-26.0,-1.0947368421052632,stop
2024-07-31 09:49:00,2024-07-31 09:59:00,short,5536.75,5541.75,5541.5,5460.75,-26.0,-1.0947368421052632,stop
2024-07-31 10:00:00,2024-07-31 10:02:00,short,5542.0,5547.0,5546.75,5460.75,-26.0,-1.0947368421052632,stop
2024-08-01 09:45:00,2024-08-01 09:52:00,short,5596.5,5587.229783310281,5601.25,5587.229783310281,45.35108344859418,1.9095193030987023,target
2024-08-01 09:53:00,2024-08-01 10:17:00,short,5594.0,5566.75,5598.75,5566.75,135.25,5.6947368421052635,target
2024-08-01 10:18:00,2024-08-01 10:21:00,long,5566.5,5561.5,5561.75,5585.66558319219,-26.0,-1.0947368421052632,stop
2024-08-02 09:45:00,2024-08-02 09:46:00,short,5412.0,5403.1008531633315,5416.75,5403.1008531633315,43.49573418334239,1.831399334035469,target
2024-08-02 09:47:00,2024-08-02 09:55:00,long,5397.5,5392.5,5392.75,5479.0,-26.0,-1.0947368421052632,stop
2024-08-02 09:56:00,2024-08-02 10:05:00,long,5388.25,5383.25,5383.5,5401.984565970552,-26.0,-1.0947368421052632,stop
2024-08-05 09:45:00,2024-08-05 09:46:00,short,5203.0,5208.0,5207.75,5176.04478558957,-26.0,-1.0947368421052632,stop
2024-08-05 09:47:00,2024-08-05 09:49:00,short,5207.75,5212.75,5212.5,5178.355043154794,-26.0,-1.0947368421052632,stop
2024-08-05 09:50:00,2024-08-05 09:51:00,short,5218.25,5223.25,5223.0,5183.8489496202865,-26.0,-1.0947368421052632,stop
2024-08-06 09:45:00,2024-08-06 09:47:00,long,5223.75,5234.813381709176,5219.0,5234.813381709176,54.316908545878505,2.287027728247516,target
2024-08-06 09:48:00,2024-08-06 09:52:00,short,5241.5,5246.5,5246.25,5234.909582883855,-26.0,-1.0947368421052632,stop
2024-08-06 09:53:00,2024-08-06 09:54:00,short,5256.25,5261.25,5261.0,5237.5779090781625,-26.0,-1.0947368421052632,stop
2024-08-07 09:45:00,2024-08-07 09:50:00,short,5343.25,5348.25,5348.0,5334.863846652938,-26.0,-1.0947368421052632,stop
2024-08-07 09:51:00,2024-08-07 09:57:00,short,5342.75,5347.75,5347.5,5336.963317435421,-26.0,-1.0947368421052632,stop
2024-08-07 09:58:00,2024-08-07 09:59:00,short,5347.25,5352.25,5352.0,5338.467484836279,-26.0,-1.0947368421052632,stop
2024-08-08 09:45:00,2024-08-08 09:53:00,short,5275.5,5280.5,5280.25,5226.75,-26.0,-1.0947368421052632,stop
2024-08-08 09:54:00,2024-08-08 09:59:00,short,5285.75,5290.75,5290.5,5274.853943215548,-26.0,-1.0947368421052632,stop
2024-08-08 10:00:00,2024-08-08 10:02:00,short,5295.5,5300.5,5300.25,5277.673313373634,-26.0,-1.0947368421052632,stop
2024-08-09 09:45:00,2024-08-09 09:47:00,long,5332.5,5327.5,5327.75,5339.38559288351,-26.0,-1.0947368421052632,stop
2024-08-09 09:48:00,2024-08-09 09:49:00,long,5332.75,5327.75,5328.0,5360.0,-26.0,-1.0947368421052632,stop
2024-08-09 09:50:00,2024-08-09 09:55:00,long,5328.25,5336.9516627091625,5323.5,5336.9516627091625,42.5083135458126,1.789823728244741,target
2024-08-12 09:45:00,2024-08-12 09:47:00,long,5360.0,5355.0,5355.25,5369.0,-26.0,-1.0947368421052632,stop
2024-08-12 09:48:00,2024-08-12 09:57:00,long,5354.0,5349.0,5349.25,5369.0,-26.0,-1.0947368421052632,stop
2024-08-12 09:58:00,2024-08-12 10:06:00,long,5354.25,5364.030220030286,5349.5,5364.030220030286,47.90110015142909,2.016888427428593,target
2024-08-13 09:45:00,2024-08-13 09:51:00,short,5417.75,5422.75,5422.5,5411.158499015168,-26.0,-1.0947368421052632,stop
2024-08-13 09:52:00,2024-08-13 10:50:00,short,5419.0,5424.0,5423.75,5373.5,-26.0,-1.0947368421052632,stop
2024-08-13 10:51:00,2024-08-13 11:04:00,short,5419.5,5424.5,5424.25,5412.452437395159,-26.0,-1.0947368421052632,stop
2024-08-14 09:51:00,2024-08-14 10:00:00,long,5454.25,5449.25,5449.5,5460.242772918223,-26.0,-1.0947368421052632,stop
2024-08-14 10:06:00,2024-08-14 10:11:00,long,5451.25,5446.25,5446.5,5457.671553559949,-26.0,-1.0947368421052632,stop
2024-08-14 10:12:00,2024-08-14 10:23:00,long,5447.25,5455.75,5442.5,5455.75,41.5,1.7473684210526317,target
2024-08-15 09:45:00,2024-08-15 09:50:00,short,5531.25,5536.25,5536.0,5477.25,-26.0,-1.0947368421052632,stop
2024-08-15 09:51:00,2024-08-15 09:55:00,short,5532.75,5537.75,5537.5,5477.25,-26.0,-1.0947368421052632,stop
2024-08-15 09:56:00,2024-08-15 10:02:00,short,5538.0,5543.0,5542.75,5477.25,-26.0,-1.0947368421052632,stop
2024-08-16 09:45:00,2024-08-16 10:02:00,long,5554.5,5568.75,5549.75,5568.75,70.25,2.957894736842105,target
2024-08-16 10:03:00,2024-08-16 10:18:00,short,5565.5,5570.5,5570.25,5556.8188577557075,-26.0,-1.0947368421052632,stop
2024-08-16 10:19:00,2024-08-16 10:37:00,short,5569.5,5558.982221847796,5574.25,5558.982221847796,51.5888907610215,2.172163821516695,target
2024-08-19 09:45:00,2024-08-19 10:08:00,short,5586.0,5591.0,5590.75,5578.25,-26.0,-1.0947368421052632,stop
2024-08-19 10:09:00,2024-08-19 10:17:00,short,5589.75,5578.25,5594.5,5578.25,56.5,2.3789473684210525,target
2024-08-19 10:18:00,2024-08-19 10:19:00,long,5578.75,5573.75,5574.0,5585.552315775198,-26.0,-1.0947368421052632,stop
2024-08-20 09:45:00,2024-08-20 09:54:00,short,5634.5,5639.5,5639.25,5627.5,-26.0,-1.0947368421052632,stop
2024-08-20 09:55:00,2024-08-20 10:11:00,short,5640.0,5633.856918165294,5644.75,5633.856918165294,29.715409173531043,1.251175123096044,target
2024-08-20 10:12:00,2024-08-20 10:20:00,long,5627.0,5622.0,5622.25,5635.0696244070905,-26.0,-1.0947368421052632,stop
2024-08-21 09:45:00,2024-08-21 10:00:00,short,5635.5,5640.5,5640.25,5622.5,-26.0,-1.0947368421052632,stop
2024-08-21 10:01:00,2024-08-21 10:36:00,short,5636.75,5641.75,5641.5,5622.5,-26.0,-1.0947368421052632,stop
2024-08-21 10:37:00,2024-08-21 10:41:00,short,5646.75,5651.75,5651.5,5634.456300548865,-26.0,-1.0947368421052632,stop
2024-08-22 09:45:00,2024-08-22 10:10:00,short,5658.5,5641.25,5663.25,5641.25,85.25,3.5894736842105264,target
2024-08-22 10:11:00,2024-08-22 11:10:00,long,5638.5,5633.5,5633.75,5654.969415849646,-26.0,-1.0947368421052632,stop
2024-08-22 11:11:00,2024-08-22 11:19:00,long,5635.5,5630.5,5630.75,5641.25,-26.0,-1.0947368421052632,stop
2024-08-23 09:45:00,2024-08-23 10:00:00,short,5625.25,5630.25,5630.0,5594.75,-26.0,-1.0947368421052632,stop
2024-08-23 10:01:00,2024-08-23 10:02:00,short,5645.25,5650.25,5650.0,5627.321269845347,-26.0,-1.0947368421052632,stop
2024-08-23 10:03:00,2024-08-23 10:09:00,short,5645.5,5650.5,5650.25,5630.135843607686,-26.0,-1.0947368421052632,stop
2024-08-26 09:45:00,2024-08-26 10:10:00,short,5662.0,5650.5,5666.75,5650.5,56.5,2.3789473684210525,target
2024-08-26 10:11:00,2024-08-26 10:19:00,long,5649.75,5644.75,5645.0,5660.434837794913,-26.0,-1.0947368421052632,stop
2024-08-26 10:20:00,2024-08-26 10:31:00,long,5648.75,5643.75,5644.0,5658.52543543596,-26.0,-1.0947368421052632,stop
2024-08-27 09:45:00,2024-08-27 10:24:00,long,5615.5,5636.0,5610.75,5636.0,101.5,4.273684210526316,target
2024-08-27 10:25:00,2024-08-27 10:30:00,short,5637.75,5642.75,5642.5,5624.752675519924,-26.0,-1.0947368421052632,stop
2024-08-27 10:31:00,2024-08-27 10:51:00,short,5639.75,5644.75,5644.5,5626.111208957774,-26.0,-1.0947368421052632,stop
2024-08-28 09:45:00,2024-08-28 10:06:00,long,5637.0,5632.0,5632.25,5644.25,-26.0,-1.0947368421052632,stop
2024-08-28 10:07:00,2024-08-28 10:23:00,long,5638.5,5633.5,5633.75,5644.25,-26.0,-1.0947368421052632,stop
2024-08-28 10:24:00,2024-08-28 10:42:00,long,5637.75,5632.75,5633.0,5644.25,-26.0,-1.0947368421052632,stop
2024-08-29 09:45:00,2024-08-29 09:48:00,short,5626.0,5631.0,5630.75,5605.0,-26.0,-1.0947368421052632,stop
2024-08-29 09:49:00,2024-08-29 09:56:00,short,5632.5,5637.5,5637.25,5605.0,-26.0,-1.0947368421052632,stop
2024-08-29 09:57:00,2024-08-29 10:00:00,short,5637.75,5642.75,5642.5,5629.677502888533,-26.0,-1.0947368421052632,stop
2024-08-30 09:45:00,2024-08-30 10:00:00,short,5639.5,5644.5,5644.25,5613.0,-26.0,-1.0947368421052632,stop
2024-08-30 10:01:00,2024-08-30 11:30:00,short,5642.25,5613.0,5647.0,5613.0,145.25,6.11578947368421,target
2024-08-30 11:31:00,2024-08-30 11:35:00,long,5606.75,5613.0,5602.0,5613.0,30.25,1.2736842105263158,target
2024-09-02 10:35:00,2024-09-02 10:53:00,short,5662.0,5667.0,5666.75,5655.25,-26.0,-1.0947368421052632,stop
2024-09-02 10:54:00,2024-09-02 12:59:00,short,5665.75,5665.5,5670.5,5659.172933558775,0.25,0.010526315789473684,session_flatten
2024-09-03 09:45:00,2024-09-03 09:47:00,long,5618.5,5613.5,5613.75,5665.25,-26.0,-1.0947368421052632,stop
2024-09-03 09:48:00,2024-09-03 09:50:00,long,5613.75,5608.75,5609.0,5620.5046810225085,-26.0,-1.0947368421052632,stop
2024-09-03 09:51:00,2024-09-03 10:00:00,long,5607.25,5602.25,5602.5,5618.832531463118,-26.0,-1.0947368421052632,stop
2024-09-04 09:46:00,2024-09-04 09:54:00,long,5536.0,5544.25,5531.25,5544.25,40.25,1.694736842105263,target
2024-09-04 09:56:00,2024-09-04 10:00:00,short,5544.5,5536.02153261992,5549.25,5536.02153261992,41.39233690039782,1.7428352379114873,target
2024-09-04 10:01:00,2024-09-04 10:02:00,long,5531.75,5544.25,5527.0,5544.25,61.5,2.5894736842105264,target
2024-09-05 09:45:00,2024-09-05 09:49:00,short,5537.0,5528.5,5541.75,5528.5,41.5,1.7473684210526317,target
2024-09-05 09:54:00,2024-09-05 10:00:00,short,5537.0,5542.0,5541.75,5528.5,-26.0,-1.0947368421052632,stop
2024-09-05 10:01:00,2024-09-05 10:06:00,short,5548.75,5553.75,5553.5,5535.219349516888,-26.0,-1.0947368421052632,stop
2024-09-06 09:50:00,2024-09-06 09:53:00,long,5510.25,5505.25,5505.5,5516.25,-26.0,-1.0947368421052632,stop
2024-09-06 09:54:00,2024-09-06 09:59:00,long,5500.25,5495.25,5495.5,5515.691706970023,-26.0,-1.0947368421052632,stop
2024-09-06 10:00:00,2024-09-06 10:06:00,long,5493.25,5488.25,5488.5,5512.85482091282,-26.0,-1.0947368421052632,stop
2024-09-09 09:45:00,2024-09-09 09:47:00,short,5459.75,5464.75,5464.5,5414.5,-26.0,-1.0947368421052632,stop
2024-09-09 09:48:00,2024-09-09 09:50:00,short,5461.75,5466.75,5466.5,5414.5,-26.0,-1.0947368421052632,stop
2024-09-09 09:51:00,2024-09-09 09:58:00,short,5466.0,5471.0,5470.75,5414.5,-26.0,-1.0947368421052632,stop
2024-09-10 09:45:00,2024-09-10 10:11:00,short,5497.25,5481.25,5502.0,5481.25,79.0,3.3263157894736843,target
2024-09-10 10:12:00,2024-09-10 10:13:00,long,5480.25,5475.25,5475.5,5493.26041606144,-26.0,-1.0947368421052632,stop
2024-09-10 10:14:00,2024-09-10 10:26:00,long,5474.0,5481.25,5469.25,5481.25,35.25,1.4842105263157894,target
2024-09-11 09:45:00,2024-09-11 09:46:00,long,5473.25,5468.25,5468.5,5481.112659917397,-26.0,-1.0947368421052632,stop
2024-09-11 09:47:00,2024-09-11 09:51:00,long,5469.25,5464.25,5464.5,5479.1320900738965,-26.0,-1.0947368421052632,stop
2024-09-11 09:52:00,2024-09-11 09:57:00,long,5465.0,5460.0,5460.25,5476.995470839411,-26.0,-1.0947368421052632,stop
2024-09-12 09:46:00,2024-09-12 09:47:00,long,5554.75,5549.75,5550.0,5560.859655033142,-26.0,-1.0947368421052632,stop
2024-09-12 09:48:00,2024-09-12 09:49:00,long,5546.75,5541.75,5542.0,5555.25,-26.0,-1.0947368421052632,stop
2024-09-12 09:50:00,2024-09-12 10:11:00,long,5541.0,5555.25,5536.25,5555.25,70.25,2.957894736842105,target
2024-09-13 09:45:00,2024-09-13 09:48:00,short,5618.0,5623.0,5622.75,5600.5,-26.0,-1.0947368421052632,stop
2024-09-13 09:49:00,2024-09-13 10:00:00,short,5621.5,5626.5,5626.25,5615.046741367747,-26.0,-1.0947368421052632,stop
2024-09-13 10:01:00,2024-09-13 10:12:00,short,5619.5,5624.5,5624.25,5600.5,-26.0,-1.0947368421052632,stop
2024-09-16 09:45:00,2024-09-16 09:50:00,long,5620.5,5629.25,5615.75,5629.25,42.75,1.8,target
2024-09-16 09:51:00,2024-09-16 09:53:00,short,5630.25,5635.25,5635.0,5623.9277223454055,-26.0,-1.0947368421052632,stop
2024-09-16 09:54:00,2024-09-16 10:03:00,short,5637.25,5629.25,5642.0,5629.25,39.0,1.6421052631578947,target
2024-09-17 09:45:00,2024-09-17 10:07:00,short,5662.5,5667.5,5667.25,5636.75,-26.0,-1.0947368421052632,stop
2024-09-17 10:08:00,2024-09-17 10:45:00,short,5668.0,5673.0,5672.75,5659.035507291699,-26.0,-1.0947368421052632,stop
2024-09-17 10:46:00,2024-09-17 10:58:00,short,5673.5,5662.587491613817,5678.25,5662.587491613817,53.56254193091354,2.255264923406886,target
2024-09-18 09:45:00,2024-09-18 13:30:00,short,5702.0,5707.0,5706.75,5639.75,-26.0,-1.0947368421052632,stop
2024-09-18 13:31:00,2024-09-18 13:52:00,short,5708.5,5697.13638474387,5713.25,5697.13638474387,55.81807628065144,2.3502347907642713,target
2024-09-18 13:53:00,2024-09-18 13:58:00,short,5698.5,5703.5,5703.25,5639.75,-26.0,-1.0947368421052632,stop
2024-09-19 09:45:00,2024-09-19 09:46:00,long,5759.75,5754.75,5755.0,5767.33653229071,-26.0,-1.0947368421052632,stop
2024-09-19 09:47:00,2024-09-19 09:50:00,long,5758.5,5753.5,5753.75,5764.95213214556,-26.0,-1.0947368421052632,stop
2024-09-19 09:51:00,2024-09-19 09:57:00,long,5750.5,5762.911255431251,5745.75,5762.911255431251,61.05627715625724,2.570790617105568,target
2024-09-20 09:45:00,2024-09-20 09:58:00,long,5759.75,5754.75,5755.0,5775.5,-26.0,-1.0947368421052632,stop
2024-09-20 09:59:00,2024-09-20 10:10:00,long,5753.75,5748.75,5749.0,5760.536526611802,-26.0,-1.0947368421052632,stop
2024-09-20 10:11:00,2024-09-20 10:38:00,long,5750.0,5758.545888144798,5745.25,5758.545888144798,41.729440723987864,1.7570290831152784,target
2024-09-23 09:48:00,2024-09-23 09:51:00,short,5770.0,5775.0,5774.75,5763.0,-26.0,-1.0947368421052632,stop
2024-09-23 09:52:00,2024-09-23 10:07:00,short,5771.75,5776.75,5776.5,5763.0,-26.0,-1.0947368421052632,stop
2024-09-23 10:08:00,2024-09-23 10:20:00,short,5776.5,5781.5,5781.25,5763.0,-26.0,-1.0947368421052632,stop
2024-09-24 10:00:00,2024-09-24 10:03:00,long,5764.0,5759.0,5759.25,5776.059519043806,-26.0,-1.0947368421052632,stop
2024-09-24 10:04:00,2024-09-24 10:37:00,long,5761.25,5756.25,5756.5,5772.024463189403,-26.0,-1.0947368421052632,stop
2024-09-24 10:38:00,2024-09-24 10:46:00,long,5759.25,5767.096911128027,5754.5,5767.096911128027,38.23455564013693,1.609876026953134,target
2024-09-25 10:07:00,2024-09-25 10:22:00,short,5796.5,5790.75,5801.25,5790.75,27.75,1.168421052631579,target
2024-09-25 10:49:00,2024-09-25 11:03:00,long,5787.25,5793.142568743035,5782.5,5793.142568743035,28.46284371517322,1.1984355248493987,target
2024-09-25 11:50:00,2024-09-25 12:43:00,long,5785.75,5780.75,5781.0,5791.893770399394,-26.0,-1.0947368421052632,stop
2024-09-26 09:45:00,2024-09-26 10:00:00,short,5816.25,5821.25,5821.0,5779.25,-26.0,-1.0947368421052632,stop
2024-09-26 10:01:00,2024-09-26 13:19:00,short,5816.0,5779.25,5820.75,5779.25,182.75,7.6947368421052635,target
2024-09-26 13:20:00,2024-09-26 14:12:00,long,5783.0,5802.86483544667,5778.25,5802.86483544667,98.3241772333522,4.139965357193777,target
2024-09-27 10:00:00,2024-09-27 10:22:00,short,5811.75,5816.75,5816.5,5804.25,-26.0,-1.0947368421052632,stop
2024-09-27 10:23:00,2024-09-27 10:28:00,short,5816.25,5821.25,5821.0,5804.25,-26.0,-1.0947368421052632,stop
2024-09-27 10:29:00,2024-09-27 10:35:00,short,5817.5,5811.451558285664,5822.25,5811.451558285664,29.24220857168075,1.2312508872286632,target
2024-09-30 09:59:00,2024-09-30 10:34:00,long,5782.75,5790.0,5778.0,5790.0,35.25,1.4842105263157894,target
2024-09-30 11:04:00,2024-09-30 11:40:00,short,5792.25,5786.135914083589,5797.0,5786.135914083589,29.570429582053293,1.245070719244349,target
2024-09-30 12:02:00,2024-09-30 12:08:00,short,5793.75,5798.75,5798.5,5787.3198690340405,-26.0,-1.0947368421052632,stop
2024-10-01 09:45:00,2024-10-01 09:47:00,long,5770.0,5765.0,5765.25,5781.56326820397,-26.0,-1.0947368421052632,stop
2024-10-01 09:48:00,2024-10-01 09:52:00,long,5764.25,5759.25,5759.5,5779.238149136333,-26.0,-1.0947368421052632,stop
2024-10-01 09:53:00,2024-10-01 09:55:00,long,5767.25,5762.25,5762.5,5776.660742287682,-26.0,-1.0947368421052632,stop
2024-10-02 09:45:00,2024-10-02 09:47:00,long,5727.5,5735.223170686496,5722.75,5735.223170686496,37.615853432479526,1.5838254076833485,target
2024-10-02 09:48:00,2024-10-02 10:02:00,short,5744.0,5749.0,5748.75,5735.578840376568,-26.0,-1.0947368421052632,stop
2024-10-02 10:03:00,2024-10-02 10:05:00,long,5753.25,5748.25,5748.5,5765.0,-26.0,-1.0947368421052632,stop
2024-10-03 09:45:00,2024-10-03 10:02:00,long,5743.0,5760.5,5738.25,5760.5,86.5,3.642105263157895,target
2024-10-03 10:03:00,2024-10-03 10:04:00,short,5758.25,5763.25,5763.0,5748.258388604602,-26.0,-1.0947368421052632,stop
2024-10-03 10:05:00,2024-10-03 10:14:00,short,5765.5,5749.275362839858,5770.25,5749.275362839858,80.12318580071133,3.3736078231878452,target
2024-10-04 09:45:00,2024-10-04 15:34:00,short,5791.5,5796.5,5796.25,5749.0,-26.0,-1.0947368421052632,stop
2024-10-07 09:45:00,2024-10-07 12:10:00,long,5778.5,5773.5,5773.75,5798.75,-26.0,-1.0947368421052632,stop
2024-10-07 12:11:00,2024-10-07 13:49:00,long,5774.25,5769.25,5769.5,5781.17865187404,-26.0,-1.0947368421052632,stop
2024-10-07 13:50:00,2024-10-07 14:04:00,long,5769.0,5764.0,5764.25,5779.799115587197,-26.0,-1.0947368421052632,stop
2024-10-08 09:45:00,2024-10-08 09:50:00,short,5765.5,5770.5,5770.25,5748.5,-26.0,-1.0947368421052632,stop
2024-10-08 09:51:00,2024-10-08 09:54:00,short,5766.5,5771.5,5771.25,5748.5,-26.0,-1.0947368421052632,stop
2024-10-08 09:55:00,2024-10-08 10:00:00,short,5775.25,5780.25,5780.0,5768.659591280039,-26.0,-1.0947368421052632,stop
2024-10-09 09:47:00,2024-10-09 10:07:00,short,5803.75,5808.75,5808.5,5798.0,-26.0,-1.0947368421052632,stop
2024-10-09 10:08:00,2024-10-09 10:10:00,short,5804.25,5809.25,5809.0,5798.0,-26.0,-1.0947368421052632,stop
2024-10-09 10:11:00,2024-10-09 10:27:00,short,5807.75,5812.75,5812.5,5798.0,-26.0,-1.0947368421052632,stop
2024-10-10 09:45:00,2024-10-10 09:47:00,long,5822.25,5817.25,5817.5,5838.25,-26.0,-1.0947368421052632,stop
2024-10-10 09:48:00,2024-10-10 09:52:00,long,5814.25,5820.7538913839435,5809.5,5820.7538913839435,31.519456919717413,1.3271350281986278,target
2024-10-10 09:53:00,2024-10-10 12:00:00,long,5822.5,5838.25,5817.75,5838.25,77.75,3.2736842105263158,target
2024-10-11 09:46:00,2024-10-11 09:55:00,short,5834.75,5839.75,5839.5,5828.75,-26.0,-1.0947368421052632,stop
2024-10-11 09:56:00,2024-10-11 10:02:00,short,5837.25,5842.25,5842.0,5828.75,-26.0,-1.0947368421052632,stop
2024-10-11 10:03:00,2024-10-11 10:06:00,short,5838.25,5843.25,5843.0,5828.75,-26.0,-1.0947368421052632,stop
2024-10-14 09:45:00,2024-10-14 09:48:00,short,5887.5,5892.5,5892.25,5860.5,-26.0,-1.0947368421052632,stop
2024-10-14 09:49:00,2024-10-14 10:00:00,short,5895.0,5900.0,5899.75,5883.988519278097,-26.0,-1.0947368421052632,stop
2024-10-14 10:01:00,2024-10-14 10:36:00,short,5898.5,5903.5,5903.25,5887.854438043214,-26.0,-1.0947368421052632,stop
2024-10-15 10:13:00,2024-10-15 10:29:00,long,5903.75,5898.75,5899.0,5909.609808740587,-26.0,-1.0947368421052632,stop
2024-10-15 10:30:00,2024-10-15 10:33:00,long,5896.5,5891.5,5891.75,5906.763523426461,-26.0,-1.0947368421052632,stop
2024-10-15 10:34:00,2024-10-15 10:36:00,long,5890.25,5885.25,5885.5,5904.172818283314,-26.0,-1.0947368421052632,stop
2024-10-16 09:45:00,2024-10-16 10:06:00,long,5855.25,5864.25,5850.5,5864.25,44.0,1.8526315789473684,target
2024-10-16 10:07:00,2024-10-16 10:22:00,short,5865.0,5870.0,5869.75,5857.502820998038,-26.0,-1.0947368421052632,stop
2024-10-16 10:23:00,2024-10-16 10:25:00,short,5868.5,5873.5,5873.25,5859.841248172262,-26.0,-1.0947368421052632,stop
2024-10-17 09:45:00,2024-10-17 09:53:00,short,5906.75,5911.75,5911.5,5885.0,-26.0,-1.0947368421052632,stop
2024-10-17 09:54:00,2024-10-17 12:02:00,short,5908.5,5913.5,5913.25,5885.0,-26.0,-1.0947368421052632,stop
2024-10-17 12:03:00,2024-10-17 12:33:00,short,5909.75,5901.741289367973,5914.5,5901.741289367973,39.04355316013516,1.6439390804267435,target
2024-10-18 09:45:00,2024-10-18 11:28:00,short,5898.0,5903.0,5902.75,5888.75,-26.0,-1.0947368421052632,stop
2024-10-18 11:29:00,2024-10-18 12:43:00,short,5903.0,5908.0,5907.75,5895.575606369262,-26.0,-1.0947368421052632,stop
2024-10-18 12:44:00,2024-10-18 12:53:00,short,5907.25,5912.25,5912.0,5897.024640007523,-26.0,-1.0947368421052632,stop
2024-10-21 10:27:00,2024-10-21 10:31:00,long,5899.75,5894.75,5895.0,5906.0,-26.0,-1.0947368421052632,stop
2024-10-21 10:32:00,2024-10-21 10:39:00,long,5897.25,5892.25,5892.5,5906.0,-26.0,-1.0947368421052632,stop
2024-10-21 10:40:00,2024-10-21 10:45:00,long,5891.25,5886.25,5886.5,5900.332683710995,-26.0,-1.0947368421052632,stop
2024-10-22 09:45:00,2024-10-22 09:52:00,long,5871.75,5866.75,5867.0,5896.25,-26.0,-1.0947368421052632,stop
2024-10-22 09:53:00,2024-10-22 13:50:00,long,5868.5,5896.25,5863.75,5896.25,137.75,5.8,target
2024-10-22 13:51:00,2024-10-22 14:02:00,short,5897.25,5902.25,5902.0,5877.187505666848,-26.0,-1.0947368421052632,stop
2024-10-23 09:45:00,2024-10-23 10:01:00,long,5870.0,5865.0,5865.25,5890.0,-26.0,-1.0947368421052632,stop
2024-10-23 10:02:00,2024-10-23 10:05:00,long,5868.5,5863.5,5863.75,5890.0,-26.0,-1.0947368421052632,stop
2024-10-23 10:06:00,2024-10-23 10:34:00,long,5862.25,5869.4958667575875,5857.5,5869.4958667575875,35.22933378793732,1.4833403700184136,target
2024-10-24 09:45:00,2024-10-24 09:47:00,short,5843.25,5848.25,5848.0,5835.5,-26.0,-1.0947368421052632,stop
2024-10-24 09:48:00,2024-10-24 09:54:00,short,5845.0,5850.0,5849.75,5835.5,-26.0,-1.0947368421052632,stop
2024-10-24 09:55:00,2024-10-24 10:02:00,short,5851.25,5856.25,5856.0,5835.5,-26.0,-1.0947368421052632,stop
2024-10-25 09:45:00,2024-10-25 09:46:00,short,5882.25,5887.25,5887.0,5852.5,-26.0,-1.0947368421052632,stop
2024-10-25 09:47:00,2024-10-25 09:58:00,short,5884.75,5889.75,5889.5,5852.5,-26.0,-1.0947368421052632,stop
2024-10-25 09:59:00,2024-10-25 10:01:00,short,5888.75,5893.75,5893.5,5881.441612796288,-26.0,-1.0947368421052632,stop
2024-10-28 09:45:00,2024-10-28 10:23:00,short,5871.0,5876.0,5875.75,5845.75,-26.0,-1.0947368421052632,stop
2024-10-28 10:24:00,2024-10-28 10:27:00,short,5874.5,5879.5,5879.25,5845.75,-26.0,-1.0947368421052632,stop
2024-10-28 10:28:00,2024-10-28 16:00:00,short,5878.0,5861.75,5882.75,5845.75,80.25,3.3789473684210525,session_flatten
2024-10-29 09:45:00,2024-10-29 09:49:00,short,5850.5,5843.620262297342,5855.25,5843.620262297342,33.39868851328811,1.4062605689805519,target
2024-10-29 09:50:00,2024-10-29 10:11:00,long,5847.25,5861.5,5842.5,5861.5,70.25,2.957894736842105,target
2024-10-29 10:12:00,2024-10-29 10:22:00,short,5857.75,5862.75,5862.5,5848.940461225442,-26.0,-1.0947368421052632,stop
2024-10-30 09:45:00,2024-10-30 09:47:00,long,5850.5,5857.072743904751,5845.75,5857.072743904751,31.863719523757027,1.341630295737138,target
2024-10-30 09:48:00,2024-10-30 10:02:00,long,5858.25,5874.25,5853.5,5874.25,79.0,3.3263157894736843,target
2024-10-30 10:03:00,2024-10-30 10:04:00,short,5872.5,5877.5,5877.25,5860.200024349447,-26.0,-1.0947368421052632,stop
2024-10-31 09:45:00,2024-10-31 09:47:00,long,5798.0,5793.0,5793.25,5845.0,-26.0,-1.0947368421052632,stop
2024-10-31 09:48:00,2024-10-31 09:50:00,long,5787.75,5782.75,5783.0,5798.603698755308,-26.0,-1.0947368421052632,stop
2024-10-31 09:51:00,2024-10-31 09:54:00,long,5786.75,5781.75,5782.0,5795.955924817435,-26.0,-1.0947368421052632,stop
2024-11-01 09:45:00,2024-11-01 09:52:00,short,5775.5,5780.5,5780.25,5769.09021795415,-26.0,-1.0947368421052632,stop
2024-11-01 09:53:00,2024-11-01 10:00:00,short,5779.0,5784.0,5783.75,5771.261604564889,-26.0,-1.0947368421052632,stop
2024-11-01 10:01:00,2024-11-01 10:07:00,short,5777.5,5782.5,5782.25,5743.25,-26.0,-1.0947368421052632,stop
2024-11-04 09:45:00,2024-11-04 10:02:00,short,5759.0,5764.0,5763.75,5750.483349261192,-26.0,-1.0947368421052632,stop
2024-11-04 10:04:00,2024-11-04 10:07:00,short,5760.5,5765.5,5765.25,5753.957464238486,-26.0,-1.0947368421052632,stop
2024-11-04 10:10:00,2024-11-04 10:23:00,short,5761.25,5766.25,5766.0,5754.94267997494,-26.0,-1.0947368421052632,stop
2024-11-05 09:45:00,2024-11-05 09:48:00,short,5769.0,5774.0,5773.75,5743.75,-26.0,-1.0947368421052632,stop
2024-11-05 09:49:00,2024-11-05 09:53:00,short,5773.75,5778.75,5778.5,5766.827413871307,-26.0,-1.0947368421052632,stop
2024-11-05 09:54:00,2024-11-05 09:55:00,short,5779.5,5784.5,5784.25,5768.640729563268,-26.0,-1.0947368421052632,stop
2024-11-06 09:45:00,2024-11-06 09:46:00,long,5925.5,5920.5,5920.75,5931.332766624688,-26.0,-1.0947368421052632,stop
2024-11-06 09:47:00,2024-11-06 09:50:00,long,5914.0,5909.0,5909.25,5929.541657058673,-26.0,-1.0947368421052632,stop
2024-11-06 09:51:00,2024-11-06 09:55:00,long,5909.5,5904.5,5904.75,5925.179706421659,-26.0,-1.0947368421052632,stop
2024-11-07 09:45:00,2024-11-07 09:52:00,short,5978.75,5983.75,5983.5,5960.0,-26.0,-1.0947368421052632,stop
2024-11-07 09:53:00,2024-11-07 10:01:00,short,5982.25,5987.25,5987.0,5960.0,-26.0,-1.0947368421052632,stop
2024-11-07 10:02:00,2024-11-07 10:26:00,short,5985.5,5990.5,5990.25,5960.0,-26.0,-1.0947368421052632,stop
2024-11-08 09:45:00,2024-11-08 09:48:00,short,6008.25,6013.25,6013.0,6002.25,-26.0,-1.0947368421052632,stop
2024-11-08 09:49:00,2024-11-08 10:00:00,short,6011.75,6016.75,6016.5,6002.25,-26.0,-1.0947368421052632,stop
2024-11-08 10:01:00,2024-11-08 10:04:00,short,6017.0,6010.678773575204,6021.75,6010.678773575204,30.606132123979478,1.2886792473254518,target
2024-11-11 09:45:00,2024-11-11 10:07:00,long,6035.0,6030.0,6030.25,6041.354183459616,-26.0,-1.0947368421052632,stop
2024-11-11 10:08:00,2024-11-11 10:36:00,short,6033.25,6038.25,6038.0,6027.25,-26.0,-1.0947368421052632,stop
2024-11-11 10:37:00,2024-11-11 10:40:00,short,6038.5,6043.5,6043.25,6027.25,-26.0,-1.0947368421052632,stop
2024-11-12 10:04:00,2024-11-12 10:44:00,long,6024.75,6019.75,6020.0,6031.431433010637,-26.0,-1.0947368421052632,stop
2024-11-12 10:45:00,2024-11-12 10:57:00,long,6020.5,6015.5,6015.75,6027.820274689471,-26.0,-1.0947368421052632,stop
2024-11-12 10:58:00,2024-11-12 11:37:00,long,6017.25,6012.25,6012.5,6026.800668470363,-26.0,-1.0947368421052632,stop
2024-11-13 09:56:00,2024-11-13 09:58:00,long,6008.25,6014.0,6003.5,6014.0,27.75,1.168421052631579,target
2024-11-13 10:01:00,2024-11-13 10:05:00,long,6007.75,6002.75,6003.0,6014.0,-26.0,-1.0947368421052632,stop
2024-11-13 10:06:00,2024-11-13 10:07:00,long,5997.25,5992.25,5992.5,6011.424685915709,-26.0,-1.0947368421052632,stop
2024-11-14 09:45:00,2024-11-14 09:50:00,long,6003.0,6010.216439261923,5998.25,6010.216439261923,35.08219630961685,1.4771451077733408,target
2024-11-14 09:51:00,2024-11-14 09:52:00,long,6010.0,6005.0,6005.25,6016.0,-26.0,-1.0947368421052632,stop
2024-11-14 09:53:00,2024-11-14 10:03:00,long,6005.75,6000.75,6001.0,6016.0,-26.0,-1.0947368421052632,stop
2024-11-15 09:45:00,2024-11-15 09:55:00,long,5934.75,5929.75,5930.0,5975.75,-26.0,-1.0947368421052632,stop
2024-11-15 09:56:00,2024-11-15 10:00:00,long,5928.75,5923.75,5924.0,5975.75,-26.0,-1.0947368421052632,stop
2024-11-15 10:01:00,2024-11-15 10:07:00,long,5921.5,5916.5,5916.75,5932.897987497608,-26.0,-1.0947368421052632,stop
2024-11-18 09:46:00,2024-11-18 10:04:00,long,5894.0,5902.75,5889.25,5902.75,42.75,1.8,target
2024-11-18 10:05:00,2024-11-18 10:16:00,short,5903.75,5908.75,5908.5,5896.8271659727625,-26.0,-1.0947368421052632,stop
2024-11-18 10:17:00,2024-11-18 10:30:00,short,5907.25,5912.25,5912.0,5898.283097346023,-26.0,-1.0947368421052632,stop
2024-11-19 09:45:00,2024-11-19 09:47:00,long,5892.75,5887.75,5888.0,5920.25,-26.0,-1.0947368421052632,stop
2024-11-19 09:48:00,2024-11-19 09:50:00,long,5887.25,5882.25,5882.5,5920.25,-26.0,-1.0947368421052632,stop
2024-11-19 09:51:00,2024-11-19 11:17:00,long,5883.25,5920.25,5878.5,5920.25,184.0,7.747368421052632,target
2024-11-20 09:45:00,2024-11-20 09:57:00,long,5915.25,5910.25,5910.5,5923.750724911274,-26.0,-1.0947368421052632,stop
2024-11-20 09:58:00,2024-11-20 10:05:00,long,5910.75,5905.75,5906.0,5920.609768805402,-26.0,-1.0947368421052632,stop
2024-11-20 10:06:00,2024-11-20 10:09:00,long,5899.25,5894.25,5894.5,5917.09565098655,-26.0,-1.0947368421052632,stop
2024-11-21 09:45:00,2024-11-21 09:46:00,long,5931.5,5937.379998746825,5926.75,5937.379998746825,28.3999937341232,1.195789209857819,target
2024-11-21 09:48:00,2024-11-21 09:49:00,short,5943.5,5948.5,5948.25,5937.406278523531,-26.0,-1.0947368421052632,stop
2024-11-21 09:50:00,2024-11-21 09:52:00,short,5946.0,5938.097576253789,5950.75,5938.097576253789,38.512118731054215,1.621562893939125,target
2024-11-22 09:45:00,2024-11-22 10:09:00,short,5990.25,5977.304019300248,5995.0,5977.304019300248,63.729903498759995,2.683364357842526,target
2024-11-22 10:11:00,2024-11-22 10:13:00,long,5973.75,5980.542999626098,5969.0,5980.542999626098,32.96499813049104,1.3879999212838332,target
2024-11-22 10:17:00,2024-11-22 10:22:00,short,5977.5,5971.25,5982.25,5971.25,30.25,1.2736842105263158,target
2024-11-25 09:45:00,2024-11-25 09:48:00,short,6038.25,6031.570781272007,6043.0,6031.570781272007,32.39609363996715,1.3640460479986167,target
2024-11-25 09:49:00,2024-11-25 12:29:00,short,6031.5,5989.75,6036.25,5989.75,207.75,8.74736842105263,target
2024-11-25 12:30:00,2024-11-25 12:44:00,long,5991.5,5986.5,5986.75,6015.809307875895,-26.0,-1.0947368421052632,stop
2024-11-26 09:45:00,2024-11-26 09:50:00,short,6021.25,6026.25,6026.0,6005.25,-26.0,-1.0947368421052632,stop
2024-11-26 09:51:00,2024-11-26 12:58:00,short,6026.5,6031.5,6031.25,6005.25,-26.0,-1.0947368421052632,stop
2024-11-26 12:59:00,2024-11-26 15:33:00,short,6031.5,6036.5,6036.25,6021.537606873236,-26.0,-1.0947368421052632,stop
2024-11-27 09:45:00,2024-11-27 10:01:00,long,6033.75,6028.75,6029.0,6039.75,-26.0,-1.0947368421052632,stop
2024-11-27 10:02:00,2024-11-27 10:15:00,long,6030.5,6025.5,6025.75,6039.75,-26.0,-1.0947368421052632,stop
2024-11-27 10:16:00,2024-11-27 10:28:00,long,6025.5,6020.5,6020.75,6039.75,-26.0,-1.0947368421052632,stop
2024-11-28 09:45:00,2024-11-28 11:02:00,short,6027.5,6032.5,6032.25,6016.25,-26.0,-1.0947368421052632,stop
2024-11-28 11:03:00,2024-11-28 12:59:00,short,6031.5,6030.5,6036.25,6016.25,4.0,0.16842105263157894,session_flatten
2024-11-29 09:59:00,2024-11-29 10:06:00,short,6032.75,6037.75,6037.5,6026.854535113853,-26.0,-1.0947368421052632,stop
2024-11-29 10:07:00,2024-11-29 10:16:00,short,6038.25,6043.25,6043.0,6030.25,-26.0,-1.0947368421052632,stop
2024-11-29 10:17:00,2024-11-29 11:09:00,short,6042.5,6047.5,6047.25,6031.606335552184,-26.0,-1.0947368421052632,stop
2024-12-02 10:28:00,2024-12-02 10:55:00,short,6057.25,6051.5,6062.0,6051.5,27.75,1.168421052631579,target
2024-12-02 11:10:00,2024-12-02 11:40:00,short,6057.75,6062.75,6062.5,6051.5,-26.0,-1.0947368421052632,stop
2024-12-02 11:41:00,2024-12-02 15:15:00,short,6062.0,6067.0,6066.75,6051.5,-26.0,-1.0947368421052632,stop
2024-12-03 09:45:00,2024-12-03 10:20:00,long,6056.5,6051.5,6051.75,6063.75,-26.0,-1.0947368421052632,stop
2024-12-03 10:21:00,2024-12-03 14:47:00,long,6052.0,6063.75,6047.25,6063.75,57.75,2.431578947368421,target
2024-12-03 14:48:00,2024-12-03 16:00:00,short,6063.0,6063.5,6067.75,6055.504890636649,-3.5,-0.14736842105263157,session_flatten
2024-12-04 09:45:00,2024-12-04 09:54:00,short,6079.25,6084.25,6084.0,6063.25,-26.0,-1.0947368421052632,stop
2024-12-04 09:55:00,2024-12-04 11:54:00,short,6084.0,6089.0,6088.75,6063.25,-26.0,-1.0947368421052632,stop
2024-12-04 11:55:00,2024-12-04 14:21:00,short,6086.75,6091.75,6091.5,6063.25,-26.0,-1.0947368421052632,stop
2024-12-05 10:02:00,2024-12-05 10:16:00,short,6102.75,6097.0,6107.5,6097.0,27.75,1.168421052631579,target
2024-12-05 10:38:00,2024-12-05 11:28:00,long,6091.75,6098.228787504267,6087.0,6098.228787504267,31.3939375213331,1.321850000898236,target
2024-12-05 12:13:00,2024-12-05 13:21:00,short,6102.75,6097.0,6107.5,6097.0,27.75,1.168421052631579,target
2024-12-06 09:45:00,2024-12-06 09:47:00,short,6103.0,6108.0,6107.75,6087.0,-26.0,-1.0947368421052632,stop
2024-12-06 09:48:00,2024-12-06 11:08:00,short,6108.5,6101.799429622984,6113.25,6101.799429622984,32.50285188508224,1.3685411320034626,target
2024-12-06 11:09:00,2024-12-06 16:00:00,short,6101.75,6099.5,6106.5,6087.0,10.25,0.43157894736842106,session_flatten
2024-12-09 09:45:00,2024-12-09 10:16:00,long,6093.5,6088.5,6088.75,6099.25,-26.0,-1.0947368421052632,stop
2024-12-09 10:17:00,2024-12-09 10:28:00,long,6087.0,6082.0,6082.25,6099.25,-26.0,-1.0947368421052632,stop
2024-12-09 10:29:00,2024-12-09 10:38:00,long,6082.75,6077.75,6078.0,6090.516289062058,-26.0,-1.0947368421052632,stop
2024-12-10 10:06:00,2024-12-10 10:45:00,short,6070.5,6075.5,6075.25,6064.75,-26.0,-1.0947368421052632,stop
2024-12-10 10:46:00,2024-12-10 11:08:00,short,6072.5,6064.75,6077.25,6064.75,37.75,1.5894736842105264,target
2024-12-10 12:16:00,2024-12-10 12:33:00,long,6061.25,6067.093595026168,6056.5,6067.093595026168,28.217975130841296,1.1881252686670019,target
2024-12-11 09:45:00,2024-12-11 10:05:00,short,6080.5,6085.5,6085.25,6048.0,-26.0,-1.0947368421052632,stop
2024-12-11 10:06:00,2024-12-11 10:11:00,short,6084.5,6089.5,6089.25,6048.0,-26.0,-1.0947368421052632,stop
2024-12-11 10:12:00,2024-12-11 11:28:00,short,6088.0,6093.0,6092.75,6080.982440498075,-26.0,-1.0947368421052632,stop
2024-12-12 09:45:00,2024-12-12 09:55:00,long,6078.0,6073.0,6073.25,6089.75,-26.0,-1.0947368421052632,stop
2024-12-12 09:56:00,2024-12-12 10:10:00,long,6074.0,6069.0,6069.25,6089.75,-26.0,-1.0947368421052632,stop
2024-12-12 10:11:00,2024-12-12 10:19:00,long,6068.5,6075.57355733357,6063.75,6075.57355733357,34.36778666784812,1.4470647018041314,target
2024-12-13 09:45:00,2024-12-13 10:40:00,short,6082.75,6059.5,6087.5,6059.5,115.25,4.852631578947369,target
2024-12-13 10:41:00,2024-12-13 11:00:00,long,6051.75,6046.75,6047.0,6059.5,-26.0,-1.0947368421052632,stop
2024-12-13 11:01:00,2024-12-13 11:35:00,long,6045.75,6059.5,6041.0,6059.5,67.75,2.8526315789473684,target
2024-12-16 09:45:00,2024-12-16 09:51:00,short,6069.25,6074.25,6074.0,6054.0,-26.0,-1.0947368421052632,stop
2024-12-16 09:52:00,2024-12-16 10:00:00,short,6072.0,6077.0,6076.75,6054.0,-26.0,-1.0947368421052632,stop
2024-12-16 10:01:00,2024-12-16 10:35:00,short,6077.75,6082.75,6082.5,6054.0,-26.0,-1.0947368421052632,stop
2024-12-17 09:45:00,2024-12-17 10:00:00,long,6056.0,6051.0,6051.25,6081.0,-26.0,-1.0947368421052632,stop
2024-12-17 10:01:00,2024-12-17 10:10:00,long,6051.0,6046.0,6046.25,6081.0,-26.0,-1.0947368421052632,stop
2024-12-17 10:11:00,2024-12-17 11:00:00,long,6045.75,6052.438191096277,6041.0,6052.438191096277,32.440955481382844,1.3659349676371724,target
2024-12-18 09:45:00,2024-12-18 09:53:00,short,6121.0,6126.0,6125.75,6050.75,-26.0,-1.0947368421052632,stop
2024-12-18 09:54:00,2024-12-18 10:05:00,short,6128.5,6133.5,6133.25,6050.75,-26.0,-1.0947368421052632,stop
2024-12-18 10:06:00,2024-12-18 10:22:00,short,6132.0,6137.0,6136.75,6124.816702025171,-26.0,-1.0947368421052632,stop
2024-12-19 09:45:00,2024-12-19 09:46:00,long,5984.0,5992.861815067254,5979.25,5992.861815067254,43.309075336268506,1.823540014158674,target
2024-12-19 09:47:00,2024-12-19 15:36:00,short,5994.0,5939.25,5998.75,5939.25,272.75,11.48421052631579,target
2024-12-20 09:45:00,2024-12-20 09:46:00,long,5919.25,5914.25,5914.5,5937.0,-26.0,-1.0947368421052632,stop
2024-12-20 09:47:00,2024-12-20 09:48:00,long,5912.5,5907.5,5907.75,5937.0,-26.0,-1.0947368421052632,stop
2024-12-20 09:49:00,2024-12-20 09:50:00,long,5906.5,5901.5,5901.75,5914.487735426952,-26.0,-1.0947368421052632,stop
2024-12-23 09:45:00,2024-12-23 09:46:00,long,5996.25,5991.25,5991.5,6002.053711342063,-26.0,-1.0947368421052632,stop
2024-12-23 09:47:00,2024-12-23 09:48:00,long,5994.25,5989.25,5989.5,6000.2934006734,-26.0,-1.0947368421052632,stop
2024-12-23 09:49:00,2024-12-23 09:50:00,long,5985.75,5980.75,5981.0,5998.9464485477165,-26.0,-1.0947368421052632,stop
2024-12-24 09:45:00,2024-12-24 10:00:00,short,6056.0,6061.0,6060.75,6050.200236452132,-26.0,-1.0947368421052632,stop
2024-12-24 10:01:00,2024-12-24 10:04:00,short,6061.25,6066.25,6066.0,6053.060524063409,-26.0,-1.0947368421052632,stop
2024-12-24 10:05:00,2024-12-24 10:15:00,short,6064.0,6069.0,6068.75,6054.168210222123,-26.0,-1.0947368421052632,stop
2024-12-26 09:45:00,2024-12-26 09:50:00,long,6081.25,6076.25,6076.5,6099.0,-26.0,-1.0947368421052632,stop
2024-12-26 09:51:00,2024-12-26 09:52:00,long,6079.75,6074.75,6075.0,6099.0,-26.0,-1.0947368421052632,stop
2024-12-26 09:53:00,2024-12-26 09:59:00,long,6065.0,6079.472667844523,6060.25,6079.472667844523,71.36333922261565,3.0047721777943432,target
2024-12-27 09:45:00,2024-12-27 10:00:00,long,6045.0,6040.0,6040.25,6095.25,-26.0,-1.0947368421052632,stop
2024-12-27 10:01:00,2024-12-27 10:05:00,long,6029.5,6024.5,6024.75,6046.136071259581,-26.0,-1.0947368421052632,stop
2024-12-27 10:06:00,2024-12-27 10:07:00,long,6025.75,6020.75,6021.0,6042.219430910136,-26.0,-1.0947368421052632,stop
2024-12-30 09:45:00,2024-12-30 09:46:00,long,5935.25,5930.25,5930.5,5943.312819234391,-26.0,-1.0947368421052632,stop
2024-12-30 09:47:00,2024-12-30 09:57:00,long,5935.0,5930.0,5930.25,5942.185673249994,-26.0,-1.0947368421052632,stop
2024-12-30 09:58:00,2024-12-30 10:00:00,long,5930.0,5925.0,5925.25,5939.8476426794905,-26.0,-1.0947368421052632,stop
2024-12-31 09:45:00,2024-12-31 09:46:00,short,5965.5,5970.5,5970.25,5955.5,-26.0,-1.0947368421052632,stop
2024-12-31 09:47:00,2024-12-31 10:02:00,short,5974.0,5979.0,5978.75,5955.5,-26.0,-1.0947368421052632,stop
2024-12-31 10:03:00,2024-12-31 10:11:00,short,5975.0,5955.5,5979.75,5955.5,96.5,4.063157894736842,target
2025-01-02 09:45:00,2025-01-02 09:46:00,short,5945.25,5950.25,5950.0,5936.0,-26.0,-1.0947368421052632,stop
2025-01-02 09:47:00,2025-01-02 09:49:00,short,5950.0,5955.0,5954.75,5936.0,-26.0,-1.0947368421052632,stop
2025-01-02 09:50:00,2025-01-02 09:52:00,short,5954.0,5959.0,5958.75,5936.0,-26.0,-1.0947368421052632,stop
2025-01-03 09:45:00,2025-01-03 11:03:00,short,5961.5,5966.5,5966.25,5921.0,-26.0,-1.0947368421052632,stop
2025-01-03 11:04:00,2025-01-03 11:08:00,short,5965.75,5952.977850261982,5970.5,5952.977850261982,62.86074869009008,2.6467683658985295,target
2025-01-03 11:09:00,2025-01-03 11:20:00,short,5955.0,5960.0,5959.75,5921.0,-26.0,-1.0947368421052632,stop
2025-01-06 09:45:00,2025-01-06 09:46:00,short,6047.0,6052.0,6051.75,6037.98901060457,-26.0,-1.0947368421052632,stop
2025-01-06 09:47:00,2025-01-06 10:02:00,short,6048.75,6053.75,6053.5,6039.132644028186,-26.0,-1.0947368421052632,stop
2025-01-06 10:03:00,2025-01-06 10:10:00,short,6052.0,6057.0,6056.75,6042.935264617706,-26.0,-1.0947368421052632,stop
2025-01-07 09:45:00,2025-01-07 10:00:00,short,6039.25,6025.25,6044.0,6025.25,69.0,2.905263157894737,target
2025-01-07 10:01:00,2025-01-07 10:05:00,long,6008.5,6003.5,6003.75,6025.25,-26.0,-1.0947368421052632,stop
2025-01-07 10:06:00,2025-01-07 10:08:00,long,6006.25,6001.25,6001.5,6025.25,-26.0,-1.0947368421052632,stop
2025-01-08 09:45:00,2025-01-08 09:46:00,long,5944.0,5939.0,5939.25,5955.75,-26.0,-1.0947368421052632,stop
2025-01-08 09:47:00,2025-01-08 09:52:00,long,5944.0,5939.0,5939.25,5955.75,-26.0,-1.0947368421052632,stop
2025-01-08 09:53:00,2025-01-08 10:00:00,long,5934.0,5944.569313836429,5929.25,5944.569313836429,51.84656918214296,2.1830134392481244,target
2025-01-10 09:45:00,2025-01-10 09:46:00,long,5910.5,5905.5,5905.75,5964.25,-26.0,-1.0947368421052632,stop
2025-01-10 09:47:00,2025-01-10 09:48:00,long,5891.25,5886.25,5886.5,5905.789529810799,-26.0,-1.0947368421052632,stop
2025-01-10 09:49:00,2025-01-10 09:53:00,long,5889.0,5884.0,5884.25,5903.719635604662,-26.0,-1.0947368421052632,stop
2025-01-13 09:45:00,2025-01-13 12:00:00,long,5823.0,5818.0,5818.25,5868.5,-26.0,-1.0947368421052632,stop
2025-01-13 12:01:00,2025-01-13 12:09:00,long,5818.25,5831.682020848746,5813.5,5831.682020848746,66.16010424373053,2.785688599736022,target
2025-01-13 12:10:00,2025-01-13 14:41:00,long,5832.75,5868.5,5828.0,5868.5,177.75,7.484210526315789,target
2025-01-14 09:45:00,2025-01-14 11:00:00,short,5905.25,5875.25,5910.0,5875.25,149.0,6.273684210526316,target
2025-01-14 11:01:00,2025-01-14 11:02:00,long,5874.0,5869.0,5869.25,5892.736805422621,-26.0,-1.0947368421052632,stop
2025-01-14 11:03:00,2025-01-14 11:04:00,long,5867.25,5862.25,5862.5,5875.25,-26.0,-1.0947368421052632,stop
2025-01-15 09:45:00,2025-01-15 09:48:00,short,5974.0,5979.0,5978.75,5965.530625875156,-26.0,-1.0947368421052632,stop
2025-01-15 09:49:00,2025-01-15 10:12:00,short,5982.25,5987.25,5987.0,5968.295263834427,-26.0,-1.0947368421052632,stop
2025-01-15 10:13:00,2025-01-15 10:19:00,short,5987.0,5992.0,5991.75,5974.573392040129,-26.0,-1.0947368421052632,stop
2025-01-16 09:45:00,2025-01-16 09:46:00,long,5990.5,5985.5,5985.75,5996.3746544578935,-26.0,-1.0947368421052632,stop
2025-01-16 09:47:00,2025-01-16 09:59:00,long,5985.25,5980.25,5980.5,5995.009789283517,-26.0,-1.0947368421052632,stop
2025-01-16 10:00:00,2025-01-16 10:08:00,long,5976.5,5989.25,5971.75,5989.25,62.75,2.642105263157895,target
2025-01-17 09:45:00,2025-01-17 09:52:00,short,6023.75,6028.75,6028.5,5975.25,-26.0,-1.0947368421052632,stop
2025-01-17 09:53:00,2025-01-17 10:05:00,short,6024.75,6029.75,6029.5,5975.25,-26.0,-1.0947368421052632,stop
2025-01-17 10:06:00,2025-01-17 10:39:00,short,6028.75,6033.75,6033.5,5975.25,-26.0,-1.0947368421052632,stop
2025-01-20 09:45:00,2025-01-20 12:59:00,short,6074.5,6054.75,6079.25,6032.5,97.75,4.11578947368421,session_flatten
2025-01-21 09:45:00,2025-01-21 09:47:00,short,6062.5,6067.5,6067.25,6054.5,-26.0,-1.0947368421052632,stop
2025-01-21 09:48:00,2025-01-21 09:53:00,short,6070.5,6061.684818586291,6075.25,6061.684818586291,43.07590706854535,1.8137224028861199,target
2025-01-21 09:54:00,2025-01-21 09:55:00,long,6054.75,6061.916527746079,6050.0,6061.916527746079,34.83263873039414,1.4666374202271215,target
2025-01-22 09:45:00,2025-01-22 09:54:00,short,6115.0,6120.0,6119.75,6089.25,-26.0,-1.0947368421052632,stop
2025-01-22 09:55:00,2025-01-22 10:15:00,short,6122.0,6127.0,6126.75,6115.157011356813,-26.0,-1.0947368421052632,stop
2025-01-22 10:16:00,2025-01-22 11:30:00,short,6126.25,6131.25,6131.0,6118.423635842469,-26.0,-1.0947368421052632,stop
2025-01-23 10:02:00,2025-01-23 10:44:00,long,6114.5,6120.5,6109.75,6120.5,29.0,1.2210526315789474,target
2025-01-23 10:45:00,2025-01-23 11:00:00,short,6122.0,6127.0,6126.75,6116.0057586200965,-26.0,-1.0947368421052632,stop
2025-01-23 11:01:00,2025-01-23 11:11:00,short,6127.75,6120.5,6132.5,6120.5,35.25,1.4842105263157894,target
2025-01-24 09:45:00,2025-01-24 10:03:00,short,6158.75,6150.75,6163.5,6150.75,39.0,1.6421052631578947,target
2025-01-24 10:20:00,2025-01-24 11:36:00,long,6148.0,6153.990756156912,6143.25,6153.990756156912,28.95378078455815,1.2191065593498167,target
2025-01-24 11:51:00,2025-01-24 11:58:00,short,6156.5,6150.75,6161.25,6150.75,27.75,1.168421052631579,target
2025-01-27 09:45:00,2025-01-27 09:52:00,short,6030.5,6035.5,6035.25,6024.718265601438,-26.0,-1.0947368421052632,stop
2025-01-27 09:53:00,2025-01-27 09:54:00,short,6032.5,6037.5,6037.25,6026.167488964065,-26.0,-1.0947368421052632,stop
2025-01-27 09:55:00,2025-01-27 10:04:00,long,6031.5,6026.5,6026.75,6131.75,-26.0,-1.0947368421052632,stop
2025-01-28 09:45:00,2025-01-28 09:46:00,long,6037.25,6032.25,6032.5,6043.986785969541,-26.0,-1.0947368421052632,stop
2025-01-28 09:47:00,2025-01-28 10:00:00,long,6024.75,6041.334750859106,6020.0,6041.334750859106,81.92375429552976,3.44942123349599,target
2025-01-28 10:01:00,2025-01-28 10:03:00,short,6048.75,6053.75,6053.5,6038.9990699294585,-26.0,-1.0947368421052632,stop
2025-01-29 09:45:00,2025-01-29 09:50:00,long,6081.25,6076.25,6076.5,6093.5,-26.0,-1.0947368421052632,stop
2025-01-29 09:51:00,2025-01-29 10:27:00,long,6082.5,6077.5,6077.75,6093.5,-26.0,-1.0947368421052632,stop
2025-01-29 10:28:00,2025-01-29 11:07:00,long,6078.5,6073.5,6073.75,6093.5,-26.0,-1.0947368421052632,stop
2025-01-30 09:45:00,2025-01-30 09:47:00,short,6095.0,6100.0,6099.75,6061.0,-26.0,-1.0947368421052632,stop
2025-01-30 09:48:00,2025-01-30 09:49:00,short,6103.0,6108.0,6107.75,6092.858653404704,-26.0,-1.0947368421052632,stop
2025-01-30 09:50:00,2025-01-30 10:01:00,short,6107.0,6094.693589169989,6111.75,6094.693589169989,60.532054150056865,2.5487180694760787,target
2025-01-31 09:45:00,2025-01-31 09:49:00,short,6122.5,6127.5,6127.25,6103.25,-26.0,-1.0947368421052632,stop
2025-01-31 09:50:00,2025-01-31 09:53:00,short,6122.75,6127.75,6127.5,6103.25,-26.0,-1.0947368421052632,stop
2025-01-31 09:54:00,2025-01-31 10:01:00,short,6127.0,6132.0,6131.75,6103.25,-26.0,-1.0947368421052632,stop
2025-02-03 09:45:00,2025-02-03 09:46:00,long,5976.5,5971.5,5971.75,6067.5,-26.0,-1.0947368421052632,stop
2025-02-03 09:47:00,2025-02-03 09:48:00,long,5976.0,5971.0,5971.25,6067.5,-26.0,-1.0947368421052632,stop
2025-02-03 09:49:00,2025-02-03 09:52:00,long,5973.0,5968.0,5968.25,5979.23180182772,-26.0,-1.0947368421052632,stop
2025-02-04 09:50:00,2025-02-04 09:53:00,short,6027.75,6032.75,6032.5,6022.0,-26.0,-1.0947368421052632,stop
2025-02-04 09:54:00,2025-02-04 10:00:00,short,6034.5,6039.5,6039.25,6026.790372236216,-26.0,-1.0947368421052632,stop
2025-02-04 10:01:00,2025-02-04 10:05:00,short,6040.25,6045.25,6045.0,6029.375379591617,-26.0,-1.0947368421052632,stop
2025-02-05 09:45:00,2025-02-05 09:51:00,long,6053.75,6048.75,6049.0,6063.5,-26.0,-1.0947368421052632,stop
2025-02-05 09:52:00,2025-02-05 09:57:00,long,6046.0,6041.0,6041.25,6063.5,-26.0,-1.0947368421052632,stop
2025-02-05 09:58:00,2025-02-05 10:00:00,long,6042.5,6049.203630903995,6037.75,6049.203630903995,32.518154519974814,1.3691854534726238,target
2025-02-06 09:45:00,2025-02-06 10:47:00,short,6103.5,6086.0,6108.25,6086.0,86.5,3.642105263157895,target
2025-02-06 10:48:00,2025-02-06 11:10:00,long,6087.75,6096.565361369953,6083.0,6096.565361369953,43.0768068497664,1.8137602884112167,target
2025-02-06 11:11:00,2025-02-06 13:05:00,short,6098.5,6103.5,6103.25,6086.0,-26.0,-1.0947368421052632,stop
2025-02-07 09:45:00,2025-02-07 09:50:00,short,6117.5,6122.5,6122.25,6100.0,-26.0,-1.0947368421052632,stop
2025-02-07 09:51:00,2025-02-07 10:00:00,short,6121.0,6100.0,6125.75,6100.0,104.0,4.378947368421053,target
2025-02-07 10:01:00,2025-02-07 10:02:00,long,6104.0,6099.0,6099.25,6114.242819524468,-26.0,-1.0947368421052632,stop
2025-02-10 09:45:00,2025-02-10 10:00:00,short,6072.0,6077.0,6076.75,6052.75,-26.0,-1.0947368421052632,stop
2025-02-10 10:01:00,2025-02-10 10:05:00,short,6079.0,6084.0,6083.75,6052.75,-26.0,-1.0947368421052632,stop
2025-02-10 10:06:00,2025-02-10 10:30:00,short,6085.0,6090.0,6089.75,6075.352115955893,-26.0,-1.0947368421052632,stop
2025-02-11 09:45:00,2025-02-11 10:00:00,long,6073.75,6068.75,6069.0,6086.0,-26.0,-1.0947368421052632,stop
2025-02-11 10:01:00,2025-02-11 10:04:00,long,6077.5,6072.5,6072.75,6086.0,-26.0,-1.0947368421052632,stop
2025-02-11 10:05:00,2025-02-11 10:45:00,long,6069.25,6086.0,6064.5,6086.0,82.75,3.4842105263157896,target
2025-02-12 09:45:00,2025-02-12 09:46:00,short,6044.5,6049.5,6049.25,6035.130751083907,-26.0,-1.0947368421052632,stop
2025-02-12 09:47:00,2025-02-12 09:51:00,short,6047.5,6052.5,6052.25,6036.548461333766,-26.0,-1.0947368421052632,stop
2025-02-12 09:52:00,2025-02-12 10:03:00,short,6053.25,6039.081582972075,6058.0,6039.081582972075,69.84208513962494,2.9407193742999977,target
2025-02-13 09:45:00,2025-02-13 09:57:00,short,6082.0,6087.0,6086.75,6074.0,-26.0,-1.0947368421052632,stop
2025-02-13 09:58:00,2025-02-13 10:02:00,short,6086.5,6091.5,6091.25,6080.620840380658,-26.0,-1.0947368421052632,stop
2025-02-13 10:03:00,2025-02-13 10:07:00,short,6091.75,6082.843708408713,6096.5,6082.843708408713,43.5314579564365,1.8329034929025894,target
2025-02-14 09:45:00,2025-02-14 10:08:00,short,6139.25,6144.25,6144.0,6133.0,-26.0,-1.0947368421052632,stop
2025-02-14 10:09:00,2025-02-14 10:41:00,short,6144.25,6133.0,6149.0,6133.0,55.25,2.3263157894736843,target
2025-02-14 10:49:00,2025-02-14 11:20:00,short,6139.25,6133.0,6144.0,6133.0,30.25,1.2736842105263158,target
2025-02-17 09:45:00,2025-02-17 11:02:00,short,6137.75,6142.75,6142.5,6129.75,-26.0,-1.0947368421052632,stop
2025-02-17 11:03:00,2025-02-17 12:59:00,short,6142.75,6145.75,6147.5,6129.75,-16.0,-0.6736842105263158,session_flatten
2025-02-18 09:45:00,2025-02-18 10:00:00,long,6136.5,6131.5,6131.75,6145.5,-26.0,-1.0947368421052632,stop
2025-02-18 10:01:00,2025-02-18 10:52:00,long,6129.5,6138.212389467956,6124.75,6138.212389467956,42.561947339781,1.792081993253937,target
2025-02-18 10:53:00,2025-02-18 11:22:00,long,6138.75,6133.75,6134.0,6145.5,-26.0,-1.0947368421052632,stop
2025-02-19 09:45:00,2025-02-19 09:49:00,long,6136.0,6131.0,6131.25,6147.5,-26.0,-1.0947368421052632,stop
2025-02-19 09:50:00,2025-02-19 11:41:00,long,6132.0,6147.5,6127.25,6147.5,76.5,3.221052631578947,target
2025-02-19 11:42:00,2025-02-19 12:04:00,short,6148.5,6153.5,6153.25,6137.020443913384,-26.0,-1.0947368421052632,stop
2025-02-20 09:45:00,2025-02-20 09:52:00,long,6138.25,6133.25,6133.5,6158.0,-26.0,-1.0947368421052632,stop
2025-02-20 09:53:00,2025-02-20 09:57:00,long,6126.5,6121.5,6121.75,6138.768575675829,-26.0,-1.0947368421052632,stop
2025-02-20 09:58:00,2025-02-20 09:59:00,long,6120.5,6115.5,6115.75,6135.240588402923,-26.0,-1.0947368421052632,stop
2025-02-21 09:45:00,2025-02-21 09:49:00,long,6123.5,6118.5,6118.75,6135.5,-26.0,-1.0947368421052632,stop
2025-02-21 09:50:00,2025-02-21 10:00:00,long,6115.25,6110.25,6110.5,6123.621208425315,-26.0,-1.0947368421052632,stop
2025-02-21 10:01:00,2025-02-21 10:05:00,long,6113.5,6108.5,6108.75,6120.494416193451,-26.0,-1.0947368421052632,stop
2025-02-24 09:45:00,2025-02-24 09:49:00,short,6041.5,6033.0,6046.25,6033.0,41.5,1.7473684210526317,target
2025-02-24 09:50:00,2025-02-24 09:52:00,long,6034.25,6029.25,6029.5,6044.213796691052,-26.0,-1.0947368421052632,stop
2025-02-24 09:53:00,2025-02-24 09:57:00,long,6025.0,6020.0,6020.25,6033.0,-26.0,-1.0947368421052632,stop
2025-02-25 09:45:00,2025-02-25 09:47:00,long,5995.25,5990.25,5990.5,6002.5,-26.0,-1.0947368421052632,stop
2025-02-25 09:48:00,2025-02-25 09:51:00,long,5989.25,5984.25,5984.5,5998.294149277845,-26.0,-1.0947368421052632,stop
2025-02-25 09:52:00,2025-02-25 10:00:00,long,5975.5,5970.5,5970.75,5995.120788204662,-26.0,-1.0947368421052632,stop
2025-02-26 09:45:00,2025-02-26 09:48:00,short,5988.0,5993.0,5992.75,5974.75,-26.0,-1.0947368421052632,stop
2025-02-26 09:49:00,2025-02-26 09:52:00,short,5999.5,6004.5,6004.25,5986.377529963404,-26.0,-1.0947368421052632,stop
2025-02-26 09:53:00,2025-02-26 09:54:00,short,6000.5,6005.5,6005.25,5988.943033040082,-26.0,-1.0947368421052632,stop
2025-02-27 09:45:00,2025-02-27 09:50:00,short,5987.5,5976.0,5992.25,5976.0,56.5,2.3789473684210525,target
2025-02-27 09:51:00,2025-02-27 09:53:00,long,5979.25,5974.25,5974.5,5989.903437723399,-26.0,-1.0947368421052632,stop
2025-02-27 09:54:00,2025-02-27 09:55:00,long,5964.5,5959.5,5959.75,5976.0,-26.0,-1.0947368421052632,stop
2025-02-28 09:45:00,2025-02-28 09:47:00,short,5879.5,5873.380448450528,5884.25,5873.380448450528,29.597757747359537,1.246221378836191,target
2025-02-28 09:48:00,2025-02-28 09:49:00,short,5881.5,5875.75,5886.25,5875.75,27.75,1.168421052631579,target
2025-02-28 09:51:00,2025-02-28 09:55:00,short,5883.25,5875.75,5888.0,5875.75,36.5,1.5368421052631578,target
2025-03-03 09:45:00,2025-03-03 09:47:00,short,5971.75,5976.75,5976.5,5962.5,-26.0,-1.0947368421052632,stop
2025-03-03 09:48:00,2025-03-03 09:49:00,long,5974.5,5969.5,5969.75,5981.407021930581,-26.0,-1.0947368421052632,stop
2025-03-03 09:50:00,2025-03-03 09:53:00,long,5965.0,5960.0,5960.25,5979.472557958722,-26.0,-1.0947368421052632,stop
2025-03-04 09:45:00,2025-03-04 09:46:00,long,5804.0,5810.738578729359,5799.25,5810.738578729359,32.69289364679389,1.3765428903913217,target
2025-03-04 09:47:00,2025-03-04 09:49:00,long,5810.75,5805.75,5806.0,5866.75,-26.0,-1.0947368421052632,stop
2025-03-04 09:50:00,2025-03-04 09:51:00,long,5797.75,5792.75,5793.0,5809.804150662146,-26.0,-1.0947368421052632,stop
2025-03-05 09:45:00,2025-03-05 09:47:00,short,5807.25,5797.286877887952,5812.0,5797.286877887952,48.8156105602402,2.055394128852219,target
2025-03-05 09:49:00,2025-03-05 09:51:00,long,5789.25,5797.0,5784.5,5797.0,37.75,1.5894736842105264,target
2025-03-05 09:54:00,2025-03-05 09:56:00,long,5787.25,5782.25,5782.5,5796.337482354289,-26.0,-1.0947368421052632,stop
2025-03-06 09:45:00,2025-03-06 12:03:00,long,5760.75,5755.75,5756.0,5851.5,-26.0,-1.0947368421052632,stop
2025-03-06 12:04:00,2025-03-06 12:05:00,long,5751.75,5746.75,5747.0,5789.231094709282,-26.0,-1.0947368421052632,stop
2025-03-06 12:06:00,2025-03-06 12:27:00,long,5746.75,5741.75,5742.0,5788.535495892136,-26.0,-1.0947368421052632,stop
2025-03-07 09:45:00,2025-03-07 09:46:00,short,5759.0,5764.0,5763.75,5750.5,-26.0,-1.0947368421052632,stop
2025-03-07 09:47:00,2025-03-07 09:48:00,short,5764.5,5769.5,5769.25,5750.5,-26.0,-1.0947368421052632,stop
2025-03-07 09:49:00,2025-03-07 09:52:00,short,5770.75,5775.75,5775.5,5750.5,-26.0,-1.0947368421052632,stop
2025-03-10 09:45:00,2025-03-10 09:47:00,short,5707.5,5697.466065704071,5712.25,5697.466065704071,49.16967147964351,2.0703019570376218,target
2025-03-10 09:48:00,2025-03-10 09:51:00,long,5696.75,5691.75,5692.0,5772.75,-26.0,-1.0947368421052632,stop
2025-03-10 09:52:00,2025-03-10 09:53:00,long,5692.25,5687.25,5687.5,5772.75,-26.0,-1.0947368421052632,stop
2025-03-11 09:47:00,2025-03-11 09:48:00,short,5621.5,5626.5,5626.25,5613.237823038567,-26.0,-1.0947368421052632,stop
2025-03-11 09:49:00,2025-03-11 09:51:00,short,5629.75,5620.25,5634.5,5620.25,46.5,1.9578947368421054,target
2025-03-11 09:54:00,2025-03-11 09:57:00,long,5613.0,5608.0,5608.25,5620.25,-26.0,-1.0947368421052632,stop
2025-03-12 09:45:00,2025-03-12 09:46:00,long,5626.5,5621.5,5621.75,5633.404493700883,-26.0,-1.0947368421052632,stop
2025-03-12 09:47:00,2025-03-12 09:48:00,long,5619.25,5614.25,5614.5,5632.184508998513,-26.0,-1.0947368421052632,stop
2025-03-12 09:49:00,2025-03-12 09:52:00,long,5616.75,5629.750238179025,5612.0,5629.750238179025,64.00119089512282,2.694786985057803,target
2025-03-13 09:45:00,2025-03-13 09:46:00,long,5587.25,5582.25,5582.5,5600.75,-26.0,-1.0947368421052632,stop
2025-03-13 09:47:00,2025-03-13 09:48:00,long,5586.25,5581.25,5581.5,5600.75,-26.0,-1.0947368421052632,stop
2025-03-13 09:49:00,2025-03-13 09:50:00,long,5580.25,5575.25,5575.5,5589.811753675504,-26.0,-1.0947368421052632,stop
2025-03-14 09:45:00,2025-03-14 09:49:00,short,5598.25,5603.25,5603.0,5581.581664935231,-26.0,-1.0947368421052632,stop
2025-03-14 09:50:00,2025-03-14 10:00:00,short,5603.5,5584.359727744264,5608.25,5584.359727744264,94.70136127867954,3.987425738049665,target
2025-03-14 10:01:00,2025-03-14 10:02:00,long,5581.25,5587.159975898503,5576.5,5587.159975898503,28.549879492515174,1.2021001891585337,target
2025-03-17 09:45:00,2025-03-17 09:50:00,short,5671.0,5656.438484776897,5675.75,5656.438484776897,71.80757611551508,3.023476889074319,target
2025-03-17 09:51:00,2025-03-17 09:52:00,short,5663.5,5668.5,5668.25,5632.5,-26.0,-1.0947368421052632,stop
2025-03-17 09:53:00,2025-03-17 09:55:00,short,5668.0,5673.0,5672.75,5658.93008881795,-26.0,-1.0947368421052632,stop
2025-03-18 09:45:00,2025-03-18 09:55:00,long,5626.0,5621.0,5621.25,5639.910794258373,-26.0,-1.0947368421052632,stop
2025-03-18 09:56:00,2025-03-18 09:57:00,long,5622.0,5617.0,5617.25,5634.775111546414,-26.0,-1.0947368421052632,stop
2025-03-18 09:58:00,2025-03-18 10:00:00,long,5619.75,5614.75,5615.0,5633.920461123667,-26.0,-1.0947368421052632,stop
2025-03-19 09:45:00,2025-03-19 09:46:00,short,5680.75,5685.75,5685.5,5625.75,-26.0,-1.0947368421052632,stop
2025-03-19 09:47:00,2025-03-19 09:53:00,short,5692.5,5697.5,5697.25,5685.108208499747,-26.0,-1.0947368421052632,stop
2025-03-19 09:54:00,2025-03-19 10:04:00,short,5702.0,5707.0,5706.75,5687.7007503057275,-26.0,-1.0947368421052632,stop
2025-03-20 09:45:00,2025-03-20 09:53:00,short,5713.75,5718.75,5718.5,5702.199562164204,-26.0,-1.0947368421052632,stop
2025-03-20 09:54:00,2025-03-20 09:58:00,short,5719.0,5724.0,5723.75,5705.523981401833,-26.0,-1.0947368421052632,stop
2025-03-20 09:59:00,2025-03-20 10:00:00,long,5725.5,5733.5,5720.75,5733.5,39.0,1.6421052631578947,target
2025-03-21 09:45:00,2025-03-21 09:53:00,long,5666.5,5661.5,5661.75,5716.5,-26.0,-1.0947368421052632,stop
2025-03-21 09:54:00,2025-03-21 10:01:00,long,5670.0,5665.0,5665.25,5716.5,-26.0,-1.0947368421052632,stop
2025-03-21 10:02:00,2025-03-21 10:09:00,long,5663.0,5658.0,5658.25,5716.5,-26.0,-1.0947368421052632,stop
2025-03-24 09:45:00,2025-03-24 09:47:00,short,5794.5,5799.5,5799.25,5787.469064081449,-26.0,-1.0947368421052632,stop
2025-03-24 09:48:00,2025-03-24 09:56:00,short,5799.0,5804.0,5803.75,5788.898537393388,-26.0,-1.0947368421052632,stop
2025-03-24 09:57:00,2025-03-24 10:48:00,short,5803.5,5808.5,5808.25,5791.670178139472,-26.0,-1.0947368421052632,stop
2025-03-25 09:49:00,2025-03-25 09:55:00,long,5815.75,5821.829130286823,5811.0,5821.829130286823,29.39565143411437,1.2377116393311314,target
2025-03-25 10:02:00,2025-03-25 10:07:00,long,5814.25,5820.334881997492,5809.5,5820.334881997492,29.424409987458603,1.2389225257877305,target
2025-03-25 10:10:00,2025-03-25 10:23:00,short,5823.5,5828.5,5828.25,5816.0,-26.0,-1.0947368421052632,stop
2025-03-26 09:49:00,2025-03-26 09:53:00,long,5821.75,5816.75,5817.0,5828.25,-26.0,-1.0947368421052632,stop
2025-03-26 09:54:00,2025-03-26 09:57:00,long,5816.0,5811.0,5811.25,5824.8918665203955,-26.0,-1.0947368421052632,stop
2025-03-26 09:58:00,2025-03-26 10:09:00,long,5810.75,5805.75,5806.0,5822.403681612045,-26.0,-1.0947368421052632,stop
2025-03-27 09:45:00,2025-03-27 10:00:00,long,5729.5,5759.0,5724.75,5759.0,146.5,6.168421052631579,target
2025-03-27 10:01:00,2025-03-27 10:14:00,short,5756.0,5761.0,5760.75,5737.346822164371,-26.0,-1.0947368421052632,stop
2025-03-27 10:15:00,2025-03-27 10:19:00,short,5755.5,5760.5,5760.25,5741.376289859186,-26.0,-1.0947368421052632,stop
2025-03-28 09:45:00,2025-03-28 09:51:00,long,5719.0,5714.0,5714.25,5744.75,-26.0,-1.0947368421052632,stop
2025-03-28 09:52:00,2025-03-28 09:59:00,long,5710.75,5705.75,5706.0,5721.4042514797175,-26.0,-1.0947368421052632,stop
2025-03-28 10:00:00,2025-03-28 10:01:00,long,5706.75,5701.75,5702.0,5718.059091007631,-26.0,-1.0947368421052632,stop
2025-03-31 09:45:00,2025-03-31 09:51:00,long,5535.75,5553.81122486061,5531.0,5553.81122486061,89.30612430305155,3.7602578653916443,target
2025-03-31 09:52:00,2025-03-31 14:09:00,long,5552.75,5622.0,5548.0,5622.0,345.25,14.536842105263158,target
2025-03-31 14:10:00,2025-03-31 14:31:00,short,5632.75,5637.75,5637.5,5622.0,-26.0,-1.0947368421052632,stop
2025-04-01 09:45:00,2025-04-01 09:48:00,long,5633.75,5643.75,5629.0,5643.75,49.0,2.0631578947368423,target
2025-04-01 09:49:00,2025-04-01 09:56:00,short,5647.75,5634.674818367016,5652.5,5634.674818367016,64.37590816491957,2.710564554312403,target
2025-04-01 09:59:00,2025-04-01 10:00:00,long,5635.5,5630.5,5630.75,5643.75,-26.0,-1.0947368421052632,stop
2025-04-02 09:45:00,2025-04-02 09:51:00,short,5654.5,5659.5,5659.25,5638.248719944414,-26.0,-1.0947368421052632,stop
2025-04-02 09:52:00,2025-04-02 09:53:00,long,5659.5,5654.5,5654.75,5674.25,-26.0,-1.0947368421052632,stop
2025-04-02 09:54:00,2025-04-02 10:31:00,long,5648.75,5674.25,5644.0,5674.25,126.5,5.326315789473684,target
2025-04-03 09:45:00,2025-04-03 09:47:00,long,5516.75,5511.75,5512.0,5528.509413030838,-26.0,-1.0947368421052632,stop
2025-04-03 09:48:00,2025-04-03 09:49:00,long,5518.5,5513.5,5513.75,5526.783908837972,-26.0,-1.0947368421052632,stop
2025-04-03 09:50:00,2025-04-03 09:51:00,long,5525.0,5520.0,5520.25,5708.5,-26.0,-1.0947368421052632,stop
2025-04-04 09:45:00,2025-04-04 09:46:00,long,5267.5,5276.417171503327,5262.75,5276.417171503327,43.58585751663577,1.8351940007004535,target
2025-04-04 09:47:00,2025-04-04 09:49:00,long,5279.25,5274.25,5274.5,5434.75,-26.0,-1.0947368421052632,stop
2025-04-04 09:50:00,2025-04-04 09:51:00,long,5280.75,5275.75,5276.0,5434.75,-26.0,-1.0947368421052632,stop
2025-04-07 09:45:00,2025-04-07 09:46:00,long,4884.25,4905.434569665739,4879.5,4905.434569665739,104.92284832869609,4.417804140155625,target
2025-04-07 09:47:00,2025-04-07 09:48:00,short,4924.5,4929.5,4929.25,4905.8390127656585,-26.0,-1.0947368421052632,stop
2025-04-07 09:49:00,2025-04-07 09:50:00,short,4927.25,4932.25,4932.0,4908.082543013254,-26.0,-1.0947368421052632,stop
2025-04-08 09:45:00,2025-04-08 09:46:00,short,5256.25,5261.25,5261.0,5104.75,-26.0,-1.0947368421052632,stop
2025-04-08 09:47:00,2025-04-08 09:48:00,short,5263.5,5252.952736834711,5268.25,5252.952736834711,51.736315826446116,2.178371192692468,target
2025-04-08 09:49:00,2025-04-08 09:50:00,short,5247.0,5252.0,5251.75,5104.75,-26.0,-1.0947368421052632,stop
2025-04-09 09:48:00,2025-04-09 09:49:00,short,5024.25,5029.25,5029.0,5016.25,-26.0,-1.0947368421052632,stop
2025-04-09 09:50:00,2025-04-09 09:51:00,short,5034.75,5039.75,5039.5,5022.114351638879,-26.0,-1.0947368421052632,stop
2025-04-09 09:52:00,2025-04-09 09:53:00,short,5049.0,5054.0,5053.75,5023.863185849239,-26.0,-1.0947368421052632,stop
2025-04-10 09:45:00,2025-04-10 09:46:00,long,5366.25,5361.25,5361.5,5498.5,-26.0,-1.0947368421052632,stop
2025-04-10 09:47:00,2025-04-10 09:50:00,long,5369.0,5364.0,5364.25,5498.5,-26.0,-1.0947368421052632,stop
2025-04-10 09:51:00,2025-04-10 09:52:00,long,5367.25,5362.25,5362.5,5498.5,-26.0,-1.0947368421052632,stop
2025-04-11 09:45:00,2025-04-11 09:46:00,short,5313.0,5318.0,5317.75,5298.75,-26.0,-1.0947368421052632,stop
2025-04-11 09:47:00,2025-04-11 09:48:00,short,5327.0,5332.0,5331.75,5298.75,-26.0,-1.0947368421052632,stop
2025-04-11 09:49:00,2025-04-11 09:50:00,short,5323.75,5328.75,5328.5,5298.75,-26.0,-1.0947368421052632,stop
2025-04-14 09:45:00,2025-04-14 09:46:00,long,5462.5,5457.5,5457.75,5468.541514452804,-26.0,-1.0947368421052632,stop
2025-04-14 09:47:00,2025-04-14 09:50:00,long,5454.0,5466.78016073421,5449.25,5466.78016073421,62.90080367104929,2.6484548914126016,target
2025-04-14 09:51:00,2025-04-14 09:53:00,short,5463.25,5468.25,5468.0,5394.75,-26.0,-1.0947368421052632,stop
2025-04-15 09:45:00,2025-04-15 09:46:00,short,5465.25,5470.25,5470.0,5458.860982374833,-26.0,-1.0947368421052632,stop
2025-04-15 09:47:00,2025-04-15 09:48:00,short,5470.5,5475.5,5475.25,5459.598225056161,-26.0,-1.0947368421052632,stop
2025-04-15 09:49:00,2025-04-15 09:51:00,short,5473.25,5478.25,5478.0,5460.587039545282,-26.0,-1.0947368421052632,stop
2025-04-16 09:45:00,2025-04-16 09:47:00,long,5370.5,5365.5,5365.75,5378.299135777098,-26.0,-1.0947368421052632,stop
2025-04-16 09:48:00,2025-04-16 09:49:00,long,5372.25,5367.25,5367.5,5429.0,-26.0,-1.0947368421052632,stop
2025-04-16 09:50:00,2025-04-16 09:51:00,long,5366.5,5361.5,5361.75,5376.43011271302,-26.0,-1.0947368421052632,stop
2025-04-17 09:45:00,2025-04-17 09:50:00,short,5320.75,5325.75,5325.5,5304.25,-26.0,-1.0947368421052632,stop
2025-04-17 09:51:00,2025-04-17 09:52:00,short,5327.5,5332.5,5332.25,5321.0948982926,-26.0,-1.0947368421052632,stop
2025-04-17 09:53:00,2025-04-17 09:54:00,short,5333.75,5338.75,5338.5,5321.832036364391,-26.0,-1.0947368421052632,stop
2025-04-21 09:45:00,2025-04-21 09:47:00,long,5239.25,5234.25,5234.5,5247.302848255925,-26.0,-1.0947368421052632,stop
2025-04-21 09:48:00,2025-04-21 09:52:00,long,5240.25,5235.25,5235.5,5312.25,-26.0,-1.0947368421052632,stop
2025-04-21 09:53:00,2025-04-21 09:57:00,long,5232.25,5227.25,5227.5,5244.5650607235375,-26.0,-1.0947368421052632,stop
2025-04-22 09:45:00,2025-04-22 10:06:00,short,5266.0,5271.0,5270.75,5247.6511446279055,-26.0,-1.0947368421052632,stop
2025-04-22 10:07:00,2025-04-22 10:09:00,short,5270.75,5275.75,5275.5,5254.613632801583,-26.0,-1.0947368421052632,stop
2025-04-22 10:10:00,2025-04-22 10:39:00,short,5278.0,5283.0,5282.75,5255.789217046281,-26.0,-1.0947368421052632,stop
2025-04-23 09:45:00,2025-04-23 09:46:00,short,5478.75,5483.75,5483.5,5465.358670721918,-26.0,-1.0947368421052632,stop
2025-04-23 09:47:00,2025-04-23 09:48:00,short,5482.25,5487.25,5487.0,5466.39230611398,-26.0,-1.0947368421052632,stop
2025-04-23 09:49:00,2025-04-23 09:51:00,short,5488.25,5493.25,5493.0,5467.5818144488585,-26.0,-1.0947368421052632,stop
2025-04-24 09:45:00,2025-04-24 09:46:00,short,5422.75,5427.75,5427.5,5411.370572131275,-26.0,-1.0947368421052632,stop
2025-04-24 09:47:00,2025-04-24 09:52:00,short,5426.75,5431.75,5431.5,5413.277248488054,-26.0,-1.0947368421052632,stop
2025-04-24 09:53:00,2025-04-24 09:57:00,short,5431.25,5436.25,5436.0,5415.886559187625,-26.0,-1.0947368421052632,stop
2025-04-25 09:46:00,2025-04-25 09:47:00,long,5503.5,5498.5,5498.75,5512.0,-26.0,-1.0947368421052632,stop
2025-04-25 09:48:00,2025-04-25 09:51:00,long,5500.25,5495.25,5495.5,5512.0,-26.0,-1.0947368421052632,stop
2025-04-25 09:52:00,2025-04-25 09:59:00,long,5495.25,5490.25,5490.5,5509.687653843449,-26.0,-1.0947368421052632,stop
2025-04-28 09:45:00,2025-04-28 09:49:00,short,5574.25,5563.852849092748,5579.0,5563.852849092748,50.985754536258355,2.146768612052983,target
2025-04-28 09:50:00,2025-04-28 09:58:00,short,5565.75,5549.25,5570.5,5549.25,81.5,3.431578947368421,target
2025-04-28 09:59:00,2025-04-28 10:00:00,long,5545.5,5540.5,5540.75,5562.930175448729,-26.0,-1.0947368421052632,stop
2025-04-29 09:45:00,2025-04-29 09:47:00,short,5546.5,5551.5,5551.25,5538.031298059729,-26.0,-1.0947368421052632,stop
2025-04-29 09:48:00,2025-04-29 09:50:00,short,5552.25,5557.25,5557.0,5539.685697974812,-26.0,-1.0947368421052632,stop
2025-04-29 09:51:00,2025-04-29 10:00:00,short,5552.0,5541.869659419935,5556.75,5541.869659419935,49.65170290032711,2.0905980168558784,target
2025-04-30 09:45:00,2025-04-30 09:46:00,long,5476.5,5471.5,5471.75,5490.270007946594,-26.0,-1.0947368421052632,stop
2025-04-30 09:47:00,2025-04-30 09:52:00,long,5477.25,5472.25,5472.5,5488.993914591353,-26.0,-1.0947368421052632,stop
2025-04-30 09:53:00,2025-04-30 09:56:00,long,5469.25,5464.25,5464.5,5486.467644801685,-26.0,-1.0947368421052632,stop
2025-05-01 09:45:00,2025-05-01 09:47:00,short,5641.75,5646.75,5646.5,5588.0,-26.0,-1.0947368421052632,stop
2025-05-01 09:48:00,2025-05-01 09:51:00,short,5649.0,5654.0,5653.75,5640.029782055002,-26.0,-1.0947368421052632,stop
2025-05-01 09:52:00,2025-05-01 09:57:00,short,5652.25,5641.826824403063,5657.0,5641.826824403063,51.11587798468372,2.152247494091946,target
2025-05-02 09:45:00,2025-05-02 10:10:00,short,5687.0,5692.0,5691.75,5634.5,-26.0,-1.0947368421052632,stop
2025-05-02 10:11:00,2025-05-02 10:15:00,short,5688.5,5693.5,5693.25,5681.594049479869,-26.0,-1.0947368421052632,stop
2025-05-02 10:16:00,2025-05-02 10:28:00,short,5696.75,5701.75,5701.5,5682.374967358502,-26.0,-1.0947368421052632,stop
2025-05-05 09:45:00,2025-05-05 09:51:00,long,5662.25,5657.25,5657.5,5707.5,-26.0,-1.0947368421052632,stop
2025-05-05 09:52:00,2025-05-05 16:00:00,long,5660.75,5672.0,5656.0,5707.5,55.25,2.3263157894736843,session_flatten
2025-05-06 09:45:00,2025-05-06 09:46:00,long,5630.0,5625.0,5625.25,5672.25,-26.0,-1.0947368421052632,stop
2025-05-06 09:47:00,2025-05-06 09:49:00,long,5621.5,5616.5,5616.75,5672.25,-26.0,-1.0947368421052632,stop
2025-05-06 09:50:00,2025-05-06 09:51:00,long,5613.75,5608.75,5609.0,5625.299051180152,-26.0,-1.0947368421052632,stop
2025-05-07 09:45:00,2025-05-07 09:48:00,short,5644.75,5649.75,5649.5,5624.5,-26.0,-1.0947368421052632,stop
2025-05-07 09:49:00,2025-05-07 09:50:00,short,5636.0,5641.0,5640.75,5624.5,-26.0,-1.0947368421052632,stop
2025-05-07 09:51:00,2025-05-07 09:53:00,short,5637.75,5642.75,5642.5,5624.5,-26.0,-1.0947368421052632,stop
2025-05-08 09:45:00,2025-05-08 10:12:00,short,5681.25,5659.0,5686.0,5659.0,110.25,4.6421052631578945,target
2025-05-08 10:13:00,2025-05-08 10:22:00,long,5663.5,5678.325634643943,5658.75,5678.325634643943,73.12817321971488,3.0790809776722057,target
2025-05-08 10:23:00,2025-05-08 10:25:00,short,5672.25,5677.25,5677.0,5659.0,-26.0,-1.0947368421052632,stop
2025-05-09 09:46:00,2025-05-09 09:58:00,short,5700.75,5705.75,5705.5,5692.5,-26.0,-1.0947368421052632,stop
2025-05-09 09:59:00,2025-05-09 10:19:00,short,5704.75,5692.5,5709.5,5692.5,60.25,2.536842105263158,target
2025-05-09 10:20:00,2025-05-09 10:24:00,long,5691.25,5686.25,5686.5,5701.68194387854,-26.0,-1.0947368421052632,stop
2025-05-12 09:45:00,2025-05-12 09:51:00,short,5824.5,5829.5,5829.25,5678.5,-26.0,-1.0947368421052632,stop
2025-05-12 09:52:00,2025-05-12 09:54:00,short,5832.5,5837.5,5837.25,5678.5,-26.0,-1.0947368421052632,stop
2025-05-12 09:55:00,2025-05-12 10:05:00,short,5826.75,5831.75,5831.5,5678.5,-26.0,-1.0947368421052632,stop
2025-05-13 09:45:00,2025-05-13 09:51:00,short,5878.75,5883.75,5883.5,5869.0,-26.0,-1.0947368421052632,stop
2025-05-13 09:52:00,2025-05-13 09:56:00,short,5883.25,5888.25,5888.0,5874.990597584722,-26.0,-1.0947368421052632,stop
2025-05-13 09:57:00,2025-05-13 10:04:00,short,5888.5,5893.5,5893.25,5876.987832930375,-26.0,-1.0947368421052632,stop
2025-05-14 09:45:00,2025-05-14 09:47:00,long,5912.0,5907.0,5907.25,5918.030515629432,-26.0,-1.0947368421052632,stop
2025-05-14 09:48:00,2025-05-14 10:12:00,long,5903.5,5898.5,5898.75,5915.287411605038,-26.0,-1.0947368421052632,stop
2025-05-14 10:13:00,2025-05-14 10:32:00,short,5908.0,5913.0,5912.75,5900.5,-26.0,-1.0947368421052632,stop
2025-05-15 09:45:00,2025-05-15 09:46:00,long,5894.25,5889.25,5889.5,5906.25,-26.0,-1.0947368421052632,stop
2025-05-15 09:47:00,2025-05-15 09:49:00,long,5889.5,5884.5,5884.75,5906.25,-26.0,-1.0947368421052632,stop
2025-05-15 09:50:00,2025-05-15 11:04:00,long,5886.75,5906.25,5882.0,5906.25,96.5,4.063157894736842,target
2025-05-16 09:56:00,2025-05-16 10:00:00,short,5944.75,5939.0,5949.5,5939.0,27.75,1.168421052631579,target
2025-05-16 10:18:00,2025-05-16 10:30:00,short,5945.25,5939.3243514791675,5950.0,5939.3243514791675,28.62824260416255,1.2053996885963179,target
2025-05-16 10:41:00,2025-05-16 10:44:00,long,5932.75,5927.75,5928.0,5939.0,-26.0,-1.0947368421052632,stop
2025-05-19 09:45:00,2025-05-19 09:47:00,short,5934.5,5939.5,5939.25,5926.304918393873,-26.0,-1.0947368421052632,stop
2025-05-19 09:48:00,2025-05-19 10:01:00,short,5943.0,5948.0,5947.75,5928.328431372549,-26.0,-1.0947368421052632,stop
2025-05-19 10:02:00,2025-05-19 10:06:00,short,5951.5,5956.5,5956.25,5933.916950920112,-26.0,-1.0947368421052632,stop
2025-05-20 09:45:00,2025-05-20 09:47:00,long,5962.0,5957.0,5957.25,5976.5,-26.0,-1.0947368421052632,stop
2025-05-20 09:48:00,2025-05-20 09:51:00,long,5955.75,5950.75,5951.0,5976.5,-26.0,-1.0947368421052632,stop
2025-05-20 09:52:00,2025-05-20 09:58:00,long,5962.75,5957.75,5958.0,5976.5,-26.0,-1.0947368421052632,stop
2025-05-21 09:45:00,2025-05-21 10:32:00,long,5928.25,5923.25,5923.5,5955.5,-26.0,-1.0947368421052632,stop
2025-05-21 10:33:00,2025-05-21 10:40:00,long,5923.25,5929.50358185195,5918.5,5929.50358185195,30.267909259750013,1.2744382846210531,target
2025-05-21 10:41:00,2025-05-21 10:43:00,long,5929.75,5924.75,5925.0,5955.5,-26.0,-1.0947368421052632,stop
2025-05-22 09:46:00,2025-05-22 09:52:00,long,5852.0,5859.75,5847.25,5859.75,37.75,1.5894736842105264,target
2025-05-22 09:53:00,2025-05-22 09:57:00,short,5867.75,5872.75,5872.5,5859.75,-26.0,-1.0947368421052632,stop
2025-05-22 09:58:00,2025-05-22 10:01:00,short,5870.75,5875.75,5875.5,5859.75,-26.0,-1.0947368421052632,stop
2025-05-23 09:45:00,2025-05-23 09:47:00,long,5790.5,5785.5,5785.75,5860.75,-26.0,-1.0947368421052632,stop
2025-05-23 09:48:00,2025-05-23 16:00:00,long,5789.75,5815.0,5785.0,5860.75,125.25,5.273684210526316,session_flatten
2025-05-26 09:45:00,2025-05-26 12:59:00,short,5890.5,5891.0,5895.25,5815.25,-3.5,-0.14736842105263157,session_flatten
2025-05-27 09:45:00,2025-05-27 10:00:00,long,5883.25,5890.75,5878.5,5890.75,36.5,1.5368421052631578,target
2025-05-27 10:01:00,2025-05-27 10:13:00,short,5893.0,5898.0,5897.75,5880.898892379243,-26.0,-1.0947368421052632,stop
2025-05-27 10:14:00,2025-05-27 10:17:00,short,5894.75,5899.75,5899.5,5883.314419189711,-26.0,-1.0947368421052632,stop
2025-05-28 09:45:00,2025-05-28 09:50:00,short,5945.5,5933.75,5950.25,5933.75,57.75,2.431578947368421,target
2025-05-28 09:51:00,2025-05-28 09:56:00,long,5937.25,5932.25,5932.5,5943.595369195879,-26.0,-1.0947368421052632,stop
2025-05-28 09:57:00,2025-05-28 10:16:00,long,5931.75,5926.75,5927.0,5941.837860682373,-26.0,-1.0947368421052632,stop
2025-05-29 09:45:00,2025-05-29 09:49:00,long,5933.25,5928.25,5928.5,5941.835125031872,-26.0,-1.0947368421052632,stop
2025-05-29 09:50:00,2025-05-29 09:52:00,long,5930.75,5939.584159891744,5926.0,5939.584159891744,43.17079945872047,1.8177178719461249,target
2025-05-29 09:53:00,2025-05-29 11:58:00,short,5940.25,5894.0,5945.0,5894.0,230.25,9.694736842105263,target
2025-05-30 09:45:00,2025-05-30 09:46:00,long,5904.25,5899.25,5899.5,5920.75,-26.0,-1.0947368421052632,stop
2025-05-30 09:47:00,2025-05-30 09:49:00,long,5899.5,5894.5,5894.75,5920.75,-26.0,-1.0947368421052632,stop
2025-05-30 09:50:00,2025-05-30 09:52:00,long,5890.5,5885.5,5885.75,5899.7419680397825,-26.0,-1.0947368421052632,stop
2025-06-02 09:45:00,2025-06-02 09:46:00,long,5912.25,5907.25,5907.5,5924.25,-26.0,-1.0947368421052632,stop
2025-06-02 09:47:00,2025-06-02 09:50:00,long,5906.5,5901.5,5901.75,5924.25,-26.0,-1.0947368421052632,stop
2025-06-02 09:51:00,2025-06-02 09:52:00,long,5895.25,5890.25,5890.5,5908.562510791222,-26.0,-1.0947368421052632,stop
2025-06-03 10:08:00,2025-06-03 10:12:00,long,5943.5,5949.25,5938.75,5949.25,27.75,1.168421052631579,target
2025-06-03 10:19:00,2025-06-03 10:29:00,short,5953.5,5958.5,5958.25,5947.596180101228,-26.0,-1.0947368421052632,stop
2025-06-03 10:30:00,2025-06-03 10:54:00,short,5957.5,5962.5,5962.25,5949.25,-26.0,-1.0947368421052632,stop
2025-06-04 09:45:00,2025-06-04 10:07:00,short,5995.75,5979.0,6000.5,5979.0,82.75,3.4842105263157896,target
2025-06-04 10:08:00,2025-06-04 10:15:00,long,5978.5,5990.770913980102,5973.75,5990.770913980102,60.35456990050898,2.5412450484424833,target
2025-06-04 10:16:00,2025-06-04 10:27:00,short,5990.25,5995.25,5995.0,5979.0,-26.0,-1.0947368421052632,stop
2025-06-05 09:45:00,2025-06-05 09:46:00,long,5968.5,5963.5,5963.75,5977.5,-26.0,-1.0947368421052632,stop
2025-06-05 09:47:00,2025-06-05 09:57:00,long,5965.25,5960.25,5960.5,5977.5,-26.0,-1.0947368421052632,stop
2025-06-05 09:58:00,2025-06-05 10:23:00,long,5959.5,5973.9008482978425,5954.75,5973.9008482978425,71.00424148921229,2.989652273229991,target
2025-06-06 09:45:00,2025-06-06 10:11:00,short,6021.5,6011.399601037169,6026.25,6011.399601037169,49.50199481415348,2.084294518490673,target
2025-06-06 10:12:00,2025-06-06 11:06:00,short,6013.5,6018.5,6018.25,5953.75,-26.0,-1.0947368421052632,stop
2025-06-06 11:07:00,2025-06-06 16:00:00,short,6018.25,6005.75,6023.0,5953.75,61.5,2.5894736842105264,session_flatten
2025-06-09 10:14:00,2025-06-09 10:31:00,short,6011.25,6016.25,6016.0,6005.5,-26.0,-1.0947368421052632,stop
2025-06-09 10:32:00,2025-06-09 10:45:00,short,6016.5,6008.569142008476,6021.25,6008.569142008476,38.654289957620676,1.6275490508471864,target
2025-06-09 11:01:00,2025-06-09 11:27:00,short,6012.0,6005.5,6016.75,6005.5,31.5,1.3263157894736841,target
2025-06-10 09:45:00,2025-06-10 09:49:00,short,6018.0,6023.0,6022.75,6008.75,-26.0,-1.0947368421052632,stop
2025-06-10 09:50:00,2025-06-10 10:18:00,short,6021.25,6026.25,6026.0,6008.75,-26.0,-1.0947368421052632,stop
2025-06-10 10:19:00,2025-06-10 10:44:00,short,6024.5,6029.5,6029.25,6008.75,-26.0,-1.0947368421052632,stop
2025-06-11 09:46:00,2025-06-11 09:50:00,long,6037.75,6045.979833359279,6033.0,6045.979833359279,40.14916679639464,1.6904912335324058,target
2025-06-11 09:51:00,2025-06-11 09:54:00,short,6047.75,6052.75,6052.5,6041.25,-26.0,-1.0947368421052632,stop
2025-06-11 09:55:00,2025-06-11 10:16:00,short,6051.75,6056.75,6056.5,6045.787230036778,-26.0,-1.0947368421052632,stop
2025-06-12 09:45:00,2025-06-12 09:52:00,long,6018.5,6025.0,6013.75,6025.0,31.5,1.3263157894736841,target
2025-06-12 09:53:00,2025-06-12 09:55:00,short,6024.25,6017.308001125395,6029.0,6017.308001125395,33.70999437302453,1.4193681841273487,target
2025-06-12 10:07:00,2025-06-12 10:14:00,short,6027.75,6032.75,6032.5,6019.206192402471,-26.0,-1.0947368421052632,stop
2025-06-13 09:45:00,2025-06-13 09:49:00,long,6003.75,5998.75,5999.0,6048.75,-26.0,-1.0947368421052632,stop
2025-06-13 09:50:00,2025-06-13 09:53:00,long,6003.5,5998.5,5998.75,6048.75,-26.0,-1.0947368421052632,stop
2025-06-13 09:54:00,2025-06-13 09:58:00,long,5996.25,5991.25,5991.5,6005.614610438782,-26.0,-1.0947368421052632,stop
2025-06-16 09:45:00,2025-06-16 09:49:00,short,6028.5,6033.5,6033.25,5982.5,-26.0,-1.0947368421052632,stop
2025-06-16 09:50:00,2025-06-16 09:53:00,short,6031.25,6036.25,6036.0,6024.965236389108,-26.0,-1.0947368421052632,stop
2025-06-16 09:54:00,2025-06-16 09:56:00,short,6038.25,6043.25,6043.0,6027.717314115884,-26.0,-1.0947368421052632,stop
2025-06-17 09:45:00,2025-06-17 12:59:00,long,6010.25,6005.25,6005.5,6039.75,-26.0,-1.0947368421052632,stop
2025-06-17 13:00:00,2025-06-17 13:25:00,long,6006.5,6001.5,6001.75,6017.21321607155,-26.0,-1.0947368421052632,stop
2025-06-17 13:26:00,2025-06-17 13:30:00,long,6002.75,5997.75,5998.0,6016.104086395305,-26.0,-1.0947368421052632,stop
2025-06-18 09:45:00,2025-06-18 09:48:00,short,6043.25,6048.25,6048.0,5988.5,-26.0,-1.0947368421052632,stop
2025-06-18 09:49:00,2025-06-18 09:52:00,short,6049.0,6054.0,6053.75,6041.229835514769,-26.0,-1.0947368421052632,stop
2025-06-18 09:53:00,2025-06-18 10:08:00,short,6055.25,6060.25,6060.0,6043.304255022206,-26.0,-1.0947368421052632,stop
2025-06-19 09:45:00,2025-06-19 09:46:00,long,5985.25,5980.25,5980.5,6041.0,-26.0,-1.0947368421052632,stop
2025-06-19 09:47:00,2025-06-19 09:48:00,long,5978.5,5973.5,5973.75,5987.305641685936,-26.0,-1.0947368421052632,stop
2025-06-19 09:49:00,2025-06-19 10:08:00,long,5976.0,5984.07259628986,5971.25,5984.07259628986,39.36298144929788,1.6573886926020158,target
2025-06-20 09:45:00,2025-06-20 16:00:00,short,6064.0,6027.5,6068.75,5978.0,181.5,7.6421052631578945,session_flatten
2025-06-23 09:45:00,2025-06-23 09:47:00,short,6030.0,6035.0,6034.75,6021.922685649409,-26.0,-1.0947368421052632,stop
2025-06-23 09:48:00,2025-06-23 09:54:00,short,6036.0,6041.0,6040.75,6027.25,-26.0,-1.0947368421052632,stop
2025-06-23 09:55:00,2025-06-23 10:00:00,short,6039.5,6044.5,6044.25,6027.25,-26.0,-1.0947368421052632,stop
2025-06-24 09:45:00,2025-06-24 11:02:00,short,6127.75,6132.75,6132.5,6073.0,-26.0,-1.0947368421052632,stop
2025-06-24 11:03:00,2025-06-24 11:34:00,short,6130.75,6135.75,6135.5,6122.6007432691895,-26.0,-1.0947368421052632,stop
2025-06-24 11:35:00,2025-06-24 12:16:00,short,6134.75,6139.75,6139.5,6123.84869352702,-26.0,-1.0947368421052632,stop
2025-06-25 09:45:00,2025-06-25 11:32:00,short,6159.0,6143.75,6163.75,6143.75,75.25,3.168421052631579,target
2025-06-25 11:33:00,2025-06-25 13:40:00,long,6141.75,6136.75,6137.0,6152.525855145073,-26.0,-1.0947368421052632,stop
2025-06-25 13:41:00,2025-06-25 13:51:00,long,6134.75,6143.75,6130.0,6143.75,44.0,1.8526315789473684,target
2025-06-26 09:45:00,2025-06-26 10:00:00,short,6164.0,6169.0,6168.75,6144.75,-26.0,-1.0947368421052632,stop
2025-06-26 10:01:00,2025-06-26 10:22:00,short,6169.0,6174.0,6173.75,6144.75,-26.0,-1.0947368421052632,stop
2025-06-26 10:23:00,2025-06-26 10:30:00,short,6172.25,6177.25,6177.0,6144.75,-26.0,-1.0947368421052632,stop
2025-06-27 09:45:00,2025-06-27 09:54:00,short,6212.0,6217.0,6216.75,6191.75,-26.0,-1.0947368421052632,stop
2025-06-27 09:55:00,2025-06-27 10:00:00,short,6218.75,6223.75,6223.5,6210.1871963549465,-26.0,-1.0947368421052632,stop
2025-06-27 10:01:00,2025-06-27 10:12:00,short,6224.5,6229.5,6229.25,6213.203038525809,-26.0,-1.0947368421052632,stop
2025-06-30 09:45:00,2025-06-30 12:42:00,short,6239.5,6244.5,6244.25,6219.0,-26.0,-1.0947368421052632,stop
2025-06-30 12:43:00,2025-06-30 15:21:00,short,6244.0,6249.0,6248.75,6219.0,-26.0,-1.0947368421052632,stop
2025-06-30 15:22:00,2025-06-30 15:26:00,short,6250.0,6255.0,6254.75,6238.172943298177,-26.0,-1.0947368421052632,stop
2025-07-01 09:45:00,2025-07-01 10:00:00,long,6241.0,6236.0,6236.25,6251.75,-26.0,-1.0947368421052632,stop
2025-07-01 10:01:00,2025-07-01 10:10:00,long,6245.75,6240.75,6241.0,6251.75,-26.0,-1.0947368421052632,stop
2025-07-01 10:11:00,2025-07-01 10:15:00,long,6243.5,6251.75,6238.75,6251.75,40.25,1.694736842105263,target
2025-07-02 10:06:00,2025-07-02 10:25:00,short,6251.25,6256.25,6256.0,6244.875781890108,-26.0,-1.0947368421052632,stop
2025-07-02 10:26:00,2025-07-02 10:30:00,short,6255.25,6260.25,6260.0,6247.485630594759,-26.0,-1.0947368421052632,stop
2025-07-02 10:31:00,2025-07-02 11:35:00,short,6259.5,6264.5,6264.25,6248.408001167071,-26.0,-1.0947368421052632,stop
2025-07-03 09:45:00,2025-07-03 09:51:00,short,6305.25,6310.25,6310.0,6274.25,-26.0,-1.0947368421052632,stop
2025-07-03 09:52:00,2025-07-03 10:00:00,short,6310.5,6315.5,6315.25,6303.5943186165905,-26.0,-1.0947368421052632,stop
2025-07-03 10:01:00,2025-07-03 10:21:00,short,6315.75,6320.75,6320.5,6305.715536255149,-26.0,-1.0947368421052632,stop
2025-07-04 09:45:00,2025-07-04 09:58:00,long,6287.0,6282.0,6282.25,6323.5,-26.0,-1.0947368421052632,stop
2025-07-04 09:59:00,2025-07-04 12:42:00,long,6287.75,6282.75,6283.0,6323.5,-26.0,-1.0947368421052632,stop
2025-07-04 12:43:00,2025-07-04 12:59:00,long,6285.0,6283.25,6280.25,6323.5,-9.75,-0.4105263157894737,session_flatten
2025-07-07 09:45:00,2025-07-07 09:50:00,short,6300.25,6305.25,6305.0,6283.5,-26.0,-1.0947368421052632,stop
2025-07-07 09:51:00,2025-07-07 11:46:00,short,6307.0,6283.5,6311.75,6283.5,116.5,4.905263157894737,target
2025-07-07 11:47:00,2025-07-07 12:19:00,long,6282.75,6277.75,6278.0,6296.197905325039,-26.0,-1.0947368421052632,stop
2025-07-08 09:45:00,2025-07-08 10:03:00,short,6282.0,6270.75,6286.75,6270.75,55.25,2.3263157894736843,target
2025-07-08 10:05:00,2025-07-08 10:25:00,long,6269.0,6264.0,6264.25,6276.813661185448,-26.0,-1.0947368421052632,stop
2025-07-08 10:26:00,2025-07-08 10:32:00,long,6265.25,6274.201848320727,6260.5,6274.201848320727,43.7592416036332,1.8424943833108716,target
2025-07-09 09:45:00,2025-07-09 09:50:00,short,6309.75,6314.75,6314.5,6303.471833098049,-26.0,-1.0947368421052632,stop
2025-07-09 09:51:00,2025-07-09 10:27:00,short,6313.25,6305.630785208417,6318.0,6305.630785208417,37.09607395791318,1.5619399561226601,target
2025-07-09 10:28:00,2025-07-09 15:50:00,short,6302.5,6307.5,6307.25,6271.5,-26.0,-1.0947368421052632,stop
2025-07-10 09:49:00,2025-07-10 09:59:00,long,6301.75,6296.75,6297.0,6307.5,-26.0,-1.0947368421052632,stop
2025-07-10 10:00:00,2025-07-10 10:18:00,long,6297.75,6307.5,6293.0,6307.5,47.75,2.0105263157894737,target
2025-07-10 10:25:00,2025-07-10 10:34:00,long,6299.5,6307.5,6294.75,6307.5,39.0,1.6421052631578947,target
2025-07-11 09:45:00,2025-07-11 09:48:00,long,6281.5,6287.541114873972,6276.75,6287.541114873972,29.205574369861097,1.2297083945204672,target
2025-07-11 09:49:00,2025-07-11 16:00:00,long,6289.5,6298.5,6284.75,6324.0,44.0,1.8526315789473684,session_flatten
2025-07-14 09:45:00,2025-07-14 10:21:00,long,6285.5,6298.75,6280.75,6298.75,65.25,2.7473684210526317,target
2025-07-14 10:22:00,2025-07-14 10:28:00,short,6298.75,6290.720864964609,6303.5,6290.720864964609,39.14567517695468,1.6482389548191445,target
2025-07-14 10:29:00,2025-07-14 11:01:00,long,6289.5,6298.75,6284.75,6298.75,45.25,1.9052631578947368,target
2025-07-15 09:45:00,2025-07-15 10:43:00,short,6328.5,6309.25,6333.25,6309.25,95.25,4.010526315789473,target
2025-07-15 10:44:00,2025-07-15 10:51:00,long,6311.5,6306.5,6306.75,6322.767731484878,-26.0,-1.0947368421052632,stop
2025-07-15 10:52:00,2025-07-15 10:56:00,long,6306.25,6301.25,6301.5,6321.71168863348,-26.0,-1.0947368421052632,stop
2025-07-16 09:45:00,2025-07-16 09:50:00,short,6292.5,6283.0,6297.25,6283.0,46.5,1.9578947368421054,target
2025-07-16 09:51:00,2025-07-16 10:06:00,long,6285.25,6280.25,6280.5,6293.68229596237,-26.0,-1.0947368421052632,stop
2025-07-16 10:07:00,2025-07-16 10:30:00,long,6278.25,6290.121836383079,6273.5,6290.121836383079,58.35918191539713,2.4572287122272476,target
2025-07-17 09:45:00,2025-07-17 09:49:00,short,6315.5,6320.5,6320.25,6301.25,-26.0,-1.0947368421052632,stop
2025-07-17 09:50:00,2025-07-17 10:23:00,short,6319.25,6311.501758196648,6324.0,6311.501758196648,37.741209016761786,1.5891035375478646,target
2025-07-17 10:24:00,2025-07-17 10:29:00,short,6310.75,6315.75,6315.5,6301.25,-26.0,-1.0947368421052632,stop
2025-07-18 09:46:00,2025-07-18 10:00:00,short,6346.5,6351.5,6351.25,6340.0,-26.0,-1.0947368421052632,stop
2025-07-18 10:01:00,2025-07-18 10:13:00,short,6348.25,6340.0,6353.0,6340.0,40.25,1.694736842105263,target
2025-07-18 10:14:00,2025-07-18 10:18:00,long,6339.5,6334.5,6334.75,6346.153887389895,-26.0,-1.0947368421052632,stop
2025-07-21 09:45:00,2025-07-21 09:54:00,short,6356.75,6361.75,6361.5,6350.542748094219,-26.0,-1.0947368421052632,stop
2025-07-21 09:55:00,2025-07-21 10:00:00,short,6363.25,6368.25,6368.0,6353.82541006849,-26.0,-1.0947368421052632,stop
2025-07-21 10:01:00,2025-07-21 10:26:00,short,6366.0,6371.0,6370.75,6356.173254744805,-26.0,-1.0947368421052632,stop
2025-07-22 09:47:00,2025-07-22 09:51:00,long,6340.5,6335.5,6335.75,6346.5,-26.0,-1.0947368421052632,stop
2025-07-22 09:52:00,2025-07-22 09:53:00,long,6329.0,6324.0,6324.25,6341.00742500174,-26.0,-1.0947368421052632,stop
2025-07-22 09:54:00,2025-07-22 10:37:00,long,6322.5,6337.242772714133,6317.75,6337.242772714133,72.71386357066513,3.0616363608701107,target
2025-07-23 09:45:00,2025-07-23 10:00:00,long,6358.75,6353.75,6354.0,6366.256789194305,-26.0,-1.0947368421052632,stop
2025-07-23 10:01:00,2025-07-23 10:09:00,short,6356.75,6361.75,6361.5,6345.25,-26.0,-1.0947368421052632,stop
2025-07-23 10:10:00,2025-07-23 11:00:00,short,6360.25,6365.25,6365.0,6345.25,-26.0,-1.0947368421052632,stop
2025-07-24 09:45:00,2025-07-24 09:47:00,short,6403.0,6408.0,6407.75,6393.75,-26.0,-1.0947368421052632,stop
2025-07-24 09:48:00,2025-07-24 09:56:00,short,6409.0,6401.841060046964,6413.75,6401.841060046964,34.79469976517885,1.4650399901127935,target
2025-07-24 09:57:00,2025-07-24 10:49:00,short,6405.75,6410.75,6410.5,6393.75,-26.0,-1.0947368421052632,stop
2025-07-25 09:45:00,2025-07-25 10:34:00,short,6406.75,6411.75,6411.5,6400.25,-26.0,-1.0947368421052632,stop
2025-07-25 10:35:00,2025-07-25 12:12:00,short,6413.0,6418.0,6417.75,6400.25,-26.0,-1.0947368421052632,stop
2025-07-25 12:13:00,2025-07-25 12:26:00,short,6417.75,6422.75,6422.5,6410.123356849718,-26.0,-1.0947368421052632,stop
2025-07-28 10:05:00,2025-07-28 11:18:00,short,6431.5,6424.25,6436.25,6424.25,35.25,1.4842105263157894,target
2025-07-28 11:19:00,2025-07-28 11:51:00,long,6421.0,6428.477231075755,6416.25,6428.477231075755,36.38615537877649,1.5320486475274313,target
2025-07-28 13:17:00,2025-07-28 13:25:00,long,6420.0,6415.0,6415.25,6426.957782888967,-26.0,-1.0947368421052632,stop
2025-07-29 09:45:00,2025-07-29 10:44:00,short,6433.5,6425.25,6438.25,6425.25,40.25,1.694736842105263,target
2025-07-29 10:45:00,2025-07-29 10:53:00,long,6425.0,6420.0,6420.25,6431.913248328779,-26.0,-1.0947368421052632,stop
2025-07-29 10:54:00,2025-07-29 11:15:00,long,6420.5,6415.5,6415.75,6430.644577751289,-26.0,-1.0947368421052632,stop
2025-07-30 09:45:00,2025-07-30 09:52:00,short,6413.75,6405.75,6418.5,6405.75,39.0,1.6421052631578947,target
2025-07-30 10:18:00,2025-07-30 10:22:00,short,6411.75,6416.75,6416.5,6405.75,-26.0,-1.0947368421052632,stop
2025-07-30 10:23:00,2025-07-30 11:06:00,short,6418.5,6410.161677027409,6423.25,6410.161677027409,40.69161486295707,1.713331152124508,target
2025-07-31 09:45:00,2025-07-31 09:49:00,long,6430.5,6437.403135485626,6425.75,6437.403135485626,33.5156774281304,1.4111864180265432,target
2025-07-31 09:50:00,2025-07-31 09:52:00,short,6439.25,6444.25,6444.0,6397.5,-26.0,-1.0947368421052632,stop
2025-07-31 09:53:00,2025-07-31 10:26:00,short,6446.25,6437.620482532997,6451.0,6437.620482532997,42.14758733501549,1.7746352562111785,target
2025-08-01 09:45:00,2025-08-01 09:49:00,long,6265.75,6260.75,6261.0,6288.472636579196,-26.0,-1.0947368421052632,stop
2025-08-01 09:50:00,2025-08-01 09:54:00,long,6262.5,6257.5,6257.75,6282.950916564388,-26.0,-1.0947368421052632,stop
2025-08-01 09:55:00,2025-08-01 09:59:00,long,6264.5,6259.5,6259.75,6279.699966746577,-26.0,-1.0947368421052632,stop
2025-08-04 09:45:00,2025-08-04 09:55:00,short,6328.5,6333.5,6333.25,6316.671627580099,-26.0,-1.0947368421052632,stop
2025-08-04 09:56:00,2025-08-04 09:57:00,short,6330.75,6335.75,6335.5,6320.972796455564,-26.0,-1.0947368421052632,stop
2025-08-04 09:58:00,2025-08-04 10:16:00,short,6336.25,6341.25,6341.0,6321.74426605787,-26.0,-1.0947368421052632,stop
2025-08-05 09:45:00,2025-08-05 09:56:00,short,6369.75,6363.090382166838,6374.5,6363.090382166838,32.29808916580987,1.3599195438235734,target
2025-08-05 09:57:00,2025-08-05 10:00:00,short,6362.0,6355.5,6366.75,6355.5,31.5,1.3263157894736841,target
2025-08-05 10:01:00,2025-08-05 10:05:00,long,6355.0,6350.0,6350.25,6363.448369550203,-26.0,-1.0947368421052632,stop
2025-08-06 09:45:00,2025-08-06 09:47:00,short,6333.25,6338.25,6338.0,6323.75,-26.0,-1.0947368421052632,stop
2025-08-06 09:48:00,2025-08-06 09:50:00,short,6340.25,6333.353591534483,6345.0,6333.353591534483,33.48204232758599,1.4097702032667785,target
2025-08-06 09:52:00,2025-08-06 09:53:00,short,6334.25,6339.25,6339.0,6323.75,-26.0,-1.0947368421052632,stop
2025-08-07 09:45:00,2025-08-07 09:55:00,long,6400.0,6407.888417161807,6395.25,6407.888417161807,38.44208580903705,1.618614139327876,target
2025-08-07 09:56:00,2025-08-07 10:00:00,short,6407.75,6412.75,6412.5,6369.5,-26.0,-1.0947368421052632,stop
2025-08-07 10:01:00,2025-08-07 10:55:00,short,6404.25,6369.5,6409.0,6369.5,172.75,7.273684210526316,target
2025-08-08 09:45:00,2025-08-08 09:48:00,short,6392.75,6397.75,6397.5,6386.322266466404,-26.0,-1.0947368421052632,stop
2025-08-08 09:49:00,2025-08-08 09:53:00,short,6395.0,6400.0,6399.75,6388.089001092468,-26.0,-1.0947368421052632,stop
2025-08-08 09:54:00,2025-08-08 09:56:00,short,6396.5,6401.5,6401.25,6389.539820122093,-26.0,-1.0947368421052632,stop
2025-08-11 10:47:00,2025-08-11 11:50:00,long,6408.5,6415.547411166698,6403.75,6415.547411166698,34.23705583349056,1.441560245620655,target
2025-08-11 12:01:00,2025-08-11 12:07:00,short,6420.75,6425.75,6425.5,6414.299798165367,-26.0,-1.0947368421052632,stop
2025-08-11 12:08:00,2025-08-11 12:44:00,short,6427.5,6416.0,6432.25,6416.0,56.5,2.3789473684210525,target
2025-08-12 09:45:00,2025-08-12 09:48:00,long,6424.0,6419.0,6419.25,6429.779814032705,-26.0,-1.0947368421052632,stop
2025-08-12 09:49:00,2025-08-12 09:50:00,long,6417.0,6412.0,6412.25,6427.677128111981,-26.0,-1.0947368421052632,stop
2025-08-12 09:51:00,2025-08-12 09:55:00,long,6413.75,6426.2437187431,6409.0,6426.2437187431,61.46859371549817,2.5881513143367654,target
2025-08-13 09:45:00,2025-08-13 09:48:00,short,6494.25,6499.25,6499.0,6466.75,-26.0,-1.0947368421052632,stop
2025-08-13 09:49:00,2025-08-13 10:00:00,short,6499.0,6493.047682230337,6503.75,6493.047682230337,28.761588848314204,1.2110142672974402,target
2025-08-13 10:01:00,2025-08-13 10:06:00,short,6492.25,6497.25,6497.0,6466.75,-26.0,-1.0947368421052632,stop
2025-08-14 09:45:00,2025-08-14 10:46:00,long,6473.5,6490.5,6468.75,6490.5,84.0,3.536842105263158,target
2025-08-14 10:47:00,2025-08-14 11:25:00,short,6494.75,6477.822123723407,6499.5,6477.822123723407,83.63938138296726,3.5216581634933584,target
2025-08-14 11:26:00,2025-08-14 11:48:00,long,6470.75,6479.36023986956,6466.0,6479.36023986956,42.05119934780123,1.7705768146442624,target
2025-08-15 09:45:00,2025-08-15 09:49:00,long,6483.25,6478.25,6478.5,6489.791639127561,-26.0,-1.0947368421052632,stop
2025-08-15 09:50:00,2025-08-15 09:53:00,long,6478.5,6473.5,6473.75,6486.0,-26.0,-1.0947368421052632,stop
2025-08-15 09:54:00,2025-08-15 10:00:00,long,6476.75,6471.75,6472.0,6484.980002365928,-26.0,-1.0947368421052632,stop
2025-08-18 09:58:00,2025-08-18 10:03:00,long,6461.5,6467.521422435176,6456.75,6467.521422435176,29.107112175878683,1.225562617931734,target
2025-08-18 10:24:00,2025-08-18 10:28:00,short,6474.0,6468.25,6478.75,6468.25,27.75,1.168421052631579,target
2025-08-18 10:46:00,2025-08-18 10:52:00,long,6462.0,6467.7676004460955,6457.25,6467.7676004460955,27.838002230477287,1.1721264097043067,target
2025-08-19 09:45:00,2025-08-19 10:02:00,long,6460.75,6468.5,6456.0,6468.5,37.75,1.5894736842105264,target
2025-08-19 10:03:00,2025-08-19 10:04:00,short,6470.25,6475.25,6475.0,6462.7028258096125,-26.0,-1.0947368421052632,stop
2025-08-19 10:05:00,2025-08-19 10:27:00,short,6474.5,6468.5,6479.25,6468.5,29.0,1.2210526315789474,target
2025-08-20 09:45:00,2025-08-20 09:49:00,long,6413.5,6408.5,6408.75,6420.60404659718,-26.0,-1.0947368421052632,stop
2025-08-20 09:50:00,2025-08-20 09:51:00,long,6405.0,6400.0,6400.25,6417.005031979828,-26.0,-1.0947368421052632,stop
2025-08-20 09:52:00,2025-08-20 09:53:00,long,6400.0,6395.0,6395.25,6414.719659954595,-26.0,-1.0947368421052632,stop
2025-08-21 09:45:00,2025-08-21 09:46:00,long,6382.0,6377.0,6377.25,6390.814776581261,-26.0,-1.0947368421052632,stop
2025-08-21 09:47:00,2025-08-21 09:57:00,long,6388.0,6383.0,6383.25,6414.0,-26.0,-1.0947368421052632,stop
2025-08-21 09:58:00,2025-08-21 10:00:00,long,6385.5,6380.5,6380.75,6414.0,-26.0,-1.0947368421052632,stop
2025-08-22 09:45:00,2025-08-22 09:57:00,short,6426.75,6414.159910897427,6431.5,6414.159910897427,61.95044551286537,2.6084398110680156,target
2025-08-22 09:58:00,2025-08-22 10:00:00,short,6412.0,6417.0,6416.75,6388.75,-26.0,-1.0947368421052632,stop
2025-08-22 10:01:00,2025-08-22 10:02:00,short,6463.5,6468.5,6468.25,6424.9111696362925,-26.0,-1.0947368421052632,stop
2025-08-25 09:45:00,2025-08-25 15:57:00,long,6467.25,6462.25,6462.5,6483.0,-26.0,-1.0947368421052632,stop
2025-08-26 09:47:00,2025-08-26 09:53:00,long,6448.0,6456.25,6443.25,6456.25,40.25,1.694736842105263,target
2025-08-26 10:22:00,2025-08-26 11:10:00,short,6460.5,6453.5793406441735,6465.25,6453.5793406441735,33.603296779132506,1.4148756538582108,target
2025-08-26 12:14:00,2025-08-26 13:54:00,short,6461.0,6455.105994382036,6465.75,6455.105994382036,28.470028089817788,1.1987380248344333,target
2025-08-27 10:13:00,2025-08-27 10:19:00,short,6486.5,6491.5,6491.25,6480.75,-26.0,-1.0947368421052632,stop
2025-08-27 10:20:00,2025-08-27 13:52:00,short,6491.25,6496.25,6496.0,6481.646403181185,-26.0,-1.0947368421052632,stop
2025-08-27 13:53:00,2025-08-27 14:14:00,short,6495.5,6500.5,6500.25,6487.218593876972,-26.0,-1.0947368421052632,stop
2025-08-28 09:45:00,2025-08-28 09:50:00,long,6495.5,6490.5,6490.75,6502.140960272799,-26.0,-1.0947368421052632,stop
2025-08-28 09:51:00,2025-08-28 09:56:00,long,6486.75,6481.75,6482.0,6494.5,-26.0,-1.0947368421052632,stop
2025-08-28 09:57:00,2025-08-28 10:08:00,long,6485.5,6494.5,6480.75,6494.5,44.0,1.8526315789473684,target
2025-08-29 09:45:00,2025-08-29 09:47:00,long,6490.75,6485.75,6486.0,6514.75,-26.0,-1.0947368421052632,stop
2025-08-29 09:48:00,2025-08-29 09:50:00,long,6488.0,6483.0,6483.25,6494.008384276097,-26.0,-1.0947368421052632,stop
2025-08-29 09:51:00,2025-08-29 09:56:00,long,6487.0,6482.0,6482.25,6514.75,-26.0,-1.0947368421052632,stop
2025-09-01 10:30:00,2025-09-01 12:59:00,short,6479.5,6483.25,6484.25,6473.5,-19.75,-0.8315789473684211,session_flatten
2025-09-02 09:45:00,2025-09-02 09:47:00,long,6393.75,6388.75,6389.0,6483.0,-26.0,-1.0947368421052632,stop
2025-09-02 09:48:00,2025-09-02 09:50:00,short,6397.5,6402.5,6402.25,6391.012975509285,-26.0,-1.0947368421052632,stop
2025-09-02 09:51:00,2025-09-02 09:55:00,short,6411.0,6416.0,6415.75,6393.249301101793,-26.0,-1.0947368421052632,stop
2025-09-03 09:45:00,2025-09-03 09:51:00,short,6446.5,6451.5,6451.25,6426.0,-26.0,-1.0947368421052632,stop
2025-09-03 09:52:00,2025-09-03 10:25:00,short,6448.0,6453.0,6452.75,6426.0,-26.0,-1.0947368421052632,stop
2025-09-03 10:26:00,2025-09-03 10:29:00,short,6453.25,6447.309121874133,6458.0,6447.309121874133,28.70439062933565,1.2086059212351852,target
2025-09-04 09:45:00,2025-09-04 10:05:00,short,6471.25,6460.75,6476.0,6460.75,51.5,2.168421052631579,target
2025-09-04 10:06:00,2025-09-04 10:15:00,long,6462.0,6457.0,6457.25,6468.461148670376,-26.0,-1.0947368421052632,stop
2025-09-04 10:16:00,2025-09-04 10:23:00,long,6456.75,6466.646492602213,6452.0,6466.646492602213,48.48246301106337,2.041366863623721,target
2025-09-05 09:45:00,2025-09-05 09:49:00,short,6534.25,6539.25,6539.0,6510.25,-26.0,-1.0947368421052632,stop
2025-09-05 09:50:00,2025-09-05 10:14:00,short,6539.0,6510.25,6543.75,6510.25,142.75,6.010526315789473,target
2025-09-05 10:15:00,2025-09-05 10:18:00,long,6506.75,6501.75,6502.0,6527.779295750366,-26.0,-1.0947368421052632,stop
2025-09-08 09:45:00,2025-09-08 09:55:00,short,6502.0,6507.0,6506.75,6488.5,-26.0,-1.0947368421052632,stop
2025-09-08 09:56:00,2025-09-08 10:39:00,short,6506.25,6511.25,6511.0,6488.5,-26.0,-1.0947368421052632,stop
2025-09-08 10:40:00,2025-09-08 10:55:00,short,6509.25,6514.25,6514.0,6503.019921415554,-26.0,-1.0947368421052632,stop
2025-09-09 10:11:00,2025-09-09 10:16:00,short,6513.75,6507.554666354552,6518.5,6507.554666354552,29.976668227240225,1.2621755043048515,target
2025-09-09 10:32:00,2025-09-09 10:34:00,long,6498.0,6493.0,6493.25,6506.5,-26.0,-1.0947368421052632,stop
2025-09-09 10:35:00,2025-09-09 12:10:00,long,6493.0,6506.130812924029,6488.25,6506.130812924029,64.6540646201438,2.7222764050586865,target
2025-09-10 09:45:00,2025-09-10 09:48:00,short,6548.25,6553.25,6553.0,6518.5,-26.0,-1.0947368421052632,stop
2025-09-10 09:49:00,2025-09-10 10:04:00,short,6554.0,6559.0,6558.75,6518.5,-26.0,-1.0947368421052632,stop
2025-09-10 10:05:00,2025-09-10 10:54:00,short,6557.75,6550.350621489183,6562.5,6550.350621489183,35.9968925540843,1.515658633856181,target
2025-09-11 09:45:00,2025-09-11 09:46:00,short,6553.5,6558.5,6558.25,6539.0,-26.0,-1.0947368421052632,stop
2025-09-11 09:47:00,2025-09-11 09:51:00,short,6559.25,6564.25,6564.0,6539.0,-26.0,-1.0947368421052632,stop
2025-09-11 09:52:00,2025-09-11 09:54:00,short,6563.25,6568.25,6568.0,6539.0,-26.0,-1.0947368421052632,stop
2025-09-12 10:55:00,2025-09-12 11:22:00,short,6597.25,6591.17071042526,6602.0,6591.17071042526,29.3964478736998,1.2377451736294651,target
2025-09-12 13:49:00,2025-09-12 14:33:00,short,6597.0,6602.0,6601.75,6591.0,-26.0,-1.0947368421052632,stop
2025-09-12 14:34:00,2025-09-12 14:52:00,short,6601.0,6606.0,6605.75,6592.307798636696,-26.0,-1.0947368421052632,stop
2025-09-15 09:45:00,2025-09-15 09:51:00,short,6612.25,6617.25,6617.0,6586.75,-26.0,-1.0947368421052632,stop
2025-09-15 09:52:00,2025-09-15 10:30:00,short,6616.25,6621.25,6621.0,6586.75,-26.0,-1.0947368421052632,stop
2025-09-15 10:31:00,2025-09-15 16:00:00,short,6619.5,6619.25,6624.25,6586.75,0.25,0.010526315789473684,session_flatten
2025-09-16 09:50:00,2025-09-16 10:02:00,long,6616.0,6611.0,6611.25,6622.114406686462,-26.0,-1.0947368421052632,stop
2025-09-16 10:04:00,2025-09-16 11:01:00,long,6612.5,6607.5,6607.75,6619.0,-26.0,-1.0947368421052632,stop
2025-09-16 11:02:00,2025-09-16 13:18:00,long,6606.5,6615.894776636866,6601.75,6615.894776636866,45.97388318432786,1.9357424498664362,target
2025-09-17 09:45:00,2025-09-17 09:48:00,short,6665.75,6670.75,6670.5,6612.25,-26.0,-1.0947368421052632,stop
2025-09-17 09:49:00,2025-09-17 09:53:00,short,6670.25,6675.25,6675.0,6612.25,-26.0,-1.0947368421052632,stop
2025-09-17 09:54:00,2025-09-17 14:00:00,short,6670.75,6675.75,6675.5,6612.25,-26.0,-1.0947368421052632,stop
2025-09-18 09:45:00,2025-09-18 09:48:00,short,6672.75,6677.75,6677.5,6664.75,-26.0,-1.0947368421052632,stop
2025-09-18 09:49:00,2025-09-18 09:50:00,short,6682.0,6687.0,6686.75,6664.75,-26.0,-1.0947368421052632,stop
2025-09-18 09:51:00,2025-09-18 10:00:00,short,6687.5,6692.5,6692.25,6664.75,-26.0,-1.0947368421052632,stop
2025-09-19 09:46:00,2025-09-19 09:48:00,short,6700.0,6705.0,6704.75,6693.25,-26.0,-1.0947368421052632,stop
2025-09-19 09:49:00,2025-09-19 10:19:00,short,6708.0,6701.859068033336,6712.75,6701.859068033336,29.704659833318146,1.2507225192976061,target
2025-09-19 10:20:00,2025-09-19 10:47:00,short,6702.25,6693.25,6707.0,6693.25,44.0,1.8526315789473684,target
2025-09-22 09:45:00,2025-09-22 10:27:00,long,6709.75,6722.5,6705.0,6722.5,62.75,2.642105263157895,target
2025-09-22 10:28:00,2025-09-22 10:40:00,short,6723.0,6728.0,6727.75,6715.033695874782,-26.0,-1.0947368421052632,stop
2025-09-22 10:41:00,2025-09-22 10:48:00,short,6727.25,6732.25,6732.0,6716.5886524299285,-26.0,-1.0947368421052632,stop
2025-09-23 10:35:00,2025-09-23 11:40:00,long,6745.5,6740.5,6740.75,6751.3055344404165,-26.0,-1.0947368421052632,stop
2025-09-23 11:41:00,2025-09-23 12:08:00,long,6739.5,6734.5,6734.75,6748.883988850148,-26.0,-1.0947368421052632,stop
2025-09-23 12:09:00,2025-09-23 13:04:00,long,6734.25,6729.25,6729.5,6747.542335980044,-26.0,-1.0947368421052632,stop
2025-09-24 09:49:00,2025-09-24 09:51:00,long,6711.75,6706.75,6707.0,6719.417032975978,-26.0,-1.0947368421052632,stop
2025-09-24 09:52:00,2025-09-24 10:04:00,long,6710.0,6715.75,6705.25,6715.75,27.75,1.168421052631579,target
2025-09-24 11:10:00,2025-09-24 11:33:00,long,6708.75,6703.75,6704.0,6714.628998050351,-26.0,-1.0947368421052632,stop
2025-09-25 09:45:00,2025-09-25 09:46:00,long,6638.75,6633.75,6634.0,6644.970075972724,-26.0,-1.0947368421052632,stop
2025-09-25 09:47:00,2025-09-25 09:53:00,long,6641.25,6636.25,6636.5,6695.0,-26.0,-1.0947368421052632,stop
2025-09-25 09:54:00,2025-09-25 09:58:00,long,6637.5,6632.5,6632.75,6643.693337075723,-26.0,-1.0947368421052632,stop
2025-09-26 09:45:00,2025-09-26 09:46:00,short,6687.75,6692.75,6692.5,6663.0,-26.0,-1.0947368421052632,stop
2025-09-26 09:47:00,2025-09-26 10:00:00,short,6693.75,6698.75,6698.5,6685.120818748541,-26.0,-1.0947368421052632,stop
2025-09-26 10:01:00,2025-09-26 10:05:00,short,6699.0,6688.513969044255,6703.75,6688.513969044255,51.43015477872632,2.165480201209529,target
2025-09-29 09:45:00,2025-09-29 10:09:00,short,6724.0,6729.0,6728.75,6697.5,-26.0,-1.0947368421052632,stop
2025-09-29 10:10:00,2025-09-29 15:15:00,short,6728.25,6697.5,6733.0,6697.5,152.75,6.431578947368421,target
2025-09-29 15:16:00,2025-09-29 15:50:00,long,6697.5,6715.333854134915,6692.75,6715.333854134915,88.16927067457436,3.7123903441926047,target
2025-09-30 09:45:00,2025-09-30 09:49:00,long,6709.0,6704.0,6704.25,6715.25,-26.0,-1.0947368421052632,stop
2025-09-30 09:50:00,2025-09-30 09:54:00,long,6703.25,6698.25,6698.5,6715.25,-26.0,-1.0947368421052632,stop
2025-09-30 09:55:00,2025-09-30 10:39:00,long,6700.0,6695.0,6695.25,6715.25,-26.0,-1.0947368421052632,stop
2025-10-01 09:45:00,2025-10-01 09:47:00,long,6723.5,6718.5,6718.75,6733.5,-26.0,-1.0947368421052632,stop
2025-10-01 09:48:00,2025-10-01 09:49:00,long,6714.0,6709.0,6709.25,6719.979282944827,-26.0,-1.0947368421052632,stop
2025-10-01 09:50:00,2025-10-01 09:56:00,long,6711.0,6718.1401580926695,6706.25,6718.1401580926695,34.7007904633474,1.4610859142462065,target
2025-10-02 09:45:00,2025-10-02 10:20:00,short,6768.0,6758.0,6772.75,6758.0,49.0,2.0631578947368423,target
2025-10-02 10:21:00,2025-10-02 10:46:00,long,6758.5,6753.5,6753.75,6767.298109140467,-26.0,-1.0947368421052632,stop
2025-10-02 10:47:00,2025-10-02 11:00:00,long,6753.5,6748.5,6748.75,6765.067644869431,-26.0,-1.0947368421052632,stop
2025-10-03 09:45:00,2025-10-03 09:52:00,short,6781.75,6786.75,6786.5,6768.75,-26.0,-1.0947368421052632,stop
2025-10-03 09:53:00,2025-10-03 09:56:00,short,6787.25,6780.405474267038,6792.0,6780.405474267038,33.222628664811054,1.3988475227288866,target
2025-10-03 09:57:00,2025-10-03 10:26:00,short,6781.5,6786.5,6786.25,6768.75,-26.0,-1.0947368421052632,stop
2025-10-06 09:45:00,2025-10-06 09:49:00,short,6776.25,6781.25,6781.0,6766.0,-26.0,-1.0947368421052632,stop
2025-10-06 09:50:00,2025-10-06 10:49:00,short,6776.25,6781.25,6781.0,6766.0,-26.0,-1.0947368421052632,stop
2025-10-06 10:50:00,2025-10-06 11:05:00,short,6778.25,6783.25,6783.0,6766.0,-26.0,-1.0947368421052632,stop
2025-10-07 09:45:00,2025-10-07 10:24:00,short,6795.75,6788.25,6800.5,6788.25,36.5,1.5368421052631578,target
2025-10-07 10:25:00,2025-10-07 10:27:00,long,6789.0,6784.0,6784.25,6794.934329993738,-26.0,-1.0947368421052632,stop
2025-10-07 10:28:00,2025-10-07 10:36:00,long,6785.75,6780.75,6781.0,6794.228715222044,-26.0,-1.0947368421052632,stop
2025-10-08 09:47:00,2025-10-08 10:00:00,short,6773.0,6778.0,6777.75,6765.75,-26.0,-1.0947368421052632,stop
2025-10-08 10:01:00,2025-10-08 10:08:00,short,6781.75,6786.75,6786.5,6771.86497995148,-26.0,-1.0947368421052632,stop
2025-10-08 10:09:00,2025-10-08 10:12:00,short,6785.75,6790.75,6790.5,6774.2223492633875,-26.0,-1.0947368421052632,stop
2025-10-09 09:45:00,2025-10-09 09:52:00,long,6796.25,6791.25,6791.5,6802.716745148616,-26.0,-1.0947368421052632,stop
2025-10-09 09:53:00,2025-10-09 09:55:00,long,6790.75,6785.75,6786.0,6799.556799081044,-26.0,-1.0947368421052632,stop
2025-10-09 09:56:00,2025-10-09 10:02:00,long,6788.75,6783.75,6784.0,6798.260557764036,-26.0,-1.0947368421052632,stop
2025-10-10 09:45:00,2025-10-10 09:49:00,short,6805.25,6796.9360596737,6810.0,6796.9360596737,40.56970163150163,1.7081979634316475,target
2025-10-10 09:50:00,2025-10-10 09:59:00,short,6794.25,6799.25,6799.0,6780.5,-26.0,-1.0947368421052632,stop
2025-10-10 10:00:00,2025-10-10 10:57:00,short,6797.5,6780.5,6802.25,6780.5,84.0,3.536842105263158,target
2025-10-13 09:45:00,2025-10-13 09:46:00,short,6670.5,6675.5,6675.25,6593.5,-26.0,-1.0947368421052632,stop
2025-10-13 09:47:00,2025-10-13 09:50:00,short,6678.0,6683.0,6682.75,6671.4958680374,-26.0,-1.0947368421052632,stop
2025-10-13 09:51:00,2025-10-13 09:52:00,short,6680.75,6685.75,6685.5,6672.422052810957,-26.0,-1.0947368421052632,stop
2025-10-14 09:45:00,2025-10-14 09:49:00,long,6605.75,6614.042518597794,6601.0,6614.042518597794,40.462592988968936,1.7036881258513237,target
2025-10-14 09:50:00,2025-10-14 09:52:00,long,6606.5,6612.749668958419,6601.75,6612.749668958419,30.24834479209312,1.2736145175618157,target
2025-10-14 09:53:00,2025-10-14 09:55:00,short,6619.75,6624.75,6624.5,6612.684986409699,-26.0,-1.0947368421052632,stop
2025-10-15 09:45:00,2025-10-15 09:46:00,short,6740.5,6733.105455226811,6745.25,6733.105455226811,35.972723865947046,1.514641004881981,target
2025-10-15 09:47:00,2025-10-15 09:51:00,short,6731.0,6736.0,6735.75,6691.0,-26.0,-1.0947368421052632,stop
2025-10-15 09:52:00,2025-10-15 09:55:00,short,6739.75,6744.75,6744.5,6732.710800221821,-26.0,-1.0947368421052632,stop
2025-10-16 09:45:00,2025-10-16 09:47:00,short,6743.5,6732.784125283063,6748.25,6732.784125283063,52.57937358468462,2.213868361460405,target
2025-10-16 09:48:00,2025-10-16 10:12:00,short,6732.0,6719.75,6736.75,6719.75,60.25,2.536842105263158,target
2025-10-16 10:13:00,2025-10-16 10:16:00,long,6718.75,6730.22985971486,6714.0,6730.22985971486,56.3992985743007,2.3747073083916086,target
2025-10-17 09:45:00,2025-10-17 09:48:00,long,6647.0,6656.335751845192,6642.25,6656.335751845192,45.678759225960675,1.9233161779351864,target
2025-10-17 09:49:00,2025-10-17 09:51:00,long,6661.0,6670.25,6656.25,6670.25,45.25,1.9052631578947368,target
2025-10-17 09:52:00,2025-10-17 09:53:00,short,6670.25,6675.25,6675.0,6657.264768155285,-26.0,-1.0947368421052632,stop
2025-10-20 09:45:00,2025-10-20 09:49:00,short,6749.75,6754.75,6754.5,6703.5,-26.0,-1.0947368421052632,stop
2025-10-20 09:50:00,2025-10-20 10:08:00,short,6751.5,6756.5,6756.25,6703.5,-26.0,-1.0947368421052632,stop
2025-10-20 10:09:00,2025-10-20 10:26:00,short,6757.0,6762.0,6761.75,6748.659609537858,-26.0,-1.0947368421052632,stop
2025-10-21 09:47:00,2025-10-21 09:57:00,long,6766.5,6761.5,6761.75,6772.25,-26.0,-1.0947368421052632,stop
2025-10-21 09:58:00,2025-10-21 10:00:00,long,6766.5,6761.5,6761.75,6772.25,-26.0,-1.0947368421052632,stop
2025-10-21 10:01:00,2025-10-21 10:14:00,long,6763.25,6769.2854803142,6758.5,6769.2854803142,29.17740157099979,1.2285221714105174,target
2025-10-22 10:14:00,2025-10-22 10:24:00,long,6766.5,6761.5,6761.75,6774.0,-26.0,-1.0947368421052632,stop
2025-10-22 10:25:00,2025-10-22 10:26:00,long,6765.5,6760.5,6760.75,6774.0,-26.0,-1.0947368421052632,stop
2025-10-22 10:27:00,2025-10-22 10:29:00,long,6757.75,6752.75,6753.0,6769.310091740693,-26.0,-1.0947368421052632,stop
2025-10-23 09:45:00,2025-10-23 09:50:00,short,6756.75,6761.75,6761.5,6746.694080683238,-26.0,-1.0947368421052632,stop
2025-10-23 09:51:00,2025-10-23 10:10:00,short,6765.25,6750.542296084619,6770.0,6750.542296084619,72.53851957690495,3.054253455869682,target
2025-10-23 10:11:00,2025-10-23 10:13:00,short,6747.5,6752.5,6752.25,6738.75,-26.0,-1.0947368421052632,stop
2025-10-24 09:45:00,2025-10-24 09:49:00,short,6831.75,6824.988398124551,6836.5,6824.988398124551,32.80800937724416,1.3813898685155437,target
2025-10-24 09:50:00,2025-10-24 09:52:00,short,6822.25,6827.25,6827.0,6775.0,-26.0,-1.0947368421052632,stop
2025-10-24 09:53:00,2025-10-24 09:56:00,short,6826.0,6831.0,6830.75,6775.0,-26.0,-1.0947368421052632,stop
2025-10-27 09:45:00,2025-10-27 09:52:00,short,6880.5,6885.5,6885.25,6826.25,-26.0,-1.0947368421052632,stop
2025-10-27 09:53:00,2025-10-27 10:03:00,short,6884.0,6889.0,6888.75,6826.25,-26.0,-1.0947368421052632,stop
2025-10-27 10:04:00,2025-10-27 10:17:00,short,6889.5,6883.722689453253,6894.25,6883.722689453253,27.88655273373388,1.1741706414203739,target
2025-10-28 09:45:00,2025-10-28 09:48:00,short,6913.5,6907.75,6918.25,6907.75,27.75,1.168421052631579,target
2025-10-28 09:50:00,2025-10-28 09:56:00,long,6908.5,6916.752170360535,6903.75,6916.752170360535,40.26085180267637,1.6951937601126892,target
2025-10-28 09:57:00,2025-10-28 10:22:00,long,6909.5,6915.335724678059,6904.75,6915.335724678059,28.17862339029398,1.186468353275536,target
2025-10-29 09:45:00,2025-10-29 09:55:00,short,6944.75,6949.75,6949.5,6923.5,-26.0,-1.0947368421052632,stop
2025-10-29 09:56:00,2025-10-29 14:35:00,short,6949.5,6923.5,6954.25,6923.5,129.0,5.431578947368421,target
2025-10-29 14:36:00,2025-10-29 14:37:00,long,6911.25,6906.25,6906.5,6923.5,-26.0,-1.0947368421052632,stop
2025-10-30 09:45:00,2025-10-30 14:39:00,long,6882.0,6877.0,6877.25,6933.25,-26.0,-1.0947368421052632,stop
2025-10-30 14:40:00,2025-10-30 15:01:00,long,6877.5,6872.5,6872.75,6893.600604383325,-26.0,-1.0947368421052632,stop
2025-10-30 15:02:00,2025-10-30 15:06:00,long,6875.75,6870.75,6871.0,6892.881133812787,-26.0,-1.0947368421052632,stop
2025-10-31 09:45:00,2025-10-31 09:52:00,long,6881.75,6891.939920971646,6877.0,6891.939920971646,49.94960485822867,2.1031412571885757,target
2025-10-31 09:53:00,2025-10-31 10:42:00,short,6889.25,6894.25,6894.0,6860.75,-26.0,-1.0947368421052632,stop
2025-10-31 10:43:00,2025-10-31 11:37:00,short,6895.5,6886.5324099315185,6900.25,6886.5324099315185,43.83795034240757,1.8458084354697923,target
2025-11-03 09:45:00,2025-11-03 09:50:00,long,6884.0,6879.0,6879.25,6892.497677026594,-26.0,-1.0947368421052632,stop
2025-11-03 09:51:00,2025-11-03 10:00:00,short,6879.0,6871.25,6883.75,6871.25,37.75,1.5894736842105264,target
2025-11-03 10:01:00,2025-11-03 10:05:00,long,6872.0,6867.0,6867.25,6885.564508618682,-26.0,-1.0947368421052632,stop
2025-11-04 09:45:00,2025-11-04 09:48:00,short,6817.0,6822.0,6821.75,6807.398762934736,-26.0,-1.0947368421052632,stop
2025-11-04 09:49:00,2025-11-04 09:51:00,short,6820.5,6825.5,6825.25,6809.271635618439,-26.0,-1.0947368421052632,stop
2025-11-04 09:52:00,2025-11-04 09:54:00,short,6827.25,6832.25,6832.0,6811.2328816699965,-26.0,-1.0947368421052632,stop
2025-11-05 09:45:00,2025-11-05 09:47:00,long,6798.5,6805.75,6793.75,6805.75,35.25,1.4842105263157894,target
2025-11-05 09:48:00,2025-11-05 09:51:00,short,6809.0,6814.0,6813.75,6798.246963659313,-26.0,-1.0947368421052632,stop
2025-11-05 09:52:00,2025-11-05 09:54:00,short,6814.5,6819.5,6819.25,6805.75,-26.0,-1.0947368421052632,stop
2025-11-06 09:45:00,2025-11-06 09:50:00,long,6813.0,6808.0,6808.25,6821.5,-26.0,-1.0947368421052632,stop
2025-11-06 09:51:00,2025-11-06 09:54:00,long,6801.75,6796.75,6797.0,6811.773060098522,-26.0,-1.0947368421052632,stop
2025-11-06 09:55:00,2025-11-06 09:57:00,long,6798.75,6793.75,6794.0,6809.716778783137,-26.0,-1.0947368421052632,stop
2025-11-07 09:45:00,2025-11-07 09:46:00,long,6703.75,6698.75,6699.0,6753.0,-26.0,-1.0947368421052632,stop
2025-11-07 09:47:00,2025-11-07 09:50:00,long,6696.25,6691.25,6691.5,6753.0,-26.0,-1.0947368421052632,stop
2025-11-07 09:51:00,2025-11-07 10:03:00,long,6699.0,6694.0,6694.25,6753.0,-26.0,-1.0947368421052632,stop
2025-11-10 09:45:00,2025-11-10 12:51:00,short,6832.0,6837.0,6836.75,6756.25,-26.0,-1.0947368421052632,stop
2025-11-10 12:52:00,2025-11-10 13:06:00,short,6836.75,6841.75,6841.5,6817.274011442391,-26.0,-1.0947368421052632,stop
2025-11-10 13:07:00,2025-11-10 13:18:00,short,6839.0,6844.0,6843.75,6818.265075954423,-26.0,-1.0947368421052632,stop
2025-11-11 09:45:00,2025-11-11 09:49:00,long,6846.0,6841.0,6841.25,6857.25,-26.0,-1.0947368421052632,stop
2025-11-11 09:50:00,2025-11-11 10:06:00,long,6841.0,6836.0,6836.25,6857.25,-26.0,-1.0947368421052632,stop
2025-11-11 10:07:00,2025-11-11 10:15:00,long,6839.25,6834.25,6834.5,6857.25,-26.0,-1.0947368421052632,stop
2025-11-12 09:45:00,2025-11-12 09:50:00,short,6885.0,6874.25,6889.75,6874.25,52.75,2.221052631578947,target
2025-11-12 09:53:00,2025-11-12 09:55:00,short,6881.25,6874.25,6886.0,6874.25,34.0,1.431578947368421,target
2025-11-12 09:58:00,2025-11-12 10:04:00,short,6880.0,6885.0,6884.75,6874.25,-26.0,-1.0947368421052632,stop
2025-11-13 09:45:00,2025-11-13 09:52:00,long,6820.5,6833.335031768996,6815.75,6833.335031768996,63.17515884497789,2.660006688209595,target
2025-11-13 09:53:00,2025-11-13 09:54:00,long,6830.75,6825.75,6826.0,6879.0,-26.0,-1.0947368421052632,stop
2025-11-13 09:55:00,2025-11-13 10:02:00,long,6830.25,6825.25,6825.5,6879.0,-26.0,-1.0947368421052632,stop
2025-11-14 09:45:00,2025-11-14 09:46:00,short,6708.75,6713.75,6713.5,6691.953517458098,-26.0,-1.0947368421052632,stop
2025-11-14 09:47:00,2025-11-14 09:53:00,short,6717.25,6722.25,6722.0,6694.481635080287,-26.0,-1.0947368421052632,stop
2025-11-14 09:54:00,2025-11-14 09:56:00,short,6718.75,6723.75,6723.5,6699.953514395385,-26.0,-1.0947368421052632,stop
2025-11-17 09:45:00,2025-11-17 09:47:00,short,6761.25,6766.25,6766.0,6755.25,-26.0,-1.0947368421052632,stop
2025-11-17 09:48:00,2025-11-17 09:50:00,short,6763.5,6768.5,6768.25,6755.25,-26.0,-1.0947368421052632,stop
2025-11-17 09:51:00,2025-11-17 10:04:00,short,6773.0,6755.25,6777.75,6755.25,87.75,3.694736842105263,target
2025-11-18 09:45:00,2025-11-18 09:46:00,long,6666.25,6661.25,6661.5,6697.25,-26.0,-1.0947368421052632,stop
2025-11-18 09:47:00,2025-11-18 09:49:00,long,6648.5,6643.5,6643.75,6662.808951389595,-26.0,-1.0947368421052632,stop
2025-11-18 09:50:00,2025-11-18 09:51:00,long,6644.0,6639.0,6639.25,6660.551833633676,-26.0,-1.0947368421052632,stop
2025-11-19 09:45:00,2025-11-19 09:49:00,short,6667.75,6672.75,6672.5,6652.14185032659,-26.0,-1.0947368421052632,stop
2025-11-19 09:50:00,2025-11-19 09:52:00,short,6667.75,6672.75,6672.5,6655.5479282644355,-26.0,-1.0947368421052632,stop
2025-11-19 09:53:00,2025-11-19 09:56:00,short,6679.75,6684.75,6684.5,6657.540313777967,-26.0,-1.0947368421052632,stop
2025-11-20 09:45:00,2025-11-20 09:47:00,short,6769.25,6774.25,6774.0,6663.0,-26.0,-1.0947368421052632,stop
2025-11-20 09:48:00,2025-11-20 09:58:00,short,6780.25,6785.25,6785.0,6770.695548479833,-26.0,-1.0947368421052632,stop
2025-11-20 09:59:00,2025-11-20 10:00:00,short,6784.25,6789.25,6789.0,6773.279798409159,-26.0,-1.0947368421052632,stop
2025-11-21 09:45:00,2025-11-21 09:47:00,short,6568.75,6573.75,6573.5,6560.75,-26.0,-1.0947368421052632,stop
2025-11-21 09:48:00,2025-11-21 09:54:00,short,6583.75,6588.75,6588.5,6560.75,-26.0,-1.0947368421052632,stop
2025-11-21 09:55:00,2025-11-21 09:56:00,short,6590.0,6581.653252882952,6594.75,6581.653252882952,40.73373558523963,1.715104656220616,target
2025-11-24 09:45:00,2025-11-24 09:46:00,long,6664.5,6659.5,6659.75,6671.411006594082,-26.0,-1.0947368421052632,stop
2025-11-24 09:47:00,2025-11-24 10:00:00,short,6669.0,6674.0,6673.75,6626.25,-26.0,-1.0947368421052632,stop
2025-11-24 10:01:00,2025-11-24 10:02:00,short,6678.0,6683.0,6682.75,6667.204698604523,-26.0,-1.0947368421052632,stop
2025-11-25 09:45:00,2025-11-25 09:47:00,long,6697.25,6692.25,6692.5,6715.835181632506,-26.0,-1.0947368421052632,stop
2025-11-25 09:48:00,2025-11-25 09:49:00,long,6683.5,6678.5,6678.75,6710.037110407764,-26.0,-1.0947368421052632,stop
2025-11-25 09:50:00,2025-11-25 09:54:00,long,6684.5,6705.495829813738,6679.75,6705.495829813738,103.97914906869028,4.378069434471169,target
2025-11-26 09:45:00,2025-11-26 09:49:00,short,6817.5,6822.5,6822.25,6781.5,-26.0,-1.0947368421052632,stop
2025-11-26 09:50:00,2025-11-26 09:52:00,short,6823.0,6813.854698790525,6827.75,6813.854698790525,44.72650604737646,1.8832213072579562,target
2025-11-26 09:53:00,2025-11-26 10:34:00,short,6813.0,6818.0,6817.75,6781.5,-26.0,-1.0947368421052632,stop
2025-11-28 09:45:00,2025-11-28 09:48:00,short,6834.75,6839.75,6839.5,6828.0,-26.0,-1.0947368421052632,stop
2025-11-28 09:49:00,2025-11-28 10:16:00,short,6840.75,6845.75,6845.5,6828.0,-26.0,-1.0947368421052632,stop
2025-11-28 10:17:00,2025-11-28 10:20:00,short,6844.75,6849.75,6849.5,6828.0,-26.0,-1.0947368421052632,stop
2025-12-01 09:45:00,2025-12-01 10:34:00,long,6823.25,6818.25,6818.5,6857.5,-26.0,-1.0947368421052632,stop
2025-12-01 10:35:00,2025-12-01 10:40:00,long,6818.5,6827.8062336254625,6813.75,6827.8062336254625,45.53116812731241,1.9171018158868385,target
2025-12-01 10:41:00,2025-12-01 15:56:00,long,6825.5,6820.5,6820.75,6857.5,-26.0,-1.0947368421052632,stop
2025-12-02 09:45:00,2025-12-02 10:01:00,short,6849.25,6854.25,6854.0,6829.25,-26.0,-1.0947368421052632,stop
2025-12-02 10:02:00,2025-12-02 10:28:00,short,6854.5,6847.297583229091,6859.25,6847.297583229091,35.01208385454356,1.474193004401834,target
2025-12-02 10:29:00,2025-12-02 10:30:00,long,6840.75,6835.75,6836.0,6849.120243366743,-26.0,-1.0947368421052632,stop
2025-12-03 09:45:00,2025-12-03 09:49:00,long,6832.25,6827.25,6827.5,6839.75,-26.0,-1.0947368421052632,stop
2025-12-03 09:50:00,2025-12-03 09:51:00,long,6832.25,6827.25,6827.5,6839.75,-26.0,-1.0947368421052632,stop
2025-12-03 09:52:00,2025-12-03 09:53:00,long,6825.5,6820.5,6820.75,6831.919536717054,-26.0,-1.0947368421052632,stop
2025-12-04 09:46:00,2025-12-04 09:51:00,long,6859.25,6854.25,6854.5,6866.938116339524,-26.0,-1.0947368421052632,stop
2025-12-04 09:52:00,2025-12-04 09:58:00,long,6856.5,6851.5,6851.75,6863.0,-26.0,-1.0947368421052632,stop
2025-12-04 09:59:00,2025-12-04 10:13:00,long,6853.5,6848.5,6848.75,6862.8908817383435,-26.0,-1.0947368421052632,stop
2025-12-05 09:45:00,2025-12-05 09:49:00,short,6881.25,6886.25,6886.0,6866.75,-26.0,-1.0947368421052632,stop
2025-12-05 09:50:00,2025-12-05 09:53:00,short,6885.0,6890.0,6889.75,6866.75,-26.0,-1.0947368421052632,stop
2025-12-05 09:54:00,2025-12-05 10:02:00,short,6889.75,6894.75,6894.5,6882.607457333077,-26.0,-1.0947368421052632,stop
2025-12-08 09:48:00,2025-12-08 09:55:00,long,6873.25,6879.111162803578,6868.5,6879.111162803578,28.305814017889134,1.1918237481216478,target
2025-12-08 10:05:00,2025-12-08 10:14:00,long,6872.75,6867.75,6868.0,6879.25,-26.0,-1.0947368421052632,stop
2025-12-08 10:15:00,2025-12-08 10:25:00,long,6867.25,6862.25,6862.5,6876.425303539061,-26.0,-1.0947368421052632,stop
2025-12-09 09:50:00,2025-12-09 10:02:00,short,6861.0,6866.0,6865.75,6855.109775923421,-26.0,-1.0947368421052632,stop
2025-12-09 10:03:00,2025-12-09 10:27:00,short,6866.5,6857.569922783106,6871.25,6857.569922783106,43.650386084467755,1.8379109930302213,target
2025-12-09 10:30:00,2025-12-09 10:48:00,short,6861.25,6855.5,6866.0,6855.5,27.75,1.168421052631579,target
2025-12-10 09:45:00,2025-12-10 10:12:00,short,6847.5,6852.5,6852.25,6840.49280039219,-26.0,-1.0947368421052632,stop
2025-12-10 10:18:00,2025-12-10 10:32:00,short,6850.5,6844.512347257893,6855.25,6844.512347257893,28.938263710532738,1.2184532088645363,target
2025-12-10 10:35:00,2025-12-10 10:37:00,long,6841.5,6836.5,6836.75,6847.75,-26.0,-1.0947368421052632,stop
2025-12-11 09:45:00,2025-12-11 09:47:00,long,6867.25,6862.25,6862.5,6894.0,-26.0,-1.0947368421052632,stop
2025-12-11 09:48:00,2025-12-11 09:49:00,long,6858.75,6853.75,6854.0,6867.195227558532,-26.0,-1.0947368421052632,stop
2025-12-11 09:50:00,2025-12-11 09:53:00,long,6849.0,6844.0,6844.25,6865.228919821998,-26.0,-1.0947368421052632,stop
2025-12-12 09:45:00,2025-12-12 09:48:00,long,6892.5,6887.5,6887.75,6908.0,-26.0,-1.0947368421052632,stop
2025-12-12 09:49:00,2025-12-12 10:00:00,long,6888.5,6883.5,6883.75,6896.389252221898,-26.0,-1.0947368421052632,stop
2025-12-12 10:01:00,2025-12-12 10:04:00,long,6885.75,6880.75,6881.0,6894.3072115462055,-26.0,-1.0947368421052632,stop
2025-12-15 09:45:00,2025-12-15 09:52:00,long,6848.25,6843.25,6843.5,6857.1112083892685,-26.0,-1.0947368421052632,stop
2025-12-15 09:53:00,2025-12-15 10:00:00,short,6840.75,6835.0,6845.5,6835.0,27.75,1.168421052631579,target
2025-12-15 10:01:00,2025-12-15 10:03:00,long,6834.5,6829.5,6829.75,6849.983318130518,-26.0,-1.0947368421052632,stop
2025-12-16 09:45:00,2025-12-16 09:47:00,long,6791.75,6807.487930844393,6787.0,6807.487930844393,77.68965422196652,3.271143335661748,target
2025-12-16 09:48:00,2025-12-16 10:00:00,long,6810.75,6823.5,6806.0,6823.5,62.75,2.642105263157895,target
2025-12-16 10:01:00,2025-12-16 10:02:00,short,6817.5,6810.37976117396,6822.25,6810.37976117396,34.601194130199474,1.4568923844294515,target
2025-12-17 09:45:00,2025-12-17 09:46:00,long,6849.0,6844.0,6844.25,6857.746647823331,-26.0,-1.0947368421052632,stop
2025-12-17 09:47:00,2025-12-17 09:49:00,long,6846.75,6841.75,6842.0,6856.152025512021,-26.0,-1.0947368421052632,stop
2025-12-17 09:50:00,2025-12-17 09:57:00,short,6852.5,6857.5,6857.25,6799.25,-26.0,-1.0947368421052632,stop
2025-12-18 09:45:00,2025-12-18 09:48:00,long,6828.75,6823.75,6824.0,6837.272973528554,-26.0,-1.0947368421052632,stop
2025-12-18 09:49:00,2025-12-18 09:52:00,long,6826.0,6835.6906456124125,6821.25,6835.6906456124125,47.45322806206241,1.998030655244733,target
2025-12-18 09:53:00,2025-12-18 09:54:00,short,6835.0,6840.0,6839.75,6783.5,-26.0,-1.0947368421052632,stop
2025-12-19 09:45:00,2025-12-19 09:54:00,short,6874.5,6879.5,6879.25,6861.980757442635,-26.0,-1.0947368421052632,stop
2025-12-19 09:55:00,2025-12-19 09:56:00,short,6872.5,6877.5,6877.25,6865.3221005346195,-26.0,-1.0947368421052632,stop
2025-12-19 09:57:00,2025-12-19 10:00:00,short,6877.0,6882.0,6881.75,6865.703003189443,-26.0,-1.0947368421052632,stop
2025-12-22 09:45:00,2025-12-22 09:48:00,short,6914.0,6919.0,6918.75,6887.0,-26.0,-1.0947368421052632,stop
2025-12-22 09:49:00,2025-12-22 09:51:00,short,6915.75,6920.75,6920.5,6887.0,-26.0,-1.0947368421052632,stop
2025-12-22 09:52:00,2025-12-22 09:54:00,short,6917.5,6922.5,6922.25,6887.0,-26.0,-1.0947368421052632,stop
2025-12-23 09:45:00,2025-12-23 09:48:00,short,6938.75,6943.75,6943.5,6932.766061597942,-26.0,-1.0947368421052632,stop
2025-12-23 09:49:00,2025-12-23 09:56:00,short,6939.75,6933.880817075791,6944.5,6933.880817075791,28.345914621044358,1.1935121945702887,target
2025-12-23 10:03:00,2025-12-23 10:18:00,long,6926.75,6934.204052485084,6922.0,6934.204052485084,36.27026242541797,1.5271689442281249,target
2025-12-24 09:50:00,2025-12-24 10:10:00,short,6965.25,6970.25,6970.0,6958.5,-26.0,-1.0947368421052632,stop
2025-12-24 10:11:00,2025-12-24 10:50:00,short,6969.0,6974.0,6973.75,6958.5,-26.0,-1.0947368421052632,stop
2025-12-24 10:51:00,2025-12-24 11:10:00,short,6972.75,6977.75,6977.5,6966.489549831905,-26.0,-1.0947368421052632,stop
2025-12-26 09:45:00,2025-12-26 09:50:00,short,6992.5,6986.647889009793,6997.25,6986.647889009793,28.260554951033555,1.1899181032014128,target
2025-12-26 09:52:00,2025-12-26 10:01:00,short,6986.75,6980.0,6991.5,6980.0,32.75,1.3789473684210527,target
2025-12-26 10:02:00,2025-12-26 10:31:00,long,6976.5,6985.603331074281,6971.75,6985.603331074281,44.51665537140707,1.8743854893224028,target
2025-12-29 09:45:00,2025-12-29 09:59:00,long,6953.5,6948.5,6948.75,6980.0,-26.0,-1.0947368421052632,stop
2025-12-29 10:00:00,2025-12-29 10:04:00,long,6954.25,6949.25,6949.5,6980.0,-26.0,-1.0947368421052632,stop
2025-12-29 10:05:00,2025-12-29 10:10:00,long,6949.75,6944.75,6945.0,6956.372582227171,-26.0,-1.0947368421052632,stop
2025-12-30 09:45:00,2025-12-30 09:49:00,long,6945.25,6955.25,6940.5,6955.25,49.0,2.0631578947368423,target
2025-12-30 09:56:00,2025-12-30 10:05:00,short,6958.75,6951.740136532477,6963.5,6951.740136532477,34.04931733761623,1.4336554668469992,target
2025-12-30 10:11:00,2025-12-30 10:13:00,long,6948.25,6943.25,6943.5,6955.25,-26.0,-1.0947368421052632,stop
2025-12-31 09:45:00,2025-12-31 09:54:00,long,6928.5,6936.720892478684,6923.75,6936.720892478684,40.104462393418544,1.688608942880781,target
2025-12-31 09:55:00,2025-12-31 09:58:00,long,6935.5,6930.5,6930.75,6945.5,-26.0,-1.0947368421052632,stop
2025-12-31 09:59:00,2025-12-31 10:10:00,long,6932.25,6927.25,6927.5,6945.5,-26.0,-1.0947368421052632,stop
2026-01-02 09:45:00,2026-01-02 09:47:00,short,6920.0,6925.0,6924.75,6896.5,-26.0,-1.0947368421052632,stop
2026-01-02 09:48:00,2026-01-02 09:50:00,short,6932.0,6937.0,6936.75,6921.0608442503635,-26.0,-1.0947368421052632,stop
2026-01-02 09:51:00,2026-01-02 10:11:00,short,6935.25,6923.3919611003275,6940.0,6923.3919611003275,58.290194498362325,2.454323978878414,target
2026-01-05 09:45:00,2026-01-05 09:48:00,short,6946.25,6940.197084355325,6951.0,6940.197084355325,29.264578223373064,1.2321927672999184,target
2026-01-05 09:49:00,2026-01-05 10:00:00,short,6940.0,6945.0,6944.75,6904.25,-26.0,-1.0947368421052632,stop
2026-01-05 10:01:00,2026-01-05 10:05:00,short,6943.5,6948.5,6948.25,6904.25,-26.0,-1.0947368421052632,stop
2026-01-06 09:45:00,2026-01-06 09:49:00,short,6955.25,6960.25,6960.0,6943.25,-26.0,-1.0947368421052632,stop
2026-01-06 09:50:00,2026-01-06 09:57:00,short,6964.0,6969.0,6968.75,6952.883363352846,-26.0,-1.0947368421052632,stop
2026-01-06 09:58:00,2026-01-06 10:07:00,short,6969.25,6974.25,6974.0,6955.582862078561,-26.0,-1.0947368421052632,stop
2026-01-07 09:45:00,2026-01-07 10:00:00,short,6995.0,6987.5,6999.75,6987.5,36.5,1.5368421052631578,target
2026-01-07 10:03:00,2026-01-07 10:15:00,long,6985.0,6980.0,6980.25,6990.76782621947,-26.0,-1.0947368421052632,stop
2026-01-07 10:16:00,2026-01-07 10:32:00,long,6981.5,6987.5,6976.75,6987.5,29.0,1.2210526315789474,target
2026-01-08 09:45:00,2026-01-08 09:47:00,long,6944.25,6950.4497129672245,6939.5,6950.4497129672245,29.99856483612257,1.2630974667841082,target
2026-01-08 09:48:00,2026-01-08 09:51:00,long,6952.75,6947.75,6948.0,6962.75,-26.0,-1.0947368421052632,stop
2026-01-08 09:52:00,2026-01-08 09:57:00,long,6955.0,6950.0,6950.25,6962.75,-26.0,-1.0947368421052632,stop
2026-01-09 09:45:00,2026-01-09 09:47:00,short,6977.0,6982.0,6981.75,6964.75,-26.0,-1.0947368421052632,stop
2026-01-09 09:48:00,2026-01-09 09:50:00,short,6970.75,6975.75,6975.5,6964.75,-26.0,-1.0947368421052632,stop
2026-01-09 09:51:00,2026-01-09 09:53:00,short,6973.25,6978.25,6978.0,6964.75,-26.0,-1.0947368421052632,stop
2026-01-12 09:45:00,2026-01-12 10:59:00,long,6990.0,7004.25,6985.25,7004.25,70.25,2.957894736842105,target
2026-01-12 11:00:00,2026-01-12 11:10:00,short,7001.25,7006.25,7006.0,6993.4462486278,-26.0,-1.0947368421052632,stop
2026-01-12 11:11:00,2026-01-12 11:16:00,short,7005.5,7010.5,7010.25,6993.931339446779,-26.0,-1.0947368421052632,stop
2026-01-13 09:45:00,2026-01-13 09:48:00,long,7012.5,7007.5,7007.75,7018.59898385219,-26.0,-1.0947368421052632,stop
2026-01-13 09:51:00,2026-01-13 10:02:00,long,7006.5,7001.5,7001.75,7016.0,-26.0,-1.0947368421052632,stop
2026-01-13 10:03:00,2026-01-13 10:15:00,long,6998.25,6993.25,6993.5,7012.245424783383,-26.0,-1.0947368421052632,stop
2026-01-14 09:45:00,2026-01-14 09:59:00,long,6954.75,6949.75,6950.0,6967.1104070799665,-26.0,-1.0947368421052632,stop
2026-01-14 10:00:00,2026-01-14 10:12:00,long,6941.5,6962.265327546042,6936.75,6962.265327546042,102.82663773020795,4.329542641271914,target
2026-01-14 10:13:00,2026-01-14 10:20:00,long,6965.25,6960.25,6960.5,7002.5,-26.0,-1.0947368421052632,stop
2026-01-15 09:45:00,2026-01-15 09:48:00,short,7001.5,7006.5,7006.25,6970.0,-26.0,-1.0947368421052632,stop
2026-01-15 09:49:00,2026-01-15 10:24:00,short,7005.0,7010.0,7009.75,6970.0,-26.0,-1.0947368421052632,stop
2026-01-15 10:25:00,2026-01-15 10:31:00,short,7002.25,7007.25,7007.0,6970.0,-26.0,-1.0947368421052632,stop
2026-01-16 09:45:00,2026-01-16 09:56:00,short,6995.25,6984.0,7000.0,6984.0,55.25,2.3263157894736843,target
2026-01-16 09:57:00,2026-01-16 10:00:00,long,6983.25,6978.25,6978.5,6994.05906682661,-26.0,-1.0947368421052632,stop
2026-01-16 10:01:00,2026-01-16 10:05:00,long,6975.75,6984.0,6971.0,6984.0,40.25,1.694736842105263,target
2026-01-19 09:45:00,2026-01-19 12:59:00,long,6888.25,6913.0,6883.5,6977.75,122.75,5.168421052631579,session_flatten
2026-01-20 09:45:00,2026-01-20 09:46:00,long,6883.75,6878.75,6879.0,6913.25,-26.0,-1.0947368421052632,stop
2026-01-20 09:47:00,2026-01-20 10:02:00,long,6875.75,6870.75,6871.0,6913.25,-26.0,-1.0947368421052632,stop
2026-01-20 10:03:00,2026-01-20 10:06:00,long,6872.0,6879.780072510874,6867.25,6879.780072510874,37.90036255436826,1.595804739131295,target
2026-01-21 09:45:00,2026-01-21 09:47:00,short,6860.5,6865.5,6865.25,6854.043206231009,-26.0,-1.0947368421052632,stop
2026-01-21 09:48:00,2026-01-21 09:49:00,short,6863.0,6868.0,6867.75,6855.407910475142,-26.0,-1.0947368421052632,stop
2026-01-21 09:50:00,2026-01-21 09:52:00,short,6867.5,6872.5,6872.25,6856.440077973686,-26.0,-1.0947368421052632,stop
2026-01-22 09:45:00,2026-01-22 09:46:00,long,6950.0,6945.0,6945.25,6956.097888946354,-26.0,-1.0947368421052632,stop
2026-01-22 09:47:00,2026-01-22 09:48:00,long,6943.25,6938.25,6938.5,6954.496438073409,-26.0,-1.0947368421052632,stop
2026-01-22 09:49:00,2026-01-22 09:58:00,long,6935.75,6930.75,6931.0,6951.946723977362,-26.0,-1.0947368421052632,stop
2026-01-23 09:45:00,2026-01-23 09:46:00,long,6936.0,6931.0,6931.25,6944.75,-26.0,-1.0947368421052632,stop
2026-01-23 09:47:00,2026-01-23 10:00:00,long,6929.75,6944.75,6925.0,6944.75,74.0,3.1157894736842104,target
2026-01-23 10:01:00,2026-01-23 10:04:00,short,6943.0,6948.0,6947.75,6933.499102606937,-26.0,-1.0947368421052632,stop
2026-01-26 09:45:00,2026-01-26 10:14:00,short,6977.0,6982.0,6981.75,6968.163017542456,-26.0,-1.0947368421052632,stop
2026-01-26 10:15:00,2026-01-26 10:19:00,short,6979.0,6984.0,6983.75,6972.331673720164,-26.0,-1.0947368421052632,stop
2026-01-26 10:20:00,2026-01-26 12:04:00,short,6985.5,6990.5,6990.25,6973.453781401731,-26.0,-1.0947368421052632,stop
2026-01-27 09:45:00,2026-01-27 09:50:00,short,6995.25,7000.25,7000.0,6980.25,-26.0,-1.0947368421052632,stop
2026-01-27 09:51:00,2026-01-27 09:53:00,short,7000.75,7005.75,7005.5,6994.548023590062,-26.0,-1.0947368421052632,stop
2026-01-27 09:54:00,2026-01-27 10:41:00,short,7005.5,7010.5,7010.25,6995.9103080697505,-26.0,-1.0947368421052632,stop
2026-01-28 09:45:00,2026-01-28 11:23:00,short,7030.25,7007.0,7035.0,7007.0,115.25,4.852631578947369,target
2026-01-28 11:24:00,2026-01-28 11:31:00,long,7010.25,7005.25,7005.5,7018.82866015335,-26.0,-1.0947368421052632,stop
2026-01-28 11:32:00,2026-01-28 11:42:00,long,7007.25,7002.25,7002.5,7018.342656914893,-26.0,-1.0947368421052632,stop
2026-01-29 09:45:00,2026-01-29 09:46:00,long,6983.0,6978.0,6978.25,6992.75,-26.0,-1.0947368421052632,stop
2026-01-29 09:47:00,2026-01-29 09:52:00,long,6982.0,6977.0,6977.25,6992.75,-26.0,-1.0947368421052632,stop
2026-01-29 09:53:00,2026-01-29 09:59:00,long,6973.5,6968.5,6968.75,6992.75,-26.0,-1.0947368421052632,stop
2026-01-30 09:45:00,2026-01-30 09:46:00,long,6971.25,6966.25,6966.5,6993.25,-26.0,-1.0947368421052632,stop
2026-01-30 09:47:00,2026-01-30 09:54:00,long,6973.75,6968.75,6969.0,6993.25,-26.0,-1.0947368421052632,stop
2026-01-30 09:55:00,2026-01-30 09:58:00,long,6972.75,6967.75,6968.0,6993.25,-26.0,-1.0947368421052632,stop
2026-02-02 09:45:00,2026-02-02 09:49:00,short,6973.25,6978.25,6978.0,6964.0,-26.0,-1.0947368421052632,stop
2026-02-02 09:50:00,2026-02-02 10:06:00,short,6985.0,6990.0,6989.75,6964.448000922726,-26.0,-1.0947368421052632,stop
2026-02-02 10:07:00,2026-02-02 10:13:00,short,6992.75,6997.75,6997.5,6970.916180759479,-26.0,-1.0947368421052632,stop
2026-02-03 09:45:00,2026-02-03 09:47:00,long,7000.0,7006.203909842268,6995.25,7006.203909842268,30.019549211341655,1.2639810194249117,target
2026-02-03 09:48:00,2026-02-03 09:54:00,short,7006.75,6998.25,7011.5,6998.25,41.5,1.7473684210526317,target
2026-02-03 09:55:00,2026-02-03 09:56:00,long,6994.75,6989.75,6990.0,7004.778375494354,-26.0,-1.0947368421052632,stop
2026-02-04 09:46:00,2026-02-04 09:47:00,short,6950.5,6955.5,6955.25,6942.75,-26.0,-1.0947368421052632,stop
2026-02-04 09:48:00,2026-02-04 09:50:00,short,6958.5,6947.039871762608,6963.25,6947.039871762608,56.30064118696191,2.3705533131352383,target
2026-02-04 09:53:00,2026-02-04 09:54:00,long,6936.0,6942.75,6931.25,6942.75,32.75,1.3789473684210527,target
2026-02-05 09:45:00,2026-02-05 09:50:00,short,6873.75,6878.75,6878.5,6856.840011536905,-26.0,-1.0947368421052632,stop
2026-02-05 09:51:00,2026-02-05 09:54:00,long,6866.0,6861.0,6861.25,6911.5,-26.0,-1.0947368421052632,stop
2026-02-05 09:55:00,2026-02-05 09:56:00,long,6858.0,6853.0,6853.25,6911.5,-26.0,-1.0947368421052632,stop
2026-02-06 09:45:00,2026-02-06 09:50:00,short,6897.25,6902.25,6902.0,6881.2782019582255,-26.0,-1.0947368421052632,stop
2026-02-06 09:51:00,2026-02-06 10:01:00,short,6905.0,6885.176707075888,6909.75,6885.176707075888,98.11646462056069,4.131219562970976,target
2026-02-06 10:02:00,2026-02-06 10:05:00,short,6885.25,6890.25,6890.0,6824.0,-26.0,-1.0947368421052632,stop
2026-02-09 09:45:00,2026-02-09 09:46:00,short,6951.25,6956.25,6956.0,6945.0,-26.0,-1.0947368421052632,stop
2026-02-09 09:47:00,2026-02-09 09:50:00,short,6954.5,6945.0,6959.25,6945.0,46.5,1.9578947368421054,target
2026-02-09 10:04:00,2026-02-09 10:06:00,short,6953.75,6958.75,6958.5,6945.3317405128355,-26.0,-1.0947368421052632,stop
2026-02-10 09:45:00,2026-02-10 09:50:00,long,6979.25,6985.199280913705,6974.5,6985.199280913705,28.74640456852285,1.210374929200962,target
2026-02-10 09:53:00,2026-02-10 09:55:00,short,6990.0,6995.0,6994.75,6983.25,-26.0,-1.0947368421052632,stop
2026-02-10 09:56:00,2026-02-10 09:58:00,short,6997.5,7002.5,7002.25,6986.114321349903,-26.0,-1.0947368421052632,stop
2026-02-11 09:45:00,2026-02-11 10:10:00,short,7000.5,6964.5,7005.25,6964.5,179.0,7.536842105263158,target
2026-02-11 10:11:00,2026-02-11 10:12:00,long,6960.0,6955.0,6955.25,6989.138776110942,-26.0,-1.0947368421052632,stop
2026-02-11 10:13:00,2026-02-11 10:20:00,long,6949.75,6944.75,6945.0,6964.5,-26.0,-1.0947368421052632,stop
2026-02-12 09:45:00,2026-02-12 09:49:00,long,6975.5,6970.5,6970.75,6984.692231411144,-26.0,-1.0947368421052632,stop
2026-02-12 09:50:00,2026-02-12 09:56:00,long,6975.25,6970.25,6970.5,6981.809333009902,-26.0,-1.0947368421052632,stop
2026-02-12 09:57:00,2026-02-12 10:01:00,short,6967.25,6972.25,6972.0,6959.75,-26.0,-1.0947368421052632,stop
2026-02-13 09:45:00,2026-02-13 09:48:00,short,6855.0,6860.0,6859.75,6848.75,-26.0,-1.0947368421052632,stop
2026-02-13 09:49:00,2026-02-13 09:50:00,short,6848.5,6842.1053215114025,6853.25,6842.1053215114025,30.97339244298746,1.3041428397047352,target
2026-02-13 09:51:00,2026-02-13 09:52:00,long,6842.75,6837.75,6838.0,6848.75,-26.0,-1.0947368421052632,stop
2026-02-16 09:45:00,2026-02-16 09:52:00,long,6849.0,6854.979601247201,6844.25,6854.979601247201,28.89800623600331,1.2167581573054025,target
2026-02-16 09:55:00,2026-02-16 10:21:00,short,6859.5,6853.75,6864.25,6853.75,27.75,1.168421052631579,target
2026-02-16 10:29:00,2026-02-16 10:33:00,long,6850.0,6845.0,6845.25,6856.135632004982,-26.0,-1.0947368421052632,stop
2026-02-17 09:45:00,2026-02-17 09:47:00,long,6835.25,6830.25,6830.5,6848.008629229219,-26.0,-1.0947368421052632,stop
2026-02-17 09:48:00,2026-02-17 09:49:00,long,6836.25,6831.25,6831.5,6846.067515545651,-26.0,-1.0947368421052632,stop
2026-02-17 09:50:00,2026-02-17 09:53:00,long,6819.0,6814.0,6814.25,6843.859387616729,-26.0,-1.0947368421052632,stop
2026-02-18 09:45:00,2026-02-18 09:48:00,short,6885.75,6874.891350110719,6890.5,6874.891350110719,53.29324944640484,2.243926292480204,target
2026-02-18 09:49:00,2026-02-18 09:52:00,short,6870.5,6875.5,6875.25,6862.75,-26.0,-1.0947368421052632,stop
2026-02-18 09:53:00,2026-02-18 09:54:00,short,6879.5,6884.5,6884.25,6862.75,-26.0,-1.0947368421052632,stop
2026-02-19 09:45:00,2026-02-19 10:03:00,long,6865.5,6893.25,6860.75,6893.25,137.75,5.8,target
2026-02-19 10:04:00,2026-02-19 10:09:00,short,6887.5,6875.465418726319,6892.25,6875.465418726319,59.172906368406984,2.4914907944592413,target
2026-02-19 10:10:00,2026-02-19 10:11:00,long,6880.5,6875.5,6875.75,6893.25,-26.0,-1.0947368421052632,stop
2026-02-20 09:45:00,2026-02-20 09:46:00,short,6877.0,6882.0,6881.75,6865.720398256862,-26.0,-1.0947368421052632,stop
2026-02-20 09:47:00,2026-02-20 09:51:00,short,6876.0,6866.60876016463,6880.75,6866.60876016463,45.956199176847804,1.9349978600778022,target
2026-02-20 09:52:00,2026-02-20 09:59:00,long,6867.5,6877.0,6862.75,6877.0,46.5,1.9578947368421054,target
2026-02-23 09:45:00,2026-02-23 09:49:00,long,6902.75,6897.75,6898.0,6917.448919868679,-26.0,-1.0947368421052632,stop
2026-02-23 09:50:00,2026-02-23 09:52:00,long,6908.5,6903.5,6903.75,6914.412365877176,-26.0,-1.0947368421052632,stop
2026-02-23 09:53:00,2026-02-23 09:55:00,long,6901.75,6896.75,6897.0,6913.3557862824055,-26.0,-1.0947368421052632,stop
2026-02-24 09:45:00,2026-02-24 09:47:00,short,6872.5,6877.5,6877.25,6852.75,-26.0,-1.0947368421052632,stop
2026-02-24 09:48:00,2026-02-24 10:00:00,short,6874.5,6853.231906169673,6879.25,6853.231906169673,105.34046915163708,4.435388174805772,target
2026-02-24 10:02:00,2026-02-24 10:06:00,short,6860.25,6865.25,6865.0,6852.75,-26.0,-1.0947368421052632,stop
2026-02-25 09:45:00,2026-02-25 09:47:00,short,6942.75,6947.75,6947.5,6903.5,-26.0,-1.0947368421052632,stop
2026-02-25 09:48:00,2026-02-25 09:56:00,short,6946.0,6939.236830823834,6950.75,6939.236830823834,32.81584588083115,1.3817198265613115,target
2026-02-25 09:57:00,2026-02-25 10:00:00,short,6938.5,6943.5,6943.25,6903.5,-26.0,-1.0947368421052632,stop
2026-02-26 09:45:00,2026-02-26 09:58:00,long,6937.75,6932.75,6933.0,6947.45984228844,-26.0,-1.0947368421052632,stop
2026-02-26 09:59:00,2026-02-26 10:01:00,long,6934.5,6929.5,6929.75,6943.612804195795,-26.0,-1.0947368421052632,stop
2026-02-26 10:02:00,2026-02-26 10:12:00,long,6927.5,6922.5,6922.75,6941.935022057752,-26.0,-1.0947368421052632,stop
2026-02-27 09:45:00,2026-02-27 16:00:00,long,6852.5,6883.5,6847.75,6920.75,154.0,6.484210526315789,session_flatten
2026-03-02 09:45:00,2026-03-02 09:46:00,short,6849.25,6854.25,6854.0,6834.19098742154,-26.0,-1.0947368421052632,stop
2026-03-02 09:47:00,2026-03-02 09:49:00,short,6851.75,6856.75,6856.5,6835.514554818485,-26.0,-1.0947368421052632,stop
2026-03-02 09:50:00,2026-03-02 10:01:00,short,6852.75,6857.75,6857.5,6837.691162994384,-26.0,-1.0947368421052632,stop
2026-03-03 09:45:00,2026-03-03 09:47:00,long,6764.0,6759.0,6759.25,6775.460824907531,-26.0,-1.0947368421052632,stop
2026-03-03 09:48:00,2026-03-03 09:49:00,long,6753.75,6748.75,6749.0,6773.571744943634,-26.0,-1.0947368421052632,stop
2026-03-03 09:50:00,2026-03-03 09:57:00,long,6751.5,6746.5,6746.75,6771.130333325318,-26.0,-1.0947368421052632,stop
2026-03-04 09:45:00,2026-03-04 09:49:00,long,6821.5,6837.484305981476,6816.75,6837.484305981476,78.9215299073785,3.3230117855738315,target
2026-03-04 09:50:00,2026-03-04 09:52:00,long,6826.0,6835.740025215511,6821.25,6835.740025215511,47.70012607755598,2.0084263611602515,target
2026-03-04 09:53:00,2026-03-04 10:00:00,short,6836.75,6841.75,6841.5,6825.0,-26.0,-1.0947368421052632,stop
2026-03-05 09:45:00,2026-03-05 09:47:00,long,6845.0,6854.431392506313,6840.25,6854.431392506313,46.15696253156693,1.943451053960713,target
2026-03-05 09:48:00,2026-03-05 09:49:00,long,6858.0,6853.0,6853.25,6869.0,-26.0,-1.0947368421052632,stop
2026-03-05 09:50:00,2026-03-05 09:58:00,long,6855.5,6869.0,6850.75,6869.0,66.5,2.8,target
2026-03-06 09:45:00,2026-03-06 09:46:00,long,6728.75,6723.75,6724.0,6735.808302854437,-26.0,-1.0947368421052632,stop
2026-03-06 09:47:00,2026-03-06 09:51:00,long,6724.0,6734.553329063099,6719.25,6734.553329063099,51.766645315496135,2.1796482238103634,target
2026-03-06 09:52:00,2026-03-06 09:53:00,long,6730.0,6725.0,6725.25,6833.0,-26.0,-1.0947368421052632,stop
2026-03-09 09:45:00,2026-03-09 09:53:00,long,6652.75,6647.75,6648.0,6671.7672134539525,-26.0,-1.0947368421052632,stop
2026-03-09 09:54:00,2026-03-09 09:55:00,long,6649.25,6644.25,6644.5,6666.151364957786,-26.0,-1.0947368421052632,stop
2026-03-09 09:56:00,2026-03-09 09:58:00,long,6658.0,6665.261696959063,6653.25,6665.261696959063,35.308484795313234,1.4866730440131888,target
2026-03-10 09:45:00,2026-03-10 09:46:00,long,6785.25,6791.503867703178,6780.5,6791.503867703178,30.269338515890013,1.2744984638269479,target
2026-03-10 09:47:00,2026-03-10 09:50:00,long,6781.25,6791.047289890511,6776.5,6791.047289890511,47.98644945255455,2.020482082212823,target
2026-03-10 09:51:00,2026-03-10 09:52:00,long,6787.0,6782.0,6782.25,6807.0,-26.0,-1.0947368421052632,stop
2026-03-11 09:46:00,2026-03-11 09:48:00,long,6789.75,6784.75,6785.0,6795.759024633073,-26.0,-1.0947368421052632,stop
2026-03-11 09:49:00,2026-03-11 09:51:00,long,6784.25,6779.25,6779.5,6790.25,-26.0,-1.0947368421052632,stop
2026-03-11 09:52:00,2026-03-11 09:53:00,long,6785.75,6792.573126253075,6781.0,6792.573126253075,33.11563126537658,1.3943423690684875,target
2026-03-12 09:45:00,2026-03-12 09:47:00,long,6712.25,6707.25,6707.5,6722.35929338678,-26.0,-1.0947368421052632,stop
2026-03-12 09:48:00,2026-03-12 09:50:00,long,6711.0,6719.874914408485,6706.25,6719.874914408485,43.374572042424916,1.8262977702073648,target
2026-03-12 09:51:00,2026-03-12 09:52:00,long,6717.5,6712.5,6712.75,6777.0,-26.0,-1.0947368421052632,stop
2026-03-13 09:45:00,2026-03-13 10:02:00,short,6734.75,6717.595917986103,6739.5,6717.595917986103,84.77041006948548,3.569280423978336,target
2026-03-13 10:03:00,2026-03-13 10:08:00,long,6712.5,6707.5,6707.75,6721.469147513385,-26.0,-1.0947368421052632,stop
2026-03-13 10:09:00,2026-03-13 10:11:00,long,6707.5,6702.5,6702.75,6720.218277006785,-26.0,-1.0947368421052632,stop
2026-03-16 09:45:00,2026-03-16 09:58:00,short,6718.0,6723.0,6722.75,6703.615027899004,-26.0,-1.0947368421052632,stop
2026-03-16 09:59:00,2026-03-16 10:10:00,short,6721.75,6726.75,6726.5,6708.329332820242,-26.0,-1.0947368421052632,stop
2026-03-16 10:11:00,2026-03-16 10:30:00,short,6724.25,6711.417432196959,6729.0,6711.417432196959,63.162839015202735,2.659487958534852,target
2026-03-17 09:45:00,2026-03-17 09:46:00,short,6752.25,6757.25,6757.0,6703.0,-26.0,-1.0947368421052632,stop
2026-03-17 09:47:00,2026-03-17 10:00:00,short,6754.5,6748.105107830153,6759.25,6748.105107830153,30.974460849232855,1.304187825230857,target
2026-03-17 10:01:00,2026-03-17 16:00:00,short,6747.0,6722.25,6751.75,6703.0,122.75,5.168421052631579,session_flatten
2026-03-18 09:45:00,2026-03-18 09:46:00,short,6751.25,6756.25,6756.0,6722.0,-26.0,-1.0947368421052632,stop
2026-03-18 09:47:00,2026-03-18 09:51:00,short,6757.75,6751.165782139657,6762.5,6751.165782139657,31.921089301717075,1.3440458653354557,target
2026-03-18 09:52:00,2026-03-18 10:26:00,short,6754.75,6722.0,6759.5,6722.0,162.75,6.852631578947369,target
2026-03-19 09:45:00,2026-03-19 09:49:00,short,6632.25,6637.25,6637.0,6623.9336831686005,-26.0,-1.0947368421052632,stop
2026-03-19 09:50:00,2026-03-19 10:00:00,short,6646.25,6651.25,6651.0,6626.700619427806,-26.0,-1.0947368421052632,stop
2026-03-19 10:01:00,2026-03-19 10:11:00,short,6649.75,6654.75,6654.5,6632.487873842489,-26.0,-1.0947368421052632,stop
2026-03-20 09:45:00,2026-03-20 09:46:00,short,6639.75,6631.147897095007,6644.5,6631.147897095007,42.01051452496722,1.768863769472304,target
2026-03-20 09:47:00,2026-03-20 09:49:00,long,6635.5,6630.5,6630.75,6661.75,-26.0,-1.0947368421052632,stop
2026-03-20 09:50:00,2026-03-20 09:55:00,long,6619.75,6614.75,6615.0,6631.102879866832,-26.0,-1.0947368421052632,stop
2026-03-23 09:45:00,2026-03-23 09:47:00,short,6662.25,6655.450741944117,6667.0,6655.450741944117,32.99629027941501,1.3893174854490529,target
2026-03-23 09:48:00,2026-03-23 09:49:00,short,6662.25,6667.25,6667.0,6655.760905724241,-26.0,-1.0947368421052632,stop
2026-03-23 09:50:00,2026-03-23 09:52:00,short,6669.5,6674.5,6674.25,6656.667087567894,-26.0,-1.0947368421052632,stop
2026-03-24 09:45:00,2026-03-24 09:46:00,long,6584.0,6590.839031728665,6579.25,6590.839031728665,33.19515864332425,1.3976908902452314,target
2026-03-24 09:47:00,2026-03-24 09:48:00,long,6586.25,6581.25,6581.5,6625.0,-26.0,-1.0947368421052632,stop
2026-03-24 09:49:00,2026-03-24 09:57:00,long,6576.75,6589.621527483263,6572.0,6589.621527483263,63.3576374163149,2.6676899964764167,target
2026-03-25 09:45:00,2026-03-25 09:48:00,long,6663.75,6658.75,6659.0,6674.0396243494,-26.0,-1.0947368421052632,stop
2026-03-25 09:49:00,2026-03-25 09:50:00,long,6653.5,6648.5,6648.75,6671.29309117885,-26.0,-1.0947368421052632,stop
2026-03-25 09:51:00,2026-03-25 09:54:00,long,6646.25,6641.25,6641.5,6668.24703170946,-26.0,-1.0947368421052632,stop
2026-03-26 09:45:00,2026-03-26 09:47:00,short,6606.5,6611.5,6611.25,6591.039033536985,-26.0,-1.0947368421052632,stop
2026-03-26 09:48:00,2026-03-26 09:52:00,short,6610.0,6615.0,6614.75,6594.548312847128,-26.0,-1.0947368421052632,stop
2026-03-26 09:53:00,2026-03-26 10:44:00,short,6618.5,6598.385101139092,6623.25,6598.385101139092,99.57449430454199,4.192610286507031,target
2026-03-27 09:45:00,2026-03-27 09:47:00,short,6486.5,6491.5,6491.25,6478.15292575402,-26.0,-1.0947368421052632,stop
2026-03-27 09:48:00,2026-03-27 09:50:00,short,6491.75,6479.73597044125,6496.5,6479.73597044125,59.07014779374913,2.487164117631542,target
2026-03-27 09:51:00,2026-03-27 09:53:00,long,6474.5,6469.5,6469.75,6524.0,-26.0,-1.0947368421052632,stop
2026-03-30 09:45:00,2026-03-30 09:46:00,long,6440.0,6435.0,6435.25,6450.980612895876,-26.0,-1.0947368421052632,stop
2026-03-30 09:47:00,2026-03-30 09:49:00,long,6432.0,6427.0,6427.25,6449.006546591802,-26.0,-1.0947368421052632,stop
2026-03-30 09:50:00,2026-03-30 09:55:00,long,6426.75,6421.75,6422.0,6446.329535447519,-26.0,-1.0947368421052632,stop
2026-03-31 09:45:00,2026-03-31 09:46:00,short,6469.5,6474.5,6474.25,6462.5301613237125,-26.0,-1.0947368421052632,stop
2026-03-31 09:47:00,2026-03-31 09:49:00,short,6475.0,6480.0,6479.75,6463.989445698746,-26.0,-1.0947368421052632,stop
2026-03-31 09:50:00,2026-03-31 09:53:00,short,6482.25,6487.25,6487.0,6466.792247601562,-26.0,-1.0947368421052632,stop
2026-04-01 09:45:00,2026-04-01 09:47:00,long,6605.75,6600.75,6601.0,6614.664977552697,-26.0,-1.0947368421052632,stop
2026-04-01 09:48:00,2026-04-01 09:53:00,long,6600.5,6612.789766918124,6595.75,6612.789766918124,60.4488345906193,2.545214088026076,target
2026-04-01 09:54:00,2026-04-01 09:57:00,short,6607.0,6612.0,6611.75,6572.25,-26.0,-1.0947368421052632,stop
2026-04-02 09:45:00,2026-04-02 10:36:00,long,6527.25,6620.5,6522.5,6620.5,465.25,19.589473684210525,target
2026-04-02 10:37:00,2026-04-02 10:38:00,short,6636.75,6620.5,6641.5,6620.5,80.25,3.3789473684210525,target
2026-04-02 10:39:00,2026-04-02 10:40:00,short,6629.25,6620.5,6634.0,6620.5,42.75,1.8,target
2026-04-06 09:45:00,2026-04-06 09:51:00,short,6637.75,6642.75,6642.5,6629.5581514481155,-26.0,-1.0947368421052632,stop
2026-04-06 09:52:00,2026-04-06 09:57:00,short,6638.75,6643.75,6643.5,6631.263615280699,-26.0,-1.0947368421052632,stop
2026-04-06 09:58:00,2026-04-06 09:59:00,short,6641.75,6646.75,6646.5,6632.345355661021,-26.0,-1.0947368421052632,stop
2026-04-07 09:45:00,2026-04-07 09:47:00,long,6612.0,6607.0,6607.25,6619.3191660701505,-26.0,-1.0947368421052632,stop
2026-04-07 09:48:00,2026-04-07 09:54:00,long,6606.0,6617.680006414435,6601.25,6617.680006414435,57.400032072177055,2.416843455670613,target
2026-04-07 09:55:00,2026-04-07 09:56:00,long,6618.75,6613.75,6614.0,6652.0,-26.0,-1.0947368421052632,stop
2026-04-08 09:45:00,2026-04-08 09:46:00,short,6818.25,6823.25,6823.0,6652.0,-26.0,-1.0947368421052632,stop
2026-04-08 09:47:00,2026-04-08 16:00:00,short,6827.0,6823.5,6831.75,6652.0,16.5,0.6947368421052632,session_flatten
2026-04-09 09:47:00,2026-04-09 09:51:00,long,6815.75,6810.75,6811.0,6823.25,-26.0,-1.0947368421052632,stop
2026-04-09 09:52:00,2026-04-09 10:16:00,long,6813.25,6808.25,6808.5,6823.25,-26.0,-1.0947368421052632,stop
2026-04-09 10:17:00,2026-04-09 10:27:00,long,6808.0,6803.0,6803.25,6814.4771334394345,-26.0,-1.0947368421052632,stop
2026-04-10 09:45:00,2026-04-10 10:14:00,short,6869.5,6874.5,6874.25,6861.75,-26.0,-1.0947368421052632,stop
2026-04-10 10:15:00,2026-04-10 10:30:00,short,6874.75,6879.75,6879.5,6861.75,-26.0,-1.0947368421052632,stop
2026-04-10 10:31:00,2026-04-10 10:42:00,short,6879.25,6871.4543151779435,6884.0,6871.4543151779435,37.9784241102825,1.599091541485579,target
2026-04-13 09:45:00,2026-04-13 09:50:00,long,6829.0,6853.25,6824.25,6853.25,120.25,5.063157894736842,target
2026-04-13 09:51:00,2026-04-13 09:56:00,short,6844.75,6849.75,6849.5,6838.146358574256,-26.0,-1.0947368421052632,stop
2026-04-13 09:57:00,2026-04-13 09:59:00,short,6850.75,6855.75,6855.5,6839.519269701134,-26.0,-1.0947368421052632,stop
2026-04-14 09:45:00,2026-04-14 10:06:00,short,6958.0,6963.0,6962.75,6950.496079476093,-26.0,-1.0947368421052632,stop
2026-04-14 10:07:00,2026-04-14 10:11:00,short,6962.25,6967.25,6967.0,6953.784513386857,-26.0,-1.0947368421052632,stop
2026-04-14 10:12:00,2026-04-14 10:14:00,short,6965.0,6970.0,6969.75,6955.109591672946,-26.0,-1.0947368421052632,stop
2026-04-15 09:45:00,2026-04-15 09:57:00,long,7007.75,7015.900725947905,7003.0,7015.900725947905,39.75362973952451,1.6738370416641901,target
2026-04-15 09:58:00,2026-04-15 10:14:00,short,7016.25,7021.25,7021.0,7003.75,-26.0,-1.0947368421052632,stop
2026-04-15 10:15:00,2026-04-15 10:24:00,short,7022.5,7027.5,7027.25,7015.052877158539,-26.0,-1.0947368421052632,stop
2026-04-16 09:45:00,2026-04-16 09:52:00,short,7068.25,7056.75,7073.0,7056.75,56.5,2.3789473684210525,target
2026-04-16 09:53:00,2026-04-16 09:55:00,long,7052.5,7047.5,7047.75,7065.785332116527,-26.0,-1.0947368421052632,stop
2026-04-16 09:56:00,2026-04-16 09:57:00,long,7053.75,7048.75,7049.0,7062.8415694836085,-26.0,-1.0947368421052632,stop
2026-04-17 09:45:00,2026-04-17 09:51:00,short,7132.5,7137.5,7137.25,7077.0,-26.0,-1.0947368421052632,stop
2026-04-17 09:52:00,2026-04-17 09:57:00,short,7135.75,7140.75,7140.5,7128.086432886787,-26.0,-1.0947368421052632,stop
2026-04-17 09:58:00,2026-04-17 10:00:00,short,7140.5,7145.5,7145.25,7129.614861228493,-26.0,-1.0947368421052632,stop
2026-04-20 09:45:00,2026-04-20 09:49:00,long,7150.5,7145.5,7145.75,7162.0,-26.0,-1.0947368421052632,stop
2026-04-20 09:50:00,2026-04-20 10:40:00,long,7147.0,7142.0,7142.25,7162.0,-26.0,-1.0947368421052632,stop
2026-04-20 10:41:00,2026-04-20 10:51:00,long,7142.25,7137.25,7137.5,7150.285405306245,-26.0,-1.0947368421052632,stop
2026-04-21 09:45:00,2026-04-21 09:47:00,short,7154.75,7159.75,7159.5,7147.25,-26.0,-1.0947368421052632,stop
2026-04-21 09:48:00,2026-04-21 09:53:00,short,7163.5,7168.5,7168.25,7154.433424712146,-26.0,-1.0947368421052632,stop
2026-04-21 09:54:00,2026-04-21 10:08:00,short,7166.0,7171.0,7170.75,7156.42461227455,-26.0,-1.0947368421052632,stop
2026-04-22 09:45:00,2026-04-22 09:47:00,short,7148.75,7153.75,7153.5,7095.25,-26.0,-1.0947368421052632,stop
2026-04-22 09:48:00,2026-04-22 09:59:00,short,7147.0,7152.0,7151.75,7095.25,-26.0,-1.0947368421052632,stop
2026-04-22 10:00:00,2026-04-22 10:05:00,short,7156.0,7147.702089372216,7160.75,7147.702089372216,40.48955313892202,1.7048232900598745,target
2026-04-23 09:46:00,2026-04-23 09:48:00,short,7165.0,7170.0,7169.75,7157.797226126368,-26.0,-1.0947368421052632,stop
2026-04-23 09:49:00,2026-04-23 09:50:00,short,7167.25,7159.482301405688,7172.0,7159.482301405688,37.83849297155848,1.5931997040656203,target
2026-04-23 09:59:00,2026-04-23 10:00:00,long,7160.0,7155.0,7155.25,7167.25,-26.0,-1.0947368421052632,stop
2026-04-24 09:45:00,2026-04-24 09:50:00,short,7155.25,7160.25,7160.0,7138.25,-26.0,-1.0947368421052632,stop
2026-04-24 09:51:00,2026-04-24 10:12:00,short,7155.0,7160.0,7159.75,7138.25,-26.0,-1.0947368421052632,stop
2026-04-24 10:13:00,2026-04-24 10:38:00,short,7158.5,7163.5,7163.25,7138.25,-26.0,-1.0947368421052632,stop
2026-04-27 09:45:00,2026-04-27 09:47:00,long,7189.5,7184.5,7184.75,7195.5,-26.0,-1.0947368421052632,stop
2026-04-27 09:48:00,2026-04-27 09:55:00,long,7185.0,7195.5,7180.25,7195.5,51.5,2.168421052631579,target
2026-04-27 10:17:00,2026-04-27 10:35:00,long,7189.75,7195.5,7185.0,7195.5,27.75,1.168421052631579,target
2026-04-28 09:45:00,2026-04-28 09:49:00,long,7176.75,7171.75,7172.0,7204.25,-26.0,-1.0947368421052632,stop
2026-04-28 09:50:00,2026-04-28 09:53:00,long,7176.25,7171.25,7171.5,7204.25,-26.0,-1.0947368421052632,stop
2026-04-28 09:54:00,2026-04-28 09:55:00,long,7170.5,7165.5,7165.75,7204.25,-26.0,-1.0947368421052632,stop
2026-04-29 09:45:00,2026-04-29 10:28:00,long,7151.25,7169.5,7146.5,7169.5,90.25,3.8,target
2026-04-29 10:29:00,2026-04-29 10:34:00,short,7167.75,7172.75,7172.5,7159.276259073078,-26.0,-1.0947368421052632,stop
2026-04-29 10:35:00,2026-04-29 11:09:00,short,7173.25,7160.278846598879,7178.0,7160.278846598879,63.85576700560614,2.6886638739202584,target
2026-04-30 09:45:00,2026-04-30 09:51:00,short,7184.0,7173.0,7188.75,7173.0,54.0,2.2736842105263158,target
2026-04-30 09:52:00,2026-04-30 09:55:00,long,7169.5,7164.5,7164.75,7179.518792294362,-26.0,-1.0947368421052632,stop
2026-04-30 09:56:00,2026-04-30 09:58:00,long,7165.5,7160.5,7160.75,7173.0,-26.0,-1.0947368421052632,stop
2026-05-01 09:45:00,2026-05-01 09:50:00,short,7273.0,7278.0,7277.75,7242.0,-26.0,-1.0947368421052632,stop
2026-05-01 09:51:00,2026-05-01 09:54:00,short,7275.5,7280.5,7280.25,7242.0,-26.0,-1.0947368421052632,stop
2026-05-01 09:55:00,2026-05-01 09:58:00,short,7284.25,7289.25,7289.0,7274.418888235175,-26.0,-1.0947368421052632,stop
2026-05-04 09:59:00,2026-05-04 10:08:00,short,7257.25,7250.609073289853,7262.0,7250.609073289853,32.20463355073571,1.3559845705572928,target
2026-05-04 10:09:00,2026-05-04 10:12:00,long,7250.75,7257.25,7246.0,7257.25,31.5,1.3263157894736841,target
2026-05-04 10:13:00,2026-05-04 10:20:00,short,7260.0,7265.0,7264.75,7252.026680809798,-26.0,-1.0947368421052632,stop
2026-05-05 09:45:00,2026-05-05 10:06:00,short,7273.75,7278.75,7278.5,7227.5,-26.0,-1.0947368421052632,stop
2026-05-05 10:07:00,2026-05-05 10:10:00,short,7278.5,7283.5,7283.25,7272.277199046254,-26.0,-1.0947368421052632,stop
2026-05-05 10:11:00,2026-05-05 10:13:00,short,7281.25,7273.209399461804,7286.0,7273.209399461804,39.20300269097788,1.6506527448832793,target
2026-05-06 09:45:00,2026-05-06 09:48:00,short,7339.25,7344.25,7344.0,7287.5,-26.0,-1.0947368421052632,stop
2026-05-06 09:49:00,2026-05-06 09:54:00,short,7340.0,7345.0,7344.75,7287.5,-26.0,-1.0947368421052632,stop
2026-05-06 09:55:00,2026-05-06 10:01:00,short,7344.75,7349.75,7349.5,7338.9111126691105,-26.0,-1.0947368421052632,stop
2026-05-07 09:47:00,2026-05-07 10:04:00,long,7386.5,7392.730201554116,7381.75,7392.730201554116,30.1510077705816,1.2695161166560673,target
2026-05-07 10:05:00,2026-05-07 10:39:00,short,7394.5,7399.5,7399.25,7385.75,-26.0,-1.0947368421052632,stop
2026-05-07 10:40:00,2026-05-07 10:54:00,short,7400.5,7405.5,7405.25,7392.8543730645115,-26.0,-1.0947368421052632,stop
2026-05-08 09:45:00,2026-05-08 09:47:00,short,7403.25,7408.25,7408.0,7358.0,-26.0,-1.0947368421052632,stop
2026-05-08 09:48:00,2026-05-08 09:59:00,short,7408.75,7413.75,7413.5,7399.25356001259,-26.0,-1.0947368421052632,stop
2026-05-08 10:00:00,2026-05-08 10:03:00,short,7410.75,7415.75,7415.5,7402.547740882923,-26.0,-1.0947368421052632,stop
2026-05-11 09:45:00,2026-05-11 10:15:00,short,7432.75,7437.75,7437.5,7422.267178421203,-26.0,-1.0947368421052632,stop
2026-05-11 10:16:00,2026-05-11 10:31:00,short,7439.25,7428.0197030026175,7444.0,7428.0197030026175,55.15148498691269,2.3221677889226395,target
2026-05-11 10:32:00,2026-05-11 10:35:00,short,7426.5,7431.5,7431.25,7419.0,-26.0,-1.0947368421052632,stop
2026-05-12 09:45:00,2026-05-12 09:46:00,long,7412.75,7407.75,7408.0,7439.0,-26.0,-1.0947368421052632,stop
2026-05-12 09:47:00,2026-05-12 09:55:00,long,7403.0,7398.0,7398.25,7439.0,-26.0,-1.0947368421052632,stop
2026-05-12 09:56:00,2026-05-12 10:00:00,long,7397.25,7392.25,7392.5,7406.266737595266,-26.0,-1.0947368421052632,stop
2026-05-13 09:45:00,2026-05-13 09:47:00,long,7410.0,7405.0,7405.25,7416.640375094647,-26.0,-1.0947368421052632,stop
2026-05-13 09:48:00,2026-05-13 09:54:00,long,7401.25,7414.1160176096255,7396.5,7414.1160176096255,63.330088048127436,2.66653002307905,target
2026-05-13 09:55:00,2026-05-13 10:16:00,long,7412.75,7422.0,7408.0,7422.0,45.25,1.9052631578947368,target
2026-05-14 09:45:00,2026-05-14 09:52:00,short,7499.5,7493.287125331565,7504.25,7493.287125331565,30.064373342173894,1.265868351249427,target
2026-05-14 09:53:00,2026-05-14 10:17:00,short,7497.75,7502.75,7502.5,7470.0,-26.0,-1.0947368421052632,stop
2026-05-14 10:18:00,2026-05-14 10:37:00,short,7503.75,7508.75,7508.5,7495.479188819812,-26.0,-1.0947368421052632,stop
2026-05-15 09:45:00,2026-05-15 09:47:00,long,7424.75,7419.75,7420.0,7438.835998991159,-26.0,-1.0947368421052632,stop
2026-05-15 09:48:00,2026-05-15 09:51:00,long,7433.75,7428.75,7429.0,7526.5,-26.0,-1.0947368421052632,stop
2026-05-15 09:52:00,2026-05-15 09:58:00,long,7438.5,7433.5,7433.75,7526.5,-26.0,-1.0947368421052632,stop
2026-05-18 09:47:00,2026-05-18 09:50:00,short,7429.25,7434.25,7434.0,7421.75,-26.0,-1.0947368421052632,stop
2026-05-18 09:51:00,2026-05-18 09:53:00,short,7440.75,7445.75,7445.5,7428.95027966246,-26.0,-1.0947368421052632,stop
2026-05-18 09:54:00,2026-05-18 09:56:00,short,7449.0,7454.0,7453.75,7430.67623108517,-26.0,-1.0947368421052632,stop
2026-05-19 09:45:00,2026-05-19 09:46:00,long,7376.75,7371.75,7372.0,7384.77263288412,-26.0,-1.0947368421052632,stop
2026-05-19 09:47:00,2026-05-19 10:02:00,long,7383.75,7378.75,7379.0,7423.25,-26.0,-1.0947368421052632,stop
2026-05-19 10:03:00,2026-05-19 10:05:00,long,7382.75,7377.75,7378.0,7423.25,-26.0,-1.0947368421052632,stop
2026-05-20 09:45:00,2026-05-20 09:46:00,short,7402.25,7407.25,7407.0,7391.839984679846,-26.0,-1.0947368421052632,stop
2026-05-20 09:47:00,2026-05-20 09:51:00,short,7406.75,7393.476914850647,7411.5,7393.476914850647,65.36542574676696,2.752228452495451,target
2026-05-20 09:52:00,2026-05-20 09:55:00,short,7401.0,7394.811742543897,7405.75,7394.811742543897,29.941287280516008,1.2606857802322529,target
2026-05-21 09:45:00,2026-05-21 09:48:00,long,7417.75,7412.75,7413.0,7446.25,-26.0,-1.0947368421052632,stop
2026-05-21 09:49:00,2026-05-21 11:08:00,long,7412.75,7407.75,7408.0,7446.25,-26.0,-1.0947368421052632,stop
2026-05-21 11:09:00,2026-05-21 11:10:00,long,7414.25,7409.25,7409.5,7423.938209075736,-26.0,-1.0947368421052632,stop
2026-05-22 09:45:00,2026-05-22 09:48:00,short,7513.5,7507.157467296775,7518.25,7507.157467296775,30.71266351612303,1.2931647796262329,target
2026-05-22 09:49:00,2026-05-22 11:29:00,short,7508.25,7513.25,7513.0,7469.0,-26.0,-1.0947368421052632,stop
2026-05-22 11:30:00,2026-05-22 13:28:00,short,7513.5,7518.5,7518.25,7500.02040732754,-26.0,-1.0947368421052632,stop
2026-05-25 09:45:00,2026-05-25 11:11:00,short,7563.5,7568.5,7568.25,7489.0,-26.0,-1.0947368421052632,stop
2026-05-25 11:12:00,2026-05-25 11:23:00,short,7567.25,7560.997476852729,7572.0,7560.997476852729,30.262615736354746,1.274215399425463,target
2026-05-25 11:24:00,2026-05-25 12:59:00,short,7559.25,7564.25,7564.0,7489.0,-26.0,-1.0947368421052632,stop
2026-05-26 09:45:00,2026-05-26 09:53:00,short,7542.5,7533.171073252164,7547.25,7533.171073252164,45.64463373917897,1.9218793153338514,target
2026-05-26 09:54:00,2026-05-26 11:30:00,long,7535.25,7530.25,7530.5,7564.5,-26.0,-1.0947368421052632,stop
2026-05-26 11:31:00,2026-05-26 11:36:00,long,7530.5,7525.5,7525.75,7541.132611940936,-26.0,-1.0947368421052632,stop
2026-05-27 09:46:00,2026-05-27 09:52:00,long,7529.25,7537.146915170261,7524.5,7537.146915170261,38.484575851306545,1.620403193739223,target
2026-05-27 09:55:00,2026-05-27 09:57:00,long,7532.5,7538.25,7527.75,7538.25,27.75,1.168421052631579,target
2026-05-27 10:01:00,2026-05-27 10:07:00,short,7543.5,7536.050455023426,7548.25,7536.050455023426,36.24772488286817,1.5262199950681334,target
2026-05-28 09:45:00,2026-05-28 10:00:00,long,7530.0,7539.25,7525.25,7539.25,45.25,1.9052631578947368,target
2026-05-28 10:01:00,2026-05-28 10:12:00,short,7537.5,7542.5,7542.25,7531.4213215625605,-26.0,-1.0947368421052632,stop
2026-05-28 10:13:00,2026-05-28 11:27:00,short,7570.25,7575.25,7575.0,7539.5374013530645,-26.0,-1.0947368421052632,stop
2026-05-29 09:45:00,2026-05-29 10:00:00,short,7606.0,7611.0,7610.75,7596.75624645088,-26.0,-1.0947368421052632,stop
2026-05-29 10:01:00,2026-05-29 10:15:00,short,7609.25,7601.157619894616,7614.0,7601.157619894616,39.461900526920545,1.6615537063966546,target
2026-05-29 10:16:00,2026-05-29 10:45:00,short,7600.25,7581.5,7605.0,7581.5,92.75,3.905263157894737,target
2026-06-01 09:45:00,2026-06-01 09:55:00,short,7593.0,7587.191982587125,7597.75,7587.191982587125,28.040087064377076,1.1806352448158768,target
2026-06-01 09:56:00,2026-06-01 10:00:00,long,7588.25,7583.25,7583.5,7597.5,-26.0,-1.0947368421052632,stop
2026-06-01 10:01:00,2026-06-01 10:03:00,long,7588.75,7583.75,7584.0,7597.5,-26.0,-1.0947368421052632,stop
2026-06-02 09:45:00,2026-06-02 10:35:00,long,7603.0,7614.0,7598.25,7614.0,54.0,2.2736842105263158,target
2026-06-02 10:36:00,2026-06-02 10:49:00,short,7615.0,7620.0,7619.75,7604.773481032707,-26.0,-1.0947368421052632,stop
2026-06-02 10:50:00,2026-06-02 11:00:00,short,7620.75,7625.75,7625.5,7614.0,-26.0,-1.0947368421052632,stop
2026-06-03 09:45:00,2026-06-03 09:47:00,long,7590.75,7585.75,7586.0,7604.319245488902,-26.0,-1.0947368421052632,stop
2026-06-03 09:48:00,2026-06-03 12:18:00,long,7576.75,7571.75,7572.0,7599.122746212976,-26.0,-1.0947368421052632,stop
2026-06-03 12:19:00,2026-06-03 12:23:00,long,7576.5,7571.5,7571.75,7589.491738719937,-26.0,-1.0947368421052632,stop
2026-06-04 09:45:00,2026-06-04 09:46:00,long,7544.25,7551.550779924429,7539.5,7551.550779924429,35.50389962214376,1.4949010367218427,target
2026-06-04 09:47:00,2026-06-04 09:50:00,long,7554.25,7549.25,7549.5,7572.75,-26.0,-1.0947368421052632,stop
2026-06-04 09:51:00,2026-06-04 09:57:00,short,7557.75,7562.75,7562.5,7551.778163147187,-26.0,-1.0947368421052632,stop
2026-06-05 09:45:00,2026-06-05 09:49:00,long,7524.5,7519.5,7519.75,7539.87240493732,-26.0,-1.0947368421052632,stop
2026-06-05 09:50:00,2026-06-05 09:58:00,long,7520.75,7515.75,7516.0,7535.5089194404245,-26.0,-1.0947368421052632,stop
2026-06-05 09:59:00,2026-06-05 10:01:00,long,7511.75,7506.75,7507.0,7531.140567870499,-26.0,-1.0947368421052632,stop
2026-06-08 09:45:00,2026-06-08 09:46:00,short,7454.0,7459.0,7458.75,7398.5,-26.0,-1.0947368421052632,stop
2026-06-08 09:47:00,2026-06-08 09:53:00,short,7451.5,7456.5,7456.25,7398.5,-26.0,-1.0947368421052632,stop
2026-06-08 09:54:00,2026-06-08 10:46:00,short,7455.0,7460.0,7459.75,7398.5,-26.0,-1.0947368421052632,stop
2026-06-09 09:45:00,2026-06-09 09:47:00,short,7478.25,7483.25,7483.0,7465.870555118466,-26.0,-1.0947368421052632,stop
2026-06-09 09:48:00,2026-06-09 09:56:00,short,7488.25,7469.097939139522,7493.0,7469.097939139522,94.76030430238916,3.9899075495742804,target
2026-06-09 09:57:00,2026-06-09 10:02:00,short,7467.75,7472.75,7472.5,7413.75,-26.0,-1.0947368421052632,stop
2026-06-10 09:45:00,2026-06-10 09:46:00,long,7382.0,7377.0,7377.25,7390.75,-26.0,-1.0947368421052632,stop
2026-06-10 09:47:00,2026-06-10 09:50:00,long,7380.25,7375.25,7375.5,7390.75,-26.0,-1.0947368421052632,stop
2026-06-10 09:51:00,2026-06-10 10:03:00,long,7369.25,7390.75,7364.5,7390.75,106.5,4.484210526315789,target
2026-06-11 09:45:00,2026-06-11 09:46:00,short,7307.25,7312.25,7312.0,7295.547388430805,-26.0,-1.0947368421052632,stop
2026-06-11 09:47:00,2026-06-11 09:50:00,short,7315.0,7320.0,7319.75,7298.1073255736255,-26.0,-1.0947368421052632,stop
2026-06-11 09:51:00,2026-06-11 09:53:00,short,7323.25,7328.25,7328.0,7301.189133252768,-26.0,-1.0947368421052632,stop
2026-06-12 09:45:00,2026-06-12 10:00:00,long,7369.25,7393.0,7364.5,7393.0,117.75,4.957894736842105,target
2026-06-12 10:01:00,2026-06-12 10:03:00,short,7398.75,7403.75,7403.5,7393.0,-26.0,-1.0947368421052632,stop
2026-06-12 10:04:00,2026-06-12 10:06:00,short,7404.0,7409.0,7408.75,7393.0,-26.0,-1.0947368421052632,stop
2026-06-15 09:45:00,2026-06-15 09:49:00,short,7550.0,7555.0,7554.75,7433.75,-26.0,-1.0947368421052632,stop
2026-06-15 09:50:00,2026-06-15 10:09:00,short,7555.5,7546.085927993162,7560.25,7546.085927993162,46.070360034190344,1.9398046330185408,target
2026-06-15 10:10:00,2026-06-15 10:23:00,short,7546.25,7551.25,7551.0,7433.75,-26.0,-1.0947368421052632,stop
2026-06-16 09:59:00,2026-06-16 10:08:00,long,7557.5,7564.5,7552.75,7564.5,34.0,1.431578947368421,target
2026-06-16 10:19:00,2026-06-16 10:22:00,long,7556.0,7551.0,7551.25,7564.1278792517005,-26.0,-1.0947368421052632,stop
2026-06-16 10:23:00,2026-06-16 10:30:00,long,7548.75,7543.75,7544.0,7562.95106629747,-26.0,-1.0947368421052632,stop
2026-06-17 09:45:00,2026-06-17 09:56:00,short,7596.75,7590.680645770922,7601.5,7590.680645770922,29.346771145391358,1.235653521911215,target
2026-06-17 09:57:00,2026-06-17 10:00:00,long,7585.5,7580.5,7580.75,7591.59249580591,-26.0,-1.0947368421052632,stop
2026-06-17 10:01:00,2026-06-17 10:07:00,short,7584.5,7589.5,7589.25,7517.5,-26.0,-1.0947368421052632,stop
2026-06-18 09:45:00,2026-06-18 09:46:00,long,7543.75,7538.75,7539.0,7553.974665018763,-26.0,-1.0947368421052632,stop
2026-06-18 09:47:00,2026-06-18 09:53:00,long,7538.25,7552.854101062399,7533.5,7552.854101062399,72.02050531199711,3.0324423289261944,target
2026-06-18 09:54:00,2026-06-18 09:57:00,long,7543.25,7538.25,7538.5,7551.698227866121,-26.0,-1.0947368421052632,stop
2026-06-19 09:45:00,2026-06-19 10:02:00,long,7559.5,7554.5,7554.75,7566.0,-26.0,-1.0947368421052632,stop
2026-06-19 10:03:00,2026-06-19 10:55:00,long,7558.0,7566.0,7553.25,7566.0,39.0,1.6421052631578947,target
2026-06-19 11:02:00,2026-06-19 11:37:00,short,7566.25,7560.1820620114495,7571.0,7560.1820620114495,29.339689942752557,1.235355366010634,target
2026-06-22 09:45:00,2026-06-22 09:47:00,short,7581.5,7586.5,7586.25,7557.0,-26.0,-1.0947368421052632,stop
2026-06-22 09:48:00,2026-06-22 09:55:00,short,7592.0,7584.9248180244385,7596.75,7584.9248180244385,34.37590987780732,1.4474067316971502,target
2026-06-22 09:56:00,2026-06-22 09:59:00,short,7591.25,7596.25,7596.0,7557.0,-26.0,-1.0947368421052632,stop
2026-06-23 09:45:00,2026-06-23 09:47:00,short,7445.25,7450.25,7450.0,7429.917847129099,-26.0,-1.0947368421052632,stop
2026-06-23 09:48:00,2026-06-23 09:53:00,short,7460.75,7465.75,7465.5,7433.241102628579,-26.0,-1.0947368421052632,stop
2026-06-23 09:54:00,2026-06-23 09:58:00,short,7459.75,7464.75,7464.5,7437.939636575405,-26.0,-1.0947368421052632,stop
2026-06-24 09:45:00,2026-06-24 09:50:00,short,7453.75,7458.75,7458.5,7434.25,-26.0,-1.0947368421052632,stop
2026-06-24 09:51:00,2026-06-24 10:00:00,short,7468.75,7453.270528355475,7473.5,7453.270528355475,76.39735822262446,3.2167308725315564,target
2026-06-24 10:01:00,2026-06-24 10:05:00,short,7453.0,7458.0,7457.75,7434.25,-26.0,-1.0947368421052632,stop
2026-06-25 09:45:00,2026-06-25 09:46:00,long,7429.25,7424.25,7424.5,7460.876692030054,-26.0,-1.0947368421052632,stop
2026-06-25 09:47:00,2026-06-25 09:48:00,long,7419.25,7414.25,7414.5,7430.5,-26.0,-1.0947368421052632,stop
2026-06-25 09:49:00,2026-06-25 09:50:00,long,7424.5,7419.5,7419.75,7430.5,-26.0,-1.0947368421052632,stop
2026-06-26 09:45:00,2026-06-26 11:29:00,long,7372.75,7439.75,7368.0,7439.75,334.0,14.063157894736841,target
2026-06-26 11:30:00,2026-06-26 11:33:00,short,7447.75,7439.75,7452.5,7439.75,39.0,1.6421052631578947,target
2026-06-26 11:34:00,2026-06-26 11:36:00,short,7439.0,7444.0,7443.75,7409.066596900716,-26.0,-1.0947368421052632,stop
2026-06-29 09:45:00,2026-06-29 09:55:00,short,7487.5,7468.663046181302,7492.25,7468.663046181302,93.1847690934901,3.923569224989057,target
2026-06-29 09:56:00,2026-06-29 09:57:00,long,7466.0,7461.0,7461.25,7472.0548789864215,-26.0,-1.0947368421052632,stop
2026-06-29 09:58:00,2026-06-29 09:59:00,long,7458.75,7453.75,7454.0,7471.161207497852,-26.0,-1.0947368421052632,stop
2026-06-30 09:45:00,2026-06-30 09:51:00,short,7508.75,7513.75,7513.5,7493.5,-26.0,-1.0947368421052632,stop
2026-06-30 09:52:00,2026-06-30 09:59:00,short,7520.5,7525.5,7525.25,7505.967157186266,-26.0,-1.0947368421052632,stop
2026-06-30 10:00:00,2026-06-30 10:01:00,short,7518.75,7523.75,7523.5,7509.282683761383,-26.0,-1.0947368421052632,stop
