strategy,instrument,filter,session,entry_ts,side,signal_price,entry_price,target_price,stop_price,target_ticks,stop_ticks,exit_ts,exit_price,reason,gross_pnl,pnl,theoretical_gross_win
trend_pullback,ES,volatility+time_of_day,2024-07-03,2024-07-03 14:26:00+00:00,-1,5571.5,5571.25,5565.25,5576.5,25,20,2024-07-03 14:47:00+00:00,5576.75,stop,-275.0,-278.5,312.5
trend_pullback,ES,volatility+time_of_day,2024-07-05,2024-07-05 14:10:00+00:00,-1,5587.75,5587.5,5581.5,5592.75,25,20,2024-07-05 14:13:00+00:00,5593.0,stop,-275.0,-278.5,312.5
trend_pullback,ES,volatility+time_of_day,2024-07-05,2024-07-05 14:14:00+00:00,-1,5592.25,5592.0,5586.0,5597.25,25,20,2024-07-05 14:31:00+00:00,5597.5,stop,-275.0,-278.5,312.5
trend_pullback,ES,volatility+time_of_day,2024-07-05,2024-07-05 14:48:00+00:00,1,5602.25,5602.5,5608.5,5597.25,25,20,2024-07-05 15:00:00+00:00,5597.0,stop,-275.0,-278.5,312.5
trend_pullback,ES,volatility+time_of_day,2024-07-08,2024-07-08 14:02:00+00:00,-1,5632.75,5632.5,5626.5,5637.75,25,20,2024-07-08 14:20:00+00:00,5626.5,target,300.0,296.5,312.5
trend_pullback,ES,volatility+time_of_day,2024-07-08,2024-07-08 14:22:00+00:00,-1,5628.0,5627.75,5621.75,5633.0,25,20,2024-07-08 15:38:00+00:00,5621.75,target,300.0,296.5,312.5
trend_pullback,ES,volatility+time_of_day,2024-07-08,2024-07-08 18:44:00+00:00,-1,5619.0,5618.75,5612.75,5624.0,25,20,2024-07-08 18:56:00+00:00,5624.25,stop,-275.0,-278.5,312.5
trend_pullback,ES,volatility+time_of_day,2024-07-09,2024-07-09 14:28:00+00:00,-1,5634.5,5634.25,5628.25,5639.5,25,20,2024-07-09 14:42:00+00:00,5639.75,stop,-275.0,-278.5,312.5
trend_pullback,ES,volatility+time_of_day,2024-07-09,2024-07-09 14:47:00+00:00,1,5642.25,5642.5,5648.5,5637.25,25,20,2024-07-09 14:56:00+00:00,5637.0,stop,-275.0,-278.5,312.5
trend_pullback,ES,volatility+time_of_day,2024-07-11,2024-07-11 14:04:00+00:00,1,5695.25,5695.5,5701.5,5690.25,25,20,2024-07-11 14:09:00+00:00,5690.0,stop,-275.0,-278.5,312.5
trend_pullback,ES,volatility+time_of_day,2024-07-11,2024-07-11 14:17:00+00:00,-1,5677.0,5676.75,5670.75,5682.0,25,20,2024-07-11 14:18:00+00:00,5670.75,target,300.0,296.5,312.5
trend_pullback,ES,volatility+time_of_day,2024-07-11,2024-07-11 14:19:00+00:00,-1,5670.5,5670.25,5664.25,5675.5,25,20,2024-07-11 14:31:00+00:00,5675.75,stop,-275.0,-278.5,312.5
trend_pullback,ES,volatility+time_of_day,2024-07-12,2024-07-12 14:05:00+00:00,1,5661.0,5661.25,5667.25,5656.0,25,20,2024-07-12 14:10:00+00:00,5667.25,target,300.0,296.5,312.5
trend_pullback,ES,volatility+time_of_day,2024-07-12,2024-07-12 14:14:00+00:00,1,5667.25,5667.5,5673.5,5662.25,25,20,2024-07-12 14:33:00+00:00,5673.5,target,300.0,296.5,312.5
trend_pullback,ES,volatility+time_of_day,2024-07-12,2024-07-12 15:12:00+00:00,1,5686.75,5687.0,5693.0,5681.75,25,20,2024-07-12 15:59:00+00:00,5681.5,stop,-275.0,-278.5,312.5
trend_pullback,ES,volatility+time_of_day,2024-07-15,2024-07-15 13:46:00+00:00,-1,5684.75,5684.5,5678.5,5689.75,25,20,2024-07-15 13:48:00+00:00,5690.0,stop,-275.0,-278.5,312.5
trend_pullback,ES,volatility+time_of_day,2024-07-15,2024-07-15 13:50:00+00:00,-1,5685.5,5685.25,5679.25,5690.5,25,20,2024-07-15 13:53:00+00:00,5690.75,stop,-275.0,-278.5,312.5
trend_pullback,ES,volatility+time_of_day,2024-07-15,2024-07-15 15:00:00+00:00,1,5709.25,5709.5,5715.5,5704.25,25,20,2024-07-15 15:13:00+00:00,5715.5,target,300.0,296.5,312.5
trend_pullback,ES,volatility+time_of_day,2024-07-16,2024-07-16 13:47:00+00:00,1,5704.75,5705.0,5711.0,5699.75,25,20,2024-07-16 13:49:00+00:00,5699.5,stop,-275.0,-278.5,312.5
trend_pullback,ES,volatility+time_of_day,2024-07-16,2024-07-16 14:07:00+00:00,-1,5694.0,5693.75,5687.75,5699.0,25,20,2024-07-16 14:31:00+00:00,5699.25,stop,-275.0,-278.5,312.5
trend_pullback,ES,volatility+time_of_day,2024-07-16,2024-07-16 14:43:00+00:00,1,5703.75,5704.0,5710.0,5698.75,25,20,2024-07-16 15:01:00+00:00,5698.5,stop,-275.0,-278.5,312.5
trend_pullback,ES,volatility+time_of_day,2024-07-17,2024-07-17 13:53:00+00:00,1,5670.0,5670.25,5676.25,5665.0,25,20,2024-07-17 14:00:00+00:00,5664.75,stop,-275.0,-278.5,312.5
trend_pullback,ES,volatility+time_of_day,2024-07-17,2024-07-17 14:02:00+00:00,-1,5659.0,5658.75,5652.75,5664.0,25,20,2024-07-17 14:07:00+00:00,5652.75,target,300.0,296.5,312.5
trend_pullback,ES,volatility+time_of_day,2024-07-17,2024-07-17 14:10:00+00:00,-1,5648.5,5648.25,5642.25,5653.5,25,20,2024-07-17 14:13:00+00:00,5653.75,stop,-275.0,-278.5,312.5
trend_pullback,ES,volatility+time_of_day,2024-07-18,2024-07-18 14:01:00+00:00,1,5653.5,5653.75,5659.75,5648.5,25,20,2024-07-18 14:06:00+00:00,5659.75,target,300.0,296.5,312.5
trend_pullback,ES,volatility+time_of_day,2024-07-18,2024-07-18 14:09:00+00:00,1,5660.75,5661.0,5667.0,5655.75,25,20,2024-07-18 14:20:00+00:00,5655.5,stop,-275.0,-278.5,312.5
trend_pullback,ES,volatility+time_of_day,2024-07-18,2024-07-18 14:33:00+00:00,-1,5641.5,5641.25,5635.25,5646.5,25,20,2024-07-18 14:35:00+00:00,5635.25,target,300.0,296.5,312.5
trend_pullback,ES,volatility+time_of_day,2024-07-19,2024-07-19 14:21:00+00:00,-1,5587.75,5587.5,5581.5,5592.75,25,20,2024-07-19 14:26:00+00:00,5581.5,target,300.0,296.5,312.5
trend_pullback,ES,volatility+time_of_day,2024-07-19,2024-07-19 14:31:00+00:00,-1,5574.5,5574.25,5568.25,5579.5,25,20,2024-07-19 14:38:00+00:00,5579.75,stop,-275.0,-278.5,312.5
trend_pullback,ES,volatility+time_of_day,2024-07-19,2024-07-19 14:50:00+00:00,-1,5573.5,5573.25,5567.25,5578.5,25,20,2024-07-19 14:54:00+00:00,5578.75,stop,-275.0,-278.5,312.5
trend_pullback,ES,volatility+time_of_day,2024-07-22,2024-07-22 13:45:00+00:00,1,5601.75,5602.0,5608.0,5596.75,25,20,2024-07-22 13:57:00+00:00,5596.5,stop,-275.0,-278.5,312.5
trend_pullback,ES,volatility+time_of_day,2024-07-22,2024-07-22 13:59:00+00:00,-1,5590.0,5589.75,5583.75,5595.0,25,20,2024-07-22 14:01:00+00:00,5583.75,target,300.0,296.5,312.5
trend_pullback,ES,volatility+time_of_day,2024-07-22,2024-07-22 14:02:00+00:00,-1,5583.5,5583.25,5577.25,5588.5,25,20,2024-07-22 14:09:00+00:00,5577.25,target,300.0,296.5,312.5
trend_pullback,ES,volatility+time_of_day,2024-07-23,2024-07-23 13:46:00+00:00,1,5616.5,5616.75,5622.75,5611.5,25,20,2024-07-23 13:54:00+00:00,5611.25,stop,-275.0,-278.5,312.5
trend_pullback,ES,volatility+time_of_day,2024-07-23,2024-07-23 14:04:00+00:00,1,5619.75,5620.0,5626.0,5614.75,25,20,2024-07-23 14:21:00+00:00,5626.0,target,300.0,296.5,312.5
trend_pullback,ES,volatility+time_of_day,2024-07-23,2024-07-23 14:44:00+00:00,-1,5615.75,5615.5,5609.5,5620.75,25,20,2024-07-23 14:47:00+00:00,5609.5,target,300.0,296.5,312.5
trend_pullback,ES,volatility+time_of_day,2024-07-24,2024-07-24 13:52:00+00:00,-1,5531.75,5531.5,5525.5,5536.75,25,20,2024-07-24 13:56:00+00:00,5525.5,target,300.0,296.5,312.5
trend_pullback,ES,volatility+time_of_day,2024-07-24,2024-07-24 14:00:00+00:00,-1,5525.5,5525.25,5519.25,5530.5,25,20,2024-07-24 14:09:00+00:00,5519.25,target,300.0,296.5,312.5
trend_pullback,ES,volatility+time_of_day,2024-07-24,2024-07-24 14:15:00+00:00,-1,5514.75,5514.5,5508.5,5519.75,25,20,2024-07-24 14:22:00+00:00,5520.0,stop,-275.0,-278.5,312.5
trend_pullback,ES,volatility+time_of_day,2024-07-25,2024-07-25 13:54:00+00:00,-1,5465.5,5465.25,5459.25,5470.5,25,20,2024-07-25 13:57:00+00:00,5459.25,target,300.0,296.5,312.5
trend_pullback,ES,volatility+time_of_day,2024-07-25,2024-07-25 14:00:00+00:00,-1,5450.5,5450.25,5444.25,5455.5,25,20,2024-07-25 14:03:00+00:00,5444.25,target,300.0,296.5,312.5
trend_pullback,ES,volatility+time_of_day,2024-07-25,2024-07-25 14:06:00+00:00,-1,5445.25,5445.0,5439.0,5450.25,25,20,2024-07-25 14:09:00+00:00,5439.0,target,300.0,296.5,312.5
trend_pullback,ES,volatility+time_of_day,2024-07-26,2024-07-26 13:45:00+00:00,1,5486.0,5486.25,5492.25,5481.0,25,20,2024-07-26 13:47:00+00:00,5480.75,stop,-275.0,-278.5,312.5
trend_pullback,ES,volatility+time_of_day,2024-07-26,2024-07-26 14:01:00+00:00,1,5491.5,5491.75,5497.75,5486.5,25,20,2024-07-26 14:05:00+00:00,5486.25,stop,-275.0,-278.5,312.5
trend_pullback,ES,volatility+time_of_day,2024-07-26,2024-07-26 14:33:00+00:00,-1,5476.25,5476.0,5470.0,5481.25,25,20,2024-07-26 14:41:00+00:00,5481.5,stop,-275.0,-278.5,312.5
trend_pullback,ES,volatility+time_of_day,2024-07-29,2024-07-29 13:47:00+00:00,1,5517.5,5517.75,5523.75,5512.5,25,20,2024-07-29 13:48:00+00:00,5512.25,stop,-275.0,-278.5,312.5
trend_pullback,ES,volatility+time_of_day,2024-07-29,2024-07-29 13:49:00+00:00,1,5513.25,5513.5,5519.5,5508.25,25,20,2024-07-29 13:50:00+00:00,5508.0,stop,-275.0,-278.5,312.5
trend_pullback,ES,volatility+time_of_day,2024-07-29,2024-07-29 14:00:00+00:00,1,5524.5,5524.75,5530.75,5519.5,25,20,2024-07-29 14:07:00+00:00,5519.25,stop,-275.0,-278.5,312.5
trend_pullback,ES,volatility+time_of_day,2024-07-30,2024-07-30 13:51:00+00:00,-1,5516.0,5515.75,5509.75,5521.0,25,20,2024-07-30 14:01:00+00:00,5509.75,target,300.0,296.5,312.5
trend_pullback,ES,volatility+time_of_day,2024-07-30,2024-07-30 14:03:00+00:00,-1,5505.25,5505.0,5499.0,5510.25,25,20,2024-07-30 14:05:00+00:00,5510.5,stop,-275.0,-278.5,312.5
trend_pullback,ES,volatility+time_of_day,2024-07-30,2024-07-30 14:12:00+00:00,-1,5510.75,5510.5,5504.5,5515.75,25,20,2024-07-30 14:19:00+00:00,5504.5,target,300.0,296.5,312.5
trend_pullback,ES,volatility+time_of_day,2024-07-31,2024-07-31 13:55:00+00:00,1,5540.5,5540.75,5546.75,5535.5,25,20,2024-07-31 13:56:00+00:00,5535.25,stop,-275.0,-278.5,312.5
trend_pullback,ES,volatility+time_of_day,2024-07-31,2024-07-31 14:00:00+00:00,1,5542.25,5542.5,5548.5,5537.25,25,20,2024-07-31 14:05:00+00:00,5548.5,target,300.0,296.5,312.5
trend_pullback,ES,volatility+time_of_day,2024-07-31,2024-07-31 14:09:00+00:00,1,5550.0,5550.25,5556.25,5545.0,25,20,2024-07-31 14:17:00+00:00,5556.25,target,300.0,296.5,312.5
trend_pullback,ES,volatility+time_of_day,2024-08-01,2024-08-01 13:47:00+00:00,1,5597.5,5597.75,5603.75,5592.5,25,20,2024-08-01 13:50:00+00:00,5592.25,stop,-275.0,-278.5,312.5
trend_pullback,ES,volatility+time_of_day,2024-08-01,2024-08-01 14:01:00+00:00,-1,5587.25,5587.0,5581.0,5592.25,25,20,2024-08-01 14:02:00+00:00,5592.5,stop,-275.0,-278.5,312.5
trend_pullback,ES,volatility+time_of_day,2024-08-01,2024-08-01 14:05:00+00:00,-1,5579.5,5579.25,5573.25,5584.5,25,20,2024-08-01 14:07:00+00:00,5573.25,target,300.0,296.5,312.5
trend_pullback,ES,volatility+time_of_day,2024-08-02,2024-08-02 13:45:00+00:00,1,5412.25,5412.5,5418.5,5407.25,25,20,2024-08-02 13:46:00+00:00,5407.0,stop,-275.0,-278.5,312.5
trend_pullback,ES,volatility+time_of_day,2024-08-02,2024-08-02 13:52:00+00:00,-1,5398.0,5397.75,5391.75,5403.0,25,20,2024-08-02 13:56:00+00:00,5391.75,target,300.0,296.5,312.5
trend_pullback,ES,volatility+time_of_day,2024-08-02,2024-08-02 13:57:00+00:00,-1,5386.75,5386.5,5380.5,5391.75,25,20,2024-08-02 13:58:00+00:00,5392.0,stop,-275.0,-278.5,312.5
trend_pullback,ES,volatility+time_of_day,2024-08-05,2024-08-05 13:45:00+00:00,1,5203.0,5203.25,5209.25,5198.0,25,20,2024-08-05 13:46:00+00:00,5197.75,stop,-275.0,-278.5,312.5
trend_pullback,ES,volatility+time_of_day,2024-08-05,2024-08-05 13:47:00+00:00,1,5207.75,5208.0,5214.0,5202.75,25,20,2024-08-05 13:48:00+00:00,5202.5,stop,-275.0,-278.5,312.5
trend_pullback,ES,volatility+time_of_day,2024-08-05,2024-08-05 13:49:00+00:00,1,5213.75,5214.0,5220.0,5208.75,25,20,2024-08-05 13:50:00+00:00,5208.5,stop,-275.0,-278.5,312.5
trend_pullback,ES,volatility+time_of_day,2024-08-06,2024-08-06 13:45:00+00:00,-1,5223.75,5223.5,5217.5,5228.75,25,20,2024-08-06 13:46:00+00:00,5229.0,stop,-275.0,-278.5,312.5
trend_pullback,ES,volatility+time_of_day,2024-08-06,2024-08-06 13:48:00+00:00,1,5241.75,5242.0,5248.0,5236.75,25,20,2024-08-06 13:49:00+00:00,5236.5,stop,-275.0,-278.5,312.5
trend_pullback,ES,volatility+time_of_day,2024-08-06,2024-08-06 13:53:00+00:00,1,5256.5,5256.75,5262.75,5251.5,25,20,2024-08-06 13:56:00+00:00,5262.75,target,300.0,296.5,312.5
trend_pullback,ES,volatility+time_of_day,2024-08-07,2024-08-07 13:45:00+00:00,1,5343.75,5344.0,5350.0,5338.75,25,20,2024-08-07 13:47:00+00:00,5338.5,stop,-275.0,-278.5,312.5
trend_pullback,ES,volatility+time_of_day,2024-08-07,2024-08-07 13:48:00+00:00,1,5345.25,5345.5,5351.5,5340.25,25,20,2024-08-07 13:59:00+00:00,5351.5,target,300.0,296.5,312.5
trend_pullback,ES,volatility+time_of_day,2024-08-07,2024-08-07 14:10:00+00:00,1,5354.0,5354.25,5360.25,5349.0,25,20,2024-08-07 14:13:00+00:00,5348.75,stop,-275.0,-278.5,312.5
trend_pullback,ES,volatility+time_of_day,2024-08-08,2024-08-08 13:47:00+00:00,-1,5267.5,5267.25,5261.25,5272.5,25,20,2024-08-08 13:48:00+00:00,5261.25,target,300.0,296.5,312.5
trend_pullback,ES,volatility+time_of_day,2024-08-08,2024-08-08 13:55:00+00:00,1,5286.25,5286.5,5292.5,5281.25,25,20,2024-08-08 13:59:00+00:00,5292.5,target,300.0,296.5,312.5
trend_pullback,ES,volatility+time_of_day,2024-08-08,2024-08-08 14:00:00+00:00,1,5295.5,5295.75,5301.75,5290.5,25,20,2024-08-08 14:02:00+00:00,5301.75,target,300.0,296.5,312.5
trend_pullback,ES,volatility+time_of_day,2024-08-09,2024-08-09 13:46:00+00:00,-1,5329.75,5329.5,5323.5,5334.75,25,20,2024-08-09 13:53:00+00:00,5335.0,stop,-275.0,-278.5,312.5
trend_pullback,ES,volatility+time_of_day,2024-08-09,2024-08-09 14:03:00+00:00,1,5341.0,5341.25,5347.25,5336.0,25,20,2024-08-09 14:11:00+00:00,5347.25,target,300.0,296.5,312.5
trend_pullback,ES,volatility+time_of_day,2024-08-09,2024-08-09 14:20:00+00:00,1,5347.0,5347.25,5353.25,5342.0,25,20,2024-08-09 14:30:00+00:00,5341.75,stop,-275.0,-278.5,312.5
trend_pullback,ES,volatility+time_of_day,2024-08-12,2024-08-12 13:46:00+00:00,-1,5357.25,5357.0,5351.0,5362.25,25,20,2024-08-12 13:49:00+00:00,5351.0,target,300.0,296.5,312.5
trend_pullback,ES,volatility+time_of_day,2024-08-12,2024-08-12 13:51:00+00:00,-1,5358.25,5358.0,5352.0,5363.25,25,20,2024-08-12 13:56:00+00:00,5352.0,target,300.0,296.5,312.5
trend_pullback,ES,volatility+time_of_day,2024-08-12,2024-08-12 13:57:00+00:00,-1,5350.75,5350.5,5344.5,5355.75,25,20,2024-08-12 14:00:00+00:00,5356.0,stop,-275.0,-278.5,312.5
trend_pullback,ES,volatility+time_of_day,2024-08-13,2024-08-13 13:46:00+00:00,1,5418.75,5419.0,5425.0,5413.75,25,20,2024-08-13 13:55:00+00:00,5413.5,stop,-275.0,-278.5,312.5
trend_pullback,ES,volatility+time_of_day,2024-08-13,2024-08-13 14:04:00+00:00,-1,5412.5,5412.25,5406.25,5417.5,25,20,2024-08-13 14:11:00+00:00,5406.25,target,300.0,296.5,312.5
trend_pullback,ES,volatility+time_of_day,2024-08-13,2024-08-13 14:18:00+00:00,-1,5405.5,5405.25,5399.25,5410.5,25,20,2024-08-13 14:22:00+00:00,5410.75,stop,-275.0,-278.5,312.5
trend_pullback,ES,volatility+time_of_day,2024-08-14,2024-08-14 13:49:00+00:00,-1,5457.0,5456.75,5450.75,5462.0,25,20,2024-08-14 13:59:00+00:00,5450.75,target,300.0,296.5,312.5
trend_pullback,ES,volatility+time_of_day,2024-08-14,2024-08-14 14:00:00+00:00,-1,5452.25,5452.0,5446.0,5457.25,25,20,2024-08-14 14:12:00+00:00,5446.0,target,300.0,296.5,312.5
trend_pullback,ES,volatility+time_of_day,2024-08-14,2024-08-14 14:41:00+00:00,-1,5452.25,5452.0,5446.0,5457.25,25,20,2024-08-14 14:50:00+00:00,5457.5,stop,-275.0,-278.5,312.5
trend_pullback,ES,volatility+time_of_day,2024-08-15,2024-08-15 13:46:00+00:00,-1,5529.5,5529.25,5523.25,5534.5,25,20,2024-08-15 13:49:00+00:00,5534.75,stop,-275.0,-278.5,312.5
trend_pullback,ES,volatility+time_of_day,2024-08-15,2024-08-15 13:53:00+00:00,1,5536.0,5536.25,5542.25,5531.0,25,20,2024-08-15 14:01:00+00:00,5542.25,target,300.0,296.5,312.5
trend_pullback,ES,volatility+time_of_day,2024-08-15,2024-08-15 14:07:00+00:00,-1,5531.5,5531.25,5525.25,5536.5,25,20,2024-08-15 14:15:00+00:00,5536.75,stop,-275.0,-278.5,312.5
trend_pullback,ES,volatility+time_of_day,2024-08-16,2024-08-16 13:51:00+00:00,1,5560.25,5560.5,5566.5,5555.25,25,20,2024-08-16 14:02:00+00:00,5566.5,target,300.0,296.5,312.5
trend_pullback,ES,volatility+time_of_day,2024-08-16,2024-08-16 14:06:00+00:00,1,5566.0,5566.25,5572.25,5561.0,25,20,2024-08-16 14:08:00+00:00,5560.75,stop,-275.0,-278.5,312.5
trend_pullback,ES,volatility+time_of_day,2024-08-16,2024-08-16 14:11:00+00:00,1,5564.5,5564.75,5570.75,5559.5,25,20,2024-08-16 14:20:00+00:00,5570.75,target,300.0,296.5,312.5
trend_pullback,ES,volatility+time_of_day,2024-08-19,2024-08-19 14:19:00+00:00,-1,5575.5,5575.25,5569.25,5580.5,25,20,2024-08-19 14:21:00+00:00,5580.75,stop,-275.0,-278.5,312.5
trend_pullback,ES,volatility+time_of_day,2024-08-19,2024-08-19 14:25:00+00:00,-1,5583.75,5583.5,5577.5,5588.75,25,20,2024-08-19 14:27:00+00:00,5589.0,stop,-275.0,-278.5,312.5
trend_pullback,ES,volatility+time_of_day,2024-08-21,2024-08-21 14:26:00+00:00,1,5635.75,5636.0,5642.0,5630.75,25,20,2024-08-21 14:32:00+00:00,5630.5,stop,-275.0,-278.5,312.5
trend_pullback,ES,volatility+time_of_day,2024-08-21,2024-08-21 14:37:00+00:00,1,5647.25,5647.5,5653.5,5642.25,25,20,2024-08-21 14:42:00+00:00,5653.5,target,300.0,296.5,312.5
trend_pullback,ES,volatility+time_of_day,2024-08-21,2024-08-21 14:45:00+00:00,1,5652.5,5652.75,5658.75,5647.5,25,20,2024-08-21 14:47:00+00:00,5647.25,stop,-275.0,-278.5,312.5
trend_pullback,ES,volatility+time_of_day,2024-08-22,2024-08-22 13:52:00+00:00,-1,5651.25,5651.0,5645.0,5656.25,25,20,2024-08-22 13:53:00+00:00,5656.5,stop,-275.0,-278.5,312.5
trend_pullback,ES,volatility+time_of_day,2024-08-22,2024-08-22 14:07:00+00:00,-1,5648.25,5648.0,5642.0,5653.25,25,20,2024-08-22 14:08:00+00:00,5642.0,target,300.0,296.5,312.5
trend_pullback,ES,volatility+time_of_day,2024-08-22,2024-08-22 14:09:00+00:00,-1,5642.75,5642.5,5636.5,5647.75,25,20,2024-08-22 14:31:00+00:00,5636.5,target,300.0,296.5,312.5
trend_pullback,ES,volatility+time_of_day,2024-08-23,2024-08-23 14:02:00+00:00,1,5651.25,5651.5,5657.5,5646.25,25,20,2024-08-23 14:03:00+00:00,5646.0,stop,-275.0,-278.5,312.5
trend_pullback,ES,volatility+time_of_day,2024-08-23,2024-08-23 14:04:00+00:00,1,5647.75,5648.0,5654.0,5642.75,25,20,2024-08-23 14:05:00+00:00,5642.5,stop,-275.0,-278.5,312.5
trend_pullback,ES,volatility+time_of_day,2024-08-23,2024-08-23 14:06:00+00:00,1,5644.0,5644.25,5650.25,5639.0,25,20,2024-08-23 14:09:00+00:00,5650.25,target,300.0,296.5,312.5
trend_pullback,ES,volatility+time_of_day,2024-08-26,2024-08-26 13:45:00+00:00,-1,5662.25,5662.0,5656.0,5667.25,25,20,2024-08-26 14:01:00+00:00,5656.0,target,300.0,296.5,312.5
trend_pullback,ES,volatility+time_of_day,2024-08-26,2024-08-26 14:14:00+00:00,-1,5650.75,5650.5,5644.5,5655.75,25,20,2024-08-26 14:31:00+00:00,5644.5,target,300.0,296.5,312.5
trend_pullback,ES,volatility+time_of_day,2024-08-26,2024-08-26 14:39:00+00:00,-1,5632.75,5632.5,5626.5,5637.75,25,20,2024-08-26 14:41:00+00:00,5638.0,stop,-275.0,-278.5,312.5
trend_pullback,ES,volatility+time_of_day,2024-08-27,2024-08-27 13:45:00+00:00,-1,5615.25,5615.0,5609.0,5620.25,25,20,2024-08-27 13:47:00+00:00,5620.5,stop,-275.0,-278.5,312.5
trend_pullback,ES,volatility+time_of_day,2024-08-27,2024-08-27 13:50:00+00:00,1,5624.0,5624.25,5630.25,5619.0,25,20,2024-08-27 13:53:00+00:00,5630.25,target,300.0,296.5,312.5
trend_pullback,ES,volatility+time_of_day,2024-08-27,2024-08-27 13:55:00+00:00,1,5630.25,5630.5,5636.5,5625.25,25,20,2024-08-27 13:57:00+00:00,5625.0,stop,-275.0,-278.5,312.5
trend_pullback,ES,volatility+time_of_day,2024-08-28,2024-08-28 14:46:00+00:00,-1,5627.75,5627.5,5621.5,5632.75,25,20,2024-08-28 15:00:00+00:00,5621.5,target,300.0,296.5,312.5
trend_pullback,ES,volatility+time_of_day,2024-08-28,2024-08-28 15:14:00+00:00,-1,5610.5,5610.25,5604.25,5615.5,25,20,2024-08-28 15:19:00+00:00,5604.25,target,300.0,296.5,312.5
trend_pullback,ES,volatility+time_of_day,2024-08-28,2024-08-28 15:21:00+00:00,-1,5606.25,5606.0,5600.0,5611.25,25,20,2024-08-28 15:29:00+00:00,5611.5,stop,-275.0,-278.5,312.5
trend_pullback,ES,volatility+time_of_day,2024-08-29,2024-08-29 13:46:00+00:00,-1,5624.5,5624.25,5618.25,5629.5,25,20,2024-08-29 13:48:00+00:00,5629.75,stop,-275.0,-278.5,312.5
trend_pullback,ES,volatility+time_of_day,2024-08-29,2024-08-29 13:52:00+00:00,-1,5621.5,5621.25,5615.25,5626.5,25,20,2024-08-29 13:54:00+00:00,5626.75,stop,-275.0,-278.5,312.5
trend_pullback,ES,volatility+time_of_day,2024-08-29,2024-08-29 13:57:00+00:00,1,5638.0,5638.25,5644.25,5633.0,25,20,2024-08-29 14:00:00+00:00,5644.25,target,300.0,296.5,312.5
trend_pullback,ES,volatility+time_of_day,2024-08-30,2024-08-30 13:45:00+00:00,1,5639.75,5640.0,5646.0,5634.75,25,20,2024-08-30 13:47:00+00:00,5634.5,stop,-275.0,-278.5,312.5
trend_pullback,ES,volatility+time_of_day,2024-08-30,2024-08-30 14:00:00+00:00,1,5643.75,5644.0,5650.0,5638.75,25,20,2024-08-30 14:05:00+00:00,5638.5,stop,-275.0,-278.5,312.5
trend_pullback,ES,volatility+time_of_day,2024-08-30,2024-08-30 14:23:00+00:00,-1,5635.0,5634.75,5628.75,5640.0,25,20,2024-08-30 14:35:00+00:00,5640.25,stop,-275.0,-278.5,312.5
trend_pullback,ES,volatility+time_of_day,2024-09-03,2024-09-03 13:45:00+00:00,-1,5618.0,5617.75,5611.75,5623.0,25,20,2024-09-03 13:50:00+00:00,5611.75,target,300.0,296.5,312.5
trend_pullback,ES,volatility+time_of_day,2024-09-03,2024-09-03 13:51:00+00:00,-1,5607.0,5606.75,5600.75,5612.0,25,20,2024-09-03 13:53:00+00:00,5612.25,stop,-275.0,-278.5,312.5
trend_pullback,ES,volatility+time_of_day,2024-09-03,2024-09-03 13:55:00+00:00,-1,5605.25,5605.0,5599.0,5610.25,25,20,2024-09-03 13:58:00+00:00,5610.5,stop,-275.0,-278.5,312.5
trend_pullback,ES,volatility+time_of_day,2024-09-04,2024-09-04 13:45:00+00:00,1,5538.75,5539.0,5545.0,5533.75,25,20,2024-09-04 13:47:00+00:00,5533.5,stop,-275.0,-278.5,312.5
trend_pullback,ES,volatility+time_of_day,2024-09-04,2024-09-04 13:48:00+00:00,1,5542.0,5542.25,5548.25,5537.0,25,20,2024-09-04 14:00:00+00:00,5536.75,stop,-275.0,-278.5,312.5
trend_pullback,ES,volatility+time_of_day,2024-09-04,2024-09-04 14:06:00+00:00,-1,5533.5,5533.25,5527.25,5538.5,25,20,2024-09-04 14:07:00+00:00,5538.75,stop,-275.0,-278.5,312.5
trend_pullback,ES,volatility+time_of_day,2024-09-05,2024-09-05 13:45:00+00:00,1,5537.5,5537.75,5543.75,5532.5,25,20,2024-09-05 13:46:00+00:00,5532.25,stop,-275.0,-278.5,312.5
trend_pullback,ES,volatility+time_of_day,2024-09-05,2024-09-05 14:02:00+00:00,1,5552.25,5552.5,5558.5,5547.25,25,20,2024-09-05 14:05:00+00:00,5547.0,stop,-275.0,-278.5,312.5
trend_pullback,ES,volatility+time_of_day,2024-09-05,2024-09-05 14:06:00+00:00,1,5553.5,5553.75,5559.75,5548.5,25,20,2024-09-05 14:08:00+00:00,5548.25,stop,-275.0,-278.5,312.5
trend_pullback,ES,volatility+time_of_day,2024-09-06,2024-09-06 13:54:00+00:00,-1,5500.0,5499.75,5493.75,5505.0,25,20,2024-09-06 13:55:00+00:00,5505.25,stop,-275.0,-278.5,312.5
trend_pullback,ES,volatility+time_of_day,2024-09-06,2024-09-06 13:56:00+00:00,-1,5501.5,5501.25,5495.25,5506.5,25,20,2024-09-06 13:59:00+00:00,5495.25,target,300.0,296.5,312.5
trend_pullback,ES,volatility+time_of_day,2024-09-06,2024-09-06 14:02:00+00:00,-1,5495.5,5495.25,5489.25,5500.5,25,20,2024-09-06 14:06:00+00:00,5489.25,target,300.0,296.5,312.5
trend_pullback,ES,volatility+time_of_day,2024-09-09,2024-09-09 13:57:00+00:00,1,5468.0,5468.25,5474.25,5463.0,25,20,2024-09-09 14:10:00+00:00,5474.25,target,300.0,296.5,312.5
trend_pullback,ES,volatility+time_of_day,2024-09-09,2024-09-09 14:13:00+00:00,1,5476.5,5476.75,5482.75,5471.5,25,20,2024-09-09 14:19:00+00:00,5471.25,stop,-275.0,-278.5,312.5
trend_pullback,ES,volatility+time_of_day,2024-09-09,2024-09-09 14:25:00+00:00,-1,5464.75,5464.5,5458.5,5469.75,25,20,2024-09-09 14:30:00+00:00,5458.5,target,300.0,296.5,312.5
trend_pullback,ES,volatility+time_of_day,2024-09-10,2024-09-10 14:05:00+00:00,-1,5488.5,5488.25,5482.25,5493.5,25,20,2024-09-10 14:08:00+00:00,5493.75,stop,-275.0,-278.5,312.5
trend_pullback,ES,volatility+time_of_day,2024-09-10,2024-09-10 14:11:00+00:00,-1,5482.0,5481.75,5475.75,5487.0,25,20,2024-09-10 14:13:00+00:00,5475.75,target,300.0,296.5,312.5
trend_pullback,ES,volatility+time_of_day,2024-09-10,2024-09-10 14:15:00+00:00,-1,5471.75,5471.5,5465.5,5476.75,25,20,2024-09-10 14:17:00+00:00,5477.0,stop,-275.0,-278.5,312.5
trend_pullback,ES,volatility+time_of_day,2024-09-11,2024-09-11 13:45:00+00:00,-1,5473.0,5472.75,5466.75,5478.0,25,20,2024-09-11 13:46:00+00:00,5466.75,target,300.0,296.5,312.5
trend_pullback,ES,volatility+time_of_day,2024-09-11,2024-09-11 13:49:00+00:00,-1,5467.25,5467.0,5461.0,5472.25,25,20,2024-09-11 13:57:00+00:00,5461.0,target,300.0,296.5,312.5
trend_pullback,ES,volatility+time_of_day,2024-09-11,2024-09-11 13:58:00+00:00,-1,5460.25,5460.0,5454.0,5465.25,25,20,2024-09-11 14:00:00+00:00,5454.0,target,300.0,296.5,312.5
trend_pullback,ES,volatility+time_of_day,2024-09-12,2024-09-12 13:48:00+00:00,-1,5546.5,5546.25,5540.25,5551.5,25,20,2024-09-12 13:50:00+00:00,5540.25,target,300.0,296.5,312.5
trend_pullback,ES,volatility+time_of_day,2024-09-12,2024-09-12 13:55:00+00:00,-1,5549.5,5549.25,5543.25,5554.5,25,20,2024-09-12 14:11:00+00:00,5554.75,stop,-275.0,-278.5,312.5
trend_pullback,ES,volatility+time_of_day,2024-09-12,2024-09-12 14:12:00+00:00,1,5562.75,5563.0,5569.0,5557.75,25,20,2024-09-12 14:16:00+00:00,5569.0,target,300.0,296.5,312.5
trend_pullback,ES,volatility+time_of_day,2024-09-13,2024-09-13 13:46:00+00:00,1,5619.5,5619.75,5625.75,5614.5,25,20,2024-09-13 14:00:00+00:00,5614.25,stop,-275.0,-278.5,312.5
trend_pullback,ES,volatility+time_of_day,2024-09-13,2024-09-13 14:12:00+00:00,1,5626.25,5626.5,5632.5,5621.25,25,20,2024-09-13 14:13:00+00:00,5621.0,stop,-275.0,-278.5,312.5
trend_pullback,ES,volatility+time_of_day,2024-09-13,2024-09-13 14:15:00+00:00,1,5626.25,5626.5,5632.5,5621.25,25,20,2024-09-13 14:24:00+00:00,5632.5,target,300.0,296.5,312.5
trend_pullback,ES,volatility+time_of_day,2024-09-16,2024-09-16 13:54:00+00:00,1,5637.75,5638.0,5644.0,5632.75,25,20,2024-09-16 14:03:00+00:00,5632.5,stop,-275.0,-278.5,312.5
trend_pullback,ES,volatility+time_of_day,2024-09-16,2024-09-16 14:30:00+00:00,-1,5619.0,5618.75,5612.75,5624.0,25,20,2024-09-16 14:34:00+00:00,5612.75,target,300.0,296.5,312.5
trend_pullback,ES,volatility+time_of_day,2024-09-16,2024-09-16 14:38:00+00:00,-1,5616.75,5616.5,5610.5,5621.75,25,20,2024-09-16 14:41:00+00:00,5622.0,stop,-275.0,-278.5,312.5
trend_pullback,ES,volatility+time_of_day,2024-09-17,2024-09-17 13:56:00+00:00,-1,5653.0,5652.75,5646.75,5658.0,25,20,2024-09-17 14:03:00+00:00,5658.25,stop,-275.0,-278.5,312.5
trend_pullback,ES,volatility+time_of_day,2024-09-17,2024-09-17 14:05:00+00:00,1,5663.0,5663.25,5669.25,5658.0,25,20,2024-09-17 14:08:00+00:00,5669.25,target,300.0,296.5,312.5
trend_pullback,ES,volatility+time_of_day,2024-09-17,2024-09-17 14:10:00+00:00,1,5669.0,5669.25,5675.25,5664.0,25,20,2024-09-17 14:13:00+00:00,5663.75,stop,-275.0,-278.5,312.5
trend_pullback,ES,volatility+time_of_day,2024-09-18,2024-09-18 14:20:00+00:00,-1,5694.0,5693.75,5687.75,5699.0,25,20,2024-09-18 14:28:00+00:00,5699.25,stop,-275.0,-278.5,312.5
trend_pullback,ES,volatility+time_of_day,2024-09-18,2024-09-18 18:01:00+00:00,1,5742.25,5742.5,5748.5,5737.25,25,20,2024-09-18 18:02:00+00:00,5737.0,stop,-275.0,-278.5,312.5
trend_pullback,ES,volatility+time_of_day,2024-09-18,2024-09-18 18:05:00+00:00,1,5730.25,5730.5,5736.5,5725.25,25,20,2024-09-18 18:08:00+00:00,5725.0,stop,-275.0,-278.5,312.5
trend_pullback,ES,volatility+time_of_day,2024-09-19,2024-09-19 13:50:00+00:00,-1,5753.0,5752.75,5746.75,5758.0,25,20,2024-09-19 13:55:00+00:00,5758.25,stop,-275.0,-278.5,312.5
trend_pullback,ES,volatility+time_of_day,2024-09-19,2024-09-19 14:02:00+00:00,1,5765.75,5766.0,5772.0,5760.75,25,20,2024-09-19 14:07:00+00:00,5772.0,target,300.0,296.5,312.5
trend_pullback,ES,volatility+time_of_day,2024-09-19,2024-09-19 14:12:00+00:00,1,5770.0,5770.25,5776.25,5765.0,25,20,2024-09-19 14:27:00+00:00,5776.25,target,300.0,296.5,312.5
trend_pullback,ES,volatility+time_of_day,2024-09-20,2024-09-20 13:49:00+00:00,-1,5757.75,5757.5,5751.5,5762.75,25,20,2024-09-20 13:51:00+00:00,5763.0,stop,-275.0,-278.5,312.5
trend_pullback,ES,volatility+time_of_day,2024-09-20,2024-09-20 13:53:00+00:00,-1,5758.75,5758.5,5752.5,5763.75,25,20,2024-09-20 13:59:00+00:00,5752.5,target,300.0,296.5,312.5
trend_pullback,ES,volatility+time_of_day,2024-09-20,2024-09-20 14:00:00+00:00,-1,5749.75,5749.5,5743.5,5754.75,25,20,2024-09-20 14:02:00+00:00,5755.0,stop,-275.0,-278.5,312.5
trend_pullback,ES,volatility+time_of_day,2024-09-23,2024-09-23 13:50:00+00:00,1,5773.25,5773.5,5779.5,5768.25,25,20,2024-09-23 13:52:00+00:00,5768.0,stop,-275.0,-278.5,312.5
trend_pullback,ES,volatility+time_of_day,2024-09-23,2024-09-23 13:57:00+00:00,1,5772.25,5772.5,5778.5,5767.25,25,20,2024-09-23 14:00:00+00:00,5767.0,stop,-275.0,-278.5,312.5
trend_pullback,ES,volatility+time_of_day,2024-09-23,2024-09-23 14:11:00+00:00,1,5776.25,5776.5,5782.5,5771.25,25,20,2024-09-23 14:14:00+00:00,5771.0,stop,-275.0,-278.5,312.5
trend_pullback,ES,volatility+time_of_day,2024-09-24,2024-09-24 14:02:00+00:00,-1,5764.25,5764.0,5758.0,5769.25,25,20,2024-09-24 14:03:00+00:00,5758.0,target,300.0,296.5,312.5
trend_pullback,ES,volatility+time_of_day,2024-09-24,2024-09-24 14:08:00+00:00,-1,5764.5,5764.25,5758.25,5769.5,25,20,2024-09-24 14:10:00+00:00,5769.75,stop,-275.0,-278.5,312.5
trend_pullback,ES,volatility+time_of_day,2024-09-24,2024-09-24 14:22:00+00:00,-1,5761.5,5761.25,5755.25,5766.5,25,20,2024-09-24 14:25:00+00:00,5766.75,stop,-275.0,-278.5,312.5
trend_pullback,ES,volatility+time_of_day,2024-09-26,2024-09-26 14:09:00+00:00,-1,5809.5,5809.25,5803.25,5814.5,25,20,2024-09-26 14:31:00+00:00,5803.25,target,300.0,296.5,312.5
trend_pullback,ES,volatility+time_of_day,2024-09-26,2024-09-26 14:51:00+00:00,-1,5801.0,5800.75,5794.75,5806.0,25,20,2024-09-26 14:55:00+00:00,5794.75,target,300.0,296.5,312.5
trend_pullback,ES,volatility+time_of_day,2024-09-26,2024-09-26 14:57:00+00:00,-1,5792.0,5791.75,5785.75,5797.0,25,20,2024-09-26 15:05:00+00:00,5797.25,stop,-275.0,-278.5,312.5
trend_pullback,ES,volatility+time_of_day,2024-09-27,2024-09-27 14:31:00+00:00,1,5817.5,5817.75,5823.75,5812.5,25,20,2024-09-27 14:34:00+00:00,5812.25,stop,-275.0,-278.5,312.5
trend_pullback,ES,volatility+time_of_day,2024-09-27,2024-09-27 18:33:00+00:00,-1,5788.0,5787.75,5781.75,5793.0,25,20,2024-09-27 18:45:00+00:00,5793.25,stop,-275.0,-278.5,312.5
trend_pullback,ES,volatility+time_of_day,2024-09-30,2024-09-30 14:38:00+00:00,1,5788.0,5788.25,5794.25,5783.0,25,20,2024-09-30 15:30:00+00:00,5794.25,target,300.0,296.5,312.5
trend_pullback,ES,volatility+time_of_day,2024-09-30,2024-09-30 18:17:00+00:00,-1,5775.75,5775.5,5769.5,5780.75,25,20,2024-09-30 18:19:00+00:00,5769.5,target,300.0,296.5,312.5
trend_pullback,ES,volatility+time_of_day,2024-09-30,2024-09-30 18:21:00+00:00,-1,5765.5,5765.25,5759.25,5770.5,25,20,2024-09-30 18:24:00+00:00,5759.25,target,300.0,296.5,312.5
trend_pullback,ES,volatility+time_of_day,2024-10-01,2024-10-01 13:45:00+00:00,-1,5769.75,5769.5,5763.5,5774.75,25,20,2024-10-01 13:48:00+00:00,5763.5,target,300.0,296.5,312.5
trend_pullback,ES,volatility+time_of_day,2024-10-01,2024-10-01 13:50:00+00:00,-1,5764.25,5764.0,5758.0,5769.25,25,20,2024-10-01 13:58:00+00:00,5769.5,stop,-275.0,-278.5,312.5
trend_pullback,ES,volatility+time_of_day,2024-10-01,2024-10-01 14:09:00+00:00,-1,5752.0,5751.75,5745.75,5757.0,25,20,2024-10-01 14:12:00+00:00,5745.75,target,300.0,296.5,312.5
trend_pullback,ES,volatility+time_of_day,2024-10-02,2024-10-02 13:49:00+00:00,1,5744.5,5744.75,5750.75,5739.5,25,20,2024-10-02 14:02:00+00:00,5750.75,target,300.0,296.5,312.5
trend_pullback,ES,volatility+time_of_day,2024-10-02,2024-10-02 14:03:00+00:00,1,5753.0,5753.25,5759.25,5748.0,25,20,2024-10-02 14:05:00+00:00,5747.75,stop,-275.0,-278.5,312.5
trend_pullback,ES,volatility+time_of_day,2024-10-02,2024-10-02 14:11:00+00:00,1,5752.75,5753.0,5759.0,5747.75,25,20,2024-10-02 14:20:00+00:00,5759.0,target,300.0,296.5,312.5
trend_pullback,ES,volatility+time_of_day,2024-10-03,2024-10-03 13:45:00+00:00,-1,5742.75,5742.5,5736.5,5747.75,25,20,2024-10-03 13:55:00+00:00,5748.0,stop,-275.0,-278.5,312.5
trend_pullback,ES,volatility+time_of_day,2024-10-03,2024-10-03 13:57:00+00:00,1,5750.25,5750.5,5756.5,5745.25,25,20,2024-10-03 14:00:00+00:00,5756.5,target,300.0,296.5,312.5
trend_pullback,ES,volatility+time_of_day,2024-10-03,2024-10-03 14:01:00+00:00,1,5757.5,5757.75,5763.75,5752.5,25,20,2024-10-03 14:02:00+00:00,5763.75,target,300.0,296.5,312.5
trend_pullback,ES,volatility+time_of_day,2024-10-04,2024-10-04 13:53:00+00:00,-1,5786.5,5786.25,5780.25,5791.5,25,20,2024-10-04 13:56:00+00:00,5780.25,target,300.0,296.5,312.5
trend_pullback,ES,volatility+time_of_day,2024-10-04,2024-10-04 13:57:00+00:00,-1,5771.5,5771.25,5765.25,5776.5,25,20,2024-10-04 13:59:00+00:00,5776.75,stop,-275.0,-278.5,312.5
trend_pullback,ES,volatility+time_of_day,2024-10-04,2024-10-04 14:00:00+00:00,-1,5771.25,5771.0,5765.0,5776.25,25,20,2024-10-04 14:03:00+00:00,5776.5,stop,-275.0,-278.5,312.5
trend_pullback,ES,volatility+time_of_day,2024-10-07,2024-10-07 13:53:00+00:00,-1,5775.5,5775.25,5769.25,5780.5,25,20,2024-10-07 13:56:00+00:00,5780.75,stop,-275.0,-278.5,312.5
trend_pullback,ES,volatility+time_of_day,2024-10-07,2024-10-07 14:05:00+00:00,1,5784.75,5785.0,5791.0,5779.75,25,20,2024-10-07 14:08:00+00:00,5779.5,stop,-275.0,-278.5,312.5
trend_pullback,ES,volatility+time_of_day,2024-10-07,2024-10-07 14:18:00+00:00,1,5786.75,5787.0,5793.0,5781.75,25,20,2024-10-07 14:28:00+00:00,5781.5,stop,-275.0,-278.5,312.5
trend_pullback,ES,volatility+time_of_day,2024-10-08,2024-10-08 13:55:00+00:00,1,5775.5,5775.75,5781.75,5770.5,25,20,2024-10-08 14:00:00+00:00,5781.75,target,300.0,296.5,312.5
trend_pullback,ES,volatility+time_of_day,2024-10-08,2024-10-08 14:03:00+00:00,1,5781.25,5781.5,5787.5,5776.25,25,20,2024-10-08 14:11:00+00:00,5776.0,stop,-275.0,-278.5,312.5
trend_pullback,ES,volatility+time_of_day,2024-10-08,2024-10-08 14:36:00+00:00,1,5779.75,5780.0,5786.0,5774.75,25,20,2024-10-08 14:42:00+00:00,5786.0,target,300.0,296.5,312.5
trend_pullback,ES,volatility+time_of_day,2024-10-09,2024-10-09 13:47:00+00:00,1,5804.25,5804.5,5810.5,5799.25,25,20,2024-10-09 14:27:00+00:00,5810.5,target,300.0,296.5,312.5
trend_pullback,ES,volatility+time_of_day,2024-10-10,2024-10-10 13:48:00+00:00,-1,5814.0,5813.75,5807.75,5819.0,25,20,2024-10-10 13:51:00+00:00,5819.25,stop,-275.0,-278.5,312.5
trend_pullback,ES,volatility+time_of_day,2024-10-10,2024-10-10 13:56:00+00:00,1,5828.75,5829.0,5835.0,5823.75,25,20,2024-10-10 13:59:00+00:00,5823.5,stop,-275.0,-278.5,312.5
trend_pullback,ES,volatility+time_of_day,2024-10-10,2024-10-10 14:03:00+00:00,1,5826.75,5827.0,5833.0,5821.75,25,20,2024-10-10 14:11:00+00:00,5833.0,target,300.0,296.5,312.5
trend_pullback,ES,volatility+time_of_day,2024-10-11,2024-10-11 13:57:00+00:00,1,5838.5,5838.75,5844.75,5833.5,25,20,2024-10-11 14:06:00+00:00,5844.75,target,300.0,296.5,312.5
trend_pullback,ES,volatility+time_of_day,2024-10-11,2024-10-11 14:07:00+00:00,1,5849.0,5849.25,5855.25,5844.0,25,20,2024-10-11 14:11:00+00:00,5855.25,target,300.0,296.5,312.5
trend_pullback,ES,volatility+time_of_day,2024-10-11,2024-10-11 14:14:00+00:00,1,5855.25,5855.5,5861.5,5850.25,25,20,2024-10-11 14:25:00+00:00,5861.5,target,300.0,296.5,312.5
trend_pullback,ES,volatility+time_of_day,2024-10-14,2024-10-14 13:47:00+00:00,1,5890.25,5890.5,5896.5,5885.25,25,20,2024-10-14 13:50:00+00:00,5896.5,target,300.0,296.5,312.5
trend_pullback,ES,volatility+time_of_day,2024-10-14,2024-10-14 13:54:00+00:00,1,5893.25,5893.5,5899.5,5888.25,25,20,2024-10-14 14:00:00+00:00,5899.5,target,300.0,296.5,312.5
trend_pullback,ES,volatility+time_of_day,2024-10-14,2024-10-14 15:04:00+00:00,-1,5891.25,5891.0,5885.0,5896.25,25,20,2024-10-14 15:11:00+00:00,5896.5,stop,-275.0,-278.5,312.5
trend_pullback,ES,volatility+time_of_day,2024-10-15,2024-10-15 14:31:00+00:00,-1,5894.25,5894.0,5888.0,5899.25,25,20,2024-10-15 14:34:00+00:00,5888.0,target,300.0,296.5,312.5
trend_pullback,ES,volatility+time_of_day,2024-10-15,2024-10-15 14:35:00+00:00,-1,5888.75,5888.5,5882.5,5893.75,25,20,2024-10-15 14:38:00+00:00,5882.5,target,300.0,296.5,312.5
trend_pullback,ES,volatility+time_of_day,2024-10-15,2024-10-15 14:39:00+00:00,-1,5883.25,5883.0,5877.0,5888.25,25,20,2024-10-15 14:48:00+00:00,5888.5,stop,-275.0,-278.5,312.5
trend_pullback,ES,volatility+time_of_day,2024-10-16,2024-10-16 14:14:00+00:00,1,5866.25,5866.5,5872.5,5861.25,25,20,2024-10-16 14:25:00+00:00,5872.5,target,300.0,296.5,312.5
trend_pullback,ES,volatility+time_of_day,2024-10-16,2024-10-16 14:26:00+00:00,1,5872.5,5872.75,5878.75,5867.5,25,20,2024-10-16 14:38:00+00:00,5867.25,stop,-275.0,-278.5,312.5
trend_pullback,ES,volatility+time_of_day,2024-10-16,2024-10-16 14:47:00+00:00,-1,5860.25,5860.0,5854.0,5865.25,25,20,2024-10-16 14:51:00+00:00,5865.5,stop,-275.0,-278.5,312.5
trend_pullback,ES,volatility+time_of_day,2024-10-17,2024-10-17 14:00:00+00:00,-1,5903.5,5903.25,5897.25,5908.5,25,20,2024-10-17 14:01:00+00:00,5897.25,target,300.0,296.5,312.5
trend_pullback,ES,volatility+time_of_day,2024-10-17,2024-10-17 14:04:00+00:00,-1,5895.5,5895.25,5889.25,5900.5,25,20,2024-10-17 14:19:00+00:00,5900.75,stop,-275.0,-278.5,312.5
trend_pullback,ES,volatility+time_of_day,2024-10-17,2024-10-17 14:36:00+00:00,-1,5898.5,5898.25,5892.25,5903.5,25,20,2024-10-17 15:01:00+00:00,5892.25,target,300.0,296.5,312.5
trend_pullback,ES,volatility+time_of_day,2024-10-18,2024-10-18 13:54:00+00:00,-1,5893.0,5892.75,5886.75,5898.0,25,20,2024-10-18 14:07:00+00:00,5898.25,stop,-275.0,-278.5,312.5
trend_pullback,ES,volatility+time_of_day,2024-10-21,2024-10-21 14:28:00+00:00,-1,5899.25,5899.0,5893.0,5904.25,25,20,2024-10-21 14:39:00+00:00,5893.0,target,300.0,296.5,312.5
trend_pullback,ES,volatility+time_of_day,2024-10-21,2024-10-21 14:42:00+00:00,-1,5891.5,5891.25,5885.25,5896.5,25,20,2024-10-21 14:45:00+00:00,5885.25,target,300.0,296.5,312.5
trend_pullback,ES,volatility+time_of_day,2024-10-21,2024-10-21 14:48:00+00:00,-1,5886.25,5886.0,5880.0,5891.25,25,20,2024-10-21 15:02:00+00:00,5880.0,target,300.0,296.5,312.5
trend_pullback,ES,volatility+time_of_day,2024-10-22,2024-10-22 13:49:00+00:00,1,5871.25,5871.5,5877.5,5866.25,25,20,2024-10-22 13:53:00+00:00,5866.0,stop,-275.0,-278.5,312.5
trend_pullback,ES,volatility+time_of_day,2024-10-22,2024-10-22 14:08:00+00:00,1,5878.25,5878.5,5884.5,5873.25,25,20,2024-10-22 14:09:00+00:00,5873.0,stop,-275.0,-278.5,312.5
trend_pullback,ES,volatility+time_of_day,2024-10-22,2024-10-22 14:10:00+00:00,1,5876.0,5876.25,5882.25,5871.0,25,20,2024-10-22 14:22:00+00:00,5870.75,stop,-275.0,-278.5,312.5
trend_pullback,ES,volatility+time_of_day,2024-10-23,2024-10-23 14:24:00+00:00,-1,5860.0,5859.75,5853.75,5865.0,25,20,2024-10-23 14:28:00+00:00,5865.25,stop,-275.0,-278.5,312.5
trend_pullback,ES,volatility+time_of_day,2024-10-23,2024-10-23 14:39:00+00:00,1,5869.75,5870.0,5876.0,5864.75,25,20,2024-10-23 14:52:00+00:00,5864.5,stop,-275.0,-278.5,312.5
trend_pullback,ES,volatility+time_of_day,2024-10-23,2024-10-23 14:55:00+00:00,-1,5862.25,5862.0,5856.0,5867.25,25,20,2024-10-23 15:11:00+00:00,5856.0,target,300.0,296.5,312.5
trend_pullback,ES,volatility+time_of_day,2024-10-24,2024-10-24 13:49:00+00:00,-1,5844.75,5844.5,5838.5,5849.75,25,20,2024-10-24 13:54:00+00:00,5850.0,stop,-275.0,-278.5,312.5
trend_pullback,ES,volatility+time_of_day,2024-10-24,2024-10-24 14:02:00+00:00,1,5854.25,5854.5,5860.5,5849.25,25,20,2024-10-24 14:05:00+00:00,5849.0,stop,-275.0,-278.5,312.5
trend_pullback,ES,volatility+time_of_day,2024-10-24,2024-10-24 14:42:00+00:00,1,5853.25,5853.5,5859.5,5848.25,25,20,2024-10-24 14:45:00+00:00,5848.0,stop,-275.0,-278.5,312.5
trend_pullback,ES,volatility+time_of_day,2024-10-25,2024-10-25 13:48:00+00:00,1,5885.75,5886.0,5892.0,5880.75,25,20,2024-10-25 14:00:00+00:00,5892.0,target,300.0,296.5,312.5
trend_pullback,ES,volatility+time_of_day,2024-10-25,2024-10-25 14:01:00+00:00,1,5893.75,5894.0,5900.0,5888.75,25,20,2024-10-25 14:23:00+00:00,5900.0,target,300.0,296.5,312.5
trend_pullback,ES,volatility+time_of_day,2024-10-25,2024-10-25 15:28:00+00:00,-1,5880.0,5879.75,5873.75,5885.0,25,20,2024-10-25 15:40:00+00:00,5873.75,target,300.0,296.5,312.5
trend_pullback,ES,volatility+time_of_day,2024-10-28,2024-10-28 15:02:00+00:00,-1,5869.25,5869.0,5863.0,5874.25,25,20,2024-10-28 15:13:00+00:00,5874.5,stop,-275.0,-278.5,312.5
trend_pullback,ES,volatility+time_of_day,2024-10-28,2024-10-28 15:15:00+00:00,1,5874.25,5874.5,5880.5,5869.25,25,20,2024-10-28 15:20:00+00:00,5869.0,stop,-275.0,-278.5,312.5
trend_pullback,ES,volatility+time_of_day,2024-10-29,2024-10-29 13:52:00+00:00,1,5847.0,5847.25,5853.25,5842.0,25,20,2024-10-29 13:55:00+00:00,5853.25,target,300.0,296.5,312.5
trend_pullback,ES,volatility+time_of_day,2024-10-29,2024-10-29 14:01:00+00:00,1,5854.25,5854.5,5860.5,5849.25,25,20,2024-10-29 14:04:00+00:00,5860.5,target,300.0,296.5,312.5
trend_pullback,ES,volatility+time_of_day,2024-10-29,2024-10-29 14:05:00+00:00,1,5859.0,5859.25,5865.25,5854.0,25,20,2024-10-29 14:23:00+00:00,5865.25,target,300.0,296.5,312.5
trend_pullback,ES,volatility+time_of_day,2024-10-30,2024-10-30 13:57:00+00:00,1,5870.75,5871.0,5877.0,5865.75,25,20,2024-10-30 14:04:00+00:00,5877.0,target,300.0,296.5,312.5
trend_pullback,ES,volatility+time_of_day,2024-10-30,2024-10-30 14:07:00+00:00,1,5876.0,5876.25,5882.25,5871.0,25,20,2024-10-30 14:16:00+00:00,5882.25,target,300.0,296.5,312.5
trend_pullback,ES,volatility+time_of_day,2024-10-30,2024-10-30 17:33:00+00:00,-1,5864.25,5864.0,5858.0,5869.25,25,20,2024-10-30 17:40:00+00:00,5858.0,target,300.0,296.5,312.5
trend_pullback,ES,volatility+time_of_day,2024-10-31,2024-10-31 13:50:00+00:00,-1,5783.25,5783.0,5777.0,5788.25,25,20,2024-10-31 13:56:00+00:00,5788.5,stop,-275.0,-278.5,312.5
trend_pullback,ES,volatility+time_of_day,2024-10-31,2024-10-31 13:57:00+00:00,-1,5787.75,5787.5,5781.5,5792.75,25,20,2024-10-31 14:05:00+00:00,5781.5,target,300.0,296.5,312.5
trend_pullback,ES,volatility+time_of_day,2024-10-31,2024-10-31 14:08:00+00:00,-1,5781.5,5781.25,5775.25,5786.5,25,20,2024-10-31 14:11:00+00:00,5775.25,target,300.0,296.5,312.5
trend_pullback,ES,volatility+time_of_day,2024-11-01,2024-11-01 13:45:00+00:00,1,5776.0,5776.25,5782.25,5771.0,25,20,2024-11-01 14:00:00+00:00,5782.25,target,300.0,296.5,312.5
trend_pullback,ES,volatility+time_of_day,2024-11-01,2024-11-01 14:09:00+00:00,1,5785.5,5785.75,5791.75,5780.5,25,20,2024-11-01 14:12:00+00:00,5791.75,target,300.0,296.5,312.5
trend_pullback,ES,volatility+time_of_day,2024-11-01,2024-11-01 14:15:00+00:00,1,5793.75,5794.0,5800.0,5788.75,25,20,2024-11-01 14:29:00+00:00,5800.0,target,300.0,296.5,312.5
trend_pullback,ES,volatility+time_of_day,2024-11-04,2024-11-04 14:47:00+00:00,1,5760.0,5760.25,5766.25,5755.0,25,20,2024-11-04 14:50:00+00:00,5754.75,stop,-275.0,-278.5,312.5
trend_pullback,ES,volatility+time_of_day,2024-11-04,2024-11-04 14:51:00+00:00,1,5753.5,5753.75,5759.75,5748.5,25,20,2024-11-04 14:58:00+00:00,5759.75,target,300.0,296.5,312.5
trend_pullback,ES,volatility+time_of_day,2024-11-04,2024-11-04 15:04:00+00:00,1,5760.75,5761.0,5767.0,5755.75,25,20,2024-11-04 15:24:00+00:00,5767.0,target,300.0,296.5,312.5
trend_pullback,ES,volatility+time_of_day,2024-11-05,2024-11-05 14:49:00+00:00,1,5774.0,5774.25,5780.25,5769.0,25,20,2024-11-05 14:54:00+00:00,5780.25,target,300.0,296.5,312.5
trend_pullback,ES,volatility+time_of_day,2024-11-05,2024-11-05 14:55:00+00:00,1,5783.75,5784.0,5790.0,5778.75,25,20,2024-11-05 15:00:00+00:00,5790.0,target,300.0,296.5,312.5
trend_pullback,ES,volatility+time_of_day,2024-11-05,2024-11-05 15:01:00+00:00,1,5789.75,5790.0,5796.0,5784.75,25,20,2024-11-05 15:11:00+00:00,5784.5,stop,-275.0,-278.5,312.5
trend_pullback,ES,volatility+time_of_day,2024-11-06,2024-11-06 14:45:00+00:00,-1,5925.25,5925.0,5919.0,5930.25,25,20,2024-11-06 14:46:00+00:00,5919.0,target,300.0,296.5,312.5
trend_pullback,ES,volatility+time_of_day,2024-11-06,2024-11-06 14:47:00+00:00,-1,5913.75,5913.5,5907.5,5918.75,25,20,2024-11-06 14:50:00+00:00,5907.5,target,300.0,296.5,312.5
trend_pullback,ES,volatility+time_of_day,2024-11-06,2024-11-06 14:51:00+00:00,-1,5909.0,5908.75,5902.75,5914.0,25,20,2024-11-06 14:58:00+00:00,5902.75,target,300.0,296.5,312.5
trend_pullback,ES,volatility+time_of_day,2024-11-07,2024-11-07 19:54:00+00:00,1,5997.0,5997.25,6003.25,5992.0,25,20,2024-11-07 19:58:00+00:00,6003.25,target,300.0,296.5,312.5
trend_pullback,ES,volatility+time_of_day,2024-11-07,2024-11-07 20:02:00+00:00,1,6005.25,6005.5,6011.5,6000.25,25,20,2024-11-07 20:17:00+00:00,6011.5,target,300.0,296.5,312.5
trend_pullback,ES,volatility+time_of_day,2024-11-07,2024-11-07 20:20:00+00:00,1,6012.0,6012.25,6018.25,6007.0,25,20,2024-11-07 20:22:00+00:00,6006.75,stop,-275.0,-278.5,312.5
trend_pullback,ES,volatility+time_of_day,2024-11-08,2024-11-08 14:50:00+00:00,1,6013.0,6013.25,6019.25,6008.0,25,20,2024-11-08 15:32:00+00:00,6019.25,target,300.0,296.5,312.5
trend_pullback,ES,volatility+time_of_day,2024-11-11,2024-11-11 14:45:00+00:00,-1,6035.0,6034.75,6028.75,6040.0,25,20,2024-11-11 15:38:00+00:00,6040.25,stop,-275.0,-278.5,312.5
trend_pullback,ES,volatility+time_of_day,2024-11-12,2024-11-12 15:12:00+00:00,-1,6028.5,6028.25,6022.25,6033.5,25,20,2024-11-12 15:22:00+00:00,6022.25,target,300.0,296.5,312.5
trend_pullback,ES,volatility+time_of_day,2024-11-12,2024-11-12 15:49:00+00:00,-1,6020.75,6020.5,6014.5,6025.75,25,20,2024-11-12 16:13:00+00:00,6014.5,target,300.0,296.5,312.5
trend_pullback,ES,volatility+time_of_day,2024-11-12,2024-11-12 19:00:00+00:00,1,6018.25,6018.5,6024.5,6013.25,25,20,2024-11-12 19:24:00+00:00,6024.5,target,300.0,296.5,312.5
trend_pullback,ES,volatility+time_of_day,2024-11-13,2024-11-13 14:55:00+00:00,-1,6009.25,6009.0,6003.0,6014.25,25,20,2024-11-13 14:59:00+00:00,6014.5,stop,-275.0,-278.5,312.5
trend_pullback,ES,volatility+time_of_day,2024-11-13,2024-11-13 15:11:00+00:00,-1,6006.0,6005.75,5999.75,6011.0,25,20,2024-11-13 15:32:00+00:00,6011.25,stop,-275.0,-278.5,312.5
trend_pullback,ES,volatility+time_of_day,2024-11-13,2024-11-13 15:52:00+00:00,1,6010.5,6010.75,6016.75,6005.5,25,20,2024-11-13 16:09:00+00:00,6016.75,target,300.0,296.5,312.5
trend_pullback,ES,volatility+time_of_day,2024-11-14,2024-11-14 14:46:00+00:00,-1,6002.25,6002.0,5996.0,6007.25,25,20,2024-11-14 14:50:00+00:00,6007.5,stop,-275.0,-278.5,312.5
trend_pullback,ES,volatility+time_of_day,2024-11-14,2024-11-14 15:02:00+00:00,-1,6003.25,6003.0,5997.0,6008.25,25,20,2024-11-14 15:18:00+00:00,5997.0,target,300.0,296.5,312.5
trend_pullback,ES,volatility+time_of_day,2024-11-14,2024-11-14 16:01:00+00:00,-1,6004.75,6004.5,5998.5,6009.75,25,20,2024-11-14 16:42:00+00:00,6010.0,stop,-275.0,-278.5,312.5
trend_pullback,ES,volatility+time_of_day,2024-11-15,2024-11-15 14:49:00+00:00,1,5940.0,5940.25,5946.25,5935.0,25,20,2024-11-15 14:50:00+00:00,5934.75,stop,-275.0,-278.5,312.5
trend_pullback,ES,volatility+time_of_day,2024-11-15,2024-11-15 14:57:00+00:00,-1,5928.25,5928.0,5922.0,5933.25,25,20,2024-11-15 15:01:00+00:00,5922.0,target,300.0,296.5,312.5
trend_pullback,ES,volatility+time_of_day,2024-11-15,2024-11-15 15:02:00+00:00,-1,5920.75,5920.5,5914.5,5925.75,25,20,2024-11-15 15:08:00+00:00,5914.5,target,300.0,296.5,312.5
trend_pullback,ES,volatility+time_of_day,2024-11-18,2024-11-18 14:51:00+00:00,-1,5893.0,5892.75,5886.75,5898.0,25,20,2024-11-18 15:02:00+00:00,5898.25,stop,-275.0,-278.5,312.5
trend_pullback,ES,volatility+time_of_day,2024-11-18,2024-11-18 15:08:00+00:00,1,5905.25,5905.5,5911.5,5900.25,25,20,2024-11-18 15:29:00+00:00,5911.5,target,300.0,296.5,312.5
trend_pullback,ES,volatility+time_of_day,2024-11-18,2024-11-18 15:31:00+00:00,1,5914.5,5914.75,5920.75,5909.5,25,20,2024-11-18 15:46:00+00:00,5920.75,target,300.0,296.5,312.5
trend_pullback,ES,volatility+time_of_day,2024-11-19,2024-11-19 14:56:00+00:00,-1,5885.0,5884.75,5878.75,5890.0,25,20,2024-11-19 14:58:00+00:00,5890.25,stop,-275.0,-278.5,312.5
trend_pullback,ES,volatility+time_of_day,2024-11-19,2024-11-19 15:12:00+00:00,1,5890.0,5890.25,5896.25,5885.0,25,20,2024-11-19 15:15:00+00:00,5884.75,stop,-275.0,-278.5,312.5
trend_pullback,ES,volatility+time_of_day,2024-11-19,2024-11-19 15:31:00+00:00,1,5903.75,5904.0,5910.0,5898.75,25,20,2024-11-19 15:37:00+00:00,5910.0,target,300.0,296.5,312.5
trend_pullback,ES,volatility+time_of_day,2024-11-20,2024-11-20 14:45:00+00:00,-1,5915.0,5914.75,5908.75,5920.0,25,20,2024-11-20 14:46:00+00:00,5920.25,stop,-275.0,-278.5,312.5
trend_pullback,ES,volatility+time_of_day,2024-11-20,2024-11-20 14:50:00+00:00,-1,5914.0,5913.75,5907.75,5919.0,25,20,2024-11-20 14:52:00+00:00,5919.25,stop,-275.0,-278.5,312.5
trend_pullback,ES,volatility+time_of_day,2024-11-20,2024-11-20 14:58:00+00:00,-1,5910.5,5910.25,5904.25,5915.5,25,20,2024-11-20 15:01:00+00:00,5915.75,stop,-275.0,-278.5,312.5
trend_pullback,ES,volatility+time_of_day,2024-11-21,2024-11-21 14:49:00+00:00,1,5946.5,5946.75,5952.75,5941.5,25,20,2024-11-21 14:52:00+00:00,5941.25,stop,-275.0,-278.5,312.5
trend_pullback,ES,volatility+time_of_day,2024-11-21,2024-11-21 14:59:00+00:00,-1,5930.75,5930.5,5924.5,5935.75,25,20,2024-11-21 15:01:00+00:00,5924.5,target,300.0,296.5,312.5
trend_pullback,ES,volatility+time_of_day,2024-11-21,2024-11-21 15:02:00+00:00,-1,5922.5,5922.25,5916.25,5927.5,25,20,2024-11-21 15:03:00+00:00,5927.75,stop,-275.0,-278.5,312.5
trend_pullback,ES,volatility+time_of_day,2024-11-22,2024-11-22 14:45:00+00:00,1,5990.25,5990.5,5996.5,5985.25,25,20,2024-11-22 14:50:00+00:00,5985.0,stop,-275.0,-278.5,312.5
trend_pullback,ES,volatility+time_of_day,2024-11-22,2024-11-22 15:09:00+00:00,-1,5976.75,5976.5,5970.5,5981.75,25,20,2024-11-22 15:10:00+00:00,5970.5,target,300.0,296.5,312.5
trend_pullback,ES,volatility+time_of_day,2024-11-22,2024-11-22 15:11:00+00:00,-1,5973.25,5973.0,5967.0,5978.25,25,20,2024-11-22 15:13:00+00:00,5978.5,stop,-275.0,-278.5,312.5
trend_pullback,ES,volatility+time_of_day,2024-11-25,2024-11-25 14:45:00+00:00,1,6038.5,6038.75,6044.75,6033.5,25,20,2024-11-25 14:47:00+00:00,6033.25,stop,-275.0,-278.5,312.5
trend_pullback,ES,volatility+time_of_day,2024-11-25,2024-11-25 14:50:00+00:00,-1,6029.75,6029.5,6023.5,6034.75,25,20,2024-11-25 14:51:00+00:00,6023.5,target,300.0,296.5,312.5
trend_pullback,ES,volatility+time_of_day,2024-11-25,2024-11-25 14:53:00+00:00,-1,6019.75,6019.5,6013.5,6024.75,25,20,2024-11-25 14:56:00+00:00,6025.0,stop,-275.0,-278.5,312.5
trend_pullback,ES,volatility+time_of_day,2024-11-26,2024-11-26 15:03:00+00:00,-1,6019.75,6019.5,6013.5,6024.75,25,20,2024-11-26 15:10:00+00:00,6013.5,target,300.0,296.5,312.5
trend_pullback,ES,volatility+time_of_day,2024-11-26,2024-11-26 15:26:00+00:00,-1,6012.0,6011.75,6005.75,6017.0,25,20,2024-11-26 15:28:00+00:00,6017.25,stop,-275.0,-278.5,312.5
trend_pullback,ES,volatility+time_of_day,2024-11-26,2024-11-26 15:49:00+00:00,1,6021.0,6021.25,6027.25,6016.0,25,20,2024-11-26 16:30:00+00:00,6027.25,target,300.0,296.5,312.5
trend_pullback,ES,volatility+time_of_day,2024-11-27,2024-11-27 15:22:00+00:00,-1,6024.5,6024.25,6018.25,6029.5,25,20,2024-11-27 15:36:00+00:00,6018.25,target,300.0,296.5,312.5
trend_pullback,ES,volatility+time_of_day,2024-11-27,2024-11-27 15:39:00+00:00,-1,6015.0,6014.75,6008.75,6020.0,25,20,2024-11-27 15:41:00+00:00,6020.25,stop,-275.0,-278.5,312.5
trend_pullback,ES,volatility+time_of_day,2024-11-27,2024-11-27 15:55:00+00:00,-1,6017.25,6017.0,6011.0,6022.25,25,20,2024-11-27 16:01:00+00:00,6011.0,target,300.0,296.5,312.5
trend_pullback,ES,volatility+time_of_day,2024-12-02,2024-12-02 16:01:00+00:00,-1,6051.75,6051.5,6045.5,6056.75,25,20,2024-12-02 16:09:00+00:00,6057.0,stop,-275.0,-278.5,312.5
trend_pullback,ES,volatility+time_of_day,2024-12-03,2024-12-03 15:21:00+00:00,-1,6051.75,6051.5,6045.5,6056.75,25,20,2024-12-03 16:01:00+00:00,6057.0,stop,-275.0,-278.5,312.5
trend_pullback,ES,volatility+time_of_day,2024-12-03,2024-12-03 16:03:00+00:00,1,6055.25,6055.5,6061.5,6050.25,25,20,2024-12-03 16:40:00+00:00,6050.0,stop,-275.0,-278.5,312.5
trend_pullback,ES,volatility+time_of_day,2024-12-04,2024-12-04 15:17:00+00:00,-1,6074.5,6074.25,6068.25,6079.5,25,20,2024-12-04 15:20:00+00:00,6079.75,stop,-275.0,-278.5,312.5
trend_pullback,ES,volatility+time_of_day,2024-12-05,2024-12-05 18:30:00+00:00,-1,6093.5,6093.25,6087.25,6098.5,25,20,2024-12-05 18:34:00+00:00,6098.75,stop,-275.0,-278.5,312.5
trend_pullback,ES,volatility+time_of_day,2024-12-06,2024-12-06 14:51:00+00:00,1,6109.25,6109.5,6115.5,6104.25,25,20,2024-12-06 15:05:00+00:00,6104.0,stop,-275.0,-278.5,312.5
trend_pullback,ES,volatility+time_of_day,2024-12-06,2024-12-06 16:17:00+00:00,-1,6100.0,6099.75,6093.75,6105.0,25,20,2024-12-06 17:04:00+00:00,6093.75,target,300.0,296.5,312.5
trend_pullback,ES,volatility+time_of_day,2024-12-09,2024-12-09 15:34:00+00:00,-1,6081.5,6081.25,6075.25,6086.5,25,20,2024-12-09 15:46:00+00:00,6075.25,target,300.0,296.5,312.5
trend_pullback,ES,volatility+time_of_day,2024-12-09,2024-12-09 15:52:00+00:00,-1,6071.5,6071.25,6065.25,6076.5,25,20,2024-12-09 16:10:00+00:00,6065.25,target,300.0,296.5,312.5
trend_pullback,ES,volatility+time_of_day,2024-12-09,2024-12-09 16:11:00+00:00,-1,6066.0,6065.75,6059.75,6071.0,25,20,2024-12-09 16:13:00+00:00,6071.25,stop,-275.0,-278.5,312.5
trend_pullback,ES,volatility+time_of_day,2024-12-10,2024-12-10 14:57:00+00:00,-1,6062.5,6062.25,6056.25,6067.5,25,20,2024-12-10 14:59:00+00:00,6067.75,stop,-275.0,-278.5,312.5
trend_pullback,ES,volatility+time_of_day,2024-12-10,2024-12-10 15:04:00+00:00,1,6069.75,6070.0,6076.0,6064.75,25,20,2024-12-10 16:08:00+00:00,6064.5,stop,-275.0,-278.5,312.5
trend_pullback,ES,volatility+time_of_day,2024-12-10,2024-12-10 16:15:00+00:00,-1,6066.0,6065.75,6059.75,6071.0,25,20,2024-12-10 18:10:00+00:00,6059.75,target,300.0,296.5,312.5
trend_pullback,ES,volatility+time_of_day,2024-12-11,2024-12-11 14:50:00+00:00,1,6081.75,6082.0,6088.0,6076.75,25,20,2024-12-11 15:10:00+00:00,6088.0,target,300.0,296.5,312.5
trend_pullback,ES,volatility+time_of_day,2024-12-11,2024-12-11 15:12:00+00:00,1,6088.25,6088.5,6094.5,6083.25,25,20,2024-12-11 15:21:00+00:00,6083.0,stop,-275.0,-278.5,312.5
trend_pullback,ES,volatility+time_of_day,2024-12-12,2024-12-12 15:10:00+00:00,-1,6069.25,6069.0,6063.0,6074.25,25,20,2024-12-12 15:19:00+00:00,6074.5,stop,-275.0,-278.5,312.5
trend_pullback,ES,volatility+time_of_day,2024-12-12,2024-12-12 15:29:00+00:00,1,6081.5,6081.75,6087.75,6076.5,25,20,2024-12-12 16:11:00+00:00,6087.75,target,300.0,296.5,312.5
trend_pullback,ES,volatility+time_of_day,2024-12-12,2024-12-12 19:25:00+00:00,-1,6066.75,6066.5,6060.5,6071.75,25,20,2024-12-12 20:57:00+00:00,6060.5,target,300.0,296.5,312.5
trend_pullback,ES,volatility+time_of_day,2024-12-13,2024-12-13 14:59:00+00:00,-1,6075.25,6075.0,6069.0,6080.25,25,20,2024-12-13 15:06:00+00:00,6069.0,target,300.0,296.5,312.5
trend_pullback,ES,volatility+time_of_day,2024-12-13,2024-12-13 15:11:00+00:00,-1,6070.0,6069.75,6063.75,6075.0,25,20,2024-12-13 15:26:00+00:00,6063.75,target,300.0,296.5,312.5
trend_pullback,ES,volatility+time_of_day,2024-12-13,2024-12-13 15:50:00+00:00,-1,6051.25,6051.0,6045.0,6056.25,25,20,2024-12-13 16:03:00+00:00,6045.0,target,300.0,296.5,312.5
trend_pullback,ES,volatility+time_of_day,2024-12-16,2024-12-16 14:59:00+00:00,1,6075.25,6075.5,6081.5,6070.25,25,20,2024-12-16 15:19:00+00:00,6070.0,stop,-275.0,-278.5,312.5
trend_pullback,ES,volatility+time_of_day,2024-12-16,2024-12-16 15:31:00+00:00,1,6078.0,6078.25,6084.25,6073.0,25,20,2024-12-16 17:39:00+00:00,6084.25,target,300.0,296.5,312.5
trend_pullback,ES,volatility+time_of_day,2024-12-17,2024-12-17 14:46:00+00:00,1,6056.0,6056.25,6062.25,6051.0,25,20,2024-12-17 15:01:00+00:00,6050.75,stop,-275.0,-278.5,312.5
trend_pullback,ES,volatility+time_of_day,2024-12-17,2024-12-17 15:03:00+00:00,-1,6050.5,6050.25,6044.25,6055.5,25,20,2024-12-17 15:15:00+00:00,6044.25,target,300.0,296.5,312.5
trend_pullback,ES,volatility+time_of_day,2024-12-17,2024-12-17 15:18:00+00:00,-1,6047.0,6046.75,6040.75,6052.0,25,20,2024-12-17 16:00:00+00:00,6052.25,stop,-275.0,-278.5,312.5
trend_pullback,ES,volatility+time_of_day,2024-12-18,2024-12-18 14:58:00+00:00,1,6128.5,6128.75,6134.75,6123.5,25,20,2024-12-18 15:19:00+00:00,6134.75,target,300.0,296.5,312.5
trend_pullback,ES,volatility+time_of_day,2024-12-18,2024-12-18 19:03:00+00:00,-1,6119.75,6119.5,6113.5,6124.75,25,20,2024-12-18 19:05:00+00:00,6113.5,target,300.0,296.5,312.5
trend_pullback,ES,volatility+time_of_day,2024-12-18,2024-12-18 19:06:00+00:00,-1,6103.0,6102.75,6096.75,6108.0,25,20,2024-12-18 19:07:00+00:00,6096.75,target,300.0,296.5,312.5
trend_pullback,ES,volatility+time_of_day,2024-12-19,2024-12-19 14:45:00+00:00,-1,5984.0,5983.75,5977.75,5989.0,25,20,2024-12-19 14:46:00+00:00,5989.25,stop,-275.0,-278.5,312.5
trend_pullback,ES,volatility+time_of_day,2024-12-19,2024-12-19 14:50:00+00:00,-1,5982.0,5981.75,5975.75,5987.0,25,20,2024-12-19 14:54:00+00:00,5975.75,target,300.0,296.5,312.5
trend_pullback,ES,volatility+time_of_day,2024-12-19,2024-12-19 14:56:00+00:00,-1,5976.5,5976.25,5970.25,5981.5,25,20,2024-12-19 15:00:00+00:00,5981.75,stop,-275.0,-278.5,312.5
trend_pullback,ES,volatility+time_of_day,2024-12-20,2024-12-20 14:45:00+00:00,1,5918.75,5919.0,5925.0,5913.75,25,20,2024-12-20 14:46:00+00:00,5913.5,stop,-275.0,-278.5,312.5
trend_pullback,ES,volatility+time_of_day,2024-12-20,2024-12-20 14:50:00+00:00,-1,5901.5,5901.25,5895.25,5906.5,25,20,2024-12-20 14:51:00+00:00,5906.75,stop,-275.0,-278.5,312.5
trend_pullback,ES,volatility+time_of_day,2024-12-20,2024-12-20 15:06:00+00:00,1,5929.0,5929.25,5935.25,5924.0,25,20,2024-12-20 15:07:00+00:00,5923.75,stop,-275.0,-278.5,312.5
trend_pullback,ES,volatility+time_of_day,2024-12-23,2024-12-23 14:46:00+00:00,-1,5990.25,5990.0,5984.0,5995.25,25,20,2024-12-23 14:50:00+00:00,5984.0,target,300.0,296.5,312.5
trend_pullback,ES,volatility+time_of_day,2024-12-23,2024-12-23 14:52:00+00:00,-1,5983.75,5983.5,5977.5,5988.75,25,20,2024-12-23 14:54:00+00:00,5989.0,stop,-275.0,-278.5,312.5
trend_pullback,ES,volatility+time_of_day,2024-12-23,2024-12-23 15:06:00+00:00,-1,5979.0,5978.75,5972.75,5984.0,25,20,2024-12-23 15:07:00+00:00,5984.25,stop,-275.0,-278.5,312.5
trend_pullback,ES,volatility+time_of_day,2024-12-24,2024-12-24 14:45:00+00:00,1,6056.25,6056.5,6062.5,6051.25,25,20,2024-12-24 15:01:00+00:00,6062.5,target,300.0,296.5,312.5
trend_pullback,ES,volatility+time_of_day,2024-12-24,2024-12-24 15:07:00+00:00,1,6067.25,6067.5,6073.5,6062.25,25,20,2024-12-24 15:09:00+00:00,6062.0,stop,-275.0,-278.5,312.5
trend_pullback,ES,volatility+time_of_day,2024-12-24,2024-12-24 15:11:00+00:00,1,6065.75,6066.0,6072.0,6060.75,25,20,2024-12-24 15:32:00+00:00,6072.0,target,300.0,296.5,312.5
trend_pullback,ES,volatility+time_of_day,2024-12-26,2024-12-26 14:58:00+00:00,-1,6076.75,6076.5,6070.5,6081.75,25,20,2024-12-26 14:59:00+00:00,6082.0,stop,-275.0,-278.5,312.5
trend_pullback,ES,volatility+time_of_day,2024-12-26,2024-12-26 15:02:00+00:00,1,6084.0,6084.25,6090.25,6079.0,25,20,2024-12-26 15:09:00+00:00,6078.75,stop,-275.0,-278.5,312.5
trend_pullback,ES,volatility+time_of_day,2024-12-26,2024-12-26 15:16:00+00:00,-1,6078.0,6077.75,6071.75,6083.0,25,20,2024-12-26 15:22:00+00:00,6083.25,stop,-275.0,-278.5,312.5
trend_pullback,ES,volatility+time_of_day,2024-12-27,2024-12-27 14:48:00+00:00,1,6052.25,6052.5,6058.5,6047.25,25,20,2024-12-27 14:50:00+00:00,6047.0,stop,-275.0,-278.5,312.5
trend_pullback,ES,volatility+time_of_day,2024-12-27,2024-12-27 14:59:00+00:00,-1,6045.0,6044.75,6038.75,6050.0,25,20,2024-12-27 15:00:00+00:00,6038.75,target,300.0,296.5,312.5
trend_pullback,ES,volatility+time_of_day,2024-12-27,2024-12-27 15:03:00+00:00,-1,6029.25,6029.0,6023.0,6034.25,25,20,2024-12-27 15:05:00+00:00,6023.0,target,300.0,296.5,312.5
trend_pullback,ES,volatility+time_of_day,2024-12-30,2024-12-30 14:45:00+00:00,-1,5934.75,5934.5,5928.5,5939.75,25,20,2024-12-30 14:50:00+00:00,5940.0,stop,-275.0,-278.5,312.5
trend_pullback,ES,volatility+time_of_day,2024-12-30,2024-12-30 14:59:00+00:00,-1,5927.25,5927.0,5921.0,5932.25,25,20,2024-12-30 15:02:00+00:00,5932.5,stop,-275.0,-278.5,312.5
trend_pullback,ES,volatility+time_of_day,2024-12-30,2024-12-30 15:03:00+00:00,-1,5924.25,5924.0,5918.0,5929.25,25,20,2024-12-30 15:04:00+00:00,5929.5,stop,-275.0,-278.5,312.5
trend_pullback,ES,volatility+time_of_day,2024-12-31,2024-12-31 15:09:00+00:00,-1,5957.25,5957.0,5951.0,5962.25,25,20,2024-12-31 15:10:00+00:00,5962.5,stop,-275.0,-278.5,312.5
trend_pullback,ES,volatility+time_of_day,2024-12-31,2024-12-31 15:11:00+00:00,-1,5956.25,5956.0,5950.0,5961.25,25,20,2024-12-31 15:13:00+00:00,5961.5,stop,-275.0,-278.5,312.5
trend_pullback,ES,volatility+time_of_day,2024-12-31,2024-12-31 15:15:00+00:00,-1,5963.75,5963.5,5957.5,5968.75,25,20,2024-12-31 15:16:00+00:00,5969.0,stop,-275.0,-278.5,312.5
trend_pullback,ES,volatility+time_of_day,2025-01-02,2025-01-02 14:48:00+00:00,1,5950.75,5951.0,5957.0,5945.75,25,20,2025-01-02 14:49:00+00:00,5957.0,target,300.0,296.5,312.5
trend_pullback,ES,volatility+time_of_day,2025-01-02,2025-01-02 14:51:00+00:00,1,5957.5,5957.75,5963.75,5952.5,25,20,2025-01-02 14:53:00+00:00,5963.75,target,300.0,296.5,312.5
trend_pullback,ES,volatility+time_of_day,2025-01-02,2025-01-02 14:54:00+00:00,1,5972.75,5973.0,5979.0,5967.75,25,20,2025-01-02 15:00:00+00:00,5979.0,target,300.0,296.5,312.5
trend_pullback,ES,volatility+time_of_day,2025-01-03,2025-01-03 14:51:00+00:00,-1,5940.5,5940.25,5934.25,5945.5,25,20,2025-01-03 14:52:00+00:00,5945.75,stop,-275.0,-278.5,312.5
trend_pullback,ES,volatility+time_of_day,2025-01-03,2025-01-03 14:54:00+00:00,-1,5947.25,5947.0,5941.0,5952.25,25,20,2025-01-03 15:00:00+00:00,5952.5,stop,-275.0,-278.5,312.5
trend_pullback,ES,volatility+time_of_day,2025-01-03,2025-01-03 15:04:00+00:00,1,5961.25,5961.5,5967.5,5956.25,25,20,2025-01-03 15:07:00+00:00,5956.0,stop,-275.0,-278.5,312.5
trend_pullback,ES,volatility+time_of_day,2025-01-06,2025-01-06 14:45:00+00:00,1,6047.25,6047.5,6053.5,6042.25,25,20,2025-01-06 15:02:00+00:00,6053.5,target,300.0,296.5,312.5
trend_pullback,ES,volatility+time_of_day,2025-01-06,2025-01-06 15:04:00+00:00,1,6053.5,6053.75,6059.75,6048.5,25,20,2025-01-06 15:10:00+00:00,6048.25,stop,-275.0,-278.5,312.5
trend_pullback,ES,volatility+time_of_day,2025-01-06,2025-01-06 15:22:00+00:00,1,6057.5,6057.75,6063.75,6052.5,25,20,2025-01-06 15:35:00+00:00,6052.25,stop,-275.0,-278.5,312.5
trend_pullback,ES,volatility+time_of_day,2025-01-07,2025-01-07 14:57:00+00:00,-1,6032.5,6032.25,6026.25,6037.5,25,20,2025-01-07 15:00:00+00:00,6026.25,target,300.0,296.5,312.5
trend_pullback,ES,volatility+time_of_day,2025-01-07,2025-01-07 15:04:00+00:00,-1,6005.25,6005.0,5999.0,6010.25,25,20,2025-01-07 15:08:00+00:00,5999.0,target,300.0,296.5,312.5
trend_pullback,ES,volatility+time_of_day,2025-01-07,2025-01-07 15:09:00+00:00,-1,5997.75,5997.5,5991.5,6002.75,25,20,2025-01-07 15:12:00+00:00,6003.0,stop,-275.0,-278.5,312.5
trend_pullback,ES,volatility+time_of_day,2025-01-08,2025-01-08 14:46:00+00:00,-1,5938.25,5938.0,5932.0,5943.25,25,20,2025-01-08 14:47:00+00:00,5943.5,stop,-275.0,-278.5,312.5
trend_pullback,ES,volatility+time_of_day,2025-01-08,2025-01-08 14:48:00+00:00,-1,5942.25,5942.0,5936.0,5947.25,25,20,2025-01-08 14:49:00+00:00,5947.5,stop,-275.0,-278.5,312.5
trend_pullback,ES,volatility+time_of_day,2025-01-08,2025-01-08 14:51:00+00:00,1,5950.5,5950.75,5956.75,5945.5,25,20,2025-01-08 14:52:00+00:00,5945.25,stop,-275.0,-278.5,312.5
trend_pullback,ES,volatility+time_of_day,2025-01-10,2025-01-10 14:52:00+00:00,-1,5887.75,5887.5,5881.5,5892.75,25,20,2025-01-10 14:57:00+00:00,5893.0,stop,-275.0,-278.5,312.5
trend_pullback,ES,volatility+time_of_day,2025-01-10,2025-01-10 14:58:00+00:00,-1,5889.75,5889.5,5883.5,5894.75,25,20,2025-01-10 15:00:00+00:00,5883.5,target,300.0,296.5,312.5
trend_pullback,ES,volatility+time_of_day,2025-01-10,2025-01-10 15:01:00+00:00,-1,5868.75,5868.5,5862.5,5873.75,25,20,2025-01-10 15:03:00+00:00,5862.5,target,300.0,296.5,312.5
trend_pullback,ES,volatility+time_of_day,2025-01-13,2025-01-13 14:48:00+00:00,1,5825.0,5825.25,5831.25,5820.0,25,20,2025-01-13 14:53:00+00:00,5831.25,target,300.0,296.5,312.5
trend_pullback,ES,volatility+time_of_day,2025-01-13,2025-01-13 14:55:00+00:00,1,5836.75,5837.0,5843.0,5831.75,25,20,2025-01-13 15:01:00+00:00,5831.5,stop,-275.0,-278.5,312.5
trend_pullback,ES,volatility+time_of_day,2025-01-13,2025-01-13 15:02:00+00:00,1,5833.75,5834.0,5840.0,5828.75,25,20,2025-01-13 15:06:00+00:00,5840.0,target,300.0,296.5,312.5
trend_pullback,ES,volatility+time_of_day,2025-01-14,2025-01-14 14:50:00+00:00,-1,5895.25,5895.0,5889.0,5900.25,25,20,2025-01-14 14:53:00+00:00,5889.0,target,300.0,296.5,312.5
trend_pullback,ES,volatility+time_of_day,2025-01-14,2025-01-14 14:56:00+00:00,-1,5888.75,5888.5,5882.5,5893.75,25,20,2025-01-14 14:58:00+00:00,5882.5,target,300.0,296.5,312.5
trend_pullback,ES,volatility+time_of_day,2025-01-14,2025-01-14 15:08:00+00:00,1,5899.5,5899.75,5905.75,5894.5,25,20,2025-01-14 15:16:00+00:00,5905.75,target,300.0,296.5,312.5
trend_pullback,ES,volatility+time_of_day,2025-01-15,2025-01-15 14:45:00+00:00,1,5974.0,5974.25,5980.25,5969.0,25,20,2025-01-15 14:48:00+00:00,5980.25,target,300.0,296.5,312.5
trend_pullback,ES,volatility+time_of_day,2025-01-15,2025-01-15 14:51:00+00:00,1,5981.5,5981.75,5987.75,5976.5,25,20,2025-01-15 14:53:00+00:00,5976.25,stop,-275.0,-278.5,312.5
trend_pullback,ES,volatility+time_of_day,2025-01-15,2025-01-15 14:57:00+00:00,1,5980.25,5980.5,5986.5,5975.25,25,20,2025-01-15 15:12:00+00:00,5986.5,target,300.0,296.5,312.5
trend_pullback,ES,volatility+time_of_day,2025-01-16,2025-01-16 14:46:00+00:00,-1,5987.25,5987.0,5981.0,5992.25,25,20,2025-01-16 14:59:00+00:00,5981.0,target,300.0,296.5,312.5
trend_pullback,ES,volatility+time_of_day,2025-01-16,2025-01-16 15:03:00+00:00,-1,5977.5,5977.25,5971.25,5982.5,25,20,2025-01-16 15:05:00+00:00,5982.75,stop,-275.0,-278.5,312.5
trend_pullback,ES,volatility+time_of_day,2025-01-16,2025-01-16 15:36:00+00:00,-1,5979.0,5978.75,5972.75,5984.0,25,20,2025-01-16 15:38:00+00:00,5984.25,stop,-275.0,-278.5,312.5
trend_pullback,ES,volatility+time_of_day,2025-01-17,2025-01-17 14:52:00+00:00,1,6027.75,6028.0,6034.0,6022.75,25,20,2025-01-17 14:54:00+00:00,6022.5,stop,-275.0,-278.5,312.5
trend_pullback,ES,volatility+time_of_day,2025-01-17,2025-01-17 14:56:00+00:00,1,6025.25,6025.5,6031.5,6020.25,25,20,2025-01-17 14:58:00+00:00,6020.0,stop,-275.0,-278.5,312.5
trend_pullback,ES,volatility+time_of_day,2025-01-17,2025-01-17 15:07:00+00:00,1,6029.5,6029.75,6035.75,6024.5,25,20,2025-01-17 15:09:00+00:00,6024.25,stop,-275.0,-278.5,312.5
trend_pullback,ES,volatility+time_of_day,2025-01-21,2025-01-21 14:50:00+00:00,1,6067.75,6068.0,6074.0,6062.75,25,20,2025-01-21 14:53:00+00:00,6062.5,stop,-275.0,-278.5,312.5
trend_pullback,ES,volatility+time_of_day,2025-01-21,2025-01-21 15:01:00+00:00,-1,6057.75,6057.5,6051.5,6062.75,25,20,2025-01-21 15:08:00+00:00,6063.0,stop,-275.0,-278.5,312.5
trend_pullback,ES,volatility+time_of_day,2025-01-21,2025-01-21 15:11:00+00:00,-1,6049.0,6048.75,6042.75,6054.0,25,20,2025-01-21 15:16:00+00:00,6054.25,stop,-275.0,-278.5,312.5
trend_pullback,ES,volatility+time_of_day,2025-01-27,2025-01-27 14:46:00+00:00,1,6032.25,6032.5,6038.5,6027.25,25,20,2025-01-27 14:50:00+00:00,6027.0,stop,-275.0,-278.5,312.5
trend_pullback,ES,volatility+time_of_day,2025-01-27,2025-01-27 14:54:00+00:00,1,6033.25,6033.5,6039.5,6028.25,25,20,2025-01-27 15:04:00+00:00,6028.0,stop,-275.0,-278.5,312.5
trend_pullback,ES,volatility+time_of_day,2025-01-27,2025-01-27 15:17:00+00:00,-1,6020.25,6020.0,6014.0,6025.25,25,20,2025-01-27 15:21:00+00:00,6025.5,stop,-275.0,-278.5,312.5
trend_pullback,ES,volatility+time_of_day,2025-01-28,2025-01-28 14:46:00+00:00,-1,6029.0,6028.75,6022.75,6034.0,25,20,2025-01-28 14:52:00+00:00,6034.25,stop,-275.0,-278.5,312.5
trend_pullback,ES,volatility+time_of_day,2025-01-28,2025-01-28 15:00:00+00:00,1,6042.75,6043.0,6049.0,6037.75,25,20,2025-01-28 15:01:00+00:00,6049.0,target,300.0,296.5,312.5
trend_pullback,ES,volatility+time_of_day,2025-01-28,2025-01-28 15:03:00+00:00,1,6054.75,6055.0,6061.0,6049.75,25,20,2025-01-28 15:08:00+00:00,6049.5,stop,-275.0,-278.5,312.5
trend_pullback,ES,volatility+time_of_day,2025-01-29,2025-01-29 15:05:00+00:00,1,6087.0,6087.25,6093.25,6082.0,25,20,2025-01-29 15:12:00+00:00,6081.75,stop,-275.0,-278.5,312.5
trend_pullback,ES,volatility+time_of_day,2025-01-29,2025-01-29 15:17:00+00:00,-1,6080.5,6080.25,6074.25,6085.5,25,20,2025-01-29 15:22:00+00:00,6085.75,stop,-275.0,-278.5,312.5
trend_pullback,ES,volatility+time_of_day,2025-01-29,2025-01-29 18:41:00+00:00,-1,6067.25,6067.0,6061.0,6072.25,25,20,2025-01-29 18:49:00+00:00,6072.5,stop,-275.0,-278.5,312.5
trend_pullback,ES,volatility+time_of_day,2025-01-30,2025-01-30 14:45:00+00:00,1,6095.25,6095.5,6101.5,6090.25,25,20,2025-01-30 14:47:00+00:00,6101.5,target,300.0,296.5,312.5
trend_pullback,ES,volatility+time_of_day,2025-01-30,2025-01-30 14:54:00+00:00,1,6105.0,6105.25,6111.25,6100.0,25,20,2025-01-30 14:58:00+00:00,6099.75,stop,-275.0,-278.5,312.5
trend_pullback,ES,volatility+time_of_day,2025-01-30,2025-01-30 15:01:00+00:00,-1,6094.75,6094.5,6088.5,6099.75,25,20,2025-01-30 15:02:00+00:00,6088.5,target,300.0,296.5,312.5
trend_pullback,ES,volatility+time_of_day,2025-01-31,2025-01-31 18:32:00+00:00,-1,6114.5,6114.25,6108.25,6119.5,25,20,2025-01-31 18:33:00+00:00,6108.25,target,300.0,296.5,312.5
trend_pullback,ES,volatility+time_of_day,2025-01-31,2025-01-31 18:36:00+00:00,-1,6102.5,6102.25,6096.25,6107.5,25,20,2025-01-31 18:37:00+00:00,6096.25,target,300.0,296.5,312.5
trend_pullback,ES,volatility+time_of_day,2025-01-31,2025-01-31 18:41:00+00:00,-1,6108.5,6108.25,6102.25,6113.5,25,20,2025-01-31 18:44:00+00:00,6102.25,target,300.0,296.5,312.5
trend_pullback,ES,volatility+time_of_day,2025-02-03,2025-02-03 14:46:00+00:00,-1,5970.5,5970.25,5964.25,5975.5,25,20,2025-02-03 14:47:00+00:00,5975.75,stop,-275.0,-278.5,312.5
trend_pullback,ES,volatility+time_of_day,2025-02-03,2025-02-03 14:48:00+00:00,-1,5973.0,5972.75,5966.75,5978.0,25,20,2025-02-03 14:53:00+00:00,5966.75,target,300.0,296.5,312.5
trend_pullback,ES,volatility+time_of_day,2025-02-03,2025-02-03 14:55:00+00:00,-1,5962.5,5962.25,5956.25,5967.5,25,20,2025-02-03 14:56:00+00:00,5967.75,stop,-275.0,-278.5,312.5
trend_pullback,ES,volatility+time_of_day,2025-02-04,2025-02-04 14:57:00+00:00,1,6035.25,6035.5,6041.5,6030.25,25,20,2025-02-04 15:00:00+00:00,6041.5,target,300.0,296.5,312.5
trend_pullback,ES,volatility+time_of_day,2025-02-04,2025-02-04 15:02:00+00:00,1,6041.75,6042.0,6048.0,6036.75,25,20,2025-02-04 15:08:00+00:00,6048.0,target,300.0,296.5,312.5
trend_pullback,ES,volatility+time_of_day,2025-02-04,2025-02-04 15:10:00+00:00,1,6053.0,6053.25,6059.25,6048.0,25,20,2025-02-04 15:30:00+00:00,6047.75,stop,-275.0,-278.5,312.5
trend_pullback,ES,volatility+time_of_day,2025-02-05,2025-02-05 15:06:00+00:00,-1,6034.25,6034.0,6028.0,6039.25,25,20,2025-02-05 15:10:00+00:00,6039.5,stop,-275.0,-278.5,312.5
trend_pullback,ES,volatility+time_of_day,2025-02-05,2025-02-05 15:11:00+00:00,-1,6035.75,6035.5,6029.5,6040.75,25,20,2025-02-05 15:13:00+00:00,6041.0,stop,-275.0,-278.5,312.5
trend_pullback,ES,volatility+time_of_day,2025-02-05,2025-02-05 15:27:00+00:00,1,6048.0,6048.25,6054.25,6043.0,25,20,2025-02-05 15:32:00+00:00,6042.75,stop,-275.0,-278.5,312.5
trend_pullback,ES,volatility+time_of_day,2025-02-06,2025-02-06 15:45:00+00:00,-1,6090.75,6090.5,6084.5,6095.75,25,20,2025-02-06 16:10:00+00:00,6096.0,stop,-275.0,-278.5,312.5
trend_pullback,ES,volatility+time_of_day,2025-02-06,2025-02-06 19:38:00+00:00,-1,6078.5,6078.25,6072.25,6083.5,25,20,2025-02-06 19:49:00+00:00,6083.75,stop,-275.0,-278.5,312.5
trend_pullback,ES,volatility+time_of_day,2025-02-07,2025-02-07 14:46:00+00:00,1,6120.0,6120.25,6126.25,6115.0,25,20,2025-02-07 15:00:00+00:00,6114.75,stop,-275.0,-278.5,312.5
trend_pullback,ES,volatility+time_of_day,2025-02-07,2025-02-07 15:01:00+00:00,-1,6104.0,6103.75,6097.75,6109.0,25,20,2025-02-07 15:02:00+00:00,6097.75,target,300.0,296.5,312.5
trend_pullback,ES,volatility+time_of_day,2025-02-07,2025-02-07 15:03:00+00:00,-1,6096.5,6096.25,6090.25,6101.5,25,20,2025-02-07 15:04:00+00:00,6090.25,target,300.0,296.5,312.5
trend_pullback,ES,volatility+time_of_day,2025-02-10,2025-02-10 14:59:00+00:00,1,6075.75,6076.0,6082.0,6070.75,25,20,2025-02-10 15:04:00+00:00,6082.0,target,300.0,296.5,312.5
trend_pullback,ES,volatility+time_of_day,2025-02-10,2025-02-10 15:07:00+00:00,1,6086.0,6086.25,6092.25,6081.0,25,20,2025-02-10 15:45:00+00:00,6092.25,target,300.0,296.5,312.5
trend_pullback,ES,volatility+time_of_day,2025-02-11,2025-02-11 15:08:00+00:00,-1,6069.25,6069.0,6063.0,6074.25,25,20,2025-02-11 15:12:00+00:00,6074.5,stop,-275.0,-278.5,312.5
trend_pullback,ES,volatility+time_of_day,2025-02-11,2025-02-11 15:17:00+00:00,1,6073.75,6074.0,6080.0,6068.75,25,20,2025-02-11 15:28:00+00:00,6080.0,target,300.0,296.5,312.5
trend_pullback,ES,volatility+time_of_day,2025-02-12,2025-02-12 14:45:00+00:00,1,6044.75,6045.0,6051.0,6039.75,25,20,2025-02-12 14:50:00+00:00,6051.0,target,300.0,296.5,312.5
trend_pullback,ES,volatility+time_of_day,2025-02-12,2025-02-12 14:51:00+00:00,1,6052.0,6052.25,6058.25,6047.0,25,20,2025-02-12 15:00:00+00:00,6046.75,stop,-275.0,-278.5,312.5
trend_pullback,ES,volatility+time_of_day,2025-02-12,2025-02-12 15:04:00+00:00,-1,6037.5,6037.25,6031.25,6042.5,25,20,2025-02-12 15:07:00+00:00,6042.75,stop,-275.0,-278.5,312.5
trend_pullback,ES,volatility+time_of_day,2025-02-13,2025-02-13 14:53:00+00:00,1,6081.5,6081.75,6087.75,6076.5,25,20,2025-02-13 14:59:00+00:00,6087.75,target,300.0,296.5,312.5
trend_pullback,ES,volatility+time_of_day,2025-02-13,2025-02-13 15:00:00+00:00,1,6088.0,6088.25,6094.25,6083.0,25,20,2025-02-13 15:02:00+00:00,6094.25,target,300.0,296.5,312.5
trend_pullback,ES,volatility+time_of_day,2025-02-13,2025-02-13 15:05:00+00:00,1,6090.25,6090.5,6096.5,6085.25,25,20,2025-02-13 15:07:00+00:00,6085.0,stop,-275.0,-278.5,312.5
trend_pullback,ES,volatility+time_of_day,2025-02-14,2025-02-14 16:23:00+00:00,-1,6132.5,6132.25,6126.25,6137.5,25,20,2025-02-14 16:27:00+00:00,6137.75,stop,-275.0,-278.5,312.5
trend_pullback,ES,volatility+time_of_day,2025-02-18,2025-02-18 14:45:00+00:00,-1,6136.25,6136.0,6130.0,6141.25,25,20,2025-02-18 15:01:00+00:00,6130.0,target,300.0,296.5,312.5
trend_pullback,ES,volatility+time_of_day,2025-02-18,2025-02-18 15:05:00+00:00,-1,6132.25,6132.0,6126.0,6137.25,25,20,2025-02-18 15:13:00+00:00,6137.5,stop,-275.0,-278.5,312.5
trend_pullback,ES,volatility+time_of_day,2025-02-18,2025-02-18 19:12:00+00:00,-1,6123.75,6123.5,6117.5,6128.75,25,20,2025-02-18 19:24:00+00:00,6129.0,stop,-275.0,-278.5,312.5
trend_pullback,ES,volatility+time_of_day,2025-02-19,2025-02-19 15:34:00+00:00,1,6138.5,6138.75,6144.75,6133.5,25,20,2025-02-19 15:56:00+00:00,6133.25,stop,-275.0,-278.5,312.5
trend_pullback,ES,volatility+time_of_day,2025-02-19,2025-02-19 19:17:00+00:00,1,6160.75,6161.0,6167.0,6155.75,25,20,2025-02-19 20:28:00+00:00,6155.5,stop,-275.0,-278.5,312.5
trend_pullback,ES,volatility+time_of_day,2025-02-20,2025-02-20 14:46:00+00:00,-1,6136.75,6136.5,6130.5,6141.75,25,20,2025-02-20 14:52:00+00:00,6130.5,target,300.0,296.5,312.5
trend_pullback,ES,volatility+time_of_day,2025-02-20,2025-02-20 14:56:00+00:00,-1,6126.25,6126.0,6120.0,6131.25,25,20,2025-02-20 14:58:00+00:00,6120.0,target,300.0,296.5,312.5
trend_pullback,ES,volatility+time_of_day,2025-02-20,2025-02-20 15:01:00+00:00,-1,6108.0,6107.75,6101.75,6113.0,25,20,2025-02-20 15:03:00+00:00,6113.25,stop,-275.0,-278.5,312.5
trend_pullback,ES,volatility+time_of_day,2025-02-21,2025-02-21 14:54:00+00:00,-1,6116.25,6116.0,6110.0,6121.25,25,20,2025-02-21 15:00:00+00:00,6110.0,target,300.0,296.5,312.5
trend_pullback,ES,volatility+time_of_day,2025-02-21,2025-02-21 15:05:00+00:00,-1,6109.25,6109.0,6103.0,6114.25,25,20,2025-02-21 15:09:00+00:00,6114.5,stop,-275.0,-278.5,312.5
trend_pullback,ES,volatility+time_of_day,2025-02-21,2025-02-21 15:21:00+00:00,-1,6105.5,6105.25,6099.25,6110.5,25,20,2025-02-21 15:27:00+00:00,6099.25,target,300.0,296.5,312.5
trend_pullback,ES,volatility+time_of_day,2025-02-24,2025-02-24 14:46:00+00:00,-1,6039.0,6038.75,6032.75,6044.0,25,20,2025-02-24 14:50:00+00:00,6032.75,target,300.0,296.5,312.5
trend_pullback,ES,volatility+time_of_day,2025-02-24,2025-02-24 14:51:00+00:00,-1,6032.25,6032.0,6026.0,6037.25,25,20,2025-02-24 14:53:00+00:00,6026.0,target,300.0,296.5,312.5
trend_pullback,ES,volatility+time_of_day,2025-02-24,2025-02-24 14:55:00+00:00,-1,6021.0,6020.75,6014.75,6026.0,25,20,2025-02-24 15:01:00+00:00,6014.75,target,300.0,296.5,312.5
trend_pullback,ES,volatility+time_of_day,2025-02-25,2025-02-25 14:46:00+00:00,-1,5992.0,5991.75,5985.75,5997.0,25,20,2025-02-25 14:50:00+00:00,5985.75,target,300.0,296.5,312.5
trend_pullback,ES,volatility+time_of_day,2025-02-25,2025-02-25 14:58:00+00:00,-1,5977.75,5977.5,5971.5,5982.75,25,20,2025-02-25 15:00:00+00:00,5971.5,target,300.0,296.5,312.5
trend_pullback,ES,volatility+time_of_day,2025-02-25,2025-02-25 15:01:00+00:00,-1,5965.75,5965.5,5959.5,5970.75,25,20,2025-02-25 15:02:00+00:00,5971.0,stop,-275.0,-278.5,312.5
trend_pullback,ES,volatility+time_of_day,2025-02-26,2025-02-26 14:45:00+00:00,1,5988.5,5988.75,5994.75,5983.5,25,20,2025-02-26 14:48:00+00:00,5994.75,target,300.0,296.5,312.5
trend_pullback,ES,volatility+time_of_day,2025-02-26,2025-02-26 14:51:00+00:00,1,6001.5,6001.75,6007.75,5996.5,25,20,2025-02-26 15:03:00+00:00,6007.75,target,300.0,296.5,312.5
trend_pullback,ES,volatility+time_of_day,2025-02-26,2025-02-26 15:09:00+00:00,1,6008.0,6008.25,6014.25,6003.0,25,20,2025-02-26 15:12:00+00:00,6014.25,target,300.0,296.5,312.5
trend_pullback,ES,volatility+time_of_day,2025-02-27,2025-02-27 14:47:00+00:00,-1,5986.0,5985.75,5979.75,5991.0,25,20,2025-02-27 14:48:00+00:00,5979.75,target,300.0,296.5,312.5
trend_pullback,ES,volatility+time_of_day,2025-02-27,2025-02-27 14:50:00+00:00,-1,5977.75,5977.5,5971.5,5982.75,25,20,2025-02-27 14:53:00+00:00,5971.5,target,300.0,296.5,312.5
trend_pullback,ES,volatility+time_of_day,2025-02-27,2025-02-27 14:54:00+00:00,-1,5964.5,5964.25,5958.25,5969.5,25,20,2025-02-27 14:56:00+00:00,5958.25,target,300.0,296.5,312.5
trend_pullback,ES,volatility+time_of_day,2025-02-28,2025-02-28 14:53:00+00:00,1,5883.5,5883.75,5889.75,5878.5,25,20,2025-02-28 14:55:00+00:00,5878.25,stop,-275.0,-278.5,312.5
trend_pullback,ES,volatility+time_of_day,2025-02-28,2025-02-28 14:57:00+00:00,-1,5872.0,5871.75,5865.75,5877.0,25,20,2025-02-28 14:58:00+00:00,5877.25,stop,-275.0,-278.5,312.5
trend_pullback,ES,volatility+time_of_day,2025-02-28,2025-02-28 14:59:00+00:00,1,5884.0,5884.25,5890.25,5879.0,25,20,2025-02-28 15:00:00+00:00,5890.25,target,300.0,296.5,312.5
trend_pullback,ES,volatility+time_of_day,2025-03-03,2025-03-03 14:45:00+00:00,-1,5971.75,5971.5,5965.5,5976.75,25,20,2025-03-03 14:47:00+00:00,5977.0,stop,-275.0,-278.5,312.5
trend_pullback,ES,volatility+time_of_day,2025-03-03,2025-03-03 14:48:00+00:00,-1,5974.25,5974.0,5968.0,5979.25,25,20,2025-03-03 14:49:00+00:00,5968.0,target,300.0,296.5,312.5
trend_pullback,ES,volatility+time_of_day,2025-03-03,2025-03-03 14:50:00+00:00,-1,5964.75,5964.5,5958.5,5969.75,25,20,2025-03-03 14:51:00+00:00,5970.0,stop,-275.0,-278.5,312.5
trend_pullback,ES,volatility+time_of_day,2025-03-04,2025-03-04 14:49:00+00:00,-1,5802.25,5802.0,5796.0,5807.25,25,20,2025-03-04 14:50:00+00:00,5796.0,target,300.0,296.5,312.5
trend_pullback,ES,volatility+time_of_day,2025-03-04,2025-03-04 14:52:00+00:00,-1,5795.25,5795.0,5789.0,5800.25,25,20,2025-03-04 14:53:00+00:00,5789.0,target,300.0,296.5,312.5
trend_pullback,ES,volatility+time_of_day,2025-03-04,2025-03-04 14:55:00+00:00,-1,5791.5,5791.25,5785.25,5796.5,25,20,2025-03-04 14:59:00+00:00,5785.25,target,300.0,296.5,312.5
trend_pullback,ES,volatility+time_of_day,2025-03-05,2025-03-05 14:45:00+00:00,1,5807.5,5807.75,5813.75,5802.5,25,20,2025-03-05 14:46:00+00:00,5802.25,stop,-275.0,-278.5,312.5
trend_pullback,ES,volatility+time_of_day,2025-03-05,2025-03-05 14:54:00+00:00,-1,5787.0,5786.75,5780.75,5792.0,25,20,2025-03-05 14:56:00+00:00,5780.75,target,300.0,296.5,312.5
trend_pullback,ES,volatility+time_of_day,2025-03-05,2025-03-05 14:57:00+00:00,-1,5775.5,5775.25,5769.25,5780.5,25,20,2025-03-05 14:58:00+00:00,5780.75,stop,-275.0,-278.5,312.5
trend_pullback,ES,volatility+time_of_day,2025-03-06,2025-03-06 14:46:00+00:00,-1,5760.25,5760.0,5754.0,5765.25,25,20,2025-03-06 14:48:00+00:00,5765.5,stop,-275.0,-278.5,312.5
trend_pullback,ES,volatility+time_of_day,2025-03-06,2025-03-06 15:04:00+00:00,1,5781.5,5781.75,5787.75,5776.5,25,20,2025-03-06 15:05:00+00:00,5787.75,target,300.0,296.5,312.5
trend_pullback,ES,volatility+time_of_day,2025-03-06,2025-03-06 15:06:00+00:00,1,5788.75,5789.0,5795.0,5783.75,25,20,2025-03-06 15:08:00+00:00,5795.0,target,300.0,296.5,312.5
trend_pullback,ES,volatility+time_of_day,2025-03-07,2025-03-07 14:45:00+00:00,1,5759.25,5759.5,5765.5,5754.25,25,20,2025-03-07 14:47:00+00:00,5765.5,target,300.0,296.5,312.5
trend_pullback,ES,volatility+time_of_day,2025-03-07,2025-03-07 14:48:00+00:00,1,5771.75,5772.0,5778.0,5766.75,25,20,2025-03-07 14:50:00+00:00,5766.5,stop,-275.0,-278.5,312.5
trend_pullback,ES,volatility+time_of_day,2025-03-07,2025-03-07 14:51:00+00:00,1,5770.75,5771.0,5777.0,5765.75,25,20,2025-03-07 14:53:00+00:00,5777.0,target,300.0,296.5,312.5
trend_pullback,ES,volatility+time_of_day,2025-03-10,2025-03-10 13:50:00+00:00,1,5701.75,5702.0,5708.0,5696.75,25,20,2025-03-10 13:51:00+00:00,5696.5,stop,-275.0,-278.5,312.5
trend_pullback,ES,volatility+time_of_day,2025-03-10,2025-03-10 13:52:00+00:00,-1,5692.25,5692.0,5686.0,5697.25,25,20,2025-03-10 13:54:00+00:00,5686.0,target,300.0,296.5,312.5
trend_pullback,ES,volatility+time_of_day,2025-03-10,2025-03-10 13:58:00+00:00,-1,5694.75,5694.5,5688.5,5699.75,25,20,2025-03-10 14:00:00+00:00,5688.5,target,300.0,296.5,312.5
trend_pullback,ES,volatility+time_of_day,2025-03-11,2025-03-11 13:46:00+00:00,1,5616.75,5617.0,5623.0,5611.75,25,20,2025-03-11 13:48:00+00:00,5623.0,target,300.0,296.5,312.5
trend_pullback,ES,volatility+time_of_day,2025-03-11,2025-03-11 13:49:00+00:00,1,5630.0,5630.25,5636.25,5625.0,25,20,2025-03-11 13:51:00+00:00,5624.75,stop,-275.0,-278.5,312.5
trend_pullback,ES,volatility+time_of_day,2025-03-11,2025-03-11 13:56:00+00:00,-1,5611.75,5611.5,5605.5,5616.75,25,20,2025-03-11 13:58:00+00:00,5617.0,stop,-275.0,-278.5,312.5
trend_pullback,ES,volatility+time_of_day,2025-03-12,2025-03-12 13:46:00+00:00,-1,5621.5,5621.25,5615.25,5626.5,25,20,2025-03-12 13:48:00+00:00,5615.25,target,300.0,296.5,312.5
trend_pullback,ES,volatility+time_of_day,2025-03-12,2025-03-12 13:51:00+00:00,-1,5616.0,5615.75,5609.75,5621.0,25,20,2025-03-12 13:52:00+00:00,5621.25,stop,-275.0,-278.5,312.5
trend_pullback,ES,volatility+time_of_day,2025-03-12,2025-03-12 13:53:00+00:00,-1,5615.25,5615.0,5609.0,5620.25,25,20,2025-03-12 13:55:00+00:00,5609.0,target,300.0,296.5,312.5
trend_pullback,ES,volatility+time_of_day,2025-03-13,2025-03-13 13:46:00+00:00,-1,5582.5,5582.25,5576.25,5587.5,25,20,2025-03-13 13:50:00+00:00,5576.25,target,300.0,296.5,312.5
trend_pullback,ES,volatility+time_of_day,2025-03-13,2025-03-13 13:52:00+00:00,-1,5576.25,5576.0,5570.0,5581.25,25,20,2025-03-13 13:54:00+00:00,5570.0,target,300.0,296.5,312.5
trend_pullback,ES,volatility+time_of_day,2025-03-13,2025-03-13 13:56:00+00:00,-1,5561.75,5561.5,5555.5,5566.75,25,20,2025-03-13 14:03:00+00:00,5567.0,stop,-275.0,-278.5,312.5
trend_pullback,ES,volatility+time_of_day,2025-03-14,2025-03-14 13:48:00+00:00,1,5600.0,5600.25,5606.25,5595.0,25,20,2025-03-14 13:54:00+00:00,5606.25,target,300.0,296.5,312.5
trend_pullback,ES,volatility+time_of_day,2025-03-14,2025-03-14 14:09:00+00:00,-1,5581.75,5581.5,5575.5,5586.75,25,20,2025-03-14 14:10:00+00:00,5587.0,stop,-275.0,-278.5,312.5
trend_pullback,ES,volatility+time_of_day,2025-03-14,2025-03-14 14:11:00+00:00,-1,5582.75,5582.5,5576.5,5587.75,25,20,2025-03-14 14:12:00+00:00,5576.5,target,300.0,296.5,312.5
trend_pullback,ES,volatility+time_of_day,2025-03-17,2025-03-17 13:45:00+00:00,1,5671.25,5671.5,5677.5,5666.25,25,20,2025-03-17 13:48:00+00:00,5666.0,stop,-275.0,-278.5,312.5
trend_pullback,ES,volatility+time_of_day,2025-03-17,2025-03-17 14:03:00+00:00,-1,5654.75,5654.5,5648.5,5659.75,25,20,2025-03-17 14:04:00+00:00,5660.0,stop,-275.0,-278.5,312.5
trend_pullback,ES,volatility+time_of_day,2025-03-17,2025-03-17 14:05:00+00:00,-1,5655.25,5655.0,5649.0,5660.25,25,20,2025-03-17 14:06:00+00:00,5660.5,stop,-275.0,-278.5,312.5
trend_pullback,ES,volatility+time_of_day,2025-03-18,2025-03-18 13:46:00+00:00,-1,5623.75,5623.5,5617.5,5628.75,25,20,2025-03-18 13:49:00+00:00,5629.0,stop,-275.0,-278.5,312.5
trend_pullback,ES,volatility+time_of_day,2025-03-18,2025-03-18 13:50:00+00:00,-1,5624.75,5624.5,5618.5,5629.75,25,20,2025-03-18 13:51:00+00:00,5630.0,stop,-275.0,-278.5,312.5
trend_pullback,ES,volatility+time_of_day,2025-03-18,2025-03-18 13:52:00+00:00,-1,5625.0,5624.75,5618.75,5630.0,25,20,2025-03-18 13:55:00+00:00,5618.75,target,300.0,296.5,312.5
trend_pullback,ES,volatility+time_of_day,2025-03-19,2025-03-19 13:49:00+00:00,1,5692.25,5692.5,5698.5,5687.25,25,20,2025-03-19 13:54:00+00:00,5698.5,target,300.0,296.5,312.5
trend_pullback,ES,volatility+time_of_day,2025-03-19,2025-03-19 18:04:00+00:00,1,5704.0,5704.25,5710.25,5699.0,25,20,2025-03-19 18:05:00+00:00,5698.75,stop,-275.0,-278.5,312.5
trend_pullback,ES,volatility+time_of_day,2025-03-19,2025-03-19 18:08:00+00:00,1,5703.0,5703.25,5709.25,5698.0,25,20,2025-03-19 18:10:00+00:00,5709.25,target,300.0,296.5,312.5
trend_pullback,ES,volatility+time_of_day,2025-03-20,2025-03-20 13:45:00+00:00,1,5713.75,5714.0,5720.0,5708.75,25,20,2025-03-20 13:53:00+00:00,5720.0,target,300.0,296.5,312.5
trend_pullback,ES,volatility+time_of_day,2025-03-20,2025-03-20 14:11:00+00:00,1,5740.75,5741.0,5747.0,5735.75,25,20,2025-03-20 14:15:00+00:00,5735.5,stop,-275.0,-278.5,312.5
trend_pullback,ES,volatility+time_of_day,2025-03-21,2025-03-21 13:48:00+00:00,1,5669.0,5669.25,5675.25,5664.0,25,20,2025-03-21 13:53:00+00:00,5663.75,stop,-275.0,-278.5,312.5
trend_pullback,ES,volatility+time_of_day,2025-03-21,2025-03-21 14:02:00+00:00,-1,5662.75,5662.5,5656.5,5667.75,25,20,2025-03-21 14:05:00+00:00,5668.0,stop,-275.0,-278.5,312.5
trend_pullback,ES,volatility+time_of_day,2025-03-21,2025-03-21 14:08:00+00:00,-1,5659.5,5659.25,5653.25,5664.5,25,20,2025-03-21 14:11:00+00:00,5653.25,target,300.0,296.5,312.5
trend_pullback,ES,volatility+time_of_day,2025-03-26,2025-03-26 14:04:00+00:00,-1,5810.5,5810.25,5804.25,5815.5,25,20,2025-03-26 14:20:00+00:00,5804.25,target,300.0,296.5,312.5
trend_pullback,ES,volatility+time_of_day,2025-03-27,2025-03-27 13:46:00+00:00,-1,5728.25,5728.0,5722.0,5733.25,25,20,2025-03-27 13:49:00+00:00,5733.5,stop,-275.0,-278.5,312.5
trend_pullback,ES,volatility+time_of_day,2025-03-27,2025-03-27 13:50:00+00:00,1,5741.25,5741.5,5747.5,5736.25,25,20,2025-03-27 13:53:00+00:00,5736.0,stop,-275.0,-278.5,312.5
trend_pullback,ES,volatility+time_of_day,2025-03-27,2025-03-27 13:54:00+00:00,1,5748.5,5748.75,5754.75,5743.5,25,20,2025-03-27 13:56:00+00:00,5754.75,target,300.0,296.5,312.5
trend_pullback,ES,volatility+time_of_day,2025-03-28,2025-03-28 13:48:00+00:00,-1,5719.5,5719.25,5713.25,5724.5,25,20,2025-03-28 13:52:00+00:00,5713.25,target,300.0,296.5,312.5
trend_pullback,ES,volatility+time_of_day,2025-03-28,2025-03-28 13:55:00+00:00,-1,5708.25,5708.0,5702.0,5713.25,25,20,2025-03-28 14:00:00+00:00,5702.0,target,300.0,296.5,312.5
trend_pullback,ES,volatility+time_of_day,2025-03-28,2025-03-28 14:03:00+00:00,-1,5705.0,5704.75,5698.75,5710.0,25,20,2025-03-28 14:06:00+00:00,5698.75,target,300.0,296.5,312.5
trend_pullback,ES,volatility+time_of_day,2025-03-31,2025-03-31 13:47:00+00:00,-1,5539.5,5539.25,5533.25,5544.5,25,20,2025-03-31 13:50:00+00:00,5544.75,stop,-275.0,-278.5,312.5
trend_pullback,ES,volatility+time_of_day,2025-03-31,2025-03-31 13:53:00+00:00,1,5556.75,5557.0,5563.0,5551.75,25,20,2025-03-31 13:55:00+00:00,5563.0,target,300.0,296.5,312.5
trend_pullback,ES,volatility+time_of_day,2025-03-31,2025-03-31 13:57:00+00:00,1,5566.0,5566.25,5572.25,5561.0,25,20,2025-03-31 13:59:00+00:00,5560.75,stop,-275.0,-278.5,312.5
trend_pullback,ES,volatility+time_of_day,2025-04-01,2025-04-01 13:47:00+00:00,1,5642.75,5643.0,5649.0,5637.75,25,20,2025-04-01 13:48:00+00:00,5649.0,target,300.0,296.5,312.5
trend_pullback,ES,volatility+time_of_day,2025-04-01,2025-04-01 13:51:00+00:00,1,5648.5,5648.75,5654.75,5643.5,25,20,2025-04-01 13:52:00+00:00,5643.25,stop,-275.0,-278.5,312.5
trend_pullback,ES,volatility+time_of_day,2025-04-01,2025-04-01 13:53:00+00:00,1,5646.75,5647.0,5653.0,5641.75,25,20,2025-04-01 13:55:00+00:00,5641.5,stop,-275.0,-278.5,312.5
trend_pullback,ES,volatility+time_of_day,2025-04-02,2025-04-02 13:45:00+00:00,1,5654.5,5654.75,5660.75,5649.5,25,20,2025-04-02 13:52:00+00:00,5660.75,target,300.0,296.5,312.5
trend_pullback,ES,volatility+time_of_day,2025-04-02,2025-04-02 14:02:00+00:00,1,5668.0,5668.25,5674.25,5663.0,25,20,2025-04-02 14:07:00+00:00,5662.75,stop,-275.0,-278.5,312.5
trend_pullback,ES,volatility+time_of_day,2025-04-02,2025-04-02 14:20:00+00:00,1,5667.0,5667.25,5673.25,5662.0,25,20,2025-04-02 14:22:00+00:00,5661.75,stop,-275.0,-278.5,312.5
trend_pullback,ES,volatility+time_of_day,2025-04-03,2025-04-03 13:45:00+00:00,-1,5516.5,5516.25,5510.25,5521.5,25,20,2025-04-03 13:46:00+00:00,5521.75,stop,-275.0,-278.5,312.5
trend_pullback,ES,volatility+time_of_day,2025-04-03,2025-04-03 13:47:00+00:00,-1,5512.25,5512.0,5506.0,5517.25,25,20,2025-04-03 13:48:00+00:00,5517.5,stop,-275.0,-278.5,312.5
trend_pullback,ES,volatility+time_of_day,2025-04-03,2025-04-03 13:49:00+00:00,-1,5513.25,5513.0,5507.0,5518.25,25,20,2025-04-03 13:50:00+00:00,5518.5,stop,-275.0,-278.5,312.5
trend_pullback,ES,volatility+time_of_day,2025-04-04,2025-04-04 13:48:00+00:00,1,5279.75,5280.0,5286.0,5274.75,25,20,2025-04-04 13:49:00+00:00,5274.5,stop,-275.0,-278.5,312.5
trend_pullback,ES,volatility+time_of_day,2025-04-04,2025-04-04 13:53:00+00:00,1,5283.75,5284.0,5290.0,5278.75,25,20,2025-04-04 13:54:00+00:00,5278.5,stop,-275.0,-278.5,312.5
trend_pullback,ES,volatility+time_of_day,2025-04-04,2025-04-04 13:58:00+00:00,1,5295.75,5296.0,5302.0,5290.75,25,20,2025-04-04 13:59:00+00:00,5290.5,stop,-275.0,-278.5,312.5
trend_pullback,ES,volatility+time_of_day,2025-04-07,2025-04-07 13:45:00+00:00,-1,4884.0,4883.75,4877.75,4889.0,25,20,2025-04-07 13:46:00+00:00,4889.25,stop,-275.0,-278.5,312.5
trend_pullback,ES,volatility+time_of_day,2025-04-07,2025-04-07 13:48:00+00:00,1,4931.0,4931.25,4937.25,4926.0,25,20,2025-04-07 13:49:00+00:00,4925.75,stop,-275.0,-278.5,312.5
trend_pullback,ES,volatility+time_of_day,2025-04-07,2025-04-07 13:50:00+00:00,1,4940.0,4940.25,4946.25,4935.0,25,20,2025-04-07 13:51:00+00:00,4946.25,target,300.0,296.5,312.5
trend_pullback,ES,volatility+time_of_day,2025-04-08,2025-04-08 13:52:00+00:00,1,5267.5,5267.75,5273.75,5262.5,25,20,2025-04-08 13:53:00+00:00,5273.75,target,300.0,296.5,312.5
trend_pullback,ES,volatility+time_of_day,2025-04-08,2025-04-08 13:55:00+00:00,1,5270.75,5271.0,5277.0,5265.75,25,20,2025-04-08 13:57:00+00:00,5265.5,stop,-275.0,-278.5,312.5
trend_pullback,ES,volatility+time_of_day,2025-04-08,2025-04-08 13:58:00+00:00,1,5284.25,5284.5,5290.5,5279.25,25,20,2025-04-08 13:59:00+00:00,5279.0,stop,-275.0,-278.5,312.5
trend_pullback,ES,volatility+time_of_day,2025-04-09,2025-04-09 13:49:00+00:00,1,5035.75,5036.0,5042.0,5030.75,25,20,2025-04-09 13:50:00+00:00,5030.5,stop,-275.0,-278.5,312.5
trend_pullback,ES,volatility+time_of_day,2025-04-09,2025-04-09 13:55:00+00:00,1,5054.25,5054.5,5060.5,5049.25,25,20,2025-04-09 13:56:00+00:00,5060.5,target,300.0,296.5,312.5
trend_pullback,ES,volatility+time_of_day,2025-04-09,2025-04-09 13:58:00+00:00,1,5055.0,5055.25,5061.25,5050.0,25,20,2025-04-09 13:59:00+00:00,5049.75,stop,-275.0,-278.5,312.5
trend_pullback,ES,volatility+time_of_day,2025-04-10,2025-04-10 13:49:00+00:00,1,5376.75,5377.0,5383.0,5371.75,25,20,2025-04-10 13:50:00+00:00,5371.5,stop,-275.0,-278.5,312.5
trend_pullback,ES,volatility+time_of_day,2025-04-10,2025-04-10 13:58:00+00:00,-1,5345.75,5345.5,5339.5,5350.75,25,20,2025-04-10 14:00:00+00:00,5351.0,stop,-275.0,-278.5,312.5
trend_pullback,ES,volatility+time_of_day,2025-04-10,2025-04-10 14:01:00+00:00,-1,5329.5,5329.25,5323.25,5334.5,25,20,2025-04-10 14:02:00+00:00,5334.75,stop,-275.0,-278.5,312.5
trend_pullback,ES,volatility+time_of_day,2025-04-11,2025-04-11 13:45:00+00:00,1,5313.25,5313.5,5319.5,5308.25,25,20,2025-04-11 13:46:00+00:00,5319.5,target,300.0,296.5,312.5
trend_pullback,ES,volatility+time_of_day,2025-04-11,2025-04-11 13:47:00+00:00,1,5327.25,5327.5,5333.5,5322.25,25,20,2025-04-11 13:48:00+00:00,5333.5,target,300.0,296.5,312.5
trend_pullback,ES,volatility+time_of_day,2025-04-11,2025-04-11 13:51:00+00:00,1,5315.5,5315.75,5321.75,5310.5,25,20,2025-04-11 13:52:00+00:00,5321.75,target,300.0,296.5,312.5
trend_pullback,ES,volatility+time_of_day,2025-04-14,2025-04-14 13:46:00+00:00,-1,5452.5,5452.25,5446.25,5457.5,25,20,2025-04-14 13:47:00+00:00,5446.25,target,300.0,296.5,312.5
trend_pullback,ES,volatility+time_of_day,2025-04-14,2025-04-14 13:57:00+00:00,-1,5457.5,5457.25,5451.25,5462.5,25,20,2025-04-14 13:58:00+00:00,5462.75,stop,-275.0,-278.5,312.5
trend_pullback,ES,volatility+time_of_day,2025-04-14,2025-04-14 14:03:00+00:00,1,5477.25,5477.5,5483.5,5472.25,25,20,2025-04-14 14:04:00+00:00,5483.5,target,300.0,296.5,312.5
trend_pullback,ES,volatility+time_of_day,2025-04-15,2025-04-15 13:46:00+00:00,1,5469.0,5469.25,5475.25,5464.0,25,20,2025-04-15 13:48:00+00:00,5475.25,target,300.0,296.5,312.5
trend_pullback,ES,volatility+time_of_day,2025-04-15,2025-04-15 13:51:00+00:00,1,5478.0,5478.25,5484.25,5473.0,25,20,2025-04-15 13:56:00+00:00,5472.75,stop,-275.0,-278.5,312.5
trend_pullback,ES,volatility+time_of_day,2025-04-15,2025-04-15 14:11:00+00:00,1,5481.5,5481.75,5487.75,5476.5,25,20,2025-04-15 14:14:00+00:00,5476.25,stop,-275.0,-278.5,312.5
trend_pullback,ES,volatility+time_of_day,2025-04-16,2025-04-16 13:46:00+00:00,-1,5368.0,5367.75,5361.75,5373.0,25,20,2025-04-16 13:49:00+00:00,5373.25,stop,-275.0,-278.5,312.5
trend_pullback,ES,volatility+time_of_day,2025-04-16,2025-04-16 13:50:00+00:00,-1,5366.25,5366.0,5360.0,5371.25,25,20,2025-04-16 13:51:00+00:00,5360.0,target,300.0,296.5,312.5
trend_pullback,ES,volatility+time_of_day,2025-04-16,2025-04-16 13:52:00+00:00,-1,5358.5,5358.25,5352.25,5363.5,25,20,2025-04-16 13:54:00+00:00,5352.25,target,300.0,296.5,312.5
trend_pullback,ES,volatility+time_of_day,2025-04-17,2025-04-17 13:50:00+00:00,1,5331.75,5332.0,5338.0,5326.75,25,20,2025-04-17 13:51:00+00:00,5326.5,stop,-275.0,-278.5,312.5
trend_pullback,ES,volatility+time_of_day,2025-04-17,2025-04-17 13:52:00+00:00,1,5334.0,5334.25,5340.25,5329.0,25,20,2025-04-17 13:54:00+00:00,5340.25,target,300.0,296.5,312.5
trend_pullback,ES,volatility+time_of_day,2025-04-17,2025-04-17 13:58:00+00:00,1,5328.0,5328.25,5334.25,5323.0,25,20,2025-04-17 13:59:00+00:00,5334.25,target,300.0,296.5,312.5
trend_pullback,ES,volatility+time_of_day,2025-04-21,2025-04-21 13:45:00+00:00,-1,5239.0,5238.75,5232.75,5244.0,25,20,2025-04-21 13:48:00+00:00,5244.25,stop,-275.0,-278.5,312.5
trend_pullback,ES,volatility+time_of_day,2025-04-21,2025-04-21 13:51:00+00:00,-1,5236.25,5236.0,5230.0,5241.25,25,20,2025-04-21 13:56:00+00:00,5230.0,target,300.0,296.5,312.5
trend_pullback,ES,volatility+time_of_day,2025-04-21,2025-04-21 14:22:00+00:00,-1,5197.75,5197.5,5191.5,5202.75,25,20,2025-04-21 14:25:00+00:00,5203.0,stop,-275.0,-278.5,312.5
trend_pullback,ES,volatility+time_of_day,2025-04-22,2025-04-22 13:48:00+00:00,1,5264.25,5264.5,5270.5,5259.25,25,20,2025-04-22 13:50:00+00:00,5259.0,stop,-275.0,-278.5,312.5
trend_pullback,ES,volatility+time_of_day,2025-04-22,2025-04-22 17:30:00+00:00,-1,5269.0,5268.75,5262.75,5274.0,25,20,2025-04-22 17:31:00+00:00,5274.25,stop,-275.0,-278.5,312.5
trend_pullback,ES,volatility+time_of_day,2025-04-22,2025-04-22 17:33:00+00:00,-1,5269.25,5269.0,5263.0,5274.25,25,20,2025-04-22 17:34:00+00:00,5274.5,stop,-275.0,-278.5,312.5
trend_pullback,ES,volatility+time_of_day,2025-04-23,2025-04-23 13:45:00+00:00,1,5479.0,5479.25,5485.25,5474.0,25,20,2025-04-23 13:47:00+00:00,5485.25,target,300.0,296.5,312.5
trend_pullback,ES,volatility+time_of_day,2025-04-23,2025-04-23 13:51:00+00:00,1,5494.5,5494.75,5500.75,5489.5,25,20,2025-04-23 13:52:00+00:00,5489.25,stop,-275.0,-278.5,312.5
trend_pullback,ES,volatility+time_of_day,2025-04-23,2025-04-23 14:10:00+00:00,1,5482.75,5483.0,5489.0,5477.75,25,20,2025-04-23 14:12:00+00:00,5489.0,target,300.0,296.5,312.5
trend_pullback,ES,volatility+time_of_day,2025-04-24,2025-04-24 13:45:00+00:00,1,5422.75,5423.0,5429.0,5417.75,25,20,2025-04-24 13:46:00+00:00,5429.0,target,300.0,296.5,312.5
trend_pullback,ES,volatility+time_of_day,2025-04-24,2025-04-24 13:49:00+00:00,1,5427.25,5427.5,5433.5,5422.25,25,20,2025-04-24 13:53:00+00:00,5433.5,target,300.0,296.5,312.5
trend_pullback,ES,volatility+time_of_day,2025-04-25,2025-04-25 13:47:00+00:00,-1,5499.75,5499.5,5493.5,5504.75,25,20,2025-04-25 13:51:00+00:00,5493.5,target,300.0,296.5,312.5
trend_pullback,ES,volatility+time_of_day,2025-04-25,2025-04-25 13:52:00+00:00,-1,5494.75,5494.5,5488.5,5499.75,25,20,2025-04-25 14:00:00+00:00,5500.0,stop,-275.0,-278.5,312.5
trend_pullback,ES,volatility+time_of_day,2025-04-25,2025-04-25 14:08:00+00:00,1,5514.0,5514.25,5520.25,5509.0,25,20,2025-04-25 14:10:00+00:00,5520.25,target,300.0,296.5,312.5
trend_pullback,ES,volatility+time_of_day,2025-04-28,2025-04-28 13:53:00+00:00,-1,5562.25,5562.0,5556.0,5567.25,25,20,2025-04-28 13:55:00+00:00,5556.0,target,300.0,296.5,312.5
trend_pullback,ES,volatility+time_of_day,2025-04-29,2025-04-29 13:47:00+00:00,1,5552.25,5552.5,5558.5,5547.25,25,20,2025-04-29 13:50:00+00:00,5558.5,target,300.0,296.5,312.5
trend_pullback,ES,volatility+time_of_day,2025-04-29,2025-04-29 14:06:00+00:00,1,5568.75,5569.0,5575.0,5563.75,25,20,2025-04-29 14:09:00+00:00,5563.5,stop,-275.0,-278.5,312.5
trend_pullback,ES,volatility+time_of_day,2025-04-29,2025-04-29 14:13:00+00:00,1,5561.25,5561.5,5567.5,5556.25,25,20,2025-04-29 14:16:00+00:00,5556.0,stop,-275.0,-278.5,312.5
trend_pullback,ES,volatility+time_of_day,2025-04-30,2025-04-30 13:45:00+00:00,-1,5476.0,5475.75,5469.75,5481.0,25,20,2025-04-30 13:48:00+00:00,5481.25,stop,-275.0,-278.5,312.5
trend_pullback,ES,volatility+time_of_day,2025-04-30,2025-04-30 13:50:00+00:00,-1,5480.0,5479.75,5473.75,5485.0,25,20,2025-04-30 13:51:00+00:00,5473.75,target,300.0,296.5,312.5
trend_pullback,ES,volatility+time_of_day,2025-04-30,2025-04-30 13:56:00+00:00,-1,5461.5,5461.25,5455.25,5466.5,25,20,2025-04-30 14:00:00+00:00,5466.75,stop,-275.0,-278.5,312.5
trend_pullback,ES,volatility+time_of_day,2025-05-01,2025-05-01 13:45:00+00:00,1,5642.0,5642.25,5648.25,5637.0,25,20,2025-05-01 13:48:00+00:00,5648.25,target,300.0,296.5,312.5
trend_pullback,ES,volatility+time_of_day,2025-05-01,2025-05-01 13:59:00+00:00,-1,5628.75,5628.5,5622.5,5633.75,25,20,2025-05-01 14:00:00+00:00,5634.0,stop,-275.0,-278.5,312.5
trend_pullback,ES,volatility+time_of_day,2025-05-02,2025-05-02 13:51:00+00:00,-1,5669.25,5669.0,5663.0,5674.25,25,20,2025-05-02 13:52:00+00:00,5663.0,target,300.0,296.5,312.5
trend_pullback,ES,volatility+time_of_day,2025-05-02,2025-05-02 13:56:00+00:00,-1,5672.75,5672.5,5666.5,5677.75,25,20,2025-05-02 14:00:00+00:00,5678.0,stop,-275.0,-278.5,312.5
trend_pullback,ES,volatility+time_of_day,2025-05-02,2025-05-02 14:03:00+00:00,1,5685.0,5685.25,5691.25,5680.0,25,20,2025-05-02 14:04:00+00:00,5679.75,stop,-275.0,-278.5,312.5
trend_pullback,ES,volatility+time_of_day,2025-05-07,2025-05-07 13:47:00+00:00,1,5646.75,5647.0,5653.0,5641.75,25,20,2025-05-07 13:48:00+00:00,5641.5,stop,-275.0,-278.5,312.5
trend_pullback,ES,volatility+time_of_day,2025-05-07,2025-05-07 13:58:00+00:00,1,5650.75,5651.0,5657.0,5645.75,25,20,2025-05-07 14:49:00+00:00,5645.5,stop,-275.0,-278.5,312.5
trend_pullback,ES,volatility+time_of_day,2025-05-07,2025-05-07 15:02:00+00:00,-1,5624.25,5624.0,5618.0,5629.25,25,20,2025-05-07 15:04:00+00:00,5629.5,stop,-275.0,-278.5,312.5
trend_pullback,ES,volatility+time_of_day,2025-05-08,2025-05-08 14:11:00+00:00,-1,5663.25,5663.0,5657.0,5668.25,25,20,2025-05-08 14:16:00+00:00,5668.5,stop,-275.0,-278.5,312.5
trend_pullback,ES,volatility+time_of_day,2025-05-08,2025-05-08 14:18:00+00:00,-1,5670.25,5670.0,5664.0,5675.25,25,20,2025-05-08 14:21:00+00:00,5675.5,stop,-275.0,-278.5,312.5
trend_pullback,ES,volatility+time_of_day,2025-05-08,2025-05-08 14:26:00+00:00,1,5679.25,5679.5,5685.5,5674.25,25,20,2025-05-08 14:32:00+00:00,5685.5,target,300.0,296.5,312.5
trend_pullback,ES,volatility+time_of_day,2025-05-09,2025-05-09 14:31:00+00:00,-1,5679.25,5679.0,5673.0,5684.25,25,20,2025-05-09 14:35:00+00:00,5673.0,target,300.0,296.5,312.5
trend_pullback,ES,volatility+time_of_day,2025-05-09,2025-05-09 14:36:00+00:00,-1,5667.75,5667.5,5661.5,5672.75,25,20,2025-05-09 14:42:00+00:00,5673.0,stop,-275.0,-278.5,312.5
trend_pullback,ES,volatility+time_of_day,2025-05-09,2025-05-09 14:43:00+00:00,-1,5671.25,5671.0,5665.0,5676.25,25,20,2025-05-09 14:44:00+00:00,5676.5,stop,-275.0,-278.5,312.5
trend_pullback,ES,volatility+time_of_day,2025-05-12,2025-05-12 13:53:00+00:00,1,5834.0,5834.25,5840.25,5829.0,25,20,2025-05-12 13:55:00+00:00,5828.75,stop,-275.0,-278.5,312.5
trend_pullback,ES,volatility+time_of_day,2025-05-12,2025-05-12 14:11:00+00:00,1,5832.25,5832.5,5838.5,5827.25,25,20,2025-05-12 14:15:00+00:00,5838.5,target,300.0,296.5,312.5
trend_pullback,ES,volatility+time_of_day,2025-05-12,2025-05-12 14:27:00+00:00,-1,5821.75,5821.5,5815.5,5826.75,25,20,2025-05-12 14:28:00+00:00,5815.5,target,300.0,296.5,312.5
trend_pullback,ES,volatility+time_of_day,2025-05-13,2025-05-13 14:25:00+00:00,1,5910.5,5910.75,5916.75,5905.5,25,20,2025-05-13 14:29:00+00:00,5905.25,stop,-275.0,-278.5,312.5
trend_pullback,ES,volatility+time_of_day,2025-05-14,2025-05-14 13:50:00+00:00,-1,5901.5,5901.25,5895.25,5906.5,25,20,2025-05-14 13:51:00+00:00,5906.75,stop,-275.0,-278.5,312.5
trend_pullback,ES,volatility+time_of_day,2025-05-14,2025-05-14 13:52:00+00:00,-1,5907.25,5907.0,5901.0,5912.25,25,20,2025-05-14 13:54:00+00:00,5901.0,target,300.0,296.5,312.5
trend_pullback,ES,volatility+time_of_day,2025-05-14,2025-05-14 13:55:00+00:00,-1,5902.25,5902.0,5896.0,5907.25,25,20,2025-05-14 13:59:00+00:00,5907.5,stop,-275.0,-278.5,312.5
trend_pullback,ES,volatility+time_of_day,2025-05-15,2025-05-15 13:50:00+00:00,-1,5886.5,5886.25,5880.25,5891.5,25,20,2025-05-15 13:52:00+00:00,5891.75,stop,-275.0,-278.5,312.5
trend_pullback,ES,volatility+time_of_day,2025-05-15,2025-05-15 13:58:00+00:00,1,5894.0,5894.25,5900.25,5889.0,25,20,2025-05-15 14:01:00+00:00,5900.25,target,300.0,296.5,312.5
trend_pullback,ES,volatility+time_of_day,2025-05-15,2025-05-15 14:03:00+00:00,1,5901.25,5901.5,5907.5,5896.25,25,20,2025-05-15 14:09:00+00:00,5896.0,stop,-275.0,-278.5,312.5
trend_pullback,ES,volatility+time_of_day,2025-05-19,2025-05-19 13:47:00+00:00,1,5939.5,5939.75,5945.75,5934.5,25,20,2025-05-19 14:00:00+00:00,5945.75,target,300.0,296.5,312.5
trend_pullback,ES,volatility+time_of_day,2025-05-19,2025-05-19 14:04:00+00:00,1,5951.25,5951.5,5957.5,5946.25,25,20,2025-05-19 14:06:00+00:00,5957.5,target,300.0,296.5,312.5
trend_pullback,ES,volatility+time_of_day,2025-05-19,2025-05-19 14:09:00+00:00,1,5959.25,5959.5,5965.5,5954.25,25,20,2025-05-19 14:13:00+00:00,5954.0,stop,-275.0,-278.5,312.5
trend_pullback,ES,volatility+time_of_day,2025-05-20,2025-05-20 13:49:00+00:00,-1,5954.25,5954.0,5948.0,5959.25,25,20,2025-05-20 13:52:00+00:00,5959.5,stop,-275.0,-278.5,312.5
trend_pullback,ES,volatility+time_of_day,2025-05-20,2025-05-20 18:24:00+00:00,-1,5949.0,5948.75,5942.75,5954.0,25,20,2025-05-20 18:28:00+00:00,5942.75,target,300.0,296.5,312.5
trend_pullback,ES,volatility+time_of_day,2025-05-20,2025-05-20 18:31:00+00:00,-1,5938.75,5938.5,5932.5,5943.75,25,20,2025-05-20 18:36:00+00:00,5944.0,stop,-275.0,-278.5,312.5
trend_pullback,ES,volatility+time_of_day,2025-05-21,2025-05-21 13:46:00+00:00,1,5928.5,5928.75,5934.75,5923.5,25,20,2025-05-21 13:52:00+00:00,5934.75,target,300.0,296.5,312.5
trend_pullback,ES,volatility+time_of_day,2025-05-21,2025-05-21 14:05:00+00:00,1,5936.75,5937.0,5943.0,5931.75,25,20,2025-05-21 14:10:00+00:00,5931.5,stop,-275.0,-278.5,312.5
trend_pullback,ES,volatility+time_of_day,2025-05-21,2025-05-21 14:32:00+00:00,-1,5924.75,5924.5,5918.5,5929.75,25,20,2025-05-21 14:40:00+00:00,5930.0,stop,-275.0,-278.5,312.5
trend_pullback,ES,volatility+time_of_day,2025-05-22,2025-05-22 13:50:00+00:00,1,5857.0,5857.25,5863.25,5852.0,25,20,2025-05-22 13:52:00+00:00,5863.25,target,300.0,296.5,312.5
trend_pullback,ES,volatility+time_of_day,2025-05-22,2025-05-22 13:55:00+00:00,1,5865.5,5865.75,5871.75,5860.5,25,20,2025-05-22 13:57:00+00:00,5871.75,target,300.0,296.5,312.5
trend_pullback,ES,volatility+time_of_day,2025-05-22,2025-05-22 14:00:00+00:00,1,5872.25,5872.5,5878.5,5867.25,25,20,2025-05-22 14:06:00+00:00,5878.5,target,300.0,296.5,312.5
trend_pullback,ES,volatility+time_of_day,2025-05-23,2025-05-23 14:01:00+00:00,1,5796.75,5797.0,5803.0,5791.75,25,20,2025-05-23 14:04:00+00:00,5803.0,target,300.0,296.5,312.5
trend_pullback,ES,volatility+time_of_day,2025-05-23,2025-05-23 14:05:00+00:00,1,5805.0,5805.25,5811.25,5800.0,25,20,2025-05-23 14:08:00+00:00,5799.75,stop,-275.0,-278.5,312.5
trend_pullback,ES,volatility+time_of_day,2025-05-23,2025-05-23 14:11:00+00:00,1,5801.5,5801.75,5807.75,5796.5,25,20,2025-05-23 14:12:00+00:00,5807.75,target,300.0,296.5,312.5
trend_pullback,ES,volatility+time_of_day,2025-05-27,2025-05-27 13:50:00+00:00,1,5885.75,5886.0,5892.0,5880.75,25,20,2025-05-27 14:00:00+00:00,5892.0,target,300.0,296.5,312.5
trend_pullback,ES,volatility+time_of_day,2025-05-28,2025-05-28 13:49:00+00:00,-1,5937.25,5937.0,5931.0,5942.25,25,20,2025-05-28 13:57:00+00:00,5931.0,target,300.0,296.5,312.5
trend_pullback,ES,volatility+time_of_day,2025-05-28,2025-05-28 13:59:00+00:00,-1,5932.5,5932.25,5926.25,5937.5,25,20,2025-05-28 14:16:00+00:00,5926.25,target,300.0,296.5,312.5
trend_pullback,ES,volatility+time_of_day,2025-05-28,2025-05-28 18:53:00+00:00,-1,5912.5,5912.25,5906.25,5917.5,25,20,2025-05-28 18:56:00+00:00,5917.75,stop,-275.0,-278.5,312.5
trend_pullback,ES,volatility+time_of_day,2025-05-29,2025-05-29 13:45:00+00:00,-1,5933.0,5932.75,5926.75,5938.0,25,20,2025-05-29 13:50:00+00:00,5926.75,target,300.0,296.5,312.5
trend_pullback,ES,volatility+time_of_day,2025-05-29,2025-05-29 14:09:00+00:00,-1,5914.75,5914.5,5908.5,5919.75,25,20,2025-05-29 14:10:00+00:00,5920.0,stop,-275.0,-278.5,312.5
trend_pullback,ES,volatility+time_of_day,2025-05-29,2025-05-29 14:11:00+00:00,-1,5914.0,5913.75,5907.75,5919.0,25,20,2025-05-29 14:14:00+00:00,5919.25,stop,-275.0,-278.5,312.5
trend_pullback,ES,volatility+time_of_day,2025-05-30,2025-05-30 13:55:00+00:00,-1,5892.0,5891.75,5885.75,5897.0,25,20,2025-05-30 14:00:00+00:00,5897.25,stop,-275.0,-278.5,312.5
trend_pullback,ES,volatility+time_of_day,2025-05-30,2025-05-30 14:01:00+00:00,1,5903.25,5903.5,5909.5,5898.25,25,20,2025-05-30 14:06:00+00:00,5909.5,target,300.0,296.5,312.5
trend_pullback,ES,volatility+time_of_day,2025-05-30,2025-05-30 14:07:00+00:00,1,5909.5,5909.75,5915.75,5904.5,25,20,2025-05-30 14:13:00+00:00,5915.75,target,300.0,296.5,312.5
trend_pullback,ES,volatility+time_of_day,2025-06-02,2025-06-02 13:49:00+00:00,-1,5904.5,5904.25,5898.25,5909.5,25,20,2025-06-02 13:50:00+00:00,5898.25,target,300.0,296.5,312.5
trend_pullback,ES,volatility+time_of_day,2025-06-02,2025-06-02 13:51:00+00:00,-1,5895.0,5894.75,5888.75,5900.0,25,20,2025-06-02 13:52:00+00:00,5888.75,target,300.0,296.5,312.5
trend_pullback,ES,volatility+time_of_day,2025-06-02,2025-06-02 13:53:00+00:00,-1,5889.5,5889.25,5883.25,5894.5,25,20,2025-06-02 13:56:00+00:00,5894.75,stop,-275.0,-278.5,312.5
trend_pullback,ES,volatility+time_of_day,2025-06-03,2025-06-03 13:47:00+00:00,1,5951.25,5951.5,5957.5,5946.25,25,20,2025-06-03 13:54:00+00:00,5946.0,stop,-275.0,-278.5,312.5
trend_pullback,ES,volatility+time_of_day,2025-06-03,2025-06-03 14:21:00+00:00,1,5954.25,5954.5,5960.5,5949.25,25,20,2025-06-03 14:49:00+00:00,5960.5,target,300.0,296.5,312.5
trend_pullback,ES,volatility+time_of_day,2025-06-03,2025-06-03 18:23:00+00:00,1,5977.5,5977.75,5983.75,5972.5,25,20,2025-06-03 18:30:00+00:00,5983.75,target,300.0,296.5,312.5
trend_pullback,ES,volatility+time_of_day,2025-06-04,2025-06-04 14:03:00+00:00,-1,5987.0,5986.75,5980.75,5992.0,25,20,2025-06-04 14:06:00+00:00,5980.75,target,300.0,296.5,312.5
trend_pullback,ES,volatility+time_of_day,2025-06-04,2025-06-04 14:07:00+00:00,-1,5978.75,5978.5,5972.5,5983.75,25,20,2025-06-04 14:10:00+00:00,5984.0,stop,-275.0,-278.5,312.5
trend_pullback,ES,volatility+time_of_day,2025-06-04,2025-06-04 14:11:00+00:00,-1,5984.75,5984.5,5978.5,5989.75,25,20,2025-06-04 14:15:00+00:00,5990.0,stop,-275.0,-278.5,312.5
trend_pullback,ES,volatility+time_of_day,2025-06-05,2025-06-05 13:45:00+00:00,-1,5968.5,5968.25,5962.25,5973.5,25,20,2025-06-05 13:47:00+00:00,5962.25,target,300.0,296.5,312.5
trend_pullback,ES,volatility+time_of_day,2025-06-05,2025-06-05 13:52:00+00:00,-1,5965.0,5964.75,5958.75,5970.0,25,20,2025-06-05 13:57:00+00:00,5958.75,target,300.0,296.5,312.5
trend_pullback,ES,volatility+time_of_day,2025-06-05,2025-06-05 14:02:00+00:00,-1,5962.5,5962.25,5956.25,5967.5,25,20,2025-06-05 14:05:00+00:00,5967.75,stop,-275.0,-278.5,312.5
trend_pullback,ES,volatility+time_of_day,2025-06-06,2025-06-06 13:46:00+00:00,1,6023.75,6024.0,6030.0,6018.75,25,20,2025-06-06 13:51:00+00:00,6018.5,stop,-275.0,-278.5,312.5
trend_pullback,ES,volatility+time_of_day,2025-06-06,2025-06-06 14:04:00+00:00,-1,6013.75,6013.5,6007.5,6018.75,25,20,2025-06-06 14:10:00+00:00,6019.0,stop,-275.0,-278.5,312.5
trend_pullback,ES,volatility+time_of_day,2025-06-06,2025-06-06 14:13:00+00:00,-1,6013.0,6012.75,6006.75,6018.0,25,20,2025-06-06 14:29:00+00:00,6006.75,target,300.0,296.5,312.5
trend_pullback,ES,volatility+time_of_day,2025-06-09,2025-06-09 13:51:00+00:00,1,6008.0,6008.25,6014.25,6003.0,25,20,2025-06-09 14:03:00+00:00,6002.75,stop,-275.0,-278.5,312.5
trend_pullback,ES,volatility+time_of_day,2025-06-10,2025-06-10 18:01:00+00:00,-1,6020.0,6019.75,6013.75,6025.0,25,20,2025-06-10 18:08:00+00:00,6025.25,stop,-275.0,-278.5,312.5
trend_pullback,ES,volatility+time_of_day,2025-06-10,2025-06-10 18:10:00+00:00,-1,6022.25,6022.0,6016.0,6027.25,25,20,2025-06-10 18:36:00+00:00,6027.5,stop,-275.0,-278.5,312.5
trend_pullback,ES,volatility+time_of_day,2025-06-10,2025-06-10 19:00:00+00:00,1,6040.75,6041.0,6047.0,6035.75,25,20,2025-06-10 19:05:00+00:00,6047.0,target,300.0,296.5,312.5
trend_pullback,ES,volatility+time_of_day,2025-06-11,2025-06-11 13:58:00+00:00,1,6049.75,6050.0,6056.0,6044.75,25,20,2025-06-11 14:16:00+00:00,6056.0,target,300.0,296.5,312.5
trend_pullback,ES,volatility+time_of_day,2025-06-11,2025-06-11 17:47:00+00:00,-1,6047.0,6046.75,6040.75,6052.0,25,20,2025-06-11 17:58:00+00:00,6040.75,target,300.0,296.5,312.5
trend_pullback,ES,volatility+time_of_day,2025-06-11,2025-06-11 18:01:00+00:00,-1,6035.25,6035.0,6029.0,6040.25,25,20,2025-06-11 18:02:00+00:00,6029.0,target,300.0,296.5,312.5
trend_pullback,ES,volatility+time_of_day,2025-06-12,2025-06-12 13:46:00+00:00,1,6019.0,6019.25,6025.25,6014.0,25,20,2025-06-12 13:52:00+00:00,6025.25,target,300.0,296.5,312.5
trend_pullback,ES,volatility+time_of_day,2025-06-12,2025-06-12 14:08:00+00:00,1,6029.0,6029.25,6035.25,6024.0,25,20,2025-06-12 14:17:00+00:00,6035.25,target,300.0,296.5,312.5
trend_pullback,ES,volatility+time_of_day,2025-06-12,2025-06-12 14:19:00+00:00,1,6035.75,6036.0,6042.0,6030.75,25,20,2025-06-12 14:37:00+00:00,6042.0,target,300.0,296.5,312.5
trend_pullback,ES,volatility+time_of_day,2025-06-13,2025-06-13 13:51:00+00:00,-1,6000.25,6000.0,5994.0,6005.25,25,20,2025-06-13 13:55:00+00:00,5994.0,target,300.0,296.5,312.5
trend_pullback,ES,volatility+time_of_day,2025-06-13,2025-06-13 13:56:00+00:00,-1,5996.0,5995.75,5989.75,6001.0,25,20,2025-06-13 13:58:00+00:00,5989.75,target,300.0,296.5,312.5
trend_pullback,ES,volatility+time_of_day,2025-06-13,2025-06-13 13:59:00+00:00,-1,5990.0,5989.75,5983.75,5995.0,25,20,2025-06-13 14:00:00+00:00,5995.25,stop,-275.0,-278.5,312.5
trend_pullback,ES,volatility+time_of_day,2025-06-16,2025-06-16 13:52:00+00:00,1,6034.0,6034.25,6040.25,6029.0,25,20,2025-06-16 13:54:00+00:00,6040.25,target,300.0,296.5,312.5
trend_pullback,ES,volatility+time_of_day,2025-06-16,2025-06-16 13:55:00+00:00,1,6041.75,6042.0,6048.0,6036.75,25,20,2025-06-16 14:14:00+00:00,6048.0,target,300.0,296.5,312.5
trend_pullback,ES,volatility+time_of_day,2025-06-16,2025-06-16 14:19:00+00:00,1,6050.5,6050.75,6056.75,6045.5,25,20,2025-06-16 15:05:00+00:00,6045.25,stop,-275.0,-278.5,312.5
trend_pullback,ES,volatility+time_of_day,2025-06-17,2025-06-17 14:02:00+00:00,1,6015.5,6015.75,6021.75,6010.5,25,20,2025-06-17 14:10:00+00:00,6021.75,target,300.0,296.5,312.5
trend_pullback,ES,volatility+time_of_day,2025-06-17,2025-06-17 14:14:00+00:00,1,6024.75,6025.0,6031.0,6019.75,25,20,2025-06-17 14:24:00+00:00,6019.5,stop,-275.0,-278.5,312.5
trend_pullback,ES,volatility+time_of_day,2025-06-17,2025-06-17 17:46:00+00:00,-1,5996.75,5996.5,5990.5,6001.75,25,20,2025-06-17 17:48:00+00:00,5990.5,target,300.0,296.5,312.5
trend_pullback,ES,volatility+time_of_day,2025-06-18,2025-06-18 13:45:00+00:00,1,6043.5,6043.75,6049.75,6038.5,25,20,2025-06-18 13:49:00+00:00,6049.75,target,300.0,296.5,312.5
trend_pullback,ES,volatility+time_of_day,2025-06-18,2025-06-18 13:55:00+00:00,1,6053.5,6053.75,6059.75,6048.5,25,20,2025-06-18 14:01:00+00:00,6048.25,stop,-275.0,-278.5,312.5
trend_pullback,ES,volatility+time_of_day,2025-06-18,2025-06-18 14:12:00+00:00,1,6060.25,6060.5,6066.5,6055.25,25,20,2025-06-18 14:18:00+00:00,6066.5,target,300.0,296.5,312.5
trend_pullback,ES,volatility+time_of_day,2025-06-19,2025-06-19 13:47:00+00:00,-1,5978.0,5977.75,5971.75,5983.0,25,20,2025-06-19 13:48:00+00:00,5971.75,target,300.0,296.5,312.5
trend_pullback,ES,volatility+time_of_day,2025-06-19,2025-06-19 13:51:00+00:00,-1,5974.25,5974.0,5968.0,5979.25,25,20,2025-06-19 13:55:00+00:00,5979.5,stop,-275.0,-278.5,312.5
trend_pullback,ES,volatility+time_of_day,2025-06-20,2025-06-20 13:51:00+00:00,-1,6051.25,6051.0,6045.0,6056.25,25,20,2025-06-20 14:06:00+00:00,6045.0,target,300.0,296.5,312.5
trend_pullback,ES,volatility+time_of_day,2025-06-20,2025-06-20 14:07:00+00:00,-1,6045.5,6045.25,6039.25,6050.5,25,20,2025-06-20 14:24:00+00:00,6039.25,target,300.0,296.5,312.5
trend_pullback,ES,volatility+time_of_day,2025-06-20,2025-06-20 14:26:00+00:00,-1,6031.5,6031.25,6025.25,6036.5,25,20,2025-06-20 14:28:00+00:00,6036.75,stop,-275.0,-278.5,312.5
trend_pullback,ES,volatility+time_of_day,2025-06-23,2025-06-23 13:46:00+00:00,1,6032.5,6032.75,6038.75,6027.5,25,20,2025-06-23 13:53:00+00:00,6038.75,target,300.0,296.5,312.5
trend_pullback,ES,volatility+time_of_day,2025-06-23,2025-06-23 13:58:00+00:00,1,6039.75,6040.0,6046.0,6034.75,25,20,2025-06-23 14:00:00+00:00,6046.0,target,300.0,296.5,312.5
trend_pullback,ES,volatility+time_of_day,2025-06-23,2025-06-23 14:01:00+00:00,1,6045.75,6046.0,6052.0,6040.75,25,20,2025-06-23 14:05:00+00:00,6052.0,target,300.0,296.5,312.5
trend_pullback,ES,volatility+time_of_day,2025-06-24,2025-06-24 13:45:00+00:00,1,6128.0,6128.25,6134.25,6123.0,25,20,2025-06-24 13:50:00+00:00,6122.75,stop,-275.0,-278.5,312.5
trend_pullback,ES,volatility+time_of_day,2025-06-24,2025-06-24 13:53:00+00:00,-1,6122.0,6121.75,6115.75,6127.0,25,20,2025-06-24 13:58:00+00:00,6115.75,target,300.0,296.5,312.5
trend_pullback,ES,volatility+time_of_day,2025-06-24,2025-06-24 14:02:00+00:00,-1,6117.75,6117.5,6111.5,6122.75,25,20,2025-06-24 14:08:00+00:00,6111.5,target,300.0,296.5,312.5
trend_pullback,ES,volatility+time_of_day,2025-06-25,2025-06-25 14:15:00+00:00,-1,6149.0,6148.75,6142.75,6154.0,25,20,2025-06-25 14:25:00+00:00,6154.25,stop,-275.0,-278.5,312.5
trend_pullback,ES,volatility+time_of_day,2025-06-26,2025-06-26 13:51:00+00:00,-1,6160.25,6160.0,6154.0,6165.25,25,20,2025-06-26 13:55:00+00:00,6165.5,stop,-275.0,-278.5,312.5
trend_pullback,ES,volatility+time_of_day,2025-06-26,2025-06-26 14:02:00+00:00,1,6171.0,6171.25,6177.25,6166.0,25,20,2025-06-26 14:30:00+00:00,6177.25,target,300.0,296.5,312.5
trend_pullback,ES,volatility+time_of_day,2025-06-27,2025-06-27 14:08:00+00:00,1,6227.0,6227.25,6233.25,6222.0,25,20,2025-06-27 14:25:00+00:00,6221.75,stop,-275.0,-278.5,312.5
trend_pullback,ES,volatility+time_of_day,2025-06-27,2025-06-27 14:42:00+00:00,1,6228.5,6228.75,6234.75,6223.5,25,20,2025-06-27 14:52:00+00:00,6223.25,stop,-275.0,-278.5,312.5
trend_pullback,ES,volatility+time_of_day,2025-06-27,2025-06-27 17:45:00+00:00,-1,6216.75,6216.5,6210.5,6221.75,25,20,2025-06-27 17:46:00+00:00,6210.5,target,300.0,296.5,312.5
trend_pullback,ES,volatility+time_of_day,2025-06-30,2025-06-30 13:50:00+00:00,-1,6235.75,6235.5,6229.5,6240.75,25,20,2025-06-30 13:53:00+00:00,6241.0,stop,-275.0,-278.5,312.5
trend_pullback,ES,volatility+time_of_day,2025-07-01,2025-07-01 13:49:00+00:00,1,6244.75,6245.0,6251.0,6239.75,25,20,2025-07-01 14:15:00+00:00,6251.0,target,300.0,296.5,312.5
trend_pullback,ES,volatility+time_of_day,2025-07-01,2025-07-01 14:19:00+00:00,1,6250.5,6250.75,6256.75,6245.5,25,20,2025-07-01 14:22:00+00:00,6245.25,stop,-275.0,-278.5,312.5
trend_pullback,ES,volatility+time_of_day,2025-07-01,2025-07-01 14:44:00+00:00,-1,6238.5,6238.25,6232.25,6243.5,25,20,2025-07-01 15:04:00+00:00,6243.75,stop,-275.0,-278.5,312.5
trend_pullback,ES,volatility+time_of_day,2025-07-02,2025-07-02 13:48:00+00:00,1,6247.75,6248.0,6254.0,6242.75,25,20,2025-07-02 13:57:00+00:00,6242.5,stop,-275.0,-278.5,312.5
trend_pullback,ES,volatility+time_of_day,2025-07-03,2025-07-03 13:51:00+00:00,1,6311.75,6312.0,6318.0,6306.75,25,20,2025-07-03 14:02:00+00:00,6318.0,target,300.0,296.5,312.5
trend_pullback,ES,volatility+time_of_day,2025-07-07,2025-07-07 13:57:00+00:00,1,6307.75,6308.0,6314.0,6302.75,25,20,2025-07-07 14:01:00+00:00,6302.5,stop,-275.0,-278.5,312.5
trend_pullback,ES,volatility+time_of_day,2025-07-07,2025-07-07 14:04:00+00:00,-1,6299.0,6298.75,6292.75,6304.0,25,20,2025-07-07 14:51:00+00:00,6292.75,target,300.0,296.5,312.5
trend_pullback,ES,volatility+time_of_day,2025-07-07,2025-07-07 14:57:00+00:00,-1,6288.5,6288.25,6282.25,6293.5,25,20,2025-07-07 15:46:00+00:00,6282.25,target,300.0,296.5,312.5
trend_pullback,ES,volatility+time_of_day,2025-07-08,2025-07-08 13:47:00+00:00,1,6282.75,6283.0,6289.0,6277.75,25,20,2025-07-08 13:58:00+00:00,6277.5,stop,-275.0,-278.5,312.5
trend_pullback,ES,volatility+time_of_day,2025-07-08,2025-07-08 14:01:00+00:00,-1,6274.75,6274.5,6268.5,6279.75,25,20,2025-07-08 14:05:00+00:00,6268.5,target,300.0,296.5,312.5
trend_pullback,ES,volatility+time_of_day,2025-07-08,2025-07-08 14:06:00+00:00,-1,6267.25,6267.0,6261.0,6272.25,25,20,2025-07-08 14:14:00+00:00,6272.5,stop,-275.0,-278.5,312.5
trend_pullback,ES,volatility+time_of_day,2025-07-09,2025-07-09 13:49:00+00:00,1,6313.25,6313.5,6319.5,6308.25,25,20,2025-07-09 14:04:00+00:00,6308.0,stop,-275.0,-278.5,312.5
trend_pullback,ES,volatility+time_of_day,2025-07-09,2025-07-09 14:30:00+00:00,-1,6296.25,6296.0,6290.0,6301.25,25,20,2025-07-09 14:31:00+00:00,6290.0,target,300.0,296.5,312.5
trend_pullback,ES,volatility+time_of_day,2025-07-09,2025-07-09 14:33:00+00:00,-1,6295.0,6294.75,6288.75,6300.0,25,20,2025-07-09 14:36:00+00:00,6288.75,target,300.0,296.5,312.5
trend_pullback,ES,volatility+time_of_day,2025-07-10,2025-07-10 14:03:00+00:00,-1,6298.5,6298.25,6292.25,6303.5,25,20,2025-07-10 14:11:00+00:00,6303.75,stop,-275.0,-278.5,312.5
trend_pullback,ES,volatility+time_of_day,2025-07-10,2025-07-10 14:13:00+00:00,1,6302.75,6303.0,6309.0,6297.75,25,20,2025-07-10 14:37:00+00:00,6309.0,target,300.0,296.5,312.5
trend_pullback,ES,volatility+time_of_day,2025-07-10,2025-07-10 14:46:00+00:00,1,6313.5,6313.75,6319.75,6308.5,25,20,2025-07-10 15:17:00+00:00,6319.75,target,300.0,296.5,312.5
trend_pullback,ES,volatility+time_of_day,2025-07-11,2025-07-11 13:45:00+00:00,-1,6281.0,6280.75,6274.75,6286.0,25,20,2025-07-11 13:48:00+00:00,6286.25,stop,-275.0,-278.5,312.5
trend_pullback,ES,volatility+time_of_day,2025-07-11,2025-07-11 13:50:00+00:00,1,6290.75,6291.0,6297.0,6285.75,25,20,2025-07-11 14:05:00+00:00,6297.0,target,300.0,296.5,312.5
trend_pullback,ES,volatility+time_of_day,2025-07-11,2025-07-11 15:16:00+00:00,-1,6293.75,6293.5,6287.5,6298.75,25,20,2025-07-11 15:20:00+00:00,6299.0,stop,-275.0,-278.5,312.5
trend_pullback,ES,volatility+time_of_day,2025-07-14,2025-07-14 13:46:00+00:00,-1,6284.75,6284.5,6278.5,6289.75,25,20,2025-07-14 13:48:00+00:00,6290.0,stop,-275.0,-278.5,312.5
trend_pullback,ES,volatility+time_of_day,2025-07-14,2025-07-14 13:54:00+00:00,1,6294.75,6295.0,6301.0,6289.75,25,20,2025-07-14 13:56:00+00:00,6289.5,stop,-275.0,-278.5,312.5
trend_pullback,ES,volatility+time_of_day,2025-07-14,2025-07-14 14:20:00+00:00,1,6295.75,6296.0,6302.0,6290.75,25,20,2025-07-14 14:28:00+00:00,6290.5,stop,-275.0,-278.5,312.5
trend_pullback,ES,volatility+time_of_day,2025-07-15,2025-07-15 13:47:00+00:00,-1,6322.0,6321.75,6315.75,6327.0,25,20,2025-07-15 14:04:00+00:00,6315.75,target,300.0,296.5,312.5
trend_pullback,ES,volatility+time_of_day,2025-07-15,2025-07-15 14:27:00+00:00,-1,6317.75,6317.5,6311.5,6322.75,25,20,2025-07-15 14:32:00+00:00,6311.5,target,300.0,296.5,312.5
trend_pullback,ES,volatility+time_of_day,2025-07-15,2025-07-15 14:36:00+00:00,-1,6314.0,6313.75,6307.75,6319.0,25,20,2025-07-15 14:51:00+00:00,6307.75,target,300.0,296.5,312.5
trend_pullback,ES,volatility+time_of_day,2025-07-16,2025-07-16 13:47:00+00:00,-1,6291.25,6291.0,6285.0,6296.25,25,20,2025-07-16 13:50:00+00:00,6285.0,target,300.0,296.5,312.5
trend_pullback,ES,volatility+time_of_day,2025-07-16,2025-07-16 13:53:00+00:00,-1,6286.25,6286.0,6280.0,6291.25,25,20,2025-07-16 14:07:00+00:00,6280.0,target,300.0,296.5,312.5
trend_pullback,ES,volatility+time_of_day,2025-07-16,2025-07-16 15:01:00+00:00,-1,6284.75,6284.5,6278.5,6289.75,25,20,2025-07-16 15:04:00+00:00,6290.0,stop,-275.0,-278.5,312.5
trend_pullback,ES,volatility+time_of_day,2025-07-17,2025-07-17 13:46:00+00:00,1,6316.0,6316.25,6322.25,6311.0,25,20,2025-07-17 13:53:00+00:00,6322.25,target,300.0,296.5,312.5
trend_pullback,ES,volatility+time_of_day,2025-07-17,2025-07-17 14:27:00+00:00,-1,6312.75,6312.5,6306.5,6317.75,25,20,2025-07-17 14:32:00+00:00,6318.0,stop,-275.0,-278.5,312.5
trend_pullback,ES,volatility+time_of_day,2025-07-17,2025-07-17 14:36:00+00:00,1,6317.5,6317.75,6323.75,6312.5,25,20,2025-07-17 14:38:00+00:00,6312.25,stop,-275.0,-278.5,312.5
trend_pullback,ES,volatility+time_of_day,2025-07-18,2025-07-18 13:50:00+00:00,1,6349.5,6349.75,6355.75,6344.5,25,20,2025-07-18 13:52:00+00:00,6344.25,stop,-275.0,-278.5,312.5
trend_pullback,ES,volatility+time_of_day,2025-07-18,2025-07-18 14:15:00+00:00,-1,6338.25,6338.0,6332.0,6343.25,25,20,2025-07-18 14:26:00+00:00,6332.0,target,300.0,296.5,312.5
trend_pullback,ES,volatility+time_of_day,2025-07-21,2025-07-21 13:47:00+00:00,1,6358.25,6358.5,6364.5,6353.25,25,20,2025-07-21 13:56:00+00:00,6364.5,target,300.0,296.5,312.5
trend_pullback,ES,volatility+time_of_day,2025-07-21,2025-07-21 13:58:00+00:00,1,6363.5,6363.75,6369.75,6358.5,25,20,2025-07-21 14:21:00+00:00,6369.75,target,300.0,296.5,312.5
trend_pullback,ES,volatility+time_of_day,2025-07-21,2025-07-21 19:10:00+00:00,-1,6351.25,6351.0,6345.0,6356.25,25,20,2025-07-21 19:45:00+00:00,6345.0,target,300.0,296.5,312.5
trend_pullback,ES,volatility+time_of_day,2025-07-22,2025-07-22 13:50:00+00:00,-1,6337.0,6336.75,6330.75,6342.0,25,20,2025-07-22 13:52:00+00:00,6330.75,target,300.0,296.5,312.5
trend_pullback,ES,volatility+time_of_day,2025-07-22,2025-07-22 13:57:00+00:00,-1,6326.0,6325.75,6319.75,6331.0,25,20,2025-07-22 14:00:00+00:00,6319.75,target,300.0,296.5,312.5
trend_pullback,ES,volatility+time_of_day,2025-07-22,2025-07-22 14:01:00+00:00,-1,6322.25,6322.0,6316.0,6327.25,25,20,2025-07-22 14:07:00+00:00,6327.5,stop,-275.0,-278.5,312.5
trend_pullback,ES,volatility+time_of_day,2025-07-23,2025-07-23 13:49:00+00:00,-1,6360.0,6359.75,6353.75,6365.0,25,20,2025-07-23 14:00:00+00:00,6353.75,target,300.0,296.5,312.5
trend_pullback,ES,volatility+time_of_day,2025-07-24,2025-07-24 14:16:00+00:00,-1,6399.75,6399.5,6393.5,6404.75,25,20,2025-07-24 14:29:00+00:00,6405.0,stop,-275.0,-278.5,312.5
trend_pullback,ES,volatility+time_of_day,2025-07-25,2025-07-25 14:35:00+00:00,1,6413.0,6413.25,6419.25,6408.0,25,20,2025-07-25 16:23:00+00:00,6419.25,target,300.0,296.5,312.5
trend_pullback,ES,volatility+time_of_day,2025-07-28,2025-07-28 15:26:00+00:00,-1,6422.0,6421.75,6415.75,6427.0,25,20,2025-07-28 15:36:00+00:00,6427.25,stop,-275.0,-278.5,312.5
trend_pullback,ES,volatility+time_of_day,2025-07-28,2025-07-28 18:09:00+00:00,-1,6411.5,6411.25,6405.25,6416.5,25,20,2025-07-28 18:51:00+00:00,6416.75,stop,-275.0,-278.5,312.5
trend_pullback,ES,volatility+time_of_day,2025-07-29,2025-07-29 13:50:00+00:00,-1,6426.75,6426.5,6420.5,6431.75,25,20,2025-07-29 13:54:00+00:00,6432.0,stop,-275.0,-278.5,312.5
trend_pullback,ES,volatility+time_of_day,2025-07-29,2025-07-29 13:56:00+00:00,-1,6429.25,6429.0,6423.0,6434.25,25,20,2025-07-29 13:57:00+00:00,6434.5,stop,-275.0,-278.5,312.5
trend_pullback,ES,volatility+time_of_day,2025-07-29,2025-07-29 14:56:00+00:00,-1,6420.25,6420.0,6414.0,6425.25,25,20,2025-07-29 15:21:00+00:00,6414.0,target,300.0,296.5,312.5
trend_pullback,ES,volatility+time_of_day,2025-07-30,2025-07-30 13:56:00+00:00,-1,6406.5,6406.25,6400.25,6411.5,25,20,2025-07-30 14:15:00+00:00,6411.75,stop,-275.0,-278.5,312.5
trend_pullback,ES,volatility+time_of_day,2025-07-30,2025-07-30 14:27:00+00:00,1,6417.0,6417.25,6423.25,6412.0,25,20,2025-07-30 15:03:00+00:00,6411.75,stop,-275.0,-278.5,312.5
trend_pullback,ES,volatility+time_of_day,2025-07-30,2025-07-30 15:13:00+00:00,-1,6404.25,6404.0,6398.0,6409.25,25,20,2025-07-30 15:44:00+00:00,6409.5,stop,-275.0,-278.5,312.5
trend_pullback,ES,volatility+time_of_day,2025-07-31,2025-07-31 13:45:00+00:00,-1,6430.25,6430.0,6424.0,6435.25,25,20,2025-07-31 13:48:00+00:00,6435.5,stop,-275.0,-278.5,312.5
trend_pullback,ES,volatility+time_of_day,2025-07-31,2025-07-31 13:52:00+00:00,1,6444.0,6444.25,6450.25,6439.0,25,20,2025-07-31 13:58:00+00:00,6450.25,target,300.0,296.5,312.5
trend_pullback,ES,volatility+time_of_day,2025-07-31,2025-07-31 14:00:00+00:00,1,6446.0,6446.25,6452.25,6441.0,25,20,2025-07-31 14:12:00+00:00,6440.75,stop,-275.0,-278.5,312.5
trend_pullback,ES,volatility+time_of_day,2025-08-01,2025-08-01 13:45:00+00:00,-1,6265.5,6265.25,6259.25,6270.5,25,20,2025-08-01 13:47:00+00:00,6270.75,stop,-275.0,-278.5,312.5
trend_pullback,ES,volatility+time_of_day,2025-08-01,2025-08-01 13:48:00+00:00,-1,6262.5,6262.25,6256.25,6267.5,25,20,2025-08-01 13:56:00+00:00,6267.75,stop,-275.0,-278.5,312.5
trend_pullback,ES,volatility+time_of_day,2025-08-01,2025-08-01 14:02:00+00:00,-1,6245.75,6245.5,6239.5,6250.75,25,20,2025-08-01 14:03:00+00:00,6251.0,stop,-275.0,-278.5,312.5
trend_pullback,ES,volatility+time_of_day,2025-08-04,2025-08-04 13:46:00+00:00,1,6330.75,6331.0,6337.0,6325.75,25,20,2025-08-04 13:52:00+00:00,6325.5,stop,-275.0,-278.5,312.5
trend_pullback,ES,volatility+time_of_day,2025-08-04,2025-08-04 13:53:00+00:00,1,6328.75,6329.0,6335.0,6323.75,25,20,2025-08-04 13:57:00+00:00,6335.0,target,300.0,296.5,312.5
trend_pullback,ES,volatility+time_of_day,2025-08-04,2025-08-04 14:00:00+00:00,1,6339.25,6339.5,6345.5,6334.25,25,20,2025-08-04 14:08:00+00:00,6334.0,stop,-275.0,-278.5,312.5
trend_pullback,ES,volatility+time_of_day,2025-08-05,2025-08-05 14:01:00+00:00,-1,6354.75,6354.5,6348.5,6359.75,25,20,2025-08-05 14:06:00+00:00,6348.5,target,300.0,296.5,312.5
trend_pullback,ES,volatility+time_of_day,2025-08-05,2025-08-05 14:08:00+00:00,-1,6351.25,6351.0,6345.0,6356.25,25,20,2025-08-05 14:10:00+00:00,6356.5,stop,-275.0,-278.5,312.5
trend_pullback,ES,volatility+time_of_day,2025-08-05,2025-08-05 14:11:00+00:00,-1,6352.75,6352.5,6346.5,6357.75,25,20,2025-08-05 14:17:00+00:00,6346.5,target,300.0,296.5,312.5
trend_pullback,ES,volatility+time_of_day,2025-08-06,2025-08-06 13:53:00+00:00,1,6339.75,6340.0,6346.0,6334.75,25,20,2025-08-06 13:57:00+00:00,6334.5,stop,-275.0,-278.5,312.5
trend_pullback,ES,volatility+time_of_day,2025-08-06,2025-08-06 14:02:00+00:00,1,6341.75,6342.0,6348.0,6336.75,25,20,2025-08-06 14:05:00+00:00,6348.0,target,300.0,296.5,312.5
trend_pullback,ES,volatility+time_of_day,2025-08-06,2025-08-06 14:11:00+00:00,1,6347.75,6348.0,6354.0,6342.75,25,20,2025-08-06 14:13:00+00:00,6342.5,stop,-275.0,-278.5,312.5
trend_pullback,ES,volatility+time_of_day,2025-08-07,2025-08-07 13:45:00+00:00,-1,6399.75,6399.5,6393.5,6404.75,25,20,2025-08-07 13:50:00+00:00,6405.0,stop,-275.0,-278.5,312.5
trend_pullback,ES,volatility+time_of_day,2025-08-07,2025-08-07 13:51:00+00:00,-1,6402.25,6402.0,6396.0,6407.25,25,20,2025-08-07 13:55:00+00:00,6407.5,stop,-275.0,-278.5,312.5
trend_pullback,ES,volatility+time_of_day,2025-08-07,2025-08-07 13:59:00+00:00,1,6409.25,6409.5,6415.5,6404.25,25,20,2025-08-07 14:01:00+00:00,6404.0,stop,-275.0,-278.5,312.5
trend_pullback,ES,volatility+time_of_day,2025-08-08,2025-08-08 13:46:00+00:00,1,6394.0,6394.25,6400.25,6389.0,25,20,2025-08-08 13:55:00+00:00,6400.25,target,300.0,296.5,312.5
trend_pullback,ES,volatility+time_of_day,2025-08-08,2025-08-08 14:03:00+00:00,1,6405.75,6406.0,6412.0,6400.75,25,20,2025-08-08 14:15:00+00:00,6400.5,stop,-275.0,-278.5,312.5
trend_pullback,ES,volatility+time_of_day,2025-08-08,2025-08-08 14:35:00+00:00,1,6412.5,6412.75,6418.75,6407.5,25,20,2025-08-08 14:41:00+00:00,6407.25,stop,-275.0,-278.5,312.5
trend_pullback,ES,volatility+time_of_day,2025-08-11,2025-08-11 14:05:00+00:00,1,6416.75,6417.0,6423.0,6411.75,25,20,2025-08-11 14:40:00+00:00,6411.5,stop,-275.0,-278.5,312.5
trend_pullback,ES,volatility+time_of_day,2025-08-11,2025-08-11 14:56:00+00:00,-1,6409.5,6409.25,6403.25,6414.5,25,20,2025-08-11 15:20:00+00:00,6414.75,stop,-275.0,-278.5,312.5
trend_pullback,ES,volatility+time_of_day,2025-08-11,2025-08-11 17:42:00+00:00,-1,6407.0,6406.75,6400.75,6412.0,25,20,2025-08-11 18:44:00+00:00,6400.75,target,300.0,296.5,312.5
trend_pullback,ES,volatility+time_of_day,2025-08-12,2025-08-12 13:47:00+00:00,-1,6423.75,6423.5,6417.5,6428.75,25,20,2025-08-12 13:48:00+00:00,6417.5,target,300.0,296.5,312.5
trend_pullback,ES,volatility+time_of_day,2025-08-12,2025-08-12 13:49:00+00:00,-1,6416.75,6416.5,6410.5,6421.75,25,20,2025-08-12 13:50:00+00:00,6410.5,target,300.0,296.5,312.5
trend_pullback,ES,volatility+time_of_day,2025-08-12,2025-08-12 13:58:00+00:00,-1,6413.25,6413.0,6407.0,6418.25,25,20,2025-08-12 14:03:00+00:00,6418.5,stop,-275.0,-278.5,312.5
trend_pullback,ES,volatility+time_of_day,2025-08-13,2025-08-13 13:47:00+00:00,1,6498.0,6498.25,6504.25,6493.0,25,20,2025-08-13 14:00:00+00:00,6492.75,stop,-275.0,-278.5,312.5
trend_pullback,ES,volatility+time_of_day,2025-08-13,2025-08-13 14:01:00+00:00,-1,6492.5,6492.25,6486.25,6497.5,25,20,2025-08-13 14:06:00+00:00,6497.75,stop,-275.0,-278.5,312.5
trend_pullback,ES,volatility+time_of_day,2025-08-13,2025-08-13 14:28:00+00:00,-1,6482.25,6482.0,6476.0,6487.25,25,20,2025-08-13 14:47:00+00:00,6476.0,target,300.0,296.5,312.5
trend_pullback,ES,volatility+time_of_day,2025-08-14,2025-08-14 13:45:00+00:00,1,6473.25,6473.5,6479.5,6468.25,25,20,2025-08-14 13:51:00+00:00,6479.5,target,300.0,296.5,312.5
trend_pullback,ES,volatility+time_of_day,2025-08-14,2025-08-14 14:06:00+00:00,1,6480.75,6481.0,6487.0,6475.75,25,20,2025-08-14 14:31:00+00:00,6487.0,target,300.0,296.5,312.5
trend_pullback,ES,volatility+time_of_day,2025-08-14,2025-08-14 14:36:00+00:00,1,6485.75,6486.0,6492.0,6480.75,25,20,2025-08-14 14:46:00+00:00,6492.0,target,300.0,296.5,312.5
trend_pullback,ES,volatility+time_of_day,2025-08-15,2025-08-15 13:47:00+00:00,-1,6481.75,6481.5,6475.5,6486.75,25,20,2025-08-15 13:49:00+00:00,6475.5,target,300.0,296.5,312.5
trend_pullback,ES,volatility+time_of_day,2025-08-15,2025-08-15 13:51:00+00:00,-1,6477.25,6477.0,6471.0,6482.25,25,20,2025-08-15 14:00:00+00:00,6471.0,target,300.0,296.5,312.5
trend_pullback,ES,volatility+time_of_day,2025-08-15,2025-08-15 14:54:00+00:00,-1,6472.75,6472.5,6466.5,6477.75,25,20,2025-08-15 15:18:00+00:00,6478.0,stop,-275.0,-278.5,312.5
trend_pullback,ES,volatility+time_of_day,2025-08-18,2025-08-18 13:57:00+00:00,-1,6463.75,6463.5,6457.5,6468.75,25,20,2025-08-18 14:04:00+00:00,6469.0,stop,-275.0,-278.5,312.5
trend_pullback,ES,volatility+time_of_day,2025-08-18,2025-08-18 14:47:00+00:00,-1,6460.25,6460.0,6454.0,6465.25,25,20,2025-08-18 14:50:00+00:00,6465.5,stop,-275.0,-278.5,312.5
trend_pullback,ES,volatility+time_of_day,2025-08-18,2025-08-18 15:00:00+00:00,1,6468.25,6468.5,6474.5,6463.25,25,20,2025-08-18 15:16:00+00:00,6463.0,stop,-275.0,-278.5,312.5
trend_pullback,ES,volatility+time_of_day,2025-08-19,2025-08-19 14:02:00+00:00,1,6468.0,6468.25,6474.25,6463.0,25,20,2025-08-19 14:04:00+00:00,6474.25,target,300.0,296.5,312.5
trend_pullback,ES,volatility+time_of_day,2025-08-19,2025-08-19 14:06:00+00:00,1,6475.25,6475.5,6481.5,6470.25,25,20,2025-08-19 14:16:00+00:00,6470.0,stop,-275.0,-278.5,312.5
trend_pullback,ES,volatility+time_of_day,2025-08-19,2025-08-19 14:29:00+00:00,-1,6465.5,6465.25,6459.25,6470.5,25,20,2025-08-19 14:33:00+00:00,6470.75,stop,-275.0,-278.5,312.5
trend_pullback,ES,volatility+time_of_day,2025-08-20,2025-08-20 13:46:00+00:00,-1,6410.25,6410.0,6404.0,6415.25,25,20,2025-08-20 13:50:00+00:00,6404.0,target,300.0,296.5,312.5
trend_pullback,ES,volatility+time_of_day,2025-08-20,2025-08-20 13:53:00+00:00,-1,6392.25,6392.0,6386.0,6397.25,25,20,2025-08-20 13:56:00+00:00,6386.0,target,300.0,296.5,312.5
trend_pullback,ES,volatility+time_of_day,2025-08-20,2025-08-20 13:58:00+00:00,-1,6388.75,6388.5,6382.5,6393.75,25,20,2025-08-20 14:00:00+00:00,6394.0,stop,-275.0,-278.5,312.5
trend_pullback,ES,volatility+time_of_day,2025-08-21,2025-08-21 13:46:00+00:00,-1,6377.25,6377.0,6371.0,6382.25,25,20,2025-08-21 13:47:00+00:00,6382.5,stop,-275.0,-278.5,312.5
trend_pullback,ES,volatility+time_of_day,2025-08-21,2025-08-21 13:56:00+00:00,-1,6384.75,6384.5,6378.5,6389.75,25,20,2025-08-21 14:00:00+00:00,6390.0,stop,-275.0,-278.5,312.5
trend_pullback,ES,volatility+time_of_day,2025-08-21,2025-08-21 14:06:00+00:00,1,6402.5,6402.75,6408.75,6397.5,25,20,2025-08-21 14:17:00+00:00,6408.75,target,300.0,296.5,312.5
trend_pullback,ES,volatility+time_of_day,2025-08-22,2025-08-22 13:47:00+00:00,1,6423.5,6423.75,6429.75,6418.5,25,20,2025-08-22 13:57:00+00:00,6418.25,stop,-275.0,-278.5,312.5
trend_pullback,ES,volatility+time_of_day,2025-08-22,2025-08-22 13:58:00+00:00,-1,6412.0,6411.75,6405.75,6417.0,25,20,2025-08-22 14:00:00+00:00,6417.25,stop,-275.0,-278.5,312.5
trend_pullback,ES,volatility+time_of_day,2025-08-22,2025-08-22 14:02:00+00:00,1,6465.75,6466.0,6472.0,6460.75,25,20,2025-08-22 14:03:00+00:00,6472.0,target,300.0,296.5,312.5
trend_pullback,ES,volatility+time_of_day,2025-08-25,2025-08-25 14:07:00+00:00,1,6474.25,6474.5,6480.5,6469.25,25,20,2025-08-25 14:12:00+00:00,6469.0,stop,-275.0,-278.5,312.5
trend_pullback,ES,volatility+time_of_day,2025-08-25,2025-08-25 14:57:00+00:00,1,6473.0,6473.25,6479.25,6468.0,25,20,2025-08-25 15:21:00+00:00,6479.25,target,300.0,296.5,312.5
trend_pullback,ES,volatility+time_of_day,2025-08-26,2025-08-26 14:00:00+00:00,1,6455.75,6456.0,6462.0,6450.75,25,20,2025-08-26 16:15:00+00:00,6462.0,target,300.0,296.5,312.5
trend_pullback,ES,volatility+time_of_day,2025-08-28,2025-08-28 13:45:00+00:00,-1,6495.5,6495.25,6489.25,6500.5,25,20,2025-08-28 13:50:00+00:00,6489.25,target,300.0,296.5,312.5
trend_pullback,ES,volatility+time_of_day,2025-08-28,2025-08-28 13:51:00+00:00,-1,6486.25,6486.0,6480.0,6491.25,25,20,2025-08-28 14:06:00+00:00,6491.5,stop,-275.0,-278.5,312.5
trend_pullback,ES,volatility+time_of_day,2025-08-28,2025-08-28 14:44:00+00:00,1,6495.75,6496.0,6502.0,6490.75,25,20,2025-08-28 15:16:00+00:00,6502.0,target,300.0,296.5,312.5
trend_pullback,ES,volatility+time_of_day,2025-08-29,2025-08-29 13:45:00+00:00,-1,6490.5,6490.25,6484.25,6495.5,25,20,2025-08-29 13:50:00+00:00,6484.25,target,300.0,296.5,312.5
trend_pullback,ES,volatility+time_of_day,2025-08-29,2025-08-29 13:52:00+00:00,-1,6485.5,6485.25,6479.25,6490.5,25,20,2025-08-29 13:57:00+00:00,6479.25,target,300.0,296.5,312.5
trend_pullback,ES,volatility+time_of_day,2025-08-29,2025-08-29 13:59:00+00:00,-1,6479.25,6479.0,6473.0,6484.25,25,20,2025-08-29 14:01:00+00:00,6484.5,stop,-275.0,-278.5,312.5
trend_pullback,ES,volatility+time_of_day,2025-09-02,2025-09-02 13:46:00+00:00,1,6394.5,6394.75,6400.75,6389.5,25,20,2025-09-02 13:47:00+00:00,6389.25,stop,-275.0,-278.5,312.5
trend_pullback,ES,volatility+time_of_day,2025-09-02,2025-09-02 13:50:00+00:00,1,6406.75,6407.0,6413.0,6401.75,25,20,2025-09-02 13:53:00+00:00,6413.0,target,300.0,296.5,312.5
trend_pullback,ES,volatility+time_of_day,2025-09-02,2025-09-02 13:54:00+00:00,1,6414.25,6414.5,6420.5,6409.25,25,20,2025-09-02 14:00:00+00:00,6420.5,target,300.0,296.5,312.5
trend_pullback,ES,volatility+time_of_day,2025-09-03,2025-09-03 13:55:00+00:00,-1,6443.0,6442.75,6436.75,6448.0,25,20,2025-09-03 14:01:00+00:00,6448.25,stop,-275.0,-278.5,312.5
trend_pullback,ES,volatility+time_of_day,2025-09-03,2025-09-03 14:14:00+00:00,-1,6438.0,6437.75,6431.75,6443.0,25,20,2025-09-03 14:16:00+00:00,6443.25,stop,-275.0,-278.5,312.5
trend_pullback,ES,volatility+time_of_day,2025-09-03,2025-09-03 14:45:00+00:00,1,6459.25,6459.5,6465.5,6454.25,25,20,2025-09-03 15:22:00+00:00,6454.0,stop,-275.0,-278.5,312.5
trend_pullback,ES,volatility+time_of_day,2025-09-04,2025-09-04 14:03:00+00:00,-1,6463.75,6463.5,6457.5,6468.75,25,20,2025-09-04 14:15:00+00:00,6457.5,target,300.0,296.5,312.5
trend_pullback,ES,volatility+time_of_day,2025-09-04,2025-09-04 14:16:00+00:00,-1,6456.75,6456.5,6450.5,6461.75,25,20,2025-09-04 14:19:00+00:00,6462.0,stop,-275.0,-278.5,312.5
trend_pullback,ES,volatility+time_of_day,2025-09-04,2025-09-04 14:28:00+00:00,1,6469.5,6469.75,6475.75,6464.5,25,20,2025-09-04 14:36:00+00:00,6475.75,target,300.0,296.5,312.5
trend_pullback,ES,volatility+time_of_day,2025-09-05,2025-09-05 13:54:00+00:00,-1,6532.5,6532.25,6526.25,6537.5,25,20,2025-09-05 13:55:00+00:00,6526.25,target,300.0,296.5,312.5
trend_pullback,ES,volatility+time_of_day,2025-09-05,2025-09-05 13:57:00+00:00,-1,6525.5,6525.25,6519.25,6530.5,25,20,2025-09-05 13:59:00+00:00,6530.75,stop,-275.0,-278.5,312.5
trend_pullback,ES,volatility+time_of_day,2025-09-05,2025-09-05 14:00:00+00:00,-1,6524.25,6524.0,6518.0,6529.25,25,20,2025-09-05 14:02:00+00:00,6518.0,target,300.0,296.5,312.5
trend_pullback,ES,volatility+time_of_day,2025-09-08,2025-09-08 13:47:00+00:00,-1,6499.0,6498.75,6492.75,6504.0,25,20,2025-09-08 13:48:00+00:00,6504.25,stop,-275.0,-278.5,312.5
trend_pullback,ES,volatility+time_of_day,2025-09-08,2025-09-08 14:20:00+00:00,-1,6497.0,6496.75,6490.75,6502.0,25,20,2025-09-08 14:27:00+00:00,6502.25,stop,-275.0,-278.5,312.5
trend_pullback,ES,volatility+time_of_day,2025-09-08,2025-09-08 14:28:00+00:00,1,6505.5,6505.75,6511.75,6500.5,25,20,2025-09-08 14:42:00+00:00,6511.75,target,300.0,296.5,312.5
trend_pullback,ES,volatility+time_of_day,2025-09-09,2025-09-09 14:11:00+00:00,1,6514.0,6514.25,6520.25,6509.0,25,20,2025-09-09 14:15:00+00:00,6508.75,stop,-275.0,-278.5,312.5
trend_pullback,ES,volatility+time_of_day,2025-09-09,2025-09-09 14:22:00+00:00,-1,6505.75,6505.5,6499.5,6510.75,25,20,2025-09-09 14:32:00+00:00,6499.5,target,300.0,296.5,312.5
trend_pullback,ES,volatility+time_of_day,2025-09-09,2025-09-09 14:33:00+00:00,-1,6497.25,6497.0,6491.0,6502.25,25,20,2025-09-09 14:36:00+00:00,6491.0,target,300.0,296.5,312.5
trend_pullback,ES,volatility+time_of_day,2025-09-10,2025-09-10 14:03:00+00:00,1,6557.75,6558.0,6564.0,6552.75,25,20,2025-09-10 14:33:00+00:00,6552.5,stop,-275.0,-278.5,312.5
trend_pullback,ES,volatility+time_of_day,2025-09-10,2025-09-10 14:38:00+00:00,-1,6551.5,6551.25,6545.25,6556.5,25,20,2025-09-10 14:47:00+00:00,6556.75,stop,-275.0,-278.5,312.5
trend_pullback,ES,volatility+time_of_day,2025-09-10,2025-09-10 15:22:00+00:00,-1,6541.75,6541.5,6535.5,6546.75,25,20,2025-09-10 15:38:00+00:00,6547.0,stop,-275.0,-278.5,312.5
trend_pullback,ES,volatility+time_of_day,2025-09-11,2025-09-11 13:45:00+00:00,-1,6553.75,6553.5,6547.5,6558.75,25,20,2025-09-11 13:46:00+00:00,6559.0,stop,-275.0,-278.5,312.5
trend_pullback,ES,volatility+time_of_day,2025-09-11,2025-09-11 13:51:00+00:00,1,6563.5,6563.75,6569.75,6558.5,25,20,2025-09-11 13:57:00+00:00,6569.75,target,300.0,296.5,312.5
trend_pullback,ES,volatility+time_of_day,2025-09-11,2025-09-11 13:59:00+00:00,1,6572.0,6572.25,6578.25,6567.0,25,20,2025-09-11 14:08:00+00:00,6578.25,target,300.0,296.5,312.5
trend_pullback,ES,volatility+time_of_day,2025-09-12,2025-09-12 14:26:00+00:00,1,6592.75,6593.0,6599.0,6587.75,25,20,2025-09-12 15:30:00+00:00,6587.5,stop,-275.0,-278.5,312.5
trend_pullback,ES,volatility+time_of_day,2025-09-15,2025-09-15 13:57:00+00:00,1,6618.0,6618.25,6624.25,6613.0,25,20,2025-09-15 14:12:00+00:00,6612.75,stop,-275.0,-278.5,312.5
trend_pullback,ES,volatility+time_of_day,2025-09-16,2025-09-16 13:47:00+00:00,-1,6618.5,6618.25,6612.25,6623.5,25,20,2025-09-16 14:02:00+00:00,6612.25,target,300.0,296.5,312.5
trend_pullback,ES,volatility+time_of_day,2025-09-16,2025-09-16 14:29:00+00:00,-1,6611.5,6611.25,6605.25,6616.5,25,20,2025-09-16 15:42:00+00:00,6605.25,target,300.0,296.5,312.5
trend_pullback,ES,volatility+time_of_day,2025-09-17,2025-09-17 14:04:00+00:00,-1,6664.25,6664.0,6658.0,6669.25,25,20,2025-09-17 15:28:00+00:00,6658.0,target,300.0,296.5,312.5
trend_pullback,ES,volatility+time_of_day,2025-09-17,2025-09-17 18:00:00+00:00,1,6672.0,6672.25,6678.25,6667.0,25,20,2025-09-17 18:01:00+00:00,6666.75,stop,-275.0,-278.5,312.5
trend_pullback,ES,volatility+time_of_day,2025-09-17,2025-09-17 18:02:00+00:00,1,6678.5,6678.75,6684.75,6673.5,25,20,2025-09-17 18:03:00+00:00,6684.75,target,300.0,296.5,312.5
trend_pullback,ES,volatility+time_of_day,2025-09-18,2025-09-18 13:59:00+00:00,1,6688.75,6689.0,6695.0,6683.75,25,20,2025-09-18 14:02:00+00:00,6695.0,target,300.0,296.5,312.5
trend_pullback,ES,volatility+time_of_day,2025-09-18,2025-09-18 14:08:00+00:00,1,6702.25,6702.5,6708.5,6697.25,25,20,2025-09-18 14:18:00+00:00,6708.5,target,300.0,296.5,312.5
trend_pullback,ES,volatility+time_of_day,2025-09-18,2025-09-18 14:29:00+00:00,1,6712.5,6712.75,6718.75,6707.5,25,20,2025-09-18 14:38:00+00:00,6707.25,stop,-275.0,-278.5,312.5
trend_pullback,ES,volatility+time_of_day,2025-09-19,2025-09-19 13:48:00+00:00,1,6703.5,6703.75,6709.75,6698.5,25,20,2025-09-19 13:49:00+00:00,6709.75,target,300.0,296.5,312.5
trend_pullback,ES,volatility+time_of_day,2025-09-19,2025-09-19 13:51:00+00:00,1,6709.75,6710.0,6716.0,6704.75,25,20,2025-09-19 13:58:00+00:00,6704.5,stop,-275.0,-278.5,312.5
trend_pullback,ES,volatility+time_of_day,2025-09-19,2025-09-19 14:50:00+00:00,-1,6695.5,6695.25,6689.25,6700.5,25,20,2025-09-19 14:52:00+00:00,6700.75,stop,-275.0,-278.5,312.5
trend_pullback,ES,volatility+time_of_day,2025-09-22,2025-09-22 13:51:00+00:00,1,6714.25,6714.5,6720.5,6709.25,25,20,2025-09-22 14:06:00+00:00,6720.5,target,300.0,296.5,312.5
trend_pullback,ES,volatility+time_of_day,2025-09-23,2025-09-23 15:07:00+00:00,-1,6744.25,6744.0,6738.0,6749.25,25,20,2025-09-23 15:59:00+00:00,6738.0,target,300.0,296.5,312.5
trend_pullback,ES,volatility+time_of_day,2025-09-23,2025-09-23 17:31:00+00:00,-1,6716.5,6716.25,6710.25,6721.5,25,20,2025-09-23 17:39:00+00:00,6710.25,target,300.0,296.5,312.5
trend_pullback,ES,volatility+time_of_day,2025-09-23,2025-09-23 17:40:00+00:00,-1,6706.5,6706.25,6700.25,6711.5,25,20,2025-09-23 17:43:00+00:00,6711.75,stop,-275.0,-278.5,312.5
trend_pullback,ES,volatility+time_of_day,2025-09-24,2025-09-24 13:47:00+00:00,-1,6717.0,6716.75,6710.75,6722.0,25,20,2025-09-24 13:50:00+00:00,6710.75,target,300.0,296.5,312.5
trend_pullback,ES,volatility+time_of_day,2025-09-24,2025-09-24 13:54:00+00:00,-1,6709.25,6709.0,6703.0,6714.25,25,20,2025-09-24 14:04:00+00:00,6714.5,stop,-275.0,-278.5,312.5
trend_pullback,ES,volatility+time_of_day,2025-09-24,2025-09-24 17:53:00+00:00,-1,6686.75,6686.5,6680.5,6691.75,25,20,2025-09-24 18:53:00+00:00,6692.0,stop,-275.0,-278.5,312.5
trend_pullback,ES,volatility+time_of_day,2025-09-25,2025-09-25 14:08:00+00:00,1,6656.0,6656.25,6662.25,6651.0,25,20,2025-09-25 14:11:00+00:00,6662.25,target,300.0,296.5,312.5
trend_pullback,ES,volatility+time_of_day,2025-09-25,2025-09-25 14:13:00+00:00,1,6660.5,6660.75,6666.75,6655.5,25,20,2025-09-25 14:15:00+00:00,6666.75,target,300.0,296.5,312.5
trend_pullback,ES,volatility+time_of_day,2025-09-25,2025-09-25 14:16:00+00:00,1,6666.5,6666.75,6672.75,6661.5,25,20,2025-09-25 14:18:00+00:00,6661.25,stop,-275.0,-278.5,312.5
trend_pullback,ES,volatility+time_of_day,2025-09-26,2025-09-26 13:47:00+00:00,1,6694.25,6694.5,6700.5,6689.25,25,20,2025-09-26 14:00:00+00:00,6700.5,target,300.0,296.5,312.5
trend_pullback,ES,volatility+time_of_day,2025-09-26,2025-09-26 14:08:00+00:00,-1,6677.0,6676.75,6670.75,6682.0,25,20,2025-09-26 14:15:00+00:00,6670.75,target,300.0,296.5,312.5
trend_pullback,ES,volatility+time_of_day,2025-09-26,2025-09-26 14:18:00+00:00,-1,6671.5,6671.25,6665.25,6676.5,25,20,2025-09-26 14:25:00+00:00,6665.25,target,300.0,296.5,312.5
trend_pullback,ES,volatility+time_of_day,2025-09-29,2025-09-29 13:49:00+00:00,1,6725.25,6725.5,6731.5,6720.25,25,20,2025-09-29 13:52:00+00:00,6720.0,stop,-275.0,-278.5,312.5
trend_pullback,ES,volatility+time_of_day,2025-09-29,2025-09-29 13:54:00+00:00,1,6725.0,6725.25,6731.25,6720.0,25,20,2025-09-29 14:03:00+00:00,6719.75,stop,-275.0,-278.5,312.5
trend_pullback,ES,volatility+time_of_day,2025-09-29,2025-09-29 14:15:00+00:00,1,6726.25,6726.5,6732.5,6721.25,25,20,2025-09-29 14:17:00+00:00,6721.0,stop,-275.0,-278.5,312.5
trend_pullback,ES,volatility+time_of_day,2025-09-30,2025-09-30 14:02:00+00:00,1,6711.0,6711.25,6717.25,6706.0,25,20,2025-09-30 14:05:00+00:00,6705.75,stop,-275.0,-278.5,312.5
trend_pullback,ES,volatility+time_of_day,2025-09-30,2025-09-30 14:11:00+00:00,-1,6700.25,6700.0,6694.0,6705.25,25,20,2025-09-30 14:14:00+00:00,6705.5,stop,-275.0,-278.5,312.5
trend_pullback,ES,volatility+time_of_day,2025-09-30,2025-09-30 14:21:00+00:00,1,6708.25,6708.5,6714.5,6703.25,25,20,2025-09-30 14:34:00+00:00,6703.0,stop,-275.0,-278.5,312.5
trend_pullback,ES,volatility+time_of_day,2025-10-01,2025-10-01 13:52:00+00:00,-1,6710.0,6709.75,6703.75,6715.0,25,20,2025-10-01 13:56:00+00:00,6715.25,stop,-275.0,-278.5,312.5
trend_pullback,ES,volatility+time_of_day,2025-10-01,2025-10-01 13:59:00+00:00,-1,6712.75,6712.5,6706.5,6717.75,25,20,2025-10-01 14:02:00+00:00,6718.0,stop,-275.0,-278.5,312.5
trend_pullback,ES,volatility+time_of_day,2025-10-01,2025-10-01 14:04:00+00:00,1,6720.25,6720.5,6726.5,6715.25,25,20,2025-10-01 14:19:00+00:00,6726.5,target,300.0,296.5,312.5
trend_pullback,ES,volatility+time_of_day,2025-10-02,2025-10-02 13:47:00+00:00,-1,6769.25,6769.0,6763.0,6774.25,25,20,2025-10-02 13:50:00+00:00,6763.0,target,300.0,296.5,312.5
trend_pullback,ES,volatility+time_of_day,2025-10-02,2025-10-02 13:51:00+00:00,-1,6763.5,6763.25,6757.25,6768.5,25,20,2025-10-02 13:53:00+00:00,6768.75,stop,-275.0,-278.5,312.5
trend_pullback,ES,volatility+time_of_day,2025-10-02,2025-10-02 13:57:00+00:00,-1,6763.75,6763.5,6757.5,6768.75,25,20,2025-10-02 13:59:00+00:00,6769.0,stop,-275.0,-278.5,312.5
trend_pullback,ES,volatility+time_of_day,2025-10-03,2025-10-03 13:47:00+00:00,1,6783.75,6784.0,6790.0,6778.75,25,20,2025-10-03 14:00:00+00:00,6778.5,stop,-275.0,-278.5,312.5
trend_pullback,ES,volatility+time_of_day,2025-10-03,2025-10-03 14:01:00+00:00,-1,6775.75,6775.5,6769.5,6780.75,25,20,2025-10-03 14:13:00+00:00,6781.0,stop,-275.0,-278.5,312.5
trend_pullback,ES,volatility+time_of_day,2025-10-03,2025-10-03 14:20:00+00:00,1,6781.5,6781.75,6787.75,6776.5,25,20,2025-10-03 14:26:00+00:00,6787.75,target,300.0,296.5,312.5
trend_pullback,ES,volatility+time_of_day,2025-10-06,2025-10-06 13:59:00+00:00,-1,6772.5,6772.25,6766.25,6777.5,25,20,2025-10-06 14:21:00+00:00,6777.75,stop,-275.0,-278.5,312.5
trend_pullback,ES,volatility+time_of_day,2025-10-07,2025-10-07 13:47:00+00:00,-1,6795.0,6794.75,6788.75,6800.0,25,20,2025-10-07 14:24:00+00:00,6788.75,target,300.0,296.5,312.5
trend_pullback,ES,volatility+time_of_day,2025-10-07,2025-10-07 14:36:00+00:00,-1,6781.0,6780.75,6774.75,6786.0,25,20,2025-10-07 15:04:00+00:00,6774.75,target,300.0,296.5,312.5
trend_pullback,ES,volatility+time_of_day,2025-10-07,2025-10-07 15:08:00+00:00,-1,6765.25,6765.0,6759.0,6770.25,25,20,2025-10-07 15:09:00+00:00,6759.0,target,300.0,296.5,312.5
trend_pullback,ES,volatility+time_of_day,2025-10-08,2025-10-08 13:54:00+00:00,1,6772.75,6773.0,6779.0,6767.75,25,20,2025-10-08 14:01:00+00:00,6779.0,target,300.0,296.5,312.5
trend_pullback,ES,volatility+time_of_day,2025-10-08,2025-10-08 14:07:00+00:00,1,6785.25,6785.5,6791.5,6780.25,25,20,2025-10-08 14:30:00+00:00,6791.5,target,300.0,296.5,312.5
trend_pullback,ES,volatility+time_of_day,2025-10-08,2025-10-08 15:04:00+00:00,1,6790.25,6790.5,6796.5,6785.25,25,20,2025-10-08 15:25:00+00:00,6796.5,target,300.0,296.5,312.5
trend_pullback,ES,volatility+time_of_day,2025-10-09,2025-10-09 13:46:00+00:00,-1,6795.0,6794.75,6788.75,6800.0,25,20,2025-10-09 13:49:00+00:00,6800.25,stop,-275.0,-278.5,312.5
trend_pullback,ES,volatility+time_of_day,2025-10-09,2025-10-09 13:50:00+00:00,-1,6798.0,6797.75,6791.75,6803.0,25,20,2025-10-09 13:52:00+00:00,6791.75,target,300.0,296.5,312.5
trend_pullback,ES,volatility+time_of_day,2025-10-09,2025-10-09 13:54:00+00:00,-1,6788.0,6787.75,6781.75,6793.0,25,20,2025-10-09 14:21:00+00:00,6781.75,target,300.0,296.5,312.5
trend_pullback,ES,volatility+time_of_day,2025-10-10,2025-10-10 13:51:00+00:00,-1,6793.0,6792.75,6786.75,6798.0,25,20,2025-10-10 13:58:00+00:00,6798.25,stop,-275.0,-278.5,312.5
trend_pullback,ES,volatility+time_of_day,2025-10-10,2025-10-10 14:21:00+00:00,-1,6792.0,6791.75,6785.75,6797.0,25,20,2025-10-10 14:25:00+00:00,6797.25,stop,-275.0,-278.5,312.5
trend_pullback,ES,volatility+time_of_day,2025-10-10,2025-10-10 14:26:00+00:00,1,6797.0,6797.25,6803.25,6792.0,25,20,2025-10-10 14:28:00+00:00,6791.75,stop,-275.0,-278.5,312.5
trend_pullback,ES,volatility+time_of_day,2025-10-13,2025-10-13 13:47:00+00:00,1,6678.5,6678.75,6684.75,6673.5,25,20,2025-10-13 13:48:00+00:00,6673.25,stop,-275.0,-278.5,312.5
trend_pullback,ES,volatility+time_of_day,2025-10-13,2025-10-13 13:50:00+00:00,1,6684.0,6684.25,6690.25,6679.0,25,20,2025-10-13 13:54:00+00:00,6678.75,stop,-275.0,-278.5,312.5
trend_pullback,ES,volatility+time_of_day,2025-10-13,2025-10-13 13:55:00+00:00,1,6685.0,6685.25,6691.25,6680.0,25,20,2025-10-13 13:58:00+00:00,6691.25,target,300.0,296.5,312.5
trend_pullback,ES,volatility+time_of_day,2025-10-14,2025-10-14 13:50:00+00:00,-1,6606.25,6606.0,6600.0,6611.25,25,20,2025-10-14 13:52:00+00:00,6611.5,stop,-275.0,-278.5,312.5
trend_pullback,ES,volatility+time_of_day,2025-10-14,2025-10-14 13:54:00+00:00,1,6622.25,6622.5,6628.5,6617.25,25,20,2025-10-14 13:56:00+00:00,6628.5,target,300.0,296.5,312.5
trend_pullback,ES,volatility+time_of_day,2025-10-14,2025-10-14 13:58:00+00:00,1,6628.0,6628.25,6634.25,6623.0,25,20,2025-10-14 14:01:00+00:00,6634.25,target,300.0,296.5,312.5
trend_pullback,ES,volatility+time_of_day,2025-10-15,2025-10-15 13:48:00+00:00,-1,6726.25,6726.0,6720.0,6731.25,25,20,2025-10-15 13:51:00+00:00,6731.5,stop,-275.0,-278.5,312.5
trend_pullback,ES,volatility+time_of_day,2025-10-15,2025-10-15 13:52:00+00:00,1,6739.75,6740.0,6746.0,6734.75,25,20,2025-10-15 13:55:00+00:00,6746.0,target,300.0,296.5,312.5
trend_pullback,ES,volatility+time_of_day,2025-10-15,2025-10-15 13:57:00+00:00,1,6747.25,6747.5,6753.5,6742.25,25,20,2025-10-15 14:04:00+00:00,6753.5,target,300.0,296.5,312.5
trend_pullback,ES,volatility+time_of_day,2025-10-16,2025-10-16 13:56:00+00:00,-1,6729.25,6729.0,6723.0,6734.25,25,20,2025-10-16 13:59:00+00:00,6734.5,stop,-275.0,-278.5,312.5
trend_pullback,ES,volatility+time_of_day,2025-10-16,2025-10-16 14:12:00+00:00,-1,6719.0,6718.75,6712.75,6724.0,25,20,2025-10-16 14:15:00+00:00,6724.25,stop,-275.0,-278.5,312.5
trend_pullback,ES,volatility+time_of_day,2025-10-16,2025-10-16 14:21:00+00:00,1,6734.5,6734.75,6740.75,6729.5,25,20,2025-10-16 14:26:00+00:00,6729.25,stop,-275.0,-278.5,312.5
trend_pullback,ES,volatility+time_of_day,2025-10-17,2025-10-17 13:46:00+00:00,-1,6645.0,6644.75,6638.75,6650.0,25,20,2025-10-17 13:47:00+00:00,6650.25,stop,-275.0,-278.5,312.5
trend_pullback,ES,volatility+time_of_day,2025-10-17,2025-10-17 13:51:00+00:00,1,6669.5,6669.75,6675.75,6664.5,25,20,2025-10-17 13:53:00+00:00,6675.75,target,300.0,296.5,312.5
trend_pullback,ES,volatility+time_of_day,2025-10-17,2025-10-17 13:54:00+00:00,1,6676.5,6676.75,6682.75,6671.5,25,20,2025-10-17 13:55:00+00:00,6682.75,target,300.0,296.5,312.5
trend_pullback,ES,volatility+time_of_day,2025-10-20,2025-10-20 13:46:00+00:00,1,6752.25,6752.5,6758.5,6747.25,25,20,2025-10-20 13:55:00+00:00,6747.0,stop,-275.0,-278.5,312.5
trend_pullback,ES,volatility+time_of_day,2025-10-20,2025-10-20 14:07:00+00:00,1,6755.75,6756.0,6762.0,6750.75,25,20,2025-10-20 14:18:00+00:00,6750.5,stop,-275.0,-278.5,312.5
trend_pullback,ES,volatility+time_of_day,2025-10-20,2025-10-20 14:29:00+00:00,1,6763.25,6763.5,6769.5,6758.25,25,20,2025-10-20 14:45:00+00:00,6769.5,target,300.0,296.5,312.5
trend_pullback,ES,volatility+time_of_day,2025-10-21,2025-10-21 13:47:00+00:00,-1,6766.0,6765.75,6759.75,6771.0,25,20,2025-10-21 14:02:00+00:00,6759.75,target,300.0,296.5,312.5
trend_pullback,ES,volatility+time_of_day,2025-10-21,2025-10-21 14:04:00+00:00,-1,6762.0,6761.75,6755.75,6767.0,25,20,2025-10-21 14:07:00+00:00,6767.25,stop,-275.0,-278.5,312.5
trend_pullback,ES,volatility+time_of_day,2025-10-21,2025-10-21 14:14:00+00:00,1,6769.0,6769.25,6775.25,6764.0,25,20,2025-10-21 14:19:00+00:00,6775.25,target,300.0,296.5,312.5
trend_pullback,ES,volatility+time_of_day,2025-10-22,2025-10-22 14:23:00+00:00,-1,6763.0,6762.75,6756.75,6768.0,25,20,2025-10-22 14:27:00+00:00,6756.75,target,300.0,296.5,312.5
trend_pullback,ES,volatility+time_of_day,2025-10-22,2025-10-22 14:29:00+00:00,-1,6753.25,6753.0,6747.0,6758.25,25,20,2025-10-22 14:32:00+00:00,6747.0,target,300.0,296.5,312.5
trend_pullback,ES,volatility+time_of_day,2025-10-22,2025-10-22 14:35:00+00:00,-1,6748.75,6748.5,6742.5,6753.75,25,20,2025-10-22 14:36:00+00:00,6754.0,stop,-275.0,-278.5,312.5
trend_pullback,ES,volatility+time_of_day,2025-10-23,2025-10-23 13:47:00+00:00,1,6756.0,6756.25,6762.25,6751.0,25,20,2025-10-23 13:50:00+00:00,6762.25,target,300.0,296.5,312.5
trend_pullback,ES,volatility+time_of_day,2025-10-23,2025-10-23 13:51:00+00:00,1,6765.5,6765.75,6771.75,6760.5,25,20,2025-10-23 13:53:00+00:00,6760.25,stop,-275.0,-278.5,312.5
trend_pullback,ES,volatility+time_of_day,2025-10-23,2025-10-23 13:54:00+00:00,1,6762.5,6762.75,6768.75,6757.5,25,20,2025-10-23 13:57:00+00:00,6757.25,stop,-275.0,-278.5,312.5
trend_pullback,ES,volatility+time_of_day,2025-10-24,2025-10-24 13:45:00+00:00,1,6832.25,6832.5,6838.5,6827.25,25,20,2025-10-24 13:48:00+00:00,6827.0,stop,-275.0,-278.5,312.5
trend_pullback,ES,volatility+time_of_day,2025-10-24,2025-10-24 14:05:00+00:00,1,6832.0,6832.25,6838.25,6827.0,25,20,2025-10-24 14:22:00+00:00,6826.75,stop,-275.0,-278.5,312.5
trend_pullback,ES,volatility+time_of_day,2025-10-24,2025-10-24 14:26:00+00:00,-1,6825.5,6825.25,6819.25,6830.5,25,20,2025-10-24 14:30:00+00:00,6819.25,target,300.0,296.5,312.5
trend_pullback,ES,volatility+time_of_day,2025-10-27,2025-10-27 13:47:00+00:00,1,6884.25,6884.5,6890.5,6879.25,25,20,2025-10-27 13:50:00+00:00,6879.0,stop,-275.0,-278.5,312.5
trend_pullback,ES,volatility+time_of_day,2025-10-27,2025-10-27 14:21:00+00:00,-1,6882.5,6882.25,6876.25,6887.5,25,20,2025-10-27 14:35:00+00:00,6887.75,stop,-275.0,-278.5,312.5
trend_pullback,ES,volatility+time_of_day,2025-10-28,2025-10-28 13:45:00+00:00,-1,6913.75,6913.5,6907.5,6918.75,25,20,2025-10-28 13:48:00+00:00,6907.5,target,300.0,296.5,312.5
trend_pullback,ES,volatility+time_of_day,2025-10-28,2025-10-28 13:50:00+00:00,-1,6908.25,6908.0,6902.0,6913.25,25,20,2025-10-28 13:56:00+00:00,6913.5,stop,-275.0,-278.5,312.5
trend_pullback,ES,volatility+time_of_day,2025-10-29,2025-10-29 14:14:00+00:00,-1,6942.5,6942.25,6936.25,6947.5,25,20,2025-10-29 14:49:00+00:00,6936.25,target,300.0,296.5,312.5
trend_pullback,ES,volatility+time_of_day,2025-10-29,2025-10-29 18:13:00+00:00,-1,6932.0,6931.75,6925.75,6937.0,25,20,2025-10-29 18:18:00+00:00,6937.25,stop,-275.0,-278.5,312.5
trend_pullback,ES,volatility+time_of_day,2025-10-29,2025-10-29 18:21:00+00:00,-1,6931.0,6930.75,6924.75,6936.0,25,20,2025-10-29 18:30:00+00:00,6936.25,stop,-275.0,-278.5,312.5
trend_pullback,ES,volatility+time_of_day,2025-10-30,2025-10-30 13:47:00+00:00,1,6889.5,6889.75,6895.75,6884.5,25,20,2025-10-30 13:48:00+00:00,6895.75,target,300.0,296.5,312.5
trend_pullback,ES,volatility+time_of_day,2025-10-30,2025-10-30 13:50:00+00:00,1,6902.5,6902.75,6908.75,6897.5,25,20,2025-10-30 13:54:00+00:00,6908.75,target,300.0,296.5,312.5
trend_pullback,ES,volatility+time_of_day,2025-10-30,2025-10-30 13:56:00+00:00,1,6905.75,6906.0,6912.0,6900.75,25,20,2025-10-30 13:57:00+00:00,6900.5,stop,-275.0,-278.5,312.5
trend_pullback,ES,volatility+time_of_day,2025-10-31,2025-10-31 13:45:00+00:00,-1,6881.5,6881.25,6875.25,6886.5,25,20,2025-10-31 13:47:00+00:00,6886.75,stop,-275.0,-278.5,312.5
trend_pullback,ES,volatility+time_of_day,2025-10-31,2025-10-31 13:48:00+00:00,-1,6883.0,6882.75,6876.75,6888.0,25,20,2025-10-31 13:50:00+00:00,6888.25,stop,-275.0,-278.5,312.5
trend_pullback,ES,volatility+time_of_day,2025-10-31,2025-10-31 14:04:00+00:00,-1,6877.75,6877.5,6871.5,6882.75,25,20,2025-10-31 14:06:00+00:00,6883.0,stop,-275.0,-278.5,312.5
trend_pullback,ES,volatility+time_of_day,2025-11-03,2025-11-03 14:46:00+00:00,-1,6882.75,6882.5,6876.5,6887.75,25,20,2025-11-03 14:51:00+00:00,6876.5,target,300.0,296.5,312.5
trend_pullback,ES,volatility+time_of_day,2025-11-03,2025-11-03 14:52:00+00:00,-1,6876.75,6876.5,6870.5,6881.75,25,20,2025-11-03 15:00:00+00:00,6870.5,target,300.0,296.5,312.5
trend_pullback,ES,volatility+time_of_day,2025-11-03,2025-11-03 15:05:00+00:00,-1,6867.5,6867.25,6861.25,6872.5,25,20,2025-11-03 15:08:00+00:00,6872.75,stop,-275.0,-278.5,312.5
trend_pullback,ES,volatility+time_of_day,2025-11-04,2025-11-04 14:46:00+00:00,1,6818.5,6818.75,6824.75,6813.5,25,20,2025-11-04 14:51:00+00:00,6824.75,target,300.0,296.5,312.5
trend_pullback,ES,volatility+time_of_day,2025-11-04,2025-11-04 14:54:00+00:00,1,6832.0,6832.25,6838.25,6827.0,25,20,2025-11-04 15:00:00+00:00,6838.25,target,300.0,296.5,312.5
trend_pullback,ES,volatility+time_of_day,2025-11-04,2025-11-04 15:01:00+00:00,1,6836.75,6837.0,6843.0,6831.75,25,20,2025-11-04 15:19:00+00:00,6843.0,target,300.0,296.5,312.5
trend_pullback,ES,volatility+time_of_day,2025-11-05,2025-11-05 14:46:00+00:00,1,6801.75,6802.0,6808.0,6796.75,25,20,2025-11-05 14:47:00+00:00,6808.0,target,300.0,296.5,312.5
trend_pullback,ES,volatility+time_of_day,2025-11-05,2025-11-05 14:48:00+00:00,1,6809.0,6809.25,6815.25,6804.0,25,20,2025-11-05 14:53:00+00:00,6815.25,target,300.0,296.5,312.5
trend_pullback,ES,volatility+time_of_day,2025-11-05,2025-11-05 14:56:00+00:00,1,6821.75,6822.0,6828.0,6816.75,25,20,2025-11-05 15:00:00+00:00,6816.5,stop,-275.0,-278.5,312.5
trend_pullback,ES,volatility+time_of_day,2025-11-06,2025-11-06 14:46:00+00:00,-1,6812.5,6812.25,6806.25,6817.5,25,20,2025-11-06 14:50:00+00:00,6806.25,target,300.0,296.5,312.5
trend_pullback,ES,volatility+time_of_day,2025-11-06,2025-11-06 14:51:00+00:00,-1,6801.5,6801.25,6795.25,6806.5,25,20,2025-11-06 14:57:00+00:00,6795.25,target,300.0,296.5,312.5
trend_pullback,ES,volatility+time_of_day,2025-11-06,2025-11-06 14:58:00+00:00,-1,6793.75,6793.5,6787.5,6798.75,25,20,2025-11-06 15:00:00+00:00,6787.5,target,300.0,296.5,312.5
trend_pullback,ES,volatility+time_of_day,2025-11-07,2025-11-07 14:54:00+00:00,1,6704.5,6704.75,6710.75,6699.5,25,20,2025-11-07 14:58:00+00:00,6710.75,target,300.0,296.5,312.5
trend_pullback,ES,volatility+time_of_day,2025-11-07,2025-11-07 15:04:00+00:00,-1,6694.0,6693.75,6687.75,6699.0,25,20,2025-11-07 15:05:00+00:00,6699.25,stop,-275.0,-278.5,312.5
trend_pullback,ES,volatility+time_of_day,2025-11-07,2025-11-07 15:06:00+00:00,-1,6686.25,6686.0,6680.0,6691.25,25,20,2025-11-07 15:08:00+00:00,6691.5,stop,-275.0,-278.5,312.5
trend_pullback,ES,volatility+time_of_day,2025-11-10,2025-11-10 14:45:00+00:00,1,6832.5,6832.75,6838.75,6827.5,25,20,2025-11-10 14:50:00+00:00,6827.25,stop,-275.0,-278.5,312.5
trend_pullback,ES,volatility+time_of_day,2025-11-10,2025-11-10 15:39:00+00:00,-1,6824.5,6824.25,6818.25,6829.5,25,20,2025-11-10 15:49:00+00:00,6818.25,target,300.0,296.5,312.5
trend_pullback,ES,volatility+time_of_day,2025-11-10,2025-11-10 15:50:00+00:00,-1,6814.75,6814.5,6808.5,6819.75,25,20,2025-11-10 15:52:00+00:00,6808.5,target,300.0,296.5,312.5
trend_pullback,ES,volatility+time_of_day,2025-11-11,2025-11-11 14:51:00+00:00,-1,6840.25,6840.0,6834.0,6845.25,25,20,2025-11-11 14:56:00+00:00,6845.5,stop,-275.0,-278.5,312.5
trend_pullback,ES,volatility+time_of_day,2025-11-11,2025-11-11 15:01:00+00:00,1,6849.75,6850.0,6856.0,6844.75,25,20,2025-11-11 15:04:00+00:00,6844.5,stop,-275.0,-278.5,312.5
trend_pullback,ES,volatility+time_of_day,2025-11-11,2025-11-11 15:10:00+00:00,-1,6841.25,6841.0,6835.0,6846.25,25,20,2025-11-11 15:15:00+00:00,6835.0,target,300.0,296.5,312.5
trend_pullback,ES,volatility+time_of_day,2025-11-12,2025-11-12 14:48:00+00:00,-1,6877.0,6876.75,6870.75,6882.0,25,20,2025-11-12 14:53:00+00:00,6882.25,stop,-275.0,-278.5,312.5
trend_pullback,ES,volatility+time_of_day,2025-11-12,2025-11-12 14:54:00+00:00,-1,6878.0,6877.75,6871.75,6883.0,25,20,2025-11-12 15:01:00+00:00,6883.25,stop,-275.0,-278.5,312.5
trend_pullback,ES,volatility+time_of_day,2025-11-12,2025-11-12 15:13:00+00:00,-1,6876.0,6875.75,6869.75,6881.0,25,20,2025-11-12 15:34:00+00:00,6869.75,target,300.0,296.5,312.5
trend_pullback,ES,volatility+time_of_day,2025-11-13,2025-11-13 14:47:00+00:00,-1,6822.5,6822.25,6816.25,6827.5,25,20,2025-11-13 14:49:00+00:00,6827.75,stop,-275.0,-278.5,312.5
trend_pullback,ES,volatility+time_of_day,2025-11-13,2025-11-13 14:57:00+00:00,1,6832.25,6832.5,6838.5,6827.25,25,20,2025-11-13 15:01:00+00:00,6827.0,stop,-275.0,-278.5,312.5
trend_pullback,ES,volatility+time_of_day,2025-11-13,2025-11-13 15:04:00+00:00,-1,6823.25,6823.0,6817.0,6828.25,25,20,2025-11-13 15:06:00+00:00,6828.5,stop,-275.0,-278.5,312.5
trend_pullback,ES,volatility+time_of_day,2025-11-14,2025-11-14 14:45:00+00:00,1,6709.0,6709.25,6715.25,6704.0,25,20,2025-11-14 14:47:00+00:00,6715.25,target,300.0,296.5,312.5
trend_pullback,ES,volatility+time_of_day,2025-11-14,2025-11-14 14:48:00+00:00,1,6718.75,6719.0,6725.0,6713.75,25,20,2025-11-14 14:49:00+00:00,6713.5,stop,-275.0,-278.5,312.5
trend_pullback,ES,volatility+time_of_day,2025-11-14,2025-11-14 14:51:00+00:00,1,6716.75,6717.0,6723.0,6711.75,25,20,2025-11-14 14:53:00+00:00,6723.0,target,300.0,296.5,312.5
trend_pullback,ES,volatility+time_of_day,2025-11-17,2025-11-17 14:45:00+00:00,1,6761.5,6761.75,6767.75,6756.5,25,20,2025-11-17 14:47:00+00:00,6767.75,target,300.0,296.5,312.5
trend_pullback,ES,volatility+time_of_day,2025-11-17,2025-11-17 14:54:00+00:00,1,6772.5,6772.75,6778.75,6767.5,25,20,2025-11-17 14:56:00+00:00,6767.25,stop,-275.0,-278.5,312.5
trend_pullback,ES,volatility+time_of_day,2025-11-17,2025-11-17 15:08:00+00:00,-1,6747.5,6747.25,6741.25,6752.5,25,20,2025-11-17 15:11:00+00:00,6752.75,stop,-275.0,-278.5,312.5
trend_pullback,ES,volatility+time_of_day,2025-11-18,2025-11-18 14:47:00+00:00,-1,6648.25,6648.0,6642.0,6653.25,25,20,2025-11-18 14:48:00+00:00,6653.5,stop,-275.0,-278.5,312.5
trend_pullback,ES,volatility+time_of_day,2025-11-18,2025-11-18 14:49:00+00:00,-1,6645.25,6645.0,6639.0,6650.25,25,20,2025-11-18 14:51:00+00:00,6639.0,target,300.0,296.5,312.5
trend_pullback,ES,volatility+time_of_day,2025-11-18,2025-11-18 14:52:00+00:00,-1,6633.5,6633.25,6627.25,6638.5,25,20,2025-11-18 14:53:00+00:00,6638.75,stop,-275.0,-278.5,312.5
trend_pullback,ES,volatility+time_of_day,2025-11-19,2025-11-19 14:45:00+00:00,1,6668.0,6668.25,6674.25,6663.0,25,20,2025-11-19 14:52:00+00:00,6674.25,target,300.0,296.5,312.5
trend_pullback,ES,volatility+time_of_day,2025-11-19,2025-11-19 14:55:00+00:00,1,6682.75,6683.0,6689.0,6677.75,25,20,2025-11-19 14:58:00+00:00,6689.0,target,300.0,296.5,312.5
trend_pullback,ES,volatility+time_of_day,2025-11-19,2025-11-19 15:00:00+00:00,1,6692.5,6692.75,6698.75,6687.5,25,20,2025-11-19 15:06:00+00:00,6698.75,target,300.0,296.5,312.5
trend_pullback,ES,volatility+time_of_day,2025-11-20,2025-11-20 14:47:00+00:00,1,6781.5,6781.75,6787.75,6776.5,25,20,2025-11-20 14:49:00+00:00,6776.25,stop,-275.0,-278.5,312.5
trend_pullback,ES,volatility+time_of_day,2025-11-20,2025-11-20 14:50:00+00:00,1,6779.0,6779.25,6785.25,6774.0,25,20,2025-11-20 14:58:00+00:00,6785.25,target,300.0,296.5,312.5
trend_pullback,ES,volatility+time_of_day,2025-11-20,2025-11-20 15:01:00+00:00,1,6788.25,6788.5,6794.5,6783.25,25,20,2025-11-20 15:02:00+00:00,6783.0,stop,-275.0,-278.5,312.5
trend_pullback,ES,volatility+time_of_day,2025-11-21,2025-11-21 14:45:00+00:00,-1,6569.25,6569.0,6563.0,6574.25,25,20,2025-11-21 14:46:00+00:00,6563.0,target,300.0,296.5,312.5
trend_pullback,ES,volatility+time_of_day,2025-11-21,2025-11-21 14:54:00+00:00,1,6592.5,6592.75,6598.75,6587.5,25,20,2025-11-21 14:56:00+00:00,6587.25,stop,-275.0,-278.5,312.5
trend_pullback,ES,volatility+time_of_day,2025-11-21,2025-11-21 15:02:00+00:00,-1,6565.75,6565.5,6559.5,6570.75,25,20,2025-11-21 15:04:00+00:00,6571.0,stop,-275.0,-278.5,312.5
trend_pullback,ES,volatility+time_of_day,2025-11-24,2025-11-24 14:46:00+00:00,-1,6662.25,6662.0,6656.0,6667.25,25,20,2025-11-24 14:47:00+00:00,6667.5,stop,-275.0,-278.5,312.5
trend_pullback,ES,volatility+time_of_day,2025-11-24,2025-11-24 14:48:00+00:00,-1,6666.25,6666.0,6660.0,6671.25,25,20,2025-11-24 14:49:00+00:00,6660.0,target,300.0,296.5,312.5
trend_pullback,ES,volatility+time_of_day,2025-11-24,2025-11-24 14:54:00+00:00,-1,6659.25,6659.0,6653.0,6664.25,25,20,2025-11-24 14:57:00+00:00,6664.5,stop,-275.0,-278.5,312.5
trend_pullback,ES,volatility+time_of_day,2025-11-25,2025-11-25 14:46:00+00:00,-1,6695.0,6694.75,6688.75,6700.0,25,20,2025-11-25 14:47:00+00:00,6688.75,target,300.0,296.5,312.5
trend_pullback,ES,volatility+time_of_day,2025-11-25,2025-11-25 14:49:00+00:00,-1,6679.25,6679.0,6673.0,6684.25,25,20,2025-11-25 14:50:00+00:00,6684.5,stop,-275.0,-278.5,312.5
trend_pullback,ES,volatility+time_of_day,2025-11-25,2025-11-25 14:57:00+00:00,1,6711.0,6711.25,6717.25,6706.0,25,20,2025-11-25 14:59:00+00:00,6717.25,target,300.0,296.5,312.5
trend_pullback,ES,volatility+time_of_day,2025-11-26,2025-11-26 14:46:00+00:00,1,6818.5,6818.75,6824.75,6813.5,25,20,2025-11-26 14:52:00+00:00,6813.25,stop,-275.0,-278.5,312.5
trend_pullback,ES,volatility+time_of_day,2025-11-26,2025-11-26 14:56:00+00:00,-1,6808.0,6807.75,6801.75,6813.0,25,20,2025-11-26 14:59:00+00:00,6801.75,target,300.0,296.5,312.5
trend_pullback,ES,volatility+time_of_day,2025-11-26,2025-11-26 15:00:00+00:00,-1,6800.5,6800.25,6794.25,6805.5,25,20,2025-11-26 15:02:00+00:00,6805.75,stop,-275.0,-278.5,312.5
trend_pullback,ES,volatility+time_of_day,2025-12-01,2025-12-01 14:51:00+00:00,1,6833.0,6833.25,6839.25,6828.0,25,20,2025-12-01 14:55:00+00:00,6839.25,target,300.0,296.5,312.5
trend_pullback,ES,volatility+time_of_day,2025-12-01,2025-12-01 14:57:00+00:00,1,6841.75,6842.0,6848.0,6836.75,25,20,2025-12-01 14:58:00+00:00,6836.5,stop,-275.0,-278.5,312.5
trend_pullback,ES,volatility+time_of_day,2025-12-01,2025-12-01 14:59:00+00:00,1,6839.75,6840.0,6846.0,6834.75,25,20,2025-12-01 15:03:00+00:00,6834.5,stop,-275.0,-278.5,312.5
trend_pullback,ES,volatility+time_of_day,2025-12-02,2025-12-02 14:45:00+00:00,1,6849.5,6849.75,6855.75,6844.5,25,20,2025-12-02 14:46:00+00:00,6844.25,stop,-275.0,-278.5,312.5
trend_pullback,ES,volatility+time_of_day,2025-12-02,2025-12-02 14:48:00+00:00,-1,6844.25,6844.0,6838.0,6849.25,25,20,2025-12-02 14:59:00+00:00,6849.5,stop,-275.0,-278.5,312.5
trend_pullback,ES,volatility+time_of_day,2025-12-02,2025-12-02 15:00:00+00:00,1,6850.5,6850.75,6856.75,6845.5,25,20,2025-12-02 15:05:00+00:00,6856.75,target,300.0,296.5,312.5
trend_pullback,ES,volatility+time_of_day,2025-12-03,2025-12-03 14:48:00+00:00,-1,6829.25,6829.0,6823.0,6834.25,25,20,2025-12-03 14:53:00+00:00,6823.0,target,300.0,296.5,312.5
trend_pullback,ES,volatility+time_of_day,2025-12-03,2025-12-03 15:01:00+00:00,1,6836.25,6836.5,6842.5,6831.25,25,20,2025-12-03 15:02:00+00:00,6842.5,target,300.0,296.5,312.5
trend_pullback,ES,volatility+time_of_day,2025-12-03,2025-12-03 15:04:00+00:00,1,6845.75,6846.0,6852.0,6840.75,25,20,2025-12-03 15:06:00+00:00,6840.5,stop,-275.0,-278.5,312.5
trend_pullback,ES,volatility+time_of_day,2025-12-04,2025-12-04 14:47:00+00:00,-1,6858.5,6858.25,6852.25,6863.5,25,20,2025-12-04 14:51:00+00:00,6852.25,target,300.0,296.5,312.5
trend_pullback,ES,volatility+time_of_day,2025-12-04,2025-12-04 14:53:00+00:00,-1,6854.5,6854.25,6848.25,6859.5,25,20,2025-12-04 14:55:00+00:00,6859.75,stop,-275.0,-278.5,312.5
trend_pullback,ES,volatility+time_of_day,2025-12-04,2025-12-04 14:57:00+00:00,-1,6852.75,6852.5,6846.5,6857.75,25,20,2025-12-04 15:05:00+00:00,6858.0,stop,-275.0,-278.5,312.5
trend_pullback,ES,volatility+time_of_day,2025-12-05,2025-12-05 14:52:00+00:00,1,6887.75,6888.0,6894.0,6882.75,25,20,2025-12-05 15:02:00+00:00,6894.0,target,300.0,296.5,312.5
trend_pullback,ES,volatility+time_of_day,2025-12-05,2025-12-05 16:01:00+00:00,-1,6888.0,6887.75,6881.75,6893.0,25,20,2025-12-05 16:11:00+00:00,6881.75,target,300.0,296.5,312.5
trend_pullback,ES,volatility+time_of_day,2025-12-10,2025-12-10 14:45:00+00:00,1,6847.5,6847.75,6853.75,6842.5,25,20,2025-12-10 14:55:00+00:00,6842.25,stop,-275.0,-278.5,312.5
trend_pullback,ES,volatility+time_of_day,2025-12-10,2025-12-10 19:03:00+00:00,1,6855.5,6855.75,6861.75,6850.5,25,20,2025-12-10 19:05:00+00:00,6861.75,target,300.0,296.5,312.5
trend_pullback,ES,volatility+time_of_day,2025-12-10,2025-12-10 19:06:00+00:00,1,6869.0,6869.25,6875.25,6864.0,25,20,2025-12-10 19:10:00+00:00,6875.25,target,300.0,296.5,312.5
trend_pullback,ES,volatility+time_of_day,2025-12-11,2025-12-11 14:52:00+00:00,-1,6848.25,6848.0,6842.0,6853.25,25,20,2025-12-11 14:55:00+00:00,6842.0,target,300.0,296.5,312.5
trend_pullback,ES,volatility+time_of_day,2025-12-11,2025-12-11 14:56:00+00:00,-1,6839.75,6839.5,6833.5,6844.75,25,20,2025-12-11 14:58:00+00:00,6845.0,stop,-275.0,-278.5,312.5
trend_pullback,ES,volatility+time_of_day,2025-12-11,2025-12-11 14:59:00+00:00,-1,6842.75,6842.5,6836.5,6847.75,25,20,2025-12-11 15:03:00+00:00,6848.0,stop,-275.0,-278.5,312.5
trend_pullback,ES,volatility+time_of_day,2025-12-12,2025-12-12 14:47:00+00:00,-1,6892.5,6892.25,6886.25,6897.5,25,20,2025-12-12 14:50:00+00:00,6886.25,target,300.0,296.5,312.5
trend_pullback,ES,volatility+time_of_day,2025-12-12,2025-12-12 15:04:00+00:00,-1,6881.0,6880.75,6874.75,6886.0,25,20,2025-12-12 15:08:00+00:00,6874.75,target,300.0,296.5,312.5
trend_pullback,ES,volatility+time_of_day,2025-12-12,2025-12-12 15:12:00+00:00,-1,6875.0,6874.75,6868.75,6880.0,25,20,2025-12-12 15:16:00+00:00,6868.75,target,300.0,296.5,312.5
trend_pullback,ES,volatility+time_of_day,2025-12-15,2025-12-15 14:45:00+00:00,-1,6848.25,6848.0,6842.0,6853.25,25,20,2025-12-15 14:52:00+00:00,6842.0,target,300.0,296.5,312.5
trend_pullback,ES,volatility+time_of_day,2025-12-15,2025-12-15 14:53:00+00:00,-1,6841.0,6840.75,6834.75,6846.0,25,20,2025-12-15 15:00:00+00:00,6834.75,target,300.0,296.5,312.5
trend_pullback,ES,volatility+time_of_day,2025-12-15,2025-12-15 15:01:00+00:00,-1,6834.25,6834.0,6828.0,6839.25,25,20,2025-12-15 15:04:00+00:00,6828.0,target,300.0,296.5,312.5
trend_pullback,ES,volatility+time_of_day,2025-12-16,2025-12-16 14:45:00+00:00,-1,6791.5,6791.25,6785.25,6796.5,25,20,2025-12-16 14:46:00+00:00,6796.75,stop,-275.0,-278.5,312.5
trend_pullback,ES,volatility+time_of_day,2025-12-16,2025-12-16 14:55:00+00:00,1,6817.75,6818.0,6824.0,6812.75,25,20,2025-12-16 15:02:00+00:00,6812.5,stop,-275.0,-278.5,312.5
trend_pullback,ES,volatility+time_of_day,2025-12-16,2025-12-16 15:10:00+00:00,-1,6806.0,6805.75,6799.75,6811.0,25,20,2025-12-16 15:12:00+00:00,6811.25,stop,-275.0,-278.5,312.5
trend_pullback,ES,volatility+time_of_day,2025-12-17,2025-12-17 14:45:00+00:00,-1,6848.75,6848.5,6842.5,6853.75,25,20,2025-12-17 14:46:00+00:00,6842.5,target,300.0,296.5,312.5
trend_pullback,ES,volatility+time_of_day,2025-12-17,2025-12-17 14:48:00+00:00,-1,6843.25,6843.0,6837.0,6848.25,25,20,2025-12-17 14:49:00+00:00,6848.5,stop,-275.0,-278.5,312.5
trend_pullback,ES,volatility+time_of_day,2025-12-17,2025-12-17 14:58:00+00:00,1,6858.5,6858.75,6864.75,6853.5,25,20,2025-12-17 15:00:00+00:00,6853.25,stop,-275.0,-278.5,312.5
trend_pullback,ES,volatility+time_of_day,2025-12-18,2025-12-18 14:47:00+00:00,-1,6831.25,6831.0,6825.0,6836.25,25,20,2025-12-18 14:48:00+00:00,6825.0,target,300.0,296.5,312.5
trend_pullback,ES,volatility+time_of_day,2025-12-18,2025-12-18 14:50:00+00:00,-1,6825.25,6825.0,6819.0,6830.25,25,20,2025-12-18 14:51:00+00:00,6830.5,stop,-275.0,-278.5,312.5
trend_pullback,ES,volatility+time_of_day,2025-12-18,2025-12-18 14:55:00+00:00,1,6841.0,6841.25,6847.25,6836.0,25,20,2025-12-18 15:00:00+00:00,6847.25,target,300.0,296.5,312.5
trend_pullback,ES,volatility+time_of_day,2025-12-19,2025-12-19 14:47:00+00:00,1,6876.75,6877.0,6883.0,6871.75,25,20,2025-12-19 14:49:00+00:00,6871.5,stop,-275.0,-278.5,312.5
trend_pullback,ES,volatility+time_of_day,2025-12-19,2025-12-19 14:50:00+00:00,1,6874.25,6874.5,6880.5,6869.25,25,20,2025-12-19 14:59:00+00:00,6880.5,target,300.0,296.5,312.5
trend_pullback,ES,volatility+time_of_day,2025-12-19,2025-12-19 15:00:00+00:00,1,6882.75,6883.0,6889.0,6877.75,25,20,2025-12-19 15:07:00+00:00,6877.5,stop,-275.0,-278.5,312.5
trend_pullback,ES,volatility+time_of_day,2025-12-22,2025-12-22 14:54:00+00:00,1,6922.5,6922.75,6928.75,6917.5,25,20,2025-12-22 15:02:00+00:00,6917.25,stop,-275.0,-278.5,312.5
trend_pullback,ES,volatility+time_of_day,2025-12-22,2025-12-22 15:10:00+00:00,-1,6914.25,6914.0,6908.0,6919.25,25,20,2025-12-22 15:20:00+00:00,6919.5,stop,-275.0,-278.5,312.5
trend_pullback,ES,volatility+time_of_day,2025-12-22,2025-12-22 15:25:00+00:00,1,6920.75,6921.0,6927.0,6915.75,25,20,2025-12-22 15:35:00+00:00,6915.5,stop,-275.0,-278.5,312.5
trend_pullback,ES,volatility+time_of_day,2025-12-23,2025-12-23 14:46:00+00:00,1,6939.5,6939.75,6945.75,6934.5,25,20,2025-12-23 14:56:00+00:00,6934.25,stop,-275.0,-278.5,312.5
trend_pullback,ES,volatility+time_of_day,2025-12-23,2025-12-23 15:04:00+00:00,-1,6926.0,6925.75,6919.75,6931.0,25,20,2025-12-23 15:10:00+00:00,6931.25,stop,-275.0,-278.5,312.5
trend_pullback,ES,volatility+time_of_day,2025-12-23,2025-12-23 15:11:00+00:00,-1,6925.75,6925.5,6919.5,6930.75,25,20,2025-12-23 15:15:00+00:00,6931.0,stop,-275.0,-278.5,312.5
trend_pullback,ES,volatility+time_of_day,2025-12-26,2025-12-26 14:56:00+00:00,-1,6984.25,6984.0,6978.0,6989.25,25,20,2025-12-26 15:01:00+00:00,6978.0,target,300.0,296.5,312.5
trend_pullback,ES,volatility+time_of_day,2025-12-26,2025-12-26 15:02:00+00:00,-1,6976.25,6976.0,6970.0,6981.25,25,20,2025-12-26 15:04:00+00:00,6981.5,stop,-275.0,-278.5,312.5
trend_pullback,ES,volatility+time_of_day,2025-12-26,2025-12-26 15:10:00+00:00,-1,6979.0,6978.75,6972.75,6984.0,25,20,2025-12-26 15:23:00+00:00,6984.25,stop,-275.0,-278.5,312.5
trend_pullback,ES,volatility+time_of_day,2025-12-29,2025-12-29 14:48:00+00:00,-1,6952.0,6951.75,6945.75,6957.0,25,20,2025-12-29 14:50:00+00:00,6957.25,stop,-275.0,-278.5,312.5
trend_pullback,ES,volatility+time_of_day,2025-12-29,2025-12-29 14:51:00+00:00,-1,6951.0,6950.75,6944.75,6956.0,25,20,2025-12-29 14:54:00+00:00,6956.25,stop,-275.0,-278.5,312.5
trend_pullback,ES,volatility+time_of_day,2025-12-29,2025-12-29 14:55:00+00:00,-1,6953.5,6953.25,6947.25,6958.5,25,20,2025-12-29 15:06:00+00:00,6947.25,target,300.0,296.5,312.5
trend_pullback,ES,volatility+time_of_day,2025-12-30,2025-12-30 14:50:00+00:00,1,6956.0,6956.25,6962.25,6951.0,25,20,2025-12-30 15:07:00+00:00,6950.75,stop,-275.0,-278.5,312.5
trend_pullback,ES,volatility+time_of_day,2025-12-31,2025-12-31 14:45:00+00:00,-1,6928.25,6928.0,6922.0,6933.25,25,20,2025-12-31 14:52:00+00:00,6933.5,stop,-275.0,-278.5,312.5
trend_pullback,ES,volatility+time_of_day,2025-12-31,2025-12-31 15:07:00+00:00,-1,6929.0,6928.75,6922.75,6934.0,25,20,2025-12-31 15:18:00+00:00,6922.75,target,300.0,296.5,312.5
trend_pullback,ES,volatility+time_of_day,2025-12-31,2025-12-31 19:38:00+00:00,-1,6916.5,6916.25,6910.25,6921.5,25,20,2025-12-31 20:00:00+00:00,6910.25,target,300.0,296.5,312.5
trend_pullback,ES,volatility+time_of_day,2026-01-02,2026-01-02 14:50:00+00:00,1,6937.75,6938.0,6944.0,6932.75,25,20,2026-01-02 14:52:00+00:00,6932.5,stop,-275.0,-278.5,312.5
trend_pullback,ES,volatility+time_of_day,2026-01-02,2026-01-02 14:54:00+00:00,1,6932.75,6933.0,6939.0,6927.75,25,20,2026-01-02 15:01:00+00:00,6939.0,target,300.0,296.5,312.5
trend_pullback,ES,volatility+time_of_day,2026-01-02,2026-01-02 15:12:00+00:00,-1,6917.5,6917.25,6911.25,6922.5,25,20,2026-01-02 15:14:00+00:00,6911.25,target,300.0,296.5,312.5
trend_pullback,ES,volatility+time_of_day,2026-01-05,2026-01-05 15:03:00+00:00,1,6944.25,6944.5,6950.5,6939.25,25,20,2026-01-05 15:27:00+00:00,6950.5,target,300.0,296.5,312.5
trend_pullback,ES,volatility+time_of_day,2026-01-05,2026-01-05 15:31:00+00:00,1,6955.0,6955.25,6961.25,6950.0,25,20,2026-01-05 15:38:00+00:00,6949.75,stop,-275.0,-278.5,312.5
trend_pullback,ES,volatility+time_of_day,2026-01-06,2026-01-06 14:49:00+00:00,1,6960.5,6960.75,6966.75,6955.5,25,20,2026-01-06 14:51:00+00:00,6966.75,target,300.0,296.5,312.5
trend_pullback,ES,volatility+time_of_day,2026-01-06,2026-01-06 14:53:00+00:00,1,6964.5,6964.75,6970.75,6959.5,25,20,2026-01-06 15:00:00+00:00,6970.75,target,300.0,296.5,312.5
trend_pullback,ES,volatility+time_of_day,2026-01-06,2026-01-06 15:02:00+00:00,1,6970.75,6971.0,6977.0,6965.75,25,20,2026-01-06 15:25:00+00:00,6977.0,target,300.0,296.5,312.5
trend_pullback,ES,volatility+time_of_day,2026-01-07,2026-01-07 14:46:00+00:00,1,6997.25,6997.5,7003.5,6992.25,25,20,2026-01-07 14:51:00+00:00,6992.0,stop,-275.0,-278.5,312.5
trend_pullback,ES,volatility+time_of_day,2026-01-07,2026-01-07 15:01:00+00:00,-1,6985.25,6985.0,6979.0,6990.25,25,20,2026-01-07 15:17:00+00:00,6979.0,target,300.0,296.5,312.5
trend_pullback,ES,volatility+time_of_day,2026-01-07,2026-01-07 15:19:00+00:00,-1,6979.5,6979.25,6973.25,6984.5,25,20,2026-01-07 15:28:00+00:00,6984.75,stop,-275.0,-278.5,312.5
trend_pullback,ES,volatility+time_of_day,2026-01-08,2026-01-08 14:57:00+00:00,1,6953.0,6953.25,6959.25,6948.0,25,20,2026-01-08 14:59:00+00:00,6947.75,stop,-275.0,-278.5,312.5
trend_pullback,ES,volatility+time_of_day,2026-01-08,2026-01-08 15:09:00+00:00,1,6963.75,6964.0,6970.0,6958.75,25,20,2026-01-08 15:11:00+00:00,6958.5,stop,-275.0,-278.5,312.5
trend_pullback,ES,volatility+time_of_day,2026-01-08,2026-01-08 15:12:00+00:00,1,6962.0,6962.25,6968.25,6957.0,25,20,2026-01-08 15:36:00+00:00,6956.75,stop,-275.0,-278.5,312.5
trend_pullback,ES,volatility+time_of_day,2026-01-09,2026-01-09 14:51:00+00:00,-1,6973.5,6973.25,6967.25,6978.5,25,20,2026-01-09 14:53:00+00:00,6978.75,stop,-275.0,-278.5,312.5
trend_pullback,ES,volatility+time_of_day,2026-01-09,2026-01-09 15:06:00+00:00,-1,6963.75,6963.5,6957.5,6968.75,25,20,2026-01-09 15:08:00+00:00,6957.5,target,300.0,296.5,312.5
trend_pullback,ES,volatility+time_of_day,2026-01-09,2026-01-09 15:16:00+00:00,1,6978.25,6978.5,6984.5,6973.25,25,20,2026-01-09 15:17:00+00:00,6973.0,stop,-275.0,-278.5,312.5
trend_pullback,ES,volatility+time_of_day,2026-01-12,2026-01-12 14:46:00+00:00,1,6991.5,6991.75,6997.75,6986.5,25,20,2026-01-12 14:50:00+00:00,6997.75,target,300.0,296.5,312.5
trend_pullback,ES,volatility+time_of_day,2026-01-12,2026-01-12 14:55:00+00:00,1,6998.5,6998.75,7004.75,6993.5,25,20,2026-01-12 15:34:00+00:00,6993.25,stop,-275.0,-278.5,312.5
trend_pullback,ES,volatility+time_of_day,2026-01-12,2026-01-12 15:57:00+00:00,1,7002.25,7002.5,7008.5,6997.25,25,20,2026-01-12 16:14:00+00:00,7008.5,target,300.0,296.5,312.5
trend_pullback,ES,volatility+time_of_day,2026-01-13,2026-01-13 14:45:00+00:00,-1,7012.25,7012.0,7006.0,7017.25,25,20,2026-01-13 14:51:00+00:00,7006.0,target,300.0,296.5,312.5
trend_pullback,ES,volatility+time_of_day,2026-01-13,2026-01-13 14:54:00+00:00,-1,7007.0,7006.75,7000.75,7012.0,25,20,2026-01-13 14:56:00+00:00,7012.25,stop,-275.0,-278.5,312.5
trend_pullback,ES,volatility+time_of_day,2026-01-13,2026-01-13 15:02:00+00:00,-1,6997.5,6997.25,6991.25,7002.5,25,20,2026-01-13 15:05:00+00:00,7002.75,stop,-275.0,-278.5,312.5
trend_pullback,ES,volatility+time_of_day,2026-01-14,2026-01-14 14:45:00+00:00,-1,6954.5,6954.25,6948.25,6959.5,25,20,2026-01-14 14:46:00+00:00,6959.75,stop,-275.0,-278.5,312.5
trend_pullback,ES,volatility+time_of_day,2026-01-14,2026-01-14 14:49:00+00:00,-1,6963.25,6963.0,6957.0,6968.25,25,20,2026-01-14 14:52:00+00:00,6957.0,target,300.0,296.5,312.5
trend_pullback,ES,volatility+time_of_day,2026-01-14,2026-01-14 14:53:00+00:00,-1,6956.5,6956.25,6950.25,6961.5,25,20,2026-01-14 14:54:00+00:00,6961.75,stop,-275.0,-278.5,312.5
trend_pullback,ES,volatility+time_of_day,2026-01-15,2026-01-15 15:37:00+00:00,1,7010.75,7011.0,7017.0,7005.75,25,20,2026-01-15 15:43:00+00:00,7005.5,stop,-275.0,-278.5,312.5
trend_pullback,ES,volatility+time_of_day,2026-01-15,2026-01-15 15:45:00+00:00,-1,7001.0,7000.75,6994.75,7006.0,25,20,2026-01-15 15:50:00+00:00,6994.75,target,300.0,296.5,312.5
trend_pullback,ES,volatility+time_of_day,2026-01-15,2026-01-15 15:52:00+00:00,-1,6993.75,6993.5,6987.5,6998.75,25,20,2026-01-15 15:55:00+00:00,6999.0,stop,-275.0,-278.5,312.5
trend_pullback,ES,volatility+time_of_day,2026-01-16,2026-01-16 14:50:00+00:00,-1,6993.0,6992.75,6986.75,6998.0,25,20,2026-01-16 14:54:00+00:00,6986.75,target,300.0,296.5,312.5
trend_pullback,ES,volatility+time_of_day,2026-01-16,2026-01-16 14:55:00+00:00,-1,6985.25,6985.0,6979.0,6990.25,25,20,2026-01-16 14:59:00+00:00,6979.0,target,300.0,296.5,312.5
trend_pullback,ES,volatility+time_of_day,2026-01-16,2026-01-16 15:04:00+00:00,-1,6980.5,6980.25,6974.25,6985.5,25,20,2026-01-16 15:06:00+00:00,6985.75,stop,-275.0,-278.5,312.5
trend_pullback,ES,volatility+time_of_day,2026-01-20,2026-01-20 14:56:00+00:00,-1,6878.75,6878.5,6872.5,6883.75,25,20,2026-01-20 14:58:00+00:00,6884.0,stop,-275.0,-278.5,312.5
trend_pullback,ES,volatility+time_of_day,2026-01-20,2026-01-20 15:02:00+00:00,-1,6872.0,6871.75,6865.75,6877.0,25,20,2026-01-20 15:05:00+00:00,6877.25,stop,-275.0,-278.5,312.5
trend_pullback,ES,volatility+time_of_day,2026-01-20,2026-01-20 15:08:00+00:00,-1,6868.0,6867.75,6861.75,6873.0,25,20,2026-01-20 15:14:00+00:00,6873.25,stop,-275.0,-278.5,312.5
trend_pullback,ES,volatility+time_of_day,2026-01-21,2026-01-21 14:45:00+00:00,1,6860.75,6861.0,6867.0,6855.75,25,20,2026-01-21 14:47:00+00:00,6867.0,target,300.0,296.5,312.5
trend_pullback,ES,volatility+time_of_day,2026-01-21,2026-01-21 14:49:00+00:00,1,6867.75,6868.0,6874.0,6862.75,25,20,2026-01-21 14:55:00+00:00,6874.0,target,300.0,296.5,312.5
trend_pullback,ES,volatility+time_of_day,2026-01-21,2026-01-21 15:00:00+00:00,1,6883.5,6883.75,6889.75,6878.5,25,20,2026-01-21 15:04:00+00:00,6878.25,stop,-275.0,-278.5,312.5
trend_pullback,ES,volatility+time_of_day,2026-01-22,2026-01-22 14:45:00+00:00,-1,6949.75,6949.5,6943.5,6954.75,25,20,2026-01-22 14:46:00+00:00,6943.5,target,300.0,296.5,312.5
trend_pullback,ES,volatility+time_of_day,2026-01-22,2026-01-22 14:47:00+00:00,-1,6942.75,6942.5,6936.5,6947.75,25,20,2026-01-22 14:48:00+00:00,6936.5,target,300.0,296.5,312.5
trend_pullback,ES,volatility+time_of_day,2026-01-22,2026-01-22 14:49:00+00:00,-1,6935.75,6935.5,6929.5,6940.75,25,20,2026-01-22 14:51:00+00:00,6941.0,stop,-275.0,-278.5,312.5
trend_pullback,ES,volatility+time_of_day,2026-01-23,2026-01-23 15:02:00+00:00,1,6944.25,6944.5,6950.5,6939.25,25,20,2026-01-23 15:13:00+00:00,6939.0,stop,-275.0,-278.5,312.5
trend_pullback,ES,volatility+time_of_day,2026-01-23,2026-01-23 15:25:00+00:00,1,6951.25,6951.5,6957.5,6946.25,25,20,2026-01-23 15:27:00+00:00,6946.0,stop,-275.0,-278.5,312.5
trend_pullback,ES,volatility+time_of_day,2026-01-23,2026-01-23 15:29:00+00:00,1,6946.75,6947.0,6953.0,6941.75,25,20,2026-01-23 15:47:00+00:00,6953.0,target,300.0,296.5,312.5
trend_pullback,ES,volatility+time_of_day,2026-01-26,2026-01-26 14:51:00+00:00,1,6977.25,6977.5,6983.5,6972.25,25,20,2026-01-26 15:10:00+00:00,6972.0,stop,-275.0,-278.5,312.5
trend_pullback,ES,volatility+time_of_day,2026-01-26,2026-01-26 15:19:00+00:00,1,6984.5,6984.75,6990.75,6979.5,25,20,2026-01-26 15:28:00+00:00,6979.25,stop,-275.0,-278.5,312.5
trend_pullback,ES,volatility+time_of_day,2026-01-26,2026-01-26 15:52:00+00:00,1,6986.0,6986.25,6992.25,6981.0,25,20,2026-01-26 16:05:00+00:00,6980.75,stop,-275.0,-278.5,312.5
trend_pullback,ES,volatility+time_of_day,2026-01-27,2026-01-27 14:48:00+00:00,1,6996.5,6996.75,7002.75,6991.5,25,20,2026-01-27 14:51:00+00:00,7002.75,target,300.0,296.5,312.5
trend_pullback,ES,volatility+time_of_day,2026-01-27,2026-01-27 14:52:00+00:00,1,7002.75,7003.0,7009.0,6997.75,25,20,2026-01-27 15:36:00+00:00,7009.0,target,300.0,296.5,312.5
trend_pullback,ES,volatility+time_of_day,2026-01-28,2026-01-28 15:04:00+00:00,-1,7022.5,7022.25,7016.25,7027.5,25,20,2026-01-28 15:10:00+00:00,7016.25,target,300.0,296.5,312.5
trend_pullback,ES,volatility+time_of_day,2026-01-28,2026-01-28 15:13:00+00:00,-1,7014.5,7014.25,7008.25,7019.5,25,20,2026-01-28 15:16:00+00:00,7019.75,stop,-275.0,-278.5,312.5
trend_pullback,ES,volatility+time_of_day,2026-01-28,2026-01-28 15:18:00+00:00,-1,7015.5,7015.25,7009.25,7020.5,25,20,2026-01-28 15:20:00+00:00,7020.75,stop,-275.0,-278.5,312.5
trend_pullback,ES,volatility+time_of_day,2026-01-29,2026-01-29 14:46:00+00:00,-1,6976.75,6976.5,6970.5,6981.75,25,20,2026-01-29 14:47:00+00:00,6982.0,stop,-275.0,-278.5,312.5
trend_pullback,ES,volatility+time_of_day,2026-01-29,2026-01-29 14:49:00+00:00,-1,6987.75,6987.5,6981.5,6992.75,25,20,2026-01-29 14:50:00+00:00,6981.5,target,300.0,296.5,312.5
trend_pullback,ES,volatility+time_of_day,2026-01-29,2026-01-29 14:51:00+00:00,-1,6978.5,6978.25,6972.25,6983.5,25,20,2026-01-29 14:54:00+00:00,6972.25,target,300.0,296.5,312.5
trend_pullback,ES,volatility+time_of_day,2026-01-30,2026-01-30 14:48:00+00:00,-1,6971.75,6971.5,6965.5,6976.75,25,20,2026-01-30 14:49:00+00:00,6977.0,stop,-275.0,-278.5,312.5
trend_pullback,ES,volatility+time_of_day,2026-01-30,2026-01-30 14:53:00+00:00,-1,6973.25,6973.0,6967.0,6978.25,25,20,2026-01-30 14:58:00+00:00,6967.0,target,300.0,296.5,312.5
trend_pullback,ES,volatility+time_of_day,2026-01-30,2026-01-30 15:02:00+00:00,-1,6966.75,6966.5,6960.5,6971.75,25,20,2026-01-30 15:05:00+00:00,6972.0,stop,-275.0,-278.5,312.5
trend_pullback,ES,volatility+time_of_day,2026-02-02,2026-02-02 14:46:00+00:00,1,6976.75,6977.0,6983.0,6971.75,25,20,2026-02-02 14:48:00+00:00,6971.5,stop,-275.0,-278.5,312.5
trend_pullback,ES,volatility+time_of_day,2026-02-02,2026-02-02 14:49:00+00:00,1,6976.75,6977.0,6983.0,6971.75,25,20,2026-02-02 14:50:00+00:00,6983.0,target,300.0,296.5,312.5
trend_pullback,ES,volatility+time_of_day,2026-02-02,2026-02-02 14:53:00+00:00,1,6983.0,6983.25,6989.25,6978.0,25,20,2026-02-02 14:56:00+00:00,6977.75,stop,-275.0,-278.5,312.5
trend_pullback,ES,volatility+time_of_day,2026-02-03,2026-02-03 14:54:00+00:00,-1,6996.25,6996.0,6990.0,7001.25,25,20,2026-02-03 14:56:00+00:00,6990.0,target,300.0,296.5,312.5
trend_pullback,ES,volatility+time_of_day,2026-02-03,2026-02-03 14:59:00+00:00,-1,6981.5,6981.25,6975.25,6986.5,25,20,2026-02-03 15:00:00+00:00,6975.25,target,300.0,296.5,312.5
trend_pullback,ES,volatility+time_of_day,2026-02-03,2026-02-03 15:01:00+00:00,-1,6972.25,6972.0,6966.0,6977.25,25,20,2026-02-03 15:03:00+00:00,6977.5,stop,-275.0,-278.5,312.5
trend_pullback,ES,volatility+time_of_day,2026-02-04,2026-02-04 14:46:00+00:00,1,6950.75,6951.0,6957.0,6945.75,25,20,2026-02-04 14:48:00+00:00,6957.0,target,300.0,296.5,312.5
trend_pullback,ES,volatility+time_of_day,2026-02-04,2026-02-04 14:51:00+00:00,-1,6945.0,6944.75,6938.75,6950.0,25,20,2026-02-04 14:53:00+00:00,6938.75,target,300.0,296.5,312.5
trend_pullback,ES,volatility+time_of_day,2026-02-04,2026-02-04 14:56:00+00:00,-1,6938.0,6937.75,6931.75,6943.0,25,20,2026-02-04 14:58:00+00:00,6931.75,target,300.0,296.5,312.5
trend_pullback,ES,volatility+time_of_day,2026-02-05,2026-02-05 14:45:00+00:00,1,6874.25,6874.5,6880.5,6869.25,25,20,2026-02-05 14:46:00+00:00,6869.0,stop,-275.0,-278.5,312.5
trend_pullback,ES,volatility+time_of_day,2026-02-05,2026-02-05 14:49:00+00:00,1,6873.75,6874.0,6880.0,6868.75,25,20,2026-02-05 14:50:00+00:00,6880.0,target,300.0,296.5,312.5
trend_pullback,ES,volatility+time_of_day,2026-02-05,2026-02-05 14:56:00+00:00,-1,6853.0,6852.75,6846.75,6858.0,25,20,2026-02-05 14:59:00+00:00,6846.75,target,300.0,296.5,312.5
trend_pullback,ES,volatility+time_of_day,2026-02-06,2026-02-06 14:47:00+00:00,1,6897.5,6897.75,6903.75,6892.5,25,20,2026-02-06 14:49:00+00:00,6892.25,stop,-275.0,-278.5,312.5
trend_pullback,ES,volatility+time_of_day,2026-02-06,2026-02-06 14:50:00+00:00,1,6900.25,6900.5,6906.5,6895.25,25,20,2026-02-06 14:51:00+00:00,6906.5,target,300.0,296.5,312.5
trend_pullback,ES,volatility+time_of_day,2026-02-06,2026-02-06 14:52:00+00:00,1,6906.0,6906.25,6912.25,6901.0,25,20,2026-02-06 14:53:00+00:00,6900.75,stop,-275.0,-278.5,312.5
trend_pullback,ES,volatility+time_of_day,2026-02-09,2026-02-09 14:46:00+00:00,1,6956.5,6956.75,6962.75,6951.5,25,20,2026-02-09 14:47:00+00:00,6951.25,stop,-275.0,-278.5,312.5
trend_pullback,ES,volatility+time_of_day,2026-02-09,2026-02-09 14:48:00+00:00,1,6955.75,6956.0,6962.0,6950.75,25,20,2026-02-09 14:50:00+00:00,6950.5,stop,-275.0,-278.5,312.5
trend_pullback,ES,volatility+time_of_day,2026-02-09,2026-02-09 15:04:00+00:00,1,6953.75,6954.0,6960.0,6948.75,25,20,2026-02-09 15:07:00+00:00,6960.0,target,300.0,296.5,312.5
trend_pullback,ES,volatility+time_of_day,2026-02-10,2026-02-10 14:45:00+00:00,-1,6979.0,6978.75,6972.75,6984.0,25,20,2026-02-10 14:50:00+00:00,6984.25,stop,-275.0,-278.5,312.5
trend_pullback,ES,volatility+time_of_day,2026-02-10,2026-02-10 14:53:00+00:00,1,6990.25,6990.5,6996.5,6985.25,25,20,2026-02-10 14:55:00+00:00,6996.5,target,300.0,296.5,312.5
trend_pullback,ES,volatility+time_of_day,2026-02-10,2026-02-10 14:57:00+00:00,1,6999.25,6999.5,7005.5,6994.25,25,20,2026-02-10 15:13:00+00:00,6994.0,stop,-275.0,-278.5,312.5
trend_pullback,ES,volatility+time_of_day,2026-02-11,2026-02-11 14:57:00+00:00,-1,6984.0,6983.75,6977.75,6989.0,25,20,2026-02-11 14:59:00+00:00,6977.75,target,300.0,296.5,312.5
trend_pullback,ES,volatility+time_of_day,2026-02-11,2026-02-11 15:02:00+00:00,-1,6975.25,6975.0,6969.0,6980.25,25,20,2026-02-11 15:09:00+00:00,6969.0,target,300.0,296.5,312.5
trend_pullback,ES,volatility+time_of_day,2026-02-11,2026-02-11 15:11:00+00:00,-1,6960.0,6959.75,6953.75,6965.0,25,20,2026-02-11 15:12:00+00:00,6953.75,target,300.0,296.5,312.5
trend_pullback,ES,volatility+time_of_day,2026-02-12,2026-02-12 14:45:00+00:00,-1,6975.0,6974.75,6968.75,6980.0,25,20,2026-02-12 14:47:00+00:00,6980.25,stop,-275.0,-278.5,312.5
trend_pullback,ES,volatility+time_of_day,2026-02-12,2026-02-12 14:48:00+00:00,-1,6975.5,6975.25,6969.25,6980.5,25,20,2026-02-12 14:56:00+00:00,6969.25,target,300.0,296.5,312.5
trend_pullback,ES,volatility+time_of_day,2026-02-12,2026-02-12 14:58:00+00:00,-1,6964.25,6964.0,6958.0,6969.25,25,20,2026-02-12 15:01:00+00:00,6969.5,stop,-275.0,-278.5,312.5
trend_pullback,ES,volatility+time_of_day,2026-02-13,2026-02-13 14:46:00+00:00,1,6856.75,6857.0,6863.0,6851.75,25,20,2026-02-13 14:47:00+00:00,6851.5,stop,-275.0,-278.5,312.5
trend_pullback,ES,volatility+time_of_day,2026-02-13,2026-02-13 14:57:00+00:00,-1,6831.25,6831.0,6825.0,6836.25,25,20,2026-02-13 14:58:00+00:00,6836.5,stop,-275.0,-278.5,312.5
trend_pullback,ES,volatility+time_of_day,2026-02-13,2026-02-13 14:59:00+00:00,-1,6833.5,6833.25,6827.25,6838.5,25,20,2026-02-13 15:00:00+00:00,6838.75,stop,-275.0,-278.5,312.5
trend_pullback,ES,volatility+time_of_day,2026-02-16,2026-02-16 14:45:00+00:00,-1,6849.0,6848.75,6842.75,6854.0,25,20,2026-02-16 14:50:00+00:00,6854.25,stop,-275.0,-278.5,312.5
trend_pullback,ES,volatility+time_of_day,2026-02-17,2026-02-17 14:47:00+00:00,-1,6832.0,6831.75,6825.75,6837.0,25,20,2026-02-17 14:48:00+00:00,6837.25,stop,-275.0,-278.5,312.5
trend_pullback,ES,volatility+time_of_day,2026-02-17,2026-02-17 14:50:00+00:00,-1,6819.0,6818.75,6812.75,6824.0,25,20,2026-02-17 14:53:00+00:00,6812.75,target,300.0,296.5,312.5
trend_pullback,ES,volatility+time_of_day,2026-02-17,2026-02-17 14:55:00+00:00,-1,6806.25,6806.0,6800.0,6811.25,25,20,2026-02-17 14:57:00+00:00,6811.5,stop,-275.0,-278.5,312.5
trend_pullback,ES,volatility+time_of_day,2026-02-18,2026-02-18 14:45:00+00:00,1,6886.0,6886.25,6892.25,6881.0,25,20,2026-02-18 14:46:00+00:00,6880.75,stop,-275.0,-278.5,312.5
trend_pullback,ES,volatility+time_of_day,2026-02-18,2026-02-18 14:50:00+00:00,-1,6870.5,6870.25,6864.25,6875.5,25,20,2026-02-18 14:52:00+00:00,6875.75,stop,-275.0,-278.5,312.5
trend_pullback,ES,volatility+time_of_day,2026-02-18,2026-02-18 14:56:00+00:00,1,6892.0,6892.25,6898.25,6887.0,25,20,2026-02-18 15:00:00+00:00,6898.25,target,300.0,296.5,312.5
trend_pullback,ES,volatility+time_of_day,2026-02-19,2026-02-19 14:48:00+00:00,1,6877.0,6877.25,6883.25,6872.0,25,20,2026-02-19 14:49:00+00:00,6871.75,stop,-275.0,-278.5,312.5
trend_pullback,ES,volatility+time_of_day,2026-02-19,2026-02-19 14:50:00+00:00,1,6876.0,6876.25,6882.25,6871.0,25,20,2026-02-19 14:52:00+00:00,6882.25,target,300.0,296.5,312.5
trend_pullback,ES,volatility+time_of_day,2026-02-19,2026-02-19 14:53:00+00:00,1,6884.75,6885.0,6891.0,6879.75,25,20,2026-02-19 14:54:00+00:00,6879.5,stop,-275.0,-278.5,312.5
trend_pullback,ES,volatility+time_of_day,2026-02-20,2026-02-20 14:46:00+00:00,1,6880.5,6880.75,6886.75,6875.5,25,20,2026-02-20 14:47:00+00:00,6875.25,stop,-275.0,-278.5,312.5
trend_pullback,ES,volatility+time_of_day,2026-02-20,2026-02-20 15:00:00+00:00,1,6885.5,6885.75,6891.75,6880.5,25,20,2026-02-20 15:01:00+00:00,6891.75,target,300.0,296.5,312.5
trend_pullback,ES,volatility+time_of_day,2026-02-20,2026-02-20 15:04:00+00:00,1,6900.25,6900.5,6906.5,6895.25,25,20,2026-02-20 15:05:00+00:00,6895.0,stop,-275.0,-278.5,312.5
trend_pullback,ES,volatility+time_of_day,2026-02-23,2026-02-23 14:45:00+00:00,-1,6902.5,6902.25,6896.25,6907.5,25,20,2026-02-23 14:46:00+00:00,6907.75,stop,-275.0,-278.5,312.5
trend_pullback,ES,volatility+time_of_day,2026-02-23,2026-02-23 14:47:00+00:00,-1,6904.25,6904.0,6898.0,6909.25,25,20,2026-02-23 14:49:00+00:00,6898.0,target,300.0,296.5,312.5
trend_pullback,ES,volatility+time_of_day,2026-02-23,2026-02-23 14:51:00+00:00,-1,6906.0,6905.75,6899.75,6911.0,25,20,2026-02-23 14:54:00+00:00,6899.75,target,300.0,296.5,312.5
trend_pullback,ES,volatility+time_of_day,2026-02-24,2026-02-24 14:45:00+00:00,1,6873.0,6873.25,6879.25,6868.0,25,20,2026-02-24 14:48:00+00:00,6879.25,target,300.0,296.5,312.5
trend_pullback,ES,volatility+time_of_day,2026-02-24,2026-02-24 14:49:00+00:00,1,6877.75,6878.0,6884.0,6872.75,25,20,2026-02-24 14:51:00+00:00,6872.5,stop,-275.0,-278.5,312.5
trend_pullback,ES,volatility+time_of_day,2026-02-24,2026-02-24 15:11:00+00:00,1,6868.75,6869.0,6875.0,6863.75,25,20,2026-02-24 15:12:00+00:00,6863.5,stop,-275.0,-278.5,312.5
trend_pullback,ES,volatility+time_of_day,2026-02-25,2026-02-25 14:46:00+00:00,1,6945.5,6945.75,6951.75,6940.5,25,20,2026-02-25 14:56:00+00:00,6940.25,stop,-275.0,-278.5,312.5
trend_pullback,ES,volatility+time_of_day,2026-02-26,2026-02-26 14:45:00+00:00,-1,6937.5,6937.25,6931.25,6942.5,25,20,2026-02-26 14:50:00+00:00,6942.75,stop,-275.0,-278.5,312.5
trend_pullback,ES,volatility+time_of_day,2026-02-26,2026-02-26 14:51:00+00:00,-1,6937.75,6937.5,6931.5,6942.75,25,20,2026-02-26 15:00:00+00:00,6931.5,target,300.0,296.5,312.5
trend_pullback,ES,volatility+time_of_day,2026-02-26,2026-02-26 15:01:00+00:00,-1,6925.25,6925.0,6919.0,6930.25,25,20,2026-02-26 15:03:00+00:00,6930.5,stop,-275.0,-278.5,312.5
trend_pullback,ES,volatility+time_of_day,2026-02-27,2026-02-27 15:02:00+00:00,1,6865.25,6865.5,6871.5,6860.25,25,20,2026-02-27 15:04:00+00:00,6860.0,stop,-275.0,-278.5,312.5
trend_pullback,ES,volatility+time_of_day,2026-02-27,2026-02-27 15:05:00+00:00,1,6868.5,6868.75,6874.75,6863.5,25,20,2026-02-27 15:08:00+00:00,6874.75,target,300.0,296.5,312.5
trend_pullback,ES,volatility+time_of_day,2026-02-27,2026-02-27 15:10:00+00:00,1,6875.5,6875.75,6881.75,6870.5,25,20,2026-02-27 15:14:00+00:00,6870.25,stop,-275.0,-278.5,312.5
trend_pullback,ES,volatility+time_of_day,2026-03-02,2026-03-02 14:45:00+00:00,1,6849.5,6849.75,6855.75,6844.5,25,20,2026-03-02 14:48:00+00:00,6855.75,target,300.0,296.5,312.5
trend_pullback,ES,volatility+time_of_day,2026-03-02,2026-03-02 14:49:00+00:00,1,6856.5,6856.75,6862.75,6851.5,25,20,2026-03-02 14:51:00+00:00,6851.25,stop,-275.0,-278.5,312.5
trend_pullback,ES,volatility+time_of_day,2026-03-02,2026-03-02 15:03:00+00:00,1,6867.25,6867.5,6873.5,6862.25,25,20,2026-03-02 15:08:00+00:00,6873.5,target,300.0,296.5,312.5
trend_pullback,ES,volatility+time_of_day,2026-03-03,2026-03-03 14:47:00+00:00,-1,6759.5,6759.25,6753.25,6764.5,25,20,2026-03-03 14:48:00+00:00,6753.25,target,300.0,296.5,312.5
trend_pullback,ES,volatility+time_of_day,2026-03-03,2026-03-03 14:49:00+00:00,-1,6747.25,6747.0,6741.0,6752.25,25,20,2026-03-03 14:50:00+00:00,6752.5,stop,-275.0,-278.5,312.5
trend_pullback,ES,volatility+time_of_day,2026-03-03,2026-03-03 14:52:00+00:00,-1,6753.0,6752.75,6746.75,6758.0,25,20,2026-03-03 14:53:00+00:00,6758.25,stop,-275.0,-278.5,312.5
trend_pullback,ES,volatility+time_of_day,2026-03-04,2026-03-04 14:45:00+00:00,-1,6821.25,6821.0,6815.0,6826.25,25,20,2026-03-04 14:46:00+00:00,6826.5,stop,-275.0,-278.5,312.5
trend_pullback,ES,volatility+time_of_day,2026-03-04,2026-03-04 14:47:00+00:00,-1,6827.5,6827.25,6821.25,6832.5,25,20,2026-03-04 14:48:00+00:00,6832.75,stop,-275.0,-278.5,312.5
trend_pullback,ES,volatility+time_of_day,2026-03-04,2026-03-04 14:54:00+00:00,1,6837.25,6837.5,6843.5,6832.25,25,20,2026-03-04 14:55:00+00:00,6832.0,stop,-275.0,-278.5,312.5
trend_pullback,ES,volatility+time_of_day,2026-03-05,2026-03-05 14:45:00+00:00,-1,6844.75,6844.5,6838.5,6849.75,25,20,2026-03-05 14:47:00+00:00,6850.0,stop,-275.0,-278.5,312.5
trend_pullback,ES,volatility+time_of_day,2026-03-05,2026-03-05 14:54:00+00:00,1,6860.25,6860.5,6866.5,6855.25,25,20,2026-03-05 14:57:00+00:00,6866.5,target,300.0,296.5,312.5
trend_pullback,ES,volatility+time_of_day,2026-03-05,2026-03-05 14:59:00+00:00,1,6872.75,6873.0,6879.0,6867.75,25,20,2026-03-05 15:03:00+00:00,6867.5,stop,-275.0,-278.5,312.5
trend_pullback,ES,volatility+time_of_day,2026-03-06,2026-03-06 14:46:00+00:00,-1,6722.25,6722.0,6716.0,6727.25,25,20,2026-03-06 14:48:00+00:00,6727.5,stop,-275.0,-278.5,312.5
trend_pullback,ES,volatility+time_of_day,2026-03-06,2026-03-06 14:55:00+00:00,-1,6723.25,6723.0,6717.0,6728.25,25,20,2026-03-06 14:59:00+00:00,6728.5,stop,-275.0,-278.5,312.5
trend_pullback,ES,volatility+time_of_day,2026-03-06,2026-03-06 15:01:00+00:00,1,6742.0,6742.25,6748.25,6737.0,25,20,2026-03-06 15:02:00+00:00,6748.25,target,300.0,296.5,312.5
trend_pullback,ES,volatility+time_of_day,2026-03-09,2026-03-09 13:45:00+00:00,-1,6652.5,6652.25,6646.25,6657.5,25,20,2026-03-09 13:46:00+00:00,6657.75,stop,-275.0,-278.5,312.5
trend_pullback,ES,volatility+time_of_day,2026-03-09,2026-03-09 13:49:00+00:00,-1,6654.25,6654.0,6648.0,6659.25,25,20,2026-03-09 13:52:00+00:00,6659.5,stop,-275.0,-278.5,312.5
trend_pullback,ES,volatility+time_of_day,2026-03-09,2026-03-09 13:53:00+00:00,-1,6645.25,6645.0,6639.0,6650.25,25,20,2026-03-09 13:54:00+00:00,6650.5,stop,-275.0,-278.5,312.5
trend_pullback,ES,volatility+time_of_day,2026-03-10,2026-03-10 13:52:00+00:00,-1,6783.25,6783.0,6777.0,6788.25,25,20,2026-03-10 13:53:00+00:00,6788.5,stop,-275.0,-278.5,312.5
trend_pullback,ES,volatility+time_of_day,2026-03-10,2026-03-10 13:56:00+00:00,-1,6776.75,6776.5,6770.5,6781.75,25,20,2026-03-10 14:00:00+00:00,6770.5,target,300.0,296.5,312.5
trend_pullback,ES,volatility+time_of_day,2026-03-10,2026-03-10 14:03:00+00:00,-1,6771.75,6771.5,6765.5,6776.75,25,20,2026-03-10 14:04:00+00:00,6777.0,stop,-275.0,-278.5,312.5
trend_pullback,ES,volatility+time_of_day,2026-03-11,2026-03-11 13:47:00+00:00,-1,6786.0,6785.75,6779.75,6791.0,25,20,2026-03-11 13:50:00+00:00,6779.75,target,300.0,296.5,312.5
trend_pullback,ES,volatility+time_of_day,2026-03-11,2026-03-11 13:54:00+00:00,-1,6787.25,6787.0,6781.0,6792.25,25,20,2026-03-11 13:58:00+00:00,6792.5,stop,-275.0,-278.5,312.5
trend_pullback,ES,volatility+time_of_day,2026-03-11,2026-03-11 14:00:00+00:00,1,6814.25,6814.5,6820.5,6809.25,25,20,2026-03-11 14:01:00+00:00,6809.0,stop,-275.0,-278.5,312.5
trend_pullback,ES,volatility+time_of_day,2026-03-12,2026-03-12 13:52:00+00:00,-1,6711.75,6711.5,6705.5,6716.75,25,20,2026-03-12 13:55:00+00:00,6705.5,target,300.0,296.5,312.5
trend_pullback,ES,volatility+time_of_day,2026-03-12,2026-03-12 13:58:00+00:00,-1,6700.25,6700.0,6694.0,6705.25,25,20,2026-03-12 14:00:00+00:00,6705.5,stop,-275.0,-278.5,312.5
trend_pullback,ES,volatility+time_of_day,2026-03-12,2026-03-12 14:07:00+00:00,1,6719.5,6719.75,6725.75,6714.5,25,20,2026-03-12 14:12:00+00:00,6725.75,target,300.0,296.5,312.5
trend_pullback,ES,volatility+time_of_day,2026-03-13,2026-03-13 13:45:00+00:00,1,6735.0,6735.25,6741.25,6730.0,25,20,2026-03-13 13:47:00+00:00,6729.75,stop,-275.0,-278.5,312.5
trend_pullback,ES,volatility+time_of_day,2026-03-13,2026-03-13 13:54:00+00:00,1,6731.0,6731.25,6737.25,6726.0,25,20,2026-03-13 13:56:00+00:00,6725.75,stop,-275.0,-278.5,312.5
trend_pullback,ES,volatility+time_of_day,2026-03-13,2026-03-13 14:03:00+00:00,-1,6712.0,6711.75,6705.75,6717.0,25,20,2026-03-13 14:05:00+00:00,6717.25,stop,-275.0,-278.5,312.5
trend_pullback,ES,volatility+time_of_day,2026-03-16,2026-03-16 13:45:00+00:00,1,6718.5,6718.75,6724.75,6713.5,25,20,2026-03-16 13:48:00+00:00,6713.25,stop,-275.0,-278.5,312.5
trend_pullback,ES,volatility+time_of_day,2026-03-16,2026-03-16 13:49:00+00:00,1,6713.75,6714.0,6720.0,6708.75,25,20,2026-03-16 13:55:00+00:00,6708.5,stop,-275.0,-278.5,312.5
trend_pullback,ES,volatility+time_of_day,2026-03-16,2026-03-16 14:02:00+00:00,1,6722.25,6722.5,6728.5,6717.25,25,20,2026-03-16 14:03:00+00:00,6717.0,stop,-275.0,-278.5,312.5
trend_pullback,ES,volatility+time_of_day,2026-03-17,2026-03-17 13:48:00+00:00,1,6756.25,6756.5,6762.5,6751.25,25,20,2026-03-17 13:52:00+00:00,6751.0,stop,-275.0,-278.5,312.5
trend_pullback,ES,volatility+time_of_day,2026-03-17,2026-03-17 14:21:00+00:00,-1,6740.75,6740.5,6734.5,6745.75,25,20,2026-03-17 14:25:00+00:00,6734.5,target,300.0,296.5,312.5
trend_pullback,ES,volatility+time_of_day,2026-03-17,2026-03-17 15:28:00+00:00,-1,6731.5,6731.25,6725.25,6736.5,25,20,2026-03-17 15:34:00+00:00,6725.25,target,300.0,296.5,312.5
trend_pullback,ES,volatility+time_of_day,2026-03-18,2026-03-18 13:54:00+00:00,-1,6750.5,6750.25,6744.25,6755.5,25,20,2026-03-18 13:59:00+00:00,6755.75,stop,-275.0,-278.5,312.5
trend_pullback,ES,volatility+time_of_day,2026-03-18,2026-03-18 14:04:00+00:00,-1,6747.5,6747.25,6741.25,6752.5,25,20,2026-03-18 14:07:00+00:00,6752.75,stop,-275.0,-278.5,312.5
trend_pullback,ES,volatility+time_of_day,2026-03-18,2026-03-18 14:08:00+00:00,1,6756.75,6757.0,6763.0,6751.75,25,20,2026-03-18 14:09:00+00:00,6751.5,stop,-275.0,-278.5,312.5
trend_pullback,ES,volatility+time_of_day,2026-03-19,2026-03-19 13:47:00+00:00,1,6629.0,6629.25,6635.25,6624.0,25,20,2026-03-19 13:48:00+00:00,6635.25,target,300.0,296.5,312.5
trend_pullback,ES,volatility+time_of_day,2026-03-19,2026-03-19 13:49:00+00:00,1,6640.0,6640.25,6646.25,6635.0,25,20,2026-03-19 13:50:00+00:00,6646.25,target,300.0,296.5,312.5
trend_pullback,ES,volatility+time_of_day,2026-03-19,2026-03-19 13:54:00+00:00,1,6648.75,6649.0,6655.0,6643.75,25,20,2026-03-19 13:55:00+00:00,6643.5,stop,-275.0,-278.5,312.5
trend_pullback,ES,volatility+time_of_day,2026-03-20,2026-03-20 13:45:00+00:00,1,6640.0,6640.25,6646.25,6635.0,25,20,2026-03-20 13:46:00+00:00,6634.75,stop,-275.0,-278.5,312.5
trend_pullback,ES,volatility+time_of_day,2026-03-20,2026-03-20 13:48:00+00:00,1,6636.25,6636.5,6642.5,6631.25,25,20,2026-03-20 13:49:00+00:00,6631.0,stop,-275.0,-278.5,312.5
trend_pullback,ES,volatility+time_of_day,2026-03-20,2026-03-20 13:51:00+00:00,-1,6618.5,6618.25,6612.25,6623.5,25,20,2026-03-20 13:57:00+00:00,6612.25,target,300.0,296.5,312.5
trend_pullback,ES,volatility+time_of_day,2026-03-23,2026-03-23 13:45:00+00:00,1,6662.5,6662.75,6668.75,6657.5,25,20,2026-03-23 13:46:00+00:00,6657.25,stop,-275.0,-278.5,312.5
trend_pullback,ES,volatility+time_of_day,2026-03-23,2026-03-23 13:49:00+00:00,1,6668.0,6668.25,6674.25,6663.0,25,20,2026-03-23 13:52:00+00:00,6674.25,target,300.0,296.5,312.5
trend_pullback,ES,volatility+time_of_day,2026-03-23,2026-03-23 13:53:00+00:00,1,6677.75,6678.0,6684.0,6672.75,25,20,2026-03-23 13:55:00+00:00,6672.5,stop,-275.0,-278.5,312.5
trend_pullback,ES,volatility+time_of_day,2026-03-24,2026-03-24 13:47:00+00:00,-1,6586.0,6585.75,6579.75,6591.0,25,20,2026-03-24 13:48:00+00:00,6579.75,target,300.0,296.5,312.5
trend_pullback,ES,volatility+time_of_day,2026-03-24,2026-03-24 13:49:00+00:00,-1,6576.75,6576.5,6570.5,6581.75,25,20,2026-03-24 13:52:00+00:00,6582.0,stop,-275.0,-278.5,312.5
trend_pullback,ES,volatility+time_of_day,2026-03-24,2026-03-24 13:54:00+00:00,-1,6578.25,6578.0,6572.0,6583.25,25,20,2026-03-24 13:56:00+00:00,6583.5,stop,-275.0,-278.5,312.5
trend_pullback,ES,volatility+time_of_day,2026-03-25,2026-03-25 13:45:00+00:00,-1,6663.75,6663.5,6657.5,6668.75,25,20,2026-03-25 13:48:00+00:00,6657.5,target,300.0,296.5,312.5
trend_pullback,ES,volatility+time_of_day,2026-03-25,2026-03-25 13:49:00+00:00,-1,6653.25,6653.0,6647.0,6658.25,25,20,2026-03-25 13:50:00+00:00,6647.0,target,300.0,296.5,312.5
trend_pullback,ES,volatility+time_of_day,2026-03-25,2026-03-25 13:53:00+00:00,-1,6645.0,6644.75,6638.75,6650.0,25,20,2026-03-25 13:58:00+00:00,6650.25,stop,-275.0,-278.5,312.5
trend_pullback,ES,volatility+time_of_day,2026-03-26,2026-03-26 13:47:00+00:00,1,6612.5,6612.75,6618.75,6607.5,25,20,2026-03-26 13:49:00+00:00,6607.25,stop,-275.0,-278.5,312.5
trend_pullback,ES,volatility+time_of_day,2026-03-26,2026-03-26 13:50:00+00:00,1,6608.5,6608.75,6614.75,6603.5,25,20,2026-03-26 13:52:00+00:00,6614.75,target,300.0,296.5,312.5
trend_pullback,ES,volatility+time_of_day,2026-03-26,2026-03-26 13:53:00+00:00,1,6618.75,6619.0,6625.0,6613.75,25,20,2026-03-26 13:55:00+00:00,6613.5,stop,-275.0,-278.5,312.5
trend_pullback,ES,volatility+time_of_day,2026-03-27,2026-03-27 13:47:00+00:00,1,6490.25,6490.5,6496.5,6485.25,25,20,2026-03-27 13:50:00+00:00,6485.0,stop,-275.0,-278.5,312.5
trend_pullback,ES,volatility+time_of_day,2026-03-27,2026-03-27 13:52:00+00:00,-1,6472.75,6472.5,6466.5,6477.75,25,20,2026-03-27 13:55:00+00:00,6466.5,target,300.0,296.5,312.5
trend_pullback,ES,volatility+time_of_day,2026-03-27,2026-03-27 13:56:00+00:00,-1,6459.25,6459.0,6453.0,6464.25,25,20,2026-03-27 14:00:00+00:00,6464.5,stop,-275.0,-278.5,312.5
trend_pullback,ES,volatility+time_of_day,2026-03-30,2026-03-30 13:46:00+00:00,-1,6431.5,6431.25,6425.25,6436.5,25,20,2026-03-30 13:54:00+00:00,6425.25,target,300.0,296.5,312.5
trend_pullback,ES,volatility+time_of_day,2026-03-30,2026-03-30 13:56:00+00:00,-1,6419.0,6418.75,6412.75,6424.0,25,20,2026-03-30 14:00:00+00:00,6424.25,stop,-275.0,-278.5,312.5
trend_pullback,ES,volatility+time_of_day,2026-03-30,2026-03-30 14:43:00+00:00,-1,6417.5,6417.25,6411.25,6422.5,25,20,2026-03-30 14:46:00+00:00,6422.75,stop,-275.0,-278.5,312.5
trend_pullback,ES,volatility+time_of_day,2026-03-31,2026-03-31 13:46:00+00:00,1,6474.25,6474.5,6480.5,6469.25,25,20,2026-03-31 13:49:00+00:00,6480.5,target,300.0,296.5,312.5
trend_pullback,ES,volatility+time_of_day,2026-03-31,2026-03-31 13:51:00+00:00,1,6484.75,6485.0,6491.0,6479.75,25,20,2026-03-31 13:54:00+00:00,6491.0,target,300.0,296.5,312.5
trend_pullback,ES,volatility+time_of_day,2026-03-31,2026-03-31 13:58:00+00:00,1,6491.5,6491.75,6497.75,6486.5,25,20,2026-03-31 14:05:00+00:00,6486.25,stop,-275.0,-278.5,312.5
trend_pullback,ES,volatility+time_of_day,2026-04-01,2026-04-01 13:45:00+00:00,-1,6605.5,6605.25,6599.25,6610.5,25,20,2026-04-01 13:47:00+00:00,6599.25,target,300.0,296.5,312.5
trend_pullback,ES,volatility+time_of_day,2026-04-01,2026-04-01 13:49:00+00:00,-1,6600.25,6600.0,6594.0,6605.25,25,20,2026-04-01 13:50:00+00:00,6605.5,stop,-275.0,-278.5,312.5
trend_pullback,ES,volatility+time_of_day,2026-04-01,2026-04-01 14:02:00+00:00,1,6616.25,6616.5,6622.5,6611.25,25,20,2026-04-01 14:06:00+00:00,6611.0,stop,-275.0,-278.5,312.5
trend_pullback,ES,volatility+time_of_day,2026-04-02,2026-04-02 13:47:00+00:00,1,6534.25,6534.5,6540.5,6529.25,25,20,2026-04-02 13:51:00+00:00,6540.5,target,300.0,296.5,312.5
trend_pullback,ES,volatility+time_of_day,2026-04-02,2026-04-02 13:52:00+00:00,1,6540.75,6541.0,6547.0,6535.75,25,20,2026-04-02 13:53:00+00:00,6547.0,target,300.0,296.5,312.5
trend_pullback,ES,volatility+time_of_day,2026-04-02,2026-04-02 13:54:00+00:00,1,6549.75,6550.0,6556.0,6544.75,25,20,2026-04-02 13:58:00+00:00,6556.0,target,300.0,296.5,312.5
trend_pullback,ES,volatility+time_of_day,2026-04-06,2026-04-06 13:50:00+00:00,1,6637.0,6637.25,6643.25,6632.0,25,20,2026-04-06 13:51:00+00:00,6643.25,target,300.0,296.5,312.5
trend_pullback,ES,volatility+time_of_day,2026-04-06,2026-04-06 13:53:00+00:00,1,6641.25,6641.5,6647.5,6636.25,25,20,2026-04-06 13:55:00+00:00,6636.0,stop,-275.0,-278.5,312.5
trend_pullback,ES,volatility+time_of_day,2026-04-06,2026-04-06 13:56:00+00:00,1,6641.25,6641.5,6647.5,6636.25,25,20,2026-04-06 13:59:00+00:00,6647.5,target,300.0,296.5,312.5
trend_pullback,ES,volatility+time_of_day,2026-04-07,2026-04-07 13:45:00+00:00,-1,6611.5,6611.25,6605.25,6616.5,25,20,2026-04-07 13:48:00+00:00,6605.25,target,300.0,296.5,312.5
trend_pullback,ES,volatility+time_of_day,2026-04-07,2026-04-07 13:50:00+00:00,-1,6607.25,6607.0,6601.0,6612.25,25,20,2026-04-07 13:52:00+00:00,6612.5,stop,-275.0,-278.5,312.5
trend_pullback,ES,volatility+time_of_day,2026-04-07,2026-04-07 14:01:00+00:00,-1,6598.25,6598.0,6592.0,6603.25,25,20,2026-04-07 14:06:00+00:00,6592.0,target,300.0,296.5,312.5
trend_pullback,ES,volatility+time_of_day,2026-04-08,2026-04-08 13:53:00+00:00,-1,6808.0,6807.75,6801.75,6813.0,25,20,2026-04-08 13:59:00+00:00,6813.25,stop,-275.0,-278.5,312.5
trend_pullback,ES,volatility+time_of_day,2026-04-08,2026-04-08 14:01:00+00:00,-1,6814.25,6814.0,6808.0,6819.25,25,20,2026-04-08 14:08:00+00:00,6808.0,target,300.0,296.5,312.5
trend_pullback,ES,volatility+time_of_day,2026-04-08,2026-04-08 14:29:00+00:00,-1,6806.5,6806.25,6800.25,6811.5,25,20,2026-04-08 14:31:00+00:00,6800.25,target,300.0,296.5,312.5
trend_pullback,ES,volatility+time_of_day,2026-04-13,2026-04-13 13:49:00+00:00,1,6849.25,6849.5,6855.5,6844.25,25,20,2026-04-13 13:50:00+00:00,6855.5,target,300.0,296.5,312.5
trend_pullback,ES,volatility+time_of_day,2026-04-13,2026-04-13 13:53:00+00:00,1,6844.0,6844.25,6850.25,6839.0,25,20,2026-04-13 13:57:00+00:00,6850.25,target,300.0,296.5,312.5
trend_pullback,ES,volatility+time_of_day,2026-04-13,2026-04-13 13:58:00+00:00,1,6853.25,6853.5,6859.5,6848.25,25,20,2026-04-13 14:00:00+00:00,6859.5,target,300.0,296.5,312.5
trend_pullback,ES,volatility+time_of_day,2026-04-15,2026-04-15 13:48:00+00:00,-1,7012.5,7012.25,7006.25,7017.5,25,20,2026-04-15 13:59:00+00:00,7017.75,stop,-275.0,-278.5,312.5
trend_pullback,ES,volatility+time_of_day,2026-04-16,2026-04-16 13:53:00+00:00,-1,7052.0,7051.75,7045.75,7057.0,25,20,2026-04-16 13:59:00+00:00,7057.25,stop,-275.0,-278.5,312.5
trend_pullback,ES,volatility+time_of_day,2026-04-16,2026-04-16 14:00:00+00:00,-1,7052.25,7052.0,7046.0,7057.25,25,20,2026-04-16 14:06:00+00:00,7057.5,stop,-275.0,-278.5,312.5
trend_pullback,ES,volatility+time_of_day,2026-04-17,2026-04-17 13:45:00+00:00,1,7132.75,7133.0,7139.0,7127.75,25,20,2026-04-17 13:46:00+00:00,7127.5,stop,-275.0,-278.5,312.5
trend_pullback,ES,volatility+time_of_day,2026-04-17,2026-04-17 13:47:00+00:00,-1,7123.0,7122.75,7116.75,7128.0,25,20,2026-04-17 13:48:00+00:00,7128.25,stop,-275.0,-278.5,312.5
trend_pullback,ES,volatility+time_of_day,2026-04-17,2026-04-17 13:53:00+00:00,1,7137.5,7137.75,7143.75,7132.5,25,20,2026-04-17 13:59:00+00:00,7143.75,target,300.0,296.5,312.5
trend_pullback,ES,volatility+time_of_day,2026-04-20,2026-04-20 13:49:00+00:00,-1,7146.5,7146.25,7140.25,7151.5,25,20,2026-04-20 13:52:00+00:00,7151.75,stop,-275.0,-278.5,312.5
trend_pullback,ES,volatility+time_of_day,2026-04-20,2026-04-20 14:17:00+00:00,-1,7149.75,7149.5,7143.5,7154.75,25,20,2026-04-20 14:22:00+00:00,7155.0,stop,-275.0,-278.5,312.5
trend_pullback,ES,volatility+time_of_day,2026-04-20,2026-04-20 14:39:00+00:00,-1,7145.25,7145.0,7139.0,7150.25,25,20,2026-04-20 14:51:00+00:00,7139.0,target,300.0,296.5,312.5
trend_pullback,ES,volatility+time_of_day,2026-04-21,2026-04-21 13:50:00+00:00,1,7162.5,7162.75,7168.75,7157.5,25,20,2026-04-21 14:00:00+00:00,7168.75,target,300.0,296.5,312.5
trend_pullback,ES,volatility+time_of_day,2026-04-21,2026-04-21 14:47:00+00:00,-1,7151.25,7151.0,7145.0,7156.25,25,20,2026-04-21 14:57:00+00:00,7145.0,target,300.0,296.5,312.5
trend_pullback,ES,volatility+time_of_day,2026-04-21,2026-04-21 14:59:00+00:00,-1,7135.25,7135.0,7129.0,7140.25,25,20,2026-04-21 15:00:00+00:00,7129.0,target,300.0,296.5,312.5
trend_pullback,ES,volatility+time_of_day,2026-04-22,2026-04-22 13:46:00+00:00,1,7152.25,7152.5,7158.5,7147.25,25,20,2026-04-22 13:48:00+00:00,7147.0,stop,-275.0,-278.5,312.5
trend_pullback,ES,volatility+time_of_day,2026-04-22,2026-04-22 14:00:00+00:00,1,7156.5,7156.75,7162.75,7151.5,25,20,2026-04-22 14:05:00+00:00,7151.25,stop,-275.0,-278.5,312.5
trend_pullback,ES,volatility+time_of_day,2026-04-22,2026-04-22 14:19:00+00:00,1,7162.5,7162.75,7168.75,7157.5,25,20,2026-04-22 14:32:00+00:00,7157.25,stop,-275.0,-278.5,312.5
trend_pullback,ES,volatility+time_of_day,2026-04-23,2026-04-23 13:47:00+00:00,1,7167.25,7167.5,7173.5,7162.25,25,20,2026-04-23 13:50:00+00:00,7162.0,stop,-275.0,-278.5,312.5
trend_pullback,ES,volatility+time_of_day,2026-04-23,2026-04-23 14:04:00+00:00,-1,7157.0,7156.75,7150.75,7162.0,25,20,2026-04-23 14:15:00+00:00,7162.25,stop,-275.0,-278.5,312.5
trend_pullback,ES,volatility+time_of_day,2026-04-23,2026-04-23 14:26:00+00:00,1,7165.5,7165.75,7171.75,7160.5,25,20,2026-04-23 14:28:00+00:00,7160.25,stop,-275.0,-278.5,312.5
trend_pullback,ES,volatility+time_of_day,2026-04-24,2026-04-24 13:54:00+00:00,-1,7150.25,7150.0,7144.0,7155.25,25,20,2026-04-24 13:59:00+00:00,7155.5,stop,-275.0,-278.5,312.5
trend_pullback,ES,volatility+time_of_day,2026-04-24,2026-04-24 14:02:00+00:00,-1,7148.75,7148.5,7142.5,7153.75,25,20,2026-04-24 14:04:00+00:00,7154.0,stop,-275.0,-278.5,312.5
trend_pullback,ES,volatility+time_of_day,2026-04-24,2026-04-24 14:12:00+00:00,1,7160.75,7161.0,7167.0,7155.75,25,20,2026-04-24 14:14:00+00:00,7155.5,stop,-275.0,-278.5,312.5
trend_pullback,ES,volatility+time_of_day,2026-04-27,2026-04-27 13:48:00+00:00,-1,7184.75,7184.5,7178.5,7189.75,25,20,2026-04-27 13:53:00+00:00,7190.0,stop,-275.0,-278.5,312.5
trend_pullback,ES,volatility+time_of_day,2026-04-27,2026-04-27 13:57:00+00:00,1,7195.75,7196.0,7202.0,7190.75,25,20,2026-04-27 14:10:00+00:00,7190.5,stop,-275.0,-278.5,312.5
trend_pullback,ES,volatility+time_of_day,2026-04-27,2026-04-27 14:44:00+00:00,1,7194.25,7194.5,7200.5,7189.25,25,20,2026-04-27 14:52:00+00:00,7189.0,stop,-275.0,-278.5,312.5
trend_pullback,ES,volatility+time_of_day,2026-04-28,2026-04-28 13:46:00+00:00,1,7178.0,7178.25,7184.25,7173.0,25,20,2026-04-28 13:49:00+00:00,7172.75,stop,-275.0,-278.5,312.5
trend_pullback,ES,volatility+time_of_day,2026-04-28,2026-04-28 13:54:00+00:00,-1,7170.25,7170.0,7164.0,7175.25,25,20,2026-04-28 13:56:00+00:00,7164.0,target,300.0,296.5,312.5
trend_pullback,ES,volatility+time_of_day,2026-04-28,2026-04-28 13:59:00+00:00,-1,7169.5,7169.25,7163.25,7174.5,25,20,2026-04-28 14:06:00+00:00,7174.75,stop,-275.0,-278.5,312.5
trend_pullback,ES,volatility+time_of_day,2026-04-29,2026-04-29 13:59:00+00:00,1,7160.75,7161.0,7167.0,7155.75,25,20,2026-04-29 14:02:00+00:00,7155.5,stop,-275.0,-278.5,312.5
trend_pullback,ES,volatility+time_of_day,2026-04-29,2026-04-29 14:12:00+00:00,1,7164.0,7164.25,7170.25,7159.0,25,20,2026-04-29 14:32:00+00:00,7170.25,target,300.0,296.5,312.5
trend_pullback,ES,volatility+time_of_day,2026-04-29,2026-04-29 18:02:00+00:00,-1,7151.25,7151.0,7145.0,7156.25,25,20,2026-04-29 18:08:00+00:00,7145.0,target,300.0,296.5,312.5
trend_pullback,ES,volatility+time_of_day,2026-04-30,2026-04-30 13:57:00+00:00,-1,7161.75,7161.5,7155.5,7166.75,25,20,2026-04-30 13:59:00+00:00,7167.0,stop,-275.0,-278.5,312.5
trend_pullback,ES,volatility+time_of_day,2026-04-30,2026-04-30 14:16:00+00:00,-1,7158.5,7158.25,7152.25,7163.5,25,20,2026-04-30 14:17:00+00:00,7163.75,stop,-275.0,-278.5,312.5
trend_pullback,ES,volatility+time_of_day,2026-04-30,2026-04-30 14:50:00+00:00,1,7182.5,7182.75,7188.75,7177.5,25,20,2026-04-30 14:51:00+00:00,7188.75,target,300.0,296.5,312.5
trend_pullback,ES,volatility+time_of_day,2026-05-01,2026-05-01 13:56:00+00:00,1,7286.75,7287.0,7293.0,7281.75,25,20,2026-05-01 13:59:00+00:00,7293.0,target,300.0,296.5,312.5
trend_pullback,ES,volatility+time_of_day,2026-05-01,2026-05-01 14:00:00+00:00,1,7294.25,7294.5,7300.5,7289.25,25,20,2026-05-01 14:22:00+00:00,7300.5,target,300.0,296.5,312.5
trend_pullback,ES,volatility+time_of_day,2026-05-01,2026-05-01 14:37:00+00:00,-1,7275.75,7275.5,7269.5,7280.75,25,20,2026-05-01 14:39:00+00:00,7281.0,stop,-275.0,-278.5,312.5
trend_pullback,ES,volatility+time_of_day,2026-05-04,2026-05-04 13:47:00+00:00,1,7253.75,7254.0,7260.0,7248.75,25,20,2026-05-04 14:08:00+00:00,7248.5,stop,-275.0,-278.5,312.5
trend_pullback,ES,volatility+time_of_day,2026-05-04,2026-05-04 14:15:00+00:00,1,7260.25,7260.5,7266.5,7255.25,25,20,2026-05-04 14:22:00+00:00,7266.5,target,300.0,296.5,312.5
trend_pullback,ES,volatility+time_of_day,2026-05-04,2026-05-04 14:40:00+00:00,1,7269.75,7270.0,7276.0,7264.75,25,20,2026-05-04 14:56:00+00:00,7264.5,stop,-275.0,-278.5,312.5
trend_pullback,ES,volatility+time_of_day,2026-05-05,2026-05-05 13:55:00+00:00,1,7273.5,7273.75,7279.75,7268.5,25,20,2026-05-05 14:08:00+00:00,7279.75,target,300.0,296.5,312.5
trend_pullback,ES,volatility+time_of_day,2026-05-05,2026-05-05 14:11:00+00:00,1,7281.5,7281.75,7287.75,7276.5,25,20,2026-05-05 14:13:00+00:00,7276.25,stop,-275.0,-278.5,312.5
trend_pullback,ES,volatility+time_of_day,2026-05-05,2026-05-05 14:28:00+00:00,1,7283.25,7283.5,7289.5,7278.25,25,20,2026-05-05 14:32:00+00:00,7278.0,stop,-275.0,-278.5,312.5
trend_pullback,ES,volatility+time_of_day,2026-05-06,2026-05-06 14:01:00+00:00,1,7348.75,7349.0,7355.0,7343.75,25,20,2026-05-06 14:03:00+00:00,7343.5,stop,-275.0,-278.5,312.5
trend_pullback,ES,volatility+time_of_day,2026-05-06,2026-05-06 14:14:00+00:00,1,7350.25,7350.5,7356.5,7345.25,25,20,2026-05-06 14:18:00+00:00,7345.0,stop,-275.0,-278.5,312.5
trend_pullback,ES,volatility+time_of_day,2026-05-06,2026-05-06 14:28:00+00:00,1,7356.0,7356.25,7362.25,7351.0,25,20,2026-05-06 14:29:00+00:00,7350.75,stop,-275.0,-278.5,312.5
trend_pullback,ES,volatility+time_of_day,2026-05-07,2026-05-07 13:49:00+00:00,-1,7385.25,7385.0,7379.0,7390.25,25,20,2026-05-07 13:55:00+00:00,7390.5,stop,-275.0,-278.5,312.5
trend_pullback,ES,volatility+time_of_day,2026-05-07,2026-05-07 14:03:00+00:00,1,7392.25,7392.5,7398.5,7387.25,25,20,2026-05-07 14:22:00+00:00,7398.5,target,300.0,296.5,312.5
trend_pullback,ES,volatility+time_of_day,2026-05-07,2026-05-07 14:42:00+00:00,1,7400.0,7400.25,7406.25,7395.0,25,20,2026-05-07 14:55:00+00:00,7406.25,target,300.0,296.5,312.5
trend_pullback,ES,volatility+time_of_day,2026-05-08,2026-05-08 13:48:00+00:00,1,7409.0,7409.25,7415.25,7404.0,25,20,2026-05-08 14:00:00+00:00,7415.25,target,300.0,296.5,312.5
trend_pullback,ES,volatility+time_of_day,2026-05-08,2026-05-08 14:02:00+00:00,1,7414.5,7414.75,7420.75,7409.5,25,20,2026-05-08 14:10:00+00:00,7409.25,stop,-275.0,-278.5,312.5
trend_pullback,ES,volatility+time_of_day,2026-05-08,2026-05-08 18:58:00+00:00,-1,7412.25,7412.0,7406.0,7417.25,25,20,2026-05-08 19:08:00+00:00,7417.5,stop,-275.0,-278.5,312.5
trend_pullback,ES,volatility+time_of_day,2026-05-11,2026-05-11 13:50:00+00:00,1,7434.75,7435.0,7441.0,7429.75,25,20,2026-05-11 13:55:00+00:00,7429.5,stop,-275.0,-278.5,312.5
trend_pullback,ES,volatility+time_of_day,2026-05-11,2026-05-11 14:44:00+00:00,1,7435.75,7436.0,7442.0,7430.75,25,20,2026-05-11 14:53:00+00:00,7442.0,target,300.0,296.5,312.5
trend_pullback,ES,volatility+time_of_day,2026-05-11,2026-05-11 14:57:00+00:00,1,7442.5,7442.75,7448.75,7437.5,25,20,2026-05-11 15:14:00+00:00,7437.25,stop,-275.0,-278.5,312.5
trend_pullback,ES,volatility+time_of_day,2026-05-12,2026-05-12 13:51:00+00:00,-1,7399.5,7399.25,7393.25,7404.5,25,20,2026-05-12 13:53:00+00:00,7404.75,stop,-275.0,-278.5,312.5
trend_pullback,ES,volatility+time_of_day,2026-05-12,2026-05-12 13:55:00+00:00,-1,7400.5,7400.25,7394.25,7405.5,25,20,2026-05-12 13:57:00+00:00,7394.25,target,300.0,296.5,312.5
trend_pullback,ES,volatility+time_of_day,2026-05-12,2026-05-12 13:58:00+00:00,-1,7395.0,7394.75,7388.75,7400.0,25,20,2026-05-12 14:06:00+00:00,7400.25,stop,-275.0,-278.5,312.5
trend_pullback,ES,volatility+time_of_day,2026-05-13,2026-05-13 13:45:00+00:00,-1,7410.0,7409.75,7403.75,7415.0,25,20,2026-05-13 13:47:00+00:00,7403.75,target,300.0,296.5,312.5
trend_pullback,ES,volatility+time_of_day,2026-05-13,2026-05-13 13:50:00+00:00,-1,7405.75,7405.5,7399.5,7410.75,25,20,2026-05-13 13:51:00+00:00,7411.0,stop,-275.0,-278.5,312.5
trend_pullback,ES,volatility+time_of_day,2026-05-13,2026-05-13 14:00:00+00:00,1,7413.75,7414.0,7420.0,7408.75,25,20,2026-05-13 14:13:00+00:00,7420.0,target,300.0,296.5,312.5
trend_pullback,ES,volatility+time_of_day,2026-05-14,2026-05-14 13:45:00+00:00,1,7499.75,7500.0,7506.0,7494.75,25,20,2026-05-14 13:52:00+00:00,7494.5,stop,-275.0,-278.5,312.5
trend_pullback,ES,volatility+time_of_day,2026-05-14,2026-05-14 14:11:00+00:00,1,7497.25,7497.5,7503.5,7492.25,25,20,2026-05-14 14:18:00+00:00,7503.5,target,300.0,296.5,312.5
trend_pullback,ES,volatility+time_of_day,2026-05-14,2026-05-14 14:22:00+00:00,1,7507.5,7507.75,7513.75,7502.5,25,20,2026-05-14 14:25:00+00:00,7502.25,stop,-275.0,-278.5,312.5
trend_pullback,ES,volatility+time_of_day,2026-05-15,2026-05-15 13:45:00+00:00,-1,7424.25,7424.0,7418.0,7429.25,25,20,2026-05-15 13:48:00+00:00,7429.5,stop,-275.0,-278.5,312.5
trend_pullback,ES,volatility+time_of_day,2026-05-15,2026-05-15 13:55:00+00:00,1,7448.25,7448.5,7454.5,7443.25,25,20,2026-05-15 13:57:00+00:00,7443.0,stop,-275.0,-278.5,312.5
trend_pullback,ES,volatility+time_of_day,2026-05-15,2026-05-15 14:06:00+00:00,-1,7434.75,7434.5,7428.5,7439.75,25,20,2026-05-15 14:08:00+00:00,7440.0,stop,-275.0,-278.5,312.5
trend_pullback,ES,volatility+time_of_day,2026-05-18,2026-05-18 13:53:00+00:00,1,7444.0,7444.25,7450.25,7439.0,25,20,2026-05-18 13:55:00+00:00,7450.25,target,300.0,296.5,312.5
trend_pullback,ES,volatility+time_of_day,2026-05-18,2026-05-18 13:56:00+00:00,1,7452.75,7453.0,7459.0,7447.75,25,20,2026-05-18 13:58:00+00:00,7447.5,stop,-275.0,-278.5,312.5
trend_pullback,ES,volatility+time_of_day,2026-05-18,2026-05-18 14:03:00+00:00,-1,7429.5,7429.25,7423.25,7434.5,25,20,2026-05-18 14:05:00+00:00,7434.75,stop,-275.0,-278.5,312.5
trend_pullback,ES,volatility+time_of_day,2026-05-19,2026-05-19 13:46:00+00:00,-1,7370.25,7370.0,7364.0,7375.25,25,20,2026-05-19 13:47:00+00:00,7375.5,stop,-275.0,-278.5,312.5
trend_pullback,ES,volatility+time_of_day,2026-05-19,2026-05-19 13:53:00+00:00,1,7390.75,7391.0,7397.0,7385.75,25,20,2026-05-19 13:54:00+00:00,7397.0,target,300.0,296.5,312.5
trend_pullback,ES,volatility+time_of_day,2026-05-19,2026-05-19 13:55:00+00:00,1,7398.5,7398.75,7404.75,7393.5,25,20,2026-05-19 13:56:00+00:00,7393.25,stop,-275.0,-278.5,312.5
trend_pullback,ES,volatility+time_of_day,2026-05-20,2026-05-20 13:45:00+00:00,1,7402.5,7402.75,7408.75,7397.5,25,20,2026-05-20 13:46:00+00:00,7408.75,target,300.0,296.5,312.5
trend_pullback,ES,volatility+time_of_day,2026-05-20,2026-05-20 13:50:00+00:00,1,7399.0,7399.25,7405.25,7394.0,25,20,2026-05-20 13:51:00+00:00,7393.75,stop,-275.0,-278.5,312.5
trend_pullback,ES,volatility+time_of_day,2026-05-20,2026-05-20 13:52:00+00:00,1,7401.25,7401.5,7407.5,7396.25,25,20,2026-05-20 13:54:00+00:00,7396.0,stop,-275.0,-278.5,312.5
trend_pullback,ES,volatility+time_of_day,2026-05-21,2026-05-21 13:49:00+00:00,-1,7412.5,7412.25,7406.25,7417.5,25,20,2026-05-21 13:50:00+00:00,7417.75,stop,-275.0,-278.5,312.5
trend_pullback,ES,volatility+time_of_day,2026-05-21,2026-05-21 13:51:00+00:00,1,7420.25,7420.5,7426.5,7415.25,25,20,2026-05-21 13:52:00+00:00,7426.5,target,300.0,296.5,312.5
trend_pullback,ES,volatility+time_of_day,2026-05-21,2026-05-21 13:53:00+00:00,1,7428.5,7428.75,7434.75,7423.5,25,20,2026-05-21 13:54:00+00:00,7434.75,target,300.0,296.5,312.5
trend_pullback,ES,volatility+time_of_day,2026-05-22,2026-05-22 13:45:00+00:00,1,7513.75,7514.0,7520.0,7508.75,25,20,2026-05-22 13:48:00+00:00,7508.5,stop,-275.0,-278.5,312.5
trend_pullback,ES,volatility+time_of_day,2026-05-22,2026-05-22 13:52:00+00:00,-1,7502.75,7502.5,7496.5,7507.75,25,20,2026-05-22 13:55:00+00:00,7508.0,stop,-275.0,-278.5,312.5
trend_pullback,ES,volatility+time_of_day,2026-05-22,2026-05-22 14:01:00+00:00,-1,7497.0,7496.75,7490.75,7502.0,25,20,2026-05-22 14:06:00+00:00,7490.75,target,300.0,296.5,312.5
trend_pullback,ES,volatility+time_of_day,2026-05-25,2026-05-25 15:18:00+00:00,1,7562.25,7562.5,7568.5,7557.25,25,20,2026-05-25 15:30:00+00:00,7557.0,stop,-275.0,-278.5,312.5
trend_pullback,ES,volatility+time_of_day,2026-05-26,2026-05-26 13:49:00+00:00,1,7543.5,7543.75,7549.75,7538.5,25,20,2026-05-26 13:50:00+00:00,7538.25,stop,-275.0,-278.5,312.5
trend_pullback,ES,volatility+time_of_day,2026-05-26,2026-05-26 13:52:00+00:00,1,7538.0,7538.25,7544.25,7533.0,25,20,2026-05-26 13:53:00+00:00,7532.75,stop,-275.0,-278.5,312.5
trend_pullback,ES,volatility+time_of_day,2026-05-26,2026-05-26 14:03:00+00:00,1,7544.25,7544.5,7550.5,7539.25,25,20,2026-05-26 14:20:00+00:00,7550.5,target,300.0,296.5,312.5
trend_pullback,ES,volatility+time_of_day,2026-05-27,2026-05-27 13:46:00+00:00,-1,7528.75,7528.5,7522.5,7533.75,25,20,2026-05-27 13:50:00+00:00,7534.0,stop,-275.0,-278.5,312.5
trend_pullback,ES,volatility+time_of_day,2026-05-27,2026-05-27 14:00:00+00:00,1,7538.75,7539.0,7545.0,7533.75,25,20,2026-05-27 14:02:00+00:00,7545.0,target,300.0,296.5,312.5
trend_pullback,ES,volatility+time_of_day,2026-05-27,2026-05-27 14:04:00+00:00,1,7545.5,7545.75,7551.75,7540.5,25,20,2026-05-27 14:07:00+00:00,7540.25,stop,-275.0,-278.5,312.5
trend_pullback,ES,volatility+time_of_day,2026-05-28,2026-05-28 13:51:00+00:00,1,7532.25,7532.5,7538.5,7527.25,25,20,2026-05-28 14:00:00+00:00,7538.5,target,300.0,296.5,312.5
trend_pullback,ES,volatility+time_of_day,2026-05-28,2026-05-28 14:09:00+00:00,1,7540.0,7540.25,7546.25,7535.0,25,20,2026-05-28 14:11:00+00:00,7534.75,stop,-275.0,-278.5,312.5
trend_pullback,ES,volatility+time_of_day,2026-05-28,2026-05-28 14:13:00+00:00,1,7570.25,7570.5,7576.5,7565.25,25,20,2026-05-28 14:14:00+00:00,7565.0,stop,-275.0,-278.5,312.5
trend_pullback,ES,volatility+time_of_day,2026-05-29,2026-05-29 13:47:00+00:00,1,7607.75,7608.0,7614.0,7602.75,25,20,2026-05-29 14:11:00+00:00,7602.5,stop,-275.0,-278.5,312.5
trend_pullback,ES,volatility+time_of_day,2026-05-29,2026-05-29 14:17:00+00:00,-1,7598.0,7597.75,7591.75,7603.0,25,20,2026-05-29 14:25:00+00:00,7591.75,target,300.0,296.5,312.5
trend_pullback,ES,volatility+time_of_day,2026-05-29,2026-05-29 14:26:00+00:00,-1,7590.25,7590.0,7584.0,7595.25,25,20,2026-05-29 14:28:00+00:00,7595.5,stop,-275.0,-278.5,312.5
trend_pullback,ES,volatility+time_of_day,2026-06-01,2026-06-01 13:45:00+00:00,1,7593.0,7593.25,7599.25,7588.0,25,20,2026-06-01 13:55:00+00:00,7587.75,stop,-275.0,-278.5,312.5
trend_pullback,ES,volatility+time_of_day,2026-06-01,2026-06-01 13:58:00+00:00,-1,7585.25,7585.0,7579.0,7590.25,25,20,2026-06-01 14:08:00+00:00,7590.5,stop,-275.0,-278.5,312.5
trend_pullback,ES,volatility+time_of_day,2026-06-01,2026-06-01 14:23:00+00:00,1,7592.5,7592.75,7598.75,7587.5,25,20,2026-06-01 14:26:00+00:00,7587.25,stop,-275.0,-278.5,312.5
trend_pullback,ES,volatility+time_of_day,2026-06-02,2026-06-02 14:38:00+00:00,1,7614.0,7614.25,7620.25,7609.0,25,20,2026-06-02 14:49:00+00:00,7620.25,target,300.0,296.5,312.5
trend_pullback,ES,volatility+time_of_day,2026-06-03,2026-06-03 13:45:00+00:00,-1,7590.5,7590.25,7584.25,7595.5,25,20,2026-06-03 13:47:00+00:00,7584.25,target,300.0,296.5,312.5
trend_pullback,ES,volatility+time_of_day,2026-06-03,2026-06-03 13:54:00+00:00,-1,7585.0,7584.75,7578.75,7590.0,25,20,2026-06-03 13:55:00+00:00,7590.25,stop,-275.0,-278.5,312.5
trend_pullback,ES,volatility+time_of_day,2026-06-03,2026-06-03 13:56:00+00:00,-1,7586.5,7586.25,7580.25,7591.5,25,20,2026-06-03 14:00:00+00:00,7591.75,stop,-275.0,-278.5,312.5
trend_pullback,ES,volatility+time_of_day,2026-06-04,2026-06-04 13:56:00+00:00,1,7557.5,7557.75,7563.75,7552.5,25,20,2026-06-04 13:58:00+00:00,7563.75,target,300.0,296.5,312.5
trend_pullback,ES,volatility+time_of_day,2026-06-04,2026-06-04 14:00:00+00:00,1,7559.75,7560.0,7566.0,7554.75,25,20,2026-06-04 14:03:00+00:00,7554.5,stop,-275.0,-278.5,312.5
trend_pullback,ES,volatility+time_of_day,2026-06-04,2026-06-04 14:15:00+00:00,1,7562.5,7562.75,7568.75,7557.5,25,20,2026-06-04 14:23:00+00:00,7568.75,target,300.0,296.5,312.5
trend_pullback,ES,volatility+time_of_day,2026-06-05,2026-06-05 13:45:00+00:00,-1,7524.0,7523.75,7517.75,7529.0,25,20,2026-06-05 13:49:00+00:00,7517.75,target,300.0,296.5,312.5
trend_pullback,ES,volatility+time_of_day,2026-06-05,2026-06-05 13:52:00+00:00,-1,7522.75,7522.5,7516.5,7527.75,25,20,2026-06-05 13:58:00+00:00,7516.5,target,300.0,296.5,312.5
trend_pullback,ES,volatility+time_of_day,2026-06-05,2026-06-05 13:59:00+00:00,-1,7511.25,7511.0,7505.0,7516.25,25,20,2026-06-05 14:02:00+00:00,7516.5,stop,-275.0,-278.5,312.5
trend_pullback,ES,volatility+time_of_day,2026-06-08,2026-06-08 13:53:00+00:00,1,7458.75,7459.0,7465.0,7453.75,25,20,2026-06-08 13:54:00+00:00,7453.5,stop,-275.0,-278.5,312.5
trend_pullback,ES,volatility+time_of_day,2026-06-08,2026-06-08 13:57:00+00:00,-1,7436.5,7436.25,7430.25,7441.5,25,20,2026-06-08 14:00:00+00:00,7430.25,target,300.0,296.5,312.5
trend_pullback,ES,volatility+time_of_day,2026-06-08,2026-06-08 14:04:00+00:00,-1,7435.0,7434.75,7428.75,7440.0,25,20,2026-06-08 14:06:00+00:00,7440.25,stop,-275.0,-278.5,312.5
trend_pullback,ES,volatility+time_of_day,2026-06-09,2026-06-09 13:48:00+00:00,1,7488.25,7488.5,7494.5,7483.25,25,20,2026-06-09 13:50:00+00:00,7483.0,stop,-275.0,-278.5,312.5
trend_pullback,ES,volatility+time_of_day,2026-06-09,2026-06-09 13:52:00+00:00,1,7484.0,7484.25,7490.25,7479.0,25,20,2026-06-09 13:54:00+00:00,7478.75,stop,-275.0,-278.5,312.5
trend_pullback,ES,volatility+time_of_day,2026-06-09,2026-06-09 13:57:00+00:00,-1,7468.0,7467.75,7461.75,7473.0,25,20,2026-06-09 14:00:00+00:00,7461.75,target,300.0,296.5,312.5
trend_pullback,ES,volatility+time_of_day,2026-06-10,2026-06-10 13:47:00+00:00,1,7379.75,7380.0,7386.0,7374.75,25,20,2026-06-10 13:48:00+00:00,7386.0,target,300.0,296.5,312.5
trend_pullback,ES,volatility+time_of_day,2026-06-10,2026-06-10 13:52:00+00:00,1,7371.75,7372.0,7378.0,7366.75,25,20,2026-06-10 13:54:00+00:00,7378.0,target,300.0,296.5,312.5
trend_pullback,ES,volatility+time_of_day,2026-06-10,2026-06-10 14:03:00+00:00,1,7388.25,7388.5,7394.5,7383.25,25,20,2026-06-10 14:04:00+00:00,7383.0,stop,-275.0,-278.5,312.5
trend_pullback,ES,volatility+time_of_day,2026-06-11,2026-06-11 13:46:00+00:00,1,7315.0,7315.25,7321.25,7310.0,25,20,2026-06-11 13:49:00+00:00,7309.75,stop,-275.0,-278.5,312.5
trend_pullback,ES,volatility+time_of_day,2026-06-11,2026-06-11 13:50:00+00:00,1,7321.5,7321.75,7327.75,7316.5,25,20,2026-06-11 13:52:00+00:00,7327.75,target,300.0,296.5,312.5
trend_pullback,ES,volatility+time_of_day,2026-06-11,2026-06-11 13:53:00+00:00,1,7332.75,7333.0,7339.0,7327.75,25,20,2026-06-11 13:56:00+00:00,7327.5,stop,-275.0,-278.5,312.5
trend_pullback,ES,volatility+time_of_day,2026-06-12,2026-06-12 13:45:00+00:00,-1,7369.25,7369.0,7363.0,7374.25,25,20,2026-06-12 13:46:00+00:00,7374.5,stop,-275.0,-278.5,312.5
trend_pullback,ES,volatility+time_of_day,2026-06-12,2026-06-12 13:47:00+00:00,-1,7374.25,7374.0,7368.0,7379.25,25,20,2026-06-12 13:49:00+00:00,7368.0,target,300.0,296.5,312.5
trend_pullback,ES,volatility+time_of_day,2026-06-12,2026-06-12 13:50:00+00:00,-1,7372.25,7372.0,7366.0,7377.25,25,20,2026-06-12 13:52:00+00:00,7377.5,stop,-275.0,-278.5,312.5
trend_pullback,ES,volatility+time_of_day,2026-06-15,2026-06-15 13:49:00+00:00,1,7554.5,7554.75,7560.75,7549.5,25,20,2026-06-15 13:59:00+00:00,7549.25,stop,-275.0,-278.5,312.5
trend_pullback,ES,volatility+time_of_day,2026-06-15,2026-06-15 14:13:00+00:00,-1,7545.25,7545.0,7539.0,7550.25,25,20,2026-06-15 14:18:00+00:00,7550.5,stop,-275.0,-278.5,312.5
trend_pullback,ES,volatility+time_of_day,2026-06-15,2026-06-15 14:27:00+00:00,1,7551.75,7552.0,7558.0,7546.75,25,20,2026-06-15 14:32:00+00:00,7546.5,stop,-275.0,-278.5,312.5
trend_pullback,ES,volatility+time_of_day,2026-06-16,2026-06-16 13:58:00+00:00,-1,7560.5,7560.25,7554.25,7565.5,25,20,2026-06-16 14:08:00+00:00,7565.75,stop,-275.0,-278.5,312.5
trend_pullback,ES,volatility+time_of_day,2026-06-16,2026-06-16 14:09:00+00:00,1,7566.5,7566.75,7572.75,7561.5,25,20,2026-06-16 14:16:00+00:00,7561.25,stop,-275.0,-278.5,312.5
trend_pullback,ES,volatility+time_of_day,2026-06-16,2026-06-16 14:21:00+00:00,-1,7553.75,7553.5,7547.5,7558.75,25,20,2026-06-16 14:23:00+00:00,7547.5,target,300.0,296.5,312.5
trend_pullback,ES,volatility+time_of_day,2026-06-17,2026-06-17 13:51:00+00:00,1,7595.5,7595.75,7601.75,7590.5,25,20,2026-06-17 13:56:00+00:00,7590.25,stop,-275.0,-278.5,312.5
trend_pullback,ES,volatility+time_of_day,2026-06-17,2026-06-17 13:58:00+00:00,-1,7584.25,7584.0,7578.0,7589.25,25,20,2026-06-17 14:07:00+00:00,7589.5,stop,-275.0,-278.5,312.5
trend_pullback,ES,volatility+time_of_day,2026-06-17,2026-06-17 14:12:00+00:00,1,7592.0,7592.25,7598.25,7587.0,25,20,2026-06-17 14:18:00+00:00,7598.25,target,300.0,296.5,312.5
trend_pullback,ES,volatility+time_of_day,2026-06-18,2026-06-18 13:46:00+00:00,-1,7543.0,7542.75,7536.75,7548.0,25,20,2026-06-18 13:47:00+00:00,7536.75,target,300.0,296.5,312.5
trend_pullback,ES,volatility+time_of_day,2026-06-18,2026-06-18 13:58:00+00:00,-1,7538.0,7537.75,7531.75,7543.0,25,20,2026-06-18 13:59:00+00:00,7543.25,stop,-275.0,-278.5,312.5
trend_pullback,ES,volatility+time_of_day,2026-06-18,2026-06-18 14:05:00+00:00,-1,7544.75,7544.5,7538.5,7549.75,25,20,2026-06-18 14:06:00+00:00,7550.0,stop,-275.0,-278.5,312.5
trend_pullback,ES,volatility+time_of_day,2026-06-22,2026-06-22 13:57:00+00:00,1,7592.0,7592.25,7598.25,7587.0,25,20,2026-06-22 14:10:00+00:00,7598.25,target,300.0,296.5,312.5
trend_pullback,ES,volatility+time_of_day,2026-06-22,2026-06-22 14:17:00+00:00,-1,7580.5,7580.25,7574.25,7585.5,25,20,2026-06-22 14:19:00+00:00,7585.75,stop,-275.0,-278.5,312.5
trend_pullback,ES,volatility+time_of_day,2026-06-22,2026-06-22 14:20:00+00:00,-1,7578.0,7577.75,7571.75,7583.0,25,20,2026-06-22 14:24:00+00:00,7571.75,target,300.0,296.5,312.5
trend_pullback,ES,volatility+time_of_day,2026-06-23,2026-06-23 13:45:00+00:00,1,7445.25,7445.5,7451.5,7440.25,25,20,2026-06-23 13:47:00+00:00,7451.5,target,300.0,296.5,312.5
trend_pullback,ES,volatility+time_of_day,2026-06-23,2026-06-23 13:50:00+00:00,1,7462.0,7462.25,7468.25,7457.0,25,20,2026-06-23 13:55:00+00:00,7456.75,stop,-275.0,-278.5,312.5
trend_pullback,ES,volatility+time_of_day,2026-06-23,2026-06-23 13:56:00+00:00,1,7459.0,7459.25,7465.25,7454.0,25,20,2026-06-23 13:59:00+00:00,7465.25,target,300.0,296.5,312.5
trend_pullback,ES,volatility+time_of_day,2026-06-24,2026-06-24 13:48:00+00:00,-1,7439.25,7439.0,7433.0,7444.25,25,20,2026-06-24 13:49:00+00:00,7444.5,stop,-275.0,-278.5,312.5
trend_pullback,ES,volatility+time_of_day,2026-06-24,2026-06-24 13:52:00+00:00,1,7469.75,7470.0,7476.0,7464.75,25,20,2026-06-24 13:55:00+00:00,7464.5,stop,-275.0,-278.5,312.5
trend_pullback,ES,volatility+time_of_day,2026-06-24,2026-06-24 14:03:00+00:00,-1,7448.75,7448.5,7442.5,7453.75,25,20,2026-06-24 14:05:00+00:00,7454.0,stop,-275.0,-278.5,312.5
trend_pullback,ES,volatility+time_of_day,2026-06-25,2026-06-25 13:45:00+00:00,-1,7429.25,7429.0,7423.0,7434.25,25,20,2026-06-25 13:46:00+00:00,7423.0,target,300.0,296.5,312.5
trend_pullback,ES,volatility+time_of_day,2026-06-25,2026-06-25 13:47:00+00:00,-1,7419.0,7418.75,7412.75,7424.0,25,20,2026-06-25 13:48:00+00:00,7424.25,stop,-275.0,-278.5,312.5
trend_pullback,ES,volatility+time_of_day,2026-06-25,2026-06-25 13:51:00+00:00,-1,7416.75,7416.5,7410.5,7421.75,25,20,2026-06-25 13:52:00+00:00,7410.5,target,300.0,296.5,312.5
trend_pullback,ES,volatility+time_of_day,2026-06-26,2026-06-26 13:51:00+00:00,1,7386.0,7386.25,7392.25,7381.0,25,20,2026-06-26 13:52:00+00:00,7380.75,stop,-275.0,-278.5,312.5
trend_pullback,ES,volatility+time_of_day,2026-06-26,2026-06-26 13:53:00+00:00,1,7379.75,7380.0,7386.0,7374.75,25,20,2026-06-26 13:54:00+00:00,7386.0,target,300.0,296.5,312.5
trend_pullback,ES,volatility+time_of_day,2026-06-26,2026-06-26 13:57:00+00:00,1,7403.5,7403.75,7409.75,7398.5,25,20,2026-06-26 13:59:00+00:00,7398.25,stop,-275.0,-278.5,312.5
trend_pullback,ES,volatility+time_of_day,2026-06-29,2026-06-29 13:45:00+00:00,1,7487.75,7488.0,7494.0,7482.75,25,20,2026-06-29 13:46:00+00:00,7482.5,stop,-275.0,-278.5,312.5
trend_pullback,ES,volatility+time_of_day,2026-06-29,2026-06-29 13:47:00+00:00,1,7483.75,7484.0,7490.0,7478.75,25,20,2026-06-29 13:49:00+00:00,7478.5,stop,-275.0,-278.5,312.5
trend_pullback,ES,volatility+time_of_day,2026-06-29,2026-06-29 13:50:00+00:00,1,7481.75,7482.0,7488.0,7476.75,25,20,2026-06-29 13:52:00+00:00,7488.0,target,300.0,296.5,312.5
trend_pullback,ES,volatility+time_of_day,2026-06-30,2026-06-30 13:45:00+00:00,1,7508.75,7509.0,7515.0,7503.75,25,20,2026-06-30 13:46:00+00:00,7503.5,stop,-275.0,-278.5,312.5
trend_pullback,ES,volatility+time_of_day,2026-06-30,2026-06-30 13:51:00+00:00,1,7516.5,7516.75,7522.75,7511.5,25,20,2026-06-30 13:55:00+00:00,7522.75,target,300.0,296.5,312.5
trend_pullback,ES,volatility+time_of_day,2026-06-30,2026-06-30 13:58:00+00:00,1,7523.75,7524.0,7530.0,7518.75,25,20,2026-06-30 14:00:00+00:00,7518.5,stop,-275.0,-278.5,312.5
