strategy,instrument,filter,session,entry_ts,side,signal_price,entry_price,target_price,stop_price,target_ticks,stop_ticks,exit_ts,exit_price,reason,gross_pnl,pnl,theoretical_gross_win
vwap_reversion,ES,time_of_day,2024-07-02,2024-07-02 13:45:00+00:00,-1,5533.25,5533.0,5527.0,5538.25,25,20,2024-07-02 13:50:00+00:00,5527.0,target,300.0,296.5,312.5
vwap_reversion,ES,time_of_day,2024-07-02,2024-07-02 13:55:00+00:00,1,5527.75,5528.0,5534.0,5522.75,25,20,2024-07-02 14:04:00+00:00,5534.0,target,300.0,296.5,312.5
vwap_reversion,ES,time_of_day,2024-07-02,2024-07-02 14:10:00+00:00,1,5524.75,5525.0,5531.0,5519.75,25,20,2024-07-02 14:14:00+00:00,5531.0,target,300.0,296.5,312.5
vwap_reversion,ES,time_of_day,2024-07-03,2024-07-03 13:46:00+00:00,-1,5571.75,5571.5,5565.5,5576.75,25,20,2024-07-03 14:00:00+00:00,5577.0,stop,-275.0,-278.5,312.5
vwap_reversion,ES,time_of_day,2024-07-03,2024-07-03 14:01:00+00:00,-1,5573.25,5573.0,5567.0,5578.25,25,20,2024-07-03 15:14:00+00:00,5578.5,stop,-275.0,-278.5,312.5
vwap_reversion,ES,time_of_day,2024-07-03,2024-07-03 15:15:00+00:00,-1,5580.5,5580.25,5574.25,5585.5,25,20,2024-07-03 16:14:00+00:00,5585.75,stop,-275.0,-278.5,312.5
vwap_reversion,ES,time_of_day,2024-07-05,2024-07-05 13:53:00+00:00,-1,5596.75,5596.5,5590.5,5601.75,25,20,2024-07-05 14:00:00+00:00,5602.0,stop,-275.0,-278.5,312.5
vwap_reversion,ES,time_of_day,2024-07-05,2024-07-05 14:01:00+00:00,-1,5602.25,5602.0,5596.0,5607.25,25,20,2024-07-05 14:06:00+00:00,5596.0,target,300.0,296.5,312.5
vwap_reversion,ES,time_of_day,2024-07-05,2024-07-05 14:07:00+00:00,-1,5595.0,5594.75,5588.75,5600.0,25,20,2024-07-05 14:08:00+00:00,5588.75,target,300.0,296.5,312.5
vwap_reversion,ES,time_of_day,2024-07-08,2024-07-08 13:45:00+00:00,-1,5633.5,5633.25,5627.25,5638.5,25,20,2024-07-08 14:20:00+00:00,5627.25,target,300.0,296.5,312.5
vwap_reversion,ES,time_of_day,2024-07-08,2024-07-08 14:21:00+00:00,-1,5628.5,5628.25,5622.25,5633.5,25,20,2024-07-08 15:38:00+00:00,5622.25,target,300.0,296.5,312.5
vwap_reversion,ES,time_of_day,2024-07-08,2024-07-08 17:32:00+00:00,-1,5624.75,5624.5,5618.5,5629.75,25,20,2024-07-08 18:42:00+00:00,5618.5,target,300.0,296.5,312.5
vwap_reversion,ES,time_of_day,2024-07-09,2024-07-09 13:45:00+00:00,-1,5638.0,5637.75,5631.75,5643.0,25,20,2024-07-09 14:26:00+00:00,5631.75,target,300.0,296.5,312.5
vwap_reversion,ES,time_of_day,2024-07-09,2024-07-09 14:27:00+00:00,-1,5635.25,5635.0,5629.0,5640.25,25,20,2024-07-09 14:42:00+00:00,5640.5,stop,-275.0,-278.5,312.5
vwap_reversion,ES,time_of_day,2024-07-09,2024-07-09 14:43:00+00:00,-1,5640.0,5639.75,5633.75,5645.0,25,20,2024-07-09 15:11:00+00:00,5633.75,target,300.0,296.5,312.5
vwap_reversion,ES,time_of_day,2024-07-10,2024-07-10 13:45:00+00:00,-1,5644.25,5644.0,5638.0,5649.25,25,20,2024-07-10 14:05:00+00:00,5649.5,stop,-275.0,-278.5,312.5
vwap_reversion,ES,time_of_day,2024-07-10,2024-07-10 14:06:00+00:00,-1,5649.0,5648.75,5642.75,5654.0,25,20,2024-07-10 14:54:00+00:00,5642.75,target,300.0,296.5,312.5
vwap_reversion,ES,time_of_day,2024-07-10,2024-07-10 14:55:00+00:00,-1,5642.5,5642.25,5636.25,5647.5,25,20,2024-07-10 15:24:00+00:00,5647.75,stop,-275.0,-278.5,312.5
vwap_reversion,ES,time_of_day,2024-07-11,2024-07-11 13:59:00+00:00,-1,5692.25,5692.0,5686.0,5697.25,25,20,2024-07-11 14:12:00+00:00,5686.0,target,300.0,296.5,312.5
vwap_reversion,ES,time_of_day,2024-07-11,2024-07-11 14:13:00+00:00,1,5682.25,5682.5,5688.5,5677.25,25,20,2024-07-11 14:16:00+00:00,5677.0,stop,-275.0,-278.5,312.5
vwap_reversion,ES,time_of_day,2024-07-11,2024-07-11 14:17:00+00:00,1,5677.0,5677.25,5683.25,5672.0,25,20,2024-07-11 14:18:00+00:00,5671.75,stop,-275.0,-278.5,312.5
vwap_reversion,ES,time_of_day,2024-07-12,2024-07-12 13:45:00+00:00,-1,5647.75,5647.5,5641.5,5652.75,25,20,2024-07-12 13:48:00+00:00,5653.0,stop,-275.0,-278.5,312.5
vwap_reversion,ES,time_of_day,2024-07-12,2024-07-12 13:49:00+00:00,-1,5652.75,5652.5,5646.5,5657.75,25,20,2024-07-12 13:57:00+00:00,5658.0,stop,-275.0,-278.5,312.5
vwap_reversion,ES,time_of_day,2024-07-12,2024-07-12 13:58:00+00:00,-1,5659.5,5659.25,5653.25,5664.5,25,20,2024-07-12 14:08:00+00:00,5664.75,stop,-275.0,-278.5,312.5
vwap_reversion,ES,time_of_day,2024-07-15,2024-07-15 13:45:00+00:00,-1,5686.5,5686.25,5680.25,5691.5,25,20,2024-07-15 13:48:00+00:00,5691.75,stop,-275.0,-278.5,312.5
vwap_reversion,ES,time_of_day,2024-07-15,2024-07-15 13:49:00+00:00,-1,5688.75,5688.5,5682.5,5693.75,25,20,2024-07-15 14:04:00+00:00,5694.0,stop,-275.0,-278.5,312.5
vwap_reversion,ES,time_of_day,2024-07-15,2024-07-15 14:05:00+00:00,-1,5693.5,5693.25,5687.25,5698.5,25,20,2024-07-15 14:30:00+00:00,5698.75,stop,-275.0,-278.5,312.5
vwap_reversion,ES,time_of_day,2024-07-16,2024-07-16 13:45:00+00:00,-1,5701.75,5701.5,5695.5,5706.75,25,20,2024-07-16 14:03:00+00:00,5695.5,target,300.0,296.5,312.5
vwap_reversion,ES,time_of_day,2024-07-16,2024-07-16 14:04:00+00:00,-1,5694.5,5694.25,5688.25,5699.5,25,20,2024-07-16 14:37:00+00:00,5699.75,stop,-275.0,-278.5,312.5
vwap_reversion,ES,time_of_day,2024-07-16,2024-07-16 14:38:00+00:00,-1,5700.25,5700.0,5694.0,5705.25,25,20,2024-07-16 14:41:00+00:00,5705.5,stop,-275.0,-278.5,312.5
vwap_reversion,ES,time_of_day,2024-07-17,2024-07-17 13:45:00+00:00,1,5663.5,5663.75,5669.75,5658.5,25,20,2024-07-17 13:53:00+00:00,5669.75,target,300.0,296.5,312.5
vwap_reversion,ES,time_of_day,2024-07-17,2024-07-17 13:54:00+00:00,-1,5671.0,5670.75,5664.75,5676.0,25,20,2024-07-17 14:00:00+00:00,5664.75,target,300.0,296.5,312.5
vwap_reversion,ES,time_of_day,2024-07-17,2024-07-17 14:01:00+00:00,1,5660.25,5660.5,5666.5,5655.25,25,20,2024-07-17 14:06:00+00:00,5655.0,stop,-275.0,-278.5,312.5
vwap_reversion,ES,time_of_day,2024-07-18,2024-07-18 13:45:00+00:00,-1,5645.5,5645.25,5639.25,5650.5,25,20,2024-07-18 13:57:00+00:00,5650.75,stop,-275.0,-278.5,312.5
vwap_reversion,ES,time_of_day,2024-07-18,2024-07-18 13:58:00+00:00,-1,5652.25,5652.0,5646.0,5657.25,25,20,2024-07-18 14:04:00+00:00,5657.5,stop,-275.0,-278.5,312.5
vwap_reversion,ES,time_of_day,2024-07-18,2024-07-18 14:05:00+00:00,-1,5658.75,5658.5,5652.5,5663.75,25,20,2024-07-18 14:30:00+00:00,5652.5,target,300.0,296.5,312.5
vwap_reversion,ES,time_of_day,2024-07-19,2024-07-19 13:47:00+00:00,1,5587.5,5587.75,5593.75,5582.5,25,20,2024-07-19 13:50:00+00:00,5593.75,target,300.0,296.5,312.5
vwap_reversion,ES,time_of_day,2024-07-19,2024-07-19 14:00:00+00:00,1,5589.0,5589.25,5595.25,5584.0,25,20,2024-07-19 14:09:00+00:00,5595.25,target,300.0,296.5,312.5
vwap_reversion,ES,time_of_day,2024-07-19,2024-07-19 14:13:00+00:00,1,5589.0,5589.25,5595.25,5584.0,25,20,2024-07-19 14:24:00+00:00,5583.75,stop,-275.0,-278.5,312.5
vwap_reversion,ES,time_of_day,2024-07-22,2024-07-22 13:45:00+00:00,-1,5601.75,5601.5,5595.5,5606.75,25,20,2024-07-22 13:47:00+00:00,5607.0,stop,-275.0,-278.5,312.5
vwap_reversion,ES,time_of_day,2024-07-22,2024-07-22 13:48:00+00:00,-1,5605.0,5604.75,5598.75,5610.0,25,20,2024-07-22 13:52:00+00:00,5598.75,target,300.0,296.5,312.5
vwap_reversion,ES,time_of_day,2024-07-22,2024-07-22 13:53:00+00:00,-1,5602.5,5602.25,5596.25,5607.5,25,20,2024-07-22 13:57:00+00:00,5596.25,target,300.0,296.5,312.5
vwap_reversion,ES,time_of_day,2024-07-23,2024-07-23 13:48:00+00:00,-1,5618.5,5618.25,5612.25,5623.5,25,20,2024-07-23 13:52:00+00:00,5612.25,target,300.0,296.5,312.5
vwap_reversion,ES,time_of_day,2024-07-23,2024-07-23 13:57:00+00:00,-1,5618.75,5618.5,5612.5,5623.75,25,20,2024-07-23 14:07:00+00:00,5624.0,stop,-275.0,-278.5,312.5
vwap_reversion,ES,time_of_day,2024-07-23,2024-07-23 14:08:00+00:00,-1,5623.5,5623.25,5617.25,5628.5,25,20,2024-07-23 14:38:00+00:00,5617.25,target,300.0,296.5,312.5
vwap_reversion,ES,time_of_day,2024-07-24,2024-07-24 13:45:00+00:00,1,5541.0,5541.25,5547.25,5536.0,25,20,2024-07-24 13:47:00+00:00,5535.75,stop,-275.0,-278.5,312.5
vwap_reversion,ES,time_of_day,2024-07-24,2024-07-24 13:48:00+00:00,1,5536.75,5537.0,5543.0,5531.75,25,20,2024-07-24 13:52:00+00:00,5531.5,stop,-275.0,-278.5,312.5
vwap_reversion,ES,time_of_day,2024-07-24,2024-07-24 13:53:00+00:00,1,5530.75,5531.0,5537.0,5525.75,25,20,2024-07-24 13:56:00+00:00,5525.5,stop,-275.0,-278.5,312.5
vwap_reversion,ES,time_of_day,2024-07-25,2024-07-25 13:45:00+00:00,1,5467.25,5467.5,5473.5,5462.25,25,20,2024-07-25 13:47:00+00:00,5462.0,stop,-275.0,-278.5,312.5
vwap_reversion,ES,time_of_day,2024-07-25,2024-07-25 13:48:00+00:00,1,5462.5,5462.75,5468.75,5457.5,25,20,2024-07-25 13:50:00+00:00,5468.75,target,300.0,296.5,312.5
vwap_reversion,ES,time_of_day,2024-07-25,2024-07-25 13:52:00+00:00,1,5465.5,5465.75,5471.75,5460.5,25,20,2024-07-25 13:57:00+00:00,5460.25,stop,-275.0,-278.5,312.5
vwap_reversion,ES,time_of_day,2024-07-26,2024-07-26 13:45:00+00:00,-1,5486.0,5485.75,5479.75,5491.0,25,20,2024-07-26 13:47:00+00:00,5479.75,target,300.0,296.5,312.5
vwap_reversion,ES,time_of_day,2024-07-26,2024-07-26 13:48:00+00:00,-1,5481.0,5480.75,5474.75,5486.0,25,20,2024-07-26 14:00:00+00:00,5486.25,stop,-275.0,-278.5,312.5
vwap_reversion,ES,time_of_day,2024-07-26,2024-07-26 14:01:00+00:00,-1,5491.5,5491.25,5485.25,5496.5,25,20,2024-07-26 14:05:00+00:00,5485.25,target,300.0,296.5,312.5
vwap_reversion,ES,time_of_day,2024-07-29,2024-07-29 13:45:00+00:00,-1,5518.75,5518.5,5512.5,5523.75,25,20,2024-07-29 13:48:00+00:00,5512.5,target,300.0,296.5,312.5
vwap_reversion,ES,time_of_day,2024-07-29,2024-07-29 13:49:00+00:00,-1,5513.25,5513.0,5507.0,5518.25,25,20,2024-07-29 13:50:00+00:00,5507.0,target,300.0,296.5,312.5
vwap_reversion,ES,time_of_day,2024-07-29,2024-07-29 13:51:00+00:00,-1,5507.5,5507.25,5501.25,5512.5,25,20,2024-07-29 13:55:00+00:00,5512.75,stop,-275.0,-278.5,312.5
vwap_reversion,ES,time_of_day,2024-07-30,2024-07-30 13:45:00+00:00,-1,5517.75,5517.5,5511.5,5522.75,25,20,2024-07-30 13:55:00+00:00,5511.5,target,300.0,296.5,312.5
vwap_reversion,ES,time_of_day,2024-07-30,2024-07-30 13:56:00+00:00,-1,5514.75,5514.5,5508.5,5519.75,25,20,2024-07-30 14:01:00+00:00,5508.5,target,300.0,296.5,312.5
vwap_reversion,ES,time_of_day,2024-07-30,2024-07-30 14:02:00+00:00,1,5505.5,5505.75,5511.75,5500.5,25,20,2024-07-30 14:05:00+00:00,5511.75,target,300.0,296.5,312.5
vwap_reversion,ES,time_of_day,2024-07-31,2024-07-31 13:45:00+00:00,-1,5533.5,5533.25,5527.25,5538.5,25,20,2024-07-31 13:49:00+00:00,5538.75,stop,-275.0,-278.5,312.5
vwap_reversion,ES,time_of_day,2024-07-31,2024-07-31 13:50:00+00:00,-1,5535.75,5535.5,5529.5,5540.75,25,20,2024-07-31 13:55:00+00:00,5541.0,stop,-275.0,-278.5,312.5
vwap_reversion,ES,time_of_day,2024-07-31,2024-07-31 13:56:00+00:00,-1,5535.25,5535.0,5529.0,5540.25,25,20,2024-07-31 13:58:00+00:00,5540.5,stop,-275.0,-278.5,312.5
vwap_reversion,ES,time_of_day,2024-08-01,2024-08-01 13:45:00+00:00,-1,5597.0,5596.75,5590.75,5602.0,25,20,2024-08-01 13:50:00+00:00,5590.75,target,300.0,296.5,312.5
vwap_reversion,ES,time_of_day,2024-08-01,2024-08-01 13:51:00+00:00,-1,5590.0,5589.75,5583.75,5595.0,25,20,2024-08-01 13:53:00+00:00,5595.25,stop,-275.0,-278.5,312.5
vwap_reversion,ES,time_of_day,2024-08-01,2024-08-01 13:54:00+00:00,-1,5591.75,5591.5,5585.5,5596.75,25,20,2024-08-01 13:56:00+00:00,5597.0,stop,-275.0,-278.5,312.5
vwap_reversion,ES,time_of_day,2024-08-02,2024-08-02 13:45:00+00:00,-1,5412.25,5412.0,5406.0,5417.25,25,20,2024-08-02 13:46:00+00:00,5406.0,target,300.0,296.5,312.5
vwap_reversion,ES,time_of_day,2024-08-02,2024-08-02 13:47:00+00:00,1,5397.25,5397.5,5403.5,5392.25,25,20,2024-08-02 13:49:00+00:00,5403.5,target,300.0,296.5,312.5
vwap_reversion,ES,time_of_day,2024-08-02,2024-08-02 13:50:00+00:00,-1,5410.25,5410.0,5404.0,5415.25,25,20,2024-08-02 13:51:00+00:00,5404.0,target,300.0,296.5,312.5
vwap_reversion,ES,time_of_day,2024-08-05,2024-08-05 13:45:00+00:00,-1,5203.0,5202.75,5196.75,5208.0,25,20,2024-08-05 13:46:00+00:00,5208.25,stop,-275.0,-278.5,312.5
vwap_reversion,ES,time_of_day,2024-08-05,2024-08-05 13:47:00+00:00,-1,5207.75,5207.5,5201.5,5212.75,25,20,2024-08-05 13:49:00+00:00,5213.0,stop,-275.0,-278.5,312.5
vwap_reversion,ES,time_of_day,2024-08-05,2024-08-05 13:50:00+00:00,-1,5218.75,5218.5,5212.5,5223.75,25,20,2024-08-05 13:51:00+00:00,5224.0,stop,-275.0,-278.5,312.5
vwap_reversion,ES,time_of_day,2024-08-06,2024-08-06 13:45:00+00:00,1,5223.75,5224.0,5230.0,5218.75,25,20,2024-08-06 13:46:00+00:00,5230.0,target,300.0,296.5,312.5
vwap_reversion,ES,time_of_day,2024-08-06,2024-08-06 13:47:00+00:00,-1,5240.0,5239.75,5233.75,5245.0,25,20,2024-08-06 13:52:00+00:00,5245.25,stop,-275.0,-278.5,312.5
vwap_reversion,ES,time_of_day,2024-08-06,2024-08-06 13:53:00+00:00,-1,5256.5,5256.25,5250.25,5261.5,25,20,2024-08-06 13:54:00+00:00,5261.75,stop,-275.0,-278.5,312.5
vwap_reversion,ES,time_of_day,2024-08-07,2024-08-07 13:45:00+00:00,-1,5343.75,5343.5,5337.5,5348.75,25,20,2024-08-07 13:47:00+00:00,5337.5,target,300.0,296.5,312.5
vwap_reversion,ES,time_of_day,2024-08-07,2024-08-07 13:48:00+00:00,-1,5345.25,5345.0,5339.0,5350.25,25,20,2024-08-07 13:59:00+00:00,5350.5,stop,-275.0,-278.5,312.5
vwap_reversion,ES,time_of_day,2024-08-07,2024-08-07 14:00:00+00:00,-1,5358.0,5357.75,5351.75,5363.0,25,20,2024-08-07 14:03:00+00:00,5351.75,target,300.0,296.5,312.5
vwap_reversion,ES,time_of_day,2024-08-08,2024-08-08 13:45:00+00:00,-1,5275.75,5275.5,5269.5,5280.75,25,20,2024-08-08 13:47:00+00:00,5269.5,target,300.0,296.5,312.5
vwap_reversion,ES,time_of_day,2024-08-08,2024-08-08 13:48:00+00:00,1,5261.75,5262.0,5268.0,5256.75,25,20,2024-08-08 13:49:00+00:00,5268.0,target,300.0,296.5,312.5
vwap_reversion,ES,time_of_day,2024-08-08,2024-08-08 13:50:00+00:00,1,5264.5,5264.75,5270.75,5259.5,25,20,2024-08-08 13:52:00+00:00,5270.75,target,300.0,296.5,312.5
vwap_reversion,ES,time_of_day,2024-08-09,2024-08-09 13:45:00+00:00,1,5332.5,5332.75,5338.75,5327.5,25,20,2024-08-09 13:47:00+00:00,5327.25,stop,-275.0,-278.5,312.5
vwap_reversion,ES,time_of_day,2024-08-09,2024-08-09 13:48:00+00:00,1,5332.75,5333.0,5339.0,5327.75,25,20,2024-08-09 13:49:00+00:00,5327.5,stop,-275.0,-278.5,312.5
vwap_reversion,ES,time_of_day,2024-08-09,2024-08-09 13:50:00+00:00,1,5328.0,5328.25,5334.25,5323.0,25,20,2024-08-09 13:52:00+00:00,5334.25,target,300.0,296.5,312.5
vwap_reversion,ES,time_of_day,2024-08-12,2024-08-12 13:45:00+00:00,1,5359.75,5360.0,5366.0,5354.75,25,20,2024-08-12 13:47:00+00:00,5354.5,stop,-275.0,-278.5,312.5
vwap_reversion,ES,time_of_day,2024-08-12,2024-08-12 13:48:00+00:00,1,5354.0,5354.25,5360.25,5349.0,25,20,2024-08-12 13:51:00+00:00,5360.25,target,300.0,296.5,312.5
vwap_reversion,ES,time_of_day,2024-08-12,2024-08-12 13:52:00+00:00,1,5355.75,5356.0,5362.0,5350.75,25,20,2024-08-12 13:57:00+00:00,5350.5,stop,-275.0,-278.5,312.5
vwap_reversion,ES,time_of_day,2024-08-13,2024-08-13 13:45:00+00:00,-1,5418.0,5417.75,5411.75,5423.0,25,20,2024-08-13 13:51:00+00:00,5423.25,stop,-275.0,-278.5,312.5
vwap_reversion,ES,time_of_day,2024-08-13,2024-08-13 13:52:00+00:00,-1,5419.25,5419.0,5413.0,5424.25,25,20,2024-08-13 13:55:00+00:00,5413.0,target,300.0,296.5,312.5
vwap_reversion,ES,time_of_day,2024-08-13,2024-08-13 13:56:00+00:00,-1,5413.0,5412.75,5406.75,5418.0,25,20,2024-08-13 13:59:00+00:00,5418.25,stop,-275.0,-278.5,312.5
vwap_reversion,ES,time_of_day,2024-08-14,2024-08-14 13:51:00+00:00,1,5454.25,5454.5,5460.5,5449.25,25,20,2024-08-14 14:06:00+00:00,5449.0,stop,-275.0,-278.5,312.5
vwap_reversion,ES,time_of_day,2024-08-14,2024-08-14 14:07:00+00:00,1,5450.75,5451.0,5457.0,5445.75,25,20,2024-08-14 14:23:00+00:00,5457.0,target,300.0,296.5,312.5
vwap_reversion,ES,time_of_day,2024-08-14,2024-08-14 14:32:00+00:00,1,5447.75,5448.0,5454.0,5442.75,25,20,2024-08-14 14:34:00+00:00,5442.5,stop,-275.0,-278.5,312.5
vwap_reversion,ES,time_of_day,2024-08-15,2024-08-15 13:45:00+00:00,-1,5531.75,5531.5,5525.5,5536.75,25,20,2024-08-15 13:51:00+00:00,5537.0,stop,-275.0,-278.5,312.5
vwap_reversion,ES,time_of_day,2024-08-15,2024-08-15 13:52:00+00:00,-1,5535.5,5535.25,5529.25,5540.5,25,20,2024-08-15 13:58:00+00:00,5540.75,stop,-275.0,-278.5,312.5
vwap_reversion,ES,time_of_day,2024-08-15,2024-08-15 13:59:00+00:00,-1,5539.75,5539.5,5533.5,5544.75,25,20,2024-08-15 14:04:00+00:00,5533.5,target,300.0,296.5,312.5
vwap_reversion,ES,time_of_day,2024-08-16,2024-08-16 13:45:00+00:00,1,5554.25,5554.5,5560.5,5549.25,25,20,2024-08-16 13:50:00+00:00,5560.5,target,300.0,296.5,312.5
vwap_reversion,ES,time_of_day,2024-08-16,2024-08-16 13:51:00+00:00,1,5560.25,5560.5,5566.5,5555.25,25,20,2024-08-16 14:02:00+00:00,5566.5,target,300.0,296.5,312.5
vwap_reversion,ES,time_of_day,2024-08-16,2024-08-16 14:03:00+00:00,-1,5565.75,5565.5,5559.5,5570.75,25,20,2024-08-16 14:20:00+00:00,5571.0,stop,-275.0,-278.5,312.5
vwap_reversion,ES,time_of_day,2024-08-19,2024-08-19 13:45:00+00:00,-1,5586.25,5586.0,5580.0,5591.25,25,20,2024-08-19 14:08:00+00:00,5591.5,stop,-275.0,-278.5,312.5
vwap_reversion,ES,time_of_day,2024-08-19,2024-08-19 14:09:00+00:00,-1,5590.0,5589.75,5583.75,5595.0,25,20,2024-08-19 14:16:00+00:00,5583.75,target,300.0,296.5,312.5
vwap_reversion,ES,time_of_day,2024-08-19,2024-08-19 14:17:00+00:00,1,5576.25,5576.5,5582.5,5571.25,25,20,2024-08-19 14:22:00+00:00,5582.5,target,300.0,296.5,312.5
vwap_reversion,ES,time_of_day,2024-08-20,2024-08-20 13:45:00+00:00,-1,5634.75,5634.5,5628.5,5639.75,25,20,2024-08-20 13:55:00+00:00,5640.0,stop,-275.0,-278.5,312.5
vwap_reversion,ES,time_of_day,2024-08-20,2024-08-20 13:56:00+00:00,-1,5640.5,5640.25,5634.25,5645.5,25,20,2024-08-20 14:11:00+00:00,5634.25,target,300.0,296.5,312.5
vwap_reversion,ES,time_of_day,2024-08-20,2024-08-20 14:12:00+00:00,1,5626.75,5627.0,5633.0,5621.75,25,20,2024-08-20 14:35:00+00:00,5621.5,stop,-275.0,-278.5,312.5
vwap_reversion,ES,time_of_day,2024-08-21,2024-08-21 13:45:00+00:00,-1,5635.75,5635.5,5629.5,5640.75,25,20,2024-08-21 14:00:00+00:00,5641.0,stop,-275.0,-278.5,312.5
vwap_reversion,ES,time_of_day,2024-08-21,2024-08-21 14:01:00+00:00,-1,5637.25,5637.0,5631.0,5642.25,25,20,2024-08-21 14:14:00+00:00,5631.0,target,300.0,296.5,312.5
vwap_reversion,ES,time_of_day,2024-08-21,2024-08-21 14:15:00+00:00,1,5624.25,5624.5,5630.5,5619.25,25,20,2024-08-21 14:17:00+00:00,5630.5,target,300.0,296.5,312.5
vwap_reversion,ES,time_of_day,2024-08-22,2024-08-22 13:45:00+00:00,-1,5659.0,5658.75,5652.75,5664.0,25,20,2024-08-22 13:50:00+00:00,5652.75,target,300.0,296.5,312.5
vwap_reversion,ES,time_of_day,2024-08-22,2024-08-22 13:51:00+00:00,-1,5653.5,5653.25,5647.25,5658.5,25,20,2024-08-22 13:54:00+00:00,5658.75,stop,-275.0,-278.5,312.5
vwap_reversion,ES,time_of_day,2024-08-22,2024-08-22 13:55:00+00:00,-1,5659.25,5659.0,5653.0,5664.25,25,20,2024-08-22 14:01:00+00:00,5653.0,target,300.0,296.5,312.5
vwap_reversion,ES,time_of_day,2024-08-23,2024-08-23 13:45:00+00:00,-1,5626.0,5625.75,5619.75,5631.0,25,20,2024-08-23 14:00:00+00:00,5631.25,stop,-275.0,-278.5,312.5
vwap_reversion,ES,time_of_day,2024-08-23,2024-08-23 14:01:00+00:00,-1,5645.5,5645.25,5639.25,5650.5,25,20,2024-08-23 14:02:00+00:00,5650.75,stop,-275.0,-278.5,312.5
vwap_reversion,ES,time_of_day,2024-08-23,2024-08-23 14:03:00+00:00,-1,5645.75,5645.5,5639.5,5650.75,25,20,2024-08-23 14:06:00+00:00,5639.5,target,300.0,296.5,312.5
vwap_reversion,ES,time_of_day,2024-08-26,2024-08-26 13:45:00+00:00,-1,5662.25,5662.0,5656.0,5667.25,25,20,2024-08-26 14:01:00+00:00,5656.0,target,300.0,296.5,312.5
vwap_reversion,ES,time_of_day,2024-08-26,2024-08-26 14:02:00+00:00,-1,5658.5,5658.25,5652.25,5663.5,25,20,2024-08-26 14:08:00+00:00,5652.25,target,300.0,296.5,312.5
vwap_reversion,ES,time_of_day,2024-08-26,2024-08-26 14:09:00+00:00,1,5651.5,5651.75,5657.75,5646.5,25,20,2024-08-26 14:19:00+00:00,5646.25,stop,-275.0,-278.5,312.5
vwap_reversion,ES,time_of_day,2024-08-27,2024-08-27 13:45:00+00:00,1,5615.25,5615.5,5621.5,5610.25,25,20,2024-08-27 13:48:00+00:00,5621.5,target,300.0,296.5,312.5
vwap_reversion,ES,time_of_day,2024-08-27,2024-08-27 13:49:00+00:00,1,5621.25,5621.5,5627.5,5616.25,25,20,2024-08-27 13:53:00+00:00,5627.5,target,300.0,296.5,312.5
vwap_reversion,ES,time_of_day,2024-08-27,2024-08-27 13:54:00+00:00,1,5629.25,5629.5,5635.5,5624.25,25,20,2024-08-27 13:58:00+00:00,5624.0,stop,-275.0,-278.5,312.5
vwap_reversion,ES,time_of_day,2024-08-28,2024-08-28 13:45:00+00:00,1,5636.75,5637.0,5643.0,5631.75,25,20,2024-08-28 14:06:00+00:00,5631.5,stop,-275.0,-278.5,312.5
vwap_reversion,ES,time_of_day,2024-08-28,2024-08-28 14:07:00+00:00,1,5638.25,5638.5,5644.5,5633.25,25,20,2024-08-28 14:42:00+00:00,5633.0,stop,-275.0,-278.5,312.5
vwap_reversion,ES,time_of_day,2024-08-28,2024-08-28 14:43:00+00:00,1,5633.25,5633.5,5639.5,5628.25,25,20,2024-08-28 14:44:00+00:00,5628.0,stop,-275.0,-278.5,312.5
vwap_reversion,ES,time_of_day,2024-08-29,2024-08-29 13:45:00+00:00,-1,5626.25,5626.0,5620.0,5631.25,25,20,2024-08-29 13:48:00+00:00,5631.5,stop,-275.0,-278.5,312.5
vwap_reversion,ES,time_of_day,2024-08-29,2024-08-29 13:49:00+00:00,-1,5632.75,5632.5,5626.5,5637.75,25,20,2024-08-29 13:50:00+00:00,5626.5,target,300.0,296.5,312.5
vwap_reversion,ES,time_of_day,2024-08-29,2024-08-29 13:51:00+00:00,-1,5624.75,5624.5,5618.5,5629.75,25,20,2024-08-29 13:55:00+00:00,5630.0,stop,-275.0,-278.5,312.5
vwap_reversion,ES,time_of_day,2024-08-30,2024-08-30 13:45:00+00:00,-1,5639.75,5639.5,5633.5,5644.75,25,20,2024-08-30 13:47:00+00:00,5633.5,target,300.0,296.5,312.5
vwap_reversion,ES,time_of_day,2024-08-30,2024-08-30 13:48:00+00:00,-1,5635.0,5634.75,5628.75,5640.0,25,20,2024-08-30 13:50:00+00:00,5628.75,target,300.0,296.5,312.5
vwap_reversion,ES,time_of_day,2024-08-30,2024-08-30 13:51:00+00:00,-1,5637.75,5637.5,5631.5,5642.75,25,20,2024-08-30 14:00:00+00:00,5643.0,stop,-275.0,-278.5,312.5
vwap_reversion,ES,time_of_day,2024-09-02,2024-09-02 14:35:00+00:00,-1,5662.25,5662.0,5656.0,5667.25,25,20,2024-09-02 16:59:00+00:00,5665.25,session_flatten,-162.5,-166.0,312.5
vwap_reversion,ES,time_of_day,2024-09-03,2024-09-03 13:45:00+00:00,1,5618.0,5618.25,5624.25,5613.0,25,20,2024-09-03 13:50:00+00:00,5612.75,stop,-275.0,-278.5,312.5
vwap_reversion,ES,time_of_day,2024-09-03,2024-09-03 13:51:00+00:00,1,5607.0,5607.25,5613.25,5602.0,25,20,2024-09-03 13:53:00+00:00,5613.25,target,300.0,296.5,312.5
vwap_reversion,ES,time_of_day,2024-09-03,2024-09-03 13:54:00+00:00,1,5605.75,5606.0,5612.0,5600.75,25,20,2024-09-03 13:58:00+00:00,5612.0,target,300.0,296.5,312.5
vwap_reversion,ES,time_of_day,2024-09-04,2024-09-04 13:46:00+00:00,1,5535.75,5536.0,5542.0,5530.75,25,20,2024-09-04 13:48:00+00:00,5542.0,target,300.0,296.5,312.5
vwap_reversion,ES,time_of_day,2024-09-04,2024-09-04 13:49:00+00:00,-1,5541.75,5541.5,5535.5,5546.75,25,20,2024-09-04 14:00:00+00:00,5535.5,target,300.0,296.5,312.5
vwap_reversion,ES,time_of_day,2024-09-04,2024-09-04 14:01:00+00:00,1,5531.5,5531.75,5537.75,5526.5,25,20,2024-09-04 14:02:00+00:00,5537.75,target,300.0,296.5,312.5
vwap_reversion,ES,time_of_day,2024-09-05,2024-09-05 13:45:00+00:00,-1,5537.5,5537.25,5531.25,5542.5,25,20,2024-09-05 13:48:00+00:00,5531.25,target,300.0,296.5,312.5
vwap_reversion,ES,time_of_day,2024-09-05,2024-09-05 13:53:00+00:00,-1,5534.5,5534.25,5528.25,5539.5,25,20,2024-09-05 13:55:00+00:00,5539.75,stop,-275.0,-278.5,312.5
vwap_reversion,ES,time_of_day,2024-09-05,2024-09-05 13:56:00+00:00,-1,5539.25,5539.0,5533.0,5544.25,25,20,2024-09-05 14:00:00+00:00,5544.5,stop,-275.0,-278.5,312.5
vwap_reversion,ES,time_of_day,2024-09-06,2024-09-06 13:50:00+00:00,1,5510.0,5510.25,5516.25,5505.0,25,20,2024-09-06 13:53:00+00:00,5504.75,stop,-275.0,-278.5,312.5
vwap_reversion,ES,time_of_day,2024-09-06,2024-09-06 13:54:00+00:00,1,5500.0,5500.25,5506.25,5495.0,25,20,2024-09-06 13:55:00+00:00,5506.25,target,300.0,296.5,312.5
vwap_reversion,ES,time_of_day,2024-09-06,2024-09-06 13:56:00+00:00,1,5501.5,5501.75,5507.75,5496.5,25,20,2024-09-06 13:59:00+00:00,5496.25,stop,-275.0,-278.5,312.5
vwap_reversion,ES,time_of_day,2024-09-09,2024-09-09 13:45:00+00:00,-1,5460.25,5460.0,5454.0,5465.25,25,20,2024-09-09 13:49:00+00:00,5465.5,stop,-275.0,-278.5,312.5
vwap_reversion,ES,time_of_day,2024-09-09,2024-09-09 13:50:00+00:00,-1,5468.0,5467.75,5461.75,5473.0,25,20,2024-09-09 14:10:00+00:00,5473.25,stop,-275.0,-278.5,312.5
vwap_reversion,ES,time_of_day,2024-09-09,2024-09-09 14:11:00+00:00,-1,5477.75,5477.5,5471.5,5482.75,25,20,2024-09-09 14:19:00+00:00,5471.5,target,300.0,296.5,312.5
vwap_reversion,ES,time_of_day,2024-09-10,2024-09-10 13:45:00+00:00,-1,5497.75,5497.5,5491.5,5502.75,25,20,2024-09-10 13:50:00+00:00,5491.5,target,300.0,296.5,312.5
vwap_reversion,ES,time_of_day,2024-09-10,2024-09-10 13:51:00+00:00,-1,5495.0,5494.75,5488.75,5500.0,25,20,2024-09-10 13:55:00+00:00,5500.25,stop,-275.0,-278.5,312.5
vwap_reversion,ES,time_of_day,2024-09-10,2024-09-10 13:56:00+00:00,-1,5496.75,5496.5,5490.5,5501.75,25,20,2024-09-10 14:03:00+00:00,5490.5,target,300.0,296.5,312.5
vwap_reversion,ES,time_of_day,2024-09-11,2024-09-11 13:45:00+00:00,1,5473.0,5473.25,5479.25,5468.0,25,20,2024-09-11 13:46:00+00:00,5467.75,stop,-275.0,-278.5,312.5
vwap_reversion,ES,time_of_day,2024-09-11,2024-09-11 13:47:00+00:00,1,5468.5,5468.75,5474.75,5463.5,25,20,2024-09-11 13:51:00+00:00,5463.25,stop,-275.0,-278.5,312.5
vwap_reversion,ES,time_of_day,2024-09-11,2024-09-11 13:52:00+00:00,1,5464.75,5465.0,5471.0,5459.75,25,20,2024-09-11 13:57:00+00:00,5459.5,stop,-275.0,-278.5,312.5
vwap_reversion,ES,time_of_day,2024-09-12,2024-09-12 13:46:00+00:00,1,5554.5,5554.75,5560.75,5549.5,25,20,2024-09-12 13:47:00+00:00,5549.25,stop,-275.0,-278.5,312.5
vwap_reversion,ES,time_of_day,2024-09-12,2024-09-12 13:48:00+00:00,1,5546.5,5546.75,5552.75,5541.5,25,20,2024-09-12 13:50:00+00:00,5541.25,stop,-275.0,-278.5,312.5
vwap_reversion,ES,time_of_day,2024-09-12,2024-09-12 13:51:00+00:00,1,5544.25,5544.5,5550.5,5539.25,25,20,2024-09-12 13:52:00+00:00,5550.5,target,300.0,296.5,312.5
vwap_reversion,ES,time_of_day,2024-09-13,2024-09-13 13:45:00+00:00,-1,5618.0,5617.75,5611.75,5623.0,25,20,2024-09-13 13:48:00+00:00,5623.25,stop,-275.0,-278.5,312.5
vwap_reversion,ES,time_of_day,2024-09-13,2024-09-13 13:49:00+00:00,-1,5622.0,5621.75,5615.75,5627.0,25,20,2024-09-13 14:00:00+00:00,5627.25,stop,-275.0,-278.5,312.5
vwap_reversion,ES,time_of_day,2024-09-13,2024-09-13 14:01:00+00:00,-1,5620.0,5619.75,5613.75,5625.0,25,20,2024-09-13 14:12:00+00:00,5625.25,stop,-275.0,-278.5,312.5
vwap_reversion,ES,time_of_day,2024-09-16,2024-09-16 13:45:00+00:00,1,5620.25,5620.5,5626.5,5615.25,25,20,2024-09-16 13:49:00+00:00,5626.5,target,300.0,296.5,312.5
vwap_reversion,ES,time_of_day,2024-09-16,2024-09-16 13:51:00+00:00,-1,5630.75,5630.5,5624.5,5635.75,25,20,2024-09-16 13:54:00+00:00,5636.0,stop,-275.0,-278.5,312.5
vwap_reversion,ES,time_of_day,2024-09-16,2024-09-16 13:55:00+00:00,-1,5636.0,5635.75,5629.75,5641.0,25,20,2024-09-16 14:03:00+00:00,5629.75,target,300.0,296.5,312.5
vwap_reversion,ES,time_of_day,2024-09-17,2024-09-17 13:45:00+00:00,-1,5662.75,5662.5,5656.5,5667.75,25,20,2024-09-17 13:49:00+00:00,5656.5,target,300.0,296.5,312.5
vwap_reversion,ES,time_of_day,2024-09-17,2024-09-17 13:50:00+00:00,-1,5655.75,5655.5,5649.5,5660.75,25,20,2024-09-17 14:04:00+00:00,5661.0,stop,-275.0,-278.5,312.5
vwap_reversion,ES,time_of_day,2024-09-17,2024-09-17 14:05:00+00:00,-1,5663.0,5662.75,5656.75,5668.0,25,20,2024-09-17 14:08:00+00:00,5668.25,stop,-275.0,-278.5,312.5
vwap_reversion,ES,time_of_day,2024-09-18,2024-09-18 13:45:00+00:00,-1,5702.25,5702.0,5696.0,5707.25,25,20,2024-09-18 13:50:00+00:00,5696.0,target,300.0,296.5,312.5
vwap_reversion,ES,time_of_day,2024-09-18,2024-09-18 13:51:00+00:00,-1,5700.5,5700.25,5694.25,5705.5,25,20,2024-09-18 14:11:00+00:00,5694.25,target,300.0,296.5,312.5
vwap_reversion,ES,time_of_day,2024-09-18,2024-09-18 14:12:00+00:00,-1,5697.25,5697.0,5691.0,5702.25,25,20,2024-09-18 14:43:00+00:00,5702.5,stop,-275.0,-278.5,312.5
vwap_reversion,ES,time_of_day,2024-09-19,2024-09-19 13:45:00+00:00,1,5759.5,5759.75,5765.75,5754.5,25,20,2024-09-19 13:46:00+00:00,5754.25,stop,-275.0,-278.5,312.5
vwap_reversion,ES,time_of_day,2024-09-19,2024-09-19 13:47:00+00:00,1,5758.25,5758.5,5764.5,5753.25,25,20,2024-09-19 13:50:00+00:00,5753.0,stop,-275.0,-278.5,312.5
vwap_reversion,ES,time_of_day,2024-09-19,2024-09-19 13:51:00+00:00,1,5750.25,5750.5,5756.5,5745.25,25,20,2024-09-19 13:55:00+00:00,5756.5,target,300.0,296.5,312.5
vwap_reversion,ES,time_of_day,2024-09-20,2024-09-20 13:45:00+00:00,1,5759.5,5759.75,5765.75,5754.5,25,20,2024-09-20 13:58:00+00:00,5754.25,stop,-275.0,-278.5,312.5
vwap_reversion,ES,time_of_day,2024-09-20,2024-09-20 13:59:00+00:00,1,5753.25,5753.5,5759.5,5748.25,25,20,2024-09-20 14:12:00+00:00,5748.0,stop,-275.0,-278.5,312.5
vwap_reversion,ES,time_of_day,2024-09-20,2024-09-20 14:13:00+00:00,1,5746.5,5746.75,5752.75,5741.5,25,20,2024-09-20 14:18:00+00:00,5752.75,target,300.0,296.5,312.5
vwap_reversion,ES,time_of_day,2024-09-23,2024-09-23 13:48:00+00:00,-1,5770.25,5770.0,5764.0,5775.25,25,20,2024-09-23 13:51:00+00:00,5775.5,stop,-275.0,-278.5,312.5
vwap_reversion,ES,time_of_day,2024-09-23,2024-09-23 13:52:00+00:00,-1,5772.0,5771.75,5765.75,5777.0,25,20,2024-09-23 14:00:00+00:00,5765.75,target,300.0,296.5,312.5
vwap_reversion,ES,time_of_day,2024-09-23,2024-09-23 14:01:00+00:00,-1,5773.0,5772.75,5766.75,5778.0,25,20,2024-09-23 14:09:00+00:00,5778.25,stop,-275.0,-278.5,312.5
vwap_reversion,ES,time_of_day,2024-09-24,2024-09-24 14:00:00+00:00,1,5763.5,5763.75,5769.75,5758.5,25,20,2024-09-24 14:03:00+00:00,5758.25,stop,-275.0,-278.5,312.5
vwap_reversion,ES,time_of_day,2024-09-24,2024-09-24 14:04:00+00:00,1,5761.25,5761.5,5767.5,5756.25,25,20,2024-09-24 14:09:00+00:00,5767.5,target,300.0,296.5,312.5
vwap_reversion,ES,time_of_day,2024-09-24,2024-09-24 14:10:00+00:00,1,5769.75,5770.0,5776.0,5764.75,25,20,2024-09-24 14:13:00+00:00,5764.5,stop,-275.0,-278.5,312.5
vwap_reversion,ES,time_of_day,2024-09-25,2024-09-25 14:08:00+00:00,-1,5797.25,5797.0,5791.0,5802.25,25,20,2024-09-25 14:22:00+00:00,5791.0,target,300.0,296.5,312.5
vwap_reversion,ES,time_of_day,2024-09-25,2024-09-25 14:49:00+00:00,1,5787.0,5787.25,5793.25,5782.0,25,20,2024-09-25 15:03:00+00:00,5793.25,target,300.0,296.5,312.5
vwap_reversion,ES,time_of_day,2024-09-25,2024-09-25 17:30:00+00:00,1,5777.25,5777.5,5783.5,5772.25,25,20,2024-09-25 17:35:00+00:00,5772.0,stop,-275.0,-278.5,312.5
vwap_reversion,ES,time_of_day,2024-09-26,2024-09-26 13:45:00+00:00,-1,5816.5,5816.25,5810.25,5821.5,25,20,2024-09-26 14:00:00+00:00,5821.75,stop,-275.0,-278.5,312.5
vwap_reversion,ES,time_of_day,2024-09-26,2024-09-26 14:01:00+00:00,-1,5816.25,5816.0,5810.0,5821.25,25,20,2024-09-26 14:05:00+00:00,5810.0,target,300.0,296.5,312.5
vwap_reversion,ES,time_of_day,2024-09-26,2024-09-26 14:06:00+00:00,1,5809.5,5809.75,5815.75,5804.5,25,20,2024-09-26 14:28:00+00:00,5804.25,stop,-275.0,-278.5,312.5
vwap_reversion,ES,time_of_day,2024-09-27,2024-09-27 14:00:00+00:00,-1,5812.25,5812.0,5806.0,5817.25,25,20,2024-09-27 14:25:00+00:00,5817.5,stop,-275.0,-278.5,312.5
vwap_reversion,ES,time_of_day,2024-09-27,2024-09-27 14:26:00+00:00,-1,5818.25,5818.0,5812.0,5823.25,25,20,2024-09-27 14:35:00+00:00,5812.0,target,300.0,296.5,312.5
vwap_reversion,ES,time_of_day,2024-09-27,2024-09-27 14:36:00+00:00,-1,5815.75,5815.5,5809.5,5820.75,25,20,2024-09-27 15:16:00+00:00,5809.5,target,300.0,296.5,312.5
vwap_reversion,ES,time_of_day,2024-09-30,2024-09-30 13:59:00+00:00,1,5782.5,5782.75,5788.75,5777.5,25,20,2024-09-30 14:33:00+00:00,5788.75,target,300.0,296.5,312.5
vwap_reversion,ES,time_of_day,2024-09-30,2024-09-30 15:04:00+00:00,-1,5792.5,5792.25,5786.25,5797.5,25,20,2024-09-30 15:40:00+00:00,5786.25,target,300.0,296.5,312.5
vwap_reversion,ES,time_of_day,2024-09-30,2024-09-30 18:13:00+00:00,1,5783.25,5783.5,5789.5,5778.25,25,20,2024-09-30 18:15:00+00:00,5778.0,stop,-275.0,-278.5,312.5
vwap_reversion,ES,time_of_day,2024-10-01,2024-10-01 13:45:00+00:00,1,5769.75,5770.0,5776.0,5764.75,25,20,2024-10-01 13:47:00+00:00,5764.5,stop,-275.0,-278.5,312.5
vwap_reversion,ES,time_of_day,2024-10-01,2024-10-01 13:48:00+00:00,1,5764.25,5764.5,5770.5,5759.25,25,20,2024-10-01 13:53:00+00:00,5759.0,stop,-275.0,-278.5,312.5
vwap_reversion,ES,time_of_day,2024-10-01,2024-10-01 13:54:00+00:00,1,5764.0,5764.25,5770.25,5759.0,25,20,2024-10-01 13:55:00+00:00,5758.75,stop,-275.0,-278.5,312.5
vwap_reversion,ES,time_of_day,2024-10-02,2024-10-02 13:45:00+00:00,1,5727.0,5727.25,5733.25,5722.0,25,20,2024-10-02 13:47:00+00:00,5733.25,target,300.0,296.5,312.5
vwap_reversion,ES,time_of_day,2024-10-02,2024-10-02 13:48:00+00:00,-1,5744.25,5744.0,5738.0,5749.25,25,20,2024-10-02 14:02:00+00:00,5749.5,stop,-275.0,-278.5,312.5
vwap_reversion,ES,time_of_day,2024-10-02,2024-10-02 14:03:00+00:00,1,5753.0,5753.25,5759.25,5748.0,25,20,2024-10-02 14:05:00+00:00,5747.75,stop,-275.0,-278.5,312.5
vwap_reversion,ES,time_of_day,2024-10-03,2024-10-03 13:45:00+00:00,1,5742.75,5743.0,5749.0,5737.75,25,20,2024-10-03 13:55:00+00:00,5749.0,target,300.0,296.5,312.5
vwap_reversion,ES,time_of_day,2024-10-03,2024-10-03 13:56:00+00:00,1,5749.0,5749.25,5755.25,5744.0,25,20,2024-10-03 14:00:00+00:00,5755.25,target,300.0,296.5,312.5
vwap_reversion,ES,time_of_day,2024-10-03,2024-10-03 14:01:00+00:00,-1,5757.5,5757.25,5751.25,5762.5,25,20,2024-10-03 14:02:00+00:00,5762.75,stop,-275.0,-278.5,312.5
vwap_reversion,ES,time_of_day,2024-10-04,2024-10-04 13:45:00+00:00,-1,5792.0,5791.75,5785.75,5797.0,25,20,2024-10-04 13:54:00+00:00,5785.75,target,300.0,296.5,312.5
vwap_reversion,ES,time_of_day,2024-10-04,2024-10-04 13:55:00+00:00,1,5782.0,5782.25,5788.25,5777.0,25,20,2024-10-04 13:56:00+00:00,5776.75,stop,-275.0,-278.5,312.5
vwap_reversion,ES,time_of_day,2024-10-04,2024-10-04 13:57:00+00:00,1,5771.5,5771.75,5777.75,5766.5,25,20,2024-10-04 14:03:00+00:00,5777.75,target,300.0,296.5,312.5
vwap_reversion,ES,time_of_day,2024-10-07,2024-10-07 13:45:00+00:00,1,5778.25,5778.5,5784.5,5773.25,25,20,2024-10-07 13:47:00+00:00,5784.5,target,300.0,296.5,312.5
vwap_reversion,ES,time_of_day,2024-10-07,2024-10-07 13:48:00+00:00,1,5779.0,5779.25,5785.25,5774.0,25,20,2024-10-07 13:54:00+00:00,5773.75,stop,-275.0,-278.5,312.5
vwap_reversion,ES,time_of_day,2024-10-07,2024-10-07 13:55:00+00:00,1,5778.25,5778.5,5784.5,5773.25,25,20,2024-10-07 14:05:00+00:00,5784.5,target,300.0,296.5,312.5
vwap_reversion,ES,time_of_day,2024-10-08,2024-10-08 13:45:00+00:00,-1,5765.75,5765.5,5759.5,5770.75,25,20,2024-10-08 13:54:00+00:00,5771.0,stop,-275.0,-278.5,312.5
vwap_reversion,ES,time_of_day,2024-10-08,2024-10-08 13:55:00+00:00,-1,5775.5,5775.25,5769.25,5780.5,25,20,2024-10-08 14:00:00+00:00,5780.75,stop,-275.0,-278.5,312.5
vwap_reversion,ES,time_of_day,2024-10-08,2024-10-08 14:01:00+00:00,-1,5781.0,5780.75,5774.75,5786.0,25,20,2024-10-08 14:14:00+00:00,5774.75,target,300.0,296.5,312.5
vwap_reversion,ES,time_of_day,2024-10-09,2024-10-09 13:54:00+00:00,-1,5804.75,5804.5,5798.5,5809.75,25,20,2024-10-09 14:10:00+00:00,5810.0,stop,-275.0,-278.5,312.5
vwap_reversion,ES,time_of_day,2024-10-09,2024-10-09 14:11:00+00:00,-1,5808.0,5807.75,5801.75,5813.0,25,20,2024-10-09 14:27:00+00:00,5813.25,stop,-275.0,-278.5,312.5
vwap_reversion,ES,time_of_day,2024-10-09,2024-10-09 14:28:00+00:00,-1,5812.0,5811.75,5805.75,5817.0,25,20,2024-10-09 14:59:00+00:00,5817.25,stop,-275.0,-278.5,312.5
vwap_reversion,ES,time_of_day,2024-10-10,2024-10-10 13:45:00+00:00,1,5821.75,5822.0,5828.0,5816.75,25,20,2024-10-10 13:47:00+00:00,5816.5,stop,-275.0,-278.5,312.5
vwap_reversion,ES,time_of_day,2024-10-10,2024-10-10 13:48:00+00:00,1,5814.0,5814.25,5820.25,5809.0,25,20,2024-10-10 13:52:00+00:00,5820.25,target,300.0,296.5,312.5
vwap_reversion,ES,time_of_day,2024-10-10,2024-10-10 13:53:00+00:00,1,5822.25,5822.5,5828.5,5817.25,25,20,2024-10-10 13:56:00+00:00,5828.5,target,300.0,296.5,312.5
vwap_reversion,ES,time_of_day,2024-10-11,2024-10-11 13:46:00+00:00,-1,5835.25,5835.0,5829.0,5840.25,25,20,2024-10-11 14:02:00+00:00,5840.5,stop,-275.0,-278.5,312.5
vwap_reversion,ES,time_of_day,2024-10-11,2024-10-11 14:03:00+00:00,-1,5838.5,5838.25,5832.25,5843.5,25,20,2024-10-11 14:06:00+00:00,5843.75,stop,-275.0,-278.5,312.5
vwap_reversion,ES,time_of_day,2024-10-11,2024-10-11 14:07:00+00:00,-1,5849.0,5848.75,5842.75,5854.0,25,20,2024-10-11 14:11:00+00:00,5854.25,stop,-275.0,-278.5,312.5
vwap_reversion,ES,time_of_day,2024-10-14,2024-10-14 13:45:00+00:00,-1,5888.0,5887.75,5881.75,5893.0,25,20,2024-10-14 13:48:00+00:00,5893.25,stop,-275.0,-278.5,312.5
vwap_reversion,ES,time_of_day,2024-10-14,2024-10-14 13:49:00+00:00,-1,5895.0,5894.75,5888.75,5900.0,25,20,2024-10-14 14:00:00+00:00,5900.25,stop,-275.0,-278.5,312.5
vwap_reversion,ES,time_of_day,2024-10-14,2024-10-14 14:01:00+00:00,-1,5899.0,5898.75,5892.75,5904.0,25,20,2024-10-14 14:17:00+00:00,5892.75,target,300.0,296.5,312.5
vwap_reversion,ES,time_of_day,2024-10-15,2024-10-15 14:13:00+00:00,1,5903.5,5903.75,5909.75,5898.5,25,20,2024-10-15 14:29:00+00:00,5898.25,stop,-275.0,-278.5,312.5
vwap_reversion,ES,time_of_day,2024-10-15,2024-10-15 14:30:00+00:00,1,5896.25,5896.5,5902.5,5891.25,25,20,2024-10-15 14:33:00+00:00,5891.0,stop,-275.0,-278.5,312.5
vwap_reversion,ES,time_of_day,2024-10-15,2024-10-15 14:34:00+00:00,1,5890.0,5890.25,5896.25,5885.0,25,20,2024-10-15 14:37:00+00:00,5884.75,stop,-275.0,-278.5,312.5
vwap_reversion,ES,time_of_day,2024-10-16,2024-10-16 13:45:00+00:00,1,5854.75,5855.0,5861.0,5849.75,25,20,2024-10-16 14:04:00+00:00,5861.0,target,300.0,296.5,312.5
vwap_reversion,ES,time_of_day,2024-10-16,2024-10-16 14:07:00+00:00,-1,5865.5,5865.25,5859.25,5870.5,25,20,2024-10-16 14:24:00+00:00,5870.75,stop,-275.0,-278.5,312.5
vwap_reversion,ES,time_of_day,2024-10-16,2024-10-16 14:25:00+00:00,-1,5872.25,5872.0,5866.0,5877.25,25,20,2024-10-16 14:39:00+00:00,5866.0,target,300.0,296.5,312.5
vwap_reversion,ES,time_of_day,2024-10-17,2024-10-17 13:45:00+00:00,-1,5906.75,5906.5,5900.5,5911.75,25,20,2024-10-17 13:53:00+00:00,5912.0,stop,-275.0,-278.5,312.5
vwap_reversion,ES,time_of_day,2024-10-17,2024-10-17 13:54:00+00:00,-1,5908.75,5908.5,5902.5,5913.75,25,20,2024-10-17 13:56:00+00:00,5902.5,target,300.0,296.5,312.5
vwap_reversion,ES,time_of_day,2024-10-17,2024-10-17 13:57:00+00:00,-1,5903.75,5903.5,5897.5,5908.75,25,20,2024-10-17 14:01:00+00:00,5897.5,target,300.0,296.5,312.5
vwap_reversion,ES,time_of_day,2024-10-18,2024-10-18 13:45:00+00:00,-1,5898.5,5898.25,5892.25,5903.5,25,20,2024-10-18 13:49:00+00:00,5892.25,target,300.0,296.5,312.5
vwap_reversion,ES,time_of_day,2024-10-18,2024-10-18 13:55:00+00:00,-1,5895.0,5894.75,5888.75,5900.0,25,20,2024-10-18 14:08:00+00:00,5900.25,stop,-275.0,-278.5,312.5
vwap_reversion,ES,time_of_day,2024-10-18,2024-10-18 14:09:00+00:00,-1,5899.5,5899.25,5893.25,5904.5,25,20,2024-10-18 14:13:00+00:00,5893.25,target,300.0,296.5,312.5
vwap_reversion,ES,time_of_day,2024-10-21,2024-10-21 14:27:00+00:00,1,5899.5,5899.75,5905.75,5894.5,25,20,2024-10-21 14:31:00+00:00,5894.25,stop,-275.0,-278.5,312.5
vwap_reversion,ES,time_of_day,2024-10-21,2024-10-21 14:32:00+00:00,1,5896.75,5897.0,5903.0,5891.75,25,20,2024-10-21 14:40:00+00:00,5891.5,stop,-275.0,-278.5,312.5
vwap_reversion,ES,time_of_day,2024-10-21,2024-10-21 14:41:00+00:00,1,5892.5,5892.75,5898.75,5887.5,25,20,2024-10-21 14:45:00+00:00,5887.25,stop,-275.0,-278.5,312.5
vwap_reversion,ES,time_of_day,2024-10-22,2024-10-22 13:45:00+00:00,1,5871.25,5871.5,5877.5,5866.25,25,20,2024-10-22 13:53:00+00:00,5866.0,stop,-275.0,-278.5,312.5
vwap_reversion,ES,time_of_day,2024-10-22,2024-10-22 13:54:00+00:00,1,5871.75,5872.0,5878.0,5866.75,25,20,2024-10-22 13:56:00+00:00,5866.5,stop,-275.0,-278.5,312.5
vwap_reversion,ES,time_of_day,2024-10-22,2024-10-22 13:57:00+00:00,1,5869.75,5870.0,5876.0,5864.75,25,20,2024-10-22 14:06:00+00:00,5876.0,target,300.0,296.5,312.5
vwap_reversion,ES,time_of_day,2024-10-23,2024-10-23 13:45:00+00:00,1,5869.5,5869.75,5875.75,5864.5,25,20,2024-10-23 14:04:00+00:00,5864.25,stop,-275.0,-278.5,312.5
vwap_reversion,ES,time_of_day,2024-10-23,2024-10-23 14:05:00+00:00,1,5866.5,5866.75,5872.75,5861.5,25,20,2024-10-23 14:06:00+00:00,5861.25,stop,-275.0,-278.5,312.5
vwap_reversion,ES,time_of_day,2024-10-23,2024-10-23 14:07:00+00:00,1,5862.0,5862.25,5868.25,5857.0,25,20,2024-10-23 14:29:00+00:00,5868.25,target,300.0,296.5,312.5
vwap_reversion,ES,time_of_day,2024-10-24,2024-10-24 13:45:00+00:00,-1,5843.5,5843.25,5837.25,5848.5,25,20,2024-10-24 13:54:00+00:00,5848.75,stop,-275.0,-278.5,312.5
vwap_reversion,ES,time_of_day,2024-10-24,2024-10-24 13:55:00+00:00,-1,5851.5,5851.25,5845.25,5856.5,25,20,2024-10-24 14:03:00+00:00,5856.75,stop,-275.0,-278.5,312.5
vwap_reversion,ES,time_of_day,2024-10-24,2024-10-24 14:04:00+00:00,-1,5852.0,5851.75,5845.75,5857.0,25,20,2024-10-24 14:16:00+00:00,5845.75,target,300.0,296.5,312.5
vwap_reversion,ES,time_of_day,2024-10-25,2024-10-25 13:45:00+00:00,-1,5882.5,5882.25,5876.25,5887.5,25,20,2024-10-25 13:46:00+00:00,5887.75,stop,-275.0,-278.5,312.5
vwap_reversion,ES,time_of_day,2024-10-25,2024-10-25 13:47:00+00:00,-1,5885.25,5885.0,5879.0,5890.25,25,20,2024-10-25 13:59:00+00:00,5890.5,stop,-275.0,-278.5,312.5
vwap_reversion,ES,time_of_day,2024-10-25,2024-10-25 14:00:00+00:00,-1,5891.75,5891.5,5885.5,5896.75,25,20,2024-10-25 14:02:00+00:00,5897.0,stop,-275.0,-278.5,312.5
vwap_reversion,ES,time_of_day,2024-10-28,2024-10-28 13:45:00+00:00,-1,5871.25,5871.0,5865.0,5876.25,25,20,2024-10-28 14:24:00+00:00,5876.5,stop,-275.0,-278.5,312.5
vwap_reversion,ES,time_of_day,2024-10-28,2024-10-28 14:25:00+00:00,-1,5875.5,5875.25,5869.25,5880.5,25,20,2024-10-28 15:00:00+00:00,5869.25,target,300.0,296.5,312.5
vwap_reversion,ES,time_of_day,2024-10-28,2024-10-28 15:01:00+00:00,-1,5870.0,5869.75,5863.75,5875.0,25,20,2024-10-28 15:13:00+00:00,5875.25,stop,-275.0,-278.5,312.5
vwap_reversion,ES,time_of_day,2024-10-29,2024-10-29 13:45:00+00:00,-1,5850.75,5850.5,5844.5,5855.75,25,20,2024-10-29 13:49:00+00:00,5844.5,target,300.0,296.5,312.5
vwap_reversion,ES,time_of_day,2024-10-29,2024-10-29 13:50:00+00:00,1,5846.75,5847.0,5853.0,5841.75,25,20,2024-10-29 13:55:00+00:00,5853.0,target,300.0,296.5,312.5
vwap_reversion,ES,time_of_day,2024-10-29,2024-10-29 13:56:00+00:00,-1,5852.25,5852.0,5846.0,5857.25,25,20,2024-10-29 14:00:00+00:00,5857.5,stop,-275.0,-278.5,312.5
vwap_reversion,ES,time_of_day,2024-10-30,2024-10-30 13:45:00+00:00,1,5850.25,5850.5,5856.5,5845.25,25,20,2024-10-30 13:47:00+00:00,5856.5,target,300.0,296.5,312.5
vwap_reversion,ES,time_of_day,2024-10-30,2024-10-30 13:48:00+00:00,1,5858.0,5858.25,5864.25,5853.0,25,20,2024-10-30 13:52:00+00:00,5864.25,target,300.0,296.5,312.5
vwap_reversion,ES,time_of_day,2024-10-30,2024-10-30 13:53:00+00:00,-1,5865.75,5865.5,5859.5,5870.75,25,20,2024-10-30 13:56:00+00:00,5871.0,stop,-275.0,-278.5,312.5
vwap_reversion,ES,time_of_day,2024-10-31,2024-10-31 13:45:00+00:00,1,5797.5,5797.75,5803.75,5792.5,25,20,2024-10-31 13:47:00+00:00,5792.25,stop,-275.0,-278.5,312.5
vwap_reversion,ES,time_of_day,2024-10-31,2024-10-31 13:48:00+00:00,1,5787.5,5787.75,5793.75,5782.5,25,20,2024-10-31 13:50:00+00:00,5782.25,stop,-275.0,-278.5,312.5
vwap_reversion,ES,time_of_day,2024-10-31,2024-10-31 13:51:00+00:00,1,5786.5,5786.75,5792.75,5781.5,25,20,2024-10-31 13:57:00+00:00,5792.75,target,300.0,296.5,312.5
vwap_reversion,ES,time_of_day,2024-11-01,2024-11-01 13:45:00+00:00,-1,5776.0,5775.75,5769.75,5781.0,25,20,2024-11-01 13:53:00+00:00,5781.25,stop,-275.0,-278.5,312.5
vwap_reversion,ES,time_of_day,2024-11-01,2024-11-01 13:54:00+00:00,-1,5778.75,5778.5,5772.5,5783.75,25,20,2024-11-01 14:07:00+00:00,5784.0,stop,-275.0,-278.5,312.5
vwap_reversion,ES,time_of_day,2024-11-01,2024-11-01 14:08:00+00:00,-1,5784.75,5784.5,5778.5,5789.75,25,20,2024-11-01 14:12:00+00:00,5790.0,stop,-275.0,-278.5,312.5
vwap_reversion,ES,time_of_day,2024-11-04,2024-11-04 14:45:00+00:00,-1,5759.0,5758.75,5752.75,5764.0,25,20,2024-11-04 14:52:00+00:00,5752.75,target,300.0,296.5,312.5
vwap_reversion,ES,time_of_day,2024-11-04,2024-11-04 14:53:00+00:00,1,5753.5,5753.75,5759.75,5748.5,25,20,2024-11-04 14:58:00+00:00,5759.75,target,300.0,296.5,312.5
vwap_reversion,ES,time_of_day,2024-11-04,2024-11-04 14:59:00+00:00,-1,5760.75,5760.5,5754.5,5765.75,25,20,2024-11-04 15:07:00+00:00,5766.0,stop,-275.0,-278.5,312.5
vwap_reversion,ES,time_of_day,2024-11-05,2024-11-05 14:45:00+00:00,-1,5769.25,5769.0,5763.0,5774.25,25,20,2024-11-05 14:48:00+00:00,5774.5,stop,-275.0,-278.5,312.5
vwap_reversion,ES,time_of_day,2024-11-05,2024-11-05 14:49:00+00:00,-1,5774.0,5773.75,5767.75,5779.0,25,20,2024-11-05 14:54:00+00:00,5779.25,stop,-275.0,-278.5,312.5
vwap_reversion,ES,time_of_day,2024-11-05,2024-11-05 14:55:00+00:00,-1,5783.75,5783.5,5777.5,5788.75,25,20,2024-11-05 15:00:00+00:00,5789.0,stop,-275.0,-278.5,312.5
vwap_reversion,ES,time_of_day,2024-11-06,2024-11-06 14:45:00+00:00,-1,5925.25,5925.0,5919.0,5930.25,25,20,2024-11-06 14:46:00+00:00,5919.0,target,300.0,296.5,312.5
vwap_reversion,ES,time_of_day,2024-11-06,2024-11-06 14:47:00+00:00,1,5913.75,5914.0,5920.0,5908.75,25,20,2024-11-06 14:50:00+00:00,5908.5,stop,-275.0,-278.5,312.5
vwap_reversion,ES,time_of_day,2024-11-06,2024-11-06 14:51:00+00:00,1,5909.0,5909.25,5915.25,5904.0,25,20,2024-11-06 14:55:00+00:00,5903.75,stop,-275.0,-278.5,312.5
vwap_reversion,ES,time_of_day,2024-11-07,2024-11-07 14:45:00+00:00,-1,5979.25,5979.0,5973.0,5984.25,25,20,2024-11-07 14:52:00+00:00,5984.5,stop,-275.0,-278.5,312.5
vwap_reversion,ES,time_of_day,2024-11-07,2024-11-07 14:53:00+00:00,-1,5982.5,5982.25,5976.25,5987.5,25,20,2024-11-07 15:01:00+00:00,5987.75,stop,-275.0,-278.5,312.5
vwap_reversion,ES,time_of_day,2024-11-07,2024-11-07 15:02:00+00:00,-1,5985.75,5985.5,5979.5,5990.75,25,20,2024-11-07 15:31:00+00:00,5991.0,stop,-275.0,-278.5,312.5
vwap_reversion,ES,time_of_day,2024-11-08,2024-11-08 14:45:00+00:00,-1,6008.5,6008.25,6002.25,6013.5,25,20,2024-11-08 14:48:00+00:00,6013.75,stop,-275.0,-278.5,312.5
vwap_reversion,ES,time_of_day,2024-11-08,2024-11-08 14:49:00+00:00,-1,6012.25,6012.0,6006.0,6017.25,25,20,2024-11-08 15:00:00+00:00,6017.5,stop,-275.0,-278.5,312.5
vwap_reversion,ES,time_of_day,2024-11-08,2024-11-08 15:01:00+00:00,-1,6017.0,6016.75,6010.75,6022.0,25,20,2024-11-08 15:04:00+00:00,6010.75,target,300.0,296.5,312.5
vwap_reversion,ES,time_of_day,2024-11-11,2024-11-11 14:45:00+00:00,1,6035.0,6035.25,6041.25,6030.0,25,20,2024-11-11 15:22:00+00:00,6029.75,stop,-275.0,-278.5,312.5
vwap_reversion,ES,time_of_day,2024-11-11,2024-11-11 15:24:00+00:00,-1,6034.0,6033.75,6027.75,6039.0,25,20,2024-11-11 15:37:00+00:00,6039.25,stop,-275.0,-278.5,312.5
vwap_reversion,ES,time_of_day,2024-11-11,2024-11-11 15:38:00+00:00,-1,6040.25,6040.0,6034.0,6045.25,25,20,2024-11-11 16:26:00+00:00,6034.0,target,300.0,296.5,312.5
vwap_reversion,ES,time_of_day,2024-11-12,2024-11-12 15:04:00+00:00,1,6024.75,6025.0,6031.0,6019.75,25,20,2024-11-12 15:44:00+00:00,6019.5,stop,-275.0,-278.5,312.5
vwap_reversion,ES,time_of_day,2024-11-12,2024-11-12 15:45:00+00:00,1,6020.0,6020.25,6026.25,6015.0,25,20,2024-11-12 16:08:00+00:00,6014.75,stop,-275.0,-278.5,312.5
vwap_reversion,ES,time_of_day,2024-11-12,2024-11-12 16:09:00+00:00,1,6015.25,6015.5,6021.5,6010.25,25,20,2024-11-12 16:38:00+00:00,6010.0,stop,-275.0,-278.5,312.5
vwap_reversion,ES,time_of_day,2024-11-13,2024-11-13 15:01:00+00:00,1,6007.5,6007.75,6013.75,6002.5,25,20,2024-11-13 15:05:00+00:00,6002.25,stop,-275.0,-278.5,312.5
vwap_reversion,ES,time_of_day,2024-11-13,2024-11-13 15:06:00+00:00,1,5997.0,5997.25,6003.25,5992.0,25,20,2024-11-13 15:07:00+00:00,5991.75,stop,-275.0,-278.5,312.5
vwap_reversion,ES,time_of_day,2024-11-13,2024-11-13 15:08:00+00:00,1,5998.25,5998.5,6004.5,5993.25,25,20,2024-11-13 15:10:00+00:00,6004.5,target,300.0,296.5,312.5
vwap_reversion,ES,time_of_day,2024-11-14,2024-11-14 14:45:00+00:00,1,6002.75,6003.0,6009.0,5997.75,25,20,2024-11-14 14:50:00+00:00,6009.0,target,300.0,296.5,312.5
vwap_reversion,ES,time_of_day,2024-11-14,2024-11-14 14:52:00+00:00,1,6004.75,6005.0,6011.0,5999.75,25,20,2024-11-14 15:18:00+00:00,5999.5,stop,-275.0,-278.5,312.5
vwap_reversion,ES,time_of_day,2024-11-14,2024-11-14 15:19:00+00:00,1,5992.75,5993.0,5999.0,5987.75,25,20,2024-11-14 15:25:00+00:00,5999.0,target,300.0,296.5,312.5
vwap_reversion,ES,time_of_day,2024-11-15,2024-11-15 14:45:00+00:00,1,5934.5,5934.75,5940.75,5929.5,25,20,2024-11-15 14:55:00+00:00,5929.25,stop,-275.0,-278.5,312.5
vwap_reversion,ES,time_of_day,2024-11-15,2024-11-15 14:56:00+00:00,1,5928.5,5928.75,5934.75,5923.5,25,20,2024-11-15 15:00:00+00:00,5923.25,stop,-275.0,-278.5,312.5
vwap_reversion,ES,time_of_day,2024-11-15,2024-11-15 15:01:00+00:00,1,5921.25,5921.5,5927.5,5916.25,25,20,2024-11-15 15:08:00+00:00,5916.0,stop,-275.0,-278.5,312.5
vwap_reversion,ES,time_of_day,2024-11-18,2024-11-18 14:46:00+00:00,1,5893.75,5894.0,5900.0,5888.75,25,20,2024-11-18 15:02:00+00:00,5900.0,target,300.0,296.5,312.5
vwap_reversion,ES,time_of_day,2024-11-18,2024-11-18 15:04:00+00:00,-1,5905.5,5905.25,5899.25,5910.5,25,20,2024-11-18 15:27:00+00:00,5910.75,stop,-275.0,-278.5,312.5
vwap_reversion,ES,time_of_day,2024-11-18,2024-11-18 15:28:00+00:00,-1,5910.75,5910.5,5904.5,5915.75,25,20,2024-11-18 15:32:00+00:00,5916.0,stop,-275.0,-278.5,312.5
vwap_reversion,ES,time_of_day,2024-11-19,2024-11-19 14:45:00+00:00,1,5892.5,5892.75,5898.75,5887.5,25,20,2024-11-19 14:47:00+00:00,5887.25,stop,-275.0,-278.5,312.5
vwap_reversion,ES,time_of_day,2024-11-19,2024-11-19 14:48:00+00:00,1,5887.0,5887.25,5893.25,5882.0,25,20,2024-11-19 14:50:00+00:00,5881.75,stop,-275.0,-278.5,312.5
vwap_reversion,ES,time_of_day,2024-11-19,2024-11-19 14:51:00+00:00,1,5883.0,5883.25,5889.25,5878.0,25,20,2024-11-19 14:52:00+00:00,5889.25,target,300.0,296.5,312.5
vwap_reversion,ES,time_of_day,2024-11-20,2024-11-20 14:45:00+00:00,1,5915.0,5915.25,5921.25,5910.0,25,20,2024-11-20 14:47:00+00:00,5921.25,target,300.0,296.5,312.5
vwap_reversion,ES,time_of_day,2024-11-20,2024-11-20 14:48:00+00:00,1,5917.5,5917.75,5923.75,5912.5,25,20,2024-11-20 14:57:00+00:00,5912.25,stop,-275.0,-278.5,312.5
vwap_reversion,ES,time_of_day,2024-11-20,2024-11-20 14:58:00+00:00,1,5910.5,5910.75,5916.75,5905.5,25,20,2024-11-20 15:05:00+00:00,5905.25,stop,-275.0,-278.5,312.5
vwap_reversion,ES,time_of_day,2024-11-21,2024-11-21 14:45:00+00:00,1,5931.5,5931.75,5937.75,5926.5,25,20,2024-11-21 14:46:00+00:00,5937.75,target,300.0,296.5,312.5
vwap_reversion,ES,time_of_day,2024-11-21,2024-11-21 14:49:00+00:00,-1,5946.5,5946.25,5940.25,5951.5,25,20,2024-11-21 14:52:00+00:00,5940.25,target,300.0,296.5,312.5
vwap_reversion,ES,time_of_day,2024-11-21,2024-11-21 14:56:00+00:00,1,5935.0,5935.25,5941.25,5930.0,25,20,2024-11-21 14:57:00+00:00,5929.75,stop,-275.0,-278.5,312.5
vwap_reversion,ES,time_of_day,2024-11-22,2024-11-22 14:45:00+00:00,-1,5990.25,5990.0,5984.0,5995.25,25,20,2024-11-22 14:50:00+00:00,5984.0,target,300.0,296.5,312.5
vwap_reversion,ES,time_of_day,2024-11-22,2024-11-22 14:51:00+00:00,-1,5980.5,5980.25,5974.25,5985.5,25,20,2024-11-22 14:54:00+00:00,5985.75,stop,-275.0,-278.5,312.5
vwap_reversion,ES,time_of_day,2024-11-22,2024-11-22 14:55:00+00:00,-1,5985.0,5984.75,5978.75,5990.0,25,20,2024-11-22 14:56:00+00:00,5990.25,stop,-275.0,-278.5,312.5
vwap_reversion,ES,time_of_day,2024-11-25,2024-11-25 14:45:00+00:00,-1,6038.5,6038.25,6032.25,6043.5,25,20,2024-11-25 14:48:00+00:00,6032.25,target,300.0,296.5,312.5
vwap_reversion,ES,time_of_day,2024-11-25,2024-11-25 14:49:00+00:00,-1,6031.75,6031.5,6025.5,6036.75,25,20,2024-11-25 14:51:00+00:00,6025.5,target,300.0,296.5,312.5
vwap_reversion,ES,time_of_day,2024-11-25,2024-11-25 14:52:00+00:00,-1,6026.0,6025.75,6019.75,6031.0,25,20,2024-11-25 14:53:00+00:00,6019.75,target,300.0,296.5,312.5
vwap_reversion,ES,time_of_day,2024-11-26,2024-11-26 14:45:00+00:00,-1,6022.0,6021.75,6015.75,6027.0,25,20,2024-11-26 14:51:00+00:00,6027.25,stop,-275.0,-278.5,312.5
vwap_reversion,ES,time_of_day,2024-11-26,2024-11-26 14:52:00+00:00,-1,6025.0,6024.75,6018.75,6030.0,25,20,2024-11-26 14:54:00+00:00,6018.75,target,300.0,296.5,312.5
vwap_reversion,ES,time_of_day,2024-11-26,2024-11-26 14:55:00+00:00,-1,6020.75,6020.5,6014.5,6025.75,25,20,2024-11-26 15:00:00+00:00,6026.0,stop,-275.0,-278.5,312.5
vwap_reversion,ES,time_of_day,2024-11-27,2024-11-27 14:45:00+00:00,1,6033.5,6033.75,6039.75,6028.5,25,20,2024-11-27 15:01:00+00:00,6028.25,stop,-275.0,-278.5,312.5
vwap_reversion,ES,time_of_day,2024-11-27,2024-11-27 15:02:00+00:00,1,6030.5,6030.75,6036.75,6025.5,25,20,2024-11-27 15:15:00+00:00,6025.25,stop,-275.0,-278.5,312.5
vwap_reversion,ES,time_of_day,2024-11-27,2024-11-27 15:16:00+00:00,1,6025.0,6025.25,6031.25,6020.0,25,20,2024-11-27 15:36:00+00:00,6019.75,stop,-275.0,-278.5,312.5
vwap_reversion,ES,time_of_day,2024-11-28,2024-11-28 14:45:00+00:00,-1,6027.75,6027.5,6021.5,6032.75,25,20,2024-11-28 17:59:00+00:00,6030.0,session_flatten,-125.0,-128.5,312.5
vwap_reversion,ES,time_of_day,2024-11-29,2024-11-29 14:59:00+00:00,-1,6033.0,6032.75,6026.75,6038.0,25,20,2024-11-29 15:06:00+00:00,6038.25,stop,-275.0,-278.5,312.5
vwap_reversion,ES,time_of_day,2024-11-29,2024-11-29 15:07:00+00:00,-1,6038.5,6038.25,6032.25,6043.5,25,20,2024-11-29 15:18:00+00:00,6043.75,stop,-275.0,-278.5,312.5
vwap_reversion,ES,time_of_day,2024-11-29,2024-11-29 15:19:00+00:00,-1,6042.0,6041.75,6035.75,6047.0,25,20,2024-11-29 16:09:00+00:00,6047.25,stop,-275.0,-278.5,312.5
vwap_reversion,ES,time_of_day,2024-12-02,2024-12-02 15:30:00+00:00,-1,6057.75,6057.5,6051.5,6062.75,25,20,2024-12-02 15:57:00+00:00,6051.5,target,300.0,296.5,312.5
vwap_reversion,ES,time_of_day,2024-12-02,2024-12-02 16:10:00+00:00,-1,6057.75,6057.5,6051.5,6062.75,25,20,2024-12-02 16:40:00+00:00,6063.0,stop,-275.0,-278.5,312.5
vwap_reversion,ES,time_of_day,2024-12-02,2024-12-02 18:30:00+00:00,-1,6060.25,6060.0,6054.0,6065.25,25,20,2024-12-02 20:14:00+00:00,6065.5,stop,-275.0,-278.5,312.5
vwap_reversion,ES,time_of_day,2024-12-03,2024-12-03 14:45:00+00:00,1,6056.0,6056.25,6062.25,6051.0,25,20,2024-12-03 15:26:00+00:00,6050.75,stop,-275.0,-278.5,312.5
vwap_reversion,ES,time_of_day,2024-12-03,2024-12-03 15:27:00+00:00,1,6051.0,6051.25,6057.25,6046.0,25,20,2024-12-03 16:26:00+00:00,6057.25,target,300.0,296.5,312.5
vwap_reversion,ES,time_of_day,2024-12-03,2024-12-03 16:27:00+00:00,1,6057.5,6057.75,6063.75,6052.5,25,20,2024-12-03 16:37:00+00:00,6052.25,stop,-275.0,-278.5,312.5
vwap_reversion,ES,time_of_day,2024-12-04,2024-12-04 14:45:00+00:00,-1,6079.5,6079.25,6073.25,6084.5,25,20,2024-12-04 14:55:00+00:00,6084.75,stop,-275.0,-278.5,312.5
vwap_reversion,ES,time_of_day,2024-12-04,2024-12-04 14:56:00+00:00,-1,6083.25,6083.0,6077.0,6088.25,25,20,2024-12-04 15:00:00+00:00,6077.0,target,300.0,296.5,312.5
vwap_reversion,ES,time_of_day,2024-12-04,2024-12-04 15:01:00+00:00,-1,6079.5,6079.25,6073.25,6084.5,25,20,2024-12-04 15:15:00+00:00,6073.25,target,300.0,296.5,312.5
vwap_reversion,ES,time_of_day,2024-12-05,2024-12-05 15:02:00+00:00,-1,6103.0,6102.75,6096.75,6108.0,25,20,2024-12-05 15:21:00+00:00,6096.75,target,300.0,296.5,312.5
vwap_reversion,ES,time_of_day,2024-12-05,2024-12-05 15:38:00+00:00,1,6091.5,6091.75,6097.75,6086.5,25,20,2024-12-05 16:24:00+00:00,6097.75,target,300.0,296.5,312.5
vwap_reversion,ES,time_of_day,2024-12-05,2024-12-05 20:26:00+00:00,1,6090.0,6090.25,6096.25,6085.0,25,20,2024-12-05 20:46:00+00:00,6096.25,target,300.0,296.5,312.5
vwap_reversion,ES,time_of_day,2024-12-06,2024-12-06 14:45:00+00:00,-1,6103.25,6103.0,6097.0,6108.25,25,20,2024-12-06 14:47:00+00:00,6108.5,stop,-275.0,-278.5,312.5
vwap_reversion,ES,time_of_day,2024-12-06,2024-12-06 14:48:00+00:00,-1,6109.0,6108.75,6102.75,6114.0,25,20,2024-12-06 15:51:00+00:00,6102.75,target,300.0,296.5,312.5
vwap_reversion,ES,time_of_day,2024-12-06,2024-12-06 15:52:00+00:00,-1,6103.75,6103.5,6097.5,6108.75,25,20,2024-12-06 16:13:00+00:00,6097.5,target,300.0,296.5,312.5
vwap_reversion,ES,time_of_day,2024-12-09,2024-12-09 14:46:00+00:00,1,6092.0,6092.25,6098.25,6087.0,25,20,2024-12-09 15:17:00+00:00,6086.75,stop,-275.0,-278.5,312.5
vwap_reversion,ES,time_of_day,2024-12-09,2024-12-09 15:18:00+00:00,1,6089.75,6090.0,6096.0,6084.75,25,20,2024-12-09 15:26:00+00:00,6084.5,stop,-275.0,-278.5,312.5
vwap_reversion,ES,time_of_day,2024-12-09,2024-12-09 15:27:00+00:00,1,6084.0,6084.25,6090.25,6079.0,25,20,2024-12-09 15:38:00+00:00,6078.75,stop,-275.0,-278.5,312.5
vwap_reversion,ES,time_of_day,2024-12-10,2024-12-10 15:06:00+00:00,-1,6070.75,6070.5,6064.5,6075.75,25,20,2024-12-10 16:08:00+00:00,6064.5,target,300.0,296.5,312.5
vwap_reversion,ES,time_of_day,2024-12-10,2024-12-10 18:51:00+00:00,1,6059.5,6059.75,6065.75,6054.5,25,20,2024-12-10 19:11:00+00:00,6054.25,stop,-275.0,-278.5,312.5
vwap_reversion,ES,time_of_day,2024-12-10,2024-12-10 19:12:00+00:00,1,6056.0,6056.25,6062.25,6051.0,25,20,2024-12-10 20:10:00+00:00,6050.75,stop,-275.0,-278.5,312.5
vwap_reversion,ES,time_of_day,2024-12-11,2024-12-11 14:45:00+00:00,-1,6080.5,6080.25,6074.25,6085.5,25,20,2024-12-11 15:06:00+00:00,6085.75,stop,-275.0,-278.5,312.5
vwap_reversion,ES,time_of_day,2024-12-11,2024-12-11 15:07:00+00:00,-1,6085.25,6085.0,6079.0,6090.25,25,20,2024-12-11 15:14:00+00:00,6090.5,stop,-275.0,-278.5,312.5
vwap_reversion,ES,time_of_day,2024-12-11,2024-12-11 15:15:00+00:00,-1,6088.75,6088.5,6082.5,6093.75,25,20,2024-12-11 15:29:00+00:00,6082.5,target,300.0,296.5,312.5
vwap_reversion,ES,time_of_day,2024-12-12,2024-12-12 14:45:00+00:00,1,6077.5,6077.75,6083.75,6072.5,25,20,2024-12-12 15:08:00+00:00,6072.25,stop,-275.0,-278.5,312.5
vwap_reversion,ES,time_of_day,2024-12-12,2024-12-12 15:09:00+00:00,1,6071.0,6071.25,6077.25,6066.0,25,20,2024-12-12 15:23:00+00:00,6077.25,target,300.0,296.5,312.5
vwap_reversion,ES,time_of_day,2024-12-12,2024-12-12 15:24:00+00:00,1,6078.0,6078.25,6084.25,6073.0,25,20,2024-12-12 15:32:00+00:00,6084.25,target,300.0,296.5,312.5
vwap_reversion,ES,time_of_day,2024-12-13,2024-12-13 14:45:00+00:00,-1,6083.25,6083.0,6077.0,6088.25,25,20,2024-12-13 14:54:00+00:00,6077.0,target,300.0,296.5,312.5
vwap_reversion,ES,time_of_day,2024-12-13,2024-12-13 14:55:00+00:00,-1,6076.25,6076.0,6070.0,6081.25,25,20,2024-12-13 15:06:00+00:00,6070.0,target,300.0,296.5,312.5
vwap_reversion,ES,time_of_day,2024-12-13,2024-12-13 15:07:00+00:00,-1,6067.0,6066.75,6060.75,6072.0,25,20,2024-12-13 15:13:00+00:00,6072.25,stop,-275.0,-278.5,312.5
vwap_reversion,ES,time_of_day,2024-12-16,2024-12-16 14:45:00+00:00,-1,6069.5,6069.25,6063.25,6074.5,25,20,2024-12-16 14:54:00+00:00,6074.75,stop,-275.0,-278.5,312.5
vwap_reversion,ES,time_of_day,2024-12-16,2024-12-16 14:55:00+00:00,-1,6074.0,6073.75,6067.75,6079.0,25,20,2024-12-16 15:02:00+00:00,6079.25,stop,-275.0,-278.5,312.5
vwap_reversion,ES,time_of_day,2024-12-16,2024-12-16 15:03:00+00:00,-1,6078.75,6078.5,6072.5,6083.75,25,20,2024-12-16 15:12:00+00:00,6072.5,target,300.0,296.5,312.5
vwap_reversion,ES,time_of_day,2024-12-17,2024-12-17 14:45:00+00:00,1,6055.75,6056.0,6062.0,6050.75,25,20,2024-12-17 15:01:00+00:00,6050.5,stop,-275.0,-278.5,312.5
vwap_reversion,ES,time_of_day,2024-12-17,2024-12-17 15:02:00+00:00,1,6052.0,6052.25,6058.25,6047.0,25,20,2024-12-17 15:10:00+00:00,6046.75,stop,-275.0,-278.5,312.5
vwap_reversion,ES,time_of_day,2024-12-17,2024-12-17 15:11:00+00:00,1,6045.75,6046.0,6052.0,6040.75,25,20,2024-12-17 16:00:00+00:00,6052.0,target,300.0,296.5,312.5
vwap_reversion,ES,time_of_day,2024-12-18,2024-12-18 14:45:00+00:00,-1,6121.25,6121.0,6115.0,6126.25,25,20,2024-12-18 14:53:00+00:00,6126.5,stop,-275.0,-278.5,312.5
vwap_reversion,ES,time_of_day,2024-12-18,2024-12-18 14:54:00+00:00,-1,6129.0,6128.75,6122.75,6134.0,25,20,2024-12-18 15:07:00+00:00,6134.25,stop,-275.0,-278.5,312.5
vwap_reversion,ES,time_of_day,2024-12-18,2024-12-18 15:08:00+00:00,-1,6131.5,6131.25,6125.25,6136.5,25,20,2024-12-18 15:22:00+00:00,6136.75,stop,-275.0,-278.5,312.5
vwap_reversion,ES,time_of_day,2024-12-19,2024-12-19 14:45:00+00:00,1,5984.0,5984.25,5990.25,5979.0,25,20,2024-12-19 14:46:00+00:00,5990.25,target,300.0,296.5,312.5
vwap_reversion,ES,time_of_day,2024-12-19,2024-12-19 14:47:00+00:00,-1,5994.25,5994.0,5988.0,5999.25,25,20,2024-12-19 14:48:00+00:00,5988.0,target,300.0,296.5,312.5
vwap_reversion,ES,time_of_day,2024-12-19,2024-12-19 14:49:00+00:00,1,5983.5,5983.75,5989.75,5978.5,25,20,2024-12-19 14:51:00+00:00,5978.25,stop,-275.0,-278.5,312.5
vwap_reversion,ES,time_of_day,2024-12-20,2024-12-20 14:45:00+00:00,1,5918.75,5919.0,5925.0,5913.75,25,20,2024-12-20 14:46:00+00:00,5913.5,stop,-275.0,-278.5,312.5
vwap_reversion,ES,time_of_day,2024-12-20,2024-12-20 14:47:00+00:00,1,5912.25,5912.5,5918.5,5907.25,25,20,2024-12-20 14:48:00+00:00,5907.0,stop,-275.0,-278.5,312.5
vwap_reversion,ES,time_of_day,2024-12-20,2024-12-20 14:49:00+00:00,1,5906.25,5906.5,5912.5,5901.25,25,20,2024-12-20 14:50:00+00:00,5901.0,stop,-275.0,-278.5,312.5
vwap_reversion,ES,time_of_day,2024-12-23,2024-12-23 14:45:00+00:00,1,5996.25,5996.5,6002.5,5991.25,25,20,2024-12-23 14:46:00+00:00,5991.0,stop,-275.0,-278.5,312.5
vwap_reversion,ES,time_of_day,2024-12-23,2024-12-23 14:47:00+00:00,1,5994.0,5994.25,6000.25,5989.0,25,20,2024-12-23 14:48:00+00:00,5988.75,stop,-275.0,-278.5,312.5
vwap_reversion,ES,time_of_day,2024-12-23,2024-12-23 14:49:00+00:00,1,5985.25,5985.5,5991.5,5980.25,25,20,2024-12-23 14:54:00+00:00,5991.5,target,300.0,296.5,312.5
vwap_reversion,ES,time_of_day,2024-12-24,2024-12-24 14:45:00+00:00,-1,6056.25,6056.0,6050.0,6061.25,25,20,2024-12-24 15:00:00+00:00,6061.5,stop,-275.0,-278.5,312.5
vwap_reversion,ES,time_of_day,2024-12-24,2024-12-24 15:01:00+00:00,-1,6061.5,6061.25,6055.25,6066.5,25,20,2024-12-24 15:07:00+00:00,6066.75,stop,-275.0,-278.5,312.5
vwap_reversion,ES,time_of_day,2024-12-24,2024-12-24 15:08:00+00:00,-1,6067.5,6067.25,6061.25,6072.5,25,20,2024-12-24 15:32:00+00:00,6072.75,stop,-275.0,-278.5,312.5
vwap_reversion,ES,time_of_day,2024-12-26,2024-12-26 14:45:00+00:00,1,6081.5,6081.75,6087.75,6076.5,25,20,2024-12-26 14:50:00+00:00,6076.25,stop,-275.0,-278.5,312.5
vwap_reversion,ES,time_of_day,2024-12-26,2024-12-26 14:51:00+00:00,1,6079.5,6079.75,6085.75,6074.5,25,20,2024-12-26 14:52:00+00:00,6074.25,stop,-275.0,-278.5,312.5
vwap_reversion,ES,time_of_day,2024-12-26,2024-12-26 14:53:00+00:00,1,6064.5,6064.75,6070.75,6059.5,25,20,2024-12-26 14:56:00+00:00,6070.75,target,300.0,296.5,312.5
vwap_reversion,ES,time_of_day,2024-12-27,2024-12-27 14:45:00+00:00,1,6044.75,6045.0,6051.0,6039.75,25,20,2024-12-27 14:47:00+00:00,6051.0,target,300.0,296.5,312.5
vwap_reversion,ES,time_of_day,2024-12-27,2024-12-27 14:48:00+00:00,1,6052.25,6052.5,6058.5,6047.25,25,20,2024-12-27 14:50:00+00:00,6047.0,stop,-275.0,-278.5,312.5
vwap_reversion,ES,time_of_day,2024-12-27,2024-12-27 14:51:00+00:00,1,6052.5,6052.75,6058.75,6047.5,25,20,2024-12-27 14:54:00+00:00,6047.25,stop,-275.0,-278.5,312.5
vwap_reversion,ES,time_of_day,2024-12-30,2024-12-30 14:45:00+00:00,1,5934.75,5935.0,5941.0,5929.75,25,20,2024-12-30 14:46:00+00:00,5929.5,stop,-275.0,-278.5,312.5
vwap_reversion,ES,time_of_day,2024-12-30,2024-12-30 14:47:00+00:00,1,5934.75,5935.0,5941.0,5929.75,25,20,2024-12-30 14:51:00+00:00,5941.0,target,300.0,296.5,312.5
vwap_reversion,ES,time_of_day,2024-12-30,2024-12-30 14:52:00+00:00,1,5935.75,5936.0,5942.0,5930.75,25,20,2024-12-30 14:57:00+00:00,5930.5,stop,-275.0,-278.5,312.5
vwap_reversion,ES,time_of_day,2024-12-31,2024-12-31 14:45:00+00:00,-1,5966.0,5965.75,5959.75,5971.0,25,20,2024-12-31 14:46:00+00:00,5971.25,stop,-275.0,-278.5,312.5
vwap_reversion,ES,time_of_day,2024-12-31,2024-12-31 14:47:00+00:00,-1,5974.5,5974.25,5968.25,5979.5,25,20,2024-12-31 14:50:00+00:00,5968.25,target,300.0,296.5,312.5
vwap_reversion,ES,time_of_day,2024-12-31,2024-12-31 14:51:00+00:00,-1,5967.25,5967.0,5961.0,5972.25,25,20,2024-12-31 14:54:00+00:00,5961.0,target,300.0,296.5,312.5
vwap_reversion,ES,time_of_day,2025-01-02,2025-01-02 14:45:00+00:00,-1,5945.5,5945.25,5939.25,5950.5,25,20,2025-01-02 14:46:00+00:00,5950.75,stop,-275.0,-278.5,312.5
vwap_reversion,ES,time_of_day,2025-01-02,2025-01-02 14:47:00+00:00,-1,5950.25,5950.0,5944.0,5955.25,25,20,2025-01-02 14:49:00+00:00,5955.5,stop,-275.0,-278.5,312.5
vwap_reversion,ES,time_of_day,2025-01-02,2025-01-02 14:50:00+00:00,-1,5954.5,5954.25,5948.25,5959.5,25,20,2025-01-02 14:52:00+00:00,5959.75,stop,-275.0,-278.5,312.5
vwap_reversion,ES,time_of_day,2025-01-03,2025-01-03 14:45:00+00:00,-1,5961.75,5961.5,5955.5,5966.75,25,20,2025-01-03 14:47:00+00:00,5955.5,target,300.0,296.5,312.5
vwap_reversion,ES,time_of_day,2025-01-03,2025-01-03 14:48:00+00:00,1,5948.25,5948.5,5954.5,5943.25,25,20,2025-01-03 14:51:00+00:00,5943.0,stop,-275.0,-278.5,312.5
vwap_reversion,ES,time_of_day,2025-01-03,2025-01-03 14:52:00+00:00,1,5943.75,5944.0,5950.0,5938.75,25,20,2025-01-03 14:56:00+00:00,5950.0,target,300.0,296.5,312.5
vwap_reversion,ES,time_of_day,2025-01-06,2025-01-06 14:45:00+00:00,-1,6047.25,6047.0,6041.0,6052.25,25,20,2025-01-06 14:46:00+00:00,6052.5,stop,-275.0,-278.5,312.5
vwap_reversion,ES,time_of_day,2025-01-06,2025-01-06 14:47:00+00:00,-1,6049.0,6048.75,6042.75,6054.0,25,20,2025-01-06 15:04:00+00:00,6054.25,stop,-275.0,-278.5,312.5
vwap_reversion,ES,time_of_day,2025-01-06,2025-01-06 15:05:00+00:00,-1,6052.0,6051.75,6045.75,6057.0,25,20,2025-01-06 15:10:00+00:00,6057.25,stop,-275.0,-278.5,312.5
vwap_reversion,ES,time_of_day,2025-01-07,2025-01-07 14:45:00+00:00,-1,6039.5,6039.25,6033.25,6044.5,25,20,2025-01-07 14:50:00+00:00,6033.25,target,300.0,296.5,312.5
vwap_reversion,ES,time_of_day,2025-01-07,2025-01-07 14:51:00+00:00,-1,6037.0,6036.75,6030.75,6042.0,25,20,2025-01-07 14:57:00+00:00,6030.75,target,300.0,296.5,312.5
vwap_reversion,ES,time_of_day,2025-01-07,2025-01-07 14:59:00+00:00,-1,6032.0,6031.75,6025.75,6037.0,25,20,2025-01-07 15:00:00+00:00,6025.75,target,300.0,296.5,312.5
vwap_reversion,ES,time_of_day,2025-01-08,2025-01-08 14:45:00+00:00,1,5943.75,5944.0,5950.0,5938.75,25,20,2025-01-08 14:46:00+00:00,5938.5,stop,-275.0,-278.5,312.5
vwap_reversion,ES,time_of_day,2025-01-08,2025-01-08 14:47:00+00:00,1,5943.5,5943.75,5949.75,5938.5,25,20,2025-01-08 14:50:00+00:00,5949.75,target,300.0,296.5,312.5
vwap_reversion,ES,time_of_day,2025-01-08,2025-01-08 14:52:00+00:00,1,5939.25,5939.5,5945.5,5934.25,25,20,2025-01-08 14:53:00+00:00,5934.0,stop,-275.0,-278.5,312.5
vwap_reversion,ES,time_of_day,2025-01-10,2025-01-10 14:45:00+00:00,1,5910.25,5910.5,5916.5,5905.25,25,20,2025-01-10 14:46:00+00:00,5905.0,stop,-275.0,-278.5,312.5
vwap_reversion,ES,time_of_day,2025-01-10,2025-01-10 14:47:00+00:00,1,5891.0,5891.25,5897.25,5886.0,25,20,2025-01-10 14:48:00+00:00,5885.75,stop,-275.0,-278.5,312.5
vwap_reversion,ES,time_of_day,2025-01-10,2025-01-10 14:49:00+00:00,1,5888.75,5889.0,5895.0,5883.75,25,20,2025-01-10 14:52:00+00:00,5895.0,target,300.0,296.5,312.5
vwap_reversion,ES,time_of_day,2025-01-13,2025-01-13 14:45:00+00:00,1,5822.5,5822.75,5828.75,5817.5,25,20,2025-01-13 14:49:00+00:00,5828.75,target,300.0,296.5,312.5
vwap_reversion,ES,time_of_day,2025-01-13,2025-01-13 14:50:00+00:00,1,5824.75,5825.0,5831.0,5819.75,25,20,2025-01-13 14:53:00+00:00,5831.0,target,300.0,296.5,312.5
vwap_reversion,ES,time_of_day,2025-01-13,2025-01-13 14:54:00+00:00,-1,5833.0,5832.75,5826.75,5838.0,25,20,2025-01-13 14:56:00+00:00,5838.25,stop,-275.0,-278.5,312.5
vwap_reversion,ES,time_of_day,2025-01-14,2025-01-14 14:45:00+00:00,-1,5905.5,5905.25,5899.25,5910.5,25,20,2025-01-14 14:47:00+00:00,5899.25,target,300.0,296.5,312.5
vwap_reversion,ES,time_of_day,2025-01-14,2025-01-14 14:48:00+00:00,-1,5899.25,5899.0,5893.0,5904.25,25,20,2025-01-14 14:52:00+00:00,5893.0,target,300.0,296.5,312.5
vwap_reversion,ES,time_of_day,2025-01-14,2025-01-14 14:53:00+00:00,-1,5886.5,5886.25,5880.25,5891.5,25,20,2025-01-14 14:59:00+00:00,5880.25,target,300.0,296.5,312.5
vwap_reversion,ES,time_of_day,2025-01-15,2025-01-15 14:45:00+00:00,-1,5974.0,5973.75,5967.75,5979.0,25,20,2025-01-15 14:48:00+00:00,5979.25,stop,-275.0,-278.5,312.5
vwap_reversion,ES,time_of_day,2025-01-15,2025-01-15 14:49:00+00:00,-1,5982.75,5982.5,5976.5,5987.75,25,20,2025-01-15 14:53:00+00:00,5976.5,target,300.0,296.5,312.5
vwap_reversion,ES,time_of_day,2025-01-15,2025-01-15 14:54:00+00:00,-1,5975.75,5975.5,5969.5,5980.75,25,20,2025-01-15 14:58:00+00:00,5981.0,stop,-275.0,-278.5,312.5
vwap_reversion,ES,time_of_day,2025-01-16,2025-01-16 14:46:00+00:00,1,5987.25,5987.5,5993.5,5982.25,25,20,2025-01-16 14:48:00+00:00,5982.0,stop,-275.0,-278.5,312.5
vwap_reversion,ES,time_of_day,2025-01-16,2025-01-16 14:49:00+00:00,1,5984.75,5985.0,5991.0,5979.75,25,20,2025-01-16 15:00:00+00:00,5979.5,stop,-275.0,-278.5,312.5
vwap_reversion,ES,time_of_day,2025-01-16,2025-01-16 15:01:00+00:00,1,5976.0,5976.25,5982.25,5971.0,25,20,2025-01-16 15:02:00+00:00,5982.25,target,300.0,296.5,312.5
vwap_reversion,ES,time_of_day,2025-01-17,2025-01-17 14:45:00+00:00,-1,6024.0,6023.75,6017.75,6029.0,25,20,2025-01-17 14:52:00+00:00,6029.25,stop,-275.0,-278.5,312.5
vwap_reversion,ES,time_of_day,2025-01-17,2025-01-17 14:53:00+00:00,-1,6025.0,6024.75,6018.75,6030.0,25,20,2025-01-17 14:59:00+00:00,6018.75,target,300.0,296.5,312.5
vwap_reversion,ES,time_of_day,2025-01-17,2025-01-17 15:00:00+00:00,-1,6024.25,6024.0,6018.0,6029.25,25,20,2025-01-17 15:02:00+00:00,6029.5,stop,-275.0,-278.5,312.5
vwap_reversion,ES,time_of_day,2025-01-20,2025-01-20 14:45:00+00:00,-1,6074.75,6074.5,6068.5,6079.75,25,20,2025-01-20 14:56:00+00:00,6068.5,target,300.0,296.5,312.5
vwap_reversion,ES,time_of_day,2025-01-20,2025-01-20 14:57:00+00:00,-1,6065.75,6065.5,6059.5,6070.75,25,20,2025-01-20 15:17:00+00:00,6059.5,target,300.0,296.5,312.5
vwap_reversion,ES,time_of_day,2025-01-20,2025-01-20 15:18:00+00:00,1,6060.75,6061.0,6067.0,6055.75,25,20,2025-01-20 15:20:00+00:00,6055.5,stop,-275.0,-278.5,312.5
vwap_reversion,ES,time_of_day,2025-01-21,2025-01-21 14:45:00+00:00,-1,6062.5,6062.25,6056.25,6067.5,25,20,2025-01-21 14:47:00+00:00,6067.75,stop,-275.0,-278.5,312.5
vwap_reversion,ES,time_of_day,2025-01-21,2025-01-21 14:48:00+00:00,-1,6070.75,6070.5,6064.5,6075.75,25,20,2025-01-21 14:53:00+00:00,6064.5,target,300.0,296.5,312.5
vwap_reversion,ES,time_of_day,2025-01-21,2025-01-21 14:54:00+00:00,1,6054.5,6054.75,6060.75,6049.5,25,20,2025-01-21 14:55:00+00:00,6060.75,target,300.0,296.5,312.5
vwap_reversion,ES,time_of_day,2025-01-22,2025-01-22 14:45:00+00:00,-1,6115.25,6115.0,6109.0,6120.25,25,20,2025-01-22 14:54:00+00:00,6120.5,stop,-275.0,-278.5,312.5
vwap_reversion,ES,time_of_day,2025-01-22,2025-01-22 14:55:00+00:00,-1,6122.25,6122.0,6116.0,6127.25,25,20,2025-01-22 15:17:00+00:00,6127.5,stop,-275.0,-278.5,312.5
vwap_reversion,ES,time_of_day,2025-01-22,2025-01-22 15:18:00+00:00,-1,6127.5,6127.25,6121.25,6132.5,25,20,2025-01-22 16:00:00+00:00,6121.25,target,300.0,296.5,312.5
vwap_reversion,ES,time_of_day,2025-01-23,2025-01-23 15:02:00+00:00,1,6114.25,6114.5,6120.5,6109.25,25,20,2025-01-23 15:44:00+00:00,6120.5,target,300.0,296.5,312.5
vwap_reversion,ES,time_of_day,2025-01-23,2025-01-23 15:45:00+00:00,-1,6122.25,6122.0,6116.0,6127.25,25,20,2025-01-23 16:01:00+00:00,6127.5,stop,-275.0,-278.5,312.5
vwap_reversion,ES,time_of_day,2025-01-23,2025-01-23 16:02:00+00:00,-1,6128.25,6128.0,6122.0,6133.25,25,20,2025-01-23 16:11:00+00:00,6122.0,target,300.0,296.5,312.5
vwap_reversion,ES,time_of_day,2025-01-24,2025-01-24 14:45:00+00:00,-1,6159.0,6158.75,6152.75,6164.0,25,20,2025-01-24 15:02:00+00:00,6152.75,target,300.0,296.5,312.5
vwap_reversion,ES,time_of_day,2025-01-24,2025-01-24 15:22:00+00:00,1,6147.5,6147.75,6153.75,6142.5,25,20,2025-01-24 16:36:00+00:00,6153.75,target,300.0,296.5,312.5
vwap_reversion,ES,time_of_day,2025-01-24,2025-01-24 18:30:00+00:00,1,6139.75,6140.0,6146.0,6134.75,25,20,2025-01-24 18:45:00+00:00,6134.5,stop,-275.0,-278.5,312.5
vwap_reversion,ES,time_of_day,2025-01-27,2025-01-27 14:45:00+00:00,1,6030.5,6030.75,6036.75,6025.5,25,20,2025-01-27 14:54:00+00:00,6036.75,target,300.0,296.5,312.5
vwap_reversion,ES,time_of_day,2025-01-27,2025-01-27 14:55:00+00:00,1,6031.5,6031.75,6037.75,6026.5,25,20,2025-01-27 14:59:00+00:00,6037.75,target,300.0,296.5,312.5
vwap_reversion,ES,time_of_day,2025-01-27,2025-01-27 15:00:00+00:00,-1,6036.0,6035.75,6029.75,6041.0,25,20,2025-01-27 15:03:00+00:00,6029.75,target,300.0,296.5,312.5
vwap_reversion,ES,time_of_day,2025-01-28,2025-01-28 14:45:00+00:00,1,6036.75,6037.0,6043.0,6031.75,25,20,2025-01-28 14:46:00+00:00,6031.5,stop,-275.0,-278.5,312.5
vwap_reversion,ES,time_of_day,2025-01-28,2025-01-28 14:47:00+00:00,1,6024.5,6024.75,6030.75,6019.5,25,20,2025-01-28 14:50:00+00:00,6030.75,target,300.0,296.5,312.5
vwap_reversion,ES,time_of_day,2025-01-28,2025-01-28 14:51:00+00:00,1,6033.0,6033.25,6039.25,6028.0,25,20,2025-01-28 14:56:00+00:00,6039.25,target,300.0,296.5,312.5
vwap_reversion,ES,time_of_day,2025-01-29,2025-01-29 14:45:00+00:00,1,6080.75,6081.0,6087.0,6075.75,25,20,2025-01-29 15:02:00+00:00,6087.0,target,300.0,296.5,312.5
vwap_reversion,ES,time_of_day,2025-01-29,2025-01-29 15:03:00+00:00,1,6085.5,6085.75,6091.75,6080.5,25,20,2025-01-29 15:12:00+00:00,6080.25,stop,-275.0,-278.5,312.5
vwap_reversion,ES,time_of_day,2025-01-29,2025-01-29 15:13:00+00:00,1,6081.75,6082.0,6088.0,6076.75,25,20,2025-01-29 15:24:00+00:00,6088.0,target,300.0,296.5,312.5
vwap_reversion,ES,time_of_day,2025-01-30,2025-01-30 14:45:00+00:00,-1,6095.25,6095.0,6089.0,6100.25,25,20,2025-01-30 14:47:00+00:00,6100.5,stop,-275.0,-278.5,312.5
vwap_reversion,ES,time_of_day,2025-01-30,2025-01-30 14:48:00+00:00,-1,6103.5,6103.25,6097.25,6108.5,25,20,2025-01-30 14:50:00+00:00,6108.75,stop,-275.0,-278.5,312.5
vwap_reversion,ES,time_of_day,2025-01-30,2025-01-30 14:51:00+00:00,-1,6108.25,6108.0,6102.0,6113.25,25,20,2025-01-30 14:53:00+00:00,6102.0,target,300.0,296.5,312.5
vwap_reversion,ES,time_of_day,2025-01-31,2025-01-31 14:45:00+00:00,-1,6122.5,6122.25,6116.25,6127.5,25,20,2025-01-31 14:49:00+00:00,6127.75,stop,-275.0,-278.5,312.5
vwap_reversion,ES,time_of_day,2025-01-31,2025-01-31 14:50:00+00:00,-1,6122.75,6122.5,6116.5,6127.75,25,20,2025-01-31 14:54:00+00:00,6128.0,stop,-275.0,-278.5,312.5
vwap_reversion,ES,time_of_day,2025-01-31,2025-01-31 14:55:00+00:00,-1,6127.75,6127.5,6121.5,6132.75,25,20,2025-01-31 15:01:00+00:00,6133.0,stop,-275.0,-278.5,312.5
vwap_reversion,ES,time_of_day,2025-02-03,2025-02-03 14:45:00+00:00,1,5976.25,5976.5,5982.5,5971.25,25,20,2025-02-03 14:46:00+00:00,5971.0,stop,-275.0,-278.5,312.5
vwap_reversion,ES,time_of_day,2025-02-03,2025-02-03 14:47:00+00:00,1,5975.5,5975.75,5981.75,5970.5,25,20,2025-02-03 14:48:00+00:00,5970.25,stop,-275.0,-278.5,312.5
vwap_reversion,ES,time_of_day,2025-02-03,2025-02-03 14:49:00+00:00,1,5972.5,5972.75,5978.75,5967.5,25,20,2025-02-03 14:52:00+00:00,5967.25,stop,-275.0,-278.5,312.5
vwap_reversion,ES,time_of_day,2025-02-04,2025-02-04 14:50:00+00:00,-1,6028.25,6028.0,6022.0,6033.25,25,20,2025-02-04 14:53:00+00:00,6033.5,stop,-275.0,-278.5,312.5
vwap_reversion,ES,time_of_day,2025-02-04,2025-02-04 14:54:00+00:00,-1,6034.75,6034.5,6028.5,6039.75,25,20,2025-02-04 15:00:00+00:00,6040.0,stop,-275.0,-278.5,312.5
vwap_reversion,ES,time_of_day,2025-02-04,2025-02-04 15:01:00+00:00,-1,6040.25,6040.0,6034.0,6045.25,25,20,2025-02-04 15:05:00+00:00,6045.5,stop,-275.0,-278.5,312.5
vwap_reversion,ES,time_of_day,2025-02-05,2025-02-05 14:45:00+00:00,1,6053.75,6054.0,6060.0,6048.75,25,20,2025-02-05 14:51:00+00:00,6048.5,stop,-275.0,-278.5,312.5
vwap_reversion,ES,time_of_day,2025-02-05,2025-02-05 14:52:00+00:00,1,6045.75,6046.0,6052.0,6040.75,25,20,2025-02-05 14:57:00+00:00,6040.5,stop,-275.0,-278.5,312.5
vwap_reversion,ES,time_of_day,2025-02-05,2025-02-05 14:58:00+00:00,1,6042.0,6042.25,6048.25,6037.0,25,20,2025-02-05 15:00:00+00:00,6048.25,target,300.0,296.5,312.5
vwap_reversion,ES,time_of_day,2025-02-06,2025-02-06 14:45:00+00:00,-1,6103.75,6103.5,6097.5,6108.75,25,20,2025-02-06 14:55:00+00:00,6097.5,target,300.0,296.5,312.5
vwap_reversion,ES,time_of_day,2025-02-06,2025-02-06 14:56:00+00:00,-1,6097.5,6097.25,6091.25,6102.5,25,20,2025-02-06 15:15:00+00:00,6102.75,stop,-275.0,-278.5,312.5
vwap_reversion,ES,time_of_day,2025-02-06,2025-02-06 15:16:00+00:00,-1,6102.5,6102.25,6096.25,6107.5,25,20,2025-02-06 15:24:00+00:00,6096.25,target,300.0,296.5,312.5
vwap_reversion,ES,time_of_day,2025-02-07,2025-02-07 14:45:00+00:00,-1,6118.25,6118.0,6112.0,6123.25,25,20,2025-02-07 14:54:00+00:00,6123.5,stop,-275.0,-278.5,312.5
vwap_reversion,ES,time_of_day,2025-02-07,2025-02-07 14:55:00+00:00,-1,6120.75,6120.5,6114.5,6125.75,25,20,2025-02-07 15:00:00+00:00,6114.5,target,300.0,296.5,312.5
vwap_reversion,ES,time_of_day,2025-02-07,2025-02-07 15:01:00+00:00,1,6104.0,6104.25,6110.25,6099.0,25,20,2025-02-07 15:02:00+00:00,6098.75,stop,-275.0,-278.5,312.5
vwap_reversion,ES,time_of_day,2025-02-10,2025-02-10 14:45:00+00:00,-1,6072.25,6072.0,6066.0,6077.25,25,20,2025-02-10 15:01:00+00:00,6077.5,stop,-275.0,-278.5,312.5
vwap_reversion,ES,time_of_day,2025-02-10,2025-02-10 15:02:00+00:00,-1,6077.75,6077.5,6071.5,6082.75,25,20,2025-02-10 15:05:00+00:00,6083.0,stop,-275.0,-278.5,312.5
vwap_reversion,ES,time_of_day,2025-02-10,2025-02-10 15:06:00+00:00,-1,6085.25,6085.0,6079.0,6090.25,25,20,2025-02-10 15:30:00+00:00,6090.5,stop,-275.0,-278.5,312.5
vwap_reversion,ES,time_of_day,2025-02-11,2025-02-11 14:45:00+00:00,1,6073.5,6073.75,6079.75,6068.5,25,20,2025-02-11 15:06:00+00:00,6068.25,stop,-275.0,-278.5,312.5
vwap_reversion,ES,time_of_day,2025-02-11,2025-02-11 15:07:00+00:00,1,6069.5,6069.75,6075.75,6064.5,25,20,2025-02-11 15:23:00+00:00,6075.75,target,300.0,296.5,312.5
vwap_reversion,ES,time_of_day,2025-02-11,2025-02-11 15:24:00+00:00,1,6075.0,6075.25,6081.25,6070.0,25,20,2025-02-11 15:28:00+00:00,6081.25,target,300.0,296.5,312.5
vwap_reversion,ES,time_of_day,2025-02-12,2025-02-12 14:45:00+00:00,-1,6044.75,6044.5,6038.5,6049.75,25,20,2025-02-12 14:47:00+00:00,6050.0,stop,-275.0,-278.5,312.5
vwap_reversion,ES,time_of_day,2025-02-12,2025-02-12 14:48:00+00:00,-1,6047.0,6046.75,6040.75,6052.0,25,20,2025-02-12 14:50:00+00:00,6052.25,stop,-275.0,-278.5,312.5
vwap_reversion,ES,time_of_day,2025-02-12,2025-02-12 14:51:00+00:00,-1,6052.0,6051.75,6045.75,6057.0,25,20,2025-02-12 15:01:00+00:00,6045.75,target,300.0,296.5,312.5
vwap_reversion,ES,time_of_day,2025-02-13,2025-02-13 14:45:00+00:00,-1,6082.0,6081.75,6075.75,6087.0,25,20,2025-02-13 14:57:00+00:00,6087.25,stop,-275.0,-278.5,312.5
vwap_reversion,ES,time_of_day,2025-02-13,2025-02-13 14:58:00+00:00,-1,6086.75,6086.5,6080.5,6091.75,25,20,2025-02-13 15:02:00+00:00,6092.0,stop,-275.0,-278.5,312.5
vwap_reversion,ES,time_of_day,2025-02-13,2025-02-13 15:03:00+00:00,-1,6092.25,6092.0,6086.0,6097.25,25,20,2025-02-13 15:07:00+00:00,6086.0,target,300.0,296.5,312.5
vwap_reversion,ES,time_of_day,2025-02-14,2025-02-14 14:45:00+00:00,-1,6139.75,6139.5,6133.5,6144.75,25,20,2025-02-14 15:09:00+00:00,6145.0,stop,-275.0,-278.5,312.5
vwap_reversion,ES,time_of_day,2025-02-14,2025-02-14 15:10:00+00:00,-1,6144.5,6144.25,6138.25,6149.5,25,20,2025-02-14 15:18:00+00:00,6138.25,target,300.0,296.5,312.5
vwap_reversion,ES,time_of_day,2025-02-14,2025-02-14 15:20:00+00:00,-1,6139.5,6139.25,6133.25,6144.5,25,20,2025-02-14 15:41:00+00:00,6133.25,target,300.0,296.5,312.5
vwap_reversion,ES,time_of_day,2025-02-17,2025-02-17 14:45:00+00:00,-1,6138.0,6137.75,6131.75,6143.0,25,20,2025-02-17 16:02:00+00:00,6143.25,stop,-275.0,-278.5,312.5
vwap_reversion,ES,time_of_day,2025-02-17,2025-02-17 16:03:00+00:00,-1,6143.0,6142.75,6136.75,6148.0,25,20,2025-02-17 17:59:00+00:00,6146.25,session_flatten,-175.0,-178.5,312.5
vwap_reversion,ES,time_of_day,2025-02-18,2025-02-18 14:45:00+00:00,1,6136.25,6136.5,6142.5,6131.25,25,20,2025-02-18 15:01:00+00:00,6131.0,stop,-275.0,-278.5,312.5
vwap_reversion,ES,time_of_day,2025-02-18,2025-02-18 15:02:00+00:00,1,6129.75,6130.0,6136.0,6124.75,25,20,2025-02-18 15:13:00+00:00,6136.0,target,300.0,296.5,312.5
vwap_reversion,ES,time_of_day,2025-02-18,2025-02-18 15:14:00+00:00,1,6135.75,6136.0,6142.0,6130.75,25,20,2025-02-18 15:16:00+00:00,6130.5,stop,-275.0,-278.5,312.5
vwap_reversion,ES,time_of_day,2025-02-19,2025-02-19 14:45:00+00:00,1,6135.5,6135.75,6141.75,6130.5,25,20,2025-02-19 14:49:00+00:00,6130.25,stop,-275.0,-278.5,312.5
vwap_reversion,ES,time_of_day,2025-02-19,2025-02-19 14:50:00+00:00,1,6131.75,6132.0,6138.0,6126.75,25,20,2025-02-19 15:31:00+00:00,6138.0,target,300.0,296.5,312.5
vwap_reversion,ES,time_of_day,2025-02-19,2025-02-19 15:32:00+00:00,1,6138.0,6138.25,6144.25,6133.0,25,20,2025-02-19 15:56:00+00:00,6132.75,stop,-275.0,-278.5,312.5
vwap_reversion,ES,time_of_day,2025-02-20,2025-02-20 14:45:00+00:00,1,6138.0,6138.25,6144.25,6133.0,25,20,2025-02-20 14:52:00+00:00,6132.75,stop,-275.0,-278.5,312.5
vwap_reversion,ES,time_of_day,2025-02-20,2025-02-20 14:53:00+00:00,1,6126.25,6126.5,6132.5,6121.25,25,20,2025-02-20 14:57:00+00:00,6121.0,stop,-275.0,-278.5,312.5
vwap_reversion,ES,time_of_day,2025-02-20,2025-02-20 14:58:00+00:00,1,6120.25,6120.5,6126.5,6115.25,25,20,2025-02-20 15:00:00+00:00,6115.0,stop,-275.0,-278.5,312.5
vwap_reversion,ES,time_of_day,2025-02-21,2025-02-21 14:45:00+00:00,1,6123.5,6123.75,6129.75,6118.5,25,20,2025-02-21 14:49:00+00:00,6118.25,stop,-275.0,-278.5,312.5
vwap_reversion,ES,time_of_day,2025-02-21,2025-02-21 14:50:00+00:00,1,6115.0,6115.25,6121.25,6110.0,25,20,2025-02-21 15:00:00+00:00,6109.75,stop,-275.0,-278.5,312.5
vwap_reversion,ES,time_of_day,2025-02-21,2025-02-21 15:01:00+00:00,1,6113.25,6113.5,6119.5,6108.25,25,20,2025-02-21 15:06:00+00:00,6108.0,stop,-275.0,-278.5,312.5
vwap_reversion,ES,time_of_day,2025-02-24,2025-02-24 14:45:00+00:00,-1,6041.75,6041.5,6035.5,6046.75,25,20,2025-02-24 14:49:00+00:00,6035.5,target,300.0,296.5,312.5
vwap_reversion,ES,time_of_day,2025-02-24,2025-02-24 14:50:00+00:00,1,6034.25,6034.5,6040.5,6029.25,25,20,2025-02-24 14:52:00+00:00,6029.0,stop,-275.0,-278.5,312.5
vwap_reversion,ES,time_of_day,2025-02-24,2025-02-24 14:53:00+00:00,1,6024.75,6025.0,6031.0,6019.75,25,20,2025-02-24 14:57:00+00:00,6019.5,stop,-275.0,-278.5,312.5
vwap_reversion,ES,time_of_day,2025-02-25,2025-02-25 14:45:00+00:00,1,5994.75,5995.0,6001.0,5989.75,25,20,2025-02-25 14:47:00+00:00,5989.5,stop,-275.0,-278.5,312.5
vwap_reversion,ES,time_of_day,2025-02-25,2025-02-25 14:48:00+00:00,1,5989.0,5989.25,5995.25,5984.0,25,20,2025-02-25 14:51:00+00:00,5983.75,stop,-275.0,-278.5,312.5
vwap_reversion,ES,time_of_day,2025-02-25,2025-02-25 14:52:00+00:00,1,5975.25,5975.5,5981.5,5970.25,25,20,2025-02-25 14:55:00+00:00,5981.5,target,300.0,296.5,312.5
vwap_reversion,ES,time_of_day,2025-02-26,2025-02-26 14:45:00+00:00,-1,5988.5,5988.25,5982.25,5993.5,25,20,2025-02-26 14:48:00+00:00,5993.75,stop,-275.0,-278.5,312.5
vwap_reversion,ES,time_of_day,2025-02-26,2025-02-26 14:49:00+00:00,-1,5999.5,5999.25,5993.25,6004.5,25,20,2025-02-26 14:52:00+00:00,6004.75,stop,-275.0,-278.5,312.5
vwap_reversion,ES,time_of_day,2025-02-26,2025-02-26 14:53:00+00:00,-1,6000.75,6000.5,5994.5,6005.75,25,20,2025-02-26 14:54:00+00:00,6006.0,stop,-275.0,-278.5,312.5
vwap_reversion,ES,time_of_day,2025-02-27,2025-02-27 14:45:00+00:00,-1,5987.75,5987.5,5981.5,5992.75,25,20,2025-02-27 14:48:00+00:00,5981.5,target,300.0,296.5,312.5
vwap_reversion,ES,time_of_day,2025-02-27,2025-02-27 14:49:00+00:00,-1,5982.25,5982.0,5976.0,5987.25,25,20,2025-02-27 14:51:00+00:00,5976.0,target,300.0,296.5,312.5
vwap_reversion,ES,time_of_day,2025-02-27,2025-02-27 14:52:00+00:00,1,5975.0,5975.25,5981.25,5970.0,25,20,2025-02-27 14:53:00+00:00,5969.75,stop,-275.0,-278.5,312.5
vwap_reversion,ES,time_of_day,2025-02-28,2025-02-28 14:48:00+00:00,-1,5881.75,5881.5,5875.5,5886.75,25,20,2025-02-28 14:49:00+00:00,5875.5,target,300.0,296.5,312.5
vwap_reversion,ES,time_of_day,2025-02-28,2025-02-28 14:51:00+00:00,-1,5883.5,5883.25,5877.25,5888.5,25,20,2025-02-28 14:55:00+00:00,5877.25,target,300.0,296.5,312.5
vwap_reversion,ES,time_of_day,2025-02-28,2025-02-28 14:59:00+00:00,-1,5884.0,5883.75,5877.75,5889.0,25,20,2025-02-28 15:00:00+00:00,5889.25,stop,-275.0,-278.5,312.5
vwap_reversion,ES,time_of_day,2025-03-03,2025-03-03 14:45:00+00:00,-1,5971.75,5971.5,5965.5,5976.75,25,20,2025-03-03 14:47:00+00:00,5977.0,stop,-275.0,-278.5,312.5
vwap_reversion,ES,time_of_day,2025-03-03,2025-03-03 14:48:00+00:00,1,5974.25,5974.5,5980.5,5969.25,25,20,2025-03-03 14:49:00+00:00,5969.0,stop,-275.0,-278.5,312.5
vwap_reversion,ES,time_of_day,2025-03-03,2025-03-03 14:50:00+00:00,1,5964.75,5965.0,5971.0,5959.75,25,20,2025-03-03 14:55:00+00:00,5959.5,stop,-275.0,-278.5,312.5
vwap_reversion,ES,time_of_day,2025-03-04,2025-03-04 14:45:00+00:00,1,5803.75,5804.0,5810.0,5798.75,25,20,2025-03-04 14:46:00+00:00,5810.0,target,300.0,296.5,312.5
vwap_reversion,ES,time_of_day,2025-03-04,2025-03-04 14:47:00+00:00,1,5810.75,5811.0,5817.0,5805.75,25,20,2025-03-04 14:48:00+00:00,5817.0,target,300.0,296.5,312.5
vwap_reversion,ES,time_of_day,2025-03-04,2025-03-04 14:49:00+00:00,1,5802.25,5802.5,5808.5,5797.25,25,20,2025-03-04 14:50:00+00:00,5797.0,stop,-275.0,-278.5,312.5
vwap_reversion,ES,time_of_day,2025-03-05,2025-03-05 14:45:00+00:00,-1,5807.5,5807.25,5801.25,5812.5,25,20,2025-03-05 14:46:00+00:00,5801.25,target,300.0,296.5,312.5
vwap_reversion,ES,time_of_day,2025-03-05,2025-03-05 14:49:00+00:00,1,5788.75,5789.0,5795.0,5783.75,25,20,2025-03-05 14:50:00+00:00,5795.0,target,300.0,296.5,312.5
vwap_reversion,ES,time_of_day,2025-03-05,2025-03-05 14:54:00+00:00,1,5787.0,5787.25,5793.25,5782.0,25,20,2025-03-05 14:56:00+00:00,5781.75,stop,-275.0,-278.5,312.5
vwap_reversion,ES,time_of_day,2025-03-06,2025-03-06 14:45:00+00:00,1,5760.5,5760.75,5766.75,5755.5,25,20,2025-03-06 14:48:00+00:00,5766.75,target,300.0,296.5,312.5
vwap_reversion,ES,time_of_day,2025-03-06,2025-03-06 14:49:00+00:00,1,5766.75,5767.0,5773.0,5761.75,25,20,2025-03-06 14:50:00+00:00,5773.0,target,300.0,296.5,312.5
vwap_reversion,ES,time_of_day,2025-03-06,2025-03-06 14:51:00+00:00,-1,5775.25,5775.0,5769.0,5780.25,25,20,2025-03-06 14:53:00+00:00,5769.0,target,300.0,296.5,312.5
vwap_reversion,ES,time_of_day,2025-03-07,2025-03-07 14:45:00+00:00,-1,5759.25,5759.0,5753.0,5764.25,25,20,2025-03-07 14:46:00+00:00,5764.5,stop,-275.0,-278.5,312.5
vwap_reversion,ES,time_of_day,2025-03-07,2025-03-07 14:47:00+00:00,-1,5764.75,5764.5,5758.5,5769.75,25,20,2025-03-07 14:48:00+00:00,5770.0,stop,-275.0,-278.5,312.5
vwap_reversion,ES,time_of_day,2025-03-07,2025-03-07 14:49:00+00:00,-1,5771.0,5770.75,5764.75,5776.0,25,20,2025-03-07 14:52:00+00:00,5776.25,stop,-275.0,-278.5,312.5
vwap_reversion,ES,time_of_day,2025-03-10,2025-03-10 13:45:00+00:00,-1,5707.25,5707.0,5701.0,5712.25,25,20,2025-03-10 13:47:00+00:00,5701.0,target,300.0,296.5,312.5
vwap_reversion,ES,time_of_day,2025-03-10,2025-03-10 13:48:00+00:00,1,5696.5,5696.75,5702.75,5691.5,25,20,2025-03-10 13:50:00+00:00,5702.75,target,300.0,296.5,312.5
vwap_reversion,ES,time_of_day,2025-03-10,2025-03-10 13:51:00+00:00,1,5693.0,5693.25,5699.25,5688.0,25,20,2025-03-10 13:53:00+00:00,5687.75,stop,-275.0,-278.5,312.5
vwap_reversion,ES,time_of_day,2025-03-11,2025-03-11 13:47:00+00:00,-1,5621.75,5621.5,5615.5,5626.75,25,20,2025-03-11 13:48:00+00:00,5627.0,stop,-275.0,-278.5,312.5
vwap_reversion,ES,time_of_day,2025-03-11,2025-03-11 13:49:00+00:00,-1,5630.0,5629.75,5623.75,5635.0,25,20,2025-03-11 13:51:00+00:00,5623.75,target,300.0,296.5,312.5
vwap_reversion,ES,time_of_day,2025-03-11,2025-03-11 13:54:00+00:00,1,5612.75,5613.0,5619.0,5607.75,25,20,2025-03-11 14:00:00+00:00,5607.5,stop,-275.0,-278.5,312.5
vwap_reversion,ES,time_of_day,2025-03-12,2025-03-12 13:45:00+00:00,1,5626.5,5626.75,5632.75,5621.5,25,20,2025-03-12 13:46:00+00:00,5621.25,stop,-275.0,-278.5,312.5
vwap_reversion,ES,time_of_day,2025-03-12,2025-03-12 13:47:00+00:00,1,5619.25,5619.5,5625.5,5614.25,25,20,2025-03-12 13:48:00+00:00,5614.0,stop,-275.0,-278.5,312.5
vwap_reversion,ES,time_of_day,2025-03-12,2025-03-12 13:49:00+00:00,1,5616.5,5616.75,5622.75,5611.5,25,20,2025-03-12 13:51:00+00:00,5622.75,target,300.0,296.5,312.5
vwap_reversion,ES,time_of_day,2025-03-13,2025-03-13 13:45:00+00:00,1,5587.0,5587.25,5593.25,5582.0,25,20,2025-03-13 13:47:00+00:00,5581.75,stop,-275.0,-278.5,312.5
vwap_reversion,ES,time_of_day,2025-03-13,2025-03-13 13:48:00+00:00,1,5583.25,5583.5,5589.5,5578.25,25,20,2025-03-13 13:50:00+00:00,5578.0,stop,-275.0,-278.5,312.5
vwap_reversion,ES,time_of_day,2025-03-13,2025-03-13 13:51:00+00:00,1,5577.5,5577.75,5583.75,5572.5,25,20,2025-03-13 13:53:00+00:00,5572.25,stop,-275.0,-278.5,312.5
vwap_reversion,ES,time_of_day,2025-03-14,2025-03-14 13:45:00+00:00,-1,5598.5,5598.25,5592.25,5603.5,25,20,2025-03-14 13:49:00+00:00,5603.75,stop,-275.0,-278.5,312.5
vwap_reversion,ES,time_of_day,2025-03-14,2025-03-14 13:50:00+00:00,-1,5603.75,5603.5,5597.5,5608.75,25,20,2025-03-14 13:53:00+00:00,5597.5,target,300.0,296.5,312.5
vwap_reversion,ES,time_of_day,2025-03-14,2025-03-14 13:54:00+00:00,-1,5607.0,5606.75,5600.75,5612.0,25,20,2025-03-14 13:57:00+00:00,5600.75,target,300.0,296.5,312.5
vwap_reversion,ES,time_of_day,2025-03-17,2025-03-17 13:45:00+00:00,-1,5671.25,5671.0,5665.0,5676.25,25,20,2025-03-17 13:48:00+00:00,5665.0,target,300.0,296.5,312.5
vwap_reversion,ES,time_of_day,2025-03-17,2025-03-17 13:49:00+00:00,-1,5658.0,5657.75,5651.75,5663.0,25,20,2025-03-17 13:51:00+00:00,5663.25,stop,-275.0,-278.5,312.5
vwap_reversion,ES,time_of_day,2025-03-17,2025-03-17 13:52:00+00:00,-1,5669.5,5669.25,5663.25,5674.5,25,20,2025-03-17 14:00:00+00:00,5663.25,target,300.0,296.5,312.5
vwap_reversion,ES,time_of_day,2025-03-18,2025-03-18 13:45:00+00:00,1,5625.5,5625.75,5631.75,5620.5,25,20,2025-03-18 13:49:00+00:00,5631.75,target,300.0,296.5,312.5
vwap_reversion,ES,time_of_day,2025-03-18,2025-03-18 13:50:00+00:00,1,5624.75,5625.0,5631.0,5619.75,25,20,2025-03-18 13:51:00+00:00,5631.0,target,300.0,296.5,312.5
vwap_reversion,ES,time_of_day,2025-03-18,2025-03-18 13:52:00+00:00,1,5625.0,5625.25,5631.25,5620.0,25,20,2025-03-18 13:55:00+00:00,5619.75,stop,-275.0,-278.5,312.5
vwap_reversion,ES,time_of_day,2025-03-19,2025-03-19 13:45:00+00:00,-1,5681.0,5680.75,5674.75,5686.0,25,20,2025-03-19 13:46:00+00:00,5686.25,stop,-275.0,-278.5,312.5
vwap_reversion,ES,time_of_day,2025-03-19,2025-03-19 13:47:00+00:00,-1,5692.75,5692.5,5686.5,5697.75,25,20,2025-03-19 13:53:00+00:00,5698.0,stop,-275.0,-278.5,312.5
vwap_reversion,ES,time_of_day,2025-03-19,2025-03-19 13:54:00+00:00,-1,5702.25,5702.0,5696.0,5707.25,25,20,2025-03-19 14:05:00+00:00,5707.5,stop,-275.0,-278.5,312.5
vwap_reversion,ES,time_of_day,2025-03-20,2025-03-20 13:45:00+00:00,-1,5713.75,5713.5,5707.5,5718.75,25,20,2025-03-20 13:53:00+00:00,5719.0,stop,-275.0,-278.5,312.5
vwap_reversion,ES,time_of_day,2025-03-20,2025-03-20 13:54:00+00:00,-1,5719.0,5718.75,5712.75,5724.0,25,20,2025-03-20 13:58:00+00:00,5724.25,stop,-275.0,-278.5,312.5
vwap_reversion,ES,time_of_day,2025-03-20,2025-03-20 13:59:00+00:00,1,5725.25,5725.5,5731.5,5720.25,25,20,2025-03-20 14:00:00+00:00,5731.5,target,300.0,296.5,312.5
vwap_reversion,ES,time_of_day,2025-03-21,2025-03-21 13:45:00+00:00,1,5666.0,5666.25,5672.25,5661.0,25,20,2025-03-21 13:46:00+00:00,5672.25,target,300.0,296.5,312.5
vwap_reversion,ES,time_of_day,2025-03-21,2025-03-21 13:47:00+00:00,1,5668.75,5669.0,5675.0,5663.75,25,20,2025-03-21 13:53:00+00:00,5663.5,stop,-275.0,-278.5,312.5
vwap_reversion,ES,time_of_day,2025-03-21,2025-03-21 13:54:00+00:00,1,5669.5,5669.75,5675.75,5664.5,25,20,2025-03-21 13:58:00+00:00,5675.75,target,300.0,296.5,312.5
vwap_reversion,ES,time_of_day,2025-03-24,2025-03-24 13:45:00+00:00,-1,5794.75,5794.5,5788.5,5799.75,25,20,2025-03-24 13:47:00+00:00,5800.0,stop,-275.0,-278.5,312.5
vwap_reversion,ES,time_of_day,2025-03-24,2025-03-24 13:48:00+00:00,-1,5799.25,5799.0,5793.0,5804.25,25,20,2025-03-24 13:57:00+00:00,5804.5,stop,-275.0,-278.5,312.5
vwap_reversion,ES,time_of_day,2025-03-24,2025-03-24 13:58:00+00:00,-1,5802.75,5802.5,5796.5,5807.75,25,20,2025-03-24 14:08:00+00:00,5796.5,target,300.0,296.5,312.5
vwap_reversion,ES,time_of_day,2025-03-25,2025-03-25 13:48:00+00:00,1,5816.25,5816.5,5822.5,5811.25,25,20,2025-03-25 13:56:00+00:00,5822.5,target,300.0,296.5,312.5
vwap_reversion,ES,time_of_day,2025-03-25,2025-03-25 14:02:00+00:00,1,5813.75,5814.0,5820.0,5808.75,25,20,2025-03-25 14:07:00+00:00,5820.0,target,300.0,296.5,312.5
vwap_reversion,ES,time_of_day,2025-03-25,2025-03-25 14:10:00+00:00,-1,5823.75,5823.5,5817.5,5828.75,25,20,2025-03-25 14:25:00+00:00,5829.0,stop,-275.0,-278.5,312.5
vwap_reversion,ES,time_of_day,2025-03-26,2025-03-26 13:49:00+00:00,1,5821.25,5821.5,5827.5,5816.25,25,20,2025-03-26 13:53:00+00:00,5816.0,stop,-275.0,-278.5,312.5
vwap_reversion,ES,time_of_day,2025-03-26,2025-03-26 13:54:00+00:00,1,5816.0,5816.25,5822.25,5811.0,25,20,2025-03-26 13:57:00+00:00,5810.75,stop,-275.0,-278.5,312.5
vwap_reversion,ES,time_of_day,2025-03-26,2025-03-26 13:58:00+00:00,1,5810.75,5811.0,5817.0,5805.75,25,20,2025-03-26 14:02:00+00:00,5817.0,target,300.0,296.5,312.5
vwap_reversion,ES,time_of_day,2025-03-27,2025-03-27 13:45:00+00:00,1,5729.0,5729.25,5735.25,5724.0,25,20,2025-03-27 13:49:00+00:00,5735.25,target,300.0,296.5,312.5
vwap_reversion,ES,time_of_day,2025-03-27,2025-03-27 13:50:00+00:00,-1,5741.25,5741.0,5735.0,5746.25,25,20,2025-03-27 13:53:00+00:00,5735.0,target,300.0,296.5,312.5
vwap_reversion,ES,time_of_day,2025-03-27,2025-03-27 13:54:00+00:00,1,5748.5,5748.75,5754.75,5743.5,25,20,2025-03-27 13:56:00+00:00,5754.75,target,300.0,296.5,312.5
vwap_reversion,ES,time_of_day,2025-03-28,2025-03-28 13:45:00+00:00,1,5718.75,5719.0,5725.0,5713.75,25,20,2025-03-28 13:51:00+00:00,5713.5,stop,-275.0,-278.5,312.5
vwap_reversion,ES,time_of_day,2025-03-28,2025-03-28 13:52:00+00:00,1,5710.5,5710.75,5716.75,5705.5,25,20,2025-03-28 13:59:00+00:00,5705.25,stop,-275.0,-278.5,312.5
vwap_reversion,ES,time_of_day,2025-03-28,2025-03-28 14:00:00+00:00,1,5706.5,5706.75,5712.75,5701.5,25,20,2025-03-28 14:05:00+00:00,5701.25,stop,-275.0,-278.5,312.5
vwap_reversion,ES,time_of_day,2025-03-31,2025-03-31 13:45:00+00:00,1,5535.5,5535.75,5541.75,5530.5,25,20,2025-03-31 13:46:00+00:00,5541.75,target,300.0,296.5,312.5
vwap_reversion,ES,time_of_day,2025-03-31,2025-03-31 13:47:00+00:00,1,5539.5,5539.75,5545.75,5534.5,25,20,2025-03-31 13:50:00+00:00,5545.75,target,300.0,296.5,312.5
vwap_reversion,ES,time_of_day,2025-03-31,2025-03-31 13:51:00+00:00,1,5552.25,5552.5,5558.5,5547.25,25,20,2025-03-31 13:54:00+00:00,5558.5,target,300.0,296.5,312.5
vwap_reversion,ES,time_of_day,2025-04-01,2025-04-01 13:45:00+00:00,1,5633.5,5633.75,5639.75,5628.5,25,20,2025-04-01 13:47:00+00:00,5639.75,target,300.0,296.5,312.5
vwap_reversion,ES,time_of_day,2025-04-01,2025-04-01 13:48:00+00:00,-1,5648.25,5648.0,5642.0,5653.25,25,20,2025-04-01 13:55:00+00:00,5642.0,target,300.0,296.5,312.5
vwap_reversion,ES,time_of_day,2025-04-01,2025-04-01 13:56:00+00:00,1,5635.75,5636.0,5642.0,5630.75,25,20,2025-04-01 13:58:00+00:00,5642.0,target,300.0,296.5,312.5
vwap_reversion,ES,time_of_day,2025-04-02,2025-04-02 13:45:00+00:00,-1,5654.5,5654.25,5648.25,5659.5,25,20,2025-04-02 13:51:00+00:00,5659.75,stop,-275.0,-278.5,312.5
vwap_reversion,ES,time_of_day,2025-04-02,2025-04-02 13:52:00+00:00,1,5659.25,5659.5,5665.5,5654.25,25,20,2025-04-02 13:53:00+00:00,5654.0,stop,-275.0,-278.5,312.5
vwap_reversion,ES,time_of_day,2025-04-02,2025-04-02 13:54:00+00:00,-1,5649.0,5648.75,5642.75,5654.0,25,20,2025-04-02 13:56:00+00:00,5654.25,stop,-275.0,-278.5,312.5
vwap_reversion,ES,time_of_day,2025-04-03,2025-04-03 13:45:00+00:00,1,5516.5,5516.75,5522.75,5511.5,25,20,2025-04-03 13:46:00+00:00,5522.75,target,300.0,296.5,312.5
vwap_reversion,ES,time_of_day,2025-04-03,2025-04-03 13:47:00+00:00,1,5512.25,5512.5,5518.5,5507.25,25,20,2025-04-03 13:48:00+00:00,5518.5,target,300.0,296.5,312.5
vwap_reversion,ES,time_of_day,2025-04-03,2025-04-03 13:49:00+00:00,1,5513.25,5513.5,5519.5,5508.25,25,20,2025-04-03 13:50:00+00:00,5519.5,target,300.0,296.5,312.5
vwap_reversion,ES,time_of_day,2025-04-04,2025-04-04 13:45:00+00:00,1,5267.25,5267.5,5273.5,5262.25,25,20,2025-04-04 13:46:00+00:00,5273.5,target,300.0,296.5,312.5
vwap_reversion,ES,time_of_day,2025-04-04,2025-04-04 13:47:00+00:00,1,5279.0,5279.25,5285.25,5274.0,25,20,2025-04-04 13:48:00+00:00,5285.25,target,300.0,296.5,312.5
vwap_reversion,ES,time_of_day,2025-04-04,2025-04-04 13:49:00+00:00,1,5267.25,5267.5,5273.5,5262.25,25,20,2025-04-04 13:50:00+00:00,5273.5,target,300.0,296.5,312.5
vwap_reversion,ES,time_of_day,2025-04-07,2025-04-07 13:45:00+00:00,1,4884.0,4884.25,4890.25,4879.0,25,20,2025-04-07 13:46:00+00:00,4890.25,target,300.0,296.5,312.5
vwap_reversion,ES,time_of_day,2025-04-07,2025-04-07 13:47:00+00:00,-1,4924.5,4924.25,4918.25,4929.5,25,20,2025-04-07 13:48:00+00:00,4929.75,stop,-275.0,-278.5,312.5
vwap_reversion,ES,time_of_day,2025-04-07,2025-04-07 13:49:00+00:00,-1,4927.75,4927.5,4921.5,4932.75,25,20,2025-04-07 13:50:00+00:00,4933.0,stop,-275.0,-278.5,312.5
vwap_reversion,ES,time_of_day,2025-04-08,2025-04-08 13:45:00+00:00,-1,5256.5,5256.25,5250.25,5261.5,25,20,2025-04-08 13:46:00+00:00,5261.75,stop,-275.0,-278.5,312.5
vwap_reversion,ES,time_of_day,2025-04-08,2025-04-08 13:47:00+00:00,-1,5263.75,5263.5,5257.5,5268.75,25,20,2025-04-08 13:48:00+00:00,5257.5,target,300.0,296.5,312.5
vwap_reversion,ES,time_of_day,2025-04-08,2025-04-08 13:49:00+00:00,-1,5247.25,5247.0,5241.0,5252.25,25,20,2025-04-08 13:50:00+00:00,5252.5,stop,-275.0,-278.5,312.5
vwap_reversion,ES,time_of_day,2025-04-09,2025-04-09 13:48:00+00:00,-1,5024.75,5024.5,5018.5,5029.75,25,20,2025-04-09 13:49:00+00:00,5030.0,stop,-275.0,-278.5,312.5
vwap_reversion,ES,time_of_day,2025-04-09,2025-04-09 13:50:00+00:00,-1,5034.75,5034.5,5028.5,5039.75,25,20,2025-04-09 13:51:00+00:00,5040.0,stop,-275.0,-278.5,312.5
vwap_reversion,ES,time_of_day,2025-04-09,2025-04-09 13:52:00+00:00,-1,5048.75,5048.5,5042.5,5053.75,25,20,2025-04-09 13:53:00+00:00,5054.0,stop,-275.0,-278.5,312.5
vwap_reversion,ES,time_of_day,2025-04-10,2025-04-10 13:45:00+00:00,1,5366.0,5366.25,5372.25,5361.0,25,20,2025-04-10 13:46:00+00:00,5372.25,target,300.0,296.5,312.5
vwap_reversion,ES,time_of_day,2025-04-10,2025-04-10 13:47:00+00:00,1,5368.5,5368.75,5374.75,5363.5,25,20,2025-04-10 13:48:00+00:00,5374.75,target,300.0,296.5,312.5
vwap_reversion,ES,time_of_day,2025-04-10,2025-04-10 13:49:00+00:00,-1,5376.75,5376.5,5370.5,5381.75,25,20,2025-04-10 13:50:00+00:00,5382.0,stop,-275.0,-278.5,312.5
vwap_reversion,ES,time_of_day,2025-04-11,2025-04-11 13:45:00+00:00,-1,5313.25,5313.0,5307.0,5318.25,25,20,2025-04-11 13:46:00+00:00,5318.5,stop,-275.0,-278.5,312.5
vwap_reversion,ES,time_of_day,2025-04-11,2025-04-11 13:47:00+00:00,-1,5327.25,5327.0,5321.0,5332.25,25,20,2025-04-11 13:48:00+00:00,5332.5,stop,-275.0,-278.5,312.5
vwap_reversion,ES,time_of_day,2025-04-11,2025-04-11 13:49:00+00:00,-1,5324.0,5323.75,5317.75,5329.0,25,20,2025-04-11 13:50:00+00:00,5329.25,stop,-275.0,-278.5,312.5
vwap_reversion,ES,time_of_day,2025-04-14,2025-04-14 13:45:00+00:00,1,5462.5,5462.75,5468.75,5457.5,25,20,2025-04-14 13:46:00+00:00,5457.25,stop,-275.0,-278.5,312.5
vwap_reversion,ES,time_of_day,2025-04-14,2025-04-14 13:47:00+00:00,1,5453.5,5453.75,5459.75,5448.5,25,20,2025-04-14 13:49:00+00:00,5459.75,target,300.0,296.5,312.5
vwap_reversion,ES,time_of_day,2025-04-14,2025-04-14 13:50:00+00:00,-1,5468.25,5468.0,5462.0,5473.25,25,20,2025-04-14 13:51:00+00:00,5462.0,target,300.0,296.5,312.5
vwap_reversion,ES,time_of_day,2025-04-15,2025-04-15 13:45:00+00:00,-1,5465.5,5465.25,5459.25,5470.5,25,20,2025-04-15 13:46:00+00:00,5470.75,stop,-275.0,-278.5,312.5
vwap_reversion,ES,time_of_day,2025-04-15,2025-04-15 13:47:00+00:00,-1,5470.75,5470.5,5464.5,5475.75,25,20,2025-04-15 13:48:00+00:00,5476.0,stop,-275.0,-278.5,312.5
vwap_reversion,ES,time_of_day,2025-04-15,2025-04-15 13:49:00+00:00,-1,5473.5,5473.25,5467.25,5478.5,25,20,2025-04-15 13:51:00+00:00,5478.75,stop,-275.0,-278.5,312.5
vwap_reversion,ES,time_of_day,2025-04-16,2025-04-16 13:45:00+00:00,1,5370.25,5370.5,5376.5,5365.25,25,20,2025-04-16 13:48:00+00:00,5365.0,stop,-275.0,-278.5,312.5
vwap_reversion,ES,time_of_day,2025-04-16,2025-04-16 13:49:00+00:00,1,5367.25,5367.5,5373.5,5362.25,25,20,2025-04-16 13:51:00+00:00,5362.0,stop,-275.0,-278.5,312.5
vwap_reversion,ES,time_of_day,2025-04-16,2025-04-16 13:52:00+00:00,1,5358.5,5358.75,5364.75,5353.5,25,20,2025-04-16 13:54:00+00:00,5353.25,stop,-275.0,-278.5,312.5
vwap_reversion,ES,time_of_day,2025-04-17,2025-04-17 13:45:00+00:00,-1,5321.0,5320.75,5314.75,5326.0,25,20,2025-04-17 13:46:00+00:00,5314.75,target,300.0,296.5,312.5
vwap_reversion,ES,time_of_day,2025-04-17,2025-04-17 13:47:00+00:00,-1,5315.75,5315.5,5309.5,5320.75,25,20,2025-04-17 13:49:00+00:00,5321.0,stop,-275.0,-278.5,312.5
vwap_reversion,ES,time_of_day,2025-04-17,2025-04-17 13:50:00+00:00,-1,5331.75,5331.5,5325.5,5336.75,25,20,2025-04-17 13:53:00+00:00,5337.0,stop,-275.0,-278.5,312.5
vwap_reversion,ES,time_of_day,2025-04-21,2025-04-21 13:45:00+00:00,1,5239.0,5239.25,5245.25,5234.0,25,20,2025-04-21 13:47:00+00:00,5233.75,stop,-275.0,-278.5,312.5
vwap_reversion,ES,time_of_day,2025-04-21,2025-04-21 13:48:00+00:00,1,5240.0,5240.25,5246.25,5235.0,25,20,2025-04-21 13:52:00+00:00,5234.75,stop,-275.0,-278.5,312.5
vwap_reversion,ES,time_of_day,2025-04-21,2025-04-21 13:53:00+00:00,1,5232.25,5232.5,5238.5,5227.25,25,20,2025-04-21 13:57:00+00:00,5227.0,stop,-275.0,-278.5,312.5
vwap_reversion,ES,time_of_day,2025-04-22,2025-04-22 13:45:00+00:00,-1,5266.5,5266.25,5260.25,5271.5,25,20,2025-04-22 13:50:00+00:00,5260.25,target,300.0,296.5,312.5
vwap_reversion,ES,time_of_day,2025-04-22,2025-04-22 13:51:00+00:00,-1,5256.75,5256.5,5250.5,5261.75,25,20,2025-04-22 13:58:00+00:00,5262.0,stop,-275.0,-278.5,312.5
vwap_reversion,ES,time_of_day,2025-04-22,2025-04-22 13:59:00+00:00,-1,5264.0,5263.75,5257.75,5269.0,25,20,2025-04-22 14:05:00+00:00,5269.25,stop,-275.0,-278.5,312.5
vwap_reversion,ES,time_of_day,2025-04-23,2025-04-23 13:45:00+00:00,-1,5479.0,5478.75,5472.75,5484.0,25,20,2025-04-23 13:46:00+00:00,5484.25,stop,-275.0,-278.5,312.5
vwap_reversion,ES,time_of_day,2025-04-23,2025-04-23 13:47:00+00:00,-1,5482.75,5482.5,5476.5,5487.75,25,20,2025-04-23 13:48:00+00:00,5488.0,stop,-275.0,-278.5,312.5
vwap_reversion,ES,time_of_day,2025-04-23,2025-04-23 13:49:00+00:00,-1,5488.75,5488.5,5482.5,5493.75,25,20,2025-04-23 13:51:00+00:00,5494.0,stop,-275.0,-278.5,312.5
vwap_reversion,ES,time_of_day,2025-04-24,2025-04-24 13:45:00+00:00,-1,5422.75,5422.5,5416.5,5427.75,25,20,2025-04-24 13:46:00+00:00,5428.0,stop,-275.0,-278.5,312.5
vwap_reversion,ES,time_of_day,2025-04-24,2025-04-24 13:47:00+00:00,-1,5427.0,5426.75,5420.75,5432.0,25,20,2025-04-24 13:53:00+00:00,5432.25,stop,-275.0,-278.5,312.5
vwap_reversion,ES,time_of_day,2025-04-24,2025-04-24 13:54:00+00:00,-1,5432.0,5431.75,5425.75,5437.0,25,20,2025-04-24 13:57:00+00:00,5437.25,stop,-275.0,-278.5,312.5
vwap_reversion,ES,time_of_day,2025-04-25,2025-04-25 13:46:00+00:00,1,5503.25,5503.5,5509.5,5498.25,25,20,2025-04-25 13:47:00+00:00,5498.0,stop,-275.0,-278.5,312.5
vwap_reversion,ES,time_of_day,2025-04-25,2025-04-25 13:48:00+00:00,1,5500.0,5500.25,5506.25,5495.0,25,20,2025-04-25 13:51:00+00:00,5494.75,stop,-275.0,-278.5,312.5
vwap_reversion,ES,time_of_day,2025-04-25,2025-04-25 13:52:00+00:00,1,5494.75,5495.0,5501.0,5489.75,25,20,2025-04-25 14:00:00+00:00,5501.0,target,300.0,296.5,312.5
vwap_reversion,ES,time_of_day,2025-04-28,2025-04-28 13:45:00+00:00,-1,5574.75,5574.5,5568.5,5579.75,25,20,2025-04-28 13:49:00+00:00,5568.5,target,300.0,296.5,312.5
vwap_reversion,ES,time_of_day,2025-04-28,2025-04-28 13:50:00+00:00,-1,5566.25,5566.0,5560.0,5571.25,25,20,2025-04-28 13:54:00+00:00,5560.0,target,300.0,296.5,312.5
vwap_reversion,ES,time_of_day,2025-04-28,2025-04-28 13:55:00+00:00,-1,5556.75,5556.5,5550.5,5561.75,25,20,2025-04-28 13:58:00+00:00,5550.5,target,300.0,296.5,312.5
vwap_reversion,ES,time_of_day,2025-04-29,2025-04-29 13:45:00+00:00,-1,5546.75,5546.5,5540.5,5551.75,25,20,2025-04-29 13:47:00+00:00,5552.0,stop,-275.0,-278.5,312.5
vwap_reversion,ES,time_of_day,2025-04-29,2025-04-29 13:48:00+00:00,-1,5552.5,5552.25,5546.25,5557.5,25,20,2025-04-29 13:50:00+00:00,5557.75,stop,-275.0,-278.5,312.5
vwap_reversion,ES,time_of_day,2025-04-29,2025-04-29 13:51:00+00:00,-1,5552.25,5552.0,5546.0,5557.25,25,20,2025-04-29 13:55:00+00:00,5546.0,target,300.0,296.5,312.5
vwap_reversion,ES,time_of_day,2025-04-30,2025-04-30 13:45:00+00:00,1,5476.0,5476.25,5482.25,5471.0,25,20,2025-04-30 13:46:00+00:00,5470.75,stop,-275.0,-278.5,312.5
vwap_reversion,ES,time_of_day,2025-04-30,2025-04-30 13:47:00+00:00,1,5477.0,5477.25,5483.25,5472.0,25,20,2025-04-30 13:48:00+00:00,5483.25,target,300.0,296.5,312.5
vwap_reversion,ES,time_of_day,2025-04-30,2025-04-30 13:49:00+00:00,1,5482.75,5483.0,5489.0,5477.75,25,20,2025-04-30 13:50:00+00:00,5477.5,stop,-275.0,-278.5,312.5
vwap_reversion,ES,time_of_day,2025-05-01,2025-05-01 13:45:00+00:00,-1,5642.0,5641.75,5635.75,5647.0,25,20,2025-05-01 13:47:00+00:00,5647.25,stop,-275.0,-278.5,312.5
vwap_reversion,ES,time_of_day,2025-05-01,2025-05-01 13:48:00+00:00,-1,5649.25,5649.0,5643.0,5654.25,25,20,2025-05-01 13:51:00+00:00,5654.5,stop,-275.0,-278.5,312.5
vwap_reversion,ES,time_of_day,2025-05-01,2025-05-01 13:52:00+00:00,-1,5652.5,5652.25,5646.25,5657.5,25,20,2025-05-01 13:55:00+00:00,5646.25,target,300.0,296.5,312.5
vwap_reversion,ES,time_of_day,2025-05-02,2025-05-02 13:45:00+00:00,-1,5687.5,5687.25,5681.25,5692.5,25,20,2025-05-02 13:46:00+00:00,5681.25,target,300.0,296.5,312.5
vwap_reversion,ES,time_of_day,2025-05-02,2025-05-02 13:47:00+00:00,1,5678.25,5678.5,5684.5,5673.25,25,20,2025-05-02 13:51:00+00:00,5673.0,stop,-275.0,-278.5,312.5
vwap_reversion,ES,time_of_day,2025-05-02,2025-05-02 13:52:00+00:00,1,5668.0,5668.25,5674.25,5663.0,25,20,2025-05-02 13:54:00+00:00,5674.25,target,300.0,296.5,312.5
vwap_reversion,ES,time_of_day,2025-05-05,2025-05-05 13:45:00+00:00,1,5662.0,5662.25,5668.25,5657.0,25,20,2025-05-05 13:52:00+00:00,5656.75,stop,-275.0,-278.5,312.5
vwap_reversion,ES,time_of_day,2025-05-05,2025-05-05 13:53:00+00:00,1,5659.0,5659.25,5665.25,5654.0,25,20,2025-05-05 13:55:00+00:00,5665.25,target,300.0,296.5,312.5
vwap_reversion,ES,time_of_day,2025-05-05,2025-05-05 13:56:00+00:00,1,5668.25,5668.5,5674.5,5663.25,25,20,2025-05-05 14:00:00+00:00,5674.5,target,300.0,296.5,312.5
vwap_reversion,ES,time_of_day,2025-05-06,2025-05-06 13:45:00+00:00,1,5629.75,5630.0,5636.0,5624.75,25,20,2025-05-06 13:46:00+00:00,5624.5,stop,-275.0,-278.5,312.5
vwap_reversion,ES,time_of_day,2025-05-06,2025-05-06 13:47:00+00:00,1,5621.25,5621.5,5627.5,5616.25,25,20,2025-05-06 13:49:00+00:00,5616.0,stop,-275.0,-278.5,312.5
vwap_reversion,ES,time_of_day,2025-05-06,2025-05-06 13:50:00+00:00,1,5613.5,5613.75,5619.75,5608.5,25,20,2025-05-06 13:51:00+00:00,5608.25,stop,-275.0,-278.5,312.5
vwap_reversion,ES,time_of_day,2025-05-07,2025-05-07 13:45:00+00:00,-1,5645.0,5644.75,5638.75,5650.0,25,20,2025-05-07 13:48:00+00:00,5638.75,target,300.0,296.5,312.5
vwap_reversion,ES,time_of_day,2025-05-07,2025-05-07 13:49:00+00:00,-1,5636.25,5636.0,5630.0,5641.25,25,20,2025-05-07 13:51:00+00:00,5641.5,stop,-275.0,-278.5,312.5
vwap_reversion,ES,time_of_day,2025-05-07,2025-05-07 13:52:00+00:00,-1,5641.25,5641.0,5635.0,5646.25,25,20,2025-05-07 13:55:00+00:00,5646.5,stop,-275.0,-278.5,312.5
vwap_reversion,ES,time_of_day,2025-05-08,2025-05-08 13:45:00+00:00,-1,5681.5,5681.25,5675.25,5686.5,25,20,2025-05-08 13:48:00+00:00,5675.25,target,300.0,296.5,312.5
vwap_reversion,ES,time_of_day,2025-05-08,2025-05-08 13:49:00+00:00,1,5674.75,5675.0,5681.0,5669.75,25,20,2025-05-08 13:56:00+00:00,5681.0,target,300.0,296.5,312.5
vwap_reversion,ES,time_of_day,2025-05-08,2025-05-08 13:57:00+00:00,-1,5682.25,5682.0,5676.0,5687.25,25,20,2025-05-08 13:58:00+00:00,5676.0,target,300.0,296.5,312.5
vwap_reversion,ES,time_of_day,2025-05-09,2025-05-09 13:46:00+00:00,-1,5701.0,5700.75,5694.75,5706.0,25,20,2025-05-09 13:52:00+00:00,5694.75,target,300.0,296.5,312.5
vwap_reversion,ES,time_of_day,2025-05-09,2025-05-09 13:53:00+00:00,1,5695.5,5695.75,5701.75,5690.5,25,20,2025-05-09 13:55:00+00:00,5701.75,target,300.0,296.5,312.5
vwap_reversion,ES,time_of_day,2025-05-09,2025-05-09 13:56:00+00:00,-1,5700.25,5700.0,5694.0,5705.25,25,20,2025-05-09 13:58:00+00:00,5705.5,stop,-275.0,-278.5,312.5
vwap_reversion,ES,time_of_day,2025-05-12,2025-05-12 13:45:00+00:00,-1,5824.75,5824.5,5818.5,5829.75,25,20,2025-05-12 13:51:00+00:00,5830.0,stop,-275.0,-278.5,312.5
vwap_reversion,ES,time_of_day,2025-05-12,2025-05-12 13:52:00+00:00,-1,5832.25,5832.0,5826.0,5837.25,25,20,2025-05-12 13:54:00+00:00,5837.5,stop,-275.0,-278.5,312.5
vwap_reversion,ES,time_of_day,2025-05-12,2025-05-12 13:55:00+00:00,-1,5827.0,5826.75,5820.75,5832.0,25,20,2025-05-12 14:01:00+00:00,5820.75,target,300.0,296.5,312.5
vwap_reversion,ES,time_of_day,2025-05-13,2025-05-13 13:45:00+00:00,-1,5879.0,5878.75,5872.75,5884.0,25,20,2025-05-13 13:52:00+00:00,5884.25,stop,-275.0,-278.5,312.5
vwap_reversion,ES,time_of_day,2025-05-13,2025-05-13 13:53:00+00:00,-1,5881.0,5880.75,5874.75,5886.0,25,20,2025-05-13 13:56:00+00:00,5886.25,stop,-275.0,-278.5,312.5
vwap_reversion,ES,time_of_day,2025-05-13,2025-05-13 13:57:00+00:00,-1,5889.0,5888.75,5882.75,5894.0,25,20,2025-05-13 14:07:00+00:00,5894.25,stop,-275.0,-278.5,312.5
vwap_reversion,ES,time_of_day,2025-05-14,2025-05-14 13:45:00+00:00,1,5911.5,5911.75,5917.75,5906.5,25,20,2025-05-14 13:47:00+00:00,5906.25,stop,-275.0,-278.5,312.5
vwap_reversion,ES,time_of_day,2025-05-14,2025-05-14 13:48:00+00:00,1,5903.25,5903.5,5909.5,5898.25,25,20,2025-05-14 13:52:00+00:00,5909.5,target,300.0,296.5,312.5
vwap_reversion,ES,time_of_day,2025-05-14,2025-05-14 13:53:00+00:00,1,5903.0,5903.25,5909.25,5898.0,25,20,2025-05-14 13:59:00+00:00,5909.25,target,300.0,296.5,312.5
vwap_reversion,ES,time_of_day,2025-05-15,2025-05-15 13:45:00+00:00,1,5894.0,5894.25,5900.25,5889.0,25,20,2025-05-15 13:46:00+00:00,5888.75,stop,-275.0,-278.5,312.5
vwap_reversion,ES,time_of_day,2025-05-15,2025-05-15 13:47:00+00:00,1,5889.25,5889.5,5895.5,5884.25,25,20,2025-05-15 13:56:00+00:00,5895.5,target,300.0,296.5,312.5
vwap_reversion,ES,time_of_day,2025-05-15,2025-05-15 13:57:00+00:00,1,5892.5,5892.75,5898.75,5887.5,25,20,2025-05-15 14:00:00+00:00,5898.75,target,300.0,296.5,312.5
vwap_reversion,ES,time_of_day,2025-05-16,2025-05-16 13:56:00+00:00,-1,5945.25,5945.0,5939.0,5950.25,25,20,2025-05-16 14:00:00+00:00,5939.0,target,300.0,296.5,312.5
vwap_reversion,ES,time_of_day,2025-05-16,2025-05-16 14:18:00+00:00,-1,5945.25,5945.0,5939.0,5950.25,25,20,2025-05-16 14:30:00+00:00,5939.0,target,300.0,296.5,312.5
vwap_reversion,ES,time_of_day,2025-05-16,2025-05-16 14:41:00+00:00,1,5932.25,5932.5,5938.5,5927.25,25,20,2025-05-16 14:44:00+00:00,5927.0,stop,-275.0,-278.5,312.5
vwap_reversion,ES,time_of_day,2025-05-19,2025-05-19 13:45:00+00:00,-1,5934.75,5934.5,5928.5,5939.75,25,20,2025-05-19 13:47:00+00:00,5940.0,stop,-275.0,-278.5,312.5
vwap_reversion,ES,time_of_day,2025-05-19,2025-05-19 13:48:00+00:00,-1,5943.0,5942.75,5936.75,5948.0,25,20,2025-05-19 14:01:00+00:00,5948.25,stop,-275.0,-278.5,312.5
vwap_reversion,ES,time_of_day,2025-05-19,2025-05-19 14:02:00+00:00,-1,5951.75,5951.5,5945.5,5956.75,25,20,2025-05-19 14:06:00+00:00,5957.0,stop,-275.0,-278.5,312.5
vwap_reversion,ES,time_of_day,2025-05-20,2025-05-20 13:45:00+00:00,1,5961.5,5961.75,5967.75,5956.5,25,20,2025-05-20 13:47:00+00:00,5956.25,stop,-275.0,-278.5,312.5
vwap_reversion,ES,time_of_day,2025-05-20,2025-05-20 13:48:00+00:00,1,5955.25,5955.5,5961.5,5950.25,25,20,2025-05-20 13:52:00+00:00,5961.5,target,300.0,296.5,312.5
vwap_reversion,ES,time_of_day,2025-05-20,2025-05-20 13:53:00+00:00,1,5964.5,5964.75,5970.75,5959.5,25,20,2025-05-20 13:57:00+00:00,5959.25,stop,-275.0,-278.5,312.5
vwap_reversion,ES,time_of_day,2025-05-21,2025-05-21 13:45:00+00:00,1,5928.0,5928.25,5934.25,5923.0,25,20,2025-05-21 13:52:00+00:00,5934.25,target,300.0,296.5,312.5
vwap_reversion,ES,time_of_day,2025-05-21,2025-05-21 13:53:00+00:00,1,5931.25,5931.5,5937.5,5926.25,25,20,2025-05-21 14:01:00+00:00,5937.5,target,300.0,296.5,312.5
vwap_reversion,ES,time_of_day,2025-05-21,2025-05-21 14:02:00+00:00,-1,5935.0,5934.75,5928.75,5940.0,25,20,2025-05-21 14:12:00+00:00,5928.75,target,300.0,296.5,312.5
vwap_reversion,ES,time_of_day,2025-05-22,2025-05-22 13:46:00+00:00,1,5851.5,5851.75,5857.75,5846.5,25,20,2025-05-22 13:50:00+00:00,5857.75,target,300.0,296.5,312.5
vwap_reversion,ES,time_of_day,2025-05-22,2025-05-22 13:52:00+00:00,-1,5864.0,5863.75,5857.75,5869.0,25,20,2025-05-22 13:53:00+00:00,5869.25,stop,-275.0,-278.5,312.5
vwap_reversion,ES,time_of_day,2025-05-22,2025-05-22 13:54:00+00:00,-1,5863.75,5863.5,5857.5,5868.75,25,20,2025-05-22 13:57:00+00:00,5869.0,stop,-275.0,-278.5,312.5
vwap_reversion,ES,time_of_day,2025-05-23,2025-05-23 13:45:00+00:00,1,5790.25,5790.5,5796.5,5785.25,25,20,2025-05-23 13:48:00+00:00,5785.0,stop,-275.0,-278.5,312.5
vwap_reversion,ES,time_of_day,2025-05-23,2025-05-23 13:49:00+00:00,1,5789.75,5790.0,5796.0,5784.75,25,20,2025-05-23 13:50:00+00:00,5796.0,target,300.0,296.5,312.5
vwap_reversion,ES,time_of_day,2025-05-23,2025-05-23 13:51:00+00:00,1,5791.25,5791.5,5797.5,5786.25,25,20,2025-05-23 13:53:00+00:00,5797.5,target,300.0,296.5,312.5
vwap_reversion,ES,time_of_day,2025-05-26,2025-05-26 13:45:00+00:00,-1,5891.0,5890.75,5884.75,5896.0,25,20,2025-05-26 14:00:00+00:00,5884.75,target,300.0,296.5,312.5
vwap_reversion,ES,time_of_day,2025-05-26,2025-05-26 14:01:00+00:00,-1,5885.0,5884.75,5878.75,5890.0,25,20,2025-05-26 14:35:00+00:00,5878.75,target,300.0,296.5,312.5
vwap_reversion,ES,time_of_day,2025-05-26,2025-05-26 14:36:00+00:00,-1,5880.25,5880.0,5874.0,5885.25,25,20,2025-05-26 15:02:00+00:00,5874.0,target,300.0,296.5,312.5
vwap_reversion,ES,time_of_day,2025-05-27,2025-05-27 13:45:00+00:00,1,5883.0,5883.25,5889.25,5878.0,25,20,2025-05-27 14:00:00+00:00,5889.25,target,300.0,296.5,312.5
vwap_reversion,ES,time_of_day,2025-05-27,2025-05-27 14:01:00+00:00,-1,5893.0,5892.75,5886.75,5898.0,25,20,2025-05-27 14:13:00+00:00,5898.25,stop,-275.0,-278.5,312.5
vwap_reversion,ES,time_of_day,2025-05-27,2025-05-27 14:14:00+00:00,-1,5895.0,5894.75,5888.75,5900.0,25,20,2025-05-27 14:18:00+00:00,5900.25,stop,-275.0,-278.5,312.5
vwap_reversion,ES,time_of_day,2025-05-28,2025-05-28 13:45:00+00:00,-1,5945.75,5945.5,5939.5,5950.75,25,20,2025-05-28 13:48:00+00:00,5939.5,target,300.0,296.5,312.5
vwap_reversion,ES,time_of_day,2025-05-28,2025-05-28 13:49:00+00:00,1,5937.25,5937.5,5943.5,5932.25,25,20,2025-05-28 13:57:00+00:00,5932.0,stop,-275.0,-278.5,312.5
vwap_reversion,ES,time_of_day,2025-05-28,2025-05-28 13:58:00+00:00,1,5934.0,5934.25,5940.25,5929.0,25,20,2025-05-28 14:12:00+00:00,5928.75,stop,-275.0,-278.5,312.5
vwap_reversion,ES,time_of_day,2025-05-29,2025-05-29 13:45:00+00:00,1,5933.0,5933.25,5939.25,5928.0,25,20,2025-05-29 13:49:00+00:00,5927.75,stop,-275.0,-278.5,312.5
vwap_reversion,ES,time_of_day,2025-05-29,2025-05-29 13:50:00+00:00,1,5930.5,5930.75,5936.75,5925.5,25,20,2025-05-29 13:51:00+00:00,5936.75,target,300.0,296.5,312.5
vwap_reversion,ES,time_of_day,2025-05-29,2025-05-29 13:52:00+00:00,-1,5936.75,5936.5,5930.5,5941.75,25,20,2025-05-29 13:54:00+00:00,5942.0,stop,-275.0,-278.5,312.5
vwap_reversion,ES,time_of_day,2025-05-30,2025-05-30 13:45:00+00:00,1,5904.25,5904.5,5910.5,5899.25,25,20,2025-05-30 13:47:00+00:00,5899.0,stop,-275.0,-278.5,312.5
vwap_reversion,ES,time_of_day,2025-05-30,2025-05-30 13:48:00+00:00,1,5901.5,5901.75,5907.75,5896.5,25,20,2025-05-30 13:49:00+00:00,5896.25,stop,-275.0,-278.5,312.5
vwap_reversion,ES,time_of_day,2025-05-30,2025-05-30 13:50:00+00:00,1,5890.25,5890.5,5896.5,5885.25,25,20,2025-05-30 13:52:00+00:00,5885.0,stop,-275.0,-278.5,312.5
vwap_reversion,ES,time_of_day,2025-06-02,2025-06-02 13:45:00+00:00,1,5911.75,5912.0,5918.0,5906.75,25,20,2025-06-02 13:46:00+00:00,5906.5,stop,-275.0,-278.5,312.5
vwap_reversion,ES,time_of_day,2025-06-02,2025-06-02 13:47:00+00:00,1,5906.25,5906.5,5912.5,5901.25,25,20,2025-06-02 13:50:00+00:00,5901.0,stop,-275.0,-278.5,312.5
vwap_reversion,ES,time_of_day,2025-06-02,2025-06-02 13:51:00+00:00,1,5895.0,5895.25,5901.25,5890.0,25,20,2025-06-02 13:52:00+00:00,5889.75,stop,-275.0,-278.5,312.5
vwap_reversion,ES,time_of_day,2025-06-03,2025-06-03 14:08:00+00:00,1,5943.0,5943.25,5949.25,5938.0,25,20,2025-06-03 14:12:00+00:00,5949.25,target,300.0,296.5,312.5
vwap_reversion,ES,time_of_day,2025-06-03,2025-06-03 14:19:00+00:00,-1,5954.0,5953.75,5947.75,5959.0,25,20,2025-06-03 14:29:00+00:00,5959.25,stop,-275.0,-278.5,312.5
vwap_reversion,ES,time_of_day,2025-06-03,2025-06-03 14:30:00+00:00,-1,5957.75,5957.5,5951.5,5962.75,25,20,2025-06-03 14:54:00+00:00,5963.0,stop,-275.0,-278.5,312.5
vwap_reversion,ES,time_of_day,2025-06-04,2025-06-04 13:45:00+00:00,-1,5996.0,5995.75,5989.75,6001.0,25,20,2025-06-04 14:00:00+00:00,5989.75,target,300.0,296.5,312.5
vwap_reversion,ES,time_of_day,2025-06-04,2025-06-04 14:01:00+00:00,-1,5993.5,5993.25,5987.25,5998.5,25,20,2025-06-04 14:03:00+00:00,5987.25,target,300.0,296.5,312.5
vwap_reversion,ES,time_of_day,2025-06-04,2025-06-04 14:04:00+00:00,-1,5986.0,5985.75,5979.75,5991.0,25,20,2025-06-04 14:07:00+00:00,5979.75,target,300.0,296.5,312.5
vwap_reversion,ES,time_of_day,2025-06-05,2025-06-05 13:45:00+00:00,1,5968.5,5968.75,5974.75,5963.5,25,20,2025-06-05 13:46:00+00:00,5963.25,stop,-275.0,-278.5,312.5
vwap_reversion,ES,time_of_day,2025-06-05,2025-06-05 13:47:00+00:00,1,5965.0,5965.25,5971.25,5960.0,25,20,2025-06-05 13:49:00+00:00,5971.25,target,300.0,296.5,312.5
vwap_reversion,ES,time_of_day,2025-06-05,2025-06-05 13:50:00+00:00,1,5971.75,5972.0,5978.0,5966.75,25,20,2025-06-05 13:51:00+00:00,5966.5,stop,-275.0,-278.5,312.5
vwap_reversion,ES,time_of_day,2025-06-06,2025-06-06 13:45:00+00:00,-1,6022.0,6021.75,6015.75,6027.0,25,20,2025-06-06 13:55:00+00:00,6015.75,target,300.0,296.5,312.5
vwap_reversion,ES,time_of_day,2025-06-06,2025-06-06 13:56:00+00:00,-1,6015.5,6015.25,6009.25,6020.5,25,20,2025-06-06 14:00:00+00:00,6020.75,stop,-275.0,-278.5,312.5
vwap_reversion,ES,time_of_day,2025-06-06,2025-06-06 14:01:00+00:00,-1,6018.0,6017.75,6011.75,6023.0,25,20,2025-06-06 14:11:00+00:00,6011.75,target,300.0,296.5,312.5
vwap_reversion,ES,time_of_day,2025-06-09,2025-06-09 14:17:00+00:00,-1,6012.25,6012.0,6006.0,6017.25,25,20,2025-06-09 14:31:00+00:00,6017.5,stop,-275.0,-278.5,312.5
vwap_reversion,ES,time_of_day,2025-06-09,2025-06-09 14:32:00+00:00,-1,6016.75,6016.5,6010.5,6021.75,25,20,2025-06-09 14:44:00+00:00,6010.5,target,300.0,296.5,312.5
vwap_reversion,ES,time_of_day,2025-06-09,2025-06-09 15:01:00+00:00,-1,6012.25,6012.0,6006.0,6017.25,25,20,2025-06-09 15:27:00+00:00,6006.0,target,300.0,296.5,312.5
vwap_reversion,ES,time_of_day,2025-06-10,2025-06-10 13:45:00+00:00,-1,6018.25,6018.0,6012.0,6023.25,25,20,2025-06-10 13:51:00+00:00,6023.5,stop,-275.0,-278.5,312.5
vwap_reversion,ES,time_of_day,2025-06-10,2025-06-10 13:52:00+00:00,-1,6024.75,6024.5,6018.5,6029.75,25,20,2025-06-10 13:54:00+00:00,6018.5,target,300.0,296.5,312.5
vwap_reversion,ES,time_of_day,2025-06-10,2025-06-10 13:55:00+00:00,-1,6020.0,6019.75,6013.75,6025.0,25,20,2025-06-10 14:12:00+00:00,6025.25,stop,-275.0,-278.5,312.5
vwap_reversion,ES,time_of_day,2025-06-11,2025-06-11 13:46:00+00:00,1,6037.75,6038.0,6044.0,6032.75,25,20,2025-06-11 13:49:00+00:00,6044.0,target,300.0,296.5,312.5
vwap_reversion,ES,time_of_day,2025-06-11,2025-06-11 13:51:00+00:00,-1,6048.0,6047.75,6041.75,6053.0,25,20,2025-06-11 13:56:00+00:00,6053.25,stop,-275.0,-278.5,312.5
vwap_reversion,ES,time_of_day,2025-06-11,2025-06-11 13:57:00+00:00,-1,6049.25,6049.0,6043.0,6054.25,25,20,2025-06-11 14:10:00+00:00,6054.5,stop,-275.0,-278.5,312.5
vwap_reversion,ES,time_of_day,2025-06-12,2025-06-12 13:45:00+00:00,1,6018.0,6018.25,6024.25,6013.0,25,20,2025-06-12 13:50:00+00:00,6024.25,target,300.0,296.5,312.5
vwap_reversion,ES,time_of_day,2025-06-12,2025-06-12 13:52:00+00:00,-1,6025.0,6024.75,6018.75,6030.0,25,20,2025-06-12 13:55:00+00:00,6018.75,target,300.0,296.5,312.5
vwap_reversion,ES,time_of_day,2025-06-12,2025-06-12 14:07:00+00:00,-1,6028.0,6027.75,6021.75,6033.0,25,20,2025-06-12 14:14:00+00:00,6033.25,stop,-275.0,-278.5,312.5
vwap_reversion,ES,time_of_day,2025-06-13,2025-06-13 13:45:00+00:00,1,6003.5,6003.75,6009.75,5998.5,25,20,2025-06-13 13:49:00+00:00,5998.25,stop,-275.0,-278.5,312.5
vwap_reversion,ES,time_of_day,2025-06-13,2025-06-13 13:50:00+00:00,1,6003.25,6003.5,6009.5,5998.25,25,20,2025-06-13 13:54:00+00:00,5998.0,stop,-275.0,-278.5,312.5
vwap_reversion,ES,time_of_day,2025-06-13,2025-06-13 13:55:00+00:00,1,5998.25,5998.5,6004.5,5993.25,25,20,2025-06-13 13:57:00+00:00,5993.0,stop,-275.0,-278.5,312.5
vwap_reversion,ES,time_of_day,2025-06-16,2025-06-16 13:45:00+00:00,-1,6028.5,6028.25,6022.25,6033.5,25,20,2025-06-16 13:49:00+00:00,6033.75,stop,-275.0,-278.5,312.5
vwap_reversion,ES,time_of_day,2025-06-16,2025-06-16 13:50:00+00:00,-1,6031.5,6031.25,6025.25,6036.5,25,20,2025-06-16 13:53:00+00:00,6036.75,stop,-275.0,-278.5,312.5
vwap_reversion,ES,time_of_day,2025-06-16,2025-06-16 13:54:00+00:00,-1,6038.5,6038.25,6032.25,6043.5,25,20,2025-06-16 13:56:00+00:00,6043.75,stop,-275.0,-278.5,312.5
vwap_reversion,ES,time_of_day,2025-06-17,2025-06-17 13:45:00+00:00,1,6010.0,6010.25,6016.25,6005.0,25,20,2025-06-17 13:52:00+00:00,6016.25,target,300.0,296.5,312.5
vwap_reversion,ES,time_of_day,2025-06-17,2025-06-17 13:53:00+00:00,1,6014.5,6014.75,6020.75,6009.5,25,20,2025-06-17 14:00:00+00:00,6020.75,target,300.0,296.5,312.5
vwap_reversion,ES,time_of_day,2025-06-17,2025-06-17 14:01:00+00:00,1,6014.75,6015.0,6021.0,6009.75,25,20,2025-06-17 14:09:00+00:00,6021.0,target,300.0,296.5,312.5
vwap_reversion,ES,time_of_day,2025-06-18,2025-06-18 13:45:00+00:00,-1,6043.5,6043.25,6037.25,6048.5,25,20,2025-06-18 13:48:00+00:00,6048.75,stop,-275.0,-278.5,312.5
vwap_reversion,ES,time_of_day,2025-06-18,2025-06-18 13:49:00+00:00,-1,6049.25,6049.0,6043.0,6054.25,25,20,2025-06-18 13:52:00+00:00,6054.5,stop,-275.0,-278.5,312.5
vwap_reversion,ES,time_of_day,2025-06-18,2025-06-18 13:53:00+00:00,-1,6055.5,6055.25,6049.25,6060.5,25,20,2025-06-18 14:00:00+00:00,6049.25,target,300.0,296.5,312.5
vwap_reversion,ES,time_of_day,2025-06-19,2025-06-19 13:45:00+00:00,1,5985.5,5985.75,5991.75,5980.5,25,20,2025-06-19 13:46:00+00:00,5980.25,stop,-275.0,-278.5,312.5
vwap_reversion,ES,time_of_day,2025-06-19,2025-06-19 13:47:00+00:00,1,5978.0,5978.25,5984.25,5973.0,25,20,2025-06-19 13:48:00+00:00,5972.75,stop,-275.0,-278.5,312.5
vwap_reversion,ES,time_of_day,2025-06-19,2025-06-19 13:49:00+00:00,1,5975.5,5975.75,5981.75,5970.5,25,20,2025-06-19 14:00:00+00:00,5981.75,target,300.0,296.5,312.5
vwap_reversion,ES,time_of_day,2025-06-20,2025-06-20 13:45:00+00:00,-1,6064.5,6064.25,6058.25,6069.5,25,20,2025-06-20 13:48:00+00:00,6058.25,target,300.0,296.5,312.5
vwap_reversion,ES,time_of_day,2025-06-20,2025-06-20 13:49:00+00:00,-1,6055.75,6055.5,6049.5,6060.75,25,20,2025-06-20 13:53:00+00:00,6049.5,target,300.0,296.5,312.5
vwap_reversion,ES,time_of_day,2025-06-20,2025-06-20 13:54:00+00:00,1,6053.25,6053.5,6059.5,6048.25,25,20,2025-06-20 13:59:00+00:00,6048.0,stop,-275.0,-278.5,312.5
vwap_reversion,ES,time_of_day,2025-06-23,2025-06-23 13:45:00+00:00,-1,6030.25,6030.0,6024.0,6035.25,25,20,2025-06-23 13:47:00+00:00,6035.5,stop,-275.0,-278.5,312.5
vwap_reversion,ES,time_of_day,2025-06-23,2025-06-23 13:48:00+00:00,-1,6036.0,6035.75,6029.75,6041.0,25,20,2025-06-23 13:54:00+00:00,6041.25,stop,-275.0,-278.5,312.5
vwap_reversion,ES,time_of_day,2025-06-23,2025-06-23 13:55:00+00:00,-1,6039.75,6039.5,6033.5,6044.75,25,20,2025-06-23 14:00:00+00:00,6045.0,stop,-275.0,-278.5,312.5
vwap_reversion,ES,time_of_day,2025-06-24,2025-06-24 13:45:00+00:00,-1,6128.0,6127.75,6121.75,6133.0,25,20,2025-06-24 13:50:00+00:00,6121.75,target,300.0,296.5,312.5
vwap_reversion,ES,time_of_day,2025-06-24,2025-06-24 13:51:00+00:00,-1,6123.0,6122.75,6116.75,6128.0,25,20,2025-06-24 13:57:00+00:00,6116.75,target,300.0,296.5,312.5
vwap_reversion,ES,time_of_day,2025-06-24,2025-06-24 13:58:00+00:00,1,6115.75,6116.0,6122.0,6110.75,25,20,2025-06-24 14:01:00+00:00,6122.0,target,300.0,296.5,312.5
vwap_reversion,ES,time_of_day,2025-06-25,2025-06-25 13:45:00+00:00,-1,6159.0,6158.75,6152.75,6164.0,25,20,2025-06-25 13:50:00+00:00,6152.75,target,300.0,296.5,312.5
vwap_reversion,ES,time_of_day,2025-06-25,2025-06-25 13:51:00+00:00,-1,6151.0,6150.75,6144.75,6156.0,25,20,2025-06-25 13:55:00+00:00,6156.25,stop,-275.0,-278.5,312.5
vwap_reversion,ES,time_of_day,2025-06-25,2025-06-25 13:56:00+00:00,-1,6157.5,6157.25,6151.25,6162.5,25,20,2025-06-25 14:11:00+00:00,6151.25,target,300.0,296.5,312.5
vwap_reversion,ES,time_of_day,2025-06-26,2025-06-26 13:45:00+00:00,-1,6164.25,6164.0,6158.0,6169.25,25,20,2025-06-26 14:00:00+00:00,6169.5,stop,-275.0,-278.5,312.5
vwap_reversion,ES,time_of_day,2025-06-26,2025-06-26 14:01:00+00:00,-1,6169.25,6169.0,6163.0,6174.25,25,20,2025-06-26 14:26:00+00:00,6174.5,stop,-275.0,-278.5,312.5
vwap_reversion,ES,time_of_day,2025-06-26,2025-06-26 14:27:00+00:00,-1,6175.0,6174.75,6168.75,6180.0,25,20,2025-06-26 14:31:00+00:00,6180.25,stop,-275.0,-278.5,312.5
vwap_reversion,ES,time_of_day,2025-06-27,2025-06-27 13:45:00+00:00,-1,6212.25,6212.0,6206.0,6217.25,25,20,2025-06-27 13:55:00+00:00,6217.5,stop,-275.0,-278.5,312.5
vwap_reversion,ES,time_of_day,2025-06-27,2025-06-27 13:56:00+00:00,-1,6220.0,6219.75,6213.75,6225.0,25,20,2025-06-27 14:01:00+00:00,6225.25,stop,-275.0,-278.5,312.5
vwap_reversion,ES,time_of_day,2025-06-27,2025-06-27 14:02:00+00:00,-1,6224.5,6224.25,6218.25,6229.5,25,20,2025-06-27 14:12:00+00:00,6229.75,stop,-275.0,-278.5,312.5
vwap_reversion,ES,time_of_day,2025-06-30,2025-06-30 13:45:00+00:00,-1,6239.5,6239.25,6233.25,6244.5,25,20,2025-06-30 14:21:00+00:00,6233.25,target,300.0,296.5,312.5
vwap_reversion,ES,time_of_day,2025-06-30,2025-06-30 14:22:00+00:00,-1,6236.25,6236.0,6230.0,6241.25,25,20,2025-06-30 14:29:00+00:00,6241.5,stop,-275.0,-278.5,312.5
vwap_reversion,ES,time_of_day,2025-06-30,2025-06-30 14:30:00+00:00,-1,6240.25,6240.0,6234.0,6245.25,25,20,2025-06-30 14:37:00+00:00,6234.0,target,300.0,296.5,312.5
vwap_reversion,ES,time_of_day,2025-07-01,2025-07-01 13:45:00+00:00,1,6240.75,6241.0,6247.0,6235.75,25,20,2025-07-01 13:50:00+00:00,6247.0,target,300.0,296.5,312.5
vwap_reversion,ES,time_of_day,2025-07-01,2025-07-01 13:51:00+00:00,-1,6248.25,6248.0,6242.0,6253.25,25,20,2025-07-01 14:00:00+00:00,6242.0,target,300.0,296.5,312.5
vwap_reversion,ES,time_of_day,2025-07-01,2025-07-01 14:02:00+00:00,1,6245.0,6245.25,6251.25,6240.0,25,20,2025-07-01 14:15:00+00:00,6251.25,target,300.0,296.5,312.5
vwap_reversion,ES,time_of_day,2025-07-02,2025-07-02 14:06:00+00:00,-1,6251.25,6251.0,6245.0,6256.25,25,20,2025-07-02 14:25:00+00:00,6256.5,stop,-275.0,-278.5,312.5
vwap_reversion,ES,time_of_day,2025-07-02,2025-07-02 14:26:00+00:00,-1,6255.75,6255.5,6249.5,6260.75,25,20,2025-07-02 14:34:00+00:00,6261.0,stop,-275.0,-278.5,312.5
vwap_reversion,ES,time_of_day,2025-07-02,2025-07-02 14:35:00+00:00,-1,6259.5,6259.25,6253.25,6264.5,25,20,2025-07-02 15:35:00+00:00,6264.75,stop,-275.0,-278.5,312.5
vwap_reversion,ES,time_of_day,2025-07-03,2025-07-03 13:45:00+00:00,-1,6305.25,6305.0,6299.0,6310.25,25,20,2025-07-03 13:51:00+00:00,6310.5,stop,-275.0,-278.5,312.5
vwap_reversion,ES,time_of_day,2025-07-03,2025-07-03 13:52:00+00:00,-1,6310.75,6310.5,6304.5,6315.75,25,20,2025-07-03 14:01:00+00:00,6316.0,stop,-275.0,-278.5,312.5
vwap_reversion,ES,time_of_day,2025-07-03,2025-07-03 14:02:00+00:00,-1,6318.0,6317.75,6311.75,6323.0,25,20,2025-07-03 14:38:00+00:00,6323.25,stop,-275.0,-278.5,312.5
vwap_reversion,ES,time_of_day,2025-07-04,2025-07-04 13:45:00+00:00,1,6286.5,6286.75,6292.75,6281.5,25,20,2025-07-04 14:31:00+00:00,6292.75,target,300.0,296.5,312.5
vwap_reversion,ES,time_of_day,2025-07-04,2025-07-04 14:32:00+00:00,-1,6292.25,6292.0,6286.0,6297.25,25,20,2025-07-04 15:17:00+00:00,6286.0,target,300.0,296.5,312.5
vwap_reversion,ES,time_of_day,2025-07-04,2025-07-04 15:18:00+00:00,1,6285.25,6285.5,6291.5,6280.25,25,20,2025-07-04 16:59:00+00:00,6283.25,session_flatten,-112.5,-116.0,312.5
vwap_reversion,ES,time_of_day,2025-07-07,2025-07-07 13:45:00+00:00,-1,6300.5,6300.25,6294.25,6305.5,25,20,2025-07-07 13:51:00+00:00,6305.75,stop,-275.0,-278.5,312.5
vwap_reversion,ES,time_of_day,2025-07-07,2025-07-07 13:52:00+00:00,-1,6307.0,6306.75,6300.75,6312.0,25,20,2025-07-07 14:01:00+00:00,6300.75,target,300.0,296.5,312.5
vwap_reversion,ES,time_of_day,2025-07-07,2025-07-07 14:02:00+00:00,-1,6297.25,6297.0,6291.0,6302.25,25,20,2025-07-07 14:25:00+00:00,6302.5,stop,-275.0,-278.5,312.5
vwap_reversion,ES,time_of_day,2025-07-08,2025-07-08 13:45:00+00:00,-1,6282.0,6281.75,6275.75,6287.0,25,20,2025-07-08 13:59:00+00:00,6275.75,target,300.0,296.5,312.5
vwap_reversion,ES,time_of_day,2025-07-08,2025-07-08 14:05:00+00:00,1,6269.0,6269.25,6275.25,6264.0,25,20,2025-07-08 14:26:00+00:00,6263.75,stop,-275.0,-278.5,312.5
vwap_reversion,ES,time_of_day,2025-07-08,2025-07-08 14:27:00+00:00,1,6266.75,6267.0,6273.0,6261.75,25,20,2025-07-08 14:31:00+00:00,6273.0,target,300.0,296.5,312.5
vwap_reversion,ES,time_of_day,2025-07-09,2025-07-09 13:45:00+00:00,-1,6310.0,6309.75,6303.75,6315.0,25,20,2025-07-09 13:50:00+00:00,6315.25,stop,-275.0,-278.5,312.5
vwap_reversion,ES,time_of_day,2025-07-09,2025-07-09 13:51:00+00:00,-1,6313.75,6313.5,6307.5,6318.75,25,20,2025-07-09 14:05:00+00:00,6307.5,target,300.0,296.5,312.5
vwap_reversion,ES,time_of_day,2025-07-09,2025-07-09 14:06:00+00:00,-1,6309.25,6309.0,6303.0,6314.25,25,20,2025-07-09 14:27:00+00:00,6303.0,target,300.0,296.5,312.5
vwap_reversion,ES,time_of_day,2025-07-10,2025-07-10 13:52:00+00:00,1,6300.75,6301.0,6307.0,6295.75,25,20,2025-07-10 14:18:00+00:00,6307.0,target,300.0,296.5,312.5
vwap_reversion,ES,time_of_day,2025-07-10,2025-07-10 14:25:00+00:00,1,6299.25,6299.5,6305.5,6294.25,25,20,2025-07-10 14:31:00+00:00,6305.5,target,300.0,296.5,312.5
vwap_reversion,ES,time_of_day,2025-07-10,2025-07-10 14:39:00+00:00,-1,6309.75,6309.5,6303.5,6314.75,25,20,2025-07-10 14:43:00+00:00,6315.0,stop,-275.0,-278.5,312.5
vwap_reversion,ES,time_of_day,2025-07-11,2025-07-11 13:45:00+00:00,1,6281.0,6281.25,6287.25,6276.0,25,20,2025-07-11 13:48:00+00:00,6287.25,target,300.0,296.5,312.5
vwap_reversion,ES,time_of_day,2025-07-11,2025-07-11 13:49:00+00:00,1,6289.5,6289.75,6295.75,6284.5,25,20,2025-07-11 13:57:00+00:00,6295.75,target,300.0,296.5,312.5
vwap_reversion,ES,time_of_day,2025-07-11,2025-07-11 13:58:00+00:00,1,6294.75,6295.0,6301.0,6289.75,25,20,2025-07-11 14:14:00+00:00,6301.0,target,300.0,296.5,312.5
vwap_reversion,ES,time_of_day,2025-07-14,2025-07-14 13:45:00+00:00,1,6285.5,6285.75,6291.75,6280.5,25,20,2025-07-14 13:48:00+00:00,6291.75,target,300.0,296.5,312.5
vwap_reversion,ES,time_of_day,2025-07-14,2025-07-14 13:51:00+00:00,-1,6297.0,6296.75,6290.75,6302.0,25,20,2025-07-14 13:55:00+00:00,6290.75,target,300.0,296.5,312.5
vwap_reversion,ES,time_of_day,2025-07-14,2025-07-14 13:56:00+00:00,1,6291.25,6291.5,6297.5,6286.25,25,20,2025-07-14 14:01:00+00:00,6286.0,stop,-275.0,-278.5,312.5
vwap_reversion,ES,time_of_day,2025-07-15,2025-07-15 13:45:00+00:00,-1,6328.75,6328.5,6322.5,6333.75,25,20,2025-07-15 13:47:00+00:00,6322.5,target,300.0,296.5,312.5
vwap_reversion,ES,time_of_day,2025-07-15,2025-07-15 13:48:00+00:00,-1,6324.75,6324.5,6318.5,6329.75,25,20,2025-07-15 13:59:00+00:00,6318.5,target,300.0,296.5,312.5
vwap_reversion,ES,time_of_day,2025-07-15,2025-07-15 14:00:00+00:00,1,6318.75,6319.0,6325.0,6313.75,25,20,2025-07-15 14:14:00+00:00,6325.0,target,300.0,296.5,312.5
vwap_reversion,ES,time_of_day,2025-07-16,2025-07-16 13:45:00+00:00,-1,6292.75,6292.5,6286.5,6297.75,25,20,2025-07-16 13:50:00+00:00,6286.5,target,300.0,296.5,312.5
vwap_reversion,ES,time_of_day,2025-07-16,2025-07-16 13:51:00+00:00,1,6285.0,6285.25,6291.25,6280.0,25,20,2025-07-16 14:07:00+00:00,6279.75,stop,-275.0,-278.5,312.5
vwap_reversion,ES,time_of_day,2025-07-16,2025-07-16 14:08:00+00:00,1,6281.25,6281.5,6287.5,6276.25,25,20,2025-07-16 14:12:00+00:00,6287.5,target,300.0,296.5,312.5
vwap_reversion,ES,time_of_day,2025-07-17,2025-07-17 13:45:00+00:00,-1,6315.75,6315.5,6309.5,6320.75,25,20,2025-07-17 13:50:00+00:00,6321.0,stop,-275.0,-278.5,312.5
vwap_reversion,ES,time_of_day,2025-07-17,2025-07-17 13:51:00+00:00,-1,6319.5,6319.25,6313.25,6324.5,25,20,2025-07-17 14:20:00+00:00,6313.25,target,300.0,296.5,312.5
vwap_reversion,ES,time_of_day,2025-07-17,2025-07-17 14:21:00+00:00,-1,6316.25,6316.0,6310.0,6321.25,25,20,2025-07-17 14:24:00+00:00,6310.0,target,300.0,296.5,312.5
vwap_reversion,ES,time_of_day,2025-07-18,2025-07-18 13:45:00+00:00,-1,6345.75,6345.5,6339.5,6350.75,25,20,2025-07-18 13:49:00+00:00,6351.0,stop,-275.0,-278.5,312.5
vwap_reversion,ES,time_of_day,2025-07-18,2025-07-18 13:50:00+00:00,-1,6349.5,6349.25,6343.25,6354.5,25,20,2025-07-18 13:52:00+00:00,6343.25,target,300.0,296.5,312.5
vwap_reversion,ES,time_of_day,2025-07-18,2025-07-18 13:53:00+00:00,-1,6346.0,6345.75,6339.75,6351.0,25,20,2025-07-18 14:00:00+00:00,6351.25,stop,-275.0,-278.5,312.5
vwap_reversion,ES,time_of_day,2025-07-21,2025-07-21 13:45:00+00:00,-1,6357.0,6356.75,6350.75,6362.0,25,20,2025-07-21 13:55:00+00:00,6362.25,gap_stop,-275.0,-278.5,312.5
vwap_reversion,ES,time_of_day,2025-07-21,2025-07-21 13:56:00+00:00,-1,6365.0,6364.75,6358.75,6370.0,25,20,2025-07-21 14:21:00+00:00,6370.25,stop,-275.0,-278.5,312.5
vwap_reversion,ES,time_of_day,2025-07-21,2025-07-21 14:22:00+00:00,-1,6369.0,6368.75,6362.75,6374.0,25,20,2025-07-21 15:35:00+00:00,6374.25,stop,-275.0,-278.5,312.5
vwap_reversion,ES,time_of_day,2025-07-22,2025-07-22 13:47:00+00:00,1,6340.5,6340.75,6346.75,6335.5,25,20,2025-07-22 13:51:00+00:00,6335.25,stop,-275.0,-278.5,312.5
vwap_reversion,ES,time_of_day,2025-07-22,2025-07-22 13:52:00+00:00,1,6328.5,6328.75,6334.75,6323.5,25,20,2025-07-22 13:53:00+00:00,6323.25,stop,-275.0,-278.5,312.5
vwap_reversion,ES,time_of_day,2025-07-22,2025-07-22 13:54:00+00:00,1,6322.25,6322.5,6328.5,6317.25,25,20,2025-07-22 13:55:00+00:00,6328.5,target,300.0,296.5,312.5
vwap_reversion,ES,time_of_day,2025-07-23,2025-07-23 13:45:00+00:00,1,6358.75,6359.0,6365.0,6353.75,25,20,2025-07-23 14:00:00+00:00,6353.5,stop,-275.0,-278.5,312.5
vwap_reversion,ES,time_of_day,2025-07-23,2025-07-23 14:01:00+00:00,-1,6357.0,6356.75,6350.75,6362.0,25,20,2025-07-23 14:25:00+00:00,6362.25,stop,-275.0,-278.5,312.5
vwap_reversion,ES,time_of_day,2025-07-23,2025-07-23 14:26:00+00:00,-1,6362.25,6362.0,6356.0,6367.25,25,20,2025-07-23 15:52:00+00:00,6367.5,stop,-275.0,-278.5,312.5
vwap_reversion,ES,time_of_day,2025-07-24,2025-07-24 13:45:00+00:00,-1,6403.25,6403.0,6397.0,6408.25,25,20,2025-07-24 13:47:00+00:00,6408.5,stop,-275.0,-278.5,312.5
vwap_reversion,ES,time_of_day,2025-07-24,2025-07-24 13:48:00+00:00,-1,6409.25,6409.0,6403.0,6414.25,25,20,2025-07-24 13:54:00+00:00,6403.0,target,300.0,296.5,312.5
vwap_reversion,ES,time_of_day,2025-07-24,2025-07-24 13:55:00+00:00,-1,6404.25,6404.0,6398.0,6409.25,25,20,2025-07-24 14:07:00+00:00,6409.5,stop,-275.0,-278.5,312.5
vwap_reversion,ES,time_of_day,2025-07-25,2025-07-25 13:45:00+00:00,-1,6407.0,6406.75,6400.75,6412.0,25,20,2025-07-25 14:34:00+00:00,6412.25,stop,-275.0,-278.5,312.5
vwap_reversion,ES,time_of_day,2025-07-25,2025-07-25 14:35:00+00:00,-1,6413.0,6412.75,6406.75,6418.0,25,20,2025-07-25 16:13:00+00:00,6418.25,stop,-275.0,-278.5,312.5
vwap_reversion,ES,time_of_day,2025-07-25,2025-07-25 17:30:00+00:00,-1,6426.25,6426.0,6420.0,6431.25,25,20,2025-07-25 20:00:00+00:00,6424.5,session_flatten,75.0,71.5,312.5
vwap_reversion,ES,time_of_day,2025-07-28,2025-07-28 14:05:00+00:00,-1,6431.75,6431.5,6425.5,6436.75,25,20,2025-07-28 15:01:00+00:00,6425.5,target,300.0,296.5,312.5
vwap_reversion,ES,time_of_day,2025-07-28,2025-07-28 15:18:00+00:00,1,6422.5,6422.75,6428.75,6417.5,25,20,2025-07-28 15:20:00+00:00,6417.25,stop,-275.0,-278.5,312.5
vwap_reversion,ES,time_of_day,2025-07-28,2025-07-28 15:21:00+00:00,1,6420.0,6420.25,6426.25,6415.0,25,20,2025-07-28 15:32:00+00:00,6426.25,target,300.0,296.5,312.5
vwap_reversion,ES,time_of_day,2025-07-29,2025-07-29 13:45:00+00:00,-1,6433.75,6433.5,6427.5,6438.75,25,20,2025-07-29 13:49:00+00:00,6427.5,target,300.0,296.5,312.5
vwap_reversion,ES,time_of_day,2025-07-29,2025-07-29 13:50:00+00:00,1,6426.75,6427.0,6433.0,6421.75,25,20,2025-07-29 13:57:00+00:00,6433.0,target,300.0,296.5,312.5
vwap_reversion,ES,time_of_day,2025-07-29,2025-07-29 13:58:00+00:00,-1,6433.25,6433.0,6427.0,6438.25,25,20,2025-07-29 14:27:00+00:00,6427.0,target,300.0,296.5,312.5
vwap_reversion,ES,time_of_day,2025-07-30,2025-07-30 13:45:00+00:00,-1,6414.0,6413.75,6407.75,6419.0,25,20,2025-07-30 13:49:00+00:00,6407.75,target,300.0,296.5,312.5
vwap_reversion,ES,time_of_day,2025-07-30,2025-07-30 14:18:00+00:00,-1,6412.25,6412.0,6406.0,6417.25,25,20,2025-07-30 14:22:00+00:00,6417.5,stop,-275.0,-278.5,312.5
vwap_reversion,ES,time_of_day,2025-07-30,2025-07-30 14:23:00+00:00,-1,6418.5,6418.25,6412.25,6423.5,25,20,2025-07-30 15:03:00+00:00,6412.25,target,300.0,296.5,312.5
vwap_reversion,ES,time_of_day,2025-07-31,2025-07-31 13:45:00+00:00,1,6430.25,6430.5,6436.5,6425.25,25,20,2025-07-31 13:48:00+00:00,6436.5,target,300.0,296.5,312.5
vwap_reversion,ES,time_of_day,2025-07-31,2025-07-31 13:49:00+00:00,-1,6436.75,6436.5,6430.5,6441.75,25,20,2025-07-31 13:52:00+00:00,6442.0,stop,-275.0,-278.5,312.5
vwap_reversion,ES,time_of_day,2025-07-31,2025-07-31 13:53:00+00:00,-1,6446.5,6446.25,6440.25,6451.5,25,20,2025-07-31 14:12:00+00:00,6440.25,target,300.0,296.5,312.5
vwap_reversion,ES,time_of_day,2025-08-01,2025-08-01 13:45:00+00:00,1,6265.5,6265.75,6271.75,6260.5,25,20,2025-08-01 13:47:00+00:00,6271.75,target,300.0,296.5,312.5
vwap_reversion,ES,time_of_day,2025-08-01,2025-08-01 13:48:00+00:00,1,6262.5,6262.75,6268.75,6257.5,25,20,2025-08-01 13:56:00+00:00,6268.75,target,300.0,296.5,312.5
vwap_reversion,ES,time_of_day,2025-08-01,2025-08-01 13:57:00+00:00,1,6262.5,6262.75,6268.75,6257.5,25,20,2025-08-01 14:00:00+00:00,6257.25,stop,-275.0,-278.5,312.5
vwap_reversion,ES,time_of_day,2025-08-04,2025-08-04 13:45:00+00:00,-1,6328.75,6328.5,6322.5,6333.75,25,20,2025-08-04 13:55:00+00:00,6334.0,stop,-275.0,-278.5,312.5
vwap_reversion,ES,time_of_day,2025-08-04,2025-08-04 13:56:00+00:00,-1,6331.0,6330.75,6324.75,6336.0,25,20,2025-08-04 13:57:00+00:00,6336.25,stop,-275.0,-278.5,312.5
vwap_reversion,ES,time_of_day,2025-08-04,2025-08-04 13:58:00+00:00,-1,6336.5,6336.25,6330.25,6341.5,25,20,2025-08-04 14:10:00+00:00,6330.25,target,300.0,296.5,312.5
vwap_reversion,ES,time_of_day,2025-08-05,2025-08-05 13:45:00+00:00,-1,6370.25,6370.0,6364.0,6375.25,25,20,2025-08-05 13:56:00+00:00,6364.0,target,300.0,296.5,312.5
vwap_reversion,ES,time_of_day,2025-08-05,2025-08-05 13:57:00+00:00,-1,6362.5,6362.25,6356.25,6367.5,25,20,2025-08-05 14:00:00+00:00,6356.25,target,300.0,296.5,312.5
vwap_reversion,ES,time_of_day,2025-08-05,2025-08-05 14:01:00+00:00,1,6354.75,6355.0,6361.0,6349.75,25,20,2025-08-05 14:05:00+00:00,6349.5,stop,-275.0,-278.5,312.5
vwap_reversion,ES,time_of_day,2025-08-06,2025-08-06 13:45:00+00:00,-1,6333.75,6333.5,6327.5,6338.75,25,20,2025-08-06 13:48:00+00:00,6339.0,stop,-275.0,-278.5,312.5
vwap_reversion,ES,time_of_day,2025-08-06,2025-08-06 13:49:00+00:00,-1,6337.5,6337.25,6331.25,6342.5,25,20,2025-08-06 13:51:00+00:00,6331.25,target,300.0,296.5,312.5
vwap_reversion,ES,time_of_day,2025-08-06,2025-08-06 13:52:00+00:00,-1,6334.75,6334.5,6328.5,6339.75,25,20,2025-08-06 13:53:00+00:00,6340.0,stop,-275.0,-278.5,312.5
vwap_reversion,ES,time_of_day,2025-08-07,2025-08-07 13:45:00+00:00,1,6399.75,6400.0,6406.0,6394.75,25,20,2025-08-07 13:55:00+00:00,6406.0,target,300.0,296.5,312.5
vwap_reversion,ES,time_of_day,2025-08-07,2025-08-07 13:56:00+00:00,-1,6408.0,6407.75,6401.75,6413.0,25,20,2025-08-07 14:05:00+00:00,6401.75,target,300.0,296.5,312.5
vwap_reversion,ES,time_of_day,2025-08-07,2025-08-07 14:06:00+00:00,-1,6404.0,6403.75,6397.75,6409.0,25,20,2025-08-07 14:08:00+00:00,6397.75,target,300.0,296.5,312.5
vwap_reversion,ES,time_of_day,2025-08-08,2025-08-08 13:45:00+00:00,-1,6393.25,6393.0,6387.0,6398.25,25,20,2025-08-08 13:53:00+00:00,6398.5,stop,-275.0,-278.5,312.5
vwap_reversion,ES,time_of_day,2025-08-08,2025-08-08 13:54:00+00:00,-1,6396.75,6396.5,6390.5,6401.75,25,20,2025-08-08 14:00:00+00:00,6402.0,stop,-275.0,-278.5,312.5
vwap_reversion,ES,time_of_day,2025-08-08,2025-08-08 14:01:00+00:00,-1,6405.25,6405.0,6399.0,6410.25,25,20,2025-08-08 14:09:00+00:00,6410.5,stop,-275.0,-278.5,312.5
vwap_reversion,ES,time_of_day,2025-08-11,2025-08-11 14:47:00+00:00,1,6408.25,6408.5,6414.5,6403.25,25,20,2025-08-11 15:20:00+00:00,6414.5,target,300.0,296.5,312.5
vwap_reversion,ES,time_of_day,2025-08-11,2025-08-11 17:38:00+00:00,1,6407.5,6407.75,6413.75,6402.5,25,20,2025-08-11 18:44:00+00:00,6402.25,stop,-275.0,-278.5,312.5
vwap_reversion,ES,time_of_day,2025-08-11,2025-08-11 18:45:00+00:00,1,6400.75,6401.0,6407.0,6395.75,25,20,2025-08-11 18:58:00+00:00,6407.0,target,300.0,296.5,312.5
vwap_reversion,ES,time_of_day,2025-08-12,2025-08-12 13:45:00+00:00,-1,6423.5,6423.25,6417.25,6428.5,25,20,2025-08-12 13:46:00+00:00,6428.75,stop,-275.0,-278.5,312.5
vwap_reversion,ES,time_of_day,2025-08-12,2025-08-12 13:47:00+00:00,-1,6423.75,6423.5,6417.5,6428.75,25,20,2025-08-12 13:48:00+00:00,6417.5,target,300.0,296.5,312.5
vwap_reversion,ES,time_of_day,2025-08-12,2025-08-12 13:49:00+00:00,1,6416.75,6417.0,6423.0,6411.75,25,20,2025-08-12 13:50:00+00:00,6411.5,stop,-275.0,-278.5,312.5
vwap_reversion,ES,time_of_day,2025-08-13,2025-08-13 13:45:00+00:00,-1,6494.75,6494.5,6488.5,6499.75,25,20,2025-08-13 13:50:00+00:00,6500.0,stop,-275.0,-278.5,312.5
vwap_reversion,ES,time_of_day,2025-08-13,2025-08-13 13:51:00+00:00,-1,6500.5,6500.25,6494.25,6505.5,25,20,2025-08-13 13:56:00+00:00,6494.25,target,300.0,296.5,312.5
vwap_reversion,ES,time_of_day,2025-08-13,2025-08-13 13:57:00+00:00,-1,6498.5,6498.25,6492.25,6503.5,25,20,2025-08-13 14:01:00+00:00,6492.25,target,300.0,296.5,312.5
vwap_reversion,ES,time_of_day,2025-08-14,2025-08-14 13:45:00+00:00,1,6473.25,6473.5,6479.5,6468.25,25,20,2025-08-14 13:51:00+00:00,6479.5,target,300.0,296.5,312.5
vwap_reversion,ES,time_of_day,2025-08-14,2025-08-14 13:52:00+00:00,1,6482.0,6482.25,6488.25,6477.0,25,20,2025-08-14 13:53:00+00:00,6476.75,stop,-275.0,-278.5,312.5
vwap_reversion,ES,time_of_day,2025-08-14,2025-08-14 13:54:00+00:00,1,6475.25,6475.5,6481.5,6470.25,25,20,2025-08-14 14:03:00+00:00,6481.5,target,300.0,296.5,312.5
vwap_reversion,ES,time_of_day,2025-08-15,2025-08-15 13:45:00+00:00,1,6483.0,6483.25,6489.25,6478.0,25,20,2025-08-15 13:49:00+00:00,6477.75,stop,-275.0,-278.5,312.5
vwap_reversion,ES,time_of_day,2025-08-15,2025-08-15 13:50:00+00:00,1,6478.0,6478.25,6484.25,6473.0,25,20,2025-08-15 14:00:00+00:00,6472.75,stop,-275.0,-278.5,312.5
vwap_reversion,ES,time_of_day,2025-08-15,2025-08-15 14:02:00+00:00,1,6476.75,6477.0,6483.0,6471.75,25,20,2025-08-15 14:15:00+00:00,6483.0,target,300.0,296.5,312.5
vwap_reversion,ES,time_of_day,2025-08-18,2025-08-18 13:58:00+00:00,1,6461.25,6461.5,6467.5,6456.25,25,20,2025-08-18 14:03:00+00:00,6467.5,target,300.0,296.5,312.5
vwap_reversion,ES,time_of_day,2025-08-18,2025-08-18 14:24:00+00:00,-1,6474.0,6473.75,6467.75,6479.0,25,20,2025-08-18 14:28:00+00:00,6467.75,target,300.0,296.5,312.5
vwap_reversion,ES,time_of_day,2025-08-18,2025-08-18 14:46:00+00:00,1,6461.5,6461.75,6467.75,6456.5,25,20,2025-08-18 14:52:00+00:00,6467.75,target,300.0,296.5,312.5
vwap_reversion,ES,time_of_day,2025-08-19,2025-08-19 13:45:00+00:00,1,6460.25,6460.5,6466.5,6455.25,25,20,2025-08-19 13:54:00+00:00,6466.5,target,300.0,296.5,312.5
vwap_reversion,ES,time_of_day,2025-08-19,2025-08-19 14:03:00+00:00,-1,6470.75,6470.5,6464.5,6475.75,25,20,2025-08-19 14:04:00+00:00,6476.0,stop,-275.0,-278.5,312.5
vwap_reversion,ES,time_of_day,2025-08-19,2025-08-19 14:05:00+00:00,-1,6474.75,6474.5,6468.5,6479.75,25,20,2025-08-19 14:27:00+00:00,6468.5,target,300.0,296.5,312.5
vwap_reversion,ES,time_of_day,2025-08-20,2025-08-20 13:45:00+00:00,1,6413.25,6413.5,6419.5,6408.25,25,20,2025-08-20 13:49:00+00:00,6408.0,stop,-275.0,-278.5,312.5
vwap_reversion,ES,time_of_day,2025-08-20,2025-08-20 13:50:00+00:00,1,6404.5,6404.75,6410.75,6399.5,25,20,2025-08-20 13:51:00+00:00,6399.25,stop,-275.0,-278.5,312.5
vwap_reversion,ES,time_of_day,2025-08-20,2025-08-20 13:52:00+00:00,1,6399.75,6400.0,6406.0,6394.75,25,20,2025-08-20 13:53:00+00:00,6394.5,stop,-275.0,-278.5,312.5
vwap_reversion,ES,time_of_day,2025-08-21,2025-08-21 13:45:00+00:00,1,6381.75,6382.0,6388.0,6376.75,25,20,2025-08-21 13:46:00+00:00,6376.5,stop,-275.0,-278.5,312.5
vwap_reversion,ES,time_of_day,2025-08-21,2025-08-21 13:47:00+00:00,1,6387.75,6388.0,6394.0,6382.75,25,20,2025-08-21 13:49:00+00:00,6394.0,target,300.0,296.5,312.5
vwap_reversion,ES,time_of_day,2025-08-21,2025-08-21 13:50:00+00:00,1,6389.75,6390.0,6396.0,6384.75,25,20,2025-08-21 13:56:00+00:00,6384.5,stop,-275.0,-278.5,312.5
vwap_reversion,ES,time_of_day,2025-08-22,2025-08-22 13:45:00+00:00,-1,6426.75,6426.5,6420.5,6431.75,25,20,2025-08-22 13:46:00+00:00,6420.5,target,300.0,296.5,312.5
vwap_reversion,ES,time_of_day,2025-08-22,2025-08-22 13:47:00+00:00,-1,6423.5,6423.25,6417.25,6428.5,25,20,2025-08-22 13:57:00+00:00,6417.25,target,300.0,296.5,312.5
vwap_reversion,ES,time_of_day,2025-08-22,2025-08-22 13:58:00+00:00,-1,6412.0,6411.75,6405.75,6417.0,25,20,2025-08-22 14:00:00+00:00,6417.25,stop,-275.0,-278.5,312.5
vwap_reversion,ES,time_of_day,2025-08-25,2025-08-25 13:45:00+00:00,1,6467.0,6467.25,6473.25,6462.0,25,20,2025-08-25 13:59:00+00:00,6473.25,target,300.0,296.5,312.5
vwap_reversion,ES,time_of_day,2025-08-25,2025-08-25 14:00:00+00:00,1,6471.5,6471.75,6477.75,6466.5,25,20,2025-08-25 15:12:00+00:00,6477.75,target,300.0,296.5,312.5
vwap_reversion,ES,time_of_day,2025-08-25,2025-08-25 15:13:00+00:00,-1,6477.0,6476.75,6470.75,6482.0,25,20,2025-08-25 16:43:00+00:00,6482.25,stop,-275.0,-278.5,312.5
vwap_reversion,ES,time_of_day,2025-08-26,2025-08-26 13:47:00+00:00,1,6447.75,6448.0,6454.0,6442.75,25,20,2025-08-26 13:53:00+00:00,6454.0,target,300.0,296.5,312.5
vwap_reversion,ES,time_of_day,2025-08-26,2025-08-26 14:22:00+00:00,-1,6460.75,6460.5,6454.5,6465.75,25,20,2025-08-26 14:41:00+00:00,6454.5,target,300.0,296.5,312.5
vwap_reversion,ES,time_of_day,2025-08-26,2025-08-26 17:30:00+00:00,-1,6463.5,6463.25,6457.25,6468.5,25,20,2025-08-26 17:52:00+00:00,6457.25,target,300.0,296.5,312.5
vwap_reversion,ES,time_of_day,2025-08-27,2025-08-27 14:13:00+00:00,-1,6487.0,6486.75,6480.75,6492.0,25,20,2025-08-27 14:20:00+00:00,6492.25,stop,-275.0,-278.5,312.5
vwap_reversion,ES,time_of_day,2025-08-27,2025-08-27 14:21:00+00:00,-1,6490.75,6490.5,6484.5,6495.75,25,20,2025-08-27 16:26:00+00:00,6484.5,target,300.0,296.5,312.5
vwap_reversion,ES,time_of_day,2025-08-27,2025-08-27 17:30:00+00:00,-1,6493.0,6492.75,6486.75,6498.0,25,20,2025-08-27 18:13:00+00:00,6498.25,stop,-275.0,-278.5,312.5
vwap_reversion,ES,time_of_day,2025-08-28,2025-08-28 13:45:00+00:00,1,6495.5,6495.75,6501.75,6490.5,25,20,2025-08-28 13:50:00+00:00,6490.25,stop,-275.0,-278.5,312.5
vwap_reversion,ES,time_of_day,2025-08-28,2025-08-28 13:51:00+00:00,1,6486.25,6486.5,6492.5,6481.25,25,20,2025-08-28 13:56:00+00:00,6481.0,stop,-275.0,-278.5,312.5
vwap_reversion,ES,time_of_day,2025-08-28,2025-08-28 13:57:00+00:00,1,6485.0,6485.25,6491.25,6480.0,25,20,2025-08-28 14:06:00+00:00,6491.25,target,300.0,296.5,312.5
vwap_reversion,ES,time_of_day,2025-08-29,2025-08-29 13:45:00+00:00,1,6490.5,6490.75,6496.75,6485.5,25,20,2025-08-29 13:47:00+00:00,6485.25,stop,-275.0,-278.5,312.5
vwap_reversion,ES,time_of_day,2025-08-29,2025-08-29 13:48:00+00:00,1,6487.75,6488.0,6494.0,6482.75,25,20,2025-08-29 13:50:00+00:00,6482.5,stop,-275.0,-278.5,312.5
vwap_reversion,ES,time_of_day,2025-08-29,2025-08-29 13:51:00+00:00,1,6486.75,6487.0,6493.0,6481.75,25,20,2025-08-29 13:56:00+00:00,6481.5,stop,-275.0,-278.5,312.5
vwap_reversion,ES,time_of_day,2025-09-01,2025-09-01 14:31:00+00:00,-1,6480.0,6479.75,6473.75,6485.0,25,20,2025-09-01 16:59:00+00:00,6483.25,session_flatten,-175.0,-178.5,312.5
vwap_reversion,ES,time_of_day,2025-09-02,2025-09-02 13:45:00+00:00,1,6393.5,6393.75,6399.75,6388.5,25,20,2025-09-02 13:47:00+00:00,6388.25,stop,-275.0,-278.5,312.5
vwap_reversion,ES,time_of_day,2025-09-02,2025-09-02 13:48:00+00:00,-1,6397.75,6397.5,6391.5,6402.75,25,20,2025-09-02 13:50:00+00:00,6403.0,stop,-275.0,-278.5,312.5
vwap_reversion,ES,time_of_day,2025-09-02,2025-09-02 13:51:00+00:00,-1,6411.0,6410.75,6404.75,6416.0,25,20,2025-09-02 13:55:00+00:00,6416.25,stop,-275.0,-278.5,312.5
vwap_reversion,ES,time_of_day,2025-09-03,2025-09-03 13:45:00+00:00,-1,6446.75,6446.5,6440.5,6451.75,25,20,2025-09-03 13:51:00+00:00,6452.0,stop,-275.0,-278.5,312.5
vwap_reversion,ES,time_of_day,2025-09-03,2025-09-03 13:52:00+00:00,-1,6448.5,6448.25,6442.25,6453.5,25,20,2025-09-03 13:55:00+00:00,6442.25,target,300.0,296.5,312.5
vwap_reversion,ES,time_of_day,2025-09-03,2025-09-03 13:56:00+00:00,-1,6443.75,6443.5,6437.5,6448.75,25,20,2025-09-03 14:03:00+00:00,6449.0,stop,-275.0,-278.5,312.5
vwap_reversion,ES,time_of_day,2025-09-04,2025-09-04 13:45:00+00:00,-1,6471.5,6471.25,6465.25,6476.5,25,20,2025-09-04 14:03:00+00:00,6465.25,target,300.0,296.5,312.5
vwap_reversion,ES,time_of_day,2025-09-04,2025-09-04 14:04:00+00:00,1,6462.25,6462.5,6468.5,6457.25,25,20,2025-09-04 14:15:00+00:00,6457.0,stop,-275.0,-278.5,312.5
vwap_reversion,ES,time_of_day,2025-09-04,2025-09-04 14:16:00+00:00,1,6456.75,6457.0,6463.0,6451.75,25,20,2025-09-04 14:19:00+00:00,6463.0,target,300.0,296.5,312.5
vwap_reversion,ES,time_of_day,2025-09-05,2025-09-05 13:45:00+00:00,-1,6534.5,6534.25,6528.25,6539.5,25,20,2025-09-05 13:49:00+00:00,6539.75,stop,-275.0,-278.5,312.5
vwap_reversion,ES,time_of_day,2025-09-05,2025-09-05 13:50:00+00:00,-1,6539.25,6539.0,6533.0,6544.25,25,20,2025-09-05 13:52:00+00:00,6533.0,target,300.0,296.5,312.5
vwap_reversion,ES,time_of_day,2025-09-05,2025-09-05 13:53:00+00:00,-1,6533.25,6533.0,6527.0,6538.25,25,20,2025-09-05 13:55:00+00:00,6527.0,target,300.0,296.5,312.5
vwap_reversion,ES,time_of_day,2025-09-08,2025-09-08 13:45:00+00:00,-1,6502.5,6502.25,6496.25,6507.5,25,20,2025-09-08 13:55:00+00:00,6507.75,stop,-275.0,-278.5,312.5
vwap_reversion,ES,time_of_day,2025-09-08,2025-09-08 13:56:00+00:00,-1,6506.5,6506.25,6500.25,6511.5,25,20,2025-09-08 14:00:00+00:00,6500.25,target,300.0,296.5,312.5
vwap_reversion,ES,time_of_day,2025-09-08,2025-09-08 14:01:00+00:00,-1,6497.75,6497.5,6491.5,6502.75,25,20,2025-09-08 14:06:00+00:00,6503.0,stop,-275.0,-278.5,312.5
vwap_reversion,ES,time_of_day,2025-09-09,2025-09-09 14:11:00+00:00,-1,6514.0,6513.75,6507.75,6519.0,25,20,2025-09-09 14:16:00+00:00,6507.75,target,300.0,296.5,312.5
vwap_reversion,ES,time_of_day,2025-09-09,2025-09-09 14:32:00+00:00,1,6497.5,6497.75,6503.75,6492.5,25,20,2025-09-09 14:35:00+00:00,6492.25,stop,-275.0,-278.5,312.5
vwap_reversion,ES,time_of_day,2025-09-09,2025-09-09 14:36:00+00:00,1,6490.25,6490.5,6496.5,6485.25,25,20,2025-09-09 14:45:00+00:00,6496.5,target,300.0,296.5,312.5
vwap_reversion,ES,time_of_day,2025-09-10,2025-09-10 13:45:00+00:00,-1,6548.5,6548.25,6542.25,6553.5,25,20,2025-09-10 13:48:00+00:00,6553.75,stop,-275.0,-278.5,312.5
vwap_reversion,ES,time_of_day,2025-09-10,2025-09-10 13:49:00+00:00,-1,6554.25,6554.0,6548.0,6559.25,25,20,2025-09-10 13:51:00+00:00,6548.0,target,300.0,296.5,312.5
vwap_reversion,ES,time_of_day,2025-09-10,2025-09-10 13:52:00+00:00,-1,6548.0,6547.75,6541.75,6553.0,25,20,2025-09-10 13:59:00+00:00,6553.25,stop,-275.0,-278.5,312.5
vwap_reversion,ES,time_of_day,2025-09-11,2025-09-11 13:45:00+00:00,-1,6553.75,6553.5,6547.5,6558.75,25,20,2025-09-11 13:46:00+00:00,6559.0,stop,-275.0,-278.5,312.5
vwap_reversion,ES,time_of_day,2025-09-11,2025-09-11 13:47:00+00:00,-1,6559.5,6559.25,6553.25,6564.5,25,20,2025-09-11 13:53:00+00:00,6564.75,stop,-275.0,-278.5,312.5
vwap_reversion,ES,time_of_day,2025-09-11,2025-09-11 13:54:00+00:00,-1,6567.5,6567.25,6561.25,6572.5,25,20,2025-09-11 13:58:00+00:00,6572.75,stop,-275.0,-278.5,312.5
vwap_reversion,ES,time_of_day,2025-09-12,2025-09-12 14:55:00+00:00,-1,6597.5,6597.25,6591.25,6602.5,25,20,2025-09-12 15:21:00+00:00,6591.25,target,300.0,296.5,312.5
vwap_reversion,ES,time_of_day,2025-09-12,2025-09-12 17:49:00+00:00,-1,6597.0,6596.75,6590.75,6602.0,25,20,2025-09-12 18:33:00+00:00,6602.25,stop,-275.0,-278.5,312.5
vwap_reversion,ES,time_of_day,2025-09-12,2025-09-12 18:34:00+00:00,-1,6601.25,6601.0,6595.0,6606.25,25,20,2025-09-12 19:28:00+00:00,6595.0,target,300.0,296.5,312.5
vwap_reversion,ES,time_of_day,2025-09-15,2025-09-15 13:45:00+00:00,-1,6612.25,6612.0,6606.0,6617.25,25,20,2025-09-15 13:51:00+00:00,6617.5,stop,-275.0,-278.5,312.5
vwap_reversion,ES,time_of_day,2025-09-15,2025-09-15 13:52:00+00:00,-1,6616.5,6616.25,6610.25,6621.5,25,20,2025-09-15 14:32:00+00:00,6621.75,stop,-275.0,-278.5,312.5
vwap_reversion,ES,time_of_day,2025-09-15,2025-09-15 14:33:00+00:00,-1,6620.0,6619.75,6613.75,6625.0,25,20,2025-09-15 16:58:00+00:00,6613.75,target,300.0,296.5,312.5
vwap_reversion,ES,time_of_day,2025-09-16,2025-09-16 13:50:00+00:00,1,6615.5,6615.75,6621.75,6610.5,25,20,2025-09-16 14:10:00+00:00,6610.25,stop,-275.0,-278.5,312.5
vwap_reversion,ES,time_of_day,2025-09-16,2025-09-16 14:11:00+00:00,1,6610.25,6610.5,6616.5,6605.25,25,20,2025-09-16 14:18:00+00:00,6616.5,target,300.0,296.5,312.5
vwap_reversion,ES,time_of_day,2025-09-16,2025-09-16 14:26:00+00:00,1,6611.25,6611.5,6617.5,6606.25,25,20,2025-09-16 15:02:00+00:00,6606.0,stop,-275.0,-278.5,312.5
vwap_reversion,ES,time_of_day,2025-09-17,2025-09-17 13:45:00+00:00,-1,6666.0,6665.75,6659.75,6671.0,25,20,2025-09-17 13:48:00+00:00,6671.25,stop,-275.0,-278.5,312.5
vwap_reversion,ES,time_of_day,2025-09-17,2025-09-17 13:49:00+00:00,-1,6670.5,6670.25,6664.25,6675.5,25,20,2025-09-17 13:54:00+00:00,6675.75,stop,-275.0,-278.5,312.5
vwap_reversion,ES,time_of_day,2025-09-17,2025-09-17 13:55:00+00:00,-1,6670.75,6670.5,6664.5,6675.75,25,20,2025-09-17 14:02:00+00:00,6664.5,target,300.0,296.5,312.5
vwap_reversion,ES,time_of_day,2025-09-18,2025-09-18 13:45:00+00:00,-1,6673.25,6673.0,6667.0,6678.25,25,20,2025-09-18 13:49:00+00:00,6678.5,stop,-275.0,-278.5,312.5
vwap_reversion,ES,time_of_day,2025-09-18,2025-09-18 13:50:00+00:00,-1,6689.0,6688.75,6682.75,6694.0,25,20,2025-09-18 13:54:00+00:00,6682.75,target,300.0,296.5,312.5
vwap_reversion,ES,time_of_day,2025-09-18,2025-09-18 13:55:00+00:00,-1,6680.5,6680.25,6674.25,6685.5,25,20,2025-09-18 13:58:00+00:00,6685.75,stop,-275.0,-278.5,312.5
vwap_reversion,ES,time_of_day,2025-09-19,2025-09-19 13:46:00+00:00,-1,6700.25,6700.0,6694.0,6705.25,25,20,2025-09-19 13:48:00+00:00,6705.5,stop,-275.0,-278.5,312.5
vwap_reversion,ES,time_of_day,2025-09-19,2025-09-19 13:49:00+00:00,-1,6708.5,6708.25,6702.25,6713.5,25,20,2025-09-19 14:18:00+00:00,6702.25,target,300.0,296.5,312.5
vwap_reversion,ES,time_of_day,2025-09-19,2025-09-19 14:19:00+00:00,-1,6703.5,6703.25,6697.25,6708.5,25,20,2025-09-19 14:44:00+00:00,6697.25,target,300.0,296.5,312.5
vwap_reversion,ES,time_of_day,2025-09-22,2025-09-22 13:45:00+00:00,1,6709.5,6709.75,6715.75,6704.5,25,20,2025-09-22 13:53:00+00:00,6715.75,target,300.0,296.5,312.5
vwap_reversion,ES,time_of_day,2025-09-22,2025-09-22 13:54:00+00:00,-1,6718.25,6718.0,6712.0,6723.25,25,20,2025-09-22 14:28:00+00:00,6723.5,stop,-275.0,-278.5,312.5
vwap_reversion,ES,time_of_day,2025-09-22,2025-09-22 14:29:00+00:00,-1,6724.75,6724.5,6718.5,6729.75,25,20,2025-09-22 14:44:00+00:00,6730.0,stop,-275.0,-278.5,312.5
vwap_reversion,ES,time_of_day,2025-09-23,2025-09-23 14:36:00+00:00,1,6745.0,6745.25,6751.25,6740.0,25,20,2025-09-23 15:41:00+00:00,6739.75,stop,-275.0,-278.5,312.5
vwap_reversion,ES,time_of_day,2025-09-23,2025-09-23 17:30:00+00:00,1,6719.5,6719.75,6725.75,6714.5,25,20,2025-09-23 17:35:00+00:00,6714.25,stop,-275.0,-278.5,312.5
vwap_reversion,ES,time_of_day,2025-09-23,2025-09-23 17:36:00+00:00,1,6711.75,6712.0,6718.0,6706.75,25,20,2025-09-23 17:40:00+00:00,6706.5,stop,-275.0,-278.5,312.5
vwap_reversion,ES,time_of_day,2025-09-24,2025-09-24 13:49:00+00:00,1,6711.25,6711.5,6717.5,6706.25,25,20,2025-09-24 13:51:00+00:00,6706.0,stop,-275.0,-278.5,312.5
vwap_reversion,ES,time_of_day,2025-09-24,2025-09-24 13:52:00+00:00,1,6709.5,6709.75,6715.75,6704.5,25,20,2025-09-24 14:04:00+00:00,6715.75,target,300.0,296.5,312.5
vwap_reversion,ES,time_of_day,2025-09-24,2025-09-24 15:10:00+00:00,1,6708.75,6709.0,6715.0,6703.75,25,20,2025-09-24 15:34:00+00:00,6703.5,stop,-275.0,-278.5,312.5
vwap_reversion,ES,time_of_day,2025-09-25,2025-09-25 13:45:00+00:00,1,6638.75,6639.0,6645.0,6633.75,25,20,2025-09-25 13:46:00+00:00,6633.5,stop,-275.0,-278.5,312.5
vwap_reversion,ES,time_of_day,2025-09-25,2025-09-25 13:47:00+00:00,1,6641.0,6641.25,6647.25,6636.0,25,20,2025-09-25 13:50:00+00:00,6647.25,target,300.0,296.5,312.5
vwap_reversion,ES,time_of_day,2025-09-25,2025-09-25 13:51:00+00:00,1,6642.0,6642.25,6648.25,6637.0,25,20,2025-09-25 13:52:00+00:00,6636.75,stop,-275.0,-278.5,312.5
vwap_reversion,ES,time_of_day,2025-09-26,2025-09-26 13:45:00+00:00,-1,6687.75,6687.5,6681.5,6692.75,25,20,2025-09-26 13:46:00+00:00,6693.0,stop,-275.0,-278.5,312.5
vwap_reversion,ES,time_of_day,2025-09-26,2025-09-26 13:47:00+00:00,-1,6694.25,6694.0,6688.0,6699.25,25,20,2025-09-26 14:00:00+00:00,6699.5,stop,-275.0,-278.5,312.5
vwap_reversion,ES,time_of_day,2025-09-26,2025-09-26 14:01:00+00:00,-1,6699.25,6699.0,6693.0,6704.25,25,20,2025-09-26 14:03:00+00:00,6693.0,target,300.0,296.5,312.5
vwap_reversion,ES,time_of_day,2025-09-29,2025-09-29 13:45:00+00:00,-1,6724.25,6724.0,6718.0,6729.25,25,20,2025-09-29 14:09:00+00:00,6729.5,stop,-275.0,-278.5,312.5
vwap_reversion,ES,time_of_day,2025-09-29,2025-09-29 14:10:00+00:00,-1,6728.5,6728.25,6722.25,6733.5,25,20,2025-09-29 14:16:00+00:00,6722.25,target,300.0,296.5,312.5
vwap_reversion,ES,time_of_day,2025-09-29,2025-09-29 14:17:00+00:00,-1,6723.0,6722.75,6716.75,6728.0,25,20,2025-09-29 14:25:00+00:00,6728.25,stop,-275.0,-278.5,312.5
vwap_reversion,ES,time_of_day,2025-09-30,2025-09-30 13:45:00+00:00,1,6709.0,6709.25,6715.25,6704.0,25,20,2025-09-30 13:49:00+00:00,6703.75,stop,-275.0,-278.5,312.5
vwap_reversion,ES,time_of_day,2025-09-30,2025-09-30 13:50:00+00:00,1,6703.0,6703.25,6709.25,6698.0,25,20,2025-09-30 13:55:00+00:00,6697.75,stop,-275.0,-278.5,312.5
vwap_reversion,ES,time_of_day,2025-09-30,2025-09-30 13:56:00+00:00,1,6702.75,6703.0,6709.0,6697.75,25,20,2025-09-30 14:00:00+00:00,6709.0,target,300.0,296.5,312.5
vwap_reversion,ES,time_of_day,2025-10-01,2025-10-01 13:45:00+00:00,1,6723.5,6723.75,6729.75,6718.5,25,20,2025-10-01 13:47:00+00:00,6718.25,stop,-275.0,-278.5,312.5
vwap_reversion,ES,time_of_day,2025-10-01,2025-10-01 13:48:00+00:00,1,6713.5,6713.75,6719.75,6708.5,25,20,2025-10-01 13:49:00+00:00,6708.25,stop,-275.0,-278.5,312.5
vwap_reversion,ES,time_of_day,2025-10-01,2025-10-01 13:50:00+00:00,1,6711.0,6711.25,6717.25,6706.0,25,20,2025-10-01 13:56:00+00:00,6717.25,target,300.0,296.5,312.5
vwap_reversion,ES,time_of_day,2025-10-02,2025-10-02 13:45:00+00:00,-1,6768.5,6768.25,6762.25,6773.5,25,20,2025-10-02 13:52:00+00:00,6762.25,target,300.0,296.5,312.5
vwap_reversion,ES,time_of_day,2025-10-02,2025-10-02 13:53:00+00:00,-1,6768.25,6768.0,6762.0,6773.25,25,20,2025-10-02 14:10:00+00:00,6762.0,target,300.0,296.5,312.5
vwap_reversion,ES,time_of_day,2025-10-02,2025-10-02 14:11:00+00:00,1,6759.75,6760.0,6766.0,6754.75,25,20,2025-10-02 14:46:00+00:00,6754.5,stop,-275.0,-278.5,312.5
vwap_reversion,ES,time_of_day,2025-10-03,2025-10-03 13:45:00+00:00,-1,6782.0,6781.75,6775.75,6787.0,25,20,2025-10-03 13:52:00+00:00,6787.25,stop,-275.0,-278.5,312.5
vwap_reversion,ES,time_of_day,2025-10-03,2025-10-03 13:53:00+00:00,-1,6787.5,6787.25,6781.25,6792.5,25,20,2025-10-03 13:56:00+00:00,6781.25,target,300.0,296.5,312.5
vwap_reversion,ES,time_of_day,2025-10-03,2025-10-03 13:57:00+00:00,-1,6781.75,6781.5,6775.5,6786.75,25,20,2025-10-03 14:00:00+00:00,6775.5,target,300.0,296.5,312.5
vwap_reversion,ES,time_of_day,2025-10-06,2025-10-06 13:45:00+00:00,-1,6776.5,6776.25,6770.25,6781.5,25,20,2025-10-06 14:00:00+00:00,6770.25,target,300.0,296.5,312.5
vwap_reversion,ES,time_of_day,2025-10-06,2025-10-06 14:01:00+00:00,1,6767.75,6768.0,6774.0,6762.75,25,20,2025-10-06 14:12:00+00:00,6774.0,target,300.0,296.5,312.5
vwap_reversion,ES,time_of_day,2025-10-06,2025-10-06 14:13:00+00:00,-1,6774.75,6774.5,6768.5,6779.75,25,20,2025-10-06 14:33:00+00:00,6780.0,stop,-275.0,-278.5,312.5
vwap_reversion,ES,time_of_day,2025-10-07,2025-10-07 13:45:00+00:00,-1,6796.0,6795.75,6789.75,6801.0,25,20,2025-10-07 14:03:00+00:00,6789.75,target,300.0,296.5,312.5
vwap_reversion,ES,time_of_day,2025-10-07,2025-10-07 14:04:00+00:00,1,6789.75,6790.0,6796.0,6784.75,25,20,2025-10-07 14:27:00+00:00,6784.5,stop,-275.0,-278.5,312.5
vwap_reversion,ES,time_of_day,2025-10-07,2025-10-07 14:28:00+00:00,1,6785.5,6785.75,6791.75,6780.5,25,20,2025-10-07 14:36:00+00:00,6780.25,stop,-275.0,-278.5,312.5
vwap_reversion,ES,time_of_day,2025-10-08,2025-10-08 13:47:00+00:00,-1,6773.5,6773.25,6767.25,6778.5,25,20,2025-10-08 14:00:00+00:00,6778.75,stop,-275.0,-278.5,312.5
vwap_reversion,ES,time_of_day,2025-10-08,2025-10-08 14:01:00+00:00,-1,6782.25,6782.0,6776.0,6787.25,25,20,2025-10-08 14:09:00+00:00,6787.5,stop,-275.0,-278.5,312.5
vwap_reversion,ES,time_of_day,2025-10-08,2025-10-08 14:10:00+00:00,-1,6788.5,6788.25,6782.25,6793.5,25,20,2025-10-08 15:11:00+00:00,6793.75,stop,-275.0,-278.5,312.5
vwap_reversion,ES,time_of_day,2025-10-09,2025-10-09 13:45:00+00:00,1,6796.0,6796.25,6802.25,6791.0,25,20,2025-10-09 13:52:00+00:00,6790.75,stop,-275.0,-278.5,312.5
vwap_reversion,ES,time_of_day,2025-10-09,2025-10-09 13:53:00+00:00,1,6790.25,6790.5,6796.5,6785.25,25,20,2025-10-09 13:55:00+00:00,6785.0,stop,-275.0,-278.5,312.5
vwap_reversion,ES,time_of_day,2025-10-09,2025-10-09 13:56:00+00:00,1,6788.5,6788.75,6794.75,6783.5,25,20,2025-10-09 14:21:00+00:00,6783.25,stop,-275.0,-278.5,312.5
vwap_reversion,ES,time_of_day,2025-10-10,2025-10-10 13:45:00+00:00,-1,6805.5,6805.25,6799.25,6810.5,25,20,2025-10-10 13:49:00+00:00,6799.25,target,300.0,296.5,312.5
vwap_reversion,ES,time_of_day,2025-10-10,2025-10-10 13:50:00+00:00,-1,6794.5,6794.25,6788.25,6799.5,25,20,2025-10-10 14:00:00+00:00,6799.75,stop,-275.0,-278.5,312.5
vwap_reversion,ES,time_of_day,2025-10-10,2025-10-10 14:01:00+00:00,1,6790.25,6790.5,6796.5,6785.25,25,20,2025-10-10 14:07:00+00:00,6796.5,target,300.0,296.5,312.5
vwap_reversion,ES,time_of_day,2025-10-13,2025-10-13 13:45:00+00:00,-1,6670.75,6670.5,6664.5,6675.75,25,20,2025-10-13 13:46:00+00:00,6676.0,stop,-275.0,-278.5,312.5
vwap_reversion,ES,time_of_day,2025-10-13,2025-10-13 13:47:00+00:00,-1,6678.5,6678.25,6672.25,6683.5,25,20,2025-10-13 13:49:00+00:00,6672.25,target,300.0,296.5,312.5
vwap_reversion,ES,time_of_day,2025-10-13,2025-10-13 13:50:00+00:00,-1,6684.0,6683.75,6677.75,6689.0,25,20,2025-10-13 13:57:00+00:00,6689.25,stop,-275.0,-278.5,312.5
vwap_reversion,ES,time_of_day,2025-10-14,2025-10-14 13:45:00+00:00,1,6605.5,6605.75,6611.75,6600.5,25,20,2025-10-14 13:48:00+00:00,6611.75,target,300.0,296.5,312.5
vwap_reversion,ES,time_of_day,2025-10-14,2025-10-14 13:49:00+00:00,1,6607.0,6607.25,6613.25,6602.0,25,20,2025-10-14 13:52:00+00:00,6613.25,target,300.0,296.5,312.5
vwap_reversion,ES,time_of_day,2025-10-14,2025-10-14 13:53:00+00:00,-1,6620.25,6620.0,6614.0,6625.25,25,20,2025-10-14 13:55:00+00:00,6625.5,stop,-275.0,-278.5,312.5
vwap_reversion,ES,time_of_day,2025-10-15,2025-10-15 13:45:00+00:00,-1,6741.0,6740.75,6734.75,6746.0,25,20,2025-10-15 13:46:00+00:00,6734.75,target,300.0,296.5,312.5
vwap_reversion,ES,time_of_day,2025-10-15,2025-10-15 13:47:00+00:00,-1,6731.25,6731.0,6725.0,6736.25,25,20,2025-10-15 13:49:00+00:00,6725.0,target,300.0,296.5,312.5
vwap_reversion,ES,time_of_day,2025-10-15,2025-10-15 13:50:00+00:00,-1,6730.0,6729.75,6723.75,6735.0,25,20,2025-10-15 13:51:00+00:00,6735.25,stop,-275.0,-278.5,312.5
vwap_reversion,ES,time_of_day,2025-10-16,2025-10-16 13:45:00+00:00,-1,6743.5,6743.25,6737.25,6748.5,25,20,2025-10-16 13:46:00+00:00,6737.25,target,300.0,296.5,312.5
vwap_reversion,ES,time_of_day,2025-10-16,2025-10-16 13:47:00+00:00,-1,6730.75,6730.5,6724.5,6735.75,25,20,2025-10-16 13:50:00+00:00,6724.5,target,300.0,296.5,312.5
vwap_reversion,ES,time_of_day,2025-10-16,2025-10-16 13:51:00+00:00,-1,6727.25,6727.0,6721.0,6732.25,25,20,2025-10-16 13:55:00+00:00,6732.5,stop,-275.0,-278.5,312.5
vwap_reversion,ES,time_of_day,2025-10-17,2025-10-17 13:45:00+00:00,1,6646.75,6647.0,6653.0,6641.75,25,20,2025-10-17 13:47:00+00:00,6653.0,target,300.0,296.5,312.5
vwap_reversion,ES,time_of_day,2025-10-17,2025-10-17 13:48:00+00:00,-1,6665.5,6665.25,6659.25,6670.5,25,20,2025-10-17 13:52:00+00:00,6670.75,stop,-275.0,-278.5,312.5
vwap_reversion,ES,time_of_day,2025-10-17,2025-10-17 13:53:00+00:00,-1,6676.25,6676.0,6670.0,6681.25,25,20,2025-10-17 13:55:00+00:00,6681.5,stop,-275.0,-278.5,312.5
vwap_reversion,ES,time_of_day,2025-10-20,2025-10-20 13:45:00+00:00,-1,6750.0,6749.75,6743.75,6755.0,25,20,2025-10-20 14:04:00+00:00,6755.25,stop,-275.0,-278.5,312.5
vwap_reversion,ES,time_of_day,2025-10-20,2025-10-20 14:05:00+00:00,-1,6751.75,6751.5,6745.5,6756.75,25,20,2025-10-20 14:08:00+00:00,6757.0,stop,-275.0,-278.5,312.5
vwap_reversion,ES,time_of_day,2025-10-20,2025-10-20 14:09:00+00:00,-1,6757.5,6757.25,6751.25,6762.5,25,20,2025-10-20 14:17:00+00:00,6751.25,target,300.0,296.5,312.5
vwap_reversion,ES,time_of_day,2025-10-21,2025-10-21 13:47:00+00:00,1,6766.0,6766.25,6772.25,6761.0,25,20,2025-10-21 14:01:00+00:00,6760.75,stop,-275.0,-278.5,312.5
vwap_reversion,ES,time_of_day,2025-10-21,2025-10-21 14:02:00+00:00,1,6760.75,6761.0,6767.0,6755.75,25,20,2025-10-21 14:07:00+00:00,6767.0,target,300.0,296.5,312.5
vwap_reversion,ES,time_of_day,2025-10-21,2025-10-21 14:09:00+00:00,1,6765.0,6765.25,6771.25,6760.0,25,20,2025-10-21 14:17:00+00:00,6771.25,target,300.0,296.5,312.5
vwap_reversion,ES,time_of_day,2025-10-22,2025-10-22 14:14:00+00:00,1,6766.25,6766.5,6772.5,6761.25,25,20,2025-10-22 14:26:00+00:00,6761.0,stop,-275.0,-278.5,312.5
vwap_reversion,ES,time_of_day,2025-10-22,2025-10-22 14:27:00+00:00,1,6757.5,6757.75,6763.75,6752.5,25,20,2025-10-22 14:29:00+00:00,6752.25,stop,-275.0,-278.5,312.5
vwap_reversion,ES,time_of_day,2025-10-22,2025-10-22 14:30:00+00:00,1,6751.25,6751.5,6757.5,6746.25,25,20,2025-10-22 14:43:00+00:00,6746.0,stop,-275.0,-278.5,312.5
vwap_reversion,ES,time_of_day,2025-10-23,2025-10-23 13:45:00+00:00,-1,6757.0,6756.75,6750.75,6762.0,25,20,2025-10-23 13:50:00+00:00,6762.25,stop,-275.0,-278.5,312.5
vwap_reversion,ES,time_of_day,2025-10-23,2025-10-23 13:51:00+00:00,-1,6765.5,6765.25,6759.25,6770.5,25,20,2025-10-23 13:53:00+00:00,6759.25,target,300.0,296.5,312.5
vwap_reversion,ES,time_of_day,2025-10-23,2025-10-23 13:54:00+00:00,-1,6762.5,6762.25,6756.25,6767.5,25,20,2025-10-23 13:58:00+00:00,6756.25,target,300.0,296.5,312.5
vwap_reversion,ES,time_of_day,2025-10-24,2025-10-24 13:45:00+00:00,-1,6832.25,6832.0,6826.0,6837.25,25,20,2025-10-24 13:48:00+00:00,6826.0,target,300.0,296.5,312.5
vwap_reversion,ES,time_of_day,2025-10-24,2025-10-24 13:49:00+00:00,-1,6826.25,6826.0,6820.0,6831.25,25,20,2025-10-24 13:59:00+00:00,6831.5,stop,-275.0,-278.5,312.5
vwap_reversion,ES,time_of_day,2025-10-24,2025-10-24 14:00:00+00:00,-1,6831.5,6831.25,6825.25,6836.5,25,20,2025-10-24 14:26:00+00:00,6825.25,target,300.0,296.5,312.5
vwap_reversion,ES,time_of_day,2025-10-27,2025-10-27 13:45:00+00:00,-1,6880.75,6880.5,6874.5,6885.75,25,20,2025-10-27 13:52:00+00:00,6886.0,stop,-275.0,-278.5,312.5
vwap_reversion,ES,time_of_day,2025-10-27,2025-10-27 13:53:00+00:00,-1,6884.25,6884.0,6878.0,6889.25,25,20,2025-10-27 14:03:00+00:00,6889.5,stop,-275.0,-278.5,312.5
vwap_reversion,ES,time_of_day,2025-10-27,2025-10-27 14:04:00+00:00,-1,6889.5,6889.25,6883.25,6894.5,25,20,2025-10-27 14:18:00+00:00,6883.25,target,300.0,296.5,312.5
vwap_reversion,ES,time_of_day,2025-10-28,2025-10-28 13:46:00+00:00,1,6913.0,6913.25,6919.25,6908.0,25,20,2025-10-28 13:48:00+00:00,6907.75,stop,-275.0,-278.5,312.5
vwap_reversion,ES,time_of_day,2025-10-28,2025-10-28 13:50:00+00:00,1,6908.25,6908.5,6914.5,6903.25,25,20,2025-10-28 13:56:00+00:00,6914.5,target,300.0,296.5,312.5
vwap_reversion,ES,time_of_day,2025-10-28,2025-10-28 13:57:00+00:00,1,6909.25,6909.5,6915.5,6904.25,25,20,2025-10-28 14:22:00+00:00,6915.5,target,300.0,296.5,312.5
vwap_reversion,ES,time_of_day,2025-10-29,2025-10-29 13:45:00+00:00,-1,6945.0,6944.75,6938.75,6950.0,25,20,2025-10-29 13:56:00+00:00,6950.25,stop,-275.0,-278.5,312.5
vwap_reversion,ES,time_of_day,2025-10-29,2025-10-29 13:57:00+00:00,-1,6951.0,6950.75,6944.75,6956.0,25,20,2025-10-29 14:06:00+00:00,6944.75,target,300.0,296.5,312.5
vwap_reversion,ES,time_of_day,2025-10-29,2025-10-29 14:07:00+00:00,-1,6943.5,6943.25,6937.25,6948.5,25,20,2025-10-29 14:44:00+00:00,6937.25,target,300.0,296.5,312.5
vwap_reversion,ES,time_of_day,2025-10-30,2025-10-30 13:45:00+00:00,1,6881.75,6882.0,6888.0,6876.75,25,20,2025-10-30 13:46:00+00:00,6888.0,target,300.0,296.5,312.5
vwap_reversion,ES,time_of_day,2025-10-30,2025-10-30 13:47:00+00:00,-1,6889.5,6889.25,6883.25,6894.5,25,20,2025-10-30 13:48:00+00:00,6894.75,stop,-275.0,-278.5,312.5
vwap_reversion,ES,time_of_day,2025-10-30,2025-10-30 13:49:00+00:00,-1,6893.5,6893.25,6887.25,6898.5,25,20,2025-10-30 13:50:00+00:00,6898.75,stop,-275.0,-278.5,312.5
vwap_reversion,ES,time_of_day,2025-10-31,2025-10-31 13:45:00+00:00,1,6881.5,6881.75,6887.75,6876.5,25,20,2025-10-31 13:47:00+00:00,6887.75,target,300.0,296.5,312.5
vwap_reversion,ES,time_of_day,2025-10-31,2025-10-31 13:48:00+00:00,1,6883.0,6883.25,6889.25,6878.0,25,20,2025-10-31 13:51:00+00:00,6889.25,target,300.0,296.5,312.5
vwap_reversion,ES,time_of_day,2025-10-31,2025-10-31 13:52:00+00:00,-1,6887.5,6887.25,6881.25,6892.5,25,20,2025-10-31 14:04:00+00:00,6881.25,target,300.0,296.5,312.5
vwap_reversion,ES,time_of_day,2025-11-03,2025-11-03 14:45:00+00:00,1,6883.75,6884.0,6890.0,6878.75,25,20,2025-11-03 14:50:00+00:00,6878.5,stop,-275.0,-278.5,312.5
vwap_reversion,ES,time_of_day,2025-11-03,2025-11-03 14:51:00+00:00,-1,6879.25,6879.0,6873.0,6884.25,25,20,2025-11-03 14:55:00+00:00,6873.0,target,300.0,296.5,312.5
vwap_reversion,ES,time_of_day,2025-11-03,2025-11-03 14:56:00+00:00,-1,6877.75,6877.5,6871.5,6882.75,25,20,2025-11-03 15:00:00+00:00,6871.5,target,300.0,296.5,312.5
vwap_reversion,ES,time_of_day,2025-11-04,2025-11-04 14:45:00+00:00,-1,6817.0,6816.75,6810.75,6822.0,25,20,2025-11-04 14:48:00+00:00,6822.25,stop,-275.0,-278.5,312.5
vwap_reversion,ES,time_of_day,2025-11-04,2025-11-04 14:49:00+00:00,-1,6820.5,6820.25,6814.25,6825.5,25,20,2025-11-04 14:51:00+00:00,6825.75,stop,-275.0,-278.5,312.5
vwap_reversion,ES,time_of_day,2025-11-04,2025-11-04 14:52:00+00:00,-1,6827.5,6827.25,6821.25,6832.5,25,20,2025-11-04 14:54:00+00:00,6832.75,stop,-275.0,-278.5,312.5
vwap_reversion,ES,time_of_day,2025-11-05,2025-11-05 14:45:00+00:00,1,6798.25,6798.5,6804.5,6793.25,25,20,2025-11-05 14:47:00+00:00,6804.5,target,300.0,296.5,312.5
vwap_reversion,ES,time_of_day,2025-11-05,2025-11-05 14:48:00+00:00,-1,6809.0,6808.75,6802.75,6814.0,25,20,2025-11-05 14:51:00+00:00,6814.25,stop,-275.0,-278.5,312.5
vwap_reversion,ES,time_of_day,2025-11-05,2025-11-05 14:52:00+00:00,-1,6814.75,6814.5,6808.5,6819.75,25,20,2025-11-05 14:54:00+00:00,6820.0,stop,-275.0,-278.5,312.5
vwap_reversion,ES,time_of_day,2025-11-06,2025-11-06 14:45:00+00:00,1,6812.75,6813.0,6819.0,6807.75,25,20,2025-11-06 14:50:00+00:00,6807.5,stop,-275.0,-278.5,312.5
vwap_reversion,ES,time_of_day,2025-11-06,2025-11-06 14:51:00+00:00,1,6801.5,6801.75,6807.75,6796.5,25,20,2025-11-06 14:54:00+00:00,6796.25,stop,-275.0,-278.5,312.5
vwap_reversion,ES,time_of_day,2025-11-06,2025-11-06 14:55:00+00:00,1,6798.75,6799.0,6805.0,6793.75,25,20,2025-11-06 14:57:00+00:00,6793.5,stop,-275.0,-278.5,312.5
vwap_reversion,ES,time_of_day,2025-11-07,2025-11-07 14:45:00+00:00,1,6703.25,6703.5,6709.5,6698.25,25,20,2025-11-07 14:46:00+00:00,6698.0,stop,-275.0,-278.5,312.5
vwap_reversion,ES,time_of_day,2025-11-07,2025-11-07 14:47:00+00:00,1,6696.0,6696.25,6702.25,6691.0,25,20,2025-11-07 14:48:00+00:00,6702.25,target,300.0,296.5,312.5
vwap_reversion,ES,time_of_day,2025-11-07,2025-11-07 14:49:00+00:00,1,6692.75,6693.0,6699.0,6687.75,25,20,2025-11-07 14:50:00+00:00,6699.0,target,300.0,296.5,312.5
vwap_reversion,ES,time_of_day,2025-11-10,2025-11-10 14:45:00+00:00,-1,6832.5,6832.25,6826.25,6837.5,25,20,2025-11-10 14:50:00+00:00,6826.25,target,300.0,296.5,312.5
vwap_reversion,ES,time_of_day,2025-11-10,2025-11-10 14:51:00+00:00,-1,6829.25,6829.0,6823.0,6834.25,25,20,2025-11-10 15:10:00+00:00,6834.5,stop,-275.0,-278.5,312.5
vwap_reversion,ES,time_of_day,2025-11-10,2025-11-10 15:11:00+00:00,-1,6833.25,6833.0,6827.0,6838.25,25,20,2025-11-10 15:19:00+00:00,6827.0,target,300.0,296.5,312.5
vwap_reversion,ES,time_of_day,2025-11-11,2025-11-11 14:45:00+00:00,1,6845.5,6845.75,6851.75,6840.5,25,20,2025-11-11 14:50:00+00:00,6840.25,stop,-275.0,-278.5,312.5
vwap_reversion,ES,time_of_day,2025-11-11,2025-11-11 14:51:00+00:00,1,6840.25,6840.5,6846.5,6835.25,25,20,2025-11-11 14:56:00+00:00,6846.5,target,300.0,296.5,312.5
vwap_reversion,ES,time_of_day,2025-11-11,2025-11-11 14:57:00+00:00,1,6849.5,6849.75,6855.75,6844.5,25,20,2025-11-11 15:04:00+00:00,6844.25,stop,-275.0,-278.5,312.5
vwap_reversion,ES,time_of_day,2025-11-12,2025-11-12 14:45:00+00:00,-1,6885.25,6885.0,6879.0,6890.25,25,20,2025-11-12 14:46:00+00:00,6879.0,target,300.0,296.5,312.5
vwap_reversion,ES,time_of_day,2025-11-12,2025-11-12 14:47:00+00:00,1,6877.75,6878.0,6884.0,6872.75,25,20,2025-11-12 15:01:00+00:00,6884.0,target,300.0,296.5,312.5
vwap_reversion,ES,time_of_day,2025-11-12,2025-11-12 15:02:00+00:00,-1,6881.25,6881.0,6875.0,6886.25,25,20,2025-11-12 15:13:00+00:00,6875.0,target,300.0,296.5,312.5
vwap_reversion,ES,time_of_day,2025-11-13,2025-11-13 14:45:00+00:00,1,6820.0,6820.25,6826.25,6815.0,25,20,2025-11-13 14:49:00+00:00,6826.25,target,300.0,296.5,312.5
vwap_reversion,ES,time_of_day,2025-11-13,2025-11-13 14:50:00+00:00,1,6827.0,6827.25,6833.25,6822.0,25,20,2025-11-13 14:52:00+00:00,6833.25,target,300.0,296.5,312.5
vwap_reversion,ES,time_of_day,2025-11-13,2025-11-13 14:53:00+00:00,1,6830.5,6830.75,6836.75,6825.5,25,20,2025-11-13 14:55:00+00:00,6825.25,stop,-275.0,-278.5,312.5
vwap_reversion,ES,time_of_day,2025-11-14,2025-11-14 14:45:00+00:00,-1,6709.0,6708.75,6702.75,6714.0,25,20,2025-11-14 14:46:00+00:00,6714.25,stop,-275.0,-278.5,312.5
vwap_reversion,ES,time_of_day,2025-11-14,2025-11-14 14:47:00+00:00,-1,6717.5,6717.25,6711.25,6722.5,25,20,2025-11-14 14:50:00+00:00,6711.25,target,300.0,296.5,312.5
vwap_reversion,ES,time_of_day,2025-11-14,2025-11-14 14:51:00+00:00,-1,6716.75,6716.5,6710.5,6721.75,25,20,2025-11-14 14:53:00+00:00,6722.0,stop,-275.0,-278.5,312.5
vwap_reversion,ES,time_of_day,2025-11-17,2025-11-17 14:45:00+00:00,-1,6761.5,6761.25,6755.25,6766.5,25,20,2025-11-17 14:47:00+00:00,6766.75,stop,-275.0,-278.5,312.5
vwap_reversion,ES,time_of_day,2025-11-17,2025-11-17 14:48:00+00:00,-1,6764.25,6764.0,6758.0,6769.25,25,20,2025-11-17 14:50:00+00:00,6769.5,stop,-275.0,-278.5,312.5
vwap_reversion,ES,time_of_day,2025-11-17,2025-11-17 14:51:00+00:00,-1,6773.0,6772.75,6766.75,6778.0,25,20,2025-11-17 14:57:00+00:00,6766.75,target,300.0,296.5,312.5
vwap_reversion,ES,time_of_day,2025-11-18,2025-11-18 14:45:00+00:00,1,6665.75,6666.0,6672.0,6660.75,25,20,2025-11-18 14:46:00+00:00,6660.5,stop,-275.0,-278.5,312.5
vwap_reversion,ES,time_of_day,2025-11-18,2025-11-18 14:47:00+00:00,1,6648.25,6648.5,6654.5,6643.25,25,20,2025-11-18 14:49:00+00:00,6643.0,stop,-275.0,-278.5,312.5
vwap_reversion,ES,time_of_day,2025-11-18,2025-11-18 14:50:00+00:00,1,6643.5,6643.75,6649.75,6638.5,25,20,2025-11-18 14:51:00+00:00,6638.25,stop,-275.0,-278.5,312.5
vwap_reversion,ES,time_of_day,2025-11-19,2025-11-19 14:45:00+00:00,-1,6668.0,6667.75,6661.75,6673.0,25,20,2025-11-19 14:49:00+00:00,6673.25,stop,-275.0,-278.5,312.5
vwap_reversion,ES,time_of_day,2025-11-19,2025-11-19 14:50:00+00:00,-1,6668.0,6667.75,6661.75,6673.0,25,20,2025-11-19 14:52:00+00:00,6673.25,stop,-275.0,-278.5,312.5
vwap_reversion,ES,time_of_day,2025-11-19,2025-11-19 14:53:00+00:00,-1,6680.0,6679.75,6673.75,6685.0,25,20,2025-11-19 14:57:00+00:00,6685.25,stop,-275.0,-278.5,312.5
vwap_reversion,ES,time_of_day,2025-11-20,2025-11-20 14:45:00+00:00,-1,6769.5,6769.25,6763.25,6774.5,25,20,2025-11-20 14:47:00+00:00,6774.75,stop,-275.0,-278.5,312.5
vwap_reversion,ES,time_of_day,2025-11-20,2025-11-20 14:48:00+00:00,-1,6780.75,6780.5,6774.5,6785.75,25,20,2025-11-20 14:49:00+00:00,6774.5,target,300.0,296.5,312.5
vwap_reversion,ES,time_of_day,2025-11-20,2025-11-20 14:50:00+00:00,-1,6779.0,6778.75,6772.75,6784.0,25,20,2025-11-20 14:56:00+00:00,6784.25,stop,-275.0,-278.5,312.5
vwap_reversion,ES,time_of_day,2025-11-21,2025-11-21 14:45:00+00:00,-1,6569.25,6569.0,6563.0,6574.25,25,20,2025-11-21 14:46:00+00:00,6563.0,target,300.0,296.5,312.5
vwap_reversion,ES,time_of_day,2025-11-21,2025-11-21 14:47:00+00:00,-1,6568.25,6568.0,6562.0,6573.25,25,20,2025-11-21 14:48:00+00:00,6573.5,stop,-275.0,-278.5,312.5
vwap_reversion,ES,time_of_day,2025-11-21,2025-11-21 14:49:00+00:00,-1,6577.75,6577.5,6571.5,6582.75,25,20,2025-11-21 14:52:00+00:00,6583.0,stop,-275.0,-278.5,312.5
vwap_reversion,ES,time_of_day,2025-11-24,2025-11-24 14:45:00+00:00,1,6664.25,6664.5,6670.5,6659.25,25,20,2025-11-24 14:46:00+00:00,6659.0,stop,-275.0,-278.5,312.5
vwap_reversion,ES,time_of_day,2025-11-24,2025-11-24 14:47:00+00:00,-1,6669.5,6669.25,6663.25,6674.5,25,20,2025-11-24 14:49:00+00:00,6663.25,target,300.0,296.5,312.5
vwap_reversion,ES,time_of_day,2025-11-24,2025-11-24 14:50:00+00:00,1,6649.75,6650.0,6656.0,6644.75,25,20,2025-11-24 14:52:00+00:00,6656.0,target,300.0,296.5,312.5
vwap_reversion,ES,time_of_day,2025-11-25,2025-11-25 14:45:00+00:00,1,6696.75,6697.0,6703.0,6691.75,25,20,2025-11-25 14:47:00+00:00,6691.5,stop,-275.0,-278.5,312.5
vwap_reversion,ES,time_of_day,2025-11-25,2025-11-25 14:48:00+00:00,1,6683.25,6683.5,6689.5,6678.25,25,20,2025-11-25 14:49:00+00:00,6678.0,stop,-275.0,-278.5,312.5
vwap_reversion,ES,time_of_day,2025-11-25,2025-11-25 14:50:00+00:00,1,6684.25,6684.5,6690.5,6679.25,25,20,2025-11-25 14:51:00+00:00,6690.5,target,300.0,296.5,312.5
vwap_reversion,ES,time_of_day,2025-11-26,2025-11-26 14:45:00+00:00,-1,6817.75,6817.5,6811.5,6822.75,25,20,2025-11-26 14:50:00+00:00,6823.0,stop,-275.0,-278.5,312.5
vwap_reversion,ES,time_of_day,2025-11-26,2025-11-26 14:51:00+00:00,-1,6819.25,6819.0,6813.0,6824.25,25,20,2025-11-26 14:53:00+00:00,6813.0,target,300.0,296.5,312.5
vwap_reversion,ES,time_of_day,2025-11-26,2025-11-26 14:54:00+00:00,-1,6812.75,6812.5,6806.5,6817.75,25,20,2025-11-26 14:56:00+00:00,6806.5,target,300.0,296.5,312.5
vwap_reversion,ES,time_of_day,2025-11-28,2025-11-28 14:45:00+00:00,-1,6835.0,6834.75,6828.75,6840.0,25,20,2025-11-28 14:49:00+00:00,6840.25,stop,-275.0,-278.5,312.5
vwap_reversion,ES,time_of_day,2025-11-28,2025-11-28 14:50:00+00:00,-1,6840.75,6840.5,6834.5,6845.75,25,20,2025-11-28 15:16:00+00:00,6846.0,stop,-275.0,-278.5,312.5
vwap_reversion,ES,time_of_day,2025-11-28,2025-11-28 15:17:00+00:00,-1,6845.25,6845.0,6839.0,6850.25,25,20,2025-11-28 15:48:00+00:00,6850.5,stop,-275.0,-278.5,312.5
vwap_reversion,ES,time_of_day,2025-12-01,2025-12-01 14:45:00+00:00,1,6823.0,6823.25,6829.25,6818.0,25,20,2025-12-01 14:47:00+00:00,6829.25,target,300.0,296.5,312.5
vwap_reversion,ES,time_of_day,2025-12-01,2025-12-01 14:48:00+00:00,-1,6828.5,6828.25,6822.25,6833.5,25,20,2025-12-01 14:52:00+00:00,6833.75,stop,-275.0,-278.5,312.5
vwap_reversion,ES,time_of_day,2025-12-01,2025-12-01 14:53:00+00:00,-1,6834.25,6834.0,6828.0,6839.25,25,20,2025-12-01 14:55:00+00:00,6839.5,stop,-275.0,-278.5,312.5
vwap_reversion,ES,time_of_day,2025-12-02,2025-12-02 14:45:00+00:00,-1,6849.5,6849.25,6843.25,6854.5,25,20,2025-12-02 14:49:00+00:00,6843.25,target,300.0,296.5,312.5
vwap_reversion,ES,time_of_day,2025-12-02,2025-12-02 14:50:00+00:00,-1,6845.75,6845.5,6839.5,6850.75,25,20,2025-12-02 15:00:00+00:00,6851.0,stop,-275.0,-278.5,312.5
vwap_reversion,ES,time_of_day,2025-12-02,2025-12-02 15:01:00+00:00,-1,6855.0,6854.75,6848.75,6860.0,25,20,2025-12-02 15:11:00+00:00,6848.75,target,300.0,296.5,312.5
vwap_reversion,ES,time_of_day,2025-12-03,2025-12-03 14:45:00+00:00,1,6832.0,6832.25,6838.25,6827.0,25,20,2025-12-03 14:49:00+00:00,6826.75,stop,-275.0,-278.5,312.5
vwap_reversion,ES,time_of_day,2025-12-03,2025-12-03 14:50:00+00:00,1,6832.0,6832.25,6838.25,6827.0,25,20,2025-12-03 14:51:00+00:00,6826.75,stop,-275.0,-278.5,312.5
vwap_reversion,ES,time_of_day,2025-12-03,2025-12-03 14:52:00+00:00,1,6825.25,6825.5,6831.5,6820.25,25,20,2025-12-03 14:53:00+00:00,6820.0,stop,-275.0,-278.5,312.5
vwap_reversion,ES,time_of_day,2025-12-04,2025-12-04 14:46:00+00:00,1,6859.0,6859.25,6865.25,6854.0,25,20,2025-12-04 14:51:00+00:00,6853.75,stop,-275.0,-278.5,312.5
vwap_reversion,ES,time_of_day,2025-12-04,2025-12-04 14:52:00+00:00,1,6856.0,6856.25,6862.25,6851.0,25,20,2025-12-04 14:58:00+00:00,6850.75,stop,-275.0,-278.5,312.5
vwap_reversion,ES,time_of_day,2025-12-04,2025-12-04 14:59:00+00:00,1,6853.5,6853.75,6859.75,6848.5,25,20,2025-12-04 15:17:00+00:00,6859.75,target,300.0,296.5,312.5
vwap_reversion,ES,time_of_day,2025-12-05,2025-12-05 14:45:00+00:00,-1,6881.5,6881.25,6875.25,6886.5,25,20,2025-12-05 14:49:00+00:00,6886.75,stop,-275.0,-278.5,312.5
vwap_reversion,ES,time_of_day,2025-12-05,2025-12-05 14:50:00+00:00,-1,6885.5,6885.25,6879.25,6890.5,25,20,2025-12-05 14:53:00+00:00,6890.75,stop,-275.0,-278.5,312.5
vwap_reversion,ES,time_of_day,2025-12-05,2025-12-05 14:54:00+00:00,-1,6890.25,6890.0,6884.0,6895.25,25,20,2025-12-05 15:02:00+00:00,6895.5,stop,-275.0,-278.5,312.5
vwap_reversion,ES,time_of_day,2025-12-08,2025-12-08 14:48:00+00:00,1,6873.0,6873.25,6879.25,6868.0,25,20,2025-12-08 14:55:00+00:00,6879.25,target,300.0,296.5,312.5
vwap_reversion,ES,time_of_day,2025-12-08,2025-12-08 15:05:00+00:00,1,6872.5,6872.75,6878.75,6867.5,25,20,2025-12-08 15:15:00+00:00,6867.25,stop,-275.0,-278.5,312.5
vwap_reversion,ES,time_of_day,2025-12-08,2025-12-08 15:16:00+00:00,1,6869.0,6869.25,6875.25,6864.0,25,20,2025-12-08 15:25:00+00:00,6863.75,stop,-275.0,-278.5,312.5
vwap_reversion,ES,time_of_day,2025-12-09,2025-12-09 14:50:00+00:00,-1,6861.25,6861.0,6855.0,6866.25,25,20,2025-12-09 15:02:00+00:00,6866.5,stop,-275.0,-278.5,312.5
vwap_reversion,ES,time_of_day,2025-12-09,2025-12-09 15:03:00+00:00,-1,6866.5,6866.25,6860.25,6871.5,25,20,2025-12-09 15:08:00+00:00,6860.25,target,300.0,296.5,312.5
vwap_reversion,ES,time_of_day,2025-12-09,2025-12-09 15:10:00+00:00,-1,6862.5,6862.25,6856.25,6867.5,25,20,2025-12-09 15:27:00+00:00,6856.25,target,300.0,296.5,312.5
vwap_reversion,ES,time_of_day,2025-12-10,2025-12-10 14:45:00+00:00,-1,6847.5,6847.25,6841.25,6852.5,25,20,2025-12-10 14:56:00+00:00,6841.25,target,300.0,296.5,312.5
vwap_reversion,ES,time_of_day,2025-12-10,2025-12-10 15:06:00+00:00,-1,6851.0,6850.75,6844.75,6856.0,25,20,2025-12-10 15:32:00+00:00,6844.75,target,300.0,296.5,312.5
vwap_reversion,ES,time_of_day,2025-12-10,2025-12-10 15:35:00+00:00,1,6841.0,6841.25,6847.25,6836.0,25,20,2025-12-10 15:37:00+00:00,6835.75,stop,-275.0,-278.5,312.5
vwap_reversion,ES,time_of_day,2025-12-11,2025-12-11 14:45:00+00:00,1,6867.0,6867.25,6873.25,6862.0,25,20,2025-12-11 14:47:00+00:00,6861.75,stop,-275.0,-278.5,312.5
vwap_reversion,ES,time_of_day,2025-12-11,2025-12-11 14:48:00+00:00,1,6858.5,6858.75,6864.75,6853.5,25,20,2025-12-11 14:49:00+00:00,6853.25,stop,-275.0,-278.5,312.5
vwap_reversion,ES,time_of_day,2025-12-11,2025-12-11 14:50:00+00:00,1,6848.5,6848.75,6854.75,6843.5,25,20,2025-12-11 14:54:00+00:00,6843.25,stop,-275.0,-278.5,312.5
vwap_reversion,ES,time_of_day,2025-12-12,2025-12-12 14:45:00+00:00,1,6892.0,6892.25,6898.25,6887.0,25,20,2025-12-12 14:50:00+00:00,6886.75,stop,-275.0,-278.5,312.5
vwap_reversion,ES,time_of_day,2025-12-12,2025-12-12 14:51:00+00:00,1,6890.5,6890.75,6896.75,6885.5,25,20,2025-12-12 15:00:00+00:00,6885.25,stop,-275.0,-278.5,312.5
vwap_reversion,ES,time_of_day,2025-12-12,2025-12-12 15:01:00+00:00,1,6885.25,6885.5,6891.5,6880.25,25,20,2025-12-12 15:04:00+00:00,6880.0,stop,-275.0,-278.5,312.5
vwap_reversion,ES,time_of_day,2025-12-15,2025-12-15 14:45:00+00:00,1,6848.25,6848.5,6854.5,6843.25,25,20,2025-12-15 14:52:00+00:00,6843.0,stop,-275.0,-278.5,312.5
vwap_reversion,ES,time_of_day,2025-12-15,2025-12-15 14:53:00+00:00,1,6841.0,6841.25,6847.25,6836.0,25,20,2025-12-15 15:00:00+00:00,6835.75,stop,-275.0,-278.5,312.5
vwap_reversion,ES,time_of_day,2025-12-15,2025-12-15 15:01:00+00:00,1,6834.25,6834.5,6840.5,6829.25,25,20,2025-12-15 15:03:00+00:00,6829.0,stop,-275.0,-278.5,312.5
vwap_reversion,ES,time_of_day,2025-12-16,2025-12-16 14:45:00+00:00,1,6791.5,6791.75,6797.75,6786.5,25,20,2025-12-16 14:46:00+00:00,6797.75,target,300.0,296.5,312.5
vwap_reversion,ES,time_of_day,2025-12-16,2025-12-16 14:47:00+00:00,1,6811.0,6811.25,6817.25,6806.0,25,20,2025-12-16 14:50:00+00:00,6817.25,target,300.0,296.5,312.5
vwap_reversion,ES,time_of_day,2025-12-16,2025-12-16 14:51:00+00:00,-1,6818.5,6818.25,6812.25,6823.5,25,20,2025-12-16 14:53:00+00:00,6812.25,target,300.0,296.5,312.5
vwap_reversion,ES,time_of_day,2025-12-17,2025-12-17 14:45:00+00:00,1,6848.75,6849.0,6855.0,6843.75,25,20,2025-12-17 14:46:00+00:00,6843.5,stop,-275.0,-278.5,312.5
vwap_reversion,ES,time_of_day,2025-12-17,2025-12-17 14:47:00+00:00,1,6846.25,6846.5,6852.5,6841.25,25,20,2025-12-17 14:49:00+00:00,6852.5,target,300.0,296.5,312.5
vwap_reversion,ES,time_of_day,2025-12-17,2025-12-17 14:50:00+00:00,-1,6852.75,6852.5,6846.5,6857.75,25,20,2025-12-17 14:55:00+00:00,6846.5,target,300.0,296.5,312.5
vwap_reversion,ES,time_of_day,2025-12-18,2025-12-18 14:45:00+00:00,1,6828.5,6828.75,6834.75,6823.5,25,20,2025-12-18 14:49:00+00:00,6823.25,stop,-275.0,-278.5,312.5
vwap_reversion,ES,time_of_day,2025-12-18,2025-12-18 14:50:00+00:00,1,6825.25,6825.5,6831.5,6820.25,25,20,2025-12-18 14:52:00+00:00,6831.5,target,300.0,296.5,312.5
vwap_reversion,ES,time_of_day,2025-12-18,2025-12-18 14:53:00+00:00,-1,6835.0,6834.75,6828.75,6840.0,25,20,2025-12-18 14:54:00+00:00,6840.25,stop,-275.0,-278.5,312.5
vwap_reversion,ES,time_of_day,2025-12-19,2025-12-19 14:45:00+00:00,-1,6874.75,6874.5,6868.5,6879.75,25,20,2025-12-19 14:58:00+00:00,6880.0,stop,-275.0,-278.5,312.5
vwap_reversion,ES,time_of_day,2025-12-19,2025-12-19 14:59:00+00:00,-1,6880.5,6880.25,6874.25,6885.5,25,20,2025-12-19 15:00:00+00:00,6885.75,stop,-275.0,-278.5,312.5
vwap_reversion,ES,time_of_day,2025-12-19,2025-12-19 15:01:00+00:00,-1,6883.75,6883.5,6877.5,6888.75,25,20,2025-12-19 15:07:00+00:00,6877.5,target,300.0,296.5,312.5
vwap_reversion,ES,time_of_day,2025-12-22,2025-12-22 14:45:00+00:00,-1,6914.25,6914.0,6908.0,6919.25,25,20,2025-12-22 14:48:00+00:00,6919.5,stop,-275.0,-278.5,312.5
vwap_reversion,ES,time_of_day,2025-12-22,2025-12-22 14:49:00+00:00,-1,6916.0,6915.75,6909.75,6921.0,25,20,2025-12-22 14:51:00+00:00,6921.25,stop,-275.0,-278.5,312.5
vwap_reversion,ES,time_of_day,2025-12-22,2025-12-22 14:52:00+00:00,-1,6918.0,6917.75,6911.75,6923.0,25,20,2025-12-22 14:54:00+00:00,6923.25,stop,-275.0,-278.5,312.5
vwap_reversion,ES,time_of_day,2025-12-23,2025-12-23 14:45:00+00:00,-1,6939.0,6938.75,6932.75,6944.0,25,20,2025-12-23 14:57:00+00:00,6932.75,target,300.0,296.5,312.5
vwap_reversion,ES,time_of_day,2025-12-23,2025-12-23 15:03:00+00:00,1,6926.25,6926.5,6932.5,6921.25,25,20,2025-12-23 15:16:00+00:00,6932.5,target,300.0,296.5,312.5
vwap_reversion,ES,time_of_day,2025-12-23,2025-12-23 15:35:00+00:00,-1,6938.25,6938.0,6932.0,6943.25,25,20,2025-12-23 15:49:00+00:00,6943.5,stop,-275.0,-278.5,312.5
vwap_reversion,ES,time_of_day,2025-12-24,2025-12-24 14:50:00+00:00,-1,6965.25,6965.0,6959.0,6970.25,25,20,2025-12-24 15:13:00+00:00,6970.5,stop,-275.0,-278.5,312.5
vwap_reversion,ES,time_of_day,2025-12-24,2025-12-24 15:14:00+00:00,-1,6970.25,6970.0,6964.0,6975.25,25,20,2025-12-24 15:59:00+00:00,6975.5,stop,-275.0,-278.5,312.5
vwap_reversion,ES,time_of_day,2025-12-24,2025-12-24 16:00:00+00:00,-1,6975.0,6974.75,6968.75,6980.0,25,20,2025-12-24 16:21:00+00:00,6980.25,stop,-275.0,-278.5,312.5
vwap_reversion,ES,time_of_day,2025-12-26,2025-12-26 14:45:00+00:00,-1,6992.75,6992.5,6986.5,6997.75,25,20,2025-12-26 14:50:00+00:00,6986.5,target,300.0,296.5,312.5
vwap_reversion,ES,time_of_day,2025-12-26,2025-12-26 14:52:00+00:00,-1,6987.25,6987.0,6981.0,6992.25,25,20,2025-12-26 15:01:00+00:00,6981.0,target,300.0,296.5,312.5
vwap_reversion,ES,time_of_day,2025-12-26,2025-12-26 15:02:00+00:00,1,6976.25,6976.5,6982.5,6971.25,25,20,2025-12-26 15:20:00+00:00,6982.5,target,300.0,296.5,312.5
vwap_reversion,ES,time_of_day,2025-12-29,2025-12-29 14:45:00+00:00,1,6953.25,6953.5,6959.5,6948.25,25,20,2025-12-29 15:06:00+00:00,6948.0,stop,-275.0,-278.5,312.5
vwap_reversion,ES,time_of_day,2025-12-29,2025-12-29 15:07:00+00:00,1,6947.75,6948.0,6954.0,6942.75,25,20,2025-12-29 15:24:00+00:00,6954.0,target,300.0,296.5,312.5
vwap_reversion,ES,time_of_day,2025-12-29,2025-12-29 15:25:00+00:00,1,6955.25,6955.5,6961.5,6950.25,25,20,2025-12-29 15:49:00+00:00,6950.0,stop,-275.0,-278.5,312.5
vwap_reversion,ES,time_of_day,2025-12-30,2025-12-30 14:45:00+00:00,1,6945.0,6945.25,6951.25,6940.0,25,20,2025-12-30 14:48:00+00:00,6951.25,target,300.0,296.5,312.5
vwap_reversion,ES,time_of_day,2025-12-30,2025-12-30 14:56:00+00:00,-1,6959.0,6958.75,6952.75,6964.0,25,20,2025-12-30 15:03:00+00:00,6952.75,target,300.0,296.5,312.5
vwap_reversion,ES,time_of_day,2025-12-30,2025-12-30 15:11:00+00:00,1,6947.75,6948.0,6954.0,6942.75,25,20,2025-12-30 15:18:00+00:00,6942.5,stop,-275.0,-278.5,312.5
vwap_reversion,ES,time_of_day,2025-12-31,2025-12-31 14:45:00+00:00,1,6928.25,6928.5,6934.5,6923.25,25,20,2025-12-31 14:52:00+00:00,6934.5,target,300.0,296.5,312.5
vwap_reversion,ES,time_of_day,2025-12-31,2025-12-31 14:53:00+00:00,1,6933.5,6933.75,6939.75,6928.5,25,20,2025-12-31 15:05:00+00:00,6928.25,stop,-275.0,-278.5,312.5
vwap_reversion,ES,time_of_day,2025-12-31,2025-12-31 15:06:00+00:00,1,6929.5,6929.75,6935.75,6924.5,25,20,2025-12-31 15:17:00+00:00,6924.25,stop,-275.0,-278.5,312.5
vwap_reversion,ES,time_of_day,2026-01-02,2026-01-02 14:45:00+00:00,-1,6920.5,6920.25,6914.25,6925.5,25,20,2026-01-02 14:47:00+00:00,6925.75,stop,-275.0,-278.5,312.5
vwap_reversion,ES,time_of_day,2026-01-02,2026-01-02 14:48:00+00:00,-1,6932.0,6931.75,6925.75,6937.0,25,20,2026-01-02 14:50:00+00:00,6937.25,stop,-275.0,-278.5,312.5
vwap_reversion,ES,time_of_day,2026-01-02,2026-01-02 14:51:00+00:00,-1,6935.5,6935.25,6929.25,6940.5,25,20,2026-01-02 15:08:00+00:00,6929.25,target,300.0,296.5,312.5
vwap_reversion,ES,time_of_day,2026-01-05,2026-01-05 14:45:00+00:00,-1,6946.75,6946.5,6940.5,6951.75,25,20,2026-01-05 14:47:00+00:00,6940.5,target,300.0,296.5,312.5
vwap_reversion,ES,time_of_day,2026-01-05,2026-01-05 14:48:00+00:00,-1,6939.5,6939.25,6933.25,6944.5,25,20,2026-01-05 15:00:00+00:00,6944.75,stop,-275.0,-278.5,312.5
vwap_reversion,ES,time_of_day,2026-01-05,2026-01-05 15:01:00+00:00,-1,6943.75,6943.5,6937.5,6948.75,25,20,2026-01-05 15:20:00+00:00,6949.0,stop,-275.0,-278.5,312.5
vwap_reversion,ES,time_of_day,2026-01-06,2026-01-06 14:45:00+00:00,-1,6955.5,6955.25,6949.25,6960.5,25,20,2026-01-06 14:49:00+00:00,6960.75,stop,-275.0,-278.5,312.5
vwap_reversion,ES,time_of_day,2026-01-06,2026-01-06 14:50:00+00:00,-1,6964.25,6964.0,6958.0,6969.25,25,20,2026-01-06 14:58:00+00:00,6969.5,stop,-275.0,-278.5,312.5
vwap_reversion,ES,time_of_day,2026-01-06,2026-01-06 14:59:00+00:00,-1,6969.0,6968.75,6962.75,6974.0,25,20,2026-01-06 15:07:00+00:00,6974.25,stop,-275.0,-278.5,312.5
vwap_reversion,ES,time_of_day,2026-01-07,2026-01-07 14:45:00+00:00,-1,6995.25,6995.0,6989.0,7000.25,25,20,2026-01-07 15:00:00+00:00,6989.0,target,300.0,296.5,312.5
vwap_reversion,ES,time_of_day,2026-01-07,2026-01-07 15:13:00+00:00,1,6983.5,6983.75,6989.75,6978.5,25,20,2026-01-07 15:17:00+00:00,6978.25,stop,-275.0,-278.5,312.5
vwap_reversion,ES,time_of_day,2026-01-07,2026-01-07 15:18:00+00:00,1,6980.25,6980.5,6986.5,6975.25,25,20,2026-01-07 15:32:00+00:00,6986.5,target,300.0,296.5,312.5
vwap_reversion,ES,time_of_day,2026-01-08,2026-01-08 14:45:00+00:00,1,6944.0,6944.25,6950.25,6939.0,25,20,2026-01-08 14:47:00+00:00,6950.25,target,300.0,296.5,312.5
vwap_reversion,ES,time_of_day,2026-01-08,2026-01-08 14:48:00+00:00,1,6952.5,6952.75,6958.75,6947.5,25,20,2026-01-08 15:00:00+00:00,6947.25,stop,-275.0,-278.5,312.5
vwap_reversion,ES,time_of_day,2026-01-08,2026-01-08 15:01:00+00:00,1,6946.5,6946.75,6952.75,6941.5,25,20,2026-01-08 15:05:00+00:00,6952.75,target,300.0,296.5,312.5
vwap_reversion,ES,time_of_day,2026-01-09,2026-01-09 14:45:00+00:00,-1,6977.5,6977.25,6971.25,6982.5,25,20,2026-01-09 14:47:00+00:00,6982.75,stop,-275.0,-278.5,312.5
vwap_reversion,ES,time_of_day,2026-01-09,2026-01-09 14:48:00+00:00,-1,6971.0,6970.75,6964.75,6976.0,25,20,2026-01-09 14:50:00+00:00,6976.25,stop,-275.0,-278.5,312.5
vwap_reversion,ES,time_of_day,2026-01-09,2026-01-09 14:51:00+00:00,-1,6973.5,6973.25,6967.25,6978.5,25,20,2026-01-09 14:53:00+00:00,6978.75,stop,-275.0,-278.5,312.5
vwap_reversion,ES,time_of_day,2026-01-12,2026-01-12 14:45:00+00:00,1,6989.75,6990.0,6996.0,6984.75,25,20,2026-01-12 14:50:00+00:00,6996.0,target,300.0,296.5,312.5
vwap_reversion,ES,time_of_day,2026-01-12,2026-01-12 14:51:00+00:00,-1,6998.5,6998.25,6992.25,7003.5,25,20,2026-01-12 15:58:00+00:00,7003.75,stop,-275.0,-278.5,312.5
vwap_reversion,ES,time_of_day,2026-01-12,2026-01-12 15:59:00+00:00,-1,7002.75,7002.5,6996.5,7007.75,25,20,2026-01-12 16:14:00+00:00,7008.0,stop,-275.0,-278.5,312.5
vwap_reversion,ES,time_of_day,2026-01-13,2026-01-13 14:45:00+00:00,1,7012.25,7012.5,7018.5,7007.25,25,20,2026-01-13 14:48:00+00:00,7007.0,stop,-275.0,-278.5,312.5
vwap_reversion,ES,time_of_day,2026-01-13,2026-01-13 14:50:00+00:00,1,7010.25,7010.5,7016.5,7005.25,25,20,2026-01-13 14:59:00+00:00,7005.0,stop,-275.0,-278.5,312.5
vwap_reversion,ES,time_of_day,2026-01-13,2026-01-13 15:00:00+00:00,1,7007.75,7008.0,7014.0,7002.75,25,20,2026-01-13 15:02:00+00:00,7002.5,stop,-275.0,-278.5,312.5
vwap_reversion,ES,time_of_day,2026-01-14,2026-01-14 14:45:00+00:00,1,6954.5,6954.75,6960.75,6949.5,25,20,2026-01-14 14:46:00+00:00,6960.75,target,300.0,296.5,312.5
vwap_reversion,ES,time_of_day,2026-01-14,2026-01-14 14:47:00+00:00,1,6963.0,6963.25,6969.25,6958.0,25,20,2026-01-14 14:50:00+00:00,6957.75,stop,-275.0,-278.5,312.5
vwap_reversion,ES,time_of_day,2026-01-14,2026-01-14 14:51:00+00:00,1,6957.75,6958.0,6964.0,6952.75,25,20,2026-01-14 14:58:00+00:00,6952.5,stop,-275.0,-278.5,312.5
vwap_reversion,ES,time_of_day,2026-01-15,2026-01-15 14:45:00+00:00,-1,7001.5,7001.25,6995.25,7006.5,25,20,2026-01-15 14:48:00+00:00,7006.75,stop,-275.0,-278.5,312.5
vwap_reversion,ES,time_of_day,2026-01-15,2026-01-15 14:49:00+00:00,-1,7005.25,7005.0,6999.0,7010.25,25,20,2026-01-15 14:50:00+00:00,6999.0,target,300.0,296.5,312.5
vwap_reversion,ES,time_of_day,2026-01-15,2026-01-15 14:51:00+00:00,1,6995.75,6996.0,7002.0,6990.75,25,20,2026-01-15 14:54:00+00:00,7002.0,target,300.0,296.5,312.5
vwap_reversion,ES,time_of_day,2026-01-16,2026-01-16 14:45:00+00:00,-1,6995.5,6995.25,6989.25,7000.5,25,20,2026-01-16 14:53:00+00:00,6989.25,target,300.0,296.5,312.5
vwap_reversion,ES,time_of_day,2026-01-16,2026-01-16 14:54:00+00:00,1,6988.25,6988.5,6994.5,6983.25,25,20,2026-01-16 14:57:00+00:00,6983.0,stop,-275.0,-278.5,312.5
vwap_reversion,ES,time_of_day,2026-01-16,2026-01-16 14:58:00+00:00,1,6982.0,6982.25,6988.25,6977.0,25,20,2026-01-16 15:00:00+00:00,6976.75,stop,-275.0,-278.5,312.5
vwap_reversion,ES,time_of_day,2026-01-19,2026-01-19 14:45:00+00:00,1,6888.0,6888.25,6894.25,6883.0,25,20,2026-01-19 14:50:00+00:00,6894.25,target,300.0,296.5,312.5
vwap_reversion,ES,time_of_day,2026-01-19,2026-01-19 14:51:00+00:00,1,6894.25,6894.5,6900.5,6889.25,25,20,2026-01-19 15:00:00+00:00,6900.5,target,300.0,296.5,312.5
vwap_reversion,ES,time_of_day,2026-01-19,2026-01-19 15:01:00+00:00,-1,6899.75,6899.5,6893.5,6904.75,25,20,2026-01-19 15:06:00+00:00,6905.0,stop,-275.0,-278.5,312.5
vwap_reversion,ES,time_of_day,2026-01-20,2026-01-20 14:45:00+00:00,1,6883.5,6883.75,6889.75,6878.5,25,20,2026-01-20 14:46:00+00:00,6878.25,stop,-275.0,-278.5,312.5
vwap_reversion,ES,time_of_day,2026-01-20,2026-01-20 14:47:00+00:00,1,6875.75,6876.0,6882.0,6870.75,25,20,2026-01-20 14:50:00+00:00,6882.0,target,300.0,296.5,312.5
vwap_reversion,ES,time_of_day,2026-01-20,2026-01-20 14:51:00+00:00,-1,6888.75,6888.5,6882.5,6893.75,25,20,2026-01-20 14:53:00+00:00,6882.5,target,300.0,296.5,312.5
vwap_reversion,ES,time_of_day,2026-01-21,2026-01-21 14:45:00+00:00,-1,6860.75,6860.5,6854.5,6865.75,25,20,2026-01-21 14:47:00+00:00,6866.0,stop,-275.0,-278.5,312.5
vwap_reversion,ES,time_of_day,2026-01-21,2026-01-21 14:48:00+00:00,-1,6863.5,6863.25,6857.25,6868.5,25,20,2026-01-21 14:49:00+00:00,6868.75,stop,-275.0,-278.5,312.5
vwap_reversion,ES,time_of_day,2026-01-21,2026-01-21 14:50:00+00:00,-1,6868.0,6867.75,6861.75,6873.0,25,20,2026-01-21 14:52:00+00:00,6873.25,stop,-275.0,-278.5,312.5
vwap_reversion,ES,time_of_day,2026-01-22,2026-01-22 14:45:00+00:00,1,6949.75,6950.0,6956.0,6944.75,25,20,2026-01-22 14:46:00+00:00,6944.5,stop,-275.0,-278.5,312.5
vwap_reversion,ES,time_of_day,2026-01-22,2026-01-22 14:47:00+00:00,1,6942.75,6943.0,6949.0,6937.75,25,20,2026-01-22 14:48:00+00:00,6937.5,stop,-275.0,-278.5,312.5
vwap_reversion,ES,time_of_day,2026-01-22,2026-01-22 14:49:00+00:00,1,6935.75,6936.0,6942.0,6930.75,25,20,2026-01-22 14:52:00+00:00,6942.0,target,300.0,296.5,312.5
vwap_reversion,ES,time_of_day,2026-01-23,2026-01-23 14:45:00+00:00,1,6935.75,6936.0,6942.0,6930.75,25,20,2026-01-23 14:47:00+00:00,6930.5,stop,-275.0,-278.5,312.5
vwap_reversion,ES,time_of_day,2026-01-23,2026-01-23 14:48:00+00:00,1,6929.25,6929.5,6935.5,6924.25,25,20,2026-01-23 14:55:00+00:00,6935.5,target,300.0,296.5,312.5
vwap_reversion,ES,time_of_day,2026-01-23,2026-01-23 14:56:00+00:00,1,6937.0,6937.25,6943.25,6932.0,25,20,2026-01-23 15:00:00+00:00,6943.25,target,300.0,296.5,312.5
vwap_reversion,ES,time_of_day,2026-01-26,2026-01-26 14:45:00+00:00,-1,6977.25,6977.0,6971.0,6982.25,25,20,2026-01-26 15:10:00+00:00,6971.0,target,300.0,296.5,312.5
vwap_reversion,ES,time_of_day,2026-01-26,2026-01-26 15:11:00+00:00,-1,6974.25,6974.0,6968.0,6979.25,25,20,2026-01-26 15:13:00+00:00,6979.5,stop,-275.0,-278.5,312.5
vwap_reversion,ES,time_of_day,2026-01-26,2026-01-26 15:14:00+00:00,-1,6979.5,6979.25,6973.25,6984.5,25,20,2026-01-26 15:19:00+00:00,6984.75,stop,-275.0,-278.5,312.5
vwap_reversion,ES,time_of_day,2026-01-27,2026-01-27 14:45:00+00:00,-1,6995.75,6995.5,6989.5,7000.75,25,20,2026-01-27 14:50:00+00:00,7001.0,stop,-275.0,-278.5,312.5
vwap_reversion,ES,time_of_day,2026-01-27,2026-01-27 14:51:00+00:00,-1,7001.0,7000.75,6994.75,7006.0,25,20,2026-01-27 14:53:00+00:00,7006.25,stop,-275.0,-278.5,312.5
vwap_reversion,ES,time_of_day,2026-01-27,2026-01-27 14:54:00+00:00,-1,7005.5,7005.25,6999.25,7010.5,25,20,2026-01-27 15:05:00+00:00,6999.25,target,300.0,296.5,312.5
vwap_reversion,ES,time_of_day,2026-01-28,2026-01-28 14:45:00+00:00,-1,7030.5,7030.25,7024.25,7035.5,25,20,2026-01-28 14:47:00+00:00,7024.25,target,300.0,296.5,312.5
vwap_reversion,ES,time_of_day,2026-01-28,2026-01-28 14:48:00+00:00,-1,7023.25,7023.0,7017.0,7028.25,25,20,2026-01-28 14:52:00+00:00,7028.5,stop,-275.0,-278.5,312.5
vwap_reversion,ES,time_of_day,2026-01-28,2026-01-28 14:53:00+00:00,-1,7026.5,7026.25,7020.25,7031.5,25,20,2026-01-28 15:02:00+00:00,7020.25,target,300.0,296.5,312.5
vwap_reversion,ES,time_of_day,2026-01-29,2026-01-29 14:45:00+00:00,1,6982.5,6982.75,6988.75,6977.5,25,20,2026-01-29 14:46:00+00:00,6977.25,stop,-275.0,-278.5,312.5
vwap_reversion,ES,time_of_day,2026-01-29,2026-01-29 14:47:00+00:00,1,6981.5,6981.75,6987.75,6976.5,25,20,2026-01-29 14:48:00+00:00,6987.75,target,300.0,296.5,312.5
vwap_reversion,ES,time_of_day,2026-01-29,2026-01-29 14:49:00+00:00,1,6987.75,6988.0,6994.0,6982.75,25,20,2026-01-29 14:50:00+00:00,6982.5,stop,-275.0,-278.5,312.5
vwap_reversion,ES,time_of_day,2026-01-30,2026-01-30 14:45:00+00:00,1,6971.0,6971.25,6977.25,6966.0,25,20,2026-01-30 14:49:00+00:00,6977.25,target,300.0,296.5,312.5
vwap_reversion,ES,time_of_day,2026-01-30,2026-01-30 14:50:00+00:00,1,6977.0,6977.25,6983.25,6972.0,25,20,2026-01-30 14:53:00+00:00,6971.75,stop,-275.0,-278.5,312.5
vwap_reversion,ES,time_of_day,2026-01-30,2026-01-30 14:54:00+00:00,1,6971.5,6971.75,6977.75,6966.5,25,20,2026-01-30 14:56:00+00:00,6977.75,target,300.0,296.5,312.5
vwap_reversion,ES,time_of_day,2026-02-02,2026-02-02 14:45:00+00:00,-1,6973.5,6973.25,6967.25,6978.5,25,20,2026-02-02 14:50:00+00:00,6978.75,stop,-275.0,-278.5,312.5
vwap_reversion,ES,time_of_day,2026-02-02,2026-02-02 14:51:00+00:00,-1,6984.0,6983.75,6977.75,6989.0,25,20,2026-02-02 14:56:00+00:00,6977.75,target,300.0,296.5,312.5
vwap_reversion,ES,time_of_day,2026-02-02,2026-02-02 14:57:00+00:00,-1,6975.75,6975.5,6969.5,6980.75,25,20,2026-02-02 15:02:00+00:00,6981.0,stop,-275.0,-278.5,312.5
vwap_reversion,ES,time_of_day,2026-02-03,2026-02-03 14:45:00+00:00,1,6999.75,7000.0,7006.0,6994.75,25,20,2026-02-03 14:47:00+00:00,7006.0,target,300.0,296.5,312.5
vwap_reversion,ES,time_of_day,2026-02-03,2026-02-03 14:48:00+00:00,-1,7007.25,7007.0,7001.0,7012.25,25,20,2026-02-03 14:51:00+00:00,7001.0,target,300.0,296.5,312.5
vwap_reversion,ES,time_of_day,2026-02-03,2026-02-03 14:52:00+00:00,-1,7005.0,7004.75,6998.75,7010.0,25,20,2026-02-03 14:54:00+00:00,6998.75,target,300.0,296.5,312.5
vwap_reversion,ES,time_of_day,2026-02-04,2026-02-04 14:46:00+00:00,-1,6950.75,6950.5,6944.5,6955.75,25,20,2026-02-04 14:48:00+00:00,6956.0,stop,-275.0,-278.5,312.5
vwap_reversion,ES,time_of_day,2026-02-04,2026-02-04 14:49:00+00:00,-1,6956.0,6955.75,6949.75,6961.0,25,20,2026-02-04 14:50:00+00:00,6949.75,target,300.0,296.5,312.5
vwap_reversion,ES,time_of_day,2026-02-04,2026-02-04 14:53:00+00:00,1,6936.0,6936.25,6942.25,6931.0,25,20,2026-02-04 14:54:00+00:00,6942.25,target,300.0,296.5,312.5
vwap_reversion,ES,time_of_day,2026-02-05,2026-02-05 14:45:00+00:00,-1,6874.25,6874.0,6868.0,6879.25,25,20,2026-02-05 14:46:00+00:00,6868.0,target,300.0,296.5,312.5
vwap_reversion,ES,time_of_day,2026-02-05,2026-02-05 14:47:00+00:00,-1,6869.0,6868.75,6862.75,6874.0,25,20,2026-02-05 14:48:00+00:00,6874.25,stop,-275.0,-278.5,312.5
vwap_reversion,ES,time_of_day,2026-02-05,2026-02-05 14:49:00+00:00,-1,6873.75,6873.5,6867.5,6878.75,25,20,2026-02-05 14:50:00+00:00,6879.0,stop,-275.0,-278.5,312.5
vwap_reversion,ES,time_of_day,2026-02-06,2026-02-06 14:45:00+00:00,-1,6897.75,6897.5,6891.5,6902.75,25,20,2026-02-06 14:46:00+00:00,6891.5,target,300.0,296.5,312.5
vwap_reversion,ES,time_of_day,2026-02-06,2026-02-06 14:47:00+00:00,-1,6897.5,6897.25,6891.25,6902.5,25,20,2026-02-06 14:51:00+00:00,6902.75,stop,-275.0,-278.5,312.5
vwap_reversion,ES,time_of_day,2026-02-06,2026-02-06 14:52:00+00:00,-1,6906.0,6905.75,6899.75,6911.0,25,20,2026-02-06 14:53:00+00:00,6899.75,target,300.0,296.5,312.5
vwap_reversion,ES,time_of_day,2026-02-09,2026-02-09 14:45:00+00:00,-1,6951.25,6951.0,6945.0,6956.25,25,20,2026-02-09 14:46:00+00:00,6956.5,stop,-275.0,-278.5,312.5
vwap_reversion,ES,time_of_day,2026-02-09,2026-02-09 14:47:00+00:00,-1,6955.0,6954.75,6948.75,6960.0,25,20,2026-02-09 14:50:00+00:00,6948.75,target,300.0,296.5,312.5
vwap_reversion,ES,time_of_day,2026-02-09,2026-02-09 15:04:00+00:00,-1,6953.75,6953.5,6947.5,6958.75,25,20,2026-02-09 15:06:00+00:00,6959.0,stop,-275.0,-278.5,312.5
vwap_reversion,ES,time_of_day,2026-02-10,2026-02-10 14:45:00+00:00,1,6979.0,6979.25,6985.25,6974.0,25,20,2026-02-10 14:50:00+00:00,6985.25,target,300.0,296.5,312.5
vwap_reversion,ES,time_of_day,2026-02-10,2026-02-10 14:53:00+00:00,-1,6990.25,6990.0,6984.0,6995.25,25,20,2026-02-10 14:55:00+00:00,6995.5,stop,-275.0,-278.5,312.5
vwap_reversion,ES,time_of_day,2026-02-10,2026-02-10 14:56:00+00:00,-1,6997.5,6997.25,6991.25,7002.5,25,20,2026-02-10 15:06:00+00:00,7002.75,stop,-275.0,-278.5,312.5
vwap_reversion,ES,time_of_day,2026-02-11,2026-02-11 14:45:00+00:00,-1,7000.75,7000.5,6994.5,7005.75,25,20,2026-02-11 14:46:00+00:00,6994.5,target,300.0,296.5,312.5
vwap_reversion,ES,time_of_day,2026-02-11,2026-02-11 14:47:00+00:00,-1,6996.5,6996.25,6990.25,7001.5,25,20,2026-02-11 14:50:00+00:00,6990.25,target,300.0,296.5,312.5
vwap_reversion,ES,time_of_day,2026-02-11,2026-02-11 14:51:00+00:00,-1,6993.5,6993.25,6987.25,6998.5,25,20,2026-02-11 14:56:00+00:00,6987.25,target,300.0,296.5,312.5
vwap_reversion,ES,time_of_day,2026-02-12,2026-02-12 14:45:00+00:00,1,6975.0,6975.25,6981.25,6970.0,25,20,2026-02-12 14:47:00+00:00,6981.25,target,300.0,296.5,312.5
vwap_reversion,ES,time_of_day,2026-02-12,2026-02-12 14:48:00+00:00,1,6975.5,6975.75,6981.75,6970.5,25,20,2026-02-12 14:49:00+00:00,6970.25,stop,-275.0,-278.5,312.5
vwap_reversion,ES,time_of_day,2026-02-12,2026-02-12 14:50:00+00:00,1,6975.0,6975.25,6981.25,6970.0,25,20,2026-02-12 14:56:00+00:00,6969.75,stop,-275.0,-278.5,312.5
vwap_reversion,ES,time_of_day,2026-02-13,2026-02-13 14:45:00+00:00,-1,6855.25,6855.0,6849.0,6860.25,25,20,2026-02-13 14:48:00+00:00,6860.5,stop,-275.0,-278.5,312.5
vwap_reversion,ES,time_of_day,2026-02-13,2026-02-13 14:50:00+00:00,1,6837.75,6838.0,6844.0,6832.75,25,20,2026-02-13 14:51:00+00:00,6844.0,target,300.0,296.5,312.5
vwap_reversion,ES,time_of_day,2026-02-13,2026-02-13 14:52:00+00:00,1,6838.25,6838.5,6844.5,6833.25,25,20,2026-02-13 14:53:00+00:00,6844.5,target,300.0,296.5,312.5
vwap_reversion,ES,time_of_day,2026-02-16,2026-02-16 14:46:00+00:00,1,6847.75,6848.0,6854.0,6842.75,25,20,2026-02-16 14:50:00+00:00,6854.0,target,300.0,296.5,312.5
vwap_reversion,ES,time_of_day,2026-02-16,2026-02-16 14:55:00+00:00,-1,6860.0,6859.75,6853.75,6865.0,25,20,2026-02-16 15:21:00+00:00,6853.75,target,300.0,296.5,312.5
vwap_reversion,ES,time_of_day,2026-02-16,2026-02-16 15:31:00+00:00,1,6848.0,6848.25,6854.25,6843.0,25,20,2026-02-16 15:45:00+00:00,6842.75,stop,-275.0,-278.5,312.5
vwap_reversion,ES,time_of_day,2026-02-17,2026-02-17 14:45:00+00:00,1,6835.25,6835.5,6841.5,6830.25,25,20,2026-02-17 14:46:00+00:00,6841.5,target,300.0,296.5,312.5
vwap_reversion,ES,time_of_day,2026-02-17,2026-02-17 14:47:00+00:00,1,6832.0,6832.25,6838.25,6827.0,25,20,2026-02-17 14:48:00+00:00,6838.25,target,300.0,296.5,312.5
vwap_reversion,ES,time_of_day,2026-02-17,2026-02-17 14:49:00+00:00,1,6836.5,6836.75,6842.75,6831.5,25,20,2026-02-17 14:50:00+00:00,6831.25,stop,-275.0,-278.5,312.5
vwap_reversion,ES,time_of_day,2026-02-18,2026-02-18 14:45:00+00:00,-1,6886.0,6885.75,6879.75,6891.0,25,20,2026-02-18 14:46:00+00:00,6879.75,target,300.0,296.5,312.5
vwap_reversion,ES,time_of_day,2026-02-18,2026-02-18 14:47:00+00:00,-1,6879.75,6879.5,6873.5,6884.75,25,20,2026-02-18 14:48:00+00:00,6873.5,target,300.0,296.5,312.5
vwap_reversion,ES,time_of_day,2026-02-18,2026-02-18 14:49:00+00:00,-1,6871.0,6870.75,6864.75,6876.0,25,20,2026-02-18 14:52:00+00:00,6876.25,stop,-275.0,-278.5,312.5
vwap_reversion,ES,time_of_day,2026-02-19,2026-02-19 14:45:00+00:00,1,6865.25,6865.5,6871.5,6860.25,25,20,2026-02-19 14:46:00+00:00,6871.5,target,300.0,296.5,312.5
vwap_reversion,ES,time_of_day,2026-02-19,2026-02-19 14:47:00+00:00,1,6873.75,6874.0,6880.0,6868.75,25,20,2026-02-19 14:48:00+00:00,6868.5,stop,-275.0,-278.5,312.5
vwap_reversion,ES,time_of_day,2026-02-19,2026-02-19 14:49:00+00:00,1,6873.25,6873.5,6879.5,6868.25,25,20,2026-02-19 14:52:00+00:00,6879.5,target,300.0,296.5,312.5
vwap_reversion,ES,time_of_day,2026-02-20,2026-02-20 14:45:00+00:00,-1,6877.25,6877.0,6871.0,6882.25,25,20,2026-02-20 14:49:00+00:00,6871.0,target,300.0,296.5,312.5
vwap_reversion,ES,time_of_day,2026-02-20,2026-02-20 14:51:00+00:00,1,6866.0,6866.25,6872.25,6861.0,25,20,2026-02-20 14:53:00+00:00,6872.25,target,300.0,296.5,312.5
vwap_reversion,ES,time_of_day,2026-02-20,2026-02-20 14:58:00+00:00,-1,6875.5,6875.25,6869.25,6880.5,25,20,2026-02-20 14:59:00+00:00,6880.75,stop,-275.0,-278.5,312.5
vwap_reversion,ES,time_of_day,2026-02-23,2026-02-23 14:45:00+00:00,1,6902.5,6902.75,6908.75,6897.5,25,20,2026-02-23 14:47:00+00:00,6908.75,target,300.0,296.5,312.5
vwap_reversion,ES,time_of_day,2026-02-23,2026-02-23 14:48:00+00:00,1,6903.25,6903.5,6909.5,6898.25,25,20,2026-02-23 14:49:00+00:00,6898.0,stop,-275.0,-278.5,312.5
vwap_reversion,ES,time_of_day,2026-02-23,2026-02-23 14:50:00+00:00,1,6908.25,6908.5,6914.5,6903.25,25,20,2026-02-23 14:52:00+00:00,6903.0,stop,-275.0,-278.5,312.5
vwap_reversion,ES,time_of_day,2026-02-24,2026-02-24 14:45:00+00:00,-1,6873.0,6872.75,6866.75,6878.0,25,20,2026-02-24 14:47:00+00:00,6878.25,stop,-275.0,-278.5,312.5
vwap_reversion,ES,time_of_day,2026-02-24,2026-02-24 14:48:00+00:00,-1,6874.75,6874.5,6868.5,6879.75,25,20,2026-02-24 14:54:00+00:00,6868.5,target,300.0,296.5,312.5
vwap_reversion,ES,time_of_day,2026-02-24,2026-02-24 14:55:00+00:00,-1,6864.5,6864.25,6858.25,6869.5,25,20,2026-02-24 14:58:00+00:00,6858.25,target,300.0,296.5,312.5
vwap_reversion,ES,time_of_day,2026-02-25,2026-02-25 14:45:00+00:00,-1,6943.0,6942.75,6936.75,6948.0,25,20,2026-02-25 14:51:00+00:00,6948.25,stop,-275.0,-278.5,312.5
vwap_reversion,ES,time_of_day,2026-02-25,2026-02-25 14:52:00+00:00,-1,6943.5,6943.25,6937.25,6948.5,25,20,2026-02-25 14:57:00+00:00,6937.25,target,300.0,296.5,312.5
vwap_reversion,ES,time_of_day,2026-02-25,2026-02-25 14:58:00+00:00,-1,6941.5,6941.25,6935.25,6946.5,25,20,2026-02-25 15:06:00+00:00,6935.25,target,300.0,296.5,312.5
vwap_reversion,ES,time_of_day,2026-02-26,2026-02-26 14:45:00+00:00,1,6937.5,6937.75,6943.75,6932.5,25,20,2026-02-26 14:50:00+00:00,6943.75,target,300.0,296.5,312.5
vwap_reversion,ES,time_of_day,2026-02-26,2026-02-26 14:51:00+00:00,1,6937.75,6938.0,6944.0,6932.75,25,20,2026-02-26 14:58:00+00:00,6932.5,stop,-275.0,-278.5,312.5
vwap_reversion,ES,time_of_day,2026-02-26,2026-02-26 14:59:00+00:00,1,6934.5,6934.75,6940.75,6929.5,25,20,2026-02-26 15:01:00+00:00,6929.25,stop,-275.0,-278.5,312.5
vwap_reversion,ES,time_of_day,2026-02-27,2026-02-27 14:45:00+00:00,1,6852.0,6852.25,6858.25,6847.0,25,20,2026-02-27 14:46:00+00:00,6858.25,target,300.0,296.5,312.5
vwap_reversion,ES,time_of_day,2026-02-27,2026-02-27 14:47:00+00:00,1,6851.25,6851.5,6857.5,6846.25,25,20,2026-02-27 14:48:00+00:00,6857.5,target,300.0,296.5,312.5
vwap_reversion,ES,time_of_day,2026-02-27,2026-02-27 14:49:00+00:00,1,6860.75,6861.0,6867.0,6855.75,25,20,2026-02-27 14:50:00+00:00,6855.5,stop,-275.0,-278.5,312.5
vwap_reversion,ES,time_of_day,2026-03-02,2026-03-02 14:45:00+00:00,-1,6849.5,6849.25,6843.25,6854.5,25,20,2026-03-02 14:48:00+00:00,6854.75,stop,-275.0,-278.5,312.5
vwap_reversion,ES,time_of_day,2026-03-02,2026-03-02 14:49:00+00:00,-1,6856.5,6856.25,6850.25,6861.5,25,20,2026-03-02 14:51:00+00:00,6850.25,target,300.0,296.5,312.5
vwap_reversion,ES,time_of_day,2026-03-02,2026-03-02 14:52:00+00:00,-1,6845.5,6845.25,6839.25,6850.5,25,20,2026-03-02 14:54:00+00:00,6850.75,stop,-275.0,-278.5,312.5
vwap_reversion,ES,time_of_day,2026-03-03,2026-03-03 14:45:00+00:00,1,6763.75,6764.0,6770.0,6758.75,25,20,2026-03-03 14:46:00+00:00,6770.0,target,300.0,296.5,312.5
vwap_reversion,ES,time_of_day,2026-03-03,2026-03-03 14:47:00+00:00,1,6759.5,6759.75,6765.75,6754.5,25,20,2026-03-03 14:48:00+00:00,6754.25,stop,-275.0,-278.5,312.5
vwap_reversion,ES,time_of_day,2026-03-03,2026-03-03 14:49:00+00:00,1,6747.25,6747.5,6753.5,6742.25,25,20,2026-03-03 14:50:00+00:00,6753.5,target,300.0,296.5,312.5
vwap_reversion,ES,time_of_day,2026-03-04,2026-03-04 14:45:00+00:00,1,6821.25,6821.5,6827.5,6816.25,25,20,2026-03-04 14:46:00+00:00,6827.5,target,300.0,296.5,312.5
vwap_reversion,ES,time_of_day,2026-03-04,2026-03-04 14:47:00+00:00,1,6827.5,6827.75,6833.75,6822.5,25,20,2026-03-04 14:48:00+00:00,6833.75,target,300.0,296.5,312.5
vwap_reversion,ES,time_of_day,2026-03-04,2026-03-04 14:49:00+00:00,1,6831.0,6831.25,6837.25,6826.0,25,20,2026-03-04 14:50:00+00:00,6825.75,stop,-275.0,-278.5,312.5
vwap_reversion,ES,time_of_day,2026-03-05,2026-03-05 14:45:00+00:00,1,6844.75,6845.0,6851.0,6839.75,25,20,2026-03-05 14:47:00+00:00,6851.0,target,300.0,296.5,312.5
vwap_reversion,ES,time_of_day,2026-03-05,2026-03-05 14:48:00+00:00,1,6857.5,6857.75,6863.75,6852.5,25,20,2026-03-05 14:49:00+00:00,6852.25,stop,-275.0,-278.5,312.5
vwap_reversion,ES,time_of_day,2026-03-05,2026-03-05 14:50:00+00:00,1,6855.25,6855.5,6861.5,6850.25,25,20,2026-03-05 14:55:00+00:00,6861.5,target,300.0,296.5,312.5
vwap_reversion,ES,time_of_day,2026-03-06,2026-03-06 14:45:00+00:00,1,6728.5,6728.75,6734.75,6723.5,25,20,2026-03-06 14:46:00+00:00,6723.25,stop,-275.0,-278.5,312.5
vwap_reversion,ES,time_of_day,2026-03-06,2026-03-06 14:47:00+00:00,1,6723.75,6724.0,6730.0,6718.75,25,20,2026-03-06 14:49:00+00:00,6730.0,target,300.0,296.5,312.5
vwap_reversion,ES,time_of_day,2026-03-06,2026-03-06 14:50:00+00:00,1,6729.25,6729.5,6735.5,6724.25,25,20,2026-03-06 14:51:00+00:00,6735.5,target,300.0,296.5,312.5
vwap_reversion,ES,time_of_day,2026-03-09,2026-03-09 13:45:00+00:00,1,6652.5,6652.75,6658.75,6647.5,25,20,2026-03-09 13:46:00+00:00,6658.75,target,300.0,296.5,312.5
vwap_reversion,ES,time_of_day,2026-03-09,2026-03-09 13:47:00+00:00,1,6663.75,6664.0,6670.0,6658.75,25,20,2026-03-09 13:49:00+00:00,6658.5,stop,-275.0,-278.5,312.5
vwap_reversion,ES,time_of_day,2026-03-09,2026-03-09 13:50:00+00:00,1,6651.25,6651.5,6657.5,6646.25,25,20,2026-03-09 13:52:00+00:00,6657.5,target,300.0,296.5,312.5
vwap_reversion,ES,time_of_day,2026-03-10,2026-03-10 13:45:00+00:00,1,6785.0,6785.25,6791.25,6780.0,25,20,2026-03-10 13:46:00+00:00,6791.25,target,300.0,296.5,312.5
vwap_reversion,ES,time_of_day,2026-03-10,2026-03-10 13:47:00+00:00,1,6781.0,6781.25,6787.25,6776.0,25,20,2026-03-10 13:48:00+00:00,6787.25,target,300.0,296.5,312.5
vwap_reversion,ES,time_of_day,2026-03-10,2026-03-10 13:49:00+00:00,1,6790.75,6791.0,6797.0,6785.75,25,20,2026-03-10 13:50:00+00:00,6785.5,stop,-275.0,-278.5,312.5
vwap_reversion,ES,time_of_day,2026-03-11,2026-03-11 13:46:00+00:00,1,6789.5,6789.75,6795.75,6784.5,25,20,2026-03-11 13:48:00+00:00,6784.25,stop,-275.0,-278.5,312.5
vwap_reversion,ES,time_of_day,2026-03-11,2026-03-11 13:49:00+00:00,1,6784.0,6784.25,6790.25,6779.0,25,20,2026-03-11 13:51:00+00:00,6778.75,stop,-275.0,-278.5,312.5
vwap_reversion,ES,time_of_day,2026-03-11,2026-03-11 13:52:00+00:00,1,6785.5,6785.75,6791.75,6780.5,25,20,2026-03-11 13:53:00+00:00,6791.75,target,300.0,296.5,312.5
vwap_reversion,ES,time_of_day,2026-03-12,2026-03-12 13:45:00+00:00,1,6712.0,6712.25,6718.25,6707.0,25,20,2026-03-12 13:47:00+00:00,6706.75,stop,-275.0,-278.5,312.5
vwap_reversion,ES,time_of_day,2026-03-12,2026-03-12 13:48:00+00:00,1,6710.5,6710.75,6716.75,6705.5,25,20,2026-03-12 13:49:00+00:00,6716.75,target,300.0,296.5,312.5
vwap_reversion,ES,time_of_day,2026-03-12,2026-03-12 13:50:00+00:00,1,6719.5,6719.75,6725.75,6714.5,25,20,2026-03-12 13:52:00+00:00,6714.25,stop,-275.0,-278.5,312.5
vwap_reversion,ES,time_of_day,2026-03-13,2026-03-13 13:45:00+00:00,-1,6735.0,6734.75,6728.75,6740.0,25,20,2026-03-13 13:48:00+00:00,6728.75,target,300.0,296.5,312.5
vwap_reversion,ES,time_of_day,2026-03-13,2026-03-13 13:49:00+00:00,-1,6725.25,6725.0,6719.0,6730.25,25,20,2026-03-13 13:53:00+00:00,6730.5,stop,-275.0,-278.5,312.5
vwap_reversion,ES,time_of_day,2026-03-13,2026-03-13 13:54:00+00:00,-1,6731.0,6730.75,6724.75,6736.0,25,20,2026-03-13 13:56:00+00:00,6724.75,target,300.0,296.5,312.5
vwap_reversion,ES,time_of_day,2026-03-16,2026-03-16 13:45:00+00:00,-1,6718.5,6718.25,6712.25,6723.5,25,20,2026-03-16 13:48:00+00:00,6712.25,target,300.0,296.5,312.5
vwap_reversion,ES,time_of_day,2026-03-16,2026-03-16 13:49:00+00:00,-1,6713.75,6713.5,6707.5,6718.75,25,20,2026-03-16 13:56:00+00:00,6707.5,target,300.0,296.5,312.5
vwap_reversion,ES,time_of_day,2026-03-16,2026-03-16 13:57:00+00:00,-1,6718.75,6718.5,6712.5,6723.75,25,20,2026-03-16 14:08:00+00:00,6724.0,stop,-275.0,-278.5,312.5
vwap_reversion,ES,time_of_day,2026-03-17,2026-03-17 13:45:00+00:00,-1,6752.25,6752.0,6746.0,6757.25,25,20,2026-03-17 13:46:00+00:00,6757.5,stop,-275.0,-278.5,312.5
vwap_reversion,ES,time_of_day,2026-03-17,2026-03-17 13:47:00+00:00,-1,6755.0,6754.75,6748.75,6760.0,25,20,2026-03-17 14:00:00+00:00,6748.75,target,300.0,296.5,312.5
vwap_reversion,ES,time_of_day,2026-03-17,2026-03-17 14:01:00+00:00,-1,6747.25,6747.0,6741.0,6752.25,25,20,2026-03-17 14:11:00+00:00,6741.0,target,300.0,296.5,312.5
vwap_reversion,ES,time_of_day,2026-03-18,2026-03-18 13:45:00+00:00,-1,6751.5,6751.25,6745.25,6756.5,25,20,2026-03-18 13:46:00+00:00,6756.75,stop,-275.0,-278.5,312.5
vwap_reversion,ES,time_of_day,2026-03-18,2026-03-18 13:47:00+00:00,-1,6757.75,6757.5,6751.5,6762.75,25,20,2026-03-18 13:50:00+00:00,6751.5,target,300.0,296.5,312.5
vwap_reversion,ES,time_of_day,2026-03-18,2026-03-18 13:51:00+00:00,-1,6748.75,6748.5,6742.5,6753.75,25,20,2026-03-18 13:52:00+00:00,6754.0,stop,-275.0,-278.5,312.5
vwap_reversion,ES,time_of_day,2026-03-19,2026-03-19 13:45:00+00:00,-1,6632.75,6632.5,6626.5,6637.75,25,20,2026-03-19 13:46:00+00:00,6626.5,target,300.0,296.5,312.5
vwap_reversion,ES,time_of_day,2026-03-19,2026-03-19 13:47:00+00:00,1,6629.0,6629.25,6635.25,6624.0,25,20,2026-03-19 13:48:00+00:00,6635.25,target,300.0,296.5,312.5
vwap_reversion,ES,time_of_day,2026-03-19,2026-03-19 13:49:00+00:00,-1,6640.0,6639.75,6633.75,6645.0,25,20,2026-03-19 13:50:00+00:00,6645.25,stop,-275.0,-278.5,312.5
vwap_reversion,ES,time_of_day,2026-03-20,2026-03-20 13:45:00+00:00,-1,6640.0,6639.75,6633.75,6645.0,25,20,2026-03-20 13:46:00+00:00,6633.75,target,300.0,296.5,312.5
vwap_reversion,ES,time_of_day,2026-03-20,2026-03-20 13:47:00+00:00,1,6635.5,6635.75,6641.75,6630.5,25,20,2026-03-20 13:50:00+00:00,6630.25,stop,-275.0,-278.5,312.5
vwap_reversion,ES,time_of_day,2026-03-20,2026-03-20 13:51:00+00:00,1,6618.5,6618.75,6624.75,6613.5,25,20,2026-03-20 13:57:00+00:00,6613.25,stop,-275.0,-278.5,312.5
vwap_reversion,ES,time_of_day,2026-03-23,2026-03-23 13:45:00+00:00,-1,6662.5,6662.25,6656.25,6667.5,25,20,2026-03-23 13:47:00+00:00,6656.25,target,300.0,296.5,312.5
vwap_reversion,ES,time_of_day,2026-03-23,2026-03-23 13:48:00+00:00,-1,6662.25,6662.0,6656.0,6667.25,25,20,2026-03-23 13:49:00+00:00,6667.5,stop,-275.0,-278.5,312.5
vwap_reversion,ES,time_of_day,2026-03-23,2026-03-23 13:50:00+00:00,-1,6669.75,6669.5,6663.5,6674.75,25,20,2026-03-23 13:52:00+00:00,6675.0,stop,-275.0,-278.5,312.5
vwap_reversion,ES,time_of_day,2026-03-24,2026-03-24 13:45:00+00:00,1,6583.75,6584.0,6590.0,6578.75,25,20,2026-03-24 13:46:00+00:00,6590.0,target,300.0,296.5,312.5
vwap_reversion,ES,time_of_day,2026-03-24,2026-03-24 13:47:00+00:00,1,6586.0,6586.25,6592.25,6581.0,25,20,2026-03-24 13:48:00+00:00,6580.75,stop,-275.0,-278.5,312.5
vwap_reversion,ES,time_of_day,2026-03-24,2026-03-24 13:49:00+00:00,1,6576.75,6577.0,6583.0,6571.75,25,20,2026-03-24 13:52:00+00:00,6583.0,target,300.0,296.5,312.5
vwap_reversion,ES,time_of_day,2026-03-25,2026-03-25 13:45:00+00:00,1,6663.75,6664.0,6670.0,6658.75,25,20,2026-03-25 13:48:00+00:00,6658.5,stop,-275.0,-278.5,312.5
vwap_reversion,ES,time_of_day,2026-03-25,2026-03-25 13:49:00+00:00,1,6653.25,6653.5,6659.5,6648.25,25,20,2026-03-25 13:50:00+00:00,6648.0,stop,-275.0,-278.5,312.5
vwap_reversion,ES,time_of_day,2026-03-25,2026-03-25 13:51:00+00:00,1,6646.0,6646.25,6652.25,6641.0,25,20,2026-03-25 13:55:00+00:00,6640.75,stop,-275.0,-278.5,312.5
vwap_reversion,ES,time_of_day,2026-03-26,2026-03-26 13:45:00+00:00,-1,6607.0,6606.75,6600.75,6612.0,25,20,2026-03-26 13:47:00+00:00,6612.25,stop,-275.0,-278.5,312.5
vwap_reversion,ES,time_of_day,2026-03-26,2026-03-26 13:48:00+00:00,-1,6610.0,6609.75,6603.75,6615.0,25,20,2026-03-26 13:52:00+00:00,6615.25,stop,-275.0,-278.5,312.5
vwap_reversion,ES,time_of_day,2026-03-26,2026-03-26 13:53:00+00:00,-1,6618.75,6618.5,6612.5,6623.75,25,20,2026-03-26 13:55:00+00:00,6612.5,target,300.0,296.5,312.5
vwap_reversion,ES,time_of_day,2026-03-27,2026-03-27 13:45:00+00:00,-1,6486.75,6486.5,6480.5,6491.75,25,20,2026-03-27 13:47:00+00:00,6492.0,stop,-275.0,-278.5,312.5
vwap_reversion,ES,time_of_day,2026-03-27,2026-03-27 13:48:00+00:00,-1,6492.0,6491.75,6485.75,6497.0,25,20,2026-03-27 13:50:00+00:00,6485.75,target,300.0,296.5,312.5
vwap_reversion,ES,time_of_day,2026-03-27,2026-03-27 13:51:00+00:00,1,6474.0,6474.25,6480.25,6469.0,25,20,2026-03-27 13:53:00+00:00,6468.75,stop,-275.0,-278.5,312.5
vwap_reversion,ES,time_of_day,2026-03-30,2026-03-30 13:45:00+00:00,1,6439.75,6440.0,6446.0,6434.75,25,20,2026-03-30 13:46:00+00:00,6434.5,stop,-275.0,-278.5,312.5
vwap_reversion,ES,time_of_day,2026-03-30,2026-03-30 13:47:00+00:00,1,6431.75,6432.0,6438.0,6426.75,25,20,2026-03-30 13:50:00+00:00,6426.5,stop,-275.0,-278.5,312.5
vwap_reversion,ES,time_of_day,2026-03-30,2026-03-30 13:51:00+00:00,1,6431.0,6431.25,6437.25,6426.0,25,20,2026-03-30 13:54:00+00:00,6425.75,stop,-275.0,-278.5,312.5
vwap_reversion,ES,time_of_day,2026-03-31,2026-03-31 13:45:00+00:00,-1,6469.5,6469.25,6463.25,6474.5,25,20,2026-03-31 13:46:00+00:00,6474.75,stop,-275.0,-278.5,312.5
vwap_reversion,ES,time_of_day,2026-03-31,2026-03-31 13:47:00+00:00,-1,6475.25,6475.0,6469.0,6480.25,25,20,2026-03-31 13:49:00+00:00,6480.5,stop,-275.0,-278.5,312.5
vwap_reversion,ES,time_of_day,2026-03-31,2026-03-31 13:50:00+00:00,-1,6482.75,6482.5,6476.5,6487.75,25,20,2026-03-31 13:53:00+00:00,6488.0,stop,-275.0,-278.5,312.5
vwap_reversion,ES,time_of_day,2026-04-01,2026-04-01 13:45:00+00:00,1,6605.5,6605.75,6611.75,6600.5,25,20,2026-04-01 13:47:00+00:00,6600.25,stop,-275.0,-278.5,312.5
vwap_reversion,ES,time_of_day,2026-04-01,2026-04-01 13:48:00+00:00,1,6600.5,6600.75,6606.75,6595.5,25,20,2026-04-01 13:51:00+00:00,6606.75,target,300.0,296.5,312.5
vwap_reversion,ES,time_of_day,2026-04-01,2026-04-01 13:52:00+00:00,-1,6610.5,6610.25,6604.25,6615.5,25,20,2026-04-01 13:53:00+00:00,6615.75,stop,-275.0,-278.5,312.5
vwap_reversion,ES,time_of_day,2026-04-02,2026-04-02 13:45:00+00:00,1,6527.0,6527.25,6533.25,6522.0,25,20,2026-04-02 13:46:00+00:00,6533.25,target,300.0,296.5,312.5
vwap_reversion,ES,time_of_day,2026-04-02,2026-04-02 13:47:00+00:00,-1,6534.25,6534.0,6528.0,6539.25,25,20,2026-04-02 13:51:00+00:00,6539.5,stop,-275.0,-278.5,312.5
vwap_reversion,ES,time_of_day,2026-04-02,2026-04-02 13:52:00+00:00,-1,6540.75,6540.5,6534.5,6545.75,25,20,2026-04-02 13:53:00+00:00,6546.0,stop,-275.0,-278.5,312.5
vwap_reversion,ES,time_of_day,2026-04-06,2026-04-06 13:45:00+00:00,-1,6638.0,6637.75,6631.75,6643.0,25,20,2026-04-06 13:51:00+00:00,6643.25,stop,-275.0,-278.5,312.5
vwap_reversion,ES,time_of_day,2026-04-06,2026-04-06 13:52:00+00:00,-1,6639.0,6638.75,6632.75,6644.0,25,20,2026-04-06 13:57:00+00:00,6644.25,stop,-275.0,-278.5,312.5
vwap_reversion,ES,time_of_day,2026-04-06,2026-04-06 13:58:00+00:00,-1,6642.25,6642.0,6636.0,6647.25,25,20,2026-04-06 13:59:00+00:00,6647.5,stop,-275.0,-278.5,312.5
vwap_reversion,ES,time_of_day,2026-04-07,2026-04-07 13:45:00+00:00,1,6611.5,6611.75,6617.75,6606.5,25,20,2026-04-07 13:47:00+00:00,6606.25,stop,-275.0,-278.5,312.5
vwap_reversion,ES,time_of_day,2026-04-07,2026-04-07 13:48:00+00:00,1,6605.5,6605.75,6611.75,6600.5,25,20,2026-04-07 13:52:00+00:00,6611.75,target,300.0,296.5,312.5
vwap_reversion,ES,time_of_day,2026-04-07,2026-04-07 13:53:00+00:00,1,6615.0,6615.25,6621.25,6610.0,25,20,2026-04-07 13:55:00+00:00,6621.25,target,300.0,296.5,312.5
vwap_reversion,ES,time_of_day,2026-04-08,2026-04-08 13:45:00+00:00,-1,6818.5,6818.25,6812.25,6823.5,25,20,2026-04-08 13:46:00+00:00,6823.75,stop,-275.0,-278.5,312.5
vwap_reversion,ES,time_of_day,2026-04-08,2026-04-08 13:47:00+00:00,-1,6827.25,6827.0,6821.0,6832.25,25,20,2026-04-08 13:48:00+00:00,6821.0,target,300.0,296.5,312.5
vwap_reversion,ES,time_of_day,2026-04-08,2026-04-08 13:49:00+00:00,-1,6826.5,6826.25,6820.25,6831.5,25,20,2026-04-08 13:51:00+00:00,6820.25,target,300.0,296.5,312.5
vwap_reversion,ES,time_of_day,2026-04-09,2026-04-09 13:47:00+00:00,1,6815.5,6815.75,6821.75,6810.5,25,20,2026-04-09 13:56:00+00:00,6810.25,stop,-275.0,-278.5,312.5
vwap_reversion,ES,time_of_day,2026-04-09,2026-04-09 13:57:00+00:00,1,6815.5,6815.75,6821.75,6810.5,25,20,2026-04-09 14:15:00+00:00,6810.25,stop,-275.0,-278.5,312.5
vwap_reversion,ES,time_of_day,2026-04-09,2026-04-09 14:16:00+00:00,1,6808.0,6808.25,6814.25,6803.0,25,20,2026-04-09 14:27:00+00:00,6802.75,stop,-275.0,-278.5,312.5
vwap_reversion,ES,time_of_day,2026-04-10,2026-04-10 13:45:00+00:00,-1,6870.0,6869.75,6863.75,6875.0,25,20,2026-04-10 14:01:00+00:00,6863.75,target,300.0,296.5,312.5
vwap_reversion,ES,time_of_day,2026-04-10,2026-04-10 14:04:00+00:00,-1,6868.25,6868.0,6862.0,6873.25,25,20,2026-04-10 14:13:00+00:00,6873.5,stop,-275.0,-278.5,312.5
vwap_reversion,ES,time_of_day,2026-04-10,2026-04-10 14:14:00+00:00,-1,6874.5,6874.25,6868.25,6879.5,25,20,2026-04-10 14:30:00+00:00,6879.75,stop,-275.0,-278.5,312.5
vwap_reversion,ES,time_of_day,2026-04-13,2026-04-13 13:45:00+00:00,1,6828.5,6828.75,6834.75,6823.5,25,20,2026-04-13 13:48:00+00:00,6834.75,target,300.0,296.5,312.5
vwap_reversion,ES,time_of_day,2026-04-13,2026-04-13 13:49:00+00:00,-1,6849.25,6849.0,6843.0,6854.25,25,20,2026-04-13 13:50:00+00:00,6854.5,stop,-275.0,-278.5,312.5
vwap_reversion,ES,time_of_day,2026-04-13,2026-04-13 13:51:00+00:00,-1,6845.0,6844.75,6838.75,6850.0,25,20,2026-04-13 13:57:00+00:00,6850.25,stop,-275.0,-278.5,312.5
vwap_reversion,ES,time_of_day,2026-04-14,2026-04-14 13:45:00+00:00,-1,6958.25,6958.0,6952.0,6963.25,25,20,2026-04-14 14:08:00+00:00,6963.5,stop,-275.0,-278.5,312.5
vwap_reversion,ES,time_of_day,2026-04-14,2026-04-14 14:09:00+00:00,-1,6965.75,6965.5,6959.5,6970.75,25,20,2026-04-14 14:14:00+00:00,6971.0,stop,-275.0,-278.5,312.5
vwap_reversion,ES,time_of_day,2026-04-14,2026-04-14 14:15:00+00:00,-1,6970.0,6969.75,6963.75,6975.0,25,20,2026-04-14 14:35:00+00:00,6975.25,stop,-275.0,-278.5,312.5
vwap_reversion,ES,time_of_day,2026-04-15,2026-04-15 13:45:00+00:00,1,7007.75,7008.0,7014.0,7002.75,25,20,2026-04-15 13:47:00+00:00,7014.0,target,300.0,296.5,312.5
vwap_reversion,ES,time_of_day,2026-04-15,2026-04-15 13:48:00+00:00,-1,7012.5,7012.25,7006.25,7017.5,25,20,2026-04-15 13:59:00+00:00,7017.75,stop,-275.0,-278.5,312.5
vwap_reversion,ES,time_of_day,2026-04-15,2026-04-15 14:00:00+00:00,-1,7013.5,7013.25,7007.25,7018.5,25,20,2026-04-15 14:12:00+00:00,7018.75,stop,-275.0,-278.5,312.5
vwap_reversion,ES,time_of_day,2026-04-16,2026-04-16 13:45:00+00:00,-1,7068.5,7068.25,7062.25,7073.5,25,20,2026-04-16 13:51:00+00:00,7062.25,target,300.0,296.5,312.5
vwap_reversion,ES,time_of_day,2026-04-16,2026-04-16 13:52:00+00:00,1,7056.5,7056.75,7062.75,7051.5,25,20,2026-04-16 13:53:00+00:00,7051.25,stop,-275.0,-278.5,312.5
vwap_reversion,ES,time_of_day,2026-04-16,2026-04-16 13:54:00+00:00,1,7049.0,7049.25,7055.25,7044.0,25,20,2026-04-16 13:56:00+00:00,7055.25,target,300.0,296.5,312.5
vwap_reversion,ES,time_of_day,2026-04-17,2026-04-17 13:45:00+00:00,-1,7132.75,7132.5,7126.5,7137.75,25,20,2026-04-17 13:46:00+00:00,7126.5,target,300.0,296.5,312.5
vwap_reversion,ES,time_of_day,2026-04-17,2026-04-17 13:47:00+00:00,-1,7123.0,7122.75,7116.75,7128.0,25,20,2026-04-17 13:48:00+00:00,7128.25,stop,-275.0,-278.5,312.5
vwap_reversion,ES,time_of_day,2026-04-17,2026-04-17 13:49:00+00:00,-1,7130.25,7130.0,7124.0,7135.25,25,20,2026-04-17 13:51:00+00:00,7135.5,stop,-275.0,-278.5,312.5
vwap_reversion,ES,time_of_day,2026-04-20,2026-04-20 13:45:00+00:00,1,7150.5,7150.75,7156.75,7145.5,25,20,2026-04-20 13:49:00+00:00,7145.25,stop,-275.0,-278.5,312.5
vwap_reversion,ES,time_of_day,2026-04-20,2026-04-20 13:50:00+00:00,1,7146.5,7146.75,7152.75,7141.5,25,20,2026-04-20 13:54:00+00:00,7152.75,target,300.0,296.5,312.5
vwap_reversion,ES,time_of_day,2026-04-20,2026-04-20 13:55:00+00:00,-1,7156.0,7155.75,7149.75,7161.0,25,20,2026-04-20 14:11:00+00:00,7149.75,target,300.0,296.5,312.5
vwap_reversion,ES,time_of_day,2026-04-21,2026-04-21 13:45:00+00:00,-1,7155.0,7154.75,7148.75,7160.0,25,20,2026-04-21 13:47:00+00:00,7160.25,stop,-275.0,-278.5,312.5
vwap_reversion,ES,time_of_day,2026-04-21,2026-04-21 13:48:00+00:00,-1,7164.0,7163.75,7157.75,7169.0,25,20,2026-04-21 14:00:00+00:00,7169.25,stop,-275.0,-278.5,312.5
vwap_reversion,ES,time_of_day,2026-04-21,2026-04-21 14:01:00+00:00,-1,7169.5,7169.25,7163.25,7174.5,25,20,2026-04-21 14:23:00+00:00,7163.25,target,300.0,296.5,312.5
vwap_reversion,ES,time_of_day,2026-04-22,2026-04-22 13:45:00+00:00,-1,7149.0,7148.75,7142.75,7154.0,25,20,2026-04-22 13:50:00+00:00,7142.75,target,300.0,296.5,312.5
vwap_reversion,ES,time_of_day,2026-04-22,2026-04-22 13:51:00+00:00,-1,7143.75,7143.5,7137.5,7148.75,25,20,2026-04-22 13:54:00+00:00,7149.0,stop,-275.0,-278.5,312.5
vwap_reversion,ES,time_of_day,2026-04-22,2026-04-22 13:55:00+00:00,-1,7149.0,7148.75,7142.75,7154.0,25,20,2026-04-22 14:00:00+00:00,7154.25,stop,-275.0,-278.5,312.5
vwap_reversion,ES,time_of_day,2026-04-23,2026-04-23 13:45:00+00:00,-1,7163.25,7163.0,7157.0,7168.25,25,20,2026-04-23 13:48:00+00:00,7168.5,stop,-275.0,-278.5,312.5
vwap_reversion,ES,time_of_day,2026-04-23,2026-04-23 13:49:00+00:00,-1,7167.5,7167.25,7161.25,7172.5,25,20,2026-04-23 13:50:00+00:00,7161.25,target,300.0,296.5,312.5
vwap_reversion,ES,time_of_day,2026-04-23,2026-04-23 13:59:00+00:00,1,7159.75,7160.0,7166.0,7154.75,25,20,2026-04-23 14:00:00+00:00,7154.5,stop,-275.0,-278.5,312.5
vwap_reversion,ES,time_of_day,2026-04-24,2026-04-24 13:45:00+00:00,-1,7155.75,7155.5,7149.5,7160.75,25,20,2026-04-24 13:54:00+00:00,7149.5,target,300.0,296.5,312.5
vwap_reversion,ES,time_of_day,2026-04-24,2026-04-24 13:55:00+00:00,1,7148.25,7148.5,7154.5,7143.25,25,20,2026-04-24 13:58:00+00:00,7154.5,target,300.0,296.5,312.5
vwap_reversion,ES,time_of_day,2026-04-24,2026-04-24 13:59:00+00:00,-1,7154.75,7154.5,7148.5,7159.75,25,20,2026-04-24 14:01:00+00:00,7148.5,target,300.0,296.5,312.5
vwap_reversion,ES,time_of_day,2026-04-27,2026-04-27 13:45:00+00:00,1,7189.25,7189.5,7195.5,7184.25,25,20,2026-04-27 13:47:00+00:00,7184.0,stop,-275.0,-278.5,312.5
vwap_reversion,ES,time_of_day,2026-04-27,2026-04-27 13:48:00+00:00,1,7184.75,7185.0,7191.0,7179.75,25,20,2026-04-27 13:53:00+00:00,7191.0,target,300.0,296.5,312.5
vwap_reversion,ES,time_of_day,2026-04-27,2026-04-27 14:19:00+00:00,1,7189.5,7189.75,7195.75,7184.5,25,20,2026-04-27 14:35:00+00:00,7195.75,target,300.0,296.5,312.5
vwap_reversion,ES,time_of_day,2026-04-28,2026-04-28 13:45:00+00:00,1,7176.5,7176.75,7182.75,7171.5,25,20,2026-04-28 13:53:00+00:00,7171.25,stop,-275.0,-278.5,312.5
vwap_reversion,ES,time_of_day,2026-04-28,2026-04-28 13:54:00+00:00,1,7170.25,7170.5,7176.5,7165.25,25,20,2026-04-28 13:55:00+00:00,7165.0,stop,-275.0,-278.5,312.5
vwap_reversion,ES,time_of_day,2026-04-28,2026-04-28 13:56:00+00:00,1,7167.0,7167.25,7173.25,7162.0,25,20,2026-04-28 14:06:00+00:00,7173.25,target,300.0,296.5,312.5
vwap_reversion,ES,time_of_day,2026-04-29,2026-04-29 13:45:00+00:00,1,7150.75,7151.0,7157.0,7145.75,25,20,2026-04-29 13:50:00+00:00,7157.0,target,300.0,296.5,312.5
vwap_reversion,ES,time_of_day,2026-04-29,2026-04-29 13:51:00+00:00,1,7157.0,7157.25,7163.25,7152.0,25,20,2026-04-29 13:56:00+00:00,7163.25,target,300.0,296.5,312.5
vwap_reversion,ES,time_of_day,2026-04-29,2026-04-29 13:57:00+00:00,1,7161.5,7161.75,7167.75,7156.5,25,20,2026-04-29 14:01:00+00:00,7156.25,stop,-275.0,-278.5,312.5
vwap_reversion,ES,time_of_day,2026-04-30,2026-04-30 13:45:00+00:00,-1,7184.0,7183.75,7177.75,7189.0,25,20,2026-04-30 13:46:00+00:00,7177.75,target,300.0,296.5,312.5
vwap_reversion,ES,time_of_day,2026-04-30,2026-04-30 13:51:00+00:00,1,7172.75,7173.0,7179.0,7167.75,25,20,2026-04-30 13:52:00+00:00,7167.5,stop,-275.0,-278.5,312.5
vwap_reversion,ES,time_of_day,2026-04-30,2026-04-30 13:53:00+00:00,1,7169.75,7170.0,7176.0,7164.75,25,20,2026-04-30 13:55:00+00:00,7164.5,stop,-275.0,-278.5,312.5
vwap_reversion,ES,time_of_day,2026-05-01,2026-05-01 13:45:00+00:00,-1,7273.25,7273.0,7267.0,7278.25,25,20,2026-05-01 13:50:00+00:00,7278.5,stop,-275.0,-278.5,312.5
vwap_reversion,ES,time_of_day,2026-05-01,2026-05-01 13:51:00+00:00,-1,7275.75,7275.5,7269.5,7280.75,25,20,2026-05-01 13:55:00+00:00,7281.0,stop,-275.0,-278.5,312.5
vwap_reversion,ES,time_of_day,2026-05-01,2026-05-01 13:56:00+00:00,-1,7286.75,7286.5,7280.5,7291.75,25,20,2026-05-01 13:59:00+00:00,7292.0,stop,-275.0,-278.5,312.5
vwap_reversion,ES,time_of_day,2026-05-04,2026-05-04 13:59:00+00:00,-1,7257.75,7257.5,7251.5,7262.75,25,20,2026-05-04 14:05:00+00:00,7251.5,target,300.0,296.5,312.5
vwap_reversion,ES,time_of_day,2026-05-04,2026-05-04 14:09:00+00:00,1,7250.5,7250.75,7256.75,7245.5,25,20,2026-05-04 14:11:00+00:00,7256.75,target,300.0,296.5,312.5
vwap_reversion,ES,time_of_day,2026-05-04,2026-05-04 14:12:00+00:00,-1,7260.75,7260.5,7254.5,7265.75,25,20,2026-05-04 14:20:00+00:00,7266.0,stop,-275.0,-278.5,312.5
vwap_reversion,ES,time_of_day,2026-05-05,2026-05-05 13:45:00+00:00,-1,7274.25,7274.0,7268.0,7279.25,25,20,2026-05-05 14:07:00+00:00,7279.5,stop,-275.0,-278.5,312.5
vwap_reversion,ES,time_of_day,2026-05-05,2026-05-05 14:08:00+00:00,-1,7279.75,7279.5,7273.5,7284.75,25,20,2026-05-05 14:13:00+00:00,7273.5,target,300.0,296.5,312.5
vwap_reversion,ES,time_of_day,2026-05-05,2026-05-05 14:14:00+00:00,-1,7272.25,7272.0,7266.0,7277.25,25,20,2026-05-05 14:22:00+00:00,7277.5,stop,-275.0,-278.5,312.5
vwap_reversion,ES,time_of_day,2026-05-06,2026-05-06 13:45:00+00:00,-1,7339.75,7339.5,7333.5,7344.75,25,20,2026-05-06 13:50:00+00:00,7333.5,target,300.0,296.5,312.5
vwap_reversion,ES,time_of_day,2026-05-06,2026-05-06 13:51:00+00:00,-1,7337.25,7337.0,7331.0,7342.25,25,20,2026-05-06 13:53:00+00:00,7342.5,stop,-275.0,-278.5,312.5
vwap_reversion,ES,time_of_day,2026-05-06,2026-05-06 13:54:00+00:00,-1,7346.0,7345.75,7339.75,7351.0,25,20,2026-05-06 14:06:00+00:00,7339.75,target,300.0,296.5,312.5
vwap_reversion,ES,time_of_day,2026-05-07,2026-05-07 13:47:00+00:00,1,7386.0,7386.25,7392.25,7381.0,25,20,2026-05-07 14:03:00+00:00,7392.25,target,300.0,296.5,312.5
vwap_reversion,ES,time_of_day,2026-05-07,2026-05-07 14:04:00+00:00,-1,7393.75,7393.5,7387.5,7398.75,25,20,2026-05-07 14:22:00+00:00,7399.0,stop,-275.0,-278.5,312.5
vwap_reversion,ES,time_of_day,2026-05-07,2026-05-07 14:23:00+00:00,-1,7394.5,7394.25,7388.25,7399.5,25,20,2026-05-07 14:39:00+00:00,7399.75,stop,-275.0,-278.5,312.5
vwap_reversion,ES,time_of_day,2026-05-08,2026-05-08 13:45:00+00:00,-1,7403.25,7403.0,7397.0,7408.25,25,20,2026-05-08 13:47:00+00:00,7408.5,stop,-275.0,-278.5,312.5
vwap_reversion,ES,time_of_day,2026-05-08,2026-05-08 13:48:00+00:00,-1,7409.0,7408.75,7402.75,7414.0,25,20,2026-05-08 14:00:00+00:00,7414.25,stop,-275.0,-278.5,312.5
vwap_reversion,ES,time_of_day,2026-05-08,2026-05-08 14:01:00+00:00,-1,7411.0,7410.75,7404.75,7416.0,25,20,2026-05-08 14:13:00+00:00,7416.25,stop,-275.0,-278.5,312.5
vwap_reversion,ES,time_of_day,2026-05-11,2026-05-11 13:45:00+00:00,-1,7433.0,7432.75,7426.75,7438.0,25,20,2026-05-11 14:16:00+00:00,7438.25,stop,-275.0,-278.5,312.5
vwap_reversion,ES,time_of_day,2026-05-11,2026-05-11 14:17:00+00:00,-1,7439.0,7438.75,7432.75,7444.0,25,20,2026-05-11 14:29:00+00:00,7432.75,target,300.0,296.5,312.5
vwap_reversion,ES,time_of_day,2026-05-11,2026-05-11 14:30:00+00:00,-1,7431.25,7431.0,7425.0,7436.25,25,20,2026-05-11 14:31:00+00:00,7425.0,target,300.0,296.5,312.5
vwap_reversion,ES,time_of_day,2026-05-12,2026-05-12 13:45:00+00:00,1,7412.25,7412.5,7418.5,7407.25,25,20,2026-05-12 13:46:00+00:00,7407.0,stop,-275.0,-278.5,312.5
vwap_reversion,ES,time_of_day,2026-05-12,2026-05-12 13:47:00+00:00,1,7402.5,7402.75,7408.75,7397.5,25,20,2026-05-12 13:53:00+00:00,7408.75,target,300.0,296.5,312.5
vwap_reversion,ES,time_of_day,2026-05-12,2026-05-12 13:54:00+00:00,1,7403.75,7404.0,7410.0,7398.75,25,20,2026-05-12 13:55:00+00:00,7398.5,stop,-275.0,-278.5,312.5
vwap_reversion,ES,time_of_day,2026-05-13,2026-05-13 13:45:00+00:00,1,7410.0,7410.25,7416.25,7405.0,25,20,2026-05-13 13:47:00+00:00,7404.75,stop,-275.0,-278.5,312.5
vwap_reversion,ES,time_of_day,2026-05-13,2026-05-13 13:48:00+00:00,1,7401.0,7401.25,7407.25,7396.0,25,20,2026-05-13 13:49:00+00:00,7407.25,target,300.0,296.5,312.5
vwap_reversion,ES,time_of_day,2026-05-13,2026-05-13 13:50:00+00:00,1,7405.75,7406.0,7412.0,7400.75,25,20,2026-05-13 13:54:00+00:00,7412.0,target,300.0,296.5,312.5
vwap_reversion,ES,time_of_day,2026-05-14,2026-05-14 13:45:00+00:00,-1,7499.75,7499.5,7493.5,7504.75,25,20,2026-05-14 13:52:00+00:00,7493.5,target,300.0,296.5,312.5
vwap_reversion,ES,time_of_day,2026-05-14,2026-05-14 13:53:00+00:00,-1,7498.0,7497.75,7491.75,7503.0,25,20,2026-05-14 13:55:00+00:00,7491.75,target,300.0,296.5,312.5
vwap_reversion,ES,time_of_day,2026-05-14,2026-05-14 13:56:00+00:00,-1,7497.25,7497.0,7491.0,7502.25,25,20,2026-05-14 13:59:00+00:00,7491.0,target,300.0,296.5,312.5
vwap_reversion,ES,time_of_day,2026-05-15,2026-05-15 13:45:00+00:00,1,7424.25,7424.5,7430.5,7419.25,25,20,2026-05-15 13:48:00+00:00,7430.5,target,300.0,296.5,312.5
vwap_reversion,ES,time_of_day,2026-05-15,2026-05-15 13:49:00+00:00,1,7437.25,7437.5,7443.5,7432.25,25,20,2026-05-15 13:51:00+00:00,7432.0,stop,-275.0,-278.5,312.5
vwap_reversion,ES,time_of_day,2026-05-15,2026-05-15 13:52:00+00:00,1,7438.25,7438.5,7444.5,7433.25,25,20,2026-05-15 13:54:00+00:00,7444.5,target,300.0,296.5,312.5
vwap_reversion,ES,time_of_day,2026-05-18,2026-05-18 13:46:00+00:00,1,7422.0,7422.25,7428.25,7417.0,25,20,2026-05-18 13:47:00+00:00,7428.25,target,300.0,296.5,312.5
vwap_reversion,ES,time_of_day,2026-05-18,2026-05-18 13:48:00+00:00,-1,7429.0,7428.75,7422.75,7434.0,25,20,2026-05-18 13:50:00+00:00,7434.25,stop,-275.0,-278.5,312.5
vwap_reversion,ES,time_of_day,2026-05-18,2026-05-18 13:51:00+00:00,-1,7440.75,7440.5,7434.5,7445.75,25,20,2026-05-18 13:53:00+00:00,7446.0,stop,-275.0,-278.5,312.5
vwap_reversion,ES,time_of_day,2026-05-19,2026-05-19 13:45:00+00:00,1,7376.5,7376.75,7382.75,7371.5,25,20,2026-05-19 13:46:00+00:00,7371.25,stop,-275.0,-278.5,312.5
vwap_reversion,ES,time_of_day,2026-05-19,2026-05-19 13:47:00+00:00,1,7383.5,7383.75,7389.75,7378.5,25,20,2026-05-19 13:49:00+00:00,7389.75,target,300.0,296.5,312.5
vwap_reversion,ES,time_of_day,2026-05-19,2026-05-19 13:50:00+00:00,1,7384.75,7385.0,7391.0,7379.75,25,20,2026-05-19 13:52:00+00:00,7391.0,target,300.0,296.5,312.5
vwap_reversion,ES,time_of_day,2026-05-20,2026-05-20 13:45:00+00:00,-1,7402.5,7402.25,7396.25,7407.5,25,20,2026-05-20 13:46:00+00:00,7407.75,stop,-275.0,-278.5,312.5
vwap_reversion,ES,time_of_day,2026-05-20,2026-05-20 13:47:00+00:00,-1,7406.75,7406.5,7400.5,7411.75,25,20,2026-05-20 13:49:00+00:00,7400.5,target,300.0,296.5,312.5
vwap_reversion,ES,time_of_day,2026-05-20,2026-05-20 13:50:00+00:00,-1,7399.0,7398.75,7392.75,7404.0,25,20,2026-05-20 13:51:00+00:00,7392.75,target,300.0,296.5,312.5
vwap_reversion,ES,time_of_day,2026-05-21,2026-05-21 13:45:00+00:00,1,7417.5,7417.75,7423.75,7412.5,25,20,2026-05-21 13:48:00+00:00,7412.25,stop,-275.0,-278.5,312.5
vwap_reversion,ES,time_of_day,2026-05-21,2026-05-21 13:49:00+00:00,1,7412.5,7412.75,7418.75,7407.5,25,20,2026-05-21 13:50:00+00:00,7418.75,target,300.0,296.5,312.5
vwap_reversion,ES,time_of_day,2026-05-21,2026-05-21 13:51:00+00:00,1,7420.25,7420.5,7426.5,7415.25,25,20,2026-05-21 13:52:00+00:00,7426.5,target,300.0,296.5,312.5
vwap_reversion,ES,time_of_day,2026-05-22,2026-05-22 13:45:00+00:00,-1,7513.75,7513.5,7507.5,7518.75,25,20,2026-05-22 13:48:00+00:00,7507.5,target,300.0,296.5,312.5
vwap_reversion,ES,time_of_day,2026-05-22,2026-05-22 13:49:00+00:00,-1,7508.25,7508.0,7502.0,7513.25,25,20,2026-05-22 13:51:00+00:00,7502.0,target,300.0,296.5,312.5
vwap_reversion,ES,time_of_day,2026-05-22,2026-05-22 13:52:00+00:00,-1,7502.75,7502.5,7496.5,7507.75,25,20,2026-05-22 13:55:00+00:00,7508.0,stop,-275.0,-278.5,312.5
vwap_reversion,ES,time_of_day,2026-05-25,2026-05-25 13:45:00+00:00,-1,7563.75,7563.5,7557.5,7568.75,25,20,2026-05-25 14:32:00+00:00,7557.5,target,300.0,296.5,312.5
vwap_reversion,ES,time_of_day,2026-05-25,2026-05-25 14:33:00+00:00,1,7555.5,7555.75,7561.75,7550.5,25,20,2026-05-25 15:10:00+00:00,7561.75,target,300.0,296.5,312.5
vwap_reversion,ES,time_of_day,2026-05-25,2026-05-25 15:11:00+00:00,-1,7567.25,7567.0,7561.0,7572.25,25,20,2026-05-25 15:23:00+00:00,7561.0,target,300.0,296.5,312.5
vwap_reversion,ES,time_of_day,2026-05-26,2026-05-26 13:45:00+00:00,-1,7542.75,7542.5,7536.5,7547.75,25,20,2026-05-26 13:51:00+00:00,7536.5,target,300.0,296.5,312.5
vwap_reversion,ES,time_of_day,2026-05-26,2026-05-26 13:52:00+00:00,1,7538.0,7538.25,7544.25,7533.0,25,20,2026-05-26 13:53:00+00:00,7532.75,stop,-275.0,-278.5,312.5
vwap_reversion,ES,time_of_day,2026-05-26,2026-05-26 13:54:00+00:00,1,7535.0,7535.25,7541.25,7530.0,25,20,2026-05-26 13:59:00+00:00,7541.25,target,300.0,296.5,312.5
vwap_reversion,ES,time_of_day,2026-05-27,2026-05-27 13:46:00+00:00,1,7528.75,7529.0,7535.0,7523.75,25,20,2026-05-27 13:51:00+00:00,7535.0,target,300.0,296.5,312.5
vwap_reversion,ES,time_of_day,2026-05-27,2026-05-27 13:55:00+00:00,1,7532.0,7532.25,7538.25,7527.0,25,20,2026-05-27 13:57:00+00:00,7538.25,target,300.0,296.5,312.5
vwap_reversion,ES,time_of_day,2026-05-27,2026-05-27 14:01:00+00:00,-1,7543.75,7543.5,7537.5,7548.75,25,20,2026-05-27 14:07:00+00:00,7537.5,target,300.0,296.5,312.5
vwap_reversion,ES,time_of_day,2026-05-28,2026-05-28 13:45:00+00:00,1,7529.75,7530.0,7536.0,7524.75,25,20,2026-05-28 13:52:00+00:00,7536.0,target,300.0,296.5,312.5
vwap_reversion,ES,time_of_day,2026-05-28,2026-05-28 13:54:00+00:00,1,7532.0,7532.25,7538.25,7527.0,25,20,2026-05-28 14:00:00+00:00,7538.25,target,300.0,296.5,312.5
vwap_reversion,ES,time_of_day,2026-05-28,2026-05-28 14:01:00+00:00,-1,7537.75,7537.5,7531.5,7542.75,25,20,2026-05-28 14:12:00+00:00,7543.0,stop,-275.0,-278.5,312.5
vwap_reversion,ES,time_of_day,2026-05-29,2026-05-29 13:45:00+00:00,-1,7606.25,7606.0,7600.0,7611.25,25,20,2026-05-29 14:00:00+00:00,7611.5,stop,-275.0,-278.5,312.5
vwap_reversion,ES,time_of_day,2026-05-29,2026-05-29 14:01:00+00:00,-1,7609.5,7609.25,7603.25,7614.5,25,20,2026-05-29 14:11:00+00:00,7603.25,target,300.0,296.5,312.5
vwap_reversion,ES,time_of_day,2026-05-29,2026-05-29 14:12:00+00:00,-1,7608.25,7608.0,7602.0,7613.25,25,20,2026-05-29 14:15:00+00:00,7602.0,target,300.0,296.5,312.5
vwap_reversion,ES,time_of_day,2026-06-01,2026-06-01 13:47:00+00:00,-1,7594.25,7594.0,7588.0,7599.25,25,20,2026-06-01 13:55:00+00:00,7588.0,target,300.0,296.5,312.5
vwap_reversion,ES,time_of_day,2026-06-01,2026-06-01 13:56:00+00:00,1,7588.0,7588.25,7594.25,7583.0,25,20,2026-06-01 14:00:00+00:00,7582.75,stop,-275.0,-278.5,312.5
vwap_reversion,ES,time_of_day,2026-06-01,2026-06-01 14:01:00+00:00,1,7588.5,7588.75,7594.75,7583.5,25,20,2026-06-01 14:03:00+00:00,7583.25,stop,-275.0,-278.5,312.5
vwap_reversion,ES,time_of_day,2026-06-02,2026-06-02 13:45:00+00:00,1,7602.5,7602.75,7608.75,7597.5,25,20,2026-06-02 14:11:00+00:00,7608.75,target,300.0,296.5,312.5
vwap_reversion,ES,time_of_day,2026-06-02,2026-06-02 14:12:00+00:00,-1,7610.5,7610.25,7604.25,7615.5,25,20,2026-06-02 14:27:00+00:00,7604.25,target,300.0,296.5,312.5
vwap_reversion,ES,time_of_day,2026-06-02,2026-06-02 14:28:00+00:00,1,7604.75,7605.0,7611.0,7599.75,25,20,2026-06-02 14:33:00+00:00,7611.0,target,300.0,296.5,312.5
vwap_reversion,ES,time_of_day,2026-06-03,2026-06-03 13:45:00+00:00,1,7590.5,7590.75,7596.75,7585.5,25,20,2026-06-03 13:47:00+00:00,7585.25,stop,-275.0,-278.5,312.5
vwap_reversion,ES,time_of_day,2026-06-03,2026-06-03 13:48:00+00:00,1,7576.75,7577.0,7583.0,7571.75,25,20,2026-06-03 13:51:00+00:00,7583.0,target,300.0,296.5,312.5
vwap_reversion,ES,time_of_day,2026-06-03,2026-06-03 13:52:00+00:00,1,7587.75,7588.0,7594.0,7582.75,25,20,2026-06-03 14:10:00+00:00,7594.0,target,300.0,296.5,312.5
vwap_reversion,ES,time_of_day,2026-06-04,2026-06-04 13:45:00+00:00,1,7544.0,7544.25,7550.25,7539.0,25,20,2026-06-04 13:46:00+00:00,7550.25,target,300.0,296.5,312.5
vwap_reversion,ES,time_of_day,2026-06-04,2026-06-04 13:47:00+00:00,1,7554.25,7554.5,7560.5,7549.25,25,20,2026-06-04 13:52:00+00:00,7560.5,target,300.0,296.5,312.5
vwap_reversion,ES,time_of_day,2026-06-04,2026-06-04 13:53:00+00:00,1,7556.0,7556.25,7562.25,7551.0,25,20,2026-06-04 13:57:00+00:00,7562.25,target,300.0,296.5,312.5
vwap_reversion,ES,time_of_day,2026-06-05,2026-06-05 13:45:00+00:00,1,7524.0,7524.25,7530.25,7519.0,25,20,2026-06-05 13:49:00+00:00,7518.75,stop,-275.0,-278.5,312.5
vwap_reversion,ES,time_of_day,2026-06-05,2026-06-05 13:50:00+00:00,1,7520.5,7520.75,7526.75,7515.5,25,20,2026-06-05 13:58:00+00:00,7515.25,stop,-275.0,-278.5,312.5
vwap_reversion,ES,time_of_day,2026-06-05,2026-06-05 13:59:00+00:00,1,7511.25,7511.5,7517.5,7506.25,25,20,2026-06-05 14:01:00+00:00,7506.0,stop,-275.0,-278.5,312.5
vwap_reversion,ES,time_of_day,2026-06-08,2026-06-08 13:45:00+00:00,-1,7454.5,7454.25,7448.25,7459.5,25,20,2026-06-08 13:48:00+00:00,7448.25,target,300.0,296.5,312.5
vwap_reversion,ES,time_of_day,2026-06-08,2026-06-08 13:49:00+00:00,-1,7448.75,7448.5,7442.5,7453.75,25,20,2026-06-08 13:50:00+00:00,7442.5,target,300.0,296.5,312.5
vwap_reversion,ES,time_of_day,2026-06-08,2026-06-08 13:51:00+00:00,-1,7448.0,7447.75,7441.75,7453.0,25,20,2026-06-08 13:52:00+00:00,7453.25,stop,-275.0,-278.5,312.5
vwap_reversion,ES,time_of_day,2026-06-09,2026-06-09 13:45:00+00:00,-1,7478.5,7478.25,7472.25,7483.5,25,20,2026-06-09 13:47:00+00:00,7483.75,stop,-275.0,-278.5,312.5
vwap_reversion,ES,time_of_day,2026-06-09,2026-06-09 13:48:00+00:00,-1,7488.25,7488.0,7482.0,7493.25,25,20,2026-06-09 13:51:00+00:00,7482.0,target,300.0,296.5,312.5
vwap_reversion,ES,time_of_day,2026-06-09,2026-06-09 13:52:00+00:00,-1,7484.0,7483.75,7477.75,7489.0,25,20,2026-06-09 13:54:00+00:00,7477.75,target,300.0,296.5,312.5
vwap_reversion,ES,time_of_day,2026-06-10,2026-06-10 13:45:00+00:00,1,7382.0,7382.25,7388.25,7377.0,25,20,2026-06-10 13:46:00+00:00,7376.75,stop,-275.0,-278.5,312.5
vwap_reversion,ES,time_of_day,2026-06-10,2026-06-10 13:47:00+00:00,1,7379.75,7380.0,7386.0,7374.75,25,20,2026-06-10 13:48:00+00:00,7386.0,target,300.0,296.5,312.5
vwap_reversion,ES,time_of_day,2026-06-10,2026-06-10 13:49:00+00:00,-1,7387.0,7386.75,7380.75,7392.0,25,20,2026-06-10 13:50:00+00:00,7380.75,target,300.0,296.5,312.5
vwap_reversion,ES,time_of_day,2026-06-11,2026-06-11 13:45:00+00:00,-1,7307.75,7307.5,7301.5,7312.75,25,20,2026-06-11 13:46:00+00:00,7313.0,stop,-275.0,-278.5,312.5
vwap_reversion,ES,time_of_day,2026-06-11,2026-06-11 13:47:00+00:00,-1,7315.5,7315.25,7309.25,7320.5,25,20,2026-06-11 13:49:00+00:00,7309.25,target,300.0,296.5,312.5
vwap_reversion,ES,time_of_day,2026-06-11,2026-06-11 13:50:00+00:00,-1,7321.5,7321.25,7315.25,7326.5,25,20,2026-06-11 13:51:00+00:00,7326.75,stop,-275.0,-278.5,312.5
vwap_reversion,ES,time_of_day,2026-06-12,2026-06-12 13:45:00+00:00,1,7369.25,7369.5,7375.5,7364.25,25,20,2026-06-12 13:46:00+00:00,7375.5,target,300.0,296.5,312.5
vwap_reversion,ES,time_of_day,2026-06-12,2026-06-12 13:47:00+00:00,1,7374.25,7374.5,7380.5,7369.25,25,20,2026-06-12 13:49:00+00:00,7369.0,stop,-275.0,-278.5,312.5
vwap_reversion,ES,time_of_day,2026-06-12,2026-06-12 13:50:00+00:00,1,7372.25,7372.5,7378.5,7367.25,25,20,2026-06-12 13:52:00+00:00,7378.5,target,300.0,296.5,312.5
vwap_reversion,ES,time_of_day,2026-06-15,2026-06-15 13:45:00+00:00,-1,7550.25,7550.0,7544.0,7555.25,25,20,2026-06-15 13:49:00+00:00,7555.5,stop,-275.0,-278.5,312.5
vwap_reversion,ES,time_of_day,2026-06-15,2026-06-15 13:50:00+00:00,-1,7556.0,7555.75,7549.75,7561.0,25,20,2026-06-15 13:59:00+00:00,7549.75,target,300.0,296.5,312.5
vwap_reversion,ES,time_of_day,2026-06-15,2026-06-15 14:00:00+00:00,-1,7550.0,7549.75,7543.75,7555.0,25,20,2026-06-15 14:03:00+00:00,7555.25,stop,-275.0,-278.5,312.5
vwap_reversion,ES,time_of_day,2026-06-16,2026-06-16 13:59:00+00:00,1,7557.25,7557.5,7563.5,7552.25,25,20,2026-06-16 14:04:00+00:00,7563.5,target,300.0,296.5,312.5
vwap_reversion,ES,time_of_day,2026-06-16,2026-06-16 14:05:00+00:00,1,7558.25,7558.5,7564.5,7553.25,25,20,2026-06-16 14:08:00+00:00,7564.5,target,300.0,296.5,312.5
vwap_reversion,ES,time_of_day,2026-06-16,2026-06-16 14:19:00+00:00,1,7556.0,7556.25,7562.25,7551.0,25,20,2026-06-16 14:22:00+00:00,7550.75,stop,-275.0,-278.5,312.5
vwap_reversion,ES,time_of_day,2026-06-17,2026-06-17 13:45:00+00:00,-1,7597.25,7597.0,7591.0,7602.25,25,20,2026-06-17 13:56:00+00:00,7591.0,target,300.0,296.5,312.5
vwap_reversion,ES,time_of_day,2026-06-17,2026-06-17 13:57:00+00:00,1,7585.0,7585.25,7591.25,7580.0,25,20,2026-06-17 14:00:00+00:00,7579.75,stop,-275.0,-278.5,312.5
vwap_reversion,ES,time_of_day,2026-06-17,2026-06-17 14:01:00+00:00,-1,7585.0,7584.75,7578.75,7590.0,25,20,2026-06-17 14:07:00+00:00,7590.25,stop,-275.0,-278.5,312.5
vwap_reversion,ES,time_of_day,2026-06-18,2026-06-18 13:45:00+00:00,1,7543.25,7543.5,7549.5,7538.25,25,20,2026-06-18 13:47:00+00:00,7538.0,stop,-275.0,-278.5,312.5
vwap_reversion,ES,time_of_day,2026-06-18,2026-06-18 13:48:00+00:00,1,7539.5,7539.75,7545.75,7534.5,25,20,2026-06-18 13:49:00+00:00,7545.75,target,300.0,296.5,312.5
vwap_reversion,ES,time_of_day,2026-06-18,2026-06-18 13:50:00+00:00,1,7547.25,7547.5,7553.5,7542.25,25,20,2026-06-18 13:53:00+00:00,7553.5,target,300.0,296.5,312.5
vwap_reversion,ES,time_of_day,2026-06-19,2026-06-19 13:45:00+00:00,1,7559.5,7559.75,7565.75,7554.5,25,20,2026-06-19 14:02:00+00:00,7554.25,stop,-275.0,-278.5,312.5
vwap_reversion,ES,time_of_day,2026-06-19,2026-06-19 14:03:00+00:00,1,7557.75,7558.0,7564.0,7552.75,25,20,2026-06-19 14:44:00+00:00,7564.0,target,300.0,296.5,312.5
vwap_reversion,ES,time_of_day,2026-06-19,2026-06-19 15:02:00+00:00,-1,7566.5,7566.25,7560.25,7571.5,25,20,2026-06-19 15:37:00+00:00,7560.25,target,300.0,296.5,312.5
vwap_reversion,ES,time_of_day,2026-06-22,2026-06-22 13:45:00+00:00,-1,7581.75,7581.5,7575.5,7586.75,25,20,2026-06-22 13:47:00+00:00,7587.0,stop,-275.0,-278.5,312.5
vwap_reversion,ES,time_of_day,2026-06-22,2026-06-22 13:48:00+00:00,-1,7592.5,7592.25,7586.25,7597.5,25,20,2026-06-22 13:55:00+00:00,7586.25,target,300.0,296.5,312.5
vwap_reversion,ES,time_of_day,2026-06-22,2026-06-22 13:56:00+00:00,-1,7591.5,7591.25,7585.25,7596.5,25,20,2026-06-22 13:59:00+00:00,7596.75,stop,-275.0,-278.5,312.5
vwap_reversion,ES,time_of_day,2026-06-23,2026-06-23 13:45:00+00:00,-1,7445.25,7445.0,7439.0,7450.25,25,20,2026-06-23 13:47:00+00:00,7450.5,stop,-275.0,-278.5,312.5
vwap_reversion,ES,time_of_day,2026-06-23,2026-06-23 13:48:00+00:00,-1,7461.0,7460.75,7454.75,7466.0,25,20,2026-06-23 13:56:00+00:00,7454.75,target,300.0,296.5,312.5
vwap_reversion,ES,time_of_day,2026-06-23,2026-06-23 13:57:00+00:00,-1,7463.0,7462.75,7456.75,7468.0,25,20,2026-06-23 14:00:00+00:00,7468.25,stop,-275.0,-278.5,312.5
vwap_reversion,ES,time_of_day,2026-06-24,2026-06-24 13:45:00+00:00,-1,7454.0,7453.75,7447.75,7459.0,25,20,2026-06-24 13:46:00+00:00,7447.75,target,300.0,296.5,312.5
vwap_reversion,ES,time_of_day,2026-06-24,2026-06-24 13:47:00+00:00,-1,7448.75,7448.5,7442.5,7453.75,25,20,2026-06-24 13:48:00+00:00,7442.5,target,300.0,296.5,312.5
vwap_reversion,ES,time_of_day,2026-06-24,2026-06-24 13:49:00+00:00,-1,7450.0,7449.75,7443.75,7455.0,25,20,2026-06-24 13:50:00+00:00,7455.25,stop,-275.0,-278.5,312.5
vwap_reversion,ES,time_of_day,2026-06-25,2026-06-25 13:45:00+00:00,1,7429.25,7429.5,7435.5,7424.25,25,20,2026-06-25 13:46:00+00:00,7424.0,stop,-275.0,-278.5,312.5
vwap_reversion,ES,time_of_day,2026-06-25,2026-06-25 13:47:00+00:00,1,7419.0,7419.25,7425.25,7414.0,25,20,2026-06-25 13:48:00+00:00,7413.75,stop,-275.0,-278.5,312.5
vwap_reversion,ES,time_of_day,2026-06-25,2026-06-25 13:49:00+00:00,1,7424.5,7424.75,7430.75,7419.5,25,20,2026-06-25 13:50:00+00:00,7419.25,stop,-275.0,-278.5,312.5
vwap_reversion,ES,time_of_day,2026-06-26,2026-06-26 13:45:00+00:00,1,7372.25,7372.5,7378.5,7367.25,25,20,2026-06-26 13:46:00+00:00,7378.5,target,300.0,296.5,312.5
vwap_reversion,ES,time_of_day,2026-06-26,2026-06-26 13:47:00+00:00,-1,7384.75,7384.5,7378.5,7389.75,25,20,2026-06-26 13:48:00+00:00,7390.0,stop,-275.0,-278.5,312.5
vwap_reversion,ES,time_of_day,2026-06-26,2026-06-26 13:49:00+00:00,1,7378.5,7378.75,7384.75,7373.5,25,20,2026-06-26 13:51:00+00:00,7384.75,target,300.0,296.5,312.5
vwap_reversion,ES,time_of_day,2026-06-29,2026-06-29 13:45:00+00:00,-1,7487.75,7487.5,7481.5,7492.75,25,20,2026-06-29 13:46:00+00:00,7481.5,target,300.0,296.5,312.5
vwap_reversion,ES,time_of_day,2026-06-29,2026-06-29 13:47:00+00:00,-1,7483.75,7483.5,7477.5,7488.75,25,20,2026-06-29 13:50:00+00:00,7477.5,target,300.0,296.5,312.5
vwap_reversion,ES,time_of_day,2026-06-29,2026-06-29 13:51:00+00:00,-1,7486.5,7486.25,7480.25,7491.5,25,20,2026-06-29 13:54:00+00:00,7480.25,target,300.0,296.5,312.5
vwap_reversion,ES,time_of_day,2026-06-30,2026-06-30 13:45:00+00:00,-1,7508.75,7508.5,7502.5,7513.75,25,20,2026-06-30 13:51:00+00:00,7514.0,stop,-275.0,-278.5,312.5
vwap_reversion,ES,time_of_day,2026-06-30,2026-06-30 13:52:00+00:00,-1,7521.0,7520.75,7514.75,7526.0,25,20,2026-06-30 13:59:00+00:00,7526.25,stop,-275.0,-278.5,312.5
vwap_reversion,ES,time_of_day,2026-06-30,2026-06-30 14:00:00+00:00,-1,7519.0,7518.75,7512.75,7524.0,25,20,2026-06-30 14:02:00+00:00,7524.25,stop,-275.0,-278.5,312.5
