strategy,instrument,filter,session,entry_ts,side,signal_price,entry_price,target_price,stop_price,target_ticks,stop_ticks,exit_ts,exit_price,reason,gross_pnl,pnl,theoretical_gross_win
vwap_reversion,ES,trend_alignment,2024-07-02,2024-07-02 13:55:00+00:00,1,5527.75,5528.0,5534.0,5522.75,25,20,2024-07-02 14:04:00+00:00,5534.0,target,300.0,296.5,312.5
vwap_reversion,ES,trend_alignment,2024-07-02,2024-07-02 14:10:00+00:00,1,5524.75,5525.0,5531.0,5519.75,25,20,2024-07-02 14:14:00+00:00,5531.0,target,300.0,296.5,312.5
vwap_reversion,ES,trend_alignment,2024-07-02,2024-07-02 14:15:00+00:00,1,5526.75,5527.0,5533.0,5521.75,25,20,2024-07-02 14:30:00+00:00,5533.0,target,300.0,296.5,312.5
vwap_reversion,ES,trend_alignment,2024-07-08,2024-07-08 14:20:00+00:00,-1,5628.5,5628.25,5622.25,5633.5,25,20,2024-07-08 15:38:00+00:00,5622.25,target,300.0,296.5,312.5
vwap_reversion,ES,trend_alignment,2024-07-08,2024-07-08 15:41:00+00:00,-1,5624.75,5624.5,5618.5,5629.75,25,20,2024-07-08 16:09:00+00:00,5618.5,target,300.0,296.5,312.5
vwap_reversion,ES,trend_alignment,2024-07-08,2024-07-08 17:32:00+00:00,-1,5624.75,5624.5,5618.5,5629.75,25,20,2024-07-08 18:42:00+00:00,5618.5,target,300.0,296.5,312.5
vwap_reversion,ES,trend_alignment,2024-07-09,2024-07-09 14:06:00+00:00,-1,5635.0,5634.75,5628.75,5640.0,25,20,2024-07-09 14:11:00+00:00,5640.25,stop,-275.0,-278.5,312.5
vwap_reversion,ES,trend_alignment,2024-07-09,2024-07-09 14:24:00+00:00,-1,5635.0,5634.75,5628.75,5640.0,25,20,2024-07-09 14:42:00+00:00,5640.25,stop,-275.0,-278.5,312.5
vwap_reversion,ES,trend_alignment,2024-07-09,2024-07-09 15:04:00+00:00,-1,5635.75,5635.5,5629.5,5640.75,25,20,2024-07-09 16:09:00+00:00,5641.0,stop,-275.0,-278.5,312.5
vwap_reversion,ES,trend_alignment,2024-07-10,2024-07-10 14:55:00+00:00,-1,5642.5,5642.25,5636.25,5647.5,25,20,2024-07-10 15:24:00+00:00,5647.75,stop,-275.0,-278.5,312.5
vwap_reversion,ES,trend_alignment,2024-07-15,2024-07-15 13:45:00+00:00,-1,5686.5,5686.25,5680.25,5691.5,25,20,2024-07-15 13:48:00+00:00,5691.75,stop,-275.0,-278.5,312.5
vwap_reversion,ES,trend_alignment,2024-07-15,2024-07-15 13:49:00+00:00,-1,5688.75,5688.5,5682.5,5693.75,25,20,2024-07-15 14:04:00+00:00,5694.0,stop,-275.0,-278.5,312.5
vwap_reversion,ES,trend_alignment,2024-07-15,2024-07-15 17:03:00+00:00,-1,5684.0,5683.75,5677.75,5689.0,25,20,2024-07-15 17:05:00+00:00,5689.25,stop,-275.0,-278.5,312.5
vwap_reversion,ES,trend_alignment,2024-07-16,2024-07-16 14:02:00+00:00,-1,5696.25,5696.0,5690.0,5701.25,25,20,2024-07-16 14:39:00+00:00,5701.5,stop,-275.0,-278.5,312.5
vwap_reversion,ES,trend_alignment,2024-07-16,2024-07-16 15:31:00+00:00,-1,5697.75,5697.5,5691.5,5702.75,25,20,2024-07-16 15:52:00+00:00,5703.0,stop,-275.0,-278.5,312.5
vwap_reversion,ES,trend_alignment,2024-07-16,2024-07-16 16:11:00+00:00,-1,5698.0,5697.75,5691.75,5703.0,25,20,2024-07-16 16:17:00+00:00,5691.75,target,300.0,296.5,312.5
vwap_reversion,ES,trend_alignment,2024-07-17,2024-07-17 13:45:00+00:00,1,5663.5,5663.75,5669.75,5658.5,25,20,2024-07-17 13:53:00+00:00,5669.75,target,300.0,296.5,312.5
vwap_reversion,ES,trend_alignment,2024-07-17,2024-07-17 13:55:00+00:00,1,5669.5,5669.75,5675.75,5664.5,25,20,2024-07-17 14:00:00+00:00,5664.25,stop,-275.0,-278.5,312.5
vwap_reversion,ES,trend_alignment,2024-07-17,2024-07-17 14:01:00+00:00,1,5660.25,5660.5,5666.5,5655.25,25,20,2024-07-17 14:06:00+00:00,5655.0,stop,-275.0,-278.5,312.5
vwap_reversion,ES,trend_alignment,2024-07-18,2024-07-18 13:45:00+00:00,-1,5645.5,5645.25,5639.25,5650.5,25,20,2024-07-18 13:57:00+00:00,5650.75,stop,-275.0,-278.5,312.5
vwap_reversion,ES,trend_alignment,2024-07-18,2024-07-18 14:33:00+00:00,-1,5641.5,5641.25,5635.25,5646.5,25,20,2024-07-18 14:35:00+00:00,5635.25,target,300.0,296.5,312.5
vwap_reversion,ES,trend_alignment,2024-07-18,2024-07-18 14:53:00+00:00,-1,5641.25,5641.0,5635.0,5646.25,25,20,2024-07-18 14:59:00+00:00,5635.0,target,300.0,296.5,312.5
vwap_reversion,ES,trend_alignment,2024-07-19,2024-07-19 13:47:00+00:00,1,5587.5,5587.75,5593.75,5582.5,25,20,2024-07-19 13:50:00+00:00,5593.75,target,300.0,296.5,312.5
vwap_reversion,ES,trend_alignment,2024-07-19,2024-07-19 14:00:00+00:00,1,5589.0,5589.25,5595.25,5584.0,25,20,2024-07-19 14:09:00+00:00,5595.25,target,300.0,296.5,312.5
vwap_reversion,ES,trend_alignment,2024-07-19,2024-07-19 14:13:00+00:00,1,5589.0,5589.25,5595.25,5584.0,25,20,2024-07-19 14:24:00+00:00,5583.75,stop,-275.0,-278.5,312.5
vwap_reversion,ES,trend_alignment,2024-07-22,2024-07-22 13:57:00+00:00,-1,5591.75,5591.5,5585.5,5596.75,25,20,2024-07-22 14:01:00+00:00,5585.5,target,300.0,296.5,312.5
vwap_reversion,ES,trend_alignment,2024-07-22,2024-07-22 14:14:00+00:00,-1,5588.0,5587.75,5581.75,5593.0,25,20,2024-07-22 14:18:00+00:00,5581.75,target,300.0,296.5,312.5
vwap_reversion,ES,trend_alignment,2024-07-22,2024-07-22 14:19:00+00:00,-1,5586.5,5586.25,5580.25,5591.5,25,20,2024-07-22 14:28:00+00:00,5591.75,stop,-275.0,-278.5,312.5
vwap_reversion,ES,trend_alignment,2024-07-23,2024-07-23 14:47:00+00:00,1,5610.5,5610.75,5616.75,5605.5,25,20,2024-07-23 14:49:00+00:00,5605.25,stop,-275.0,-278.5,312.5
vwap_reversion,ES,trend_alignment,2024-07-23,2024-07-23 14:52:00+00:00,1,5607.75,5608.0,5614.0,5602.75,25,20,2024-07-23 15:00:00+00:00,5614.0,target,300.0,296.5,312.5
vwap_reversion,ES,trend_alignment,2024-07-23,2024-07-23 16:24:00+00:00,1,5611.5,5611.75,5617.75,5606.5,25,20,2024-07-23 16:57:00+00:00,5606.25,stop,-275.0,-278.5,312.5
vwap_reversion,ES,trend_alignment,2024-07-25,2024-07-25 14:29:00+00:00,-1,5464.0,5463.75,5457.75,5469.0,25,20,2024-07-25 14:43:00+00:00,5469.25,stop,-275.0,-278.5,312.5
vwap_reversion,ES,trend_alignment,2024-07-25,2024-07-25 14:44:00+00:00,-1,5471.25,5471.0,5465.0,5476.25,25,20,2024-07-25 14:50:00+00:00,5476.5,stop,-275.0,-278.5,312.5
vwap_reversion,ES,trend_alignment,2024-07-25,2024-07-25 18:46:00+00:00,1,5474.75,5475.0,5481.0,5469.75,25,20,2024-07-25 18:48:00+00:00,5469.5,stop,-275.0,-278.5,312.5
vwap_reversion,ES,trend_alignment,2024-07-26,2024-07-26 13:49:00+00:00,-1,5477.75,5477.5,5471.5,5482.75,25,20,2024-07-26 13:52:00+00:00,5483.0,stop,-275.0,-278.5,312.5
vwap_reversion,ES,trend_alignment,2024-07-26,2024-07-26 13:53:00+00:00,-1,5478.25,5478.0,5472.0,5483.25,25,20,2024-07-26 13:57:00+00:00,5483.5,stop,-275.0,-278.5,312.5
vwap_reversion,ES,trend_alignment,2024-07-26,2024-07-26 14:09:00+00:00,-1,5476.5,5476.25,5470.25,5481.5,25,20,2024-07-26 14:10:00+00:00,5481.75,stop,-275.0,-278.5,312.5
vwap_reversion,ES,trend_alignment,2024-07-29,2024-07-29 13:48:00+00:00,-1,5511.75,5511.5,5505.5,5516.75,25,20,2024-07-29 13:56:00+00:00,5517.0,stop,-275.0,-278.5,312.5
vwap_reversion,ES,trend_alignment,2024-07-29,2024-07-29 14:12:00+00:00,-1,5508.5,5508.25,5502.25,5513.5,25,20,2024-07-29 14:21:00+00:00,5513.75,stop,-275.0,-278.5,312.5
vwap_reversion,ES,trend_alignment,2024-07-29,2024-07-29 14:25:00+00:00,-1,5510.0,5509.75,5503.75,5515.0,25,20,2024-07-29 14:31:00+00:00,5503.75,target,300.0,296.5,312.5
vwap_reversion,ES,trend_alignment,2024-07-30,2024-07-30 13:51:00+00:00,-1,5516.0,5515.75,5509.75,5521.0,25,20,2024-07-30 14:01:00+00:00,5509.75,target,300.0,296.5,312.5
vwap_reversion,ES,trend_alignment,2024-07-30,2024-07-30 14:05:00+00:00,-1,5511.5,5511.25,5505.25,5516.5,25,20,2024-07-30 14:18:00+00:00,5505.25,target,300.0,296.5,312.5
vwap_reversion,ES,trend_alignment,2024-07-31,2024-07-31 13:45:00+00:00,-1,5533.5,5533.25,5527.25,5538.5,25,20,2024-07-31 13:49:00+00:00,5538.75,stop,-275.0,-278.5,312.5
vwap_reversion,ES,trend_alignment,2024-07-31,2024-07-31 13:50:00+00:00,-1,5535.75,5535.5,5529.5,5540.75,25,20,2024-07-31 13:55:00+00:00,5541.0,stop,-275.0,-278.5,312.5
vwap_reversion,ES,trend_alignment,2024-07-31,2024-07-31 13:56:00+00:00,-1,5535.25,5535.0,5529.0,5540.25,25,20,2024-07-31 13:58:00+00:00,5540.5,stop,-275.0,-278.5,312.5
vwap_reversion,ES,trend_alignment,2024-08-01,2024-08-01 14:05:00+00:00,1,5579.5,5579.75,5585.75,5574.5,25,20,2024-08-01 14:07:00+00:00,5574.25,stop,-275.0,-278.5,312.5
vwap_reversion,ES,trend_alignment,2024-08-01,2024-08-01 14:08:00+00:00,1,5579.5,5579.75,5585.75,5574.5,25,20,2024-08-01 14:09:00+00:00,5574.25,stop,-275.0,-278.5,312.5
vwap_reversion,ES,trend_alignment,2024-08-01,2024-08-01 14:11:00+00:00,-1,5572.75,5572.5,5566.5,5577.75,25,20,2024-08-01 14:13:00+00:00,5578.0,stop,-275.0,-278.5,312.5
vwap_reversion,ES,trend_alignment,2024-08-02,2024-08-02 15:57:00+00:00,-1,5373.75,5373.5,5367.5,5378.75,25,20,2024-08-02 15:59:00+00:00,5367.5,target,300.0,296.5,312.5
vwap_reversion,ES,trend_alignment,2024-08-02,2024-08-02 16:04:00+00:00,-1,5372.0,5371.75,5365.75,5377.0,25,20,2024-08-02 16:09:00+00:00,5365.75,target,300.0,296.5,312.5
vwap_reversion,ES,trend_alignment,2024-08-02,2024-08-02 16:20:00+00:00,-1,5372.5,5372.25,5366.25,5377.5,25,20,2024-08-02 16:21:00+00:00,5377.75,stop,-275.0,-278.5,312.5
vwap_reversion,ES,trend_alignment,2024-08-05,2024-08-05 13:59:00+00:00,1,5195.25,5195.5,5201.5,5190.25,25,20,2024-08-05 14:00:00+00:00,5201.5,target,300.0,296.5,312.5
vwap_reversion,ES,trend_alignment,2024-08-05,2024-08-05 14:12:00+00:00,1,5202.75,5203.0,5209.0,5197.75,25,20,2024-08-05 14:13:00+00:00,5209.0,target,300.0,296.5,312.5
vwap_reversion,ES,trend_alignment,2024-08-05,2024-08-05 14:23:00+00:00,1,5203.75,5204.0,5210.0,5198.75,25,20,2024-08-05 14:25:00+00:00,5210.0,target,300.0,296.5,312.5
vwap_reversion,ES,trend_alignment,2024-08-07,2024-08-07 14:18:00+00:00,1,5334.25,5334.5,5340.5,5329.25,25,20,2024-08-07 14:21:00+00:00,5340.5,target,300.0,296.5,312.5
vwap_reversion,ES,trend_alignment,2024-08-07,2024-08-07 14:26:00+00:00,1,5332.5,5332.75,5338.75,5327.5,25,20,2024-08-07 14:28:00+00:00,5327.25,stop,-275.0,-278.5,312.5
vwap_reversion,ES,trend_alignment,2024-08-07,2024-08-07 14:29:00+00:00,1,5330.0,5330.25,5336.25,5325.0,25,20,2024-08-07 14:32:00+00:00,5336.25,target,300.0,296.5,312.5
vwap_reversion,ES,trend_alignment,2024-08-08,2024-08-08 13:45:00+00:00,-1,5275.75,5275.5,5269.5,5280.75,25,20,2024-08-08 13:47:00+00:00,5269.5,target,300.0,296.5,312.5
vwap_reversion,ES,trend_alignment,2024-08-08,2024-08-08 13:52:00+00:00,-1,5277.0,5276.75,5270.75,5282.0,25,20,2024-08-08 13:54:00+00:00,5282.25,stop,-275.0,-278.5,312.5
vwap_reversion,ES,trend_alignment,2024-08-09,2024-08-09 14:03:00+00:00,1,5341.0,5341.25,5347.25,5336.0,25,20,2024-08-09 14:11:00+00:00,5347.25,target,300.0,296.5,312.5
vwap_reversion,ES,trend_alignment,2024-08-09,2024-08-09 14:12:00+00:00,1,5353.5,5353.75,5359.75,5348.5,25,20,2024-08-09 14:16:00+00:00,5348.25,stop,-275.0,-278.5,312.5
vwap_reversion,ES,trend_alignment,2024-08-09,2024-08-09 14:18:00+00:00,1,5345.0,5345.25,5351.25,5340.0,25,20,2024-08-09 14:22:00+00:00,5351.25,target,300.0,296.5,312.5
vwap_reversion,ES,trend_alignment,2024-08-12,2024-08-12 14:09:00+00:00,-1,5372.25,5372.0,5366.0,5377.25,25,20,2024-08-12 14:14:00+00:00,5377.5,stop,-275.0,-278.5,312.5
vwap_reversion,ES,trend_alignment,2024-08-12,2024-08-12 14:15:00+00:00,-1,5375.25,5375.0,5369.0,5380.25,25,20,2024-08-12 14:21:00+00:00,5380.5,stop,-275.0,-278.5,312.5
vwap_reversion,ES,trend_alignment,2024-08-12,2024-08-12 14:29:00+00:00,-1,5380.75,5380.5,5374.5,5385.75,25,20,2024-08-12 14:35:00+00:00,5386.0,stop,-275.0,-278.5,312.5
vwap_reversion,ES,trend_alignment,2024-08-13,2024-08-13 14:17:00+00:00,1,5406.25,5406.5,5412.5,5401.25,25,20,2024-08-13 14:25:00+00:00,5412.5,target,300.0,296.5,312.5
vwap_reversion,ES,trend_alignment,2024-08-13,2024-08-13 14:31:00+00:00,1,5405.25,5405.5,5411.5,5400.25,25,20,2024-08-13 14:36:00+00:00,5411.5,target,300.0,296.5,312.5
vwap_reversion,ES,trend_alignment,2024-08-14,2024-08-14 14:58:00+00:00,-1,5461.25,5461.0,5455.0,5466.25,25,20,2024-08-14 15:20:00+00:00,5466.5,stop,-275.0,-278.5,312.5
vwap_reversion,ES,trend_alignment,2024-08-14,2024-08-14 15:21:00+00:00,-1,5466.0,5465.75,5459.75,5471.0,25,20,2024-08-14 15:30:00+00:00,5471.25,stop,-275.0,-278.5,312.5
vwap_reversion,ES,trend_alignment,2024-08-14,2024-08-14 16:23:00+00:00,-1,5465.25,5465.0,5459.0,5470.25,25,20,2024-08-14 16:25:00+00:00,5459.0,target,300.0,296.5,312.5
vwap_reversion,ES,trend_alignment,2024-08-15,2024-08-15 13:45:00+00:00,-1,5531.75,5531.5,5525.5,5536.75,25,20,2024-08-15 13:51:00+00:00,5537.0,stop,-275.0,-278.5,312.5
vwap_reversion,ES,trend_alignment,2024-08-15,2024-08-15 14:05:00+00:00,-1,5531.25,5531.0,5525.0,5536.25,25,20,2024-08-15 14:13:00+00:00,5536.5,stop,-275.0,-278.5,312.5
vwap_reversion,ES,trend_alignment,2024-08-16,2024-08-16 13:45:00+00:00,1,5554.25,5554.5,5560.5,5549.25,25,20,2024-08-16 13:50:00+00:00,5560.5,target,300.0,296.5,312.5
vwap_reversion,ES,trend_alignment,2024-08-16,2024-08-16 13:51:00+00:00,1,5560.25,5560.5,5566.5,5555.25,25,20,2024-08-16 14:02:00+00:00,5566.5,target,300.0,296.5,312.5
vwap_reversion,ES,trend_alignment,2024-08-16,2024-08-16 14:08:00+00:00,1,5562.0,5562.25,5568.25,5557.0,25,20,2024-08-16 14:16:00+00:00,5568.25,target,300.0,296.5,312.5
vwap_reversion,ES,trend_alignment,2024-08-20,2024-08-20 14:12:00+00:00,1,5626.75,5627.0,5633.0,5621.75,25,20,2024-08-20 14:35:00+00:00,5621.5,stop,-275.0,-278.5,312.5
vwap_reversion,ES,trend_alignment,2024-08-21,2024-08-21 14:14:00+00:00,-1,5628.5,5628.25,5622.25,5633.5,25,20,2024-08-21 14:19:00+00:00,5633.75,stop,-275.0,-278.5,312.5
vwap_reversion,ES,trend_alignment,2024-08-21,2024-08-21 14:50:00+00:00,-1,5630.75,5630.5,5624.5,5635.75,25,20,2024-08-21 14:52:00+00:00,5624.5,target,300.0,296.5,312.5
vwap_reversion,ES,trend_alignment,2024-08-21,2024-08-21 15:05:00+00:00,-1,5628.75,5628.5,5622.5,5633.75,25,20,2024-08-21 15:11:00+00:00,5634.0,stop,-275.0,-278.5,312.5
vwap_reversion,ES,trend_alignment,2024-08-22,2024-08-22 13:46:00+00:00,-1,5655.75,5655.5,5649.5,5660.75,25,20,2024-08-22 13:51:00+00:00,5649.5,target,300.0,296.5,312.5
vwap_reversion,ES,trend_alignment,2024-08-22,2024-08-22 13:53:00+00:00,-1,5656.5,5656.25,5650.25,5661.5,25,20,2024-08-22 13:56:00+00:00,5661.75,stop,-275.0,-278.5,312.5
vwap_reversion,ES,trend_alignment,2024-08-22,2024-08-22 13:58:00+00:00,-1,5657.5,5657.25,5651.25,5662.5,25,20,2024-08-22 14:06:00+00:00,5651.25,target,300.0,296.5,312.5
vwap_reversion,ES,trend_alignment,2024-08-23,2024-08-23 13:50:00+00:00,-1,5625.75,5625.5,5619.5,5630.75,25,20,2024-08-23 14:00:00+00:00,5631.0,stop,-275.0,-278.5,312.5
vwap_reversion,ES,trend_alignment,2024-08-23,2024-08-23 14:47:00+00:00,1,5632.75,5633.0,5639.0,5627.75,25,20,2024-08-23 14:48:00+00:00,5627.5,stop,-275.0,-278.5,312.5
vwap_reversion,ES,trend_alignment,2024-08-23,2024-08-23 14:54:00+00:00,1,5627.5,5627.75,5633.75,5622.5,25,20,2024-08-23 14:57:00+00:00,5633.75,target,300.0,296.5,312.5
vwap_reversion,ES,trend_alignment,2024-08-26,2024-08-26 13:47:00+00:00,-1,5660.75,5660.5,5654.5,5665.75,25,20,2024-08-26 14:08:00+00:00,5654.5,target,300.0,296.5,312.5
vwap_reversion,ES,trend_alignment,2024-08-27,2024-08-27 13:50:00+00:00,1,5624.0,5624.25,5630.25,5619.0,25,20,2024-08-27 13:53:00+00:00,5630.25,target,300.0,296.5,312.5
vwap_reversion,ES,trend_alignment,2024-08-27,2024-08-27 13:54:00+00:00,1,5629.25,5629.5,5635.5,5624.25,25,20,2024-08-27 13:58:00+00:00,5624.0,stop,-275.0,-278.5,312.5
vwap_reversion,ES,trend_alignment,2024-08-27,2024-08-27 13:59:00+00:00,1,5627.0,5627.25,5633.25,5622.0,25,20,2024-08-27 14:22:00+00:00,5633.25,target,300.0,296.5,312.5
vwap_reversion,ES,trend_alignment,2024-08-29,2024-08-29 13:45:00+00:00,-1,5626.25,5626.0,5620.0,5631.25,25,20,2024-08-29 13:48:00+00:00,5631.5,stop,-275.0,-278.5,312.5
vwap_reversion,ES,trend_alignment,2024-08-29,2024-08-29 13:50:00+00:00,-1,5624.75,5624.5,5618.5,5629.75,25,20,2024-08-29 13:55:00+00:00,5630.0,stop,-275.0,-278.5,312.5
vwap_reversion,ES,trend_alignment,2024-08-29,2024-08-29 18:28:00+00:00,1,5631.75,5632.0,5638.0,5626.75,25,20,2024-08-29 18:30:00+00:00,5626.5,stop,-275.0,-278.5,312.5
vwap_reversion,ES,trend_alignment,2024-08-30,2024-08-30 14:57:00+00:00,-1,5625.0,5624.75,5618.75,5630.0,25,20,2024-08-30 15:00:00+00:00,5618.75,target,300.0,296.5,312.5
vwap_reversion,ES,trend_alignment,2024-08-30,2024-08-30 15:01:00+00:00,-1,5624.25,5624.0,5618.0,5629.25,25,20,2024-08-30 15:19:00+00:00,5618.0,target,300.0,296.5,312.5
vwap_reversion,ES,trend_alignment,2024-08-30,2024-08-30 18:20:00+00:00,-1,5619.5,5619.25,5613.25,5624.5,25,20,2024-08-30 18:38:00+00:00,5624.75,stop,-275.0,-278.5,312.5
vwap_reversion,ES,trend_alignment,2024-09-04,2024-09-04 13:46:00+00:00,1,5535.75,5536.0,5542.0,5530.75,25,20,2024-09-04 13:48:00+00:00,5542.0,target,300.0,296.5,312.5
vwap_reversion,ES,trend_alignment,2024-09-04,2024-09-04 14:00:00+00:00,1,5525.0,5525.25,5531.25,5520.0,25,20,2024-09-04 14:01:00+00:00,5531.25,target,300.0,296.5,312.5
vwap_reversion,ES,trend_alignment,2024-09-04,2024-09-04 14:04:00+00:00,1,5536.25,5536.5,5542.5,5531.25,25,20,2024-09-04 14:06:00+00:00,5531.0,stop,-275.0,-278.5,312.5
vwap_reversion,ES,trend_alignment,2024-09-05,2024-09-05 14:45:00+00:00,1,5533.75,5534.0,5540.0,5528.75,25,20,2024-09-05 14:47:00+00:00,5528.5,stop,-275.0,-278.5,312.5
vwap_reversion,ES,trend_alignment,2024-09-05,2024-09-05 14:48:00+00:00,1,5529.75,5530.0,5536.0,5524.75,25,20,2024-09-05 14:50:00+00:00,5524.5,stop,-275.0,-278.5,312.5
vwap_reversion,ES,trend_alignment,2024-09-05,2024-09-05 14:55:00+00:00,1,5528.5,5528.75,5534.75,5523.5,25,20,2024-09-05 14:59:00+00:00,5523.25,stop,-275.0,-278.5,312.5
vwap_reversion,ES,trend_alignment,2024-09-09,2024-09-09 13:45:00+00:00,-1,5460.25,5460.0,5454.0,5465.25,25,20,2024-09-09 13:49:00+00:00,5465.5,stop,-275.0,-278.5,312.5
vwap_reversion,ES,trend_alignment,2024-09-09,2024-09-09 14:55:00+00:00,-1,5459.0,5458.75,5452.75,5464.0,25,20,2024-09-09 14:58:00+00:00,5452.75,target,300.0,296.5,312.5
vwap_reversion,ES,trend_alignment,2024-09-09,2024-09-09 15:28:00+00:00,-1,5456.0,5455.75,5449.75,5461.0,25,20,2024-09-09 15:31:00+00:00,5461.25,stop,-275.0,-278.5,312.5
vwap_reversion,ES,trend_alignment,2024-09-10,2024-09-10 13:45:00+00:00,-1,5497.75,5497.5,5491.5,5502.75,25,20,2024-09-10 13:50:00+00:00,5491.5,target,300.0,296.5,312.5
vwap_reversion,ES,trend_alignment,2024-09-10,2024-09-10 13:51:00+00:00,-1,5495.0,5494.75,5488.75,5500.0,25,20,2024-09-10 13:55:00+00:00,5500.25,stop,-275.0,-278.5,312.5
vwap_reversion,ES,trend_alignment,2024-09-10,2024-09-10 13:56:00+00:00,-1,5496.75,5496.5,5490.5,5501.75,25,20,2024-09-10 14:03:00+00:00,5490.5,target,300.0,296.5,312.5
vwap_reversion,ES,trend_alignment,2024-09-11,2024-09-11 15:38:00+00:00,-1,5451.75,5451.5,5445.5,5456.75,25,20,2024-09-11 15:41:00+00:00,5457.0,stop,-275.0,-278.5,312.5
vwap_reversion,ES,trend_alignment,2024-09-11,2024-09-11 15:42:00+00:00,-1,5459.75,5459.5,5453.5,5464.75,25,20,2024-09-11 15:46:00+00:00,5465.0,stop,-275.0,-278.5,312.5
vwap_reversion,ES,trend_alignment,2024-09-11,2024-09-11 15:47:00+00:00,-1,5460.25,5460.0,5454.0,5465.25,25,20,2024-09-11 15:55:00+00:00,5454.0,target,300.0,296.5,312.5
vwap_reversion,ES,trend_alignment,2024-09-12,2024-09-12 14:36:00+00:00,-1,5562.0,5561.75,5555.75,5567.0,25,20,2024-09-12 14:38:00+00:00,5567.25,stop,-275.0,-278.5,312.5
vwap_reversion,ES,trend_alignment,2024-09-12,2024-09-12 15:02:00+00:00,-1,5562.25,5562.0,5556.0,5567.25,25,20,2024-09-12 15:05:00+00:00,5567.5,stop,-275.0,-278.5,312.5
vwap_reversion,ES,trend_alignment,2024-09-12,2024-09-12 15:29:00+00:00,-1,5562.25,5562.0,5556.0,5567.25,25,20,2024-09-12 15:37:00+00:00,5567.5,stop,-275.0,-278.5,312.5
vwap_reversion,ES,trend_alignment,2024-09-17,2024-09-17 13:48:00+00:00,-1,5659.0,5658.75,5652.75,5664.0,25,20,2024-09-17 13:54:00+00:00,5652.75,target,300.0,296.5,312.5
vwap_reversion,ES,trend_alignment,2024-09-17,2024-09-17 13:55:00+00:00,-1,5653.25,5653.0,5647.0,5658.25,25,20,2024-09-17 14:04:00+00:00,5658.5,stop,-275.0,-278.5,312.5
vwap_reversion,ES,trend_alignment,2024-09-17,2024-09-17 15:33:00+00:00,-1,5660.25,5660.0,5654.0,5665.25,25,20,2024-09-17 16:12:00+00:00,5654.0,target,300.0,296.5,312.5
vwap_reversion,ES,trend_alignment,2024-09-18,2024-09-18 13:45:00+00:00,-1,5702.25,5702.0,5696.0,5707.25,25,20,2024-09-18 13:50:00+00:00,5696.0,target,300.0,296.5,312.5
vwap_reversion,ES,trend_alignment,2024-09-18,2024-09-18 13:51:00+00:00,-1,5700.5,5700.25,5694.25,5705.5,25,20,2024-09-18 14:11:00+00:00,5694.25,target,300.0,296.5,312.5
vwap_reversion,ES,trend_alignment,2024-09-18,2024-09-18 14:12:00+00:00,-1,5697.25,5697.0,5691.0,5702.25,25,20,2024-09-18 14:43:00+00:00,5702.5,stop,-275.0,-278.5,312.5
vwap_reversion,ES,trend_alignment,2024-09-19,2024-09-19 13:48:00+00:00,-1,5760.0,5759.75,5753.75,5765.0,25,20,2024-09-19 13:50:00+00:00,5753.75,target,300.0,296.5,312.5
vwap_reversion,ES,trend_alignment,2024-09-19,2024-09-19 13:55:00+00:00,-1,5760.5,5760.25,5754.25,5765.5,25,20,2024-09-19 14:00:00+00:00,5765.75,stop,-275.0,-278.5,312.5
vwap_reversion,ES,trend_alignment,2024-09-19,2024-09-19 14:01:00+00:00,-1,5764.5,5764.25,5758.25,5769.5,25,20,2024-09-19 14:03:00+00:00,5769.75,stop,-275.0,-278.5,312.5
vwap_reversion,ES,trend_alignment,2024-09-20,2024-09-20 13:47:00+00:00,1,5761.0,5761.25,5767.25,5756.0,25,20,2024-09-20 13:58:00+00:00,5755.75,stop,-275.0,-278.5,312.5
vwap_reversion,ES,trend_alignment,2024-09-20,2024-09-20 16:27:00+00:00,-1,5759.75,5759.5,5753.5,5764.75,25,20,2024-09-20 16:45:00+00:00,5765.0,stop,-275.0,-278.5,312.5
vwap_reversion,ES,trend_alignment,2024-09-20,2024-09-20 16:47:00+00:00,1,5764.25,5764.5,5770.5,5759.25,25,20,2024-09-20 18:01:00+00:00,5759.0,stop,-275.0,-278.5,312.5
vwap_reversion,ES,trend_alignment,2024-09-23,2024-09-23 13:48:00+00:00,-1,5770.25,5770.0,5764.0,5775.25,25,20,2024-09-23 13:51:00+00:00,5775.5,stop,-275.0,-278.5,312.5
vwap_reversion,ES,trend_alignment,2024-09-23,2024-09-23 13:52:00+00:00,-1,5772.0,5771.75,5765.75,5777.0,25,20,2024-09-23 14:00:00+00:00,5765.75,target,300.0,296.5,312.5
vwap_reversion,ES,trend_alignment,2024-09-23,2024-09-23 14:01:00+00:00,-1,5773.0,5772.75,5766.75,5778.0,25,20,2024-09-23 14:09:00+00:00,5778.25,stop,-275.0,-278.5,312.5
vwap_reversion,ES,trend_alignment,2024-09-24,2024-09-24 14:57:00+00:00,-1,5774.0,5773.75,5767.75,5779.0,25,20,2024-09-24 15:11:00+00:00,5779.25,stop,-275.0,-278.5,312.5
vwap_reversion,ES,trend_alignment,2024-09-24,2024-09-24 15:12:00+00:00,-1,5779.0,5778.75,5772.75,5784.0,25,20,2024-09-24 15:52:00+00:00,5784.25,stop,-275.0,-278.5,312.5
vwap_reversion,ES,trend_alignment,2024-09-24,2024-09-24 16:26:00+00:00,-1,5782.25,5782.0,5776.0,5787.25,25,20,2024-09-24 16:35:00+00:00,5787.5,stop,-275.0,-278.5,312.5
vwap_reversion,ES,trend_alignment,2024-09-26,2024-09-26 13:45:00+00:00,-1,5816.5,5816.25,5810.25,5821.5,25,20,2024-09-26 14:00:00+00:00,5821.75,stop,-275.0,-278.5,312.5
vwap_reversion,ES,trend_alignment,2024-09-26,2024-09-26 14:01:00+00:00,-1,5816.25,5816.0,5810.0,5821.25,25,20,2024-09-26 14:05:00+00:00,5810.0,target,300.0,296.5,312.5
vwap_reversion,ES,trend_alignment,2024-09-26,2024-09-26 14:08:00+00:00,-1,5810.0,5809.75,5803.75,5815.0,25,20,2024-09-26 14:31:00+00:00,5803.75,target,300.0,296.5,312.5
vwap_reversion,ES,trend_alignment,2024-09-27,2024-09-27 14:02:00+00:00,-1,5810.5,5810.25,5804.25,5815.5,25,20,2024-09-27 14:04:00+00:00,5815.75,stop,-275.0,-278.5,312.5
vwap_reversion,ES,trend_alignment,2024-09-27,2024-09-27 14:05:00+00:00,-1,5811.0,5810.75,5804.75,5816.0,25,20,2024-09-27 14:22:00+00:00,5816.25,stop,-275.0,-278.5,312.5
vwap_reversion,ES,trend_alignment,2024-09-27,2024-09-27 15:15:00+00:00,-1,5811.0,5810.75,5804.75,5816.0,25,20,2024-09-27 15:50:00+00:00,5804.75,target,300.0,296.5,312.5
vwap_reversion,ES,trend_alignment,2024-09-30,2024-09-30 13:59:00+00:00,1,5782.5,5782.75,5788.75,5777.5,25,20,2024-09-30 14:33:00+00:00,5788.75,target,300.0,296.5,312.5
vwap_reversion,ES,trend_alignment,2024-09-30,2024-09-30 18:13:00+00:00,1,5783.25,5783.5,5789.5,5778.25,25,20,2024-09-30 18:15:00+00:00,5778.0,stop,-275.0,-278.5,312.5
vwap_reversion,ES,trend_alignment,2024-09-30,2024-09-30 18:37:00+00:00,1,5780.5,5780.75,5786.75,5775.5,25,20,2024-09-30 18:46:00+00:00,5786.75,target,300.0,296.5,312.5
vwap_reversion,ES,trend_alignment,2024-10-01,2024-10-01 15:42:00+00:00,-1,5767.0,5766.75,5760.75,5772.0,25,20,2024-10-01 15:45:00+00:00,5760.75,target,300.0,296.5,312.5
vwap_reversion,ES,trend_alignment,2024-10-01,2024-10-01 16:05:00+00:00,-1,5766.5,5766.25,5760.25,5771.5,25,20,2024-10-01 16:14:00+00:00,5760.25,target,300.0,296.5,312.5
vwap_reversion,ES,trend_alignment,2024-10-01,2024-10-01 17:56:00+00:00,-1,5764.25,5764.0,5758.0,5769.25,25,20,2024-10-01 18:00:00+00:00,5769.5,stop,-275.0,-278.5,312.5
vwap_reversion,ES,trend_alignment,2024-10-02,2024-10-02 13:48:00+00:00,-1,5744.25,5744.0,5738.0,5749.25,25,20,2024-10-02 14:02:00+00:00,5749.5,stop,-275.0,-278.5,312.5
vwap_reversion,ES,trend_alignment,2024-10-02,2024-10-02 14:03:00+00:00,1,5753.0,5753.25,5759.25,5748.0,25,20,2024-10-02 14:05:00+00:00,5747.75,stop,-275.0,-278.5,312.5
vwap_reversion,ES,trend_alignment,2024-10-02,2024-10-02 14:06:00+00:00,-1,5748.75,5748.5,5742.5,5753.75,25,20,2024-10-02 14:10:00+00:00,5754.0,stop,-275.0,-278.5,312.5
vwap_reversion,ES,trend_alignment,2024-10-03,2024-10-03 13:53:00+00:00,1,5745.25,5745.5,5751.5,5740.25,25,20,2024-10-03 13:58:00+00:00,5751.5,target,300.0,296.5,312.5
vwap_reversion,ES,trend_alignment,2024-10-03,2024-10-03 13:59:00+00:00,1,5749.5,5749.75,5755.75,5744.5,25,20,2024-10-03 14:00:00+00:00,5755.75,target,300.0,296.5,312.5
vwap_reversion,ES,trend_alignment,2024-10-03,2024-10-03 14:13:00+00:00,1,5751.0,5751.25,5757.25,5746.0,25,20,2024-10-03 14:14:00+00:00,5745.75,stop,-275.0,-278.5,312.5
vwap_reversion,ES,trend_alignment,2024-10-04,2024-10-04 13:45:00+00:00,-1,5792.0,5791.75,5785.75,5797.0,25,20,2024-10-04 13:54:00+00:00,5785.75,target,300.0,296.5,312.5
vwap_reversion,ES,trend_alignment,2024-10-04,2024-10-04 14:05:00+00:00,-1,5779.0,5778.75,5772.75,5784.0,25,20,2024-10-04 14:08:00+00:00,5772.75,target,300.0,296.5,312.5
vwap_reversion,ES,trend_alignment,2024-10-04,2024-10-04 14:09:00+00:00,-1,5762.75,5762.5,5756.5,5767.75,25,20,2024-10-04 14:13:00+00:00,5768.0,stop,-275.0,-278.5,312.5
vwap_reversion,ES,trend_alignment,2024-10-07,2024-10-07 14:04:00+00:00,1,5782.5,5782.75,5788.75,5777.5,25,20,2024-10-07 14:16:00+00:00,5788.75,target,300.0,296.5,312.5
vwap_reversion,ES,trend_alignment,2024-10-07,2024-10-07 14:17:00+00:00,1,5786.25,5786.5,5792.5,5781.25,25,20,2024-10-07 14:31:00+00:00,5781.0,stop,-275.0,-278.5,312.5
vwap_reversion,ES,trend_alignment,2024-10-07,2024-10-07 14:33:00+00:00,1,5783.25,5783.5,5789.5,5778.25,25,20,2024-10-07 14:40:00+00:00,5778.0,stop,-275.0,-278.5,312.5
vwap_reversion,ES,trend_alignment,2024-10-08,2024-10-08 13:45:00+00:00,-1,5765.75,5765.5,5759.5,5770.75,25,20,2024-10-08 13:54:00+00:00,5771.0,stop,-275.0,-278.5,312.5
vwap_reversion,ES,trend_alignment,2024-10-10,2024-10-10 13:55:00+00:00,1,5826.0,5826.25,5832.25,5821.0,25,20,2024-10-10 13:59:00+00:00,5820.75,stop,-275.0,-278.5,312.5
vwap_reversion,ES,trend_alignment,2024-10-10,2024-10-10 14:00:00+00:00,1,5826.5,5826.75,5832.75,5821.5,25,20,2024-10-10 14:10:00+00:00,5832.75,target,300.0,296.5,312.5
vwap_reversion,ES,trend_alignment,2024-10-10,2024-10-10 14:12:00+00:00,1,5831.25,5831.5,5837.5,5826.25,25,20,2024-10-10 14:20:00+00:00,5826.0,stop,-275.0,-278.5,312.5
vwap_reversion,ES,trend_alignment,2024-10-17,2024-10-17 13:45:00+00:00,-1,5906.75,5906.5,5900.5,5911.75,25,20,2024-10-17 13:53:00+00:00,5912.0,stop,-275.0,-278.5,312.5
vwap_reversion,ES,trend_alignment,2024-10-17,2024-10-17 13:54:00+00:00,-1,5908.75,5908.5,5902.5,5913.75,25,20,2024-10-17 13:56:00+00:00,5902.5,target,300.0,296.5,312.5
vwap_reversion,ES,trend_alignment,2024-10-17,2024-10-17 13:57:00+00:00,-1,5903.75,5903.5,5897.5,5908.75,25,20,2024-10-17 14:01:00+00:00,5897.5,target,300.0,296.5,312.5
vwap_reversion,ES,trend_alignment,2024-10-18,2024-10-18 13:45:00+00:00,-1,5898.5,5898.25,5892.25,5903.5,25,20,2024-10-18 13:49:00+00:00,5892.25,target,300.0,296.5,312.5
vwap_reversion,ES,trend_alignment,2024-10-18,2024-10-18 13:55:00+00:00,-1,5895.0,5894.75,5888.75,5900.0,25,20,2024-10-18 14:08:00+00:00,5900.25,stop,-275.0,-278.5,312.5
vwap_reversion,ES,trend_alignment,2024-10-18,2024-10-18 14:09:00+00:00,-1,5899.5,5899.25,5893.25,5904.5,25,20,2024-10-18 14:13:00+00:00,5893.25,target,300.0,296.5,312.5
vwap_reversion,ES,trend_alignment,2024-10-21,2024-10-21 14:27:00+00:00,1,5899.5,5899.75,5905.75,5894.5,25,20,2024-10-21 14:31:00+00:00,5894.25,stop,-275.0,-278.5,312.5
vwap_reversion,ES,trend_alignment,2024-10-22,2024-10-22 13:45:00+00:00,1,5871.25,5871.5,5877.5,5866.25,25,20,2024-10-22 13:53:00+00:00,5866.0,stop,-275.0,-278.5,312.5
vwap_reversion,ES,trend_alignment,2024-10-22,2024-10-22 13:54:00+00:00,1,5871.75,5872.0,5878.0,5866.75,25,20,2024-10-22 13:56:00+00:00,5866.5,stop,-275.0,-278.5,312.5
vwap_reversion,ES,trend_alignment,2024-10-22,2024-10-22 13:57:00+00:00,1,5869.75,5870.0,5876.0,5864.75,25,20,2024-10-22 14:06:00+00:00,5876.0,target,300.0,296.5,312.5
vwap_reversion,ES,trend_alignment,2024-10-23,2024-10-23 13:46:00+00:00,1,5872.75,5873.0,5879.0,5867.75,25,20,2024-10-23 14:01:00+00:00,5867.5,stop,-275.0,-278.5,312.5
vwap_reversion,ES,trend_alignment,2024-10-23,2024-10-23 14:42:00+00:00,1,5870.5,5870.75,5876.75,5865.5,25,20,2024-10-23 14:51:00+00:00,5865.25,stop,-275.0,-278.5,312.5
vwap_reversion,ES,trend_alignment,2024-10-24,2024-10-24 13:45:00+00:00,-1,5843.5,5843.25,5837.25,5848.5,25,20,2024-10-24 13:54:00+00:00,5848.75,stop,-275.0,-278.5,312.5
vwap_reversion,ES,trend_alignment,2024-10-24,2024-10-24 13:55:00+00:00,-1,5851.5,5851.25,5845.25,5856.5,25,20,2024-10-24 14:03:00+00:00,5856.75,stop,-275.0,-278.5,312.5
vwap_reversion,ES,trend_alignment,2024-10-24,2024-10-24 14:04:00+00:00,-1,5852.0,5851.75,5845.75,5857.0,25,20,2024-10-24 14:16:00+00:00,5845.75,target,300.0,296.5,312.5
vwap_reversion,ES,trend_alignment,2024-10-25,2024-10-25 15:26:00+00:00,1,5883.0,5883.25,5889.25,5878.0,25,20,2024-10-25 15:36:00+00:00,5877.75,stop,-275.0,-278.5,312.5
vwap_reversion,ES,trend_alignment,2024-10-25,2024-10-25 15:37:00+00:00,1,5876.5,5876.75,5882.75,5871.5,25,20,2024-10-25 16:30:00+00:00,5882.75,target,300.0,296.5,312.5
vwap_reversion,ES,trend_alignment,2024-10-25,2024-10-25 16:31:00+00:00,1,5878.5,5878.75,5884.75,5873.5,25,20,2024-10-25 17:00:00+00:00,5873.25,stop,-275.0,-278.5,312.5
vwap_reversion,ES,trend_alignment,2024-10-28,2024-10-28 13:45:00+00:00,-1,5871.25,5871.0,5865.0,5876.25,25,20,2024-10-28 14:24:00+00:00,5876.5,stop,-275.0,-278.5,312.5
vwap_reversion,ES,trend_alignment,2024-10-28,2024-10-28 14:25:00+00:00,-1,5875.5,5875.25,5869.25,5880.5,25,20,2024-10-28 15:00:00+00:00,5869.25,target,300.0,296.5,312.5
vwap_reversion,ES,trend_alignment,2024-10-28,2024-10-28 15:01:00+00:00,-1,5870.0,5869.75,5863.75,5875.0,25,20,2024-10-28 15:13:00+00:00,5875.25,stop,-275.0,-278.5,312.5
vwap_reversion,ES,trend_alignment,2024-10-29,2024-10-29 13:45:00+00:00,-1,5850.75,5850.5,5844.5,5855.75,25,20,2024-10-29 13:49:00+00:00,5844.5,target,300.0,296.5,312.5
vwap_reversion,ES,trend_alignment,2024-10-29,2024-10-29 14:01:00+00:00,1,5854.25,5854.5,5860.5,5849.25,25,20,2024-10-29 14:04:00+00:00,5860.5,target,300.0,296.5,312.5
vwap_reversion,ES,trend_alignment,2024-10-30,2024-10-30 13:52:00+00:00,-1,5864.0,5863.75,5857.75,5869.0,25,20,2024-10-30 13:55:00+00:00,5869.25,stop,-275.0,-278.5,312.5
vwap_reversion,ES,trend_alignment,2024-10-30,2024-10-30 17:29:00+00:00,1,5868.0,5868.25,5874.25,5863.0,25,20,2024-10-30 17:34:00+00:00,5862.75,stop,-275.0,-278.5,312.5
vwap_reversion,ES,trend_alignment,2024-10-30,2024-10-30 18:14:00+00:00,1,5868.0,5868.25,5874.25,5863.0,25,20,2024-10-30 19:00:00+00:00,5862.75,stop,-275.0,-278.5,312.5
vwap_reversion,ES,trend_alignment,2024-11-01,2024-11-01 16:43:00+00:00,1,5776.75,5777.0,5783.0,5771.75,25,20,2024-11-01 17:08:00+00:00,5771.5,stop,-275.0,-278.5,312.5
vwap_reversion,ES,trend_alignment,2024-11-01,2024-11-01 17:09:00+00:00,1,5771.5,5771.75,5777.75,5766.5,25,20,2024-11-01 17:14:00+00:00,5777.75,target,300.0,296.5,312.5
vwap_reversion,ES,trend_alignment,2024-11-01,2024-11-01 17:15:00+00:00,1,5777.75,5778.0,5784.0,5772.75,25,20,2024-11-01 17:23:00+00:00,5784.0,target,300.0,296.5,312.5
vwap_reversion,ES,trend_alignment,2024-11-04,2024-11-04 18:49:00+00:00,-1,5757.5,5757.25,5751.25,5762.5,25,20,2024-11-04 19:29:00+00:00,5751.25,target,300.0,296.5,312.5
vwap_reversion,ES,trend_alignment,2024-11-06,2024-11-06 14:45:00+00:00,-1,5925.25,5925.0,5919.0,5930.25,25,20,2024-11-06 14:46:00+00:00,5919.0,target,300.0,296.5,312.5
vwap_reversion,ES,trend_alignment,2024-11-06,2024-11-06 15:01:00+00:00,-1,5919.0,5918.75,5912.75,5924.0,25,20,2024-11-06 15:04:00+00:00,5912.75,target,300.0,296.5,312.5
vwap_reversion,ES,trend_alignment,2024-11-06,2024-11-06 15:08:00+00:00,-1,5914.75,5914.5,5908.5,5919.75,25,20,2024-11-06 15:10:00+00:00,5920.0,stop,-275.0,-278.5,312.5
vwap_reversion,ES,trend_alignment,2024-11-11,2024-11-11 14:46:00+00:00,-1,6035.5,6035.25,6029.25,6040.5,25,20,2024-11-11 15:23:00+00:00,6029.25,target,300.0,296.5,312.5
vwap_reversion,ES,trend_alignment,2024-11-11,2024-11-11 15:24:00+00:00,-1,6034.0,6033.75,6027.75,6039.0,25,20,2024-11-11 15:37:00+00:00,6039.25,stop,-275.0,-278.5,312.5
vwap_reversion,ES,trend_alignment,2024-11-11,2024-11-11 15:38:00+00:00,-1,6040.25,6040.0,6034.0,6045.25,25,20,2024-11-11 16:26:00+00:00,6034.0,target,300.0,296.5,312.5
vwap_reversion,ES,trend_alignment,2024-11-12,2024-11-12 18:57:00+00:00,-1,6020.25,6020.0,6014.0,6025.25,25,20,2024-11-12 19:24:00+00:00,6025.5,stop,-275.0,-278.5,312.5
vwap_reversion,ES,trend_alignment,2024-11-12,2024-11-12 19:25:00+00:00,-1,6026.0,6025.75,6019.75,6031.0,25,20,2024-11-12 20:16:00+00:00,6019.75,target,300.0,296.5,312.5
vwap_reversion,ES,trend_alignment,2024-11-13,2024-11-13 15:55:00+00:00,-1,6015.75,6015.5,6009.5,6020.75,25,20,2024-11-13 16:05:00+00:00,6009.5,target,300.0,296.5,312.5
vwap_reversion,ES,trend_alignment,2024-11-15,2024-11-15 14:49:00+00:00,1,5940.0,5940.25,5946.25,5935.0,25,20,2024-11-15 14:50:00+00:00,5934.75,stop,-275.0,-278.5,312.5
vwap_reversion,ES,trend_alignment,2024-11-19,2024-11-19 14:45:00+00:00,1,5892.5,5892.75,5898.75,5887.5,25,20,2024-11-19 14:47:00+00:00,5887.25,stop,-275.0,-278.5,312.5
vwap_reversion,ES,trend_alignment,2024-11-19,2024-11-19 14:48:00+00:00,1,5887.0,5887.25,5893.25,5882.0,25,20,2024-11-19 14:50:00+00:00,5881.75,stop,-275.0,-278.5,312.5
vwap_reversion,ES,trend_alignment,2024-11-19,2024-11-19 14:52:00+00:00,1,5888.75,5889.0,5895.0,5883.75,25,20,2024-11-19 15:00:00+00:00,5883.5,stop,-275.0,-278.5,312.5
vwap_reversion,ES,trend_alignment,2024-11-20,2024-11-20 16:47:00+00:00,-1,5912.25,5912.0,5906.0,5917.25,25,20,2024-11-20 16:51:00+00:00,5917.5,stop,-275.0,-278.5,312.5
vwap_reversion,ES,trend_alignment,2024-11-20,2024-11-20 16:52:00+00:00,-1,5917.5,5917.25,5911.25,5922.5,25,20,2024-11-20 17:07:00+00:00,5911.25,target,300.0,296.5,312.5
vwap_reversion,ES,trend_alignment,2024-11-20,2024-11-20 17:08:00+00:00,-1,5912.0,5911.75,5905.75,5917.0,25,20,2024-11-20 17:14:00+00:00,5905.75,target,300.0,296.5,312.5
vwap_reversion,ES,trend_alignment,2024-11-21,2024-11-21 14:49:00+00:00,-1,5946.5,5946.25,5940.25,5951.5,25,20,2024-11-21 14:52:00+00:00,5940.25,target,300.0,296.5,312.5
vwap_reversion,ES,trend_alignment,2024-11-21,2024-11-21 15:15:00+00:00,-1,5943.75,5943.5,5937.5,5948.75,25,20,2024-11-21 15:17:00+00:00,5937.5,target,300.0,296.5,312.5
vwap_reversion,ES,trend_alignment,2024-11-21,2024-11-21 15:54:00+00:00,-1,5941.0,5940.75,5934.75,5946.0,25,20,2024-11-21 15:56:00+00:00,5946.25,stop,-275.0,-278.5,312.5
vwap_reversion,ES,trend_alignment,2024-11-22,2024-11-22 15:11:00+00:00,1,5973.25,5973.5,5979.5,5968.25,25,20,2024-11-22 15:13:00+00:00,5979.5,target,300.0,296.5,312.5
vwap_reversion,ES,trend_alignment,2024-11-22,2024-11-22 15:22:00+00:00,1,5969.5,5969.75,5975.75,5964.5,25,20,2024-11-22 15:23:00+00:00,5975.75,target,300.0,296.5,312.5
vwap_reversion,ES,trend_alignment,2024-11-22,2024-11-22 15:27:00+00:00,1,5971.5,5971.75,5977.75,5966.5,25,20,2024-11-22 15:28:00+00:00,5966.25,stop,-275.0,-278.5,312.5
vwap_reversion,ES,trend_alignment,2024-11-25,2024-11-25 14:52:00+00:00,-1,6026.0,6025.75,6019.75,6031.0,25,20,2024-11-25 14:53:00+00:00,6019.75,target,300.0,296.5,312.5
vwap_reversion,ES,trend_alignment,2024-11-25,2024-11-25 14:56:00+00:00,-1,6024.25,6024.0,6018.0,6029.25,25,20,2024-11-25 15:01:00+00:00,6018.0,target,300.0,296.5,312.5
vwap_reversion,ES,trend_alignment,2024-11-25,2024-11-25 15:06:00+00:00,-1,6021.75,6021.5,6015.5,6026.75,25,20,2024-11-25 15:10:00+00:00,6015.5,target,300.0,296.5,312.5
vwap_reversion,ES,trend_alignment,2024-11-26,2024-11-26 15:00:00+00:00,-1,6018.25,6018.0,6012.0,6023.25,25,20,2024-11-26 15:19:00+00:00,6012.0,target,300.0,296.5,312.5
vwap_reversion,ES,trend_alignment,2024-11-26,2024-11-26 15:20:00+00:00,-1,6014.5,6014.25,6008.25,6019.5,25,20,2024-11-26 15:29:00+00:00,6019.75,stop,-275.0,-278.5,312.5
vwap_reversion,ES,trend_alignment,2024-11-26,2024-11-26 15:33:00+00:00,-1,6017.0,6016.75,6010.75,6022.0,25,20,2024-11-26 15:42:00+00:00,6022.25,stop,-275.0,-278.5,312.5
vwap_reversion,ES,trend_alignment,2024-11-27,2024-11-27 14:45:00+00:00,1,6033.5,6033.75,6039.75,6028.5,25,20,2024-11-27 15:01:00+00:00,6028.25,stop,-275.0,-278.5,312.5
vwap_reversion,ES,trend_alignment,2024-12-04,2024-12-04 14:45:00+00:00,-1,6079.5,6079.25,6073.25,6084.5,25,20,2024-12-04 14:55:00+00:00,6084.75,stop,-275.0,-278.5,312.5
vwap_reversion,ES,trend_alignment,2024-12-04,2024-12-04 15:00:00+00:00,-1,6078.5,6078.25,6072.25,6083.5,25,20,2024-12-04 15:10:00+00:00,6083.75,stop,-275.0,-278.5,312.5
vwap_reversion,ES,trend_alignment,2024-12-04,2024-12-04 15:12:00+00:00,-1,6079.0,6078.75,6072.75,6084.0,25,20,2024-12-04 15:16:00+00:00,6072.75,target,300.0,296.5,312.5
vwap_reversion,ES,trend_alignment,2024-12-06,2024-12-06 16:13:00+00:00,1,6096.5,6096.75,6102.75,6091.5,25,20,2024-12-06 16:32:00+00:00,6102.75,target,300.0,296.5,312.5
vwap_reversion,ES,trend_alignment,2024-12-06,2024-12-06 17:02:00+00:00,1,6097.25,6097.5,6103.5,6092.25,25,20,2024-12-06 17:42:00+00:00,6092.0,stop,-275.0,-278.5,312.5
vwap_reversion,ES,trend_alignment,2024-12-06,2024-12-06 17:47:00+00:00,-1,6094.0,6093.75,6087.75,6099.0,25,20,2024-12-06 18:06:00+00:00,6099.25,stop,-275.0,-278.5,312.5
vwap_reversion,ES,trend_alignment,2024-12-10,2024-12-10 15:06:00+00:00,-1,6070.75,6070.5,6064.5,6075.75,25,20,2024-12-10 16:08:00+00:00,6064.5,target,300.0,296.5,312.5
vwap_reversion,ES,trend_alignment,2024-12-12,2024-12-12 15:26:00+00:00,-1,6082.0,6081.75,6075.75,6087.0,25,20,2024-12-12 16:04:00+00:00,6087.25,stop,-275.0,-278.5,312.5
vwap_reversion,ES,trend_alignment,2024-12-12,2024-12-12 16:31:00+00:00,1,6083.25,6083.5,6089.5,6078.25,25,20,2024-12-12 16:45:00+00:00,6078.0,stop,-275.0,-278.5,312.5
vwap_reversion,ES,trend_alignment,2024-12-12,2024-12-12 17:13:00+00:00,1,6082.5,6082.75,6088.75,6077.5,25,20,2024-12-12 17:33:00+00:00,6077.25,stop,-275.0,-278.5,312.5
vwap_reversion,ES,trend_alignment,2024-12-13,2024-12-13 14:54:00+00:00,-1,6076.5,6076.25,6070.25,6081.5,25,20,2024-12-13 15:04:00+00:00,6070.25,target,300.0,296.5,312.5
vwap_reversion,ES,trend_alignment,2024-12-13,2024-12-13 15:05:00+00:00,-1,6071.75,6071.5,6065.5,6076.75,25,20,2024-12-13 15:07:00+00:00,6065.5,target,300.0,296.5,312.5
vwap_reversion,ES,trend_alignment,2024-12-13,2024-12-13 15:10:00+00:00,-1,6070.25,6070.0,6064.0,6075.25,25,20,2024-12-13 15:22:00+00:00,6064.0,target,300.0,296.5,312.5
vwap_reversion,ES,trend_alignment,2024-12-16,2024-12-16 14:45:00+00:00,-1,6069.5,6069.25,6063.25,6074.5,25,20,2024-12-16 14:54:00+00:00,6074.75,stop,-275.0,-278.5,312.5
vwap_reversion,ES,trend_alignment,2024-12-16,2024-12-16 15:16:00+00:00,-1,6072.25,6072.0,6066.0,6077.25,25,20,2024-12-16 15:21:00+00:00,6066.0,target,300.0,296.5,312.5
vwap_reversion,ES,trend_alignment,2024-12-16,2024-12-16 15:22:00+00:00,-1,6067.75,6067.5,6061.5,6072.75,25,20,2024-12-16 15:26:00+00:00,6073.0,stop,-275.0,-278.5,312.5
vwap_reversion,ES,trend_alignment,2024-12-17,2024-12-17 14:45:00+00:00,1,6055.75,6056.0,6062.0,6050.75,25,20,2024-12-17 15:01:00+00:00,6050.5,stop,-275.0,-278.5,312.5
vwap_reversion,ES,trend_alignment,2024-12-17,2024-12-17 16:06:00+00:00,1,6053.75,6054.0,6060.0,6048.75,25,20,2024-12-17 16:09:00+00:00,6060.0,target,300.0,296.5,312.5
vwap_reversion,ES,trend_alignment,2024-12-17,2024-12-17 16:17:00+00:00,1,6056.25,6056.5,6062.5,6051.25,25,20,2024-12-17 16:37:00+00:00,6062.5,target,300.0,296.5,312.5
vwap_reversion,ES,trend_alignment,2024-12-18,2024-12-18 14:45:00+00:00,-1,6121.25,6121.0,6115.0,6126.25,25,20,2024-12-18 14:53:00+00:00,6126.5,stop,-275.0,-278.5,312.5
vwap_reversion,ES,trend_alignment,2024-12-18,2024-12-18 19:02:00+00:00,1,6126.5,6126.75,6132.75,6121.5,25,20,2024-12-18 19:03:00+00:00,6121.25,stop,-275.0,-278.5,312.5
vwap_reversion,ES,trend_alignment,2024-12-18,2024-12-18 19:10:00+00:00,-1,6088.0,6087.75,6081.75,6093.0,25,20,2024-12-18 19:11:00+00:00,6093.25,stop,-275.0,-278.5,312.5
vwap_reversion,ES,trend_alignment,2024-12-19,2024-12-19 14:48:00+00:00,-1,5987.0,5986.75,5980.75,5992.0,25,20,2024-12-19 14:50:00+00:00,5980.75,target,300.0,296.5,312.5
vwap_reversion,ES,trend_alignment,2024-12-19,2024-12-19 15:13:00+00:00,-1,5984.5,5984.25,5978.25,5989.5,25,20,2024-12-19 15:15:00+00:00,5978.25,target,300.0,296.5,312.5
vwap_reversion,ES,trend_alignment,2024-12-19,2024-12-19 15:16:00+00:00,-1,5979.0,5978.75,5972.75,5984.0,25,20,2024-12-19 15:22:00+00:00,5972.75,target,300.0,296.5,312.5
vwap_reversion,ES,trend_alignment,2024-12-20,2024-12-20 14:45:00+00:00,1,5918.75,5919.0,5925.0,5913.75,25,20,2024-12-20 14:46:00+00:00,5913.5,stop,-275.0,-278.5,312.5
vwap_reversion,ES,trend_alignment,2024-12-20,2024-12-20 14:47:00+00:00,1,5912.25,5912.5,5918.5,5907.25,25,20,2024-12-20 14:48:00+00:00,5907.0,stop,-275.0,-278.5,312.5
vwap_reversion,ES,trend_alignment,2024-12-20,2024-12-20 14:51:00+00:00,1,5909.25,5909.5,5915.5,5904.25,25,20,2024-12-20 14:53:00+00:00,5915.5,target,300.0,296.5,312.5
vwap_reversion,ES,trend_alignment,2024-12-23,2024-12-23 16:19:00+00:00,-1,5993.75,5993.5,5987.5,5998.75,25,20,2024-12-23 16:41:00+00:00,5999.0,stop,-275.0,-278.5,312.5
vwap_reversion,ES,trend_alignment,2024-12-23,2024-12-23 16:42:00+00:00,1,6005.25,6005.5,6011.5,6000.25,25,20,2024-12-23 16:53:00+00:00,6011.5,target,300.0,296.5,312.5
vwap_reversion,ES,trend_alignment,2024-12-23,2024-12-23 17:17:00+00:00,1,6007.0,6007.25,6013.25,6002.0,25,20,2024-12-23 17:28:00+00:00,6013.25,target,300.0,296.5,312.5
vwap_reversion,ES,trend_alignment,2024-12-26,2024-12-26 14:45:00+00:00,1,6081.5,6081.75,6087.75,6076.5,25,20,2024-12-26 14:50:00+00:00,6076.25,stop,-275.0,-278.5,312.5
vwap_reversion,ES,trend_alignment,2024-12-26,2024-12-26 14:51:00+00:00,1,6079.5,6079.75,6085.75,6074.5,25,20,2024-12-26 14:52:00+00:00,6074.25,stop,-275.0,-278.5,312.5
vwap_reversion,ES,trend_alignment,2024-12-26,2024-12-26 14:59:00+00:00,1,6082.0,6082.25,6088.25,6077.0,25,20,2024-12-26 15:17:00+00:00,6076.75,stop,-275.0,-278.5,312.5
vwap_reversion,ES,trend_alignment,2024-12-27,2024-12-27 19:19:00+00:00,-1,6023.0,6022.75,6016.75,6028.0,25,20,2024-12-27 19:23:00+00:00,6016.75,target,300.0,296.5,312.5
vwap_reversion,ES,trend_alignment,2024-12-27,2024-12-27 19:35:00+00:00,-1,6022.5,6022.25,6016.25,6027.5,25,20,2024-12-27 19:42:00+00:00,6027.75,stop,-275.0,-278.5,312.5
vwap_reversion,ES,trend_alignment,2024-12-27,2024-12-27 19:43:00+00:00,-1,6025.5,6025.25,6019.25,6030.5,25,20,2024-12-27 19:56:00+00:00,6030.75,stop,-275.0,-278.5,312.5
vwap_reversion,ES,trend_alignment,2024-12-30,2024-12-30 15:44:00+00:00,-1,5940.75,5940.5,5934.5,5945.75,25,20,2024-12-30 15:45:00+00:00,5946.0,stop,-275.0,-278.5,312.5
vwap_reversion,ES,trend_alignment,2024-12-30,2024-12-30 15:56:00+00:00,-1,5941.25,5941.0,5935.0,5946.25,25,20,2024-12-30 16:05:00+00:00,5946.5,stop,-275.0,-278.5,312.5
vwap_reversion,ES,trend_alignment,2024-12-30,2024-12-30 16:06:00+00:00,-1,5945.25,5945.0,5939.0,5950.25,25,20,2024-12-30 16:09:00+00:00,5950.5,stop,-275.0,-278.5,312.5
vwap_reversion,ES,trend_alignment,2024-12-31,2024-12-31 14:45:00+00:00,-1,5966.0,5965.75,5959.75,5971.0,25,20,2024-12-31 14:46:00+00:00,5971.25,stop,-275.0,-278.5,312.5
vwap_reversion,ES,trend_alignment,2024-12-31,2024-12-31 14:50:00+00:00,-1,5964.0,5963.75,5957.75,5969.0,25,20,2024-12-31 14:52:00+00:00,5969.25,stop,-275.0,-278.5,312.5
vwap_reversion,ES,trend_alignment,2024-12-31,2024-12-31 14:53:00+00:00,-1,5964.25,5964.0,5958.0,5969.25,25,20,2024-12-31 14:55:00+00:00,5969.5,stop,-275.0,-278.5,312.5
vwap_reversion,ES,trend_alignment,2025-01-02,2025-01-02 14:45:00+00:00,-1,5945.5,5945.25,5939.25,5950.5,25,20,2025-01-02 14:46:00+00:00,5950.75,stop,-275.0,-278.5,312.5
vwap_reversion,ES,trend_alignment,2025-01-02,2025-01-02 14:47:00+00:00,-1,5950.25,5950.0,5944.0,5955.25,25,20,2025-01-02 14:49:00+00:00,5955.5,stop,-275.0,-278.5,312.5
vwap_reversion,ES,trend_alignment,2025-01-02,2025-01-02 14:50:00+00:00,-1,5954.5,5954.25,5948.25,5959.5,25,20,2025-01-02 14:52:00+00:00,5959.75,stop,-275.0,-278.5,312.5
vwap_reversion,ES,trend_alignment,2025-01-03,2025-01-03 14:48:00+00:00,1,5948.25,5948.5,5954.5,5943.25,25,20,2025-01-03 14:51:00+00:00,5943.0,stop,-275.0,-278.5,312.5
vwap_reversion,ES,trend_alignment,2025-01-03,2025-01-03 14:57:00+00:00,1,5945.25,5945.5,5951.5,5940.25,25,20,2025-01-03 15:00:00+00:00,5951.5,target,300.0,296.5,312.5
vwap_reversion,ES,trend_alignment,2025-01-03,2025-01-03 15:19:00+00:00,1,5946.5,5946.75,5952.75,5941.5,25,20,2025-01-03 15:20:00+00:00,5941.25,stop,-275.0,-278.5,312.5
vwap_reversion,ES,trend_alignment,2025-01-06,2025-01-06 17:51:00+00:00,1,6045.75,6046.0,6052.0,6040.75,25,20,2025-01-06 18:01:00+00:00,6040.5,stop,-275.0,-278.5,312.5
vwap_reversion,ES,trend_alignment,2025-01-06,2025-01-06 18:02:00+00:00,1,6041.0,6041.25,6047.25,6036.0,25,20,2025-01-06 18:38:00+00:00,6035.75,stop,-275.0,-278.5,312.5
vwap_reversion,ES,trend_alignment,2025-01-06,2025-01-06 18:39:00+00:00,1,6038.75,6039.0,6045.0,6033.75,25,20,2025-01-06 18:42:00+00:00,6033.5,stop,-275.0,-278.5,312.5
vwap_reversion,ES,trend_alignment,2025-01-07,2025-01-07 14:45:00+00:00,-1,6039.5,6039.25,6033.25,6044.5,25,20,2025-01-07 14:50:00+00:00,6033.25,target,300.0,296.5,312.5
vwap_reversion,ES,trend_alignment,2025-01-07,2025-01-07 14:51:00+00:00,-1,6037.0,6036.75,6030.75,6042.0,25,20,2025-01-07 14:57:00+00:00,6030.75,target,300.0,296.5,312.5
vwap_reversion,ES,trend_alignment,2025-01-07,2025-01-07 14:59:00+00:00,-1,6032.0,6031.75,6025.75,6037.0,25,20,2025-01-07 15:00:00+00:00,6025.75,target,300.0,296.5,312.5
vwap_reversion,ES,trend_alignment,2025-01-08,2025-01-08 15:02:00+00:00,-1,5951.5,5951.25,5945.25,5956.5,25,20,2025-01-08 15:10:00+00:00,5945.25,target,300.0,296.5,312.5
vwap_reversion,ES,trend_alignment,2025-01-08,2025-01-08 15:51:00+00:00,-1,5947.5,5947.25,5941.25,5952.5,25,20,2025-01-08 16:06:00+00:00,5941.25,target,300.0,296.5,312.5
vwap_reversion,ES,trend_alignment,2025-01-08,2025-01-08 16:20:00+00:00,-1,5950.5,5950.25,5944.25,5955.5,25,20,2025-01-08 16:36:00+00:00,5955.75,stop,-275.0,-278.5,312.5
vwap_reversion,ES,trend_alignment,2025-01-10,2025-01-10 15:48:00+00:00,-1,5891.25,5891.0,5885.0,5896.25,25,20,2025-01-10 15:50:00+00:00,5885.0,target,300.0,296.5,312.5
vwap_reversion,ES,trend_alignment,2025-01-10,2025-01-10 18:08:00+00:00,-1,5881.25,5881.0,5875.0,5886.25,25,20,2025-01-10 18:20:00+00:00,5886.5,stop,-275.0,-278.5,312.5
vwap_reversion,ES,trend_alignment,2025-01-10,2025-01-10 18:21:00+00:00,-1,5884.75,5884.5,5878.5,5889.75,25,20,2025-01-10 18:23:00+00:00,5890.0,stop,-275.0,-278.5,312.5
vwap_reversion,ES,trend_alignment,2025-01-13,2025-01-13 14:45:00+00:00,1,5822.5,5822.75,5828.75,5817.5,25,20,2025-01-13 14:49:00+00:00,5828.75,target,300.0,296.5,312.5
vwap_reversion,ES,trend_alignment,2025-01-13,2025-01-13 14:50:00+00:00,1,5824.75,5825.0,5831.0,5819.75,25,20,2025-01-13 14:53:00+00:00,5831.0,target,300.0,296.5,312.5
vwap_reversion,ES,trend_alignment,2025-01-13,2025-01-13 15:10:00+00:00,1,5832.0,5832.25,5838.25,5827.0,25,20,2025-01-13 15:15:00+00:00,5826.75,stop,-275.0,-278.5,312.5
vwap_reversion,ES,trend_alignment,2025-01-14,2025-01-14 14:46:00+00:00,-1,5901.5,5901.25,5895.25,5906.5,25,20,2025-01-14 14:47:00+00:00,5895.25,target,300.0,296.5,312.5
vwap_reversion,ES,trend_alignment,2025-01-14,2025-01-14 14:48:00+00:00,-1,5899.25,5899.0,5893.0,5904.25,25,20,2025-01-14 14:52:00+00:00,5893.0,target,300.0,296.5,312.5
vwap_reversion,ES,trend_alignment,2025-01-14,2025-01-14 14:53:00+00:00,-1,5886.5,5886.25,5880.25,5891.5,25,20,2025-01-14 14:59:00+00:00,5880.25,target,300.0,296.5,312.5
vwap_reversion,ES,trend_alignment,2025-01-15,2025-01-15 16:21:00+00:00,1,5969.25,5969.5,5975.5,5964.25,25,20,2025-01-15 16:22:00+00:00,5975.5,target,300.0,296.5,312.5
vwap_reversion,ES,trend_alignment,2025-01-15,2025-01-15 16:30:00+00:00,1,5966.5,5966.75,5972.75,5961.5,25,20,2025-01-15 16:32:00+00:00,5961.25,stop,-275.0,-278.5,312.5
vwap_reversion,ES,trend_alignment,2025-01-15,2025-01-15 16:40:00+00:00,1,5965.0,5965.25,5971.25,5960.0,25,20,2025-01-15 16:44:00+00:00,5959.75,stop,-275.0,-278.5,312.5
vwap_reversion,ES,trend_alignment,2025-01-16,2025-01-16 15:58:00+00:00,-1,5993.25,5993.0,5987.0,5998.25,25,20,2025-01-16 16:02:00+00:00,5998.5,stop,-275.0,-278.5,312.5
vwap_reversion,ES,trend_alignment,2025-01-16,2025-01-16 16:03:00+00:00,-1,5997.75,5997.5,5991.5,6002.75,25,20,2025-01-16 16:08:00+00:00,6003.0,stop,-275.0,-278.5,312.5
vwap_reversion,ES,trend_alignment,2025-01-16,2025-01-16 16:10:00+00:00,-1,6001.5,6001.25,5995.25,6006.5,25,20,2025-01-16 16:14:00+00:00,5995.25,target,300.0,296.5,312.5
vwap_reversion,ES,trend_alignment,2025-01-17,2025-01-17 14:45:00+00:00,-1,6024.0,6023.75,6017.75,6029.0,25,20,2025-01-17 14:52:00+00:00,6029.25,stop,-275.0,-278.5,312.5
vwap_reversion,ES,trend_alignment,2025-01-17,2025-01-17 14:53:00+00:00,-1,6025.0,6024.75,6018.75,6030.0,25,20,2025-01-17 14:59:00+00:00,6018.75,target,300.0,296.5,312.5
vwap_reversion,ES,trend_alignment,2025-01-17,2025-01-17 15:00:00+00:00,-1,6024.25,6024.0,6018.0,6029.25,25,20,2025-01-17 15:02:00+00:00,6029.5,stop,-275.0,-278.5,312.5
vwap_reversion,ES,trend_alignment,2025-01-20,2025-01-20 15:11:00+00:00,-1,6063.75,6063.5,6057.5,6068.75,25,20,2025-01-20 15:17:00+00:00,6057.5,target,300.0,296.5,312.5
vwap_reversion,ES,trend_alignment,2025-01-20,2025-01-20 15:43:00+00:00,-1,6047.5,6047.25,6041.25,6052.5,25,20,2025-01-20 15:51:00+00:00,6052.75,stop,-275.0,-278.5,312.5
vwap_reversion,ES,trend_alignment,2025-01-20,2025-01-20 16:01:00+00:00,-1,6059.25,6059.0,6053.0,6064.25,25,20,2025-01-20 17:07:00+00:00,6053.0,target,300.0,296.5,312.5
vwap_reversion,ES,trend_alignment,2025-01-21,2025-01-21 14:45:00+00:00,-1,6062.5,6062.25,6056.25,6067.5,25,20,2025-01-21 14:47:00+00:00,6067.75,stop,-275.0,-278.5,312.5
vwap_reversion,ES,trend_alignment,2025-01-21,2025-01-21 14:59:00+00:00,-1,6062.75,6062.5,6056.5,6067.75,25,20,2025-01-21 15:00:00+00:00,6056.5,target,300.0,296.5,312.5
vwap_reversion,ES,trend_alignment,2025-01-21,2025-01-21 15:08:00+00:00,-1,6062.25,6062.0,6056.0,6067.25,25,20,2025-01-21 15:11:00+00:00,6056.0,target,300.0,296.5,312.5
vwap_reversion,ES,trend_alignment,2025-01-22,2025-01-22 14:45:00+00:00,-1,6115.25,6115.0,6109.0,6120.25,25,20,2025-01-22 14:54:00+00:00,6120.5,stop,-275.0,-278.5,312.5
vwap_reversion,ES,trend_alignment,2025-01-23,2025-01-23 15:02:00+00:00,1,6114.25,6114.5,6120.5,6109.25,25,20,2025-01-23 15:44:00+00:00,6120.5,target,300.0,296.5,312.5
vwap_reversion,ES,trend_alignment,2025-01-27,2025-01-27 14:45:00+00:00,1,6030.5,6030.75,6036.75,6025.5,25,20,2025-01-27 14:54:00+00:00,6036.75,target,300.0,296.5,312.5
vwap_reversion,ES,trend_alignment,2025-01-27,2025-01-27 14:55:00+00:00,1,6031.5,6031.75,6037.75,6026.5,25,20,2025-01-27 14:59:00+00:00,6037.75,target,300.0,296.5,312.5
vwap_reversion,ES,trend_alignment,2025-01-27,2025-01-27 15:01:00+00:00,1,6033.25,6033.5,6039.5,6028.25,25,20,2025-01-27 15:04:00+00:00,6028.0,stop,-275.0,-278.5,312.5
vwap_reversion,ES,trend_alignment,2025-01-28,2025-01-28 15:01:00+00:00,-1,6049.25,6049.0,6043.0,6054.25,25,20,2025-01-28 15:03:00+00:00,6054.5,stop,-275.0,-278.5,312.5
vwap_reversion,ES,trend_alignment,2025-01-28,2025-01-28 15:04:00+00:00,-1,6055.5,6055.25,6049.25,6060.5,25,20,2025-01-28 15:08:00+00:00,6049.25,target,300.0,296.5,312.5
vwap_reversion,ES,trend_alignment,2025-01-28,2025-01-28 15:09:00+00:00,-1,6050.75,6050.5,6044.5,6055.75,25,20,2025-01-28 15:12:00+00:00,6056.0,stop,-275.0,-278.5,312.5
vwap_reversion,ES,trend_alignment,2025-01-29,2025-01-29 19:41:00+00:00,-1,6080.0,6079.75,6073.75,6085.0,25,20,2025-01-29 19:42:00+00:00,6073.75,target,300.0,296.5,312.5
vwap_reversion,ES,trend_alignment,2025-01-29,2025-01-29 19:46:00+00:00,-1,6077.5,6077.25,6071.25,6082.5,25,20,2025-01-29 19:47:00+00:00,6082.75,stop,-275.0,-278.5,312.5
vwap_reversion,ES,trend_alignment,2025-01-29,2025-01-29 19:51:00+00:00,-1,6080.5,6080.25,6074.25,6085.5,25,20,2025-01-29 19:55:00+00:00,6074.25,target,300.0,296.5,312.5
vwap_reversion,ES,trend_alignment,2025-01-30,2025-01-30 15:06:00+00:00,-1,6089.25,6089.0,6083.0,6094.25,25,20,2025-01-30 15:07:00+00:00,6083.0,target,300.0,296.5,312.5
vwap_reversion,ES,trend_alignment,2025-01-30,2025-01-30 15:10:00+00:00,-1,6088.75,6088.5,6082.5,6093.75,25,20,2025-01-30 15:19:00+00:00,6082.5,target,300.0,296.5,312.5
vwap_reversion,ES,trend_alignment,2025-01-30,2025-01-30 15:23:00+00:00,-1,6087.25,6087.0,6081.0,6092.25,25,20,2025-01-30 15:27:00+00:00,6081.0,target,300.0,296.5,312.5
vwap_reversion,ES,trend_alignment,2025-01-31,2025-01-31 18:19:00+00:00,1,6125.5,6125.75,6131.75,6120.5,25,20,2025-01-31 18:20:00+00:00,6120.25,stop,-275.0,-278.5,312.5
vwap_reversion,ES,trend_alignment,2025-01-31,2025-01-31 18:21:00+00:00,1,6126.25,6126.5,6132.5,6121.25,25,20,2025-01-31 18:24:00+00:00,6121.0,stop,-275.0,-278.5,312.5
vwap_reversion,ES,trend_alignment,2025-01-31,2025-01-31 18:26:00+00:00,-1,6117.5,6117.25,6111.25,6122.5,25,20,2025-01-31 18:30:00+00:00,6111.25,target,300.0,296.5,312.5
vwap_reversion,ES,trend_alignment,2025-02-03,2025-02-03 14:45:00+00:00,1,5976.25,5976.5,5982.5,5971.25,25,20,2025-02-03 14:46:00+00:00,5971.0,stop,-275.0,-278.5,312.5
vwap_reversion,ES,trend_alignment,2025-02-03,2025-02-03 14:47:00+00:00,1,5975.5,5975.75,5981.75,5970.5,25,20,2025-02-03 14:48:00+00:00,5970.25,stop,-275.0,-278.5,312.5
vwap_reversion,ES,trend_alignment,2025-02-03,2025-02-03 14:49:00+00:00,1,5972.5,5972.75,5978.75,5967.5,25,20,2025-02-03 14:52:00+00:00,5967.25,stop,-275.0,-278.5,312.5
vwap_reversion,ES,trend_alignment,2025-02-04,2025-02-04 17:31:00+00:00,1,6040.0,6040.25,6046.25,6035.0,25,20,2025-02-04 17:36:00+00:00,6046.25,target,300.0,296.5,312.5
vwap_reversion,ES,trend_alignment,2025-02-05,2025-02-05 14:45:00+00:00,1,6053.75,6054.0,6060.0,6048.75,25,20,2025-02-05 14:51:00+00:00,6048.5,stop,-275.0,-278.5,312.5
vwap_reversion,ES,trend_alignment,2025-02-05,2025-02-05 15:54:00+00:00,1,6051.5,6051.75,6057.75,6046.5,25,20,2025-02-05 16:09:00+00:00,6057.75,target,300.0,296.5,312.5
vwap_reversion,ES,trend_alignment,2025-02-05,2025-02-05 16:11:00+00:00,1,6055.75,6056.0,6062.0,6050.75,25,20,2025-02-05 16:16:00+00:00,6050.5,stop,-275.0,-278.5,312.5
vwap_reversion,ES,trend_alignment,2025-02-06,2025-02-06 14:46:00+00:00,-1,6103.0,6102.75,6096.75,6108.0,25,20,2025-02-06 14:55:00+00:00,6096.75,target,300.0,296.5,312.5
vwap_reversion,ES,trend_alignment,2025-02-06,2025-02-06 14:56:00+00:00,-1,6097.5,6097.25,6091.25,6102.5,25,20,2025-02-06 15:15:00+00:00,6102.75,stop,-275.0,-278.5,312.5
vwap_reversion,ES,trend_alignment,2025-02-06,2025-02-06 15:16:00+00:00,-1,6102.5,6102.25,6096.25,6107.5,25,20,2025-02-06 15:24:00+00:00,6096.25,target,300.0,296.5,312.5
vwap_reversion,ES,trend_alignment,2025-02-07,2025-02-07 15:00:00+00:00,-1,6106.5,6106.25,6100.25,6111.5,25,20,2025-02-07 15:02:00+00:00,6100.25,target,300.0,296.5,312.5
vwap_reversion,ES,trend_alignment,2025-02-10,2025-02-10 14:45:00+00:00,-1,6072.25,6072.0,6066.0,6077.25,25,20,2025-02-10 15:01:00+00:00,6077.5,stop,-275.0,-278.5,312.5
vwap_reversion,ES,trend_alignment,2025-02-10,2025-02-10 15:02:00+00:00,-1,6077.75,6077.5,6071.5,6082.75,25,20,2025-02-10 15:05:00+00:00,6083.0,stop,-275.0,-278.5,312.5
vwap_reversion,ES,trend_alignment,2025-02-10,2025-02-10 16:33:00+00:00,-1,6079.5,6079.25,6073.25,6084.5,25,20,2025-02-10 16:55:00+00:00,6084.75,stop,-275.0,-278.5,312.5
vwap_reversion,ES,trend_alignment,2025-02-11,2025-02-11 14:45:00+00:00,1,6073.5,6073.75,6079.75,6068.5,25,20,2025-02-11 15:06:00+00:00,6068.25,stop,-275.0,-278.5,312.5
vwap_reversion,ES,trend_alignment,2025-02-11,2025-02-11 15:07:00+00:00,1,6069.5,6069.75,6075.75,6064.5,25,20,2025-02-11 15:23:00+00:00,6075.75,target,300.0,296.5,312.5
vwap_reversion,ES,trend_alignment,2025-02-11,2025-02-11 15:24:00+00:00,1,6075.0,6075.25,6081.25,6070.0,25,20,2025-02-11 15:28:00+00:00,6081.25,target,300.0,296.5,312.5
vwap_reversion,ES,trend_alignment,2025-02-12,2025-02-12 15:00:00+00:00,1,6047.0,6047.25,6053.25,6042.0,25,20,2025-02-12 15:02:00+00:00,6041.75,stop,-275.0,-278.5,312.5
vwap_reversion,ES,trend_alignment,2025-02-12,2025-02-12 15:03:00+00:00,1,6040.5,6040.75,6046.75,6035.5,25,20,2025-02-12 15:12:00+00:00,6035.25,stop,-275.0,-278.5,312.5
vwap_reversion,ES,trend_alignment,2025-02-12,2025-02-12 15:13:00+00:00,1,6038.75,6039.0,6045.0,6033.75,25,20,2025-02-12 15:16:00+00:00,6045.0,target,300.0,296.5,312.5
vwap_reversion,ES,trend_alignment,2025-02-13,2025-02-13 14:45:00+00:00,-1,6082.0,6081.75,6075.75,6087.0,25,20,2025-02-13 14:57:00+00:00,6087.25,stop,-275.0,-278.5,312.5
vwap_reversion,ES,trend_alignment,2025-02-17,2025-02-17 14:45:00+00:00,-1,6138.0,6137.75,6131.75,6143.0,25,20,2025-02-17 16:02:00+00:00,6143.25,stop,-275.0,-278.5,312.5
vwap_reversion,ES,trend_alignment,2025-02-17,2025-02-17 16:03:00+00:00,-1,6143.0,6142.75,6136.75,6148.0,25,20,2025-02-17 17:59:00+00:00,6146.25,session_flatten,-175.0,-178.5,312.5
vwap_reversion,ES,trend_alignment,2025-02-19,2025-02-19 14:45:00+00:00,1,6135.5,6135.75,6141.75,6130.5,25,20,2025-02-19 14:49:00+00:00,6130.25,stop,-275.0,-278.5,312.5
vwap_reversion,ES,trend_alignment,2025-02-19,2025-02-19 14:54:00+00:00,1,6134.75,6135.0,6141.0,6129.75,25,20,2025-02-19 15:04:00+00:00,6129.5,stop,-275.0,-278.5,312.5
vwap_reversion,ES,trend_alignment,2025-02-19,2025-02-19 15:16:00+00:00,1,6134.5,6134.75,6140.75,6129.5,25,20,2025-02-19 15:31:00+00:00,6140.75,target,300.0,296.5,312.5
vwap_reversion,ES,trend_alignment,2025-02-20,2025-02-20 19:12:00+00:00,-1,6125.75,6125.5,6119.5,6130.75,25,20,2025-02-20 19:49:00+00:00,6131.0,stop,-275.0,-278.5,312.5
vwap_reversion,ES,trend_alignment,2025-02-20,2025-02-20 19:50:00+00:00,-1,6132.5,6132.25,6126.25,6137.5,25,20,2025-02-20 20:17:00+00:00,6126.25,target,300.0,296.5,312.5
vwap_reversion,ES,trend_alignment,2025-02-20,2025-02-20 20:18:00+00:00,-1,6130.0,6129.75,6123.75,6135.0,25,20,2025-02-20 20:48:00+00:00,6135.25,stop,-275.0,-278.5,312.5
vwap_reversion,ES,trend_alignment,2025-02-24,2025-02-24 14:45:00+00:00,-1,6041.75,6041.5,6035.5,6046.75,25,20,2025-02-24 14:49:00+00:00,6035.5,target,300.0,296.5,312.5
vwap_reversion,ES,trend_alignment,2025-02-24,2025-02-24 16:26:00+00:00,-1,6029.75,6029.5,6023.5,6034.75,25,20,2025-02-24 16:31:00+00:00,6035.0,stop,-275.0,-278.5,312.5
vwap_reversion,ES,trend_alignment,2025-02-24,2025-02-24 16:32:00+00:00,-1,6034.0,6033.75,6027.75,6039.0,25,20,2025-02-24 16:37:00+00:00,6027.75,target,300.0,296.5,312.5
vwap_reversion,ES,trend_alignment,2025-02-25,2025-02-25 16:57:00+00:00,-1,5964.75,5964.5,5958.5,5969.75,25,20,2025-02-25 16:59:00+00:00,5958.5,target,300.0,296.5,312.5
vwap_reversion,ES,trend_alignment,2025-02-25,2025-02-25 17:29:00+00:00,-1,5965.25,5965.0,5959.0,5970.25,25,20,2025-02-25 17:39:00+00:00,5970.5,stop,-275.0,-278.5,312.5
vwap_reversion,ES,trend_alignment,2025-02-25,2025-02-25 17:40:00+00:00,-1,5970.75,5970.5,5964.5,5975.75,25,20,2025-02-25 17:58:00+00:00,5976.0,stop,-275.0,-278.5,312.5
vwap_reversion,ES,trend_alignment,2025-02-26,2025-02-26 17:35:00+00:00,1,6001.5,6001.75,6007.75,5996.5,25,20,2025-02-26 17:40:00+00:00,5996.25,stop,-275.0,-278.5,312.5
vwap_reversion,ES,trend_alignment,2025-02-26,2025-02-26 17:41:00+00:00,1,5999.75,6000.0,6006.0,5994.75,25,20,2025-02-26 17:50:00+00:00,5994.5,stop,-275.0,-278.5,312.5
vwap_reversion,ES,trend_alignment,2025-02-26,2025-02-26 17:51:00+00:00,1,5992.75,5993.0,5999.0,5987.75,25,20,2025-02-26 17:52:00+00:00,5987.5,stop,-275.0,-278.5,312.5
vwap_reversion,ES,trend_alignment,2025-02-27,2025-02-27 14:45:00+00:00,-1,5987.75,5987.5,5981.5,5992.75,25,20,2025-02-27 14:48:00+00:00,5981.5,target,300.0,296.5,312.5
vwap_reversion,ES,trend_alignment,2025-02-27,2025-02-27 14:49:00+00:00,-1,5982.25,5982.0,5976.0,5987.25,25,20,2025-02-27 14:51:00+00:00,5976.0,target,300.0,296.5,312.5
vwap_reversion,ES,trend_alignment,2025-02-27,2025-02-27 15:21:00+00:00,-1,5975.0,5974.75,5968.75,5980.0,25,20,2025-02-27 15:22:00+00:00,5980.25,stop,-275.0,-278.5,312.5
vwap_reversion,ES,trend_alignment,2025-02-28,2025-02-28 17:42:00+00:00,1,5880.25,5880.5,5886.5,5875.25,25,20,2025-02-28 17:44:00+00:00,5875.0,stop,-275.0,-278.5,312.5
vwap_reversion,ES,trend_alignment,2025-03-03,2025-03-03 14:45:00+00:00,-1,5971.75,5971.5,5965.5,5976.75,25,20,2025-03-03 14:47:00+00:00,5977.0,stop,-275.0,-278.5,312.5
vwap_reversion,ES,trend_alignment,2025-03-03,2025-03-03 14:51:00+00:00,-1,5969.0,5968.75,5962.75,5974.0,25,20,2025-03-03 14:52:00+00:00,5962.75,target,300.0,296.5,312.5
vwap_reversion,ES,trend_alignment,2025-03-03,2025-03-03 15:43:00+00:00,-1,5970.25,5970.0,5964.0,5975.25,25,20,2025-03-03 15:46:00+00:00,5964.0,target,300.0,296.5,312.5
vwap_reversion,ES,trend_alignment,2025-03-04,2025-03-04 16:53:00+00:00,-1,5784.0,5783.75,5777.75,5789.0,25,20,2025-03-04 17:01:00+00:00,5777.75,target,300.0,296.5,312.5
vwap_reversion,ES,trend_alignment,2025-03-04,2025-03-04 17:04:00+00:00,-1,5784.25,5784.0,5778.0,5789.25,25,20,2025-03-04 17:07:00+00:00,5778.0,target,300.0,296.5,312.5
vwap_reversion,ES,trend_alignment,2025-03-04,2025-03-04 17:10:00+00:00,-1,5784.75,5784.5,5778.5,5789.75,25,20,2025-03-04 17:17:00+00:00,5790.0,stop,-275.0,-278.5,312.5
vwap_reversion,ES,trend_alignment,2025-03-05,2025-03-05 14:49:00+00:00,1,5788.75,5789.0,5795.0,5783.75,25,20,2025-03-05 14:50:00+00:00,5795.0,target,300.0,296.5,312.5
vwap_reversion,ES,trend_alignment,2025-03-05,2025-03-05 15:18:00+00:00,1,5791.25,5791.5,5797.5,5786.25,25,20,2025-03-05 15:20:00+00:00,5786.0,stop,-275.0,-278.5,312.5
vwap_reversion,ES,trend_alignment,2025-03-05,2025-03-05 15:36:00+00:00,1,5789.0,5789.25,5795.25,5784.0,25,20,2025-03-05 15:38:00+00:00,5795.25,target,300.0,296.5,312.5
vwap_reversion,ES,trend_alignment,2025-03-06,2025-03-06 15:40:00+00:00,1,5818.25,5818.5,5824.5,5813.25,25,20,2025-03-06 15:41:00+00:00,5813.0,stop,-275.0,-278.5,312.5
vwap_reversion,ES,trend_alignment,2025-03-06,2025-03-06 16:27:00+00:00,1,5795.25,5795.5,5801.5,5790.25,25,20,2025-03-06 16:29:00+00:00,5790.0,stop,-275.0,-278.5,312.5
vwap_reversion,ES,trend_alignment,2025-03-06,2025-03-06 16:37:00+00:00,1,5793.25,5793.5,5799.5,5788.25,25,20,2025-03-06 16:39:00+00:00,5788.0,stop,-275.0,-278.5,312.5
vwap_reversion,ES,trend_alignment,2025-03-07,2025-03-07 15:14:00+00:00,1,5748.75,5749.0,5755.0,5743.75,25,20,2025-03-07 15:15:00+00:00,5743.5,stop,-275.0,-278.5,312.5
vwap_reversion,ES,trend_alignment,2025-03-07,2025-03-07 15:16:00+00:00,1,5745.5,5745.75,5751.75,5740.5,25,20,2025-03-07 15:17:00+00:00,5740.25,stop,-275.0,-278.5,312.5
vwap_reversion,ES,trend_alignment,2025-03-07,2025-03-07 15:18:00+00:00,1,5742.0,5742.25,5748.25,5737.0,25,20,2025-03-07 15:20:00+00:00,5736.75,stop,-275.0,-278.5,312.5
vwap_reversion,ES,trend_alignment,2025-03-10,2025-03-10 13:46:00+00:00,1,5702.5,5702.75,5708.75,5697.5,25,20,2025-03-10 13:47:00+00:00,5697.25,stop,-275.0,-278.5,312.5
vwap_reversion,ES,trend_alignment,2025-03-10,2025-03-10 13:48:00+00:00,1,5696.5,5696.75,5702.75,5691.5,25,20,2025-03-10 13:50:00+00:00,5702.75,target,300.0,296.5,312.5
vwap_reversion,ES,trend_alignment,2025-03-10,2025-03-10 13:51:00+00:00,1,5693.0,5693.25,5699.25,5688.0,25,20,2025-03-10 13:53:00+00:00,5687.75,stop,-275.0,-278.5,312.5
vwap_reversion,ES,trend_alignment,2025-03-11,2025-03-11 13:54:00+00:00,1,5612.75,5613.0,5619.0,5607.75,25,20,2025-03-11 14:00:00+00:00,5607.5,stop,-275.0,-278.5,312.5
vwap_reversion,ES,trend_alignment,2025-03-11,2025-03-11 14:09:00+00:00,1,5611.5,5611.75,5617.75,5606.5,25,20,2025-03-11 14:11:00+00:00,5606.25,stop,-275.0,-278.5,312.5
vwap_reversion,ES,trend_alignment,2025-03-11,2025-03-11 15:17:00+00:00,-1,5600.75,5600.5,5594.5,5605.75,25,20,2025-03-11 15:18:00+00:00,5594.5,target,300.0,296.5,312.5
vwap_reversion,ES,trend_alignment,2025-03-12,2025-03-12 13:56:00+00:00,-1,5597.75,5597.5,5591.5,5602.75,25,20,2025-03-12 13:57:00+00:00,5603.0,stop,-275.0,-278.5,312.5
vwap_reversion,ES,trend_alignment,2025-03-12,2025-03-12 14:02:00+00:00,-1,5601.25,5601.0,5595.0,5606.25,25,20,2025-03-12 14:03:00+00:00,5595.0,target,300.0,296.5,312.5
vwap_reversion,ES,trend_alignment,2025-03-12,2025-03-12 14:08:00+00:00,-1,5614.25,5614.0,5608.0,5619.25,25,20,2025-03-12 14:10:00+00:00,5619.5,stop,-275.0,-278.5,312.5
vwap_reversion,ES,trend_alignment,2025-03-13,2025-03-13 14:12:00+00:00,-1,5585.0,5584.75,5578.75,5590.0,25,20,2025-03-13 14:15:00+00:00,5590.25,stop,-275.0,-278.5,312.5
vwap_reversion,ES,trend_alignment,2025-03-13,2025-03-13 14:16:00+00:00,-1,5588.0,5587.75,5581.75,5593.0,25,20,2025-03-13 14:19:00+00:00,5593.25,stop,-275.0,-278.5,312.5
vwap_reversion,ES,trend_alignment,2025-03-13,2025-03-13 14:20:00+00:00,-1,5596.0,5595.75,5589.75,5601.0,25,20,2025-03-13 14:21:00+00:00,5589.75,target,300.0,296.5,312.5
vwap_reversion,ES,trend_alignment,2025-03-14,2025-03-14 14:00:00+00:00,1,5577.5,5577.75,5583.75,5572.5,25,20,2025-03-14 14:01:00+00:00,5583.75,target,300.0,296.5,312.5
vwap_reversion,ES,trend_alignment,2025-03-14,2025-03-14 14:12:00+00:00,1,5576.0,5576.25,5582.25,5571.0,25,20,2025-03-14 14:13:00+00:00,5582.25,target,300.0,296.5,312.5
vwap_reversion,ES,trend_alignment,2025-03-14,2025-03-14 14:14:00+00:00,1,5577.5,5577.75,5583.75,5572.5,25,20,2025-03-14 14:20:00+00:00,5572.25,stop,-275.0,-278.5,312.5
vwap_reversion,ES,trend_alignment,2025-03-17,2025-03-17 14:30:00+00:00,1,5653.75,5654.0,5660.0,5648.75,25,20,2025-03-17 14:32:00+00:00,5660.0,target,300.0,296.5,312.5
vwap_reversion,ES,trend_alignment,2025-03-17,2025-03-17 14:36:00+00:00,1,5653.0,5653.25,5659.25,5648.0,25,20,2025-03-17 14:38:00+00:00,5659.25,target,300.0,296.5,312.5
vwap_reversion,ES,trend_alignment,2025-03-17,2025-03-17 14:55:00+00:00,1,5652.75,5653.0,5659.0,5647.75,25,20,2025-03-17 14:58:00+00:00,5647.5,stop,-275.0,-278.5,312.5
vwap_reversion,ES,trend_alignment,2025-03-18,2025-03-18 18:51:00+00:00,-1,5628.0,5627.75,5621.75,5633.0,25,20,2025-03-18 18:55:00+00:00,5621.75,target,300.0,296.5,312.5
vwap_reversion,ES,trend_alignment,2025-03-19,2025-03-19 13:45:00+00:00,-1,5681.0,5680.75,5674.75,5686.0,25,20,2025-03-19 13:46:00+00:00,5686.25,stop,-275.0,-278.5,312.5
vwap_reversion,ES,trend_alignment,2025-03-19,2025-03-19 17:14:00+00:00,1,5696.25,5696.5,5702.5,5691.25,25,20,2025-03-19 17:30:00+00:00,5691.0,stop,-275.0,-278.5,312.5
vwap_reversion,ES,trend_alignment,2025-03-19,2025-03-19 17:31:00+00:00,1,5690.5,5690.75,5696.75,5685.5,25,20,2025-03-19 17:36:00+00:00,5696.75,target,300.0,296.5,312.5
vwap_reversion,ES,trend_alignment,2025-03-20,2025-03-20 13:57:00+00:00,1,5720.75,5721.0,5727.0,5715.75,25,20,2025-03-20 14:00:00+00:00,5727.0,target,300.0,296.5,312.5
vwap_reversion,ES,trend_alignment,2025-03-20,2025-03-20 16:24:00+00:00,1,5730.75,5731.0,5737.0,5725.75,25,20,2025-03-20 16:28:00+00:00,5725.5,stop,-275.0,-278.5,312.5
vwap_reversion,ES,trend_alignment,2025-03-20,2025-03-20 16:29:00+00:00,1,5721.0,5721.25,5727.25,5716.0,25,20,2025-03-20 16:37:00+00:00,5727.25,target,300.0,296.5,312.5
vwap_reversion,ES,trend_alignment,2025-03-21,2025-03-21 13:45:00+00:00,1,5666.0,5666.25,5672.25,5661.0,25,20,2025-03-21 13:46:00+00:00,5672.25,target,300.0,296.5,312.5
vwap_reversion,ES,trend_alignment,2025-03-21,2025-03-21 13:47:00+00:00,1,5668.75,5669.0,5675.0,5663.75,25,20,2025-03-21 13:53:00+00:00,5663.5,stop,-275.0,-278.5,312.5
vwap_reversion,ES,trend_alignment,2025-03-21,2025-03-21 13:54:00+00:00,1,5669.5,5669.75,5675.75,5664.5,25,20,2025-03-21 13:58:00+00:00,5675.75,target,300.0,296.5,312.5
vwap_reversion,ES,trend_alignment,2025-03-24,2025-03-24 18:03:00+00:00,1,5796.75,5797.0,5803.0,5791.75,25,20,2025-03-24 18:39:00+00:00,5803.0,target,300.0,296.5,312.5
vwap_reversion,ES,trend_alignment,2025-03-25,2025-03-25 14:10:00+00:00,-1,5823.75,5823.5,5817.5,5828.75,25,20,2025-03-25 14:25:00+00:00,5829.0,stop,-275.0,-278.5,312.5
vwap_reversion,ES,trend_alignment,2025-03-25,2025-03-25 14:27:00+00:00,-1,5824.25,5824.0,5818.0,5829.25,25,20,2025-03-25 14:29:00+00:00,5829.5,stop,-275.0,-278.5,312.5
vwap_reversion,ES,trend_alignment,2025-03-25,2025-03-25 15:46:00+00:00,-1,5825.5,5825.25,5819.25,5830.5,25,20,2025-03-25 15:57:00+00:00,5819.25,target,300.0,296.5,312.5
vwap_reversion,ES,trend_alignment,2025-03-27,2025-03-27 13:50:00+00:00,-1,5741.25,5741.0,5735.0,5746.25,25,20,2025-03-27 13:53:00+00:00,5735.0,target,300.0,296.5,312.5
vwap_reversion,ES,trend_alignment,2025-03-27,2025-03-27 13:54:00+00:00,1,5748.5,5748.75,5754.75,5743.5,25,20,2025-03-27 13:56:00+00:00,5754.75,target,300.0,296.5,312.5
vwap_reversion,ES,trend_alignment,2025-03-27,2025-03-27 14:11:00+00:00,1,5750.0,5750.25,5756.25,5745.0,25,20,2025-03-27 14:13:00+00:00,5756.25,target,300.0,296.5,312.5
vwap_reversion,ES,trend_alignment,2025-03-31,2025-03-31 13:54:00+00:00,-1,5558.25,5558.0,5552.0,5563.25,25,20,2025-03-31 13:55:00+00:00,5563.5,stop,-275.0,-278.5,312.5
vwap_reversion,ES,trend_alignment,2025-03-31,2025-03-31 13:59:00+00:00,-1,5562.5,5562.25,5556.25,5567.5,25,20,2025-03-31 14:00:00+00:00,5567.75,stop,-275.0,-278.5,312.5
vwap_reversion,ES,trend_alignment,2025-03-31,2025-03-31 14:18:00+00:00,1,5564.5,5564.75,5570.75,5559.5,25,20,2025-03-31 14:26:00+00:00,5559.25,stop,-275.0,-278.5,312.5
vwap_reversion,ES,trend_alignment,2025-04-01,2025-04-01 14:38:00+00:00,-1,5634.0,5633.75,5627.75,5639.0,25,20,2025-04-01 14:39:00+00:00,5639.25,stop,-275.0,-278.5,312.5
vwap_reversion,ES,trend_alignment,2025-04-01,2025-04-01 18:01:00+00:00,1,5646.25,5646.5,5652.5,5641.25,25,20,2025-04-01 18:02:00+00:00,5641.0,stop,-275.0,-278.5,312.5
vwap_reversion,ES,trend_alignment,2025-04-01,2025-04-01 18:03:00+00:00,1,5644.0,5644.25,5650.25,5639.0,25,20,2025-04-01 18:06:00+00:00,5638.75,stop,-275.0,-278.5,312.5
vwap_reversion,ES,trend_alignment,2025-04-02,2025-04-02 13:49:00+00:00,1,5657.25,5657.5,5663.5,5652.25,25,20,2025-04-02 13:53:00+00:00,5652.0,stop,-275.0,-278.5,312.5
vwap_reversion,ES,trend_alignment,2025-04-02,2025-04-02 14:00:00+00:00,1,5661.75,5662.0,5668.0,5656.75,25,20,2025-04-02 14:02:00+00:00,5668.0,target,300.0,296.5,312.5
vwap_reversion,ES,trend_alignment,2025-04-02,2025-04-02 14:03:00+00:00,1,5666.25,5666.5,5672.5,5661.25,25,20,2025-04-02 14:08:00+00:00,5661.0,stop,-275.0,-278.5,312.5
vwap_reversion,ES,trend_alignment,2025-04-03,2025-04-03 13:45:00+00:00,1,5516.5,5516.75,5522.75,5511.5,25,20,2025-04-03 13:46:00+00:00,5522.75,target,300.0,296.5,312.5
vwap_reversion,ES,trend_alignment,2025-04-03,2025-04-03 13:47:00+00:00,1,5512.25,5512.5,5518.5,5507.25,25,20,2025-04-03 13:48:00+00:00,5518.5,target,300.0,296.5,312.5
vwap_reversion,ES,trend_alignment,2025-04-03,2025-04-03 13:49:00+00:00,1,5513.25,5513.5,5519.5,5508.25,25,20,2025-04-03 13:50:00+00:00,5519.5,target,300.0,296.5,312.5
vwap_reversion,ES,trend_alignment,2025-04-04,2025-04-04 13:53:00+00:00,-1,5283.75,5283.5,5277.5,5288.75,25,20,2025-04-04 13:54:00+00:00,5277.5,target,300.0,296.5,312.5
vwap_reversion,ES,trend_alignment,2025-04-04,2025-04-04 13:57:00+00:00,-1,5291.0,5290.75,5284.75,5296.0,25,20,2025-04-04 13:58:00+00:00,5296.25,stop,-275.0,-278.5,312.5
vwap_reversion,ES,trend_alignment,2025-04-04,2025-04-04 13:59:00+00:00,-1,5287.0,5286.75,5280.75,5292.0,25,20,2025-04-04 14:00:00+00:00,5280.75,target,300.0,296.5,312.5
vwap_reversion,ES,trend_alignment,2025-04-07,2025-04-07 13:47:00+00:00,-1,4924.5,4924.25,4918.25,4929.5,25,20,2025-04-07 13:48:00+00:00,4929.75,stop,-275.0,-278.5,312.5
vwap_reversion,ES,trend_alignment,2025-04-07,2025-04-07 13:49:00+00:00,-1,4927.75,4927.5,4921.5,4932.75,25,20,2025-04-07 13:50:00+00:00,4933.0,stop,-275.0,-278.5,312.5
vwap_reversion,ES,trend_alignment,2025-04-07,2025-04-07 13:51:00+00:00,-1,4940.25,4940.0,4934.0,4945.25,25,20,2025-04-07 13:52:00+00:00,4945.5,stop,-275.0,-278.5,312.5
vwap_reversion,ES,trend_alignment,2025-04-08,2025-04-08 13:45:00+00:00,-1,5256.5,5256.25,5250.25,5261.5,25,20,2025-04-08 13:46:00+00:00,5261.75,stop,-275.0,-278.5,312.5
vwap_reversion,ES,trend_alignment,2025-04-08,2025-04-08 13:47:00+00:00,-1,5263.75,5263.5,5257.5,5268.75,25,20,2025-04-08 13:48:00+00:00,5257.5,target,300.0,296.5,312.5
vwap_reversion,ES,trend_alignment,2025-04-08,2025-04-08 13:49:00+00:00,-1,5247.25,5247.0,5241.0,5252.25,25,20,2025-04-08 13:50:00+00:00,5252.5,stop,-275.0,-278.5,312.5
vwap_reversion,ES,trend_alignment,2025-04-09,2025-04-09 14:22:00+00:00,1,5026.75,5027.0,5033.0,5021.75,25,20,2025-04-09 14:23:00+00:00,5033.0,target,300.0,296.5,312.5
vwap_reversion,ES,trend_alignment,2025-04-09,2025-04-09 14:48:00+00:00,1,5028.25,5028.5,5034.5,5023.25,25,20,2025-04-09 14:49:00+00:00,5023.0,stop,-275.0,-278.5,312.5
vwap_reversion,ES,trend_alignment,2025-04-09,2025-04-09 14:50:00+00:00,1,5011.25,5011.5,5017.5,5006.25,25,20,2025-04-09 14:51:00+00:00,5006.0,stop,-275.0,-278.5,312.5
vwap_reversion,ES,trend_alignment,2025-04-10,2025-04-10 14:34:00+00:00,-1,5362.25,5362.0,5356.0,5367.25,25,20,2025-04-10 14:35:00+00:00,5356.0,target,300.0,296.5,312.5
vwap_reversion,ES,trend_alignment,2025-04-10,2025-04-10 14:36:00+00:00,-1,5367.25,5367.0,5361.0,5372.25,25,20,2025-04-10 14:37:00+00:00,5361.0,target,300.0,296.5,312.5
vwap_reversion,ES,trend_alignment,2025-04-10,2025-04-10 14:38:00+00:00,-1,5361.0,5360.75,5354.75,5366.0,25,20,2025-04-10 14:40:00+00:00,5366.25,stop,-275.0,-278.5,312.5
vwap_reversion,ES,trend_alignment,2025-04-11,2025-04-11 14:03:00+00:00,1,5290.25,5290.5,5296.5,5285.25,25,20,2025-04-11 14:04:00+00:00,5296.5,target,300.0,296.5,312.5
vwap_reversion,ES,trend_alignment,2025-04-11,2025-04-11 14:18:00+00:00,1,5295.75,5296.0,5302.0,5290.75,25,20,2025-04-11 14:19:00+00:00,5290.5,stop,-275.0,-278.5,312.5
vwap_reversion,ES,trend_alignment,2025-04-11,2025-04-11 14:33:00+00:00,1,5290.0,5290.25,5296.25,5285.0,25,20,2025-04-11 14:34:00+00:00,5284.75,stop,-275.0,-278.5,312.5
vwap_reversion,ES,trend_alignment,2025-04-14,2025-04-14 13:49:00+00:00,-1,5465.25,5465.0,5459.0,5470.25,25,20,2025-04-14 13:51:00+00:00,5470.5,stop,-275.0,-278.5,312.5
vwap_reversion,ES,trend_alignment,2025-04-14,2025-04-14 13:53:00+00:00,-1,5469.25,5469.0,5463.0,5474.25,25,20,2025-04-14 13:54:00+00:00,5463.0,target,300.0,296.5,312.5
vwap_reversion,ES,trend_alignment,2025-04-14,2025-04-14 13:55:00+00:00,-1,5467.75,5467.5,5461.5,5472.75,25,20,2025-04-14 13:56:00+00:00,5461.5,target,300.0,296.5,312.5
vwap_reversion,ES,trend_alignment,2025-04-15,2025-04-15 14:22:00+00:00,1,5457.75,5458.0,5464.0,5452.75,25,20,2025-04-15 14:23:00+00:00,5452.5,stop,-275.0,-278.5,312.5
vwap_reversion,ES,trend_alignment,2025-04-15,2025-04-15 14:28:00+00:00,1,5451.0,5451.25,5457.25,5446.0,25,20,2025-04-15 14:29:00+00:00,5445.75,stop,-275.0,-278.5,312.5
vwap_reversion,ES,trend_alignment,2025-04-15,2025-04-15 14:30:00+00:00,1,5455.0,5455.25,5461.25,5450.0,25,20,2025-04-15 14:33:00+00:00,5461.25,target,300.0,296.5,312.5
vwap_reversion,ES,trend_alignment,2025-04-16,2025-04-16 13:45:00+00:00,1,5370.25,5370.5,5376.5,5365.25,25,20,2025-04-16 13:48:00+00:00,5365.0,stop,-275.0,-278.5,312.5
vwap_reversion,ES,trend_alignment,2025-04-16,2025-04-16 14:25:00+00:00,1,5368.5,5368.75,5374.75,5363.5,25,20,2025-04-16 14:26:00+00:00,5363.25,stop,-275.0,-278.5,312.5
vwap_reversion,ES,trend_alignment,2025-04-16,2025-04-16 14:32:00+00:00,1,5367.75,5368.0,5374.0,5362.75,25,20,2025-04-16 14:37:00+00:00,5362.5,stop,-275.0,-278.5,312.5
vwap_reversion,ES,trend_alignment,2025-04-17,2025-04-17 13:45:00+00:00,-1,5321.0,5320.75,5314.75,5326.0,25,20,2025-04-17 13:46:00+00:00,5314.75,target,300.0,296.5,312.5
vwap_reversion,ES,trend_alignment,2025-04-17,2025-04-17 13:47:00+00:00,-1,5315.75,5315.5,5309.5,5320.75,25,20,2025-04-17 13:49:00+00:00,5321.0,stop,-275.0,-278.5,312.5
vwap_reversion,ES,trend_alignment,2025-04-17,2025-04-17 14:07:00+00:00,-1,5320.75,5320.5,5314.5,5325.75,25,20,2025-04-17 14:08:00+00:00,5326.0,stop,-275.0,-278.5,312.5
vwap_reversion,ES,trend_alignment,2025-04-22,2025-04-22 17:20:00+00:00,1,5285.5,5285.75,5291.75,5280.5,25,20,2025-04-22 17:22:00+00:00,5280.25,stop,-275.0,-278.5,312.5
vwap_reversion,ES,trend_alignment,2025-04-22,2025-04-22 17:23:00+00:00,1,5280.25,5280.5,5286.5,5275.25,25,20,2025-04-22 17:26:00+00:00,5286.5,target,300.0,296.5,312.5
vwap_reversion,ES,trend_alignment,2025-04-22,2025-04-22 17:27:00+00:00,1,5279.0,5279.25,5285.25,5274.0,25,20,2025-04-22 17:28:00+00:00,5273.75,stop,-275.0,-278.5,312.5
vwap_reversion,ES,trend_alignment,2025-04-23,2025-04-23 14:16:00+00:00,1,5462.25,5462.5,5468.5,5457.25,25,20,2025-04-23 14:17:00+00:00,5457.0,stop,-275.0,-278.5,312.5
vwap_reversion,ES,trend_alignment,2025-04-23,2025-04-23 14:18:00+00:00,1,5457.25,5457.5,5463.5,5452.25,25,20,2025-04-23 14:19:00+00:00,5463.5,target,300.0,296.5,312.5
vwap_reversion,ES,trend_alignment,2025-04-23,2025-04-23 14:20:00+00:00,1,5461.75,5462.0,5468.0,5456.75,25,20,2025-04-23 14:21:00+00:00,5456.5,stop,-275.0,-278.5,312.5
vwap_reversion,ES,trend_alignment,2025-04-28,2025-04-28 13:55:00+00:00,-1,5556.75,5556.5,5550.5,5561.75,25,20,2025-04-28 13:58:00+00:00,5550.5,target,300.0,296.5,312.5
vwap_reversion,ES,trend_alignment,2025-04-28,2025-04-28 14:28:00+00:00,-1,5555.75,5555.5,5549.5,5560.75,25,20,2025-04-28 14:30:00+00:00,5549.5,target,300.0,296.5,312.5
vwap_reversion,ES,trend_alignment,2025-04-28,2025-04-28 14:36:00+00:00,-1,5555.75,5555.5,5549.5,5560.75,25,20,2025-04-28 14:41:00+00:00,5549.5,target,300.0,296.5,312.5
vwap_reversion,ES,trend_alignment,2025-04-29,2025-04-29 14:24:00+00:00,1,5542.75,5543.0,5549.0,5537.75,25,20,2025-04-29 14:27:00+00:00,5537.5,stop,-275.0,-278.5,312.5
vwap_reversion,ES,trend_alignment,2025-04-29,2025-04-29 14:28:00+00:00,1,5539.5,5539.75,5545.75,5534.5,25,20,2025-04-29 14:30:00+00:00,5545.75,target,300.0,296.5,312.5
vwap_reversion,ES,trend_alignment,2025-04-29,2025-04-29 16:56:00+00:00,1,5549.0,5549.25,5555.25,5544.0,25,20,2025-04-29 17:04:00+00:00,5555.25,target,300.0,296.5,312.5
vwap_reversion,ES,trend_alignment,2025-04-30,2025-04-30 14:13:00+00:00,-1,5487.5,5487.25,5481.25,5492.5,25,20,2025-04-30 14:19:00+00:00,5492.75,stop,-275.0,-278.5,312.5
vwap_reversion,ES,trend_alignment,2025-04-30,2025-04-30 14:20:00+00:00,-1,5492.75,5492.5,5486.5,5497.75,25,20,2025-04-30 14:24:00+00:00,5498.0,stop,-275.0,-278.5,312.5
vwap_reversion,ES,trend_alignment,2025-04-30,2025-04-30 14:25:00+00:00,-1,5498.5,5498.25,5492.25,5503.5,25,20,2025-04-30 14:29:00+00:00,5503.75,stop,-275.0,-278.5,312.5
vwap_reversion,ES,trend_alignment,2025-05-01,2025-05-01 13:45:00+00:00,-1,5642.0,5641.75,5635.75,5647.0,25,20,2025-05-01 13:47:00+00:00,5647.25,stop,-275.0,-278.5,312.5
vwap_reversion,ES,trend_alignment,2025-05-01,2025-05-01 13:56:00+00:00,-1,5644.25,5644.0,5638.0,5649.25,25,20,2025-05-01 13:58:00+00:00,5638.0,target,300.0,296.5,312.5
vwap_reversion,ES,trend_alignment,2025-05-01,2025-05-01 14:00:00+00:00,-1,5637.75,5637.5,5631.5,5642.75,25,20,2025-05-01 14:01:00+00:00,5631.5,target,300.0,296.5,312.5
vwap_reversion,ES,trend_alignment,2025-05-02,2025-05-02 13:46:00+00:00,-1,5684.5,5684.25,5678.25,5689.5,25,20,2025-05-02 13:47:00+00:00,5678.25,target,300.0,296.5,312.5
vwap_reversion,ES,trend_alignment,2025-05-02,2025-05-02 13:55:00+00:00,-1,5678.5,5678.25,5672.25,5683.5,25,20,2025-05-02 13:57:00+00:00,5672.25,target,300.0,296.5,312.5
vwap_reversion,ES,trend_alignment,2025-05-02,2025-05-02 14:01:00+00:00,-1,5677.25,5677.0,5671.0,5682.25,25,20,2025-05-02 14:02:00+00:00,5682.5,stop,-275.0,-278.5,312.5
vwap_reversion,ES,trend_alignment,2025-05-05,2025-05-05 13:49:00+00:00,1,5665.25,5665.5,5671.5,5660.25,25,20,2025-05-05 13:51:00+00:00,5660.0,stop,-275.0,-278.5,312.5
vwap_reversion,ES,trend_alignment,2025-05-05,2025-05-05 13:55:00+00:00,1,5665.75,5666.0,5672.0,5660.75,25,20,2025-05-05 13:57:00+00:00,5672.0,target,300.0,296.5,312.5
vwap_reversion,ES,trend_alignment,2025-05-05,2025-05-05 13:58:00+00:00,1,5669.75,5670.0,5676.0,5664.75,25,20,2025-05-05 14:00:00+00:00,5676.0,target,300.0,296.5,312.5
vwap_reversion,ES,trend_alignment,2025-05-06,2025-05-06 13:45:00+00:00,1,5629.75,5630.0,5636.0,5624.75,25,20,2025-05-06 13:46:00+00:00,5624.5,stop,-275.0,-278.5,312.5
vwap_reversion,ES,trend_alignment,2025-05-06,2025-05-06 13:47:00+00:00,1,5621.25,5621.5,5627.5,5616.25,25,20,2025-05-06 13:49:00+00:00,5616.0,stop,-275.0,-278.5,312.5
vwap_reversion,ES,trend_alignment,2025-05-06,2025-05-06 14:04:00+00:00,1,5618.25,5618.5,5624.5,5613.25,25,20,2025-05-06 14:09:00+00:00,5624.5,target,300.0,296.5,312.5
vwap_reversion,ES,trend_alignment,2025-05-07,2025-05-07 13:49:00+00:00,-1,5636.25,5636.0,5630.0,5641.25,25,20,2025-05-07 13:51:00+00:00,5641.5,stop,-275.0,-278.5,312.5
vwap_reversion,ES,trend_alignment,2025-05-07,2025-05-07 14:59:00+00:00,-1,5631.0,5630.75,5624.75,5636.0,25,20,2025-05-07 15:01:00+00:00,5624.75,target,300.0,296.5,312.5
vwap_reversion,ES,trend_alignment,2025-05-07,2025-05-07 15:05:00+00:00,-1,5631.0,5630.75,5624.75,5636.0,25,20,2025-05-07 15:07:00+00:00,5624.75,target,300.0,296.5,312.5
vwap_reversion,ES,trend_alignment,2025-05-08,2025-05-08 13:45:00+00:00,-1,5681.5,5681.25,5675.25,5686.5,25,20,2025-05-08 13:48:00+00:00,5675.25,target,300.0,296.5,312.5
vwap_reversion,ES,trend_alignment,2025-05-08,2025-05-08 13:51:00+00:00,-1,5677.75,5677.5,5671.5,5682.75,25,20,2025-05-08 13:57:00+00:00,5683.0,stop,-275.0,-278.5,312.5
vwap_reversion,ES,trend_alignment,2025-05-08,2025-05-08 13:58:00+00:00,-1,5676.0,5675.75,5669.75,5681.0,25,20,2025-05-08 14:00:00+00:00,5681.25,stop,-275.0,-278.5,312.5
vwap_reversion,ES,trend_alignment,2025-05-09,2025-05-09 13:49:00+00:00,-1,5699.25,5699.0,5693.0,5704.25,25,20,2025-05-09 13:53:00+00:00,5693.0,target,300.0,296.5,312.5
vwap_reversion,ES,trend_alignment,2025-05-09,2025-05-09 14:15:00+00:00,-1,5698.75,5698.5,5692.5,5703.75,25,20,2025-05-09 14:19:00+00:00,5692.5,target,300.0,296.5,312.5
vwap_reversion,ES,trend_alignment,2025-05-09,2025-05-09 19:08:00+00:00,-1,5691.5,5691.25,5685.25,5696.5,25,20,2025-05-09 19:21:00+00:00,5685.25,target,300.0,296.5,312.5
vwap_reversion,ES,trend_alignment,2025-05-12,2025-05-12 13:45:00+00:00,-1,5824.75,5824.5,5818.5,5829.75,25,20,2025-05-12 13:51:00+00:00,5830.0,stop,-275.0,-278.5,312.5
vwap_reversion,ES,trend_alignment,2025-05-12,2025-05-12 13:52:00+00:00,-1,5832.25,5832.0,5826.0,5837.25,25,20,2025-05-12 13:54:00+00:00,5837.5,stop,-275.0,-278.5,312.5
vwap_reversion,ES,trend_alignment,2025-05-12,2025-05-12 13:55:00+00:00,-1,5827.0,5826.75,5820.75,5832.0,25,20,2025-05-12 14:01:00+00:00,5820.75,target,300.0,296.5,312.5
vwap_reversion,ES,trend_alignment,2025-05-14,2025-05-14 13:51:00+00:00,-1,5908.0,5907.75,5901.75,5913.0,25,20,2025-05-14 13:54:00+00:00,5901.75,target,300.0,296.5,312.5
vwap_reversion,ES,trend_alignment,2025-05-14,2025-05-14 13:59:00+00:00,-1,5910.25,5910.0,5904.0,5915.25,25,20,2025-05-14 14:06:00+00:00,5904.0,target,300.0,296.5,312.5
vwap_reversion,ES,trend_alignment,2025-05-14,2025-05-14 14:07:00+00:00,-1,5909.25,5909.0,5903.0,5914.25,25,20,2025-05-14 14:10:00+00:00,5903.0,target,300.0,296.5,312.5
vwap_reversion,ES,trend_alignment,2025-05-15,2025-05-15 13:45:00+00:00,1,5894.0,5894.25,5900.25,5889.0,25,20,2025-05-15 13:46:00+00:00,5888.75,stop,-275.0,-278.5,312.5
vwap_reversion,ES,trend_alignment,2025-05-15,2025-05-15 13:47:00+00:00,1,5889.25,5889.5,5895.5,5884.25,25,20,2025-05-15 13:56:00+00:00,5895.5,target,300.0,296.5,312.5
vwap_reversion,ES,trend_alignment,2025-05-15,2025-05-15 13:57:00+00:00,1,5892.5,5892.75,5898.75,5887.5,25,20,2025-05-15 14:00:00+00:00,5898.75,target,300.0,296.5,312.5
vwap_reversion,ES,trend_alignment,2025-05-19,2025-05-19 14:06:00+00:00,1,5961.0,5961.25,5967.25,5956.0,25,20,2025-05-19 14:11:00+00:00,5955.75,stop,-275.0,-278.5,312.5
vwap_reversion,ES,trend_alignment,2025-05-19,2025-05-19 14:12:00+00:00,1,5956.0,5956.25,5962.25,5951.0,25,20,2025-05-19 14:16:00+00:00,5962.25,target,300.0,296.5,312.5
vwap_reversion,ES,trend_alignment,2025-05-19,2025-05-19 14:17:00+00:00,1,5962.5,5962.75,5968.75,5957.5,25,20,2025-05-19 14:22:00+00:00,5957.25,stop,-275.0,-278.5,312.5
vwap_reversion,ES,trend_alignment,2025-05-20,2025-05-20 13:52:00+00:00,1,5962.5,5962.75,5968.75,5957.5,25,20,2025-05-20 13:58:00+00:00,5957.25,stop,-275.0,-278.5,312.5
vwap_reversion,ES,trend_alignment,2025-05-20,2025-05-20 14:05:00+00:00,1,5963.0,5963.25,5969.25,5958.0,25,20,2025-05-20 14:07:00+00:00,5957.75,stop,-275.0,-278.5,312.5
vwap_reversion,ES,trend_alignment,2025-05-20,2025-05-20 14:20:00+00:00,1,5963.0,5963.25,5969.25,5958.0,25,20,2025-05-20 14:28:00+00:00,5957.75,stop,-275.0,-278.5,312.5
vwap_reversion,ES,trend_alignment,2025-05-21,2025-05-21 13:45:00+00:00,1,5928.0,5928.25,5934.25,5923.0,25,20,2025-05-21 13:52:00+00:00,5934.25,target,300.0,296.5,312.5
vwap_reversion,ES,trend_alignment,2025-05-21,2025-05-21 13:53:00+00:00,1,5931.25,5931.5,5937.5,5926.25,25,20,2025-05-21 14:01:00+00:00,5937.5,target,300.0,296.5,312.5
vwap_reversion,ES,trend_alignment,2025-05-21,2025-05-21 14:08:00+00:00,1,5934.5,5934.75,5940.75,5929.5,25,20,2025-05-21 14:11:00+00:00,5929.25,stop,-275.0,-278.5,312.5
vwap_reversion,ES,trend_alignment,2025-05-22,2025-05-22 14:26:00+00:00,1,5855.75,5856.0,5862.0,5850.75,25,20,2025-05-22 14:28:00+00:00,5862.0,target,300.0,296.5,312.5
vwap_reversion,ES,trend_alignment,2025-05-22,2025-05-22 17:08:00+00:00,1,5856.25,5856.5,5862.5,5851.25,25,20,2025-05-22 17:16:00+00:00,5862.5,target,300.0,296.5,312.5
vwap_reversion,ES,trend_alignment,2025-05-23,2025-05-23 13:45:00+00:00,1,5790.25,5790.5,5796.5,5785.25,25,20,2025-05-23 13:48:00+00:00,5785.0,stop,-275.0,-278.5,312.5
vwap_reversion,ES,trend_alignment,2025-05-23,2025-05-23 13:49:00+00:00,1,5789.75,5790.0,5796.0,5784.75,25,20,2025-05-23 13:50:00+00:00,5796.0,target,300.0,296.5,312.5
vwap_reversion,ES,trend_alignment,2025-05-23,2025-05-23 13:51:00+00:00,1,5791.25,5791.5,5797.5,5786.25,25,20,2025-05-23 13:53:00+00:00,5797.5,target,300.0,296.5,312.5
vwap_reversion,ES,trend_alignment,2025-05-26,2025-05-26 14:03:00+00:00,-1,5883.0,5882.75,5876.75,5888.0,25,20,2025-05-26 14:50:00+00:00,5876.75,target,300.0,296.5,312.5
vwap_reversion,ES,trend_alignment,2025-05-26,2025-05-26 15:19:00+00:00,-1,5876.75,5876.5,5870.5,5881.75,25,20,2025-05-26 15:29:00+00:00,5882.0,stop,-275.0,-278.5,312.5
vwap_reversion,ES,trend_alignment,2025-05-26,2025-05-26 15:30:00+00:00,-1,5882.5,5882.25,5876.25,5887.5,25,20,2025-05-26 15:56:00+00:00,5887.75,stop,-275.0,-278.5,312.5
vwap_reversion,ES,trend_alignment,2025-05-29,2025-05-29 13:51:00+00:00,-1,5936.5,5936.25,5930.25,5941.5,25,20,2025-05-29 13:54:00+00:00,5941.75,stop,-275.0,-278.5,312.5
vwap_reversion,ES,trend_alignment,2025-05-29,2025-05-29 13:55:00+00:00,-1,5943.75,5943.5,5937.5,5948.75,25,20,2025-05-29 13:56:00+00:00,5937.5,target,300.0,296.5,312.5
vwap_reversion,ES,trend_alignment,2025-05-29,2025-05-29 13:57:00+00:00,-1,5934.0,5933.75,5927.75,5939.0,25,20,2025-05-29 14:02:00+00:00,5939.25,stop,-275.0,-278.5,312.5
vwap_reversion,ES,trend_alignment,2025-05-30,2025-05-30 14:05:00+00:00,-1,5907.25,5907.0,5901.0,5912.25,25,20,2025-05-30 14:12:00+00:00,5912.5,stop,-275.0,-278.5,312.5
vwap_reversion,ES,trend_alignment,2025-05-30,2025-05-30 14:13:00+00:00,1,5913.5,5913.75,5919.75,5908.5,25,20,2025-05-30 14:32:00+00:00,5919.75,target,300.0,296.5,312.5
vwap_reversion,ES,trend_alignment,2025-05-30,2025-05-30 14:47:00+00:00,1,5914.0,5914.25,5920.25,5909.0,25,20,2025-05-30 14:50:00+00:00,5908.75,stop,-275.0,-278.5,312.5
vwap_reversion,ES,trend_alignment,2025-06-02,2025-06-02 13:45:00+00:00,1,5911.75,5912.0,5918.0,5906.75,25,20,2025-06-02 13:46:00+00:00,5906.5,stop,-275.0,-278.5,312.5
vwap_reversion,ES,trend_alignment,2025-06-02,2025-06-02 13:47:00+00:00,1,5906.25,5906.5,5912.5,5901.25,25,20,2025-06-02 13:50:00+00:00,5901.0,stop,-275.0,-278.5,312.5
vwap_reversion,ES,trend_alignment,2025-06-02,2025-06-02 14:22:00+00:00,1,5898.75,5899.0,5905.0,5893.75,25,20,2025-06-02 14:26:00+00:00,5905.0,target,300.0,296.5,312.5
vwap_reversion,ES,trend_alignment,2025-06-04,2025-06-04 14:02:00+00:00,-1,5988.5,5988.25,5982.25,5993.5,25,20,2025-06-04 14:06:00+00:00,5982.25,target,300.0,296.5,312.5
vwap_reversion,ES,trend_alignment,2025-06-04,2025-06-04 14:10:00+00:00,-1,5985.75,5985.5,5979.5,5990.75,25,20,2025-06-04 14:15:00+00:00,5991.0,stop,-275.0,-278.5,312.5
vwap_reversion,ES,trend_alignment,2025-06-04,2025-06-04 14:21:00+00:00,-1,5988.5,5988.25,5982.25,5993.5,25,20,2025-06-04 14:26:00+00:00,5993.75,stop,-275.0,-278.5,312.5
vwap_reversion,ES,trend_alignment,2025-06-05,2025-06-05 14:29:00+00:00,-1,5980.0,5979.75,5973.75,5985.0,25,20,2025-06-05 14:32:00+00:00,5973.75,target,300.0,296.5,312.5
vwap_reversion,ES,trend_alignment,2025-06-05,2025-06-05 14:41:00+00:00,-1,5987.0,5986.75,5980.75,5992.0,25,20,2025-06-05 14:42:00+00:00,5992.25,stop,-275.0,-278.5,312.5
vwap_reversion,ES,trend_alignment,2025-06-05,2025-06-05 14:43:00+00:00,-1,5984.5,5984.25,5978.25,5989.5,25,20,2025-06-05 14:46:00+00:00,5989.75,stop,-275.0,-278.5,312.5
vwap_reversion,ES,trend_alignment,2025-06-06,2025-06-06 14:30:00+00:00,1,6007.5,6007.75,6013.75,6002.5,25,20,2025-06-06 14:40:00+00:00,6013.75,target,300.0,296.5,312.5
vwap_reversion,ES,trend_alignment,2025-06-06,2025-06-06 15:17:00+00:00,1,6006.0,6006.25,6012.25,6001.0,25,20,2025-06-06 15:18:00+00:00,6000.75,stop,-275.0,-278.5,312.5
vwap_reversion,ES,trend_alignment,2025-06-06,2025-06-06 15:31:00+00:00,1,6003.0,6003.25,6009.25,5998.0,25,20,2025-06-06 15:34:00+00:00,5997.75,stop,-275.0,-278.5,312.5
vwap_reversion,ES,trend_alignment,2025-06-09,2025-06-09 14:17:00+00:00,-1,6012.25,6012.0,6006.0,6017.25,25,20,2025-06-09 14:31:00+00:00,6017.5,stop,-275.0,-278.5,312.5
vwap_reversion,ES,trend_alignment,2025-06-09,2025-06-09 14:40:00+00:00,-1,6012.5,6012.25,6006.25,6017.5,25,20,2025-06-09 14:50:00+00:00,6006.25,target,300.0,296.5,312.5
vwap_reversion,ES,trend_alignment,2025-06-09,2025-06-09 15:01:00+00:00,-1,6012.25,6012.0,6006.0,6017.25,25,20,2025-06-09 15:27:00+00:00,6006.0,target,300.0,296.5,312.5
vwap_reversion,ES,trend_alignment,2025-06-10,2025-06-10 15:32:00+00:00,-1,6015.5,6015.25,6009.25,6020.5,25,20,2025-06-10 15:33:00+00:00,6009.25,target,300.0,296.5,312.5
vwap_reversion,ES,trend_alignment,2025-06-11,2025-06-11 13:51:00+00:00,-1,6048.0,6047.75,6041.75,6053.0,25,20,2025-06-11 13:56:00+00:00,6053.25,stop,-275.0,-278.5,312.5
vwap_reversion,ES,trend_alignment,2025-06-11,2025-06-11 13:57:00+00:00,-1,6049.25,6049.0,6043.0,6054.25,25,20,2025-06-11 14:10:00+00:00,6054.5,stop,-275.0,-278.5,312.5
vwap_reversion,ES,trend_alignment,2025-06-11,2025-06-11 14:11:00+00:00,-1,6053.0,6052.75,6046.75,6058.0,25,20,2025-06-11 14:16:00+00:00,6058.25,stop,-275.0,-278.5,312.5
vwap_reversion,ES,trend_alignment,2025-06-12,2025-06-12 13:45:00+00:00,1,6018.0,6018.25,6024.25,6013.0,25,20,2025-06-12 13:50:00+00:00,6024.25,target,300.0,296.5,312.5
vwap_reversion,ES,trend_alignment,2025-06-12,2025-06-12 13:55:00+00:00,1,6018.5,6018.75,6024.75,6013.5,25,20,2025-06-12 14:02:00+00:00,6024.75,target,300.0,296.5,312.5
vwap_reversion,ES,trend_alignment,2025-06-13,2025-06-13 13:45:00+00:00,1,6003.5,6003.75,6009.75,5998.5,25,20,2025-06-13 13:49:00+00:00,5998.25,stop,-275.0,-278.5,312.5
vwap_reversion,ES,trend_alignment,2025-06-13,2025-06-13 13:50:00+00:00,1,6003.25,6003.5,6009.5,5998.25,25,20,2025-06-13 13:54:00+00:00,5998.0,stop,-275.0,-278.5,312.5
vwap_reversion,ES,trend_alignment,2025-06-13,2025-06-13 13:55:00+00:00,1,5998.25,5998.5,6004.5,5993.25,25,20,2025-06-13 13:57:00+00:00,5993.0,stop,-275.0,-278.5,312.5
vwap_reversion,ES,trend_alignment,2025-06-16,2025-06-16 17:15:00+00:00,1,6034.5,6034.75,6040.75,6029.5,25,20,2025-06-16 17:25:00+00:00,6040.75,target,300.0,296.5,312.5
vwap_reversion,ES,trend_alignment,2025-06-16,2025-06-16 17:57:00+00:00,1,6033.75,6034.0,6040.0,6028.75,25,20,2025-06-16 19:10:00+00:00,6028.5,stop,-275.0,-278.5,312.5
vwap_reversion,ES,trend_alignment,2025-06-16,2025-06-16 19:11:00+00:00,1,6029.25,6029.5,6035.5,6024.25,25,20,2025-06-16 19:22:00+00:00,6035.5,target,300.0,296.5,312.5
vwap_reversion,ES,trend_alignment,2025-06-17,2025-06-17 13:46:00+00:00,1,6011.75,6012.0,6018.0,6006.75,25,20,2025-06-17 13:48:00+00:00,6006.5,stop,-275.0,-278.5,312.5
vwap_reversion,ES,trend_alignment,2025-06-17,2025-06-17 13:49:00+00:00,1,6011.75,6012.0,6018.0,6006.75,25,20,2025-06-17 13:52:00+00:00,6018.0,target,300.0,296.5,312.5
vwap_reversion,ES,trend_alignment,2025-06-17,2025-06-17 13:53:00+00:00,1,6014.5,6014.75,6020.75,6009.5,25,20,2025-06-17 14:00:00+00:00,6020.75,target,300.0,296.5,312.5
vwap_reversion,ES,trend_alignment,2025-06-18,2025-06-18 13:45:00+00:00,-1,6043.5,6043.25,6037.25,6048.5,25,20,2025-06-18 13:48:00+00:00,6048.75,stop,-275.0,-278.5,312.5
vwap_reversion,ES,trend_alignment,2025-06-18,2025-06-18 17:23:00+00:00,1,6052.25,6052.5,6058.5,6047.25,25,20,2025-06-18 17:31:00+00:00,6047.0,stop,-275.0,-278.5,312.5
vwap_reversion,ES,trend_alignment,2025-06-18,2025-06-18 17:34:00+00:00,1,6045.5,6045.75,6051.75,6040.5,25,20,2025-06-18 17:41:00+00:00,6051.75,target,300.0,296.5,312.5
vwap_reversion,ES,trend_alignment,2025-06-19,2025-06-19 15:07:00+00:00,-1,5988.75,5988.5,5982.5,5993.75,25,20,2025-06-19 15:23:00+00:00,5982.5,target,300.0,296.5,312.5
vwap_reversion,ES,trend_alignment,2025-06-20,2025-06-20 13:48:00+00:00,-1,6058.25,6058.0,6052.0,6063.25,25,20,2025-06-20 13:50:00+00:00,6052.0,target,300.0,296.5,312.5
vwap_reversion,ES,trend_alignment,2025-06-20,2025-06-20 15:33:00+00:00,-1,6034.0,6033.75,6027.75,6039.0,25,20,2025-06-20 15:39:00+00:00,6039.25,stop,-275.0,-278.5,312.5
vwap_reversion,ES,trend_alignment,2025-06-20,2025-06-20 15:40:00+00:00,-1,6038.5,6038.25,6032.25,6043.5,25,20,2025-06-20 15:51:00+00:00,6032.25,target,300.0,296.5,312.5
vwap_reversion,ES,trend_alignment,2025-06-23,2025-06-23 15:41:00+00:00,1,6033.25,6033.5,6039.5,6028.25,25,20,2025-06-23 16:22:00+00:00,6028.0,stop,-275.0,-278.5,312.5
vwap_reversion,ES,trend_alignment,2025-06-23,2025-06-23 16:23:00+00:00,1,6026.0,6026.25,6032.25,6021.0,25,20,2025-06-23 16:25:00+00:00,6020.75,stop,-275.0,-278.5,312.5
vwap_reversion,ES,trend_alignment,2025-06-23,2025-06-23 16:46:00+00:00,1,6025.75,6026.0,6032.0,6020.75,25,20,2025-06-23 16:47:00+00:00,6020.5,stop,-275.0,-278.5,312.5
vwap_reversion,ES,trend_alignment,2025-06-24,2025-06-24 13:57:00+00:00,-1,6117.0,6116.75,6110.75,6122.0,25,20,2025-06-24 14:01:00+00:00,6122.25,stop,-275.0,-278.5,312.5
vwap_reversion,ES,trend_alignment,2025-06-24,2025-06-24 14:02:00+00:00,-1,6117.75,6117.5,6111.5,6122.75,25,20,2025-06-24 14:08:00+00:00,6111.5,target,300.0,296.5,312.5
vwap_reversion,ES,trend_alignment,2025-06-24,2025-06-24 14:09:00+00:00,-1,6117.0,6116.75,6110.75,6122.0,25,20,2025-06-24 14:18:00+00:00,6122.25,stop,-275.0,-278.5,312.5
vwap_reversion,ES,trend_alignment,2025-06-25,2025-06-25 13:49:00+00:00,-1,6154.0,6153.75,6147.75,6159.0,25,20,2025-06-25 13:57:00+00:00,6159.25,stop,-275.0,-278.5,312.5
vwap_reversion,ES,trend_alignment,2025-06-25,2025-06-25 14:02:00+00:00,-1,6153.75,6153.5,6147.5,6158.75,25,20,2025-06-25 14:45:00+00:00,6159.0,stop,-275.0,-278.5,312.5
vwap_reversion,ES,trend_alignment,2025-06-25,2025-06-25 14:50:00+00:00,-1,6152.5,6152.25,6146.25,6157.5,25,20,2025-06-25 15:08:00+00:00,6146.25,target,300.0,296.5,312.5
vwap_reversion,ES,trend_alignment,2025-06-26,2025-06-26 13:45:00+00:00,-1,6164.25,6164.0,6158.0,6169.25,25,20,2025-06-26 14:00:00+00:00,6169.5,stop,-275.0,-278.5,312.5
vwap_reversion,ES,trend_alignment,2025-06-27,2025-06-27 17:45:00+00:00,1,6216.75,6217.0,6223.0,6211.75,25,20,2025-06-27 17:46:00+00:00,6211.5,stop,-275.0,-278.5,312.5
vwap_reversion,ES,trend_alignment,2025-06-27,2025-06-27 17:47:00+00:00,1,6217.0,6217.25,6223.25,6212.0,25,20,2025-06-27 17:50:00+00:00,6211.75,stop,-275.0,-278.5,312.5
vwap_reversion,ES,trend_alignment,2025-06-27,2025-06-27 17:51:00+00:00,1,6213.75,6214.0,6220.0,6208.75,25,20,2025-06-27 17:56:00+00:00,6208.5,stop,-275.0,-278.5,312.5
vwap_reversion,ES,trend_alignment,2025-06-30,2025-06-30 13:45:00+00:00,-1,6239.5,6239.25,6233.25,6244.5,25,20,2025-06-30 14:21:00+00:00,6233.25,target,300.0,296.5,312.5
vwap_reversion,ES,trend_alignment,2025-06-30,2025-06-30 14:22:00+00:00,-1,6236.25,6236.0,6230.0,6241.25,25,20,2025-06-30 14:29:00+00:00,6241.5,stop,-275.0,-278.5,312.5
vwap_reversion,ES,trend_alignment,2025-06-30,2025-06-30 14:30:00+00:00,-1,6240.25,6240.0,6234.0,6245.25,25,20,2025-06-30 14:37:00+00:00,6234.0,target,300.0,296.5,312.5
vwap_reversion,ES,trend_alignment,2025-07-01,2025-07-01 13:45:00+00:00,1,6240.75,6241.0,6247.0,6235.75,25,20,2025-07-01 13:50:00+00:00,6247.0,target,300.0,296.5,312.5
vwap_reversion,ES,trend_alignment,2025-07-01,2025-07-01 13:56:00+00:00,1,6245.0,6245.25,6251.25,6240.0,25,20,2025-07-01 14:00:00+00:00,6239.75,stop,-275.0,-278.5,312.5
vwap_reversion,ES,trend_alignment,2025-07-01,2025-07-01 14:02:00+00:00,1,6245.0,6245.25,6251.25,6240.0,25,20,2025-07-01 14:15:00+00:00,6251.25,target,300.0,296.5,312.5
vwap_reversion,ES,trend_alignment,2025-07-04,2025-07-04 13:45:00+00:00,1,6286.5,6286.75,6292.75,6281.5,25,20,2025-07-04 14:31:00+00:00,6292.75,target,300.0,296.5,312.5
vwap_reversion,ES,trend_alignment,2025-07-04,2025-07-04 14:33:00+00:00,1,6292.0,6292.25,6298.25,6287.0,25,20,2025-07-04 15:17:00+00:00,6286.75,stop,-275.0,-278.5,312.5
vwap_reversion,ES,trend_alignment,2025-07-04,2025-07-04 15:18:00+00:00,1,6285.25,6285.5,6291.5,6280.25,25,20,2025-07-04 16:59:00+00:00,6283.25,session_flatten,-112.5,-116.0,312.5
vwap_reversion,ES,trend_alignment,2025-07-07,2025-07-07 13:45:00+00:00,-1,6300.5,6300.25,6294.25,6305.5,25,20,2025-07-07 13:51:00+00:00,6305.75,stop,-275.0,-278.5,312.5
vwap_reversion,ES,trend_alignment,2025-07-07,2025-07-07 14:01:00+00:00,-1,6300.5,6300.25,6294.25,6305.5,25,20,2025-07-07 14:15:00+00:00,6294.25,target,300.0,296.5,312.5
vwap_reversion,ES,trend_alignment,2025-07-07,2025-07-07 14:16:00+00:00,-1,6297.25,6297.0,6291.0,6302.25,25,20,2025-07-07 14:25:00+00:00,6302.5,stop,-275.0,-278.5,312.5
vwap_reversion,ES,trend_alignment,2025-07-08,2025-07-08 13:46:00+00:00,-1,6280.75,6280.5,6274.5,6285.75,25,20,2025-07-08 13:59:00+00:00,6274.5,target,300.0,296.5,312.5
vwap_reversion,ES,trend_alignment,2025-07-08,2025-07-08 14:34:00+00:00,-1,6279.25,6279.0,6273.0,6284.25,25,20,2025-07-08 14:45:00+00:00,6273.0,target,300.0,296.5,312.5
vwap_reversion,ES,trend_alignment,2025-07-08,2025-07-08 15:10:00+00:00,-1,6278.5,6278.25,6272.25,6283.5,25,20,2025-07-08 15:19:00+00:00,6272.25,target,300.0,296.5,312.5
vwap_reversion,ES,trend_alignment,2025-07-09,2025-07-09 14:30:00+00:00,1,6296.25,6296.5,6302.5,6291.25,25,20,2025-07-09 14:31:00+00:00,6291.0,stop,-275.0,-278.5,312.5
vwap_reversion,ES,trend_alignment,2025-07-09,2025-07-09 14:32:00+00:00,1,6295.5,6295.75,6301.75,6290.5,25,20,2025-07-09 14:36:00+00:00,6290.25,stop,-275.0,-278.5,312.5
vwap_reversion,ES,trend_alignment,2025-07-09,2025-07-09 14:48:00+00:00,-1,6285.5,6285.25,6279.25,6290.5,25,20,2025-07-09 14:57:00+00:00,6279.25,target,300.0,296.5,312.5
vwap_reversion,ES,trend_alignment,2025-07-11,2025-07-11 13:50:00+00:00,1,6290.75,6291.0,6297.0,6285.75,25,20,2025-07-11 14:05:00+00:00,6297.0,target,300.0,296.5,312.5
vwap_reversion,ES,trend_alignment,2025-07-11,2025-07-11 14:06:00+00:00,1,6295.75,6296.0,6302.0,6290.75,25,20,2025-07-11 14:20:00+00:00,6302.0,target,300.0,296.5,312.5
vwap_reversion,ES,trend_alignment,2025-07-11,2025-07-11 14:46:00+00:00,1,6300.25,6300.5,6306.5,6295.25,25,20,2025-07-11 15:14:00+00:00,6295.0,stop,-275.0,-278.5,312.5
vwap_reversion,ES,trend_alignment,2025-07-15,2025-07-15 13:45:00+00:00,-1,6328.75,6328.5,6322.5,6333.75,25,20,2025-07-15 13:47:00+00:00,6322.5,target,300.0,296.5,312.5
vwap_reversion,ES,trend_alignment,2025-07-15,2025-07-15 13:48:00+00:00,-1,6324.75,6324.5,6318.5,6329.75,25,20,2025-07-15 13:59:00+00:00,6318.5,target,300.0,296.5,312.5
vwap_reversion,ES,trend_alignment,2025-07-15,2025-07-15 14:03:00+00:00,-1,6317.0,6316.75,6310.75,6322.0,25,20,2025-07-15 14:06:00+00:00,6322.25,stop,-275.0,-278.5,312.5
vwap_reversion,ES,trend_alignment,2025-07-16,2025-07-16 13:45:00+00:00,-1,6292.75,6292.5,6286.5,6297.75,25,20,2025-07-16 13:50:00+00:00,6286.5,target,300.0,296.5,312.5
vwap_reversion,ES,trend_alignment,2025-07-16,2025-07-16 14:30:00+00:00,-1,6290.75,6290.5,6284.5,6295.75,25,20,2025-07-16 14:35:00+00:00,6284.5,target,300.0,296.5,312.5
vwap_reversion,ES,trend_alignment,2025-07-16,2025-07-16 14:48:00+00:00,-1,6289.25,6289.0,6283.0,6294.25,25,20,2025-07-16 14:53:00+00:00,6294.5,stop,-275.0,-278.5,312.5
vwap_reversion,ES,trend_alignment,2025-07-18,2025-07-18 13:45:00+00:00,-1,6345.75,6345.5,6339.5,6350.75,25,20,2025-07-18 13:49:00+00:00,6351.0,stop,-275.0,-278.5,312.5
vwap_reversion,ES,trend_alignment,2025-07-18,2025-07-18 13:50:00+00:00,-1,6349.5,6349.25,6343.25,6354.5,25,20,2025-07-18 13:52:00+00:00,6343.25,target,300.0,296.5,312.5
vwap_reversion,ES,trend_alignment,2025-07-18,2025-07-18 13:53:00+00:00,-1,6346.0,6345.75,6339.75,6351.0,25,20,2025-07-18 14:00:00+00:00,6351.25,stop,-275.0,-278.5,312.5
vwap_reversion,ES,trend_alignment,2025-07-21,2025-07-21 19:04:00+00:00,1,6359.0,6359.25,6365.25,6354.0,25,20,2025-07-21 19:09:00+00:00,6353.75,stop,-275.0,-278.5,312.5
vwap_reversion,ES,trend_alignment,2025-07-21,2025-07-21 19:10:00+00:00,1,6351.25,6351.5,6357.5,6346.25,25,20,2025-07-21 19:43:00+00:00,6346.0,stop,-275.0,-278.5,312.5
vwap_reversion,ES,trend_alignment,2025-07-22,2025-07-22 17:15:00+00:00,-1,6339.75,6339.5,6333.5,6344.75,25,20,2025-07-22 17:25:00+00:00,6345.0,stop,-275.0,-278.5,312.5
vwap_reversion,ES,trend_alignment,2025-07-22,2025-07-22 17:26:00+00:00,-1,6344.0,6343.75,6337.75,6349.0,25,20,2025-07-22 17:28:00+00:00,6349.25,stop,-275.0,-278.5,312.5
vwap_reversion,ES,trend_alignment,2025-07-22,2025-07-22 17:29:00+00:00,-1,6347.75,6347.5,6341.5,6352.75,25,20,2025-07-22 17:41:00+00:00,6341.5,target,300.0,296.5,312.5
vwap_reversion,ES,trend_alignment,2025-07-23,2025-07-23 13:47:00+00:00,-1,6361.25,6361.0,6355.0,6366.25,25,20,2025-07-23 13:56:00+00:00,6355.0,target,300.0,296.5,312.5
vwap_reversion,ES,trend_alignment,2025-07-23,2025-07-23 14:00:00+00:00,-1,6354.0,6353.75,6347.75,6359.0,25,20,2025-07-23 14:06:00+00:00,6359.25,stop,-275.0,-278.5,312.5
vwap_reversion,ES,trend_alignment,2025-07-23,2025-07-23 14:07:00+00:00,-1,6357.25,6357.0,6351.0,6362.25,25,20,2025-07-23 14:25:00+00:00,6362.5,stop,-275.0,-278.5,312.5
vwap_reversion,ES,trend_alignment,2025-07-24,2025-07-24 14:12:00+00:00,-1,6400.75,6400.5,6394.5,6405.75,25,20,2025-07-24 14:33:00+00:00,6406.0,stop,-275.0,-278.5,312.5
vwap_reversion,ES,trend_alignment,2025-07-24,2025-07-24 16:27:00+00:00,-1,6400.5,6400.25,6394.25,6405.5,25,20,2025-07-24 16:40:00+00:00,6405.75,stop,-275.0,-278.5,312.5
vwap_reversion,ES,trend_alignment,2025-07-29,2025-07-29 13:45:00+00:00,-1,6433.75,6433.5,6427.5,6438.75,25,20,2025-07-29 13:49:00+00:00,6427.5,target,300.0,296.5,312.5
vwap_reversion,ES,trend_alignment,2025-07-29,2025-07-29 13:54:00+00:00,-1,6431.75,6431.5,6425.5,6436.75,25,20,2025-07-29 14:44:00+00:00,6425.5,target,300.0,296.5,312.5
vwap_reversion,ES,trend_alignment,2025-07-31,2025-07-31 13:46:00+00:00,-1,6431.25,6431.0,6425.0,6436.25,25,20,2025-07-31 13:48:00+00:00,6436.5,stop,-275.0,-278.5,312.5
vwap_reversion,ES,trend_alignment,2025-07-31,2025-07-31 13:49:00+00:00,-1,6436.75,6436.5,6430.5,6441.75,25,20,2025-07-31 13:52:00+00:00,6442.0,stop,-275.0,-278.5,312.5
vwap_reversion,ES,trend_alignment,2025-07-31,2025-07-31 13:53:00+00:00,-1,6446.5,6446.25,6440.25,6451.5,25,20,2025-07-31 14:12:00+00:00,6440.25,target,300.0,296.5,312.5
vwap_reversion,ES,trend_alignment,2025-08-01,2025-08-01 14:20:00+00:00,-1,6277.75,6277.5,6271.5,6282.75,25,20,2025-08-01 14:22:00+00:00,6271.5,target,300.0,296.5,312.5
vwap_reversion,ES,trend_alignment,2025-08-01,2025-08-01 14:24:00+00:00,-1,6278.25,6278.0,6272.0,6283.25,25,20,2025-08-01 14:30:00+00:00,6283.5,stop,-275.0,-278.5,312.5
vwap_reversion,ES,trend_alignment,2025-08-01,2025-08-01 14:31:00+00:00,-1,6282.75,6282.5,6276.5,6287.75,25,20,2025-08-01 14:34:00+00:00,6288.0,stop,-275.0,-278.5,312.5
vwap_reversion,ES,trend_alignment,2025-08-05,2025-08-05 13:56:00+00:00,-1,6363.0,6362.75,6356.75,6368.0,25,20,2025-08-05 14:00:00+00:00,6356.75,target,300.0,296.5,312.5
vwap_reversion,ES,trend_alignment,2025-08-05,2025-08-05 17:30:00+00:00,-1,6344.25,6344.0,6338.0,6349.25,25,20,2025-08-05 18:15:00+00:00,6338.0,target,300.0,296.5,312.5
vwap_reversion,ES,trend_alignment,2025-08-06,2025-08-06 13:45:00+00:00,-1,6333.75,6333.5,6327.5,6338.75,25,20,2025-08-06 13:48:00+00:00,6339.0,stop,-275.0,-278.5,312.5
vwap_reversion,ES,trend_alignment,2025-08-06,2025-08-06 13:50:00+00:00,-1,6332.0,6331.75,6325.75,6337.0,25,20,2025-08-06 13:53:00+00:00,6337.25,stop,-275.0,-278.5,312.5
vwap_reversion,ES,trend_alignment,2025-08-06,2025-08-06 13:59:00+00:00,-1,6333.5,6333.25,6327.25,6338.5,25,20,2025-08-06 14:01:00+00:00,6338.75,stop,-275.0,-278.5,312.5
vwap_reversion,ES,trend_alignment,2025-08-07,2025-08-07 13:49:00+00:00,-1,6401.5,6401.25,6395.25,6406.5,25,20,2025-08-07 13:55:00+00:00,6406.75,stop,-275.0,-278.5,312.5
vwap_reversion,ES,trend_alignment,2025-08-07,2025-08-07 14:01:00+00:00,-1,6404.5,6404.25,6398.25,6409.5,25,20,2025-08-07 14:07:00+00:00,6398.25,target,300.0,296.5,312.5
vwap_reversion,ES,trend_alignment,2025-08-07,2025-08-07 14:21:00+00:00,-1,6384.5,6384.25,6378.25,6389.5,25,20,2025-08-07 14:24:00+00:00,6378.25,target,300.0,296.5,312.5
vwap_reversion,ES,trend_alignment,2025-08-08,2025-08-08 15:38:00+00:00,1,6393.25,6393.5,6399.5,6388.25,25,20,2025-08-08 15:53:00+00:00,6399.5,target,300.0,296.5,312.5
vwap_reversion,ES,trend_alignment,2025-08-12,2025-08-12 13:45:00+00:00,-1,6423.5,6423.25,6417.25,6428.5,25,20,2025-08-12 13:46:00+00:00,6428.75,stop,-275.0,-278.5,312.5
vwap_reversion,ES,trend_alignment,2025-08-12,2025-08-12 13:50:00+00:00,-1,6411.5,6411.25,6405.25,6416.5,25,20,2025-08-12 13:52:00+00:00,6416.75,stop,-275.0,-278.5,312.5
vwap_reversion,ES,trend_alignment,2025-08-12,2025-08-12 13:53:00+00:00,-1,6422.0,6421.75,6415.75,6427.0,25,20,2025-08-12 13:56:00+00:00,6415.75,target,300.0,296.5,312.5
vwap_reversion,ES,trend_alignment,2025-08-13,2025-08-13 14:23:00+00:00,-1,6488.5,6488.25,6482.25,6493.5,25,20,2025-08-13 14:27:00+00:00,6482.25,target,300.0,296.5,312.5
vwap_reversion,ES,trend_alignment,2025-08-13,2025-08-13 14:31:00+00:00,-1,6478.75,6478.5,6472.5,6483.75,25,20,2025-08-13 14:44:00+00:00,6484.0,stop,-275.0,-278.5,312.5
vwap_reversion,ES,trend_alignment,2025-08-13,2025-08-13 14:46:00+00:00,-1,6477.75,6477.5,6471.5,6482.75,25,20,2025-08-13 15:15:00+00:00,6471.5,target,300.0,296.5,312.5
vwap_reversion,ES,trend_alignment,2025-08-14,2025-08-14 13:45:00+00:00,1,6473.25,6473.5,6479.5,6468.25,25,20,2025-08-14 13:51:00+00:00,6479.5,target,300.0,296.5,312.5
vwap_reversion,ES,trend_alignment,2025-08-14,2025-08-14 13:52:00+00:00,1,6482.0,6482.25,6488.25,6477.0,25,20,2025-08-14 13:53:00+00:00,6476.75,stop,-275.0,-278.5,312.5
vwap_reversion,ES,trend_alignment,2025-08-14,2025-08-14 13:54:00+00:00,1,6475.25,6475.5,6481.5,6470.25,25,20,2025-08-14 14:03:00+00:00,6481.5,target,300.0,296.5,312.5
vwap_reversion,ES,trend_alignment,2025-08-15,2025-08-15 17:55:00+00:00,-1,6483.75,6483.5,6477.5,6488.75,25,20,2025-08-15 18:18:00+00:00,6477.5,target,300.0,296.5,312.5
vwap_reversion,ES,trend_alignment,2025-08-20,2025-08-20 15:22:00+00:00,-1,6394.0,6393.75,6387.75,6399.0,25,20,2025-08-20 15:32:00+00:00,6399.25,stop,-275.0,-278.5,312.5
vwap_reversion,ES,trend_alignment,2025-08-20,2025-08-20 15:33:00+00:00,-1,6399.5,6399.25,6393.25,6404.5,25,20,2025-08-20 15:49:00+00:00,6393.25,target,300.0,296.5,312.5
vwap_reversion,ES,trend_alignment,2025-08-20,2025-08-20 16:10:00+00:00,-1,6395.25,6395.0,6389.0,6400.25,25,20,2025-08-20 16:17:00+00:00,6400.5,stop,-275.0,-278.5,312.5
vwap_reversion,ES,trend_alignment,2025-08-21,2025-08-21 14:06:00+00:00,1,6402.5,6402.75,6408.75,6397.5,25,20,2025-08-21 14:17:00+00:00,6408.75,target,300.0,296.5,312.5
vwap_reversion,ES,trend_alignment,2025-08-21,2025-08-21 14:19:00+00:00,1,6407.75,6408.0,6414.0,6402.75,25,20,2025-08-21 14:34:00+00:00,6402.5,stop,-275.0,-278.5,312.5
vwap_reversion,ES,trend_alignment,2025-08-21,2025-08-21 14:38:00+00:00,1,6398.0,6398.25,6404.25,6393.0,25,20,2025-08-21 14:56:00+00:00,6404.25,target,300.0,296.5,312.5
vwap_reversion,ES,trend_alignment,2025-08-25,2025-08-25 13:49:00+00:00,1,6470.5,6470.75,6476.75,6465.5,25,20,2025-08-25 14:00:00+00:00,6476.75,target,300.0,296.5,312.5
vwap_reversion,ES,trend_alignment,2025-08-25,2025-08-25 14:01:00+00:00,1,6471.25,6471.5,6477.5,6466.25,25,20,2025-08-25 15:12:00+00:00,6477.5,target,300.0,296.5,312.5
vwap_reversion,ES,trend_alignment,2025-08-25,2025-08-25 15:35:00+00:00,1,6476.5,6476.75,6482.75,6471.5,25,20,2025-08-25 16:45:00+00:00,6482.75,target,300.0,296.5,312.5
vwap_reversion,ES,trend_alignment,2025-09-02,2025-09-02 13:48:00+00:00,-1,6397.75,6397.5,6391.5,6402.75,25,20,2025-09-02 13:50:00+00:00,6403.0,stop,-275.0,-278.5,312.5
vwap_reversion,ES,trend_alignment,2025-09-02,2025-09-02 14:24:00+00:00,1,6407.25,6407.5,6413.5,6402.25,25,20,2025-09-02 14:28:00+00:00,6413.5,target,300.0,296.5,312.5
vwap_reversion,ES,trend_alignment,2025-09-02,2025-09-02 14:40:00+00:00,1,6410.5,6410.75,6416.75,6405.5,25,20,2025-09-02 14:42:00+00:00,6405.25,stop,-275.0,-278.5,312.5
vwap_reversion,ES,trend_alignment,2025-09-03,2025-09-03 13:45:00+00:00,-1,6446.75,6446.5,6440.5,6451.75,25,20,2025-09-03 13:51:00+00:00,6452.0,stop,-275.0,-278.5,312.5
vwap_reversion,ES,trend_alignment,2025-09-03,2025-09-03 13:52:00+00:00,-1,6448.5,6448.25,6442.25,6453.5,25,20,2025-09-03 13:55:00+00:00,6442.25,target,300.0,296.5,312.5
vwap_reversion,ES,trend_alignment,2025-09-03,2025-09-03 13:56:00+00:00,-1,6443.75,6443.5,6437.5,6448.75,25,20,2025-09-03 14:03:00+00:00,6449.0,stop,-275.0,-278.5,312.5
vwap_reversion,ES,trend_alignment,2025-09-05,2025-09-05 13:46:00+00:00,-1,6531.25,6531.0,6525.0,6536.25,25,20,2025-09-05 13:49:00+00:00,6536.5,stop,-275.0,-278.5,312.5
vwap_reversion,ES,trend_alignment,2025-09-05,2025-09-05 13:52:00+00:00,-1,6530.25,6530.0,6524.0,6535.25,25,20,2025-09-05 14:00:00+00:00,6524.0,target,300.0,296.5,312.5
vwap_reversion,ES,trend_alignment,2025-09-05,2025-09-05 14:01:00+00:00,-1,6519.0,6518.75,6512.75,6524.0,25,20,2025-09-05 14:04:00+00:00,6524.25,stop,-275.0,-278.5,312.5
vwap_reversion,ES,trend_alignment,2025-09-08,2025-09-08 13:45:00+00:00,-1,6502.5,6502.25,6496.25,6507.5,25,20,2025-09-08 13:55:00+00:00,6507.75,stop,-275.0,-278.5,312.5
vwap_reversion,ES,trend_alignment,2025-09-08,2025-09-08 13:58:00+00:00,-1,6502.75,6502.5,6496.5,6507.75,25,20,2025-09-08 14:19:00+00:00,6496.5,target,300.0,296.5,312.5
vwap_reversion,ES,trend_alignment,2025-09-08,2025-09-08 14:20:00+00:00,-1,6497.0,6496.75,6490.75,6502.0,25,20,2025-09-08 14:27:00+00:00,6502.25,stop,-275.0,-278.5,312.5
vwap_reversion,ES,trend_alignment,2025-09-10,2025-09-10 13:45:00+00:00,-1,6548.5,6548.25,6542.25,6553.5,25,20,2025-09-10 13:48:00+00:00,6553.75,stop,-275.0,-278.5,312.5
vwap_reversion,ES,trend_alignment,2025-09-10,2025-09-10 13:50:00+00:00,-1,6552.25,6552.0,6546.0,6557.25,25,20,2025-09-10 13:51:00+00:00,6546.0,target,300.0,296.5,312.5
vwap_reversion,ES,trend_alignment,2025-09-10,2025-09-10 13:52:00+00:00,-1,6548.0,6547.75,6541.75,6553.0,25,20,2025-09-10 13:59:00+00:00,6553.25,stop,-275.0,-278.5,312.5
vwap_reversion,ES,trend_alignment,2025-09-11,2025-09-11 13:45:00+00:00,-1,6553.75,6553.5,6547.5,6558.75,25,20,2025-09-11 13:46:00+00:00,6559.0,stop,-275.0,-278.5,312.5
vwap_reversion,ES,trend_alignment,2025-09-15,2025-09-15 17:19:00+00:00,1,6610.25,6610.5,6616.5,6605.25,25,20,2025-09-15 17:43:00+00:00,6616.5,target,300.0,296.5,312.5
vwap_reversion,ES,trend_alignment,2025-09-17,2025-09-17 13:45:00+00:00,-1,6666.0,6665.75,6659.75,6671.0,25,20,2025-09-17 13:48:00+00:00,6671.25,stop,-275.0,-278.5,312.5
vwap_reversion,ES,trend_alignment,2025-09-17,2025-09-17 13:58:00+00:00,-1,6668.25,6668.0,6662.0,6673.25,25,20,2025-09-17 14:06:00+00:00,6662.0,target,300.0,296.5,312.5
vwap_reversion,ES,trend_alignment,2025-09-17,2025-09-17 14:07:00+00:00,-1,6664.0,6663.75,6657.75,6669.0,25,20,2025-09-17 15:28:00+00:00,6657.75,target,300.0,296.5,312.5
vwap_reversion,ES,trend_alignment,2025-09-18,2025-09-18 13:45:00+00:00,-1,6673.25,6673.0,6667.0,6678.25,25,20,2025-09-18 13:49:00+00:00,6678.5,stop,-275.0,-278.5,312.5
vwap_reversion,ES,trend_alignment,2025-09-18,2025-09-18 13:53:00+00:00,-1,6686.0,6685.75,6679.75,6691.0,25,20,2025-09-18 13:55:00+00:00,6679.75,target,300.0,296.5,312.5
vwap_reversion,ES,trend_alignment,2025-09-18,2025-09-18 13:56:00+00:00,-1,6679.5,6679.25,6673.25,6684.5,25,20,2025-09-18 13:57:00+00:00,6684.75,stop,-275.0,-278.5,312.5
vwap_reversion,ES,trend_alignment,2025-09-19,2025-09-19 13:46:00+00:00,-1,6700.25,6700.0,6694.0,6705.25,25,20,2025-09-19 13:48:00+00:00,6705.5,stop,-275.0,-278.5,312.5
vwap_reversion,ES,trend_alignment,2025-09-19,2025-09-19 13:57:00+00:00,-1,6706.75,6706.5,6700.5,6711.75,25,20,2025-09-19 14:40:00+00:00,6700.5,target,300.0,296.5,312.5
vwap_reversion,ES,trend_alignment,2025-09-19,2025-09-19 14:42:00+00:00,-1,6699.5,6699.25,6693.25,6704.5,25,20,2025-09-19 14:47:00+00:00,6693.25,target,300.0,296.5,312.5
vwap_reversion,ES,trend_alignment,2025-09-22,2025-09-22 13:45:00+00:00,1,6709.5,6709.75,6715.75,6704.5,25,20,2025-09-22 13:53:00+00:00,6715.75,target,300.0,296.5,312.5
vwap_reversion,ES,trend_alignment,2025-09-22,2025-09-22 14:00:00+00:00,1,6716.0,6716.25,6722.25,6711.0,25,20,2025-09-22 14:27:00+00:00,6722.25,target,300.0,296.5,312.5
vwap_reversion,ES,trend_alignment,2025-09-25,2025-09-25 14:04:00+00:00,-1,6650.5,6650.25,6644.25,6655.5,25,20,2025-09-25 14:06:00+00:00,6655.75,stop,-275.0,-278.5,312.5
vwap_reversion,ES,trend_alignment,2025-09-25,2025-09-25 14:07:00+00:00,-1,6654.0,6653.75,6647.75,6659.0,25,20,2025-09-25 14:09:00+00:00,6659.25,stop,-275.0,-278.5,312.5
vwap_reversion,ES,trend_alignment,2025-09-25,2025-09-25 14:12:00+00:00,-1,6659.0,6658.75,6652.75,6664.0,25,20,2025-09-25 14:15:00+00:00,6664.25,stop,-275.0,-278.5,312.5
vwap_reversion,ES,trend_alignment,2025-09-26,2025-09-26 14:07:00+00:00,1,6677.5,6677.75,6683.75,6672.5,25,20,2025-09-26 14:13:00+00:00,6672.25,stop,-275.0,-278.5,312.5
vwap_reversion,ES,trend_alignment,2025-09-26,2025-09-26 14:15:00+00:00,-1,6670.0,6669.75,6663.75,6675.0,25,20,2025-09-26 14:16:00+00:00,6675.25,stop,-275.0,-278.5,312.5
vwap_reversion,ES,trend_alignment,2025-09-26,2025-09-26 14:17:00+00:00,1,6675.25,6675.5,6681.5,6670.25,25,20,2025-09-26 14:18:00+00:00,6670.0,stop,-275.0,-278.5,312.5
vwap_reversion,ES,trend_alignment,2025-09-29,2025-09-29 13:52:00+00:00,-1,6720.75,6720.5,6714.5,6725.75,25,20,2025-09-29 13:54:00+00:00,6726.0,stop,-275.0,-278.5,312.5
vwap_reversion,ES,trend_alignment,2025-09-29,2025-09-29 14:03:00+00:00,-1,6720.75,6720.5,6714.5,6725.75,25,20,2025-09-29 14:07:00+00:00,6726.0,stop,-275.0,-278.5,312.5
vwap_reversion,ES,trend_alignment,2025-09-29,2025-09-29 14:19:00+00:00,-1,6720.25,6720.0,6714.0,6725.25,25,20,2025-09-29 14:22:00+00:00,6725.5,stop,-275.0,-278.5,312.5
vwap_reversion,ES,trend_alignment,2025-09-30,2025-09-30 13:45:00+00:00,1,6709.0,6709.25,6715.25,6704.0,25,20,2025-09-30 13:49:00+00:00,6703.75,stop,-275.0,-278.5,312.5
vwap_reversion,ES,trend_alignment,2025-09-30,2025-09-30 13:59:00+00:00,1,6708.25,6708.5,6714.5,6703.25,25,20,2025-09-30 14:06:00+00:00,6703.0,stop,-275.0,-278.5,312.5
vwap_reversion,ES,trend_alignment,2025-09-30,2025-09-30 14:16:00+00:00,1,6708.0,6708.25,6714.25,6703.0,25,20,2025-09-30 14:34:00+00:00,6702.75,stop,-275.0,-278.5,312.5
vwap_reversion,ES,trend_alignment,2025-10-01,2025-10-01 13:45:00+00:00,1,6723.5,6723.75,6729.75,6718.5,25,20,2025-10-01 13:47:00+00:00,6718.25,stop,-275.0,-278.5,312.5
vwap_reversion,ES,trend_alignment,2025-10-01,2025-10-01 13:48:00+00:00,1,6713.5,6713.75,6719.75,6708.5,25,20,2025-10-01 13:49:00+00:00,6708.25,stop,-275.0,-278.5,312.5
vwap_reversion,ES,trend_alignment,2025-10-01,2025-10-01 13:50:00+00:00,1,6711.0,6711.25,6717.25,6706.0,25,20,2025-10-01 13:56:00+00:00,6717.25,target,300.0,296.5,312.5
vwap_reversion,ES,trend_alignment,2025-10-02,2025-10-02 13:45:00+00:00,-1,6768.5,6768.25,6762.25,6773.5,25,20,2025-10-02 13:52:00+00:00,6762.25,target,300.0,296.5,312.5
vwap_reversion,ES,trend_alignment,2025-10-02,2025-10-02 13:53:00+00:00,-1,6768.25,6768.0,6762.0,6773.25,25,20,2025-10-02 14:10:00+00:00,6762.0,target,300.0,296.5,312.5
vwap_reversion,ES,trend_alignment,2025-10-02,2025-10-02 18:05:00+00:00,-1,6765.0,6764.75,6758.75,6770.0,25,20,2025-10-02 18:21:00+00:00,6770.25,stop,-275.0,-278.5,312.5
vwap_reversion,ES,trend_alignment,2025-10-03,2025-10-03 17:05:00+00:00,1,6778.75,6779.0,6785.0,6773.75,25,20,2025-10-03 17:11:00+00:00,6785.0,target,300.0,296.5,312.5
vwap_reversion,ES,trend_alignment,2025-10-03,2025-10-03 17:19:00+00:00,1,6780.5,6780.75,6786.75,6775.5,25,20,2025-10-03 17:30:00+00:00,6775.25,stop,-275.0,-278.5,312.5
vwap_reversion,ES,trend_alignment,2025-10-03,2025-10-03 17:31:00+00:00,1,6778.0,6778.25,6784.25,6773.0,25,20,2025-10-03 17:43:00+00:00,6772.75,stop,-275.0,-278.5,312.5
vwap_reversion,ES,trend_alignment,2025-10-06,2025-10-06 13:45:00+00:00,-1,6776.5,6776.25,6770.25,6781.5,25,20,2025-10-06 14:00:00+00:00,6770.25,target,300.0,296.5,312.5
vwap_reversion,ES,trend_alignment,2025-10-06,2025-10-06 14:04:00+00:00,-1,6772.25,6772.0,6766.0,6777.25,25,20,2025-10-06 14:21:00+00:00,6777.5,stop,-275.0,-278.5,312.5
vwap_reversion,ES,trend_alignment,2025-10-06,2025-10-06 14:22:00+00:00,-1,6776.25,6776.0,6770.0,6781.25,25,20,2025-10-06 15:00:00+00:00,6781.5,stop,-275.0,-278.5,312.5
vwap_reversion,ES,trend_alignment,2025-10-07,2025-10-07 13:45:00+00:00,-1,6796.0,6795.75,6789.75,6801.0,25,20,2025-10-07 14:03:00+00:00,6789.75,target,300.0,296.5,312.5
vwap_reversion,ES,trend_alignment,2025-10-07,2025-10-07 14:11:00+00:00,-1,6795.25,6795.0,6789.0,6800.25,25,20,2025-10-07 14:23:00+00:00,6789.0,target,300.0,296.5,312.5
vwap_reversion,ES,trend_alignment,2025-10-08,2025-10-08 13:51:00+00:00,-1,6772.0,6771.75,6765.75,6777.0,25,20,2025-10-08 14:00:00+00:00,6777.25,stop,-275.0,-278.5,312.5
vwap_reversion,ES,trend_alignment,2025-10-10,2025-10-10 14:01:00+00:00,1,6790.25,6790.5,6796.5,6785.25,25,20,2025-10-10 14:07:00+00:00,6796.5,target,300.0,296.5,312.5
vwap_reversion,ES,trend_alignment,2025-10-10,2025-10-10 14:16:00+00:00,-1,6787.0,6786.75,6780.75,6792.0,25,20,2025-10-10 14:20:00+00:00,6792.25,stop,-275.0,-278.5,312.5
vwap_reversion,ES,trend_alignment,2025-10-13,2025-10-13 14:22:00+00:00,1,6672.75,6673.0,6679.0,6667.75,25,20,2025-10-13 14:25:00+00:00,6667.5,stop,-275.0,-278.5,312.5
vwap_reversion,ES,trend_alignment,2025-10-13,2025-10-13 14:28:00+00:00,1,6671.75,6672.0,6678.0,6666.75,25,20,2025-10-13 14:30:00+00:00,6666.5,stop,-275.0,-278.5,312.5
vwap_reversion,ES,trend_alignment,2025-10-13,2025-10-13 14:54:00+00:00,1,6671.0,6671.25,6677.25,6666.0,25,20,2025-10-13 14:55:00+00:00,6665.75,stop,-275.0,-278.5,312.5
vwap_reversion,ES,trend_alignment,2025-10-14,2025-10-14 13:53:00+00:00,-1,6620.25,6620.0,6614.0,6625.25,25,20,2025-10-14 13:55:00+00:00,6625.5,stop,-275.0,-278.5,312.5
vwap_reversion,ES,trend_alignment,2025-10-14,2025-10-14 13:56:00+00:00,-1,6627.75,6627.5,6621.5,6632.75,25,20,2025-10-14 14:01:00+00:00,6633.0,stop,-275.0,-278.5,312.5
vwap_reversion,ES,trend_alignment,2025-10-14,2025-10-14 14:02:00+00:00,-1,6631.75,6631.5,6625.5,6636.75,25,20,2025-10-14 14:04:00+00:00,6637.0,stop,-275.0,-278.5,312.5
vwap_reversion,ES,trend_alignment,2025-10-15,2025-10-15 13:47:00+00:00,-1,6731.25,6731.0,6725.0,6736.25,25,20,2025-10-15 13:49:00+00:00,6725.0,target,300.0,296.5,312.5
vwap_reversion,ES,trend_alignment,2025-10-15,2025-10-15 13:50:00+00:00,-1,6730.0,6729.75,6723.75,6735.0,25,20,2025-10-15 13:51:00+00:00,6735.25,stop,-275.0,-278.5,312.5
vwap_reversion,ES,trend_alignment,2025-10-15,2025-10-15 15:20:00+00:00,1,6741.0,6741.25,6747.25,6736.0,25,20,2025-10-15 15:27:00+00:00,6747.25,target,300.0,296.5,312.5
vwap_reversion,ES,trend_alignment,2025-10-16,2025-10-16 13:47:00+00:00,-1,6730.75,6730.5,6724.5,6735.75,25,20,2025-10-16 13:50:00+00:00,6724.5,target,300.0,296.5,312.5
vwap_reversion,ES,trend_alignment,2025-10-16,2025-10-16 13:51:00+00:00,-1,6727.25,6727.0,6721.0,6732.25,25,20,2025-10-16 13:55:00+00:00,6732.5,stop,-275.0,-278.5,312.5
vwap_reversion,ES,trend_alignment,2025-10-16,2025-10-16 13:56:00+00:00,-1,6729.25,6729.0,6723.0,6734.25,25,20,2025-10-16 13:59:00+00:00,6734.5,stop,-275.0,-278.5,312.5
vwap_reversion,ES,trend_alignment,2025-10-17,2025-10-17 13:49:00+00:00,1,6660.5,6660.75,6666.75,6655.5,25,20,2025-10-17 13:51:00+00:00,6666.75,target,300.0,296.5,312.5
vwap_reversion,ES,trend_alignment,2025-10-17,2025-10-17 14:00:00+00:00,1,6657.0,6657.25,6663.25,6652.0,25,20,2025-10-17 14:01:00+00:00,6663.25,target,300.0,296.5,312.5
vwap_reversion,ES,trend_alignment,2025-10-17,2025-10-17 14:39:00+00:00,1,6663.0,6663.25,6669.25,6658.0,25,20,2025-10-17 14:40:00+00:00,6669.25,target,300.0,296.5,312.5
vwap_reversion,ES,trend_alignment,2025-10-23,2025-10-23 14:16:00+00:00,1,6745.0,6745.25,6751.25,6740.0,25,20,2025-10-23 14:19:00+00:00,6739.75,stop,-275.0,-278.5,312.5
vwap_reversion,ES,trend_alignment,2025-10-23,2025-10-23 14:20:00+00:00,1,6742.5,6742.75,6748.75,6737.5,25,20,2025-10-23 14:23:00+00:00,6748.75,target,300.0,296.5,312.5
vwap_reversion,ES,trend_alignment,2025-10-27,2025-10-27 13:45:00+00:00,-1,6880.75,6880.5,6874.5,6885.75,25,20,2025-10-27 13:52:00+00:00,6886.0,stop,-275.0,-278.5,312.5
vwap_reversion,ES,trend_alignment,2025-10-27,2025-10-27 14:19:00+00:00,-1,6881.5,6881.25,6875.25,6886.5,25,20,2025-10-27 14:29:00+00:00,6886.75,stop,-275.0,-278.5,312.5
vwap_reversion,ES,trend_alignment,2025-10-27,2025-10-27 14:53:00+00:00,-1,6882.0,6881.75,6875.75,6887.0,25,20,2025-10-27 15:15:00+00:00,6887.25,stop,-275.0,-278.5,312.5
vwap_reversion,ES,trend_alignment,2025-10-28,2025-10-28 13:56:00+00:00,-1,6914.5,6914.25,6908.25,6919.5,25,20,2025-10-28 15:32:00+00:00,6908.25,target,300.0,296.5,312.5
vwap_reversion,ES,trend_alignment,2025-10-28,2025-10-28 16:07:00+00:00,-1,6915.0,6914.75,6908.75,6920.0,25,20,2025-10-28 16:30:00+00:00,6920.25,stop,-275.0,-278.5,312.5
vwap_reversion,ES,trend_alignment,2025-10-28,2025-10-28 16:31:00+00:00,-1,6916.5,6916.25,6910.25,6921.5,25,20,2025-10-28 16:32:00+00:00,6921.75,stop,-275.0,-278.5,312.5
vwap_reversion,ES,trend_alignment,2025-10-29,2025-10-29 14:12:00+00:00,-1,6941.5,6941.25,6935.25,6946.5,25,20,2025-10-29 14:50:00+00:00,6935.25,target,300.0,296.5,312.5
vwap_reversion,ES,trend_alignment,2025-10-29,2025-10-29 14:51:00+00:00,-1,6939.5,6939.25,6933.25,6944.5,25,20,2025-10-29 15:48:00+00:00,6933.25,target,300.0,296.5,312.5
vwap_reversion,ES,trend_alignment,2025-10-29,2025-10-29 15:49:00+00:00,-1,6937.5,6937.25,6931.25,6942.5,25,20,2025-10-29 16:04:00+00:00,6931.25,target,300.0,296.5,312.5
vwap_reversion,ES,trend_alignment,2025-10-30,2025-10-30 13:46:00+00:00,-1,6888.5,6888.25,6882.25,6893.5,25,20,2025-10-30 13:48:00+00:00,6893.75,stop,-275.0,-278.5,312.5
vwap_reversion,ES,trend_alignment,2025-10-30,2025-10-30 14:12:00+00:00,1,6896.25,6896.5,6902.5,6891.25,25,20,2025-10-30 14:14:00+00:00,6902.5,target,300.0,296.5,312.5
vwap_reversion,ES,trend_alignment,2025-10-30,2025-10-30 14:15:00+00:00,1,6897.25,6897.5,6903.5,6892.25,25,20,2025-10-30 14:17:00+00:00,6892.0,stop,-275.0,-278.5,312.5
vwap_reversion,ES,trend_alignment,2025-10-31,2025-10-31 13:47:00+00:00,-1,6887.0,6886.75,6880.75,6892.0,25,20,2025-10-31 13:52:00+00:00,6892.25,stop,-275.0,-278.5,312.5
vwap_reversion,ES,trend_alignment,2025-10-31,2025-10-31 13:53:00+00:00,-1,6889.5,6889.25,6883.25,6894.5,25,20,2025-10-31 13:57:00+00:00,6883.25,target,300.0,296.5,312.5
vwap_reversion,ES,trend_alignment,2025-10-31,2025-10-31 13:58:00+00:00,-1,6884.25,6884.0,6878.0,6889.25,25,20,2025-10-31 14:04:00+00:00,6878.0,target,300.0,296.5,312.5
vwap_reversion,ES,trend_alignment,2025-11-03,2025-11-03 14:50:00+00:00,-1,6878.25,6878.0,6872.0,6883.25,25,20,2025-11-03 15:00:00+00:00,6872.0,target,300.0,296.5,312.5
vwap_reversion,ES,trend_alignment,2025-11-03,2025-11-03 15:12:00+00:00,-1,6879.5,6879.25,6873.25,6884.5,25,20,2025-11-03 15:14:00+00:00,6873.25,target,300.0,296.5,312.5
vwap_reversion,ES,trend_alignment,2025-11-03,2025-11-03 15:58:00+00:00,-1,6878.5,6878.25,6872.25,6883.5,25,20,2025-11-03 16:00:00+00:00,6872.25,target,300.0,296.5,312.5
vwap_reversion,ES,trend_alignment,2025-11-04,2025-11-04 15:53:00+00:00,1,6833.5,6833.75,6839.75,6828.5,25,20,2025-11-04 15:56:00+00:00,6828.25,stop,-275.0,-278.5,312.5
vwap_reversion,ES,trend_alignment,2025-11-04,2025-11-04 15:57:00+00:00,1,6828.5,6828.75,6834.75,6823.5,25,20,2025-11-04 16:00:00+00:00,6834.75,target,300.0,296.5,312.5
vwap_reversion,ES,trend_alignment,2025-11-04,2025-11-04 16:02:00+00:00,1,6832.75,6833.0,6839.0,6827.75,25,20,2025-11-04 16:11:00+00:00,6827.5,stop,-275.0,-278.5,312.5
vwap_reversion,ES,trend_alignment,2025-11-06,2025-11-06 14:45:00+00:00,1,6812.75,6813.0,6819.0,6807.75,25,20,2025-11-06 14:50:00+00:00,6807.5,stop,-275.0,-278.5,312.5
vwap_reversion,ES,trend_alignment,2025-11-06,2025-11-06 19:06:00+00:00,-1,6775.75,6775.5,6769.5,6780.75,25,20,2025-11-06 19:08:00+00:00,6769.5,target,300.0,296.5,312.5
vwap_reversion,ES,trend_alignment,2025-11-06,2025-11-06 19:14:00+00:00,-1,6775.25,6775.0,6769.0,6780.25,25,20,2025-11-06 19:18:00+00:00,6769.0,target,300.0,296.5,312.5
vwap_reversion,ES,trend_alignment,2025-11-07,2025-11-07 14:56:00+00:00,-1,6708.75,6708.5,6702.5,6713.75,25,20,2025-11-07 15:00:00+00:00,6702.5,target,300.0,296.5,312.5
vwap_reversion,ES,trend_alignment,2025-11-07,2025-11-07 15:13:00+00:00,-1,6708.0,6707.75,6701.75,6713.0,25,20,2025-11-07 15:15:00+00:00,6713.25,stop,-275.0,-278.5,312.5
vwap_reversion,ES,trend_alignment,2025-11-07,2025-11-07 15:16:00+00:00,-1,6711.75,6711.5,6705.5,6716.75,25,20,2025-11-07 15:19:00+00:00,6705.5,target,300.0,296.5,312.5
vwap_reversion,ES,trend_alignment,2025-11-10,2025-11-10 15:43:00+00:00,1,6821.75,6822.0,6828.0,6816.75,25,20,2025-11-10 15:50:00+00:00,6816.5,stop,-275.0,-278.5,312.5
vwap_reversion,ES,trend_alignment,2025-11-10,2025-11-10 17:00:00+00:00,-1,6811.5,6811.25,6805.25,6816.5,25,20,2025-11-10 17:04:00+00:00,6816.75,stop,-275.0,-278.5,312.5
vwap_reversion,ES,trend_alignment,2025-11-10,2025-11-10 17:10:00+00:00,-1,6813.5,6813.25,6807.25,6818.5,25,20,2025-11-10 17:27:00+00:00,6818.75,stop,-275.0,-278.5,312.5
vwap_reversion,ES,trend_alignment,2025-11-11,2025-11-11 14:45:00+00:00,1,6845.5,6845.75,6851.75,6840.5,25,20,2025-11-11 14:50:00+00:00,6840.25,stop,-275.0,-278.5,312.5
vwap_reversion,ES,trend_alignment,2025-11-11,2025-11-11 14:55:00+00:00,1,6843.5,6843.75,6849.75,6838.5,25,20,2025-11-11 14:57:00+00:00,6849.75,target,300.0,296.5,312.5
vwap_reversion,ES,trend_alignment,2025-11-11,2025-11-11 14:58:00+00:00,1,6850.5,6850.75,6856.75,6845.5,25,20,2025-11-11 15:03:00+00:00,6845.25,stop,-275.0,-278.5,312.5
vwap_reversion,ES,trend_alignment,2025-11-12,2025-11-12 14:45:00+00:00,-1,6885.25,6885.0,6879.0,6890.25,25,20,2025-11-12 14:46:00+00:00,6879.0,target,300.0,296.5,312.5
vwap_reversion,ES,trend_alignment,2025-11-12,2025-11-12 14:53:00+00:00,-1,6881.5,6881.25,6875.25,6886.5,25,20,2025-11-12 14:55:00+00:00,6875.25,target,300.0,296.5,312.5
vwap_reversion,ES,trend_alignment,2025-11-12,2025-11-12 15:00:00+00:00,-1,6881.0,6880.75,6874.75,6886.0,25,20,2025-11-12 15:13:00+00:00,6874.75,target,300.0,296.5,312.5
vwap_reversion,ES,trend_alignment,2025-11-13,2025-11-13 15:08:00+00:00,-1,6838.0,6837.75,6831.75,6843.0,25,20,2025-11-13 15:12:00+00:00,6843.25,stop,-275.0,-278.5,312.5
vwap_reversion,ES,trend_alignment,2025-11-13,2025-11-13 15:13:00+00:00,-1,6844.75,6844.5,6838.5,6849.75,25,20,2025-11-13 15:16:00+00:00,6850.0,stop,-275.0,-278.5,312.5
vwap_reversion,ES,trend_alignment,2025-11-13,2025-11-13 15:17:00+00:00,-1,6843.25,6843.0,6837.0,6848.25,25,20,2025-11-13 15:22:00+00:00,6837.0,target,300.0,296.5,312.5
vwap_reversion,ES,trend_alignment,2025-11-14,2025-11-14 15:12:00+00:00,1,6711.0,6711.25,6717.25,6706.0,25,20,2025-11-14 15:15:00+00:00,6717.25,target,300.0,296.5,312.5
vwap_reversion,ES,trend_alignment,2025-11-14,2025-11-14 15:25:00+00:00,1,6714.75,6715.0,6721.0,6709.75,25,20,2025-11-14 15:26:00+00:00,6721.0,target,300.0,296.5,312.5
vwap_reversion,ES,trend_alignment,2025-11-14,2025-11-14 15:37:00+00:00,1,6742.75,6743.0,6749.0,6737.75,25,20,2025-11-14 15:40:00+00:00,6749.0,target,300.0,296.5,312.5
vwap_reversion,ES,trend_alignment,2025-11-17,2025-11-17 15:08:00+00:00,1,6747.5,6747.75,6753.75,6742.5,25,20,2025-11-17 15:09:00+00:00,6742.25,stop,-275.0,-278.5,312.5
vwap_reversion,ES,trend_alignment,2025-11-17,2025-11-17 15:10:00+00:00,1,6749.25,6749.5,6755.5,6744.25,25,20,2025-11-17 15:11:00+00:00,6755.5,target,300.0,296.5,312.5
vwap_reversion,ES,trend_alignment,2025-11-17,2025-11-17 15:19:00+00:00,1,6745.25,6745.5,6751.5,6740.25,25,20,2025-11-17 15:22:00+00:00,6751.5,target,300.0,296.5,312.5
vwap_reversion,ES,trend_alignment,2025-11-18,2025-11-18 14:45:00+00:00,1,6665.75,6666.0,6672.0,6660.75,25,20,2025-11-18 14:46:00+00:00,6660.5,stop,-275.0,-278.5,312.5
vwap_reversion,ES,trend_alignment,2025-11-18,2025-11-18 16:20:00+00:00,-1,6636.0,6635.75,6629.75,6641.0,25,20,2025-11-18 16:25:00+00:00,6641.25,stop,-275.0,-278.5,312.5
vwap_reversion,ES,trend_alignment,2025-11-18,2025-11-18 16:26:00+00:00,-1,6646.0,6645.75,6639.75,6651.0,25,20,2025-11-18 16:28:00+00:00,6651.25,stop,-275.0,-278.5,312.5
vwap_reversion,ES,trend_alignment,2025-11-19,2025-11-19 15:53:00+00:00,1,6674.25,6674.5,6680.5,6669.25,25,20,2025-11-19 15:56:00+00:00,6669.0,stop,-275.0,-278.5,312.5
vwap_reversion,ES,trend_alignment,2025-11-19,2025-11-19 15:57:00+00:00,1,6663.75,6664.0,6670.0,6658.75,25,20,2025-11-19 16:02:00+00:00,6670.0,target,300.0,296.5,312.5
vwap_reversion,ES,trend_alignment,2025-11-19,2025-11-19 16:03:00+00:00,1,6666.75,6667.0,6673.0,6661.75,25,20,2025-11-19 16:05:00+00:00,6661.5,stop,-275.0,-278.5,312.5
vwap_reversion,ES,trend_alignment,2025-11-20,2025-11-20 15:08:00+00:00,1,6767.25,6767.5,6773.5,6762.25,25,20,2025-11-20 15:10:00+00:00,6773.5,target,300.0,296.5,312.5
vwap_reversion,ES,trend_alignment,2025-11-20,2025-11-20 15:14:00+00:00,1,6767.0,6767.25,6773.25,6762.0,25,20,2025-11-20 15:18:00+00:00,6773.25,target,300.0,296.5,312.5
vwap_reversion,ES,trend_alignment,2025-11-20,2025-11-20 15:54:00+00:00,1,6769.25,6769.5,6775.5,6764.25,25,20,2025-11-20 15:59:00+00:00,6764.0,stop,-275.0,-278.5,312.5
vwap_reversion,ES,trend_alignment,2025-11-21,2025-11-21 14:45:00+00:00,-1,6569.25,6569.0,6563.0,6574.25,25,20,2025-11-21 14:46:00+00:00,6563.0,target,300.0,296.5,312.5
vwap_reversion,ES,trend_alignment,2025-11-21,2025-11-21 14:47:00+00:00,-1,6568.25,6568.0,6562.0,6573.25,25,20,2025-11-21 14:48:00+00:00,6573.5,stop,-275.0,-278.5,312.5
vwap_reversion,ES,trend_alignment,2025-11-21,2025-11-21 14:49:00+00:00,-1,6577.75,6577.5,6571.5,6582.75,25,20,2025-11-21 14:52:00+00:00,6583.0,stop,-275.0,-278.5,312.5
vwap_reversion,ES,trend_alignment,2025-11-24,2025-11-24 14:45:00+00:00,1,6664.25,6664.5,6670.5,6659.25,25,20,2025-11-24 14:46:00+00:00,6659.0,stop,-275.0,-278.5,312.5
vwap_reversion,ES,trend_alignment,2025-11-24,2025-11-24 14:52:00+00:00,1,6660.5,6660.75,6666.75,6655.5,25,20,2025-11-24 14:54:00+00:00,6666.75,target,300.0,296.5,312.5
vwap_reversion,ES,trend_alignment,2025-11-25,2025-11-25 14:58:00+00:00,-1,6714.5,6714.25,6708.25,6719.5,25,20,2025-11-25 14:59:00+00:00,6719.75,stop,-275.0,-278.5,312.5
vwap_reversion,ES,trend_alignment,2025-11-25,2025-11-25 15:00:00+00:00,-1,6716.0,6715.75,6709.75,6721.0,25,20,2025-11-25 15:01:00+00:00,6709.75,target,300.0,296.5,312.5
vwap_reversion,ES,trend_alignment,2025-11-25,2025-11-25 15:09:00+00:00,-1,6714.25,6714.0,6708.0,6719.25,25,20,2025-11-25 15:11:00+00:00,6708.0,target,300.0,296.5,312.5
vwap_reversion,ES,trend_alignment,2025-11-26,2025-11-26 14:58:00+00:00,1,6805.75,6806.0,6812.0,6800.75,25,20,2025-11-26 14:59:00+00:00,6800.5,stop,-275.0,-278.5,312.5
vwap_reversion,ES,trend_alignment,2025-11-26,2025-11-26 15:02:00+00:00,1,6805.25,6805.5,6811.5,6800.25,25,20,2025-11-26 15:08:00+00:00,6811.5,target,300.0,296.5,312.5
vwap_reversion,ES,trend_alignment,2025-11-26,2025-11-26 15:14:00+00:00,-1,6804.75,6804.5,6798.5,6809.75,25,20,2025-11-26 15:18:00+00:00,6810.0,stop,-275.0,-278.5,312.5
vwap_reversion,ES,trend_alignment,2025-12-01,2025-12-01 14:45:00+00:00,1,6823.0,6823.25,6829.25,6818.0,25,20,2025-12-01 14:47:00+00:00,6829.25,target,300.0,296.5,312.5
vwap_reversion,ES,trend_alignment,2025-12-01,2025-12-01 14:49:00+00:00,1,6827.0,6827.25,6833.25,6822.0,25,20,2025-12-01 14:51:00+00:00,6833.25,target,300.0,296.5,312.5
vwap_reversion,ES,trend_alignment,2025-12-01,2025-12-01 14:57:00+00:00,1,6841.75,6842.0,6848.0,6836.75,25,20,2025-12-01 14:58:00+00:00,6836.5,stop,-275.0,-278.5,312.5
vwap_reversion,ES,trend_alignment,2025-12-02,2025-12-02 14:53:00+00:00,-1,6841.75,6841.5,6835.5,6846.75,25,20,2025-12-02 14:57:00+00:00,6847.0,stop,-275.0,-278.5,312.5
vwap_reversion,ES,trend_alignment,2025-12-02,2025-12-02 15:32:00+00:00,-1,6838.75,6838.5,6832.5,6843.75,25,20,2025-12-02 15:40:00+00:00,6844.0,stop,-275.0,-278.5,312.5
vwap_reversion,ES,trend_alignment,2025-12-02,2025-12-02 16:15:00+00:00,-1,6838.5,6838.25,6832.25,6843.5,25,20,2025-12-02 16:16:00+00:00,6843.75,stop,-275.0,-278.5,312.5
vwap_reversion,ES,trend_alignment,2025-12-03,2025-12-03 14:45:00+00:00,1,6832.0,6832.25,6838.25,6827.0,25,20,2025-12-03 14:49:00+00:00,6826.75,stop,-275.0,-278.5,312.5
vwap_reversion,ES,trend_alignment,2025-12-03,2025-12-03 14:50:00+00:00,1,6832.0,6832.25,6838.25,6827.0,25,20,2025-12-03 14:51:00+00:00,6826.75,stop,-275.0,-278.5,312.5
vwap_reversion,ES,trend_alignment,2025-12-03,2025-12-03 14:54:00+00:00,1,6830.75,6831.0,6837.0,6825.75,25,20,2025-12-03 15:00:00+00:00,6837.0,target,300.0,296.5,312.5
vwap_reversion,ES,trend_alignment,2025-12-04,2025-12-04 15:38:00+00:00,-1,6867.5,6867.25,6861.25,6872.5,25,20,2025-12-04 15:47:00+00:00,6861.25,target,300.0,296.5,312.5
vwap_reversion,ES,trend_alignment,2025-12-04,2025-12-04 16:51:00+00:00,-1,6866.0,6865.75,6859.75,6871.0,25,20,2025-12-04 17:09:00+00:00,6859.75,target,300.0,296.5,312.5
vwap_reversion,ES,trend_alignment,2025-12-04,2025-12-04 17:37:00+00:00,-1,6866.0,6865.75,6859.75,6871.0,25,20,2025-12-04 18:07:00+00:00,6859.75,target,300.0,296.5,312.5
vwap_reversion,ES,trend_alignment,2025-12-05,2025-12-05 15:56:00+00:00,1,6885.5,6885.75,6891.75,6880.5,25,20,2025-12-05 16:00:00+00:00,6891.75,target,300.0,296.5,312.5
vwap_reversion,ES,trend_alignment,2025-12-05,2025-12-05 16:09:00+00:00,1,6885.0,6885.25,6891.25,6880.0,25,20,2025-12-05 16:15:00+00:00,6879.75,stop,-275.0,-278.5,312.5
vwap_reversion,ES,trend_alignment,2025-12-05,2025-12-05 16:16:00+00:00,1,6879.75,6880.0,6886.0,6874.75,25,20,2025-12-05 16:22:00+00:00,6886.0,target,300.0,296.5,312.5
vwap_reversion,ES,trend_alignment,2025-12-09,2025-12-09 17:52:00+00:00,1,6855.5,6855.75,6861.75,6850.5,25,20,2025-12-09 17:59:00+00:00,6861.75,target,300.0,296.5,312.5
vwap_reversion,ES,trend_alignment,2025-12-09,2025-12-09 18:44:00+00:00,1,6855.5,6855.75,6861.75,6850.5,25,20,2025-12-09 18:53:00+00:00,6861.75,target,300.0,296.5,312.5
vwap_reversion,ES,trend_alignment,2025-12-09,2025-12-09 19:35:00+00:00,1,6854.25,6854.5,6860.5,6849.25,25,20,2025-12-09 20:34:00+00:00,6849.0,stop,-275.0,-278.5,312.5
vwap_reversion,ES,trend_alignment,2025-12-11,2025-12-11 15:09:00+00:00,-1,6863.5,6863.25,6857.25,6868.5,25,20,2025-12-11 15:12:00+00:00,6868.75,stop,-275.0,-278.5,312.5
vwap_reversion,ES,trend_alignment,2025-12-11,2025-12-11 15:13:00+00:00,-1,6867.25,6867.0,6861.0,6872.25,25,20,2025-12-11 15:20:00+00:00,6872.5,stop,-275.0,-278.5,312.5
vwap_reversion,ES,trend_alignment,2025-12-11,2025-12-11 15:21:00+00:00,1,6876.5,6876.75,6882.75,6871.5,25,20,2025-12-11 15:27:00+00:00,6882.75,target,300.0,296.5,312.5
vwap_reversion,ES,trend_alignment,2025-12-12,2025-12-12 18:12:00+00:00,-1,6853.5,6853.25,6847.25,6858.5,25,20,2025-12-12 18:22:00+00:00,6847.25,target,300.0,296.5,312.5
vwap_reversion,ES,trend_alignment,2025-12-15,2025-12-15 14:50:00+00:00,-1,6845.0,6844.75,6838.75,6850.0,25,20,2025-12-15 14:57:00+00:00,6838.75,target,300.0,296.5,312.5
vwap_reversion,ES,trend_alignment,2025-12-15,2025-12-15 16:19:00+00:00,-1,6839.5,6839.25,6833.25,6844.5,25,20,2025-12-15 16:32:00+00:00,6833.25,target,300.0,296.5,312.5
vwap_reversion,ES,trend_alignment,2025-12-16,2025-12-16 14:47:00+00:00,1,6811.0,6811.25,6817.25,6806.0,25,20,2025-12-16 14:50:00+00:00,6817.25,target,300.0,296.5,312.5
vwap_reversion,ES,trend_alignment,2025-12-16,2025-12-16 14:53:00+00:00,1,6811.5,6811.75,6817.75,6806.5,25,20,2025-12-16 14:55:00+00:00,6817.75,target,300.0,296.5,312.5
vwap_reversion,ES,trend_alignment,2025-12-16,2025-12-16 15:02:00+00:00,1,6809.25,6809.5,6815.5,6804.25,25,20,2025-12-16 15:04:00+00:00,6804.0,gap_stop,-275.0,-278.5,312.5
vwap_reversion,ES,trend_alignment,2025-12-17,2025-12-17 14:49:00+00:00,-1,6851.0,6850.75,6844.75,6856.0,25,20,2025-12-17 14:55:00+00:00,6844.75,target,300.0,296.5,312.5
vwap_reversion,ES,trend_alignment,2025-12-17,2025-12-17 14:56:00+00:00,-1,6852.75,6852.5,6846.5,6857.75,25,20,2025-12-17 14:57:00+00:00,6858.0,stop,-275.0,-278.5,312.5
vwap_reversion,ES,trend_alignment,2025-12-17,2025-12-17 14:58:00+00:00,-1,6858.5,6858.25,6852.25,6863.5,25,20,2025-12-17 15:00:00+00:00,6852.25,target,300.0,296.5,312.5
vwap_reversion,ES,trend_alignment,2025-12-18,2025-12-18 14:46:00+00:00,-1,6832.25,6832.0,6826.0,6837.25,25,20,2025-12-18 14:48:00+00:00,6826.0,target,300.0,296.5,312.5
vwap_reversion,ES,trend_alignment,2025-12-18,2025-12-18 14:51:00+00:00,-1,6829.75,6829.5,6823.5,6834.75,25,20,2025-12-18 14:52:00+00:00,6835.0,stop,-275.0,-278.5,312.5
vwap_reversion,ES,trend_alignment,2025-12-18,2025-12-18 14:53:00+00:00,-1,6835.0,6834.75,6828.75,6840.0,25,20,2025-12-18 14:54:00+00:00,6840.25,stop,-275.0,-278.5,312.5
vwap_reversion,ES,trend_alignment,2025-12-22,2025-12-22 14:45:00+00:00,-1,6914.25,6914.0,6908.0,6919.25,25,20,2025-12-22 14:48:00+00:00,6919.5,stop,-275.0,-278.5,312.5
vwap_reversion,ES,trend_alignment,2025-12-22,2025-12-22 14:49:00+00:00,-1,6916.0,6915.75,6909.75,6921.0,25,20,2025-12-22 14:51:00+00:00,6921.25,stop,-275.0,-278.5,312.5
vwap_reversion,ES,trend_alignment,2025-12-22,2025-12-22 14:52:00+00:00,-1,6918.0,6917.75,6911.75,6923.0,25,20,2025-12-22 14:54:00+00:00,6923.25,stop,-275.0,-278.5,312.5
vwap_reversion,ES,trend_alignment,2025-12-23,2025-12-23 15:03:00+00:00,1,6926.25,6926.5,6932.5,6921.25,25,20,2025-12-23 15:16:00+00:00,6932.5,target,300.0,296.5,312.5
vwap_reversion,ES,trend_alignment,2025-12-29,2025-12-29 14:45:00+00:00,1,6953.25,6953.5,6959.5,6948.25,25,20,2025-12-29 15:06:00+00:00,6948.0,stop,-275.0,-278.5,312.5
vwap_reversion,ES,trend_alignment,2025-12-29,2025-12-29 15:21:00+00:00,1,6952.0,6952.25,6958.25,6947.0,25,20,2025-12-29 15:35:00+00:00,6958.25,target,300.0,296.5,312.5
vwap_reversion,ES,trend_alignment,2025-12-29,2025-12-29 15:36:00+00:00,1,6956.75,6957.0,6963.0,6951.75,25,20,2025-12-29 15:49:00+00:00,6951.5,stop,-275.0,-278.5,312.5
vwap_reversion,ES,trend_alignment,2025-12-31,2025-12-31 18:56:00+00:00,-1,6932.75,6932.5,6926.5,6937.75,25,20,2025-12-31 19:20:00+00:00,6926.5,target,300.0,296.5,312.5
vwap_reversion,ES,trend_alignment,2026-01-02,2026-01-02 14:45:00+00:00,-1,6920.5,6920.25,6914.25,6925.5,25,20,2026-01-02 14:47:00+00:00,6925.75,stop,-275.0,-278.5,312.5
vwap_reversion,ES,trend_alignment,2026-01-02,2026-01-02 15:10:00+00:00,-1,6926.75,6926.5,6920.5,6931.75,25,20,2026-01-02 15:12:00+00:00,6920.5,target,300.0,296.5,312.5
vwap_reversion,ES,trend_alignment,2026-01-02,2026-01-02 15:15:00+00:00,-1,6910.0,6909.75,6903.75,6915.0,25,20,2026-01-02 15:20:00+00:00,6903.75,target,300.0,296.5,312.5
vwap_reversion,ES,trend_alignment,2026-01-06,2026-01-06 15:55:00+00:00,1,6956.5,6956.75,6962.75,6951.5,25,20,2026-01-06 16:07:00+00:00,6951.25,stop,-275.0,-278.5,312.5
vwap_reversion,ES,trend_alignment,2026-01-06,2026-01-06 16:09:00+00:00,1,6956.0,6956.25,6962.25,6951.0,25,20,2026-01-06 16:24:00+00:00,6962.25,target,300.0,296.5,312.5
vwap_reversion,ES,trend_alignment,2026-01-06,2026-01-06 16:43:00+00:00,1,6954.5,6954.75,6960.75,6949.5,25,20,2026-01-06 16:49:00+00:00,6960.75,target,300.0,296.5,312.5
vwap_reversion,ES,trend_alignment,2026-01-08,2026-01-08 14:47:00+00:00,1,6954.25,6954.5,6960.5,6949.25,25,20,2026-01-08 14:50:00+00:00,6949.0,stop,-275.0,-278.5,312.5
vwap_reversion,ES,trend_alignment,2026-01-08,2026-01-08 14:52:00+00:00,1,6954.75,6955.0,6961.0,6949.75,25,20,2026-01-08 14:57:00+00:00,6949.5,stop,-275.0,-278.5,312.5
vwap_reversion,ES,trend_alignment,2026-01-08,2026-01-08 15:05:00+00:00,1,6956.5,6956.75,6962.75,6951.5,25,20,2026-01-08 15:08:00+00:00,6962.75,target,300.0,296.5,312.5
vwap_reversion,ES,trend_alignment,2026-01-12,2026-01-12 14:45:00+00:00,1,6989.75,6990.0,6996.0,6984.75,25,20,2026-01-12 14:50:00+00:00,6996.0,target,300.0,296.5,312.5
vwap_reversion,ES,trend_alignment,2026-01-12,2026-01-12 14:52:00+00:00,1,6997.25,6997.5,7003.5,6992.25,25,20,2026-01-12 15:58:00+00:00,7003.5,target,300.0,296.5,312.5
vwap_reversion,ES,trend_alignment,2026-01-13,2026-01-13 16:42:00+00:00,-1,7008.75,7008.5,7002.5,7013.75,25,20,2026-01-13 16:51:00+00:00,7014.0,stop,-275.0,-278.5,312.5
vwap_reversion,ES,trend_alignment,2026-01-13,2026-01-13 16:52:00+00:00,-1,7013.5,7013.25,7007.25,7018.5,25,20,2026-01-13 17:16:00+00:00,7007.25,target,300.0,296.5,312.5
vwap_reversion,ES,trend_alignment,2026-01-13,2026-01-13 17:22:00+00:00,-1,7010.5,7010.25,7004.25,7015.5,25,20,2026-01-13 17:31:00+00:00,7004.25,target,300.0,296.5,312.5
vwap_reversion,ES,trend_alignment,2026-01-14,2026-01-14 15:14:00+00:00,-1,6968.0,6967.75,6961.75,6973.0,25,20,2026-01-14 15:20:00+00:00,6961.75,target,300.0,296.5,312.5
vwap_reversion,ES,trend_alignment,2026-01-14,2026-01-14 20:05:00+00:00,-1,6953.25,6953.0,6947.0,6958.25,25,20,2026-01-14 20:07:00+00:00,6958.5,stop,-275.0,-278.5,312.5
vwap_reversion,ES,trend_alignment,2026-01-14,2026-01-14 20:08:00+00:00,-1,6957.0,6956.75,6950.75,6962.0,25,20,2026-01-14 20:12:00+00:00,6950.75,target,300.0,296.5,312.5
vwap_reversion,ES,trend_alignment,2026-01-15,2026-01-15 14:45:00+00:00,-1,7001.5,7001.25,6995.25,7006.5,25,20,2026-01-15 14:48:00+00:00,7006.75,stop,-275.0,-278.5,312.5
vwap_reversion,ES,trend_alignment,2026-01-15,2026-01-15 14:49:00+00:00,-1,7005.25,7005.0,6999.0,7010.25,25,20,2026-01-15 14:50:00+00:00,6999.0,target,300.0,296.5,312.5
vwap_reversion,ES,trend_alignment,2026-01-15,2026-01-15 14:53:00+00:00,-1,7000.25,7000.0,6994.0,7005.25,25,20,2026-01-15 14:55:00+00:00,7005.5,stop,-275.0,-278.5,312.5
vwap_reversion,ES,trend_alignment,2026-01-16,2026-01-16 14:45:00+00:00,-1,6995.5,6995.25,6989.25,7000.5,25,20,2026-01-16 14:53:00+00:00,6989.25,target,300.0,296.5,312.5
vwap_reversion,ES,trend_alignment,2026-01-16,2026-01-16 16:30:00+00:00,-1,6990.0,6989.75,6983.75,6995.0,25,20,2026-01-16 16:45:00+00:00,6995.25,stop,-275.0,-278.5,312.5
vwap_reversion,ES,trend_alignment,2026-01-16,2026-01-16 16:46:00+00:00,-1,6994.0,6993.75,6987.75,6999.0,25,20,2026-01-16 16:55:00+00:00,6987.75,target,300.0,296.5,312.5
vwap_reversion,ES,trend_alignment,2026-01-19,2026-01-19 14:56:00+00:00,1,6897.5,6897.75,6903.75,6892.5,25,20,2026-01-19 15:04:00+00:00,6903.75,target,300.0,296.5,312.5
vwap_reversion,ES,trend_alignment,2026-01-19,2026-01-19 15:09:00+00:00,1,6900.75,6901.0,6907.0,6895.75,25,20,2026-01-19 15:22:00+00:00,6895.5,stop,-275.0,-278.5,312.5
vwap_reversion,ES,trend_alignment,2026-01-19,2026-01-19 15:24:00+00:00,1,6897.25,6897.5,6903.5,6892.25,25,20,2026-01-19 16:03:00+00:00,6903.5,target,300.0,296.5,312.5
vwap_reversion,ES,trend_alignment,2026-01-20,2026-01-20 14:45:00+00:00,1,6883.5,6883.75,6889.75,6878.5,25,20,2026-01-20 14:46:00+00:00,6878.25,stop,-275.0,-278.5,312.5
vwap_reversion,ES,trend_alignment,2026-01-20,2026-01-20 14:47:00+00:00,1,6875.75,6876.0,6882.0,6870.75,25,20,2026-01-20 14:50:00+00:00,6882.0,target,300.0,296.5,312.5
vwap_reversion,ES,trend_alignment,2026-01-20,2026-01-20 14:52:00+00:00,1,6886.25,6886.5,6892.5,6881.25,25,20,2026-01-20 14:53:00+00:00,6881.0,stop,-275.0,-278.5,312.5
vwap_reversion,ES,trend_alignment,2026-01-21,2026-01-21 16:39:00+00:00,1,6875.5,6875.75,6881.75,6870.5,25,20,2026-01-21 16:42:00+00:00,6870.25,stop,-275.0,-278.5,312.5
vwap_reversion,ES,trend_alignment,2026-01-21,2026-01-21 16:43:00+00:00,1,6874.75,6875.0,6881.0,6869.75,25,20,2026-01-21 16:44:00+00:00,6869.5,stop,-275.0,-278.5,312.5
vwap_reversion,ES,trend_alignment,2026-01-21,2026-01-21 16:45:00+00:00,1,6869.25,6869.5,6875.5,6864.25,25,20,2026-01-21 16:49:00+00:00,6875.5,target,300.0,296.5,312.5
vwap_reversion,ES,trend_alignment,2026-01-22,2026-01-22 15:01:00+00:00,-1,6930.25,6930.0,6924.0,6935.25,25,20,2026-01-22 15:16:00+00:00,6935.5,stop,-275.0,-278.5,312.5
vwap_reversion,ES,trend_alignment,2026-01-22,2026-01-22 15:17:00+00:00,-1,6928.5,6928.25,6922.25,6933.5,25,20,2026-01-22 15:18:00+00:00,6933.75,stop,-275.0,-278.5,312.5
vwap_reversion,ES,trend_alignment,2026-01-22,2026-01-22 15:20:00+00:00,-1,6937.75,6937.5,6931.5,6942.75,25,20,2026-01-22 15:24:00+00:00,6931.5,target,300.0,296.5,312.5
vwap_reversion,ES,trend_alignment,2026-01-23,2026-01-23 14:45:00+00:00,1,6935.75,6936.0,6942.0,6930.75,25,20,2026-01-23 14:47:00+00:00,6930.5,stop,-275.0,-278.5,312.5
vwap_reversion,ES,trend_alignment,2026-01-23,2026-01-23 14:56:00+00:00,1,6937.0,6937.25,6943.25,6932.0,25,20,2026-01-23 15:00:00+00:00,6943.25,target,300.0,296.5,312.5
vwap_reversion,ES,trend_alignment,2026-01-23,2026-01-23 15:18:00+00:00,1,6938.0,6938.25,6944.25,6933.0,25,20,2026-01-23 15:20:00+00:00,6944.25,target,300.0,296.5,312.5
vwap_reversion,ES,trend_alignment,2026-01-28,2026-01-28 15:01:00+00:00,-1,7022.5,7022.25,7016.25,7027.5,25,20,2026-01-28 15:10:00+00:00,7016.25,target,300.0,296.5,312.5
vwap_reversion,ES,trend_alignment,2026-01-28,2026-01-28 15:12:00+00:00,-1,7015.0,7014.75,7008.75,7020.0,25,20,2026-01-28 15:16:00+00:00,7020.25,stop,-275.0,-278.5,312.5
vwap_reversion,ES,trend_alignment,2026-01-28,2026-01-28 15:19:00+00:00,-1,7017.5,7017.25,7011.25,7022.5,25,20,2026-01-28 15:24:00+00:00,7022.75,stop,-275.0,-278.5,312.5
vwap_reversion,ES,trend_alignment,2026-01-29,2026-01-29 17:12:00+00:00,-1,6952.25,6952.0,6946.0,6957.25,25,20,2026-01-29 17:14:00+00:00,6957.5,stop,-275.0,-278.5,312.5
vwap_reversion,ES,trend_alignment,2026-01-29,2026-01-29 17:15:00+00:00,-1,6958.5,6958.25,6952.25,6963.5,25,20,2026-01-29 17:24:00+00:00,6963.75,stop,-275.0,-278.5,312.5
vwap_reversion,ES,trend_alignment,2026-01-29,2026-01-29 17:25:00+00:00,-1,6961.25,6961.0,6955.0,6966.25,25,20,2026-01-29 17:37:00+00:00,6966.5,stop,-275.0,-278.5,312.5
vwap_reversion,ES,trend_alignment,2026-01-30,2026-01-30 14:45:00+00:00,1,6971.0,6971.25,6977.25,6966.0,25,20,2026-01-30 14:49:00+00:00,6977.25,target,300.0,296.5,312.5
vwap_reversion,ES,trend_alignment,2026-01-30,2026-01-30 14:50:00+00:00,1,6977.0,6977.25,6983.25,6972.0,25,20,2026-01-30 14:53:00+00:00,6971.75,stop,-275.0,-278.5,312.5
vwap_reversion,ES,trend_alignment,2026-01-30,2026-01-30 14:54:00+00:00,1,6971.5,6971.75,6977.75,6966.5,25,20,2026-01-30 14:56:00+00:00,6977.75,target,300.0,296.5,312.5
vwap_reversion,ES,trend_alignment,2026-02-03,2026-02-03 14:47:00+00:00,-1,7005.5,7005.25,6999.25,7010.5,25,20,2026-02-03 14:53:00+00:00,6999.25,target,300.0,296.5,312.5
vwap_reversion,ES,trend_alignment,2026-02-04,2026-02-04 15:23:00+00:00,-1,6945.75,6945.5,6939.5,6950.75,25,20,2026-02-04 15:25:00+00:00,6951.0,stop,-275.0,-278.5,312.5
vwap_reversion,ES,trend_alignment,2026-02-04,2026-02-04 19:46:00+00:00,-1,6919.25,6919.0,6913.0,6924.25,25,20,2026-02-04 19:48:00+00:00,6924.5,stop,-275.0,-278.5,312.5
vwap_reversion,ES,trend_alignment,2026-02-04,2026-02-04 19:51:00+00:00,-1,6921.0,6920.75,6914.75,6926.0,25,20,2026-02-04 19:52:00+00:00,6926.25,stop,-275.0,-278.5,312.5
vwap_reversion,ES,trend_alignment,2026-02-05,2026-02-05 14:53:00+00:00,1,6863.0,6863.25,6869.25,6858.0,25,20,2026-02-05 14:54:00+00:00,6869.25,target,300.0,296.5,312.5
vwap_reversion,ES,trend_alignment,2026-02-05,2026-02-05 14:55:00+00:00,1,6857.75,6858.0,6864.0,6852.75,25,20,2026-02-05 14:56:00+00:00,6852.5,stop,-275.0,-278.5,312.5
vwap_reversion,ES,trend_alignment,2026-02-05,2026-02-05 16:28:00+00:00,-1,6840.0,6839.75,6833.75,6845.0,25,20,2026-02-05 16:30:00+00:00,6845.25,stop,-275.0,-278.5,312.5
vwap_reversion,ES,trend_alignment,2026-02-06,2026-02-06 15:06:00+00:00,1,6877.25,6877.5,6883.5,6872.25,25,20,2026-02-06 15:09:00+00:00,6883.5,target,300.0,296.5,312.5
vwap_reversion,ES,trend_alignment,2026-02-06,2026-02-06 15:14:00+00:00,1,6879.25,6879.5,6885.5,6874.25,25,20,2026-02-06 15:16:00+00:00,6874.0,stop,-275.0,-278.5,312.5
vwap_reversion,ES,trend_alignment,2026-02-11,2026-02-11 14:45:00+00:00,-1,7000.75,7000.5,6994.5,7005.75,25,20,2026-02-11 14:46:00+00:00,6994.5,target,300.0,296.5,312.5
vwap_reversion,ES,trend_alignment,2026-02-11,2026-02-11 14:47:00+00:00,-1,6996.5,6996.25,6990.25,7001.5,25,20,2026-02-11 14:50:00+00:00,6990.25,target,300.0,296.5,312.5
vwap_reversion,ES,trend_alignment,2026-02-11,2026-02-11 14:51:00+00:00,-1,6993.5,6993.25,6987.25,6998.5,25,20,2026-02-11 14:56:00+00:00,6987.25,target,300.0,296.5,312.5
vwap_reversion,ES,trend_alignment,2026-02-12,2026-02-12 14:54:00+00:00,-1,6976.5,6976.25,6970.25,6981.5,25,20,2026-02-12 14:56:00+00:00,6970.25,target,300.0,296.5,312.5
vwap_reversion,ES,trend_alignment,2026-02-12,2026-02-12 14:57:00+00:00,-1,6967.75,6967.5,6961.5,6972.75,25,20,2026-02-12 15:01:00+00:00,6973.0,stop,-275.0,-278.5,312.5
vwap_reversion,ES,trend_alignment,2026-02-12,2026-02-12 15:05:00+00:00,-1,6966.25,6966.0,6960.0,6971.25,25,20,2026-02-12 15:06:00+00:00,6971.5,stop,-275.0,-278.5,312.5
vwap_reversion,ES,trend_alignment,2026-02-13,2026-02-13 20:14:00+00:00,1,6856.0,6856.25,6862.25,6851.0,25,20,2026-02-13 20:25:00+00:00,6850.75,stop,-275.0,-278.5,312.5
vwap_reversion,ES,trend_alignment,2026-02-17,2026-02-17 14:45:00+00:00,1,6835.25,6835.5,6841.5,6830.25,25,20,2026-02-17 14:46:00+00:00,6841.5,target,300.0,296.5,312.5
vwap_reversion,ES,trend_alignment,2026-02-17,2026-02-17 14:48:00+00:00,1,6836.0,6836.25,6842.25,6831.0,25,20,2026-02-17 14:49:00+00:00,6830.75,stop,-275.0,-278.5,312.5
vwap_reversion,ES,trend_alignment,2026-02-17,2026-02-17 16:01:00+00:00,-1,6829.75,6829.5,6823.5,6834.75,25,20,2026-02-17 16:05:00+00:00,6835.0,stop,-275.0,-278.5,312.5
vwap_reversion,ES,trend_alignment,2026-02-18,2026-02-18 14:49:00+00:00,-1,6871.0,6870.75,6864.75,6876.0,25,20,2026-02-18 14:52:00+00:00,6876.25,stop,-275.0,-278.5,312.5
vwap_reversion,ES,trend_alignment,2026-02-18,2026-02-18 18:52:00+00:00,1,6896.75,6897.0,6903.0,6891.75,25,20,2026-02-18 18:54:00+00:00,6903.0,target,300.0,296.5,312.5
vwap_reversion,ES,trend_alignment,2026-02-18,2026-02-18 19:15:00+00:00,1,6897.0,6897.25,6903.25,6892.0,25,20,2026-02-18 19:31:00+00:00,6891.75,stop,-275.0,-278.5,312.5
vwap_reversion,ES,trend_alignment,2026-02-19,2026-02-19 14:46:00+00:00,1,6874.0,6874.25,6880.25,6869.0,25,20,2026-02-19 14:48:00+00:00,6868.75,stop,-275.0,-278.5,312.5
vwap_reversion,ES,trend_alignment,2026-02-19,2026-02-19 14:49:00+00:00,1,6873.25,6873.5,6879.5,6868.25,25,20,2026-02-19 14:52:00+00:00,6879.5,target,300.0,296.5,312.5
vwap_reversion,ES,trend_alignment,2026-02-19,2026-02-19 14:53:00+00:00,1,6884.75,6885.0,6891.0,6879.75,25,20,2026-02-19 14:54:00+00:00,6879.5,stop,-275.0,-278.5,312.5
vwap_reversion,ES,trend_alignment,2026-02-20,2026-02-20 14:51:00+00:00,1,6866.0,6866.25,6872.25,6861.0,25,20,2026-02-20 14:53:00+00:00,6872.25,target,300.0,296.5,312.5
vwap_reversion,ES,trend_alignment,2026-02-20,2026-02-20 15:16:00+00:00,1,6873.5,6873.75,6879.75,6868.5,25,20,2026-02-20 15:17:00+00:00,6879.75,target,300.0,296.5,312.5
vwap_reversion,ES,trend_alignment,2026-02-20,2026-02-20 17:18:00+00:00,1,6883.0,6883.25,6889.25,6878.0,25,20,2026-02-20 17:20:00+00:00,6877.75,stop,-275.0,-278.5,312.5
vwap_reversion,ES,trend_alignment,2026-02-23,2026-02-23 14:50:00+00:00,1,6908.25,6908.5,6914.5,6903.25,25,20,2026-02-23 14:52:00+00:00,6903.0,stop,-275.0,-278.5,312.5
vwap_reversion,ES,trend_alignment,2026-02-25,2026-02-25 15:10:00+00:00,1,6933.0,6933.25,6939.25,6928.0,25,20,2026-02-25 15:28:00+00:00,6939.25,target,300.0,296.5,312.5
vwap_reversion,ES,trend_alignment,2026-02-25,2026-02-25 15:35:00+00:00,1,6932.25,6932.5,6938.5,6927.25,25,20,2026-02-25 16:00:00+00:00,6938.5,target,300.0,296.5,312.5
vwap_reversion,ES,trend_alignment,2026-02-26,2026-02-26 19:09:00+00:00,-1,6912.0,6911.75,6905.75,6917.0,25,20,2026-02-26 19:16:00+00:00,6917.25,stop,-275.0,-278.5,312.5
vwap_reversion,ES,trend_alignment,2026-02-26,2026-02-26 19:17:00+00:00,-1,6917.0,6916.75,6910.75,6922.0,25,20,2026-02-26 19:47:00+00:00,6922.25,stop,-275.0,-278.5,312.5
vwap_reversion,ES,trend_alignment,2026-02-26,2026-02-26 19:48:00+00:00,-1,6923.25,6923.0,6917.0,6928.25,25,20,2026-02-26 20:00:00+00:00,6917.0,target,300.0,296.5,312.5
vwap_reversion,ES,trend_alignment,2026-02-27,2026-02-27 14:46:00+00:00,1,6859.0,6859.25,6865.25,6854.0,25,20,2026-02-27 14:47:00+00:00,6853.75,stop,-275.0,-278.5,312.5
vwap_reversion,ES,trend_alignment,2026-02-27,2026-02-27 14:48:00+00:00,1,6860.5,6860.75,6866.75,6855.5,25,20,2026-02-27 14:50:00+00:00,6855.25,stop,-275.0,-278.5,312.5
vwap_reversion,ES,trend_alignment,2026-02-27,2026-02-27 14:51:00+00:00,1,6858.25,6858.5,6864.5,6853.25,25,20,2026-02-27 14:53:00+00:00,6853.0,stop,-275.0,-278.5,312.5
vwap_reversion,ES,trend_alignment,2026-03-02,2026-03-02 15:00:00+00:00,1,6844.5,6844.75,6850.75,6839.5,25,20,2026-03-02 15:01:00+00:00,6850.75,target,300.0,296.5,312.5
vwap_reversion,ES,trend_alignment,2026-03-02,2026-03-02 15:03:00+00:00,1,6867.25,6867.5,6873.5,6862.25,25,20,2026-03-02 15:08:00+00:00,6873.5,target,300.0,296.5,312.5
vwap_reversion,ES,trend_alignment,2026-03-02,2026-03-02 15:09:00+00:00,1,6866.25,6866.5,6872.5,6861.25,25,20,2026-03-02 15:11:00+00:00,6872.5,target,300.0,296.5,312.5
vwap_reversion,ES,trend_alignment,2026-03-03,2026-03-03 16:04:00+00:00,-1,6757.0,6756.75,6750.75,6762.0,25,20,2026-03-03 16:05:00+00:00,6762.25,stop,-275.0,-278.5,312.5
vwap_reversion,ES,trend_alignment,2026-03-03,2026-03-03 16:06:00+00:00,-1,6765.25,6765.0,6759.0,6770.25,25,20,2026-03-03 16:08:00+00:00,6770.5,stop,-275.0,-278.5,312.5
vwap_reversion,ES,trend_alignment,2026-03-03,2026-03-03 16:09:00+00:00,-1,6768.25,6768.0,6762.0,6773.25,25,20,2026-03-03 16:13:00+00:00,6773.5,stop,-275.0,-278.5,312.5
vwap_reversion,ES,trend_alignment,2026-03-04,2026-03-04 14:48:00+00:00,-1,6833.0,6832.75,6826.75,6838.0,25,20,2026-03-04 14:49:00+00:00,6838.25,stop,-275.0,-278.5,312.5
vwap_reversion,ES,trend_alignment,2026-03-04,2026-03-04 14:51:00+00:00,-1,6831.25,6831.0,6825.0,6836.25,25,20,2026-03-04 14:52:00+00:00,6836.5,stop,-275.0,-278.5,312.5
vwap_reversion,ES,trend_alignment,2026-03-04,2026-03-04 14:53:00+00:00,-1,6837.25,6837.0,6831.0,6842.25,25,20,2026-03-04 14:55:00+00:00,6831.0,target,300.0,296.5,312.5
vwap_reversion,ES,trend_alignment,2026-03-05,2026-03-05 14:45:00+00:00,1,6844.75,6845.0,6851.0,6839.75,25,20,2026-03-05 14:47:00+00:00,6851.0,target,300.0,296.5,312.5
vwap_reversion,ES,trend_alignment,2026-03-05,2026-03-05 14:48:00+00:00,1,6857.5,6857.75,6863.75,6852.5,25,20,2026-03-05 14:49:00+00:00,6852.25,stop,-275.0,-278.5,312.5
vwap_reversion,ES,trend_alignment,2026-03-05,2026-03-05 14:50:00+00:00,1,6855.25,6855.5,6861.5,6850.25,25,20,2026-03-05 14:55:00+00:00,6861.5,target,300.0,296.5,312.5
vwap_reversion,ES,trend_alignment,2026-03-06,2026-03-06 15:00:00+00:00,-1,6740.5,6740.25,6734.25,6745.5,25,20,2026-03-06 15:01:00+00:00,6745.75,stop,-275.0,-278.5,312.5
vwap_reversion,ES,trend_alignment,2026-03-06,2026-03-06 15:02:00+00:00,-1,6746.5,6746.25,6740.25,6751.5,25,20,2026-03-06 15:03:00+00:00,6740.25,target,300.0,296.5,312.5
vwap_reversion,ES,trend_alignment,2026-03-06,2026-03-06 15:04:00+00:00,-1,6746.25,6746.0,6740.0,6751.25,25,20,2026-03-06 15:05:00+00:00,6740.0,target,300.0,296.5,312.5
vwap_reversion,ES,trend_alignment,2026-03-09,2026-03-09 14:04:00+00:00,-1,6675.75,6675.5,6669.5,6680.75,25,20,2026-03-09 14:05:00+00:00,6669.5,target,300.0,296.5,312.5
vwap_reversion,ES,trend_alignment,2026-03-09,2026-03-09 14:22:00+00:00,-1,6670.0,6669.75,6663.75,6675.0,25,20,2026-03-09 14:26:00+00:00,6663.75,target,300.0,296.5,312.5
vwap_reversion,ES,trend_alignment,2026-03-09,2026-03-09 14:35:00+00:00,-1,6668.75,6668.5,6662.5,6673.75,25,20,2026-03-09 14:36:00+00:00,6674.0,stop,-275.0,-278.5,312.5
vwap_reversion,ES,trend_alignment,2026-03-10,2026-03-10 14:22:00+00:00,-1,6792.0,6791.75,6785.75,6797.0,25,20,2026-03-10 14:26:00+00:00,6797.25,stop,-275.0,-278.5,312.5
vwap_reversion,ES,trend_alignment,2026-03-10,2026-03-10 14:27:00+00:00,-1,6793.5,6793.25,6787.25,6798.5,25,20,2026-03-10 14:28:00+00:00,6798.75,stop,-275.0,-278.5,312.5
vwap_reversion,ES,trend_alignment,2026-03-10,2026-03-10 14:29:00+00:00,-1,6794.0,6793.75,6787.75,6799.0,25,20,2026-03-10 14:30:00+00:00,6799.25,stop,-275.0,-278.5,312.5
vwap_reversion,ES,trend_alignment,2026-03-12,2026-03-12 14:03:00+00:00,-1,6723.0,6722.75,6716.75,6728.0,25,20,2026-03-12 14:05:00+00:00,6716.75,target,300.0,296.5,312.5
vwap_reversion,ES,trend_alignment,2026-03-12,2026-03-12 14:12:00+00:00,-1,6725.75,6725.5,6719.5,6730.75,25,20,2026-03-12 14:16:00+00:00,6719.5,target,300.0,296.5,312.5
vwap_reversion,ES,trend_alignment,2026-03-12,2026-03-12 14:46:00+00:00,-1,6718.5,6718.25,6712.25,6723.5,25,20,2026-03-12 14:47:00+00:00,6712.25,target,300.0,296.5,312.5
vwap_reversion,ES,trend_alignment,2026-03-13,2026-03-13 14:02:00+00:00,1,6712.5,6712.75,6718.75,6707.5,25,20,2026-03-13 14:05:00+00:00,6718.75,target,300.0,296.5,312.5
vwap_reversion,ES,trend_alignment,2026-03-13,2026-03-13 14:07:00+00:00,1,6710.75,6711.0,6717.0,6705.75,25,20,2026-03-13 14:09:00+00:00,6705.5,stop,-275.0,-278.5,312.5
vwap_reversion,ES,trend_alignment,2026-03-13,2026-03-13 14:17:00+00:00,-1,6693.5,6693.25,6687.25,6698.5,25,20,2026-03-13 14:20:00+00:00,6698.75,stop,-275.0,-278.5,312.5
vwap_reversion,ES,trend_alignment,2026-03-16,2026-03-16 14:33:00+00:00,1,6706.5,6706.75,6712.75,6701.5,25,20,2026-03-16 14:38:00+00:00,6701.25,stop,-275.0,-278.5,312.5
vwap_reversion,ES,trend_alignment,2026-03-16,2026-03-16 14:39:00+00:00,1,6697.5,6697.75,6703.75,6692.5,25,20,2026-03-16 14:47:00+00:00,6692.25,stop,-275.0,-278.5,312.5
vwap_reversion,ES,trend_alignment,2026-03-16,2026-03-16 14:51:00+00:00,1,6698.75,6699.0,6705.0,6693.75,25,20,2026-03-16 14:54:00+00:00,6705.0,target,300.0,296.5,312.5
vwap_reversion,ES,trend_alignment,2026-03-17,2026-03-17 14:11:00+00:00,1,6738.5,6738.75,6744.75,6733.5,25,20,2026-03-17 14:15:00+00:00,6733.25,stop,-275.0,-278.5,312.5
vwap_reversion,ES,trend_alignment,2026-03-17,2026-03-17 14:19:00+00:00,1,6739.0,6739.25,6745.25,6734.0,25,20,2026-03-17 14:25:00+00:00,6733.75,stop,-275.0,-278.5,312.5
vwap_reversion,ES,trend_alignment,2026-03-17,2026-03-17 14:29:00+00:00,1,6738.5,6738.75,6744.75,6733.5,25,20,2026-03-17 14:31:00+00:00,6733.25,stop,-275.0,-278.5,312.5
vwap_reversion,ES,trend_alignment,2026-03-18,2026-03-18 14:02:00+00:00,-1,6745.75,6745.5,6739.5,6750.75,25,20,2026-03-18 14:04:00+00:00,6751.0,stop,-275.0,-278.5,312.5
vwap_reversion,ES,trend_alignment,2026-03-18,2026-03-18 14:05:00+00:00,-1,6745.5,6745.25,6739.25,6750.5,25,20,2026-03-18 14:06:00+00:00,6750.75,stop,-275.0,-278.5,312.5
vwap_reversion,ES,trend_alignment,2026-03-18,2026-03-18 14:10:00+00:00,-1,6745.25,6745.0,6739.0,6750.25,25,20,2026-03-18 14:13:00+00:00,6739.0,target,300.0,296.5,312.5
vwap_reversion,ES,trend_alignment,2026-03-19,2026-03-19 14:15:00+00:00,1,6638.75,6639.0,6645.0,6633.75,25,20,2026-03-19 14:19:00+00:00,6633.5,stop,-275.0,-278.5,312.5
vwap_reversion,ES,trend_alignment,2026-03-19,2026-03-19 14:21:00+00:00,1,6631.75,6632.0,6638.0,6626.75,25,20,2026-03-19 14:25:00+00:00,6626.5,stop,-275.0,-278.5,312.5
vwap_reversion,ES,trend_alignment,2026-03-19,2026-03-19 14:31:00+00:00,1,6633.25,6633.5,6639.5,6628.25,25,20,2026-03-19 14:32:00+00:00,6639.5,target,300.0,296.5,312.5
vwap_reversion,ES,trend_alignment,2026-03-20,2026-03-20 13:45:00+00:00,-1,6640.0,6639.75,6633.75,6645.0,25,20,2026-03-20 13:46:00+00:00,6633.75,target,300.0,296.5,312.5
vwap_reversion,ES,trend_alignment,2026-03-23,2026-03-23 13:47:00+00:00,-1,6653.5,6653.25,6647.25,6658.5,25,20,2026-03-23 13:48:00+00:00,6658.75,stop,-275.0,-278.5,312.5
vwap_reversion,ES,trend_alignment,2026-03-23,2026-03-23 15:38:00+00:00,1,6671.75,6672.0,6678.0,6666.75,25,20,2026-03-23 15:43:00+00:00,6666.5,stop,-275.0,-278.5,312.5
vwap_reversion,ES,trend_alignment,2026-03-23,2026-03-23 15:44:00+00:00,1,6669.75,6670.0,6676.0,6664.75,25,20,2026-03-23 15:46:00+00:00,6664.5,stop,-275.0,-278.5,312.5
vwap_reversion,ES,trend_alignment,2026-03-24,2026-03-24 13:46:00+00:00,1,6590.0,6590.25,6596.25,6585.0,25,20,2026-03-24 13:48:00+00:00,6584.75,stop,-275.0,-278.5,312.5
vwap_reversion,ES,trend_alignment,2026-03-24,2026-03-24 13:59:00+00:00,1,6589.75,6590.0,6596.0,6584.75,25,20,2026-03-24 14:00:00+00:00,6596.0,target,300.0,296.5,312.5
vwap_reversion,ES,trend_alignment,2026-03-24,2026-03-24 14:01:00+00:00,1,6593.25,6593.5,6599.5,6588.25,25,20,2026-03-24 14:05:00+00:00,6599.5,target,300.0,296.5,312.5
vwap_reversion,ES,trend_alignment,2026-03-25,2026-03-25 13:45:00+00:00,1,6663.75,6664.0,6670.0,6658.75,25,20,2026-03-25 13:48:00+00:00,6658.5,stop,-275.0,-278.5,312.5
vwap_reversion,ES,trend_alignment,2026-03-25,2026-03-25 14:12:00+00:00,-1,6651.0,6650.75,6644.75,6656.0,25,20,2026-03-25 14:14:00+00:00,6656.25,stop,-275.0,-278.5,312.5
vwap_reversion,ES,trend_alignment,2026-03-25,2026-03-25 14:15:00+00:00,-1,6654.0,6653.75,6647.75,6659.0,25,20,2026-03-25 14:22:00+00:00,6659.25,stop,-275.0,-278.5,312.5
vwap_reversion,ES,trend_alignment,2026-03-26,2026-03-26 13:58:00+00:00,1,6604.5,6604.75,6610.75,6599.5,25,20,2026-03-26 13:59:00+00:00,6610.75,target,300.0,296.5,312.5
vwap_reversion,ES,trend_alignment,2026-03-26,2026-03-26 14:11:00+00:00,1,6607.5,6607.75,6613.75,6602.5,25,20,2026-03-26 14:12:00+00:00,6613.75,target,300.0,296.5,312.5
vwap_reversion,ES,trend_alignment,2026-03-26,2026-03-26 14:29:00+00:00,1,6609.25,6609.5,6615.5,6604.25,25,20,2026-03-26 14:31:00+00:00,6615.5,target,300.0,296.5,312.5
vwap_reversion,ES,trend_alignment,2026-03-27,2026-03-27 13:45:00+00:00,-1,6486.75,6486.5,6480.5,6491.75,25,20,2026-03-27 13:47:00+00:00,6492.0,stop,-275.0,-278.5,312.5
vwap_reversion,ES,trend_alignment,2026-03-27,2026-03-27 13:48:00+00:00,-1,6492.0,6491.75,6485.75,6497.0,25,20,2026-03-27 13:50:00+00:00,6485.75,target,300.0,296.5,312.5
vwap_reversion,ES,trend_alignment,2026-03-27,2026-03-27 15:05:00+00:00,-1,6477.0,6476.75,6470.75,6482.0,25,20,2026-03-27 15:07:00+00:00,6470.75,target,300.0,296.5,312.5
vwap_reversion,ES,trend_alignment,2026-03-30,2026-03-30 13:55:00+00:00,-1,6422.25,6422.0,6416.0,6427.25,25,20,2026-03-30 13:58:00+00:00,6416.0,target,300.0,296.5,312.5
vwap_reversion,ES,trend_alignment,2026-03-30,2026-03-30 13:59:00+00:00,-1,6417.5,6417.25,6411.25,6422.5,25,20,2026-03-30 14:00:00+00:00,6422.75,stop,-275.0,-278.5,312.5
vwap_reversion,ES,trend_alignment,2026-03-30,2026-03-30 14:12:00+00:00,-1,6433.25,6433.0,6427.0,6438.25,25,20,2026-03-30 14:15:00+00:00,6427.0,target,300.0,296.5,312.5
vwap_reversion,ES,trend_alignment,2026-03-31,2026-03-31 14:43:00+00:00,1,6469.5,6469.75,6475.75,6464.5,25,20,2026-03-31 14:48:00+00:00,6464.25,stop,-275.0,-278.5,312.5
vwap_reversion,ES,trend_alignment,2026-03-31,2026-03-31 14:49:00+00:00,1,6461.25,6461.5,6467.5,6456.25,25,20,2026-03-31 14:51:00+00:00,6456.0,stop,-275.0,-278.5,312.5
vwap_reversion,ES,trend_alignment,2026-03-31,2026-03-31 15:00:00+00:00,1,6458.5,6458.75,6464.75,6453.5,25,20,2026-03-31 15:02:00+00:00,6464.75,target,300.0,296.5,312.5
vwap_reversion,ES,trend_alignment,2026-04-01,2026-04-01 18:16:00+00:00,1,6622.5,6622.75,6628.75,6617.5,25,20,2026-04-01 18:18:00+00:00,6617.25,stop,-275.0,-278.5,312.5
vwap_reversion,ES,trend_alignment,2026-04-01,2026-04-01 18:19:00+00:00,1,6617.5,6617.75,6623.75,6612.5,25,20,2026-04-01 18:23:00+00:00,6612.25,stop,-275.0,-278.5,312.5
vwap_reversion,ES,trend_alignment,2026-04-01,2026-04-01 18:24:00+00:00,1,6608.75,6609.0,6615.0,6603.75,25,20,2026-04-01 18:27:00+00:00,6615.0,target,300.0,296.5,312.5
vwap_reversion,ES,trend_alignment,2026-04-02,2026-04-02 13:46:00+00:00,1,6533.0,6533.25,6539.25,6528.0,25,20,2026-04-02 13:51:00+00:00,6539.25,target,300.0,296.5,312.5
vwap_reversion,ES,trend_alignment,2026-04-02,2026-04-02 14:33:00+00:00,1,6587.25,6587.5,6593.5,6582.25,25,20,2026-04-02 14:35:00+00:00,6593.5,target,300.0,296.5,312.5
vwap_reversion,ES,trend_alignment,2026-04-02,2026-04-02 14:41:00+00:00,1,6610.75,6611.0,6617.0,6605.75,25,20,2026-04-02 14:42:00+00:00,6617.0,target,300.0,296.5,312.5
vwap_reversion,ES,trend_alignment,2026-04-06,2026-04-06 14:04:00+00:00,1,6628.0,6628.25,6634.25,6623.0,25,20,2026-04-06 14:09:00+00:00,6634.25,target,300.0,296.5,312.5
vwap_reversion,ES,trend_alignment,2026-04-06,2026-04-06 14:49:00+00:00,1,6631.75,6632.0,6638.0,6626.75,25,20,2026-04-06 14:52:00+00:00,6638.0,target,300.0,296.5,312.5
vwap_reversion,ES,trend_alignment,2026-04-06,2026-04-06 15:33:00+00:00,1,6631.25,6631.5,6637.5,6626.25,25,20,2026-04-06 15:47:00+00:00,6637.5,target,300.0,296.5,312.5
vwap_reversion,ES,trend_alignment,2026-04-07,2026-04-07 14:33:00+00:00,-1,6614.75,6614.5,6608.5,6619.75,25,20,2026-04-07 14:35:00+00:00,6608.5,target,300.0,296.5,312.5
vwap_reversion,ES,trend_alignment,2026-04-07,2026-04-07 16:02:00+00:00,-1,6621.0,6620.75,6614.75,6626.0,25,20,2026-04-07 16:03:00+00:00,6626.25,stop,-275.0,-278.5,312.5
vwap_reversion,ES,trend_alignment,2026-04-07,2026-04-07 16:04:00+00:00,-1,6616.75,6616.5,6610.5,6621.75,25,20,2026-04-07 16:08:00+00:00,6610.5,target,300.0,296.5,312.5
vwap_reversion,ES,trend_alignment,2026-04-08,2026-04-08 13:45:00+00:00,-1,6818.5,6818.25,6812.25,6823.5,25,20,2026-04-08 13:46:00+00:00,6823.75,stop,-275.0,-278.5,312.5
vwap_reversion,ES,trend_alignment,2026-04-08,2026-04-08 13:47:00+00:00,-1,6827.25,6827.0,6821.0,6832.25,25,20,2026-04-08 13:48:00+00:00,6821.0,target,300.0,296.5,312.5
vwap_reversion,ES,trend_alignment,2026-04-08,2026-04-08 13:49:00+00:00,-1,6826.5,6826.25,6820.25,6831.5,25,20,2026-04-08 13:51:00+00:00,6820.25,target,300.0,296.5,312.5
vwap_reversion,ES,trend_alignment,2026-04-09,2026-04-09 13:47:00+00:00,1,6815.5,6815.75,6821.75,6810.5,25,20,2026-04-09 13:56:00+00:00,6810.25,stop,-275.0,-278.5,312.5
vwap_reversion,ES,trend_alignment,2026-04-09,2026-04-09 13:57:00+00:00,1,6815.5,6815.75,6821.75,6810.5,25,20,2026-04-09 14:15:00+00:00,6810.25,stop,-275.0,-278.5,312.5
vwap_reversion,ES,trend_alignment,2026-04-09,2026-04-09 14:52:00+00:00,1,6813.25,6813.5,6819.5,6808.25,25,20,2026-04-09 15:13:00+00:00,6819.5,target,300.0,296.5,312.5
vwap_reversion,ES,trend_alignment,2026-04-10,2026-04-10 13:45:00+00:00,-1,6870.0,6869.75,6863.75,6875.0,25,20,2026-04-10 14:01:00+00:00,6863.75,target,300.0,296.5,312.5
vwap_reversion,ES,trend_alignment,2026-04-10,2026-04-10 14:04:00+00:00,-1,6868.25,6868.0,6862.0,6873.25,25,20,2026-04-10 14:13:00+00:00,6873.5,stop,-275.0,-278.5,312.5
vwap_reversion,ES,trend_alignment,2026-04-10,2026-04-10 14:14:00+00:00,-1,6874.5,6874.25,6868.25,6879.5,25,20,2026-04-10 14:30:00+00:00,6879.75,stop,-275.0,-278.5,312.5
vwap_reversion,ES,trend_alignment,2026-04-13,2026-04-13 13:48:00+00:00,1,6838.75,6839.0,6845.0,6833.75,25,20,2026-04-13 13:49:00+00:00,6845.0,target,300.0,296.5,312.5
vwap_reversion,ES,trend_alignment,2026-04-13,2026-04-13 13:52:00+00:00,1,6843.5,6843.75,6849.75,6838.5,25,20,2026-04-13 13:56:00+00:00,6849.75,target,300.0,296.5,312.5
vwap_reversion,ES,trend_alignment,2026-04-15,2026-04-15 13:48:00+00:00,-1,7012.5,7012.25,7006.25,7017.5,25,20,2026-04-15 13:59:00+00:00,7017.75,stop,-275.0,-278.5,312.5
vwap_reversion,ES,trend_alignment,2026-04-15,2026-04-15 14:00:00+00:00,-1,7013.5,7013.25,7007.25,7018.5,25,20,2026-04-15 14:12:00+00:00,7018.75,stop,-275.0,-278.5,312.5
vwap_reversion,ES,trend_alignment,2026-04-16,2026-04-16 13:45:00+00:00,-1,7068.5,7068.25,7062.25,7073.5,25,20,2026-04-16 13:51:00+00:00,7062.25,target,300.0,296.5,312.5
vwap_reversion,ES,trend_alignment,2026-04-16,2026-04-16 15:00:00+00:00,-1,7063.25,7063.0,7057.0,7068.25,25,20,2026-04-16 15:06:00+00:00,7068.5,stop,-275.0,-278.5,312.5
vwap_reversion,ES,trend_alignment,2026-04-16,2026-04-16 15:07:00+00:00,-1,7067.0,7066.75,7060.75,7072.0,25,20,2026-04-16 15:09:00+00:00,7072.25,stop,-275.0,-278.5,312.5
vwap_reversion,ES,trend_alignment,2026-04-17,2026-04-17 19:13:00+00:00,1,7151.5,7151.75,7157.75,7146.5,25,20,2026-04-17 19:31:00+00:00,7157.75,target,300.0,296.5,312.5
vwap_reversion,ES,trend_alignment,2026-04-20,2026-04-20 13:45:00+00:00,1,7150.5,7150.75,7156.75,7145.5,25,20,2026-04-20 13:49:00+00:00,7145.25,stop,-275.0,-278.5,312.5
vwap_reversion,ES,trend_alignment,2026-04-20,2026-04-20 13:51:00+00:00,1,7148.75,7149.0,7155.0,7143.75,25,20,2026-04-20 13:55:00+00:00,7155.0,target,300.0,296.5,312.5
vwap_reversion,ES,trend_alignment,2026-04-20,2026-04-20 14:01:00+00:00,1,7155.25,7155.5,7161.5,7150.25,25,20,2026-04-20 14:08:00+00:00,7150.0,stop,-275.0,-278.5,312.5
vwap_reversion,ES,trend_alignment,2026-04-21,2026-04-21 13:45:00+00:00,-1,7155.0,7154.75,7148.75,7160.0,25,20,2026-04-21 13:47:00+00:00,7160.25,stop,-275.0,-278.5,312.5
vwap_reversion,ES,trend_alignment,2026-04-21,2026-04-21 13:49:00+00:00,-1,7161.75,7161.5,7155.5,7166.75,25,20,2026-04-21 13:53:00+00:00,7167.0,stop,-275.0,-278.5,312.5
vwap_reversion,ES,trend_alignment,2026-04-21,2026-04-21 14:33:00+00:00,-1,7162.25,7162.0,7156.0,7167.25,25,20,2026-04-21 14:45:00+00:00,7156.0,target,300.0,296.5,312.5
vwap_reversion,ES,trend_alignment,2026-04-22,2026-04-22 13:45:00+00:00,-1,7149.0,7148.75,7142.75,7154.0,25,20,2026-04-22 13:50:00+00:00,7142.75,target,300.0,296.5,312.5
vwap_reversion,ES,trend_alignment,2026-04-22,2026-04-22 13:51:00+00:00,-1,7143.75,7143.5,7137.5,7148.75,25,20,2026-04-22 13:54:00+00:00,7149.0,stop,-275.0,-278.5,312.5
vwap_reversion,ES,trend_alignment,2026-04-22,2026-04-22 13:55:00+00:00,-1,7149.0,7148.75,7142.75,7154.0,25,20,2026-04-22 14:00:00+00:00,7154.25,stop,-275.0,-278.5,312.5
vwap_reversion,ES,trend_alignment,2026-04-23,2026-04-23 13:59:00+00:00,1,7159.75,7160.0,7166.0,7154.75,25,20,2026-04-23 14:00:00+00:00,7154.5,stop,-275.0,-278.5,312.5
vwap_reversion,ES,trend_alignment,2026-04-23,2026-04-23 14:01:00+00:00,1,7154.25,7154.5,7160.5,7149.25,25,20,2026-04-23 14:02:00+00:00,7149.0,stop,-275.0,-278.5,312.5
vwap_reversion,ES,trend_alignment,2026-04-23,2026-04-23 14:03:00+00:00,1,7158.25,7158.5,7164.5,7153.25,25,20,2026-04-23 14:16:00+00:00,7164.5,target,300.0,296.5,312.5
vwap_reversion,ES,trend_alignment,2026-04-24,2026-04-24 13:45:00+00:00,-1,7155.75,7155.5,7149.5,7160.75,25,20,2026-04-24 13:54:00+00:00,7149.5,target,300.0,296.5,312.5
vwap_reversion,ES,trend_alignment,2026-04-24,2026-04-24 13:57:00+00:00,-1,7152.75,7152.5,7146.5,7157.75,25,20,2026-04-24 14:03:00+00:00,7146.5,target,300.0,296.5,312.5
vwap_reversion,ES,trend_alignment,2026-04-24,2026-04-24 14:04:00+00:00,-1,7151.75,7151.5,7145.5,7156.75,25,20,2026-04-24 14:09:00+00:00,7157.0,stop,-275.0,-278.5,312.5
vwap_reversion,ES,trend_alignment,2026-04-27,2026-04-27 13:45:00+00:00,1,7189.25,7189.5,7195.5,7184.25,25,20,2026-04-27 13:47:00+00:00,7184.0,stop,-275.0,-278.5,312.5
vwap_reversion,ES,trend_alignment,2026-04-27,2026-04-27 13:52:00+00:00,1,7187.25,7187.5,7193.5,7182.25,25,20,2026-04-27 13:54:00+00:00,7193.5,target,300.0,296.5,312.5
vwap_reversion,ES,trend_alignment,2026-04-27,2026-04-27 14:19:00+00:00,1,7189.5,7189.75,7195.75,7184.5,25,20,2026-04-27 14:35:00+00:00,7195.75,target,300.0,296.5,312.5
vwap_reversion,ES,trend_alignment,2026-04-28,2026-04-28 13:45:00+00:00,1,7176.5,7176.75,7182.75,7171.5,25,20,2026-04-28 13:53:00+00:00,7171.25,stop,-275.0,-278.5,312.5
vwap_reversion,ES,trend_alignment,2026-04-28,2026-04-28 14:06:00+00:00,1,7174.5,7174.75,7180.75,7169.5,25,20,2026-04-28 14:14:00+00:00,7169.25,stop,-275.0,-278.5,312.5
vwap_reversion,ES,trend_alignment,2026-04-28,2026-04-28 18:18:00+00:00,-1,7167.75,7167.5,7161.5,7172.75,25,20,2026-04-28 19:06:00+00:00,7173.0,stop,-275.0,-278.5,312.5
vwap_reversion,ES,trend_alignment,2026-04-30,2026-04-30 13:45:00+00:00,-1,7184.0,7183.75,7177.75,7189.0,25,20,2026-04-30 13:46:00+00:00,7177.75,target,300.0,296.5,312.5
vwap_reversion,ES,trend_alignment,2026-04-30,2026-04-30 14:31:00+00:00,-1,7179.0,7178.75,7172.75,7184.0,25,20,2026-04-30 14:33:00+00:00,7172.75,target,300.0,296.5,312.5
vwap_reversion,ES,trend_alignment,2026-04-30,2026-04-30 14:46:00+00:00,-1,7181.75,7181.5,7175.5,7186.75,25,20,2026-04-30 14:51:00+00:00,7187.0,stop,-275.0,-278.5,312.5
vwap_reversion,ES,trend_alignment,2026-05-01,2026-05-01 14:37:00+00:00,1,7275.75,7276.0,7282.0,7270.75,25,20,2026-05-01 14:39:00+00:00,7282.0,target,300.0,296.5,312.5
vwap_reversion,ES,trend_alignment,2026-05-01,2026-05-01 15:02:00+00:00,1,7275.0,7275.25,7281.25,7270.0,25,20,2026-05-01 15:13:00+00:00,7281.25,target,300.0,296.5,312.5
vwap_reversion,ES,trend_alignment,2026-05-01,2026-05-01 16:10:00+00:00,1,7276.0,7276.25,7282.25,7271.0,25,20,2026-05-01 16:20:00+00:00,7282.25,target,300.0,296.5,312.5
vwap_reversion,ES,trend_alignment,2026-05-07,2026-05-07 14:03:00+00:00,-1,7392.25,7392.0,7386.0,7397.25,25,20,2026-05-07 14:07:00+00:00,7397.5,stop,-275.0,-278.5,312.5
vwap_reversion,ES,trend_alignment,2026-05-07,2026-05-07 14:08:00+00:00,-1,7396.0,7395.75,7389.75,7401.0,25,20,2026-05-07 14:15:00+00:00,7389.75,target,300.0,296.5,312.5
vwap_reversion,ES,trend_alignment,2026-05-07,2026-05-07 14:16:00+00:00,-1,7394.25,7394.0,7388.0,7399.25,25,20,2026-05-07 14:39:00+00:00,7399.5,stop,-275.0,-278.5,312.5
vwap_reversion,ES,trend_alignment,2026-05-08,2026-05-08 18:55:00+00:00,1,7408.5,7408.75,7414.75,7403.5,25,20,2026-05-08 19:03:00+00:00,7414.75,target,300.0,296.5,312.5
vwap_reversion,ES,trend_alignment,2026-05-11,2026-05-11 18:59:00+00:00,1,7431.25,7431.5,7437.5,7426.25,25,20,2026-05-11 19:12:00+00:00,7437.5,target,300.0,296.5,312.5
vwap_reversion,ES,trend_alignment,2026-05-11,2026-05-11 19:15:00+00:00,1,7431.75,7432.0,7438.0,7426.75,25,20,2026-05-11 19:55:00+00:00,7438.0,target,300.0,296.5,312.5
vwap_reversion,ES,trend_alignment,2026-05-12,2026-05-12 17:33:00+00:00,-1,7393.0,7392.75,7386.75,7398.0,25,20,2026-05-12 18:15:00+00:00,7398.25,stop,-275.0,-278.5,312.5
vwap_reversion,ES,trend_alignment,2026-05-12,2026-05-12 18:16:00+00:00,-1,7398.0,7397.75,7391.75,7403.0,25,20,2026-05-12 18:24:00+00:00,7403.25,stop,-275.0,-278.5,312.5
vwap_reversion,ES,trend_alignment,2026-05-12,2026-05-12 18:25:00+00:00,-1,7405.25,7405.0,7399.0,7410.25,25,20,2026-05-12 18:57:00+00:00,7410.5,stop,-275.0,-278.5,312.5
vwap_reversion,ES,trend_alignment,2026-05-13,2026-05-13 14:14:00+00:00,-1,7420.5,7420.25,7414.25,7425.5,25,20,2026-05-13 14:22:00+00:00,7425.75,stop,-275.0,-278.5,312.5
vwap_reversion,ES,trend_alignment,2026-05-13,2026-05-13 14:23:00+00:00,-1,7426.25,7426.0,7420.0,7431.25,25,20,2026-05-13 14:25:00+00:00,7431.5,stop,-275.0,-278.5,312.5
vwap_reversion,ES,trend_alignment,2026-05-13,2026-05-13 14:26:00+00:00,-1,7428.0,7427.75,7421.75,7433.0,25,20,2026-05-13 14:53:00+00:00,7433.25,stop,-275.0,-278.5,312.5
vwap_reversion,ES,trend_alignment,2026-05-15,2026-05-15 13:54:00+00:00,-1,7445.25,7445.0,7439.0,7450.25,25,20,2026-05-15 13:56:00+00:00,7450.5,stop,-275.0,-278.5,312.5
vwap_reversion,ES,trend_alignment,2026-05-15,2026-05-15 14:12:00+00:00,-1,7446.0,7445.75,7439.75,7451.0,25,20,2026-05-15 14:14:00+00:00,7451.25,stop,-275.0,-278.5,312.5
vwap_reversion,ES,trend_alignment,2026-05-15,2026-05-15 14:15:00+00:00,-1,7453.75,7453.5,7447.5,7458.75,25,20,2026-05-15 14:17:00+00:00,7459.0,stop,-275.0,-278.5,312.5
vwap_reversion,ES,trend_alignment,2026-05-18,2026-05-18 13:47:00+00:00,-1,7429.5,7429.25,7423.25,7434.5,25,20,2026-05-18 13:50:00+00:00,7434.75,stop,-275.0,-278.5,312.5
vwap_reversion,ES,trend_alignment,2026-05-18,2026-05-18 14:01:00+00:00,-1,7435.5,7435.25,7429.25,7440.5,25,20,2026-05-18 14:03:00+00:00,7429.25,target,300.0,296.5,312.5
vwap_reversion,ES,trend_alignment,2026-05-18,2026-05-18 14:04:00+00:00,-1,7431.5,7431.25,7425.25,7436.5,25,20,2026-05-18 14:06:00+00:00,7436.75,stop,-275.0,-278.5,312.5
vwap_reversion,ES,trend_alignment,2026-05-19,2026-05-19 13:51:00+00:00,1,7390.25,7390.5,7396.5,7385.25,25,20,2026-05-19 13:54:00+00:00,7396.5,target,300.0,296.5,312.5
vwap_reversion,ES,trend_alignment,2026-05-19,2026-05-19 13:59:00+00:00,1,7392.5,7392.75,7398.75,7387.5,25,20,2026-05-19 14:00:00+00:00,7387.25,stop,-275.0,-278.5,312.5
vwap_reversion,ES,trend_alignment,2026-05-19,2026-05-19 14:04:00+00:00,1,7388.75,7389.0,7395.0,7383.75,25,20,2026-05-19 14:05:00+00:00,7383.5,stop,-275.0,-278.5,312.5
vwap_reversion,ES,trend_alignment,2026-05-20,2026-05-20 14:01:00+00:00,-1,7393.75,7393.5,7387.5,7398.75,25,20,2026-05-20 14:05:00+00:00,7387.5,target,300.0,296.5,312.5
vwap_reversion,ES,trend_alignment,2026-05-20,2026-05-20 14:06:00+00:00,-1,7389.5,7389.25,7383.25,7394.5,25,20,2026-05-20 14:11:00+00:00,7383.25,target,300.0,296.5,312.5
vwap_reversion,ES,trend_alignment,2026-05-20,2026-05-20 14:12:00+00:00,-1,7380.75,7380.5,7374.5,7385.75,25,20,2026-05-20 14:14:00+00:00,7386.0,stop,-275.0,-278.5,312.5
vwap_reversion,ES,trend_alignment,2026-05-21,2026-05-21 13:54:00+00:00,1,7433.5,7433.75,7439.75,7428.5,25,20,2026-05-21 13:58:00+00:00,7428.25,stop,-275.0,-278.5,312.5
vwap_reversion,ES,trend_alignment,2026-05-21,2026-05-21 13:59:00+00:00,1,7435.25,7435.5,7441.5,7430.25,25,20,2026-05-21 14:02:00+00:00,7441.5,target,300.0,296.5,312.5
vwap_reversion,ES,trend_alignment,2026-05-21,2026-05-21 14:04:00+00:00,1,7438.0,7438.25,7444.25,7433.0,25,20,2026-05-21 14:13:00+00:00,7432.75,stop,-275.0,-278.5,312.5
vwap_reversion,ES,trend_alignment,2026-05-22,2026-05-22 14:00:00+00:00,1,7500.0,7500.25,7506.25,7495.0,25,20,2026-05-22 14:02:00+00:00,7494.75,stop,-275.0,-278.5,312.5
vwap_reversion,ES,trend_alignment,2026-05-22,2026-05-22 14:22:00+00:00,-1,7484.25,7484.0,7478.0,7489.25,25,20,2026-05-22 14:28:00+00:00,7489.5,stop,-275.0,-278.5,312.5
vwap_reversion,ES,trend_alignment,2026-05-22,2026-05-22 14:34:00+00:00,-1,7493.75,7493.5,7487.5,7498.75,25,20,2026-05-22 14:42:00+00:00,7499.0,stop,-275.0,-278.5,312.5
vwap_reversion,ES,trend_alignment,2026-05-25,2026-05-25 14:32:00+00:00,-1,7557.0,7556.75,7550.75,7562.0,25,20,2026-05-25 15:10:00+00:00,7562.25,stop,-275.0,-278.5,312.5
vwap_reversion,ES,trend_alignment,2026-05-25,2026-05-25 15:29:00+00:00,-1,7558.25,7558.0,7552.0,7563.25,25,20,2026-05-25 16:51:00+00:00,7563.5,stop,-275.0,-278.5,312.5
vwap_reversion,ES,trend_alignment,2026-05-26,2026-05-26 13:50:00+00:00,1,7537.25,7537.5,7543.5,7532.25,25,20,2026-05-26 13:53:00+00:00,7532.0,stop,-275.0,-278.5,312.5
vwap_reversion,ES,trend_alignment,2026-05-26,2026-05-26 13:54:00+00:00,1,7535.0,7535.25,7541.25,7530.0,25,20,2026-05-26 13:59:00+00:00,7541.25,target,300.0,296.5,312.5
vwap_reversion,ES,trend_alignment,2026-05-26,2026-05-26 14:00:00+00:00,1,7540.25,7540.5,7546.5,7535.25,25,20,2026-05-26 14:06:00+00:00,7546.5,target,300.0,296.5,312.5
vwap_reversion,ES,trend_alignment,2026-05-27,2026-05-27 18:22:00+00:00,-1,7538.75,7538.5,7532.5,7543.75,25,20,2026-05-27 18:47:00+00:00,7544.0,stop,-275.0,-278.5,312.5
vwap_reversion,ES,trend_alignment,2026-05-27,2026-05-27 18:49:00+00:00,-1,7541.5,7541.25,7535.25,7546.5,25,20,2026-05-27 19:50:00+00:00,7535.25,target,300.0,296.5,312.5
vwap_reversion,ES,trend_alignment,2026-05-29,2026-05-29 14:24:00+00:00,1,7593.5,7593.75,7599.75,7588.5,25,20,2026-05-29 14:34:00+00:00,7599.75,target,300.0,296.5,312.5
vwap_reversion,ES,trend_alignment,2026-05-29,2026-05-29 14:37:00+00:00,-1,7588.25,7588.0,7582.0,7593.25,25,20,2026-05-29 14:44:00+00:00,7582.0,target,300.0,296.5,312.5
vwap_reversion,ES,trend_alignment,2026-05-29,2026-05-29 14:51:00+00:00,-1,7588.75,7588.5,7582.5,7593.75,25,20,2026-05-29 14:52:00+00:00,7594.0,stop,-275.0,-278.5,312.5
vwap_reversion,ES,trend_alignment,2026-06-01,2026-06-01 13:54:00+00:00,1,7589.75,7590.0,7596.0,7584.75,25,20,2026-06-01 13:58:00+00:00,7584.5,stop,-275.0,-278.5,312.5
vwap_reversion,ES,trend_alignment,2026-06-01,2026-06-01 13:59:00+00:00,1,7584.75,7585.0,7591.0,7579.75,25,20,2026-06-01 14:08:00+00:00,7591.0,target,300.0,296.5,312.5
vwap_reversion,ES,trend_alignment,2026-06-01,2026-06-01 14:10:00+00:00,1,7589.0,7589.25,7595.25,7584.0,25,20,2026-06-01 14:11:00+00:00,7583.75,stop,-275.0,-278.5,312.5
vwap_reversion,ES,trend_alignment,2026-06-02,2026-06-02 13:45:00+00:00,1,7602.5,7602.75,7608.75,7597.5,25,20,2026-06-02 14:11:00+00:00,7608.75,target,300.0,296.5,312.5
vwap_reversion,ES,trend_alignment,2026-06-02,2026-06-02 14:22:00+00:00,1,7607.25,7607.5,7613.5,7602.25,25,20,2026-06-02 14:35:00+00:00,7613.5,target,300.0,296.5,312.5
vwap_reversion,ES,trend_alignment,2026-06-04,2026-06-04 13:46:00+00:00,1,7550.0,7550.25,7556.25,7545.0,25,20,2026-06-04 13:51:00+00:00,7556.25,target,300.0,296.5,312.5
vwap_reversion,ES,trend_alignment,2026-06-04,2026-06-04 13:52:00+00:00,1,7555.5,7555.75,7561.75,7550.5,25,20,2026-06-04 13:57:00+00:00,7561.75,target,300.0,296.5,312.5
vwap_reversion,ES,trend_alignment,2026-06-04,2026-06-04 13:58:00+00:00,1,7563.0,7563.25,7569.25,7558.0,25,20,2026-06-04 14:02:00+00:00,7557.75,stop,-275.0,-278.5,312.5
vwap_reversion,ES,trend_alignment,2026-06-05,2026-06-05 14:19:00+00:00,-1,7533.0,7532.75,7526.75,7538.0,25,20,2026-06-05 14:21:00+00:00,7526.75,target,300.0,296.5,312.5
vwap_reversion,ES,trend_alignment,2026-06-08,2026-06-08 13:45:00+00:00,-1,7454.5,7454.25,7448.25,7459.5,25,20,2026-06-08 13:48:00+00:00,7448.25,target,300.0,296.5,312.5
vwap_reversion,ES,trend_alignment,2026-06-08,2026-06-08 13:49:00+00:00,-1,7448.75,7448.5,7442.5,7453.75,25,20,2026-06-08 13:50:00+00:00,7442.5,target,300.0,296.5,312.5
vwap_reversion,ES,trend_alignment,2026-06-08,2026-06-08 13:51:00+00:00,-1,7448.0,7447.75,7441.75,7453.0,25,20,2026-06-08 13:52:00+00:00,7453.25,stop,-275.0,-278.5,312.5
vwap_reversion,ES,trend_alignment,2026-06-09,2026-06-09 13:59:00+00:00,1,7465.5,7465.75,7471.75,7460.5,25,20,2026-06-09 14:00:00+00:00,7460.25,stop,-275.0,-278.5,312.5
vwap_reversion,ES,trend_alignment,2026-06-09,2026-06-09 14:04:00+00:00,1,7463.0,7463.25,7469.25,7458.0,25,20,2026-06-09 14:08:00+00:00,7469.25,target,300.0,296.5,312.5
vwap_reversion,ES,trend_alignment,2026-06-09,2026-06-09 14:09:00+00:00,1,7461.25,7461.5,7467.5,7456.25,25,20,2026-06-09 14:10:00+00:00,7456.0,stop,-275.0,-278.5,312.5
vwap_reversion,ES,trend_alignment,2026-06-10,2026-06-10 13:45:00+00:00,1,7382.0,7382.25,7388.25,7377.0,25,20,2026-06-10 13:46:00+00:00,7376.75,stop,-275.0,-278.5,312.5
vwap_reversion,ES,trend_alignment,2026-06-10,2026-06-10 13:47:00+00:00,1,7379.75,7380.0,7386.0,7374.75,25,20,2026-06-10 13:48:00+00:00,7386.0,target,300.0,296.5,312.5
vwap_reversion,ES,trend_alignment,2026-06-10,2026-06-10 13:51:00+00:00,1,7369.25,7369.5,7375.5,7364.25,25,20,2026-06-10 13:53:00+00:00,7375.5,target,300.0,296.5,312.5
vwap_reversion,ES,trend_alignment,2026-06-11,2026-06-11 13:45:00+00:00,-1,7307.75,7307.5,7301.5,7312.75,25,20,2026-06-11 13:46:00+00:00,7313.0,stop,-275.0,-278.5,312.5
vwap_reversion,ES,trend_alignment,2026-06-11,2026-06-11 13:49:00+00:00,-1,7305.5,7305.25,7299.25,7310.5,25,20,2026-06-11 13:50:00+00:00,7310.75,stop,-275.0,-278.5,312.5
vwap_reversion,ES,trend_alignment,2026-06-11,2026-06-11 14:10:00+00:00,-1,7307.0,7306.75,7300.75,7312.0,25,20,2026-06-11 14:11:00+00:00,7300.75,target,300.0,296.5,312.5
vwap_reversion,ES,trend_alignment,2026-06-12,2026-06-12 14:01:00+00:00,-1,7399.0,7398.75,7392.75,7404.0,25,20,2026-06-12 14:03:00+00:00,7404.25,stop,-275.0,-278.5,312.5
vwap_reversion,ES,trend_alignment,2026-06-12,2026-06-12 14:04:00+00:00,-1,7404.25,7404.0,7398.0,7409.25,25,20,2026-06-12 14:06:00+00:00,7409.5,stop,-275.0,-278.5,312.5
vwap_reversion,ES,trend_alignment,2026-06-12,2026-06-12 14:07:00+00:00,-1,7417.75,7417.5,7411.5,7422.75,25,20,2026-06-12 14:12:00+00:00,7411.5,target,300.0,296.5,312.5
vwap_reversion,ES,trend_alignment,2026-06-17,2026-06-17 13:46:00+00:00,-1,7595.0,7594.75,7588.75,7600.0,25,20,2026-06-17 13:57:00+00:00,7588.75,target,300.0,296.5,312.5
vwap_reversion,ES,trend_alignment,2026-06-17,2026-06-17 14:00:00+00:00,-1,7585.0,7584.75,7578.75,7590.0,25,20,2026-06-17 14:07:00+00:00,7590.25,stop,-275.0,-278.5,312.5
vwap_reversion,ES,trend_alignment,2026-06-17,2026-06-17 14:08:00+00:00,-1,7591.5,7591.25,7585.25,7596.5,25,20,2026-06-17 14:10:00+00:00,7585.25,target,300.0,296.5,312.5
vwap_reversion,ES,trend_alignment,2026-06-18,2026-06-18 13:49:00+00:00,-1,7549.25,7549.0,7543.0,7554.25,25,20,2026-06-18 13:53:00+00:00,7554.5,stop,-275.0,-278.5,312.5
vwap_reversion,ES,trend_alignment,2026-06-18,2026-06-18 14:00:00+00:00,-1,7548.5,7548.25,7542.25,7553.5,25,20,2026-06-18 14:03:00+00:00,7542.25,target,300.0,296.5,312.5
vwap_reversion,ES,trend_alignment,2026-06-18,2026-06-18 14:04:00+00:00,-1,7545.75,7545.5,7539.5,7550.75,25,20,2026-06-18 14:06:00+00:00,7551.0,stop,-275.0,-278.5,312.5
vwap_reversion,ES,trend_alignment,2026-06-19,2026-06-19 13:45:00+00:00,1,7559.5,7559.75,7565.75,7554.5,25,20,2026-06-19 14:02:00+00:00,7554.25,stop,-275.0,-278.5,312.5
vwap_reversion,ES,trend_alignment,2026-06-19,2026-06-19 14:09:00+00:00,1,7559.25,7559.5,7565.5,7554.25,25,20,2026-06-19 14:55:00+00:00,7565.5,target,300.0,296.5,312.5
vwap_reversion,ES,trend_alignment,2026-06-19,2026-06-19 15:37:00+00:00,1,7559.5,7559.75,7565.75,7554.5,25,20,2026-06-19 15:52:00+00:00,7565.75,target,300.0,296.5,312.5
vwap_reversion,ES,trend_alignment,2026-06-22,2026-06-22 14:17:00+00:00,1,7580.5,7580.75,7586.75,7575.5,25,20,2026-06-22 14:20:00+00:00,7575.25,stop,-275.0,-278.5,312.5
vwap_reversion,ES,trend_alignment,2026-06-22,2026-06-22 14:21:00+00:00,1,7580.25,7580.5,7586.5,7575.25,25,20,2026-06-22 14:23:00+00:00,7575.0,stop,-275.0,-278.5,312.5
vwap_reversion,ES,trend_alignment,2026-06-22,2026-06-22 14:27:00+00:00,-1,7564.0,7563.75,7557.75,7569.0,25,20,2026-06-22 14:30:00+00:00,7557.75,target,300.0,296.5,312.5
vwap_reversion,ES,trend_alignment,2026-06-23,2026-06-23 14:45:00+00:00,1,7465.25,7465.5,7471.5,7460.25,25,20,2026-06-23 14:51:00+00:00,7471.5,target,300.0,296.5,312.5
vwap_reversion,ES,trend_alignment,2026-06-23,2026-06-23 14:53:00+00:00,1,7464.25,7464.5,7470.5,7459.25,25,20,2026-06-23 15:03:00+00:00,7459.0,stop,-275.0,-278.5,312.5
vwap_reversion,ES,trend_alignment,2026-06-23,2026-06-23 15:04:00+00:00,1,7459.75,7460.0,7466.0,7454.75,25,20,2026-06-23 15:06:00+00:00,7454.5,stop,-275.0,-278.5,312.5
vwap_reversion,ES,trend_alignment,2026-06-24,2026-06-24 14:03:00+00:00,1,7448.75,7449.0,7455.0,7443.75,25,20,2026-06-24 14:05:00+00:00,7455.0,target,300.0,296.5,312.5
vwap_reversion,ES,trend_alignment,2026-06-24,2026-06-24 14:17:00+00:00,-1,7443.25,7443.0,7437.0,7448.25,25,20,2026-06-24 14:20:00+00:00,7437.0,target,300.0,296.5,312.5
vwap_reversion,ES,trend_alignment,2026-06-24,2026-06-24 16:39:00+00:00,1,7461.75,7462.0,7468.0,7456.75,25,20,2026-06-24 16:40:00+00:00,7456.5,stop,-275.0,-278.5,312.5
vwap_reversion,ES,trend_alignment,2026-06-25,2026-06-25 14:06:00+00:00,-1,7439.5,7439.25,7433.25,7444.5,25,20,2026-06-25 14:08:00+00:00,7444.75,stop,-275.0,-278.5,312.5
vwap_reversion,ES,trend_alignment,2026-06-25,2026-06-25 14:09:00+00:00,-1,7444.75,7444.5,7438.5,7449.75,25,20,2026-06-25 14:10:00+00:00,7450.0,stop,-275.0,-278.5,312.5
vwap_reversion,ES,trend_alignment,2026-06-25,2026-06-25 14:11:00+00:00,-1,7450.5,7450.25,7444.25,7455.5,25,20,2026-06-25 14:13:00+00:00,7444.25,target,300.0,296.5,312.5
vwap_reversion,ES,trend_alignment,2026-06-26,2026-06-26 13:46:00+00:00,1,7381.5,7381.75,7387.75,7376.5,25,20,2026-06-26 13:47:00+00:00,7387.75,target,300.0,296.5,312.5
vwap_reversion,ES,trend_alignment,2026-06-26,2026-06-26 13:50:00+00:00,1,7382.5,7382.75,7388.75,7377.5,25,20,2026-06-26 13:51:00+00:00,7388.75,target,300.0,296.5,312.5
vwap_reversion,ES,trend_alignment,2026-06-26,2026-06-26 14:04:00+00:00,1,7415.0,7415.25,7421.25,7410.0,25,20,2026-06-26 14:06:00+00:00,7421.25,target,300.0,296.5,312.5
vwap_reversion,ES,trend_alignment,2026-06-29,2026-06-29 13:56:00+00:00,1,7466.0,7466.25,7472.25,7461.0,25,20,2026-06-29 13:57:00+00:00,7460.75,stop,-275.0,-278.5,312.5
vwap_reversion,ES,trend_alignment,2026-06-29,2026-06-29 13:58:00+00:00,1,7458.5,7458.75,7464.75,7453.5,25,20,2026-06-29 14:00:00+00:00,7453.25,stop,-275.0,-278.5,312.5
vwap_reversion,ES,trend_alignment,2026-06-29,2026-06-29 14:10:00+00:00,-1,7433.25,7433.0,7427.0,7438.25,25,20,2026-06-29 14:12:00+00:00,7427.0,target,300.0,296.5,312.5
