tag,side,t_signal,t_entry,entry,stop0,t_exit,reason,gross_px,net_px,risk_px,R,gross_R,mfe_R,mae_R,net_usd_1,m_p1,m_p2,m_low,m_D,m_count,m_target
D3_F_short_1h_bb,-1,2022-01-14 16:00:00+00:00,2022-01-14 15:59:00+00:00,1820.968,1827.554,2022-01-17 08:59:00+00:00,close_exit,-1.2899999999999636,-1.6599999999999182,6.586000000000013,-0.25204980261158744,-0.19587002733069558,1.1794716064379007,-0.3522623747342745,-165.99999999999181,1829.048,1827.544,1819.408,8.436800000000176,1,1810.9711999999997
D3_F_short_1h_bb,-1,2022-01-18 18:00:00+00:00,2022-01-18 17:59:00+00:00,1811.948,1820.058,2022-01-19 09:59:00+00:00,close_exit,-4.819999999999936,-5.189999999999891,8.1099999999999,-0.639950678175087,-0.5943279901356345,0.197903822441435,-0.667817509247843,-518.9999999999891,1822.644,1820.048,1805.658,14.822666666666692,1,1790.8353333333332
D3_F_short_1h_bb,-1,2022-02-01 19:00:00+00:00,2022-02-01 18:59:00+00:00,1800.818,1807.818,2022-02-02 12:59:00+00:00,close_exit,-3.2999999999999545,-3.669999999999909,7.0,-0.5242857142857013,-0.4714285714285649,0.894285714285713,-0.619571428571427,-366.9999999999909,1808.638,1807.808,1797.665,10.419666666666672,1,1787.2453333333333
D3_F_short_1h_bb,-1,2022-02-03 07:00:00+00:00,2022-02-03 06:59:00+00:00,1805.188,1808.885,2022-02-03 13:04:00+00:00,target,5.148875000000089,5.028875000000134,3.696999999999889,1.3602583175548513,1.3927170678929521,1.3849066810928514,-0.2650797944279274,502.88750000001346,1810.718,1808.875,1805.058,4.9688750000000255,1,1800.089125
D3_F_short_1h_bb,-1,2022-02-08 13:00:00+00:00,2022-02-08 12:59:00+00:00,1817.564,1820.968,2022-02-08 13:35:00+00:00,stop,-3.354000000000042,-3.5239999999999507,3.4039999999999964,-1.0352526439482828,-0.98531139835489,0.02232667450059398,-1.358401880141019,-352.3999999999951,1823.198,1820.958,1815.314,6.604000000000042,2,1808.71
D3_F_short_1h_bb,-1,2022-02-15 21:00:00+00:00,2022-02-15 20:59:00+00:00,1853.198,1856.398,2022-02-16 06:59:00+00:00,close_exit,-1.8199999999999363,-2.1899999999998907,3.199999999999818,-0.6843750000000047,-0.5687500000000124,0.8781250000000329,-0.9175000000000277,-218.99999999998906,1857.034,1856.388,1846.358,10.353000000000065,2,1836.0049999999999
D3_F_short_1h_bb,-1,2022-02-21 15:00:00+00:00,2022-02-21 14:59:00+00:00,1894.913,1898.558,2022-02-21 15:59:00+00:00,close_exit,-0.31500000000005457,-0.6850000000000092,3.644999999999982,-0.18792866941015435,-0.08641975308643515,0.5473251028806312,-0.3909465020576026,-68.50000000000091,1908.158,1898.548,1887.453,14.589545454545487,1,1872.8634545454545
D3_F_short_1h_bb,-1,2022-02-22 17:00:00+00:00,2022-02-22 16:59:00+00:00,1903.1480000000001,1907.048,2022-02-22 18:59:00+00:00,close_exit,-0.2599999999999909,-0.6299999999999455,3.8999999999998636,-0.16153846153845322,-0.06666666666666667,0.2858974358974482,-0.6743589743589676,-62.99999999999455,1913.308,1907.038,1891.268,18.4571428571428,2,1872.8108571428572
D3_F_short_1h_bb,-1,2022-02-25 10:00:00+00:00,2022-02-25 09:59:00+00:00,1910.547,1921.208,2022-02-25 11:43:00+00:00,target,16.312333333333527,16.192333333333572,10.661000000000058,1.5188381327580418,1.530094112497274,1.6535972235249798,-0.3241722164900208,1619.2333333333572,1921.478,1921.198,1907.858,13.573333333333494,2,1894.2846666666665
D3_F_short_1h_bb,-1,2022-03-01 01:00:00+00:00,2022-03-01 00:59:00+00:00,1905.288,1910.848,2022-03-01 04:59:00+00:00,close_exit,-0.05999999999994543,-0.42999999999989996,5.559999999999945,-0.07733812949638565,-0.010791366906465111,0.6870503597122255,-0.2769784172661832,-42.999999999989996,1918.158,1910.838,1890.768,23.730000000000018,1,1867.038
D3_F_short_1h_bb,-1,2022-03-02 10:00:00+00:00,2022-03-02 09:59:00+00:00,1932.856,1947.798,2022-03-04 00:37:00+00:00,stop,-14.892000000000053,-15.061999999999962,14.942000000000007,-1.0080310534065022,-0.9966537277472926,1.2660955695355296,-1.063579172801502,-1506.1999999999962,1950.078,1947.788,1930.888,18.426666666666733,1,1912.4613333333332
D3_F_short_1h_bb,-1,2022-03-07 18:00:00+00:00,2022-03-07 17:59:00+00:00,1983.99,1991.558,2022-03-07 18:26:00+00:00,stop,-7.518000000000029,-7.687999999999938,7.567999999999984,-1.0158562367864634,-0.9933932346723104,0.04915433403806445,-1.0775634249471446,-768.7999999999938,2002.518,1991.548,1960.878,35.05799999999999,1,1925.82
D3_F_short_1h_bb,-1,2022-03-09 19:00:00+00:00,2022-03-09 18:59:00+00:00,1983.358,2005.418,2022-03-09 20:59:00+00:00,close_exit,-7.554000000000087,-7.924000000000042,22.059999999999945,-0.35920217588395564,-0.34242973708069385,0.1662737987307299,-0.5634632819582999,-792.4000000000042,2021.408,2005.408,1976.008,37.399999999999864,2,1938.6080000000002
D3_F_short_1h_bb,-1,2022-03-11 01:00:00+00:00,2022-03-11 00:59:00+00:00,1992.178,2005.912,2022-03-14 11:24:00+00:00,target,36.49400000000014,36.37400000000019,13.733999999999924,2.648463666812319,2.6572011067424164,2.7127566622979664,-0.32037279743700947,3637.4000000000187,2009.062,2005.902,1981.608,25.874000000000024,1,1955.734
D3_F_short_1h_bb,-1,2022-03-14 15:00:00+00:00,2022-03-14 14:59:00+00:00,1956.005,1967.892,2022-03-14 16:59:00+00:00,close_exit,-4.8969999999999345,-5.266999999999889,11.886999999999944,-0.44308908892066245,-0.4119626482712171,0.29654244132246216,-0.4612602002187241,-526.6999999999889,1978.468,1967.882,1954.628,15.01833333333343,2,1939.6096666666665
D3_F_short_1h_bb,-1,2022-03-18 11:00:00+00:00,2022-03-18 10:59:00+00:00,1934.942,1937.103,2022-03-18 11:05:00+00:00,stop,-2.1110000000001037,-2.2810000000000126,2.161000000000058,-1.0555298472928973,-0.9768625636279716,0.0550670985654379,-1.428042572882892,-228.10000000000124,1945.203,1937.093,1926.708,15.4537499999999,2,1911.2542500000002
D3_F_short_1h_bb,-1,2022-03-21 01:00:00+00:00,2022-03-21 00:59:00+00:00,1921.948,1926.1779999999999,2022-03-21 01:39:00+00:00,stop,-4.179999999999836,-4.349999999999746,4.229999999999791,-1.0283687943262318,-0.9881796690307431,0.13002364066193423,-1.1477541371159004,-434.99999999997453,1940.713,1926.168,1917.798,11.602222222222053,1,1906.195777777778
D3_F_short_1h_bb,-1,2022-03-21 13:00:00+00:00,2022-03-21 12:59:00+00:00,1924.3980000000001,1928.813,2022-03-21 13:49:00+00:00,stop,-4.365000000000009,-4.534999999999918,4.414999999999964,-1.02718006795016,-0.9886749716874395,1.4360135900340198,-1.4156285390713594,-453.4999999999918,1928.848,1928.803,1921.858,6.967499999999973,1,1914.8905
D3_F_short_1h_bb,-1,2022-03-22 21:00:00+00:00,2022-03-22 20:59:00+00:00,1921.238,1924.813,2022-03-23 01:59:00+00:00,close_exit,1.1849999999999454,0.8149999999999908,3.5750000000000455,0.2279720279720225,0.33146853146851196,1.5622377622377526,-0.24615384615380995,81.49999999999909,1930.803,1924.803,1910.508,18.295000000000073,2,1892.213
D3_F_short_1h_bb,-1,2022-03-28 16:00:00+00:00,2022-03-28 15:59:00+00:00,1934.489,1945.533,2022-03-29 12:50:00+00:00,target,32.790307692307806,32.67030769230785,11.043999999999869,2.95819519126297,2.9690608196584747,3.027073524085516,-0.516026801883388,3267.030769230785,1959.053,1945.523,1925.197,23.448307692307708,2,1901.7486923076922
D3_F_short_1h_bb,-1,2022-04-05 04:00:00+00:00,2022-04-05 03:59:00+00:00,1928.118,1933.818,2022-04-05 07:59:00+00:00,close_exit,-4.3400000000001455,-4.7100000000001,5.7000000000000455,-0.8263157894736952,-0.7614035087719493,0.26491228070175066,-0.9719298245614293,-471.00000000001,1936.878,1933.808,1924.248,12.246249999999918,1,1912.0017500000001
D3_F_short_1h_bb,-1,2022-04-05 11:00:00+00:00,2022-04-05 10:59:00+00:00,1929.452,1933.468,2022-04-05 13:46:00+00:00,stop,-3.966000000000122,-4.136000000000031,4.016000000000076,-1.0298804780876376,-0.9875498007968243,1.3132470119521382,-1.383715139442209,-413.6000000000031,1933.808,1933.458,1926.408,7.137500000000273,2,1919.2704999999996
D3_F_short_1h_bb,-1,2022-04-06 06:00:00+00:00,2022-04-06 05:59:00+00:00,1921.528,1925.173,2022-04-06 06:59:00+00:00,close_exit,0.7799999999999727,0.4100000000000182,3.644999999999982,0.11248285322359951,0.2139917695473187,0.16186556927295503,-0.7928669410151206,41.00000000000182,1944.463,1925.163,1916.543,10.374545454545569,1,1906.1684545454543
D3_F_short_1h_bb,-1,2022-04-06 19:00:00+00:00,2022-04-06 18:59:00+00:00,1921.008,1931.828,2022-04-07 10:59:00+00:00,close_exit,-6.344000000000051,-6.714000000000006,10.819999999999936,-0.6205175600739413,-0.5863216266173834,0.4852125693160842,-0.7957486136783688,-671.4000000000005,1933.348,1931.818,1918.108,14.627999999999929,1,1903.48
D3_F_short_1h_bb,-1,2022-04-08 05:00:00+00:00,2022-04-08 04:59:00+00:00,1930.722,1935.378,2022-04-08 11:59:00+00:00,close_exit,-3.0,-3.3699999999999544,4.655999999999949,-0.7237972508591046,-0.6443298969072235,0.6387457044673465,-0.8496563573883535,-336.99999999999545,1937.708,1935.368,1929.398,7.1400000000001,1,1922.2579999999998
D3_F_short_1h_bb,-1,2022-04-14 06:00:00+00:00,2022-04-14 05:59:00+00:00,1975.431,1980.258,2022-04-14 14:53:00+00:00,target,9.08722222222218,8.967222222222226,4.826999999999998,1.857721612227518,1.882581773818559,2.0764449968924623,-0.9316345556246266,896.7222222222226,1981.482,1980.248,1973.458,7.06422222222227,1,1966.3937777777778
D3_F_short_1h_bb,-1,2022-04-14 21:00:00+00:00,2022-04-14 20:59:00+00:00,1971.518,1975.058,2022-04-14 21:58:00+00:00,close_exit,-1.650000000000091,-2.0200000000000453,3.5399999999999636,-0.5706214689265723,-0.4661016949152847,0.0,-0.5819209039547928,-202.00000000000452,1979.728,1975.048,1960.412,17.44399999999996,1,1942.968
D3_F_short_1h_bb,-1,2022-04-20 03:00:00+00:00,2022-04-20 02:59:00+00:00,1945.188,1951.4279999999999,2022-04-20 03:59:00+00:00,close_exit,-1.2999999999999545,-1.6699999999999091,6.239999999999782,-0.2676282051281999,-0.20833333333333334,0.18605769230770813,-0.44230769230770633,-166.9999999999909,1981.848,1951.418,1943.588,16.95900000000006,1,1926.629
D3_F_short_1h_bb,-1,2022-04-21 17:00:00+00:00,2022-04-21 16:59:00+00:00,1939.835,1949.508,2022-04-21 18:59:00+00:00,close_exit,-7.207000000000107,-7.577000000000062,9.673000000000002,-0.7833143802336463,-0.7450635790344367,0.1512457355525654,-0.9146076708363463,-757.7000000000062,1953.918,1949.498,1936.632,14.128857142856987,2,1922.503142857143
D3_F_short_1h_bb,-1,2022-04-22 17:00:00+00:00,2022-04-22 16:59:00+00:00,1938.9180000000001,1946.295,2022-04-25 11:38:00+00:00,target,27.67085714285713,27.550857142857176,7.376999999999953,3.734696644009401,3.7509634191212293,3.877592517283476,-0.27111291853056974,2755.0857142857176,1955.482,1946.285,1929.448,18.15085714285715,1,1911.297142857143
D3_F_short_1h_bb,-1,2022-04-27 03:00:00+00:00,2022-04-27 02:59:00+00:00,1901.938,1906.888,2022-04-27 13:19:00+00:00,stop,-4.899999999999864,-5.069999999999773,4.949999999999818,-1.024242424242416,-0.9898989898989987,3.0848484848485946,-1.0424242424242514,-506.99999999997726,1911.108,1906.878,1896.378,12.38000000000011,1,1883.9979999999998
D3_F_short_1h_bb,-1,2022-05-04 19:00:00+00:00,2022-05-04 18:59:00+00:00,1866.6480000000001,1870.768,2022-05-04 19:00:00+00:00,stop,-4.069999999999936,-4.239999999999846,4.119999999999891,-1.0291262135922228,-0.9878640776699136,0.5097087378641243,-1.3834951456310605,-423.99999999998454,1872.008,1870.758,1863.628,7.380000000000109,1,1856.2479999999998
D3_F_short_1h_bb,-1,2022-05-06 09:00:00+00:00,2022-05-06 08:59:00+00:00,1873.943,1877.798,2022-05-06 09:24:00+00:00,stop,-3.8050000000000637,-3.9749999999999726,3.855000000000018,-1.0311284046692488,-0.9870298313878199,0.19066147859919494,-1.0674448767833955,-397.49999999999727,1880.935,1877.788,1866.001,13.185666666666748,2,1852.8153333333332
D3_F_short_1h_bb,-1,2022-05-09 17:00:00+00:00,2022-05-09 16:59:00+00:00,1861.172,1871.458,2022-05-10 04:59:00+00:00,close_exit,-2.9860000000001037,-3.356000000000058,10.286000000000058,-0.3262687147579272,-0.2902974917363491,0.9152245770950743,-0.48959751118024786,-335.6000000000058,1885.558,1871.448,1856.108,18.162000000000035,2,1837.946
D3_F_short_1h_bb,-1,2022-05-23 22:00:00+00:00,2022-05-23 21:59:00+00:00,1853.198,1858.728,2022-05-24 04:59:00+00:00,close_exit,-2.3599999999999,-2.7299999999998543,5.529999999999973,-0.49367088607592546,-0.4267631103073981,0.6853526220614796,-0.5063291139240449,-272.99999999998545,1865.334,1858.718,1846.948,12.59699999999998,1,1834.351
D3_F_short_1h_bb,-1,2022-05-30 17:00:00+00:00,2022-05-30 16:59:00+00:00,1855.615,1861.063,2022-05-31 01:57:00+00:00,target,9.136285714285805,9.01628571428585,5.448000000000093,1.6549716803020735,1.6769981120201265,1.6826358296622175,-0.25201908957416,901.628571428585,1863.883,1861.053,1853.993,7.464285714285779,1,1846.5287142857142
D3_F_short_1h_bb,-1,2022-06-01 06:00:00+00:00,2022-06-01 05:59:00+00:00,1833.288,1837.958,2022-06-01 07:59:00+00:00,close_exit,-0.16000000000008185,-0.5300000000000364,4.670000000000073,-0.11349036402570196,-0.03426124197003841,0.7601713062098285,-0.43254817987150973,-53.000000000003645,1855.313,1837.948,1833.148,6.247083333333421,2,1826.9009166666665
D3_F_short_1h_bb,-1,2022-06-06 08:00:00+00:00,2022-06-06 07:59:00+00:00,1853.738,1856.528,2022-06-06 10:59:00+00:00,close_exit,-0.009999999999990905,-0.37999999999994544,2.7899999999999636,-0.13620071684586035,-0.0035842293906777904,0.9784946236559332,-0.8028673835125585,-37.99999999999454,1867.738,1856.518,1847.273,16.257500000000164,2,1831.0154999999997
D3_F_short_1h_bb,-1,2022-06-07 08:00:00+00:00,2022-06-07 07:59:00+00:00,1841.338,1844.383,2022-06-07 08:11:00+00:00,stop,-2.9950000000001182,-3.165000000000027,3.0450000000000728,-1.0394088669950579,-0.9835796387520679,0.0,-1.1126436781609415,-316.50000000000273,1857.748,1844.373,1836.923,10.125,1,1826.798
D3_F_short_1h_bb,-1,2022-06-08 11:00:00+00:00,2022-06-08 10:59:00+00:00,1849.353,1851.1779999999999,2022-06-08 11:11:00+00:00,stop,-1.7749999999998636,-1.9449999999997727,1.824999999999818,-1.065753424657516,-0.9726027397260496,0.0,-1.139726027397334,-194.49999999997726,1853.608,1851.168,1845.658,6.555714285714203,2,1839.1022857142857
D3_F_short_1h_bb,-1,2022-06-09 02:00:00+00:00,2022-06-09 01:59:00+00:00,1851.778,1854.318,2022-06-09 03:59:00+00:00,close_exit,-1.0050000000001091,-1.3750000000000637,2.5399999999999636,-0.5413385826771981,-0.3956692913386313,0.3228346456692709,-0.9409448818898166,-137.50000000000637,1859.573,1854.308,1848.828,6.357500000000073,1,1842.4705
D3_F_short_1h_bb,-1,2022-06-09 21:00:00+00:00,2022-06-09 20:59:00+00:00,1846.958,1850.458,2022-06-10 08:59:00+00:00,close_exit,1.6140000000000327,1.2440000000000782,3.5,0.35542857142859374,0.4611428571428665,1.05714285714287,-0.3931428571428504,124.40000000000782,1852.531,1850.448,1839.91,11.787799999999834,2,1828.1222000000002
D3_F_short_1h_bb,-1,2022-06-20 01:00:00+00:00,2022-06-20 00:59:00+00:00,1838.268,1841.768,2022-06-20 01:59:00+00:00,close_exit,-1.3600000000001273,-1.730000000000082,3.5,-0.4942857142857377,-0.3885714285714649,0.3257142857142493,-0.6742857142857507,-173.00000000000819,1852.953,1841.758,1833.714,9.44337500000006,1,1824.2706249999999
D3_F_short_1h_bb,-1,2022-06-20 17:00:00+00:00,2022-06-20 16:59:00+00:00,1838.068,1843.158,2022-06-21 01:59:00+00:00,close_exit,-2.7970000000000255,-3.16699999999998,5.089999999999918,-0.6222003929273144,-0.549508840864454,0.4970530451866431,-0.7111984282908008,-316.699999999998,1845.998,1843.148,1836.303,7.699999999999818,1,1828.6030000000003
D3_F_short_1h_bb,-1,2022-06-21 06:00:00+00:00,2022-06-21 05:59:00+00:00,1838.449,1842.338,2022-06-21 15:36:00+00:00,stop,-3.838999999999942,-4.008999999999851,3.8889999999998963,-1.030856261249668,-0.9871432244793119,1.9496014399589379,-1.0051427102082753,-400.8999999999851,1843.148,1842.328,1835.338,7.445555555555529,2,1827.8924444444444
D3_F_short_1h_bb,-1,2022-06-22 01:00:00+00:00,2022-06-22 00:59:00+00:00,1831.275,1834.563,2022-06-22 03:59:00+00:00,close_exit,3.5470000000000255,3.177000000000071,3.288000000000011,0.9662408759124271,1.078771289537717,1.7052919708029053,-0.14385644768855071,317.7000000000071,1843.518,1834.553,1828.424,7.623166666666748,1,1820.8008333333332
D3_F_short_1h_bb,-1,2022-06-22 11:00:00+00:00,2022-06-22 10:59:00+00:00,1828.468,1830.298,2022-06-22 11:30:00+00:00,stop,-1.7799999999999727,-1.9499999999998818,1.8299999999999272,-1.0655737704917811,-0.972677595628439,0.5945355191256878,-1.1038251366120557,-194.99999999998818,1834.553,1830.288,1824.084,6.630499999999984,2,1817.4535
D3_F_short_1h_bb,-1,2022-06-24 12:00:00+00:00,2022-06-24 11:59:00+00:00,1825.0430000000001,1831.696,2022-06-24 15:59:00+00:00,close_exit,-1.2349999999999,-1.6049999999998545,6.652999999999793,-0.2412445513302126,-0.18563054261234607,1.1941981061176028,-0.6049902299714398,-160.49999999998545,1846.238,1831.686,1821.258,11.283999999999878,1,1809.9740000000002
D3_F_short_1h_bb,-1,2022-06-24 21:00:00+00:00,2022-06-24 20:59:00+00:00,1824.058,1831.233,2022-06-26 23:00:00+00:00,stop,-7.125,-13.637999999999984,7.1749999999999545,-1.9007665505226579,-0.9930313588850237,0.0,-2.1609756097561266,-1363.7999999999984,1831.686,1831.223,1816.898,14.44074999999998,2,1802.45725
D3_F_short_1h_bb,-1,2022-06-27 21:00:00+00:00,2022-06-27 20:59:00+00:00,1822.405,1826.958,2022-06-27 23:59:00+00:00,close_exit,0.15699999999992542,-0.2130000000000291,4.553000000000111,-0.04678234131342498,0.03448275862067243,0.14539863826049162,-0.29167581814187177,-21.30000000000291,1840.948,1826.948,1820.678,9.069999999999936,1,1811.6080000000002
D3_F_short_1h_bb,-1,2022-06-28 16:00:00+00:00,2022-06-28 15:59:00+00:00,1821.208,1826.673,2022-06-29 01:59:00+00:00,close_exit,1.5399999999999636,1.170000000000009,5.464999999999918,0.21408966148216405,0.2817932296431815,0.523330283623087,-0.4922232387923321,117.00000000000091,1829.412,1826.663,1820.228,7.1222499999998945,1,1813.1057500000002
D3_F_short_1h_bb,-1,2022-06-29 05:00:00+00:00,2022-06-29 04:59:00+00:00,1820.573,1822.978,2022-06-29 10:32:00+00:00,target,7.910833333333585,7.79083333333363,2.4049999999999727,3.2394317394318994,3.289327789327931,3.490644490644523,-0.7920997920997898,779.083333333363,1826.663,1822.968,1818.148,5.4358333333334485,2,1812.7121666666665
D3_F_short_1h_bb,-1,2022-06-30 06:00:00+00:00,2022-06-30 05:59:00+00:00,1815.988,1821.933,2022-06-30 13:42:00+00:00,stop,-5.894999999999982,-6.064999999999891,5.944999999999936,-1.0201850294364938,-0.9915895710681321,2.2153069806560493,-1.3137089991589619,-606.4999999999891,1832.958,1821.923,1814.806,16.454307692307793,1,1798.3516923076922
D3_F_short_1h_bb,-1,2022-07-04 18:00:00+00:00,2022-07-04 17:59:00+00:00,1806.688,1810.888,2022-07-05 02:39:00+00:00,stop,-4.149999999999864,-4.319999999999773,4.199999999999818,-1.0285714285714191,-0.9880952380952484,0.054761904761911465,-1.014285714285756,-431.99999999997726,1814.198,1810.878,1803.836,8.148666666666713,1,1795.6873333333333
D3_F_short_1h_bb,-1,2022-07-08 06:00:00+00:00,2022-07-08 05:59:00+00:00,1741.738,1746.518,2022-07-08 15:31:00+00:00,stop,-4.730000000000018,-4.8999999999999275,4.779999999999973,-1.0251046025104509,-0.9895397489539843,1.8031380753138,-1.056485355648532,-489.9999999999927,1749.014,1746.508,1738.598,9.163000000000011,1,1729.435
D3_F_short_1h_bb,-1,2022-07-11 07:00:00+00:00,2022-07-11 06:59:00+00:00,1740.2640000000001,1743.384,2022-07-11 14:59:00+00:00,close_exit,-0.8299999999999272,-1.1999999999998818,3.119999999999891,-0.3846153846153602,-0.26602564102562704,2.0865384615385314,-0.8182692307692221,-119.99999999998818,1744.528,1743.374,1738.358,5.304499999999962,2,1733.0535
D3_F_short_1h_bb,-1,2022-07-12 14:00:00+00:00,2022-07-12 13:59:00+00:00,1731.968,1739.0339999999999,2022-07-13 03:59:00+00:00,close_exit,3.9700000000000273,3.600000000000073,7.0659999999998035,0.5094820266063081,0.5618454571186156,1.2878573450326054,-0.30002830455702656,360.0000000000073,1744.098,1739.024,1725.468,15.730571428571238,1,1709.7374285714288
D3_F_short_1h_bb,-1,2022-07-13 06:00:00+00:00,2022-07-13 05:59:00+00:00,1725.574,1728.664,2022-07-13 08:55:00+00:00,stop,-3.0399999999999636,-3.2099999999998725,3.089999999999918,-1.038834951456297,-0.9838187702265515,0.9792880258900154,-1.0142394822006788,-320.99999999998727,1739.308,1728.654,1722.668,7.508000000000038,1,1715.1599999999999
D3_F_short_1h_bb,-1,2022-07-14 07:00:00+00:00,2022-07-14 06:59:00+00:00,1727.4080000000001,1733.474,2022-07-14 08:06:00+00:00,target,11.328399999999874,11.20839999999992,6.0659999999998035,1.8477415100560965,1.8675239037257239,2.0128585558853334,-0.26046818331684446,1120.839999999992,1736.2,1733.464,1725.344,9.214399999999841,2,1716.1296000000002
D3_F_short_1h_bb,-1,2022-07-15 17:00:00+00:00,2022-07-15 16:59:00+00:00,1704.509,1713.974,2022-07-18 02:18:00+00:00,stop,-9.414999999999964,-9.584999999999873,9.464999999999918,-1.0126782884310572,-0.9947173798203957,0.13217115689381798,-1.0190174326465995,-958.4999999999873,1716.518,1713.964,1699.898,14.298181818181774,1,1685.5998181818181
D3_F_short_1h_bb,-1,2022-07-19 20:00:00+00:00,2022-07-19 19:59:00+00:00,1709.978,1715.194,2022-07-19 21:59:00+00:00,close_exit,-1.490000000000009,-1.8599999999999637,5.2159999999998945,-0.35659509202454015,-0.2856595092024615,0.0,-0.5310582822085962,-185.99999999999636,1718.321,1715.184,1708.448,9.08874999999989,1,1699.3592500000002
D3_F_short_1h_bb,-1,2022-07-25 02:00:00+00:00,2022-07-25 01:59:00+00:00,1720.368,1728.158,2022-07-25 02:59:00+00:00,close_exit,-4.070000000000164,-4.4400000000001185,7.789999999999964,-0.569961489088593,-0.5224646983312173,0.051347881899854356,-0.6418485237483984,-444.0000000000118,1739.253,1728.148,1720.264,12.64328571428564,1,1707.6207142857143
D3_F_short_1h_bb,-1,2022-07-26 17:00:00+00:00,2022-07-26 16:59:00+00:00,1716.868,1721.828,2022-07-26 17:59:00+00:00,close_exit,-2.116000000000213,-2.486000000000167,4.960000000000036,-0.5012096774193848,-0.4266129032258462,0.03024193548384324,-0.5274193548387487,-248.6000000000167,1727.854,1721.818,1713.534,9.289999999999964,2,1704.2440000000001
D3_F_short_1h_bb,-1,2022-07-29 21:00:00+00:00,2022-07-29 20:59:00+00:00,1761.252,1767.104,2022-08-01 08:16:00+00:00,stop,-5.802000000000135,-5.972000000000044,5.852000000000089,-1.0205058099794861,-0.991455912508552,0.4859876965139748,-1.0109364319890768,-597.2000000000044,1767.784,1767.094,1751.928,15.242666666666537,1,1736.6853333333336
D3_F_short_1h_bb,-1,2022-08-03 09:00:00+00:00,2022-08-03 08:59:00+00:00,1766.044,1770.578,2022-08-03 12:59:00+00:00,close_exit,0.6520000000000437,0.2820000000000891,4.533999999999878,0.06219673577417219,0.14380238200266016,1.2492280546978694,-0.5322011468901799,28.200000000008913,1787.928,1770.568,1754.828,22.25,1,1732.578
D3_F_short_1h_bb,-1,2022-08-04 00:00:00+00:00,2022-08-03 23:59:00+00:00,1763.238,1766.184,2022-08-04 00:59:00+00:00,close_exit,-0.3269999999999982,-0.6969999999999528,2.9459999999999127,-0.23659198913780496,-0.11099796334012488,0.0,-0.4854039375424664,-69.69999999999527,1772.662,1766.174,1754.198,17.382666666666637,1,1736.8153333333335
D3_F_short_1h_bb,-1,2022-08-15 16:00:00+00:00,2022-08-15 15:59:00+00:00,1778.897,1786.338,2022-08-15 17:59:00+00:00,close_exit,-3.6970000000001164,-4.067000000000071,7.441000000000031,-0.5465663217309574,-0.49684182233572116,0.16341889530975534,-0.5653809971778108,-406.7000000000071,1801.588,1786.328,1772.818,14.89727272727282,2,1757.9207272727272
D3_F_short_1h_bb,-1,2022-08-17 22:00:00+00:00,2022-08-17 21:59:00+00:00,1761.4180000000001,1770.154,2022-08-18 01:59:00+00:00,close_exit,-3.7999999999999545,-4.169999999999909,8.735999999999876,-0.4773351648351612,-0.43498168498168593,0.023809523809533724,-0.5662774725274679,-416.9999999999909,1782.194,1770.144,1759.714,12.438333333333503,1,1747.2756666666664
D3_F_short_1h_bb,-1,2022-08-18 05:00:00+00:00,2022-08-18 04:59:00+00:00,1762.164,1767.404,2022-08-18 09:59:00+00:00,close_exit,-3.8600000000001273,-4.230000000000082,5.240000000000009,-0.8072519083969608,-0.7366412213740688,0.23587786259539584,-0.8137404580152894,-423.0000000000082,1770.144,1767.394,1761.01,7.7590000000000146,2,1753.251
D3_F_short_1h_bb,-1,2022-08-19 00:00:00+00:00,2022-08-18 23:59:00+00:00,1757.1580000000001,1761.154,2022-08-19 00:59:00+00:00,close_exit,-1.1699999999998454,-1.5399999999998,3.995999999999867,-0.3853853853853481,-0.2927927927927638,0.0,-0.5255255255255202,-153.99999999998,1772.294,1761.144,1755.218,8.713500000000067,1,1746.5045
D3_F_short_1h_bb,-1,2022-08-19 10:00:00+00:00,2022-08-19 09:59:00+00:00,1754.034,1757.298,2022-08-19 13:42:00+00:00,stop,-3.213999999999942,-3.3839999999998507,3.2639999999998963,-1.0367647058823402,-0.9846813725490331,1.257965686274548,-1.1084558823529573,-338.3999999999851,1761.144,1757.288,1751.654,6.4051999999999225,2,1745.2488
D3_F_short_1h_bb,-1,2022-08-22 18:00:00+00:00,2022-08-22 17:59:00+00:00,1734.959,1739.94,2022-08-22 21:59:00+00:00,close_exit,-0.95900000000006,-1.3290000000000146,4.9809999999999945,-0.26681389279261514,-0.19253162015660732,0.2158201164424908,-0.5808070668540518,-132.90000000000146,1748.958,1739.93,1727.668,13.903454545454679,1,1713.7645454545452
D3_F_short_1h_bb,-1,2022-08-23 00:00:00+00:00,2022-08-22 23:59:00+00:00,1735.558,1737.662,2022-08-23 01:27:00+00:00,stop,-2.0540000000000873,-2.223999999999996,2.104000000000042,-1.0570342205322967,-0.976235741444889,0.6240494296577226,-1.0394486692015599,-222.3999999999996,1739.93,1737.652,1733.684,4.879200000000083,2,1728.8048
D3_F_short_1h_bb,-1,2022-08-25 21:00:00+00:00,2022-08-25 20:59:00+00:00,1757.214,1759.788,2022-08-25 21:59:00+00:00,close_exit,-1.22400000000016,-1.5940000000001147,2.574000000000069,-0.6192696192696472,-0.4755244755245249,0.0,-0.6620046620047135,-159.40000000001146,1765.368,1759.778,1752.294,10.278999999999769,1,1742.0150000000003
D3_F_short_1h_bb,-1,2022-08-26 02:00:00+00:00,2022-08-26 01:59:00+00:00,1755.208,1758.778,2022-08-26 07:30:00+00:00,stop,-3.519999999999982,-3.6899999999998907,3.5699999999999363,-1.0336134453781392,-0.9859943977591161,0.788235294117683,-1.0084033613445302,-368.9999999999891,1759.778,1758.768,1754.828,4.445000000000164,2,1750.3829999999998
D3_F_short_1h_bb,-1,2022-08-31 00:00:00+00:00,2022-08-30 23:59:00+00:00,1722.738,1726.198,2022-08-31 00:59:00+00:00,close_exit,-0.41000000000008185,-0.7800000000000364,3.4600000000000364,-0.22543352601156885,-0.118497109826612,0.0,-0.25028901734103365,-78.00000000000364,1737.838,1726.188,1721.098,10.38545454545465,1,1710.7125454545453
D3_F_short_1h_bb,-1,2022-08-31 18:00:00+00:00,2022-08-31 17:59:00+00:00,1716.034,1723.398,2022-09-01 15:02:00+00:00,target,21.70711111111109,21.587111111111135,7.363999999999805,2.9314382280162556,2.9477337195969127,3.037208039109258,-0.052960347637137827,2158.7111111111135,1726.428,1723.388,1709.558,15.181111111111022,1,1694.376888888889
D3_F_short_1h_bb,-1,2022-09-01 20:00:00+00:00,2022-09-01 19:59:00+00:00,1694.434,1699.598,2022-09-01 21:59:00+00:00,close_exit,-2.814000000000078,-3.1840000000000326,5.163999999999987,-0.6165762974438498,-0.5449264136328592,0.01355538342369026,-0.672734314484928,-318.4000000000033,1708.604,1699.588,1688.668,13.496000000000095,1,1675.1719999999998
D3_F_short_1h_bb,-1,2022-09-02 04:00:00+00:00,2022-09-02 03:59:00+00:00,1698.558,1699.174,2022-09-02 04:01:00+00:00,stop,-0.5660000000000309,-0.73599999999994,0.6159999999999854,-1.1948051948051257,-0.9188311688312407,0.08766233766211236,-1.6720779220779174,-73.599999999994,1699.588,1699.164,1694.164,5.181714285714179,2,1688.9822857142858
D3_F_short_1h_bb,-1,2022-09-05 09:00:00+00:00,2022-09-05 08:59:00+00:00,1710.5810000000001,1713.958,2022-09-05 09:36:00+00:00,stop,-3.326999999999998,-3.496999999999907,3.3769999999999527,-1.0355344980752017,-0.9851939591353405,0.0,-1.0610008883624242,-349.6999999999907,1717.878,1713.948,1707.574,7.583230769230795,1,1699.9907692307693
D3_F_short_1h_bb,-1,2022-09-09 20:00:00+00:00,2022-09-09 19:59:00+00:00,1715.508,1720.204,2022-09-09 21:59:00+00:00,close_exit,-0.38000000000010914,-0.7500000000000637,4.695999999999913,-0.15971039182284447,-0.08091993185692424,0.1639693356047692,-0.5336456558773706,-75.00000000000637,1729.264,1720.194,1711.258,13.470999999999776,2,1697.7870000000003
D3_F_short_1h_bb,-1,2022-09-14 08:00:00+00:00,2022-09-14 07:59:00+00:00,1700.714,1704.998,2022-09-14 08:59:00+00:00,close_exit,-2.2940000000000964,-2.6640000000000508,4.2840000000001055,-0.6218487394957949,-0.5354808590102801,0.403127917833758,-0.8496732026143815,-266.4000000000051,1731.71,1704.988,1696.934,32.99453333333349,1,1663.9394666666665
D3_F_short_1h_bb,-1,2022-09-15 03:00:00+00:00,2022-09-15 02:59:00+00:00,1695.844,1698.134,2022-09-15 06:03:00+00:00,target,9.648999999999887,9.528999999999932,2.2899999999999636,4.161135371179076,4.213537117903948,4.238427947598279,-0.3423580786026716,952.8999999999933,1707.014,1698.124,1693.518,7.272999999999911,1,1686.2450000000001
D3_F_short_1h_bb,-1,2022-09-23 05:00:00+00:00,2022-09-23 04:59:00+00:00,1668.9750000000001,1675.848,2022-09-23 10:51:00+00:00,target,15.919500000000198,15.799500000000243,6.87299999999982,2.298777826276831,2.3162374508948953,2.3644696639023177,-0.7686599738105689,1579.9500000000244,1684.788,1675.838,1667.828,14.722500000000082,1,1653.1055
D3_F_short_1h_bb,-1,2022-10-03 10:00:00+00:00,2022-10-03 09:59:00+00:00,1662.9360000000001,1668.195,2022-10-03 13:22:00+00:00,stop,-5.208999999999833,-5.378999999999742,5.258999999999787,-1.0228180262407225,-0.9904924890663707,0.5972618368511511,-1.0956455599924275,-537.8999999999742,1669.385,1668.185,1661.815,6.6099999999999,1,1655.2050000000002
D3_F_short_1h_bb,-1,2022-10-05 16:00:00+00:00,2022-10-05 15:59:00+00:00,1707.094,1714.108,2022-10-05 16:59:00+00:00,close_exit,-1.83400000000006,-2.2040000000000144,7.013999999999896,-0.3142286854861772,-0.26147704590819604,0.00228115198176171,-0.460507556315949,-220.40000000000143,1727.664,1714.098,1703.068,15.551999999999907,1,1687.516
D3_F_short_1h_bb,-1,2022-10-06 16:00:00+00:00,2022-10-06 15:59:00+00:00,1711.892,1719.523,2022-10-06 19:59:00+00:00,close_exit,-0.8849999999999909,-1.2549999999999455,7.630999999999858,-0.16446075219499,-0.11597431529288525,0.6394967894116367,-0.34019132485913406,-125.49999999999454,1725.434,1719.513,1710.768,9.92919999999981,1,1700.8388000000002
D3_F_short_1h_bb,-1,2022-10-07 00:00:00+00:00,2022-10-06 23:59:00+00:00,1711.684,1715.094,2022-10-07 03:59:00+00:00,close_exit,0.07999999999992724,-0.2900000000000273,3.410000000000082,-0.08504398826980068,0.02346041055716285,0.6997067448680088,-0.5495601173020466,-29.00000000000273,1719.513,1715.084,1706.812,10.170142857142991,2,1696.641857142857
D3_F_short_1h_bb,-1,2022-10-07 20:00:00+00:00,2022-10-07 19:59:00+00:00,1696.5140000000001,1707.128,2022-10-10 12:41:00+00:00,target,19.211000000000013,19.091000000000058,10.613999999999805,1.7986621443377058,1.8099679668362885,1.8208027133974352,-0.3203316374599516,1909.1000000000058,1713.284,1707.118,1693.777,16.423999999999978,2,1677.353
D3_F_short_1h_bb,-1,2022-10-11 12:00:00+00:00,2022-10-11 11:59:00+00:00,1666.815,1669.7549999999999,2022-10-11 12:24:00+00:00,stop,-2.8899999999998727,-3.0599999999997816,2.939999999999827,-1.0408163265305992,-0.982993197278926,0.0,-1.2278911564626231,-305.9999999999782,1673.538,1669.745,1661.308,11.688142857142793,1,1649.6198571428572
D3_F_short_1h_bb,-1,2022-10-13 21:00:00+00:00,2022-10-13 20:59:00+00:00,1663.738,1672.458,2022-10-14 02:59:00+00:00,close_exit,-4.057000000000016,-4.426999999999971,8.720000000000027,-0.5076834862385272,-0.4652522935779821,0.535550458715603,-0.5538990825687973,-442.6999999999971,1682.336,1672.448,1642.288,36.75199999999995,1,1605.536
D3_F_short_1h_bb,-1,2022-10-14 10:00:00+00:00,2022-10-14 09:59:00+00:00,1660.568,1671.665,2022-10-14 15:00:00+00:00,target,14.867416666666713,14.747416666666759,11.09699999999998,1.3289552731969707,1.3397690066384373,1.3742452915202332,-0.3144994142561066,1474.7416666666759,1672.448,1671.655,1658.868,13.117416666666713,2,1645.7505833333332
D3_F_short_1h_bb,-1,2022-10-18 17:00:00+00:00,2022-10-18 16:59:00+00:00,1649.578,1657.238,2022-10-19 08:01:00+00:00,target,9.992500000000064,9.872500000000109,7.660000000000082,1.288838120104439,1.3045039164490806,1.3120104438642097,-0.6449086161879898,987.2500000000109,1657.458,1657.228,1648.518,8.882500000000164,2,1639.6354999999999
D3_F_short_1h_bb,-1,2022-10-21 11:00:00+00:00,2022-10-21 10:59:00+00:00,1625.208,1627.108,2022-10-21 12:08:00+00:00,stop,-1.849999999999909,-2.019999999999818,1.8999999999998636,-1.0631578947368225,-0.9736842105263378,0.5794736842106273,-1.0578947368421765,-201.99999999998178,1628.107,1627.098,1619.668,7.598166666666657,2,1612.0698333333332
D3_F_short_1h_bb,-1,2022-10-24 17:00:00+00:00,2022-10-24 16:59:00+00:00,1651.6380000000001,1654.308,2022-10-24 23:59:00+00:00,close_exit,0.05100000000015825,-0.3189999999997963,2.6699999999998454,-0.11947565543064223,0.019101123595565993,1.4460674157304596,-0.43445692883892195,-31.899999999979627,1658.488,1654.298,1644.197,12.719750000000204,2,1631.4772499999997
D3_F_short_1h_bb,-1,2022-10-27 05:00:00+00:00,2022-10-27 04:59:00+00:00,1664.3980000000001,1670.658,2022-10-28 02:59:00+00:00,close_exit,-1.6489999999998872,-2.0189999999998416,6.2599999999997635,-0.32252396166132874,-0.26341853035142965,1.5223642172524856,-0.8546325878594426,-201.89999999998415,1672.498,1670.648,1663.048,8.422222222222217,2,1654.6257777777778
D3_F_short_1h_bb,-1,2022-10-31 00:00:00+00:00,2022-10-30 23:59:00+00:00,1643.318,1645.558,2022-10-31 02:59:00+00:00,close_exit,2.120999999999867,1.7509999999999126,2.240000000000009,0.7816964285713864,0.9468749999999369,1.1696428571428037,-0.8482142857143229,175.09999999999127,1652.927,1645.548,1637.898,12.261874999999918,2,1625.636125
D3_F_short_1h_bb,-1,2022-11-02 00:00:00+00:00,2022-11-01 23:59:00+00:00,1646.6380000000001,1650.948,2022-11-02 00:59:00+00:00,close_exit,-3.6099999999999,-3.9799999999998543,4.309999999999945,-0.9234338747099546,-0.8375870069605442,0.0,-0.9095127610208573,-397.99999999998545,1656.878,1650.938,1641.928,12.9699999999998,1,1628.9580000000003
D3_F_short_1h_bb,-1,2022-11-03 17:00:00+00:00,2022-11-03 16:59:00+00:00,1626.9270000000001,1631.358,2022-11-03 17:59:00+00:00,close_exit,-2.1909999999998035,-2.560999999999758,4.430999999999813,-0.5779733694425335,-0.4944707740916037,0.0,-0.8781313473256632,-256.0999999999758,1640.858,1631.348,1616.477,17.065615384615285,2,1599.4113846153848
D3_F_short_1h_bb,-1,2022-11-08 04:00:00+00:00,2022-11-08 03:59:00+00:00,1672.6580000000001,1676.588,2022-11-08 08:48:00+00:00,target,5.070000000000164,4.950000000000209,3.9299999999998363,1.25954198473293,1.290076335877958,1.4045801526718096,-0.21374045801525526,495.0000000000209,1681.758,1676.578,1672.367,4.729000000000042,1,1667.638
D3_F_short_1h_bb,-1,2022-11-10 09:00:00+00:00,2022-11-10 08:59:00+00:00,1707.218,1712.478,2022-11-10 12:59:00+00:00,close_exit,-1.8889999999998963,-2.2589999999998507,5.259999999999991,-0.4294676806083374,-0.359125475285152,0.6045627376425987,-0.4239543726235783,-225.89999999998506,1722.168,1712.468,1702.048,17.348571428571404,1,1684.6994285714286
D3_F_short_1h_bb,-1,2022-11-16 02:00:00+00:00,2022-11-16 01:59:00+00:00,1774.237,1785.658,2022-11-16 11:59:00+00:00,close_exit,-9.070999999999913,-9.440999999999867,11.420999999999822,-0.8266351457840833,-0.7942386831275767,0.33884948778567364,-0.9535942561947506,-944.0999999999867,1786.367,1785.648,1767.887,17.904800000000023,1,1749.9822
D3_F_short_1h_bb,-1,2022-11-17 00:00:00+00:00,2022-11-16 23:59:00+00:00,1773.688,1776.048,2022-11-17 03:18:00+00:00,target,10.018000000000029,9.898000000000074,2.3599999999999,4.194067796610379,4.244915254237481,4.250000000000169,-0.4999999999999518,989.8000000000075,1784.928,1776.038,1770.768,7.048000000000002,1,1763.72
D3_F_short_1h_bb,-1,2022-11-23 03:00:00+00:00,2022-11-23 02:59:00+00:00,1741.458,1742.748,2022-11-23 07:37:00+00:00,stop,-1.240000000000009,-1.4099999999999182,1.2899999999999636,-1.093023255813921,-0.9612403100775535,6.51240310077543,-2.0775193798450693,-140.99999999999181,1749.598,1742.738,1736.867,8.157666666666728,1,1728.7093333333332
D3_F_short_1h_bb,-1,2022-11-25 13:00:00+00:00,2022-11-25 12:59:00+00:00,1750.6770000000001,1754.247,2022-11-25 14:59:00+00:00,close_exit,-0.8609999999998763,-1.230999999999831,3.5699999999999363,-0.34481792717082715,-0.24117647058820496,1.296638655462245,-0.5633053221288524,-123.09999999998308,1760.958,1754.237,1749.148,6.209166666666761,1,1742.9388333333332
D3_F_short_1h_bb,-1,2022-11-25 17:00:00+00:00,2022-11-25 16:59:00+00:00,1751.1480000000001,1752.498,2022-11-25 17:07:00+00:00,stop,-1.2999999999999545,-1.4699999999998636,1.349999999999909,-1.0888888888888613,-0.9629629629629941,0.0,-1.3629629629629942,-146.99999999998636,1754.237,1752.488,1745.848,7.077250000000049,2,1738.77075
D3_F_short_1h_bb,-1,2022-11-29 22:00:00+00:00,2022-11-29 21:59:00+00:00,1749.1480000000001,1752.278,2022-11-29 23:59:00+00:00,close_exit,0.4730000000001837,0.10300000000022919,3.1299999999998818,0.032907348242885964,0.1511182108626842,0.17571884984032035,-0.14664536741209264,10.30000000002292,1757.908,1752.268,1748.708,4.9699999999998,1,1743.7380000000003
D3_F_short_1h_bb,-1,2022-12-02 11:00:00+00:00,2022-12-02 10:59:00+00:00,1800.018,1802.908,2022-12-02 13:30:00+00:00,target,13.123333333333449,13.003333333333494,2.8899999999998727,4.499423298731511,4.540945790080978,5.031487889273557,-0.37716262975777376,1300.3333333333494,1804.298,1802.898,1795.388,8.443333333333385,1,1786.9446666666665
D3_F_short_1h_bb,-1,2022-12-06 05:00:00+00:00,2022-12-06 04:59:00+00:00,1772.308,1776.098,2022-12-06 05:59:00+00:00,close_exit,1.6799999999998363,1.3099999999998817,3.7899999999999636,0.3456464379946951,0.44327176780998745,0.9234828496042305,-0.24802110817943632,130.99999999998818,1798.248,1776.088,1766.0,21.16800000000012,2,1744.8319999999999
D3_F_short_1h_bb,-1,2022-12-08 10:00:00+00:00,2022-12-08 09:59:00+00:00,1783.098,1786.987,2022-12-08 12:13:00+00:00,stop,-3.839000000000169,-4.0090000000000785,3.8890000000001237,-1.030856261249666,-0.9871432244793127,0.3034199022884543,-1.0208279763435075,-400.9000000000078,1787.897,1786.977,1781.268,6.23471428571429,2,1775.0332857142857
D3_F_short_1h_bb,-1,2022-12-12 14:00:00+00:00,2022-12-12 13:59:00+00:00,1787.4180000000001,1795.338,2022-12-13 06:59:00+00:00,close_exit,2.0030000000001564,1.6330000000002018,7.919999999999845,0.2061868686868982,0.2529040404040651,1.2375000000000442,-0.35606060606060497,163.3000000000202,1805.998,1795.328,1785.308,13.576666666666597,1,1771.7313333333334
D3_F_short_1h_bb,-1,2022-12-15 17:00:00+00:00,2022-12-15 16:59:00+00:00,1777.998,1785.908,2022-12-15 23:59:00+00:00,close_exit,1.5730000000000928,1.2030000000001382,7.9099999999998545,0.15208596713023517,0.1988621997471709,0.2924146649810549,-0.2528445006321159,120.30000000001382,1796.295,1785.898,1773.608,20.087750000000142,2,1753.5202499999998
D3_F_short_1h_bb,-1,2022-12-19 18:00:00+00:00,2022-12-19 17:59:00+00:00,1789.895,1795.865,2022-12-20 03:08:00+00:00,stop,-5.920000000000073,-6.089999999999982,5.970000000000027,-1.0201005025125551,-0.9916247906197732,0.8693467336683088,-1.067001675041891,-608.9999999999982,1798.637,1795.855,1788.795,7.457428571428409,1,1781.3375714285717
D3_F_short_1h_bb,-1,2022-12-21 11:00:00+00:00,2022-12-21 10:59:00+00:00,1812.928,1817.218,2022-12-21 13:13:00+00:00,stop,-4.240000000000009,-4.409999999999918,4.289999999999964,-1.0279720279720177,-0.9883449883449988,0.2384615384615727,-1.0435897435897201,-440.9999999999918,1819.645,1817.208,1811.827,5.729142857142961,2,1806.097857142857
D3_F_short_1h_bb,-1,2022-12-22 08:00:00+00:00,2022-12-22 07:59:00+00:00,1816.7150000000001,1820.335,2022-12-22 14:28:00+00:00,target,13.701692307692156,13.581692307692201,3.619999999999891,3.751848703782489,3.784997875053196,3.983425414364781,-0.9088397790055422,1358.1692307692201,1823.685,1820.325,1812.728,9.664692307692121,1,1803.063307692308
D3_F_short_1h_bb,-1,2022-12-28 04:00:00+00:00,2022-12-28 03:59:00+00:00,1810.015,1814.425,2022-12-28 04:59:00+00:00,close_exit,-1.5829999999998563,-1.9529999999998109,4.4099999999998545,-0.4428571428571146,-0.3589569160997525,0.0,-0.5290249433106424,-195.29999999998108,1833.215,1814.415,1809.505,6.998888888888814,1,1802.5061111111113
D3_F_short_1h_bb,-1,2022-12-28 17:00:00+00:00,2022-12-28 16:59:00+00:00,1802.315,1809.355,2022-12-29 00:59:00+00:00,close_exit,-3.980000000000018,-4.349999999999973,7.039999999999964,-0.6178977272727266,-0.5653409090909146,0.09659090909091864,-0.9971590909090935,-434.99999999999727,1814.415,1809.345,1799.115,11.789999999999964,2,1787.325
D3_F_short_1h_bb,-1,2023-01-03 17:00:00+00:00,2023-01-03 16:59:00+00:00,1834.115,1849.745,2023-01-04 07:11:00+00:00,stop,-15.579999999999927,-15.749999999999837,15.629999999999882,-1.0076775431861775,-0.9968010236724277,0.001087651951378943,-1.15419065898913,-1574.9999999999836,1849.865,1849.735,1830.755,19.03571428571422,1,1811.719285714286
D3_F_short_1h_bb,-1,2023-01-05 13:00:00+00:00,2023-01-05 12:59:00+00:00,1845.255,1851.058,2023-01-05 13:57:00+00:00,target,11.17650000000026,11.056500000000305,5.802999999999884,1.9053075995175819,1.92598655867663,2.084611407892508,-0.5548854041013427,1105.6500000000306,1855.595,1851.048,1843.725,9.596500000000106,2,1834.1284999999998
D3_F_short_1h_bb,-1,2023-01-10 04:00:00+00:00,2023-01-10 03:59:00+00:00,1871.695,1875.925,2023-01-10 05:59:00+00:00,close_exit,-2.230000000000018,-2.5999999999999726,4.230000000000018,-0.6146572104018821,-0.5271867612293164,0.2080378250590728,-0.8416075650118575,-259.99999999999727,1881.445,1875.915,1867.745,8.722999999999956,1,1859.022
D3_F_short_1h_bb,-1,2023-01-10 08:00:00+00:00,2023-01-10 07:59:00+00:00,1871.875,1875.065,2023-01-10 08:33:00+00:00,stop,-3.1400000000001,-3.310000000000009,3.1900000000000546,-1.0376175548589193,-0.984326018808792,0.03761755485889931,-1.0062695924764833,-331.0000000000009,1875.915,1875.055,1870.615,4.654999999999973,2,1865.96
D3_F_short_1h_bb,-1,2023-01-11 22:00:00+00:00,2023-01-11 21:59:00+00:00,1874.848,1878.408,2023-01-11 23:59:00+00:00,close_exit,-1.9470000000001164,-2.317000000000071,3.5599999999999454,-0.6508426966292433,-0.5469101123595916,0.08426966292133684,-0.8426966292134961,-231.70000000000707,1886.548,1878.398,1867.015,13.827999999999747,1,1853.1870000000004
D3_F_short_1h_bb,-1,2023-01-16 14:00:00+00:00,2023-01-16 13:59:00+00:00,1913.2150000000001,1919.205,2023-01-16 15:59:00+00:00,close_exit,-2.709999999999809,-3.0799999999997634,5.989999999999782,-0.5141903171953047,-0.45242070116859895,0.09348914858100053,-0.6577629382303791,-307.99999999997635,1928.885,1919.195,1910.665,12.163749999999936,1,1898.50125
D3_F_short_1h_bb,-1,2023-01-16 17:59:00+00:00,2023-01-16 17:58:00+00:00,1913.655,1916.965,2023-01-16 23:27:00+00:00,stop,-3.259999999999991,-3.4299999999999,3.3099999999999454,-1.0362537764350321,-0.9848942598187446,0.0,-1.0030211480363198,-342.99999999999,1919.195,1916.955,1911.315,6.7599999999997635,2,1904.5550000000003
D3_F_short_1h_bb,-1,2023-01-17 08:00:00+00:00,2023-01-17 07:59:00+00:00,1909.795,1913.165,2023-01-17 11:59:00+00:00,close_exit,-2.7799999999999727,-3.149999999999927,3.369999999999891,-0.9347181008902163,-0.8249258160237575,1.60830860534132,-0.92581602373887,-314.9999999999927,1918.925,1913.155,1907.987,6.321999999999889,1,1901.6650000000002
D3_F_short_1h_bb,-1,2023-01-18 00:00:00+00:00,2023-01-17 23:59:00+00:00,1908.508,1910.685,2023-01-18 01:59:00+00:00,close_exit,-0.06999999999993634,-0.43999999999989087,2.1769999999999072,-0.20211299954061077,-0.032154340835984986,0.9522278364722927,-0.3445107946715811,-43.999999999989086,1916.545,1910.675,1903.675,7.978333333333239,1,1895.6966666666667
D3_F_short_1h_bb,-1,2023-01-20 18:00:00+00:00,2023-01-20 17:59:00+00:00,1925.045,1930.895,2023-01-20 18:59:00+00:00,close_exit,-4.192999999999984,-4.562999999999938,5.849999999999909,-0.7800000000000016,-0.7167521367521451,0.028717948717969687,-0.8039316239316321,-456.2999999999938,1937.435,1930.885,1920.508,11.312714285714264,1,1909.1952857142858
D3_F_short_1h_bb,-1,2023-01-20 22:00:00+00:00,2023-01-20 21:59:00+00:00,1925.248,1930.868,2023-01-23 00:46:00+00:00,stop,-5.569999999999936,-5.739999999999846,5.619999999999891,-1.0213523131672522,-0.9911032028469831,0.2562277580071321,-1.024911032028488,-573.9999999999845,1930.885,1930.858,1922.685,8.186500000000024,2,1914.4985
D3_F_short_1h_bb,-1,2023-01-23 13:00:00+00:00,2023-01-23 12:59:00+00:00,1926.438,1929.345,2023-01-23 18:47:00+00:00,stop,-2.856999999999971,-3.02699999999988,2.9069999999999254,-1.0412796697626272,-0.9828001375989144,5.156518747850153,-1.030959752321954,-302.699999999988,1935.445,1929.335,1919.0,11.862499999999955,1,1907.1375
D3_F_short_1h_bb,-1,2023-01-25 03:00:00+00:00,2023-01-25 02:59:00+00:00,1935.105,1938.158,2023-01-25 15:07:00+00:00,stop,-3.002999999999929,-3.172999999999838,3.0529999999998836,-1.0393056010481359,-0.9836226662299521,4.981329839502346,-1.2260072060268854,-317.2999999999838,1939.278,1938.148,1917.065,21.78924999999981,2,1895.2757500000002
D3_F_short_1h_bb,-1,2023-01-30 03:00:00+00:00,2023-01-30 02:59:00+00:00,1926.2250000000001,1931.908,2023-01-30 04:28:00+00:00,stop,-5.632999999999811,-5.80299999999972,5.682999999999765,-1.0211156079535386,-0.9912018300193636,0.31638219250397254,-1.0158367059651856,-580.299999999972,1932.105,1931.898,1925.475,6.561000000000149,2,1918.9139999999998
D3_F_short_1h_bb,-1,2023-01-30 15:00:00+00:00,2023-01-30 14:59:00+00:00,1925.105,1930.625,2023-01-31 01:59:00+00:00,close_exit,0.03999999999996362,-0.3299999999999909,5.519999999999982,-0.059782608695650725,0.007246376811587636,0.7554347826087113,-0.7753623188405773,-32.99999999999909,1934.425,1930.615,1920.585,11.299999999999955,1,1909.285
D3_F_short_1h_bb,-1,2023-01-31 04:00:00+00:00,2023-01-31 03:59:00+00:00,1920.885,1927.278,2023-01-31 06:06:00+00:00,target,8.127583333333405,8.00758333333345,6.393000000000029,1.252554877730864,1.271325407998337,1.293602377600492,-0.17362740497420964,800.758333333345,1930.615,1927.268,1920.735,7.927583333333359,2,1912.8074166666665
D3_F_short_1h_bb,-1,2023-02-01 10:00:00+00:00,2023-02-01 09:59:00+00:00,1924.935,1928.347,2023-02-01 11:25:00+00:00,stop,-3.36200000000008,-3.531999999999989,3.4120000000000346,-1.0351699882766567,-0.9853458382180674,0.3165298944900106,-1.1459554513481953,-353.1999999999989,1928.665,1928.337,1924.418,4.137666666666746,2,1920.2803333333331
D3_F_short_1h_bb,-1,2023-02-08 21:00:00+00:00,2023-02-08 20:59:00+00:00,1875.115,1879.7549999999999,2023-02-09 01:59:00+00:00,close_exit,-1.5900000000001455,-1.9600000000001,4.639999999999873,-0.4224137931034814,-0.3426724137931442,0.6480603448276173,-0.4116379310345117,-196.00000000001,1886.345,1879.745,1868.898,13.48700000000008,1,1855.4109999999998
D3_F_short_1h_bb,-1,2023-02-13 02:00:00+00:00,2023-02-13 01:59:00+00:00,1861.295,1865.508,2023-02-13 06:35:00+00:00,stop,-4.163000000000011,-4.33299999999992,4.212999999999965,-1.028483266081167,-0.9881319724661868,1.0080702587230252,-1.0491336339900568,-433.299999999992,1868.428,1865.498,1856.205,11.124250000000075,2,1845.0807499999999
D3_F_short_1h_bb,-1,2023-02-13 15:00:00+00:00,2023-02-13 14:59:00+00:00,1856.585,1862.955,2023-02-14 01:59:00+00:00,close_exit,0.14000000000010004,-0.2299999999998545,6.369999999999891,-0.036106750392442453,0.02197802197803806,0.9513343799058163,-0.2998430141287464,-22.999999999985448,1866.395,1862.945,1853.687,10.40800000000013,1,1843.2789999999998
D3_F_short_1h_bb,-1,2023-02-15 16:00:00+00:00,2023-02-15 15:59:00+00:00,1834.005,1838.805,2023-02-15 16:59:00+00:00,close_exit,-2.5299999999999727,-2.899999999999927,4.7999999999999545,-0.6041666666666572,-0.5270833333333327,0.5520833333333575,-0.7979166666666591,-289.9999999999927,1859.998,1838.795,1831.735,16.697727272727434,1,1815.0372727272725
D3_F_short_1h_bb,-1,2023-02-15 20:00:00+00:00,2023-02-15 19:59:00+00:00,1835.265,1837.965,2023-02-15 20:58:00+00:00,stop,-2.6499999999998636,-2.8199999999997725,2.699999999999818,-1.0444444444444305,-0.981481481481497,0.12962962962968888,-1.029629629629689,-281.99999999997726,1838.795,1837.955,1830.475,7.900000000000091,2,1822.5749999999998
D3_F_short_1h_bb,-1,2023-02-17 12:00:00+00:00,2023-02-17 11:59:00+00:00,1824.515,1828.085,2023-02-17 12:38:00+00:00,stop,-3.519999999999982,-3.6899999999998907,3.5699999999999363,-1.0336134453781392,-0.9859943977591161,0.0,-1.0448179271708922,-368.9999999999891,1845.158,1828.075,1818.805,10.584076923076964,1,1808.220923076923
D3_F_short_1h_bb,-1,2023-02-21 03:00:00+00:00,2023-02-21 02:59:00+00:00,1841.275,1843.735,2023-02-21 07:23:00+00:00,target,5.539999999999964,5.420000000000009,2.459999999999809,2.2032520325205,2.2520325203253635,2.3130081300815024,-0.3455284552845427,542.0000000000009,1846.725,1843.725,1840.655,4.869999999999891,2,1835.785
D3_F_short_1h_bb,-1,2023-02-22 04:00:00+00:00,2023-02-22 03:59:00+00:00,1836.065,1838.345,2023-02-22 04:59:00+00:00,close_exit,-0.30999999999994543,-0.6799999999999,2.2799999999999727,-0.29824561403504746,-0.13596491228067945,0.30570175438601965,-0.40789473684213806,-67.99999999999,1843.738,1838.335,1831.625,9.951800000000048,1,1821.6732
D3_F_short_1h_bb,-1,2023-02-23 20:00:00+00:00,2023-02-23 19:59:00+00:00,1822.798,1828.265,2023-02-24 00:59:00+00:00,close_exit,-3.477000000000089,-3.8470000000000435,5.467000000000098,-0.7036766050850511,-0.6359978050118944,0.18529357965975887,-0.7183098591549413,-384.70000000000437,1833.685,1828.255,1817.395,11.7650000000001,1,1805.6299999999999
D3_F_short_1h_bb,-1,2023-02-24 05:00:00+00:00,2023-02-24 04:59:00+00:00,1825.375,1827.725,2023-02-24 14:46:00+00:00,target,15.819999999999936,15.699999999999982,2.349999999999909,6.680851063830038,6.731914893617255,6.727659574468322,-0.45106382978722825,1569.9999999999982,1828.255,1827.715,1818.885,9.279999999999973,2,1809.605
D3_F_short_1h_bb,-1,2023-03-02 14:00:00+00:00,2023-03-02 13:59:00+00:00,1832.048,1835.155,2023-03-02 15:00:00+00:00,stop,-3.0570000000000164,-4.73599999999994,3.106999999999971,-1.5242999678146072,-0.9839073060830528,0.0,-1.7174122948181727,-473.599999999994,1844.405,1835.145,1829.854,5.952428571428527,1,1823.9015714285715
D3_F_short_1h_bb,-1,2023-03-07 05:00:00+00:00,2023-03-07 04:59:00+00:00,1847.1680000000001,1850.405,2023-03-07 07:25:00+00:00,stop,-3.186999999999898,-3.356999999999807,3.2369999999998527,-1.0370713623725547,-0.9845535990114437,0.5230151374729876,-1.1822675316651752,-335.6999999999807,1853.718,1850.395,1844.045,7.299428571428507,2,1836.7455714285716
D3_F_short_1h_bb,-1,2023-03-08 20:00:00+00:00,2023-03-08 19:59:00+00:00,1816.145,1824.195,2023-03-09 03:59:00+00:00,close_exit,2.59699999999998,2.2270000000000256,8.049999999999955,0.276645962732924,0.32260869565217326,0.5142857142857014,-0.0496894409938004,222.70000000000258,1851.555,1824.185,1809.248,27.25350000000003,1,1781.9945
D3_F_short_1h_bb,-1,2023-03-14 20:00:00+00:00,2023-03-14 19:59:00+00:00,1902.325,1910.735,2023-03-15 08:15:00+00:00,target,13.422000000000025,13.30200000000007,8.409999999999854,1.5816884661118076,1.5959571938169153,1.5969084423305941,-0.4022592152199877,1330.200000000007,1913.445,1910.725,1900.655,11.701999999999998,2,1888.953
D3_F_short_1h_bb,-1,2023-03-22 04:00:00+00:00,2023-03-22 03:59:00+00:00,1939.4650000000001,1946.155,2023-03-22 04:59:00+00:00,close_exit,0.3000000000001819,-0.06999999999977263,6.689999999999827,-0.010463378176348945,0.04484304932738261,0.21524663677131417,-0.10313901345289163,-6.9999999999772635,1985.025,1946.145,1935.935,20.577999999999975,1,1915.357
D3_F_short_1h_bb,-1,2023-03-22 13:00:00+00:00,2023-03-22 12:59:00+00:00,1937.385,1945.565,2023-03-22 14:14:00+00:00,stop,-8.13000000000011,-8.300000000000018,8.180000000000064,-1.0146699266503612,-0.9938875305623528,0.0,-1.0293398533007343,-830.0000000000018,1946.145,1945.555,1934.175,11.527500000000146,2,1922.6474999999998
D3_F_short_1h_bb,-1,2023-03-29 21:00:00+00:00,2023-03-29 20:59:00+00:00,1962.9750000000001,1969.308,2023-03-30 07:35:00+00:00,stop,-6.282999999999902,-6.452999999999811,6.332999999999856,-1.0189483657034513,-0.9921048476235661,1.1954839728407252,-1.0137375651350058,-645.2999999999811,1974.998,1969.298,1958.575,12.504249999999956,1,1946.07075
D3_F_short_1h_bb,-1,2023-04-06 17:00:00+00:00,2023-04-06 16:59:00+00:00,2011.005,2020.814,2023-04-10 03:48:00+00:00,target,21.95486666666693,21.834866666666976,9.808999999999969,2.2260033302749562,2.2382369932375368,2.2425323682332694,-0.16923233764908346,2183.4866666666976,2031.915,2020.804,2007.915,18.81486666666683,1,1989.1001333333331
D3_F_short_1h_bb,-1,2023-04-20 00:00:00+00:00,2023-04-19 23:59:00+00:00,1994.238,1996.658,2023-04-20 01:25:00+00:00,stop,-2.369999999999891,-2.5399999999997998,2.4199999999998454,-1.0495867768594884,-0.9793388429752241,0.24917355371905126,-1.0028925619834967,-253.99999999997996,2008.045,1996.648,1971.205,28.949769230769334,2,1942.2552307692306
D3_F_short_1h_bb,-1,2023-04-24 03:00:00+00:00,2023-04-24 02:59:00+00:00,1979.255,1985.308,2023-04-24 04:59:00+00:00,close_exit,-1.4199999999998454,-1.7899999999998,6.052999999999884,-0.29572113001814543,-0.23459441599204903,0.12060135470015401,-0.6773500743432989,-178.99999999998,1992.308,1985.298,1971.515,17.988999999999805,2,1953.5260000000003
D3_F_short_1h_bb,-1,2023-05-10 10:00:00+00:00,2023-05-10 09:59:00+00:00,2028.374,2032.955,2023-05-10 13:30:00+00:00,stop,-4.530999999999949,-4.700999999999858,4.580999999999904,-1.0261951538965197,-0.9890853525431226,0.7005020737830446,-2.4165029469548505,-470.0999999999858,2038.144,2032.945,2027.664,6.147500000000036,1,2021.5165
D3_F_short_1h_bb,-1,2023-05-11 06:00:00+00:00,2023-05-11 05:59:00+00:00,2030.944,2036.335,2023-05-11 06:59:00+00:00,close_exit,-1.1710000000000491,-1.5410000000000037,5.391000000000076,-0.2858467816731556,-0.21721387497681924,0.14839547393803434,-0.42867742533854875,-154.10000000000036,2048.114,2036.325,2021.434,23.732750000000124,1,1997.7012499999998
D3_F_short_1h_bb,-1,2023-05-16 06:00:00+00:00,2023-05-16 05:59:00+00:00,2016.085,2018.245,2023-05-16 07:21:00+00:00,target,8.375,8.255000000000045,2.1599999999998545,3.8217592592595375,3.877314814815076,4.278240740741023,-0.8055555555556141,825.5000000000045,2022.114,2018.235,2013.644,5.8840000000000146,1,2007.76
D3_F_short_1h_bb,-1,2023-05-23 10:00:00+00:00,2023-05-23 09:59:00+00:00,1959.7450000000001,1964.525,2023-05-23 11:59:00+00:00,close_exit,1.5600000000001728,1.1900000000002182,4.779999999999973,0.24895397489544457,0.32635983263602125,1.0648535564853923,-0.3514644351464113,119.00000000002183,1978.778,1964.515,1959.515,6.584777777777845,2,1952.9302222222223
D3_F_short_1h_bb,-1,2023-05-25 13:00:00+00:00,2023-05-25 12:59:00+00:00,1961.815,1964.635,2023-05-25 13:41:00+00:00,target,20.531428571428478,20.411428571428523,2.8199999999999363,7.238095238095385,7.280648429584731,7.301418439716448,-0.47624113475181024,2041.1428571428523,1981.945,1964.625,1954.835,13.501428571428505,1,1941.3335714285715
D3_F_short_1h_bb,-1,2023-05-26 15:00:00+00:00,2023-05-26 14:59:00+00:00,1946.718,1957.225,2023-05-30 03:59:00+00:00,close_exit,1.4829999999999472,1.1129999999999927,10.506999999999834,0.10592938041305894,0.14114399923860005,0.7455029980013521,-0.28333491957741586,111.29999999999927,1964.625,1957.215,1936.655,23.80187499999988,2,1912.853125
D3_F_short_1h_bb,-1,2023-06-15 09:00:00+00:00,2023-06-15 08:59:00+00:00,1933.368,1939.725,2023-06-15 10:59:00+00:00,close_exit,-2.2970000000000255,-2.66699999999998,6.356999999999971,-0.41953751769702563,-0.36133396256096206,0.397986471606101,-0.4462796916785008,-266.699999999998,1960.205,1939.715,1932.305,12.998181818181592,1,1919.3068181818185
D3_F_short_1h_bb,-1,2023-06-19 04:00:00+00:00,2023-06-19 03:59:00+00:00,1955.325,1958.558,2023-06-19 04:59:00+00:00,close_exit,-0.2799999999999727,-0.6499999999999273,3.2329999999999472,-0.201051654809755,-0.08660686668728032,0.3962264150943303,-0.18249304051961887,-64.99999999999272,1967.825,1958.548,1953.165,13.113833333333332,1,1940.0511666666666
D3_F_short_1h_bb,-1,2023-06-19 09:00:00+00:00,2023-06-19 08:59:00+00:00,1954.9650000000001,1957.365,2023-06-19 09:17:00+00:00,stop,-2.349999999999909,-2.519999999999818,2.3999999999998636,-1.0499999999999838,-0.9791666666666844,0.0,-1.3875000000000486,-251.99999999998178,1958.548,1957.355,1953.844,3.988200000000006,2,1949.8558
D3_F_short_1h_bb,-1,2023-06-21 11:00:00+00:00,2023-06-21 10:59:00+00:00,1933.115,1937.228,2023-06-21 15:04:00+00:00,target,8.504400000000032,8.384400000000078,4.113000000000056,2.038512035010932,2.0676878191101182,2.1322635545829955,-0.6442985655239617,838.4400000000078,1939.375,1937.218,1931.155,6.4944000000000415,1,1924.6606
D3_F_short_1h_bb,-1,2023-06-27 07:00:00+00:00,2023-06-27 06:59:00+00:00,1924.905,1930.295,2023-06-27 13:38:00+00:00,stop,-5.3400000000001455,-5.510000000000055,5.3900000000001,-1.0222634508348707,-0.9907235621521422,0.9461966604823403,-1.048237476808903,-551.0000000000055,1933.245,1930.285,1921.615,8.998888888889041,1,1912.616111111111
D3_F_short_1h_bb,-1,2023-06-29 01:00:00+00:00,2023-06-29 00:59:00+00:00,1909.448,1913.2549999999999,2023-06-29 12:59:00+00:00,close_exit,-0.3969999999999345,-0.7669999999998891,3.806999999999789,-0.20147097452060195,-0.10428158655107868,1.78434462831639,-0.9080640924612744,-76.6999999999889,1917.155,1913.245,1905.498,8.348538461538283,2,1897.1494615384618
D3_F_short_1h_bb,-1,2023-07-05 04:00:00+00:00,2023-07-05 03:59:00+00:00,1924.585,1927.055,2023-07-05 05:59:00+00:00,close_exit,-0.7899999999999636,-1.1599999999999182,2.4700000000000273,-0.46963562753032606,-0.3198380566801437,0.18218623481783017,-0.6032388663967582,-115.99999999999181,1930.555,1927.045,1923.915,4.300000000000182,1,1919.6149999999998
D3_F_short_1h_bb,-1,2023-07-10 15:00:00+00:00,2023-07-10 14:59:00+00:00,1922.814,1925.568,2023-07-10 18:00:00+00:00,stop,-2.703999999999951,-3.0310000000000126,2.7539999999999054,-1.1005809731300351,-0.9818445896877428,0.4498910675381537,-1.1343500363108683,-303.1000000000013,1926.835,1925.558,1919.295,6.475833333333185,2,1912.819166666667
D3_F_short_1h_bb,-1,2023-07-14 18:00:00+00:00,2023-07-14 17:59:00+00:00,1958.865,1962.594,2023-07-18 05:59:00+00:00,close_exit,-0.9600000000000364,-1.329999999999991,3.729000000000042,-0.35666398498256263,-0.2574416733708838,3.49342987396082,-0.6114239742558185,-132.9999999999991,1963.585,1962.584,1954.265,8.763888888888914,1,1945.5011111111112
D3_F_short_1h_bb,-1,2023-07-21 05:00:00+00:00,2023-07-21 04:59:00+00:00,1969.9950000000001,1973.715,2023-07-21 07:59:00+00:00,close_exit,-0.599999999999909,-0.9699999999998636,3.7199999999998,-0.26075268817202035,-0.1612903225806294,0.4838709677420104,-0.6370967741935533,-96.99999999998636,1983.685,1973.705,1965.198,13.496999999999844,2,1951.7010000000002
D3_F_short_1h_bb,-1,2023-07-28 08:00:00+00:00,2023-07-28 07:59:00+00:00,1951.385,1956.705,2023-07-28 09:59:00+00:00,close_exit,2.009999999999991,1.6400000000000363,5.319999999999936,0.30827067669173985,0.3778195488721833,0.6522556390977573,-0.3870300751879687,164.00000000000364,1982.075,1956.695,1943.185,31.080769230769192,2,1912.1042307692308
D3_F_short_1h_bb,-1,2023-07-31 10:00:00+00:00,2023-07-31 09:59:00+00:00,1953.395,1957.055,2023-07-31 10:44:00+00:00,stop,-3.6100000000001273,-3.780000000000036,3.660000000000082,-1.0327868852458884,-0.9863387978142204,0.0,-1.011748633879752,-378.00000000000364,1960.455,1957.045,1953.035,4.436249999999973,2,1948.59875
D3_F_short_1h_bb,-1,2023-08-02 03:00:00+00:00,2023-08-02 02:59:00+00:00,1947.575,1952.765,2023-08-02 06:59:00+00:00,close_exit,-1.2300000000000182,-1.5999999999999728,5.190000000000055,-0.3082851637764848,-0.2369942196531802,0.42581888246628385,-0.48554913294796825,-159.99999999999727,1972.155,1952.755,1941.118,14.981827586207146,2,1926.1361724137928
D3_F_short_1h_bb,-1,2023-08-03 05:00:00+00:00,2023-08-03 04:59:00+00:00,1937.165,1938.825,2023-08-03 16:18:00+00:00,stop,-1.6100000000001273,-1.7800000000000364,1.6600000000000819,-1.0722891566264752,-0.969879518072318,4.54216867469855,-1.0180722891566092,-178.00000000000364,1938.994,1938.815,1933.605,5.286714285714197,2,1928.3182857142858
D3_F_short_1h_bb,-1,2023-08-04 13:00:00+00:00,2023-08-04 12:59:00+00:00,1932.135,1934.145,2023-08-04 13:30:00+00:00,stop,-1.9600000000000364,-2.1299999999999453,2.009999999999991,-1.059701492537291,-0.9751243781094753,3.500995024875655,-2.3880597014925256,-212.99999999999451,1937.345,1934.135,1932.035,4.507499999999936,2,1927.5275000000001
D3_F_short_1h_bb,-1,2023-08-07 05:00:00+00:00,2023-08-07 04:59:00+00:00,1939.2050000000002,1946.615,2023-08-08 13:01:00+00:00,target,11.034750000000258,10.914750000000303,7.4099999999998545,1.4729757085020942,1.489170040485894,1.7040485829960093,-0.35087719298245074,1091.4750000000304,1946.798,1946.605,1937.485,9.26475000000005,1,1928.2202499999999
D3_F_short_1h_bb,-1,2023-08-08 18:00:00+00:00,2023-08-08 17:59:00+00:00,1925.2150000000001,1931.965,2023-08-09 02:59:00+00:00,close_exit,-2.2899999999999636,-2.659999999999918,6.749999999999773,-0.3940740740740752,-0.3392592592592653,0.22074074074074954,-0.6000000000000135,-265.9999999999918,1935.575,1931.955,1922.655,10.023999999999887,2,1912.631
D3_F_short_1h_bb,-1,2023-08-10 06:00:00+00:00,2023-08-10 05:59:00+00:00,1916.625,1919.105,2023-08-10 06:58:00+00:00,stop,-2.4300000000000637,-2.5999999999999726,2.480000000000018,-1.0483870967741749,-0.9798387096774378,0.27419354838712046,-1.0645161290322906,-259.99999999999727,1927.505,1919.095,1913.505,9.412727272727125,2,1904.092272727273
D3_F_short_1h_bb,-1,2023-08-11 06:00:00+00:00,2023-08-11 05:59:00+00:00,1913.335,1915.895,2023-08-11 06:48:00+00:00,stop,-2.509999999999991,-2.6799999999999,2.5599999999999454,-1.0468749999999831,-0.9804687500000173,0.1757812500000215,-1.0273437500000646,-267.99999999999,1929.995,1915.885,1910.694,8.447153846153924,1,1902.246846153846
D3_F_short_1h_bb,-1,2023-08-14 20:00:00+00:00,2023-08-14 19:59:00+00:00,1907.905,1913.135,2023-08-15 15:59:00+00:00,close_exit,-1.9200000000000728,-2.290000000000027,5.230000000000018,-0.43785850860421016,-0.3671128107074696,2.196940726577432,-0.73040152963674,-229.0000000000027,1914.905,1913.125,1902.595,11.597999999999956,2,1890.997
D3_F_short_1h_bb,-1,2023-08-17 11:00:00+00:00,2023-08-17 10:59:00+00:00,1895.105,1897.515,2023-08-17 11:10:00+00:00,stop,-2.3600000000001273,-2.530000000000036,2.410000000000082,-1.0497925311203113,-0.9792531120332146,0.0,-1.1244813278008068,-253.0000000000036,1907.095,1897.505,1889.545,10.700000000000045,1,1878.845
D3_F_short_1h_bb,-1,2023-08-18 05:00:00+00:00,2023-08-18 04:59:00+00:00,1892.565,1895.075,2023-08-18 06:59:00+00:00,close_exit,-0.9300000000000637,-1.3000000000000183,2.509999999999991,-0.5179282868525988,-0.3705179282868793,0.525896414342606,-0.6573705179283255,-130.00000000000182,1903.375,1895.065,1884.925,15.428181818181884,1,1869.496818181818
D3_F_short_1h_bb,-1,2023-08-21 09:00:00+00:00,2023-08-21 08:59:00+00:00,1887.9950000000001,1894.025,2023-08-21 13:02:00+00:00,stop,-5.980000000000018,-6.1499999999999275,6.029999999999973,-1.0199004975124304,-0.9917081260364917,0.17910447761196674,-1.0232172470978231,-614.9999999999927,1896.678,1894.015,1884.755,9.792599999999993,1,1874.9624000000001
D3_F_short_1h_bb,-1,2023-08-29 12:00:00+00:00,2023-08-29 11:59:00+00:00,1920.145,1925.7549999999999,2023-08-29 15:00:00+00:00,stop,-5.559999999999945,-5.729999999999855,5.6099999999999,-1.0213903743315431,-0.9910873440285285,0.9964349376114113,-1.477718360071321,-572.9999999999854,1925.955,1925.745,1916.765,9.151818181818044,1,1907.613181818182
D3_F_short_1h_bb,-1,2023-08-31 08:00:00+00:00,2023-08-31 07:59:00+00:00,1943.665,1947.675,2023-08-31 13:20:00+00:00,stop,-3.9600000000000364,-4.129999999999946,4.009999999999991,-1.0299251870324078,-0.9875311720698368,0.0,-1.0,-412.99999999999454,1948.965,1947.665,1941.855,6.400909090908954,1,1935.454090909091
D3_F_short_1h_bb,-1,2023-09-01 05:00:00+00:00,2023-09-01 04:59:00+00:00,1938.775,1944.015,2023-09-01 08:59:00+00:00,close_exit,-4.2000000000000455,-4.57,5.240000000000009,-0.8721374045801512,-0.8015267175572592,0.08969465648855467,-0.9274809160305136,-457.0,1947.825,1944.005,1938.625,5.698333333333494,1,1932.9266666666665
D3_F_short_1h_bb,-1,2023-09-05 05:00:00+00:00,2023-09-05 04:59:00+00:00,1936.855,1938.605,2023-09-05 05:40:00+00:00,stop,-1.7000000000000455,-1.8699999999999546,1.75,-1.0685714285714025,-0.9714285714285974,0.0,-1.0285714285714025,-186.99999999999545,1946.185,1938.595,1936.675,5.714999999999918,1,1930.96
D3_F_short_1h_bb,-1,2023-09-06 14:00:00+00:00,2023-09-06 13:59:00+00:00,1923.065,1927.645,2023-09-06 14:51:00+00:00,stop,-4.529999999999973,-4.699999999999882,4.579999999999927,-1.026200873362436,-0.9890829694323242,0.40109170305677255,-1.0246724890829821,-469.9999999999882,1928.375,1927.635,1922.6,5.331000000000131,1,1917.2689999999998
D3_F_short_1h_bb,-1,2023-09-07 02:00:00+00:00,2023-09-07 01:59:00+00:00,1916.655,1918.115,2023-09-07 02:11:00+00:00,stop,-1.4100000000000819,-1.579999999999991,1.4600000000000364,-1.0821917808218846,-0.9657534246575662,0.0,-1.157534246575351,-157.9999999999991,1920.605,1918.105,1915.835,2.894999999999982,2,1912.94
D3_F_short_1h_bb,-1,2023-09-12 02:00:00+00:00,2023-09-12 01:59:00+00:00,1921.395,1923.248,2023-09-12 02:12:00+00:00,stop,-1.803000000000111,-1.97300000000002,1.8530000000000655,-1.0647598488936592,-0.9730167296276564,0.09174311926596837,-1.1818672423097556,-197.300000000002,1930.015,1923.238,1921.295,7.025750000000016,2,1914.26925
D3_F_short_1h_bb,-1,2023-09-12 20:00:00+00:00,2023-09-12 19:59:00+00:00,1913.2450000000001,1914.965,2023-09-12 20:59:00+00:00,close_exit,0.37000000000011823,1.6370238498097933e-13,1.7199999999998,9.517580522151069e-14,0.2151162790698612,0.284883720930271,-0.2790697674419035,1.6370238498097933e-11,1921.275,1914.955,1907.478,9.84699999999998,2,1897.631
D3_F_short_1h_bb,-1,2023-09-14 05:00:00+00:00,2023-09-14 04:59:00+00:00,1909.585,1912.835,2023-09-14 15:54:00+00:00,close_exit,-0.40000000000009095,-0.7700000000000455,3.25,-0.23692307692309095,-0.12307692307695106,2.61138461538464,-0.4799999999999832,-77.00000000000455,1915.655,1912.825,1907.335,6.519090909090892,1,1900.8159090909091
D3_F_short_1h_bb,-1,2023-09-20 10:00:00+00:00,2023-09-20 09:59:00+00:00,1929.015,1932.2549999999999,2023-09-20 10:59:00+00:00,close_exit,-2.6699999999998454,-3.0399999999997998,3.2399999999997817,-0.938271604938273,-0.8240740740740818,0.0,-0.9012345679012476,-303.99999999998,1937.275,1932.245,1928.395,5.32941176470581,1,1923.0655882352942
D3_F_short_1h_bb,-1,2023-09-21 18:00:00+00:00,2023-09-21 17:59:00+00:00,1919.375,1923.705,2023-09-21 20:59:00+00:00,close_exit,-0.25,-0.6199999999999546,4.329999999999927,-0.14318706697458777,-0.05773672055427349,0.12009237875288466,-0.4618937644341879,-61.99999999999546,1930.425,1923.695,1913.808,10.728249999999889,2,1903.07975
D3_F_short_1h_bb,-1,2023-09-25 02:00:00+00:00,2023-09-25 01:59:00+00:00,1924.755,1926.334,2023-09-25 07:28:00+00:00,target,3.792285714285981,3.672285714286027,1.5789999999999509,2.3257034289335916,2.4017008956846735,2.400253324889222,-0.4306523115895234,367.22857142860266,1929.015,1926.324,1924.245,3.2322857142858084,1,1921.012714285714
D3_F_short_1h_bb,-1,2023-09-27 05:00:00+00:00,2023-09-27 04:59:00+00:00,1899.775,1903.835,2023-09-27 14:25:00+00:00,target,10.04249999999979,9.922499999999836,4.059999999999945,2.443965517241372,2.4735221674876664,2.477832512315291,-0.05418719211823405,992.2499999999836,1915.565,1903.825,1899.005,9.222499999999854,1,1889.7825000000003
D3_F_short_1h_bb,-1,2023-09-29 04:00:00+00:00,2023-09-29 03:59:00+00:00,1864.7450000000001,1867.185,2023-09-29 06:51:00+00:00,stop,-2.3899999999998727,-2.5599999999997816,2.439999999999827,-1.0491803278688372,-0.9795081967213287,0.684426229508275,-1.0491803278689045,-255.99999999997814,1867.265,1867.175,1863.645,3.552500000000009,2,1860.0925
D3_F_short_1h_bb,-1,2023-10-02 10:00:00+00:00,2023-10-02 09:59:00+00:00,1839.425,1846.185,2023-10-02 10:30:00+00:00,target,7.803333333333285,7.68333333333333,6.759999999999991,1.136587771203157,1.154339250493091,1.2146449704142046,-0.05769230769232257,768.333333333333,1848.835,1846.175,1839.145,7.473333333333358,2,1831.6716666666666
D3_F_short_1h_bb,-1,2023-10-16 16:00:00+00:00,2023-10-16 15:59:00+00:00,1918.005,1924.438,2023-10-17 00:59:00+00:00,close_exit,-1.2999999999999545,-1.6699999999999091,6.432999999999993,-0.2595989429503981,-0.20208300948234975,0.004663454064973224,-0.7616974972796314,-166.9999999999909,1932.875,1924.428,1908.085,19.158666666666704,1,1888.9263333333333
D3_F_short_1h_bb,-1,2023-10-17 02:00:00+00:00,2023-10-17 01:59:00+00:00,1916.415,1922.715,2023-10-17 08:59:00+00:00,close_exit,-3.5299999999999727,-3.899999999999927,6.2999999999999545,-0.619047619047612,-0.56031746031746,0.6190476190476019,-0.7968253968253997,-389.9999999999927,1924.428,1922.705,1914.365,9.718399999999974,2,1904.6466
D3_F_short_1h_bb,-1,2023-10-23 15:00:00+00:00,2023-10-23 14:59:00+00:00,1974.605,1982.735,2023-10-23 18:59:00+00:00,close_exit,-1.4200000000000728,-1.7900000000000273,8.129999999999882,-0.22017220172202379,-0.17466174661747766,0.268142681426826,-0.5928659286592873,-179.00000000000273,1997.135,1982.725,1964.275,26.078823529411693,1,1938.1961764705884
D3_F_short_1h_bb,-1,2023-10-24 22:00:00+00:00,2023-10-24 21:59:00+00:00,1970.548,1977.495,2023-10-25 13:59:00+00:00,close_exit,-4.3969999999999345,-4.766999999999889,6.946999999999889,-0.6861954800633318,-0.6329350798906009,0.3099179501943363,-0.9438606592774034,-476.6999999999889,1979.105,1977.485,1953.404,25.052999999999884,2,1928.351
D3_F_short_1h_bb,-1,2023-10-26 21:00:00+00:00,2023-10-26 20:59:00+00:00,1984.2050000000002,1989.175,2023-10-27 03:59:00+00:00,close_exit,-2.2399999999997817,-2.609999999999736,4.9699999999998,-0.5251509054325636,-0.45070422535208693,0.24346076458754226,-0.9537223340040186,-260.9999999999736,1993.385,1989.165,1971.655,18.916666666666742,1,1952.7383333333332
D3_F_short_1h_bb,-1,2023-10-30 16:00:00+00:00,2023-10-30 15:59:00+00:00,1998.968,2002.445,2023-10-31 08:59:00+00:00,close_exit,2.1639999999999873,1.7940000000000327,3.4769999999998618,0.5159620362381663,0.6223756111590663,2.3851020995112022,-0.5225769341386481,179.40000000000327,2006.685,2002.435,1990.835,13.234615384615381,2,1977.6003846153847
D3_F_short_1h_bb,-1,2023-11-01 17:00:00+00:00,2023-11-01 16:59:00+00:00,1977.675,1991.908,2023-11-02 01:59:00+00:00,close_exit,-8.38000000000011,-8.750000000000064,14.232999999999947,-0.6147684957493218,-0.5887725707862109,0.5381859059931063,-0.7428511206351529,-875.0000000000064,2007.734,1991.898,1975.058,23.72521739130434,1,1951.3327826086957
D3_F_short_1h_bb,-1,2023-11-03 01:00:00+00:00,2023-11-03 00:59:00+00:00,1985.4550000000002,1986.455,2023-11-03 02:32:00+00:00,stop,-0.9499999999998181,-1.1199999999997272,0.9999999999997726,-1.119999999999982,-0.9500000000000342,2.100000000000614,-1.0930000000000957,-111.99999999997272,1986.528,1986.445,1983.568,2.9184999999999945,2,1980.6495
D3_F_short_1h_bb,-1,2023-11-06 00:00:00+00:00,2023-11-05 23:59:00+00:00,1988.365,1995.055,2023-11-06 01:59:00+00:00,close_exit,-3.6200000000001182,-3.9900000000000726,6.690000000000055,-0.5964125560538176,-0.541106128550088,0.1793721973094224,-0.715994020926745,-399.0000000000073,2003.968,1995.045,1986.325,16.368285714285776,1,1969.9567142857143
D3_F_short_1h_bb,-1,2023-11-07 17:00:00+00:00,2023-11-07 16:59:00+00:00,1964.555,1967.145,2023-11-07 18:25:00+00:00,stop,-2.5399999999999636,-2.7099999999998725,2.589999999999918,-1.0463320463320303,-0.9806949806949976,1.0231660231660906,-1.1467181467181935,-270.99999999998727,1974.185,1967.135,1956.598,11.320333333333338,2,1945.2776666666666
D3_F_short_1h_bb,-1,2023-11-13 03:00:00+00:00,2023-11-13 02:59:00+00:00,1937.425,1941.758,2023-11-13 05:59:00+00:00,close_exit,-1.5030000000001564,-1.873000000000111,4.333000000000084,-0.43226402030927186,-0.346872836372058,0.7685206554350018,-0.5585045003461865,-187.3000000000111,1960.695,1941.748,1932.865,13.189136363636408,2,1919.6758636363636
D3_F_short_1h_bb,-1,2023-11-14 13:00:00+00:00,2023-11-14 12:59:00+00:00,1945.005,1948.085,2023-11-14 13:30:00+00:00,stop,-3.0299999999999727,-3.1999999999998816,3.0799999999999272,-1.038961038961025,-0.9837662337662482,2.2165584415584934,-3.6915584415584934,-319.9999999999882,1948.258,1948.075,1943.675,4.501666666666779,2,1939.1733333333332
D3_F_short_1h_bb,-1,2023-11-16 03:00:00+00:00,2023-11-16 02:59:00+00:00,1960.645,1961.315,2023-11-16 03:09:00+00:00,stop,-0.6200000000001182,-0.7900000000000273,0.6700000000000728,-1.179104477611853,-0.9253731343284342,0.1641791044774448,-1.5373134328356133,-79.00000000000273,1962.105,1961.305,1958.975,2.8633333333334576,2,1956.1116666666665
D3_F_short_1h_bb,-1,2023-11-20 05:00:00+00:00,2023-11-20 04:59:00+00:00,1981.295,1985.095,2023-11-20 18:59:00+00:00,close_exit,4.029999999999973,3.6600000000000183,3.7999999999999545,0.9631578947368584,1.060526315789479,4.142105263157947,-0.5842105263158036,366.0000000000018,1993.335,1985.085,1973.265,12.919999999999845,1,1960.3450000000003
D3_F_short_1h_bb,-1,2023-11-22 14:00:00+00:00,2023-11-22 13:59:00+00:00,1998.935,2006.328,2023-11-27 01:15:00+00:00,stop,-7.343000000000075,-7.512999999999984,7.393000000000029,-1.0162315704044305,-0.9932368456648243,1.6136886243743798,-1.052346814554331,-751.2999999999984,2007.475,2006.318,1995.358,11.39387499999998,1,1983.964125
D3_F_short_1h_bb,-1,2023-11-30 16:00:00+00:00,2023-11-30 15:59:00+00:00,2037.765,2043.985,2023-11-30 23:59:00+00:00,close_exit,-2.1900000000000546,-2.560000000000009,6.2199999999998,-0.4115755627009793,-0.3520900321543609,0.6414790996784787,-0.5900321543408301,-256.0000000000009,2046.845,2043.975,2035.835,9.096666666666579,2,2026.7383333333335
D3_F_short_1h_bb,-1,2023-12-05 03:00:00+00:00,2023-12-05 02:59:00+00:00,2034.605,2041.165,2023-12-05 03:59:00+00:00,close_exit,-2.6200000000001182,-2.9900000000000726,6.559999999999945,-0.4557926829268441,-0.39939024390246036,0.0,-0.5076219512195054,-299.0000000000073,2090.385,2041.155,2019.925,43.1099999999999,2,1976.815
D3_F_short_1h_bb,-1,2023-12-06 22:00:00+00:00,2023-12-06 21:59:00+00:00,2025.1680000000001,2032.945,2023-12-07 02:59:00+00:00,close_exit,-3.70699999999988,-4.076999999999835,7.776999999999816,-0.5242381380995154,-0.47666195190947247,0.0,-0.6399639963996373,-407.69999999998345,2035.785,2032.935,2020.075,14.895714285714348,1,2005.1792857142857
D3_F_short_1h_bb,-1,2023-12-07 05:00:00+00:00,2023-12-07 04:59:00+00:00,2025.945,2029.955,2023-12-07 06:59:00+00:00,close_exit,-3.5800000000001546,-3.950000000000109,4.009999999999991,-0.98503740648382,-0.8927680798005393,0.14713216957603978,-0.9700748129676082,-395.0000000000109,2032.935,2029.945,2022.555,10.10818181818172,2,2012.4468181818183
D3_F_short_1h_bb,-1,2023-12-08 13:00:00+00:00,2023-12-08 12:59:00+00:00,2027.365,2032.305,2023-12-08 13:30:00+00:00,target,7.311142857143068,7.191142857143113,4.940000000000055,1.4556969346443387,1.4799884326200379,2.040485829959477,-0.33198380566803276,719.1142857143113,2033.874,2032.295,2026.425,6.321142857143059,1,2020.103857142857
D3_F_short_1h_bb,-1,2023-12-11 03:00:00+00:00,2023-12-11 02:59:00+00:00,1997.954,2007.715,2023-12-11 05:59:00+00:00,close_exit,-0.6740000000002055,-1.0440000000001601,9.760999999999967,-0.1069562544821395,-0.06905030222315417,0.3062186251408478,-0.25929720315543336,-104.40000000001601,2032.295,2007.705,1994.555,24.499230769230735,2,1970.0557692307693
D3_F_short_1h_bb,-1,2023-12-15 02:00:00+00:00,2023-12-15 01:59:00+00:00,2032.105,2038.625,2023-12-15 02:59:00+00:00,close_exit,-3.839999999999918,-4.209999999999873,6.519999999999982,-0.6457055214723749,-0.588957055214713,0.016871165644156482,-0.8389570552147304,-420.99999999998727,2047.775,2038.615,2029.015,14.180000000000064,1,2014.835
D3_F_short_1h_bb,-1,2023-12-18 12:00:00+00:00,2023-12-18 11:59:00+00:00,2021.865,2027.225,2023-12-18 13:59:00+00:00,close_exit,-3.8600000000001273,-4.230000000000082,5.3599999999999,-0.789179104477642,-0.7201492537313805,0.0,-0.824440298507496,-423.0000000000082,2044.815,2027.215,2015.515,23.139999999999873,1,1992.3750000000002
D3_F_short_1h_bb,-1,2023-12-19 11:00:00+00:00,2023-12-19 10:59:00+00:00,2025.545,2028.375,2023-12-19 12:12:00+00:00,stop,-2.7799999999999727,-2.9499999999998816,2.8299999999999272,-1.0424028268551087,-0.9823321554770474,0.017667844522952583,-1.0,-294.9999999999882,2029.215,2028.365,2021.605,7.184999999999945,2,2014.42
D3_F_short_1h_bb,-1,2023-12-20 17:00:00+00:00,2023-12-20 16:59:00+00:00,2034.625,2039.765,2023-12-21 01:59:00+00:00,close_exit,-0.6230000000000473,-0.9930000000000019,5.1400000000001,-0.19319066147859582,-0.1212062256809407,1.3943579766536531,-0.509727626459157,-99.30000000000018,2043.375,2039.755,2029.478,10.794142857142788,1,2018.6838571428573
D3_F_short_1h_bb,-1,2023-12-28 18:00:00+00:00,2023-12-28 17:59:00+00:00,2074.6549999999997,2081.0150000000003,2023-12-29 05:59:00+00:00,close_exit,2.5900000000001455,2.219999999999964,6.360000000000582,0.34905660377354725,0.4072327044025013,1.5734276729558405,-0.150943396226407,221.9999999999964,2087.455,2081.005,2071.215,12.208749999999782,2,2059.0062500000004
D3_F_short_1h_bb,-1,2023-12-29 15:00:00+00:00,2023-12-29 14:59:00+00:00,2062.7949999999996,2068.775,2023-12-29 16:59:00+00:00,close_exit,-3.150000000000091,-3.5200000000002727,5.980000000000473,-0.5886287625418051,-0.5267558528427829,0.16555183946483334,-0.8862876254180205,-352.0000000000273,2074.645,2068.765,2061.698,9.418999999999869,1,2052.279
D3_F_short_1h_bb,-1,2023-12-29 20:00:00+00:00,2023-12-29 19:59:00+00:00,2067.158,2068.0750000000003,2024-01-02 01:05:00+00:00,stop,-0.8670000000001892,-1.037000000000553,0.9170000000003711,-1.130861504907452,-0.9454743729551127,5.106870229005559,-2.4830970556151826,-103.7000000000553,2068.765,2068.065,2058.105,10.519999999999982,2,2047.585
D3_F_short_1h_bb,-1,2024-01-03 08:00:00+00:00,2024-01-03 07:59:00+00:00,2062.8779999999997,2065.8450000000003,2024-01-03 14:11:00+00:00,target,26.014894736841597,25.894894736841415,2.967000000000553,8.727635570217927,8.768080464050135,8.885743174922368,-0.5224132119986158,2589.4894736841416,2078.825,2065.835,2055.818,18.904894736841925,1,2036.9131052631583
D3_F_short_1h_bb,-1,2024-01-03 18:00:00+00:00,2024-01-03 17:59:00+00:00,2033.2050000000002,2048.708,2024-01-03 20:59:00+00:00,close_exit,-7.62299999999982,-7.992999999999775,15.502999999999929,-0.5155776301360905,-0.49171128168740597,0.15932400180610454,-0.5934335289943792,-799.2999999999774,2065.835,2048.698,2031.665,18.74669999999969,2,2012.9183000000003
D3_F_short_1h_bb,-1,2024-01-04 18:00:00+00:00,2024-01-04 17:59:00+00:00,2043.125,2047.635,2024-01-04 23:59:00+00:00,close_exit,-0.9230000000000018,-1.2929999999999564,4.509999999999991,-0.28669623059866056,-0.20465631929046646,0.32815964523282065,-0.4146341463414905,-129.29999999999563,2050.855,2047.625,2036.155,12.00833333333344,1,2024.1466666666665
D3_F_short_1h_bb,-1,2024-01-10 05:00:00+00:00,2024-01-10 04:59:00+00:00,2029.675,2032.795,2024-01-10 07:59:00+00:00,close_exit,-1.1800000000000637,-1.5500000000000183,3.1200000000001182,-0.4967948717948588,-0.3782051282051343,1.820512820512699,-0.6794871794871916,-155.00000000000182,2041.898,2032.785,2026.015,13.60474999999974,1,2012.4102500000004
D3_F_short_1h_bb,-1,2024-01-16 00:00:00+00:00,2024-01-15 23:59:00+00:00,2053.845,2056.228,2024-01-16 09:05:00+00:00,target,12.041222222222132,11.92122222222195,2.3830000000002656,5.002611087797155,5.052967781041036,5.136382710867989,-0.33151489718836574,1192.122222222195,2058.505,2056.218,2049.29,7.4362222222221135,1,2041.8537777777779
D3_F_short_1h_bb,-1,2024-01-22 11:00:00+00:00,2024-01-22 10:59:00+00:00,2022.665,2026.175,2024-01-22 11:56:00+00:00,stop,-3.4600000000000364,-3.6299999999999453,3.509999999999991,-1.0341880341880212,-0.9857549857549986,0.11965811965807592,-1.034188034188068,-362.99999999999454,2032.005,2026.165,2018.985,8.014285714285734,1,2010.9707142857142
D3_F_short_1h_bb,-1,2024-01-23 16:00:00+00:00,2024-01-23 15:59:00+00:00,2024.9950000000001,2030.275,2024-01-23 18:59:00+00:00,close_exit,-0.1799999999998363,-0.5499999999997909,5.279999999999973,-0.1041666666666276,-0.03409090909087826,0.42234848484849047,-0.5416666666666505,-54.99999999997909,2037.808,2030.265,2022.298,10.481333333333396,1,2011.8166666666666
D3_F_short_1h_bb,-1,2024-01-29 20:00:00+00:00,2024-01-29 19:59:00+00:00,2026.815,2031.0049999999999,2024-01-29 20:03:00+00:00,stop,-4.139999999999873,-4.309999999999782,4.189999999999827,-1.0286396181384152,-0.9880668257756667,0.0,-1.0453460620525208,-430.9999999999782,2037.465,2030.995,2020.485,13.745000000000118,1,2006.7399999999998
D3_F_short_1h_bb,-1,2024-02-01 07:00:00+00:00,2024-02-01 06:59:00+00:00,2043.4550000000002,2049.485,2024-02-01 14:35:00+00:00,stop,-5.980000000000018,-6.150000000000155,6.029999999999973,-1.0199004975124681,-0.9917081260364917,2.213930348258739,-1.0729684908788726,-615.0000000000155,2055.878,2049.475,2031.0,21.676500000000033,1,2009.3235
D3_F_short_1h_bb,-1,2024-02-05 22:00:00+00:00,2024-02-05 21:59:00+00:00,2024.9550000000002,2027.475,2024-02-06 00:45:00+00:00,stop,-2.4699999999998,-2.639999999999709,2.5199999999997544,-1.0476190476190341,-0.9801587301587462,0.4325396825397824,-1.0119047619048425,-263.9999999999709,2028.258,2027.465,2014.835,13.1256249999999,2,2001.7093750000001
D3_F_short_1h_bb,-1,2024-02-07 10:00:00+00:00,2024-02-07 09:59:00+00:00,2034.2250000000001,2036.095,2024-02-07 13:36:00+00:00,stop,-1.8199999999999363,-1.9899999999998454,1.8699999999998909,-1.0641711229946318,-0.9732620320855843,1.8823529411765707,-1.3224598930481821,-198.99999999998454,2038.785,2036.085,2032.005,6.587142857142908,1,2025.4178571428572
D3_F_short_1h_bb,-1,2024-02-09 10:00:00+00:00,2024-02-09 09:59:00+00:00,2031.435,2034.988,2024-02-09 13:01:00+00:00,target,4.001857142856807,3.8818571428568522,3.553000000000111,1.092557597201444,1.1263318724617737,1.1567689276666961,-0.6087813115676733,388.1857142856852,2035.175,2034.978,2031.315,3.831857142856961,1,2027.483142857143
D3_F_short_1h_bb,-1,2024-02-13 04:00:00+00:00,2024-02-13 03:59:00+00:00,2018.448,2021.135,2024-02-13 05:47:00+00:00,stop,-2.6369999999999436,-2.8069999999998525,2.686999999999898,-1.0446594715295716,-0.9813918868626883,0.0,-1.0148864905098494,-280.69999999998527,2021.448,2021.125,2018.235,2.9438333333334867,2,2015.2911666666664
D3_F_short_1h_bb,-1,2024-02-15 04:00:00+00:00,2024-02-15 03:59:00+00:00,1990.685,1994.205,2024-02-15 06:59:00+00:00,close_exit,-2.4200000000000728,-2.790000000000027,3.519999999999982,-0.7926136363636481,-0.6875000000000242,0.028409090909065217,-0.8096590909091339,-279.00000000000273,1996.025,1994.195,1989.535,5.879999999999882,1,1983.6550000000002
D3_F_short_1h_bb,-1,2024-02-23 06:00:00+00:00,2024-02-23 05:59:00+00:00,2022.285,2027.305,2024-02-23 11:59:00+00:00,close_exit,-1.4500000000000455,-1.82,5.019999999999982,-0.3625498007968141,-0.28884462151395435,1.2211155378486318,-0.3605577689242932,-182.0,2034.708,2027.295,2019.555,10.792411764706003,1,2008.762588235294
D3_F_short_1h_bb,-1,2024-02-26 11:00:00+00:00,2024-02-26 10:59:00+00:00,2032.028,2036.975,2024-02-27 01:59:00+00:00,close_exit,-1.3500000000001364,-1.720000000000091,4.946999999999889,-0.3476854659389791,-0.2728926622195607,1.3852840105114654,-0.5053567818880242,-172.0000000000091,2041.285,2036.965,2029.775,9.516153846153657,1,2020.2588461538464
D3_F_short_1h_bb,-1,2024-02-27 21:00:00+00:00,2024-02-27 20:59:00+00:00,2030.015,2035.975,2024-02-28 01:59:00+00:00,close_exit,-3.2999999999999545,-3.669999999999909,5.959999999999809,-0.6157718120805413,-0.5536912751677954,0.12416107382550887,-0.6392617449664543,-366.9999999999909,2038.978,2035.965,2029.665,6.802166666666608,2,2022.8628333333334
D3_F_short_1h_bb,-1,2024-03-06 04:00:00+00:00,2024-03-06 03:59:00+00:00,2124.645,2134.6650000000004,2024-03-06 04:59:00+00:00,close_exit,-1.419999999999618,-1.7899999999998,10.020000000000437,-0.17864271457083053,-0.14171656686622316,0.0,-0.17794411177642955,-178.99999999998,2141.748,2134.655,2123.565,14.63650000000007,1,2108.9285
D3_F_short_1h_bb,-1,2024-03-06 11:00:00+00:00,2024-03-06 10:59:00+00:00,2125.4849999999997,2131.4550000000004,2024-03-06 11:42:00+00:00,stop,-5.9200000000005275,-6.090000000000892,5.970000000000709,-1.0201005025125909,-0.9916247906197361,0.0,-1.1072026800668915,-609.0000000000891,2134.655,2131.445,2123.615,8.997272727272957,2,2114.617727272727
D3_F_short_1h_bb,-1,2024-03-11 11:00:00+00:00,2024-03-11 10:59:00+00:00,2177.5249999999996,2182.9680000000003,2024-03-11 13:37:00+00:00,stop,-5.393000000000484,-5.563000000000848,5.443000000000666,-1.0220466654418827,-0.9908138893991961,0.4831894176004653,-1.1831710453792517,-556.3000000000848,2188.925,2182.958,2176.755,10.678249999999935,2,2166.07675
D3_F_short_1h_bb,-1,2024-03-12 01:00:00+00:00,2024-03-12 00:59:00+00:00,2180.285,2184.635,2024-03-12 12:17:00+00:00,target,11.354999999999563,11.234999999999381,4.350000000000364,2.582758620689297,2.6103448275858883,2.9011494252870884,-0.6712643678160526,1123.4999999999382,2185.595,2184.625,2177.045,8.0649999999996,1,2168.9800000000005
D3_F_short_1h_bb,-1,2024-03-12 19:00:00+00:00,2024-03-12 18:59:00+00:00,2153.4049999999997,2166.418,2024-03-12 19:59:00+00:00,close_exit,-3.8299999999999272,-4.200000000000109,13.013000000000375,-0.32275416890801417,-0.2943210635518187,0.2113271344040514,-0.3166064704526068,-420.0000000000109,2181.868,2166.408,2152.545,21.592999999999847,1,2130.952
D3_F_short_1h_bb,-1,2024-03-13 01:00:00+00:00,2024-03-13 00:59:00+00:00,2159.165,2161.3450000000003,2024-03-13 01:59:00+00:00,close_exit,0.6900000000000546,0.31999999999987266,2.180000000000291,0.14678899082561006,0.3165137614678727,0.7660550458714908,-0.23394495412830066,31.999999999987267,2166.408,2161.335,2150.455,12.909200000000055,2,2137.5458
D3_F_short_1h_bb,-1,2024-03-13 09:00:00+00:00,2024-03-13 08:59:00+00:00,2158.0649999999996,2161.418,2024-03-13 10:36:00+00:00,stop,-3.3030000000003383,-3.473000000000702,3.3530000000005202,-1.0357888458097713,-0.9850879809125637,0.14017297942133225,-1.3152400835071951,-347.3000000000702,2161.495,2161.408,2157.198,4.253500000000258,1,2152.9444999999996
D3_F_short_1h_bb,-1,2024-03-14 12:00:00+00:00,2024-03-14 11:59:00+00:00,2168.325,2171.945,2024-03-14 12:58:00+00:00,target,7.502375000000484,7.382375000000302,3.6200000000003456,2.039330110497126,2.0724792817678916,2.149171270718082,-0.5919889502761946,738.2375000000302,2176.848,2171.935,2167.325,6.452375000000302,2,2160.8726249999995
D3_F_short_1h_bb,-1,2024-03-19 16:00:00+00:00,2024-03-19 15:59:00+00:00,2154.1549999999997,2158.625,2024-03-19 19:59:00+00:00,close_exit,-3.4700000000002547,-3.8400000000004364,4.470000000000255,-0.8590604026846125,-0.7762863534675742,0.20514541387021568,-0.8747203579417521,-384.00000000004366,2162.745,2158.615,2147.045,13.158461538461324,1,2133.8865384615387
D3_F_short_1h_bb,-1,2024-03-25 07:00:00+00:00,2024-03-25 06:59:00+00:00,2165.335,2178.255,2024-03-25 13:36:00+00:00,stop,-12.86999999999989,-13.040000000000255,12.920000000000073,-1.0092879256966085,-0.9961300309597383,0.13003095975234377,-1.0085139318885195,-1304.0000000000255,2180.035,2178.245,2157.035,22.403333333333194,1,2134.6316666666667
D3_F_short_1h_bb,-1,2024-03-26 03:00:00+00:00,2024-03-26 02:59:00+00:00,2170.645,2174.3050000000003,2024-03-26 04:59:00+00:00,close_exit,-1.5199999999999818,-1.8900000000001638,3.6600000000003092,-0.516393442622952,-0.41530054644804737,0.2595628415301073,-0.5928961748632335,-189.00000000001637,2181.205,2174.295,2170.615,5.753000000000156,1,2164.8619999999996
D3_F_short_1h_bb,-1,2024-03-27 06:00:00+00:00,2024-03-27 05:59:00+00:00,2176.895,2181.625,2024-03-27 07:59:00+00:00,close_exit,-3.480000000000018,-3.8500000000002,4.730000000000018,-0.8139534883721322,-0.7357293868921786,0.054968287526472995,-0.854122621564471,-385.00000000002,2199.995,2181.615,2171.595,22.65625,1,2148.93875
D3_F_short_1h_bb,-1,2024-04-10 05:00:00+00:00,2024-04-10 04:59:00+00:00,2351.1749999999997,2355.4750000000004,2024-04-10 05:31:00+00:00,stop,-4.250000000000455,-4.420000000000819,4.300000000000637,-1.0279069767442244,-0.9883720930232153,0.034883720930248545,-1.127906976743998,-442.00000000008185,2364.135,2355.465,2338.125,25.04666666666708,2,2313.078333333333
D3_F_short_1h_bb,-1,2024-04-10 18:00:00+00:00,2024-04-10 17:59:00+00:00,2337.085,2352.295,2024-04-11 03:59:00+00:00,close_exit,-6.629999999999654,-6.999999999999837,15.210000000000036,-0.46022353714660225,-0.43589743589741214,0.7343852728468143,-0.5805391190006512,-699.9999999999836,2360.065,2352.285,2319.265,33.8844444444444,1,2285.3805555555555
D3_F_short_1h_bb,-1,2024-04-11 08:00:00+00:00,2024-04-11 07:59:00+00:00,2335.828,2346.775,2024-04-11 14:47:00+00:00,stop,-10.896999999999935,-11.067000000000299,10.947000000000116,-1.0109619073718992,-0.9954325385950323,0.9110258518315384,-1.048415090892458,-1106.7000000000298,2352.285,2346.765,2325.715,25.1899999999996,2,2300.5250000000005
D3_F_short_1h_bb,-1,2024-04-15 09:00:00+00:00,2024-04-15 08:59:00+00:00,2352.9849999999997,2362.3450000000003,2024-04-15 11:59:00+00:00,close_exit,-3.6130000000002838,-3.9830000000004655,9.360000000000582,-0.4255341880342113,-0.3860042735042798,0.8728632478632014,-0.44337606837605054,-398.30000000004657,2372.435,2362.335,2348.255,19.85142857142864,2,2328.4035714285715
D3_F_short_1h_bb,-1,2024-04-18 22:00:00+00:00,2024-04-18 21:59:00+00:00,2379.0049999999997,2389.2380000000003,2024-04-19 02:11:00+00:00,stop,-10.183000000000447,-10.353000000000812,10.23300000000063,-1.0117267663441978,-0.9951138473565739,0.5003420306849972,-1.042704974103334,-1035.3000000000811,2392.624,2389.228,2369.468,22.30699999999979,1,2347.161
D3_F_short_1h_bb,-1,2024-04-19 11:00:00+00:00,2024-04-19 10:59:00+00:00,2380.805,2393.8050000000003,2024-04-19 13:59:00+00:00,close_exit,-0.5700000000001637,-0.9400000000003457,13.000000000000455,-0.07230769230771637,-0.04384615384616491,0.599999999999993,-0.28376923076920935,-94.00000000003456,2417.745,2393.795,2378.505,19.28166666666675,1,2359.2233333333334
D3_F_short_1h_bb,-1,2024-04-25 06:00:00+00:00,2024-04-25 05:59:00+00:00,2315.1479999999997,2321.9950000000003,2024-04-25 06:59:00+00:00,close_exit,-4.197000000000116,-4.567000000000299,6.847000000000662,-0.6670074485175781,-0.6129691835840091,0.08660727325833063,-0.8349642179055857,-456.70000000002983,2337.128,2321.985,2313.555,16.001500000000306,1,2297.5534999999995
D3_F_short_1h_bb,-1,2024-04-26 22:00:00+00:00,2024-04-26 21:59:00+00:00,2337.1949999999997,2341.2850000000003,2024-04-29 00:59:00+00:00,close_exit,1.400000000000091,1.029999999999909,4.0900000000006,0.2518337408312366,0.34229828850852945,1.122249388752816,-0.024449877750585422,102.9999999999909,2351.428,2341.275,2328.605,19.43866666666645,2,2309.1663333333336
D3_F_short_1h_bb,-1,2024-05-01 10:00:00+00:00,2024-05-01 09:59:00+00:00,2286.105,2289.7050000000004,2024-05-01 10:36:00+00:00,stop,-3.550000000000182,-3.7200000000005455,3.600000000000364,-1.0333333333333805,-0.986111111111062,0.08611111111121357,-1.0424999999998117,-372.00000000005457,2336.055,2289.695,2281.515,11.491428571428969,2,2270.023571428571
D3_F_short_1h_bb,-1,2024-05-02 09:00:00+00:00,2024-05-02 08:59:00+00:00,2309.0649999999996,2326.335,2024-05-02 14:17:00+00:00,target,22.810666666666748,22.690666666666566,17.270000000000437,1.3138776298011576,1.3208260953483597,1.3271569195135517,-0.11870295309786509,2269.0666666666566,2328.225,2326.325,2306.948,20.64366666666683,1,2286.304333333333
D3_F_short_1h_bb,-1,2024-05-02 22:00:00+00:00,2024-05-02 21:59:00+00:00,2303.2549999999997,2309.3450000000003,2024-05-03 04:59:00+00:00,close_exit,0.9600000000000364,0.5899999999998544,6.0900000000006,0.09688013136285653,0.157635467980286,0.5467980295565844,-0.5177339901477729,58.99999999998544,2326.325,2309.335,2285.358,28.97405882352905,2,2256.383941176471
D3_F_short_1h_bb,-1,2024-05-03 13:00:00+00:00,2024-05-03 12:59:00+00:00,2298.165,2303.065,2024-05-03 13:30:00+00:00,stop,-4.849999999999909,-5.020000000000273,4.900000000000091,-1.024489795918404,-0.98979591836731,0.7122448979592187,-4.6087755102039205,-502.0000000000273,2308.615,2303.055,2297.675,8.159999999999854,1,2289.5150000000003
D3_F_short_1h_bb,-1,2024-05-07 08:00:00+00:00,2024-05-07 07:59:00+00:00,2320.335,2324.9350000000004,2024-05-07 11:59:00+00:00,close_exit,5.180000000000291,4.810000000000109,4.600000000000364,1.0456521739129845,1.1260869565217133,1.853695652173776,-0.3739130434781878,481.0000000000109,2329.788,2324.925,2319.568,8.598999999999705,1,2310.9690000000005
D3_F_short_1h_bb,-1,2024-05-07 17:00:00+00:00,2024-05-07 16:59:00+00:00,2314.605,2323.538,2024-05-08 16:59:00+00:00,close_exit,-5.609999999999673,-5.979999999999855,8.932999999999993,-0.6694279637299743,-0.6280085077801049,1.214597559610475,-0.7768946602484725,-597.9999999999854,2324.925,2323.528,2309.818,13.865222222221746,2,2295.9527777777785
D3_F_short_1h_bb,-1,2024-05-09 09:00:00+00:00,2024-05-09 08:59:00+00:00,2309.165,2319.648,2024-05-09 13:30:00+00:00,stop,-10.432999999999993,-10.603000000000357,10.483000000000175,-1.011447104836419,-0.9952303729848153,0.22417246971289942,-1.1628350662978013,-1060.3000000000357,2320.945,2319.638,2307.738,12.444583333333412,1,2295.2934166666664
D3_F_short_1h_bb,-1,2024-05-10 22:00:00+00:00,2024-05-10 21:59:00+00:00,2360.125,2370.8250000000003,2024-05-13 10:56:00+00:00,target,20.831250000000182,20.71125,10.700000000000273,1.935630841121446,1.9468457943924906,1.9542056074766145,-0.4140186915887592,2071.125,2378.365,2370.815,2356.495,17.15124999999989,1,2339.34375
D3_F_short_1h_bb,-1,2024-05-16 12:00:00+00:00,2024-05-16 11:59:00+00:00,2384.745,2391.2650000000003,2024-05-16 14:17:00+00:00,target,8.004333333333307,7.8843333333331245,6.520000000000437,1.2092535787319934,1.2276584867074802,1.2868098159508146,-0.2975460122699271,788.4333333333125,2394.388,2391.255,2384.545,7.754333333333307,2,2376.7906666666668
D3_F_short_1h_bb,-1,2024-05-20 22:00:00+00:00,2024-05-20 21:59:00+00:00,2425.625,2437.215,2024-05-21 12:59:00+00:00,close_exit,2.350000000000364,1.9800000000001818,11.590000000000146,0.17083692838655368,0.2027610008628416,1.6623813632441793,-0.6496980155305997,198.0000000000182,2447.015,2437.205,2407.145,36.59999999999991,2,2370.545
D3_F_short_1h_bb,-1,2024-05-29 17:00:00+00:00,2024-05-29 16:59:00+00:00,2338.9979999999996,2347.0750000000003,2024-05-29 17:59:00+00:00,close_exit,-2.7600000000002183,-3.1300000000004,8.07700000000068,-0.3875201188560278,-0.34171103132350944,0.359415624613043,-0.37266311749411474,-313.00000000004,2361.275,2347.065,2334.438,14.403249999999844,2,2320.0347500000003
D3_F_short_1h_bb,-1,2024-05-31 07:00:00+00:00,2024-05-31 06:59:00+00:00,2342.2549999999997,2347.6180000000004,2024-05-31 13:32:00+00:00,stop,-5.313000000000557,-5.483000000000921,5.3630000000007385,-1.0223755360805828,-0.9906768599664041,0.45496923363783676,-1.2381129964570974,-548.300000000092,2348.755,2347.608,2339.795,8.673249999999825,2,2331.1217500000002
D3_F_short_1h_bb,-1,2024-06-12 10:00:00+00:00,2024-06-12 09:59:00+00:00,2312.6349999999998,2316.635,2024-06-12 13:30:00+00:00,stop,-3.950000000000273,-4.120000000000637,4.000000000000455,-1.0300000000000422,-0.987499999999956,0.24249999999992242,-3.8572499999995835,-412.00000000006366,2317.508,2316.625,2310.584,6.217599999999948,2,2304.3664
D3_F_short_1h_bb,-1,2024-06-13 01:00:00+00:00,2024-06-13 00:59:00+00:00,2320.3979999999997,2339.418,2024-06-13 16:56:00+00:00,target,21.511250000000018,21.391249999999836,19.020000000000437,1.124671398527831,1.1309805467928247,1.1363301787591658,-0.3310725552050411,2139.1249999999836,2341.495,2339.408,2319.955,21.01825000000008,1,2298.93675
D3_F_short_1h_bb,-1,2024-06-17 13:00:00+00:00,2024-06-17 12:59:00+00:00,2318.028,2322.545,2024-06-17 14:10:00+00:00,stop,-4.467000000000098,-4.637000000000462,4.51700000000028,-1.0265663050697753,-0.9889307062209035,0.2729687845915648,-1.2087668806729461,-463.7000000000462,2335.455,2322.535,2315.365,9.753999999999905,1,2305.611
D3_F_short_1h_bb,-1,2024-06-18 08:00:00+00:00,2024-06-18 07:59:00+00:00,2319.955,2325.545,2024-06-18 14:53:00+00:00,stop,-5.539999999999964,-5.710000000000328,5.5900000000001455,-1.0214669051878675,-0.991055456171703,2.3774597495527043,-1.1234347048299789,-571.0000000000327,2327.495,2325.535,2309.895,17.421818181818253,1,2292.4731818181817
D3_F_short_1h_bb,-1,2024-06-19 16:00:00+00:00,2024-06-19 15:59:00+00:00,2326.008,2332.8450000000003,2024-06-19 23:59:00+00:00,close_exit,-4.170000000000073,-4.540000000000255,6.837000000000444,-0.664033933011549,-0.6099166301008925,0.0955097264881893,-0.8000585051922546,-454.00000000002547,2334.868,2332.835,2325.715,7.628249999999753,1,2318.0867500000004
D3_F_short_1h_bb,-1,2024-06-25 09:00:00+00:00,2024-06-25 08:59:00+00:00,2324.6949999999997,2330.0280000000002,2024-06-25 09:58:00+00:00,stop,-5.2830000000003565,-5.453000000000721,5.333000000000538,-1.022501406337928,-0.9906244140258434,0.32064504031499413,-1.0463153947120503,-545.300000000072,2334.595,2330.018,2322.608,7.982124999999996,1,2314.625875
D3_F_short_1h_bb,-1,2024-06-26 04:00:00+00:00,2024-06-26 03:59:00+00:00,2319.2949999999996,2323.748,2024-06-26 09:59:00+00:00,close_exit,3.7669999999998254,3.3969999999996436,4.453000000000429,0.7628565012349688,0.8459465528855743,2.130473837861826,-0.41612396137432894,339.69999999996435,2337.018,2323.738,2315.405,15.483769230768758,1,2299.9212307692314
D3_F_short_1h_bb,-1,2024-06-26 13:00:00+00:00,2024-06-26 12:59:00+00:00,2312.868,2318.295,2024-06-26 14:26:00+00:00,target,13.804666666666435,13.684666666666253,5.427000000000135,2.5215895829493116,2.543701246852053,2.620784964068473,-0.9323751612308494,1368.4666666666253,2323.738,2318.285,2309.608,10.49466666666649,2,2299.1133333333337
D3_F_short_1h_bb,-1,2024-06-28 21:00:00+00:00,2024-06-28 20:59:00+00:00,2324.888,2332.628,2024-07-01 00:59:00+00:00,close_exit,0.11300000000028376,-0.25699999999989814,7.7400000000002365,-0.033204134366910894,0.014599483204170583,0.2820413436692411,-0.2696382428940472,-25.699999999989814,2339.635,2332.618,2322.745,15.135750000000371,1,2307.6092499999995
D3_F_short_1h_bb,-1,2024-07-02 06:00:00+00:00,2024-07-02 05:59:00+00:00,2327.105,2334.2180000000003,2024-07-02 14:49:00+00:00,stop,-7.063000000000102,-7.233000000000466,7.113000000000284,-1.016870518768477,-0.9929706171797863,1.1190777449739517,-1.1106424855896697,-723.3000000000466,2338.388,2334.208,2319.125,18.619923076922987,1,2300.505076923077
D3_F_short_1h_bb,-1,2024-07-04 08:00:00+00:00,2024-07-04 07:59:00+00:00,2356.165,2362.3950000000004,2024-07-04 14:59:00+00:00,close_exit,-3.3899999999998727,-3.7600000000000544,6.230000000000473,-0.6035313001604765,-0.5441412520063588,0.3996789727126882,-0.6971107544140478,-376.00000000000546,2364.795,2362.385,2353.585,10.00500000000011,1,2343.58
D3_F_short_1h_bb,-1,2024-07-09 14:00:00+00:00,2024-07-09 13:59:00+00:00,2359.9379999999996,2365.525,2024-07-09 14:36:00+00:00,stop,-5.537000000000262,-5.707000000000626,5.587000000000444,-1.0214784320744894,-0.991050653302277,0.05781277966705562,-1.211741542867271,-570.7000000000626,2368.658,2365.515,2358.125,8.4376666666667,1,2349.6873333333333
D3_F_short_1h_bb,-1,2024-07-15 09:00:00+00:00,2024-07-15 08:59:00+00:00,2407.7749999999996,2413.8250000000003,2024-07-15 11:21:00+00:00,stop,-6.000000000000455,-6.170000000000819,6.050000000000637,-1.0198347107438297,-0.9917355371900535,0.12231404958672791,-1.0319008264462373,-617.0000000000819,2414.855,2413.815,2404.815,9.594285714285888,2,2395.220714285714
D3_F_short_1h_bb,-1,2024-07-17 12:00:00+00:00,2024-07-17 11:59:00+00:00,2467.6749999999997,2478.7650000000003,2024-07-17 14:10:00+00:00,stop,-11.040000000000418,-11.210000000000782,11.0900000000006,-1.0108205590622341,-0.9954914337240596,0.027953110910723954,-1.0613165013525108,-1121.0000000000782,2482.325,2478.755,2461.718,18.227000000000317,1,2443.4909999999995
D3_F_short_1h_bb,-1,2024-07-19 19:00:00+00:00,2024-07-19 18:59:00+00:00,2399.038,2408.2850000000003,2024-07-19 20:59:00+00:00,close_exit,0.5400000000004184,0.17000000000023646,9.247000000000298,0.018384340867333294,0.05839731804914036,0.20038931545366126,-0.14458743376229544,17.000000000023647,2469.775,2408.275,2393.675,19.72499999999991,2,2373.9500000000003
D3_F_short_1h_bb,-1,2024-07-23 00:00:00+00:00,2024-07-22 23:59:00+00:00,2394.875,2400.0080000000003,2024-07-23 01:56:00+00:00,stop,-5.083000000000084,-5.253000000000448,5.133000000000266,-1.02337814143779,-0.9902591077342335,0.0,-1.0208455094485702,-525.3000000000447,2408.268,2399.998,2383.715,20.877444444444336,2,2362.837555555556
D3_F_short_1h_bb,-1,2024-08-05 02:00:00+00:00,2024-08-05 01:59:00+00:00,2421.9449999999997,2447.355,2024-08-05 02:59:00+00:00,close_exit,-17.300000000000182,-17.670000000000364,25.41000000000031,-0.6953955135773376,-0.6808343171979524,0.06599763872489806,-0.7894529712711413,-1767.0000000000364,2477.494,2447.345,2410.664,56.78033333333315,1,2353.883666666667
D3_F_short_1h_bb,-1,2024-08-06 22:00:00+00:00,2024-08-06 21:59:00+00:00,2389.8039999999996,2395.8950000000004,2024-08-06 23:59:00+00:00,close_exit,1.3989999999998872,1.0289999999997053,6.091000000000804,0.16893777704803306,0.22968313905757717,0.2953538006894994,-0.34000985059926025,102.89999999997053,2416.195,2395.885,2381.515,21.986250000000382,2,2359.5287499999995
D3_F_short_1h_bb,-1,2024-08-13 11:00:00+00:00,2024-08-13 10:59:00+00:00,2460.548,2466.0750000000003,2024-08-13 11:59:00+00:00,close_exit,-1.4800000000000182,-1.8500000000002002,5.527000000000498,-0.3347204631807551,-0.26777637054457837,0.18870996924190808,-0.547675049755703,-185.00000000002,2476.845,2466.065,2458.365,10.7800000000002,1,2447.5849999999996
D3_F_short_1h_bb,-1,2024-08-22 10:00:00+00:00,2024-08-22 09:59:00+00:00,2503.5049999999997,2510.4950000000003,2024-08-22 14:32:00+00:00,target,16.985333333333074,16.86533333333289,6.990000000000691,2.4127801621360834,2.4299475441103566,2.577968526466123,-0.815879828326096,1686.5333333332892,2514.545,2510.485,2499.204,12.634333333333416,2,2486.5696666666668
D3_F_short_1h_bb,-1,2024-08-27 00:00:00+00:00,2024-08-26 23:59:00+00:00,2517.105,2523.2650000000003,2024-08-27 14:59:00+00:00,close_exit,4.667000000000371,4.297000000000189,6.160000000000309,0.6975649350649307,0.7576298701298924,2.2045454545454057,-0.10551948051941616,429.7000000000189,2526.708,2523.255,2510.548,14.433500000000095,1,2496.1144999999997
D3_F_short_1h_bb,-1,2024-08-28 17:00:00+00:00,2024-08-28 16:59:00+00:00,2506.008,2510.5150000000003,2024-08-29 01:14:00+00:00,stop,-4.457000000000335,-4.627000000000699,4.507000000000517,-1.0266252496117525,-0.9889061459950796,2.1107166629684557,-1.0022187708008226,-462.70000000006985,2511.275,2510.505,2493.515,17.182500000000346,2,2476.3324999999995
D3_F_short_1h_bb,-1,2024-08-30 15:00:00+00:00,2024-08-30 14:59:00+00:00,2515.078,2526.735,2024-08-30 17:55:00+00:00,target,18.394000000000233,18.27400000000005,11.657000000000153,1.567641760315674,1.5779360041176969,1.5778502187526626,-0.2890966801063607,1827.400000000005,2528.558,2526.725,2512.035,15.30099999999993,1,2496.734
D3_F_short_1h_bb,-1,2024-09-04 15:00:00+00:00,2024-09-04 14:59:00+00:00,2485.0249999999996,2491.0950000000003,2024-09-04 15:00:00+00:00,stop,-6.020000000000437,-6.190000000000801,6.0700000000006185,-1.0197693574959095,-0.9917627677100203,0.06095551894561008,-1.7397034596374505,-619.00000000008,2496.835,2491.085,2471.718,20.644777777778017,1,2451.073222222222
D3_F_short_1h_bb,-1,2024-09-09 07:00:00+00:00,2024-09-09 06:59:00+00:00,2487.698,2500.375,2024-09-09 08:59:00+00:00,close_exit,-6.376999999999953,-6.747000000000135,12.677000000000135,-0.5322237122347608,-0.5030369961347231,0.16510215350633628,-0.7199652914727346,-674.7000000000135,2529.125,2500.365,2485.015,35.89285714285734,1,2449.1221428571425
D3_F_short_1h_bb,-1,2024-09-11 20:00:00+00:00,2024-09-11 19:59:00+00:00,2511.3579999999997,2519.954,2024-09-12 02:59:00+00:00,close_exit,-1.606999999999971,-1.9770000000001529,8.596000000000458,-0.22999069334574773,-0.1869474174034301,0.17252210330382048,-0.45439739413677765,-197.70000000001528,2528.885,2519.944,2500.825,20.907200000000103,1,2479.9177999999997
D3_F_short_1h_bb,-1,2024-09-16 17:00:00+00:00,2024-09-16 16:59:00+00:00,2579.685,2589.215,2024-09-18 19:06:00+00:00,stop,-9.480000000000018,-9.650000000000382,9.5300000000002,-1.0125918153200608,-0.9947534102832969,1.9413431269674517,-1.0139559286463597,-965.0000000000382,2589.515,2589.205,2575.115,14.222857142857265,1,2560.8921428571425
D3_F_short_1h_bb,-1,2024-09-25 18:00:00+00:00,2024-09-25 17:59:00+00:00,2653.595,2667.355,2024-09-26 08:59:00+00:00,close_exit,-10.889999999999873,-11.260000000000055,13.760000000000218,-0.8183139534883631,-0.7914244186046293,0.0232558139534999,-0.9738372093023168,-1126.0000000000055,2670.348,2667.345,2651.215,17.881749999999556,1,2633.3332500000006
D3_F_short_1h_bb,-1,2024-09-27 03:00:00+00:00,2024-09-27 02:59:00+00:00,2669.335,2677.7180000000003,2024-09-27 04:59:00+00:00,close_exit,-4.169999999999618,-4.5399999999998,8.383000000000266,-0.5415722295120668,-0.4974352856971831,0.2453775498031944,-0.5630442562328105,-453.99999999998,2685.405,2677.708,2654.685,28.795750000000226,1,2625.8892499999997
D3_F_short_1h_bb,-1,2024-09-30 04:00:00+00:00,2024-09-30 03:59:00+00:00,2652.355,2665.8680000000004,2024-10-01 07:59:00+00:00,close_exit,7.2400000000002365,6.870000000000054,13.513000000000375,0.5083993191741185,0.5357803596536694,2.0437356619551115,-0.6171834529711729,687.0000000000055,2674.134,2665.858,2643.111,27.261181818182195,1,2615.8498181818177
D3_F_short_1h_bb,-1,2024-10-02 12:00:00+00:00,2024-10-02 11:59:00+00:00,2648.9649999999997,2655.7250000000004,2024-10-02 14:21:00+00:00,stop,-6.710000000000491,-6.880000000000855,6.760000000000673,-1.017751479289966,-0.9926035502958318,0.7569526627217789,-1.1094674556211914,-688.0000000000855,2672.908,2655.715,2644.395,14.758600000000115,1,2629.6364
D3_F_short_1h_bb,-1,2024-10-03 07:00:00+00:00,2024-10-03 06:59:00+00:00,2653.1479999999997,2662.7850000000003,2024-10-04 03:41:00+00:00,stop,-9.587000000000444,-9.757000000000808,9.637000000000626,-1.0124520078862898,-0.9948116633807016,1.7321780637126358,-1.0065373041402557,-975.7000000000808,2663.194,2662.775,2640.954,22.19344444444414,1,2618.760555555556
D3_F_short_1h_bb,-1,2024-10-08 02:00:00+00:00,2024-10-08 01:59:00+00:00,2643.4249999999997,2648.985,2024-10-08 02:59:00+00:00,close_exit,-3.6399999999998727,-4.010000000000055,5.5600000000004,-0.7212230215826918,-0.6546762589927357,0.9832733812949109,-0.8201438848920175,-401.00000000000546,2659.465,2648.975,2637.688,20.728000000000065,1,2616.96
D3_F_short_1h_bb,-1,2024-10-08 06:00:00+00:00,2024-10-08 05:59:00+00:00,2642.895,2648.105,2024-10-08 12:08:00+00:00,stop,-5.1599999999998545,-5.330000000000219,5.210000000000036,-1.023032629558576,-0.9904030710172397,2.738963531669843,-1.0441458733205407,-533.0000000000218,2648.975,2648.095,2637.758,10.556999999999789,2,2627.201
D3_F_short_1h_bb,-1,2024-10-09 15:00:00+00:00,2024-10-09 14:59:00+00:00,2609.4849999999997,2622.268,2024-10-10 08:59:00+00:00,close_exit,-7.070000000000164,-7.440000000000346,12.783000000000357,-0.5820229992959507,-0.55307830712665,0.33169052648045555,-0.6625987639834169,-744.0000000000346,2624.165,2622.258,2608.974,14.555333333333238,1,2594.418666666667
D3_F_short_1h_bb,-1,2024-10-15 01:00:00+00:00,2024-10-15 00:59:00+00:00,2649.205,2653.208,2024-10-15 03:59:00+00:00,close_exit,-2.230000000000018,-2.6000000000002,4.003000000000156,-0.6495128653510113,-0.5570821883587137,0.46964776417687626,-0.900074943792137,-260.00000000002,2661.065,2653.198,2643.835,14.982285714285808,2,2628.8527142857142
D3_F_short_1h_bb,-1,2024-10-28 09:00:00+00:00,2024-10-28 08:59:00+00:00,2731.7949999999996,2744.4550000000004,2024-10-28 14:45:00+00:00,stop,-12.610000000000582,-12.780000000000946,12.660000000000764,-1.0094786729857959,-0.9960505529225767,0.30647709320690525,-1.034202211690325,-1278.0000000000946,2747.635,2744.445,2724.545,21.672222222222445,1,2702.8727777777776
D3_F_short_1h_bb,-1,2024-11-06 04:00:00+00:00,2024-11-06 03:59:00+00:00,2734.0649999999996,2749.6150000000002,2024-11-06 06:29:00+00:00,target,18.146999999999935,18.026999999999752,15.550000000000637,1.1592926045015444,1.1670096463021988,1.185916398713765,-0.6156270096462977,1802.6999999999753,2749.875,2749.605,2732.908,16.940000000000055,1,2715.968
D3_F_short_1h_bb,-1,2024-11-08 17:00:00+00:00,2024-11-08 16:59:00+00:00,2683.105,2703.945,2024-11-11 13:00:00+00:00,target,29.809999999999945,29.689999999999763,20.840000000000146,1.4246641074855833,1.4304222648752274,1.4289827255278307,-0.2760556621880836,2968.9999999999764,2710.235,2703.935,2680.215,26.86999999999989,2,2653.3450000000003
D3_F_short_1h_bb,-1,2024-11-12 17:00:00+00:00,2024-11-12 16:59:00+00:00,2600.625,2616.8950000000004,2024-11-13 02:59:00+00:00,close_exit,-11.309999999999945,-11.680000000000128,16.270000000000437,-0.7178856791640943,-0.6951444376152208,0.49907805777505393,-0.7393976644129946,-1168.0000000000127,2627.015,2616.885,2589.508,30.493923076923238,1,2559.0140769230766
D3_F_short_1h_bb,-1,2024-11-15 22:00:00+00:00,2024-11-15 21:59:00+00:00,2562.665,2567.9150000000004,2024-11-17 23:00:00+00:00,stop,-5.200000000000273,-5.370000000000637,5.250000000000455,-1.0228571428571755,-0.9904761904761566,0.0,-1.1638095238093606,-537.0000000000637,2575.908,2567.905,2559.408,10.497749999999996,1,2548.91025
D3_F_short_1h_bb,-1,2024-11-25 14:00:00+00:00,2024-11-25 13:59:00+00:00,2678.085,2688.605,2024-11-25 23:42:00+00:00,target,66.89700000000039,66.77700000000021,10.519999999999982,6.347623574144518,6.359030418250999,6.384030418250991,-0.06653992395435544,6677.700000000022,2721.185,2688.595,2658.064,46.82600000000002,1,2611.238
D3_F_short_1h_bb,-1,2024-12-03 13:00:00+00:00,2024-12-03 12:59:00+00:00,2639.6749999999997,2647.965,2024-12-03 13:46:00+00:00,stop,-8.240000000000236,-8.4100000000006,8.290000000000418,-1.0144752714113603,-0.9939686369119205,0.22436670687575797,-1.1656212303980125,-841.00000000006,2649.924,2647.955,2639.115,9.496333333333496,1,2629.6186666666663
D3_F_short_1h_bb,-1,2024-12-03 21:00:00+00:00,2024-12-03 20:59:00+00:00,2641.9649999999997,2649.0150000000003,2024-12-03 23:59:00+00:00,close_exit,-0.5799999999999272,-0.9500000000001092,7.050000000000637,-0.13475177304964872,-0.08226950354608153,0.11787234042547534,-0.2978723404254921,-95.00000000001091,2655.528,2649.005,2635.115,18.782250000000204,1,2616.3327499999996
D3_F_short_1h_bb,-1,2024-12-05 02:00:00+00:00,2024-12-05 01:59:00+00:00,2646.855,2655.324,2024-12-05 05:53:00+00:00,stop,-8.418999999999869,-8.589000000000233,8.469000000000051,-1.0141693234148283,-0.994096115243809,0.24324005195423165,-1.037902940134598,-858.9000000000233,2656.998,2655.314,2646.885,9.692000000000007,1,2637.193
D3_F_short_1h_bb,-1,2024-12-06 18:00:00+00:00,2024-12-06 17:59:00+00:00,2634.7349999999997,2643.195,2024-12-08 23:00:00+00:00,stop,-8.41000000000031,-12.10500000000031,8.460000000000491,-1.4308510638297407,-0.9940898345153453,0.42316784869973045,-1.5862884160755666,-1210.500000000031,2645.535,2643.185,2632.295,12.0649999999996,1,2620.2300000000005
D3_F_short_1h_bb,-1,2024-12-10 08:00:00+00:00,2024-12-10 07:59:00+00:00,2664.4179999999997,2673.635,2024-12-10 10:39:00+00:00,stop,-9.167000000000371,-9.337000000000735,9.217000000000553,-1.0130194206358007,-0.9945752414017383,0.3421937723771083,-1.0643376369750848,-933.7000000000735,2676.255,2673.625,2656.675,18.484166666666624,1,2638.1908333333336
D3_F_short_1h_bb,-1,2024-12-11 09:00:00+00:00,2024-12-11 08:59:00+00:00,2690.7639999999997,2697.5480000000002,2024-12-11 09:59:00+00:00,close_exit,-4.644000000000233,-5.014000000000415,6.78400000000056,-0.7390919811320756,-0.6845518867924306,0.7134433962263106,-0.7538325471697539,-501.4000000000415,2704.098,2697.538,2674.345,24.833000000000084,1,2649.5119999999997
D3_F_short_1h_bb,-1,2024-12-12 11:00:00+00:00,2024-12-12 10:59:00+00:00,2711.225,2720.3250000000003,2024-12-12 14:36:00+00:00,target,29.208666666666886,29.088666666666704,9.100000000000364,3.196556776556653,3.2097435897434856,3.3296703296702166,-0.24835164835161244,2908.8666666666704,2725.675,2720.315,2703.424,21.357666666666773,1,2682.066333333333
D3_F_short_1h_bb,-1,2024-12-12 21:00:00+00:00,2024-12-12 20:59:00+00:00,2679.5449999999996,2686.8650000000002,2024-12-12 21:59:00+00:00,close_exit,-1.0,-1.370000000000182,7.3200000000006185,-0.18715846994536423,-0.13661202185791196,0.0,-0.48224043715845655,-137.0000000000182,2720.315,2686.855,2675.055,20.925454545454613,2,2654.129545454545
D3_F_short_1h_bb,-1,2024-12-16 22:00:00+00:00,2024-12-16 21:59:00+00:00,2652.5449999999996,2655.6040000000003,2024-12-17 00:59:00+00:00,close_exit,-2.550000000000182,-2.9200000000003636,3.059000000000651,-0.954560313827964,-0.8336057535141024,0.4347826086955358,-0.974174566851711,-292.0000000000364,2664.248,2655.594,2648.475,10.827857142857283,1,2637.6471428571426
D3_F_short_1h_bb,-1,2024-12-17 16:00:00+00:00,2024-12-17 15:59:00+00:00,2639.955,2646.7580000000003,2024-12-17 17:58:00+00:00,stop,-6.753000000000156,-6.9230000000005205,6.803000000000338,-1.0176392767896776,-0.9926503013376188,0.48375716595619633,-1.0426282522415837,-692.300000000052,2656.948,2646.748,2635.994,14.153999999999996,2,2621.84
D3_F_short_1h_bb,-1,2024-12-19 22:00:00+00:00,2024-12-19 21:59:00+00:00,2593.535,2600.9350000000004,2024-12-19 23:59:00+00:00,close_exit,0.1999999999998181,-0.1700000000003638,7.400000000000546,-0.022972972973020443,0.027027027027000453,0.15770270270267978,-0.31932432432427765,-17.00000000003638,2626.325,2600.925,2586.815,25.398888888888905,1,2561.416111111111
D3_F_short_1h_bb,-1,2024-12-23 17:00:00+00:00,2024-12-23 16:59:00+00:00,2615.644,2619.8050000000003,2024-12-23 19:59:00+00:00,close_exit,4.846000000000004,4.4759999999998215,4.161000000000513,1.075702956020012,1.1646238884882014,1.45301610189836,-0.22831050228303315,447.5999999999822,2633.135,2619.795,2612.908,12.60414285714296,1,2600.303857142857
D3_F_short_1h_bb,-1,2024-12-30 07:00:00+00:00,2024-12-30 06:59:00+00:00,2618.8979999999997,2627.9950000000003,2024-12-31 15:59:00+00:00,close_exit,-6.666000000000167,-7.0360000000003495,9.097000000000662,-0.7734417939980035,-0.7327690447399893,2.505551280641751,-0.8548972188633042,-703.6000000000349,2631.395,2627.985,2611.285,19.622857142857356,2,2591.6621428571425
