tag,side,t_signal,t_entry,entry,stop0,t_exit,reason,gross_px,net_px,risk_px,R,gross_R,mfe_R,mae_R,net_usd_1,m_p1,m_p2,m_low,m_D,m_count,m_target
D4_G_long_1h_pivot,1,2022-01-05 04:00:00+00:00,2022-01-05 03:59:00+00:00,1815.558,1812.598,2022-01-05 04:59:00+00:00,close_exit,-0.42000000000007276,-0.7900000000000273,2.9600000000000364,-0.2668918918918978,-0.14189189189191473,0.0,-0.3628378378378567,-79.00000000000273,1798.388,1812.608,1816.688,14.745000000000118,1,1831.4330000000002
D4_G_long_1h_pivot,1,2022-01-10 03:00:00+00:00,2022-01-10 02:59:00+00:00,1794.528,1792.008,2022-01-10 03:28:00+00:00,stop,-2.269999999999982,-2.639999999999936,2.519999999999982,-1.04761904761903,-0.90079365079365,0.0,-1.0119047619047512,-263.99999999999363,1782.495,1792.018,1798.515,11.25850000000014,1,1809.7735000000002
D4_G_long_1h_pivot,1,2022-01-13 05:00:00+00:00,2022-01-13 04:59:00+00:00,1826.088,1823.9180000000001,2022-01-13 06:59:00+00:00,close_exit,-0.75,-1.1199999999999546,2.1699999999998454,-0.5161290322580804,-0.34562211981569285,0.9078341013825657,-0.875576036866359,-111.99999999999545,1814.578,1823.928,1827.984,6.805999999999813,1,1834.7899999999997
D4_G_long_1h_pivot,1,2022-01-17 17:59:00+00:00,2022-01-17 17:58:00+00:00,1819.258,1817.578,2022-01-18 03:39:00+00:00,stop,-1.4300000000000637,-1.8000000000000183,1.6800000000000637,-1.0714285714285416,-0.8511904761904818,2.0154761904760945,-1.3154761904761623,-180.00000000000182,1813.0,1817.588,1823.088,7.794000000000096,1,1830.882
D4_G_long_1h_pivot,1,2022-01-18 21:00:00+00:00,2022-01-18 20:59:00+00:00,1813.888,1810.478,2022-01-18 21:59:00+00:00,close_exit,-0.2599999999999909,-0.6299999999999455,3.4099999999998545,-0.1847507331378218,-0.07624633431085102,0.1906158357771609,-0.2697947214075908,-62.99999999999455,1805.658,1810.488,1820.048,12.458000000000084,1,1832.506
D4_G_long_1h_pivot,1,2022-01-20 19:00:00+00:00,2022-01-20 18:59:00+00:00,1841.688,1838.4180000000001,2022-01-20 19:59:00+00:00,close_exit,-1.4600000000000364,-1.829999999999991,3.269999999999982,-0.5596330275229361,-0.44648318042814816,0.0,-0.7033639143731483,-182.9999999999991,1835.808,1838.428,1847.804,10.030999999999949,1,1857.835
D4_G_long_1h_pivot,1,2022-01-25 05:00:00+00:00,2022-01-25 04:59:00+00:00,1842.118,1839.311,2022-01-25 05:59:00+00:00,close_exit,-0.2999999999999545,-0.6699999999999091,2.8070000000000164,-0.238688991806165,-0.10687566797290801,0.25863911649451676,-0.3705023156394576,-66.9999999999909,1829.558,1839.321,1844.028,8.61220000000003,1,1852.6402
D4_G_long_1h_pivot,1,2022-01-28 17:00:00+00:00,2022-01-28 16:59:00+00:00,1785.345,1780.568,2022-02-01 08:57:00+00:00,target,19.52300000000014,19.203000000000138,4.777000000000044,4.019886958342048,4.086874607494235,4.059660875026136,-0.7410508687460605,1920.3000000000138,1780.158,1780.578,1792.528,12.090000000000146,1,1804.6180000000002
D4_G_long_1h_pivot,1,2022-02-01 18:00:00+00:00,2022-02-01 17:59:00+00:00,1802.855,1797.655,2022-02-02 02:59:00+00:00,close_exit,-4.007000000000062,-4.377000000000017,5.2000000000000455,-0.8417307692307651,-0.7705769230769283,0.021730769230779885,-0.8571153846153977,-437.70000000000164,1795.625,1797.665,1808.638,11.312999999999874,1,1819.9509999999998
D4_G_long_1h_pivot,1,2022-02-03 00:00:00+00:00,2022-02-02 23:59:00+00:00,1808.005,1805.048,2022-02-03 00:59:00+00:00,close_exit,-0.4370000000001255,-0.8070000000000801,2.9570000000001073,-0.27291173486643583,-0.14778491714579292,0.0,-0.35407507609062816,-80.700000000008,1800.465,1805.058,1810.718,7.9565000000000055,2,1818.6745
D4_G_long_1h_pivot,1,2022-02-07 09:00:00+00:00,2022-02-07 08:59:00+00:00,1813.168,1808.628,2022-02-07 10:59:00+00:00,close_exit,-2.6440000000000055,-3.01399999999996,4.539999999999964,-0.6638766519823753,-0.5823788546255565,0.040969162995627896,-0.6607929515418555,-301.399999999996,1792.018,1808.638,1815.208,12.110000000000127,1,1827.3180000000002
D4_G_long_1h_pivot,1,2022-02-08 02:00:00+00:00,2022-02-08 01:59:00+00:00,1822.254,1819.887,2022-02-08 03:59:00+00:00,close_exit,-0.2159999999998945,-0.5859999999998491,2.366999999999962,-0.24757076468097108,-0.09125475285166793,0.3988170680186745,-0.3193916349809338,-58.59999999998491,1808.638,1819.897,1823.458,5.672062500000266,2,1829.1300625000003
D4_G_long_1h_pivot,1,2022-02-09 03:00:00+00:00,2022-02-09 02:59:00+00:00,1827.674,1824.9180000000001,2022-02-09 04:59:00+00:00,close_exit,-0.2660000000000764,-0.636000000000031,2.755999999999858,-0.2307692307692539,-0.09651669085634619,0.3374455732946704,-0.19593613933236265,-63.6000000000031,1817.138,1824.928,1828.664,6.568727272727301,2,1835.2327272727273
D4_G_long_1h_pivot,1,2022-02-11 04:00:00+00:00,2022-02-11 03:59:00+00:00,1825.108,1823.624,2022-02-11 04:17:00+00:00,stop,-1.2339999999999236,-1.6039999999998782,1.4839999999999236,-1.080862533692696,-0.8315363881401531,0.0,-1.0175202156334695,-160.3999999999878,1821.534,1823.634,1841.838,19.731272727272653,1,1861.5692727272726
D4_G_long_1h_pivot,1,2022-02-15 19:00:00+00:00,2022-02-15 18:59:00+00:00,1855.348,1846.348,2022-02-16 10:59:00+00:00,close_exit,-0.44399999999996,-0.8139999999999146,9.0,-0.09044444444443495,-0.049333333333328885,0.46444444444445154,-0.5733333333333172,-81.39999999999145,1844.398,1846.358,1857.034,11.656000000000176,1,1868.6900000000003
D4_G_long_1h_pivot,1,2022-02-18 18:00:00+00:00,2022-02-18 17:59:00+00:00,1897.103,1890.308,2022-02-21 01:59:00+00:00,close_exit,-1.3300000000001546,-1.7000000000001092,6.795000000000073,-0.25018395879324373,-0.19573215599707733,1.626931567328877,-0.8233995584988915,-170.0000000000109,1886.478,1890.318,1899.886,11.104000000000042,1,1910.99
D4_G_long_1h_pivot,1,2022-02-21 15:00:00+00:00,2022-02-21 14:59:00+00:00,1895.213,1892.338,2022-02-21 15:59:00+00:00,close_exit,0.31500000000005457,-0.05499999999989996,2.875,-0.0191304347825739,0.10956521739132333,0.3217391304347668,-0.8678260869564838,-5.4999999999899964,1887.453,1892.348,1898.548,7.179000000000087,1,1905.727
D4_G_long_1h_pivot,1,2022-02-22 04:00:00+00:00,2022-02-22 03:59:00+00:00,1908.648,1905.178,2022-02-22 04:59:00+00:00,close_exit,-0.709999999999809,-1.0799999999997636,3.4699999999998,-0.3112391930835233,-0.2046109510086023,0.03458213256487756,-0.43515850144094465,-107.99999999997635,1892.348,1905.188,1914.023,11.402999999999793,2,1925.4259999999997
D4_G_long_1h_pivot,1,2022-02-22 18:00:00+00:00,2022-02-22 17:59:00+00:00,1903.558,1893.768,2022-02-22 23:59:00+00:00,close_exit,-5.160000000000082,-5.530000000000037,9.789999999999964,-0.5648621041879527,-0.5270684371808071,0.2063329928498457,-0.6138917262512782,-553.0000000000036,1891.268,1893.778,1907.038,13.887500000000045,1,1920.9255
D4_G_long_1h_pivot,1,2022-02-24 18:00:00+00:00,2022-02-24 17:59:00+00:00,1923.808,1913.308,2022-02-24 19:07:00+00:00,stop,-10.25,-10.619999999999955,10.5,-1.0114285714285671,-0.9761904761904762,0.2890476190476268,-1.00190476190476,-1061.9999999999955,1904.528,1913.318,1974.398,63.52166666666653,2,2037.9196666666664
D4_G_long_1h_pivot,1,2022-02-25 18:00:00+00:00,2022-02-25 17:59:00+00:00,1887.578,1882.818,2022-03-04 16:48:00+00:00,target,76.40315789473698,76.08315789473698,4.759999999999991,15.983856700575027,16.051083591331327,16.023109243697505,-0.3991596638655183,7608.315789473699,1877.938,1882.828,1921.478,42.25315789473689,1,1963.731157894737
D4_G_long_1h_pivot,1,2022-03-08 04:00:00+00:00,2022-03-08 03:59:00+00:00,1986.148,1980.928,2022-03-08 07:41:00+00:00,target,34.843636363636506,34.523636363636506,5.2199999999998,6.613723441309929,6.675026123302269,6.643678160919807,-0.1302681992336901,3452.3636363636506,1960.878,1980.938,1999.928,20.813636363636306,1,2020.7416363636364
D4_G_long_1h_pivot,1,2022-03-09 22:00:00+00:00,2022-03-09 21:59:00+00:00,1991.338,1979.48,2022-03-10 01:01:00+00:00,stop,-11.607999999999947,-11.977999999999902,11.857999999999947,-1.010119750379487,-0.9789171867093944,0.18131219429921577,-1.14774835554056,-1197.7999999999902,1976.008,1979.49,2005.408,28.007199999999784,1,2033.4151999999997
D4_G_long_1h_pivot,1,2022-03-10 10:00:00+00:00,2022-03-10 09:59:00+00:00,1985.972,1974.198,2022-03-10 11:09:00+00:00,target,18.642666666666855,18.322666666666855,11.773999999999887,1.5561972708227476,1.5833757997848679,1.7747579412264445,-0.20502802785799307,1832.2666666666855,1970.508,1974.208,1988.978,15.38666666666677,1,2004.3646666666668
D4_G_long_1h_pivot,1,2022-03-10 18:00:00+00:00,2022-03-10 17:59:00+00:00,2004.002,1981.598,2022-03-11 03:59:00+00:00,close_exit,-12.933999999999969,-13.303999999999924,22.403999999999996,-0.5938225316907662,-0.5773076236386346,0.0848062845920412,-0.7085341903231578,-1330.3999999999924,1974.208,1981.608,2009.062,30.228999999999814,2,2039.2909999999997
D4_G_long_1h_pivot,1,2022-03-14 03:00:00+00:00,2022-03-14 02:59:00+00:00,1972.702,1969.908,2022-03-14 05:59:00+00:00,close_exit,0.8759999999999764,0.5060000000000218,2.7940000000000964,0.18110236220472595,0.31352899069432577,1.9098067287043052,-0.5776664280601206,50.600000000002176,1958.438,1969.918,1990.308,22.477272727272748,1,2012.7852727272727
D4_G_long_1h_pivot,1,2022-03-14 08:00:00+00:00,2022-03-14 07:59:00+00:00,1972.928,1971.078,2022-03-14 08:05:00+00:00,stop,-1.6000000000001364,-1.970000000000091,1.8500000000001364,-1.0648648648648356,-0.8648648648648748,0.2237837837837604,-1.2518918918918163,-197.0000000000091,1969.918,1971.088,1977.448,6.594000000000051,2,1984.0420000000001
D4_G_long_1h_pivot,1,2022-03-15 00:00:00+00:00,2022-03-14 23:59:00+00:00,1952.308,1950.058,2022-03-15 00:00:00+00:00,stop,-2.0,-2.3699999999999544,2.25,-1.053333333333313,-0.8888888888888888,0.0,-1.0577777777777253,-236.99999999999542,1949.628,1950.068,1961.828,11.94857142857154,1,1973.7765714285715
D4_G_long_1h_pivot,1,2022-03-16 00:00:00+00:00,2022-03-15 23:59:00+00:00,1918.103,1913.678,2022-03-16 03:59:00+00:00,close_exit,0.08500000000003638,-0.28499999999991815,4.4249999999999545,-0.06440677966099911,0.019209039548031017,1.4836158192090156,-0.2492655367231812,-28.499999999991815,1906.948,1913.688,1930.903,21.708333333333258,1,1952.6113333333333
D4_G_long_1h_pivot,1,2022-03-18 09:00:00+00:00,2022-03-18 08:59:00+00:00,1932.698,1929.858,2022-03-18 09:38:00+00:00,stop,-2.5900000000001455,-2.9600000000001,2.8400000000001455,-1.0422535211267423,-0.91197183098592,0.5052816901407999,-1.00704225352112,-296.00000000001,1926.708,1929.868,1935.378,6.563333333333276,1,1941.9413333333332
D4_G_long_1h_pivot,1,2022-03-21 10:00:00+00:00,2022-03-21 09:59:00+00:00,1925.648,1921.848,2022-03-21 12:23:00+00:00,stop,-3.5499999999999545,-3.919999999999909,3.7999999999999545,-1.0315789473684094,-0.9342105263157887,0.8302631578947994,-1.0921052631578718,-391.9999999999909,1917.798,1921.858,1928.848,8.097272727272639,1,1936.9452727272726
D4_G_long_1h_pivot,1,2022-03-21 20:00:00+00:00,2022-03-21 19:59:00+00:00,1935.238,1926.838,2022-03-21 23:59:00+00:00,close_exit,0.5,0.13000000000004547,8.400000000000091,0.01547619047619572,0.05952380952380888,0.2041666666666547,-0.18928571428572957,13.000000000004547,1917.858,1926.848,1937.408,17.30250000000001,1,1954.7105
D4_G_long_1h_pivot,1,2022-03-22 03:00:00+00:00,2022-03-22 02:59:00+00:00,1935.828,1929.1680000000001,2022-03-22 08:10:00+00:00,stop,-6.4099999999998545,-6.779999999999809,6.6599999999998545,-1.0180180180180116,-0.9624624624624616,0.3663663663663826,-1.198198198198227,-677.9999999999809,1926.848,1929.178,1941.168,13.931666666666615,2,1955.0996666666665
D4_G_long_1h_pivot,1,2022-03-23 03:00:00+00:00,2022-03-23 02:59:00+00:00,1923.318,1915.443,2022-03-23 06:59:00+00:00,close_exit,-5.227000000000089,-5.597000000000044,7.875,-0.7107301587301643,-0.6637460317460431,0.11809523809524618,-0.8165079365079446,-559.7000000000044,1910.508,1915.453,1924.803,12.097222222222399,1,1936.9002222222225
D4_G_long_1h_pivot,1,2022-03-30 21:00:00+00:00,2022-03-30 20:59:00+00:00,1934.353,1930.388,2022-03-30 21:59:00+00:00,close_exit,-1.634999999999991,-2.0049999999999453,3.9650000000001455,-0.5056746532156045,-0.4123581336695917,0.3896595208070085,-0.524590163934446,-200.49999999999451,1917.108,1930.398,1938.428,11.352500000000191,1,1949.7805000000003
D4_G_long_1h_pivot,1,2022-03-31 13:00:00+00:00,2022-03-31 12:59:00+00:00,1931.068,1922.358,2022-03-31 18:17:00+00:00,target,16.000000000000227,15.680000000000227,8.710000000000036,1.800229621125162,1.8369690011481241,1.8237657864523449,-0.35591274397243355,1568.0000000000227,1918.988,1922.368,1933.748,13.070000000000164,1,1946.8180000000002
D4_G_long_1h_pivot,1,2022-04-01 04:00:00+00:00,2022-04-01 03:59:00+00:00,1934.068,1932.343,2022-04-01 07:55:00+00:00,stop,-1.474999999999909,-1.8449999999998636,1.724999999999909,-1.0695652173912817,-0.8550724637681083,3.066666666666807,-1.3855072463768108,-184.49999999998636,1922.368,1932.353,1949.723,21.649285714285725,2,1971.3722857142857
D4_G_long_1h_pivot,1,2022-04-04 14:00:00+00:00,2022-04-04 13:59:00+00:00,1931.813,1925.478,2022-04-04 14:59:00+00:00,stop,-6.085000000000036,-6.454999999999991,6.335000000000036,-1.0189423835832603,-0.9605367008681928,0.7995264404103865,-1.0378847671665363,-645.4999999999991,1915.328,1925.488,1932.963,10.861666666666679,1,1943.8246666666666
D4_G_long_1h_pivot,1,2022-04-04 21:00:00+00:00,2022-04-04 20:59:00+00:00,1932.548,1928.673,2022-04-04 21:59:00+00:00,close_exit,0.36999999999989086,-6.367129046225273e-14,3.875,-1.6431300764452317e-14,0.09548387096771377,0.16258064516131848,-0.353548387096746,-6.367129046225273e-12,1924.248,1928.683,1935.498,9.77166666666676,1,1945.2696666666668
D4_G_long_1h_pivot,1,2022-04-06 00:00:00+00:00,2022-04-05 23:59:00+00:00,1923.008,1919.278,2022-04-06 00:59:00+00:00,close_exit,-2.240000000000009,-2.6099999999999635,3.730000000000018,-0.6997319034852415,-0.6005361930294901,0.0,-0.7640750670241615,-260.99999999999636,1917.838,1919.288,1925.548,7.226666666666688,1,1932.7746666666667
D4_G_long_1h_pivot,1,2022-04-06 15:00:00+00:00,2022-04-06 14:59:00+00:00,1930.618,1918.098,2022-04-06 18:59:00+00:00,close_exit,-9.309999999999945,-9.6799999999999,12.519999999999982,-0.7731629392971178,-0.7436102236421692,0.09584664536741591,-0.8738019169328948,-967.99999999999,1915.038,1918.108,1933.348,16.77500000000009,1,1950.123
D4_G_long_1h_pivot,1,2022-04-08 00:00:00+00:00,2022-04-07 23:59:00+00:00,1931.288,1929.388,2022-04-08 02:59:00+00:00,close_exit,1.2200000000000273,0.8500000000000727,1.900000000000091,0.4473684210526484,0.6421052631578784,2.1473684210524904,-0.3421052631579262,85.00000000000728,1923.468,1929.398,1937.708,12.016250000000127,2,1949.7242500000002
D4_G_long_1h_pivot,1,2022-04-08 21:00:00+00:00,2022-04-08 20:59:00+00:00,1944.248,1938.852,2022-04-11 00:59:00+00:00,close_exit,0.5799999999999272,0.2099999999999727,5.395999999999958,0.03891771682727471,0.10748702742771159,1.0359525574499557,-0.20941438102300183,20.99999999999727,1928.988,1938.862,1948.088,15.15039999999999,2,1963.2384
D4_G_long_1h_pivot,1,2022-04-11 20:00:00+00:00,2022-04-11 19:59:00+00:00,1949.788,1940.728,2022-04-19 20:59:00+00:00,close_exit,-1.55600000000004,-1.9259999999999946,9.059999999999945,-0.21258278145695433,-0.17174392935982885,5.350993377483478,-0.6843267108167862,-192.59999999999945,1939.882,1940.738,1969.558,29.131272727272744,1,1998.6892727272727
D4_G_long_1h_pivot,1,2022-04-20 17:00:00+00:00,2022-04-20 16:59:00+00:00,1951.072,1943.748,2022-04-21 04:59:00+00:00,close_exit,0.44600000000014006,0.07600000000018553,7.323999999999842,0.01037684325507744,0.06089568541782492,0.9743309666849193,-0.25314036045874583,7.600000000018553,1939.16,1943.758,1955.028,12.583714285714223,1,1967.6117142857142
D4_G_long_1h_pivot,1,2022-04-21 19:00:00+00:00,2022-04-21 18:59:00+00:00,1947.342,1937.778,2022-04-22 11:23:00+00:00,stop,-9.314000000000078,-9.684000000000033,9.564000000000078,-1.012547051442906,-0.9738603094939358,0.8511083228774369,-1.400460058552896,-968.4000000000033,1936.632,1937.788,1949.498,12.288000000000011,1,1961.786
D4_G_long_1h_pivot,1,2022-04-26 05:00:00+00:00,2022-04-26 04:59:00+00:00,1902.423,1897.218,2022-04-26 08:35:00+00:00,stop,-4.954999999999927,-5.324999999999882,5.204999999999927,-1.0230547550432194,-0.9519692603266083,0.9558117195004762,-1.099903938520651,-532.4999999999882,1891.373,1897.228,1904.063,12.202083333333348,1,1916.2650833333335
D4_G_long_1h_pivot,1,2022-04-26 16:00:00+00:00,2022-04-26 15:59:00+00:00,1904.943,1900.238,2022-04-26 16:59:00+00:00,close_exit,-3.099999999999909,-3.4699999999998634,4.704999999999927,-0.7375132837406838,-0.6588735387885137,0.45483528161533116,-0.7683315621679203,-346.99999999998636,1895.608,1900.248,1909.523,11.130999999999858,1,1920.6539999999998
D4_G_long_1h_pivot,1,2022-04-28 16:00:00+00:00,2022-04-28 15:59:00+00:00,1886.998,1881.813,2022-04-28 16:59:00+00:00,close_exit,-0.8800000000001091,-1.2500000000000637,5.184999999999945,-0.241080038572821,-0.16972034715527837,0.6750241080038644,-0.2430086788813894,-125.00000000000637,1871.938,1881.823,1891.658,14.071428571428442,1,1905.7294285714283
D4_G_long_1h_pivot,1,2022-05-02 22:00:00+00:00,2022-05-02 21:59:00+00:00,1862.888,1859.798,2022-05-03 00:59:00+00:00,close_exit,0.4600000000000364,0.09000000000008185,3.089999999999918,0.02912621359226027,0.14886731391587332,0.42880258899678986,-0.2297734627831158,9.000000000008185,1854.468,1859.808,1872.013,15.408999999999878,1,1887.4219999999998
D4_G_long_1h_pivot,1,2022-05-04 00:00:00+00:00,2022-05-03 23:59:00+00:00,1868.953,1865.163,2022-05-04 00:59:00+00:00,close_exit,-0.4249999999999545,-0.7949999999999091,3.7899999999999636,-0.20976253298150838,-0.11213720316621599,0.0989445910290247,-0.5290237467018208,-79.4999999999909,1850.308,1865.173,1877.998,19.581818181818335,1,1897.5798181818184
D4_G_long_1h_pivot,1,2022-05-04 17:00:00+00:00,2022-05-04 16:59:00+00:00,1868.758,1861.528,2022-05-04 19:48:00+00:00,target,14.141428571428605,13.821428571428605,7.230000000000018,1.911677534084173,1.95593756174669,1.964038727524206,-0.9778699861687301,1382.1428571428605,1861.298,1861.538,1872.008,10.641428571428605,1,1882.6494285714286
D4_G_long_1h_pivot,1,2022-05-06 17:00:00+00:00,2022-05-06 16:59:00+00:00,1886.688,1874.308,2022-05-09 03:43:00+00:00,stop,-12.13000000000011,-12.500000000000064,12.38000000000011,-1.0096930533117894,-0.9798061389337643,0.2463651050080717,-1.0549273021001662,-1250.0000000000064,1872.946,1874.318,1889.998,15.908666666666704,2,1905.9066666666668
D4_G_long_1h_pivot,1,2022-05-10 14:00:00+00:00,2022-05-10 13:59:00+00:00,1862.362,1856.142,2022-05-10 14:46:00+00:00,stop,-5.970000000000027,-6.339999999999982,6.220000000000027,-1.0192926045016004,-0.9598070739549841,0.3377813504822952,-1.1067524115755603,-633.9999999999982,1851.558,1856.152,1865.278,10.539538461538541,1,1875.8175384615386
D4_G_long_1h_pivot,1,2022-05-12 02:00:00+00:00,2022-05-12 01:59:00+00:00,1857.368,1850.773,2022-05-12 03:59:00+00:00,close_exit,-4.1099999999999,-4.479999999999855,6.595000000000027,-0.6793025018953505,-0.6231993934798913,0.2031842304776558,-0.8051554207733015,-447.99999999998545,1834.898,1850.783,1858.018,21.355000000000018,1,1879.373
D4_G_long_1h_pivot,1,2022-05-16 00:00:00+00:00,2022-05-15 23:59:00+00:00,1811.178,1806.792,2022-05-16 03:59:00+00:00,close_exit,0.9099999999998545,0.5399999999998999,4.386000000000195,0.12311901504785133,0.20747834017323624,1.4386684906519984,-0.3533971728226432,53.99999999998999,1798.968,1806.802,1818.218,17.94433333333336,1,1836.1623333333334
D4_G_long_1h_pivot,1,2022-05-17 07:00:00+00:00,2022-05-17 06:59:00+00:00,1828.628,1821.718,2022-05-17 08:59:00+00:00,close_exit,-4.375,-4.744999999999955,6.9099999999998545,-0.6866859623733799,-0.633140376266294,0.22431259044865623,-0.7771345875542698,-474.49999999999545,1797.95,1821.728,1829.268,14.333714285714223,2,1843.6017142857143
D4_G_long_1h_pivot,1,2022-05-19 05:00:00+00:00,2022-05-19 04:59:00+00:00,1816.188,1813.738,2022-05-19 05:59:00+00:00,close_exit,-0.7200000000000273,-1.0899999999999819,2.4500000000000455,-0.4448979591836578,-0.29387755102041385,0.4448979591836318,-0.6367346938776097,-108.99999999999818,1807.228,1813.748,1824.614,15.755999999999858,1,1840.37
D4_G_long_1h_pivot,1,2022-05-24 06:00:00+00:00,2022-05-24 05:59:00+00:00,1856.008,1849.198,2022-05-25 09:59:00+00:00,close_exit,0.15499999999997272,-0.21499999999998182,6.809999999999945,-0.03157121879588598,0.022760646108659906,1.9919236417034014,-0.8390602055800276,-21.49999999999818,1846.948,1849.208,1858.718,11.487499999999955,1,1870.2055
D4_G_long_1h_pivot,1,2022-05-27 19:00:00+00:00,2022-05-27 18:59:00+00:00,1853.478,1850.928,2022-05-29 23:55:00+00:00,stop,-2.2999999999999545,-2.669999999999909,2.5499999999999545,-1.0470588235293947,-0.9019607843137237,0.5039215686274029,-1.0250980392157174,-266.9999999999909,1850.453,1850.938,1861.258,10.64333333333343,1,1871.9013333333335
D4_G_long_1h_pivot,1,2022-05-30 16:00:00+00:00,2022-05-30 15:59:00+00:00,1858.703,1853.983,2022-05-30 18:59:00+00:00,stop,-4.470000000000027,-4.839999999999982,4.720000000000027,-1.0254237288135497,-0.947033898305085,0.0,-1.009533898305052,-483.9999999999982,1848.008,1853.993,1863.883,12.652307692307659,1,1876.5353076923077
D4_G_long_1h_pivot,1,2022-06-06 12:00:00+00:00,2022-06-06 11:59:00+00:00,1853.018,1850.798,2022-06-06 13:40:00+00:00,stop,-1.9700000000000273,-2.3399999999999817,2.2200000000000273,-1.0540540540540329,-0.8873873873873888,2.1306306306306126,-1.049549549549504,-233.99999999999815,1847.273,1850.808,1856.518,6.720000000000027,1,1863.238
D4_G_long_1h_pivot,1,2022-06-07 17:00:00+00:00,2022-06-07 16:59:00+00:00,1851.534,1842.218,2022-06-08 04:59:00+00:00,close_exit,-4.630000000000109,-5.000000000000064,9.316000000000031,-0.5367110347788802,-0.49699441820524837,0.4212108200944574,-0.5260841562902588,-500.00000000000637,1838.398,1842.228,1851.838,11.251428571428505,2,1863.0894285714285
D4_G_long_1h_pivot,1,2022-06-08 11:00:00+00:00,2022-06-08 10:59:00+00:00,1849.653,1846.298,2022-06-08 13:27:00+00:00,stop,-3.105000000000018,-3.4749999999999726,3.355000000000018,-1.0357675111773335,-0.9254843517138603,0.8807749627421494,-1.523099850968733,-347.49999999999727,1845.658,1846.308,1850.253,4.161666666666633,1,1854.4146666666666
D4_G_long_1h_pivot,1,2022-06-09 01:00:00+00:00,2022-06-09 00:59:00+00:00,1852.893,1848.818,2022-06-09 06:59:00+00:00,close_exit,-1.4750000000001364,-1.845000000000091,4.0750000000000455,-0.4527607361963363,-0.3619631901840785,0.5828220858895641,-0.52392638036809,-184.5000000000091,1844.478,1848.828,1859.573,13.463750000000118,1,1873.0367500000002
D4_G_long_1h_pivot,1,2022-06-10 09:00:00+00:00,2022-06-10 08:59:00+00:00,1845.644,1843.048,2022-06-10 10:28:00+00:00,stop,-2.3460000000000036,-2.715999999999958,2.5960000000000036,-1.0462249614791812,-0.9036979969183361,0.4483821263482225,-1.0631741140215667,-271.5999999999958,1839.91,1843.058,1850.448,9.863428571428585,1,1860.3114285714287
D4_G_long_1h_pivot,1,2022-06-17 07:00:00+00:00,2022-06-17 06:59:00+00:00,1845.468,1841.498,2022-06-17 07:59:00+00:00,close_exit,-0.18000000000006366,-0.5500000000000183,3.9700000000000273,-0.13853904282116233,-0.04534005037784948,0.40554156171281835,-0.26952141057938445,-55.000000000001826,1814.718,1841.508,1857.418,26.62599999999975,1,1884.0439999999996
D4_G_long_1h_pivot,1,2022-06-20 14:00:00+00:00,2022-06-20 13:59:00+00:00,1839.133,1836.2930000000001,2022-06-20 15:00:00+00:00,stop,-2.589999999999918,-2.9599999999998725,2.839999999999918,-1.0422535211267456,-0.911971830985913,1.413732394366193,-1.036971830985923,-295.99999999998727,1834.998,1836.303,1845.998,10.836874999999964,2,1856.834875
D4_G_long_1h_pivot,1,2022-06-27 04:00:00+00:00,2022-06-27 03:59:00+00:00,1835.708,1828.048,2022-06-27 08:59:00+00:00,close_exit,-0.6400000000001,-1.0100000000000546,7.660000000000082,-0.131853785900789,-0.08355091383813228,0.6840731070496022,-0.19712793733681133,-101.00000000000546,1823.558,1828.058,1839.363,13.555000000000064,2,1852.9180000000001
D4_G_long_1h_pivot,1,2022-06-28 02:00:00+00:00,2022-06-28 01:59:00+00:00,1824.908,1821.533,2022-06-28 12:22:00+00:00,stop,-3.125,-3.4949999999999544,3.375,-1.035555555555542,-0.9259259259259259,1.334518518518558,-1.386666666666618,-349.49999999999545,1820.678,1821.543,1826.948,5.981666666666797,1,1832.929666666667
D4_G_long_1h_pivot,1,2022-06-29 18:00:00+00:00,2022-06-29 17:59:00+00:00,1817.083,1814.796,2022-06-29 21:59:00+00:00,close_exit,0.6150000000000091,0.24500000000005456,2.2870000000000346,0.10712724092700081,0.2689112374289461,0.9400961958897381,-0.6733712286839386,24.500000000005457,1811.978,1814.806,1832.958,19.28320000000008,1,1852.2412000000002
D4_G_long_1h_pivot,1,2022-06-30 02:00:00+00:00,2022-06-30 01:59:00+00:00,1819.808,1817.088,2022-06-30 04:51:00+00:00,stop,-2.4700000000000273,-2.8399999999999817,2.7200000000000273,-1.0441176470588063,-0.9080882352941185,0.7775735294117603,-1.0055147058823062,-283.9999999999982,1814.806,1817.098,1819.603,4.1421428571429715,2,1823.745142857143
D4_G_long_1h_pivot,1,2022-07-01 04:00:00+00:00,2022-07-01 03:59:00+00:00,1804.498,1803.284,2022-07-01 04:25:00+00:00,stop,-0.9639999999999418,-1.3339999999998964,1.2139999999999418,-1.0988467874793741,-0.7940691927512257,0.0411861614497174,-1.1202635914334371,-133.39999999998963,1802.618,1803.294,1825.008,22.32854545454552,1,1847.3365454545456
D4_G_long_1h_pivot,1,2022-07-01 21:00:00+00:00,2022-07-01 20:59:00+00:00,1805.488,1797.778,2022-07-04 00:59:00+00:00,close_exit,2.685999999999922,2.3159999999999674,7.710000000000036,0.30038910505836014,0.3483787289234642,0.8665369649805459,-0.02594033722438969,231.59999999999675,1784.397,1797.788,1808.734,16.302400000000034,1,1825.0364
D4_G_long_1h_pivot,1,2022-07-04 05:00:00+00:00,2022-07-04 04:59:00+00:00,1811.514,1805.368,2022-07-04 07:59:00+00:00,close_exit,-0.6359999999999673,-1.0059999999999218,6.145999999999958,-0.16368369671329785,-0.10348193947282323,0.291246339082363,-0.3507972665148005,-100.59999999999218,1797.788,1805.378,1812.169,10.043857142857178,2,1822.2128571428573
D4_G_long_1h_pivot,1,2022-07-04 19:29:00+00:00,2022-07-04 19:28:00+00:00,1807.724,1805.304,2022-07-05 08:59:00+00:00,close_exit,-1.4659999999998945,-1.835999999999849,2.4199999999998454,-0.7586776859503993,-0.6057851239669373,1.7909090909092302,-0.8553719008264746,-183.5999999999849,1803.836,1805.314,1810.878,6.056666666666615,1,1816.9346666666665
D4_G_long_1h_pivot,1,2022-07-07 12:00:00+00:00,2022-07-07 11:59:00+00:00,1742.838,1739.964,2022-07-07 13:34:00+00:00,stop,-2.6240000000000236,-2.993999999999978,2.8740000000000236,-1.04175365344466,-0.9130132219902583,1.0400139178844845,-1.0330549756437113,-299.3999999999978,1736.358,1739.974,1747.558,9.133714285714404,2,1756.6917142857144
D4_G_long_1h_pivot,1,2022-07-08 00:00:00+00:00,2022-07-07 23:59:00+00:00,1739.924,1738.588,2022-07-08 08:38:00+00:00,stop,-1.0860000000000127,-1.4559999999999673,1.3360000000000127,-1.0898203592814022,-0.8128742514970078,4.928143712574848,-1.339820359281397,-145.59999999999673,1737.858,1738.598,1749.014,11.032666666666728,1,1760.0466666666666
D4_G_long_1h_pivot,1,2022-07-11 05:00:00+00:00,2022-07-11 04:59:00+00:00,1742.698,1738.348,2022-07-11 07:59:00+00:00,close_exit,-3.1639999999999873,-3.5339999999999416,4.350000000000136,-0.8124137931034093,-0.7273563218390547,0.0,-0.8009195402298946,-353.3999999999942,1732.919,1738.358,1752.387,18.561499999999796,1,1770.9484999999997
D4_G_long_1h_pivot,1,2022-07-12 09:00:00+00:00,2022-07-12 08:59:00+00:00,1734.444,1725.458,2022-07-12 14:59:00+00:00,close_exit,-4.649999999999864,-5.019999999999818,8.985999999999876,-0.5586467838860324,-0.5174716225239181,0.5412864455820275,-0.9399065212552892,-501.9999999999818,1723.048,1725.468,1737.014,13.360999999999876,1,1750.3749999999998
D4_G_long_1h_pivot,1,2022-07-12 17:00:00+00:00,2022-07-12 16:59:00+00:00,1732.084,1725.988,2022-07-12 18:30:00+00:00,stop,-5.846000000000004,-6.2159999999999584,6.096000000000004,-1.0196850393700714,-0.958989501312336,0.05643044619423404,-1.0137795275590649,-621.5999999999958,1725.468,1725.998,1739.308,13.442499999999882,2,1752.7504999999999
D4_G_long_1h_pivot,1,2022-07-14 05:00:00+00:00,2022-07-14 04:59:00+00:00,1732.104,1725.334,2022-07-14 05:59:00+00:00,close_exit,-3.9500000000000455,-4.32,6.769999999999982,-0.6381093057607108,-0.5834564254062121,0.0020679468242092106,-0.7290989660266118,-432.0,1706.948,1725.344,1745.284,33.73700000000008,1,1779.0210000000002
D4_G_long_1h_pivot,1,2022-07-15 10:00:00+00:00,2022-07-15 09:59:00+00:00,1704.635,1700.534,2022-07-15 13:32:00+00:00,stop,-3.8509999999998854,-4.22099999999984,4.100999999999885,-1.0292611558156446,-0.9390392587173843,0.7734698853938342,-1.147768836869059,-422.099999999984,1697.438,1700.544,1716.518,16.750499999999874,1,1733.2685
D4_G_long_1h_pivot,1,2022-07-19 16:00:00+00:00,2022-07-19 15:59:00+00:00,1713.104,1708.438,2022-07-20 00:59:00+00:00,close_exit,-2.966000000000122,-3.3360000000000762,4.66599999999994,-0.7149592798971537,-0.6356622374625289,0.44577796828117316,-0.7651093013287574,-333.60000000000764,1707.318,1708.448,1718.321,10.098999999999933,2,1728.4199999999998
D4_G_long_1h_pivot,1,2022-07-20 15:00:00+00:00,2022-07-20 14:59:00+00:00,1709.641,1706.281,2022-07-20 16:30:00+00:00,stop,-3.1100000000001273,-3.4800000000000817,3.3600000000001273,-1.0357142857142707,-0.9255952380952409,0.23511904761902788,-1.000892857142836,-348.0000000000082,1705.906,1706.291,1713.917,7.779999999999973,1,1721.697
D4_G_long_1h_pivot,1,2022-07-22 22:00:00+00:00,2022-07-22 21:59:00+00:00,1726.868,1720.254,2022-07-25 01:59:00+00:00,close_exit,-6.2000000000000455,-6.57,6.614000000000033,-0.9933474448140259,-0.9374055034774743,0.19352887813727945,-0.9767160568491087,-657.0,1712.724,1720.264,1739.253,20.9996666666666,2,1760.2526666666665
D4_G_long_1h_pivot,1,2022-07-26 09:00:00+00:00,2022-07-26 08:59:00+00:00,1724.926,1720.898,2022-07-26 10:23:00+00:00,stop,-3.77800000000002,-4.147999999999975,4.02800000000002,-1.0297914597815179,-0.9379344587884809,0.18818272095333527,-1.066285998013859,-414.79999999999745,1714.653,1720.908,1728.074,8.953142857142893,1,1737.027142857143
D4_G_long_1h_pivot,1,2022-07-26 22:00:00+00:00,2022-07-26 21:59:00+00:00,1717.428,1716.218,2022-07-27 00:59:00+00:00,close_exit,0.6359999999999673,0.2660000000000127,1.2100000000000364,0.21983471074380556,0.525619834710701,0.8512396694214395,-0.9752066115702712,26.600000000001273,1713.534,1716.228,1721.818,7.834999999999809,1,1729.6529999999998
D4_G_long_1h_pivot,1,2022-08-01 16:00:00+00:00,2022-08-01 15:59:00+00:00,1768.418,1765.626,2022-08-01 16:06:00+00:00,stop,-2.5419999999999163,-2.9119999999998707,2.7919999999999163,-1.0429799426933948,-0.9104584527220604,0.050143266475682034,-1.355300859598851,-291.1999999999871,1758.208,1765.636,1774.882,11.368285714285776,1,1786.2502857142858
D4_G_long_1h_pivot,1,2022-08-01 22:00:00+00:00,2022-08-01 21:59:00+00:00,1772.218,1766.378,2022-08-02 05:59:00+00:00,close_exit,0.8899999999998727,0.5199999999999181,5.8400000000001455,0.08904109589039472,0.152397260273947,1.3989726027396647,-0.25684931506848674,51.99999999999181,1764.098,1766.388,1773.314,8.4526666666668,1,1781.7666666666669
D4_G_long_1h_pivot,1,2022-08-04 17:00:00+00:00,2022-08-04 16:59:00+00:00,1787.918,1774.138,2022-08-05 09:59:00+00:00,close_exit,-0.3309999999999036,-0.7009999999998582,13.779999999999973,-0.050870827285911434,-0.024020319303331223,0.5065312046444145,-0.18824383164004563,-70.09999999998581,1768.938,1774.148,1788.468,15.064285714285916,2,1803.532285714286
D4_G_long_1h_pivot,1,2022-08-11 00:00:00+00:00,2022-08-10 23:59:00+00:00,1791.278,1788.038,2022-08-11 02:20:00+00:00,stop,-2.990000000000009,-3.3599999999999635,3.240000000000009,-1.0370370370370228,-0.9228395061728397,0.30740740740736555,-1.0679012345679095,-335.99999999999636,1787.574,1788.048,1802.368,14.590857142856976,2,1816.958857142857
D4_G_long_1h_pivot,1,2022-08-11 19:00:00+00:00,2022-08-11 18:59:00+00:00,1789.464,1786.258,2022-08-11 20:46:00+00:00,stop,-2.9559999999999036,-3.325999999999858,3.2059999999999036,-1.0374298190891946,-0.9220212102308148,0.0,-1.0031191515907645,-332.5999999999858,1783.378,1786.268,1799.149,13.458999999999833,1,1812.6079999999997
D4_G_long_1h_pivot,1,2022-08-15 22:00:00+00:00,2022-08-15 21:59:00+00:00,1779.738,1777.342,2022-08-15 23:59:00+00:00,close_exit,-1.0700000000001637,-1.4400000000001183,2.395999999999958,-0.6010016694491417,-0.44657762938237994,0.04590984974954168,-0.5509181969950696,-144.00000000001182,1772.818,1777.352,1786.328,12.86228571428569,1,1799.1902857142857
D4_G_long_1h_pivot,1,2022-08-16 20:00:00+00:00,2022-08-16 19:59:00+00:00,1777.204,1772.698,2022-08-17 01:59:00+00:00,close_exit,-2.3759999999999764,-2.7459999999999307,4.505999999999858,-0.6094096759875759,-0.527296937416789,0.053262316910789316,-0.7825122059476145,-274.5999999999931,1771.368,1772.708,1778.524,6.485999999999876,1,1785.0099999999998
D4_G_long_1h_pivot,1,2022-08-17 04:00:00+00:00,2022-08-17 03:59:00+00:00,1776.425,1773.6680000000001,2022-08-17 07:00:00+00:00,target,5.589285714285552,5.269285714285552,2.7569999999998345,1.9112389242966514,2.0273071143583197,2.0054406964092593,-0.6554225607544886,526.9285714285552,1772.708,1773.678,1777.444,4.320285714285546,2,1781.7642857142855
D4_G_long_1h_pivot,1,2022-08-18 02:00:00+00:00,2022-08-18 01:59:00+00:00,1765.518,1761.0,2022-08-18 04:59:00+00:00,close_exit,-3.0540000000000873,-3.4240000000000417,4.518000000000029,-0.7578574590526825,-0.6759628154050614,0.41522797698095715,-0.8499335989375594,-342.4000000000042,1759.714,1761.01,1770.144,9.911600000000135,1,1780.0556000000001
D4_G_long_1h_pivot,1,2022-08-23 01:00:00+00:00,2022-08-23 00:59:00+00:00,1735.334,1734.194,2022-08-23 01:04:00+00:00,stop,-0.8900000000001,-1.2600000000000546,1.1400000000001,-1.1052631578946879,-0.7807017543859841,0.14035087719284248,-1.1307017543858544,-126.00000000000546,1733.684,1734.204,1737.652,3.621333333333496,2,1741.2733333333335
D4_G_long_1h_pivot,1,2022-08-24 21:00:00+00:00,2022-08-24 20:59:00+00:00,1752.258,1747.598,2022-08-25 00:59:00+00:00,close_exit,-1.1000000000001364,-1.470000000000091,4.660000000000082,-0.315450643776838,-0.2360515021459479,0.08712446351930085,-0.39442060085835473,-147.0000000000091,1742.355,1747.608,1755.798,9.941000000000031,1,1765.739
D4_G_long_1h_pivot,1,2022-08-31 02:00:00+00:00,2022-08-31 01:59:00+00:00,1723.104,1722.118,2022-08-31 02:23:00+00:00,stop,-0.7360000000001037,-1.1060000000000583,0.9860000000001037,-1.1217038539553164,-0.7464503042596615,1.3427991886409025,-1.0202839756592086,-110.60000000000582,1721.098,1722.128,1727.018,5.625714285714366,1,1732.6437142857144
D4_G_long_1h_pivot,1,2022-09-02 01:00:00+00:00,2022-09-02 00:59:00+00:00,1697.268,1694.154,2022-09-02 02:59:00+00:00,close_exit,0.5670000000000073,0.19700000000005274,3.1140000000000327,0.06326268464998416,0.18208092485549174,0.6088631984585543,-0.22800256904304075,19.700000000005275,1688.668,1694.164,1699.588,9.087999999999965,1,1708.676
D4_G_long_1h_pivot,1,2022-09-09 22:00:00+00:00,2022-09-09 21:59:00+00:00,1716.188,1714.488,2022-09-12 01:59:00+00:00,close_exit,0.849999999999909,0.4799999999999545,1.7000000000000455,0.2823529411764363,0.4999999999999331,2.2764705882351692,-0.029411764705988566,47.99999999999545,1711.258,1714.498,1720.194,6.991999999999962,1,1727.186
D4_G_long_1h_pivot,1,2022-09-12 22:00:00+00:00,2022-09-12 21:59:00+00:00,1724.628,1723.688,2022-09-13 02:01:00+00:00,stop,-0.6899999999998272,-1.0599999999997818,0.9399999999998272,-1.1276595744680602,-0.7340425531914405,3.0170212765963127,-1.6595744680853535,-105.99999999997817,1723.618,1723.698,1735.035,11.384999999999991,2,1746.42
D4_G_long_1h_pivot,1,2022-09-13 20:00:00+00:00,2022-09-13 19:59:00+00:00,1703.263,1700.474,2022-09-13 20:59:00+00:00,close_exit,-0.6349999999999909,-1.0049999999999455,2.7889999999999873,-0.36034420939403017,-0.2276801721046948,0.10433847257087439,-0.8106848332735668,-100.49999999999454,1696.934,1700.484,1708.474,10.35666666666657,1,1718.8306666666665
D4_G_long_1h_pivot,1,2022-09-14 08:00:00+00:00,2022-09-14 07:59:00+00:00,1701.014,1699.114,2022-09-14 08:23:00+00:00,stop,-1.6499999999998636,-2.019999999999818,1.8999999999998636,-1.0631578947368225,-0.8684210526315695,1.6526315789475396,-1.0031578947368873,-201.99999999998178,1697.118,1699.124,1703.458,5.67133333333345,1,1709.1293333333335
D4_G_long_1h_pivot,1,2022-09-16 00:00:00+00:00,2022-09-15 23:59:00+00:00,1662.754,1661.344,2022-09-16 00:42:00+00:00,stop,-1.1599999999998545,-1.529999999999809,1.4099999999998545,-1.0851063829787,-0.8226950354609746,0.24397163120573506,-1.103546099290761,-152.9999999999809,1660.24,1661.354,1669.144,8.532666666666728,1,1677.6766666666667
D4_G_long_1h_pivot,1,2022-09-19 15:00:00+00:00,2022-09-19 14:59:00+00:00,1664.808,1660.615,2022-09-19 16:02:00+00:00,target,8.934499999999844,8.614499999999843,4.192999999999984,2.0544955878845403,2.130813260195535,2.4040066777963194,-0.3512997853565376,861.4499999999844,1659.583,1660.625,1666.668,6.824499999999944,1,1673.4924999999998
D4_G_long_1h_pivot,1,2022-09-19 21:00:00+00:00,2022-09-19 20:59:00+00:00,1674.753,1668.775,2022-09-20 01:59:00+00:00,close_exit,1.4450000000001637,1.0750000000002091,5.977999999999838,0.17982602877220447,0.24171963867517612,0.7586149213784217,-0.1033790565406415,107.50000000002092,1660.625,1668.785,1675.228,9.163000000000011,2,1684.391
D4_G_long_1h_pivot,1,2022-09-20 21:00:00+00:00,2022-09-20 20:59:00+00:00,1665.185,1661.4470000000001,2022-09-21 04:59:00+00:00,close_exit,-1.2999999999999545,-1.6699999999999091,3.737999999999829,-0.4467629748528586,-0.3477795612627111,0.5848047084002806,-0.6532905296950559,-166.9999999999909,1659.875,1661.457,1666.748,6.08199999999988,1,1672.83
D4_G_long_1h_pivot,1,2022-09-22 05:00:00+00:00,2022-09-22 04:59:00+00:00,1660.645,1656.575,2022-09-22 08:04:00+00:00,stop,-3.8199999999999363,-4.189999999999891,4.069999999999936,-1.0294840294840188,-0.9385749385749376,0.7206388206388301,-1.1835380835381037,-418.9999999999891,1653.649,1656.585,1687.605,33.4666666666667,1,1721.0716666666667
D4_G_long_1h_pivot,1,2022-09-22 15:00:00+00:00,2022-09-22 14:59:00+00:00,1673.462,1664.648,2022-09-22 15:59:00+00:00,close_exit,-2.336999999999989,-2.7069999999999435,8.814000000000078,-0.3071250283639573,-0.26514635806670844,0.5074880871340953,-0.34558656682550737,-270.69999999999436,1655.536,1664.658,1678.025,20.208500000000186,1,1698.2335000000003
D4_G_long_1h_pivot,1,2022-09-22 19:00:00+00:00,2022-09-22 18:59:00+00:00,1672.108,1667.818,2022-09-22 19:59:00+00:00,close_exit,-1.9199999999998454,-2.2899999999997998,4.289999999999964,-0.5337995337994916,-0.4475524475524153,0.020279720279717906,-0.6689976689976492,-228.99999999997996,1664.658,1667.828,1684.788,19.33750000000009,2,1704.1255
D4_G_long_1h_pivot,1,2022-09-23 18:00:00+00:00,2022-09-23 17:59:00+00:00,1646.398,1641.436,2022-09-23 19:58:00+00:00,stop,-4.711999999999989,-5.081999999999944,4.961999999999989,-1.0241837968560974,-0.9496170898831116,0.3943974203950245,-1.3665860540104724,-508.19999999999436,1641.008,1641.446,1657.79,16.453500000000076,1,1674.2435
D4_G_long_1h_pivot,1,2022-09-26 09:00:00+00:00,2022-09-26 08:59:00+00:00,1644.205,1634.498,2022-09-26 11:59:00+00:00,close_exit,-4.59699999999998,-4.966999999999935,9.70699999999988,-0.5116925929741419,-0.47357577006284507,0.3351189862985677,-0.8323889976305787,-496.69999999999345,1626.518,1634.508,1645.768,17.652000000000044,1,1663.42
D4_G_long_1h_pivot,1,2022-09-26 14:00:00+00:00,2022-09-26 13:59:00+00:00,1646.198,1636.115,2022-09-26 16:44:00+00:00,stop,-9.833000000000084,-10.203000000000038,10.083000000000084,-1.0119012198750326,-0.9752057919270061,0.20103143905581666,-1.047406525835571,-1020.3000000000038,1634.508,1636.125,1649.648,14.493199999999888,2,1664.1411999999998
D4_G_long_1h_pivot,1,2022-09-27 13:00:00+00:00,2022-09-27 12:59:00+00:00,1636.885,1632.309,2022-09-27 15:59:00+00:00,close_exit,-0.5899999999999181,-0.9599999999998727,4.576000000000022,-0.20979020979018098,-0.12893356643354792,0.7670454545454489,-0.9112762237762353,-95.99999999998727,1621.033,1632.319,1640.485,10.047000000000025,1,1650.532
D4_G_long_1h_pivot,1,2022-10-04 06:00:00+00:00,2022-10-04 05:59:00+00:00,1699.868,1695.058,2022-10-04 10:59:00+00:00,close_exit,8.726000000000113,8.356000000000158,4.809999999999945,1.7372141372141898,1.8141372141372583,2.2293139293139457,-0.48731808731810344,835.6000000000158,1659.595,1695.068,1702.465,14.048187499999813,1,1716.5131874999997
D4_G_long_1h_pivot,1,2022-10-04 15:00:00+00:00,2022-10-04 14:59:00+00:00,1710.097,1700.412,2022-10-04 16:16:00+00:00,target,15.181888888889034,14.861888888889034,9.684999999999945,1.53452647278153,1.5675672575001673,1.5653071760454484,-0.025296850800195378,1486.1888888889034,1695.068,1700.422,1712.428,12.600888888888903,2,1725.028888888889
D4_G_long_1h_pivot,1,2022-10-10 00:00:00+00:00,2022-10-09 23:59:00+00:00,1697.604,1693.078,2022-10-10 01:59:00+00:00,stop,-4.276000000000067,-4.646000000000022,4.526000000000067,-1.0265134776844793,-0.9447635881573141,0.11931064958019345,-1.0883782589482673,-464.6000000000022,1690.504,1693.088,1707.118,15.137428571428472,1,1722.2554285714284
D4_G_long_1h_pivot,1,2022-10-11 01:00:00+00:00,2022-10-11 00:59:00+00:00,1670.248,1667.355,2022-10-11 02:55:00+00:00,stop,-2.643000000000029,-3.0129999999999835,2.893000000000029,-1.041479433114398,-0.9135845143449715,1.1372277912201627,-1.0594538541306684,-301.29999999999836,1665.478,1667.365,1671.515,5.282200000000103,1,1676.7972000000002
D4_G_long_1h_pivot,1,2022-10-12 00:00:00+00:00,2022-10-11 23:59:00+00:00,1666.288,1663.626,2022-10-12 01:01:00+00:00,stop,-2.4120000000000346,-2.781999999999989,2.6620000000000346,-1.045078888054077,-0.906085649887304,0.0,-1.2772351615326998,-278.1999999999989,1663.385,1663.636,1683.84,20.35459999999989,2,1704.1945999999998
D4_G_long_1h_pivot,1,2022-10-12 16:00:00+00:00,2022-10-12 15:59:00+00:00,1670.328,1664.806,2022-10-13 04:59:00+00:00,close_exit,-0.9300000000000637,-1.3000000000000183,5.5219999999999345,-0.23542194856936502,-0.16841724013040107,1.4282868525896482,-0.49619703006157945,-130.00000000000182,1661.265,1664.816,1675.298,12.61259999999993,1,1687.9106
D4_G_long_1h_pivot,1,2022-10-14 05:00:00+00:00,2022-10-14 04:59:00+00:00,1669.178,1658.858,2022-10-14 08:59:00+00:00,close_exit,-1.9800000000000182,-2.3499999999999726,10.320000000000164,-0.22771317829456736,-0.1918604651162778,0.24001937984494404,-0.550678294573656,-234.99999999999724,1642.288,1658.868,1672.448,24.1309090909092,1,1696.5789090909093
D4_G_long_1h_pivot,1,2022-10-18 22:00:00+00:00,2022-10-18 21:59:00+00:00,1651.948,1647.977,2022-10-19 02:59:00+00:00,close_exit,0.1999999999998181,-0.17000000000013643,3.9710000000000036,-0.042810375220381836,0.050365147318010055,0.5968269957189345,-0.36514731805591644,-17.000000000013642,1645.647,1647.987,1652.598,5.390999999999849,1,1657.9889999999998
D4_G_long_1h_pivot,1,2022-10-20 11:00:00+00:00,2022-10-20 10:59:00+00:00,1635.028,1626.908,2022-10-20 14:59:00+00:00,close_exit,-2.29099999999994,-2.6609999999998943,8.120000000000118,-0.32770935960589354,-0.28214285714284565,0.6022167487684484,-0.5998768472906433,-266.09999999998945,1622.257,1626.918,1634.837,9.783400000000029,1,1644.6204
D4_G_long_1h_pivot,1,2022-10-24 06:00:00+00:00,2022-10-24 05:59:00+00:00,1658.248,1651.718,2022-10-24 06:59:00+00:00,close_exit,-3.660000000000082,-4.030000000000037,6.529999999999973,-0.6171516079632547,-0.560490045941822,0.036753445635529874,-0.6891271056661591,-403.00000000000364,1618.987,1651.728,1670.748,26.575615384615276,2,1697.3236153846153
D4_G_long_1h_pivot,1,2022-10-26 16:00:00+00:00,2022-10-26 15:59:00+00:00,1666.808,1660.408,2022-10-26 20:59:00+00:00,close_exit,-2.009999999999991,-2.3799999999999453,6.400000000000091,-0.3718749999999862,-0.31406249999999414,0.8890624999999959,-0.5251562500000088,-237.99999999999451,1654.998,1660.418,1674.678,16.582857142857392,2,1691.2608571428575
D4_G_long_1h_pivot,1,2022-10-27 20:00:00+00:00,2022-10-27 19:59:00+00:00,1658.748,1656.548,2022-10-28 06:59:00+00:00,close_exit,1.17899999999986,0.8089999999999054,2.2000000000000455,0.3677272727272221,0.5359090909090162,3.686363636363515,-0.47727272727269676,80.89999999999054,1654.668,1656.558,1665.598,9.985000000000127,1,1675.583
D4_G_long_1h_pivot,1,2022-11-01 17:00:00+00:00,2022-11-01 16:59:00+00:00,1645.118,1641.9180000000001,2022-11-01 22:59:00+00:00,close_exit,1.740000000000009,1.3700000000000545,3.199999999999818,0.4281250000000414,0.5437500000000337,1.8187500000001546,-0.11906249999996243,137.00000000000546,1630.477,1641.928,1656.878,16.585857142856867,1,1673.4638571428568
D4_G_long_1h_pivot,1,2022-11-02 01:00:00+00:00,2022-11-02 00:59:00+00:00,1650.548,1645.767,2022-11-02 12:03:00+00:00,target,7.450571428571493,7.130571428571493,4.780999999999949,1.4914393282935723,1.5583709325604627,1.5310604476051066,-0.7071742313323827,713.0571428571493,1641.928,1645.777,1650.938,6.810571428571393,2,1657.7485714285715
D4_G_long_1h_pivot,1,2022-11-07 16:00:00+00:00,2022-11-07 15:59:00+00:00,1679.068,1673.357,2022-11-07 17:59:00+00:00,close_exit,-1.9200000000000728,-2.290000000000027,5.711000000000013,-0.4009805638242028,-0.3361933111539255,0.1751006828926629,-0.6776396427945863,-229.0000000000027,1666.707,1673.367,1680.268,11.340999999999894,1,1691.609
D4_G_long_1h_pivot,1,2022-11-09 08:00:00+00:00,2022-11-09 07:59:00+00:00,1711.798,1707.318,2022-11-09 09:58:00+00:00,stop,-4.230000000000018,-4.599999999999973,4.480000000000018,-1.0267857142857042,-0.9441964285714288,0.8683035714285903,-1.0736607142856978,-459.99999999999727,1706.818,1707.328,1712.338,5.2650000000001,1,1717.603
D4_G_long_1h_pivot,1,2022-11-10 13:00:00+00:00,2022-11-10 12:59:00+00:00,1709.407,1703.828,2022-11-10 13:30:00+00:00,target,12.452428571428754,12.132428571428754,5.578999999999951,2.174660077330859,2.2320180267841665,4.3629682738842686,-0.1252912708370403,1213.2428571428754,1702.048,1703.838,1712.468,9.141428571428605,1,1721.6094285714287
D4_G_long_1h_pivot,1,2022-11-11 17:00:00+00:00,2022-11-11 16:59:00+00:00,1763.748,1755.388,2022-11-14 09:59:00+00:00,close_exit,-6.480000000000018,-6.849999999999973,8.360000000000127,-0.8193779904306063,-0.7751196172248708,1.0406698564593198,-0.8206937799043061,-684.9999999999973,1754.928,1755.398,1765.948,10.706666666666706,1,1776.6546666666668
D4_G_long_1h_pivot,1,2022-11-15 03:00:00+00:00,2022-11-15 02:59:00+00:00,1771.058,1766.938,2022-11-15 04:59:00+00:00,close_exit,0.03700000000003456,-0.33299999999991997,4.119999999999891,-0.08082524271842932,0.00898058252428047,0.2594660194174729,-0.3033980582524352,-33.299999999991996,1753.098,1766.948,1774.938,17.223333333333358,1,1792.1613333333335
D4_G_long_1h_pivot,1,2022-11-16 07:00:00+00:00,2022-11-16 06:59:00+00:00,1773.427,1770.157,2022-11-16 18:59:00+00:00,close_exit,-0.44899999999984175,-0.8189999999997963,3.269999999999982,-0.25045871559626937,-0.1373088685014814,3.517125382263079,-0.8131498470947685,-81.89999999997963,1767.887,1770.167,1785.648,17.5329999999999,1,1803.1809999999998
D4_G_long_1h_pivot,1,2022-11-18 08:00:00+00:00,2022-11-18 07:59:00+00:00,1765.658,1760.928,2022-11-18 09:00:00+00:00,stop,-4.479999999999791,-4.849999999999746,4.729999999999791,-1.0253699788583426,-0.9471458773784331,0.01479915433407332,-1.0274841437632378,-484.99999999997453,1759.187,1760.938,1765.588,5.233666666666522,2,1770.8216666666665
D4_G_long_1h_pivot,1,2022-11-23 13:00:00+00:00,2022-11-23 12:59:00+00:00,1736.838,1734.328,2022-11-23 13:24:00+00:00,stop,-2.259999999999991,-2.6299999999999453,2.509999999999991,-1.047808764940221,-0.9003984063745016,0.1872509960159478,-1.1513944223107104,-262.99999999999454,1732.857,1734.338,1745.567,11.969500000000153,1,1757.5365000000002
D4_G_long_1h_pivot,1,2022-11-24 11:00:00+00:00,2022-11-24 10:59:00+00:00,1756.308,1752.298,2022-11-24 17:59:00+00:00,close_exit,-0.79099999999994,-1.1609999999998946,4.009999999999991,-0.2895261845386277,-0.19725685785534708,0.5386533665835628,-0.4014962593515969,-116.09999999998945,1748.598,1752.308,1757.498,5.602222222222281,2,1763.1002222222223
D4_G_long_1h_pivot,1,2022-11-28 04:00:00+00:00,2022-11-28 03:59:00+00:00,1749.708,1745.877,2022-11-28 14:40:00+00:00,stop,-3.581000000000131,-3.9510000000000853,3.831000000000131,-1.0313234142521406,-0.9347428869746824,3.6309057687286295,-1.253197598538239,-395.10000000000855,1745.848,1745.887,1756.187,10.314624999999978,1,1766.5016249999999
D4_G_long_1h_pivot,1,2022-11-29 17:00:00+00:00,2022-11-29 16:59:00+00:00,1751.718,1746.757,2022-11-29 20:59:00+00:00,close_exit,-2.9500000000000455,-3.32,4.961000000000013,-0.6692199153396475,-0.5946381777867442,0.11086474501107703,-0.8062890546260814,-332.0,1739.348,1746.767,1758.898,15.098599999999806,1,1773.9965999999997
D4_G_long_1h_pivot,1,2022-11-30 00:00:00+00:00,2022-11-29 23:59:00+00:00,1748.975,1747.708,2022-11-30 00:06:00+00:00,stop,-1.0169999999998254,-1.38699999999978,1.2669999999998254,-1.094711917916315,-0.8026835043409357,0.08050513022896857,-1.0244672454618633,-138.699999999978,1746.767,1747.718,1757.908,10.982499999999845,2,1768.8904999999997
D4_G_long_1h_pivot,1,2022-12-01 10:00:00+00:00,2022-12-01 09:59:00+00:00,1778.328,1774.448,2022-12-01 14:05:00+00:00,target,15.151999999999816,14.831999999999816,3.8799999999998818,3.822680412371203,3.9051546391753296,3.9097938144331277,-0.5157216494845457,1483.1999999999816,1771.798,1774.458,1783.578,9.651999999999816,2,1793.2299999999998
D4_G_long_1h_pivot,1,2022-12-06 09:00:00+00:00,2022-12-06 08:59:00+00:00,1773.018,1767.108,2022-12-06 18:59:00+00:00,close_exit,-5.039999999999964,-5.409999999999918,5.910000000000082,-0.9153976311336453,-0.8527918781725708,1.3045685279187698,-0.9932318104907,-540.9999999999918,1766.0,1767.118,1776.088,9.417200000000093,1,1785.5052
D4_G_long_1h_pivot,1,2022-12-06 21:00:00+00:00,2022-12-06 20:59:00+00:00,1771.905,1767.138,2022-12-08 15:26:00+00:00,target,22.668000000000347,22.348000000000347,4.767000000000053,4.6880637717642335,4.755191944619278,4.70988042794205,-0.6958254667505707,2234.8000000000347,1767.118,1767.148,1780.728,13.595000000000255,2,1794.3230000000003
D4_G_long_1h_pivot,1,2022-12-13 07:00:00+00:00,2022-12-13 06:59:00+00:00,1785.715,1781.065,2022-12-13 13:29:00+00:00,target,6.324499999999944,6.004499999999943,4.649999999999864,1.291290322580671,1.3601075268817482,1.9402150537635325,-0.6939784946236466,600.4499999999944,1777.417,1781.075,1785.975,5.814499999999953,1,1791.7894999999999
D4_G_long_1h_pivot,1,2022-12-16 02:00:00+00:00,2022-12-16 01:59:00+00:00,1777.575,1775.475,2022-12-16 08:20:00+00:00,stop,-1.8500000000001364,-2.220000000000091,2.1000000000001364,-1.0571428571428316,-0.8809523809523887,3.476190476190229,-1.0142857142857005,-222.00000000000907,1773.608,1775.485,1785.898,12.081444444444514,1,1797.9794444444444
D4_G_long_1h_pivot,1,2022-12-21 19:00:00+00:00,2022-12-21 18:59:00+00:00,1817.098,1814.637,2022-12-21 19:50:00+00:00,stop,-2.2110000000000127,-2.580999999999967,2.4610000000000127,-1.0487606663957554,-0.8984152783421379,0.4469727752946488,-1.1430312880942137,-258.0999999999967,1811.705,1814.647,1823.685,9.626400000000103,1,1833.3114
D4_G_long_1h_pivot,1,2022-12-22 10:00:00+00:00,2022-12-22 09:59:00+00:00,1817.115,1813.527,2022-12-22 13:31:00+00:00,stop,-3.3379999999999654,-3.70799999999992,3.5879999999999654,-1.0334448160534992,-0.9303232998885166,0.7497212931995765,-1.1867335562987957,-370.799999999992,1812.728,1813.537,1820.325,6.949800000000096,1,1827.2748000000001
D4_G_long_1h_pivot,1,2022-12-23 21:00:00+00:00,2022-12-23 20:59:00+00:00,1797.948,1793.525,2022-12-27 15:08:00+00:00,target,16.19199999999978,15.87199999999978,4.423000000000002,3.5885145828622593,3.660863667194161,3.612254126158683,-0.12955007913183192,1587.199999999978,1791.065,1793.535,1803.095,10.794999999999845,2,1813.8899999999999
D4_G_long_1h_pivot,1,2022-12-29 00:00:00+00:00,2022-12-28 23:59:00+00:00,1805.945,1802.648,2022-12-29 00:59:00+00:00,close_exit,0.650000000000091,0.2800000000001364,3.2970000000000255,0.08492569002127215,0.197148923263599,0.20928116469519237,-0.29117379435851654,28.000000000013642,1796.905,1802.658,1809.135,9.35349999999994,1,1818.4885
D4_G_long_1h_pivot,1,2022-12-29 10:00:00+00:00,2022-12-29 09:59:00+00:00,1808.845,1804.655,2022-12-29 10:49:00+00:00,stop,-3.9400000000000546,-4.310000000000009,4.190000000000055,-1.0286396181384136,-0.9403341288782824,0.09069212410498254,-1.059188544152755,-431.0000000000009,1802.658,1804.665,1810.008,5.543700000000172,2,1815.5517000000002
D4_G_long_1h_pivot,1,2022-12-30 02:00:00+00:00,2022-12-30 01:59:00+00:00,1817.637,1813.615,2022-12-30 04:59:00+00:00,close_exit,-1.6420000000000528,-2.012000000000007,4.0219999999999345,-0.5002486325211437,-0.4082545997016607,0.3281949278966149,-0.5400298359025512,-201.2000000000007,1804.205,1813.625,1820.015,9.5300000000002,1,1829.5450000000003
D4_G_long_1h_pivot,1,2022-12-30 19:00:00+00:00,2022-12-30 18:59:00+00:00,1819.267,1814.145,2023-01-03 02:43:00+00:00,target,17.248666666666622,16.928666666666622,5.122000000000071,3.305089157880982,3.3675647533515,3.541194845763309,-0.16985552518549515,1692.8666666666622,1813.175,1814.155,1825.047,11.21866666666665,1,1836.2656666666667
D4_G_long_1h_pivot,1,2023-01-06 02:00:00+00:00,2023-01-06 01:59:00+00:00,1835.625,1830.022,2023-01-06 09:59:00+00:00,close_exit,0.03999999999996362,-0.3299999999999909,5.6030000000000655,-0.05889701945386169,0.007139032661067848,0.9155809387828037,-0.4390505086560785,-32.99999999999909,1824.995,1830.032,1837.325,10.171285714285887,1,1847.496285714286
D4_G_long_1h_pivot,1,2023-01-10 00:00:00+00:00,2023-01-09 23:59:00+00:00,1870.665,1869.095,2023-01-10 00:17:00+00:00,stop,-1.3199999999999363,-1.689999999999891,1.5699999999999363,-1.0764331210190825,-0.8407643312101847,0.0,-1.0127388535031736,-168.9999999999891,1868.955,1869.105,1875.575,6.519999999999982,1,1882.095
D4_G_long_1h_pivot,1,2023-01-10 07:00:00+00:00,2023-01-10 06:59:00+00:00,1873.398,1870.605,2023-01-10 07:32:00+00:00,stop,-2.5429999999998927,-2.912999999999847,2.7929999999998927,-1.042964554242735,-0.910490511994268,0.1607590404583195,-1.007160759040452,-291.2999999999847,1867.745,1870.615,1875.915,7.4525000000001,1,1883.3675
D4_G_long_1h_pivot,1,2023-01-10 19:00:00+00:00,2023-01-10 18:59:00+00:00,1875.755,1871.088,2023-01-11 14:50:00+00:00,stop,-4.417000000000144,-4.7870000000000985,4.667000000000144,-1.0257124491107674,-0.9464323976858813,2.312620527105113,-1.1478465823869795,-478.7000000000098,1870.268,1871.098,1880.635,9.744500000000016,1,1890.3795
D4_G_long_1h_pivot,1,2023-01-12 10:00:00+00:00,2023-01-12 09:59:00+00:00,1884.498,1879.818,2023-01-12 13:30:00+00:00,stop,-4.430000000000064,-4.8000000000000185,4.680000000000064,-1.0256410256410156,-0.9465811965811973,1.37179487179482,-2.508119658119636,-480.0000000000018,1874.348,1879.828,1884.915,6.45699999999988,2,1891.3719999999998
D4_G_long_1h_pivot,1,2023-01-13 08:00:00+00:00,2023-01-13 07:59:00+00:00,1899.745,1892.195,2023-01-13 11:59:00+00:00,close_exit,0.13000000000010914,-0.2399999999998454,7.5499999999999545,-0.031788079470178386,0.017218543046372176,1.2970860927152554,-0.24635761589402796,-23.99999999998454,1872.76,1892.205,1901.285,27.228666666666868,1,1928.513666666667
D4_G_long_1h_pivot,1,2023-01-16 16:00:00+00:00,2023-01-16 15:59:00+00:00,1916.225,1911.305,2023-01-17 02:31:00+00:00,stop,-4.669999999999845,-5.0399999999998,4.919999999999845,-1.0243902439024306,-0.9491869918699171,0.5487804878049045,-1.1111788617886265,-503.99999999998,1910.665,1911.315,1919.195,8.139999999999873,1,1927.3349999999998
D4_G_long_1h_pivot,1,2023-01-18 20:00:00+00:00,2023-01-18 19:59:00+00:00,1905.218,1901.428,2023-01-19 01:51:00+00:00,stop,-3.5399999999999636,-3.909999999999918,3.7899999999999636,-1.0316622691292758,-0.9340369393139836,1.1179419525065681,-1.0113456464380266,-390.9999999999918,1896.495,1901.438,1925.798,25.595749999999953,1,1951.39375
D4_G_long_1h_pivot,1,2023-01-19 10:00:00+00:00,2023-01-19 09:59:00+00:00,1910.535,1906.295,2023-01-19 10:59:00+00:00,close_exit,-0.8100000000001728,-1.1800000000001274,4.240000000000009,-0.2783018867924823,-0.19103773584909695,0.0,-0.9073113207547103,-118.00000000001273,1900.855,1906.305,1911.038,5.822999999999865,1,1916.8609999999999
D4_G_long_1h_pivot,1,2023-01-19 14:00:00+00:00,2023-01-19 13:59:00+00:00,1913.315,1906.565,2023-01-19 19:25:00+00:00,target,13.892499999999927,13.572499999999927,6.75,2.01074074074073,2.0581481481481374,2.0315555555555505,-0.09140740740740175,1357.2499999999927,1906.305,1906.575,1916.665,10.292500000000018,2,1926.9575
D4_G_long_1h_pivot,1,2023-01-20 20:00:00+00:00,2023-01-20 19:59:00+00:00,1929.818,1922.675,2023-01-20 21:59:00+00:00,close_exit,-4.269999999999982,-4.639999999999937,7.143000000000029,-0.6495870082598233,-0.5977880442391103,0.011199776004469678,-0.8138037239255006,-463.99999999999363,1920.508,1922.685,1930.885,9.651333333333241,1,1940.5363333333332
D4_G_long_1h_pivot,1,2023-01-24 13:00:00+00:00,2023-01-24 12:59:00+00:00,1936.845,1934.2450000000001,2023-01-24 13:40:00+00:00,stop,-2.349999999999909,-2.7199999999998634,2.599999999999909,-1.0461538461538302,-0.9038461538461505,0.19230769230769904,-1.0192307692308398,-271.99999999998636,1931.765,1934.255,1942.348,8.922999999999774,2,1951.2709999999997
D4_G_long_1h_pivot,1,2023-01-26 04:00:00+00:00,2023-01-26 03:59:00+00:00,1947.765,1942.405,2023-01-26 04:59:00+00:00,close_exit,-0.9300000000000637,-1.3000000000000183,5.360000000000127,-0.24253731343283347,-0.1735074626865749,0.15727611940295283,-0.3227611940298465,-130.00000000000182,1919.697,1942.415,1949.085,8.735272727272786,1,1957.8202727272728
D4_G_long_1h_pivot,1,2023-01-30 06:00:00+00:00,2023-01-30 05:59:00+00:00,1931.545,1924.217,2023-01-30 07:45:00+00:00,stop,-7.0779999999999745,-7.447999999999929,7.3279999999999745,-1.0163755458515222,-0.9658842794759824,0.07778384279475141,-1.030294759825356,-744.7999999999929,1916.525,1924.227,1932.105,14.87981818181811,1,1946.9848181818181
D4_G_long_1h_pivot,1,2023-01-30 22:00:00+00:00,2023-01-30 21:59:00+00:00,1922.325,1920.725,2023-01-31 04:15:00+00:00,stop,-1.3500000000001364,-1.720000000000091,1.6000000000001364,-1.0749999999999653,-0.8437500000000133,3.0893749999997264,-1.3049999999998672,-172.0000000000091,1920.585,1920.735,1930.615,9.99666666666667,1,1940.6116666666667
D4_G_long_1h_pivot,1,2023-02-02 13:00:00+00:00,2023-02-02 12:59:00+00:00,1953.625,1951.535,2023-02-02 13:20:00+00:00,stop,-1.8399999999999181,-2.2099999999998725,2.089999999999918,-1.057416267942564,-0.8803827751196125,0.5263157894736613,-1.3339712918660862,-220.99999999998724,1951.175,1951.545,1959.625,8.357500000000073,2,1967.9825
D4_G_long_1h_pivot,1,2023-02-03 07:00:00+00:00,2023-02-03 06:59:00+00:00,1916.075,1913.667,2023-02-03 07:30:00+00:00,stop,-2.158000000000129,-2.5280000000000835,2.408000000000129,-1.0498338870431678,-0.8961794019933611,0.859634551494944,-1.1752491694352172,-252.80000000000834,1911.225,1913.677,1918.485,5.508571428571486,1,1923.9935714285714
D4_G_long_1h_pivot,1,2023-02-06 14:00:00+00:00,2023-02-06 13:59:00+00:00,1871.765,1868.125,2023-02-06 15:29:00+00:00,stop,-3.3900000000001,-3.7600000000000544,3.6400000000001,-1.0329670329670195,-0.9313186813186832,1.0686813186812543,-1.0989010989010688,-376.00000000000546,1859.647,1868.135,1881.198,15.185000000000173,1,1896.3830000000003
D4_G_long_1h_pivot,1,2023-02-07 07:00:00+00:00,2023-02-07 06:59:00+00:00,1874.645,1871.575,2023-02-07 08:59:00+00:00,close_exit,-2.119999999999891,-2.4899999999998452,3.0699999999999363,-0.8110749185667416,-0.6905537459283175,0.9771986970684242,-0.9609120521172986,-248.9999999999845,1862.935,1871.585,1875.505,4.640833333333376,1,1880.1458333333335
D4_G_long_1h_pivot,1,2023-02-10 13:00:00+00:00,2023-02-10 12:59:00+00:00,1864.078,1860.387,2023-02-10 14:58:00+00:00,stop,-3.441000000000031,-3.8109999999999853,3.691000000000031,-1.0325115144947044,-0.9322676781360071,1.1785424004335139,-1.08994852343535,-381.09999999999854,1852.588,1860.397,1872.035,14.761600000000044,1,1886.7966000000001
D4_G_long_1h_pivot,1,2023-02-13 04:00:00+00:00,2023-02-13 03:59:00+00:00,1858.895,1858.035,2023-02-13 04:41:00+00:00,stop,-0.6099999999999,-0.9799999999998545,0.8599999999999,-1.1395348837208936,-0.7093023255813615,0.6860465116278917,-1.2988372093024323,-97.99999999998545,1856.205,1858.045,1865.498,8.143000000000029,1,1873.641
D4_G_long_1h_pivot,1,2023-02-14 11:00:00+00:00,2023-02-14 10:59:00+00:00,1859.315,1857.725,2023-02-14 11:13:00+00:00,stop,-1.3400000000001455,-1.7100000000001,1.5900000000001455,-1.075471698113172,-0.8427672955974986,0.15723270440250134,-1.037735849056566,-171.00000000001,1850.325,1857.735,1864.775,8.180000000000064,1,1872.9550000000002
D4_G_long_1h_pivot,1,2023-02-15 02:00:00+00:00,2023-02-15 01:59:00+00:00,1859.057,1853.338,2023-02-15 02:43:00+00:00,stop,-5.469000000000051,-5.839000000000006,5.719000000000051,-1.0209826892813347,-0.9562860639972027,0.16453925511453446,-1.1054380136387585,-583.9000000000005,1843.165,1853.348,1865.545,21.107124999999996,1,1886.652125
D4_G_long_1h_pivot,1,2023-02-16 12:00:00+00:00,2023-02-16 11:59:00+00:00,1837.555,1834.675,2023-02-16 13:30:00+00:00,stop,-2.630000000000109,-3.0000000000000635,2.880000000000109,-1.0416666666666492,-0.9131944444444478,0.951388888888856,-2.4062499999999307,-300.00000000000637,1834.225,1834.685,1844.705,10.173333333333403,1,1854.8783333333333
D4_G_long_1h_pivot,1,2023-02-20 03:00:00+00:00,2023-02-20 02:59:00+00:00,1842.475,1837.135,2023-02-20 04:59:00+00:00,close_exit,0.2800000000002001,-0.08999999999975444,5.339999999999918,-0.016853932584223935,0.05243445692887722,0.41816479400752976,-0.2204119850187126,-8.999999999975444,1822.565,1837.145,1843.505,11.220000000000027,2,1854.7250000000001
D4_G_long_1h_pivot,1,2023-02-22 01:00:00+00:00,2023-02-22 00:59:00+00:00,1837.078,1831.615,2023-02-22 06:59:00+00:00,close_exit,-1.51299999999992,-1.8829999999998746,5.462999999999965,-0.3446824089328,-0.2769540545487698,0.2300933552992989,-0.47958996888155,-188.29999999998745,1830.095,1831.625,1843.738,13.133000000000038,1,1856.871
D4_G_long_1h_pivot,1,2023-02-27 10:00:00+00:00,2023-02-27 09:59:00+00:00,1808.595,1807.055,2023-02-27 14:00:00+00:00,target,7.87175000000002,7.55175000000002,1.5399999999999636,4.903733766233895,5.111525974026108,4.9675324675324966,-0.24675324675332344,755.175000000002,1806.538,1807.065,1811.575,4.641750000000002,1,1816.21675
D4_G_long_1h_pivot,1,2023-03-02 18:00:00+00:00,2023-03-02 17:59:00+00:00,1833.865,1829.955,2023-03-03 00:01:00+00:00,target,6.783999999999878,6.463999999999878,3.910000000000082,1.6531969309462258,1.735038363171288,1.6803069053707926,0.0,646.3999999999878,1829.854,1829.965,1835.145,5.253999999999905,1,1840.399
D4_G_long_1h_pivot,1,2023-03-08 19:00:00+00:00,2023-03-08 18:59:00+00:00,1814.725,1812.055,2023-03-08 20:59:00+00:00,close_exit,-1.1699999999998454,-1.5399999999998,2.6699999999998454,-0.5767790262171869,-0.4382022471909787,0.5842696629214469,-0.7228464419475461,-153.99999999998,1809.248,1812.065,1815.838,4.125124999999798,1,1819.9631249999998
D4_G_long_1h_pivot,1,2023-03-14 08:00:00+00:00,2023-03-14 07:59:00+00:00,1912.805,1901.385,2023-03-14 08:46:00+00:00,stop,-11.170000000000073,-11.540000000000028,11.420000000000073,-1.010507880910679,-0.9781085814360772,0.037653239929932886,-1.0639229422066563,-1154.0000000000027,1871.328,1901.395,1913.984,22.611333333333278,1,1936.5953333333332
D4_G_long_1h_pivot,1,2023-03-15 03:00:00+00:00,2023-03-15 02:59:00+00:00,1904.725,1899.785,2023-03-15 04:59:00+00:00,close_exit,-2.759999999999991,-3.1299999999999453,4.939999999999827,-0.6336032388664078,-0.5587044534413133,0.04858299595142054,-0.793724696356267,-312.99999999999454,1895.228,1899.795,1910.048,12.993199999999888,1,1923.0412
D4_G_long_1h_pivot,1,2023-03-16 04:00:00+00:00,2023-03-16 03:59:00+00:00,1913.385,1907.445,2023-03-16 04:59:00+00:00,close_exit,0.02299999999991087,-0.34700000000004366,5.940000000000055,-0.05841750841751523,0.003872053872038831,0.23737373737374898,-0.13585858585858737,-34.700000000004366,1885.565,1907.455,1937.295,39.56888888888898,1,1976.863888888889
D4_G_long_1h_pivot,1,2023-03-16 21:00:00+00:00,2023-03-16 20:59:00+00:00,1919.498,1914.215,2023-03-17 13:18:00+00:00,target,31.652454545454702,31.332454545454702,5.283000000000129,5.930807220415282,5.9913788653140125,6.033882263865071,-0.25799734999054,3133.2454545454702,1907.455,1914.225,1932.255,18.64545454545464,2,1950.9004545454547
D4_G_long_1h_pivot,1,2023-03-21 03:00:00+00:00,2023-03-21 02:59:00+00:00,1983.378,1975.265,2023-03-21 04:59:00+00:00,close_exit,-1.8799999999998818,-2.249999999999836,8.112999999999829,-0.27733267595216116,-0.2317268581289192,0.2030075187970167,-0.3023542462714195,-224.9999999999836,1967.115,1975.275,1984.225,13.029999999999745,1,1997.2549999999997
D4_G_long_1h_pivot,1,2023-03-22 07:00:00+00:00,2023-03-22 06:59:00+00:00,1942.585,1937.815,2023-03-22 07:24:00+00:00,stop,-4.519999999999982,-4.889999999999937,4.769999999999982,-1.0251572327043932,-0.9475890985324945,0.029350104821776354,-1.0901467505241227,-488.99999999999363,1935.935,1937.825,1946.145,9.129999999999882,1,1955.2749999999999
D4_G_long_1h_pivot,1,2023-03-29 11:00:00+00:00,2023-03-29 10:59:00+00:00,1967.448,1958.565,2023-03-30 00:59:00+00:00,close_exit,-4.053000000000111,-4.423000000000066,8.883000000000038,-0.49791737025780103,-0.4562647754137221,0.2082629742204099,-0.7714736012608393,-442.30000000000655,1949.028,1958.575,1974.998,22.98656249999999,2,1997.9845625
D4_G_long_1h_pivot,1,2023-04-17 05:00:00+00:00,2023-04-17 04:59:00+00:00,2004.725,1995.285,2023-04-17 13:59:00+00:00,close_exit,-3.980000000000018,-4.349999999999973,9.439999999999827,-0.4608050847457683,-0.42161016949153507,1.0762711864407064,-0.6048728813559231,-434.99999999999727,1992.285,1995.295,2006.765,13.877999999999929,1,2020.643
D4_G_long_1h_pivot,1,2023-04-24 09:00:00+00:00,2023-04-24 08:59:00+00:00,1982.865,1976.345,2023-04-25 01:39:00+00:00,target,14.852666666666664,14.532666666666664,6.519999999999982,2.2289366053169792,2.2780163599182064,2.292944785276087,-0.31855828220858956,1453.2666666666664,1971.515,1976.355,1985.298,12.169666666666672,1,1997.4676666666667
D4_G_long_1h_pivot,1,2023-04-28 05:00:00+00:00,2023-04-28 04:59:00+00:00,1988.915,1984.885,2023-04-28 05:59:00+00:00,close_exit,-1.3699999999998909,-1.7399999999998454,4.029999999999973,-0.43176178660046083,-0.33995037220841196,0.34317617866006145,-0.6898263027295264,-173.99999999998454,1973.865,1984.895,1990.924,13.907571428571373,1,2004.8315714285714
D4_G_long_1h_pivot,1,2023-05-02 03:00:00+00:00,2023-05-02 02:59:00+00:00,1983.385,1979.544,2023-05-02 08:59:00+00:00,close_exit,-1.8399999999999181,-2.2099999999998725,3.8409999999998945,-0.575370997136145,-0.4790419161676565,0.5935954178599415,-0.7992710231710546,-220.99999999998724,1976.925,1979.554,2005.198,27.39666666666676,2,2032.5946666666669
D4_G_long_1h_pivot,1,2023-05-08 13:00:00+00:00,2023-05-08 12:59:00+00:00,2022.454,2019.894,2023-05-08 14:37:00+00:00,stop,-2.3099999999999454,-2.6799999999999,2.5599999999999454,-1.0468749999999831,-0.9023437499999979,1.6644531250000227,-1.4335937499999702,-267.99999999999,2015.064,2019.904,2024.665,6.8352857142856465,2,2031.5002857142856
D4_G_long_1h_pivot,1,2023-05-09 04:00:00+00:00,2023-05-09 03:59:00+00:00,2023.925,2019.334,2023-05-10 13:31:00+00:00,target,16.66099999999983,16.34099999999983,4.5909999999998945,3.5593552602919205,3.6290568503594454,4.234153779133201,-0.5621868873883604,1634.099999999983,2017.804,2019.344,2029.224,11.111999999999853,1,2040.3359999999998
D4_G_long_1h_pivot,1,2023-05-15 04:00:00+00:00,2023-05-15 03:59:00+00:00,2013.665,2008.585,2023-05-15 10:59:00+00:00,close_exit,2.8990000000001146,2.5290000000001602,5.079999999999927,0.49783464566933,0.5706692913386134,1.411220472440984,-0.10629921259841955,252.90000000001604,2000.825,2008.595,2021.384,17.645250000000033,1,2039.02925
D4_G_long_1h_pivot,1,2023-05-15 17:00:00+00:00,2023-05-15 16:59:00+00:00,2017.884,2011.814,2023-05-16 06:59:00+00:00,close_exit,-4.930000000000064,-5.3000000000000185,6.069999999999936,-0.8731466227347733,-0.8121911037891458,0.5685337726523984,-0.9060955518945729,-530.0000000000018,2008.595,2011.824,2020.834,9.6558,2,2030.4898
D4_G_long_1h_pivot,1,2023-05-22 10:00:00+00:00,2023-05-22 09:59:00+00:00,1980.855,1971.135,2023-05-22 12:43:00+00:00,stop,-9.470000000000027,-9.839999999999982,9.720000000000027,-1.012345679012341,-0.9742798353909465,0.16975308641976197,-1.1481481481481532,-983.9999999999982,1957.695,1971.145,1984.075,25.15727272727281,1,2009.2322727272729
D4_G_long_1h_pivot,1,2023-05-29 05:00:00+00:00,2023-05-29 04:59:00+00:00,1945.775,1940.135,2023-05-29 17:59:00+00:00,close_exit,-2.0800000000001546,-2.450000000000109,5.6400000000001,-0.43439716312057897,-0.3687943262411556,0.6595744680850592,-0.8900709219857966,-245.00000000001089,1938.685,1940.145,1946.865,7.596000000000004,1,1954.461
D4_G_long_1h_pivot,1,2023-05-30 21:00:00+00:00,2023-05-30 20:59:00+00:00,1960.335,1950.304,2023-05-30 23:59:00+00:00,close_exit,-1.691000000000031,-2.0609999999999853,10.030999999999949,-0.20546306450004942,-0.16857741002891433,0.0,-0.2489283222011847,-206.09999999999852,1931.905,1950.314,1962.185,14.500857142857058,1,1976.685857142857
D4_G_long_1h_pivot,1,2023-05-31 06:00:00+00:00,2023-05-31 05:59:00+00:00,1960.275,1953.488,2023-05-31 09:59:00+00:00,close_exit,-4.7800000000002,-5.150000000000155,6.787000000000035,-0.7588035951083142,-0.7042876086636475,0.7381759245616569,-0.7543833799911731,-515.0000000000155,1950.314,1953.498,1960.658,9.43428571428558,2,1970.0922857142855
D4_G_long_1h_pivot,1,2023-06-02 05:00:00+00:00,2023-06-02 04:59:00+00:00,1982.625,1973.935,2023-06-02 05:59:00+00:00,close_exit,-2.7200000000000273,-3.0899999999999817,8.690000000000055,-0.35558112773302214,-0.31300345224395976,0.012658227848089674,-0.3902186421173826,-308.9999999999982,1953.255,1973.945,1982.535,18.935000000000173,1,2001.4700000000003
D4_G_long_1h_pivot,1,2023-06-02 12:00:00+00:00,2023-06-02 11:59:00+00:00,1978.755,1974.895,2023-06-02 14:00:00+00:00,stop,-3.6100000000001273,-8.087000000000053,3.8600000000001273,-2.0950777202071986,-0.9352331606217638,0.0,-2.237564766839349,-808.7000000000053,1973.945,1974.905,1983.315,9.095714285714394,2,1992.4107142857144
D4_G_long_1h_pivot,1,2023-06-07 12:00:00+00:00,2023-06-07 11:59:00+00:00,1962.835,1954.835,2023-06-07 17:00:00+00:00,stop,-7.75,-15.899999999999928,8.0,-1.987499999999991,-0.96875,0.8425000000000011,-2.073750000000018,-1589.9999999999927,1954.255,1954.845,1966.688,12.13799999999992,1,1978.826
D4_G_long_1h_pivot,1,2023-06-13 06:00:00+00:00,2023-06-13 05:59:00+00:00,1961.055,1955.875,2023-06-13 06:59:00+00:00,close_exit,-2.5399999999999636,-2.909999999999918,5.180000000000064,-0.561776061776039,-0.4903474903474773,0.06370656370654888,-0.5598455598455705,-290.9999999999918,1949.315,1955.885,1960.855,6.847142857142899,1,1967.702142857143
D4_G_long_1h_pivot,1,2023-06-16 09:00:00+00:00,2023-06-16 08:59:00+00:00,1961.678,1954.535,2023-06-16 10:59:00+00:00,close_exit,2.709999999999809,2.3399999999998546,7.143000000000029,0.3275934481310157,0.3793924121517287,0.41117177656445275,-0.26095478090438545,233.99999999998548,1924.898,1954.545,1961.935,18.170727272727163,1,1980.105727272727
D4_G_long_1h_pivot,1,2023-06-19 07:00:00+00:00,2023-06-19 06:59:00+00:00,1954.805,1953.834,2023-06-19 07:42:00+00:00,stop,-0.7210000000000036,-1.0909999999999582,0.9710000000000036,-1.1235839340885212,-0.7425334706488166,0.9371781668381577,-1.246138002059765,-109.09999999999582,1953.165,1953.844,1959.645,6.310249999999996,1,1965.95525
D4_G_long_1h_pivot,1,2023-06-20 02:00:00+00:00,2023-06-20 01:59:00+00:00,1951.185,1949.405,2023-06-20 02:17:00+00:00,stop,-1.5299999999999727,-1.8999999999999273,1.7799999999999727,-1.0674157303370542,-0.8595505617977507,0.29213483146066843,-1.2533707865168702,-189.99999999999272,1948.915,1949.415,1953.255,4.173333333333403,1,1957.4283333333335
D4_G_long_1h_pivot,1,2023-06-23 22:00:00+00:00,2023-06-23 21:59:00+00:00,1920.638,1917.815,2023-06-26 15:59:00+00:00,close_exit,2.8070000000000164,2.437000000000062,2.8229999999998654,0.8632660290471761,0.9943322706341304,4.465816507261981,0.0,243.7000000000062,1916.505,1917.825,1932.954,15.56899999999996,2,1948.523
D4_G_long_1h_pivot,1,2023-06-26 20:00:00+00:00,2023-06-26 19:59:00+00:00,1923.625,1922.435,2023-06-26 21:59:00+00:00,stop,-0.9400000000000546,-1.3100000000000092,1.1900000000000546,-1.100840336134411,-0.7899159663865643,0.0,-1.4705882352940502,-131.0000000000009,1922.065,1922.445,1933.245,11.084999999999809,1,1944.3299999999997
D4_G_long_1h_pivot,1,2023-06-27 10:00:00+00:00,2023-06-27 09:59:00+00:00,1925.685,1924.045,2023-06-27 10:30:00+00:00,stop,-1.3899999999998727,-1.7599999999998273,1.6399999999998727,-1.0731707317072952,-0.8475609756097443,0.0,-1.23780487804886,-175.99999999998272,1921.615,1924.055,1930.285,8.263333333333321,1,1938.5483333333334
D4_G_long_1h_pivot,1,2023-06-28 06:00:00+00:00,2023-06-28 05:59:00+00:00,1915.328,1913.315,2023-06-28 07:22:00+00:00,stop,-1.76299999999992,-2.1329999999998743,2.01299999999992,-1.0596125186288918,-0.8758072528564282,0.6542473919523396,-1.2632886239443586,-213.29999999998742,1911.385,1913.325,1917.155,4.384285714285625,1,1921.5392857142856
D4_G_long_1h_pivot,1,2023-06-30 05:00:00+00:00,2023-06-30 04:59:00+00:00,1908.475,1906.975,2023-06-30 05:35:00+00:00,stop,-1.25,-1.6199999999999546,1.5,-1.0799999999999697,-0.8333333333333334,0.020000000000133394,-1.099999999999909,-161.99999999999545,1906.115,1906.985,1909.105,2.410000000000082,2,1911.515
D4_G_long_1h_pivot,1,2023-07-03 06:00:00+00:00,2023-07-03 05:59:00+00:00,1920.184,1914.478,2023-07-03 06:59:00+00:00,close_exit,-3.189000000000078,-3.5590000000000326,5.705999999999904,-0.6237294076410959,-0.5588853838065426,0.044514546091857184,-0.644234139502277,-355.9000000000033,1900.465,1914.488,1920.495,13.655909090909063,1,1934.150909090909
D4_G_long_1h_pivot,1,2023-07-05 02:00:00+00:00,2023-07-05 01:59:00+00:00,1926.805,1923.905,2023-07-05 02:53:00+00:00,stop,-2.650000000000091,-3.0200000000000453,2.900000000000091,-1.0413793103448106,-0.9137931034482786,0.0,-1.0103448275861973,-302.00000000000455,1919.644,1923.915,1930.555,7.860285714285737,2,1938.4152857142858
D4_G_long_1h_pivot,1,2023-07-12 00:00:00+00:00,2023-07-11 23:59:00+00:00,1933.508,1929.2450000000001,2023-07-12 13:37:00+00:00,target,16.530500000000075,16.210500000000074,4.26299999999992,3.802603800140835,3.877668308702882,3.8651184611776146,-0.08045977011496154,1621.0500000000075,1924.228,1929.255,1938.265,11.523500000000013,2,1949.7885
D4_G_long_1h_pivot,1,2023-07-13 09:00:00+00:00,2023-07-13 08:59:00+00:00,1961.955,1955.155,2023-07-13 09:59:00+00:00,close_exit,-0.8899999999998727,-1.2599999999998273,6.7999999999999545,-0.18529411764703466,-0.13088235294115863,0.10000000000001003,-0.2544117647058867,-125.99999999998272,1933.485,1955.165,1962.205,9.208000000000084,1,1971.413
D4_G_long_1h_pivot,1,2023-07-17 03:00:00+00:00,2023-07-17 02:59:00+00:00,1952.775,1951.184,2023-07-17 04:29:00+00:00,stop,-1.3410000000001219,-1.7110000000000765,1.5910000000001219,-1.0754242614707388,-0.8428661219359014,0.6411062225015108,-1.2193588937774393,-171.10000000000764,1950.875,1951.194,1959.215,8.260250000000042,1,1967.47525
D4_G_long_1h_pivot,1,2023-07-18 10:00:00+00:00,2023-07-18 09:59:00+00:00,1961.835,1957.695,2023-07-18 13:29:00+00:00,target,5.076999999999998,4.756999999999998,4.1400000000001,1.1490338164250924,1.226328502415429,1.2461352657004234,-0.19106280193234804,475.6999999999998,1945.638,1957.705,1961.635,5.027000000000044,1,1966.662
D4_G_long_1h_pivot,1,2023-07-20 11:00:00+00:00,2023-07-20 10:59:00+00:00,1981.095,1977.785,2023-07-20 13:25:00+00:00,stop,-3.0599999999999454,-3.4299999999999,3.3099999999999454,-1.0362537764350321,-0.9244712990936543,0.6021148036253688,-1.135951661631436,-342.99999999999,1971.535,1977.795,1987.385,11.516153846153657,1,1998.9011538461536
D4_G_long_1h_pivot,1,2023-07-24 05:00:00+00:00,2023-07-24 04:59:00+00:00,1960.265,1959.005,2023-07-24 05:13:00+00:00,stop,-1.009999999999991,-1.3799999999999455,1.259999999999991,-1.0952380952380598,-0.8015873015873002,0.0,-1.0079365079366813,-137.99999999999454,1957.945,1959.015,1964.115,5.813333333333276,1,1969.9283333333333
D4_G_long_1h_pivot,1,2023-07-28 13:00:00+00:00,2023-07-28 12:59:00+00:00,1956.708,1947.705,2023-07-31 09:59:00+00:00,close_exit,-3.0130000000001473,-3.3830000000001017,9.003000000000156,-0.3757636343441123,-0.33466622237033156,0.6205709208041644,-0.6723314450738649,-338.3000000000102,1943.185,1947.715,1956.695,10.373846153846216,1,1967.0688461538462
D4_G_long_1h_pivot,1,2023-08-02 08:00:00+00:00,2023-08-02 07:59:00+00:00,1949.225,1945.155,2023-08-02 13:26:00+00:00,stop,-3.8199999999999363,-4.189999999999891,4.069999999999936,-1.0294840294840188,-0.9385749385749376,1.3390663390663713,-1.0049140049140006,-418.9999999999891,1941.118,1945.165,1952.755,9.613500000000158,1,1962.3685000000003
D4_G_long_1h_pivot,1,2023-08-03 02:00:00+00:00,2023-08-03 01:59:00+00:00,1935.618,1933.595,2023-08-03 05:59:00+00:00,close_exit,-1.4429999999999836,-1.8129999999999382,2.022999999999911,-0.8961937716263065,-0.7132970835393214,1.5803262481464446,-0.9011369253583518,-181.29999999999382,1932.885,1933.605,1938.994,5.8689999999999145,1,1944.8629999999998
D4_G_long_1h_pivot,1,2023-08-04 00:00:00+00:00,2023-08-03 23:59:00+00:00,1935.608,1932.405,2023-08-04 04:59:00+00:00,close_exit,-0.25299999999992906,-0.6229999999998836,3.2029999999999745,-0.19450515142050845,-0.07898844832966939,0.7233843271932644,-0.4308460817982806,-62.299999999988366,1929.425,1932.415,1938.655,7.94857142857154,1,1946.6035714285715
D4_G_long_1h_pivot,1,2023-08-04 22:00:00+00:00,2023-08-04 21:59:00+00:00,1942.818,1939.735,2023-08-07 02:59:00+00:00,close_exit,-0.25299999999992906,-0.6229999999998836,3.0830000000000837,-0.2020759000972646,-0.08206292572167441,1.2283490107038377,-0.5556276354200191,-62.299999999988366,1937.485,1939.745,1943.385,5.146666666666761,2,1948.5316666666668
D4_G_long_1h_pivot,1,2023-08-08 21:00:00+00:00,2023-08-08 20:59:00+00:00,1925.035,1923.515,2023-08-09 10:59:00+00:00,close_exit,1.3099999999999454,0.9399999999999908,1.5199999999999818,0.6184210526315803,0.8618421052631323,4.750000000000075,-0.5921052631579616,93.99999999999909,1922.655,1923.525,1931.955,9.082499999999982,1,1941.0375
D4_G_long_1h_pivot,1,2023-08-11 17:00:00+00:00,2023-08-11 16:59:00+00:00,1914.215,1912.765,2023-08-11 19:13:00+00:00,stop,-1.199999999999818,-1.5699999999997727,1.449999999999818,-1.0827586206896342,-0.8275862068965301,0.8206896551725544,-1.0,-156.99999999997726,1912.535,1912.775,1920.815,8.066666666666606,2,1928.8816666666667
D4_G_long_1h_pivot,1,2023-08-14 11:00:00+00:00,2023-08-14 10:59:00+00:00,1914.145,1910.448,2023-08-14 13:09:00+00:00,stop,-3.446999999999889,-3.8169999999998434,3.696999999999889,-1.0324587503381006,-0.9323776034622647,0.20557208547471292,-1.1171219908033556,-381.69999999998436,1909.944,1910.458,1914.555,4.26833333333343,1,1918.8233333333335
D4_G_long_1h_pivot,1,2023-08-15 05:00:00+00:00,2023-08-15 04:59:00+00:00,1907.335,1903.585,2023-08-15 08:27:00+00:00,stop,-3.5,-3.8699999999999544,3.75,-1.0319999999999878,-0.9333333333333333,0.01866666666664969,-1.0205333333333328,-386.99999999999545,1902.595,1903.595,1913.125,10.25727272727272,1,1923.3822727272727
D4_G_long_1h_pivot,1,2023-08-16 03:00:00+00:00,2023-08-16 02:59:00+00:00,1902.965,1900.075,2023-08-16 12:59:00+00:00,close_exit,0.3200000000001637,-0.04999999999979082,2.8899999999998727,-0.01730103806221212,0.11072664359867744,1.4290657439447374,-0.1937716262975675,-4.9999999999790825,1896.215,1900.085,1911.525,14.536000000000058,1,1926.0610000000001
D4_G_long_1h_pivot,1,2023-08-18 13:00:00+00:00,2023-08-18 12:59:00+00:00,1893.945,1891.218,2023-08-18 13:23:00+00:00,stop,-2.4769999999998618,-2.846999999999816,2.7269999999998618,-1.0440044004400295,-0.9083241657499037,0.29702970297037545,-1.0414374770810642,-284.6999999999816,1891.045,1891.228,1894.015,2.9334000000001197,2,1896.9484000000002
D4_G_long_1h_pivot,1,2023-08-24 01:00:00+00:00,2023-08-24 00:59:00+00:00,1918.055,1914.285,2023-08-24 02:59:00+00:00,close_exit,0.8699999999998909,0.49999999999993633,3.769999999999982,0.13262599469494396,0.23076923076920294,0.3129973474800642,-0.2095490716180285,49.99999999999363,1901.185,1914.295,1920.275,11.22400000000016,1,1931.4990000000003
D4_G_long_1h_pivot,1,2023-08-25 10:00:00+00:00,2023-08-25 09:59:00+00:00,1915.565,1912.685,2023-08-25 15:02:00+00:00,stop,-2.630000000000109,-3.0000000000000635,2.880000000000109,-1.0416666666666492,-0.9131944444444478,1.5972222222221302,-1.4930555555554832,-300.00000000000637,1911.655,1912.695,1923.225,11.447647058823577,1,1934.6726470588235
D4_G_long_1h_pivot,1,2023-08-28 21:00:00+00:00,2023-08-28 20:59:00+00:00,1919.875,1916.755,2023-08-28 21:59:00+00:00,close_exit,-1.25,-1.6199999999999546,3.119999999999891,-0.5192307692307728,-0.40064102564103965,0.12275641025642679,-0.4807692307692476,-161.99999999999545,1912.675,1916.765,1925.955,11.2349999999999,1,1937.1899999999998
D4_G_long_1h_pivot,1,2023-08-31 01:00:00+00:00,2023-08-31 00:59:00+00:00,1944.395,1941.845,2023-08-31 04:59:00+00:00,close_exit,0.9300000000000637,0.5600000000001091,2.5499999999999545,0.21960784313730158,0.36470588235297263,1.2823529411764862,-0.11764705882351367,56.00000000001091,1934.838,1941.855,1948.965,10.348615384615414,1,1959.3136153846153
D4_G_long_1h_pivot,1,2023-08-31 10:00:00+00:00,2023-08-31 09:59:00+00:00,1944.585,1943.145,2023-08-31 13:39:00+00:00,stop,-1.1900000000000546,-1.5600000000000092,1.4400000000000546,-1.0833333333332986,-0.8263888888888955,2.249999999999921,-1.0416666666666272,-156.0000000000009,1941.855,1943.155,1947.665,5.087777777777774,2,1952.7527777777777
D4_G_long_1h_pivot,1,2023-09-06 01:00:00+00:00,2023-09-06 00:59:00+00:00,1926.775,1925.275,2023-09-06 01:47:00+00:00,stop,-1.25,-1.6199999999999546,1.5,-1.0799999999999697,-0.8333333333333334,0.0,-1.1200000000000425,-161.99999999999545,1925.205,1925.285,1928.885,3.6666666666667425,1,1932.5516666666667
D4_G_long_1h_pivot,1,2023-09-07 01:00:00+00:00,2023-09-07 00:59:00+00:00,1917.305,1915.825,2023-09-08 02:37:00+00:00,target,8.649999999999864,8.329999999999863,1.4800000000000182,5.628378378378216,5.84459459459443,5.7162162162161705,-0.8175675675675821,832.9999999999864,1915.175,1915.835,1920.605,5.099999999999909,1,1925.705
D4_G_long_1h_pivot,1,2023-09-11 19:00:00+00:00,2023-09-11 18:59:00+00:00,1922.825,1921.285,2023-09-11 19:59:00+00:00,close_exit,-0.8199999999999363,-1.189999999999891,1.5399999999999636,-0.7727272727272202,-0.5324675324675037,0.0,-0.9415584415584933,-118.99999999998909,1916.584,1921.295,1930.558,11.61850000000004,1,1942.1765
D4_G_long_1h_pivot,1,2023-09-11 22:00:00+00:00,2023-09-11 21:59:00+00:00,1922.298,1921.365,2023-09-11 23:00:00+00:00,stop,-0.6829999999999927,-1.07,0.9329999999999927,-1.1468381564844679,-0.7320471596998908,0.5326902465166933,-1.0182207931404639,-107.0,1921.295,1921.375,1925.045,3.7233333333333576,2,1928.7683333333334
D4_G_long_1h_pivot,1,2023-09-13 10:00:00+00:00,2023-09-13 09:59:00+00:00,1912.375,1908.105,2023-09-13 13:30:00+00:00,stop,-4.019999999999982,-4.389999999999937,4.269999999999982,-1.0281030444964767,-0.9414519906323182,0.35199063231848604,-1.576112412177997,-438.99999999999363,1908.078,1908.115,1912.575,4.472333333333381,1,1917.0473333333334
D4_G_long_1h_pivot,1,2023-09-14 06:00:00+00:00,2023-09-14 05:59:00+00:00,1909.605,1908.635,2023-09-14 06:47:00+00:00,stop,-0.7200000000000273,-1.0899999999999819,0.9700000000000273,-1.1237113402061352,-0.7422680412371206,1.381443298968949,-1.3402061855669258,-108.99999999999818,1907.335,1908.645,1912.825,4.442000000000007,1,1917.267
D4_G_long_1h_pivot,1,2023-09-20 08:00:00+00:00,2023-09-20 07:59:00+00:00,1930.605,1929.505,2023-09-20 08:07:00+00:00,stop,-0.849999999999909,-1.2199999999998636,1.099999999999909,-1.109090909090877,-0.7727272727272539,0.0,-1.0272727272729114,-121.99999999998636,1928.395,1929.515,1931.365,2.2233333333333576,1,1933.5883333333334
D4_G_long_1h_pivot,1,2023-09-22 02:00:00+00:00,2023-09-22 01:59:00+00:00,1923.595,1919.025,2023-09-22 10:59:00+00:00,close_exit,1.9500000000000455,1.5800000000000909,4.569999999999936,0.34573304157551704,0.42669584245078174,1.0940919037199277,-0.3691466083151311,158.0000000000091,1913.808,1919.035,1923.695,9.233624999999847,1,1932.9286249999998
D4_G_long_1h_pivot,1,2023-09-22 16:00:00+00:00,2023-09-22 15:59:00+00:00,1928.325,1924.045,2023-09-22 17:59:00+00:00,close_exit,-2.8500000000001364,-3.220000000000091,4.279999999999973,-0.7523364485981568,-0.6658878504673258,0.08411214953268745,-0.822429906542057,-322.0000000000091,1919.035,1924.055,1928.595,6.332857142857165,2,1934.9278571428572
D4_G_long_1h_pivot,1,2023-09-25 22:00:00+00:00,2023-09-25 21:59:00+00:00,1915.835,1915.105,2023-09-26 01:32:00+00:00,stop,-0.4800000000000182,-0.8499999999999728,0.7300000000000182,-1.1643835616437692,-0.657534246575351,1.2054794520546026,-1.091780821917816,-84.99999999999727,1915.045,1915.115,1919.045,3.9825000000000728,1,1923.0275000000001
D4_G_long_1h_pivot,1,2023-09-27 04:00:00+00:00,2023-09-27 03:59:00+00:00,1901.025,1899.675,2023-09-27 04:50:00+00:00,stop,-1.1000000000001364,-1.470000000000091,1.3500000000001364,-1.0888888888888462,-0.8148148148148335,0.0,-1.1481481481481668,-147.0000000000091,1899.005,1899.685,1901.995,2.4459999999999127,1,1904.4409999999998
D4_G_long_1h_pivot,1,2023-09-28 05:00:00+00:00,2023-09-28 04:59:00+00:00,1874.835,1873.465,2023-09-28 09:59:00+00:00,close_exit,-0.4900000000000091,-0.8599999999999637,1.3700000000001182,-0.6277372262772916,-0.3576642335766181,2.4160583941603355,-0.9270072992699797,-85.99999999999636,1872.445,1873.475,1878.205,5.588333333333367,1,1883.7933333333333
D4_G_long_1h_pivot,1,2023-09-29 03:00:00+00:00,2023-09-29 02:59:00+00:00,1865.945,1863.635,2023-09-29 03:59:00+00:00,close_exit,-0.8999999999998636,-1.2699999999998182,2.3099999999999454,-0.5497835497834841,-0.3896103896103398,0.41558441558444115,-0.5917748917748892,-126.99999999998181,1857.565,1863.645,1867.265,6.225714285714275,1,1873.4907142857144
D4_G_long_1h_pivot,1,2023-09-29 15:00:00+00:00,2023-09-29 14:59:00+00:00,1870.654,1867.455,2023-09-29 15:05:00+00:00,stop,-2.949000000000069,-3.3190000000000235,3.199000000000069,-1.037511722413239,-0.9218505783057223,0.31916223819941736,-1.1375429821818748,-331.90000000000236,1862.875,1867.465,1873.895,8.724999999999909,1,1882.62
D4_G_long_1h_pivot,1,2023-10-03 18:00:00+00:00,2023-10-03 17:59:00+00:00,1824.055,1819.135,2023-10-04 03:59:00+00:00,close_exit,-3.106999999999971,-3.4769999999999253,4.920000000000073,-0.706707317073145,-0.6315040650406352,0.36646341463411725,-0.8434959349593556,-347.69999999999254,1815.245,1819.145,1831.245,12.424999999999955,1,1843.6699999999998
D4_G_long_1h_pivot,1,2023-10-04 18:00:00+00:00,2023-10-04 17:59:00+00:00,1821.145,1816.965,2023-10-04 19:35:00+00:00,stop,-3.9300000000000637,-4.3000000000000185,4.180000000000064,-1.0287081339712807,-0.9401913875598096,0.019138755980843546,-1.0574162679425851,-430.0000000000018,1816.635,1816.975,1830.455,13.565000000000055,1,1844.02
D4_G_long_1h_pivot,1,2023-10-05 13:00:00+00:00,2023-10-05 12:59:00+00:00,1823.185,1819.555,2023-10-05 13:24:00+00:00,stop,-3.3799999999998818,-3.749999999999836,3.6299999999998818,-1.033057851239658,-0.9311294765840198,0.17079889807166349,-1.0385674931129765,-374.99999999998363,1816.475,1819.565,1829.105,10.643571428571477,1,1839.7485714285715
D4_G_long_1h_pivot,1,2023-10-10 22:00:00+00:00,2023-10-10 21:59:00+00:00,1860.298,1858.005,2023-10-10 23:59:00+00:00,close_exit,-0.4230000000000018,-0.7929999999999564,2.2929999999998927,-0.3458351504579126,-0.18447448757087728,0.05102485826426833,-0.4853903183602741,-79.29999999999563,1852.888,1858.015,1862.665,5.504500000000007,1,1868.1695
D4_G_long_1h_pivot,1,2023-10-16 17:00:00+00:00,2023-10-16 16:59:00+00:00,1921.655,1914.355,2023-10-16 19:59:00+00:00,close_exit,-2.4300000000000637,-2.800000000000018,7.2999999999999545,-0.3835616438356213,-0.3328767123287779,0.14383561643835083,-0.4383561643835706,-280.0000000000018,1908.085,1914.365,1924.428,11.109666666666726,1,1935.5376666666668
D4_G_long_1h_pivot,1,2023-10-17 16:00:00+00:00,2023-10-17 15:59:00+00:00,1924.195,1918.905,2023-10-17 18:59:00+00:00,close_exit,-4.240000000000009,-4.609999999999964,5.289999999999964,-0.8714555765595455,-0.8015122873346008,0.4933837429111806,-0.8714555765595334,-460.99999999999636,1914.145,1918.915,1926.518,8.965857142857203,2,1935.4838571428572
D4_G_long_1h_pivot,1,2023-10-20 21:00:00+00:00,2023-10-20 20:59:00+00:00,1979.845,1974.2450000000001,2023-10-22 23:00:00+00:00,stop,-5.349999999999909,-12.85099999999995,5.599999999999909,-2.2948214285714568,-0.9553571428571421,0.34107142857144873,-2.675000000000047,-1285.099999999995,1973.185,1974.255,1997.135,23.307999999999993,1,2020.443
D4_G_long_1h_pivot,1,2023-10-23 14:00:00+00:00,2023-10-23 13:59:00+00:00,1977.715,1975.138,2023-10-23 14:35:00+00:00,stop,-2.326999999999998,-2.6969999999999525,2.576999999999998,-1.0465657741559777,-0.902987970508343,0.8587504850602229,-1.559953434225838,-269.69999999999527,1964.275,1975.148,1982.725,8.664299999999912,1,1991.3892999999998
D4_G_long_1h_pivot,1,2023-10-24 00:00:00+00:00,2023-10-23 23:59:00+00:00,1973.085,1971.065,2023-10-24 09:46:00+00:00,stop,-1.7699999999999818,-2.139999999999936,2.019999999999982,-1.0594059405940373,-0.8762376237623751,3.7871287128712536,-1.617326732673308,-213.9999999999936,1970.025,1971.075,1979.225,8.674999999999727,1,1987.8999999999996
D4_G_long_1h_pivot,1,2023-10-25 02:00:00+00:00,2023-10-25 01:59:00+00:00,1974.675,1969.835,2023-10-25 03:59:00+00:00,close_exit,-1.8399999999999181,-2.2099999999998725,4.839999999999918,-0.45661157024791527,-0.38016528925618787,0.46074380165290413,-0.7163223140495723,-220.99999999998724,1953.404,1969.845,1977.485,14.216399999999794,1,1991.7013999999997
D4_G_long_1h_pivot,1,2023-10-27 04:00:00+00:00,2023-10-27 03:59:00+00:00,1986.745,1982.785,2023-10-27 11:50:00+00:00,stop,-3.709999999999809,-4.079999999999764,3.959999999999809,-1.0303030303030203,-0.9368686868686839,0.7803030303031047,-1.2929292929293277,-407.99999999997635,1982.235,1982.795,1986.665,4.009999999999991,2,1990.675
D4_G_long_1h_pivot,1,2023-10-30 01:00:00+00:00,2023-10-30 00:59:00+00:00,2004.785,1996.804,2023-10-30 02:59:00+00:00,close_exit,-1.75,-2.1199999999999544,7.9809999999999945,-0.2656308733241393,-0.2192707680741763,0.10900889612829112,-0.36461596291192633,-211.99999999999542,1976.755,1996.814,2009.395,17.595749999999953,1,2026.99075
D4_G_long_1h_pivot,1,2023-10-30 17:00:00+00:00,2023-10-30 16:59:00+00:00,1999.038,1991.818,2023-10-31 03:57:00+00:00,stop,-6.970000000000027,-7.339999999999982,7.220000000000027,-1.016620498614952,-0.9653739612188367,0.10623268698061632,-1.0087257617728358,-733.9999999999982,1990.835,1991.828,2002.435,10.772500000000036,1,2013.2075
D4_G_long_1h_pivot,1,2023-11-03 04:00:00+00:00,2023-11-03 03:59:00+00:00,1985.995,1983.145,2023-11-03 11:59:00+00:00,close_exit,1.800000000000182,1.4300000000002273,2.849999999999909,0.5017543859650081,0.6315789473685051,1.4666666666667358,-0.5652631578947115,143.00000000002274,1978.775,1983.155,1986.528,6.7796666666665715,1,1993.3076666666666
D4_G_long_1h_pivot,1,2023-11-09 06:00:00+00:00,2023-11-09 05:59:00+00:00,1950.325,1947.725,2023-11-09 08:11:00+00:00,stop,-2.3500000000001364,-2.720000000000091,2.6000000000001364,-1.0461538461538262,-0.9038461538461589,0.038461538461501465,-1.0653846153845525,-272.0000000000091,1947.325,1947.735,1954.505,6.9066666666667516,1,1961.4116666666669
D4_G_long_1h_pivot,1,2023-11-13 06:00:00+00:00,2023-11-13 05:59:00+00:00,1939.228,1933.885,2023-11-13 14:11:00+00:00,stop,-5.093000000000075,-5.463000000000029,5.343000000000075,-1.0224592925322764,-0.9532098072244064,0.3587871982032359,-1.0318173310874172,-546.3000000000029,1933.845,1933.895,1941.748,7.8904999999999745,2,1949.6385
D4_G_long_1h_pivot,1,2023-11-16 00:00:00+00:00,2023-11-15 23:59:00+00:00,1960.555,1958.915,2023-11-16 00:59:00+00:00,close_exit,-0.7799999999999727,-1.1499999999999273,1.6400000000001,-0.7012195121950349,-0.4756097560975153,0.4573170731707038,-0.948170731707298,-114.99999999999272,1955.325,1958.925,1964.358,8.432999999999993,1,1972.791
D4_G_long_1h_pivot,1,2023-11-21 12:00:00+00:00,2023-11-21 11:59:00+00:00,1987.415,1984.148,2023-11-21 14:39:00+00:00,target,18.15161111111115,17.83161111111115,3.2670000000000528,5.458099513654993,5.556048702513271,5.491276400367237,-0.2601775329047736,1783.1611111111151,1965.355,1984.158,1994.215,11.101611111111197,1,2005.3166111111111
D4_G_long_1h_pivot,1,2023-11-22 12:00:00+00:00,2023-11-22 11:59:00+00:00,2000.825,1999.005,2023-11-22 13:30:00+00:00,stop,-1.5699999999999363,-1.939999999999891,1.8199999999999363,-1.0659340659340433,-0.8626373626373578,1.2527472527472816,-1.4175824175825522,-193.9999999999891,1995.358,1999.015,2006.318,7.825428571428574,1,2014.1434285714286
D4_G_long_1h_pivot,1,2023-11-23 18:29:00+00:00,2023-11-23 18:28:00+00:00,1992.805,1989.705,2023-11-27 01:17:00+00:00,target,15.234235294117525,14.914235294117525,3.1000000000001364,4.811043643263506,4.914269449715114,4.961290322580389,-0.47322580645162377,1491.4235294117525,1988.415,1989.715,1998.408,9.381235294117687,2,2007.7892352941176
D4_G_long_1h_pivot,1,2023-11-29 17:00:00+00:00,2023-11-29 16:59:00+00:00,2042.285,2036.99,2023-11-29 19:07:00+00:00,target,7.073999999999842,6.7539999999998415,5.295000000000073,1.2755429650613312,1.3359773371104333,1.3131255901793488,-0.14542020774314848,675.3999999999842,2035.205,2037.0,2042.875,6.233999999999924,1,2049.109
D4_G_long_1h_pivot,1,2023-11-30 00:00:00+00:00,2023-11-29 23:59:00+00:00,2044.845,2042.6680000000001,2023-11-30 01:59:00+00:00,close_exit,-1.3500000000001364,-1.720000000000091,2.1769999999999072,-0.7900780891135344,-0.6201194304089086,0.8819476343592809,-0.8314193844740572,-172.0000000000091,2037.0,2042.678,2049.438,7.706333333333305,2,2057.1443333333336
D4_G_long_1h_pivot,1,2023-11-30 21:00:00+00:00,2023-11-30 20:59:00+00:00,2036.375,2033.565,2023-12-01 07:59:00+00:00,close_exit,3.269999999999982,2.9000000000000274,2.8099999999999454,1.0320284697509194,1.1637010676156745,2.4733096085409896,-0.5800711743772743,290.00000000000273,2031.258,2033.575,2041.235,8.239249999999856,1,2049.4742499999998
D4_G_long_1h_pivot,1,2023-12-04 11:00:00+00:00,2023-12-04 10:59:00+00:00,2068.455,2057.6749999999997,2023-12-04 13:50:00+00:00,stop,-10.5300000000002,-10.900000000000382,10.7800000000002,-1.0111317254174563,-0.9768089053803344,0.30519480519479614,-1.1716141001855171,-1090.0000000000382,2033.805,2057.685,2145.135,98.76157894736866,1,2243.8965789473687
D4_G_long_1h_pivot,1,2023-12-05 07:00:00+00:00,2023-12-05 06:59:00+00:00,2033.665,2030.344,2023-12-05 07:59:00+00:00,close_exit,-0.8299999999999272,-1.1999999999998818,3.3209999999999127,-0.3613369467027743,-0.24992472146942157,0.3592291478470385,-0.77988557663354,-119.99999999998818,2019.925,2030.354,2041.155,14.277333333333218,1,2055.432333333333
D4_G_long_1h_pivot,1,2023-12-06 02:00:00+00:00,2023-12-06 01:59:00+00:00,2020.985,2017.088,2023-12-06 04:59:00+00:00,close_exit,1.1900000000000546,0.8200000000001,3.8969999999999345,0.21041827046448902,0.3053630998203938,0.8134462406980051,-0.3518090839106724,82.00000000001,2009.855,2017.098,2020.775,5.746428571428623,1,2026.5214285714287
D4_G_long_1h_pivot,1,2023-12-06 12:00:00+00:00,2023-12-06 11:59:00+00:00,2021.515,2020.065,2023-12-07 14:59:00+00:00,close_exit,5.019999999999982,4.650000000000027,1.4500000000000455,3.206896551724056,3.4620689655171204,12.595172413792653,-0.4344827586207513,465.00000000000273,2017.098,2020.075,2035.785,16.305399999999963,2,2052.0904
D4_G_long_1h_pivot,1,2023-12-11 07:00:00+00:00,2023-12-11 06:59:00+00:00,1999.065,1994.755,2023-12-11 07:55:00+00:00,stop,-4.059999999999945,-4.4299999999999,4.309999999999945,-1.0278422273781802,-0.9419953596287696,0.33642691415314707,-1.0039443155452559,-442.99999999999,1994.555,1994.765,2007.705,13.023999999999887,1,2020.7289999999998
D4_G_long_1h_pivot,1,2023-12-12 05:00:00+00:00,2023-12-12 04:59:00+00:00,1985.835,1981.885,2023-12-12 08:59:00+00:00,close_exit,-1.8800000000001091,-2.2500000000000635,3.9500000000000455,-0.5696202531645664,-0.4759493670886297,0.8025316455696294,-0.5594936708860787,-225.00000000000634,1975.725,1981.895,1989.415,9.28285714285721,1,1998.6978571428572
D4_G_long_1h_pivot,1,2023-12-12 12:00:00+00:00,2023-12-12 11:59:00+00:00,1988.548,1982.605,2023-12-12 13:30:00+00:00,target,7.302714285714501,6.982714285714501,5.942999999999984,1.1749477176029817,1.2287925771015515,1.3590779067810905,-0.48292108362778036,698.2714285714501,1981.895,1982.615,1989.005,6.5957142857143936,2,1995.6007142857145
D4_G_long_1h_pivot,1,2023-12-13 02:00:00+00:00,2023-12-13 01:59:00+00:00,1980.305,1978.775,2023-12-13 02:07:00+00:00,stop,-1.2799999999999727,-1.6499999999999273,1.5299999999999727,-1.0784313725489914,-0.8366013071895396,0.01960784313723742,-1.1176470588235732,-164.99999999999272,1977.115,1978.785,1980.965,3.181999999999789,1,1984.1469999999997
D4_G_long_1h_pivot,1,2023-12-13 18:00:00+00:00,2023-12-13 17:59:00+00:00,1982.295,1978.325,2023-12-13 19:03:00+00:00,target,14.115999999999758,13.795999999999758,3.9700000000000273,3.4750629722921067,3.555667506297144,3.7556675062971667,-0.6851385390428233,1379.5999999999758,1972.935,1978.335,1986.648,9.51299999999992,1,1996.1609999999998
D4_G_long_1h_pivot,1,2023-12-14 21:00:00+00:00,2023-12-14 20:59:00+00:00,2036.515,2029.005,2023-12-15 13:42:00+00:00,stop,-7.259999999999991,-7.629999999999946,7.509999999999991,-1.0159786950732297,-0.9667110519307589,1.105193075898797,-1.2769640479361062,-762.9999999999945,2027.445,2029.015,2047.775,20.016000000000076,1,2067.791
D4_G_long_1h_pivot,1,2023-12-18 02:00:00+00:00,2023-12-18 01:59:00+00:00,2019.535,2015.875,2023-12-18 17:48:00+00:00,target,8.14666666666676,7.82666666666676,3.660000000000082,2.1384335154826735,2.225865209471743,2.882513661202109,-0.23961748633884167,782.6666666666761,2015.515,2015.885,2021.535,5.896666666666761,1,2027.4316666666668
D4_G_long_1h_pivot,1,2023-12-19 07:00:00+00:00,2023-12-19 06:59:00+00:00,2024.975,2021.595,2023-12-19 16:35:00+00:00,target,21.935000000000173,21.615000000000173,3.3799999999998818,6.394970414201458,6.48964497041448,6.488165680473618,-0.6420118343195034,2161.5000000000173,2020.225,2021.605,2033.615,13.045000000000073,2,2046.66
D4_G_long_1h_pivot,1,2023-12-21 21:00:00+00:00,2023-12-21 20:59:00+00:00,2044.255,2037.365,2023-12-22 06:59:00+00:00,close_exit,3.589999999999918,3.219999999999964,6.8900000000001,0.467343976777927,0.5210449927430865,1.541364296081239,-0.0663280116110451,321.99999999999636,2032.028,2037.375,2045.835,12.73759999999993,1,2058.5726
D4_G_long_1h_pivot,1,2023-12-22 09:00:00+00:00,2023-12-22 08:59:00+00:00,2051.555,2047.005,2023-12-22 13:53:00+00:00,target,17.564545454545623,17.244545454545623,4.549999999999727,3.790009990010254,3.8603396603399287,3.862197802198104,-0.049890109890082496,1724.4545454545623,2037.375,2047.015,2054.875,13.99454545454546,2,2068.8695454545455
D4_G_long_1h_pivot,1,2023-12-27 07:00:00+00:00,2023-12-27 06:59:00+00:00,2065.198,2063.9849999999997,2023-12-27 10:29:00+00:00,stop,-0.9630000000001928,-1.3330000000003748,1.2130000000001928,-1.0989282769993098,-0.793899422918417,3.3033800494636645,-1.329760923330233,-133.30000000003747,2063.825,2063.995,2067.755,3.887500000000273,2,2071.6425000000004
D4_G_long_1h_pivot,1,2023-12-29 21:00:00+00:00,2023-12-29 20:59:00+00:00,2063.305,2061.055,2023-12-29 21:57:00+00:00,close_exit,-0.3269999999997708,-0.6969999999999528,2.25,-0.3097777777777568,-0.14533333333323148,0.1111111111111111,-0.42977777777761933,-69.69999999999527,2058.105,2061.065,2068.065,7.592000000000098,1,2075.657
D4_G_long_1h_pivot,1,2024-01-02 03:00:00+00:00,2024-01-02 02:59:00+00:00,2067.948,2062.265,2024-01-02 05:47:00+00:00,target,6.451000000000022,6.1310000000000215,5.682999999999993,1.0788316030265757,1.1351398909026975,1.1925039591765005,-0.2644729896181073,613.1000000000022,2061.065,2062.275,2067.728,6.420999999999822,2,2074.149
D4_G_long_1h_pivot,1,2024-01-03 00:00:00+00:00,2024-01-02 23:59:00+00:00,2059.705,2057.9049999999997,2024-01-03 08:59:00+00:00,close_exit,0.45299999999997453,0.08299999999979263,1.800000000000182,0.04611111111099125,0.25166666666662707,3.405555555555272,-0.5,8.299999999979264,2055.818,2057.915,2067.515,11.277599999999893,1,2078.7925999999998
D4_G_long_1h_pivot,1,2024-01-05 02:00:00+00:00,2024-01-05 01:59:00+00:00,2046.315,2042.715,2024-01-05 03:59:00+00:00,close_exit,-0.8300000000001546,-1.2000000000001092,3.6000000000001364,-0.333333333333351,-0.23055555555558976,0.4138888888888757,-0.45277777777779094,-120.00000000001091,2036.155,2042.725,2047.625,10.648750000000064,1,2058.2737500000003
D4_G_long_1h_pivot,1,2024-01-09 00:00:00+00:00,2024-01-08 23:59:00+00:00,2030.915,2025.968,2024-01-09 04:59:00+00:00,close_exit,2.130000000000109,1.7600000000001546,4.946999999999889,0.3557711744492003,0.43056397816861874,0.982413583990345,-0.06064281382655372,176.00000000001546,2016.604,2025.978,2036.778,14.966222222222086,1,2051.744222222222
D4_G_long_1h_pivot,1,2024-01-10 04:00:00+00:00,2024-01-10 03:59:00+00:00,2029.095,2027.135,2024-01-10 05:43:00+00:00,stop,-1.7100000000000364,-2.0799999999999907,1.9600000000000364,-1.061224489795894,-0.8724489795918391,0.7346938775510347,-1.00357142857146,-207.99999999999906,2026.015,2027.145,2031.945,5.788749999999936,1,2037.7337499999999
D4_G_long_1h_pivot,1,2024-01-11 12:00:00+00:00,2024-01-11 11:59:00+00:00,2034.485,2030.115,2024-01-11 12:59:00+00:00,close_exit,-1.9199999999998454,-2.2899999999997998,4.369999999999891,-0.5240274599542006,-0.4393592677345294,0.10297482837529902,-0.6606407322654498,-228.99999999997996,2020.395,2030.125,2035.655,7.02692307692314,1,2042.681923076923
D4_G_long_1h_pivot,1,2024-01-15 01:00:00+00:00,2024-01-15 00:59:00+00:00,2048.025,2041.315,2024-01-15 18:59:00+00:00,close_exit,6.502999999999702,6.1329999999995195,6.710000000000036,0.9140089418777178,0.9691505216094883,1.5618479880774905,-0.09239940387483082,613.299999999952,2032.698,2041.325,2062.145,22.810846153846114,2,2084.9558461538463
D4_G_long_1h_pivot,1,2024-01-17 03:00:00+00:00,2024-01-17 02:59:00+00:00,2029.045,2025.505,2024-01-17 03:38:00+00:00,stop,-3.2899999999999636,-3.659999999999918,3.5399999999999636,-1.0338983050847332,-0.9293785310734456,0.0,-1.0508474576271372,-365.9999999999918,2024.165,2025.515,2030.045,5.610000000000127,1,2035.6550000000002
D4_G_long_1h_pivot,1,2024-01-18 12:00:00+00:00,2024-01-18 11:59:00+00:00,2012.755,2008.065,2024-01-18 13:30:00+00:00,stop,-4.440000000000055,-4.810000000000009,4.690000000000055,-1.0255863539445529,-0.946695095948828,0.9381663113005997,-1.189765458422194,-481.0000000000009,2005.705,2008.075,2014.045,7.1550000000002,2,2021.2000000000003
D4_G_long_1h_pivot,1,2024-01-19 18:00:00+00:00,2024-01-19 17:59:00+00:00,2029.205,2023.025,2024-01-22 04:59:00+00:00,close_exit,-3.5499999999999545,-3.919999999999909,6.179999999999836,-0.6343042071197431,-0.5744336569579367,0.45307443365699934,-0.7508090614886724,-391.9999999999909,2020.325,2023.035,2039.278,16.784999999999854,2,2056.063
D4_G_long_1h_pivot,1,2024-01-22 22:00:00+00:00,2024-01-22 21:59:00+00:00,2021.355,2019.045,2024-01-23 01:59:00+00:00,close_exit,0.4700000000000273,0.10000000000007275,2.3099999999999454,0.04329004329007581,0.20346320346322008,0.7229437229437715,-0.7965367965367799,10.000000000007276,2016.448,2019.055,2026.438,9.468599999999924,1,2035.9066
D4_G_long_1h_pivot,1,2024-01-24 08:00:00+00:00,2024-01-24 07:59:00+00:00,2029.715,2022.715,2024-01-24 15:03:00+00:00,stop,-6.75,-7.119999999999955,7.0,-1.0171428571428507,-0.9642857142857143,0.9800000000000182,-1.5128571428571311,-711.9999999999955,2022.565,2022.725,2030.558,7.9639090909090555,2,2038.521909090909
D4_G_long_1h_pivot,1,2024-01-25 20:00:00+00:00,2024-01-25 19:59:00+00:00,2017.898,2012.405,2024-01-26 07:59:00+00:00,close_exit,3.637000000000171,3.2670000000002166,5.492999999999938,0.5947569634080199,0.6621154196250159,1.1336246131440304,-0.19169852539593946,326.70000000002165,2009.455,2012.415,2025.175,14.980000000000018,1,2040.155
D4_G_long_1h_pivot,1,2024-01-26 12:00:00+00:00,2024-01-26 11:59:00+00:00,2023.545,2018.095,2024-01-26 15:01:00+00:00,stop,-5.2000000000000455,-5.57,5.4500000000000455,-1.0220183486238448,-0.9541284403669729,0.5816513761467558,-1.0348623853211107,-557.0,2012.415,2018.105,2024.125,9.054666666666662,2,2033.1796666666667
D4_G_long_1h_pivot,1,2024-01-30 05:00:00+00:00,2024-01-30 04:59:00+00:00,2031.955,2029.735,2024-01-30 05:59:00+00:00,close_exit,0.38000000000010914,0.010000000000154607,2.2200000000000273,0.004504504504574092,0.17117117117121822,0.5900900900901607,-0.2117117117117214,1.0000000000154607,2020.485,2029.745,2035.145,10.0300000000002,1,2045.1750000000002
D4_G_long_1h_pivot,1,2024-01-30 14:00:00+00:00,2024-01-30 13:59:00+00:00,2037.898,2031.288,2024-01-30 15:22:00+00:00,stop,-6.3599999999999,-6.729999999999855,6.6099999999999,-1.0181543116490102,-0.9621785173978814,1.596066565809397,-1.191074130105891,-672.9999999999854,2029.745,2031.298,2040.285,9.677222222222326,2,2049.9622222222224
D4_G_long_1h_pivot,1,2024-01-30 21:00:00+00:00,2024-01-30 20:59:00+00:00,2036.128,2031.335,2024-01-31 01:59:00+00:00,close_exit,-1.3129999999998745,-1.682999999999829,4.792999999999893,-0.3511370749008693,-0.27394116419776837,0.5007302315877623,-0.3511370749009035,-168.2999999999829,2028.935,2031.345,2036.055,5.513333333333321,1,2041.5683333333334
D4_G_long_1h_pivot,1,2024-01-31 05:00:00+00:00,2024-01-31 04:59:00+00:00,2034.725,2032.725,2024-01-31 14:30:00+00:00,target,10.243142857143084,9.923142857143084,2.0,4.961571428571542,5.121571428571542,5.0750000000000455,-0.7799999999999727,992.3142857143084,2031.345,2032.735,2038.528,6.190142857142973,2,2044.718142857143
D4_G_long_1h_pivot,1,2024-02-02 05:00:00+00:00,2024-02-02 04:59:00+00:00,2055.215,2051.765,2024-02-02 05:59:00+00:00,close_exit,0.41899999999986903,0.04899999999968713,3.450000000000273,0.014202898550632826,0.12144927536227128,0.3417391304346491,-0.2686956521739308,4.8999999999687125,2029.905,2051.775,2065.348,27.632285714285672,1,2092.980285714286
D4_G_long_1h_pivot,1,2024-02-02 12:00:00+00:00,2024-02-02 11:59:00+00:00,2056.198,2052.5849999999996,2024-02-02 13:29:00+00:00,stop,-3.3630000000002838,-3.7330000000004655,3.6130000000002838,-1.0332133960697958,-0.9308054248546969,0.3728203708829509,-1.2814835316909192,-373.30000000004657,2051.775,2052.595,2056.855,4.494285714285979,2,2061.349285714286
D4_G_long_1h_pivot,1,2024-02-06 02:00:00+00:00,2024-02-06 01:59:00+00:00,2027.308,2023.655,2024-02-06 02:59:00+00:00,close_exit,-1.1330000000000382,-1.5029999999999928,3.65300000000002,-0.41144264987680934,-0.31015603613469256,0.0,-0.6742403503969209,-150.29999999999927,2014.835,2023.665,2027.465,7.111249999999927,1,2034.5762499999998
D4_G_long_1h_pivot,1,2024-02-07 11:00:00+00:00,2024-02-07 10:59:00+00:00,2033.365,2031.128,2024-02-07 12:31:00+00:00,stop,-1.98700000000008,-2.3570000000000344,2.23700000000008,-1.0536432722395843,-0.8882431828341569,1.046043808672255,-1.046043808672255,-235.70000000000343,2022.795,2031.138,2038.785,13.335409090909252,1,2052.1204090909096
D4_G_long_1h_pivot,1,2024-02-08 01:00:00+00:00,2024-02-08 00:59:00+00:00,2037.455,2033.595,2024-02-08 03:39:00+00:00,stop,-3.6099999999999,-3.9799999999998543,3.8599999999999,-1.0310880829015434,-0.93523316062176,0.3056994818653094,-1.1287564766839595,-397.99999999998545,2030.505,2033.605,2044.465,13.27111111111094,1,2057.736111111111
D4_G_long_1h_pivot,1,2024-02-09 08:00:00+00:00,2024-02-09 07:59:00+00:00,2033.708,2032.028,2024-02-09 08:13:00+00:00,stop,-1.4300000000000637,-1.8000000000000183,1.6800000000000637,-1.0714285714285416,-0.8511904761904818,0.15297619047608615,-1.23392857142858,-180.00000000000182,2031.785,2032.038,2034.978,3.091799999999921,2,2038.0698
D4_G_long_1h_pivot,1,2024-02-15 00:00:00+00:00,2024-02-14 23:59:00+00:00,1993.895,1989.525,2024-02-15 01:59:00+00:00,close_exit,-1.1900000000000546,-1.5600000000000092,4.369999999999891,-0.35697940503433595,-0.2723112128146646,0.06864988558351534,-0.3752860411899116,-156.0000000000009,1984.088,1989.535,1996.025,8.668800000000147,1,2004.6938000000002
D4_G_long_1h_pivot,1,2024-02-15 06:00:00+00:00,2024-02-15 05:59:00+00:00,1992.085,1990.165,2024-02-15 12:44:00+00:00,target,6.5933333333332484,6.273333333333248,1.9200000000000728,3.267361111110943,3.4340277777776036,3.322916666666479,-0.3072916666667308,627.3333333333248,1989.535,1990.175,1994.195,4.2333333333333485,2,1998.4283333333333
D4_G_long_1h_pivot,1,2024-02-20 03:00:00+00:00,2024-02-20 02:59:00+00:00,2017.795,2014.935,2024-02-20 09:07:00+00:00,target,5.7879999999997835,5.467999999999783,2.8600000000001273,1.911888111887951,2.023776223776058,1.954545454545339,-0.2937062937063315,546.7999999999784,2013.185,2014.945,2018.435,4.897999999999911,1,2023.3329999999999
D4_G_long_1h_pivot,1,2024-02-20 17:00:00+00:00,2024-02-20 16:59:00+00:00,2027.055,2025.305,2024-02-20 18:59:00+00:00,close_exit,0.25299999999992906,-0.11700000000002547,1.75,-0.06685714285715741,0.14457142857138802,0.988571428571439,-0.8685714285714182,-11.700000000002547,2014.945,2025.315,2030.695,6.120714285714257,2,2036.8157142857142
D4_G_long_1h_pivot,1,2024-02-21 12:00:00+00:00,2024-02-21 11:59:00+00:00,2028.415,2025.835,2024-02-21 14:59:00+00:00,close_exit,-0.7400000000000091,-1.1099999999999637,2.5799999999999272,-0.43023255813953293,-0.2868217054263682,1.1860465116279193,-0.5620155038760025,-110.99999999999636,2022.835,2025.845,2032.195,7.687777777777683,1,2039.8827777777776
D4_G_long_1h_pivot,1,2024-02-23 03:00:00+00:00,2024-02-23 02:59:00+00:00,2024.505,2022.675,2024-02-23 05:42:00+00:00,stop,-1.5800000000001546,-1.9500000000001092,1.8300000000001546,-1.065573770491773,-0.863387978142088,1.0601092896173023,-1.0273224043715576,-195.0000000000109,2019.555,2022.685,2025.928,3.869000000000142,1,2029.7970000000003
D4_G_long_1h_pivot,1,2024-02-26 04:00:00+00:00,2024-02-26 03:59:00+00:00,2032.705,2029.765,2024-02-26 04:59:00+00:00,close_exit,-0.2999999999999545,-0.6699999999999091,2.939999999999827,-0.22789115646256752,-0.10204081632652114,0.04081632653065486,-0.23469387755097543,-66.9999999999909,2015.955,2029.775,2041.285,17.03800000000001,1,2058.3230000000003
D4_G_long_1h_pivot,1,2024-02-26 09:00:00+00:00,2024-02-26 08:59:00+00:00,2034.215,2031.785,2024-02-26 10:54:00+00:00,stop,-2.1799999999998363,-2.5499999999997907,2.4299999999998363,-1.0493827160493672,-0.897119341563779,0.4567901234568733,-1.0329218106996543,-254.99999999997905,2029.775,2031.795,2034.128,2.7369999999998527,2,2036.8649999999998
D4_G_long_1h_pivot,1,2024-02-27 13:00:00+00:00,2024-02-27 12:59:00+00:00,2038.465,2034.515,2024-02-27 13:59:00+00:00,close_exit,-2.8969999999999345,-3.266999999999889,3.949999999999818,-0.8270886075949466,-0.7334177215190045,0.025316455696238235,-0.8430379746835647,-326.6999999999889,2024.975,2034.525,2039.375,5.91111111111104,1,2045.286111111111
D4_G_long_1h_pivot,1,2024-02-28 22:00:00+00:00,2024-02-28 21:59:00+00:00,2034.335,2030.728,2024-02-29 04:59:00+00:00,close_exit,0.9629999999999654,0.5930000000000109,3.606999999999971,0.16440255059606754,0.2669808705295185,0.7429997227613211,-0.16357083448853627,59.300000000001084,2024.355,2030.738,2037.805,10.613111111111039,1,2048.418111111111
D4_G_long_1h_pivot,1,2024-03-01 08:00:00+00:00,2024-03-01 07:59:00+00:00,2045.595,2043.305,2024-03-01 08:14:00+00:00,stop,-2.0399999999999636,-2.409999999999918,2.2899999999999636,-1.0524017467248716,-0.8908296943231424,0.0,-1.0698689956332246,-240.9999999999918,2042.765,2043.315,2046.755,3.660000000000082,1,2050.415
D4_G_long_1h_pivot,1,2024-03-08 06:00:00+00:00,2024-03-08 05:59:00+00:00,2157.925,2153.8849999999998,2024-03-08 13:31:00+00:00,target,16.89749999999958,16.57749999999958,4.040000000000418,4.103341584157887,4.182549504949958,5.876237623761714,-0.5314356435643978,1657.7499999999582,2147.825,2153.895,2163.475,11.097499999999854,1,2174.5724999999998
D4_G_long_1h_pivot,1,2024-03-11 21:00:00+00:00,2024-03-11 20:59:00+00:00,2182.335,2177.035,2024-03-12 02:59:00+00:00,close_exit,-3.0700000000001637,-3.4400000000003454,5.300000000000182,-0.6490566037736278,-0.5792452830188789,0.4320754716980915,-0.7188679245282669,-344.00000000003456,2174.695,2177.045,2185.595,9.959999999999582,1,2195.5549999999994
D4_G_long_1h_pivot,1,2024-03-13 07:00:00+00:00,2024-03-13 06:59:00+00:00,2159.605,2157.1879999999996,2024-03-13 08:59:00+00:00,close_exit,-1.2400000000002365,-1.6100000000004184,2.417000000000371,-0.6661150186181924,-0.5130326851468954,0.575093090608051,-0.7323127844434051,-161.00000000004184,2155.665,2157.198,2161.495,4.910199999999804,2,2166.4051999999997
D4_G_long_1h_pivot,1,2024-03-15 11:00:00+00:00,2024-03-15 10:59:00+00:00,2169.435,2165.1949999999997,2024-03-15 11:59:00+00:00,close_exit,-2.2799999999997453,-2.649999999999927,4.2400000000002365,-0.6249999999999479,-0.5377358490565137,0.0,-0.7877358490565941,-264.9999999999927,2160.485,2165.205,2169.975,5.949999999999818,2,2175.9249999999997
D4_G_long_1h_pivot,1,2024-03-18 16:00:00+00:00,2024-03-18 15:59:00+00:00,2158.478,2155.455,2024-03-18 16:04:00+00:00,stop,-2.7730000000001382,-3.14300000000032,3.0230000000001382,-1.0396956665564592,-0.9173006946741685,0.0,-1.2613298048296155,-314.300000000032,2151.435,2155.465,2163.455,8.258666666666613,1,2171.7136666666665
D4_G_long_1h_pivot,1,2024-03-19 04:00:00+00:00,2024-03-19 03:59:00+00:00,2161.695,2158.475,2024-03-19 05:07:00+00:00,stop,-2.9700000000002547,-3.3400000000004364,3.2200000000002547,-1.0372670807453952,-0.9223602484472111,0.11180124223591432,-1.0465838509317016,-334.00000000004366,2154.465,2158.485,2162.745,4.762499999999818,1,2167.5074999999997
D4_G_long_1h_pivot,1,2024-03-19 17:00:00+00:00,2024-03-19 16:59:00+00:00,2154.675,2148.2749999999996,2024-03-20 18:03:00+00:00,target,14.726666666666006,14.406666666666005,6.400000000000546,2.2510416666663713,2.301041666666367,2.4843749999997313,-0.8124999999999734,1440.6666666666006,2147.045,2148.285,2158.615,10.536666666666406,1,2169.151666666666
D4_G_long_1h_pivot,1,2024-03-21 11:00:00+00:00,2024-03-21 10:59:00+00:00,2207.845,2196.725,2024-03-21 13:47:00+00:00,stop,-10.86999999999989,-11.240000000000073,11.11999999999989,-1.0107913669064914,-0.9775179856115106,0.08093525179857013,-1.1303956834532223,-1124.0000000000073,2149.475,2196.735,2222.875,51.01368421052621,1,2273.888684210526
D4_G_long_1h_pivot,1,2024-03-22 05:00:00+00:00,2024-03-22 04:59:00+00:00,2173.755,2171.725,2024-03-22 06:48:00+00:00,stop,-1.7800000000002,-2.150000000000382,2.0300000000002,-1.0591133004926945,-0.8768472906404062,1.1921182266009036,-1.1773399014778778,-215.00000000003817,2166.264,2171.735,2185.965,15.324200000000019,1,2201.2892
D4_G_long_1h_pivot,1,2024-03-26 00:00:00+00:00,2024-03-25 23:59:00+00:00,2173.065,2170.6049999999996,2024-03-26 01:08:00+00:00,stop,-2.210000000000491,-2.580000000000673,2.460000000000491,-1.0487804878049423,-0.8983739837398577,0.4999999999999076,-1.0040650406503095,-258.0000000000673,2163.455,2170.615,2181.205,14.445384615384683,1,2195.6503846153846
D4_G_long_1h_pivot,1,2024-03-26 18:00:00+00:00,2024-03-26 17:59:00+00:00,2176.905,2171.5849999999996,2024-03-28 20:49:00+00:00,target,53.0337499999996,52.7137499999996,5.3200000000006185,9.908599624058922,9.968749999998765,11.110902255637745,-0.6823308270676104,5271.37499999996,2169.525,2171.595,2199.995,29.69374999999991,2,2229.68875
D4_G_long_1h_pivot,1,2024-04-03 05:00:00+00:00,2024-04-03 04:59:00+00:00,2285.235,2276.5539999999996,2024-04-03 05:59:00+00:00,close_exit,-1.3299999999999272,-1.7000000000001092,8.681000000000495,-0.19582997350535794,-0.15320815574240887,0.1915677917290538,-0.18546250431978292,-170.0000000000109,2250.785,2276.564,2288.185,20.213999999999942,1,2308.399
D4_G_long_1h_pivot,1,2024-04-09 19:00:00+00:00,2024-04-09 18:59:00+00:00,2347.445,2338.115,2024-04-10 13:30:00+00:00,stop,-9.080000000000382,-9.450000000000564,9.330000000000382,-1.0128617363344241,-0.9732047159699904,1.352625937834874,-1.5809217577705676,-945.0000000000564,2336.795,2338.125,2365.185,27.529411764705856,2,2392.714411764706
D4_G_long_1h_pivot,1,2024-04-10 21:00:00+00:00,2024-04-10 20:59:00+00:00,2329.875,2325.705,2024-04-11 01:59:00+00:00,close_exit,5.460000000000036,5.089999999999854,4.170000000000073,1.2206235011989846,1.3093525179855974,1.7505995203837061,-0.09832134292562286,508.99999999998545,2319.265,2325.715,2352.285,31.4074999999998,1,2383.6924999999997
D4_G_long_1h_pivot,1,2024-04-12 08:00:00+00:00,2024-04-12 07:59:00+00:00,2395.255,2382.6749999999997,2024-04-12 11:59:00+00:00,close_exit,3.019999999999982,2.6499999999998,12.580000000000382,0.21065182829886483,0.24006359300476074,0.42289348171697516,-0.20349761526231064,264.99999999998,2325.655,2382.685,2395.265,18.583157894736814,1,2413.8481578947367
D4_G_long_1h_pivot,1,2024-04-15 05:00:00+00:00,2024-04-15 04:59:00+00:00,2358.725,2348.245,2024-04-15 05:59:00+00:00,close_exit,-1.949999999999818,-2.32,10.480000000000018,-0.2213740458015263,-0.18606870229005865,0.0,-0.3024809160305408,-231.99999999999997,2333.755,2348.255,2372.435,32.879999999999654,1,2405.3149999999996
D4_G_long_1h_pivot,1,2024-04-17 16:00:00+00:00,2024-04-17 15:59:00+00:00,2390.625,2378.238,2024-04-17 17:32:00+00:00,stop,-12.137000000000171,-12.507000000000353,12.387000000000171,-1.0096875756841996,-0.9798175506579482,0.230079922499384,-1.2004520868652366,-1250.7000000000353,2372.575,2378.248,2394.165,18.753499999999804,1,2412.9184999999998
D4_G_long_1h_pivot,1,2024-04-19 01:00:00+00:00,2024-04-19 00:59:00+00:00,2380.045,2376.8349999999996,2024-04-19 01:07:00+00:00,stop,-2.960000000000491,-3.330000000000673,3.210000000000491,-1.0373831775701443,-0.9221183800623172,0.0,-1.1059190031151522,-333.0000000000673,2369.468,2376.845,2389.228,16.071500000000015,1,2405.2995
D4_G_long_1h_pivot,1,2024-04-19 12:00:00+00:00,2024-04-19 11:59:00+00:00,2381.235,2377.865,2024-04-19 12:04:00+00:00,stop,-3.1200000000003456,-3.4900000000005273,3.3700000000003456,-1.0356083086053915,-0.9258160237388801,0.0,-1.955786350148271,-349.00000000005275,2373.685,2377.875,2417.745,43.53625000000011,1,2461.28125
D4_G_long_1h_pivot,1,2024-04-23 10:00:00+00:00,2024-04-23 09:59:00+00:00,2303.365,2298.7079999999996,2024-04-23 10:11:00+00:00,stop,-4.407000000000153,-4.777000000000335,4.657000000000153,-1.0257676615847495,-0.9463173716985201,0.0,-1.1138071719990827,-477.70000000003347,2295.408,2298.718,2314.605,16.548999999999978,1,2331.154
D4_G_long_1h_pivot,1,2024-04-25 01:00:00+00:00,2024-04-25 00:59:00+00:00,2316.335,2313.5449999999996,2024-04-25 04:11:00+00:00,stop,-2.5400000000004184,-2.9100000000006,2.7900000000004184,-1.0430107526882306,-0.9103942652329884,2.025089605734496,-1.7455197132613478,-291.00000000006,2311.985,2313.555,2337.128,24.55425000000014,2,2361.6822500000003
D4_G_long_1h_pivot,1,2024-04-25 17:00:00+00:00,2024-04-25 16:59:00+00:00,2330.515,2312.7239999999997,2024-04-28 23:59:00+00:00,close_exit,4.2800000000002,3.9100000000000183,17.791000000000167,0.21977404305547646,0.2405710752627823,1.2311280984767603,-0.43055477488616617,391.0000000000018,2304.898,2312.734,2334.595,22.644600000000082,1,2357.2396
D4_G_long_1h_pivot,1,2024-04-29 17:00:00+00:00,2024-04-29 16:59:00+00:00,2337.945,2325.4449999999997,2024-04-30 03:59:00+00:00,close_exit,-6.539999999999964,-6.910000000000146,12.500000000000455,-0.5527999999999915,-0.523199999999978,0.6911999999999646,-0.8959999999999892,-691.0000000000146,2319.728,2325.455,2344.285,20.739000000000033,1,2365.024
D4_G_long_1h_pivot,1,2024-05-01 04:00:00+00:00,2024-05-01 03:59:00+00:00,2288.125,2285.5649999999996,2024-05-01 04:21:00+00:00,stop,-2.3100000000004,-2.680000000000582,2.5600000000004,-1.0468750000000637,-0.9023437500000152,0.03906249999995837,-1.3007812499997682,-268.0000000000582,2284.975,2285.575,2293.175,7.800000000000182,1,2300.9750000000004
D4_G_long_1h_pivot,1,2024-05-06 16:00:00+00:00,2024-05-06 15:59:00+00:00,2321.214,2314.475,2024-05-06 20:59:00+00:00,close_exit,3.951000000000022,3.58099999999984,6.739000000000033,0.5313844784092332,0.5862887668793594,0.8998367710342515,-0.5414749962902314,358.099999999984,2291.645,2314.485,2324.045,19.076666666666824,1,2343.121666666667
D4_G_long_1h_pivot,1,2024-05-07 21:00:00+00:00,2024-05-07 20:59:00+00:00,2314.805,2310.9449999999997,2024-05-08 02:33:00+00:00,stop,-3.6100000000001273,-3.980000000000309,3.8600000000001273,-1.0310880829016005,-0.9352331606217638,0.4948186528498047,-1.5362694300517203,-398.0000000000309,2309.818,2310.955,2323.528,13.48259999999982,1,2337.0105999999996
D4_G_long_1h_pivot,1,2024-05-09 01:00:00+00:00,2024-05-09 00:59:00+00:00,2308.945,2307.745,2024-05-09 01:26:00+00:00,stop,-0.9500000000002728,-1.3200000000004548,1.2000000000002728,-1.1000000000001289,-0.791666666666714,0.11666666666653404,-1.0058333333333835,-132.00000000004547,2306.685,2307.755,2320.945,13.801428571428914,2,2334.746428571429
D4_G_long_1h_pivot,1,2024-05-10 19:00:00+00:00,2024-05-10 18:59:00+00:00,2369.785,2356.4849999999997,2024-05-10 20:59:00+00:00,close_exit,-6.239999999999782,-6.609999999999964,13.300000000000182,-0.496992481202998,-0.46917293233080426,0.07744360902257037,-0.5759398496240413,-660.9999999999964,2306.615,2356.495,2378.365,30.4699999999998,1,2408.8349999999996
D4_G_long_1h_pivot,1,2024-05-14 11:00:00+00:00,2024-05-14 10:59:00+00:00,2345.948,2335.975,2024-05-14 15:01:00+00:00,target,10.28157142857117,9.961571428571169,9.972999999999956,0.9988540487888512,1.0309406827004126,1.1016745212072725,-0.9578862929910684,996.1571428571169,2334.695,2335.985,2345.798,10.18157142857126,2,2355.979571428571
D4_G_long_1h_pivot,1,2024-05-17 01:00:00+00:00,2024-05-17 00:59:00+00:00,2377.955,2375.778,2024-05-17 01:59:00+00:00,close_exit,0.15300000000024738,-0.21699999999993452,2.1770000000001346,-0.09967845659160363,0.07028020211310883,0.7211759301791762,-0.2618282039502406,-21.69999999999345,2370.845,2375.788,2383.645,11.152333333333445,1,2394.7973333333334
D4_G_long_1h_pivot,1,2024-05-20 10:00:00+00:00,2024-05-20 09:59:00+00:00,2440.205,2431.8379999999997,2024-05-20 11:59:00+00:00,close_exit,-3.75,-4.120000000000182,8.36700000000019,-0.4924106609298541,-0.4481893151667163,0.8139117963427502,-0.6880602366439502,-412.0000000000182,2416.415,2431.848,2449.985,20.709166666666988,2,2470.694166666667
D4_G_long_1h_pivot,1,2024-05-21 11:00:00+00:00,2024-05-21 10:59:00+00:00,2416.475,2408.4739999999997,2024-05-21 13:32:00+00:00,target,12.264000000000578,11.944000000000578,8.001000000000204,1.4928133983252436,1.5328083989501644,1.5635545556805275,-0.2062242219722596,1194.4000000000578,2406.158,2408.484,2417.905,10.584000000000287,1,2428.4890000000005
D4_G_long_1h_pivot,1,2024-05-21 22:00:00+00:00,2024-05-21 21:59:00+00:00,2420.615,2417.2279999999996,2024-05-22 01:59:00+00:00,close_exit,-0.07099999999991269,-0.4410000000000946,3.387000000000171,-0.1302037201063101,-0.020962503690554798,0.6905816356658632,-0.14201358134034334,-44.10000000000946,2408.484,2417.238,2433.838,18.987454545454966,2,2452.825454545455
D4_G_long_1h_pivot,1,2024-05-24 16:00:00+00:00,2024-05-24 15:59:00+00:00,2338.575,2335.055,2024-05-24 16:21:00+00:00,stop,-3.269999999999982,-3.6400000000001635,3.519999999999982,-1.034090909090961,-0.9289772727272724,0.44318181818193414,-1.0,-364.00000000001637,2325.265,2335.065,2343.735,10.63000000000011,1,2354.3650000000002
D4_G_long_1h_pivot,1,2024-05-27 11:00:00+00:00,2024-05-27 10:59:00+00:00,2343.435,2337.9649999999997,2024-05-28 07:59:00+00:00,close_exit,-1.4699999999998,-1.8399999999999819,5.470000000000255,-0.33638025594148013,-0.26873857404017026,2.733638025594018,-0.40219378427782737,-183.99999999999818,2331.765,2337.975,2347.485,11.768181818182256,1,2359.2531818181824
D4_G_long_1h_pivot,1,2024-05-28 22:00:00+00:00,2024-05-28 21:59:00+00:00,2361.265,2352.6749999999997,2024-05-29 01:59:00+00:00,close_exit,-3.299999999999727,-3.669999999999909,8.590000000000146,-0.42724097788123944,-0.38416763678692334,0.09778812572760551,-0.4714784633294131,-366.9999999999909,2340.155,2352.685,2363.975,17.554999999999836,1,2381.5299999999997
D4_G_long_1h_pivot,1,2024-05-29 06:00:00+00:00,2024-05-29 05:59:00+00:00,2358.388,2354.278,2024-05-29 07:05:00+00:00,stop,-3.8600000000001273,-4.2300000000003095,4.110000000000127,-1.0291970802920143,-0.9391727493917293,0.7024330900243507,-1.0420924574208683,-423.0000000000309,2352.685,2354.288,2362.105,8.733000000000175,2,2370.838
D4_G_long_1h_pivot,1,2024-05-29 20:00:00+00:00,2024-05-29 19:59:00+00:00,2338.368,2335.8849999999998,2024-05-29 20:59:00+00:00,close_exit,-1.4699999999998,-1.8399999999999819,2.4830000000001746,-0.741039065646336,-0.5920257752717264,0.3423278292387633,-0.8630688683044214,-183.99999999999818,2334.438,2335.895,2347.065,12.262749999999869,1,2359.32775
D4_G_long_1h_pivot,1,2024-05-31 12:00:00+00:00,2024-05-31 11:59:00+00:00,2344.125,2339.6049999999996,2024-05-31 13:54:00+00:00,target,11.50800000000072,11.18800000000072,4.520000000000437,2.4752212389379733,2.546017699114958,2.5249999999997583,-0.398230088495577,1118.800000000072,2336.845,2339.615,2346.945,8.438000000000557,1,2355.3830000000007
D4_G_long_1h_pivot,1,2024-06-04 00:00:00+00:00,2024-06-03 23:59:00+00:00,2350.895,2344.595,2024-06-04 00:59:00+00:00,close_exit,-0.1570000000001528,-0.5270000000003348,6.300000000000182,-0.08365079365084437,-0.024920634920658453,0.009523809523800587,-0.1968253968253565,-52.70000000003348,2325.535,2344.605,2354.565,15.408571428571577,2,2369.9735714285716
D4_G_long_1h_pivot,1,2024-06-05 10:00:00+00:00,2024-06-05 09:59:00+00:00,2332.795,2327.935,2024-06-05 16:37:00+00:00,target,23.011999999999716,22.691999999999716,4.860000000000127,4.669135802468955,4.73497942386813,4.699588477366162,-0.7092592592592646,2269.1999999999716,2325.785,2327.945,2341.535,14.021999999999935,2,2355.557
D4_G_long_1h_pivot,1,2024-06-06 22:00:00+00:00,2024-06-06 21:59:00+00:00,2375.625,2368.8849999999998,2024-06-06 23:59:00+00:00,close_exit,1.4600000000000364,1.0899999999998544,6.7400000000002365,0.16172106824923088,0.21661721068249037,0.19584569732939427,-0.09747774480714091,108.99999999998545,2353.305,2368.895,2378.408,18.86700000000019,1,2397.275
D4_G_long_1h_pivot,1,2024-06-11 13:00:00+00:00,2024-06-11 12:59:00+00:00,2307.795,2301.415,2024-06-11 13:27:00+00:00,target,7.4034999999998945,7.083499999999894,6.380000000000109,1.1102664576802153,1.1604231974921266,1.1932601880877272,-0.045454545454538975,708.3499999999894,2297.595,2301.425,2307.708,7.240499999999884,1,2314.9485
D4_G_long_1h_pivot,1,2024-06-11 20:00:00+00:00,2024-06-11 19:59:00+00:00,2313.988,2305.785,2024-06-12 05:59:00+00:00,close_exit,-1.1729999999997744,-1.5429999999999564,8.202999999999975,-0.1881019139339219,-0.1429964647080066,0.4291113007436295,-0.41497013287821616,-154.29999999999563,2301.425,2305.795,2319.865,16.5671428571427,2,2336.4321428571425
D4_G_long_1h_pivot,1,2024-06-20 01:00:00+00:00,2024-06-20 00:59:00+00:00,2329.515,2327.415,2024-06-20 01:59:00+00:00,close_exit,0.34300000000030195,-0.026999999999879953,2.099999999999909,-0.01285714285708625,0.16333333333348418,0.10000000000002165,-0.8985714285713323,-2.6999999999879956,2323.984,2327.425,2331.278,5.573499999999967,1,2336.8514999999998
D4_G_long_1h_pivot,1,2024-06-24 20:00:00+00:00,2024-06-24 19:59:00+00:00,2333.968,2326.7479999999996,2024-06-25 00:59:00+00:00,close_exit,-2.962999999999738,-3.33299999999992,7.220000000000255,-0.46163434903044354,-0.41038781163429827,0.08684210526314828,-0.5350415512464949,-333.299999999992,2323.205,2326.758,2333.765,9.671749999999975,2,2343.43675
D4_G_long_1h_pivot,1,2024-06-27 00:00:00+00:00,2024-06-26 23:59:00+00:00,2298.315,2296.825,2024-06-27 00:39:00+00:00,stop,-1.2400000000002365,-1.6100000000004184,1.4900000000002365,-1.0805369127517872,-0.8322147651006978,0.06040268456384647,-1.1409395973154384,-161.00000000004184,2293.464,2296.835,2304.035,9.447333333333063,1,2313.482333333333
D4_G_long_1h_pivot,1,2024-06-27 22:00:00+00:00,2024-06-27 21:59:00+00:00,2327.945,2322.345,2024-06-27 23:59:00+00:00,close_exit,-0.930000000000291,-1.300000000000473,5.600000000000364,-0.23214285714292654,-0.16607142857146975,0.0,-0.3874999999999878,-130.0000000000473,2296.425,2322.355,2330.825,14.952499999999873,1,2345.7774999999997
D4_G_long_1h_pivot,1,2024-06-28 18:00:00+00:00,2024-06-28 17:59:00+00:00,2330.148,2322.7349999999997,2024-06-30 23:04:00+00:00,stop,-7.163000000000466,-7.533000000000648,7.413000000000466,-1.0161877782274618,-0.9662754620261723,0.3331984351813901,-1.0310265749358625,-753.3000000000648,2319.645,2322.745,2339.635,17.200000000000273,2,2356.8350000000005
D4_G_long_1h_pivot,1,2024-07-01 18:00:00+00:00,2024-07-01 17:59:00+00:00,2328.328,2319.115,2024-07-02 12:59:00+00:00,close_exit,-7.492999999999938,-7.86300000000012,9.213000000000193,-0.8534679257570776,-0.8133072831867775,0.6382285900358174,-0.9153370237707388,-786.300000000012,2318.395,2319.125,2338.388,19.425222222222146,1,2357.813222222222
D4_G_long_1h_pivot,1,2024-07-02 20:00:00+00:00,2024-07-02 19:59:00+00:00,2328.568,2320.808,2024-07-03 13:36:00+00:00,target,25.604749999999967,25.284749999999967,7.760000000000218,3.2583440721648524,3.2995811855669133,3.267654639175162,-0.24265463917528513,2528.4749999999967,2318.945,2320.818,2336.668,17.254750000000058,1,2353.92275
D4_G_long_1h_pivot,1,2024-07-11 10:00:00+00:00,2024-07-11 09:59:00+00:00,2381.555,2378.365,2024-07-11 11:59:00+00:00,close_exit,0.8200000000001637,0.4499999999999818,3.1900000000000546,0.14106583072099502,0.2570532915360971,0.912225705329235,-0.3730407523511079,44.99999999999818,2370.235,2378.375,2382.858,5.500500000000102,2,2388.3585000000003
D4_G_long_1h_pivot,1,2024-07-15 05:00:00+00:00,2024-07-15 04:59:00+00:00,2411.758,2404.805,2024-07-15 06:59:00+00:00,close_exit,-3.5099999999997635,-3.8799999999999453,6.9529999999999745,-0.5580325039551215,-0.5048180641449412,0.2958435207824322,-0.5613404285919469,-387.99999999999454,2391.325,2404.815,2418.128,21.182166666666944,1,2439.310166666667
D4_G_long_1h_pivot,1,2024-07-17 14:00:00+00:00,2024-07-17 13:59:00+00:00,2473.515,2466.5679999999998,2024-07-17 15:12:00+00:00,stop,-6.697000000000116,-7.067000000000299,6.947000000000116,-1.0172736432992917,-0.96401324312653,1.4442205268460824,-1.3833309342161382,-706.7000000000298,2461.718,2466.578,2478.755,14.606999999999971,1,2493.362
D4_G_long_1h_pivot,1,2024-07-19 21:00:00+00:00,2024-07-19 20:59:00+00:00,2398.798,2395.5049999999997,2024-07-22 09:59:00+00:00,close_exit,2.187000000000353,1.817000000000171,3.29300000000012,0.5517764955967521,0.664136046158601,4.019738839963437,-0.3470999088975198,181.7000000000171,2393.675,2395.515,2408.275,13.679999999999836,1,2421.955
D4_G_long_1h_pivot,1,2024-07-23 17:00:00+00:00,2024-07-23 16:59:00+00:00,2405.588,2399.415,2024-07-23 18:59:00+00:00,close_exit,-0.49000000000023647,-0.8600000000004184,6.173000000000229,-0.1393163777742405,-0.07937793617369485,0.40660942815481455,-0.49732706949620115,-86.00000000004184,2388.135,2399.425,2411.908,15.708714285713995,1,2427.616714285714
D4_G_long_1h_pivot,1,2024-07-26 10:00:00+00:00,2024-07-26 09:59:00+00:00,2373.095,2365.0879999999997,2024-07-26 12:59:00+00:00,close_exit,0.2600000000002183,-0.10999999999996363,8.007000000000062,-0.013737979268135728,0.03247158736108608,0.31722243037347303,-0.36468090420876675,-10.999999999996362,2355.728,2365.098,2379.265,21.66300000000001,2,2400.928
D4_G_long_1h_pivot,1,2024-07-30 16:00:00+00:00,2024-07-30 15:59:00+00:00,2391.818,2385.595,2024-07-30 16:27:00+00:00,stop,-5.973000000000411,-6.343000000000593,6.223000000000411,-1.0192833038727582,-0.9598264502651481,0.08307890085164571,-1.2260967379076981,-634.3000000000593,2376.358,2385.605,2392.295,8.371272727272753,2,2400.666272727273
D4_G_long_1h_pivot,1,2024-08-01 22:00:00+00:00,2024-08-01 21:59:00+00:00,2446.315,2434.8179999999998,2024-08-02 02:16:00+00:00,stop,-11.247000000000298,-11.61700000000048,11.497000000000298,-1.0104375054362162,-0.9782551970079156,0.513177350613198,-1.000260937635879,-1161.700000000048,2430.075,2434.828,2462.125,29.40944444444449,1,2491.5344444444445
D4_G_long_1h_pivot,1,2024-08-05 04:00:00+00:00,2024-08-05 03:59:00+00:00,2442.848,2413.8979999999997,2024-08-05 11:55:00+00:00,stop,-28.700000000000273,-29.070000000000455,28.950000000000273,-1.0041450777202134,-0.9913644214162349,0.5460103626943038,-1.019343696027616,-2907.0000000000455,2410.664,2413.908,2447.345,34.24800000000005,1,2481.593
D4_G_long_1h_pivot,1,2024-08-07 11:00:00+00:00,2024-08-07 10:59:00+00:00,2394.405,2388.028,2024-08-07 16:59:00+00:00,close_exit,0.2929999999996653,-0.0770000000005166,6.3770000000004075,-0.012074643249256967,0.04594636976629239,1.9527991218439986,-0.4014426846479907,-7.70000000005166,2378.868,2388.038,2397.445,10.935333333333347,1,2408.3803333333335
D4_G_long_1h_pivot,1,2024-08-09 10:00:00+00:00,2024-08-09 09:59:00+00:00,2424.595,2416.805,2024-08-11 23:59:00+00:00,close_exit,5.960000000000036,5.589999999999854,7.789999999999964,0.7175866495506906,0.7650834403080955,1.5775353016688412,-0.46598202824129287,558.9999999999854,2402.205,2416.815,2428.845,15.68249999999989,2,2444.5274999999997
D4_G_long_1h_pivot,1,2024-08-13 13:00:00+00:00,2024-08-13 12:59:00+00:00,2465.898,2458.765,2024-08-13 14:43:00+00:00,target,7.912000000000262,7.592000000000262,7.133000000000266,1.0643488013458544,1.109210710780873,1.0818729847188218,-0.9925697462497776,759.2000000000262,2458.365,2458.775,2466.065,7.495000000000346,1,2473.5600000000004
D4_G_long_1h_pivot,1,2024-08-13 17:00:00+00:00,2024-08-13 16:59:00+00:00,2468.748,2458.808,2024-08-14 03:31:00+00:00,stop,-9.690000000000055,-10.060000000000237,9.940000000000055,-1.0120724346076642,-0.9748490945674045,0.3689134808853014,-1.1502012072434538,-1006.0000000000236,2458.775,2458.818,2472.344,13.536749999999756,2,2485.88075
D4_G_long_1h_pivot,1,2024-08-19 05:00:00+00:00,2024-08-19 04:59:00+00:00,2503.405,2494.8349999999996,2024-08-19 05:59:00+00:00,close_exit,-2.6200000000003456,-2.9900000000005273,8.570000000000618,-0.34889148191368863,-0.3057176196032855,0.13885647607928983,-0.5495915985997312,-299.00000000005275,2451.025,2494.845,2509.998,22.885941176470624,2,2532.8839411764707
D4_G_long_1h_pivot,1,2024-08-20 20:00:00+00:00,2024-08-20 19:59:00+00:00,2513.425,2500.6749999999997,2024-08-21 10:59:00+00:00,close_exit,-7.6270000000004075,-7.99700000000059,12.750000000000455,-0.6272156862745337,-0.5981960784313831,0.4996078431372285,-0.7074509803921302,-799.7000000000589,2497.235,2500.685,2531.558,31.9079999999999,1,2563.466
D4_G_long_1h_pivot,1,2024-08-22 08:00:00+00:00,2024-08-22 07:59:00+00:00,2507.608,2499.194,2024-08-22 12:38:00+00:00,stop,-8.164000000000215,-8.534000000000397,8.414000000000215,-1.0142619443784382,-0.9702876158782988,0.24364154979791713,-1.1543855478963567,-853.4000000000397,2493.698,2499.204,2518.995,23.602846153846258,1,2542.597846153846
D4_G_long_1h_pivot,1,2024-08-23 00:00:00+00:00,2024-08-22 23:59:00+00:00,2485.225,2478.415,2024-08-23 06:59:00+00:00,close_exit,6.79300000000012,6.422999999999938,6.809999999999945,0.9431718061673993,0.9975036710719787,1.5330396475771129,-0.05888399412626184,642.2999999999938,2470.705,2478.425,2485.885,12.092000000000098,1,2497.9770000000003
D4_G_long_1h_pivot,1,2024-08-28 10:00:00+00:00,2024-08-28 09:59:00+00:00,2508.305,2503.328,2024-08-28 11:48:00+00:00,stop,-4.726999999999862,-5.097000000000044,4.976999999999862,-1.0241109101868968,-0.9497689371107079,0.5967450271248417,-1.1733976290938022,-509.70000000000437,2503.325,2503.338,2528.888,25.55568749999975,1,2554.4436874999997
D4_G_long_1h_pivot,1,2024-08-28 20:00:00+00:00,2024-08-28 19:59:00+00:00,2508.128,2496.285,2024-08-29 13:59:00+00:00,close_exit,1.156999999999698,0.7869999999995161,11.843000000000302,0.06645275690276924,0.09769484083422009,1.3651101916743649,-0.4604407666976134,78.69999999995161,2493.515,2496.295,2510.505,16.295000000000073,1,2526.8
D4_G_long_1h_pivot,1,2024-08-30 08:00:00+00:00,2024-08-30 07:59:00+00:00,2517.915,2512.0249999999996,2024-08-30 11:59:00+00:00,close_exit,-2.436999999999898,-2.80700000000008,5.890000000000327,-0.47657045840406176,-0.4137521222410463,1.4957555178267328,-0.5008488964345762,-280.700000000008,2503.515,2512.035,2528.558,22.202999999999975,1,2550.761
D4_G_long_1h_pivot,1,2024-09-02 15:00:00+00:00,2024-09-02 14:59:00+00:00,2500.058,2496.9849999999997,2024-09-02 17:59:00+00:00,close_exit,0.6269999999999527,0.2569999999997708,3.07300000000032,0.08363163032858575,0.20403514480959564,0.750732183533859,-0.8112593556783855,25.69999999997708,2489.915,2496.995,2507.125,12.490000000000236,1,2519.6150000000002
D4_G_long_1h_pivot,1,2024-09-05 00:00:00+00:00,2024-09-04 23:59:00+00:00,2495.435,2491.4049999999997,2024-09-05 00:59:00+00:00,close_exit,0.5100000000002183,0.14000000000003637,4.0300000000002,0.034739454094300105,0.12655086848640024,0.33498759305207,-0.1265508684862874,14.000000000003638,2481.915,2491.415,2500.145,16.646666666666533,2,2516.7916666666665
D4_G_long_1h_pivot,1,2024-09-05 19:00:00+00:00,2024-09-05 18:59:00+00:00,2515.248,2503.7949999999996,2024-09-06 08:59:00+00:00,close_exit,1.4099999999998545,1.0399999999996725,11.45300000000043,0.09080590238362295,0.12311184842397639,0.5605518204837014,-0.20544835414301732,103.99999999996726,2493.665,2503.805,2523.448,22.408454545454333,1,2545.856454545454
D4_G_long_1h_pivot,1,2024-09-09 18:00:00+00:00,2024-09-09 17:59:00+00:00,2504.498,2493.1049999999996,2024-09-10 03:59:00+00:00,close_exit,-1.3530000000000655,-1.7230000000002474,11.393000000000484,-0.15123321337665008,-0.11875713157201861,0.2648117264987007,-0.45053980514351333,-172.30000000002474,2485.405,2493.115,2505.098,12.946750000000065,1,2518.04475
D4_G_long_1h_pivot,1,2024-09-10 09:00:00+00:00,2024-09-10 08:59:00+00:00,2502.845,2500.6079999999997,2024-09-10 09:32:00+00:00,stop,-1.98700000000008,-2.3570000000002618,2.23700000000008,-1.053643272239686,-0.8882431828341569,0.07733571747886589,-1.2610639248993347,-235.70000000002617,2493.115,2500.618,2507.515,10.1125714285713,2,2517.627571428571
D4_G_long_1h_pivot,1,2024-09-10 18:00:00+00:00,2024-09-10 17:59:00+00:00,2514.568,2500.9739999999997,2024-09-11 15:05:00+00:00,stop,-13.344000000000506,-13.714000000000688,13.594000000000506,-1.0088274238634822,-0.9816095336177733,1.053185228777363,-1.010960717963799,-1371.4000000000688,2500.024,2500.984,2515.268,14.44399999999996,1,2529.712
D4_G_long_1h_pivot,1,2024-09-13 10:00:00+00:00,2024-09-13 09:59:00+00:00,2570.095,2563.0249999999996,2024-09-13 12:59:00+00:00,close_exit,-2.6799999999998363,-3.050000000000018,7.070000000000164,-0.431400282885424,-0.37906647807634714,0.38613861386137976,-0.920933521923595,-305.0000000000018,2556.538,2563.035,2570.135,8.028142857143393,2,2578.1631428571436
D4_G_long_1h_pivot,1,2024-09-16 18:00:00+00:00,2024-09-16 17:59:00+00:00,2583.805,2575.935,2024-09-17 04:59:00+00:00,close_exit,-6.496999999999844,-6.867000000000026,7.869999999999891,-0.8725540025413114,-0.8255400254129521,0.2998729351969708,-0.9097839898348099,-686.7000000000025,2575.115,2575.945,2589.205,13.467499999999745,1,2602.6724999999997
D4_G_long_1h_pivot,1,2024-09-18 09:00:00+00:00,2024-09-18 08:59:00+00:00,2571.755,2565.705,2024-09-18 16:59:00+00:00,close_exit,-1.9400000000000546,-2.3100000000002363,6.050000000000182,-0.3818181818182094,-0.32066115702479275,1.4578512396693295,-0.6495867768595327,-231.00000000002362,2560.984,2565.715,2576.314,12.319363636363505,1,2588.6333636363634
D4_G_long_1h_pivot,1,2024-09-19 17:00:00+00:00,2024-09-19 16:59:00+00:00,2589.185,2569.615,2024-09-23 01:59:00+00:00,close_exit,29.300000000000182,28.93,19.570000000000164,1.478283086356656,1.497189575881448,1.8594276954522135,-0.23152784874807927,2893.0,2551.005,2569.625,2594.775,31.35666666666657,2,2626.1316666666667
D4_G_long_1h_pivot,1,2024-09-24 00:00:00+00:00,2024-09-23 23:59:00+00:00,2627.534,2625.5649999999996,2024-09-24 00:59:00+00:00,close_exit,-1.0790000000001783,-1.4490000000003602,1.9690000000005057,-0.7359065515490036,-0.5479939055357548,0.0,-0.9395632300657358,-144.90000000003602,2619.894,2625.575,2634.715,13.197857142857629,2,2647.912857142858
D4_G_long_1h_pivot,1,2024-09-24 15:00:00+00:00,2024-09-24 14:59:00+00:00,2635.358,2623.2349999999997,2024-09-24 17:09:00+00:00,target,13.92950000000019,13.609500000000189,12.123000000000502,1.1226181638208055,1.1490142703950847,1.170997277901454,-0.08001319805330483,1360.950000000019,2622.475,2623.245,2636.045,12.992500000000291,1,2649.0375000000004
D4_G_long_1h_pivot,1,2024-09-25 05:00:00+00:00,2024-09-25 04:59:00+00:00,2661.635,2655.3349999999996,2024-09-25 05:59:00+00:00,close_exit,-2.587000000000444,-2.9570000000006256,6.300000000000637,-0.4693650793651312,-0.4106349206349496,0.0,-0.6507936507936428,-295.7000000000626,2623.245,2655.345,2664.204,21.20515384615419,2,2685.4091538461544
D4_G_long_1h_pivot,1,2024-09-26 04:00:00+00:00,2024-09-26 03:59:00+00:00,2658.205,2655.258,2024-09-26 11:50:00+00:00,target,17.24671428571446,16.92671428571446,2.9470000000001164,5.743710310727449,5.8522953124240855,5.7685782151338065,-0.21954530030536443,1692.671428571446,2649.715,2655.268,2662.855,12.34671428571437,1,2675.2017142857144
D4_G_long_1h_pivot,1,2024-09-27 05:00:00+00:00,2024-09-27 04:59:00+00:00,2673.805,2666.0649999999996,2024-09-27 06:30:00+00:00,stop,-7.4900000000002365,-7.860000000000419,7.7400000000002365,-1.0155038759690154,-0.9677002583979338,0.0,-1.2236434108526764,-786.0000000000418,2654.685,2666.075,2677.708,16.81027272727306,1,2694.518272727273
D4_G_long_1h_pivot,1,2024-09-30 05:00:00+00:00,2024-09-30 04:59:00+00:00,2653.638,2647.2749999999996,2024-09-30 08:59:00+00:00,close_exit,-2.569999999999709,-2.9399999999998907,6.363000000000284,-0.4620462046204243,-0.40389753261034017,1.077636335062025,-0.4793336476504151,-293.9999999999891,2643.111,2647.285,2665.858,19.16928571428616,1,2685.0272857142863
D4_G_long_1h_pivot,1,2024-10-01 22:00:00+00:00,2024-10-01 21:59:00+00:00,2663.255,2657.415,2024-10-01 23:59:00+00:00,close_exit,-1.1100000000001273,-1.4800000000003093,5.8400000000001455,-0.2534246575342932,-0.190068493150702,0.0,-0.3886986301369735,-148.00000000003092,2634.415,2657.425,2672.908,18.55099999999993,2,2691.459
D4_G_long_1h_pivot,1,2024-10-04 13:00:00+00:00,2024-10-04 12:59:00+00:00,2661.455,2656.745,2024-10-04 13:07:00+00:00,stop,-4.460000000000036,-4.830000000000219,4.710000000000036,-1.0254777070064078,-0.9469214437367308,0.0,-1.1125265392780768,-483.0000000000218,2654.178,2656.755,2667.675,11.950800000000072,2,2679.6258000000003
D4_G_long_1h_pivot,1,2024-10-07 00:00:00+00:00,2024-10-06 23:59:00+00:00,2650.844,2642.595,2024-10-07 06:37:00+00:00,stop,-7.999000000000251,-8.369000000000433,8.249000000000251,-1.0145472178446089,-0.9696932961571109,0.17020244878166488,-1.0012122681536868,-836.9000000000433,2641.755,2642.605,2650.605,8.283333333333303,2,2658.8883333333333
D4_G_long_1h_pivot,1,2024-10-07 19:00:00+00:00,2024-10-07 18:59:00+00:00,2648.085,2638.9849999999997,2024-10-08 02:05:00+00:00,stop,-8.850000000000364,-9.220000000000546,9.100000000000364,-1.0131868131868327,-0.9725274725274736,0.0978021978021799,-1.0967032967032548,-922.0000000000546,2637.688,2638.995,2653.675,15.551333333333332,1,2669.2263333333335
D4_G_long_1h_pivot,1,2024-10-09 07:00:00+00:00,2024-10-09 06:59:00+00:00,2619.825,2614.725,2024-10-09 07:18:00+00:00,stop,-4.849999999999909,-5.220000000000091,5.099999999999909,-1.023529411764742,-0.9509803921568619,0.0,-1.00137254901962,-522.0000000000091,2604.575,2614.735,2624.085,11.197272727272775,1,2635.282272727273
D4_G_long_1h_pivot,1,2024-10-10 21:00:00+00:00,2024-10-10 20:59:00+00:00,2629.298,2616.3549999999996,2024-10-10 23:59:00+00:00,close_exit,-0.9829999999997199,-1.3529999999999018,12.943000000000211,-0.10453527003012283,-0.07594838909060526,0.16510855288574025,-0.1006721780112696,-135.29999999999018,2601.734,2616.365,2629.564,21.977600000000166,1,2651.5416
D4_G_long_1h_pivot,1,2024-10-14 06:00:00+00:00,2024-10-14 05:59:00+00:00,2659.335,2643.048,2024-10-14 15:59:00+00:00,close_exit,-13.590000000000146,-13.960000000000328,16.287000000000262,-0.8571253146681466,-0.8344078099097395,0.452508135322636,-0.9056302572603772,-1396.0000000000327,2636.025,2643.058,2661.258,22.156062499999734,1,2683.4140624999995
D4_G_long_1h_pivot,1,2024-10-14 19:00:00+00:00,2024-10-14 18:59:00+00:00,2648.745,2643.825,2024-10-15 05:03:00+00:00,stop,-4.670000000000073,-5.040000000000255,4.920000000000073,-1.0243902439024757,-0.9491869918699195,0.9050813008129895,-1.0365853658536248,-504.00000000002547,2643.058,2643.835,2666.705,23.407923076922998,2,2690.112923076923
D4_G_long_1h_pivot,1,2024-10-15 15:00:00+00:00,2024-10-15 14:59:00+00:00,2648.764,2645.495,2024-10-16 01:59:00+00:00,close_exit,11.590999999999894,11.220999999999712,3.269000000000233,3.432548179871188,3.5457326399507707,6.130620985010182,-0.3331293973691845,1122.0999999999713,2637.955,2645.505,2656.645,12.398333333333085,1,2669.043333333333
D4_G_long_1h_pivot,1,2024-10-16 04:00:00+00:00,2024-10-16 03:59:00+00:00,2668.195,2658.548,2024-10-16 15:59:00+00:00,close_exit,4.109999999999673,3.739999999999491,9.64700000000039,0.3876852907638996,0.4260391831656999,1.772882761480141,-0.31616046439308165,373.99999999994907,2645.505,2658.558,2668.805,17.861249999999927,2,2686.6662499999998
D4_G_long_1h_pivot,1,2024-10-17 20:00:00+00:00,2024-10-17 19:59:00+00:00,2689.688,2683.785,2024-10-17 21:59:00+00:00,close_exit,3.23700000000008,2.8669999999998983,5.903000000000247,0.48568524479074676,0.5483652380145594,0.535321023208491,-0.149584956801665,286.6999999999898,2672.914,2683.795,2696.605,15.530249999999796,1,2712.13525
D4_G_long_1h_pivot,1,2024-10-18 00:00:00+00:00,2024-10-17 23:59:00+00:00,2692.705,2688.7949999999996,2024-10-18 00:59:00+00:00,close_exit,1.180000000000291,0.8100000000001091,3.9100000000003092,0.2071611253197046,0.3017902813299738,0.4066496163682915,-0.14066496163674774,81.00000000001091,2683.795,2688.805,2694.055,8.58999999999969,2,2702.6449999999995
D4_G_long_1h_pivot,1,2024-10-22 15:00:00+00:00,2024-10-22 14:59:00+00:00,2736.025,2729.428,2024-10-23 02:59:00+00:00,close_exit,2.619999999999891,2.249999999999709,6.597000000000207,0.3410641200545154,0.39715021979684834,1.9326966803091707,-0.3698650901925084,224.99999999997092,2714.165,2729.438,2739.238,10.818199999999706,1,2750.0561999999995
D4_G_long_1h_pivot,1,2024-10-23 22:00:00+00:00,2024-10-23 21:59:00+00:00,2715.264,2711.99,2024-10-24 08:15:00+00:00,target,21.499333333333652,21.179333333333652,3.274000000000342,6.468947261249676,6.566687029117717,6.623091020158056,-0.15271838729381423,2117.933333333365,2708.635,2712.0,2723.135,13.378333333333558,1,2736.513333333334
D4_G_long_1h_pivot,1,2024-10-24 18:00:00+00:00,2024-10-24 17:59:00+00:00,2733.788,2722.375,2024-10-25 03:59:00+00:00,close_exit,-5.29300000000012,-5.663000000000302,11.413000000000011,-0.49618855690881425,-0.4637693857881464,0.33733461841758566,-0.6819416454919736,-566.3000000000302,2712.0,2722.385,2743.175,21.336578947368253,2,2764.5115789473684
D4_G_long_1h_pivot,1,2024-10-29 01:00:00+00:00,2024-10-29 00:59:00+00:00,2745.898,2739.595,2024-10-29 10:59:00+00:00,close_exit,4.190000000000055,3.819999999999873,6.303000000000338,0.6060606060605533,0.664762811359643,1.8589560526731739,-0.0682214818340898,381.99999999998727,2727.715,2739.605,2745.788,13.749363636363341,1,2759.5373636363634
D4_G_long_1h_pivot,1,2024-11-01 10:00:00+00:00,2024-11-01 09:59:00+00:00,2751.505,2747.0449999999996,2024-11-01 10:34:00+00:00,stop,-4.210000000000491,-4.580000000000673,4.460000000000491,-1.0269058295964504,-0.9439461883408133,0.0515695067264558,-1.2107623318384522,-458.0000000000673,2731.415,2747.055,2757.535,11.522666666666737,1,2769.0576666666666
D4_G_long_1h_pivot,1,2024-11-04 11:00:00+00:00,2024-11-04 10:59:00+00:00,2738.675,2731.7549999999997,2024-11-04 17:11:00+00:00,stop,-6.6700000000005275,-7.04000000000071,6.9200000000005275,-1.0173410404624528,-0.9638728323699449,1.349710982658812,-1.0169075144508273,-704.0000000000709,2730.0,2731.765,2744.675,13.106111111111204,1,2757.7811111111114
D4_G_long_1h_pivot,1,2024-11-05 18:00:00+00:00,2024-11-05 17:59:00+00:00,2742.125,2732.8979999999997,2024-11-06 01:07:00+00:00,stop,-8.977000000000317,-9.347000000000499,9.227000000000317,-1.0130053105018075,-0.9729056031212755,0.4432643329359494,-1.0306708572667056,-934.7000000000498,2731.605,2732.908,2749.875,17.11177777777766,2,2766.9867777777777
D4_G_long_1h_pivot,1,2024-11-07 09:00:00+00:00,2024-11-07 08:59:00+00:00,2657.725,2652.625,2024-11-07 13:06:00+00:00,target,17.80060000000003,17.48060000000003,5.099999999999909,3.4275686274510475,3.4903137254902643,3.6431372549020113,-0.07647058823527052,1748.0600000000031,2643.134,2652.635,2661.105,14.170599999999922,1,2675.2756
D4_G_long_1h_pivot,1,2024-11-08 19:00:00+00:00,2024-11-08 18:59:00+00:00,2685.065,2682.7749999999996,2024-11-08 21:23:00+00:00,stop,-2.0400000000004184,-2.4100000000006,2.2900000000004184,-1.0524017467249607,-0.8908296943231641,1.4672489082967308,-1.034934497816357,-241.00000000006,2680.215,2682.785,2703.935,21.721111111110986,1,2725.656111111111
D4_G_long_1h_pivot,1,2024-11-11 08:00:00+00:00,2024-11-11 07:59:00+00:00,2669.705,2666.865,2024-11-11 09:20:00+00:00,stop,-2.5900000000001455,-2.9600000000003273,2.8400000000001455,-1.0422535211268225,-0.91197183098592,0.6654929577463999,-1.42957746478864,-296.00000000003274,2666.375,2666.875,2672.295,5.586666666666588,1,2677.8816666666667
D4_G_long_1h_pivot,1,2024-11-12 02:00:00+00:00,2024-11-12 01:59:00+00:00,2624.295,2618.5879999999997,2024-11-12 02:59:00+00:00,close_exit,-2.2200000000002547,-2.5900000000004364,5.707000000000335,-0.45382863150521896,-0.3889959698615953,0.1822323462414408,-0.692132468897852,-259.00000000004366,2610.515,2618.598,2626.075,11.518500000000131,1,2637.5935
D4_G_long_1h_pivot,1,2024-11-12 20:00:00+00:00,2024-11-12 19:59:00+00:00,2598.285,2592.2949999999996,2024-11-13 16:33:00+00:00,stop,-5.7400000000002365,-6.110000000000419,5.9900000000002365,-1.0200333889816657,-0.9582637729549265,3.396160267111769,-1.3288814691151456,-611.0000000000418,2589.508,2592.305,2616.885,25.778714285714614,1,2642.663714285715
D4_G_long_1h_pivot,1,2024-11-15 16:00:00+00:00,2024-11-15 15:59:00+00:00,2570.925,2560.995,2024-11-15 16:59:00+00:00,close_exit,-8.640000000000327,-9.01000000000051,9.930000000000291,-0.9073514602215755,-0.8700906344410951,0.22557905337358672,-0.9043303121852724,-901.0000000000509,2554.335,2561.005,2573.158,14.058714285713904,1,2587.216714285714
D4_G_long_1h_pivot,1,2024-11-18 09:00:00+00:00,2024-11-18 08:59:00+00:00,2585.765,2580.274,2024-11-19 02:43:00+00:00,target,38.00009090909134,37.68009090909134,5.4909999999999854,6.862154600089499,6.920431780930876,6.953196139136841,-0.38426516117276965,3768.009090909134,2559.408,2580.284,2597.155,26.360090909091014,1,2623.515090909091
D4_G_long_1h_pivot,1,2024-11-21 06:00:00+00:00,2024-11-21 05:59:00+00:00,2657.045,2650.274,2024-11-21 09:02:00+00:00,target,14.738249999999425,14.418249999999425,6.7710000000001855,2.1294121990841868,2.176672574213413,2.1459164082113937,-0.09452075025843377,1441.8249999999425,2645.295,2650.284,2660.285,11.248249999999643,2,2671.5332499999995
D4_G_long_1h_pivot,1,2024-11-26 10:00:00+00:00,2024-11-26 09:59:00+00:00,2626.085,2610.658,2024-11-27 13:54:00+00:00,target,31.854249999999865,31.534249999999865,15.427000000000135,2.044094768911622,2.0648376223503977,2.075128022298544,-0.6169054255525859,3153.4249999999865,2605.085,2610.668,2632.085,25.604249999999865,1,2657.68925
D4_G_long_1h_pivot,1,2024-11-28 18:00:00+00:00,2024-11-28 17:59:00+00:00,2641.085,2636.1549999999997,2024-11-28 19:28:00+00:00,close_exit,-3.619999999999891,-3.9900000000000726,4.930000000000291,-0.8093306288032124,-0.7342799188640319,0.04462474645026104,-0.7931034482757857,-399.0000000000073,2620.815,2636.165,2649.518,18.835142857142728,1,2668.3531428571428
D4_G_long_1h_pivot,1,2024-11-29 11:00:00+00:00,2024-11-29 10:59:00+00:00,2662.858,2654.368,2024-11-29 11:59:00+00:00,close_exit,-3.1130000000002838,-3.4830000000004655,8.490000000000236,-0.41024734982336497,-0.3666666666666899,0.16101295641928107,-0.4126030624263909,-348.30000000004657,2633.925,2654.378,2666.195,17.66071428571422,1,2683.8557142857144
D4_G_long_1h_pivot,1,2024-12-02 21:00:00+00:00,2024-12-02 20:59:00+00:00,2637.235,2633.415,2024-12-03 01:59:00+00:00,close_exit,-0.5500000000001819,-0.9200000000003639,3.8200000000001637,-0.24083769633516347,-0.1439790575916645,2.0654450261778887,-0.8560209424083355,-92.00000000003638,2622.765,2633.425,2651.648,20.731235294117596,1,2672.3792352941177
D4_G_long_1h_pivot,1,2024-12-03 04:00:00+00:00,2024-12-03 03:59:00+00:00,2640.625,2633.955,2024-12-03 14:31:00+00:00,target,14.100000000000364,13.780000000000364,6.670000000000073,2.0659670164917863,2.1139430284857887,2.234332833583153,-0.5457271364317591,1378.0000000000364,2633.425,2633.965,2644.175,10.300000000000182,2,2654.4750000000004
D4_G_long_1h_pivot,1,2024-12-03 22:00:00+00:00,2024-12-03 21:59:00+00:00,2643.475,2640.125,2024-12-03 23:59:00+00:00,close_exit,-0.6300000000001091,-1.000000000000291,3.349999999999909,-0.2985074626866622,-0.188059701492575,0.0,-0.7585074626865019,-100.0000000000291,2635.115,2640.135,2649.005,10.125,1,2659.13
D4_G_long_1h_pivot,1,2024-12-06 17:00:00+00:00,2024-12-06 16:59:00+00:00,2640.545,2623.854,2024-12-09 00:59:00+00:00,close_exit,-9.430000000000291,-9.800000000000473,16.69100000000026,-0.5871427715535511,-0.5649751363010093,0.45293870948414283,-0.7842549877179285,-980.0000000000473,2612.585,2623.864,2645.535,26.00907692307692,1,2671.544076923077
D4_G_long_1h_pivot,1,2024-12-09 03:00:00+00:00,2024-12-09 02:59:00+00:00,2646.175,2627.4449999999997,2024-12-09 14:31:00+00:00,target,23.228999999999814,22.908999999999814,18.730000000000473,1.2231179925253195,1.2402028830752392,1.2504004271222118,-0.62306460224238,2290.8999999999814,2623.864,2627.455,2648.105,21.048999999999978,2,2669.154
D4_G_long_1h_pivot,1,2024-12-11 12:00:00+00:00,2024-12-11 11:59:00+00:00,2696.614,2685.714,2024-12-11 16:33:00+00:00,target,21.522249999999985,21.202249999999985,10.900000000000091,1.945160550458698,1.9745183486238354,1.997247706422,-0.5761467889908393,2120.2249999999985,2674.345,2685.724,2697.538,20.348250000000007,1,2717.88625
D4_G_long_1h_pivot,1,2024-12-16 08:00:00+00:00,2024-12-16 07:59:00+00:00,2653.848,2649.3639999999996,2024-12-16 14:59:00+00:00,close_exit,1.086999999999989,0.7169999999998071,4.484000000000378,0.15990187332732975,0.24241748438891556,2.3193577163245345,-0.40588760035682653,71.69999999998072,2643.374,2649.374,2655.448,10.874000000000251,1,2666.322
D4_G_long_1h_pivot,1,2024-12-17 03:00:00+00:00,2024-12-17 02:59:00+00:00,2655.054,2651.0049999999997,2024-12-17 04:53:00+00:00,stop,-3.799000000000433,-4.169000000000615,4.049000000000433,-1.0296369473944602,-0.9382563595949683,0.24969128179794003,-1.0684119535686736,-416.9000000000615,2648.475,2651.015,2655.594,6.030428571428729,1,2661.624428571429
D4_G_long_1h_pivot,1,2024-12-18 00:00:00+00:00,2024-12-17 23:59:00+00:00,2647.448,2642.8639999999996,2024-12-18 02:59:00+00:00,close_exit,0.09600000000000364,-0.27400000000017827,4.584000000000287,-0.05977312390928471,0.02094240837696283,0.8893979057591558,-0.23843804537516985,-27.400000000017826,2632.795,2642.874,2648.865,9.350666666666712,1,2658.2156666666665
D4_G_long_1h_pivot,1,2024-12-20 04:00:00+00:00,2024-12-20 03:59:00+00:00,2598.595,2589.4649999999997,2024-12-20 13:51:00+00:00,target,15.507777777778301,15.187777777778301,9.13000000000011,1.6635024948278334,1.6985517828891694,1.68225629791897,-0.24753559693315844,1518.7777777778301,2586.815,2589.475,2600.925,12.92777777777792,1,2613.852777777778
D4_G_long_1h_pivot,1,2024-12-24 00:00:00+00:00,2024-12-23 23:59:00+00:00,2615.598,2608.9449999999997,2024-12-24 14:59:00+00:00,close_exit,-4.643000000000029,-5.013000000000211,6.653000000000247,-0.7534946640613295,-0.6978806553434325,0.8427776942732245,-0.8451826243799546,-501.3000000000211,2608.055,2608.955,2616.394,8.114000000000033,1,2624.508
D4_G_long_1h_pivot,1,2024-12-26 10:00:00+00:00,2024-12-26 09:59:00+00:00,2627.434,2623.4249999999997,2024-12-26 11:59:00+00:00,close_exit,0.5539999999996326,0.18399999999945066,4.009000000000469,0.04589673235206514,0.13818907458208224,0.5921676228484706,-0.2017959590920683,18.399999999945067,2614.248,2623.435,2629.065,9.075124999999844,2,2638.140125
D4_G_long_1h_pivot,1,2024-12-26 20:00:00+00:00,2024-12-26 19:59:00+00:00,2635.015,2627.808,2024-12-26 21:59:00+00:00,close_exit,-2.0599999999999454,-2.430000000000127,7.20699999999988,-0.33717219370059215,-0.2858332177050062,0.16511724712086503,-0.3316220341334692,-243.0000000000127,2621.598,2627.818,2638.975,14.266999999999825,1,2653.2419999999997
D4_G_long_1h_pivot,1,2024-12-27 02:00:00+00:00,2024-12-27 01:59:00+00:00,2632.415,2630.415,2024-12-27 02:07:00+00:00,stop,-1.75,-2.1200000000001817,2.0,-1.0600000000000909,-0.875,0.0,-1.0799999999999272,-212.00000000001816,2627.818,2630.425,2636.205,6.822799999999916,2,2643.0278
D4_G_long_1h_pivot,1,2024-12-31 02:00:00+00:00,2024-12-31 01:59:00+00:00,2608.995,2603.5379999999996,2024-12-31 02:59:00+00:00,close_exit,-1.7599999999997635,-2.1299999999999453,5.457000000000335,-0.39032435404064775,-0.3225215319772138,0.09712296133409705,-0.4269745281289691,-212.99999999999451,2595.905,2603.548,2609.365,8.36466666666638,1,2617.729666666666
