timestamp,open,high,low,close,volume
2026-06-16 00:00:00,7623.25,7623.5,7622.75,7623.25,98
2026-06-16 00:01:00,7623.5,7623.5,7622.75,7623.0,69
2026-06-16 00:02:00,7623.0,7623.0,7622.25,7623.0,101
2026-06-16 00:03:00,7623.0,7623.25,7622.75,7623.0,25
2026-06-16 00:04:00,7623.25,7623.25,7622.5,7622.5,82
2026-06-16 00:05:00,7622.25,7622.5,7622.25,7622.25,43
2026-06-16 00:06:00,7622.0,7622.25,7621.25,7621.25,111
2026-06-16 00:07:00,7621.25,7621.75,7621.25,7621.25,82
2026-06-16 00:08:00,7621.25,7622.0,7620.75,7621.5,130
2026-06-16 00:09:00,7621.25,7621.5,7620.5,7621.25,129
2026-06-16 00:10:00,7621.5,7622.0,7621.0,7621.75,48
2026-06-16 00:11:00,7621.75,7622.5,7621.5,7622.25,45
2026-06-16 00:12:00,7622.0,7622.25,7621.75,7621.75,63
2026-06-16 00:13:00,7621.75,7622.5,7621.25,7621.5,87
2026-06-16 00:14:00,7621.25,7622.0,7621.25,7621.75,37
2026-06-16 00:15:00,7621.5,7622.5,7621.5,7622.25,55
2026-06-16 00:16:00,7622.25,7622.5,7621.0,7621.25,123
2026-06-16 00:17:00,7621.0,7621.5,7620.75,7621.0,98
2026-06-16 00:18:00,7621.25,7621.25,7619.25,7619.75,272
2026-06-16 00:19:00,7619.5,7620.0,7619.0,7619.5,190
2026-06-16 00:20:00,7619.75,7620.75,7619.5,7620.5,163
2026-06-16 00:21:00,7620.5,7621.75,7620.5,7621.5,99
2026-06-16 00:22:00,7621.25,7621.5,7621.0,7621.25,64
2026-06-16 00:23:00,7621.25,7622.0,7621.25,7622.0,49
2026-06-16 00:24:00,7621.5,7622.0,7621.0,7621.5,42
2026-06-16 00:25:00,7620.75,7621.0,7620.25,7620.5,64
2026-06-16 00:26:00,7620.5,7621.25,7620.5,7621.25,76
2026-06-16 00:27:00,7621.25,7621.25,7619.75,7620.0,144
2026-06-16 00:28:00,7620.25,7620.75,7619.75,7620.0,105
2026-06-16 00:29:00,7620.25,7620.5,7620.25,7620.5,75
2026-06-16 00:30:00,7620.5,7620.5,7619.5,7620.25,144
2026-06-16 00:31:00,7620.0,7620.75,7619.25,7620.5,127
2026-06-16 00:32:00,7620.75,7621.0,7620.25,7620.5,65
2026-06-16 00:33:00,7620.25,7620.75,7620.25,7620.5,21
2026-06-16 00:34:00,7620.25,7620.5,7619.75,7620.0,34
2026-06-16 00:35:00,7620.0,7620.5,7619.5,7620.5,40
2026-06-16 00:36:00,7620.5,7620.5,7619.25,7620.0,109
2026-06-16 00:37:00,7620.0,7620.25,7619.75,7620.0,24
2026-06-16 00:38:00,7620.25,7621.25,7620.25,7621.25,80
2026-06-16 00:39:00,7621.0,7621.25,7621.0,7621.25,24
2026-06-16 00:40:00,7621.5,7622.0,7621.5,7621.75,123
2026-06-16 00:41:00,7622.0,7622.0,7621.5,7621.5,59
2026-06-16 00:42:00,7621.75,7621.75,7620.25,7620.75,165
2026-06-16 00:43:00,7620.5,7620.5,7620.0,7620.25,23
2026-06-16 00:44:00,7620.25,7620.5,7619.25,7619.5,74
2026-06-16 00:45:00,7619.25,7620.0,7619.25,7619.75,114
2026-06-16 00:46:00,7619.75,7620.0,7619.0,7619.25,70
2026-06-16 00:47:00,7619.25,7619.25,7618.0,7618.0,239
2026-06-16 00:48:00,7618.0,7618.25,7616.75,7617.25,343
2026-06-16 00:49:00,7617.25,7618.0,7617.25,7618.0,110
2026-06-16 00:50:00,7618.0,7618.0,7616.25,7616.25,309
2026-06-16 00:51:00,7616.5,7616.5,7615.25,7615.5,306
2026-06-16 00:52:00,7616.0,7617.0,7615.5,7615.75,85
2026-06-16 00:53:00,7615.75,7616.5,7615.5,7616.25,154
2026-06-16 00:54:00,7616.5,7616.5,7615.5,7615.75,66
2026-06-16 00:55:00,7615.75,7616.75,7615.25,7616.5,147
2026-06-16 00:56:00,7616.5,7618.0,7616.5,7618.0,233
2026-06-16 00:57:00,7618.0,7618.0,7617.25,7617.75,72
2026-06-16 00:58:00,7617.75,7618.75,7617.75,7618.75,58
2026-06-16 00:59:00,7618.5,7619.0,7618.25,7618.5,90
2026-06-16 01:00:00,7618.75,7620.0,7618.5,7619.5,146
2026-06-16 01:01:00,7619.5,7621.0,7619.25,7620.75,202
2026-06-16 01:02:00,7620.75,7621.25,7620.5,7621.0,113
2026-06-16 01:03:00,7621.0,7621.5,7621.0,7621.25,69
2026-06-16 01:04:00,7621.25,7621.5,7620.5,7621.0,50
2026-06-16 01:05:00,7621.0,7622.0,7620.0,7621.5,105
2026-06-16 01:06:00,7621.75,7621.75,7621.25,7621.5,77
2026-06-16 01:07:00,7621.25,7621.25,7620.75,7621.0,111
2026-06-16 01:08:00,7621.0,7621.5,7620.5,7620.75,64
2026-06-16 01:09:00,7621.0,7622.0,7621.0,7621.75,33
2026-06-16 01:10:00,7621.75,7624.0,7621.75,7623.5,211
2026-06-16 01:11:00,7623.5,7624.5,7623.5,7624.0,140
2026-06-16 01:12:00,7623.75,7624.0,7623.25,7623.5,85
2026-06-16 01:13:00,7623.25,7624.5,7623.25,7624.5,102
2026-06-16 01:14:00,7624.5,7624.5,7622.75,7623.0,89
2026-06-16 01:15:00,7623.0,7623.75,7622.75,7623.5,119
2026-06-16 01:16:00,7623.5,7624.5,7623.25,7624.5,64
2026-06-16 01:17:00,7624.5,7624.5,7623.75,7624.25,69
2026-06-16 01:18:00,7624.5,7625.25,7624.0,7625.0,151
2026-06-16 01:19:00,7624.75,7625.0,7624.5,7624.75,35
2026-06-16 01:20:00,7624.5,7624.5,7623.0,7623.0,122
2026-06-16 01:21:00,7623.0,7624.0,7622.75,7622.75,116
2026-06-16 01:22:00,7623.0,7623.25,7622.25,7623.0,110
2026-06-16 01:23:00,7623.0,7623.0,7622.5,7622.5,38
2026-06-16 01:24:00,7622.75,7623.25,7622.75,7623.0,20
2026-06-16 01:25:00,7622.75,7623.0,7622.0,7622.75,92
2026-06-16 01:26:00,7622.75,7623.0,7621.5,7622.5,134
2026-06-16 01:27:00,7622.25,7622.5,7622.0,7622.0,54
2026-06-16 01:28:00,7622.25,7622.25,7621.5,7621.75,184
2026-06-16 01:29:00,7621.75,7622.0,7621.5,7621.75,105
2026-06-16 01:30:00,7621.75,7622.75,7621.5,7622.0,79
2026-06-16 01:31:00,7621.75,7622.0,7621.25,7621.5,88
2026-06-16 01:32:00,7621.5,7621.75,7620.0,7620.75,161
2026-06-16 01:33:00,7620.5,7620.5,7617.75,7618.75,333
2026-06-16 01:34:00,7618.75,7619.0,7616.0,7616.0,157
2026-06-16 01:35:00,7616.25,7618.25,7616.0,7618.25,384
2026-06-16 01:36:00,7618.25,7619.25,7618.0,7618.5,213
2026-06-16 01:37:00,7618.25,7618.5,7617.0,7617.25,130
2026-06-16 01:38:00,7617.25,7618.25,7617.25,7618.25,68
2026-06-16 01:39:00,7618.25,7618.5,7617.5,7617.75,53
2026-06-16 01:40:00,7617.75,7618.5,7617.75,7618.25,77
2026-06-16 01:41:00,7618.0,7619.0,7617.75,7618.5,107
2026-06-16 01:42:00,7618.5,7618.75,7618.0,7618.75,76
2026-06-16 01:43:00,7618.5,7618.75,7617.0,7617.5,69
2026-06-16 01:44:00,7617.5,7618.0,7617.0,7618.0,50
2026-06-16 01:45:00,7618.0,7619.75,7618.0,7619.0,118
2026-06-16 01:46:00,7619.25,7620.0,7618.75,7620.0,51
2026-06-16 01:47:00,7619.75,7620.0,7619.25,7619.25,72
2026-06-16 01:48:00,7619.5,7619.75,7618.0,7619.25,148
2026-06-16 01:49:00,7619.5,7619.5,7618.0,7618.25,77
2026-06-16 01:50:00,7618.25,7619.25,7618.0,7618.75,102
2026-06-16 01:51:00,7619.0,7620.0,7618.5,7619.5,50
2026-06-16 01:52:00,7619.5,7620.25,7619.0,7620.25,53
2026-06-16 01:53:00,7620.25,7620.75,7619.25,7619.5,83
2026-06-16 01:54:00,7619.25,7619.25,7618.0,7619.0,122
2026-06-16 01:55:00,7619.0,7619.25,7618.5,7619.0,67
2026-06-16 01:56:00,7618.5,7619.0,7618.25,7618.5,35
2026-06-16 01:57:00,7618.5,7618.75,7618.0,7618.25,28
2026-06-16 01:58:00,7618.0,7618.25,7617.5,7617.75,59
2026-06-16 01:59:00,7617.5,7618.25,7617.5,7618.25,29
2026-06-16 02:00:00,7618.0,7618.75,7617.0,7617.5,133
2026-06-16 02:01:00,7617.25,7619.0,7617.0,7618.5,150
2026-06-16 02:02:00,7618.5,7620.25,7618.5,7619.75,199
2026-06-16 02:03:00,7620.0,7621.25,7620.0,7620.75,142
2026-06-16 02:04:00,7621.0,7621.75,7621.0,7621.25,166
2026-06-16 02:05:00,7621.0,7623.0,7621.0,7622.5,201
2026-06-16 02:06:00,7622.5,7622.75,7622.0,7622.5,126
2026-06-16 02:07:00,7622.5,7622.5,7621.0,7621.25,125
2026-06-16 02:08:00,7621.25,7621.75,7621.25,7621.25,34
2026-06-16 02:09:00,7621.25,7622.75,7621.0,7622.25,165
2026-06-16 02:10:00,7622.0,7623.0,7621.5,7622.75,150
2026-06-16 02:11:00,7622.75,7623.75,7622.5,7623.25,152
2026-06-16 02:12:00,7623.75,7624.0,7622.75,7623.5,185
2026-06-16 02:13:00,7623.5,7623.5,7622.5,7623.0,115
2026-06-16 02:14:00,7623.0,7623.25,7622.75,7623.25,63
2026-06-16 02:15:00,7623.25,7623.5,7622.5,7622.5,56
2026-06-16 02:16:00,7622.5,7623.5,7622.5,7622.75,53
2026-06-16 02:17:00,7622.75,7622.75,7622.25,7622.25,62
2026-06-16 02:18:00,7622.5,7622.5,7621.0,7621.25,146
2026-06-16 02:19:00,7621.0,7621.75,7620.75,7621.5,97
2026-06-16 02:20:00,7621.25,7621.25,7620.0,7620.25,176
2026-06-16 02:21:00,7620.5,7621.0,7620.25,7620.75,105
2026-06-16 02:22:00,7620.75,7621.5,7620.75,7621.5,77
2026-06-16 02:23:00,7621.25,7621.25,7620.5,7620.5,95
2026-06-16 02:24:00,7620.5,7621.75,7620.25,7621.5,187
2026-06-16 02:25:00,7621.5,7622.0,7621.5,7621.75,72
2026-06-16 02:26:00,7622.25,7622.5,7621.75,7621.75,77
2026-06-16 02:27:00,7622.0,7622.5,7621.75,7622.5,43
2026-06-16 02:28:00,7622.0,7622.5,7621.75,7622.5,100
2026-06-16 02:29:00,7622.5,7623.25,7622.0,7623.25,182
2026-06-16 02:30:00,7623.25,7624.0,7622.0,7622.0,212
2026-06-16 02:31:00,7622.0,7623.25,7622.0,7622.5,143
2026-06-16 02:32:00,7622.5,7622.5,7622.0,7622.25,58
2026-06-16 02:33:00,7622.25,7622.5,7621.5,7622.25,103
2026-06-16 02:34:00,7622.25,7622.25,7621.75,7622.25,106
2026-06-16 02:35:00,7622.25,7622.5,7621.75,7622.5,91
2026-06-16 02:36:00,7622.5,7623.25,7622.25,7623.25,198
2026-06-16 02:37:00,7623.25,7623.75,7623.25,7623.25,87
2026-06-16 02:38:00,7623.25,7623.25,7622.25,7622.25,80
2026-06-16 02:39:00,7622.0,7622.75,7621.25,7622.5,98
2026-06-16 02:40:00,7622.0,7622.25,7621.75,7621.75,55
2026-06-16 02:41:00,7621.5,7622.0,7621.5,7621.75,63
2026-06-16 02:42:00,7622.0,7623.0,7622.0,7622.0,164
2026-06-16 02:43:00,7622.25,7622.5,7621.25,7621.5,79
2026-06-16 02:44:00,7621.25,7621.5,7620.75,7621.0,96
2026-06-16 02:45:00,7621.0,7621.5,7620.5,7620.75,113
2026-06-16 02:46:00,7621.0,7621.5,7620.75,7621.25,135
2026-06-16 02:47:00,7621.25,7621.25,7620.5,7620.5,60
2026-06-16 02:48:00,7620.25,7621.0,7620.25,7620.5,140
2026-06-16 02:49:00,7620.5,7620.75,7619.75,7620.25,151
2026-06-16 02:50:00,7620.0,7621.0,7620.0,7621.0,69
2026-06-16 02:51:00,7620.75,7621.25,7620.75,7621.0,65
2026-06-16 02:52:00,7621.25,7621.25,7621.0,7621.25,18
2026-06-16 02:53:00,7621.25,7622.25,7621.25,7622.25,55
2026-06-16 02:54:00,7622.0,7622.25,7621.0,7622.0,119
2026-06-16 02:55:00,7622.5,7623.0,7622.25,7622.5,133
2026-06-16 02:56:00,7622.5,7622.75,7622.0,7622.25,39
2026-06-16 02:57:00,7622.0,7622.5,7621.0,7621.0,89
2026-06-16 02:58:00,7621.25,7622.0,7621.0,7622.0,79
2026-06-16 02:59:00,7622.25,7623.0,7622.0,7622.5,122
2026-06-16 03:00:00,7622.25,7625.0,7622.25,7624.0,551
2026-06-16 03:01:00,7623.5,7624.75,7623.0,7624.0,222
2026-06-16 03:02:00,7623.75,7624.0,7622.25,7623.0,220
2026-06-16 03:03:00,7623.25,7623.25,7622.0,7622.75,80
2026-06-16 03:04:00,7622.5,7622.75,7621.75,7622.5,86
2026-06-16 03:05:00,7622.25,7623.0,7622.25,7622.25,102
2026-06-16 03:06:00,7622.5,7624.25,7622.5,7624.0,143
2026-06-16 03:07:00,7624.0,7624.5,7623.25,7624.25,75
2026-06-16 03:08:00,7624.0,7625.5,7624.0,7624.75,438
2026-06-16 03:09:00,7624.75,7626.0,7624.75,7625.5,248
2026-06-16 03:10:00,7625.5,7626.5,7625.0,7625.0,248
2026-06-16 03:11:00,7625.0,7625.0,7623.75,7624.25,178
2026-06-16 03:12:00,7624.0,7625.25,7623.75,7625.0,200
2026-06-16 03:13:00,7624.75,7625.0,7623.5,7623.5,184
2026-06-16 03:14:00,7624.0,7624.25,7623.5,7623.75,112
2026-06-16 03:15:00,7623.75,7625.0,7623.5,7625.0,231
2026-06-16 03:16:00,7625.0,7626.0,7624.75,7625.5,317
2026-06-16 03:17:00,7625.75,7626.0,7624.25,7624.25,152
2026-06-16 03:18:00,7624.5,7624.75,7623.25,7624.0,163
2026-06-16 03:19:00,7624.0,7626.0,7624.0,7625.5,195
2026-06-16 03:20:00,7625.25,7625.25,7623.75,7624.75,127
2026-06-16 03:21:00,7624.5,7626.5,7624.25,7626.0,246
2026-06-16 03:22:00,7625.75,7625.75,7623.75,7624.5,130
2026-06-16 03:23:00,7624.25,7624.5,7624.0,7624.0,111
2026-06-16 03:24:00,7624.0,7624.75,7623.75,7624.25,115
2026-06-16 03:25:00,7624.5,7625.5,7624.5,7625.25,99
2026-06-16 03:26:00,7625.25,7626.0,7625.0,7626.0,85
2026-06-16 03:27:00,7625.75,7627.25,7625.0,7627.25,176
2026-06-16 03:28:00,7627.0,7627.75,7626.5,7626.75,236
2026-06-16 03:29:00,7626.75,7627.0,7626.25,7626.5,92
2026-06-16 03:30:00,7626.5,7627.0,7625.75,7626.5,193
2026-06-16 03:31:00,7626.5,7627.25,7625.25,7625.75,138
2026-06-16 03:32:00,7625.5,7627.5,7625.5,7626.5,166
2026-06-16 03:33:00,7626.5,7626.75,7625.75,7626.5,129
2026-06-16 03:34:00,7626.25,7626.75,7625.5,7625.5,136
2026-06-16 03:35:00,7625.75,7627.5,7625.25,7627.25,194
2026-06-16 03:36:00,7627.5,7627.75,7626.75,7627.25,112
2026-06-16 03:37:00,7627.0,7627.5,7626.0,7626.75,258
2026-06-16 03:38:00,7626.5,7626.5,7626.0,7626.5,77
2026-06-16 03:39:00,7626.5,7627.5,7626.5,7627.25,144
2026-06-16 03:40:00,7627.25,7627.75,7626.25,7626.5,225
2026-06-16 03:41:00,7626.5,7626.5,7625.5,7626.0,247
2026-06-16 03:42:00,7626.0,7626.0,7624.0,7624.0,269
2026-06-16 03:43:00,7624.0,7624.5,7623.0,7623.25,258
2026-06-16 03:44:00,7623.0,7623.5,7622.0,7622.25,248
2026-06-16 03:45:00,7622.25,7622.5,7621.75,7622.5,422
2026-06-16 03:46:00,7622.25,7623.25,7622.25,7622.25,190
2026-06-16 03:47:00,7622.5,7622.5,7621.5,7622.25,181
2026-06-16 03:48:00,7622.25,7622.5,7621.0,7621.25,316
2026-06-16 03:49:00,7621.25,7621.75,7620.25,7621.25,295
2026-06-16 03:50:00,7621.25,7622.75,7621.0,7622.0,270
2026-06-16 03:51:00,7621.75,7623.25,7621.75,7622.75,129
2026-06-16 03:52:00,7622.75,7623.5,7621.5,7623.25,175
2026-06-16 03:53:00,7623.0,7624.75,7623.0,7624.25,247
2026-06-16 03:54:00,7624.0,7624.25,7623.5,7623.75,122
2026-06-16 03:55:00,7623.75,7625.25,7623.75,7624.5,144
2026-06-16 03:56:00,7624.5,7624.75,7623.25,7623.75,129
2026-06-16 03:57:00,7623.75,7624.25,7623.5,7624.0,87
2026-06-16 03:58:00,7623.75,7624.25,7623.5,7623.75,99
2026-06-16 03:59:00,7623.5,7624.75,7623.25,7624.5,93
2026-06-16 04:00:00,7624.75,7625.0,7622.5,7623.5,284
2026-06-16 04:01:00,7623.5,7625.25,7623.25,7625.25,151
2026-06-16 04:02:00,7625.25,7626.5,7625.25,7626.0,268
2026-06-16 04:03:00,7626.0,7627.0,7625.75,7626.75,262
2026-06-16 04:04:00,7626.5,7627.25,7626.25,7626.5,226
2026-06-16 04:05:00,7626.5,7627.5,7626.5,7626.75,259
2026-06-16 04:06:00,7626.75,7627.5,7625.5,7627.25,265
2026-06-16 04:07:00,7627.25,7630.25,7627.25,7630.25,800
2026-06-16 04:08:00,7630.25,7630.25,7628.75,7629.0,323
2026-06-16 04:09:00,7628.75,7629.75,7628.5,7629.0,431
2026-06-16 04:10:00,7629.25,7630.25,7628.5,7630.25,359
2026-06-16 04:11:00,7630.0,7630.0,7628.5,7628.75,210
2026-06-16 04:12:00,7629.0,7629.5,7628.75,7628.75,322
2026-06-16 04:13:00,7629.0,7629.0,7628.0,7628.75,231
2026-06-16 04:14:00,7628.5,7628.75,7626.0,7626.75,226
2026-06-16 04:15:00,7626.75,7628.0,7626.5,7627.75,176
2026-06-16 04:16:00,7628.0,7628.5,7627.25,7627.75,341
2026-06-16 04:17:00,7627.75,7628.0,7625.75,7626.0,203
2026-06-16 04:18:00,7626.0,7626.5,7625.25,7625.75,237
2026-06-16 04:19:00,7626.0,7627.0,7626.0,7626.5,137
2026-06-16 04:20:00,7626.5,7626.5,7625.25,7625.25,125
2026-06-16 04:21:00,7625.25,7625.5,7624.25,7624.5,305
2026-06-16 04:22:00,7624.5,7626.25,7624.5,7626.0,150
2026-06-16 04:23:00,7626.0,7626.5,7625.5,7625.5,182
2026-06-16 04:24:00,7625.75,7626.25,7624.75,7625.0,277
2026-06-16 04:25:00,7625.25,7625.75,7624.0,7624.75,222
2026-06-16 04:26:00,7624.75,7626.25,7624.5,7625.0,283
2026-06-16 04:27:00,7625.0,7626.0,7624.25,7625.75,179
2026-06-16 04:28:00,7625.75,7626.25,7625.25,7625.5,161
2026-06-16 04:29:00,7625.0,7626.25,7625.0,7626.25,374
2026-06-16 04:30:00,7626.5,7626.75,7625.5,7626.25,405
2026-06-16 04:31:00,7626.25,7627.5,7626.25,7626.75,232
2026-06-16 04:32:00,7626.75,7627.0,7623.75,7624.0,312
2026-06-16 04:33:00,7624.25,7624.5,7623.0,7623.5,361
2026-06-16 04:34:00,7623.5,7624.0,7622.5,7623.5,314
2026-06-16 04:35:00,7623.5,7624.5,7623.5,7624.0,179
2026-06-16 04:36:00,7624.0,7624.5,7622.0,7622.25,193
2026-06-16 04:37:00,7622.25,7622.5,7621.0,7621.75,460
2026-06-16 04:38:00,7621.5,7621.75,7620.75,7621.25,232
2026-06-16 04:39:00,7621.25,7622.0,7621.0,7621.75,176
2026-06-16 04:40:00,7621.5,7623.5,7621.5,7622.5,216
2026-06-16 04:41:00,7622.75,7622.75,7620.75,7620.75,180
2026-06-16 04:42:00,7620.75,7622.0,7620.75,7622.0,113
2026-06-16 04:43:00,7621.75,7622.5,7621.5,7622.5,108
2026-06-16 04:44:00,7622.5,7623.25,7622.5,7623.0,124
2026-06-16 04:45:00,7623.0,7623.25,7621.75,7622.0,107
2026-06-16 04:46:00,7621.5,7622.5,7621.0,7621.5,125
2026-06-16 04:47:00,7621.75,7621.75,7621.25,7621.5,100
2026-06-16 04:48:00,7621.25,7621.75,7621.0,7621.75,116
2026-06-16 04:49:00,7621.5,7622.5,7621.5,7622.25,69
2026-06-16 04:50:00,7622.25,7623.25,7622.0,7622.5,265
2026-06-16 04:51:00,7622.75,7624.25,7622.5,7623.75,218
2026-06-16 04:52:00,7623.75,7626.25,7623.75,7626.25,371
2026-06-16 04:53:00,7626.25,7628.0,7626.25,7627.0,498
2026-06-16 04:54:00,7627.25,7627.75,7626.25,7627.5,401
2026-06-16 04:55:00,7627.5,7627.5,7626.5,7627.0,249
2026-06-16 04:56:00,7627.0,7628.5,7627.0,7628.5,214
2026-06-16 04:57:00,7628.25,7628.75,7626.25,7626.25,346
2026-06-16 04:58:00,7626.25,7626.5,7625.5,7625.75,84
2026-06-16 04:59:00,7626.0,7627.0,7625.75,7626.5,179
2026-06-16 05:00:00,7626.25,7626.5,7625.0,7626.0,145
2026-06-16 05:01:00,7625.75,7627.75,7625.5,7627.0,187
2026-06-16 05:02:00,7627.0,7627.75,7626.0,7626.25,269
2026-06-16 05:03:00,7626.0,7627.0,7626.0,7626.75,133
2026-06-16 05:04:00,7626.5,7627.25,7626.5,7627.25,137
2026-06-16 05:05:00,7627.25,7628.0,7627.0,7627.0,141
2026-06-16 05:06:00,7627.5,7628.0,7627.0,7627.75,233
2026-06-16 05:07:00,7628.0,7628.0,7627.25,7627.75,176
2026-06-16 05:08:00,7627.5,7628.75,7627.25,7628.5,175
2026-06-16 05:09:00,7628.5,7628.75,7628.0,7628.25,59
2026-06-16 05:10:00,7628.25,7628.25,7627.25,7628.0,240
2026-06-16 05:11:00,7628.0,7628.0,7627.5,7628.0,141
2026-06-16 05:12:00,7628.0,7628.0,7626.75,7627.0,126
2026-06-16 05:13:00,7627.0,7627.25,7626.75,7627.0,132
2026-06-16 05:14:00,7626.75,7627.25,7626.75,7627.0,71
2026-06-16 05:15:00,7627.0,7627.25,7625.75,7626.25,287
2026-06-16 05:16:00,7626.5,7627.5,7626.25,7626.75,98
2026-06-16 05:17:00,7626.75,7627.25,7625.75,7626.25,148
2026-06-16 05:18:00,7625.75,7626.0,7622.75,7623.25,452
2026-06-16 05:19:00,7623.5,7623.75,7622.0,7622.0,278
2026-06-16 05:20:00,7622.25,7623.5,7622.0,7622.5,203
2026-06-16 05:21:00,7622.5,7624.0,7622.25,7623.5,224
2026-06-16 05:22:00,7623.5,7623.75,7622.75,7623.5,130
2026-06-16 05:23:00,7623.75,7624.0,7623.5,7624.0,109
2026-06-16 05:24:00,7624.0,7624.5,7623.75,7624.5,110
2026-06-16 05:25:00,7624.5,7625.0,7623.25,7623.75,255
2026-06-16 05:26:00,7624.0,7624.25,7623.0,7624.0,152
2026-06-16 05:27:00,7624.0,7624.0,7623.0,7623.0,110
2026-06-16 05:28:00,7623.0,7623.75,7622.75,7622.75,241
2026-06-16 05:29:00,7623.0,7623.25,7622.25,7622.75,82
2026-06-16 05:30:00,7623.0,7624.0,7622.5,7623.75,223
2026-06-16 05:31:00,7623.75,7624.75,7623.75,7624.5,125
2026-06-16 05:32:00,7624.5,7625.25,7624.25,7624.5,83
2026-06-16 05:33:00,7624.25,7625.0,7624.25,7625.0,59
2026-06-16 05:34:00,7625.0,7625.0,7624.25,7624.25,102
2026-06-16 05:35:00,7624.25,7625.0,7624.25,7624.5,65
2026-06-16 05:36:00,7624.25,7624.25,7622.5,7622.75,140
2026-06-16 05:37:00,7623.0,7623.5,7622.75,7622.75,102
2026-06-16 05:38:00,7623.25,7623.75,7623.25,7623.5,40
2026-06-16 05:39:00,7623.5,7623.75,7623.0,7623.5,100
2026-06-16 05:40:00,7623.25,7623.25,7622.5,7622.5,56
2026-06-16 05:41:00,7622.75,7622.75,7621.25,7622.25,198
2026-06-16 05:42:00,7622.5,7622.5,7621.5,7621.5,95
2026-06-16 05:43:00,7621.5,7621.75,7620.25,7620.5,301
2026-06-16 05:44:00,7620.5,7621.5,7620.5,7621.25,113
2026-06-16 05:45:00,7621.5,7622.0,7620.5,7620.75,263
2026-06-16 05:46:00,7620.75,7621.25,7620.0,7620.0,233
2026-06-16 05:47:00,7620.25,7620.5,7620.0,7620.0,138
2026-06-16 05:48:00,7620.25,7621.0,7619.25,7619.5,298
2026-06-16 05:49:00,7619.25,7620.0,7619.25,7620.0,224
2026-06-16 05:50:00,7620.0,7621.25,7620.0,7621.25,127
2026-06-16 05:51:00,7621.25,7621.25,7620.75,7620.75,157
2026-06-16 05:52:00,7620.75,7621.75,7620.25,7621.5,163
2026-06-16 05:53:00,7621.75,7622.0,7621.25,7622.0,138
2026-06-16 05:54:00,7621.75,7622.25,7621.75,7622.0,88
2026-06-16 05:55:00,7622.0,7622.25,7620.25,7620.25,78
2026-06-16 05:56:00,7620.25,7620.5,7618.75,7620.5,299
2026-06-16 05:57:00,7620.75,7621.0,7620.25,7620.25,132
2026-06-16 05:58:00,7620.25,7621.5,7620.25,7620.5,141
2026-06-16 05:59:00,7620.5,7620.75,7620.0,7620.25,169
2026-06-16 06:00:00,7620.5,7622.0,7620.5,7621.5,161
2026-06-16 06:01:00,7622.0,7622.0,7621.5,7622.0,127
2026-06-16 06:02:00,7622.0,7622.25,7621.75,7622.25,128
2026-06-16 06:03:00,7622.0,7622.5,7621.5,7621.5,112
2026-06-16 06:04:00,7621.75,7622.75,7621.75,7622.5,225
2026-06-16 06:05:00,7622.5,7623.75,7622.25,7623.5,192
2026-06-16 06:06:00,7623.25,7624.0,7623.0,7623.75,317
2026-06-16 06:07:00,7623.75,7624.0,7623.0,7624.0,160
2026-06-16 06:08:00,7624.0,7624.75,7623.75,7624.5,108
2026-06-16 06:09:00,7624.25,7624.75,7624.0,7624.75,92
2026-06-16 06:10:00,7624.75,7625.0,7623.5,7623.5,134
2026-06-16 06:11:00,7623.5,7624.25,7623.5,7624.0,89
2026-06-16 06:12:00,7624.0,7625.25,7623.75,7625.0,200
2026-06-16 06:13:00,7625.0,7625.5,7624.0,7625.0,234
2026-06-16 06:14:00,7625.25,7625.5,7625.0,7625.5,93
2026-06-16 06:15:00,7625.5,7626.25,7625.0,7625.25,229
2026-06-16 06:16:00,7625.0,7625.75,7625.0,7625.5,107
2026-06-16 06:17:00,7625.75,7625.75,7625.0,7625.5,120
2026-06-16 06:18:00,7625.5,7625.5,7624.5,7624.5,112
2026-06-16 06:19:00,7624.5,7624.75,7623.75,7623.75,118
2026-06-16 06:20:00,7624.0,7624.5,7623.75,7624.5,87
2026-06-16 06:21:00,7624.25,7624.75,7623.75,7623.75,180
2026-06-16 06:22:00,7623.75,7624.0,7623.0,7623.75,216
2026-06-16 06:23:00,7623.75,7625.5,7623.75,7625.25,114
2026-06-16 06:24:00,7625.25,7625.25,7624.75,7625.0,45
2026-06-16 06:25:00,7625.0,7626.0,7624.75,7626.0,91
2026-06-16 06:26:00,7626.0,7626.75,7626.0,7626.75,194
2026-06-16 06:27:00,7626.5,7626.75,7626.25,7626.5,119
2026-06-16 06:28:00,7626.25,7627.25,7626.25,7626.75,148
2026-06-16 06:29:00,7626.75,7626.75,7625.25,7626.25,96
2026-06-16 06:30:00,7626.25,7627.0,7626.0,7626.75,132
2026-06-16 06:31:00,7626.75,7627.0,7625.5,7626.0,115
2026-06-16 06:32:00,7626.0,7627.0,7625.5,7625.5,122
2026-06-16 06:33:00,7625.75,7626.0,7624.5,7625.5,252
2026-06-16 06:34:00,7625.75,7626.25,7625.75,7626.0,161
2026-06-16 06:35:00,7626.0,7626.0,7625.0,7625.0,118
2026-06-16 06:36:00,7625.25,7626.25,7625.25,7626.0,154
2026-06-16 06:37:00,7626.25,7626.5,7625.75,7626.25,95
2026-06-16 06:38:00,7626.0,7627.0,7626.0,7627.0,90
2026-06-16 06:39:00,7627.25,7628.25,7627.0,7628.25,263
2026-06-16 06:40:00,7628.0,7628.25,7626.75,7627.0,314
2026-06-16 06:41:00,7627.25,7627.75,7627.25,7627.25,159
2026-06-16 06:42:00,7627.5,7627.5,7626.5,7626.75,99
2026-06-16 06:43:00,7626.75,7627.5,7626.5,7627.25,221
2026-06-16 06:44:00,7627.5,7627.5,7627.0,7627.0,92
2026-06-16 06:45:00,7627.0,7627.25,7626.5,7626.5,44
2026-06-16 06:46:00,7626.5,7626.75,7626.25,7626.5,76
2026-06-16 06:47:00,7626.25,7626.75,7626.25,7626.75,78
2026-06-16 06:48:00,7626.75,7628.25,7626.75,7628.0,82
2026-06-16 06:49:00,7627.75,7628.25,7627.5,7627.5,70
2026-06-16 06:50:00,7627.5,7629.5,7627.25,7629.25,323
2026-06-16 06:51:00,7629.5,7629.5,7627.75,7628.0,136
2026-06-16 06:52:00,7627.75,7628.5,7626.75,7628.25,216
2026-06-16 06:53:00,7628.25,7630.0,7628.25,7629.25,271
2026-06-16 06:54:00,7629.0,7630.0,7628.5,7629.25,150
2026-06-16 06:55:00,7629.25,7630.25,7629.0,7629.75,158
2026-06-16 06:56:00,7629.5,7629.5,7628.75,7629.5,95
2026-06-16 06:57:00,7629.5,7629.5,7628.75,7629.5,79
2026-06-16 06:58:00,7629.5,7630.75,7629.5,7630.5,268
2026-06-16 06:59:00,7630.5,7631.0,7630.25,7630.75,383
2026-06-16 07:00:00,7630.5,7632.25,7629.75,7631.5,686
2026-06-16 07:01:00,7631.5,7632.0,7630.75,7631.0,187
2026-06-16 07:02:00,7631.0,7631.5,7630.0,7630.25,274
2026-06-16 07:03:00,7630.0,7631.5,7630.0,7631.25,170
2026-06-16 07:04:00,7631.25,7631.5,7630.5,7631.25,357
2026-06-16 07:05:00,7631.25,7632.25,7630.75,7631.0,310
2026-06-16 07:06:00,7631.0,7631.75,7629.75,7630.5,445
2026-06-16 07:07:00,7630.25,7630.25,7628.75,7628.75,190
2026-06-16 07:08:00,7628.75,7630.25,7628.75,7629.75,133
2026-06-16 07:09:00,7629.5,7629.5,7628.5,7629.0,200
2026-06-16 07:10:00,7629.25,7629.75,7628.5,7629.5,180
2026-06-16 07:11:00,7629.5,7630.0,7629.0,7629.75,272
2026-06-16 07:12:00,7629.75,7630.0,7629.5,7629.75,135
2026-06-16 07:13:00,7630.0,7630.75,7629.5,7630.5,106
2026-06-16 07:14:00,7630.75,7632.0,7630.75,7631.25,293
2026-06-16 07:15:00,7630.75,7631.0,7630.0,7630.75,140
2026-06-16 07:16:00,7630.75,7632.75,7630.75,7632.0,447
2026-06-16 07:17:00,7631.75,7632.5,7631.25,7632.0,199
2026-06-16 07:18:00,7632.0,7632.5,7631.75,7632.25,218
2026-06-16 07:19:00,7632.5,7633.5,7632.25,7633.25,587
2026-06-16 07:20:00,7633.25,7633.75,7632.25,7633.0,268
2026-06-16 07:21:00,7633.0,7634.25,7633.0,7633.5,289
2026-06-16 07:22:00,7633.5,7633.5,7632.0,7632.75,254
2026-06-16 07:23:00,7633.0,7633.0,7631.0,7631.0,296
2026-06-16 07:24:00,7631.25,7632.0,7631.25,7631.75,134
2026-06-16 07:25:00,7631.75,7632.0,7630.75,7630.75,153
2026-06-16 07:26:00,7630.5,7630.5,7629.0,7629.75,219
2026-06-16 07:27:00,7629.75,7630.5,7629.0,7630.25,100
2026-06-16 07:28:00,7630.25,7632.25,7630.25,7632.25,219
2026-06-16 07:29:00,7632.25,7632.75,7631.75,7631.75,229
2026-06-16 07:30:00,7632.0,7632.75,7631.75,7632.5,250
2026-06-16 07:31:00,7632.5,7632.5,7631.0,7631.25,233
2026-06-16 07:32:00,7631.25,7632.25,7631.0,7632.0,114
2026-06-16 07:33:00,7632.0,7633.25,7632.0,7633.25,142
2026-06-16 07:34:00,7633.0,7633.0,7631.0,7631.5,234
2026-06-16 07:35:00,7631.75,7631.75,7629.0,7629.5,351
2026-06-16 07:36:00,7629.5,7629.5,7628.75,7629.5,237
2026-06-16 07:37:00,7629.5,7631.75,7629.25,7631.5,164
2026-06-16 07:38:00,7631.5,7631.5,7630.5,7631.0,144
2026-06-16 07:39:00,7631.0,7631.75,7631.0,7631.5,216
2026-06-16 07:40:00,7631.5,7631.75,7631.0,7631.25,110
2026-06-16 07:41:00,7631.25,7633.25,7631.25,7633.0,238
2026-06-16 07:42:00,7633.0,7633.0,7632.0,7632.25,205
2026-06-16 07:43:00,7632.5,7633.25,7632.0,7632.5,126
2026-06-16 07:44:00,7632.75,7633.5,7632.75,7633.0,124
2026-06-16 07:45:00,7633.25,7634.25,7633.0,7633.5,311
2026-06-16 07:46:00,7633.5,7634.25,7633.25,7633.75,245
2026-06-16 07:47:00,7633.75,7634.25,7633.0,7633.25,79
2026-06-16 07:48:00,7633.0,7634.25,7632.5,7634.0,376
2026-06-16 07:49:00,7633.75,7634.0,7632.5,7632.5,132
2026-06-16 07:50:00,7632.5,7632.75,7631.5,7632.75,318
2026-06-16 07:51:00,7632.75,7633.5,7632.25,7632.25,150
2026-06-16 07:52:00,7632.5,7633.25,7632.25,7632.5,100
2026-06-16 07:53:00,7632.75,7632.75,7631.0,7631.25,194
2026-06-16 07:54:00,7631.25,7631.5,7630.5,7630.5,158
2026-06-16 07:55:00,7630.5,7631.75,7630.5,7631.25,112
2026-06-16 07:56:00,7631.25,7631.5,7630.75,7631.0,190
2026-06-16 07:57:00,7631.0,7631.5,7630.75,7631.25,120
2026-06-16 07:58:00,7631.25,7631.5,7631.0,7631.25,55
2026-06-16 07:59:00,7631.25,7631.5,7631.0,7631.25,125
2026-06-16 08:00:00,7631.25,7631.5,7630.25,7630.5,175
2026-06-16 08:01:00,7630.5,7632.75,7630.5,7632.0,263
2026-06-16 08:02:00,7632.0,7632.25,7631.5,7632.0,104
2026-06-16 08:03:00,7632.5,7632.5,7631.75,7632.25,112
2026-06-16 08:04:00,7632.5,7633.25,7630.75,7630.75,410
2026-06-16 08:05:00,7630.75,7632.25,7630.5,7631.75,372
2026-06-16 08:06:00,7631.75,7633.25,7631.75,7632.75,154
2026-06-16 08:07:00,7632.75,7633.25,7632.5,7633.25,202
2026-06-16 08:08:00,7633.25,7634.25,7633.25,7633.75,408
2026-06-16 08:09:00,7633.75,7634.25,7633.5,7634.0,297
2026-06-16 08:10:00,7634.0,7634.75,7633.25,7633.5,404
2026-06-16 08:11:00,7633.25,7633.5,7632.5,7632.75,151
2026-06-16 08:12:00,7632.5,7633.0,7631.0,7631.75,458
2026-06-16 08:13:00,7631.5,7632.0,7631.0,7631.5,394
2026-06-16 08:14:00,7631.5,7632.0,7631.25,7631.25,246
2026-06-16 08:15:00,7631.0,7631.5,7630.25,7631.25,348
2026-06-16 08:16:00,7631.0,7631.25,7629.25,7629.25,350
2026-06-16 08:17:00,7629.25,7630.75,7629.25,7630.25,397
2026-06-16 08:18:00,7630.0,7630.5,7628.25,7628.25,632
2026-06-16 08:19:00,7628.25,7629.5,7628.0,7629.25,333
2026-06-16 08:20:00,7629.0,7629.25,7626.0,7626.25,756
2026-06-16 08:21:00,7626.0,7626.25,7624.0,7624.75,1105
2026-06-16 08:22:00,7625.0,7626.25,7624.25,7625.25,726
2026-06-16 08:23:00,7625.25,7626.75,7624.75,7625.75,442
2026-06-16 08:24:00,7625.75,7626.0,7622.75,7623.25,884
2026-06-16 08:25:00,7623.25,7624.25,7622.5,7623.5,884
2026-06-16 08:26:00,7623.5,7625.0,7623.0,7623.25,686
2026-06-16 08:27:00,7623.5,7624.0,7621.75,7622.5,951
2026-06-16 08:28:00,7622.25,7625.0,7622.25,7624.0,808
2026-06-16 08:29:00,7624.25,7626.0,7624.0,7625.5,578
2026-06-16 08:30:00,7625.5,7626.75,7624.5,7625.0,785
2026-06-16 08:31:00,7624.5,7626.5,7622.75,7623.5,865
2026-06-16 08:32:00,7623.5,7624.5,7622.25,7623.5,570
2026-06-16 08:33:00,7623.75,7625.0,7623.25,7624.5,330
2026-06-16 08:34:00,7624.25,7626.5,7624.0,7626.5,525
2026-06-16 08:35:00,7626.25,7627.0,7625.25,7626.0,431
2026-06-16 08:36:00,7626.0,7626.25,7624.5,7624.5,602
2026-06-16 08:37:00,7624.5,7626.0,7624.25,7625.0,364
2026-06-16 08:38:00,7625.0,7626.0,7624.0,7624.75,239
2026-06-16 08:39:00,7624.75,7625.25,7624.0,7625.0,449
2026-06-16 08:40:00,7624.75,7625.25,7623.75,7625.0,307
2026-06-16 08:41:00,7625.0,7625.75,7623.75,7624.0,300
2026-06-16 08:42:00,7624.0,7625.0,7623.25,7623.5,449
2026-06-16 08:43:00,7623.5,7624.0,7623.25,7623.5,393
2026-06-16 08:44:00,7623.75,7624.0,7623.5,7623.75,306
2026-06-16 08:45:00,7624.0,7625.5,7623.75,7625.0,470
2026-06-16 08:46:00,7624.75,7625.25,7624.0,7624.25,410
2026-06-16 08:47:00,7624.25,7625.25,7623.75,7624.25,314
2026-06-16 08:48:00,7624.25,7625.25,7623.75,7624.0,242
2026-06-16 08:49:00,7623.75,7625.0,7622.25,7624.25,1071
2026-06-16 08:50:00,7624.25,7627.0,7624.0,7626.75,965
2026-06-16 08:51:00,7626.75,7627.75,7626.25,7627.5,618
2026-06-16 08:52:00,7627.25,7627.5,7626.0,7626.25,356
2026-06-16 08:53:00,7626.25,7626.75,7625.25,7626.5,415
2026-06-16 08:54:00,7626.5,7627.0,7625.25,7627.0,490
2026-06-16 08:55:00,7627.0,7627.75,7626.5,7626.5,521
2026-06-16 08:56:00,7626.75,7628.75,7626.75,7627.0,642
2026-06-16 08:57:00,7627.25,7627.5,7626.5,7626.75,279
2026-06-16 08:58:00,7626.75,7627.5,7626.75,7627.0,518
2026-06-16 08:59:00,7627.0,7627.0,7625.0,7625.25,464
2026-06-16 09:00:00,7625.25,7626.5,7623.75,7625.0,995
2026-06-16 09:01:00,7625.0,7625.0,7624.0,7624.25,456
2026-06-16 09:02:00,7624.0,7626.5,7623.5,7626.5,707
2026-06-16 09:03:00,7626.25,7626.5,7625.25,7625.5,314
2026-06-16 09:04:00,7625.5,7627.0,7625.25,7625.75,715
2026-06-16 09:05:00,7625.75,7625.75,7623.5,7624.0,730
2026-06-16 09:06:00,7623.75,7624.25,7622.75,7623.25,627
2026-06-16 09:07:00,7623.5,7623.75,7622.25,7622.25,898
2026-06-16 09:08:00,7622.5,7623.0,7621.5,7622.0,724
2026-06-16 09:09:00,7622.0,7622.5,7620.75,7621.5,1148
2026-06-16 09:10:00,7621.75,7622.25,7620.75,7621.5,713
2026-06-16 09:11:00,7621.25,7623.5,7621.25,7623.25,667
2026-06-16 09:12:00,7623.5,7624.75,7623.0,7623.5,908
2026-06-16 09:13:00,7623.25,7624.75,7622.75,7624.5,438
2026-06-16 09:14:00,7624.75,7625.0,7624.0,7624.25,511
2026-06-16 09:15:00,7624.5,7624.75,7623.5,7624.0,613
2026-06-16 09:16:00,7623.75,7624.0,7622.0,7623.25,693
2026-06-16 09:17:00,7623.25,7625.5,7623.25,7625.5,513
2026-06-16 09:18:00,7625.25,7626.0,7624.5,7625.5,528
2026-06-16 09:19:00,7625.25,7626.75,7625.25,7626.5,500
2026-06-16 09:20:00,7626.25,7627.5,7626.25,7627.5,746
2026-06-16 09:21:00,7627.5,7628.0,7626.75,7627.75,494
2026-06-16 09:22:00,7627.5,7627.5,7627.0,7627.0,445
2026-06-16 09:23:00,7627.0,7628.0,7627.0,7627.5,262
2026-06-16 09:24:00,7627.5,7628.25,7627.0,7627.75,528
2026-06-16 09:25:00,7627.75,7628.0,7626.75,7627.5,836
2026-06-16 09:26:00,7627.5,7628.25,7627.0,7628.0,503
2026-06-16 09:27:00,7628.0,7629.0,7626.5,7627.25,991
2026-06-16 09:28:00,7627.25,7629.5,7627.25,7628.5,1148
2026-06-16 09:29:00,7629.0,7630.75,7627.75,7628.0,2351
2026-06-16 09:30:00,7628.0,7629.5,7624.25,7628.75,9207
2026-06-16 09:31:00,7628.5,7632.5,7626.25,7632.25,5801
2026-06-16 09:32:00,7632.25,7635.75,7632.0,7634.5,4879
2026-06-16 09:33:00,7634.75,7636.5,7632.0,7632.5,5193
2026-06-16 09:34:00,7632.5,7635.0,7630.5,7634.75,4514
2026-06-16 09:35:00,7634.5,7636.5,7634.0,7634.5,4683
2026-06-16 09:36:00,7634.5,7635.25,7632.25,7632.75,4848
2026-06-16 09:37:00,7632.75,7635.0,7631.0,7634.5,4200
2026-06-16 09:38:00,7634.75,7635.25,7632.25,7632.75,2455
2026-06-16 09:39:00,7633.0,7633.0,7629.75,7630.0,3459
2026-06-16 09:40:00,7629.75,7634.25,7628.5,7633.5,6693
2026-06-16 09:41:00,7633.25,7635.0,7631.75,7634.25,3314
2026-06-16 09:42:00,7634.25,7634.25,7631.5,7632.75,2184
2026-06-16 09:43:00,7632.75,7633.5,7630.75,7632.25,3366
2026-06-16 09:44:00,7632.5,7632.75,7628.75,7630.5,2990
2026-06-16 09:45:00,7630.25,7632.0,7628.75,7628.75,3224
2026-06-16 09:46:00,7629.0,7633.25,7628.75,7633.25,3027
2026-06-16 09:47:00,7633.25,7635.0,7631.5,7634.75,3367
2026-06-16 09:48:00,7634.75,7635.25,7632.25,7635.0,3818
2026-06-16 09:49:00,7635.0,7636.25,7632.5,7633.5,3053
2026-06-16 09:50:00,7633.5,7634.75,7632.5,7634.25,2270
2026-06-16 09:51:00,7634.25,7635.25,7633.0,7633.75,1894
2026-06-16 09:52:00,7634.0,7634.5,7630.5,7631.0,2914
2026-06-16 09:53:00,7631.25,7632.0,7630.0,7631.75,1890
2026-06-16 09:54:00,7631.75,7633.5,7630.75,7631.25,1553
2026-06-16 09:55:00,7631.5,7632.25,7629.75,7630.25,2592
2026-06-16 09:56:00,7630.25,7630.75,7627.0,7629.25,4798
2026-06-16 09:57:00,7629.25,7629.5,7624.75,7626.5,4705
2026-06-16 09:58:00,7626.75,7629.0,7626.0,7626.25,2791
2026-06-16 09:59:00,7626.25,7627.25,7621.75,7622.75,5844
2026-06-16 10:00:00,7622.75,7627.25,7622.5,7626.0,5776
2026-06-16 10:01:00,7626.25,7628.0,7625.5,7626.5,3468
2026-06-16 10:02:00,7626.5,7628.0,7625.75,7625.75,2654
2026-06-16 10:03:00,7626.0,7626.75,7623.5,7626.25,3809
2026-06-16 10:04:00,7626.25,7629.5,7625.5,7628.5,3547
2026-06-16 10:05:00,7628.5,7629.0,7624.0,7624.0,3441
2026-06-16 10:06:00,7624.0,7626.25,7623.5,7625.25,2128
2026-06-16 10:07:00,7625.5,7629.0,7624.75,7628.75,2584
2026-06-16 10:08:00,7628.75,7632.0,7628.0,7632.0,5537
2026-06-16 10:09:00,7632.0,7633.0,7629.25,7633.0,2968
2026-06-16 10:10:00,7633.0,7634.25,7632.0,7632.5,3457
2026-06-16 10:11:00,7632.5,7633.25,7629.5,7631.25,3376
2026-06-16 10:12:00,7631.25,7632.75,7630.5,7631.25,1783
2026-06-16 10:13:00,7631.5,7633.25,7630.25,7630.75,1669
2026-06-16 10:14:00,7631.0,7631.0,7628.0,7630.25,3622
2026-06-16 10:15:00,7630.5,7632.75,7629.5,7630.0,2966
2026-06-16 10:16:00,7630.25,7630.75,7626.0,7626.0,4027
2026-06-16 10:17:00,7626.25,7627.75,7624.5,7625.0,3797
2026-06-16 10:18:00,7625.0,7627.25,7624.5,7625.75,3450
2026-06-16 10:19:00,7625.75,7626.5,7620.25,7621.75,7046
2026-06-16 10:20:00,7621.5,7624.0,7619.5,7622.75,6510
2026-06-16 10:21:00,7622.5,7625.25,7619.25,7619.75,5507
2026-06-16 10:22:00,7620.0,7620.25,7616.25,7618.25,6681
2026-06-16 10:23:00,7618.5,7618.5,7613.5,7614.5,5906
2026-06-16 10:24:00,7614.5,7617.75,7613.0,7617.25,5066
2026-06-16 10:25:00,7617.25,7619.75,7616.5,7617.75,4767
2026-06-16 10:26:00,7617.75,7621.25,7616.75,7617.5,5590
2026-06-16 10:27:00,7617.5,7618.0,7612.5,7614.0,5572
2026-06-16 10:28:00,7614.25,7617.75,7613.5,7613.75,3982
2026-06-16 10:29:00,7613.75,7614.75,7612.0,7612.0,4339
2026-06-16 10:30:00,7612.25,7612.5,7607.5,7607.75,7386
2026-06-16 10:31:00,7608.0,7610.0,7605.0,7605.75,5427
2026-06-16 10:32:00,7605.75,7610.0,7604.75,7607.5,5381
2026-06-16 10:33:00,7607.5,7609.75,7604.0,7607.0,5161
2026-06-16 10:34:00,7607.0,7609.5,7606.25,7606.75,3927
2026-06-16 10:35:00,7607.0,7611.5,7606.25,7609.5,5214
2026-06-16 10:36:00,7609.5,7613.5,7609.0,7612.0,5493
2026-06-16 10:37:00,7612.0,7614.75,7609.25,7614.5,5411
2026-06-16 10:38:00,7614.25,7615.75,7613.25,7614.75,3745
2026-06-16 10:39:00,7614.75,7617.75,7614.0,7617.75,4287
2026-06-16 10:40:00,7617.5,7620.5,7615.0,7620.0,4532
2026-06-16 10:41:00,7620.0,7621.5,7618.5,7619.0,4147
2026-06-16 10:42:00,7619.25,7619.5,7616.25,7618.25,3507
2026-06-16 10:43:00,7618.5,7618.5,7615.75,7616.75,2767
2026-06-16 10:44:00,7616.5,7618.0,7614.25,7614.25,3595
2026-06-16 10:45:00,7614.25,7615.25,7612.0,7612.75,3631
2026-06-16 10:46:00,7612.75,7616.25,7612.75,7615.25,3204
2026-06-16 10:47:00,7615.25,7615.5,7611.5,7612.0,2894
2026-06-16 10:48:00,7612.25,7614.75,7611.5,7611.75,2768
2026-06-16 10:49:00,7611.75,7614.75,7611.5,7613.0,1471
2026-06-16 10:50:00,7612.75,7616.0,7612.5,7614.25,2574
2026-06-16 10:51:00,7614.0,7617.5,7613.75,7615.75,3327
2026-06-16 10:52:00,7616.0,7618.25,7613.25,7617.75,2973
2026-06-16 10:53:00,7618.0,7619.0,7614.5,7615.0,4652
2026-06-16 10:54:00,7615.0,7616.0,7613.0,7613.75,2946
2026-06-16 10:55:00,7613.75,7614.5,7610.0,7610.5,4571
2026-06-16 10:56:00,7610.75,7615.0,7610.25,7612.75,3696
2026-06-16 10:57:00,7612.75,7616.0,7611.75,7613.0,2582
2026-06-16 10:58:00,7613.0,7614.5,7609.25,7609.5,3911
2026-06-16 10:59:00,7609.5,7611.25,7606.5,7611.25,4762
2026-06-16 11:00:00,7611.0,7613.5,7611.0,7611.75,3703
2026-06-16 11:01:00,7611.5,7613.5,7610.0,7612.5,2682
2026-06-16 11:02:00,7612.75,7614.25,7611.75,7614.25,2619
2026-06-16 11:03:00,7614.0,7615.25,7611.75,7615.0,2980
2026-06-16 11:04:00,7615.0,7616.25,7613.0,7615.0,3036
2026-06-16 11:05:00,7615.25,7616.75,7611.5,7616.5,3330
2026-06-16 11:06:00,7616.25,7618.0,7615.25,7617.25,3409
2026-06-16 11:07:00,7617.25,7617.25,7614.5,7614.5,1717
2026-06-16 11:08:00,7615.0,7617.25,7613.5,7616.5,1975
2026-06-16 11:09:00,7616.25,7617.25,7614.75,7616.0,1937
2026-06-16 11:10:00,7616.25,7619.25,7614.75,7619.25,2797
2026-06-16 11:11:00,7619.0,7619.25,7615.25,7615.75,2069
2026-06-16 11:12:00,7615.75,7616.25,7612.75,7614.25,2717
2026-06-16 11:13:00,7614.25,7617.5,7614.0,7615.75,1775
2026-06-16 11:14:00,7615.75,7617.0,7614.5,7616.0,1412
2026-06-16 11:15:00,7615.75,7618.0,7615.25,7617.0,1386
2026-06-16 11:16:00,7617.0,7618.5,7616.25,7617.5,1037
2026-06-16 11:17:00,7617.5,7617.5,7613.75,7613.75,1753
2026-06-16 11:18:00,7614.0,7614.5,7611.75,7614.0,1990
2026-06-16 11:19:00,7614.0,7615.0,7611.75,7612.0,2380
2026-06-16 11:20:00,7612.0,7612.75,7609.5,7610.0,3280
2026-06-16 11:21:00,7610.0,7614.5,7609.75,7611.0,2689
2026-06-16 11:22:00,7611.0,7611.5,7607.75,7608.25,3481
2026-06-16 11:23:00,7608.25,7612.25,7608.0,7610.0,2556
2026-06-16 11:24:00,7610.0,7611.5,7607.5,7611.0,2470
2026-06-16 11:25:00,7610.5,7612.75,7610.5,7611.75,1864
2026-06-16 11:26:00,7611.75,7612.25,7606.75,7606.75,3128
2026-06-16 11:27:00,7607.0,7609.25,7606.5,7606.5,2242
2026-06-16 11:28:00,7606.5,7608.75,7604.5,7608.25,4262
2026-06-16 11:29:00,7608.25,7610.5,7607.5,7608.0,2820
2026-06-16 11:30:00,7608.25,7611.5,7608.0,7611.25,2813
2026-06-16 11:31:00,7611.0,7611.75,7608.75,7610.75,1958
2026-06-16 11:32:00,7610.75,7612.75,7608.75,7612.0,2193
2026-06-16 11:33:00,7612.0,7614.0,7609.0,7613.25,3574
2026-06-16 11:34:00,7613.5,7615.0,7612.25,7613.5,3422
2026-06-16 11:35:00,7613.5,7616.5,7613.5,7616.0,2914
2026-06-16 11:36:00,7615.75,7616.0,7612.0,7612.5,2061
2026-06-16 11:37:00,7612.5,7613.25,7611.0,7611.25,2377
2026-06-16 11:38:00,7611.5,7613.25,7610.0,7610.25,1949
2026-06-16 11:39:00,7610.5,7610.75,7608.25,7610.25,2937
2026-06-16 11:40:00,7610.5,7611.0,7608.75,7610.5,1663
2026-06-16 11:41:00,7610.25,7611.75,7608.0,7609.0,2177
2026-06-16 11:42:00,7609.0,7609.25,7606.75,7607.0,2194
2026-06-16 11:43:00,7607.0,7608.75,7605.75,7606.25,2469
2026-06-16 11:44:00,7606.5,7608.25,7606.0,7606.75,1396
2026-06-16 11:45:00,7606.75,7608.25,7604.0,7604.25,3714
2026-06-16 11:46:00,7604.0,7605.5,7600.0,7600.25,5907
2026-06-16 11:47:00,7600.5,7603.25,7598.75,7601.25,6396
2026-06-16 11:48:00,7601.25,7603.25,7600.0,7602.0,3975
2026-06-16 11:49:00,7601.75,7605.25,7601.25,7604.25,2805
2026-06-16 11:50:00,7604.5,7607.75,7602.25,7607.5,4198
2026-06-16 11:51:00,7607.5,7609.25,7604.5,7608.75,3835
2026-06-16 11:52:00,7608.75,7610.0,7606.75,7610.0,3305
2026-06-16 11:53:00,7610.0,7612.75,7609.25,7612.5,3360
2026-06-16 11:54:00,7612.5,7614.75,7611.0,7614.25,4689
2026-06-16 11:55:00,7614.25,7614.5,7611.75,7613.0,2637
2026-06-16 11:56:00,7613.0,7615.0,7611.0,7614.5,2814
2026-06-16 11:57:00,7614.5,7616.75,7613.5,7616.25,3225
2026-06-16 11:58:00,7616.0,7616.25,7609.75,7611.0,4159
2026-06-16 11:59:00,7611.0,7613.25,7609.75,7610.0,2663
2026-06-16 12:00:00,7609.75,7614.75,7609.5,7614.75,2545
2026-06-16 12:01:00,7614.5,7618.25,7614.0,7617.0,5090
2026-06-16 12:02:00,7617.25,7618.75,7616.75,7618.0,2681
2026-06-16 12:03:00,7618.0,7618.75,7616.75,7618.5,2198
2026-06-16 12:04:00,7618.5,7618.75,7615.25,7615.75,2380
2026-06-16 12:05:00,7616.0,7619.5,7615.75,7617.75,2222
2026-06-16 12:06:00,7617.5,7618.75,7616.25,7616.75,1656
2026-06-16 12:07:00,7617.0,7617.75,7615.5,7616.75,1672
2026-06-16 12:08:00,7616.75,7617.25,7615.25,7615.75,1605
2026-06-16 12:09:00,7616.0,7618.0,7615.5,7617.75,949
2026-06-16 12:10:00,7617.75,7618.5,7616.5,7617.5,1644
2026-06-16 12:11:00,7617.25,7618.5,7616.25,7618.25,1154
2026-06-16 12:12:00,7618.25,7620.75,7617.75,7620.75,2610
2026-06-16 12:13:00,7620.5,7622.5,7620.0,7620.25,3299
2026-06-16 12:14:00,7620.5,7621.5,7619.0,7619.0,1368
2026-06-16 12:15:00,7619.25,7620.5,7618.0,7619.25,2205
2026-06-16 12:16:00,7619.5,7621.25,7618.0,7618.5,1509
2026-06-16 12:17:00,7618.5,7618.75,7615.5,7616.0,2925
2026-06-16 12:18:00,7616.0,7619.75,7615.5,7619.0,1988
2026-06-16 12:19:00,7618.75,7619.25,7617.0,7619.0,916
2026-06-16 12:20:00,7619.0,7619.25,7617.0,7618.25,856
2026-06-16 12:21:00,7618.25,7620.25,7618.25,7620.0,1089
2026-06-16 12:22:00,7619.75,7621.75,7617.5,7618.25,2757
2026-06-16 12:23:00,7618.5,7619.0,7616.5,7618.25,2295
2026-06-16 12:24:00,7618.0,7618.75,7617.0,7618.0,892
2026-06-16 12:25:00,7617.75,7619.0,7616.75,7617.5,1290
2026-06-16 12:26:00,7617.75,7617.75,7614.5,7615.0,2081
2026-06-16 12:27:00,7615.0,7615.75,7614.25,7614.75,1702
2026-06-16 12:28:00,7614.5,7618.25,7614.5,7617.25,1762
2026-06-16 12:29:00,7617.25,7617.5,7615.5,7616.25,942
2026-06-16 12:30:00,7616.25,7617.25,7613.5,7613.5,1866
2026-06-16 12:31:00,7613.75,7614.75,7609.5,7609.5,3407
2026-06-16 12:32:00,7609.75,7611.75,7608.5,7609.0,3044
2026-06-16 12:33:00,7609.25,7610.5,7608.0,7609.75,2553
2026-06-16 12:34:00,7609.5,7609.75,7607.0,7607.25,1891
2026-06-16 12:35:00,7607.25,7611.0,7607.0,7610.25,2868
2026-06-16 12:36:00,7610.0,7610.5,7607.0,7608.0,2379
2026-06-16 12:37:00,7608.0,7608.25,7606.75,7607.5,1457
2026-06-16 12:38:00,7607.75,7609.25,7606.75,7608.5,1907
2026-06-16 12:39:00,7608.25,7610.5,7606.75,7610.25,1870
2026-06-16 12:40:00,7610.25,7611.5,7608.25,7610.0,2141
2026-06-16 12:41:00,7609.75,7612.75,7609.75,7611.75,2269
2026-06-16 12:42:00,7611.75,7613.0,7610.5,7612.25,2023
2026-06-16 12:43:00,7612.25,7615.0,7611.75,7615.0,2295
2026-06-16 12:44:00,7614.75,7615.0,7612.75,7613.25,1485
2026-06-16 12:45:00,7613.25,7613.25,7610.0,7611.25,2279
2026-06-16 12:46:00,7611.25,7614.75,7611.0,7614.5,1472
2026-06-16 12:47:00,7614.5,7615.0,7613.75,7613.75,1291
2026-06-16 12:48:00,7613.5,7614.0,7610.75,7610.75,1336
2026-06-16 12:49:00,7610.75,7611.5,7610.0,7610.5,2411
2026-06-16 12:50:00,7610.75,7613.75,7610.75,7613.5,1502
2026-06-16 12:51:00,7613.0,7613.75,7610.25,7610.5,1028
2026-06-16 12:52:00,7610.25,7610.25,7607.25,7609.5,3311
2026-06-16 12:53:00,7609.5,7610.25,7607.5,7608.25,1715
2026-06-16 12:54:00,7608.25,7610.0,7608.0,7609.0,1955
2026-06-16 12:55:00,7609.0,7610.25,7607.5,7608.25,1943
2026-06-16 12:56:00,7608.0,7609.5,7606.5,7606.5,2030
2026-06-16 12:57:00,7606.5,7609.25,7606.0,7608.75,2673
2026-06-16 12:58:00,7608.75,7610.25,7608.0,7608.75,1378
2026-06-16 12:59:00,7608.75,7610.75,7608.0,7610.5,1058
2026-06-16 13:00:00,7610.5,7610.5,7606.75,7608.5,1683
2026-06-16 13:01:00,7608.5,7609.5,7607.5,7608.0,495
2026-06-16 13:02:00,7608.5,7609.75,7605.25,7606.25,1912
2026-06-16 13:03:00,7606.0,7608.5,7606.0,7608.25,1085
2026-06-16 13:04:00,7608.25,7609.25,7607.5,7607.75,1239
2026-06-16 13:05:00,7607.75,7607.75,7605.5,7606.0,1361
2026-06-16 13:06:00,7606.0,7608.0,7605.5,7606.5,1110
2026-06-16 13:07:00,7606.75,7608.0,7605.0,7605.75,1092
2026-06-16 13:08:00,7606.0,7607.5,7605.5,7606.5,618
2026-06-16 13:09:00,7606.25,7608.0,7606.25,7607.5,661
2026-06-16 13:10:00,7607.5,7609.5,7607.0,7608.25,1558
2026-06-16 13:11:00,7608.5,7609.5,7607.25,7607.5,1088
2026-06-16 13:12:00,7607.25,7610.0,7607.0,7609.75,1191
2026-06-16 13:13:00,7609.75,7611.5,7609.25,7610.75,1996
2026-06-16 13:14:00,7610.75,7611.25,7608.75,7609.25,1418
2026-06-16 13:15:00,7609.25,7610.25,7608.25,7609.0,1535
2026-06-16 13:16:00,7609.0,7610.25,7607.75,7608.75,1089
2026-06-16 13:17:00,7608.75,7610.75,7608.25,7610.25,764
2026-06-16 13:18:00,7610.25,7610.5,7608.25,7608.75,1226
2026-06-16 13:19:00,7608.75,7608.75,7604.25,7604.75,3068
2026-06-16 13:20:00,7604.75,7605.75,7603.75,7604.75,1820
2026-06-16 13:21:00,7604.75,7606.25,7603.25,7603.75,1706
2026-06-16 13:22:00,7603.75,7604.75,7602.0,7602.5,2046
2026-06-16 13:23:00,7602.75,7606.25,7602.5,7605.5,1896
2026-06-16 13:24:00,7605.5,7607.5,7605.0,7607.0,1370
2026-06-16 13:25:00,7607.0,7607.75,7605.25,7605.25,1221
2026-06-16 13:26:00,7605.5,7606.5,7604.25,7606.0,927
2026-06-16 13:27:00,7606.0,7607.0,7605.25,7606.25,926
2026-06-16 13:28:00,7606.5,7607.0,7604.5,7607.0,964
2026-06-16 13:29:00,7606.75,7608.25,7605.5,7605.75,1136
2026-06-16 13:30:00,7605.75,7605.75,7603.5,7603.75,1254
2026-06-16 13:31:00,7603.5,7604.75,7603.25,7604.75,1485
2026-06-16 13:32:00,7604.5,7605.25,7603.5,7604.5,934
2026-06-16 13:33:00,7604.5,7606.5,7604.5,7605.25,906
2026-06-16 13:34:00,7605.5,7606.75,7604.75,7604.75,669
2026-06-16 13:35:00,7605.0,7605.75,7603.5,7604.0,1174
2026-06-16 13:36:00,7603.75,7605.0,7603.5,7604.5,529
2026-06-16 13:37:00,7604.5,7604.75,7602.0,7602.25,1259
2026-06-16 13:38:00,7602.0,7602.75,7599.75,7600.25,2331
2026-06-16 13:39:00,7600.25,7601.5,7598.75,7600.75,1902
2026-06-16 13:40:00,7600.75,7601.0,7599.0,7599.5,1288
2026-06-16 13:41:00,7599.5,7602.75,7599.5,7602.5,2240
2026-06-16 13:42:00,7602.5,7604.0,7601.5,7604.0,1844
2026-06-16 13:43:00,7604.0,7605.5,7603.0,7605.5,1707
2026-06-16 13:44:00,7605.25,7606.0,7603.5,7603.5,1338
2026-06-16 13:45:00,7603.5,7605.75,7603.25,7605.0,1148
2026-06-16 13:46:00,7604.75,7605.0,7601.25,7602.0,1622
2026-06-16 13:47:00,7602.25,7605.0,7602.25,7604.75,1073
2026-06-16 13:48:00,7604.5,7604.75,7602.75,7603.25,968
2026-06-16 13:49:00,7603.0,7605.5,7603.0,7605.5,1150
2026-06-16 13:50:00,7605.75,7606.5,7604.25,7606.0,1461
2026-06-16 13:51:00,7605.75,7607.0,7605.5,7606.25,1123
2026-06-16 13:52:00,7606.25,7608.25,7606.25,7608.0,1305
2026-06-16 13:53:00,7607.75,7609.0,7607.0,7607.75,1286
2026-06-16 13:54:00,7607.5,7610.0,7607.25,7609.5,1716
2026-06-16 13:55:00,7609.75,7610.0,7609.0,7609.5,907
2026-06-16 13:56:00,7609.75,7611.5,7609.25,7610.25,1534
2026-06-16 13:57:00,7610.0,7610.0,7608.0,7608.0,1353
2026-06-16 13:58:00,7608.0,7608.75,7605.25,7606.0,2057
2026-06-16 13:59:00,7605.75,7606.25,7605.25,7606.0,1103
2026-06-16 14:00:00,7605.75,7607.0,7604.75,7605.75,1665
2026-06-16 14:01:00,7605.5,7606.25,7604.0,7606.0,1252
2026-06-16 14:02:00,7606.0,7607.25,7605.5,7607.0,1037
2026-06-16 14:03:00,7607.0,7607.75,7605.25,7606.0,1243
2026-06-16 14:04:00,7606.25,7606.5,7605.0,7606.25,1230
2026-06-16 14:05:00,7606.25,7606.75,7605.25,7605.5,931
2026-06-16 14:06:00,7605.5,7605.75,7603.75,7604.75,1479
2026-06-16 14:07:00,7604.25,7605.25,7603.5,7605.0,890
2026-06-16 14:08:00,7605.0,7606.0,7604.25,7604.25,634
2026-06-16 14:09:00,7604.25,7605.0,7603.75,7604.0,753
2026-06-16 14:10:00,7604.25,7605.25,7603.75,7605.0,697
2026-06-16 14:11:00,7604.75,7605.25,7603.75,7605.0,366
2026-06-16 14:12:00,7605.0,7606.25,7605.0,7606.25,659
2026-06-16 14:13:00,7606.25,7606.5,7605.0,7605.5,583
2026-06-16 14:14:00,7605.5,7605.5,7604.25,7604.75,541
2026-06-16 14:15:00,7604.5,7605.25,7602.0,7602.75,1932
2026-06-16 14:16:00,7602.75,7603.5,7601.5,7602.25,1187
2026-06-16 14:17:00,7602.25,7604.25,7601.5,7604.25,926
2026-06-16 14:18:00,7604.25,7605.0,7603.0,7604.5,930
2026-06-16 14:19:00,7604.5,7605.5,7602.5,7603.5,856
2026-06-16 14:20:00,7603.5,7604.0,7602.5,7603.75,612
2026-06-16 14:21:00,7603.5,7604.75,7603.25,7603.75,589
2026-06-16 14:22:00,7603.75,7604.75,7603.25,7604.5,672
2026-06-16 14:23:00,7604.5,7606.0,7604.25,7604.75,822
2026-06-16 14:24:00,7604.5,7604.75,7603.75,7604.5,674
2026-06-16 14:25:00,7604.25,7605.75,7604.0,7605.75,856
2026-06-16 14:26:00,7605.75,7607.5,7605.5,7607.5,1364
2026-06-16 14:27:00,7607.25,7607.5,7605.75,7606.75,1089
2026-06-16 14:28:00,7606.75,7606.75,7604.5,7604.75,1020
2026-06-16 14:29:00,7604.75,7606.25,7604.5,7605.25,401
2026-06-16 14:30:00,7605.25,7606.5,7602.25,7603.5,1679
2026-06-16 14:31:00,7603.75,7604.75,7603.0,7603.75,749
2026-06-16 14:32:00,7603.75,7604.5,7603.0,7603.5,596
2026-06-16 14:33:00,7603.75,7603.75,7602.0,7603.5,1090
2026-06-16 14:34:00,7603.5,7604.75,7603.0,7603.0,816
2026-06-16 14:35:00,7602.75,7603.5,7601.5,7602.25,1644
2026-06-16 14:36:00,7602.5,7604.25,7601.75,7603.5,1054
2026-06-16 14:37:00,7603.75,7605.25,7603.25,7604.5,994
2026-06-16 14:38:00,7604.5,7606.0,7604.25,7605.75,920
2026-06-16 14:39:00,7605.75,7606.5,7604.25,7605.0,1019
2026-06-16 14:40:00,7605.0,7606.0,7604.75,7605.5,503
2026-06-16 14:41:00,7605.25,7605.75,7603.5,7604.75,523
2026-06-16 14:42:00,7604.75,7605.25,7603.25,7605.25,655
2026-06-16 14:43:00,7605.25,7606.0,7605.0,7605.25,654
2026-06-16 14:44:00,7605.0,7606.0,7605.0,7605.25,566
2026-06-16 14:45:00,7605.25,7606.25,7604.75,7604.75,756
2026-06-16 14:46:00,7604.5,7606.0,7604.5,7605.5,358
2026-06-16 14:47:00,7605.25,7606.75,7605.25,7605.75,673
2026-06-16 14:48:00,7605.75,7606.5,7605.0,7605.25,594
2026-06-16 14:49:00,7605.25,7605.25,7602.0,7602.25,1488
2026-06-16 14:50:00,7602.25,7603.75,7602.0,7603.0,657
2026-06-16 14:51:00,7602.75,7603.5,7602.75,7603.5,283
2026-06-16 14:52:00,7603.25,7604.0,7602.25,7603.0,637
2026-06-16 14:53:00,7603.0,7603.0,7601.25,7602.5,986
2026-06-16 14:54:00,7602.25,7603.0,7601.5,7602.5,614
2026-06-16 14:55:00,7602.5,7603.0,7602.0,7602.25,471
2026-06-16 14:56:00,7602.5,7604.5,7602.5,7603.5,1106
2026-06-16 14:57:00,7603.5,7603.5,7601.5,7602.0,705
2026-06-16 14:58:00,7601.75,7602.0,7600.5,7601.5,1284
2026-06-16 14:59:00,7601.75,7602.5,7601.75,7602.0,768
2026-06-16 15:00:00,7601.75,7602.0,7598.75,7598.75,2098
2026-06-16 15:01:00,7598.75,7599.75,7597.75,7599.5,2403
2026-06-16 15:02:00,7599.5,7599.75,7597.75,7598.25,1175
2026-06-16 15:03:00,7598.25,7600.75,7598.0,7600.5,1328
2026-06-16 15:04:00,7600.25,7603.0,7600.25,7601.75,2226
2026-06-16 15:05:00,7601.75,7601.75,7597.0,7597.75,2199
2026-06-16 15:06:00,7597.75,7600.25,7597.5,7599.25,1417
2026-06-16 15:07:00,7599.25,7601.25,7599.25,7601.0,896
2026-06-16 15:08:00,7600.75,7601.0,7598.75,7599.0,968
2026-06-16 15:09:00,7599.0,7599.5,7597.5,7598.0,1326
2026-06-16 15:10:00,7598.0,7599.25,7595.75,7596.0,2777
2026-06-16 15:11:00,7596.0,7596.75,7595.0,7596.0,2978
2026-06-16 15:12:00,7596.25,7596.25,7593.5,7593.5,2733
2026-06-16 15:13:00,7593.5,7594.5,7592.75,7593.5,2240
2026-06-16 15:14:00,7593.25,7594.25,7592.5,7593.75,2041
2026-06-16 15:15:00,7593.75,7593.75,7589.5,7589.75,4012
2026-06-16 15:16:00,7590.0,7590.5,7584.75,7587.25,5612
2026-06-16 15:17:00,7587.5,7590.25,7585.75,7590.0,3698
2026-06-16 15:18:00,7590.0,7591.25,7589.0,7590.25,2531
2026-06-16 15:19:00,7590.25,7594.25,7589.75,7594.0,3252
2026-06-16 15:20:00,7594.0,7596.5,7592.75,7596.25,3417
2026-06-16 15:21:00,7596.5,7597.75,7595.75,7596.75,2730
2026-06-16 15:22:00,7597.0,7598.5,7595.75,7596.5,1842
2026-06-16 15:23:00,7596.5,7597.75,7595.0,7597.5,1481
2026-06-16 15:24:00,7597.25,7599.0,7597.25,7598.5,1528
2026-06-16 15:25:00,7598.25,7600.25,7597.75,7598.75,2144
2026-06-16 15:26:00,7599.0,7599.0,7596.0,7596.25,2300
2026-06-16 15:27:00,7596.0,7596.5,7594.75,7595.5,2075
2026-06-16 15:28:00,7595.5,7596.0,7594.0,7596.0,1163
2026-06-16 15:29:00,7596.0,7597.5,7595.75,7596.25,1439
2026-06-16 15:30:00,7596.25,7597.25,7594.0,7596.25,1993
2026-06-16 15:31:00,7596.25,7597.25,7595.0,7595.75,1426
2026-06-16 15:32:00,7596.0,7597.25,7594.0,7595.25,1877
2026-06-16 15:33:00,7595.25,7595.75,7592.5,7593.75,1827
2026-06-16 15:34:00,7593.75,7593.75,7590.5,7591.0,2180
2026-06-16 15:35:00,7591.0,7595.0,7590.75,7592.0,2810
2026-06-16 15:36:00,7591.75,7592.25,7589.25,7590.75,2159
2026-06-16 15:37:00,7591.0,7592.25,7589.75,7590.5,1403
2026-06-16 15:38:00,7590.5,7591.25,7588.75,7589.75,1773
2026-06-16 15:39:00,7589.5,7590.5,7588.0,7588.75,1175
2026-06-16 15:40:00,7588.5,7592.0,7587.5,7590.5,2662
2026-06-16 15:41:00,7590.25,7591.75,7589.5,7590.75,1748
2026-06-16 15:42:00,7590.25,7592.25,7590.0,7590.75,1395
2026-06-16 15:43:00,7590.75,7593.0,7589.25,7592.0,1668
2026-06-16 15:44:00,7592.0,7594.75,7591.5,7594.5,2087
2026-06-16 15:45:00,7594.25,7595.0,7593.25,7593.75,2095
2026-06-16 15:46:00,7594.0,7594.75,7591.75,7593.25,2134
2026-06-16 15:47:00,7593.0,7593.25,7591.25,7591.5,1246
2026-06-16 15:48:00,7591.75,7591.75,7590.0,7590.75,1669
2026-06-16 15:49:00,7591.0,7593.25,7591.0,7592.5,1890
2026-06-16 15:50:00,7592.5,7597.5,7592.0,7594.25,6344
2026-06-16 15:51:00,7594.0,7595.25,7593.25,7594.5,2140
2026-06-16 15:52:00,7594.75,7595.0,7589.5,7590.0,2882
2026-06-16 15:53:00,7589.75,7591.75,7589.25,7589.25,2549
2026-06-16 15:54:00,7589.5,7596.0,7589.25,7595.0,4331
2026-06-16 15:55:00,7595.0,7595.5,7591.25,7595.5,3373
2026-06-16 15:56:00,7595.25,7596.75,7592.0,7592.25,2533
2026-06-16 15:57:00,7592.25,7592.25,7588.0,7589.5,3217
2026-06-16 15:58:00,7589.5,7591.25,7588.75,7590.75,2803
2026-06-16 15:59:00,7591.0,7592.5,7582.75,7588.0,14204
2026-06-16 16:00:00,7588.0,7588.75,7584.25,7586.25,4979
2026-06-16 16:01:00,7586.25,7586.5,7582.5,7585.0,2006
2026-06-16 16:02:00,7584.75,7585.5,7583.25,7584.5,888
2026-06-16 16:03:00,7584.75,7585.75,7584.0,7584.25,669
2026-06-16 16:04:00,7584.0,7584.25,7581.25,7583.75,1618
2026-06-16 16:05:00,7584.0,7586.0,7583.75,7585.75,807
2026-06-16 16:06:00,7585.5,7586.75,7584.75,7585.25,595
2026-06-16 16:07:00,7585.5,7586.75,7585.0,7585.0,418
2026-06-16 16:08:00,7585.25,7585.5,7584.25,7584.25,638
2026-06-16 16:09:00,7584.5,7584.75,7582.5,7583.0,732
2026-06-16 16:10:00,7583.0,7583.5,7581.25,7582.75,921
2026-06-16 16:11:00,7582.75,7583.25,7581.75,7583.0,424
2026-06-16 16:12:00,7582.75,7582.75,7581.25,7581.25,350
2026-06-16 16:13:00,7581.75,7583.75,7581.25,7582.75,526
2026-06-16 16:14:00,7582.75,7583.25,7581.75,7582.25,360
2026-06-16 16:15:00,7582.25,7582.75,7580.25,7580.75,617
2026-06-16 16:16:00,7580.75,7582.0,7579.0,7579.0,929
2026-06-16 16:17:00,7579.25,7579.5,7577.75,7579.0,799
2026-06-16 16:18:00,7579.25,7580.0,7578.5,7578.75,484
2026-06-16 16:19:00,7578.75,7579.5,7578.0,7579.5,442
2026-06-16 16:20:00,7579.5,7581.5,7579.0,7581.0,499
2026-06-16 16:21:00,7581.0,7582.25,7580.75,7581.75,371
2026-06-16 16:22:00,7581.75,7582.5,7581.0,7582.25,409
2026-06-16 16:23:00,7582.5,7583.5,7582.5,7583.25,469
2026-06-16 16:24:00,7583.25,7584.0,7582.75,7583.0,344
2026-06-16 16:25:00,7583.25,7584.75,7582.75,7584.5,292
2026-06-16 16:26:00,7584.75,7584.75,7583.0,7584.0,508
2026-06-16 16:27:00,7584.0,7584.0,7582.75,7583.5,158
2026-06-16 16:28:00,7583.25,7583.75,7583.0,7583.25,88
2026-06-16 16:29:00,7583.25,7583.75,7582.75,7582.75,133
2026-06-16 16:30:00,7582.75,7583.75,7582.75,7583.75,198
2026-06-16 16:31:00,7583.5,7584.75,7582.75,7582.75,226
2026-06-16 16:32:00,7582.75,7583.0,7582.25,7582.75,301
2026-06-16 16:33:00,7582.5,7583.25,7582.25,7582.75,195
2026-06-16 16:34:00,7582.5,7583.5,7582.5,7583.0,211
2026-06-16 16:35:00,7583.0,7583.5,7582.5,7582.5,162
2026-06-16 16:36:00,7582.5,7583.0,7582.25,7582.5,171
2026-06-16 16:37:00,7582.75,7582.75,7582.0,7582.25,129
2026-06-16 16:38:00,7582.0,7583.0,7581.75,7582.75,136
2026-06-16 16:39:00,7582.75,7584.25,7582.75,7584.25,180
2026-06-16 16:40:00,7584.0,7584.75,7583.5,7584.5,245
2026-06-16 16:41:00,7584.5,7585.25,7584.5,7584.5,261
2026-06-16 16:42:00,7584.75,7585.25,7584.5,7585.25,262
2026-06-16 16:43:00,7585.25,7585.75,7584.5,7585.0,362
2026-06-16 16:44:00,7584.75,7585.25,7584.5,7584.75,351
2026-06-16 16:45:00,7585.0,7585.75,7584.5,7585.5,437
2026-06-16 16:46:00,7585.5,7585.5,7584.25,7585.0,247
2026-06-16 16:47:00,7585.0,7585.0,7584.25,7584.25,195
2026-06-16 16:48:00,7584.5,7584.75,7584.5,7584.75,72
2026-06-16 16:49:00,7584.75,7585.5,7584.5,7585.25,116
2026-06-16 16:50:00,7585.0,7585.25,7584.75,7584.75,248
2026-06-16 16:51:00,7584.5,7584.75,7583.0,7583.5,193
2026-06-16 16:52:00,7583.75,7584.0,7583.25,7584.0,81
2026-06-16 16:53:00,7584.0,7584.25,7582.5,7582.75,234
2026-06-16 16:54:00,7583.0,7583.25,7582.5,7583.0,182
2026-06-16 16:55:00,7583.25,7583.25,7581.25,7582.25,351
2026-06-16 16:56:00,7582.25,7583.0,7582.0,7582.75,74
2026-06-16 16:57:00,7583.0,7583.25,7582.5,7583.0,121
2026-06-16 16:58:00,7583.0,7584.0,7582.5,7582.5,257
2026-06-16 16:59:00,7582.5,7583.75,7582.5,7583.5,221
2026-06-16 18:00:00,7583.5,7590.25,7583.0,7589.25,901
2026-06-16 18:01:00,7589.75,7590.75,7586.75,7587.5,1136
2026-06-16 18:02:00,7587.5,7588.25,7587.0,7588.25,165
2026-06-16 18:03:00,7588.25,7589.75,7587.25,7589.5,230
2026-06-16 18:04:00,7589.0,7589.5,7585.75,7586.25,235
2026-06-16 18:05:00,7586.5,7588.5,7585.75,7587.75,189
2026-06-16 18:06:00,7588.25,7590.75,7587.75,7590.25,196
2026-06-16 18:07:00,7590.25,7590.75,7589.0,7589.5,267
2026-06-16 18:08:00,7590.0,7591.0,7590.0,7590.5,222
2026-06-16 18:09:00,7590.0,7591.75,7589.5,7591.5,202
2026-06-16 18:10:00,7591.75,7593.25,7590.75,7592.25,400
2026-06-16 18:11:00,7592.25,7593.25,7591.75,7592.75,277
2026-06-16 18:12:00,7592.5,7592.75,7591.75,7592.25,112
2026-06-16 18:13:00,7591.75,7593.0,7591.75,7592.0,113
2026-06-16 18:14:00,7592.0,7592.25,7591.0,7591.25,200
2026-06-16 18:15:00,7591.75,7592.75,7591.25,7592.0,193
2026-06-16 18:16:00,7592.5,7592.75,7591.75,7592.75,59
2026-06-16 18:17:00,7592.25,7593.25,7591.25,7592.0,196
2026-06-16 18:18:00,7592.0,7593.25,7592.0,7592.0,126
2026-06-16 18:19:00,7592.25,7592.25,7591.0,7591.5,169
2026-06-16 18:20:00,7591.5,7593.75,7591.5,7591.5,229
2026-06-16 18:21:00,7591.5,7592.0,7589.5,7591.0,343
2026-06-16 18:22:00,7591.0,7592.0,7590.0,7592.0,175
2026-06-16 18:23:00,7592.25,7594.25,7592.25,7593.75,311
2026-06-16 18:24:00,7593.5,7595.25,7593.25,7594.75,373
2026-06-16 18:25:00,7594.75,7594.75,7594.0,7594.75,114
2026-06-16 18:26:00,7594.25,7595.0,7594.0,7594.5,134
2026-06-16 18:27:00,7594.5,7594.5,7594.0,7594.25,82
2026-06-16 18:28:00,7594.25,7594.5,7593.5,7593.75,88
2026-06-16 18:29:00,7593.75,7594.75,7593.25,7593.75,119
2026-06-16 18:30:00,7593.5,7594.75,7593.5,7594.25,163
2026-06-16 18:31:00,7594.25,7595.75,7593.75,7595.5,205
2026-06-16 18:32:00,7595.25,7596.25,7595.25,7596.0,224
2026-06-16 18:33:00,7596.0,7596.5,7595.75,7596.0,153
2026-06-16 18:34:00,7596.25,7596.5,7595.5,7595.75,97
2026-06-16 18:35:00,7595.75,7596.25,7595.0,7595.5,115
2026-06-16 18:36:00,7595.25,7595.75,7594.5,7594.5,190
2026-06-16 18:37:00,7594.5,7595.75,7594.5,7595.25,97
2026-06-16 18:38:00,7595.5,7596.25,7595.0,7595.5,196
2026-06-16 18:39:00,7595.5,7595.75,7595.0,7595.0,43
2026-06-16 18:40:00,7595.25,7595.25,7595.0,7595.25,44
2026-06-16 18:41:00,7595.25,7595.25,7594.5,7595.0,61
2026-06-16 18:42:00,7595.0,7595.25,7594.5,7594.75,66
2026-06-16 18:43:00,7594.75,7594.75,7593.25,7593.25,151
2026-06-16 18:44:00,7593.25,7593.75,7590.75,7593.75,658
2026-06-16 18:45:00,7593.75,7594.25,7592.75,7593.25,162
2026-06-16 18:46:00,7593.5,7594.0,7592.75,7594.0,116
2026-06-16 18:47:00,7593.75,7594.5,7593.5,7594.5,75
2026-06-16 18:48:00,7594.75,7595.0,7594.25,7594.75,142
2026-06-16 18:49:00,7594.75,7594.75,7594.0,7594.5,100
2026-06-16 18:50:00,7594.25,7595.0,7594.25,7594.5,83
2026-06-16 18:51:00,7594.75,7595.0,7594.25,7594.5,63
2026-06-16 18:52:00,7594.5,7596.5,7594.5,7595.75,214
2026-06-16 18:53:00,7595.5,7596.5,7595.25,7596.25,101
2026-06-16 18:54:00,7596.5,7596.75,7596.0,7596.5,95
2026-06-16 18:55:00,7596.75,7596.75,7596.0,7596.5,128
2026-06-16 18:56:00,7596.75,7597.25,7595.5,7597.0,185
2026-06-16 18:57:00,7597.0,7597.5,7596.0,7596.25,172
2026-06-16 18:58:00,7596.5,7597.0,7596.25,7596.5,70
2026-06-16 18:59:00,7596.75,7597.25,7596.25,7596.25,58
2026-06-16 19:00:00,7596.5,7597.0,7595.25,7595.75,170
2026-06-16 19:01:00,7596.0,7596.0,7595.25,7595.5,57
2026-06-16 19:02:00,7595.25,7595.25,7593.25,7594.25,378
2026-06-16 19:03:00,7594.25,7594.5,7593.75,7593.75,44
2026-06-16 19:04:00,7594.0,7594.25,7593.5,7594.25,57
2026-06-16 19:05:00,7594.5,7595.0,7593.75,7594.75,80
2026-06-16 19:06:00,7594.75,7595.5,7594.5,7594.5,107
2026-06-16 19:07:00,7594.5,7594.5,7593.0,7593.75,153
2026-06-16 19:08:00,7594.0,7595.0,7593.75,7595.0,92
2026-06-16 19:09:00,7595.25,7595.5,7594.75,7595.25,93
2026-06-16 19:10:00,7595.0,7595.25,7593.0,7593.5,115
2026-06-16 19:11:00,7593.25,7593.25,7591.25,7591.5,334
2026-06-16 19:12:00,7591.75,7592.0,7590.5,7591.75,263
2026-06-16 19:13:00,7592.0,7593.25,7591.75,7593.0,174
2026-06-16 19:14:00,7593.0,7594.0,7592.75,7594.0,67
2026-06-16 19:15:00,7594.0,7594.0,7592.75,7593.0,86
2026-06-16 19:16:00,7592.75,7593.25,7592.25,7593.25,123
2026-06-16 19:17:00,7593.0,7593.75,7592.75,7593.5,68
2026-06-16 19:18:00,7593.75,7593.75,7593.0,7593.0,31
2026-06-16 19:19:00,7593.0,7593.5,7593.0,7593.25,31
2026-06-16 19:20:00,7593.0,7593.5,7592.5,7592.5,53
2026-06-16 19:21:00,7592.25,7592.75,7591.5,7591.5,124
2026-06-16 19:22:00,7591.75,7592.0,7591.0,7591.5,156
2026-06-16 19:23:00,7591.25,7592.25,7591.25,7592.25,80
2026-06-16 19:24:00,7592.25,7592.5,7592.0,7592.25,68
2026-06-16 19:25:00,7592.25,7593.0,7592.25,7592.75,47
2026-06-16 19:26:00,7593.0,7593.0,7591.75,7592.5,93
2026-06-16 19:27:00,7592.5,7593.0,7592.0,7593.0,89
2026-06-16 19:28:00,7592.75,7593.0,7591.25,7591.75,99
2026-06-16 19:29:00,7591.75,7592.25,7591.25,7592.0,95
2026-06-16 19:30:00,7592.0,7593.0,7591.5,7591.75,103
2026-06-16 19:31:00,7592.5,7593.0,7592.0,7592.5,53
2026-06-16 19:32:00,7592.5,7593.0,7591.75,7591.75,87
2026-06-16 19:33:00,7592.0,7592.5,7592.0,7592.25,29
2026-06-16 19:34:00,7592.75,7593.75,7592.75,7593.0,143
2026-06-16 19:35:00,7593.25,7594.75,7593.25,7593.75,185
2026-06-16 19:36:00,7593.5,7594.0,7592.75,7593.0,144
2026-06-16 19:37:00,7593.0,7593.0,7590.5,7592.0,340
2026-06-16 19:38:00,7592.0,7592.25,7590.5,7591.25,75
2026-06-16 19:39:00,7591.25,7592.25,7591.25,7591.75,78
2026-06-16 19:40:00,7591.5,7592.0,7591.25,7591.5,37
2026-06-16 19:41:00,7591.5,7591.5,7590.25,7590.75,211
2026-06-16 19:42:00,7590.25,7591.25,7590.0,7590.75,92
2026-06-16 19:43:00,7590.75,7591.75,7590.75,7591.5,69
2026-06-16 19:44:00,7591.75,7592.75,7591.5,7591.75,146
2026-06-16 19:45:00,7591.75,7591.75,7590.25,7591.25,155
2026-06-16 19:46:00,7591.25,7593.25,7591.25,7593.0,141
2026-06-16 19:47:00,7592.25,7593.0,7592.25,7593.0,76
2026-06-16 19:48:00,7593.0,7594.25,7592.75,7593.75,203
2026-06-16 19:49:00,7593.75,7594.0,7591.5,7591.75,209
2026-06-16 19:50:00,7591.75,7591.75,7589.0,7589.75,518
2026-06-16 19:51:00,7589.75,7592.5,7589.75,7592.5,262
2026-06-16 19:52:00,7592.5,7592.5,7590.25,7590.75,228
2026-06-16 19:53:00,7591.0,7591.75,7590.75,7591.5,108
2026-06-16 19:54:00,7591.0,7593.5,7591.0,7593.25,205
2026-06-16 19:55:00,7593.25,7593.25,7590.5,7590.5,297
2026-06-16 19:56:00,7591.0,7591.75,7590.75,7591.75,107
2026-06-16 19:57:00,7591.5,7592.0,7590.0,7591.0,105
2026-06-16 19:58:00,7591.0,7591.5,7590.75,7591.0,60
2026-06-16 19:59:00,7591.25,7592.0,7591.25,7591.75,94
2026-06-16 20:00:00,7592.0,7595.5,7592.0,7594.5,685
2026-06-16 20:01:00,7594.5,7597.75,7594.5,7597.5,785
2026-06-16 20:02:00,7597.5,7598.0,7596.25,7597.25,485
2026-06-16 20:03:00,7597.25,7598.75,7596.75,7598.75,534
2026-06-16 20:04:00,7598.75,7598.75,7596.75,7596.75,312
2026-06-16 20:05:00,7597.0,7597.0,7594.25,7594.5,589
2026-06-16 20:06:00,7594.75,7596.5,7594.5,7595.25,415
2026-06-16 20:07:00,7595.0,7597.0,7594.75,7595.75,218
2026-06-16 20:08:00,7596.25,7596.75,7595.0,7596.0,272
2026-06-16 20:09:00,7596.0,7597.25,7595.75,7596.75,201
2026-06-16 20:10:00,7596.75,7597.25,7596.25,7596.75,184
2026-06-16 20:11:00,7597.25,7598.25,7596.5,7597.5,236
2026-06-16 20:12:00,7597.25,7597.25,7595.75,7596.0,198
2026-06-16 20:13:00,7596.0,7597.0,7595.5,7596.75,173
2026-06-16 20:14:00,7597.0,7597.0,7594.75,7595.0,252
2026-06-16 20:15:00,7595.0,7597.25,7594.75,7597.0,258
2026-06-16 20:16:00,7597.0,7599.5,7597.0,7597.5,426
2026-06-16 20:17:00,7597.5,7598.0,7596.5,7598.0,368
2026-06-16 20:18:00,7598.0,7598.75,7595.75,7596.0,303
2026-06-16 20:19:00,7596.0,7597.0,7595.5,7596.25,146
2026-06-16 20:20:00,7596.5,7597.5,7595.75,7596.25,124
2026-06-16 20:21:00,7596.5,7596.5,7595.0,7596.0,239
2026-06-16 20:22:00,7596.25,7596.75,7595.5,7595.5,134
2026-06-16 20:23:00,7595.25,7595.75,7594.25,7595.0,275
2026-06-16 20:24:00,7595.25,7596.75,7595.25,7596.5,220
2026-06-16 20:25:00,7596.5,7597.0,7596.25,7597.0,148
2026-06-16 20:26:00,7597.0,7597.75,7596.75,7596.75,185
2026-06-16 20:27:00,7597.0,7597.75,7596.5,7596.75,120
2026-06-16 20:28:00,7596.75,7597.25,7596.0,7596.75,139
2026-06-16 20:29:00,7596.75,7597.5,7596.75,7597.25,114
2026-06-16 20:30:00,7597.25,7597.75,7596.25,7597.5,132
2026-06-16 20:31:00,7597.75,7600.0,7597.75,7599.75,499
2026-06-16 20:32:00,7599.5,7599.75,7598.25,7599.25,305
2026-06-16 20:33:00,7599.25,7599.5,7599.0,7599.25,91
2026-06-16 20:34:00,7599.25,7599.75,7598.75,7599.0,323
2026-06-16 20:35:00,7598.75,7599.5,7598.5,7599.0,110
2026-06-16 20:36:00,7598.75,7599.5,7598.75,7599.5,130
2026-06-16 20:37:00,7599.5,7600.5,7599.25,7599.75,413
2026-06-16 20:38:00,7599.5,7599.75,7598.5,7599.0,172
2026-06-16 20:39:00,7598.75,7599.25,7598.5,7598.75,153
2026-06-16 20:40:00,7599.0,7600.0,7598.75,7599.75,161
2026-06-16 20:41:00,7599.75,7599.75,7598.5,7598.75,120
2026-06-16 20:42:00,7599.0,7599.25,7598.75,7599.0,73
2026-06-16 20:43:00,7598.75,7599.5,7598.5,7599.25,99
2026-06-16 20:44:00,7599.25,7599.25,7598.0,7598.25,149
2026-06-16 20:45:00,7598.25,7598.5,7595.75,7597.0,452
2026-06-16 20:46:00,7596.75,7597.5,7596.0,7597.5,202
2026-06-16 20:47:00,7597.5,7598.25,7597.25,7598.25,181
2026-06-16 20:48:00,7598.25,7598.5,7597.5,7598.0,140
2026-06-16 20:49:00,7598.0,7598.75,7598.0,7598.25,99
2026-06-16 20:50:00,7598.25,7598.25,7597.0,7597.0,137
2026-06-16 20:51:00,7596.75,7597.0,7595.25,7595.5,276
2026-06-16 20:52:00,7595.5,7597.0,7595.5,7597.0,169
2026-06-16 20:53:00,7597.0,7597.25,7596.5,7596.5,94
2026-06-16 20:54:00,7596.75,7597.25,7596.5,7596.5,117
2026-06-16 20:55:00,7596.75,7597.0,7596.25,7596.25,82
2026-06-16 20:56:00,7596.25,7597.0,7595.75,7596.75,93
2026-06-16 20:57:00,7597.0,7597.5,7596.75,7597.0,59
2026-06-16 20:58:00,7597.0,7597.75,7597.0,7597.25,76
2026-06-16 20:59:00,7597.5,7597.5,7596.5,7597.0,121
2026-06-16 21:00:00,7597.0,7597.25,7595.5,7596.25,321
2026-06-16 21:01:00,7596.0,7597.25,7595.5,7597.0,226
2026-06-16 21:02:00,7597.0,7599.5,7597.0,7599.25,320
2026-06-16 21:03:00,7599.0,7600.5,7598.75,7600.25,356
2026-06-16 21:04:00,7600.0,7600.25,7599.75,7600.0,209
2026-06-16 21:05:00,7599.75,7601.5,7599.5,7601.5,552
2026-06-16 21:06:00,7601.5,7602.0,7600.25,7600.5,458
2026-06-16 21:07:00,7600.5,7602.25,7600.5,7602.0,372
2026-06-16 21:08:00,7602.25,7602.75,7601.5,7602.5,222
2026-06-16 21:09:00,7602.5,7602.75,7601.75,7602.25,184
2026-06-16 21:10:00,7602.25,7602.5,7601.25,7601.75,196
2026-06-16 21:11:00,7602.0,7602.0,7601.25,7601.5,147
2026-06-16 21:12:00,7601.25,7602.75,7601.25,7602.5,172
2026-06-16 21:13:00,7602.5,7602.75,7601.75,7601.75,135
2026-06-16 21:14:00,7601.75,7602.0,7601.0,7601.25,149
2026-06-16 21:15:00,7601.25,7601.25,7599.75,7600.0,297
2026-06-16 21:16:00,7600.25,7600.75,7600.0,7600.5,142
2026-06-16 21:17:00,7600.75,7601.5,7600.5,7601.0,172
2026-06-16 21:18:00,7601.0,7602.0,7601.0,7601.75,162
2026-06-16 21:19:00,7601.5,7602.75,7601.25,7602.5,183
2026-06-16 21:20:00,7602.25,7602.75,7601.5,7602.5,126
2026-06-16 21:21:00,7602.75,7603.0,7602.25,7603.0,138
2026-06-16 21:22:00,7602.75,7603.0,7602.0,7602.75,124
2026-06-16 21:23:00,7602.5,7603.75,7602.5,7603.75,294
2026-06-16 21:24:00,7603.75,7604.0,7603.0,7603.5,206
2026-06-16 21:25:00,7603.75,7604.25,7603.5,7603.75,161
2026-06-16 21:26:00,7604.0,7604.0,7603.0,7603.25,176
2026-06-16 21:27:00,7603.25,7603.75,7603.25,7603.75,88
2026-06-16 21:28:00,7603.75,7603.75,7603.25,7603.5,103
2026-06-16 21:29:00,7603.5,7604.0,7603.0,7603.0,97
2026-06-16 21:30:00,7603.25,7603.5,7602.75,7602.75,184
2026-06-16 21:31:00,7602.75,7604.5,7602.75,7603.75,159
2026-06-16 21:32:00,7603.5,7603.5,7602.0,7602.5,226
2026-06-16 21:33:00,7602.75,7603.5,7602.5,7603.5,107
2026-06-16 21:34:00,7603.25,7603.5,7603.0,7603.25,154
2026-06-16 21:35:00,7603.25,7604.5,7603.25,7604.25,120
2026-06-16 21:36:00,7604.0,7604.5,7603.5,7603.75,118
2026-06-16 21:37:00,7603.5,7604.0,7603.25,7603.75,55
2026-06-16 21:38:00,7603.75,7603.75,7603.0,7603.75,59
2026-06-16 21:39:00,7603.5,7604.25,7603.5,7604.25,58
2026-06-16 21:40:00,7604.0,7605.0,7603.75,7604.75,177
2026-06-16 21:41:00,7604.75,7605.0,7604.25,7604.5,172
2026-06-16 21:42:00,7604.5,7604.5,7602.75,7603.5,196
2026-06-16 21:43:00,7603.5,7603.5,7602.75,7603.25,100
2026-06-16 21:44:00,7603.0,7603.0,7602.0,7602.5,245
2026-06-16 21:45:00,7602.5,7603.75,7602.5,7603.5,136
2026-06-16 21:46:00,7603.25,7603.5,7603.0,7603.25,57
2026-06-16 21:47:00,7603.25,7604.25,7603.25,7603.25,85
2026-06-16 21:48:00,7603.0,7603.5,7602.75,7603.25,79
2026-06-16 21:49:00,7603.5,7604.5,7603.0,7603.0,296
2026-06-16 21:50:00,7603.25,7603.75,7603.25,7603.75,43
2026-06-16 21:51:00,7603.75,7604.5,7603.75,7604.25,109
2026-06-16 21:52:00,7604.5,7604.5,7604.0,7604.25,69
2026-06-16 21:53:00,7604.25,7604.25,7603.75,7604.25,60
2026-06-16 21:54:00,7604.25,7604.25,7603.75,7604.0,79
2026-06-16 21:55:00,7604.25,7605.0,7604.25,7605.0,143
2026-06-16 21:56:00,7604.75,7605.0,7604.5,7605.0,89
2026-06-16 21:57:00,7605.0,7605.5,7605.0,7605.0,331
2026-06-16 21:58:00,7605.0,7605.25,7604.75,7604.75,83
2026-06-16 21:59:00,7605.0,7605.5,7604.5,7605.5,129
2026-06-16 22:00:00,7605.25,7605.5,7604.75,7605.0,103
2026-06-16 22:01:00,7605.0,7605.5,7604.75,7605.0,140
2026-06-16 22:02:00,7605.25,7605.25,7604.5,7605.0,72
2026-06-16 22:03:00,7605.0,7605.25,7604.25,7604.25,107
2026-06-16 22:04:00,7604.5,7604.75,7604.0,7604.0,70
2026-06-16 22:05:00,7604.0,7604.5,7603.75,7604.25,90
2026-06-16 22:06:00,7604.0,7604.25,7603.75,7604.25,77
2026-06-16 22:07:00,7604.25,7604.5,7603.75,7603.75,46
2026-06-16 22:08:00,7603.75,7604.5,7603.25,7604.25,207
2026-06-16 22:09:00,7604.0,7604.25,7603.75,7604.0,59
2026-06-16 22:10:00,7604.0,7604.25,7603.5,7603.75,56
2026-06-16 22:11:00,7603.75,7604.75,7603.75,7604.5,89
2026-06-16 22:12:00,7604.5,7604.5,7604.0,7604.25,41
2026-06-16 22:13:00,7604.0,7605.0,7604.0,7604.5,95
2026-06-16 22:14:00,7604.75,7605.5,7604.75,7605.0,104
2026-06-16 22:15:00,7605.0,7605.0,7603.5,7603.75,119
2026-06-16 22:16:00,7603.75,7605.0,7603.75,7604.25,152
2026-06-16 22:17:00,7604.5,7605.0,7604.25,7604.5,53
2026-06-16 22:18:00,7604.25,7604.75,7604.25,7604.5,35
2026-06-16 22:19:00,7604.5,7604.5,7604.0,7604.0,11
2026-06-16 22:20:00,7604.0,7604.5,7603.75,7604.25,36
2026-06-16 22:21:00,7604.5,7605.25,7604.5,7605.0,103
2026-06-16 22:22:00,7605.0,7605.5,7605.0,7605.25,74
2026-06-16 22:23:00,7605.0,7605.25,7605.0,7605.25,63
2026-06-16 22:24:00,7605.25,7605.5,7605.0,7605.0,67
2026-06-16 22:25:00,7605.0,7605.25,7605.0,7605.0,70
2026-06-16 22:26:00,7605.0,7605.5,7604.75,7605.25,125
2026-06-16 22:27:00,7605.25,7605.5,7605.0,7605.25,115
2026-06-16 22:28:00,7605.25,7605.5,7604.75,7605.0,96
2026-06-16 22:29:00,7605.0,7605.0,7603.75,7603.75,161
2026-06-16 22:30:00,7603.75,7604.0,7603.25,7603.5,117
2026-06-16 22:31:00,7603.25,7604.0,7603.25,7604.0,200
2026-06-16 22:32:00,7603.75,7603.75,7602.5,7603.0,252
2026-06-16 22:33:00,7602.75,7603.0,7602.5,7602.75,98
2026-06-16 22:34:00,7602.75,7602.75,7602.0,7602.25,186
2026-06-16 22:35:00,7602.5,7602.75,7602.0,7602.25,150
2026-06-16 22:36:00,7602.25,7603.0,7602.25,7603.0,66
2026-06-16 22:37:00,7603.0,7603.0,7602.75,7603.0,60
2026-06-16 22:38:00,7603.0,7603.0,7602.0,7602.5,62
2026-06-16 22:39:00,7602.5,7602.5,7601.5,7601.75,169
2026-06-16 22:40:00,7601.75,7602.5,7601.5,7602.25,79
2026-06-16 22:41:00,7602.5,7603.0,7602.5,7602.75,93
2026-06-16 22:42:00,7602.75,7603.25,7602.25,7602.25,100
2026-06-16 22:43:00,7602.5,7603.0,7602.5,7602.5,53
2026-06-16 22:44:00,7603.0,7603.25,7602.5,7603.25,46
2026-06-16 22:45:00,7603.25,7603.5,7602.25,7602.75,109
2026-06-16 22:46:00,7602.75,7603.25,7602.75,7603.25,60
2026-06-16 22:47:00,7603.0,7603.0,7602.0,7602.25,72
2026-06-16 22:48:00,7602.5,7602.5,7601.25,7601.25,116
2026-06-16 22:49:00,7601.5,7602.25,7601.5,7602.25,69
2026-06-16 22:50:00,7602.0,7602.5,7601.75,7602.0,76
2026-06-16 22:51:00,7601.75,7602.0,7601.0,7601.5,181
2026-06-16 22:52:00,7601.5,7602.0,7601.5,7601.5,123
2026-06-16 22:53:00,7601.75,7602.0,7601.5,7602.0,110
2026-06-16 22:54:00,7602.0,7602.0,7601.25,7601.75,38
2026-06-16 22:55:00,7601.75,7602.5,7601.5,7602.5,85
2026-06-16 22:56:00,7602.5,7603.0,7602.25,7602.75,84
2026-06-16 22:57:00,7602.75,7603.25,7602.75,7602.75,59
2026-06-16 22:58:00,7602.75,7603.0,7602.5,7603.0,66
2026-06-16 22:59:00,7603.0,7603.0,7602.5,7602.5,51
2026-06-16 23:00:00,7602.75,7603.5,7602.25,7603.5,90
2026-06-16 23:01:00,7603.25,7604.0,7603.25,7604.0,103
2026-06-16 23:02:00,7604.0,7604.5,7603.5,7603.75,162
2026-06-16 23:03:00,7603.75,7604.25,7603.5,7604.0,49
2026-06-16 23:04:00,7604.0,7604.25,7603.0,7603.5,90
2026-06-16 23:05:00,7603.25,7603.75,7602.75,7603.5,65
2026-06-16 23:06:00,7603.75,7604.5,7603.5,7604.25,78
2026-06-16 23:07:00,7604.25,7604.5,7604.0,7604.0,51
2026-06-16 23:08:00,7604.5,7605.25,7604.0,7604.0,280
2026-06-16 23:09:00,7604.0,7604.0,7603.25,7603.5,87
2026-06-16 23:10:00,7603.5,7604.25,7603.25,7603.25,100
2026-06-16 23:11:00,7603.75,7604.25,7603.5,7603.75,55
2026-06-16 23:12:00,7603.5,7604.0,7603.5,7603.75,47
2026-06-16 23:13:00,7603.5,7603.5,7601.5,7601.5,199
2026-06-16 23:14:00,7601.5,7602.0,7601.0,7601.25,147
2026-06-16 23:15:00,7601.25,7601.75,7600.5,7601.0,156
2026-06-16 23:16:00,7601.0,7601.25,7599.5,7600.5,415
2026-06-16 23:17:00,7600.5,7600.75,7600.25,7600.5,82
2026-06-16 23:18:00,7600.0,7601.25,7600.0,7600.75,105
2026-06-16 23:19:00,7601.0,7601.5,7600.5,7600.5,90
2026-06-16 23:20:00,7600.5,7600.75,7599.25,7599.5,165
2026-06-16 23:21:00,7599.5,7600.25,7599.25,7599.5,73
2026-06-16 23:22:00,7599.5,7600.0,7599.0,7599.75,161
2026-06-16 23:23:00,7599.5,7599.75,7598.75,7599.25,166
2026-06-16 23:24:00,7599.25,7600.25,7599.25,7600.0,98
2026-06-16 23:25:00,7600.25,7600.75,7599.75,7600.5,82
2026-06-16 23:26:00,7600.5,7601.0,7600.25,7600.5,82
2026-06-16 23:27:00,7600.75,7601.5,7600.75,7601.5,62
2026-06-16 23:28:00,7601.5,7601.5,7600.0,7600.5,111
2026-06-16 23:29:00,7600.25,7601.0,7600.25,7601.0,30
2026-06-16 23:30:00,7601.0,7601.0,7600.25,7601.0,88
2026-06-16 23:31:00,7601.0,7602.0,7600.75,7601.5,151
2026-06-16 23:32:00,7601.75,7602.0,7600.25,7600.25,113
2026-06-16 23:33:00,7600.5,7601.0,7600.5,7600.5,37
2026-06-16 23:34:00,7600.5,7601.75,7600.5,7601.5,46
2026-06-16 23:35:00,7601.5,7601.75,7601.0,7601.5,41
2026-06-16 23:36:00,7601.5,7601.75,7600.75,7601.75,28
2026-06-16 23:37:00,7601.75,7602.5,7601.5,7602.25,109
2026-06-16 23:38:00,7602.25,7602.5,7601.75,7601.75,64
2026-06-16 23:39:00,7602.25,7602.25,7602.0,7602.25,45
2026-06-16 23:40:00,7602.5,7603.0,7602.0,7602.75,111
2026-06-16 23:41:00,7602.5,7602.75,7602.0,7602.5,55
2026-06-16 23:42:00,7602.75,7605.5,7602.75,7604.75,616
2026-06-16 23:43:00,7604.5,7605.25,7604.5,7605.25,179
2026-06-16 23:44:00,7605.0,7605.0,7604.25,7604.5,62
2026-06-16 23:45:00,7604.5,7604.75,7604.0,7604.5,85
2026-06-16 23:46:00,7604.5,7605.0,7604.5,7604.5,63
2026-06-16 23:47:00,7604.5,7605.25,7604.5,7605.0,116
2026-06-16 23:48:00,7605.0,7605.5,7604.75,7605.5,163
2026-06-16 23:49:00,7605.5,7605.5,7604.75,7605.0,76
2026-06-16 23:50:00,7604.75,7605.25,7604.25,7605.25,159
2026-06-16 23:51:00,7605.0,7605.5,7605.0,7605.25,61
2026-06-16 23:52:00,7605.25,7606.0,7605.25,7605.75,189
2026-06-16 23:53:00,7605.75,7606.0,7605.5,7605.75,84
2026-06-16 23:54:00,7606.0,7606.0,7605.75,7605.75,68
2026-06-16 23:55:00,7605.75,7606.25,7605.25,7605.5,168
2026-06-16 23:56:00,7605.75,7606.0,7605.25,7606.0,56
2026-06-16 23:57:00,7606.0,7606.25,7605.5,7605.75,48
2026-06-16 23:58:00,7605.5,7606.25,7605.5,7606.0,58
2026-06-16 23:59:00,7605.75,7606.25,7605.5,7606.0,58
2026-06-17 00:00:00,7606.0,7606.0,7605.5,7606.0,87
2026-06-17 00:01:00,7606.0,7606.0,7604.75,7604.75,124
2026-06-17 00:02:00,7604.75,7605.75,7604.75,7605.5,84
2026-06-17 00:03:00,7605.5,7605.75,7605.25,7605.75,40
2026-06-17 00:04:00,7606.0,7606.25,7605.75,7606.25,81
2026-06-17 00:05:00,7606.0,7606.25,7605.75,7606.0,57
2026-06-17 00:06:00,7606.0,7606.5,7606.0,7606.5,92
2026-06-17 00:07:00,7606.5,7606.5,7606.0,7606.25,70
2026-06-17 00:08:00,7606.0,7606.0,7605.25,7605.25,29
2026-06-17 00:09:00,7605.25,7605.5,7604.5,7605.25,127
2026-06-17 00:10:00,7605.25,7605.5,7605.0,7605.25,43
2026-06-17 00:11:00,7605.25,7605.75,7605.25,7605.5,56
2026-06-17 00:12:00,7605.5,7605.75,7605.0,7605.5,23
2026-06-17 00:13:00,7605.25,7605.25,7604.75,7604.75,65
2026-06-17 00:14:00,7604.75,7605.0,7604.5,7605.0,52
2026-06-17 00:15:00,7604.75,7605.25,7604.5,7605.25,37
2026-06-17 00:16:00,7605.25,7606.0,7605.25,7605.75,70
2026-06-17 00:17:00,7606.0,7606.25,7605.75,7606.0,34
2026-06-17 00:18:00,7606.25,7606.25,7605.75,7606.0,10
2026-06-17 00:19:00,7606.0,7606.25,7606.0,7606.25,22
2026-06-17 00:20:00,7606.25,7606.5,7605.5,7606.0,85
2026-06-17 00:21:00,7606.0,7606.25,7606.0,7606.25,73
2026-06-17 00:22:00,7606.0,7606.25,7605.75,7606.0,14
2026-06-17 00:23:00,7606.0,7606.0,7605.75,7606.0,84
2026-06-17 00:24:00,7605.75,7606.25,7605.75,7606.25,50
2026-06-17 00:25:00,7606.25,7606.5,7606.0,7606.25,43
2026-06-17 00:26:00,7605.75,7606.5,7605.75,7606.25,60
2026-06-17 00:27:00,7606.25,7606.25,7605.25,7605.5,73
2026-06-17 00:28:00,7605.75,7606.5,7605.5,7605.75,62
2026-06-17 00:29:00,7605.5,7605.5,7605.25,7605.25,35
2026-06-17 00:30:00,7605.25,7606.0,7604.75,7605.0,111
2026-06-17 00:31:00,7605.0,7605.0,7604.25,7604.75,101
2026-06-17 00:32:00,7604.75,7605.0,7604.25,7604.5,31
2026-06-17 00:33:00,7604.5,7604.5,7603.75,7604.0,133
2026-06-17 00:34:00,7603.75,7604.25,7603.5,7603.75,52
2026-06-17 00:35:00,7603.75,7604.0,7603.25,7604.0,122
2026-06-17 00:36:00,7604.0,7604.25,7603.75,7604.0,42
2026-06-17 00:37:00,7603.75,7604.0,7603.25,7603.5,27
2026-06-17 00:38:00,7603.5,7604.0,7603.25,7603.5,133
2026-06-17 00:39:00,7603.5,7604.0,7602.75,7602.75,103
2026-06-17 00:40:00,7603.0,7603.5,7602.75,7603.25,97
2026-06-17 00:41:00,7603.5,7603.5,7601.75,7602.25,251
2026-06-17 00:42:00,7602.5,7602.75,7601.0,7601.25,151
2026-06-17 00:43:00,7601.25,7602.25,7601.0,7602.25,86
2026-06-17 00:44:00,7602.0,7602.0,7601.5,7601.5,40
2026-06-17 00:45:00,7601.75,7602.75,7601.75,7602.75,53
2026-06-17 00:46:00,7602.5,7605.0,7602.25,7605.0,287
2026-06-17 00:47:00,7604.75,7605.25,7604.5,7605.0,98
2026-06-17 00:48:00,7605.0,7605.25,7604.5,7605.25,112
2026-06-17 00:49:00,7605.5,7605.75,7605.0,7605.25,83
2026-06-17 00:50:00,7605.0,7605.25,7604.5,7604.5,90
2026-06-17 00:51:00,7604.75,7606.0,7604.75,7605.75,83
2026-06-17 00:52:00,7605.5,7606.0,7605.5,7605.75,43
2026-06-17 00:53:00,7605.75,7606.0,7605.25,7605.75,65
2026-06-17 00:54:00,7605.75,7606.0,7605.75,7605.75,32
2026-06-17 00:55:00,7605.75,7606.0,7605.5,7605.75,41
2026-06-17 00:56:00,7605.75,7606.25,7605.25,7605.25,79
2026-06-17 00:57:00,7605.25,7605.5,7605.25,7605.25,12
2026-06-17 00:58:00,7605.5,7606.0,7605.5,7606.0,39
2026-06-17 00:59:00,7606.0,7606.0,7605.75,7606.0,84
2026-06-17 01:00:00,7606.25,7606.25,7605.5,7605.5,188
2026-06-17 01:01:00,7605.5,7607.0,7605.5,7606.75,286
2026-06-17 01:02:00,7606.5,7607.0,7606.5,7607.0,94
2026-06-17 01:03:00,7607.0,7607.5,7606.75,7607.25,222
2026-06-17 01:04:00,7607.25,7607.5,7607.0,7607.25,124
2026-06-17 01:05:00,7607.0,7607.5,7606.25,7606.25,146
2026-06-17 01:06:00,7606.5,7606.75,7606.25,7606.25,72
2026-06-17 01:07:00,7606.0,7606.75,7606.0,7606.5,44
2026-06-17 01:08:00,7606.25,7606.5,7606.0,7606.5,29
2026-06-17 01:09:00,7606.5,7606.5,7605.75,7605.75,64
2026-06-17 01:10:00,7605.75,7606.0,7605.75,7605.75,46
2026-06-17 01:11:00,7605.75,7605.75,7605.0,7605.25,95
2026-06-17 01:12:00,7605.25,7605.5,7605.25,7605.25,55
2026-06-17 01:13:00,7605.25,7605.75,7605.0,7605.25,101
2026-06-17 01:14:00,7605.5,7605.75,7605.5,7605.5,56
2026-06-17 01:15:00,7605.25,7605.75,7605.0,7605.75,43
2026-06-17 01:16:00,7605.75,7606.25,7605.5,7606.0,113
2026-06-17 01:17:00,7606.25,7606.75,7605.75,7605.75,107
2026-06-17 01:18:00,7605.75,7606.75,7605.75,7606.0,128
2026-06-17 01:19:00,7606.25,7606.5,7606.0,7606.0,91
2026-06-17 01:20:00,7606.0,7606.5,7606.0,7606.0,66
2026-06-17 01:21:00,7606.0,7606.5,7605.75,7606.25,59
2026-06-17 01:22:00,7606.0,7607.0,7606.0,7607.0,76
2026-06-17 01:23:00,7606.75,7606.75,7606.0,7606.25,54
2026-06-17 01:24:00,7606.25,7606.5,7606.0,7606.0,37
2026-06-17 01:25:00,7606.0,7606.75,7606.0,7606.5,31
2026-06-17 01:26:00,7606.5,7606.75,7606.25,7606.5,26
2026-06-17 01:27:00,7606.5,7606.5,7605.75,7605.75,60
2026-06-17 01:28:00,7606.0,7606.0,7605.5,7605.5,78
2026-06-17 01:29:00,7605.75,7605.75,7604.0,7604.5,186
2026-06-17 01:30:00,7604.5,7604.75,7604.0,7604.5,102
2026-06-17 01:31:00,7604.75,7604.75,7603.75,7604.5,86
2026-06-17 01:32:00,7604.5,7604.75,7604.0,7604.75,107
2026-06-17 01:33:00,7604.5,7605.25,7604.5,7605.0,158
2026-06-17 01:34:00,7605.0,7605.25,7604.0,7605.25,156
2026-06-17 01:35:00,7605.25,7606.5,7605.25,7606.25,142
2026-06-17 01:36:00,7606.0,7606.25,7605.75,7606.0,73
2026-06-17 01:37:00,7606.25,7607.25,7606.0,7607.0,137
2026-06-17 01:38:00,7607.25,7608.0,7607.0,7608.0,202
2026-06-17 01:39:00,7608.0,7608.0,7607.5,7608.0,120
2026-06-17 01:40:00,7607.75,7608.0,7606.75,7606.75,76
2026-06-17 01:41:00,7606.75,7607.0,7606.25,7607.0,88
2026-06-17 01:42:00,7606.75,7607.0,7606.5,7607.0,70
2026-06-17 01:43:00,7607.0,7607.0,7605.25,7605.5,165
2026-06-17 01:44:00,7605.5,7606.0,7605.25,7605.75,54
2026-06-17 01:45:00,7605.25,7605.75,7605.25,7605.5,33
2026-06-17 01:46:00,7605.75,7606.25,7605.5,7606.25,92
2026-06-17 01:47:00,7606.0,7606.75,7606.0,7606.5,124
2026-06-17 01:48:00,7606.5,7607.25,7606.5,7607.25,23
2026-06-17 01:49:00,7607.25,7607.5,7607.0,7607.0,59
2026-06-17 01:50:00,7607.25,7607.25,7606.75,7607.25,44
2026-06-17 01:51:00,7607.25,7607.25,7606.75,7607.0,43
2026-06-17 01:52:00,7606.75,7606.75,7606.25,7606.5,52
2026-06-17 01:53:00,7606.75,7606.75,7606.0,7606.0,45
2026-06-17 01:54:00,7606.0,7606.0,7605.5,7605.5,29
2026-06-17 01:55:00,7605.25,7605.75,7603.25,7603.25,229
2026-06-17 01:56:00,7603.25,7604.0,7603.0,7603.75,94
2026-06-17 01:57:00,7603.75,7604.75,7603.75,7604.5,67
2026-06-17 01:58:00,7604.5,7604.5,7603.5,7604.25,96
2026-06-17 01:59:00,7604.5,7604.75,7603.75,7604.0,50
2026-06-17 02:00:00,7604.25,7604.5,7603.25,7603.5,161
2026-06-17 02:01:00,7603.75,7604.75,7603.0,7604.75,97
2026-06-17 02:02:00,7604.75,7605.5,7604.5,7605.5,120
2026-06-17 02:03:00,7605.25,7606.0,7605.25,7606.0,156
2026-06-17 02:04:00,7606.0,7606.25,7605.25,7605.5,50
2026-06-17 02:05:00,7605.75,7606.0,7604.75,7605.0,87
2026-06-17 02:06:00,7605.25,7606.75,7605.0,7606.5,144
2026-06-17 02:07:00,7606.5,7607.5,7606.25,7607.0,89
2026-06-17 02:08:00,7607.0,7607.25,7606.5,7606.75,86
2026-06-17 02:09:00,7606.75,7606.75,7606.0,7606.25,75
2026-06-17 02:10:00,7606.5,7606.75,7605.75,7605.75,80
2026-06-17 02:11:00,7605.75,7605.75,7605.0,7605.25,115
2026-06-17 02:12:00,7605.25,7606.5,7605.25,7606.0,46
2026-06-17 02:13:00,7605.75,7606.0,7604.25,7604.5,78
2026-06-17 02:14:00,7605.0,7605.75,7605.0,7605.5,60
2026-06-17 02:15:00,7605.5,7606.25,7605.25,7605.25,52
2026-06-17 02:16:00,7605.5,7606.0,7605.5,7606.0,50
2026-06-17 02:17:00,7606.0,7606.0,7605.5,7605.5,40
2026-06-17 02:18:00,7605.5,7605.75,7604.75,7604.75,82
2026-06-17 02:19:00,7604.75,7605.25,7604.5,7605.0,61
2026-06-17 02:20:00,7604.75,7605.5,7604.75,7605.0,134
2026-06-17 02:21:00,7605.0,7605.25,7604.25,7604.75,70
2026-06-17 02:22:00,7604.5,7604.5,7604.0,7604.25,67
2026-06-17 02:23:00,7604.25,7604.25,7603.5,7604.0,123
2026-06-17 02:24:00,7604.0,7604.5,7604.0,7604.25,44
2026-06-17 02:25:00,7604.25,7604.25,7602.75,7603.5,106
2026-06-17 02:26:00,7603.25,7603.25,7602.0,7603.0,146
2026-06-17 02:27:00,7603.0,7603.5,7603.0,7603.0,60
2026-06-17 02:28:00,7603.25,7603.25,7602.5,7603.0,78
2026-06-17 02:29:00,7602.5,7603.25,7602.25,7602.75,141
2026-06-17 02:30:00,7602.75,7602.75,7601.5,7602.0,256
2026-06-17 02:31:00,7602.0,7603.25,7602.0,7603.0,117
2026-06-17 02:32:00,7603.0,7603.0,7601.5,7601.75,75
2026-06-17 02:33:00,7601.75,7604.25,7601.25,7604.0,229
2026-06-17 02:34:00,7604.0,7606.5,7604.0,7606.25,436
2026-06-17 02:35:00,7606.25,7607.0,7605.75,7606.75,107
2026-06-17 02:36:00,7606.5,7606.5,7605.5,7606.0,105
2026-06-17 02:37:00,7606.25,7607.0,7606.25,7606.5,101
2026-06-17 02:38:00,7606.75,7606.75,7606.0,7606.5,114
2026-06-17 02:39:00,7606.5,7607.0,7606.25,7607.0,95
2026-06-17 02:40:00,7607.25,7607.5,7606.5,7606.75,119
2026-06-17 02:41:00,7606.75,7607.5,7606.5,7607.5,139
2026-06-17 02:42:00,7607.5,7607.75,7607.25,7607.75,162
2026-06-17 02:43:00,7607.75,7608.0,7607.25,7607.75,142
2026-06-17 02:44:00,7608.0,7608.5,7607.5,7608.0,152
2026-06-17 02:45:00,7608.25,7609.0,7608.0,7608.5,203
2026-06-17 02:46:00,7608.5,7608.75,7608.0,7608.5,96
2026-06-17 02:47:00,7608.25,7608.75,7608.25,7608.75,75
2026-06-17 02:48:00,7608.75,7609.25,7608.75,7608.75,104
2026-06-17 02:49:00,7609.0,7609.0,7608.5,7608.75,88
2026-06-17 02:50:00,7608.75,7608.75,7608.0,7608.5,109
2026-06-17 02:51:00,7608.5,7608.75,7608.25,7608.25,63
2026-06-17 02:52:00,7608.0,7608.25,7607.25,7607.75,243
2026-06-17 02:53:00,7608.0,7608.25,7607.75,7608.0,59
2026-06-17 02:54:00,7608.0,7608.25,7607.0,7607.25,181
2026-06-17 02:55:00,7607.25,7607.5,7607.0,7607.5,63
2026-06-17 02:56:00,7607.75,7608.0,7607.5,7607.5,90
2026-06-17 02:57:00,7607.5,7608.5,7607.5,7608.5,103
2026-06-17 02:58:00,7608.75,7609.0,7608.5,7608.75,109
2026-06-17 02:59:00,7608.75,7609.25,7608.75,7609.0,97
2026-06-17 03:00:00,7608.75,7609.75,7608.25,7608.25,361
2026-06-17 03:01:00,7608.75,7609.5,7608.5,7609.0,145
2026-06-17 03:02:00,7609.0,7610.0,7609.0,7609.75,149
2026-06-17 03:03:00,7609.75,7611.0,7609.75,7611.0,408
2026-06-17 03:04:00,7611.0,7611.0,7609.25,7609.5,313
2026-06-17 03:05:00,7609.5,7610.25,7608.75,7609.75,318
2026-06-17 03:06:00,7610.0,7610.0,7609.0,7609.0,83
2026-06-17 03:07:00,7609.25,7610.5,7608.75,7610.0,169
2026-06-17 03:08:00,7610.0,7610.5,7610.0,7610.25,132
2026-06-17 03:09:00,7610.0,7611.0,7610.0,7610.5,111
2026-06-17 03:10:00,7610.75,7611.0,7609.75,7610.0,105
2026-06-17 03:11:00,7610.0,7612.0,7610.0,7612.0,442
2026-06-17 03:12:00,7612.0,7612.25,7610.75,7611.25,339
2026-06-17 03:13:00,7611.25,7611.75,7610.5,7611.75,101
2026-06-17 03:14:00,7611.75,7611.75,7611.25,7611.75,126
2026-06-17 03:15:00,7611.5,7612.5,7611.25,7611.5,291
2026-06-17 03:16:00,7611.5,7611.5,7610.0,7610.25,170
2026-06-17 03:17:00,7610.25,7610.5,7609.75,7610.25,117
2026-06-17 03:18:00,7610.25,7610.75,7608.0,7608.0,295
2026-06-17 03:19:00,7608.0,7608.75,7607.0,7607.75,299
2026-06-17 03:20:00,7607.75,7608.0,7606.25,7606.75,192
2026-06-17 03:21:00,7606.75,7607.5,7606.5,7607.5,140
2026-06-17 03:22:00,7607.25,7607.75,7607.0,7607.25,113
2026-06-17 03:23:00,7607.5,7607.5,7606.25,7606.75,79
2026-06-17 03:24:00,7606.75,7606.75,7604.5,7605.0,308
2026-06-17 03:25:00,7605.0,7605.0,7604.0,7604.0,180
2026-06-17 03:26:00,7604.0,7604.75,7603.25,7604.5,263
2026-06-17 03:27:00,7604.5,7604.75,7604.0,7604.5,71
2026-06-17 03:28:00,7604.5,7604.5,7603.5,7604.0,193
2026-06-17 03:29:00,7604.25,7604.75,7604.0,7604.75,44
2026-06-17 03:30:00,7604.75,7605.75,7604.25,7605.75,199
2026-06-17 03:31:00,7605.5,7606.75,7605.25,7606.25,152
2026-06-17 03:32:00,7606.0,7606.25,7605.25,7605.75,86
2026-06-17 03:33:00,7605.5,7605.75,7604.0,7604.0,135
2026-06-17 03:34:00,7604.0,7604.5,7603.25,7604.0,169
2026-06-17 03:35:00,7604.0,7606.5,7603.75,7605.5,275
2026-06-17 03:36:00,7605.75,7606.5,7605.5,7606.25,166
2026-06-17 03:37:00,7606.0,7606.5,7605.5,7605.5,53
2026-06-17 03:38:00,7605.5,7605.75,7605.25,7605.5,121
2026-06-17 03:39:00,7605.75,7607.25,7605.75,7607.0,109
2026-06-17 03:40:00,7607.0,7608.5,7606.5,7607.25,152
2026-06-17 03:41:00,7607.25,7607.25,7606.0,7606.25,104
2026-06-17 03:42:00,7606.25,7607.25,7605.75,7607.0,93
2026-06-17 03:43:00,7607.0,7607.0,7606.0,7606.75,63
2026-06-17 03:44:00,7607.0,7607.0,7605.75,7606.0,67
2026-06-17 03:45:00,7606.25,7606.75,7605.25,7606.0,131
2026-06-17 03:46:00,7605.75,7606.5,7605.5,7606.5,52
2026-06-17 03:47:00,7606.5,7606.5,7605.75,7606.0,100
2026-06-17 03:48:00,7606.25,7606.25,7604.25,7604.5,317
2026-06-17 03:49:00,7604.5,7605.0,7604.0,7604.75,97
2026-06-17 03:50:00,7604.75,7605.5,7604.25,7605.0,176
2026-06-17 03:51:00,7604.75,7605.75,7604.75,7605.75,77
2026-06-17 03:52:00,7605.5,7606.75,7605.25,7606.75,153
2026-06-17 03:53:00,7606.5,7607.25,7605.25,7605.5,140
2026-06-17 03:54:00,7605.75,7606.0,7605.0,7605.25,191
2026-06-17 03:55:00,7605.5,7606.5,7605.25,7606.25,123
2026-06-17 03:56:00,7606.5,7607.0,7606.25,7606.5,165
2026-06-17 03:57:00,7606.25,7606.5,7605.75,7606.0,104
2026-06-17 03:58:00,7606.0,7606.25,7605.25,7605.75,89
2026-06-17 03:59:00,7605.75,7606.25,7605.0,7606.0,167
2026-06-17 04:00:00,7605.75,7607.25,7605.5,7607.0,215
2026-06-17 04:01:00,7607.0,7608.0,7606.75,7608.0,183
2026-06-17 04:02:00,7608.0,7608.25,7607.25,7608.0,178
2026-06-17 04:03:00,7608.0,7608.0,7606.5,7607.0,82
2026-06-17 04:04:00,7606.75,7606.75,7604.75,7605.5,152
2026-06-17 04:05:00,7605.5,7607.25,7605.25,7607.0,128
2026-06-17 04:06:00,7606.75,7606.75,7606.0,7606.0,97
2026-06-17 04:07:00,7606.0,7606.75,7606.0,7606.25,112
2026-06-17 04:08:00,7606.5,7607.75,7606.5,7607.5,99
2026-06-17 04:09:00,7607.5,7608.0,7606.75,7607.25,157
2026-06-17 04:10:00,7607.25,7607.25,7602.75,7602.75,314
2026-06-17 04:11:00,7603.0,7603.25,7600.75,7602.5,594
2026-06-17 04:12:00,7602.75,7602.75,7600.5,7600.5,394
2026-06-17 04:13:00,7600.25,7601.5,7599.0,7599.75,802
2026-06-17 04:14:00,7599.75,7600.0,7597.75,7598.5,560
2026-06-17 04:15:00,7598.75,7600.25,7598.25,7600.0,248
2026-06-17 04:16:00,7600.25,7600.75,7599.5,7600.5,247
2026-06-17 04:17:00,7600.5,7601.25,7599.25,7599.5,457
2026-06-17 04:18:00,7599.5,7600.25,7599.0,7599.75,245
2026-06-17 04:19:00,7600.0,7600.0,7598.5,7598.75,167
2026-06-17 04:20:00,7598.75,7599.75,7597.75,7598.75,339
2026-06-17 04:21:00,7599.0,7599.5,7598.75,7598.75,154
2026-06-17 04:22:00,7598.75,7600.0,7598.75,7599.25,138
2026-06-17 04:23:00,7599.25,7601.0,7599.0,7601.0,199
2026-06-17 04:24:00,7600.75,7600.75,7599.25,7600.5,296
2026-06-17 04:25:00,7600.25,7600.75,7599.75,7600.25,183
2026-06-17 04:26:00,7600.25,7602.0,7600.25,7601.5,333
2026-06-17 04:27:00,7601.5,7602.25,7601.0,7602.0,105
2026-06-17 04:28:00,7602.0,7602.0,7601.0,7601.0,272
2026-06-17 04:29:00,7600.75,7600.75,7599.25,7599.5,375
2026-06-17 04:30:00,7599.5,7600.5,7599.0,7599.5,195
2026-06-17 04:31:00,7599.5,7599.5,7595.25,7595.25,638
2026-06-17 04:32:00,7595.5,7597.25,7595.5,7596.25,194
2026-06-17 04:33:00,7596.5,7597.25,7594.5,7597.0,525
2026-06-17 04:34:00,7597.0,7597.75,7596.75,7597.5,296
2026-06-17 04:35:00,7597.5,7598.25,7595.25,7595.25,293
2026-06-17 04:36:00,7595.75,7596.25,7594.5,7595.25,311
2026-06-17 04:37:00,7595.25,7596.0,7594.25,7595.0,316
2026-06-17 04:38:00,7595.0,7595.75,7594.5,7595.0,280
2026-06-17 04:39:00,7595.0,7595.5,7593.25,7593.75,275
2026-06-17 04:40:00,7593.75,7594.75,7593.25,7594.75,190
2026-06-17 04:41:00,7594.75,7595.75,7594.5,7595.0,142
2026-06-17 04:42:00,7594.75,7597.25,7594.75,7595.75,189
2026-06-17 04:43:00,7595.5,7596.5,7595.0,7596.25,173
2026-06-17 04:44:00,7596.25,7596.25,7593.75,7594.0,175
2026-06-17 04:45:00,7594.0,7594.5,7593.75,7594.25,224
2026-06-17 04:46:00,7594.25,7594.25,7592.75,7593.0,297
2026-06-17 04:47:00,7593.25,7594.75,7593.0,7594.0,253
2026-06-17 04:48:00,7593.75,7594.0,7592.25,7593.0,317
2026-06-17 04:49:00,7593.25,7594.0,7591.5,7591.75,439
2026-06-17 04:50:00,7592.0,7593.0,7592.0,7592.25,202
2026-06-17 04:51:00,7592.5,7593.75,7592.25,7593.5,215
2026-06-17 04:52:00,7593.25,7595.75,7592.75,7595.0,305
2026-06-17 04:53:00,7595.0,7595.5,7594.75,7594.75,260
2026-06-17 04:54:00,7595.0,7597.75,7595.0,7596.75,340
2026-06-17 04:55:00,7597.0,7598.0,7596.25,7597.75,243
2026-06-17 04:56:00,7597.5,7598.75,7597.0,7598.5,148
2026-06-17 04:57:00,7598.5,7599.75,7598.5,7599.5,304
2026-06-17 04:58:00,7599.5,7600.0,7599.0,7599.75,247
2026-06-17 04:59:00,7599.75,7600.0,7599.25,7600.0,167
2026-06-17 05:00:00,7600.0,7600.75,7598.75,7599.25,328
2026-06-17 05:01:00,7599.25,7600.75,7599.0,7600.0,134
2026-06-17 05:02:00,7600.0,7600.5,7599.75,7600.25,73
2026-06-17 05:03:00,7600.25,7600.25,7599.25,7600.0,69
2026-06-17 05:04:00,7600.0,7601.25,7599.5,7599.5,231
2026-06-17 05:05:00,7599.5,7600.0,7598.5,7600.0,252
2026-06-17 05:06:00,7599.75,7600.0,7599.0,7599.25,156
2026-06-17 05:07:00,7599.25,7600.0,7599.25,7599.75,325
2026-06-17 05:08:00,7600.0,7600.0,7599.0,7599.0,90
2026-06-17 05:09:00,7598.75,7598.75,7597.5,7597.75,139
2026-06-17 05:10:00,7597.75,7597.75,7596.25,7596.5,296
2026-06-17 05:11:00,7596.75,7598.0,7596.5,7597.5,120
2026-06-17 05:12:00,7597.25,7598.5,7597.25,7597.75,100
2026-06-17 05:13:00,7597.75,7598.5,7597.25,7597.75,61
2026-06-17 05:14:00,7598.0,7598.5,7597.75,7598.25,81
2026-06-17 05:15:00,7598.25,7599.75,7598.25,7598.5,221
2026-06-17 05:16:00,7598.5,7599.5,7598.25,7598.75,211
2026-06-17 05:17:00,7598.5,7598.75,7597.5,7598.25,139
2026-06-17 05:18:00,7598.25,7598.25,7597.5,7598.0,161
2026-06-17 05:19:00,7598.0,7598.5,7597.75,7597.75,109
2026-06-17 05:20:00,7597.75,7598.5,7597.25,7597.5,134
2026-06-17 05:21:00,7597.5,7599.25,7597.25,7599.0,223
2026-06-17 05:22:00,7598.75,7600.0,7598.5,7599.75,168
2026-06-17 05:23:00,7599.75,7599.75,7599.0,7599.75,152
2026-06-17 05:24:00,7599.5,7600.5,7599.25,7599.75,271
2026-06-17 05:25:00,7599.5,7601.25,7599.5,7599.75,198
2026-06-17 05:26:00,7599.75,7601.25,7599.75,7601.25,107
2026-06-17 05:27:00,7601.5,7601.75,7601.0,7601.25,190
2026-06-17 05:28:00,7601.25,7601.5,7600.25,7600.5,130
2026-06-17 05:29:00,7600.75,7601.0,7600.25,7601.0,101
2026-06-17 05:30:00,7601.0,7602.5,7601.0,7602.0,336
2026-06-17 05:31:00,7602.0,7602.75,7602.0,7602.25,247
2026-06-17 05:32:00,7602.25,7602.5,7600.25,7600.75,180
2026-06-17 05:33:00,7600.75,7600.75,7599.25,7599.25,169
2026-06-17 05:34:00,7599.5,7600.0,7598.0,7598.25,381
2026-06-17 05:35:00,7598.0,7598.5,7597.25,7597.5,197
2026-06-17 05:36:00,7597.25,7598.75,7597.25,7598.5,119
2026-06-17 05:37:00,7598.25,7598.75,7597.5,7597.5,99
2026-06-17 05:38:00,7597.75,7597.75,7596.0,7596.25,395
2026-06-17 05:39:00,7596.25,7597.5,7596.25,7597.25,160
2026-06-17 05:40:00,7597.25,7598.0,7596.5,7596.75,178
2026-06-17 05:41:00,7597.0,7597.75,7597.0,7597.75,86
2026-06-17 05:42:00,7597.75,7598.5,7597.25,7597.75,114
2026-06-17 05:43:00,7597.5,7597.75,7596.5,7596.5,138
2026-06-17 05:44:00,7596.75,7597.5,7596.5,7597.5,259
2026-06-17 05:45:00,7597.25,7598.25,7597.0,7597.5,190
2026-06-17 05:46:00,7597.5,7597.5,7596.25,7597.0,99
2026-06-17 05:47:00,7597.0,7597.0,7596.25,7596.25,110
2026-06-17 05:48:00,7596.0,7596.5,7595.25,7595.25,249
2026-06-17 05:49:00,7595.5,7595.5,7594.5,7595.0,302
2026-06-17 05:50:00,7594.75,7595.0,7593.5,7593.75,215
2026-06-17 05:51:00,7593.5,7594.25,7592.5,7592.5,304
2026-06-17 05:52:00,7592.5,7593.75,7592.0,7592.75,343
2026-06-17 05:53:00,7592.5,7593.0,7591.25,7591.25,319
2026-06-17 05:54:00,7591.5,7592.5,7590.75,7592.25,366
2026-06-17 05:55:00,7592.25,7592.75,7590.75,7591.0,255
2026-06-17 05:56:00,7590.75,7592.0,7590.25,7591.75,351
2026-06-17 05:57:00,7591.75,7592.25,7591.0,7591.5,187
2026-06-17 05:58:00,7591.75,7592.75,7591.25,7592.5,224
2026-06-17 05:59:00,7592.5,7593.25,7592.25,7592.25,165
2026-06-17 06:00:00,7592.25,7592.5,7590.0,7590.5,330
2026-06-17 06:01:00,7590.5,7590.5,7588.75,7590.0,619
2026-06-17 06:02:00,7589.5,7589.5,7587.5,7587.75,497
2026-06-17 06:03:00,7587.75,7588.75,7587.75,7588.75,257
2026-06-17 06:04:00,7588.75,7589.25,7587.75,7588.25,332
2026-06-17 06:05:00,7588.25,7588.5,7587.0,7587.25,265
2026-06-17 06:06:00,7587.25,7588.5,7586.75,7588.0,483
2026-06-17 06:07:00,7588.0,7588.25,7585.5,7587.0,577
2026-06-17 06:08:00,7587.25,7589.0,7586.75,7588.25,474
2026-06-17 06:09:00,7588.0,7589.75,7588.0,7589.25,257
2026-06-17 06:10:00,7589.25,7589.75,7588.0,7588.0,161
2026-06-17 06:11:00,7587.75,7587.75,7586.75,7587.25,279
2026-06-17 06:12:00,7587.0,7588.0,7586.75,7587.25,383
2026-06-17 06:13:00,7587.25,7588.0,7586.75,7587.0,149
2026-06-17 06:14:00,7587.25,7589.75,7587.0,7589.25,308
2026-06-17 06:15:00,7589.5,7589.75,7587.75,7588.5,240
2026-06-17 06:16:00,7588.5,7589.5,7588.5,7588.75,279
2026-06-17 06:17:00,7588.5,7588.75,7587.5,7587.5,182
2026-06-17 06:18:00,7587.75,7588.25,7587.5,7587.75,140
2026-06-17 06:19:00,7587.75,7588.0,7586.5,7586.5,209
2026-06-17 06:20:00,7586.75,7591.0,7586.75,7591.0,221
2026-06-17 06:21:00,7591.0,7591.25,7590.25,7591.0,305
2026-06-17 06:22:00,7591.25,7592.5,7590.5,7592.25,367
2026-06-17 06:23:00,7592.25,7593.0,7592.25,7593.0,294
2026-06-17 06:24:00,7593.0,7593.75,7592.25,7593.0,437
2026-06-17 06:25:00,7593.25,7594.25,7593.25,7593.5,381
2026-06-17 06:26:00,7593.5,7593.5,7592.5,7593.25,295
2026-06-17 06:27:00,7593.25,7593.25,7592.75,7592.75,152
2026-06-17 06:28:00,7592.5,7592.75,7592.25,7592.75,94
2026-06-17 06:29:00,7592.75,7592.75,7591.5,7591.5,205
2026-06-17 06:30:00,7591.75,7593.0,7591.75,7592.75,243
2026-06-17 06:31:00,7592.5,7592.5,7591.5,7592.0,191
2026-06-17 06:32:00,7592.0,7592.5,7591.25,7591.5,302
2026-06-17 06:33:00,7591.75,7592.25,7591.5,7591.5,171
2026-06-17 06:34:00,7591.75,7592.0,7590.5,7591.25,203
2026-06-17 06:35:00,7591.25,7591.75,7590.5,7591.5,198
2026-06-17 06:36:00,7591.5,7593.0,7591.5,7592.75,243
2026-06-17 06:37:00,7592.5,7593.0,7592.25,7593.0,121
2026-06-17 06:38:00,7593.0,7593.0,7591.25,7592.25,156
2026-06-17 06:39:00,7592.25,7593.75,7592.0,7593.5,149
2026-06-17 06:40:00,7593.5,7593.5,7592.25,7592.5,96
2026-06-17 06:41:00,7592.5,7593.5,7592.0,7593.5,157
2026-06-17 06:42:00,7593.75,7594.75,7593.5,7594.0,289
2026-06-17 06:43:00,7593.75,7595.0,7593.5,7595.0,236
2026-06-17 06:44:00,7595.0,7596.0,7594.75,7596.0,343
2026-06-17 06:45:00,7595.75,7596.0,7595.25,7595.75,254
2026-06-17 06:46:00,7595.75,7596.0,7595.0,7595.25,233
2026-06-17 06:47:00,7595.0,7595.25,7594.25,7594.75,144
2026-06-17 06:48:00,7594.75,7595.0,7594.0,7594.5,97
2026-06-17 06:49:00,7594.5,7595.5,7594.0,7595.5,122
2026-06-17 06:50:00,7595.75,7597.75,7595.75,7597.25,332
2026-06-17 06:51:00,7597.5,7598.5,7596.5,7596.5,354
2026-06-17 06:52:00,7596.75,7596.75,7595.75,7596.0,171
2026-06-17 06:53:00,7596.25,7596.25,7594.25,7594.5,348
2026-06-17 06:54:00,7594.25,7595.25,7593.25,7593.75,326
2026-06-17 06:55:00,7593.5,7594.5,7592.5,7592.75,291
2026-06-17 06:56:00,7592.75,7593.25,7591.5,7591.75,218
2026-06-17 06:57:00,7591.75,7592.75,7591.75,7592.0,263
2026-06-17 06:58:00,7592.0,7592.25,7590.25,7591.25,656
2026-06-17 06:59:00,7591.0,7592.25,7590.5,7591.25,314
2026-06-17 07:00:00,7591.25,7592.75,7590.0,7590.5,615
2026-06-17 07:01:00,7590.0,7591.25,7589.5,7591.25,399
2026-06-17 07:02:00,7591.25,7591.5,7590.0,7590.75,253
2026-06-17 07:03:00,7590.75,7592.5,7590.25,7592.25,357
2026-06-17 07:04:00,7592.5,7593.25,7591.25,7592.5,262
2026-06-17 07:05:00,7592.25,7593.75,7591.5,7593.5,228
2026-06-17 07:06:00,7593.25,7595.75,7593.25,7595.75,434
2026-06-17 07:07:00,7595.75,7596.25,7595.0,7595.25,322
2026-06-17 07:08:00,7595.75,7596.0,7594.0,7594.75,288
2026-06-17 07:09:00,7595.0,7595.0,7594.0,7594.5,200
2026-06-17 07:10:00,7594.5,7595.75,7594.5,7595.25,132
2026-06-17 07:11:00,7595.5,7596.0,7594.5,7596.0,166
2026-06-17 07:12:00,7596.0,7596.0,7595.0,7595.75,167
2026-06-17 07:13:00,7595.75,7596.25,7595.5,7595.75,131
2026-06-17 07:14:00,7596.0,7596.0,7595.25,7595.5,194
2026-06-17 07:15:00,7595.5,7596.0,7594.5,7595.75,182
2026-06-17 07:16:00,7595.5,7596.5,7595.5,7596.25,167
2026-06-17 07:17:00,7596.5,7597.0,7595.5,7596.25,378
2026-06-17 07:18:00,7596.25,7597.0,7596.0,7596.25,158
2026-06-17 07:19:00,7596.5,7596.75,7596.25,7596.75,143
2026-06-17 07:20:00,7596.5,7597.5,7596.0,7597.25,193
2026-06-17 07:21:00,7597.0,7597.25,7595.5,7596.0,235
2026-06-17 07:22:00,7596.0,7597.0,7596.0,7596.25,394
2026-06-17 07:23:00,7596.25,7597.75,7596.25,7597.75,234
2026-06-17 07:24:00,7597.5,7597.5,7595.75,7596.0,300
2026-06-17 07:25:00,7596.0,7596.5,7595.5,7595.75,199
2026-06-17 07:26:00,7595.75,7596.0,7595.0,7595.25,117
2026-06-17 07:27:00,7595.25,7595.5,7594.5,7594.5,116
2026-06-17 07:28:00,7594.75,7594.75,7593.5,7594.0,318
2026-06-17 07:29:00,7594.0,7594.75,7593.75,7594.5,254
2026-06-17 07:30:00,7594.25,7594.5,7592.25,7592.25,250
2026-06-17 07:31:00,7592.5,7593.5,7592.5,7593.5,156
2026-06-17 07:32:00,7593.5,7593.5,7592.75,7593.0,135
2026-06-17 07:33:00,7592.75,7593.25,7592.0,7592.75,242
2026-06-17 07:34:00,7592.75,7593.5,7592.25,7593.5,130
2026-06-17 07:35:00,7593.25,7593.5,7592.5,7592.75,106
2026-06-17 07:36:00,7592.5,7593.5,7592.5,7593.0,87
2026-06-17 07:37:00,7593.0,7593.5,7592.5,7592.5,121
2026-06-17 07:38:00,7592.25,7593.0,7592.25,7592.25,95
2026-06-17 07:39:00,7592.5,7592.75,7591.75,7592.5,243
2026-06-17 07:40:00,7592.75,7594.25,7592.0,7593.25,298
2026-06-17 07:41:00,7593.0,7593.0,7591.5,7592.0,214
2026-06-17 07:42:00,7592.25,7592.25,7589.5,7589.75,444
2026-06-17 07:43:00,7590.0,7590.5,7589.0,7590.25,485
2026-06-17 07:44:00,7590.0,7590.25,7589.25,7589.5,253
2026-06-17 07:45:00,7589.5,7590.75,7589.5,7590.0,148
2026-06-17 07:46:00,7590.0,7591.25,7589.75,7590.75,318
2026-06-17 07:47:00,7590.75,7590.75,7589.5,7590.25,122
2026-06-17 07:48:00,7590.0,7590.0,7586.25,7586.5,716
2026-06-17 07:49:00,7587.0,7587.0,7585.5,7586.5,719
2026-06-17 07:50:00,7586.25,7587.75,7585.75,7587.25,334
2026-06-17 07:51:00,7587.25,7587.25,7585.5,7586.0,372
2026-06-17 07:52:00,7586.0,7586.5,7585.5,7585.75,423
2026-06-17 07:53:00,7585.75,7586.5,7585.0,7585.75,345
2026-06-17 07:54:00,7585.5,7586.5,7585.25,7585.75,364
2026-06-17 07:55:00,7585.75,7586.5,7585.0,7585.0,295
2026-06-17 07:56:00,7585.0,7585.5,7582.75,7583.5,1061
2026-06-17 07:57:00,7583.5,7584.75,7583.0,7584.75,413
2026-06-17 07:58:00,7584.75,7586.75,7584.5,7586.5,409
2026-06-17 07:59:00,7586.5,7586.75,7585.5,7586.5,657
2026-06-17 08:00:00,7586.75,7587.5,7586.25,7587.25,774
2026-06-17 08:01:00,7587.0,7588.5,7587.0,7588.5,506
2026-06-17 08:02:00,7588.5,7588.75,7587.5,7588.25,337
2026-06-17 08:03:00,7588.25,7589.75,7588.25,7589.0,379
2026-06-17 08:04:00,7589.0,7589.75,7588.5,7589.0,263
2026-06-17 08:05:00,7589.0,7589.5,7588.5,7588.75,220
2026-06-17 08:06:00,7589.0,7591.0,7588.25,7590.25,388
2026-06-17 08:07:00,7590.25,7592.0,7590.25,7591.75,416
2026-06-17 08:08:00,7591.75,7592.75,7591.25,7591.75,479
2026-06-17 08:09:00,7591.75,7591.75,7591.0,7591.25,337
2026-06-17 08:10:00,7591.5,7593.75,7591.25,7593.5,432
2026-06-17 08:11:00,7593.25,7593.5,7591.5,7592.25,353
2026-06-17 08:12:00,7592.25,7592.75,7590.5,7591.25,293
2026-06-17 08:13:00,7591.0,7592.5,7591.0,7592.25,151
2026-06-17 08:14:00,7592.25,7593.0,7591.25,7592.75,333
2026-06-17 08:15:00,7592.5,7593.0,7592.0,7592.75,221
2026-06-17 08:16:00,7592.5,7592.75,7591.25,7591.5,590
2026-06-17 08:17:00,7591.5,7591.5,7589.5,7589.5,332
2026-06-17 08:18:00,7589.5,7590.0,7589.5,7590.0,195
2026-06-17 08:19:00,7590.0,7591.0,7589.75,7590.75,228
2026-06-17 08:20:00,7590.5,7590.75,7589.5,7589.75,201
2026-06-17 08:21:00,7589.75,7591.25,7589.5,7591.25,494
2026-06-17 08:22:00,7591.25,7592.25,7590.5,7592.25,351
2026-06-17 08:23:00,7592.25,7592.75,7590.75,7591.0,301
2026-06-17 08:24:00,7591.0,7591.75,7591.0,7591.25,221
2026-06-17 08:25:00,7591.25,7592.25,7591.0,7592.25,265
2026-06-17 08:26:00,7592.25,7593.5,7592.0,7593.25,234
2026-06-17 08:27:00,7593.0,7593.25,7591.75,7592.5,202
2026-06-17 08:28:00,7592.25,7592.25,7590.75,7591.0,264
2026-06-17 08:29:00,7591.25,7591.25,7589.75,7590.0,446
2026-06-17 08:30:00,7590.25,7594.5,7590.0,7594.0,806
2026-06-17 08:31:00,7593.75,7595.25,7593.25,7594.25,707
2026-06-17 08:32:00,7594.25,7595.25,7593.5,7593.75,449
2026-06-17 08:33:00,7594.0,7594.5,7591.75,7592.5,1246
2026-06-17 08:34:00,7592.5,7593.75,7592.25,7593.5,447
2026-06-17 08:35:00,7593.5,7594.0,7592.75,7593.0,407
2026-06-17 08:36:00,7593.0,7595.5,7593.0,7595.0,669
2026-06-17 08:37:00,7594.75,7595.75,7594.5,7595.0,337
2026-06-17 08:38:00,7595.25,7596.5,7593.75,7594.0,398
2026-06-17 08:39:00,7593.75,7594.25,7591.75,7592.25,379
2026-06-17 08:40:00,7592.0,7592.5,7590.0,7590.5,632
2026-06-17 08:41:00,7590.25,7591.75,7590.25,7591.5,483
2026-06-17 08:42:00,7591.25,7592.5,7591.25,7591.5,307
2026-06-17 08:43:00,7591.75,7592.5,7591.5,7592.25,316
2026-06-17 08:44:00,7592.25,7595.25,7592.25,7594.5,531
2026-06-17 08:45:00,7594.5,7595.75,7593.75,7594.0,360
2026-06-17 08:46:00,7594.25,7595.25,7594.0,7594.75,147
2026-06-17 08:47:00,7594.75,7595.5,7593.75,7594.75,239
2026-06-17 08:48:00,7595.0,7596.0,7593.5,7594.0,972
2026-06-17 08:49:00,7594.25,7595.0,7593.75,7594.75,222
2026-06-17 08:50:00,7594.75,7596.0,7594.25,7595.75,257
2026-06-17 08:51:00,7596.0,7596.25,7595.0,7596.0,380
2026-06-17 08:52:00,7595.75,7596.25,7595.25,7596.0,238
2026-06-17 08:53:00,7595.75,7596.25,7595.0,7595.25,177
2026-06-17 08:54:00,7595.25,7596.25,7595.25,7595.75,170
2026-06-17 08:55:00,7596.0,7596.0,7593.75,7595.25,624
2026-06-17 08:56:00,7595.25,7596.0,7595.25,7595.25,343
2026-06-17 08:57:00,7595.25,7595.5,7593.25,7593.75,435
2026-06-17 08:58:00,7593.75,7595.75,7593.75,7595.25,848
2026-06-17 08:59:00,7595.25,7595.75,7594.75,7595.5,280
2026-06-17 09:00:00,7595.0,7596.0,7593.75,7594.25,511
2026-06-17 09:01:00,7594.25,7594.75,7593.75,7593.75,247
2026-06-17 09:02:00,7594.0,7594.5,7593.25,7594.0,443
2026-06-17 09:03:00,7594.0,7595.0,7593.5,7594.5,502
2026-06-17 09:04:00,7594.75,7595.5,7594.0,7594.75,305
2026-06-17 09:05:00,7594.75,7595.0,7593.0,7593.0,404
2026-06-17 09:06:00,7593.0,7593.5,7591.75,7592.0,651
2026-06-17 09:07:00,7591.75,7593.0,7591.25,7592.25,503
2026-06-17 09:08:00,7592.5,7593.25,7591.75,7591.75,328
2026-06-17 09:09:00,7591.75,7592.0,7591.0,7592.0,334
2026-06-17 09:10:00,7592.0,7592.75,7591.5,7592.75,483
2026-06-17 09:11:00,7592.25,7594.0,7592.25,7593.0,471
2026-06-17 09:12:00,7593.0,7594.25,7592.75,7594.0,303
2026-06-17 09:13:00,7594.0,7595.5,7593.75,7594.75,520
2026-06-17 09:14:00,7594.75,7595.0,7593.25,7594.0,401
2026-06-17 09:15:00,7594.0,7596.5,7593.75,7596.0,675
2026-06-17 09:16:00,7596.0,7596.5,7595.5,7596.25,385
2026-06-17 09:17:00,7596.25,7597.5,7596.25,7597.0,649
2026-06-17 09:18:00,7597.25,7598.25,7596.5,7598.25,911
2026-06-17 09:19:00,7598.5,7598.75,7597.5,7597.5,745
2026-06-17 09:20:00,7597.5,7598.0,7597.0,7597.25,633
2026-06-17 09:21:00,7597.5,7598.0,7596.0,7596.0,861
2026-06-17 09:22:00,7596.0,7598.0,7596.0,7597.75,626
2026-06-17 09:23:00,7597.75,7598.0,7597.0,7597.5,596
2026-06-17 09:24:00,7597.5,7597.5,7596.75,7597.5,377
2026-06-17 09:25:00,7597.25,7599.0,7595.75,7596.0,1824
2026-06-17 09:26:00,7596.25,7596.25,7594.5,7594.75,1014
2026-06-17 09:27:00,7594.75,7596.25,7594.5,7596.25,737
2026-06-17 09:28:00,7596.25,7596.75,7591.75,7593.75,3423
2026-06-17 09:29:00,7593.5,7596.0,7592.75,7595.75,2876
2026-06-17 09:30:00,7596.0,7596.0,7589.0,7592.25,11003
2026-06-17 09:31:00,7592.5,7592.75,7585.75,7586.75,7196
2026-06-17 09:32:00,7586.75,7590.75,7586.25,7587.5,4636
2026-06-17 09:33:00,7587.25,7588.0,7584.75,7587.0,3508
2026-06-17 09:34:00,7587.0,7589.75,7585.75,7589.75,2846
2026-06-17 09:35:00,7589.75,7592.5,7587.75,7591.25,4079
2026-06-17 09:36:00,7591.5,7592.0,7588.25,7591.5,3148
2026-06-17 09:37:00,7591.5,7593.25,7589.0,7590.0,3568
2026-06-17 09:38:00,7589.75,7590.75,7585.25,7586.0,3768
2026-06-17 09:39:00,7586.0,7587.75,7585.5,7586.25,2708
2026-06-17 09:40:00,7586.25,7590.0,7583.5,7589.0,6518
2026-06-17 09:41:00,7589.25,7591.75,7588.25,7590.5,3558
2026-06-17 09:42:00,7590.5,7593.5,7589.5,7592.75,2797
2026-06-17 09:43:00,7593.0,7596.5,7592.5,7596.0,4079
2026-06-17 09:44:00,7596.0,7598.0,7594.75,7597.75,2807
2026-06-17 09:45:00,7597.75,7600.25,7597.0,7597.0,5215
2026-06-17 09:46:00,7597.25,7598.0,7594.5,7594.75,3808
2026-06-17 09:47:00,7594.75,7597.5,7594.5,7595.5,2424
2026-06-17 09:48:00,7595.5,7597.75,7594.25,7597.5,2258
2026-06-17 09:49:00,7597.25,7598.25,7593.75,7594.0,2752
2026-06-17 09:50:00,7594.0,7595.5,7591.25,7593.0,4442
2026-06-17 09:51:00,7593.0,7597.75,7592.75,7595.5,3039
2026-06-17 09:52:00,7595.5,7597.5,7594.5,7595.75,2724
2026-06-17 09:53:00,7595.75,7596.75,7592.25,7596.25,3160
2026-06-17 09:54:00,7596.25,7597.0,7594.25,7596.0,2016
2026-06-17 09:55:00,7596.0,7596.25,7592.0,7594.0,2510
2026-06-17 09:56:00,7593.75,7594.25,7589.25,7589.5,3580
2026-06-17 09:57:00,7589.75,7590.25,7583.5,7585.25,6922
2026-06-17 09:58:00,7585.25,7587.0,7583.75,7584.25,3445
2026-06-17 09:59:00,7584.0,7584.5,7581.0,7581.25,3944
2026-06-17 10:00:00,7581.25,7585.0,7578.5,7585.0,7055
2026-06-17 10:01:00,7584.75,7586.25,7581.5,7584.75,4631
2026-06-17 10:02:00,7585.0,7585.0,7579.75,7582.0,4535
2026-06-17 10:03:00,7582.0,7587.75,7581.5,7587.25,4253
2026-06-17 10:04:00,7587.25,7589.0,7584.25,7587.0,3948
2026-06-17 10:05:00,7587.0,7587.0,7582.25,7584.0,2912
2026-06-17 10:06:00,7583.75,7588.5,7583.25,7585.75,3115
2026-06-17 10:07:00,7585.75,7590.5,7585.75,7590.0,3649
2026-06-17 10:08:00,7590.25,7593.5,7588.75,7591.5,4364
2026-06-17 10:09:00,7591.25,7592.5,7586.25,7589.0,4217
2026-06-17 10:10:00,7589.25,7590.25,7585.5,7587.25,3488
2026-06-17 10:11:00,7587.0,7590.75,7586.5,7589.75,3398
2026-06-17 10:12:00,7590.0,7594.25,7589.5,7592.0,3711
2026-06-17 10:13:00,7592.0,7593.5,7590.25,7590.5,2253
2026-06-17 10:14:00,7590.75,7595.25,7589.5,7594.75,3645
2026-06-17 10:15:00,7594.75,7596.75,7593.75,7596.25,3528
2026-06-17 10:16:00,7596.0,7598.25,7595.25,7595.75,2906
2026-06-17 10:17:00,7595.75,7596.5,7594.25,7596.0,2244
2026-06-17 10:18:00,7596.0,7598.25,7593.25,7594.0,3275
2026-06-17 10:19:00,7594.0,7597.5,7594.0,7595.75,1957
2026-06-17 10:20:00,7595.5,7597.0,7594.0,7596.5,1617
2026-06-17 10:21:00,7596.5,7597.0,7594.0,7595.5,1639
2026-06-17 10:22:00,7595.75,7598.5,7595.25,7596.25,3232
2026-06-17 10:23:00,7596.25,7599.25,7596.0,7599.25,2142
2026-06-17 10:24:00,7599.25,7604.25,7598.75,7603.75,5945
2026-06-17 10:25:00,7603.75,7603.75,7600.5,7601.5,2917
2026-06-17 10:26:00,7601.5,7603.0,7598.75,7601.5,3142
2026-06-17 10:27:00,7601.25,7602.0,7597.25,7599.75,3477
2026-06-17 10:28:00,7599.75,7601.0,7597.75,7598.25,1829
2026-06-17 10:29:00,7598.0,7599.75,7597.5,7599.25,1780
2026-06-17 10:30:00,7599.25,7600.0,7595.5,7596.5,3579
2026-06-17 10:31:00,7596.75,7597.25,7591.75,7593.5,4962
2026-06-17 10:32:00,7593.5,7594.75,7589.5,7590.25,3624
2026-06-17 10:33:00,7590.0,7590.5,7586.75,7587.5,4183
2026-06-17 10:34:00,7587.25,7590.5,7586.25,7590.0,3894
2026-06-17 10:35:00,7590.0,7590.75,7587.5,7587.75,2981
2026-06-17 10:36:00,7587.75,7588.0,7583.25,7583.5,4239
2026-06-17 10:37:00,7583.75,7586.5,7583.25,7584.25,2686
2026-06-17 10:38:00,7584.0,7585.75,7582.25,7583.0,3208
2026-06-17 10:39:00,7583.25,7586.5,7582.25,7582.75,2970
2026-06-17 10:40:00,7582.75,7583.5,7577.25,7578.0,7790
2026-06-17 10:41:00,7578.0,7580.5,7574.0,7580.25,7437
2026-06-17 10:42:00,7580.0,7583.5,7579.5,7583.25,5410
2026-06-17 10:43:00,7583.25,7586.0,7582.75,7586.0,4380
2026-06-17 10:44:00,7585.75,7586.0,7582.75,7584.0,2070
2026-06-17 10:45:00,7584.0,7585.5,7581.5,7584.25,2938
2026-06-17 10:46:00,7584.25,7589.0,7583.25,7586.75,4397
2026-06-17 10:47:00,7586.75,7587.75,7560.5,7566.75,35897
2026-06-17 10:48:00,7566.75,7574.75,7566.75,7574.5,10194
2026-06-17 10:49:00,7574.5,7579.75,7573.25,7575.75,6803
2026-06-17 10:50:00,7576.0,7578.0,7572.75,7576.25,5613
2026-06-17 10:51:00,7576.0,7582.0,7576.0,7577.0,5479
2026-06-17 10:52:00,7577.0,7584.25,7576.5,7584.0,7701
2026-06-17 10:53:00,7583.75,7583.75,7580.0,7582.75,2518
2026-06-17 10:54:00,7582.25,7584.5,7581.75,7582.5,2154
2026-06-17 10:55:00,7582.5,7582.75,7578.25,7578.5,3084
2026-06-17 10:56:00,7578.5,7580.5,7575.75,7576.25,3260
2026-06-17 10:57:00,7576.0,7577.25,7574.0,7574.5,2732
2026-06-17 10:58:00,7574.25,7576.25,7572.25,7572.5,2464
2026-06-17 10:59:00,7572.5,7575.0,7571.25,7572.25,3760
2026-06-17 11:00:00,7572.5,7577.25,7572.0,7572.75,3945
2026-06-17 11:01:00,7572.75,7574.0,7571.0,7572.25,2978
2026-06-17 11:02:00,7572.0,7575.0,7572.0,7574.0,1939
2026-06-17 11:03:00,7574.25,7577.5,7574.0,7576.25,3065
2026-06-17 11:04:00,7576.25,7577.5,7572.0,7574.5,2769
2026-06-17 11:05:00,7574.5,7577.0,7571.25,7572.5,5458
2026-06-17 11:06:00,7572.5,7577.0,7572.5,7575.25,2199
2026-06-17 11:07:00,7575.0,7576.0,7572.0,7572.5,2181
2026-06-17 11:08:00,7572.5,7574.25,7570.25,7570.75,2767
2026-06-17 11:09:00,7570.5,7571.75,7568.0,7569.25,3012
2026-06-17 11:10:00,7569.25,7572.5,7569.0,7571.25,3396
2026-06-17 11:11:00,7571.25,7575.0,7571.25,7573.5,2313
2026-06-17 11:12:00,7573.5,7575.25,7572.25,7574.5,2026
2026-06-17 11:13:00,7574.5,7576.0,7573.25,7576.0,2087
2026-06-17 11:14:00,7576.0,7579.75,7574.75,7578.25,4151
2026-06-17 11:15:00,7578.25,7580.25,7575.5,7580.0,4595
2026-06-17 11:16:00,7580.25,7581.5,7579.25,7581.25,4717
2026-06-17 11:17:00,7581.0,7581.75,7577.75,7581.0,2794
2026-06-17 11:18:00,7581.0,7584.75,7580.5,7582.75,4147
2026-06-17 11:19:00,7583.0,7583.0,7579.0,7580.25,3277
2026-06-17 11:20:00,7580.25,7583.25,7578.75,7582.5,2517
2026-06-17 11:21:00,7582.5,7583.25,7579.0,7580.25,2077
2026-06-17 11:22:00,7580.25,7580.75,7578.5,7579.75,1584
2026-06-17 11:23:00,7579.5,7581.75,7578.25,7580.5,1868
2026-06-17 11:24:00,7580.5,7582.75,7579.75,7581.0,1752
2026-06-17 11:25:00,7581.0,7581.0,7578.75,7580.25,2020
2026-06-17 11:26:00,7580.5,7582.5,7578.5,7579.5,1910
2026-06-17 11:27:00,7579.5,7581.0,7578.25,7579.5,1968
2026-06-17 11:28:00,7579.5,7581.5,7578.25,7580.25,1820
2026-06-17 11:29:00,7580.0,7582.75,7580.0,7582.25,1697
2026-06-17 11:30:00,7582.25,7583.0,7580.0,7582.5,1695
2026-06-17 11:31:00,7582.5,7583.25,7581.25,7583.0,941
2026-06-17 11:32:00,7583.0,7585.25,7582.25,7585.0,2083
2026-06-17 11:33:00,7585.0,7588.5,7584.75,7587.25,3080
2026-06-17 11:34:00,7587.5,7590.0,7586.75,7588.0,3698
2026-06-17 11:35:00,7588.0,7589.0,7586.25,7588.75,2081
2026-06-17 11:36:00,7588.75,7588.75,7586.5,7588.25,1196
2026-06-17 11:37:00,7588.5,7588.5,7585.25,7586.0,1628
2026-06-17 11:38:00,7586.0,7589.75,7585.5,7589.75,1337
2026-06-17 11:39:00,7589.75,7590.5,7588.5,7589.5,1761
2026-06-17 11:40:00,7589.5,7590.5,7586.0,7586.5,1986
2026-06-17 11:41:00,7586.5,7586.5,7584.0,7585.0,2220
2026-06-17 11:42:00,7584.75,7587.25,7584.25,7586.5,1186
2026-06-17 11:43:00,7586.75,7588.5,7586.0,7586.5,1182
2026-06-17 11:44:00,7586.5,7587.25,7585.0,7586.25,1080
2026-06-17 11:45:00,7586.25,7588.0,7585.5,7586.25,1300
2026-06-17 11:46:00,7586.0,7587.75,7586.0,7586.5,1147
2026-06-17 11:47:00,7586.75,7587.25,7585.75,7586.25,882
2026-06-17 11:48:00,7586.25,7589.0,7586.0,7588.25,1550
2026-06-17 11:49:00,7588.25,7590.0,7588.0,7589.25,966
2026-06-17 11:50:00,7589.5,7591.25,7587.75,7589.5,1940
2026-06-17 11:51:00,7589.25,7590.5,7588.5,7588.5,1017
2026-06-17 11:52:00,7588.75,7588.75,7586.75,7587.5,1038
2026-06-17 11:53:00,7587.25,7587.75,7585.75,7586.25,974
2026-06-17 11:54:00,7586.25,7588.0,7585.75,7587.0,1078
2026-06-17 11:55:00,7586.75,7587.75,7585.75,7587.5,977
2026-06-17 11:56:00,7587.5,7589.25,7587.25,7588.25,1287
2026-06-17 11:57:00,7588.5,7590.75,7588.25,7589.25,1021
2026-06-17 11:58:00,7589.5,7590.5,7588.5,7589.0,1222
2026-06-17 11:59:00,7588.75,7589.25,7588.0,7588.75,573
2026-06-17 12:00:00,7589.0,7591.5,7588.75,7590.75,1526
2026-06-17 12:01:00,7590.5,7590.75,7589.25,7590.25,528
2026-06-17 12:02:00,7590.5,7591.5,7590.25,7590.75,561
2026-06-17 12:03:00,7590.75,7592.25,7590.75,7591.25,837
2026-06-17 12:04:00,7591.25,7591.5,7589.0,7589.75,755
2026-06-17 12:05:00,7590.0,7590.5,7588.25,7589.5,1024
2026-06-17 12:06:00,7589.5,7590.5,7588.5,7589.0,646
2026-06-17 12:07:00,7589.0,7590.0,7587.5,7589.75,974
2026-06-17 12:08:00,7589.5,7589.75,7588.5,7589.5,536
2026-06-17 12:09:00,7589.25,7589.5,7588.0,7588.75,454
2026-06-17 12:10:00,7588.75,7589.0,7587.5,7588.0,436
2026-06-17 12:11:00,7587.75,7588.0,7585.75,7585.75,887
2026-06-17 12:12:00,7586.0,7587.5,7586.0,7586.0,787
2026-06-17 12:13:00,7585.75,7587.5,7585.5,7587.0,620
2026-06-17 12:14:00,7587.0,7589.0,7586.75,7588.75,675
2026-06-17 12:15:00,7588.75,7590.0,7588.0,7589.5,664
2026-06-17 12:16:00,7589.5,7589.75,7587.25,7588.0,731
2026-06-17 12:17:00,7588.0,7589.0,7587.5,7587.75,292
2026-06-17 12:18:00,7587.75,7591.0,7587.75,7590.5,953
2026-06-17 12:19:00,7590.5,7592.25,7589.75,7592.0,795
2026-06-17 12:20:00,7592.0,7593.25,7590.25,7590.5,1541
2026-06-17 12:21:00,7590.5,7592.0,7590.0,7591.0,721
2026-06-17 12:22:00,7590.75,7592.5,7590.5,7592.0,499
2026-06-17 12:23:00,7592.0,7593.0,7591.5,7592.0,564
2026-06-17 12:24:00,7591.75,7592.5,7591.0,7592.25,399
2026-06-17 12:25:00,7592.25,7592.5,7590.25,7591.25,623
2026-06-17 12:26:00,7591.5,7593.25,7591.5,7592.0,600
2026-06-17 12:27:00,7592.0,7592.75,7591.0,7591.5,426
2026-06-17 12:28:00,7591.5,7592.25,7590.75,7591.25,688
2026-06-17 12:29:00,7591.25,7591.75,7590.0,7590.25,733
2026-06-17 12:30:00,7590.25,7591.25,7589.75,7590.5,926
2026-06-17 12:31:00,7590.25,7590.25,7587.0,7587.25,1328
2026-06-17 12:32:00,7587.25,7588.0,7586.0,7586.75,1184
2026-06-17 12:33:00,7586.75,7587.5,7585.5,7585.75,917
2026-06-17 12:34:00,7585.75,7586.75,7585.5,7586.25,494
2026-06-17 12:35:00,7586.0,7587.75,7585.25,7586.75,1007
2026-06-17 12:36:00,7586.5,7586.75,7584.25,7584.5,955
2026-06-17 12:37:00,7584.5,7586.75,7584.25,7586.5,900
2026-06-17 12:38:00,7586.5,7588.5,7586.0,7588.0,1092
2026-06-17 12:39:00,7588.0,7588.75,7587.25,7587.75,503
2026-06-17 12:40:00,7587.75,7588.0,7582.5,7583.25,1703
2026-06-17 12:41:00,7583.5,7584.5,7583.0,7583.5,969
2026-06-17 12:42:00,7583.5,7584.5,7582.5,7583.0,983
2026-06-17 12:43:00,7583.0,7584.5,7582.0,7584.0,880
2026-06-17 12:44:00,7584.0,7585.75,7583.75,7585.0,1092
2026-06-17 12:45:00,7584.75,7585.0,7582.25,7583.75,1298
2026-06-17 12:46:00,7583.75,7584.0,7582.5,7583.0,986
2026-06-17 12:47:00,7583.5,7585.25,7583.25,7583.75,619
2026-06-17 12:48:00,7583.75,7584.0,7581.75,7582.0,670
2026-06-17 12:49:00,7581.75,7584.25,7581.75,7583.0,808
2026-06-17 12:50:00,7583.0,7583.5,7582.0,7583.5,692
2026-06-17 12:51:00,7583.0,7585.5,7583.0,7584.0,964
2026-06-17 12:52:00,7583.75,7584.5,7583.0,7584.25,450
2026-06-17 12:53:00,7584.0,7584.0,7582.0,7582.75,784
2026-06-17 12:54:00,7582.75,7583.5,7582.5,7582.5,571
2026-06-17 12:55:00,7582.75,7585.5,7582.5,7584.25,1078
2026-06-17 12:56:00,7584.0,7584.5,7583.0,7583.5,489
2026-06-17 12:57:00,7583.5,7584.0,7582.75,7583.5,291
2026-06-17 12:58:00,7583.75,7583.75,7582.0,7583.25,538
2026-06-17 12:59:00,7583.25,7583.25,7581.5,7582.75,591
2026-06-17 13:00:00,7582.5,7582.75,7579.5,7580.5,1860
2026-06-17 13:01:00,7580.5,7580.75,7578.75,7579.25,981
2026-06-17 13:02:00,7579.0,7579.5,7577.75,7578.25,1496
2026-06-17 13:03:00,7578.25,7578.5,7577.0,7578.0,1056
2026-06-17 13:04:00,7578.0,7579.0,7575.75,7577.5,1582
2026-06-17 13:05:00,7577.25,7577.5,7575.5,7576.75,1013
2026-06-17 13:06:00,7576.5,7579.0,7576.0,7577.5,1116
2026-06-17 13:07:00,7577.75,7577.75,7575.75,7576.0,657
2026-06-17 13:08:00,7576.0,7577.25,7568.5,7576.5,7191
2026-06-17 13:09:00,7576.75,7577.0,7574.5,7576.5,1200
2026-06-17 13:10:00,7576.5,7579.0,7576.25,7577.25,1533
2026-06-17 13:11:00,7577.25,7578.5,7576.0,7576.25,920
2026-06-17 13:12:00,7576.5,7577.5,7574.75,7576.25,1062
2026-06-17 13:13:00,7576.25,7577.5,7575.5,7576.0,670
2026-06-17 13:14:00,7576.25,7576.75,7575.0,7575.0,639
2026-06-17 13:15:00,7575.0,7575.25,7572.0,7572.25,2326
2026-06-17 13:16:00,7572.25,7573.5,7572.0,7572.5,1291
2026-06-17 13:17:00,7572.5,7573.75,7572.0,7573.25,652
2026-06-17 13:18:00,7573.25,7575.5,7572.25,7575.25,832
2026-06-17 13:19:00,7575.25,7576.25,7574.25,7576.25,1238
2026-06-17 13:20:00,7576.0,7576.0,7573.0,7575.25,1047
2026-06-17 13:21:00,7575.25,7577.0,7575.0,7576.25,1068
2026-06-17 13:22:00,7576.0,7578.75,7575.75,7577.5,1180
2026-06-17 13:23:00,7577.5,7578.25,7576.0,7576.25,586
2026-06-17 13:24:00,7576.0,7576.25,7575.0,7575.5,949
2026-06-17 13:25:00,7575.5,7576.25,7574.25,7576.0,827
2026-06-17 13:26:00,7576.25,7578.5,7575.25,7578.25,917
2026-06-17 13:27:00,7578.5,7579.75,7578.0,7578.25,1478
2026-06-17 13:28:00,7578.25,7578.25,7576.75,7577.5,1511
2026-06-17 13:29:00,7577.25,7579.0,7576.25,7578.25,1015
2026-06-17 13:30:00,7578.25,7578.25,7574.75,7575.0,1595
2026-06-17 13:31:00,7575.0,7575.0,7573.25,7573.5,1322
2026-06-17 13:32:00,7573.5,7574.5,7572.5,7573.0,1103
2026-06-17 13:33:00,7573.25,7575.75,7573.0,7575.75,948
2026-06-17 13:34:00,7575.25,7575.5,7573.0,7573.5,999
2026-06-17 13:35:00,7573.5,7574.0,7572.75,7574.0,962
2026-06-17 13:36:00,7574.25,7576.25,7573.75,7576.25,1078
2026-06-17 13:37:00,7576.25,7578.0,7576.0,7576.5,861
2026-06-17 13:38:00,7576.75,7578.75,7576.0,7578.75,914
2026-06-17 13:39:00,7578.75,7579.25,7577.0,7577.75,1148
2026-06-17 13:40:00,7577.5,7577.75,7575.0,7576.75,899
2026-06-17 13:41:00,7576.75,7577.75,7575.5,7577.25,505
2026-06-17 13:42:00,7577.5,7577.75,7575.25,7576.5,590
2026-06-17 13:43:00,7576.5,7576.75,7573.75,7574.25,834
2026-06-17 13:44:00,7574.0,7575.0,7573.75,7574.5,502
2026-06-17 13:45:00,7574.25,7575.25,7574.0,7574.75,557
2026-06-17 13:46:00,7575.0,7575.5,7573.75,7574.5,588
2026-06-17 13:47:00,7574.25,7575.25,7573.0,7574.0,1392
2026-06-17 13:48:00,7574.0,7574.75,7573.75,7574.5,381
2026-06-17 13:49:00,7574.5,7578.0,7574.5,7577.0,865
2026-06-17 13:50:00,7577.25,7578.75,7576.5,7578.5,1091
2026-06-17 13:51:00,7578.75,7582.0,7578.0,7581.75,1671
2026-06-17 13:52:00,7581.5,7584.75,7581.5,7584.75,2447
2026-06-17 13:53:00,7584.5,7587.25,7584.25,7586.75,1431
2026-06-17 13:54:00,7587.0,7587.0,7584.75,7584.75,994
2026-06-17 13:55:00,7584.75,7585.5,7583.0,7583.0,1061
2026-06-17 13:56:00,7583.25,7586.0,7582.5,7585.75,892
2026-06-17 13:57:00,7585.75,7586.25,7584.5,7585.25,649
2026-06-17 13:58:00,7585.25,7586.25,7584.5,7586.25,595
2026-06-17 13:59:00,7585.75,7590.0,7585.5,7590.0,1139
2026-06-17 14:00:00,7589.75,7590.0,7555.25,7556.5,6547
2026-06-17 14:01:00,7555.75,7565.75,7553.0,7559.0,5275
2026-06-17 14:02:00,7559.0,7561.0,7547.25,7547.25,4489
2026-06-17 14:03:00,7547.25,7549.5,7537.0,7544.5,8847
2026-06-17 14:04:00,7544.25,7544.5,7531.25,7531.5,7948
2026-06-17 14:05:00,7531.75,7532.5,7514.25,7515.0,11296
2026-06-17 14:06:00,7514.75,7531.0,7513.75,7530.5,11252
2026-06-17 14:07:00,7530.25,7538.5,7526.75,7534.25,9370
2026-06-17 14:08:00,7534.5,7542.0,7534.0,7538.75,8172
2026-06-17 14:09:00,7538.75,7548.75,7537.5,7546.5,8209
2026-06-17 14:10:00,7546.5,7552.0,7543.25,7544.5,8254
2026-06-17 14:11:00,7544.75,7550.75,7544.25,7549.25,5267
2026-06-17 14:12:00,7549.0,7551.75,7545.0,7551.5,4760
2026-06-17 14:13:00,7551.25,7551.5,7541.5,7542.75,5323
2026-06-17 14:14:00,7543.0,7548.0,7539.75,7546.25,4559
2026-06-17 14:15:00,7546.0,7560.0,7545.75,7558.5,8628
2026-06-17 14:16:00,7558.5,7560.5,7555.0,7556.0,5763
2026-06-17 14:17:00,7556.0,7557.0,7551.75,7554.0,4968
2026-06-17 14:18:00,7554.0,7557.25,7553.75,7557.0,3509
2026-06-17 14:19:00,7556.75,7559.5,7555.5,7556.75,3201
2026-06-17 14:20:00,7556.75,7558.25,7549.75,7550.0,4995
2026-06-17 14:21:00,7550.0,7553.0,7547.75,7551.5,6024
2026-06-17 14:22:00,7551.5,7552.75,7546.5,7547.25,3658
2026-06-17 14:23:00,7547.25,7549.5,7546.25,7547.25,3454
2026-06-17 14:24:00,7547.25,7547.25,7539.75,7542.25,5268
2026-06-17 14:25:00,7542.0,7542.0,7534.0,7538.0,7411
2026-06-17 14:26:00,7538.0,7542.75,7536.75,7538.75,4957
2026-06-17 14:27:00,7538.5,7539.75,7533.75,7536.75,4275
2026-06-17 14:28:00,7536.5,7540.75,7536.5,7539.0,4038
2026-06-17 14:29:00,7539.0,7546.0,7539.0,7542.75,4949
2026-06-17 14:30:00,7542.75,7545.0,7538.0,7539.75,4547
2026-06-17 14:31:00,7539.5,7555.75,7539.5,7555.25,5650
2026-06-17 14:32:00,7555.0,7562.5,7536.75,7547.75,15925
2026-06-17 14:33:00,7547.75,7554.5,7539.25,7542.0,6993
2026-06-17 14:34:00,7542.0,7547.0,7535.5,7537.25,5113
2026-06-17 14:35:00,7537.25,7547.75,7537.25,7543.0,4825
2026-06-17 14:36:00,7543.5,7555.5,7543.0,7554.75,6801
2026-06-17 14:37:00,7555.0,7558.0,7552.25,7553.75,3701
2026-06-17 14:38:00,7553.75,7565.5,7553.25,7565.25,4152
2026-06-17 14:39:00,7565.25,7568.75,7559.5,7561.0,5644
2026-06-17 14:40:00,7561.0,7566.75,7560.75,7563.75,3792
2026-06-17 14:41:00,7563.5,7569.75,7557.25,7564.0,5477
2026-06-17 14:42:00,7564.0,7571.0,7561.75,7569.0,4577
2026-06-17 14:43:00,7569.0,7580.25,7568.0,7578.0,7048
2026-06-17 14:44:00,7577.5,7584.25,7576.0,7580.25,5724
2026-06-17 14:45:00,7580.25,7580.5,7571.25,7571.75,4735
2026-06-17 14:46:00,7571.75,7575.25,7566.75,7567.25,3394
2026-06-17 14:47:00,7567.75,7577.0,7566.5,7576.25,4603
2026-06-17 14:48:00,7576.25,7576.25,7567.0,7569.0,2767
2026-06-17 14:49:00,7569.0,7571.75,7568.0,7568.75,2155
2026-06-17 14:50:00,7568.5,7569.0,7563.25,7565.0,3256
2026-06-17 14:51:00,7565.0,7568.25,7564.0,7565.5,3157
2026-06-17 14:52:00,7565.75,7574.0,7564.75,7568.5,4554
2026-06-17 14:53:00,7568.5,7569.5,7562.75,7562.75,2128
2026-06-17 14:54:00,7562.5,7568.75,7562.25,7564.0,2868
2026-06-17 14:55:00,7564.0,7564.0,7552.75,7553.25,5014
2026-06-17 14:56:00,7553.75,7555.75,7547.75,7548.75,4822
2026-06-17 14:57:00,7548.75,7550.0,7540.75,7545.0,5392
2026-06-17 14:58:00,7545.25,7548.0,7531.5,7532.25,6902
2026-06-17 14:59:00,7532.5,7543.5,7532.5,7540.5,6641
2026-06-17 15:00:00,7540.5,7549.25,7538.5,7547.0,7750
2026-06-17 15:01:00,7546.5,7547.25,7539.0,7541.75,4546
2026-06-17 15:02:00,7541.75,7552.0,7541.0,7541.25,5944
2026-06-17 15:03:00,7541.5,7545.75,7536.5,7542.75,6149
2026-06-17 15:04:00,7542.75,7546.25,7538.0,7541.25,3563
2026-06-17 15:05:00,7541.25,7545.0,7537.25,7541.25,3907
2026-06-17 15:06:00,7541.0,7548.5,7540.25,7542.5,3979
2026-06-17 15:07:00,7542.75,7545.75,7539.5,7540.75,2821
2026-06-17 15:08:00,7540.75,7547.5,7540.25,7542.25,3394
2026-06-17 15:09:00,7542.5,7544.5,7536.0,7538.0,2753
2026-06-17 15:10:00,7538.0,7539.0,7531.75,7534.25,4256
2026-06-17 15:11:00,7534.25,7534.25,7524.75,7526.75,5456
2026-06-17 15:12:00,7526.75,7536.25,7524.5,7534.0,4809
2026-06-17 15:13:00,7534.0,7551.5,7533.25,7550.75,6881
2026-06-17 15:14:00,7550.75,7550.75,7544.25,7547.0,3512
2026-06-17 15:15:00,7547.25,7548.5,7538.25,7541.5,3654
2026-06-17 15:16:00,7541.5,7544.25,7535.0,7535.5,2894
2026-06-17 15:17:00,7535.5,7538.5,7529.75,7530.25,3233
2026-06-17 15:18:00,7530.25,7531.0,7521.75,7522.25,3951
2026-06-17 15:19:00,7522.0,7529.25,7521.25,7521.25,3908
2026-06-17 15:20:00,7521.5,7522.25,7509.5,7509.75,6833
2026-06-17 15:21:00,7510.0,7511.0,7502.0,7505.75,6918
2026-06-17 15:22:00,7506.0,7514.5,7505.75,7508.0,7493
2026-06-17 15:23:00,7508.0,7510.5,7502.25,7506.5,5374
2026-06-17 15:24:00,7506.75,7507.5,7497.75,7498.0,5861
2026-06-17 15:25:00,7498.25,7509.75,7498.0,7508.75,5793
2026-06-17 15:26:00,7508.75,7512.5,7507.25,7511.75,4276
2026-06-17 15:27:00,7511.5,7513.75,7504.5,7506.5,3928
2026-06-17 15:28:00,7506.5,7510.25,7501.0,7503.5,2825
2026-06-17 15:29:00,7503.5,7504.75,7497.5,7500.25,3825
2026-06-17 15:30:00,7500.25,7502.5,7492.75,7494.5,7055
2026-06-17 15:31:00,7494.5,7503.75,7493.0,7495.0,5691
2026-06-17 15:32:00,7495.25,7495.5,7488.0,7489.0,5805
2026-06-17 15:33:00,7489.25,7495.0,7488.0,7489.75,4124
2026-06-17 15:34:00,7490.0,7494.0,7488.5,7489.0,3920
2026-06-17 15:35:00,7489.0,7496.75,7488.5,7492.25,4070
2026-06-17 15:36:00,7492.0,7497.0,7490.25,7496.0,3411
2026-06-17 15:37:00,7496.0,7500.25,7493.0,7494.0,4107
2026-06-17 15:38:00,7493.75,7495.0,7479.0,7480.75,7932
2026-06-17 15:39:00,7480.75,7484.5,7472.25,7475.75,7404
2026-06-17 15:40:00,7475.25,7478.75,7473.25,7475.5,6293
2026-06-17 15:41:00,7475.5,7479.75,7475.0,7476.25,3789
2026-06-17 15:42:00,7476.25,7482.75,7475.0,7481.25,5166
2026-06-17 15:43:00,7481.25,7485.25,7477.75,7482.0,5404
2026-06-17 15:44:00,7482.25,7482.75,7475.75,7479.75,2972
2026-06-17 15:45:00,7480.25,7486.5,7479.25,7481.25,5497
2026-06-17 15:46:00,7481.25,7492.0,7478.25,7491.0,6514
2026-06-17 15:47:00,7491.25,7493.5,7488.75,7491.25,3809
2026-06-17 15:48:00,7491.0,7498.0,7491.0,7495.75,3967
2026-06-17 15:49:00,7496.0,7496.0,7486.25,7489.0,4240
2026-06-17 15:50:00,7488.75,7494.0,7475.25,7483.25,10452
2026-06-17 15:51:00,7483.0,7484.75,7478.25,7480.5,2954
2026-06-17 15:52:00,7480.25,7482.5,7477.25,7478.0,2245
2026-06-17 15:53:00,7478.0,7485.25,7476.75,7481.0,2849
2026-06-17 15:54:00,7481.0,7486.5,7480.25,7481.25,2974
2026-06-17 15:55:00,7481.25,7498.75,7479.75,7496.5,4897
2026-06-17 15:56:00,7496.25,7496.25,7489.75,7492.25,1881
2026-06-17 15:57:00,7492.25,7493.0,7487.0,7490.5,1812
2026-06-17 15:58:00,7490.5,7493.25,7489.25,7490.0,1796
2026-06-17 15:59:00,7490.0,7495.5,7488.75,7492.0,7993
2026-06-17 16:00:00,7492.25,7501.0,7491.75,7500.25,3701
2026-06-17 16:01:00,7500.5,7504.5,7500.0,7501.5,2258
2026-06-17 16:02:00,7501.5,7504.5,7500.5,7501.0,1317
2026-06-17 16:03:00,7501.0,7501.0,7497.25,7498.75,1358
2026-06-17 16:04:00,7499.0,7499.25,7495.25,7497.75,964
2026-06-17 16:05:00,7498.0,7498.75,7496.5,7497.25,545
2026-06-17 16:06:00,7497.25,7498.5,7495.5,7497.25,707
2026-06-17 16:07:00,7497.25,7497.75,7492.75,7493.5,830
2026-06-17 16:08:00,7493.75,7495.75,7493.25,7494.5,517
2026-06-17 16:09:00,7494.5,7498.75,7494.5,7498.5,820
2026-06-17 16:10:00,7498.25,7499.5,7497.5,7499.0,505
2026-06-17 16:11:00,7499.0,7501.75,7495.5,7495.5,1028
2026-06-17 16:12:00,7495.5,7495.5,7491.5,7493.25,1056
2026-06-17 16:13:00,7493.0,7493.25,7490.75,7491.0,599
2026-06-17 16:14:00,7491.0,7494.5,7490.0,7492.5,1118
2026-06-17 16:15:00,7492.5,7493.75,7489.75,7492.0,631
2026-06-17 16:16:00,7492.0,7493.75,7491.0,7492.75,321
2026-06-17 16:17:00,7492.75,7496.75,7492.5,7496.25,562
2026-06-17 16:18:00,7496.75,7500.25,7496.25,7499.25,675
2026-06-17 16:19:00,7499.5,7503.0,7499.5,7502.5,734
2026-06-17 16:20:00,7502.75,7508.25,7502.75,7506.0,1367
2026-06-17 16:21:00,7506.25,7507.25,7504.75,7505.0,583
2026-06-17 16:22:00,7505.0,7508.0,7504.0,7506.5,516
2026-06-17 16:23:00,7506.25,7508.5,7506.0,7506.0,477
2026-06-17 16:24:00,7506.0,7507.25,7504.25,7505.0,517
2026-06-17 16:25:00,7504.75,7506.25,7504.0,7506.0,351
2026-06-17 16:26:00,7506.25,7508.75,7506.0,7508.0,449
2026-06-17 16:27:00,7508.5,7509.75,7507.75,7508.5,414
2026-06-17 16:28:00,7508.5,7508.75,7505.75,7507.5,564
2026-06-17 16:29:00,7507.25,7508.5,7507.25,7508.25,250
2026-06-17 16:30:00,7508.25,7508.75,7507.0,7508.0,255
2026-06-17 16:31:00,7508.5,7510.75,7508.0,7509.75,641
2026-06-17 16:32:00,7509.5,7510.0,7508.25,7508.75,306
2026-06-17 16:33:00,7508.75,7509.25,7506.0,7506.0,413
2026-06-17 16:34:00,7506.25,7508.75,7506.25,7508.5,412
2026-06-17 16:35:00,7508.5,7510.25,7508.25,7510.25,261
2026-06-17 16:36:00,7510.0,7513.0,7509.5,7512.25,711
2026-06-17 16:37:00,7512.5,7514.0,7511.5,7513.25,457
2026-06-17 16:38:00,7513.25,7514.75,7511.25,7513.75,525
2026-06-17 16:39:00,7514.0,7514.75,7512.75,7513.25,397
2026-06-17 16:40:00,7513.25,7513.5,7511.25,7512.5,272
2026-06-17 16:41:00,7512.5,7512.75,7510.25,7511.25,297
2026-06-17 16:42:00,7511.25,7511.5,7509.5,7510.25,232
2026-06-17 16:43:00,7509.75,7511.0,7509.5,7510.75,176
2026-06-17 16:44:00,7510.5,7512.0,7510.5,7511.5,318
2026-06-17 16:45:00,7511.5,7511.5,7510.0,7510.5,200
2026-06-17 16:46:00,7510.5,7511.75,7510.25,7510.75,334
2026-06-17 16:47:00,7510.75,7511.25,7509.5,7511.25,258
2026-06-17 16:48:00,7510.75,7511.25,7509.75,7510.0,207
2026-06-17 16:49:00,7510.0,7510.5,7508.75,7508.75,228
2026-06-17 16:50:00,7509.0,7510.0,7508.25,7509.5,245
2026-06-17 16:51:00,7509.5,7510.0,7508.0,7508.25,126
2026-06-17 16:52:00,7508.25,7510.0,7507.5,7508.25,264
2026-06-17 16:53:00,7508.0,7508.5,7507.5,7507.75,220
2026-06-17 16:54:00,7508.25,7510.75,7508.25,7510.0,142
2026-06-17 16:55:00,7510.25,7511.5,7509.25,7509.25,231
2026-06-17 16:56:00,7509.5,7510.5,7508.75,7509.75,268
2026-06-17 16:57:00,7510.0,7510.5,7508.5,7510.5,175
2026-06-17 16:58:00,7510.0,7511.0,7509.75,7510.5,208
2026-06-17 16:59:00,7510.25,7511.5,7509.5,7511.0,209
2026-06-17 18:00:00,7515.0,7515.25,7507.75,7508.5,1276
2026-06-17 18:01:00,7508.25,7509.0,7505.75,7506.25,723
2026-06-17 18:02:00,7506.0,7508.5,7504.25,7507.75,721
2026-06-17 18:03:00,7507.25,7508.5,7506.25,7506.75,353
2026-06-17 18:04:00,7506.5,7507.75,7505.25,7507.5,371
2026-06-17 18:05:00,7507.25,7512.75,7507.25,7512.0,681
2026-06-17 18:06:00,7512.5,7512.75,7511.0,7511.75,305
2026-06-17 18:07:00,7512.0,7512.75,7511.5,7512.75,216
2026-06-17 18:08:00,7512.25,7513.75,7512.25,7513.0,336
2026-06-17 18:09:00,7512.75,7517.0,7512.5,7517.0,967
2026-06-17 18:10:00,7516.75,7518.0,7516.25,7517.25,543
2026-06-17 18:11:00,7517.5,7519.0,7517.25,7519.0,420
2026-06-17 18:12:00,7519.0,7521.75,7518.5,7521.5,733
2026-06-17 18:13:00,7521.25,7521.75,7520.5,7521.0,302
2026-06-17 18:14:00,7520.75,7521.75,7519.5,7519.5,353
2026-06-17 18:15:00,7519.75,7522.0,7519.75,7520.5,422
2026-06-17 18:16:00,7520.75,7521.0,7520.0,7520.5,168
2026-06-17 18:17:00,7520.25,7521.5,7519.5,7519.5,209
2026-06-17 18:18:00,7520.0,7520.25,7519.0,7520.0,211
2026-06-17 18:19:00,7519.75,7519.75,7518.25,7519.25,223
2026-06-17 18:20:00,7519.25,7523.5,7519.25,7523.25,798
2026-06-17 18:21:00,7523.0,7523.75,7522.25,7522.5,307
2026-06-17 18:22:00,7522.5,7525.0,7521.75,7524.5,760
2026-06-17 18:23:00,7524.5,7525.75,7523.25,7525.5,589
2026-06-17 18:24:00,7525.5,7526.25,7525.0,7525.75,438
2026-06-17 18:25:00,7525.5,7527.0,7524.5,7526.25,588
2026-06-17 18:26:00,7526.0,7526.75,7524.75,7524.75,389
2026-06-17 18:27:00,7524.75,7524.75,7523.5,7524.25,305
2026-06-17 18:28:00,7524.25,7526.25,7524.25,7524.75,382
2026-06-17 18:29:00,7524.75,7524.75,7523.0,7523.5,381
2026-06-17 18:30:00,7523.25,7524.0,7522.5,7523.5,706
2026-06-17 18:31:00,7523.5,7524.75,7523.5,7524.0,295
2026-06-17 18:32:00,7524.25,7525.0,7524.0,7524.25,200
2026-06-17 18:33:00,7524.0,7524.25,7523.0,7523.75,315
2026-06-17 18:34:00,7523.5,7524.0,7523.5,7523.5,153
2026-06-17 18:35:00,7523.5,7526.5,7523.5,7526.25,584
2026-06-17 18:36:00,7526.5,7526.5,7524.75,7525.5,287
2026-06-17 18:37:00,7525.0,7527.0,7525.0,7525.5,411
2026-06-17 18:38:00,7525.75,7525.75,7524.25,7525.5,178
2026-06-17 18:39:00,7525.75,7526.0,7524.75,7525.25,234
2026-06-17 18:40:00,7525.25,7525.25,7524.25,7524.5,135
2026-06-17 18:41:00,7524.5,7525.0,7524.0,7524.75,146
2026-06-17 18:42:00,7524.5,7525.0,7524.25,7524.75,52
2026-06-17 18:43:00,7524.75,7524.75,7523.75,7523.75,120
2026-06-17 18:44:00,7523.75,7524.25,7523.25,7524.25,127
2026-06-17 18:45:00,7524.0,7524.5,7524.0,7524.0,88
2026-06-17 18:46:00,7524.25,7526.0,7524.25,7525.25,325
2026-06-17 18:47:00,7525.25,7526.5,7525.0,7525.75,322
2026-06-17 18:48:00,7526.0,7526.0,7525.0,7525.5,146
2026-06-17 18:49:00,7525.5,7526.75,7525.5,7526.25,93
2026-06-17 18:50:00,7526.25,7527.25,7525.5,7526.75,246
2026-06-17 18:51:00,7526.75,7527.5,7525.75,7526.25,263
2026-06-17 18:52:00,7526.0,7527.25,7525.75,7526.75,187
2026-06-17 18:53:00,7527.0,7527.5,7526.5,7527.5,263
2026-06-17 18:54:00,7527.25,7527.75,7527.0,7527.5,207
2026-06-17 18:55:00,7527.5,7527.75,7527.25,7527.25,240
2026-06-17 18:56:00,7527.0,7527.5,7526.25,7526.25,167
2026-06-17 18:57:00,7526.5,7526.75,7526.25,7526.75,125
2026-06-17 18:58:00,7526.5,7526.75,7525.0,7525.5,268
2026-06-17 18:59:00,7525.25,7526.0,7525.25,7525.75,105
2026-06-17 19:00:00,7525.5,7526.0,7525.25,7525.75,170
2026-06-17 19:01:00,7525.5,7526.5,7525.5,7525.75,208
2026-06-17 19:02:00,7525.75,7526.75,7525.0,7526.25,163
2026-06-17 19:03:00,7526.5,7527.0,7526.5,7527.0,80
2026-06-17 19:04:00,7526.75,7527.75,7526.75,7527.5,153
2026-06-17 19:05:00,7527.5,7527.75,7524.5,7525.25,399
2026-06-17 19:06:00,7525.0,7526.5,7524.5,7526.25,418
2026-06-17 19:07:00,7526.0,7527.25,7526.0,7527.25,159
2026-06-17 19:08:00,7527.0,7528.25,7526.75,7527.5,270
2026-06-17 19:09:00,7527.5,7528.5,7527.5,7528.25,164
2026-06-17 19:10:00,7528.25,7529.0,7527.5,7528.75,262
2026-06-17 19:11:00,7528.75,7529.25,7528.0,7528.5,322
2026-06-17 19:12:00,7528.5,7529.0,7528.0,7528.75,197
2026-06-17 19:13:00,7529.0,7529.75,7528.75,7529.75,217
2026-06-17 19:14:00,7529.5,7532.25,7529.25,7531.75,706
2026-06-17 19:15:00,7531.5,7532.75,7531.0,7531.5,511
2026-06-17 19:16:00,7531.5,7532.25,7531.0,7532.25,211
2026-06-17 19:17:00,7532.0,7533.75,7531.75,7533.75,245
2026-06-17 19:18:00,7533.5,7534.25,7533.5,7533.5,271
2026-06-17 19:19:00,7533.5,7534.0,7533.5,7534.0,157
2026-06-17 19:20:00,7534.25,7535.5,7534.0,7535.25,494
2026-06-17 19:21:00,7535.25,7535.5,7534.75,7534.75,187
2026-06-17 19:22:00,7534.75,7537.0,7534.75,7536.25,331
2026-06-17 19:23:00,7536.25,7537.25,7535.5,7537.0,357
2026-06-17 19:24:00,7537.25,7537.5,7536.75,7536.75,117
2026-06-17 19:25:00,7536.75,7537.25,7536.5,7537.0,121
2026-06-17 19:26:00,7537.0,7537.75,7537.0,7537.25,169
2026-06-17 19:27:00,7537.25,7538.25,7536.75,7538.0,200
2026-06-17 19:28:00,7538.0,7539.0,7537.5,7538.0,386
2026-06-17 19:29:00,7538.25,7538.5,7537.75,7537.75,133
2026-06-17 19:30:00,7537.75,7538.75,7537.0,7538.5,452
2026-06-17 19:31:00,7538.5,7539.5,7538.25,7538.5,289
2026-06-17 19:32:00,7538.5,7538.5,7537.25,7538.25,212
2026-06-17 19:33:00,7538.0,7538.25,7537.0,7537.25,175
2026-06-17 19:34:00,7537.25,7538.5,7536.5,7538.25,301
2026-06-17 19:35:00,7538.25,7538.5,7537.25,7537.25,218
2026-06-17 19:36:00,7537.25,7537.25,7535.75,7536.5,324
2026-06-17 19:37:00,7536.75,7536.75,7535.25,7535.5,291
2026-06-17 19:38:00,7535.5,7535.75,7534.75,7535.5,285
2026-06-17 19:39:00,7535.5,7536.25,7534.25,7536.25,359
2026-06-17 19:40:00,7536.25,7536.25,7535.0,7535.0,182
2026-06-17 19:41:00,7535.0,7535.25,7534.0,7534.0,223
2026-06-17 19:42:00,7534.25,7535.25,7534.25,7534.75,273
2026-06-17 19:43:00,7534.5,7536.25,7534.5,7534.75,273
2026-06-17 19:44:00,7534.5,7535.75,7534.25,7535.75,92
2026-06-17 19:45:00,7535.75,7535.75,7534.25,7535.5,155
2026-06-17 19:46:00,7535.5,7536.75,7535.0,7536.25,273
2026-06-17 19:47:00,7536.5,7537.25,7535.75,7536.25,179
2026-06-17 19:48:00,7536.25,7537.5,7536.0,7537.0,217
2026-06-17 19:49:00,7537.0,7538.0,7536.75,7537.0,318
2026-06-17 19:50:00,7537.0,7537.5,7536.25,7536.5,234
2026-06-17 19:51:00,7536.25,7537.25,7536.0,7537.0,101
2026-06-17 19:52:00,7537.0,7539.0,7536.25,7538.75,244
2026-06-17 19:53:00,7538.5,7539.5,7538.0,7538.25,367
2026-06-17 19:54:00,7538.0,7538.5,7537.5,7538.25,120
2026-06-17 19:55:00,7538.0,7538.25,7537.25,7537.25,96
2026-06-17 19:56:00,7537.5,7538.25,7537.0,7537.25,157
2026-06-17 19:57:00,7537.5,7537.75,7537.0,7537.75,139
2026-06-17 19:58:00,7537.75,7538.75,7537.25,7537.75,153
2026-06-17 19:59:00,7538.0,7541.5,7538.0,7541.5,816
2026-06-17 20:00:00,7541.5,7546.0,7539.75,7546.0,1554
2026-06-17 20:01:00,7545.75,7550.0,7545.75,7549.5,1222
2026-06-17 20:02:00,7549.5,7550.5,7547.75,7548.0,865
2026-06-17 20:03:00,7548.25,7550.5,7547.75,7547.75,828
2026-06-17 20:04:00,7547.75,7550.0,7547.5,7549.5,419
2026-06-17 20:05:00,7549.25,7551.75,7549.25,7551.25,599
2026-06-17 20:06:00,7551.0,7558.0,7550.75,7557.5,1681
2026-06-17 20:07:00,7557.5,7558.0,7555.25,7555.5,743
2026-06-17 20:08:00,7555.75,7556.5,7553.75,7553.75,913
2026-06-17 20:09:00,7554.0,7556.0,7553.25,7555.0,384
2026-06-17 20:10:00,7555.5,7557.75,7555.25,7557.75,657
2026-06-17 20:11:00,7557.5,7559.0,7554.75,7555.25,866
2026-06-17 20:12:00,7555.25,7555.5,7553.5,7554.5,665
2026-06-17 20:13:00,7554.25,7559.25,7554.0,7558.5,688
2026-06-17 20:14:00,7558.75,7559.25,7557.5,7559.0,618
2026-06-17 20:15:00,7558.75,7560.5,7556.0,7556.25,1297
2026-06-17 20:16:00,7556.5,7558.5,7555.25,7557.0,809
2026-06-17 20:17:00,7557.5,7557.75,7555.5,7557.5,592
2026-06-17 20:18:00,7557.5,7557.5,7555.0,7555.25,435
2026-06-17 20:19:00,7555.5,7556.25,7554.75,7554.75,530
2026-06-17 20:20:00,7555.0,7555.25,7554.0,7555.0,402
2026-06-17 20:21:00,7555.0,7556.0,7554.25,7554.5,343
2026-06-17 20:22:00,7554.75,7555.0,7552.25,7553.25,765
2026-06-17 20:23:00,7553.25,7554.75,7552.5,7554.25,408
2026-06-17 20:24:00,7554.0,7554.0,7552.25,7553.0,367
2026-06-17 20:25:00,7552.75,7553.0,7550.0,7550.75,857
2026-06-17 20:26:00,7550.5,7551.5,7548.75,7549.25,840
2026-06-17 20:27:00,7549.25,7552.25,7549.25,7551.25,501
2026-06-17 20:28:00,7551.25,7551.5,7549.75,7551.0,283
2026-06-17 20:29:00,7550.75,7553.0,7550.0,7552.75,517
2026-06-17 20:30:00,7552.75,7556.0,7552.75,7555.0,847
2026-06-17 20:31:00,7555.0,7557.0,7555.0,7556.25,471
2026-06-17 20:32:00,7556.25,7557.5,7554.75,7554.75,523
2026-06-17 20:33:00,7555.0,7555.5,7554.5,7555.5,350
2026-06-17 20:34:00,7555.5,7557.5,7555.0,7556.0,535
2026-06-17 20:35:00,7556.25,7556.5,7554.0,7554.0,495
2026-06-17 20:36:00,7554.25,7555.25,7553.75,7554.25,314
2026-06-17 20:37:00,7554.5,7556.5,7554.25,7555.5,268
2026-06-17 20:38:00,7555.5,7556.75,7555.5,7555.5,176
2026-06-17 20:39:00,7555.25,7558.0,7555.0,7558.0,485
2026-06-17 20:40:00,7558.0,7558.25,7555.0,7555.0,546
2026-06-17 20:41:00,7555.0,7555.5,7554.0,7554.75,377
2026-06-17 20:42:00,7555.0,7557.5,7555.0,7556.0,486
2026-06-17 20:43:00,7556.0,7556.25,7555.0,7555.5,161
2026-06-17 20:44:00,7555.25,7556.5,7555.0,7556.25,244
2026-06-17 20:45:00,7556.25,7557.0,7555.0,7555.5,288
2026-06-17 20:46:00,7555.75,7555.75,7553.75,7555.5,299
2026-06-17 20:47:00,7555.25,7556.0,7554.5,7554.5,167
2026-06-17 20:48:00,7554.75,7555.0,7553.0,7554.25,337
2026-06-17 20:49:00,7554.0,7555.0,7553.75,7554.25,156
2026-06-17 20:50:00,7554.25,7554.25,7552.75,7553.75,423
2026-06-17 20:51:00,7553.75,7554.0,7551.0,7551.5,878
2026-06-17 20:52:00,7551.5,7551.5,7548.5,7549.5,985
2026-06-17 20:53:00,7549.5,7552.75,7548.25,7552.0,716
2026-06-17 20:54:00,7552.25,7553.75,7552.0,7552.75,310
2026-06-17 20:55:00,7552.75,7552.75,7550.75,7551.0,285
2026-06-17 20:56:00,7551.5,7551.5,7549.0,7549.5,756
2026-06-17 20:57:00,7549.75,7551.75,7549.5,7550.75,276
2026-06-17 20:58:00,7551.0,7552.5,7551.0,7551.5,227
2026-06-17 20:59:00,7551.5,7552.0,7550.25,7550.75,317
2026-06-17 21:00:00,7551.0,7552.5,7550.0,7552.25,418
2026-06-17 21:01:00,7552.0,7554.25,7551.25,7553.75,529
2026-06-17 21:02:00,7553.75,7555.25,7553.5,7554.25,599
2026-06-17 21:03:00,7554.25,7557.75,7553.5,7557.5,879
2026-06-17 21:04:00,7557.25,7558.0,7555.25,7556.25,386
2026-06-17 21:05:00,7556.5,7557.5,7555.0,7556.5,507
2026-06-17 21:06:00,7556.25,7556.75,7555.5,7555.5,312
2026-06-17 21:07:00,7555.75,7557.0,7555.75,7556.75,327
2026-06-17 21:08:00,7556.5,7559.0,7556.25,7558.5,511
2026-06-17 21:09:00,7558.25,7558.25,7556.5,7557.5,275
2026-06-17 21:10:00,7557.75,7559.25,7557.0,7559.0,358
2026-06-17 21:11:00,7559.0,7559.5,7558.5,7559.5,319
2026-06-17 21:12:00,7559.25,7560.0,7558.5,7559.25,423
2026-06-17 21:13:00,7559.25,7560.5,7559.0,7559.5,673
2026-06-17 21:14:00,7559.5,7559.75,7558.75,7559.25,176
2026-06-17 21:15:00,7559.25,7559.75,7556.5,7557.25,523
2026-06-17 21:16:00,7557.25,7558.0,7556.75,7557.75,163
2026-06-17 21:17:00,7557.5,7557.75,7556.0,7556.75,296
2026-06-17 21:18:00,7557.0,7557.25,7554.75,7556.0,460
2026-06-17 21:19:00,7556.0,7557.5,7556.0,7556.5,170
2026-06-17 21:20:00,7556.75,7557.5,7556.25,7557.0,122
2026-06-17 21:21:00,7557.25,7560.5,7557.25,7560.0,439
2026-06-17 21:22:00,7559.75,7559.75,7558.5,7559.0,249
2026-06-17 21:23:00,7559.0,7559.0,7558.25,7559.0,119
2026-06-17 21:24:00,7559.25,7559.5,7558.25,7558.25,229
2026-06-17 21:25:00,7558.5,7561.0,7558.25,7560.25,444
2026-06-17 21:26:00,7560.0,7560.25,7559.25,7560.0,166
2026-06-17 21:27:00,7560.0,7561.5,7559.75,7559.75,272
2026-06-17 21:28:00,7560.0,7560.25,7558.75,7559.5,347
2026-06-17 21:29:00,7559.0,7559.0,7556.75,7557.0,382
2026-06-17 21:30:00,7557.25,7558.5,7557.25,7557.5,268
2026-06-17 21:31:00,7557.75,7558.5,7557.0,7557.75,233
2026-06-17 21:32:00,7557.75,7558.5,7556.75,7557.5,231
2026-06-17 21:33:00,7557.25,7559.25,7557.25,7559.0,357
2026-06-17 21:34:00,7558.75,7559.25,7556.75,7556.75,376
2026-06-17 21:35:00,7556.75,7557.5,7556.25,7556.5,223
2026-06-17 21:36:00,7556.75,7556.75,7554.75,7555.0,450
2026-06-17 21:37:00,7555.25,7556.5,7554.25,7555.0,306
2026-06-17 21:38:00,7555.0,7555.25,7554.25,7555.0,185
2026-06-17 21:39:00,7555.0,7555.5,7554.5,7555.0,162
2026-06-17 21:40:00,7555.25,7556.0,7554.5,7555.75,188
2026-06-17 21:41:00,7555.75,7557.25,7555.5,7556.0,285
2026-06-17 21:42:00,7556.0,7556.0,7553.75,7555.25,250
2026-06-17 21:43:00,7555.0,7555.5,7554.5,7555.0,90
2026-06-17 21:44:00,7555.0,7555.75,7554.75,7554.75,112
2026-06-17 21:45:00,7554.5,7554.5,7553.25,7554.0,298
2026-06-17 21:46:00,7554.0,7554.25,7552.25,7553.0,338
2026-06-17 21:47:00,7553.0,7554.0,7551.75,7551.75,385
2026-06-17 21:48:00,7551.75,7552.5,7550.25,7550.5,526
2026-06-17 21:49:00,7550.75,7553.0,7550.25,7552.75,503
2026-06-17 21:50:00,7552.75,7553.75,7552.25,7553.75,257
2026-06-17 21:51:00,7553.5,7553.75,7552.0,7553.0,271
2026-06-17 21:52:00,7553.0,7554.75,7553.0,7554.5,235
2026-06-17 21:53:00,7554.75,7556.25,7554.5,7555.75,337
2026-06-17 21:54:00,7555.5,7555.5,7554.0,7554.0,203
2026-06-17 21:55:00,7554.0,7554.75,7553.5,7554.5,163
2026-06-17 21:56:00,7554.75,7554.75,7553.0,7553.0,215
2026-06-17 21:57:00,7553.0,7553.5,7551.75,7552.25,282
2026-06-17 21:58:00,7552.25,7553.5,7551.75,7553.0,201
2026-06-17 21:59:00,7553.5,7553.75,7552.5,7552.75,166
2026-06-17 22:00:00,7553.0,7554.0,7552.25,7552.5,219
2026-06-17 22:01:00,7552.25,7554.25,7552.25,7554.25,269
2026-06-17 22:02:00,7554.25,7554.75,7553.0,7554.5,215
2026-06-17 22:03:00,7554.5,7555.0,7553.75,7553.75,105
2026-06-17 22:04:00,7554.0,7556.5,7553.75,7556.0,242
2026-06-17 22:05:00,7556.0,7557.0,7556.0,7556.75,229
2026-06-17 22:06:00,7556.75,7556.75,7555.75,7556.0,208
2026-06-17 22:07:00,7556.0,7557.0,7556.0,7556.5,135
2026-06-17 22:08:00,7556.5,7557.25,7556.0,7556.5,178
2026-06-17 22:09:00,7556.75,7558.25,7556.75,7557.5,358
2026-06-17 22:10:00,7557.5,7557.5,7556.75,7557.0,168
2026-06-17 22:11:00,7556.75,7556.75,7556.0,7556.5,113
2026-06-17 22:12:00,7556.5,7558.25,7556.25,7557.75,104
2026-06-17 22:13:00,7558.0,7559.75,7557.75,7558.75,294
2026-06-17 22:14:00,7558.75,7558.75,7557.25,7557.75,149
2026-06-17 22:15:00,7557.5,7558.0,7556.5,7557.0,148
2026-06-17 22:16:00,7557.25,7557.5,7556.5,7556.5,99
2026-06-17 22:17:00,7556.25,7556.75,7555.5,7556.5,205
2026-06-17 22:18:00,7556.5,7557.0,7555.25,7555.5,212
2026-06-17 22:19:00,7555.75,7556.0,7554.5,7554.75,156
2026-06-17 22:20:00,7555.25,7555.75,7555.0,7555.25,75
2026-06-17 22:21:00,7555.5,7555.75,7554.75,7554.75,70
2026-06-17 22:22:00,7554.75,7555.25,7554.25,7555.0,67
2026-06-17 22:23:00,7555.25,7556.5,7555.25,7556.5,127
2026-06-17 22:24:00,7556.5,7557.0,7555.75,7556.5,111
2026-06-17 22:25:00,7556.75,7556.75,7555.0,7555.75,70
2026-06-17 22:26:00,7555.5,7556.25,7555.5,7555.5,29
2026-06-17 22:27:00,7555.5,7556.0,7555.0,7555.0,72
2026-06-17 22:28:00,7555.25,7555.25,7554.75,7555.0,67
2026-06-17 22:29:00,7554.75,7555.75,7554.75,7555.5,65
2026-06-17 22:30:00,7555.75,7555.75,7554.0,7554.25,131
2026-06-17 22:31:00,7554.0,7554.25,7553.0,7554.0,257
2026-06-17 22:32:00,7554.0,7555.0,7553.75,7554.75,117
2026-06-17 22:33:00,7554.75,7556.25,7554.5,7556.25,212
2026-06-17 22:34:00,7556.0,7556.5,7555.5,7555.75,87
2026-06-17 22:35:00,7555.5,7555.75,7554.75,7555.0,80
2026-06-17 22:36:00,7555.0,7555.5,7554.5,7554.75,110
2026-06-17 22:37:00,7554.75,7555.25,7554.5,7555.0,42
2026-06-17 22:38:00,7555.0,7556.5,7555.0,7556.5,127
2026-06-17 22:39:00,7556.5,7556.75,7556.0,7556.25,92
2026-06-17 22:40:00,7556.25,7557.0,7556.0,7556.75,132
2026-06-17 22:41:00,7556.75,7557.0,7556.5,7556.75,77
2026-06-17 22:42:00,7556.5,7556.5,7556.0,7556.5,84
2026-06-17 22:43:00,7556.75,7557.5,7556.5,7557.0,80
2026-06-17 22:44:00,7557.25,7557.5,7557.0,7557.0,58
2026-06-17 22:45:00,7557.25,7558.0,7556.75,7556.75,173
2026-06-17 22:46:00,7556.75,7556.75,7556.0,7556.0,127
2026-06-17 22:47:00,7556.0,7556.25,7555.0,7555.75,167
2026-06-17 22:48:00,7555.25,7556.75,7555.25,7556.5,99
2026-06-17 22:49:00,7556.5,7557.0,7556.0,7556.5,140
2026-06-17 22:50:00,7556.75,7558.0,7556.25,7558.0,180
2026-06-17 22:51:00,7558.0,7558.75,7557.25,7557.5,371
2026-06-17 22:52:00,7557.5,7558.25,7557.25,7558.0,76
2026-06-17 22:53:00,7558.0,7558.25,7557.75,7558.0,86
2026-06-17 22:54:00,7558.0,7558.25,7557.25,7557.5,143
2026-06-17 22:55:00,7557.75,7557.75,7557.0,7557.5,49
2026-06-17 22:56:00,7557.5,7557.75,7557.0,7557.5,66
2026-06-17 22:57:00,7557.0,7557.0,7555.75,7556.0,148
2026-06-17 22:58:00,7556.25,7557.0,7556.0,7557.0,45
2026-06-17 22:59:00,7557.0,7557.0,7556.5,7556.75,28
2026-06-17 23:00:00,7556.75,7558.25,7556.75,7558.0,101
2026-06-17 23:01:00,7557.75,7558.0,7557.25,7558.0,47
2026-06-17 23:02:00,7558.25,7558.25,7557.25,7557.25,115
2026-06-17 23:03:00,7557.25,7558.0,7556.5,7556.75,111
2026-06-17 23:04:00,7556.75,7557.5,7556.75,7557.0,31
2026-06-17 23:05:00,7557.25,7558.0,7556.75,7557.0,25
2026-06-17 23:06:00,7557.0,7557.75,7557.0,7557.0,52
2026-06-17 23:07:00,7557.0,7557.0,7555.5,7555.5,89
2026-06-17 23:08:00,7555.75,7555.75,7555.0,7555.25,321
2026-06-17 23:09:00,7555.25,7555.5,7554.75,7554.75,156
2026-06-17 23:10:00,7555.0,7555.75,7554.25,7554.5,129
2026-06-17 23:11:00,7554.5,7555.0,7553.75,7554.25,276
2026-06-17 23:12:00,7554.5,7555.25,7554.0,7554.25,119
2026-06-17 23:13:00,7554.0,7554.0,7552.5,7552.75,314
2026-06-17 23:14:00,7552.75,7553.5,7552.5,7553.0,100
2026-06-17 23:15:00,7553.0,7554.25,7553.0,7554.0,128
2026-06-17 23:16:00,7553.75,7554.0,7552.5,7552.75,210
2026-06-17 23:17:00,7552.75,7553.75,7552.0,7553.75,169
2026-06-17 23:18:00,7553.5,7553.75,7553.0,7553.75,78
2026-06-17 23:19:00,7553.75,7554.25,7553.75,7554.0,61
2026-06-17 23:20:00,7554.0,7555.5,7553.75,7555.5,267
2026-06-17 23:21:00,7555.5,7556.5,7555.25,7556.25,154
2026-06-17 23:22:00,7556.25,7556.5,7555.5,7556.0,236
2026-06-17 23:23:00,7556.25,7556.25,7554.25,7555.5,323
2026-06-17 23:24:00,7555.75,7556.25,7555.5,7555.5,84
2026-06-17 23:25:00,7555.75,7556.25,7555.25,7556.0,96
2026-06-17 23:26:00,7556.0,7556.75,7556.0,7556.5,79
2026-06-17 23:27:00,7556.5,7557.5,7555.75,7557.25,107
2026-06-17 23:28:00,7557.25,7557.5,7556.75,7556.75,65
2026-06-17 23:29:00,7556.75,7557.0,7556.5,7556.5,44
2026-06-17 23:30:00,7556.75,7558.0,7556.75,7557.25,140
2026-06-17 23:31:00,7557.25,7558.75,7556.75,7558.25,219
2026-06-17 23:32:00,7558.5,7558.5,7557.5,7557.5,123
2026-06-17 23:33:00,7557.5,7557.5,7555.75,7556.25,112
2026-06-17 23:34:00,7556.25,7556.75,7554.75,7555.25,151
2026-06-17 23:35:00,7555.0,7555.25,7554.0,7554.25,175
2026-06-17 23:36:00,7554.25,7554.25,7550.5,7552.0,579
2026-06-17 23:37:00,7551.75,7552.25,7551.0,7552.0,180
2026-06-17 23:38:00,7552.25,7552.75,7551.75,7552.0,100
2026-06-17 23:39:00,7552.0,7552.75,7551.5,7551.5,105
2026-06-17 23:40:00,7551.75,7552.75,7551.25,7551.5,122
2026-06-17 23:41:00,7551.75,7552.0,7550.5,7551.0,216
2026-06-17 23:42:00,7551.0,7551.5,7550.5,7551.0,194
2026-06-17 23:43:00,7550.75,7551.5,7550.5,7551.0,94
2026-06-17 23:44:00,7551.0,7552.25,7550.75,7551.75,109
2026-06-17 23:45:00,7551.5,7552.25,7551.25,7552.0,122
2026-06-17 23:46:00,7552.25,7552.25,7551.75,7551.75,100
2026-06-17 23:47:00,7551.75,7552.0,7551.25,7551.5,143
2026-06-17 23:48:00,7551.25,7552.75,7551.25,7552.75,81
2026-06-17 23:49:00,7553.0,7554.0,7552.75,7554.0,231
2026-06-17 23:50:00,7554.0,7554.75,7553.75,7554.5,126
2026-06-17 23:51:00,7555.0,7555.25,7554.0,7554.25,223
2026-06-17 23:52:00,7554.0,7554.5,7553.5,7554.25,76
2026-06-17 23:53:00,7554.25,7554.25,7553.75,7554.0,31
2026-06-17 23:54:00,7554.0,7555.0,7553.75,7554.75,67
2026-06-17 23:55:00,7554.75,7555.0,7554.25,7554.75,64
2026-06-17 23:56:00,7554.75,7556.75,7554.75,7555.75,174
2026-06-17 23:57:00,7555.75,7556.0,7555.25,7555.5,65
2026-06-17 23:58:00,7555.75,7555.75,7555.25,7555.25,50
2026-06-17 23:59:00,7555.25,7555.75,7554.75,7555.25,51
2026-06-18 00:00:00,7555.75,7556.75,7555.25,7556.5,130
2026-06-18 00:01:00,7556.5,7556.5,7555.5,7556.5,62
2026-06-18 00:02:00,7556.5,7556.5,7556.0,7556.25,61
2026-06-18 00:03:00,7556.25,7556.25,7554.75,7555.0,94
2026-06-18 00:04:00,7554.75,7555.25,7553.75,7554.0,120
2026-06-18 00:05:00,7554.25,7554.25,7552.5,7552.75,183
2026-06-18 00:06:00,7552.5,7553.75,7552.5,7553.5,168
2026-06-18 00:07:00,7553.75,7554.25,7552.25,7552.75,178
2026-06-18 00:08:00,7553.0,7553.0,7552.25,7552.5,115
2026-06-18 00:09:00,7552.5,7553.25,7552.0,7553.25,111
2026-06-18 00:10:00,7553.25,7553.5,7552.0,7552.25,111
2026-06-18 00:11:00,7552.25,7552.5,7550.0,7550.0,372
2026-06-18 00:12:00,7550.0,7550.75,7549.75,7550.75,285
2026-06-18 00:13:00,7551.0,7551.0,7550.25,7550.5,96
2026-06-18 00:14:00,7550.75,7551.25,7549.0,7549.5,200
2026-06-18 00:15:00,7549.5,7551.0,7549.25,7550.75,160
2026-06-18 00:16:00,7550.75,7551.5,7549.75,7550.75,225
2026-06-18 00:17:00,7550.5,7550.75,7549.25,7549.5,100
2026-06-18 00:18:00,7549.5,7550.0,7548.75,7548.75,212
2026-06-18 00:19:00,7548.75,7549.25,7547.75,7547.75,466
2026-06-18 00:20:00,7547.75,7548.0,7545.5,7546.25,672
2026-06-18 00:21:00,7546.25,7547.75,7546.25,7547.25,347
2026-06-18 00:22:00,7547.5,7548.0,7546.75,7547.5,204
2026-06-18 00:23:00,7547.25,7547.75,7546.5,7547.25,96
2026-06-18 00:24:00,7546.75,7547.0,7546.0,7546.25,282
2026-06-18 00:25:00,7546.25,7546.25,7544.75,7546.0,280
2026-06-18 00:26:00,7546.0,7547.25,7545.25,7547.0,206
2026-06-18 00:27:00,7547.25,7547.75,7546.25,7546.5,135
2026-06-18 00:28:00,7546.25,7546.5,7545.25,7546.0,155
2026-06-18 00:29:00,7546.0,7547.75,7545.75,7546.75,502
2026-06-18 00:30:00,7546.5,7546.5,7545.25,7546.0,251
2026-06-18 00:31:00,7545.75,7546.0,7544.5,7545.0,204
2026-06-18 00:32:00,7545.0,7545.5,7544.5,7545.5,137
2026-06-18 00:33:00,7545.25,7546.75,7544.25,7544.5,312
2026-06-18 00:34:00,7544.5,7544.75,7543.75,7544.75,317
2026-06-18 00:35:00,7544.75,7546.0,7544.5,7545.75,144
2026-06-18 00:36:00,7545.75,7546.0,7545.0,7545.75,166
2026-06-18 00:37:00,7545.25,7546.25,7544.5,7545.25,185
2026-06-18 00:38:00,7545.25,7545.5,7544.0,7544.25,217
2026-06-18 00:39:00,7544.5,7544.5,7543.0,7543.0,288
2026-06-18 00:40:00,7542.75,7543.0,7541.75,7541.75,267
2026-06-18 00:41:00,7542.0,7543.0,7542.0,7542.5,153
2026-06-18 00:42:00,7542.5,7543.5,7542.5,7543.0,172
2026-06-18 00:43:00,7543.0,7543.0,7541.25,7542.0,207
2026-06-18 00:44:00,7542.25,7542.25,7540.5,7541.0,392
2026-06-18 00:45:00,7540.75,7541.25,7539.25,7540.0,520
2026-06-18 00:46:00,7540.25,7542.0,7539.75,7541.5,301
2026-06-18 00:47:00,7541.25,7541.75,7540.75,7541.25,176
2026-06-18 00:48:00,7541.5,7542.0,7540.5,7541.5,215
2026-06-18 00:49:00,7541.5,7542.5,7541.0,7542.25,117
2026-06-18 00:50:00,7542.25,7542.75,7541.75,7542.25,161
2026-06-18 00:51:00,7542.5,7543.25,7542.0,7543.0,157
2026-06-18 00:52:00,7543.0,7544.0,7542.75,7543.25,335
2026-06-18 00:53:00,7543.5,7545.25,7543.25,7545.25,346
2026-06-18 00:54:00,7545.0,7545.75,7544.75,7545.25,275
2026-06-18 00:55:00,7545.25,7545.25,7544.0,7544.75,168
2026-06-18 00:56:00,7545.0,7546.25,7544.25,7545.75,138
2026-06-18 00:57:00,7546.0,7546.25,7545.25,7545.25,141
2026-06-18 00:58:00,7545.5,7545.5,7544.5,7544.5,75
2026-06-18 00:59:00,7544.75,7545.5,7544.75,7545.0,109
2026-06-18 01:00:00,7544.75,7546.0,7542.75,7543.25,427
2026-06-18 01:01:00,7543.25,7544.75,7543.25,7544.25,240
2026-06-18 01:02:00,7544.25,7546.25,7544.25,7546.0,184
2026-06-18 01:03:00,7546.0,7547.25,7546.0,7546.75,338
2026-06-18 01:04:00,7546.75,7547.5,7546.0,7547.25,133
2026-06-18 01:05:00,7547.0,7548.0,7546.75,7547.25,333
2026-06-18 01:06:00,7546.75,7547.5,7546.0,7546.5,138
2026-06-18 01:07:00,7546.5,7547.25,7546.5,7546.75,78
2026-06-18 01:08:00,7546.5,7547.25,7546.25,7546.25,74
2026-06-18 01:09:00,7546.75,7547.0,7546.5,7546.75,140
2026-06-18 01:10:00,7546.5,7547.25,7546.25,7547.0,91
2026-06-18 01:11:00,7547.0,7547.25,7546.25,7546.25,111
2026-06-18 01:12:00,7546.75,7546.75,7545.5,7545.5,113
2026-06-18 01:13:00,7545.25,7545.5,7544.5,7545.0,184
2026-06-18 01:14:00,7545.0,7545.0,7544.0,7544.75,124
2026-06-18 01:15:00,7544.25,7546.75,7544.0,7546.75,182
2026-06-18 01:16:00,7546.75,7547.25,7546.0,7547.25,149
2026-06-18 01:17:00,7547.25,7547.75,7546.5,7547.25,90
2026-06-18 01:18:00,7547.5,7549.25,7547.25,7549.25,365
2026-06-18 01:19:00,7548.75,7549.5,7548.5,7548.5,219
2026-06-18 01:20:00,7548.5,7548.5,7547.75,7548.0,127
2026-06-18 01:21:00,7547.75,7549.0,7547.75,7549.0,93
2026-06-18 01:22:00,7549.0,7549.25,7548.25,7548.25,85
2026-06-18 01:23:00,7548.0,7549.25,7548.0,7549.0,100
2026-06-18 01:24:00,7548.75,7548.75,7547.75,7548.0,50
2026-06-18 01:25:00,7548.0,7548.5,7546.5,7547.5,152
2026-06-18 01:26:00,7547.75,7548.25,7547.5,7548.25,107
2026-06-18 01:27:00,7548.25,7549.25,7548.25,7548.5,152
2026-06-18 01:28:00,7548.25,7548.5,7547.0,7547.5,195
2026-06-18 01:29:00,7548.0,7548.25,7547.25,7548.25,126
2026-06-18 01:30:00,7548.25,7548.75,7547.75,7548.5,198
2026-06-18 01:31:00,7548.5,7550.25,7548.5,7549.5,186
2026-06-18 01:32:00,7549.5,7550.5,7549.5,7549.75,300
2026-06-18 01:33:00,7550.0,7550.25,7549.0,7549.75,103
2026-06-18 01:34:00,7550.0,7550.75,7549.0,7549.25,142
2026-06-18 01:35:00,7549.25,7549.75,7548.5,7549.75,123
2026-06-18 01:36:00,7549.5,7549.5,7548.0,7548.0,113
2026-06-18 01:37:00,7548.25,7548.25,7546.75,7547.25,293
2026-06-18 01:38:00,7547.25,7547.75,7546.25,7547.75,209
2026-06-18 01:39:00,7547.5,7548.25,7547.5,7547.5,89
2026-06-18 01:40:00,7547.75,7549.25,7547.5,7549.0,129
2026-06-18 01:41:00,7549.0,7549.75,7548.25,7548.75,156
2026-06-18 01:42:00,7548.75,7549.25,7548.5,7549.0,108
2026-06-18 01:43:00,7549.25,7549.5,7547.5,7547.75,55
2026-06-18 01:44:00,7548.25,7548.25,7547.25,7547.75,64
2026-06-18 01:45:00,7547.5,7548.0,7546.25,7546.75,199
2026-06-18 01:46:00,7546.75,7547.0,7545.75,7546.25,155
2026-06-18 01:47:00,7546.5,7547.0,7545.0,7546.25,163
2026-06-18 01:48:00,7546.0,7546.25,7545.5,7546.0,74
2026-06-18 01:49:00,7546.0,7546.0,7545.5,7545.75,50
2026-06-18 01:50:00,7546.0,7546.0,7545.0,7545.75,156
2026-06-18 01:51:00,7545.75,7545.75,7544.0,7544.5,212
2026-06-18 01:52:00,7544.5,7545.25,7544.25,7545.0,108
2026-06-18 01:53:00,7545.0,7545.75,7544.75,7545.0,78
2026-06-18 01:54:00,7545.5,7546.25,7544.75,7545.25,141
2026-06-18 01:55:00,7545.0,7545.75,7545.0,7545.75,98
2026-06-18 01:56:00,7545.75,7546.75,7545.25,7546.75,104
2026-06-18 01:57:00,7546.5,7547.0,7545.75,7546.5,74
2026-06-18 01:58:00,7546.5,7547.25,7546.0,7546.0,140
2026-06-18 01:59:00,7546.0,7546.75,7545.75,7546.25,62
2026-06-18 02:00:00,7546.5,7546.75,7544.5,7545.25,162
2026-06-18 02:01:00,7544.75,7545.25,7543.5,7544.5,222
2026-06-18 02:02:00,7544.5,7545.75,7544.25,7545.25,84
2026-06-18 02:03:00,7545.25,7548.75,7545.25,7547.25,341
2026-06-18 02:04:00,7547.25,7547.75,7546.0,7547.25,175
2026-06-18 02:05:00,7547.25,7547.5,7545.75,7546.75,100
2026-06-18 02:06:00,7546.25,7546.75,7545.0,7546.0,151
2026-06-18 02:07:00,7545.5,7545.5,7542.5,7542.75,347
2026-06-18 02:08:00,7542.75,7543.0,7541.5,7542.25,319
2026-06-18 02:09:00,7542.25,7542.75,7541.25,7542.0,193
2026-06-18 02:10:00,7541.75,7542.75,7541.25,7542.75,301
2026-06-18 02:11:00,7542.75,7543.75,7542.25,7543.0,338
2026-06-18 02:12:00,7543.0,7543.5,7541.75,7542.75,262
2026-06-18 02:13:00,7542.75,7543.5,7541.5,7543.25,260
2026-06-18 02:14:00,7543.25,7545.0,7543.25,7544.5,482
2026-06-18 02:15:00,7544.25,7546.0,7543.75,7544.25,304
2026-06-18 02:16:00,7544.0,7544.75,7543.5,7544.75,271
2026-06-18 02:17:00,7545.0,7545.25,7542.75,7543.5,245
2026-06-18 02:18:00,7543.5,7544.25,7543.0,7543.75,180
2026-06-18 02:19:00,7543.25,7543.25,7540.75,7542.0,188
2026-06-18 02:20:00,7541.75,7544.0,7541.5,7543.5,259
2026-06-18 02:21:00,7543.75,7544.5,7542.25,7544.5,220
2026-06-18 02:22:00,7544.5,7546.25,7544.25,7546.25,160
2026-06-18 02:23:00,7546.25,7546.25,7545.0,7545.25,130
2026-06-18 02:24:00,7545.25,7545.25,7544.25,7545.0,95
2026-06-18 02:25:00,7544.5,7545.5,7543.25,7545.5,232
2026-06-18 02:26:00,7545.75,7547.5,7545.75,7546.75,239
2026-06-18 02:27:00,7546.75,7548.25,7546.5,7547.5,189
2026-06-18 02:28:00,7547.5,7548.5,7547.5,7548.0,216
2026-06-18 02:29:00,7548.25,7550.75,7547.75,7550.5,479
2026-06-18 02:30:00,7550.25,7550.25,7548.75,7549.25,223
2026-06-18 02:31:00,7549.0,7549.25,7547.75,7548.25,134
2026-06-18 02:32:00,7548.25,7548.5,7547.25,7547.75,97
2026-06-18 02:33:00,7548.25,7548.75,7547.5,7547.5,116
2026-06-18 02:34:00,7547.5,7548.25,7546.75,7547.5,134
2026-06-18 02:35:00,7547.25,7547.75,7546.0,7546.75,157
2026-06-18 02:36:00,7546.5,7547.5,7546.25,7546.75,113
2026-06-18 02:37:00,7546.75,7547.25,7545.5,7545.75,286
2026-06-18 02:38:00,7546.0,7547.0,7545.25,7546.75,327
2026-06-18 02:39:00,7546.75,7546.75,7545.5,7546.75,124
2026-06-18 02:40:00,7546.5,7546.5,7544.75,7544.75,128
2026-06-18 02:41:00,7545.25,7545.25,7543.75,7544.25,144
2026-06-18 02:42:00,7544.25,7545.0,7544.25,7544.5,132
2026-06-18 02:43:00,7544.75,7546.5,7544.75,7546.25,164
2026-06-18 02:44:00,7546.0,7546.75,7545.5,7546.75,43
2026-06-18 02:45:00,7546.75,7548.5,7546.5,7548.0,170
2026-06-18 02:46:00,7548.0,7549.75,7547.75,7549.5,167
2026-06-18 02:47:00,7549.5,7550.5,7549.0,7550.0,177
2026-06-18 02:48:00,7550.25,7551.75,7549.75,7550.75,358
2026-06-18 02:49:00,7550.5,7551.5,7550.25,7551.25,113
2026-06-18 02:50:00,7551.75,7551.75,7550.25,7550.5,151
2026-06-18 02:51:00,7550.5,7551.5,7550.25,7550.75,189
2026-06-18 02:52:00,7550.75,7551.0,7550.0,7550.0,86
2026-06-18 02:53:00,7550.75,7551.0,7550.25,7550.25,61
2026-06-18 02:54:00,7550.25,7551.0,7550.25,7551.0,43
2026-06-18 02:55:00,7551.0,7552.5,7551.0,7552.0,156
2026-06-18 02:56:00,7552.5,7552.5,7551.5,7552.25,130
2026-06-18 02:57:00,7552.0,7554.75,7552.0,7554.5,639
2026-06-18 02:58:00,7554.75,7556.25,7554.0,7556.0,611
2026-06-18 02:59:00,7555.75,7557.25,7555.5,7556.75,463
2026-06-18 03:00:00,7556.75,7557.75,7555.5,7556.5,602
2026-06-18 03:01:00,7556.5,7557.0,7555.25,7556.25,208
2026-06-18 03:02:00,7556.25,7556.5,7555.0,7556.5,197
2026-06-18 03:03:00,7556.75,7557.0,7556.0,7556.25,179
2026-06-18 03:04:00,7556.25,7557.75,7556.0,7557.75,256
2026-06-18 03:05:00,7557.75,7559.0,7557.0,7557.5,365
2026-06-18 03:06:00,7557.25,7557.5,7556.5,7557.0,186
2026-06-18 03:07:00,7557.0,7557.5,7556.25,7556.5,143
2026-06-18 03:08:00,7556.5,7557.0,7556.25,7556.75,118
2026-06-18 03:09:00,7556.75,7558.5,7556.5,7558.25,104
2026-06-18 03:10:00,7558.25,7558.5,7556.75,7557.25,185
2026-06-18 03:11:00,7557.25,7557.5,7556.0,7556.5,175
2026-06-18 03:12:00,7557.0,7557.0,7554.0,7554.0,357
2026-06-18 03:13:00,7554.0,7554.0,7552.25,7552.25,356
2026-06-18 03:14:00,7552.25,7552.75,7550.25,7551.5,431
2026-06-18 03:15:00,7551.5,7552.75,7551.0,7552.75,330
2026-06-18 03:16:00,7552.5,7552.75,7551.0,7551.75,231
2026-06-18 03:17:00,7551.75,7552.25,7550.5,7551.25,226
2026-06-18 03:18:00,7551.0,7552.5,7550.5,7552.0,222
2026-06-18 03:19:00,7552.75,7553.75,7552.5,7553.0,308
2026-06-18 03:20:00,7553.0,7554.0,7552.75,7553.5,150
2026-06-18 03:21:00,7553.25,7554.25,7552.5,7552.5,107
2026-06-18 03:22:00,7552.75,7554.0,7552.75,7553.0,143
2026-06-18 03:23:00,7553.0,7556.0,7553.0,7556.0,176
2026-06-18 03:24:00,7556.0,7556.5,7555.5,7555.75,145
2026-06-18 03:25:00,7555.75,7556.5,7555.0,7555.25,233
2026-06-18 03:26:00,7555.25,7557.25,7555.25,7557.25,205
2026-06-18 03:27:00,7557.0,7558.0,7556.75,7557.75,198
2026-06-18 03:28:00,7558.0,7559.25,7557.75,7558.75,220
2026-06-18 03:29:00,7558.5,7559.25,7558.0,7558.5,175
2026-06-18 03:30:00,7558.5,7558.5,7555.0,7556.0,364
2026-06-18 03:31:00,7555.75,7556.5,7554.5,7555.75,302
2026-06-18 03:32:00,7555.75,7556.5,7555.0,7555.5,105
2026-06-18 03:33:00,7555.5,7555.75,7553.5,7555.0,235
2026-06-18 03:34:00,7555.0,7556.5,7554.0,7556.5,139
2026-06-18 03:35:00,7556.75,7557.0,7555.25,7555.5,141
2026-06-18 03:36:00,7555.5,7556.75,7555.0,7556.75,122
2026-06-18 03:37:00,7556.5,7558.0,7555.75,7557.75,184
2026-06-18 03:38:00,7557.5,7557.75,7556.75,7557.0,93
2026-06-18 03:39:00,7557.0,7557.25,7555.75,7556.25,312
2026-06-18 03:40:00,7556.5,7557.0,7555.75,7556.0,84
2026-06-18 03:41:00,7556.0,7557.0,7555.25,7557.0,102
2026-06-18 03:42:00,7556.75,7557.0,7555.0,7556.25,168
2026-06-18 03:43:00,7556.0,7556.75,7555.5,7555.5,121
2026-06-18 03:44:00,7555.5,7556.75,7555.25,7556.75,93
2026-06-18 03:45:00,7556.75,7557.25,7556.25,7556.25,117
2026-06-18 03:46:00,7556.5,7557.0,7556.0,7556.5,73
2026-06-18 03:47:00,7556.25,7556.5,7555.5,7555.5,190
2026-06-18 03:48:00,7555.5,7556.75,7554.5,7556.0,279
2026-06-18 03:49:00,7556.0,7557.0,7555.5,7556.5,102
2026-06-18 03:50:00,7556.5,7556.5,7555.5,7556.0,204
2026-06-18 03:51:00,7556.0,7556.25,7554.75,7555.25,172
2026-06-18 03:52:00,7555.25,7555.75,7555.25,7555.5,67
2026-06-18 03:53:00,7555.5,7555.75,7554.25,7554.25,218
2026-06-18 03:54:00,7554.25,7555.0,7554.0,7554.75,197
2026-06-18 03:55:00,7554.5,7555.5,7554.25,7555.25,52
2026-06-18 03:56:00,7555.5,7556.25,7554.75,7555.25,184
2026-06-18 03:57:00,7555.25,7556.25,7555.25,7555.75,91
2026-06-18 03:58:00,7555.75,7558.0,7555.75,7558.0,179
2026-06-18 03:59:00,7558.0,7559.5,7558.0,7559.5,349
2026-06-18 04:00:00,7559.5,7562.5,7559.25,7561.5,1026
2026-06-18 04:01:00,7561.5,7563.5,7561.25,7563.25,499
2026-06-18 04:02:00,7563.25,7563.5,7561.75,7563.25,387
2026-06-18 04:03:00,7563.5,7563.5,7561.0,7561.0,216
2026-06-18 04:04:00,7561.25,7562.75,7561.0,7562.25,182
2026-06-18 04:05:00,7562.0,7566.0,7561.25,7565.25,936
2026-06-18 04:06:00,7565.25,7565.5,7563.25,7564.0,426
2026-06-18 04:07:00,7564.0,7566.5,7563.5,7566.25,456
2026-06-18 04:08:00,7566.25,7567.25,7565.25,7565.75,478
2026-06-18 04:09:00,7565.75,7568.0,7565.5,7567.5,375
2026-06-18 04:10:00,7567.5,7568.0,7567.0,7567.5,418
2026-06-18 04:11:00,7567.5,7568.0,7565.75,7566.75,303
2026-06-18 04:12:00,7566.5,7567.5,7566.5,7567.25,234
2026-06-18 04:13:00,7566.75,7567.25,7566.0,7566.25,195
2026-06-18 04:14:00,7566.0,7566.75,7564.5,7565.5,491
2026-06-18 04:15:00,7565.25,7566.25,7564.25,7564.25,221
2026-06-18 04:16:00,7564.25,7565.25,7563.5,7565.25,246
2026-06-18 04:17:00,7565.25,7565.75,7564.25,7564.5,241
2026-06-18 04:18:00,7564.75,7565.75,7564.25,7564.5,134
2026-06-18 04:19:00,7564.5,7564.75,7562.5,7562.75,247
2026-06-18 04:20:00,7562.75,7563.25,7561.5,7562.0,164
2026-06-18 04:21:00,7562.0,7562.25,7559.75,7560.0,355
2026-06-18 04:22:00,7560.0,7560.25,7558.5,7559.5,304
2026-06-18 04:23:00,7559.75,7560.25,7557.75,7558.0,326
2026-06-18 04:24:00,7558.0,7558.0,7556.25,7557.5,453
2026-06-18 04:25:00,7557.5,7557.75,7556.25,7557.0,285
2026-06-18 04:26:00,7557.0,7557.75,7556.75,7557.25,143
2026-06-18 04:27:00,7557.25,7557.75,7556.0,7557.25,197
2026-06-18 04:28:00,7557.25,7557.5,7556.5,7557.0,187
2026-06-18 04:29:00,7556.75,7557.25,7555.5,7556.5,262
2026-06-18 04:30:00,7556.5,7557.25,7555.25,7556.75,307
2026-06-18 04:31:00,7556.5,7556.75,7555.0,7555.25,258
2026-06-18 04:32:00,7555.5,7558.25,7554.75,7556.75,479
2026-06-18 04:33:00,7556.75,7558.25,7555.75,7558.25,403
2026-06-18 04:34:00,7558.25,7558.75,7556.75,7557.0,132
2026-06-18 04:35:00,7556.75,7557.5,7554.75,7555.75,228
2026-06-18 04:36:00,7555.75,7557.0,7555.5,7557.0,205
2026-06-18 04:37:00,7557.0,7557.0,7555.5,7556.75,130
2026-06-18 04:38:00,7557.0,7558.0,7557.0,7557.75,133
2026-06-18 04:39:00,7557.75,7558.5,7557.5,7558.5,129
2026-06-18 04:40:00,7558.25,7558.5,7557.25,7557.5,121
2026-06-18 04:41:00,7557.75,7560.0,7557.75,7559.5,394
2026-06-18 04:42:00,7559.75,7560.25,7559.0,7559.5,239
2026-06-18 04:43:00,7559.5,7559.5,7557.5,7558.0,249
2026-06-18 04:44:00,7558.0,7558.25,7556.75,7557.25,165
2026-06-18 04:45:00,7557.0,7558.5,7557.0,7557.5,155
2026-06-18 04:46:00,7557.5,7557.5,7555.5,7556.75,271
2026-06-18 04:47:00,7556.5,7557.0,7554.5,7554.75,199
2026-06-18 04:48:00,7554.75,7556.0,7554.5,7556.0,146
2026-06-18 04:49:00,7555.75,7557.25,7555.25,7556.75,133
2026-06-18 04:50:00,7556.75,7557.0,7555.25,7555.75,159
2026-06-18 04:51:00,7556.0,7556.0,7555.0,7555.25,86
2026-06-18 04:52:00,7555.0,7555.75,7552.0,7552.0,346
2026-06-18 04:53:00,7552.25,7552.75,7551.5,7552.0,231
2026-06-18 04:54:00,7552.0,7553.5,7551.75,7553.0,282
2026-06-18 04:55:00,7553.25,7554.25,7552.75,7552.75,149
2026-06-18 04:56:00,7553.0,7553.5,7548.75,7549.25,499
2026-06-18 04:57:00,7549.25,7549.75,7547.5,7548.5,455
2026-06-18 04:58:00,7548.75,7549.5,7547.0,7548.25,599
2026-06-18 04:59:00,7548.25,7548.75,7547.25,7547.75,160
2026-06-18 05:00:00,7548.0,7548.75,7546.75,7547.5,350
2026-06-18 05:01:00,7547.5,7547.75,7545.75,7546.75,417
2026-06-18 05:02:00,7547.0,7549.5,7547.0,7549.5,401
2026-06-18 05:03:00,7549.5,7551.0,7548.75,7550.25,210
2026-06-18 05:04:00,7550.25,7552.0,7550.0,7552.0,261
2026-06-18 05:05:00,7552.0,7552.0,7551.0,7551.75,290
2026-06-18 05:06:00,7552.0,7552.0,7550.25,7550.75,444
2026-06-18 05:07:00,7551.0,7552.75,7550.5,7552.5,234
2026-06-18 05:08:00,7552.25,7552.75,7551.75,7552.5,149
2026-06-18 05:09:00,7552.25,7553.0,7551.0,7551.25,299
2026-06-18 05:10:00,7551.0,7551.25,7550.25,7550.5,101
2026-06-18 05:11:00,7550.5,7551.0,7549.25,7549.5,188
2026-06-18 05:12:00,7549.25,7550.5,7548.75,7550.5,183
2026-06-18 05:13:00,7550.25,7553.75,7550.25,7553.5,242
2026-06-18 05:14:00,7553.5,7553.75,7552.25,7553.0,175
2026-06-18 05:15:00,7553.25,7554.75,7553.25,7554.0,286
2026-06-18 05:16:00,7554.5,7554.5,7553.25,7553.5,172
2026-06-18 05:17:00,7553.5,7556.5,7553.5,7556.25,290
2026-06-18 05:18:00,7556.25,7556.25,7554.5,7554.5,454
2026-06-18 05:19:00,7554.5,7555.0,7554.5,7555.0,135
2026-06-18 05:20:00,7554.5,7554.5,7552.75,7553.0,264
2026-06-18 05:21:00,7552.75,7553.5,7552.5,7553.25,133
2026-06-18 05:22:00,7553.5,7553.75,7552.75,7553.0,149
2026-06-18 05:23:00,7553.0,7553.75,7552.25,7552.5,93
2026-06-18 05:24:00,7552.5,7553.25,7551.75,7552.5,309
2026-06-18 05:25:00,7552.5,7554.0,7552.5,7553.25,188
2026-06-18 05:26:00,7553.0,7554.5,7553.0,7553.75,217
2026-06-18 05:27:00,7553.75,7553.75,7552.5,7553.5,108
2026-06-18 05:28:00,7553.5,7554.25,7553.5,7553.75,111
2026-06-18 05:29:00,7553.75,7554.25,7553.5,7554.25,94
2026-06-18 05:30:00,7554.0,7555.0,7553.0,7553.0,195
2026-06-18 05:31:00,7553.0,7553.75,7552.5,7553.0,212
2026-06-18 05:32:00,7552.75,7554.25,7552.75,7554.0,120
2026-06-18 05:33:00,7554.0,7555.0,7553.5,7554.0,109
2026-06-18 05:34:00,7554.0,7555.0,7553.5,7553.75,134
2026-06-18 05:35:00,7554.0,7554.25,7553.5,7554.0,42
2026-06-18 05:36:00,7554.25,7554.75,7554.0,7554.5,92
2026-06-18 05:37:00,7554.75,7556.75,7554.75,7555.75,196
2026-06-18 05:38:00,7556.0,7556.75,7556.0,7556.5,83
2026-06-18 05:39:00,7556.75,7558.5,7556.5,7558.0,387
2026-06-18 05:40:00,7558.25,7558.5,7557.25,7558.0,152
2026-06-18 05:41:00,7558.25,7559.5,7557.75,7559.25,283
2026-06-18 05:42:00,7559.5,7559.75,7558.0,7558.25,173
2026-06-18 05:43:00,7558.25,7560.0,7557.5,7559.75,215
2026-06-18 05:44:00,7560.0,7560.0,7559.25,7559.25,90
2026-06-18 05:45:00,7559.0,7560.5,7559.0,7560.0,329
2026-06-18 05:46:00,7560.0,7560.75,7559.75,7560.0,160
2026-06-18 05:47:00,7560.0,7561.75,7559.75,7560.75,370
2026-06-18 05:48:00,7560.75,7561.75,7560.25,7561.0,166
2026-06-18 05:49:00,7561.25,7563.75,7561.0,7562.5,291
2026-06-18 05:50:00,7562.75,7563.75,7562.25,7563.5,231
2026-06-18 05:51:00,7563.25,7563.5,7562.25,7562.75,246
2026-06-18 05:52:00,7562.75,7563.5,7562.25,7562.75,325
2026-06-18 05:53:00,7562.25,7562.75,7562.25,7562.5,94
2026-06-18 05:54:00,7562.5,7562.75,7561.5,7562.0,149
2026-06-18 05:55:00,7562.0,7563.0,7561.75,7562.25,192
2026-06-18 05:56:00,7562.25,7564.0,7561.75,7564.0,257
2026-06-18 05:57:00,7564.0,7564.0,7563.0,7563.25,177
2026-06-18 05:58:00,7563.25,7563.25,7562.25,7562.5,88
2026-06-18 05:59:00,7562.5,7563.25,7561.75,7563.25,167
2026-06-18 06:00:00,7563.25,7563.5,7562.0,7562.0,151
2026-06-18 06:01:00,7561.75,7562.5,7561.5,7562.0,139
2026-06-18 06:02:00,7562.25,7562.25,7560.25,7560.25,245
2026-06-18 06:03:00,7560.5,7561.5,7560.25,7561.25,122
2026-06-18 06:04:00,7561.5,7561.75,7560.25,7561.0,149
2026-06-18 06:05:00,7560.75,7562.25,7560.25,7561.25,174
2026-06-18 06:06:00,7561.5,7561.5,7560.0,7560.5,230
2026-06-18 06:07:00,7560.25,7560.75,7560.0,7560.5,127
2026-06-18 06:08:00,7560.5,7561.0,7558.75,7560.0,245
2026-06-18 06:09:00,7560.0,7560.25,7559.0,7559.75,145
2026-06-18 06:10:00,7560.0,7560.75,7559.75,7559.75,108
2026-06-18 06:11:00,7559.5,7560.0,7558.75,7559.5,228
2026-06-18 06:12:00,7559.5,7560.25,7559.5,7559.75,114
2026-06-18 06:13:00,7559.5,7562.25,7559.5,7562.25,126
2026-06-18 06:14:00,7562.0,7563.5,7562.0,7563.25,308
2026-06-18 06:15:00,7563.25,7564.25,7563.0,7563.5,245
2026-06-18 06:16:00,7563.75,7563.75,7563.0,7563.25,103
2026-06-18 06:17:00,7563.5,7563.5,7562.25,7562.25,213
2026-06-18 06:18:00,7562.75,7563.0,7562.0,7563.0,210
2026-06-18 06:19:00,7562.5,7563.75,7562.5,7563.5,102
2026-06-18 06:20:00,7563.5,7564.5,7563.25,7564.5,197
2026-06-18 06:21:00,7564.25,7564.5,7563.25,7564.0,126
2026-06-18 06:22:00,7564.0,7564.0,7562.5,7562.5,153
2026-06-18 06:23:00,7562.25,7562.5,7561.5,7561.75,247
2026-06-18 06:24:00,7561.75,7562.0,7560.5,7560.75,166
2026-06-18 06:25:00,7560.75,7563.25,7560.75,7563.0,349
2026-06-18 06:26:00,7563.0,7563.5,7562.25,7562.5,159
2026-06-18 06:27:00,7562.25,7562.5,7559.5,7560.25,371
2026-06-18 06:28:00,7560.0,7561.0,7559.75,7560.25,248
2026-06-18 06:29:00,7560.25,7561.0,7560.25,7560.5,216
2026-06-18 06:30:00,7560.75,7563.0,7560.75,7562.0,338
2026-06-18 06:31:00,7562.25,7562.25,7560.5,7561.0,228
2026-06-18 06:32:00,7560.75,7561.75,7559.75,7559.75,191
2026-06-18 06:33:00,7560.0,7560.25,7557.5,7557.5,557
2026-06-18 06:34:00,7557.75,7558.75,7557.25,7558.0,241
2026-06-18 06:35:00,7558.0,7558.75,7558.0,7558.5,254
2026-06-18 06:36:00,7558.5,7558.5,7557.25,7558.0,309
2026-06-18 06:37:00,7558.0,7559.0,7557.5,7558.25,183
2026-06-18 06:38:00,7558.25,7558.75,7558.25,7558.5,116
2026-06-18 06:39:00,7558.25,7558.25,7557.25,7557.25,185
2026-06-18 06:40:00,7557.25,7558.0,7557.25,7557.5,121
2026-06-18 06:41:00,7557.75,7557.75,7555.75,7556.5,333
2026-06-18 06:42:00,7556.25,7556.5,7554.75,7555.5,326
2026-06-18 06:43:00,7555.0,7555.25,7553.5,7554.25,525
2026-06-18 06:44:00,7554.25,7554.5,7552.0,7552.0,728
2026-06-18 06:45:00,7552.25,7553.25,7551.25,7553.25,311
2026-06-18 06:46:00,7553.0,7553.5,7552.5,7553.0,261
2026-06-18 06:47:00,7553.0,7554.5,7553.0,7554.5,152
2026-06-18 06:48:00,7554.5,7555.0,7553.5,7553.75,269
2026-06-18 06:49:00,7554.0,7554.25,7553.25,7553.25,141
2026-06-18 06:50:00,7553.5,7554.5,7553.25,7554.0,236
2026-06-18 06:51:00,7554.25,7555.25,7554.0,7555.0,236
2026-06-18 06:52:00,7554.75,7555.0,7553.0,7553.0,277
2026-06-18 06:53:00,7553.0,7553.5,7552.75,7553.0,122
2026-06-18 06:54:00,7553.0,7553.5,7552.0,7552.5,193
2026-06-18 06:55:00,7552.75,7553.0,7552.25,7552.25,91
2026-06-18 06:56:00,7552.5,7553.0,7552.25,7552.75,102
2026-06-18 06:57:00,7552.5,7553.75,7552.5,7553.5,105
2026-06-18 06:58:00,7553.5,7553.5,7552.75,7552.75,77
2026-06-18 06:59:00,7552.5,7553.25,7552.0,7553.0,137
2026-06-18 07:00:00,7553.5,7554.75,7552.25,7553.0,331
2026-06-18 07:01:00,7552.5,7553.75,7551.5,7553.75,212
2026-06-18 07:02:00,7553.75,7553.75,7552.25,7553.0,329
2026-06-18 07:03:00,7552.75,7554.0,7552.0,7553.5,215
2026-06-18 07:04:00,7553.5,7554.5,7552.75,7553.0,226
2026-06-18 07:05:00,7553.0,7553.25,7548.75,7549.75,644
2026-06-18 07:06:00,7549.5,7549.75,7546.0,7546.25,797
2026-06-18 07:07:00,7546.5,7548.25,7546.25,7547.5,433
2026-06-18 07:08:00,7547.5,7548.75,7547.25,7547.25,320
2026-06-18 07:09:00,7547.5,7547.5,7542.75,7544.5,808
2026-06-18 07:10:00,7544.25,7545.0,7541.5,7542.0,721
2026-06-18 07:11:00,7542.0,7542.75,7540.0,7541.5,770
2026-06-18 07:12:00,7541.75,7544.5,7541.5,7543.75,530
2026-06-18 07:13:00,7543.75,7543.75,7541.0,7542.0,322
2026-06-18 07:14:00,7541.75,7544.75,7541.5,7544.5,363
2026-06-18 07:15:00,7544.5,7545.0,7542.5,7543.25,471
2026-06-18 07:16:00,7543.0,7543.75,7541.0,7542.25,518
2026-06-18 07:17:00,7542.25,7542.5,7539.75,7540.75,588
2026-06-18 07:18:00,7540.75,7540.75,7538.0,7539.0,689
2026-06-18 07:19:00,7538.75,7539.0,7537.0,7538.5,519
2026-06-18 07:20:00,7538.0,7540.5,7537.75,7539.25,473
2026-06-18 07:21:00,7539.25,7539.25,7535.5,7536.0,723
2026-06-18 07:22:00,7536.25,7537.25,7535.5,7536.0,291
2026-06-18 07:23:00,7536.25,7538.0,7535.75,7536.25,407
2026-06-18 07:24:00,7536.25,7539.25,7535.75,7539.25,460
2026-06-18 07:25:00,7539.25,7541.5,7538.75,7541.25,588
2026-06-18 07:26:00,7541.25,7542.0,7540.5,7541.75,548
2026-06-18 07:27:00,7542.0,7542.75,7540.75,7542.0,356
2026-06-18 07:28:00,7542.0,7542.5,7539.75,7540.5,390
2026-06-18 07:29:00,7540.5,7542.0,7540.5,7541.5,328
2026-06-18 07:30:00,7541.5,7541.5,7539.5,7540.75,398
2026-06-18 07:31:00,7540.75,7543.75,7540.0,7543.5,549
2026-06-18 07:32:00,7543.25,7543.75,7541.25,7542.0,455
2026-06-18 07:33:00,7542.25,7542.25,7541.0,7541.5,242
2026-06-18 07:34:00,7541.5,7542.0,7540.25,7541.75,372
2026-06-18 07:35:00,7542.0,7542.5,7539.5,7539.75,383
2026-06-18 07:36:00,7539.75,7540.0,7538.75,7539.5,351
2026-06-18 07:37:00,7539.5,7539.75,7537.5,7538.0,489
2026-06-18 07:38:00,7538.0,7538.5,7535.75,7537.0,511
2026-06-18 07:39:00,7537.0,7537.75,7536.0,7537.25,306
2026-06-18 07:40:00,7537.25,7537.25,7533.0,7533.5,821
2026-06-18 07:41:00,7533.25,7533.75,7531.25,7533.5,1114
2026-06-18 07:42:00,7533.25,7534.5,7532.25,7532.5,517
2026-06-18 07:43:00,7532.5,7536.5,7532.5,7536.5,500
2026-06-18 07:44:00,7536.0,7539.0,7535.75,7538.0,782
2026-06-18 07:45:00,7538.0,7539.75,7537.75,7539.0,473
2026-06-18 07:46:00,7539.0,7539.5,7538.0,7539.0,374
2026-06-18 07:47:00,7538.75,7539.25,7537.25,7538.0,381
2026-06-18 07:48:00,7538.0,7538.75,7537.5,7538.25,191
2026-06-18 07:49:00,7538.0,7539.25,7537.25,7539.25,205
2026-06-18 07:50:00,7538.75,7540.75,7537.75,7540.75,338
2026-06-18 07:51:00,7540.5,7543.25,7540.25,7542.5,1187
2026-06-18 07:52:00,7542.5,7543.75,7541.25,7542.75,490
2026-06-18 07:53:00,7542.5,7544.0,7541.5,7542.25,429
2026-06-18 07:54:00,7542.25,7542.75,7541.75,7542.0,246
2026-06-18 07:55:00,7542.0,7542.5,7541.0,7541.5,222
2026-06-18 07:56:00,7541.5,7541.75,7541.0,7541.75,157
2026-06-18 07:57:00,7542.0,7542.75,7541.5,7541.5,247
2026-06-18 07:58:00,7541.5,7542.5,7541.0,7542.0,219
2026-06-18 07:59:00,7542.0,7543.25,7541.5,7543.25,200
2026-06-18 08:00:00,7543.25,7544.0,7541.75,7543.5,517
2026-06-18 08:01:00,7543.5,7544.75,7543.0,7543.75,484
2026-06-18 08:02:00,7544.0,7544.5,7543.0,7544.0,213
2026-06-18 08:03:00,7543.75,7545.25,7543.0,7544.5,446
2026-06-18 08:04:00,7544.5,7545.0,7543.0,7544.0,495
2026-06-18 08:05:00,7544.0,7544.0,7542.25,7542.5,302
2026-06-18 08:06:00,7542.5,7543.25,7541.5,7543.0,409
2026-06-18 08:07:00,7543.0,7543.25,7540.75,7541.25,438
2026-06-18 08:08:00,7541.0,7542.5,7540.75,7541.5,321
2026-06-18 08:09:00,7541.25,7542.25,7540.75,7541.5,246
2026-06-18 08:10:00,7541.25,7545.0,7541.25,7544.0,611
2026-06-18 08:11:00,7544.25,7545.0,7542.75,7543.5,338
2026-06-18 08:12:00,7543.25,7545.75,7543.25,7545.5,429
2026-06-18 08:13:00,7545.0,7548.0,7545.0,7547.0,868
2026-06-18 08:14:00,7547.25,7547.25,7546.25,7546.5,376
2026-06-18 08:15:00,7546.5,7547.75,7546.0,7547.0,403
2026-06-18 08:16:00,7546.75,7547.0,7544.0,7545.5,664
2026-06-18 08:17:00,7545.25,7547.0,7545.25,7546.5,411
2026-06-18 08:18:00,7546.5,7547.25,7545.75,7546.5,316
2026-06-18 08:19:00,7546.75,7547.75,7545.5,7547.75,301
2026-06-18 08:20:00,7547.5,7549.75,7547.5,7548.75,853
2026-06-18 08:21:00,7549.0,7550.0,7547.75,7548.75,394
2026-06-18 08:22:00,7549.0,7551.25,7549.0,7549.75,547
2026-06-18 08:23:00,7550.0,7551.0,7549.5,7550.5,452
2026-06-18 08:24:00,7550.25,7553.5,7549.75,7553.5,1181
2026-06-18 08:25:00,7553.25,7555.25,7553.0,7554.75,936
2026-06-18 08:26:00,7554.75,7555.5,7552.75,7554.5,824
2026-06-18 08:27:00,7554.25,7554.25,7553.25,7553.75,243
2026-06-18 08:28:00,7554.0,7555.25,7553.0,7553.5,394
2026-06-18 08:29:00,7553.75,7555.25,7553.5,7554.25,336
2026-06-18 08:30:00,7554.75,7558.75,7553.5,7554.5,983
2026-06-18 08:31:00,7554.5,7556.25,7553.5,7555.25,529
2026-06-18 08:32:00,7555.25,7556.0,7554.5,7555.75,280
2026-06-18 08:33:00,7555.5,7556.25,7554.25,7555.0,420
2026-06-18 08:34:00,7554.75,7555.25,7553.5,7554.0,333
2026-06-18 08:35:00,7554.0,7556.25,7553.5,7556.25,287
2026-06-18 08:36:00,7556.5,7558.0,7556.25,7556.75,560
2026-06-18 08:37:00,7557.25,7558.25,7556.0,7558.0,317
2026-06-18 08:38:00,7557.75,7558.0,7554.75,7555.5,373
2026-06-18 08:39:00,7555.5,7556.0,7554.25,7554.25,399
2026-06-18 08:40:00,7554.25,7555.75,7554.25,7554.5,264
2026-06-18 08:41:00,7554.5,7555.25,7553.25,7554.0,535
2026-06-18 08:42:00,7553.75,7559.5,7553.5,7558.5,1176
2026-06-18 08:43:00,7558.5,7558.5,7555.75,7556.0,447
2026-06-18 08:44:00,7556.0,7557.5,7555.25,7555.5,305
2026-06-18 08:45:00,7555.5,7557.0,7554.75,7556.25,410
2026-06-18 08:46:00,7556.25,7557.5,7555.75,7557.0,213
2026-06-18 08:47:00,7556.75,7557.75,7556.5,7557.75,213
2026-06-18 08:48:00,7557.75,7559.5,7557.5,7558.25,459
2026-06-18 08:49:00,7558.25,7560.0,7557.25,7559.75,326
2026-06-18 08:50:00,7559.75,7560.5,7557.5,7558.5,604
2026-06-18 08:51:00,7558.5,7559.25,7556.75,7558.25,420
2026-06-18 08:52:00,7558.25,7559.0,7556.5,7558.75,326
2026-06-18 08:53:00,7558.75,7560.0,7558.0,7559.75,396
2026-06-18 08:54:00,7559.5,7560.0,7559.0,7559.75,266
2026-06-18 08:55:00,7559.75,7561.75,7559.25,7561.5,639
2026-06-18 08:56:00,7561.25,7561.75,7559.5,7561.0,522
2026-06-18 08:57:00,7560.75,7564.5,7560.75,7563.75,949
2026-06-18 08:58:00,7564.0,7565.0,7562.25,7562.25,659
2026-06-18 08:59:00,7562.25,7562.5,7560.25,7560.5,644
2026-06-18 09:00:00,7560.5,7560.75,7558.5,7558.75,945
2026-06-18 09:01:00,7558.75,7559.0,7556.0,7556.25,862
2026-06-18 09:02:00,7556.5,7557.5,7555.0,7555.75,841
2026-06-18 09:03:00,7555.75,7555.75,7552.25,7552.25,1412
2026-06-18 09:04:00,7552.25,7552.5,7550.75,7551.5,1155
2026-06-18 09:05:00,7551.75,7553.75,7550.5,7552.5,1138
2026-06-18 09:06:00,7552.75,7555.5,7552.5,7553.5,2208
2026-06-18 09:07:00,7553.75,7555.25,7553.25,7554.75,899
2026-06-18 09:08:00,7554.75,7556.25,7553.75,7556.0,882
2026-06-18 09:09:00,7555.75,7557.0,7554.5,7554.5,895
2026-06-18 09:10:00,7554.75,7555.75,7553.5,7555.5,1076
2026-06-18 09:11:00,7555.5,7559.75,7555.5,7559.25,1398
2026-06-18 09:12:00,7559.5,7560.5,7558.25,7560.5,1144
2026-06-18 09:13:00,7560.5,7562.75,7560.0,7561.25,1301
2026-06-18 09:14:00,7561.0,7562.25,7560.25,7561.5,919
2026-06-18 09:15:00,7561.75,7563.5,7561.25,7561.5,1023
2026-06-18 09:16:00,7561.5,7564.5,7560.75,7563.5,1139
2026-06-18 09:17:00,7563.5,7565.75,7563.25,7565.25,1101
2026-06-18 09:18:00,7565.25,7566.5,7564.25,7564.25,923
2026-06-18 09:19:00,7564.25,7564.75,7563.25,7563.5,901
2026-06-18 09:20:00,7563.75,7564.5,7563.0,7564.0,865
2026-06-18 09:21:00,7563.75,7565.0,7563.25,7563.5,720
2026-06-18 09:22:00,7563.5,7566.25,7563.5,7565.5,862
2026-06-18 09:23:00,7565.25,7567.75,7564.75,7567.25,1084
2026-06-18 09:24:00,7567.25,7567.5,7565.0,7565.5,889
2026-06-18 09:25:00,7565.5,7576.5,7565.5,7576.0,6204
2026-06-18 09:26:00,7576.25,7578.75,7575.25,7576.75,3102
2026-06-18 09:27:00,7576.5,7577.0,7573.5,7577.0,2878
2026-06-18 09:28:00,7577.0,7579.0,7574.0,7576.0,3591
2026-06-18 09:29:00,7576.25,7579.75,7573.75,7577.0,4009
2026-06-18 09:30:00,7577.0,7581.75,7574.5,7576.5,13601
2026-06-18 09:31:00,7576.5,7577.0,7570.25,7573.5,6542
2026-06-18 09:32:00,7573.75,7574.25,7571.0,7572.75,3692
2026-06-18 09:33:00,7572.75,7574.0,7565.25,7565.5,5275
2026-06-18 09:34:00,7565.75,7567.75,7557.25,7557.5,6470
2026-06-18 09:35:00,7557.75,7559.25,7551.5,7552.25,8986
2026-06-18 09:36:00,7552.5,7554.5,7543.25,7543.5,10684
2026-06-18 09:37:00,7543.5,7547.0,7541.5,7545.75,8091
2026-06-18 09:38:00,7545.5,7547.75,7541.5,7543.0,6298
2026-06-18 09:39:00,7543.0,7548.0,7541.75,7544.0,4521
2026-06-18 09:40:00,7544.0,7544.75,7537.0,7542.75,6318
2026-06-18 09:41:00,7542.5,7548.5,7541.0,7544.25,6564
2026-06-18 09:42:00,7544.25,7547.5,7543.5,7546.75,3422
2026-06-18 09:43:00,7547.25,7548.75,7538.25,7539.0,6091
2026-06-18 09:44:00,7539.0,7541.25,7537.0,7538.5,5271
2026-06-18 09:45:00,7538.75,7547.0,7538.5,7543.5,6190
2026-06-18 09:46:00,7543.5,7544.25,7538.75,7543.0,4461
2026-06-18 09:47:00,7542.75,7544.25,7535.5,7538.0,5340
2026-06-18 09:48:00,7538.0,7543.0,7537.75,7539.5,3444
2026-06-18 09:49:00,7539.5,7550.25,7539.25,7549.0,4673
2026-06-18 09:50:00,7549.25,7550.5,7544.0,7547.0,5000
2026-06-18 09:51:00,7547.0,7550.75,7545.5,7550.75,4810
2026-06-18 09:52:00,7550.25,7552.25,7548.75,7551.0,3854
2026-06-18 09:53:00,7551.25,7555.0,7551.0,7552.75,3780
2026-06-18 09:54:00,7552.75,7553.5,7542.25,7543.0,6479
2026-06-18 09:55:00,7543.25,7547.5,7541.75,7544.25,4721
2026-06-18 09:56:00,7544.25,7547.25,7540.0,7541.5,4471
2026-06-18 09:57:00,7541.25,7542.5,7537.0,7539.25,4515
2026-06-18 09:58:00,7539.25,7541.0,7536.0,7538.0,3913
2026-06-18 09:59:00,7538.0,7544.5,7536.0,7544.0,4502
2026-06-18 10:00:00,7544.25,7549.5,7540.75,7548.75,6356
2026-06-18 10:01:00,7548.5,7550.5,7543.5,7543.75,4880
2026-06-18 10:02:00,7544.0,7546.5,7543.0,7545.25,3283
2026-06-18 10:03:00,7545.0,7549.0,7541.5,7547.5,3663
2026-06-18 10:04:00,7547.25,7547.75,7543.5,7545.75,2876
2026-06-18 10:05:00,7545.75,7547.25,7543.0,7545.0,2362
2026-06-18 10:06:00,7545.0,7553.75,7545.0,7552.0,6486
2026-06-18 10:07:00,7552.0,7556.75,7550.5,7556.25,5503
2026-06-18 10:08:00,7556.25,7557.25,7552.5,7555.0,3355
2026-06-18 10:09:00,7555.0,7558.25,7554.5,7554.5,3048
2026-06-18 10:10:00,7554.75,7555.5,7548.5,7549.5,4899
2026-06-18 10:11:00,7549.5,7551.25,7548.25,7549.25,2725
2026-06-18 10:12:00,7549.0,7552.0,7547.25,7549.75,3118
2026-06-18 10:13:00,7549.75,7551.25,7546.25,7546.5,2622
2026-06-18 10:14:00,7546.25,7547.25,7542.0,7545.5,4685
2026-06-18 10:15:00,7545.0,7546.25,7539.0,7542.25,4593
2026-06-18 10:16:00,7542.25,7555.25,7542.25,7554.5,6091
2026-06-18 10:17:00,7554.5,7557.5,7551.25,7556.75,4055
2026-06-18 10:18:00,7556.5,7558.75,7554.75,7557.0,3267
2026-06-18 10:19:00,7557.25,7561.5,7555.5,7558.25,4352
2026-06-18 10:20:00,7558.25,7560.25,7554.75,7555.5,4168
2026-06-18 10:21:00,7555.5,7558.75,7554.0,7556.75,2557
2026-06-18 10:22:00,7556.75,7558.5,7552.5,7557.25,2709
2026-06-18 10:23:00,7557.5,7564.5,7557.0,7564.25,4764
2026-06-18 10:24:00,7564.25,7566.25,7561.0,7561.5,4040
2026-06-18 10:25:00,7561.5,7563.25,7558.75,7563.25,2556
2026-06-18 10:26:00,7563.0,7563.5,7556.5,7556.75,2898
2026-06-18 10:27:00,7556.75,7557.5,7553.0,7553.25,3376
2026-06-18 10:28:00,7553.25,7554.5,7548.5,7550.5,5046
2026-06-18 10:29:00,7550.5,7553.0,7548.5,7550.75,2873
2026-06-18 10:30:00,7550.5,7551.25,7541.25,7544.5,6496
2026-06-18 10:31:00,7544.5,7552.5,7544.25,7551.25,4660
2026-06-18 10:32:00,7551.25,7553.25,7545.5,7548.25,4207
2026-06-18 10:33:00,7548.25,7550.5,7546.25,7549.5,2028
2026-06-18 10:34:00,7549.25,7555.75,7548.75,7555.25,3924
2026-06-18 10:35:00,7555.5,7556.25,7552.0,7553.25,2900
2026-06-18 10:36:00,7553.0,7559.0,7551.0,7556.0,3862
2026-06-18 10:37:00,7556.25,7561.25,7555.75,7560.25,2709
2026-06-18 10:38:00,7560.25,7561.5,7558.5,7561.0,2529
2026-06-18 10:39:00,7561.0,7563.5,7560.0,7562.25,2373
2026-06-18 10:40:00,7562.5,7564.5,7560.25,7560.75,2604
2026-06-18 10:41:00,7561.0,7561.5,7556.5,7557.75,3867
2026-06-18 10:42:00,7557.5,7559.5,7555.75,7556.5,2462
2026-06-18 10:43:00,7556.5,7560.0,7555.75,7558.5,2319
2026-06-18 10:44:00,7558.25,7561.75,7558.0,7558.75,2533
2026-06-18 10:45:00,7558.5,7562.5,7558.25,7560.75,1854
2026-06-18 10:46:00,7561.0,7565.25,7560.25,7564.75,2547
2026-06-18 10:47:00,7564.75,7568.0,7563.25,7565.75,3731
2026-06-18 10:48:00,7565.75,7570.5,7565.5,7570.25,3122
2026-06-18 10:49:00,7570.25,7570.75,7568.0,7568.5,2309
2026-06-18 10:50:00,7568.5,7568.5,7564.25,7565.0,3164
2026-06-18 10:51:00,7564.5,7564.75,7561.0,7563.5,2722
2026-06-18 10:52:00,7563.5,7566.25,7561.25,7561.25,2130
2026-06-18 10:53:00,7561.0,7563.25,7560.0,7561.5,2086
2026-06-18 10:54:00,7561.5,7565.25,7561.5,7564.25,1816
2026-06-18 10:55:00,7564.25,7566.75,7564.0,7564.75,1483
2026-06-18 10:56:00,7564.75,7566.25,7563.25,7565.75,1292
2026-06-18 10:57:00,7565.25,7566.25,7564.5,7566.0,1010
2026-06-18 10:58:00,7565.75,7569.75,7565.75,7569.25,2084
2026-06-18 10:59:00,7569.5,7570.5,7566.0,7566.25,2311
2026-06-18 11:00:00,7566.5,7567.5,7560.0,7564.0,5150
2026-06-18 11:01:00,7564.25,7565.5,7561.75,7562.25,1537
2026-06-18 11:02:00,7562.5,7563.25,7559.25,7560.0,2316
2026-06-18 11:03:00,7559.75,7561.25,7557.25,7559.5,2652
2026-06-18 11:04:00,7559.75,7563.75,7559.25,7562.5,2699
2026-06-18 11:05:00,7562.5,7563.0,7559.25,7560.5,1596
2026-06-18 11:06:00,7560.75,7564.0,7559.5,7563.75,1777
2026-06-18 11:07:00,7563.75,7564.75,7560.75,7562.25,1827
2026-06-18 11:08:00,7562.25,7564.25,7561.25,7563.25,1570
2026-06-18 11:09:00,7563.25,7563.75,7560.75,7561.75,1024
2026-06-18 11:10:00,7561.5,7563.75,7559.75,7563.75,1710
2026-06-18 11:11:00,7563.75,7569.0,7563.25,7566.25,3412
2026-06-18 11:12:00,7566.25,7567.0,7565.0,7565.5,1333
2026-06-18 11:13:00,7565.5,7566.5,7563.5,7565.75,1527
2026-06-18 11:14:00,7565.75,7566.0,7558.75,7559.0,3153
2026-06-18 11:15:00,7559.0,7560.5,7556.0,7560.25,4192
2026-06-18 11:16:00,7560.5,7561.5,7558.5,7559.0,1609
2026-06-18 11:17:00,7559.0,7559.25,7555.75,7556.75,2031
2026-06-18 11:18:00,7556.75,7560.5,7556.75,7557.0,1818
2026-06-18 11:19:00,7556.75,7557.25,7553.5,7554.5,3420
2026-06-18 11:20:00,7554.75,7559.25,7553.75,7558.0,2805
2026-06-18 11:21:00,7558.0,7559.0,7556.5,7556.5,1281
2026-06-18 11:22:00,7556.5,7557.25,7554.0,7555.25,3120
2026-06-18 11:23:00,7555.5,7556.25,7551.25,7555.75,3300
2026-06-18 11:24:00,7555.25,7557.0,7553.0,7553.75,1934
2026-06-18 11:25:00,7553.75,7555.75,7552.25,7554.0,1405
2026-06-18 11:26:00,7554.0,7555.5,7552.5,7554.75,1201
2026-06-18 11:27:00,7554.75,7559.5,7554.0,7558.5,2519
2026-06-18 11:28:00,7558.5,7559.0,7552.5,7553.5,2945
2026-06-18 11:29:00,7553.75,7554.5,7549.5,7551.75,4700
2026-06-18 11:30:00,7551.5,7554.75,7549.75,7554.75,3678
2026-06-18 11:31:00,7554.5,7556.25,7552.75,7553.0,1604
2026-06-18 11:32:00,7552.75,7553.0,7550.0,7551.75,2087
2026-06-18 11:33:00,7552.25,7552.75,7548.0,7550.0,3242
2026-06-18 11:34:00,7550.0,7555.75,7550.0,7553.5,3108
2026-06-18 11:35:00,7553.75,7553.75,7549.0,7550.0,2493
2026-06-18 11:36:00,7550.25,7550.75,7546.25,7547.25,2829
2026-06-18 11:37:00,7547.5,7549.5,7546.0,7548.25,1857
2026-06-18 11:38:00,7548.5,7550.0,7541.0,7541.25,3910
2026-06-18 11:39:00,7541.25,7547.25,7541.0,7546.75,3077
2026-06-18 11:40:00,7546.75,7548.0,7543.25,7546.75,3268
2026-06-18 11:41:00,7547.0,7551.5,7546.0,7548.0,2741
2026-06-18 11:42:00,7548.0,7550.75,7547.25,7549.25,1788
2026-06-18 11:43:00,7549.25,7549.75,7544.75,7546.75,2028
2026-06-18 11:44:00,7546.75,7548.0,7544.75,7545.75,1396
2026-06-18 11:45:00,7545.75,7546.5,7541.75,7546.0,2843
2026-06-18 11:46:00,7546.0,7546.75,7543.0,7544.25,1927
2026-06-18 11:47:00,7544.0,7547.75,7541.25,7547.0,2119
2026-06-18 11:48:00,7547.0,7548.75,7545.0,7546.75,1599
2026-06-18 11:49:00,7546.75,7551.25,7546.75,7549.5,2434
2026-06-18 11:50:00,7549.25,7553.75,7549.25,7552.75,1962
2026-06-18 11:51:00,7552.5,7555.5,7552.5,7553.25,2335
2026-06-18 11:52:00,7553.5,7559.0,7553.5,7557.75,2644
2026-06-18 11:53:00,7557.75,7561.75,7557.0,7559.75,2554
2026-06-18 11:54:00,7560.0,7560.0,7556.75,7558.0,1723
2026-06-18 11:55:00,7557.75,7561.25,7557.75,7560.75,1783
2026-06-18 11:56:00,7561.0,7562.75,7559.75,7560.5,1723
2026-06-18 11:57:00,7560.5,7563.0,7560.0,7561.5,1683
2026-06-18 11:58:00,7561.5,7563.25,7561.0,7562.0,1456
2026-06-18 11:59:00,7562.0,7562.0,7559.75,7560.5,1427
2026-06-18 12:00:00,7560.5,7563.75,7560.25,7562.75,2082
2026-06-18 12:01:00,7562.75,7563.0,7558.0,7558.25,1675
2026-06-18 12:02:00,7558.25,7560.25,7557.75,7558.25,1298
2026-06-18 12:03:00,7558.25,7559.0,7556.25,7557.75,1324
2026-06-18 12:04:00,7557.75,7559.75,7556.75,7557.5,1011
2026-06-18 12:05:00,7557.75,7561.0,7556.25,7560.0,1466
2026-06-18 12:06:00,7560.25,7562.5,7559.75,7560.25,1725
2026-06-18 12:07:00,7560.0,7560.0,7555.0,7558.5,2307
2026-06-18 12:08:00,7558.25,7560.0,7557.25,7557.5,869
2026-06-18 12:09:00,7557.5,7559.0,7556.75,7558.75,1071
2026-06-18 12:10:00,7558.75,7559.25,7556.75,7557.5,882
2026-06-18 12:11:00,7557.5,7561.25,7557.5,7560.0,1188
2026-06-18 12:12:00,7560.0,7561.25,7559.0,7561.25,754
2026-06-18 12:13:00,7561.0,7561.25,7558.5,7560.0,898
2026-06-18 12:14:00,7560.25,7560.75,7558.75,7559.75,579
2026-06-18 12:15:00,7559.75,7560.5,7557.25,7558.5,1069
2026-06-18 12:16:00,7558.25,7559.5,7557.25,7557.5,661
2026-06-18 12:17:00,7557.75,7561.25,7557.5,7561.0,941
2026-06-18 12:18:00,7560.75,7562.25,7558.0,7558.75,1227
2026-06-18 12:19:00,7558.5,7559.75,7557.0,7559.5,991
2026-06-18 12:20:00,7559.75,7562.5,7559.25,7562.25,1350
2026-06-18 12:21:00,7562.25,7566.0,7561.5,7565.25,2948
2026-06-18 12:22:00,7565.25,7566.75,7563.0,7563.75,1812
2026-06-18 12:23:00,7563.75,7565.75,7563.25,7563.75,1091
2026-06-18 12:24:00,7564.0,7565.0,7561.75,7561.75,1214
2026-06-18 12:25:00,7562.0,7563.25,7560.75,7562.75,1018
2026-06-18 12:26:00,7562.75,7565.5,7562.25,7564.25,870
2026-06-18 12:27:00,7564.0,7564.75,7562.75,7563.5,766
2026-06-18 12:28:00,7563.25,7564.0,7562.25,7563.75,367
2026-06-18 12:29:00,7563.5,7564.5,7563.25,7564.25,728
2026-06-18 12:30:00,7564.25,7564.5,7562.5,7563.25,1052
2026-06-18 12:31:00,7563.5,7563.5,7560.75,7562.5,1233
2026-06-18 12:32:00,7562.75,7563.0,7561.25,7562.0,578
2026-06-18 12:33:00,7562.0,7563.0,7561.0,7561.5,833
2026-06-18 12:34:00,7561.5,7563.5,7560.75,7563.0,743
2026-06-18 12:35:00,7563.0,7565.0,7561.5,7561.5,1483
2026-06-18 12:36:00,7561.75,7563.5,7560.75,7563.5,734
2026-06-18 12:37:00,7563.0,7567.5,7563.0,7567.0,1809
2026-06-18 12:38:00,7566.75,7568.25,7566.0,7568.0,1284
2026-06-18 12:39:00,7567.75,7570.5,7567.75,7569.25,2676
2026-06-18 12:40:00,7569.5,7570.0,7567.5,7568.25,1488
2026-06-18 12:41:00,7568.5,7570.5,7568.5,7569.0,893
2026-06-18 12:42:00,7569.25,7570.0,7567.25,7569.0,963
2026-06-18 12:43:00,7568.75,7569.75,7567.75,7567.75,586
2026-06-18 12:44:00,7567.75,7569.5,7567.0,7567.5,806
2026-06-18 12:45:00,7567.75,7568.75,7566.5,7567.75,981
2026-06-18 12:46:00,7567.75,7568.25,7566.5,7566.75,713
2026-06-18 12:47:00,7566.75,7568.0,7565.75,7567.0,891
2026-06-18 12:48:00,7567.25,7568.5,7566.75,7567.25,692
2026-06-18 12:49:00,7567.0,7568.25,7566.0,7567.0,870
2026-06-18 12:50:00,7567.0,7567.0,7563.5,7564.25,1876
2026-06-18 12:51:00,7564.5,7564.5,7561.5,7561.5,1648
2026-06-18 12:52:00,7561.5,7564.5,7560.5,7563.25,1448
2026-06-18 12:53:00,7563.0,7564.25,7562.25,7563.25,772
2026-06-18 12:54:00,7563.25,7563.25,7561.25,7561.75,638
2026-06-18 12:55:00,7562.0,7563.0,7560.25,7560.75,1294
2026-06-18 12:56:00,7561.0,7562.0,7559.5,7560.25,1241
2026-06-18 12:57:00,7560.75,7563.5,7560.0,7563.25,795
2026-06-18 12:58:00,7563.25,7564.25,7561.5,7562.75,840
2026-06-18 12:59:00,7563.0,7564.0,7561.25,7564.0,569
2026-06-18 13:00:00,7564.25,7565.0,7561.5,7562.25,1070
2026-06-18 13:01:00,7562.25,7563.75,7562.0,7563.5,333
2026-06-18 13:02:00,7563.75,7568.0,7563.5,7568.0,1676
2026-06-18 13:03:00,7567.75,7569.5,7567.25,7567.75,1489
2026-06-18 13:04:00,7567.75,7570.0,7567.5,7569.75,905
2026-06-18 13:05:00,7569.75,7574.0,7569.0,7573.5,3470
2026-06-18 13:06:00,7573.5,7574.5,7572.5,7573.5,1540
2026-06-18 13:07:00,7573.25,7574.0,7572.75,7573.25,874
2026-06-18 13:08:00,7573.0,7573.5,7571.0,7572.0,1303
2026-06-18 13:09:00,7572.5,7573.75,7571.5,7571.75,740
2026-06-18 13:10:00,7571.75,7573.0,7571.0,7572.25,963
2026-06-18 13:11:00,7572.25,7573.5,7571.5,7573.25,543
2026-06-18 13:12:00,7573.5,7575.25,7572.0,7572.5,1467
2026-06-18 13:13:00,7572.5,7573.25,7572.0,7572.5,568
2026-06-18 13:14:00,7572.5,7573.75,7572.25,7573.5,483
2026-06-18 13:15:00,7573.25,7575.25,7572.25,7574.75,980
2026-06-18 13:16:00,7575.0,7577.75,7574.0,7577.5,1835
2026-06-18 13:17:00,7577.75,7578.75,7577.0,7577.75,1634
2026-06-18 13:18:00,7577.75,7578.5,7577.25,7577.75,670
2026-06-18 13:19:00,7577.5,7578.25,7577.0,7577.25,753
2026-06-18 13:20:00,7577.0,7578.25,7576.25,7576.75,976
2026-06-18 13:21:00,7576.75,7578.75,7576.5,7576.75,730
2026-06-18 13:22:00,7576.25,7577.0,7575.0,7577.0,1188
2026-06-18 13:23:00,7577.0,7577.0,7575.0,7575.5,575
2026-06-18 13:24:00,7575.75,7576.0,7572.25,7572.5,1537
2026-06-18 13:25:00,7572.5,7573.25,7572.0,7572.25,934
2026-06-18 13:26:00,7572.5,7573.75,7572.0,7572.5,794
2026-06-18 13:27:00,7572.75,7573.0,7571.0,7573.0,1340
2026-06-18 13:28:00,7572.75,7573.25,7571.25,7571.75,520
2026-06-18 13:29:00,7571.5,7573.0,7571.25,7573.0,498
2026-06-18 13:30:00,7573.0,7575.5,7572.75,7575.5,1621
2026-06-18 13:31:00,7575.25,7577.0,7574.75,7575.25,1270
2026-06-18 13:32:00,7575.25,7575.25,7573.25,7573.75,803
2026-06-18 13:33:00,7573.75,7574.75,7572.75,7574.0,783
2026-06-18 13:34:00,7574.0,7576.0,7573.5,7574.75,593
2026-06-18 13:35:00,7575.0,7575.0,7573.25,7573.25,426
2026-06-18 13:36:00,7573.5,7574.0,7572.5,7572.75,614
2026-06-18 13:37:00,7572.5,7572.75,7571.5,7572.0,646
2026-06-18 13:38:00,7571.75,7572.5,7571.5,7572.5,457
2026-06-18 13:39:00,7572.5,7573.0,7569.75,7570.5,1306
2026-06-18 13:40:00,7570.25,7572.0,7569.75,7570.5,1427
2026-06-18 13:41:00,7570.5,7571.25,7569.75,7570.5,573
2026-06-18 13:42:00,7570.5,7572.25,7570.0,7570.25,1046
2026-06-18 13:43:00,7570.0,7570.5,7569.5,7570.0,849
2026-06-18 13:44:00,7570.25,7572.0,7569.75,7570.5,678
2026-06-18 13:45:00,7570.5,7571.5,7570.25,7571.25,440
2026-06-18 13:46:00,7571.25,7571.25,7568.0,7569.75,1331
2026-06-18 13:47:00,7570.0,7570.75,7569.25,7570.5,735
2026-06-18 13:48:00,7570.25,7571.0,7569.5,7570.25,689
2026-06-18 13:49:00,7570.25,7570.5,7568.5,7569.5,665
2026-06-18 13:50:00,7569.5,7570.0,7568.25,7569.0,496
2026-06-18 13:51:00,7569.25,7569.75,7568.75,7568.75,461
2026-06-18 13:52:00,7568.5,7571.75,7568.5,7571.0,955
2026-06-18 13:53:00,7571.0,7571.5,7570.25,7571.25,402
2026-06-18 13:54:00,7571.0,7572.75,7569.25,7569.25,1285
2026-06-18 13:55:00,7569.25,7569.5,7567.25,7567.5,1518
2026-06-18 13:56:00,7567.75,7568.75,7567.25,7568.0,643
2026-06-18 13:57:00,7568.25,7568.75,7566.75,7567.75,919
2026-06-18 13:58:00,7567.75,7568.75,7566.75,7568.0,966
2026-06-18 13:59:00,7568.0,7569.25,7567.0,7567.0,631
2026-06-18 14:00:00,7567.25,7568.0,7564.25,7565.25,2226
2026-06-18 14:01:00,7565.0,7566.25,7564.5,7564.5,1010
2026-06-18 14:02:00,7564.5,7566.75,7564.25,7565.5,1013
2026-06-18 14:03:00,7565.25,7565.5,7562.0,7563.25,1784
2026-06-18 14:04:00,7563.0,7564.75,7562.5,7563.25,1065
2026-06-18 14:05:00,7563.25,7565.75,7562.5,7564.5,1047
2026-06-18 14:06:00,7564.5,7564.5,7562.25,7562.25,951
2026-06-18 14:07:00,7562.25,7563.75,7562.25,7563.25,808
2026-06-18 14:08:00,7563.5,7565.0,7562.75,7563.75,844
2026-06-18 14:09:00,7564.0,7565.0,7562.5,7563.0,815
2026-06-18 14:10:00,7563.0,7565.25,7562.75,7564.25,955
2026-06-18 14:11:00,7564.5,7566.75,7563.75,7565.5,1230
2026-06-18 14:12:00,7565.5,7566.75,7565.0,7566.5,617
2026-06-18 14:13:00,7566.5,7566.75,7564.0,7564.5,894
2026-06-18 14:14:00,7564.25,7565.5,7563.25,7563.75,820
2026-06-18 14:15:00,7563.5,7563.5,7561.75,7562.5,1247
2026-06-18 14:16:00,7562.25,7562.75,7561.0,7561.0,1485
2026-06-18 14:17:00,7561.0,7563.75,7561.0,7563.0,1212
2026-06-18 14:18:00,7563.0,7565.0,7562.25,7565.0,1089
2026-06-18 14:19:00,7565.0,7565.5,7563.0,7563.25,1018
2026-06-18 14:20:00,7563.25,7563.75,7562.0,7563.0,838
2026-06-18 14:21:00,7562.75,7564.75,7562.75,7564.25,656
2026-06-18 14:22:00,7564.25,7566.5,7564.0,7565.75,1343
2026-06-18 14:23:00,7565.5,7565.75,7564.0,7565.0,613
2026-06-18 14:24:00,7565.0,7565.25,7563.5,7564.5,600
2026-06-18 14:25:00,7564.25,7565.75,7563.75,7564.25,809
2026-06-18 14:26:00,7564.25,7564.5,7562.75,7562.75,795
2026-06-18 14:27:00,7563.25,7565.75,7562.75,7565.25,1073
2026-06-18 14:28:00,7565.25,7565.5,7562.0,7563.0,1141
2026-06-18 14:29:00,7563.25,7563.75,7562.5,7562.75,528
2026-06-18 14:30:00,7562.75,7562.75,7561.0,7561.5,1010
2026-06-18 14:31:00,7561.5,7562.75,7561.25,7562.25,660
2026-06-18 14:32:00,7562.5,7563.25,7561.25,7561.5,883
2026-06-18 14:33:00,7561.5,7562.25,7560.75,7561.25,689
2026-06-18 14:34:00,7561.5,7563.5,7561.25,7561.75,930
2026-06-18 14:35:00,7561.5,7562.25,7560.5,7561.25,810
2026-06-18 14:36:00,7561.25,7561.75,7559.0,7560.0,1513
2026-06-18 14:37:00,7560.5,7561.75,7560.25,7560.75,987
2026-06-18 14:38:00,7561.0,7562.0,7559.5,7560.25,963
2026-06-18 14:39:00,7560.5,7561.5,7559.5,7560.25,679
2026-06-18 14:40:00,7560.25,7560.75,7559.25,7560.0,866
2026-06-18 14:41:00,7560.0,7562.25,7559.5,7561.75,895
2026-06-18 14:42:00,7561.75,7563.25,7561.0,7561.25,831
2026-06-18 14:43:00,7561.5,7562.75,7561.25,7561.75,541
2026-06-18 14:44:00,7561.5,7562.75,7561.5,7562.75,347
2026-06-18 14:45:00,7562.75,7564.0,7562.25,7563.25,1289
2026-06-18 14:46:00,7563.25,7564.5,7562.75,7563.25,955
2026-06-18 14:47:00,7563.0,7564.25,7562.75,7563.25,571
2026-06-18 14:48:00,7563.25,7565.5,7563.25,7564.5,1158
2026-06-18 14:49:00,7564.5,7566.0,7564.25,7565.5,1042
2026-06-18 14:50:00,7565.5,7566.0,7563.25,7564.25,1278
2026-06-18 14:51:00,7564.25,7565.25,7563.75,7565.25,555
2026-06-18 14:52:00,7565.25,7567.25,7564.75,7566.25,1475
2026-06-18 14:53:00,7566.5,7567.25,7565.75,7566.75,726
2026-06-18 14:54:00,7566.5,7566.75,7564.0,7564.5,982
2026-06-18 14:55:00,7564.25,7565.75,7564.0,7565.0,824
2026-06-18 14:56:00,7565.0,7565.0,7561.75,7561.75,1376
2026-06-18 14:57:00,7561.75,7562.25,7560.5,7561.25,1059
2026-06-18 14:58:00,7561.25,7562.75,7560.5,7562.0,948
2026-06-18 14:59:00,7562.0,7563.0,7561.25,7561.25,864
2026-06-18 15:00:00,7561.5,7562.5,7560.0,7561.0,1514
2026-06-18 15:01:00,7561.25,7561.5,7559.5,7559.5,821
2026-06-18 15:02:00,7559.5,7560.25,7557.25,7557.75,2222
2026-06-18 15:03:00,7557.75,7558.5,7556.0,7557.25,1918
2026-06-18 15:04:00,7557.5,7558.75,7557.0,7557.25,836
2026-06-18 15:05:00,7557.0,7557.5,7556.0,7557.0,1125
2026-06-18 15:06:00,7556.75,7557.5,7556.0,7556.25,941
2026-06-18 15:07:00,7556.25,7557.5,7556.0,7556.75,717
2026-06-18 15:08:00,7556.75,7558.0,7556.0,7557.5,797
2026-06-18 15:09:00,7557.5,7558.25,7556.5,7556.5,785
2026-06-18 15:10:00,7556.25,7556.5,7550.25,7553.25,4636
2026-06-18 15:11:00,7553.0,7553.25,7549.25,7550.75,1949
2026-06-18 15:12:00,7550.5,7551.75,7549.25,7550.75,1488
2026-06-18 15:13:00,7550.75,7553.0,7550.75,7553.0,1176
2026-06-18 15:14:00,7552.75,7554.25,7551.5,7552.25,1234
2026-06-18 15:15:00,7552.25,7554.5,7551.0,7551.5,1138
2026-06-18 15:16:00,7551.25,7552.25,7550.0,7550.5,855
2026-06-18 15:17:00,7550.5,7552.75,7550.25,7552.25,772
2026-06-18 15:18:00,7552.25,7552.5,7550.0,7551.25,1982
2026-06-18 15:19:00,7551.5,7556.25,7551.25,7556.25,1871
2026-06-18 15:20:00,7556.0,7557.5,7555.25,7557.5,1596
2026-06-18 15:21:00,7557.0,7558.25,7556.25,7556.5,1199
2026-06-18 15:22:00,7556.5,7559.5,7556.5,7558.25,1235
2026-06-18 15:23:00,7558.5,7559.0,7557.0,7557.25,697
2026-06-18 15:24:00,7557.5,7558.25,7556.25,7556.25,811
2026-06-18 15:25:00,7556.25,7557.75,7556.0,7557.0,561
2026-06-18 15:26:00,7557.0,7559.25,7557.0,7558.5,737
2026-06-18 15:27:00,7558.5,7558.5,7556.5,7556.75,611
2026-06-18 15:28:00,7556.75,7559.0,7556.5,7557.75,921
2026-06-18 15:29:00,7557.75,7560.0,7557.5,7558.0,1256
2026-06-18 15:30:00,7557.75,7558.5,7553.5,7555.75,2920
2026-06-18 15:31:00,7555.5,7557.0,7555.0,7556.25,1041
2026-06-18 15:32:00,7556.0,7556.5,7555.0,7555.5,799
2026-06-18 15:33:00,7555.75,7558.25,7555.0,7558.0,1051
2026-06-18 15:34:00,7557.75,7560.0,7557.25,7559.75,1503
2026-06-18 15:35:00,7559.75,7563.5,7559.5,7563.25,2381
2026-06-18 15:36:00,7563.25,7565.75,7562.5,7563.5,2600
2026-06-18 15:37:00,7563.25,7564.25,7562.25,7564.25,1348
2026-06-18 15:38:00,7564.0,7564.75,7563.0,7564.0,882
2026-06-18 15:39:00,7564.0,7567.75,7564.0,7567.25,1766
2026-06-18 15:40:00,7567.25,7568.5,7566.25,7566.75,1859
2026-06-18 15:41:00,7566.75,7568.5,7566.5,7568.25,919
2026-06-18 15:42:00,7568.0,7570.5,7568.0,7569.0,1632
2026-06-18 15:43:00,7569.25,7569.25,7567.0,7568.25,1430
2026-06-18 15:44:00,7568.25,7571.75,7568.25,7571.0,1714
2026-06-18 15:45:00,7571.25,7572.75,7568.5,7572.25,2216
2026-06-18 15:46:00,7572.25,7573.0,7571.25,7571.75,1716
2026-06-18 15:47:00,7572.0,7572.75,7570.75,7571.0,1146
2026-06-18 15:48:00,7571.0,7571.5,7568.5,7569.0,2854
2026-06-18 15:49:00,7569.0,7569.25,7567.0,7568.75,1852
2026-06-18 15:50:00,7568.75,7574.5,7566.0,7573.75,6997
2026-06-18 15:51:00,7574.0,7578.0,7573.75,7576.0,4554
2026-06-18 15:52:00,7576.0,7578.0,7574.0,7574.25,2911
2026-06-18 15:53:00,7574.5,7576.25,7573.25,7575.0,2976
2026-06-18 15:54:00,7575.0,7576.25,7571.75,7574.5,4424
2026-06-18 15:55:00,7574.5,7578.5,7572.75,7576.75,4600
2026-06-18 15:56:00,7576.75,7578.0,7576.0,7576.5,1401
2026-06-18 15:57:00,7576.5,7580.75,7575.75,7579.0,2382
2026-06-18 15:58:00,7578.75,7580.75,7577.25,7578.25,2609
2026-06-18 15:59:00,7578.25,7580.75,7564.5,7564.5,18169
2026-06-18 16:00:00,7564.5,7568.25,7562.25,7566.0,6063
2026-06-18 16:01:00,7565.75,7568.25,7565.0,7566.25,1609
2026-06-18 16:02:00,7566.0,7568.0,7566.0,7567.5,589
2026-06-18 16:03:00,7567.25,7570.75,7567.0,7570.5,858
2026-06-18 16:04:00,7570.75,7572.5,7569.75,7572.25,704
2026-06-18 16:05:00,7572.5,7574.75,7572.25,7574.5,1336
2026-06-18 16:06:00,7574.5,7574.75,7573.25,7574.0,719
2026-06-18 16:07:00,7574.0,7576.25,7573.5,7575.75,757
2026-06-18 16:08:00,7575.75,7576.0,7573.5,7575.25,724
2026-06-18 16:09:00,7575.0,7575.5,7573.25,7573.75,441
2026-06-18 16:10:00,7573.75,7574.75,7572.25,7573.0,479
2026-06-18 16:11:00,7573.0,7575.0,7572.5,7574.5,450
2026-06-18 16:12:00,7574.5,7576.75,7574.0,7575.0,524
2026-06-18 16:13:00,7575.25,7577.0,7575.0,7575.25,366
2026-06-18 16:14:00,7575.5,7577.5,7575.5,7576.75,495
2026-06-18 16:15:00,7576.5,7577.25,7576.0,7576.5,511
2026-06-18 16:16:00,7576.5,7577.5,7576.25,7576.75,136
2026-06-18 16:17:00,7576.75,7576.75,7575.0,7575.5,506
2026-06-18 16:18:00,7575.25,7576.0,7575.0,7575.5,252
2026-06-18 16:19:00,7575.75,7579.5,7575.5,7579.25,602
2026-06-18 16:20:00,7579.5,7583.0,7579.25,7580.5,1652
2026-06-18 16:21:00,7580.25,7581.0,7579.25,7579.25,331
2026-06-18 16:22:00,7579.25,7579.5,7578.5,7578.5,338
2026-06-18 16:23:00,7578.5,7580.0,7578.5,7579.0,252
2026-06-18 16:24:00,7579.0,7579.25,7577.5,7577.5,237
2026-06-18 16:25:00,7577.5,7579.0,7577.5,7578.25,186
2026-06-18 16:26:00,7578.25,7580.0,7578.25,7579.25,306
2026-06-18 16:27:00,7579.0,7579.0,7577.25,7577.25,271
2026-06-18 16:28:00,7577.25,7578.0,7577.25,7577.5,145
2026-06-18 16:29:00,7577.75,7578.25,7577.5,7577.5,171
2026-06-18 16:30:00,7577.25,7578.75,7577.25,7578.5,117
2026-06-18 16:31:00,7578.25,7578.75,7577.75,7578.75,168
2026-06-18 16:32:00,7578.75,7579.5,7578.0,7578.0,257
2026-06-18 16:33:00,7578.0,7578.25,7577.0,7577.0,154
2026-06-18 16:34:00,7577.25,7577.25,7576.5,7576.75,208
2026-06-18 16:35:00,7576.75,7577.25,7576.5,7577.25,215
2026-06-18 16:36:00,7577.0,7577.25,7575.25,7575.5,253
2026-06-18 16:37:00,7575.5,7576.0,7575.0,7576.0,161
2026-06-18 16:38:00,7575.75,7576.0,7575.25,7575.5,129
2026-06-18 16:39:00,7575.25,7575.75,7575.25,7575.75,115
2026-06-18 16:40:00,7575.75,7576.0,7575.25,7575.5,166
2026-06-18 16:41:00,7575.75,7575.75,7574.25,7574.5,261
2026-06-18 16:42:00,7574.5,7575.25,7574.0,7574.5,250
2026-06-18 16:43:00,7574.5,7574.5,7572.25,7572.75,464
2026-06-18 16:44:00,7572.75,7573.5,7572.25,7573.0,237
2026-06-18 16:45:00,7573.0,7573.5,7572.25,7572.5,218
2026-06-18 16:46:00,7572.75,7573.25,7572.5,7572.75,119
2026-06-18 16:47:00,7572.75,7572.75,7571.75,7571.75,184
2026-06-18 16:48:00,7572.0,7572.25,7571.5,7572.0,127
2026-06-18 16:49:00,7571.75,7572.75,7571.75,7572.75,182
2026-06-18 16:50:00,7572.5,7572.75,7572.0,7572.25,246
2026-06-18 16:51:00,7572.25,7572.75,7571.75,7572.0,152
2026-06-18 16:52:00,7572.0,7572.25,7571.0,7571.25,173
2026-06-18 16:53:00,7571.5,7571.5,7571.0,7571.0,114
2026-06-18 16:54:00,7571.0,7572.5,7570.5,7572.25,157
2026-06-18 16:55:00,7572.0,7573.25,7571.75,7572.75,373
2026-06-18 16:56:00,7572.5,7573.25,7572.5,7573.25,133
2026-06-18 16:57:00,7573.0,7573.25,7572.25,7572.25,112
2026-06-18 16:58:00,7572.5,7573.75,7572.0,7573.75,149
2026-06-18 16:59:00,7574.0,7575.0,7573.25,7574.75,232
2026-06-18 18:00:00,7575.5,7580.0,7575.0,7577.5,694
2026-06-18 18:01:00,7576.75,7578.25,7575.75,7576.0,235
2026-06-18 18:02:00,7576.25,7577.75,7574.5,7575.0,363
2026-06-18 18:03:00,7575.25,7576.25,7573.75,7575.5,208
2026-06-18 18:04:00,7575.25,7575.5,7573.75,7575.0,145
2026-06-18 18:05:00,7575.25,7575.75,7572.75,7574.5,289
2026-06-18 18:06:00,7574.5,7575.25,7573.5,7573.75,135
2026-06-18 18:07:00,7573.5,7574.5,7572.0,7573.0,209
2026-06-18 18:08:00,7573.25,7573.75,7572.25,7573.0,142
2026-06-18 18:09:00,7573.0,7573.75,7572.5,7573.0,91
2026-06-18 18:10:00,7573.0,7574.5,7572.75,7574.5,171
2026-06-18 18:11:00,7574.5,7574.5,7573.0,7574.0,84
2026-06-18 18:12:00,7573.75,7573.75,7573.0,7573.0,62
2026-06-18 18:13:00,7573.25,7573.75,7573.0,7573.75,58
2026-06-18 18:14:00,7573.5,7573.75,7572.5,7573.25,123
2026-06-18 18:15:00,7573.25,7573.25,7572.0,7572.0,108
2026-06-18 18:16:00,7572.25,7572.5,7571.5,7572.0,145
2026-06-18 18:17:00,7572.0,7572.25,7571.75,7571.75,28
2026-06-18 18:18:00,7572.0,7572.0,7570.5,7570.5,173
2026-06-18 18:19:00,7570.5,7570.75,7568.5,7569.25,622
2026-06-18 18:20:00,7568.75,7569.25,7567.75,7568.25,252
2026-06-18 18:21:00,7568.5,7569.0,7567.25,7567.75,150
2026-06-18 18:22:00,7567.5,7568.0,7566.5,7567.25,247
2026-06-18 18:23:00,7567.0,7567.5,7565.25,7566.0,378
2026-06-18 18:24:00,7566.5,7566.5,7564.75,7566.0,359
2026-06-18 18:25:00,7565.5,7567.25,7565.5,7567.0,272
2026-06-18 18:26:00,7567.25,7567.75,7566.75,7567.25,185
2026-06-18 18:27:00,7567.25,7567.5,7565.25,7565.5,229
2026-06-18 18:28:00,7565.5,7567.0,7565.25,7566.75,171
2026-06-18 18:29:00,7566.75,7567.0,7565.75,7566.0,164
2026-06-18 18:30:00,7566.25,7566.25,7564.5,7564.75,210
2026-06-18 18:31:00,7565.0,7565.25,7564.25,7564.5,194
2026-06-18 18:32:00,7564.5,7564.5,7563.5,7564.0,185
2026-06-18 18:33:00,7564.25,7564.75,7563.5,7564.0,181
2026-06-18 18:34:00,7564.0,7564.25,7563.75,7563.75,94
2026-06-18 18:35:00,7563.75,7564.0,7562.25,7562.75,342
2026-06-18 18:36:00,7562.75,7563.25,7562.25,7563.0,234
2026-06-18 18:37:00,7563.0,7563.5,7562.25,7562.5,137
2026-06-18 18:38:00,7562.5,7562.75,7561.5,7562.0,257
2026-06-18 18:39:00,7561.75,7562.0,7561.0,7561.25,252
2026-06-18 18:40:00,7561.25,7562.0,7561.0,7561.25,278
2026-06-18 18:41:00,7561.0,7561.75,7560.5,7561.5,154
2026-06-18 18:42:00,7561.75,7562.75,7561.25,7561.5,298
2026-06-18 18:43:00,7561.5,7561.75,7560.5,7560.75,143
2026-06-18 18:44:00,7560.75,7562.0,7560.25,7561.75,337
2026-06-18 18:45:00,7561.75,7562.0,7561.0,7562.0,184
2026-06-18 18:46:00,7562.0,7562.0,7561.0,7561.0,112
2026-06-18 18:47:00,7561.0,7561.0,7559.75,7561.0,306
2026-06-18 18:48:00,7560.75,7562.25,7560.75,7561.75,161
2026-06-18 18:49:00,7562.0,7563.5,7561.5,7563.25,330
2026-06-18 18:50:00,7563.25,7563.5,7562.25,7562.5,206
2026-06-18 18:51:00,7562.75,7563.5,7562.25,7563.0,117
2026-06-18 18:52:00,7562.75,7563.0,7562.0,7562.0,174
2026-06-18 18:53:00,7562.25,7563.25,7562.25,7563.25,98
2026-06-18 18:54:00,7563.25,7564.0,7562.75,7562.75,199
2026-06-18 18:55:00,7562.75,7562.75,7561.5,7561.5,138
2026-06-18 18:56:00,7561.75,7562.25,7561.25,7562.25,151
2026-06-18 18:57:00,7562.0,7562.0,7561.5,7562.0,114
2026-06-18 18:58:00,7561.75,7562.0,7561.25,7561.25,111
2026-06-18 18:59:00,7561.25,7561.75,7560.75,7561.0,165
2026-06-18 19:00:00,7561.25,7561.75,7560.5,7561.5,185
2026-06-18 19:01:00,7561.5,7562.25,7560.25,7562.0,205
2026-06-18 19:02:00,7561.5,7564.0,7561.5,7563.5,325
2026-06-18 19:03:00,7563.25,7563.75,7561.75,7562.25,239
2026-06-18 19:04:00,7562.25,7563.5,7562.25,7562.5,85
2026-06-18 19:05:00,7562.25,7562.25,7561.25,7562.0,110
2026-06-18 19:06:00,7561.75,7562.0,7561.5,7562.0,67
2026-06-18 19:07:00,7561.75,7561.75,7560.5,7561.5,134
2026-06-18 19:08:00,7561.75,7561.75,7561.0,7561.25,44
2026-06-18 19:09:00,7561.5,7562.75,7561.25,7562.25,125
2026-06-18 19:10:00,7562.5,7564.25,7562.25,7563.5,235
2026-06-18 19:11:00,7563.25,7564.0,7563.0,7563.5,159
2026-06-18 19:12:00,7563.5,7563.75,7562.25,7562.25,95
2026-06-18 19:13:00,7562.5,7562.75,7561.5,7561.5,109
2026-06-18 19:14:00,7561.5,7562.25,7561.5,7561.5,70
2026-06-18 19:15:00,7561.5,7562.25,7561.25,7562.25,109
2026-06-18 19:16:00,7562.25,7563.25,7561.75,7562.5,74
2026-06-18 19:17:00,7562.25,7562.75,7561.75,7562.5,140
2026-06-18 19:18:00,7562.25,7562.75,7562.0,7562.5,53
2026-06-18 19:19:00,7562.25,7562.5,7561.75,7562.0,39
2026-06-18 19:20:00,7562.0,7563.5,7562.0,7563.5,59
2026-06-18 19:21:00,7563.5,7565.25,7563.25,7564.5,336
2026-06-18 19:22:00,7564.5,7565.25,7564.25,7565.0,189
2026-06-18 19:23:00,7565.25,7566.0,7564.75,7565.0,190
2026-06-18 19:24:00,7565.0,7565.0,7564.0,7564.5,153
2026-06-18 19:25:00,7564.25,7564.5,7563.5,7563.5,77
2026-06-18 19:26:00,7563.5,7563.75,7563.0,7563.25,129
2026-06-18 19:27:00,7563.5,7565.25,7563.5,7564.75,138
2026-06-18 19:28:00,7564.75,7565.0,7564.25,7564.5,76
2026-06-18 19:29:00,7564.75,7564.75,7564.0,7564.25,36
2026-06-18 19:30:00,7564.5,7565.5,7564.0,7565.0,141
2026-06-18 19:31:00,7565.25,7565.25,7562.75,7563.0,208
2026-06-18 19:32:00,7563.5,7565.0,7563.25,7564.75,129
2026-06-18 19:33:00,7564.75,7564.75,7563.75,7564.25,54
2026-06-18 19:34:00,7564.25,7564.75,7563.5,7564.5,58
2026-06-18 19:35:00,7564.75,7565.5,7564.5,7565.25,136
2026-06-18 19:36:00,7565.0,7565.0,7564.25,7564.5,117
2026-06-18 19:37:00,7564.5,7565.5,7564.25,7565.0,58
2026-06-18 19:38:00,7565.0,7567.25,7565.0,7566.5,332
2026-06-18 19:39:00,7566.5,7566.5,7565.5,7566.0,136
2026-06-18 19:40:00,7566.0,7566.25,7565.5,7565.5,85
2026-06-18 19:41:00,7565.5,7566.0,7565.5,7565.75,86
2026-06-18 19:42:00,7566.0,7566.5,7565.5,7565.5,85
2026-06-18 19:43:00,7565.25,7565.25,7564.25,7565.0,218
2026-06-18 19:44:00,7565.0,7565.75,7564.75,7565.75,89
2026-06-18 19:45:00,7565.5,7565.5,7564.5,7565.25,152
2026-06-18 19:46:00,7565.25,7566.75,7565.25,7566.75,176
2026-06-18 19:47:00,7566.5,7566.75,7565.75,7566.25,108
2026-06-18 19:48:00,7566.5,7567.5,7566.0,7566.0,286
2026-06-18 19:49:00,7565.75,7566.0,7565.5,7565.75,71
2026-06-18 19:50:00,7566.0,7567.5,7566.0,7567.0,208
2026-06-18 19:51:00,7567.25,7567.25,7566.0,7566.0,156
2026-06-18 19:52:00,7566.25,7566.5,7565.75,7566.0,84
2026-06-18 19:53:00,7566.25,7567.25,7566.0,7567.0,73
2026-06-18 19:54:00,7566.75,7567.75,7566.5,7567.5,84
2026-06-18 19:55:00,7567.5,7568.25,7567.0,7567.75,168
2026-06-18 19:56:00,7567.5,7568.0,7565.75,7566.5,210
2026-06-18 19:57:00,7566.25,7566.75,7566.0,7566.75,62
2026-06-18 19:58:00,7566.25,7566.75,7566.25,7566.75,73
2026-06-18 19:59:00,7566.75,7566.75,7565.5,7565.75,173
2026-06-18 20:00:00,7565.5,7565.75,7561.75,7562.5,898
2026-06-18 20:01:00,7562.25,7564.25,7561.5,7562.5,383
2026-06-18 20:02:00,7562.5,7564.5,7562.0,7563.5,327
2026-06-18 20:03:00,7563.5,7564.25,7562.75,7563.25,167
2026-06-18 20:04:00,7563.0,7563.0,7561.5,7563.0,264
2026-06-18 20:05:00,7563.25,7564.5,7562.5,7564.5,256
2026-06-18 20:06:00,7564.25,7564.5,7561.5,7561.5,298
2026-06-18 20:07:00,7561.5,7562.5,7560.0,7560.0,480
2026-06-18 20:08:00,7560.25,7561.0,7559.25,7559.75,624
2026-06-18 20:09:00,7560.0,7561.5,7559.75,7561.0,205
2026-06-18 20:10:00,7561.0,7562.0,7560.25,7560.75,140
2026-06-18 20:11:00,7560.5,7560.75,7557.75,7558.5,545
2026-06-18 20:12:00,7558.5,7558.5,7556.25,7556.5,693
2026-06-18 20:13:00,7557.0,7557.75,7556.0,7557.5,417
2026-06-18 20:14:00,7557.25,7558.25,7556.75,7557.25,180
2026-06-18 20:15:00,7557.5,7560.25,7557.0,7560.25,721
2026-06-18 20:16:00,7560.0,7560.75,7559.0,7559.5,477
2026-06-18 20:17:00,7559.25,7560.25,7558.5,7559.75,209
2026-06-18 20:18:00,7560.0,7560.25,7558.25,7559.0,274
2026-06-18 20:19:00,7558.75,7561.0,7558.25,7560.25,234
2026-06-18 20:20:00,7560.25,7560.75,7559.25,7559.5,222
2026-06-18 20:21:00,7559.25,7559.25,7556.75,7558.25,352
2026-06-18 20:22:00,7558.25,7559.25,7557.75,7557.75,243
2026-06-18 20:23:00,7557.5,7559.75,7556.75,7559.0,188
2026-06-18 20:24:00,7559.25,7560.0,7559.0,7559.75,189
2026-06-18 20:25:00,7559.5,7560.75,7558.5,7560.25,179
2026-06-18 20:26:00,7560.25,7562.0,7560.0,7560.5,427
2026-06-18 20:27:00,7560.25,7560.5,7559.5,7560.5,142
2026-06-18 20:28:00,7560.5,7561.5,7560.5,7561.0,136
2026-06-18 20:29:00,7561.0,7561.0,7559.25,7559.5,119
2026-06-18 20:30:00,7559.75,7561.25,7559.25,7560.5,178
2026-06-18 20:31:00,7560.75,7560.75,7559.5,7560.25,106
2026-06-18 20:32:00,7560.25,7561.25,7560.25,7560.5,133
2026-06-18 20:33:00,7560.25,7560.5,7559.75,7560.25,51
2026-06-18 20:34:00,7560.75,7561.25,7560.0,7561.0,66
2026-06-18 20:35:00,7560.5,7561.0,7559.5,7560.0,106
2026-06-18 20:36:00,7560.25,7560.75,7559.0,7559.5,143
2026-06-18 20:37:00,7559.5,7559.5,7556.75,7558.0,486
2026-06-18 20:38:00,7557.75,7558.5,7557.25,7558.5,172
2026-06-18 20:39:00,7558.5,7559.0,7557.25,7558.75,179
2026-06-18 20:40:00,7558.5,7558.75,7557.5,7558.0,62
2026-06-18 20:41:00,7558.0,7559.5,7558.0,7559.5,134
2026-06-18 20:42:00,7559.5,7559.75,7558.75,7559.5,139
2026-06-18 20:43:00,7559.5,7560.0,7559.25,7559.25,95
2026-06-18 20:44:00,7559.25,7559.5,7558.5,7559.0,81
2026-06-18 20:45:00,7559.25,7560.0,7558.5,7559.75,137
2026-06-18 20:46:00,7559.5,7559.75,7558.75,7559.25,116
2026-06-18 20:47:00,7559.25,7559.75,7558.75,7559.5,100
2026-06-18 20:48:00,7559.5,7560.0,7559.25,7559.5,144
2026-06-18 20:49:00,7559.5,7560.5,7559.0,7559.5,78
2026-06-18 20:50:00,7559.25,7559.5,7559.0,7559.0,41
2026-06-18 20:51:00,7559.5,7559.75,7558.75,7558.75,42
2026-06-18 20:52:00,7558.5,7559.75,7558.25,7559.5,93
2026-06-18 20:53:00,7559.25,7559.5,7559.0,7559.0,40
2026-06-18 20:54:00,7559.25,7559.75,7559.25,7559.25,48
2026-06-18 20:55:00,7559.0,7559.0,7558.0,7558.75,74
2026-06-18 20:56:00,7558.25,7558.25,7557.0,7557.25,72
2026-06-18 20:57:00,7557.25,7558.25,7557.25,7557.75,99
2026-06-18 20:58:00,7557.75,7558.0,7557.25,7557.75,31
2026-06-18 20:59:00,7557.75,7558.5,7557.75,7558.25,32
2026-06-18 21:00:00,7558.25,7559.5,7558.25,7558.75,151
2026-06-18 21:01:00,7558.5,7558.5,7557.0,7557.25,163
2026-06-18 21:02:00,7557.25,7557.75,7556.5,7557.75,167
2026-06-18 21:03:00,7557.75,7560.0,7557.75,7560.0,278
2026-06-18 21:04:00,7560.0,7560.75,7559.25,7559.5,268
2026-06-18 21:05:00,7559.25,7559.25,7557.25,7557.75,293
2026-06-18 21:06:00,7557.25,7557.75,7555.5,7555.75,390
2026-06-18 21:07:00,7555.75,7556.25,7554.5,7554.75,426
2026-06-18 21:08:00,7554.75,7555.25,7553.75,7554.5,433
2026-06-18 21:09:00,7554.25,7554.75,7553.25,7553.75,282
2026-06-18 21:10:00,7553.5,7554.5,7553.0,7554.25,174
2026-06-18 21:11:00,7554.25,7554.25,7551.0,7552.5,500
2026-06-18 21:12:00,7552.75,7553.0,7551.5,7551.75,289
2026-06-18 21:13:00,7552.0,7552.75,7551.5,7552.25,212
2026-06-18 21:14:00,7552.25,7552.5,7551.5,7552.5,142
2026-06-18 21:15:00,7552.5,7554.0,7552.5,7553.5,249
2026-06-18 21:16:00,7553.75,7554.25,7553.5,7553.75,124
2026-06-18 21:17:00,7553.75,7554.5,7553.5,7553.5,133
2026-06-18 21:18:00,7553.5,7554.25,7553.25,7554.0,156
2026-06-18 21:19:00,7554.0,7554.75,7553.5,7554.5,192
2026-06-18 21:20:00,7554.5,7554.5,7552.75,7553.25,153
2026-06-18 21:21:00,7553.25,7554.5,7553.0,7553.75,116
2026-06-18 21:22:00,7554.0,7554.75,7553.75,7554.5,117
2026-06-18 21:23:00,7555.0,7555.0,7553.75,7554.0,142
2026-06-18 21:24:00,7554.0,7554.0,7553.0,7553.75,80
2026-06-18 21:25:00,7553.5,7555.0,7553.0,7554.75,206
2026-06-18 21:26:00,7554.5,7555.0,7554.25,7554.75,61
2026-06-18 21:27:00,7555.0,7555.25,7554.75,7555.0,77
2026-06-18 21:28:00,7555.25,7556.0,7555.0,7555.25,231
2026-06-18 21:29:00,7555.0,7555.25,7554.75,7554.75,83
2026-06-18 21:30:00,7554.75,7554.75,7552.25,7552.5,299
2026-06-18 21:31:00,7552.75,7553.25,7551.75,7551.75,255
2026-06-18 21:32:00,7551.75,7552.5,7551.25,7552.0,234
2026-06-18 21:33:00,7552.0,7553.0,7552.0,7553.0,133
2026-06-18 21:34:00,7552.75,7553.75,7552.5,7553.25,131
2026-06-18 21:35:00,7553.5,7553.75,7552.5,7552.75,99
2026-06-18 21:36:00,7553.0,7553.5,7552.5,7553.5,82
2026-06-18 21:37:00,7553.25,7553.5,7552.75,7552.75,77
2026-06-18 21:38:00,7552.75,7552.75,7551.75,7552.25,172
2026-06-18 21:39:00,7552.0,7552.25,7551.5,7551.75,102
2026-06-18 21:40:00,7552.0,7552.0,7550.0,7550.25,321
2026-06-18 21:41:00,7550.5,7551.25,7550.0,7551.25,145
2026-06-18 21:42:00,7551.25,7551.75,7550.5,7551.25,140
2026-06-18 21:43:00,7551.25,7551.5,7550.75,7551.25,74
2026-06-18 21:44:00,7551.25,7551.5,7550.5,7551.25,34
2026-06-18 21:45:00,7551.75,7551.75,7551.25,7551.5,55
2026-06-18 21:46:00,7551.5,7553.0,7551.5,7552.25,187
2026-06-18 21:47:00,7552.25,7552.25,7551.25,7551.5,72
2026-06-18 21:48:00,7551.75,7551.75,7550.25,7550.5,135
2026-06-18 21:49:00,7550.25,7551.25,7550.25,7550.75,203
2026-06-18 21:50:00,7550.75,7551.5,7550.5,7550.5,124
2026-06-18 21:51:00,7550.5,7550.5,7549.25,7549.5,312
2026-06-18 21:52:00,7549.5,7549.75,7548.5,7549.0,336
2026-06-18 21:53:00,7549.0,7549.75,7548.5,7549.0,256
2026-06-18 21:54:00,7548.75,7549.25,7548.25,7548.25,130
2026-06-18 21:55:00,7548.25,7548.75,7547.75,7548.25,207
2026-06-18 21:56:00,7548.25,7549.0,7548.25,7548.5,146
2026-06-18 21:57:00,7548.5,7549.25,7548.5,7548.5,50
2026-06-18 21:58:00,7548.5,7548.75,7547.25,7547.5,205
2026-06-18 21:59:00,7547.5,7548.0,7547.5,7547.5,105
2026-06-18 22:00:00,7547.5,7548.5,7547.0,7547.25,199
2026-06-18 22:01:00,7547.0,7547.25,7546.5,7546.75,250
2026-06-18 22:02:00,7546.75,7547.25,7546.0,7546.25,194
2026-06-18 22:03:00,7546.0,7547.25,7546.0,7547.25,261
2026-06-18 22:04:00,7547.0,7547.25,7546.75,7547.0,94
2026-06-18 22:05:00,7547.25,7547.5,7546.25,7547.0,112
2026-06-18 22:06:00,7546.5,7546.5,7545.75,7546.0,129
2026-06-18 22:07:00,7546.25,7546.5,7544.75,7545.0,269
2026-06-18 22:08:00,7545.0,7545.25,7544.0,7544.5,361
2026-06-18 22:09:00,7544.5,7546.0,7544.5,7545.75,100
2026-06-18 22:10:00,7545.75,7546.0,7544.25,7544.75,149
2026-06-18 22:11:00,7544.75,7545.25,7543.75,7544.75,200
2026-06-18 22:12:00,7544.75,7545.75,7544.5,7545.75,124
2026-06-18 22:13:00,7545.5,7546.0,7545.25,7546.0,164
2026-06-18 22:14:00,7545.75,7545.75,7544.25,7544.75,110
2026-06-18 22:15:00,7544.75,7545.0,7543.75,7543.75,68
2026-06-18 22:16:00,7544.0,7544.0,7543.25,7543.75,203
2026-06-18 22:17:00,7543.75,7543.75,7541.75,7542.25,393
2026-06-18 22:18:00,7542.75,7543.25,7542.25,7542.75,161
2026-06-18 22:19:00,7543.0,7543.25,7542.25,7542.5,225
2026-06-18 22:20:00,7542.5,7543.75,7542.5,7543.0,118
2026-06-18 22:21:00,7543.0,7544.75,7543.0,7544.75,187
2026-06-18 22:22:00,7544.5,7545.5,7544.25,7545.25,261
2026-06-18 22:23:00,7545.5,7546.75,7545.5,7546.5,266
2026-06-18 22:24:00,7546.5,7546.5,7545.5,7545.75,150
2026-06-18 22:25:00,7545.75,7546.25,7545.25,7545.75,83
2026-06-18 22:26:00,7546.0,7546.0,7544.75,7545.5,123
2026-06-18 22:27:00,7545.75,7545.75,7545.0,7545.25,70
2026-06-18 22:28:00,7545.5,7546.25,7545.5,7546.25,60
2026-06-18 22:29:00,7546.25,7546.5,7545.25,7546.0,135
2026-06-18 22:30:00,7546.0,7547.25,7545.5,7547.0,126
2026-06-18 22:31:00,7547.25,7547.25,7546.25,7546.75,155
2026-06-18 22:32:00,7547.0,7547.0,7546.0,7546.0,79
2026-06-18 22:33:00,7546.25,7546.5,7545.75,7546.5,57
2026-06-18 22:34:00,7546.5,7546.75,7546.5,7546.75,38
2026-06-18 22:35:00,7546.5,7547.5,7546.25,7547.0,118
2026-06-18 22:36:00,7547.25,7548.0,7546.75,7548.0,140
2026-06-18 22:37:00,7547.75,7548.0,7547.0,7547.25,116
2026-06-18 22:38:00,7547.25,7547.25,7546.25,7546.75,97
2026-06-18 22:39:00,7546.75,7547.0,7546.5,7547.0,47
2026-06-18 22:40:00,7546.75,7547.5,7546.75,7546.75,73
2026-06-18 22:41:00,7547.0,7548.25,7547.0,7547.75,119
2026-06-18 22:42:00,7548.0,7549.25,7548.0,7548.75,362
2026-06-18 22:43:00,7549.0,7549.0,7548.5,7548.75,139
2026-06-18 22:44:00,7548.75,7549.0,7548.25,7548.75,85
2026-06-18 22:45:00,7548.75,7548.75,7547.5,7547.5,100
2026-06-18 22:46:00,7547.5,7547.75,7546.5,7547.25,153
2026-06-18 22:47:00,7547.25,7547.75,7546.75,7547.25,113
2026-06-18 22:48:00,7547.0,7547.5,7547.0,7547.0,56
2026-06-18 22:49:00,7547.0,7547.25,7546.5,7546.5,74
2026-06-18 22:50:00,7546.5,7546.75,7545.25,7545.25,291
2026-06-18 22:51:00,7545.5,7545.5,7544.25,7545.5,298
2026-06-18 22:52:00,7545.5,7546.0,7545.25,7545.75,85
2026-06-18 22:53:00,7546.25,7546.75,7545.75,7546.0,112
2026-06-18 22:54:00,7546.25,7546.75,7546.25,7546.25,50
2026-06-18 22:55:00,7546.5,7547.0,7546.0,7547.0,50
2026-06-18 22:56:00,7547.0,7547.0,7546.0,7546.25,81
2026-06-18 22:57:00,7546.25,7546.5,7546.0,7546.25,70
2026-06-18 22:58:00,7546.25,7546.75,7546.0,7546.25,45
2026-06-18 22:59:00,7546.25,7546.5,7545.75,7546.25,59
2026-06-18 23:00:00,7546.25,7547.75,7546.25,7547.75,152
2026-06-18 23:01:00,7547.75,7547.75,7547.0,7547.25,87
2026-06-18 23:02:00,7547.25,7548.5,7547.0,7547.25,166
2026-06-18 23:03:00,7547.0,7547.75,7547.0,7547.5,26
2026-06-18 23:04:00,7547.5,7547.5,7545.25,7545.5,240
2026-06-18 23:05:00,7545.25,7546.0,7545.25,7545.25,42
2026-06-18 23:06:00,7545.25,7545.75,7545.0,7545.75,83
2026-06-18 23:07:00,7546.0,7546.25,7545.5,7545.5,81
2026-06-18 23:08:00,7545.25,7546.0,7544.75,7544.75,72
2026-06-18 23:09:00,7545.0,7545.25,7544.75,7545.0,65
2026-06-18 23:10:00,7545.25,7545.75,7545.0,7545.0,68
2026-06-18 23:11:00,7545.0,7545.75,7544.75,7545.75,42
2026-06-18 23:12:00,7545.75,7545.75,7545.0,7545.25,32
2026-06-18 23:13:00,7545.25,7545.25,7544.5,7544.75,53
2026-06-18 23:14:00,7544.5,7544.75,7544.0,7544.0,64
2026-06-18 23:15:00,7544.25,7544.75,7542.0,7542.25,396
2026-06-18 23:16:00,7542.25,7542.5,7540.0,7541.25,952
2026-06-18 23:17:00,7541.0,7541.25,7540.0,7540.5,195
2026-06-18 23:18:00,7540.75,7541.5,7539.5,7540.75,395
2026-06-18 23:19:00,7540.5,7540.75,7540.0,7540.5,111
2026-06-18 23:20:00,7540.25,7541.25,7540.0,7541.0,101
2026-06-18 23:21:00,7541.25,7542.0,7541.0,7541.5,174
2026-06-18 23:22:00,7541.5,7541.75,7539.75,7539.75,121
2026-06-18 23:23:00,7540.0,7540.25,7539.0,7540.0,200
2026-06-18 23:24:00,7540.25,7540.75,7539.5,7539.75,71
2026-06-18 23:25:00,7539.75,7539.75,7538.75,7539.0,183
2026-06-18 23:26:00,7539.0,7539.25,7538.5,7538.75,147
2026-06-18 23:27:00,7539.0,7539.5,7538.5,7539.0,109
2026-06-18 23:28:00,7539.0,7540.0,7537.75,7538.0,191
2026-06-18 23:29:00,7538.5,7539.25,7538.0,7539.0,93
2026-06-18 23:30:00,7538.5,7539.75,7537.5,7539.5,228
2026-06-18 23:31:00,7539.25,7539.5,7537.25,7537.5,247
2026-06-18 23:32:00,7537.75,7539.25,7537.5,7538.5,204
2026-06-18 23:33:00,7538.25,7538.75,7537.5,7537.75,157
2026-06-18 23:34:00,7537.75,7538.5,7536.75,7537.0,189
2026-06-18 23:35:00,7537.0,7538.25,7536.5,7536.75,189
2026-06-18 23:36:00,7536.75,7538.5,7536.0,7538.25,352
2026-06-18 23:37:00,7538.5,7539.5,7538.0,7539.5,225
2026-06-18 23:38:00,7539.25,7540.25,7538.25,7540.0,215
2026-06-18 23:39:00,7540.0,7541.0,7539.75,7540.5,261
2026-06-18 23:40:00,7540.75,7541.25,7540.0,7541.0,157
2026-06-18 23:41:00,7540.75,7540.75,7539.5,7540.25,105
2026-06-18 23:42:00,7540.5,7540.5,7538.5,7538.75,150
2026-06-18 23:43:00,7538.75,7539.0,7537.75,7539.0,241
2026-06-18 23:44:00,7539.25,7540.0,7538.25,7538.75,88
2026-06-18 23:45:00,7539.0,7539.0,7537.75,7538.5,98
2026-06-18 23:46:00,7538.25,7538.5,7537.75,7538.5,86
2026-06-18 23:47:00,7538.75,7538.75,7537.5,7537.75,91
2026-06-18 23:48:00,7538.0,7539.25,7537.75,7538.5,142
2026-06-18 23:49:00,7538.5,7538.5,7537.75,7538.0,88
2026-06-18 23:50:00,7538.25,7540.0,7537.75,7539.5,104
2026-06-18 23:51:00,7539.5,7539.5,7537.75,7538.5,155
2026-06-18 23:52:00,7538.75,7538.75,7538.5,7538.75,53
2026-06-18 23:53:00,7538.5,7538.75,7538.25,7538.5,33
2026-06-18 23:54:00,7539.0,7539.25,7538.0,7538.5,131
2026-06-18 23:55:00,7538.5,7539.25,7537.75,7537.75,145
2026-06-18 23:56:00,7537.75,7538.5,7537.25,7538.5,41
2026-06-18 23:57:00,7538.5,7538.5,7537.25,7537.5,100
2026-06-18 23:58:00,7537.25,7537.25,7536.25,7536.75,226
2026-06-18 23:59:00,7537.0,7538.75,7536.75,7538.5,189
2026-06-19 00:00:00,7538.75,7539.5,7538.5,7538.5,145
2026-06-19 00:01:00,7538.5,7538.5,7536.25,7536.5,155
2026-06-19 00:02:00,7536.25,7537.5,7534.0,7537.0,790
2026-06-19 00:03:00,7536.75,7537.5,7532.5,7533.5,825
2026-06-19 00:04:00,7533.75,7533.75,7532.25,7533.5,294
2026-06-19 00:05:00,7533.25,7534.25,7533.25,7534.0,131
2026-06-19 00:06:00,7534.25,7537.25,7534.25,7536.75,369
2026-06-19 00:07:00,7536.75,7537.0,7535.5,7535.5,144
2026-06-19 00:08:00,7535.5,7536.75,7535.5,7536.5,75
2026-06-19 00:09:00,7536.25,7536.25,7535.0,7535.75,176
2026-06-19 00:10:00,7536.0,7537.0,7536.0,7536.25,90
2026-06-19 00:11:00,7536.25,7537.5,7536.25,7537.25,116
2026-06-19 00:12:00,7537.0,7537.25,7536.75,7537.0,100
2026-06-19 00:13:00,7537.0,7538.25,7537.0,7538.0,157
2026-06-19 00:14:00,7537.75,7538.5,7537.75,7538.25,85
2026-06-19 00:15:00,7538.25,7538.25,7535.0,7536.0,512
2026-06-19 00:16:00,7536.0,7537.75,7535.75,7537.25,230
2026-06-19 00:17:00,7537.25,7538.0,7536.25,7537.75,146
2026-06-19 00:18:00,7537.75,7538.0,7537.25,7537.5,86
2026-06-19 00:19:00,7537.5,7537.75,7536.25,7536.25,86
2026-06-19 00:20:00,7536.5,7536.75,7535.5,7536.0,96
2026-06-19 00:21:00,7535.75,7537.25,7535.75,7536.5,63
2026-06-19 00:22:00,7536.25,7536.25,7534.75,7535.0,102
2026-06-19 00:23:00,7535.0,7535.0,7534.0,7534.75,164
2026-06-19 00:24:00,7535.0,7536.5,7534.5,7536.25,88
2026-06-19 00:25:00,7536.5,7536.75,7535.5,7536.5,87
2026-06-19 00:26:00,7536.5,7536.5,7534.0,7534.5,174
2026-06-19 00:27:00,7534.5,7535.25,7534.5,7535.25,68
2026-06-19 00:28:00,7535.25,7536.0,7534.5,7536.0,64
2026-06-19 00:29:00,7535.75,7536.25,7535.25,7535.75,68
2026-06-19 00:30:00,7536.25,7536.25,7534.25,7534.25,168
2026-06-19 00:31:00,7534.0,7534.5,7533.25,7534.0,192
2026-06-19 00:32:00,7534.0,7534.0,7531.5,7532.0,413
2026-06-19 00:33:00,7532.0,7532.25,7531.25,7531.75,291
2026-06-19 00:34:00,7531.5,7532.0,7530.5,7531.5,292
2026-06-19 00:35:00,7531.5,7531.75,7529.25,7529.75,547
2026-06-19 00:36:00,7529.75,7531.25,7529.25,7531.25,303
2026-06-19 00:37:00,7531.25,7532.25,7531.25,7531.25,237
2026-06-19 00:38:00,7531.5,7532.0,7531.0,7531.5,65
2026-06-19 00:39:00,7531.5,7531.75,7530.75,7531.25,101
2026-06-19 00:40:00,7531.25,7531.75,7531.0,7531.5,90
2026-06-19 00:41:00,7531.5,7531.5,7530.25,7530.75,79
2026-06-19 00:42:00,7530.25,7531.75,7530.25,7530.75,81
2026-06-19 00:43:00,7530.75,7531.25,7529.75,7530.5,84
2026-06-19 00:44:00,7530.75,7531.25,7530.25,7531.0,75
2026-06-19 00:45:00,7531.0,7531.25,7530.75,7530.75,68
2026-06-19 00:46:00,7530.25,7530.25,7528.5,7528.75,195
2026-06-19 00:47:00,7528.5,7528.75,7527.5,7528.5,394
2026-06-19 00:48:00,7527.75,7529.5,7527.5,7529.25,160
2026-06-19 00:49:00,7529.75,7530.25,7528.75,7529.75,117
2026-06-19 00:50:00,7529.75,7530.25,7528.0,7528.75,148
2026-06-19 00:51:00,7528.75,7529.0,7527.25,7527.25,101
2026-06-19 00:52:00,7527.25,7528.25,7527.0,7527.5,193
2026-06-19 00:53:00,7527.5,7529.0,7525.75,7526.25,295
2026-06-19 00:54:00,7526.25,7526.25,7523.75,7525.0,744
2026-06-19 00:55:00,7524.75,7526.5,7524.0,7524.0,303
2026-06-19 00:56:00,7524.0,7524.25,7522.5,7523.0,388
2026-06-19 00:57:00,7523.0,7524.5,7522.75,7523.25,162
2026-06-19 00:58:00,7523.25,7523.5,7521.5,7523.25,444
2026-06-19 00:59:00,7523.25,7525.5,7523.25,7525.5,363
2026-06-19 01:00:00,7525.5,7526.0,7524.25,7525.25,335
2026-06-19 01:01:00,7525.0,7526.25,7525.0,7526.0,187
2026-06-19 01:02:00,7525.75,7526.5,7524.25,7525.25,143
2026-06-19 01:03:00,7525.25,7526.25,7523.75,7524.0,131
2026-06-19 01:04:00,7524.0,7525.75,7523.75,7525.5,69
2026-06-19 01:05:00,7525.25,7526.75,7524.0,7526.75,116
2026-06-19 01:06:00,7526.75,7527.0,7525.25,7525.25,158
2026-06-19 01:07:00,7525.25,7525.75,7524.0,7524.75,143
2026-06-19 01:08:00,7524.5,7525.0,7524.0,7524.75,115
2026-06-19 01:09:00,7524.5,7525.0,7524.25,7524.75,61
2026-06-19 01:10:00,7524.75,7525.25,7523.0,7524.0,133
2026-06-19 01:11:00,7524.0,7524.75,7523.25,7524.5,108
2026-06-19 01:12:00,7524.25,7524.25,7522.0,7522.5,201
2026-06-19 01:13:00,7522.25,7524.75,7522.25,7524.25,178
2026-06-19 01:14:00,7524.5,7526.5,7524.5,7526.5,235
2026-06-19 01:15:00,7526.5,7526.5,7525.25,7526.0,76
2026-06-19 01:16:00,7525.75,7527.5,7525.75,7526.75,184
2026-06-19 01:17:00,7526.25,7527.5,7526.0,7527.25,196
2026-06-19 01:18:00,7527.0,7527.5,7526.25,7526.5,95
2026-06-19 01:19:00,7526.5,7526.5,7523.75,7524.5,475
2026-06-19 01:20:00,7524.75,7525.25,7521.0,7521.25,554
2026-06-19 01:21:00,7521.5,7523.25,7520.5,7523.25,368
2026-06-19 01:22:00,7522.75,7523.75,7521.75,7522.25,223
2026-06-19 01:23:00,7522.0,7523.0,7521.75,7523.0,59
2026-06-19 01:24:00,7523.0,7523.0,7521.5,7522.0,146
2026-06-19 01:25:00,7522.0,7524.5,7521.25,7524.25,124
2026-06-19 01:26:00,7524.0,7525.25,7523.5,7524.75,172
2026-06-19 01:27:00,7524.75,7525.0,7523.75,7523.75,89
2026-06-19 01:28:00,7524.0,7525.5,7523.75,7525.0,149
2026-06-19 01:29:00,7525.0,7525.75,7525.0,7525.5,104
2026-06-19 01:30:00,7525.5,7527.25,7525.5,7526.25,321
2026-06-19 01:31:00,7526.5,7528.25,7526.25,7528.25,231
2026-06-19 01:32:00,7528.0,7528.5,7526.5,7526.5,207
2026-06-19 01:33:00,7527.0,7527.25,7525.75,7526.5,140
2026-06-19 01:34:00,7526.25,7526.75,7524.25,7524.25,179
2026-06-19 01:35:00,7524.5,7526.0,7524.25,7525.0,178
2026-06-19 01:36:00,7524.75,7525.5,7523.5,7524.0,172
2026-06-19 01:37:00,7524.0,7524.5,7523.5,7524.25,139
2026-06-19 01:38:00,7523.75,7524.0,7522.5,7523.25,269
2026-06-19 01:39:00,7523.25,7524.0,7523.0,7523.5,137
2026-06-19 01:40:00,7523.5,7525.5,7523.5,7525.5,194
2026-06-19 01:41:00,7525.5,7525.5,7524.25,7525.0,73
2026-06-19 01:42:00,7525.0,7525.0,7520.75,7522.0,724
2026-06-19 01:43:00,7522.25,7522.5,7521.5,7522.0,100
2026-06-19 01:44:00,7522.0,7522.75,7521.75,7522.75,155
2026-06-19 01:45:00,7522.5,7523.75,7522.5,7523.5,179
2026-06-19 01:46:00,7523.0,7525.0,7523.0,7525.0,242
2026-06-19 01:47:00,7525.0,7525.75,7524.5,7525.5,129
2026-06-19 01:48:00,7525.5,7527.0,7525.25,7527.0,199
2026-06-19 01:49:00,7526.75,7527.5,7526.5,7526.5,151
2026-06-19 01:50:00,7526.5,7528.0,7525.75,7527.5,227
2026-06-19 01:51:00,7527.25,7528.0,7526.75,7527.75,144
2026-06-19 01:52:00,7527.75,7529.0,7527.5,7528.25,245
2026-06-19 01:53:00,7527.75,7528.0,7527.0,7528.0,175
2026-06-19 01:54:00,7527.5,7530.25,7527.5,7530.25,322
2026-06-19 01:55:00,7530.0,7531.5,7529.75,7530.0,531
2026-06-19 01:56:00,7530.25,7530.25,7529.25,7529.75,196
2026-06-19 01:57:00,7529.5,7531.75,7529.5,7531.5,122
2026-06-19 01:58:00,7531.0,7531.75,7530.75,7531.0,160
2026-06-19 01:59:00,7531.5,7531.75,7531.0,7531.5,63
2026-06-19 02:00:00,7531.25,7533.25,7531.0,7533.25,408
2026-06-19 02:01:00,7533.0,7533.75,7532.0,7532.5,188
2026-06-19 02:02:00,7532.5,7533.75,7532.0,7533.5,154
2026-06-19 02:03:00,7533.0,7535.25,7533.0,7535.25,262
2026-06-19 02:04:00,7535.0,7535.5,7534.5,7534.75,227
2026-06-19 02:05:00,7534.75,7535.25,7534.0,7535.25,163
2026-06-19 02:06:00,7534.75,7535.25,7534.25,7535.0,95
2026-06-19 02:07:00,7534.5,7534.5,7532.25,7533.5,334
2026-06-19 02:08:00,7533.5,7533.5,7532.75,7533.0,89
2026-06-19 02:09:00,7533.0,7533.75,7532.25,7533.25,148
2026-06-19 02:10:00,7533.25,7533.5,7531.5,7531.75,280
2026-06-19 02:11:00,7531.75,7532.5,7530.75,7532.0,196
2026-06-19 02:12:00,7531.75,7532.5,7531.5,7532.25,100
2026-06-19 02:13:00,7531.75,7534.0,7531.75,7534.0,263
2026-06-19 02:14:00,7533.75,7534.0,7533.0,7533.0,125
2026-06-19 02:15:00,7533.0,7533.5,7532.25,7532.5,97
2026-06-19 02:16:00,7532.5,7533.75,7532.0,7533.25,166
2026-06-19 02:17:00,7533.5,7533.75,7532.0,7532.5,114
2026-06-19 02:18:00,7532.75,7532.75,7531.75,7532.0,99
2026-06-19 02:19:00,7532.25,7532.25,7531.25,7532.0,118
2026-06-19 02:20:00,7531.75,7532.5,7530.25,7530.75,223
2026-06-19 02:21:00,7530.25,7532.5,7530.0,7532.5,257
2026-06-19 02:22:00,7532.25,7533.5,7531.5,7533.5,96
2026-06-19 02:23:00,7533.25,7533.75,7532.75,7533.5,156
2026-06-19 02:24:00,7533.5,7534.0,7533.0,7533.25,91
2026-06-19 02:25:00,7533.25,7534.75,7533.25,7534.5,117
2026-06-19 02:26:00,7534.25,7536.25,7534.0,7535.75,319
2026-06-19 02:27:00,7535.5,7536.75,7535.5,7536.5,234
2026-06-19 02:28:00,7536.0,7537.5,7536.0,7536.75,183
2026-06-19 02:29:00,7537.0,7537.75,7536.25,7536.5,219
2026-06-19 02:30:00,7536.25,7538.0,7536.25,7536.75,282
2026-06-19 02:31:00,7536.5,7537.25,7536.0,7536.5,172
2026-06-19 02:32:00,7536.75,7536.75,7536.25,7536.25,91
2026-06-19 02:33:00,7536.25,7536.5,7535.5,7536.25,79
2026-06-19 02:34:00,7536.0,7536.75,7535.75,7536.5,37
2026-06-19 02:35:00,7536.75,7537.25,7536.5,7536.5,56
2026-06-19 02:36:00,7536.5,7536.5,7534.5,7534.75,243
2026-06-19 02:37:00,7535.0,7535.0,7534.0,7534.5,90
2026-06-19 02:38:00,7534.75,7535.5,7534.5,7535.25,61
2026-06-19 02:39:00,7535.25,7535.5,7534.75,7535.0,53
2026-06-19 02:40:00,7535.0,7536.5,7534.5,7536.0,85
2026-06-19 02:41:00,7535.5,7535.5,7534.75,7535.5,60
2026-06-19 02:42:00,7535.5,7535.75,7535.0,7535.75,53
2026-06-19 02:43:00,7535.5,7537.25,7535.5,7537.0,100
2026-06-19 02:44:00,7537.0,7537.0,7536.0,7536.0,59
2026-06-19 02:45:00,7536.0,7536.0,7534.5,7535.75,140
2026-06-19 02:46:00,7535.75,7537.0,7535.75,7537.0,99
2026-06-19 02:47:00,7536.75,7538.0,7536.75,7537.5,68
2026-06-19 02:48:00,7537.75,7538.5,7537.0,7537.25,121
2026-06-19 02:49:00,7537.0,7537.25,7536.25,7537.0,99
2026-06-19 02:50:00,7537.0,7537.75,7537.0,7537.25,116
2026-06-19 02:51:00,7537.0,7537.75,7536.75,7537.0,67
2026-06-19 02:52:00,7537.25,7538.5,7537.0,7538.25,61
2026-06-19 02:53:00,7538.0,7539.0,7538.0,7538.75,191
2026-06-19 02:54:00,7538.75,7539.5,7538.25,7539.5,190
2026-06-19 02:55:00,7539.25,7542.75,7539.25,7542.5,702
2026-06-19 02:56:00,7542.75,7542.75,7540.75,7540.75,154
2026-06-19 02:57:00,7540.75,7541.5,7540.5,7541.25,64
2026-06-19 02:58:00,7541.5,7541.5,7540.5,7541.5,57
2026-06-19 02:59:00,7541.5,7542.25,7541.25,7541.5,134
2026-06-19 03:00:00,7541.25,7543.5,7541.0,7542.75,333
2026-06-19 03:01:00,7542.75,7544.75,7542.75,7544.25,263
2026-06-19 03:02:00,7544.25,7545.0,7543.75,7545.0,202
2026-06-19 03:03:00,7545.0,7545.0,7544.0,7545.0,102
2026-06-19 03:04:00,7544.5,7545.0,7544.0,7545.0,88
2026-06-19 03:05:00,7545.0,7545.25,7544.0,7544.75,81
2026-06-19 03:06:00,7544.5,7545.5,7544.0,7544.25,93
2026-06-19 03:07:00,7544.25,7545.25,7544.25,7544.75,96
2026-06-19 03:08:00,7545.0,7546.0,7545.0,7545.5,118
2026-06-19 03:09:00,7545.75,7546.0,7545.0,7545.0,145
2026-06-19 03:10:00,7544.75,7545.0,7544.0,7544.0,152
2026-06-19 03:11:00,7543.75,7545.25,7543.0,7544.75,228
2026-06-19 03:12:00,7545.0,7545.5,7544.5,7544.75,129
2026-06-19 03:13:00,7545.25,7545.25,7544.75,7545.25,31
2026-06-19 03:14:00,7545.5,7546.75,7545.5,7546.5,128
2026-06-19 03:15:00,7546.75,7548.25,7546.0,7547.75,349
2026-06-19 03:16:00,7547.75,7548.0,7545.0,7545.25,290
2026-06-19 03:17:00,7545.5,7546.5,7545.25,7545.5,69
2026-06-19 03:18:00,7545.25,7545.75,7544.75,7545.5,91
2026-06-19 03:19:00,7545.5,7545.5,7545.0,7545.25,34
2026-06-19 03:20:00,7545.25,7546.0,7544.75,7545.75,70
2026-06-19 03:21:00,7545.75,7547.5,7545.75,7546.5,277
2026-06-19 03:22:00,7546.25,7547.0,7546.0,7546.75,66
2026-06-19 03:23:00,7547.0,7547.25,7546.0,7546.5,69
2026-06-19 03:24:00,7546.25,7546.75,7546.0,7546.75,61
2026-06-19 03:25:00,7546.5,7547.0,7546.25,7546.75,49
2026-06-19 03:26:00,7546.75,7547.25,7546.25,7547.25,89
2026-06-19 03:27:00,7547.25,7548.25,7547.0,7547.5,179
2026-06-19 03:28:00,7547.75,7547.75,7546.25,7547.0,100
2026-06-19 03:29:00,7546.75,7549.5,7546.5,7549.5,234
2026-06-19 03:30:00,7549.5,7555.0,7549.5,7554.75,2000
2026-06-19 03:31:00,7554.5,7554.5,7551.25,7551.5,292
2026-06-19 03:32:00,7551.75,7551.75,7549.25,7549.25,327
2026-06-19 03:33:00,7549.5,7551.5,7548.5,7550.5,399
2026-06-19 03:34:00,7550.75,7552.75,7550.5,7552.0,251
2026-06-19 03:35:00,7551.75,7552.0,7551.25,7551.25,198
2026-06-19 03:36:00,7551.5,7551.75,7550.0,7551.0,94
2026-06-19 03:37:00,7550.75,7553.0,7550.75,7553.0,139
2026-06-19 03:38:00,7552.25,7553.25,7552.25,7553.25,66
2026-06-19 03:39:00,7553.0,7553.0,7552.5,7553.0,67
2026-06-19 03:40:00,7553.0,7553.75,7551.0,7551.25,213
2026-06-19 03:41:00,7551.25,7552.0,7551.0,7551.25,114
2026-06-19 03:42:00,7551.5,7551.5,7550.0,7550.25,116
2026-06-19 03:43:00,7550.25,7551.0,7550.0,7550.5,135
2026-06-19 03:44:00,7550.5,7551.0,7550.25,7550.75,61
2026-06-19 03:45:00,7550.75,7551.75,7550.25,7550.25,150
2026-06-19 03:46:00,7550.0,7550.5,7549.25,7550.5,128
2026-06-19 03:47:00,7550.5,7551.5,7550.25,7551.5,114
2026-06-19 03:48:00,7551.5,7551.5,7549.75,7549.75,107
2026-06-19 03:49:00,7549.75,7550.25,7549.0,7549.25,82
2026-06-19 03:50:00,7549.25,7549.75,7548.5,7549.75,194
2026-06-19 03:51:00,7549.5,7551.75,7549.25,7550.75,459
2026-06-19 03:52:00,7551.0,7552.0,7550.5,7551.75,203
2026-06-19 03:53:00,7551.75,7553.0,7551.75,7552.0,196
2026-06-19 03:54:00,7552.0,7552.25,7551.0,7551.0,56
2026-06-19 03:55:00,7551.0,7551.75,7550.75,7551.25,130
2026-06-19 03:56:00,7551.25,7553.0,7551.25,7552.5,138
2026-06-19 03:57:00,7552.5,7554.25,7552.25,7553.5,204
2026-06-19 03:58:00,7553.25,7553.75,7553.0,7553.0,149
2026-06-19 03:59:00,7553.5,7554.25,7553.25,7554.25,120
2026-06-19 04:00:00,7554.25,7554.5,7552.5,7553.0,226
2026-06-19 04:01:00,7553.0,7553.25,7552.0,7552.25,100
2026-06-19 04:02:00,7552.25,7552.5,7550.75,7550.75,127
2026-06-19 04:03:00,7550.5,7552.25,7550.5,7552.25,150
2026-06-19 04:04:00,7552.25,7553.5,7551.75,7553.0,219
2026-06-19 04:05:00,7553.0,7553.25,7551.75,7552.25,149
2026-06-19 04:06:00,7552.5,7554.0,7552.5,7553.25,158
2026-06-19 04:07:00,7552.75,7553.0,7551.75,7552.75,68
2026-06-19 04:08:00,7552.75,7553.25,7552.5,7552.5,68
2026-06-19 04:09:00,7552.5,7553.25,7552.25,7552.5,46
2026-06-19 04:10:00,7552.75,7554.5,7552.75,7554.25,145
2026-06-19 04:11:00,7554.25,7555.5,7554.25,7555.0,344
2026-06-19 04:12:00,7554.75,7556.5,7554.25,7555.75,417
2026-06-19 04:13:00,7555.75,7556.0,7554.75,7555.25,116
2026-06-19 04:14:00,7555.25,7555.5,7554.5,7554.75,58
2026-06-19 04:15:00,7554.5,7556.0,7554.0,7555.75,143
2026-06-19 04:16:00,7555.75,7557.0,7555.25,7556.75,114
2026-06-19 04:17:00,7557.0,7557.25,7555.75,7555.75,253
2026-06-19 04:18:00,7556.0,7556.0,7555.5,7555.75,123
2026-06-19 04:19:00,7555.5,7557.25,7555.25,7556.75,77
2026-06-19 04:20:00,7556.75,7557.0,7556.25,7556.75,86
2026-06-19 04:21:00,7557.0,7557.0,7556.5,7556.75,62
2026-06-19 04:22:00,7556.75,7557.25,7556.5,7556.75,55
2026-06-19 04:23:00,7557.0,7558.25,7557.0,7557.5,191
2026-06-19 04:24:00,7557.25,7557.5,7556.5,7556.5,52
2026-06-19 04:25:00,7556.5,7557.0,7556.25,7556.5,95
2026-06-19 04:26:00,7556.5,7557.0,7555.75,7556.5,130
2026-06-19 04:27:00,7556.0,7556.0,7554.75,7554.75,114
2026-06-19 04:28:00,7555.0,7555.5,7554.75,7555.25,92
2026-06-19 04:29:00,7555.75,7557.25,7555.25,7557.0,238
2026-06-19 04:30:00,7557.0,7557.5,7556.0,7556.0,203
2026-06-19 04:31:00,7556.0,7556.75,7554.75,7555.5,263
2026-06-19 04:32:00,7555.25,7556.25,7554.0,7554.25,225
2026-06-19 04:33:00,7554.25,7554.5,7553.0,7553.0,215
2026-06-19 04:34:00,7553.5,7554.25,7553.0,7553.75,154
2026-06-19 04:35:00,7554.0,7554.75,7553.5,7554.75,177
2026-06-19 04:36:00,7554.75,7554.75,7553.75,7554.5,84
2026-06-19 04:37:00,7554.5,7555.75,7554.5,7555.25,100
2026-06-19 04:38:00,7555.0,7555.25,7554.5,7555.25,56
2026-06-19 04:39:00,7555.0,7557.0,7555.0,7556.5,121
2026-06-19 04:40:00,7556.25,7556.5,7555.5,7555.75,54
2026-06-19 04:41:00,7555.75,7557.5,7554.75,7557.25,282
2026-06-19 04:42:00,7557.25,7558.0,7557.0,7557.5,107
2026-06-19 04:43:00,7558.0,7558.75,7557.25,7557.75,202
2026-06-19 04:44:00,7557.75,7557.75,7557.25,7557.25,84
2026-06-19 04:45:00,7557.5,7558.0,7556.75,7557.5,84
2026-06-19 04:46:00,7557.5,7557.75,7556.5,7556.5,67
2026-06-19 04:47:00,7556.5,7557.5,7555.75,7557.5,181
2026-06-19 04:48:00,7557.5,7558.75,7557.5,7558.25,94
2026-06-19 04:49:00,7558.0,7560.5,7558.0,7560.25,319
2026-06-19 04:50:00,7560.25,7560.5,7559.5,7559.5,154
2026-06-19 04:51:00,7559.5,7560.0,7559.0,7560.0,66
2026-06-19 04:52:00,7559.75,7560.0,7559.5,7559.75,141
2026-06-19 04:53:00,7560.0,7560.0,7559.0,7559.25,108
2026-06-19 04:54:00,7559.5,7560.0,7559.0,7559.0,36
2026-06-19 04:55:00,7559.25,7559.5,7558.75,7559.5,74
2026-06-19 04:56:00,7559.75,7560.25,7559.25,7559.5,118
2026-06-19 04:57:00,7559.5,7559.75,7558.75,7558.75,56
2026-06-19 04:58:00,7558.75,7559.5,7558.0,7559.0,107
2026-06-19 04:59:00,7558.75,7559.5,7558.5,7558.5,65
2026-06-19 05:00:00,7558.75,7562.25,7558.5,7562.0,533
2026-06-19 05:01:00,7562.0,7562.0,7560.5,7560.5,121
2026-06-19 05:02:00,7560.5,7560.5,7559.75,7560.0,64
2026-06-19 05:03:00,7560.0,7561.0,7559.75,7560.25,108
2026-06-19 05:04:00,7560.25,7560.5,7557.75,7557.75,235
2026-06-19 05:05:00,7557.75,7557.75,7556.75,7557.25,204
2026-06-19 05:06:00,7557.5,7559.25,7557.5,7558.25,118
2026-06-19 05:07:00,7558.25,7558.5,7557.0,7557.0,94
2026-06-19 05:08:00,7556.75,7557.0,7556.0,7556.25,162
2026-06-19 05:09:00,7556.5,7556.75,7556.0,7556.0,49
2026-06-19 05:10:00,7556.25,7557.0,7555.25,7555.75,193
2026-06-19 05:11:00,7555.75,7556.0,7554.75,7555.75,165
2026-06-19 05:12:00,7556.0,7557.5,7555.5,7557.0,128
2026-06-19 05:13:00,7557.0,7557.75,7556.75,7557.5,218
2026-06-19 05:14:00,7557.25,7557.25,7556.0,7556.5,199
2026-06-19 05:15:00,7556.5,7557.25,7556.25,7556.75,143
2026-06-19 05:16:00,7556.0,7558.0,7556.0,7557.25,91
2026-06-19 05:17:00,7557.25,7557.5,7557.0,7557.25,46
2026-06-19 05:18:00,7557.5,7557.75,7557.0,7557.25,57
2026-06-19 05:19:00,7557.5,7558.0,7557.0,7557.25,103
2026-06-19 05:20:00,7557.5,7557.75,7557.0,7557.5,37
2026-06-19 05:21:00,7557.5,7557.75,7555.5,7555.5,74
2026-06-19 05:22:00,7555.5,7555.75,7554.5,7554.5,204
2026-06-19 05:23:00,7554.75,7555.25,7553.75,7554.25,191
2026-06-19 05:24:00,7554.5,7555.75,7554.5,7554.75,98
2026-06-19 05:25:00,7555.0,7555.25,7554.5,7554.5,47
2026-06-19 05:26:00,7554.5,7554.5,7553.5,7554.25,236
2026-06-19 05:27:00,7554.5,7554.75,7554.0,7554.25,102
2026-06-19 05:28:00,7554.25,7555.0,7554.0,7554.5,38
2026-06-19 05:29:00,7554.5,7554.75,7554.0,7554.25,30
2026-06-19 05:30:00,7554.0,7555.75,7554.0,7554.75,173
2026-06-19 05:31:00,7554.5,7555.25,7554.5,7554.75,46
2026-06-19 05:32:00,7554.75,7556.5,7554.5,7556.0,129
2026-06-19 05:33:00,7556.0,7556.5,7555.5,7556.0,74
2026-06-19 05:34:00,7556.0,7557.0,7555.75,7557.0,47
2026-06-19 05:35:00,7557.0,7557.25,7556.0,7557.25,147
2026-06-19 05:36:00,7557.5,7558.25,7557.0,7557.75,194
2026-06-19 05:37:00,7558.0,7558.5,7557.75,7558.5,106
2026-06-19 05:38:00,7558.5,7559.0,7558.0,7558.75,111
2026-06-19 05:39:00,7558.5,7559.5,7558.25,7559.0,145
2026-06-19 05:40:00,7559.5,7560.5,7559.25,7559.75,207
2026-06-19 05:41:00,7560.0,7560.5,7558.75,7558.75,144
2026-06-19 05:42:00,7558.75,7559.0,7558.25,7558.25,163
2026-06-19 05:43:00,7558.25,7559.0,7557.5,7558.25,162
2026-06-19 05:44:00,7558.5,7558.75,7557.5,7557.75,63
2026-06-19 05:45:00,7557.75,7558.25,7557.5,7557.5,112
2026-06-19 05:46:00,7557.25,7558.0,7556.5,7557.5,178
2026-06-19 05:47:00,7557.75,7559.25,7557.75,7558.0,168
2026-06-19 05:48:00,7557.75,7557.75,7556.5,7556.75,138
2026-06-19 05:49:00,7556.5,7556.5,7555.25,7555.5,175
2026-06-19 05:50:00,7555.5,7559.5,7555.5,7558.75,436
2026-06-19 05:51:00,7558.5,7558.5,7556.75,7556.75,181
2026-06-19 05:52:00,7556.5,7557.75,7556.25,7557.75,215
2026-06-19 05:53:00,7557.5,7558.5,7557.25,7557.75,119
2026-06-19 05:54:00,7557.0,7557.25,7556.5,7556.5,122
2026-06-19 05:55:00,7556.75,7557.25,7556.5,7557.25,184
2026-06-19 05:56:00,7557.5,7558.0,7556.75,7556.75,54
2026-06-19 05:57:00,7556.75,7556.75,7554.75,7555.0,188
2026-06-19 05:58:00,7555.25,7555.75,7554.75,7554.75,85
2026-06-19 05:59:00,7555.0,7555.75,7554.75,7555.25,144
2026-06-19 06:00:00,7555.25,7555.75,7554.25,7554.5,397
2026-06-19 06:01:00,7554.5,7555.25,7554.25,7554.75,87
2026-06-19 06:02:00,7555.0,7555.75,7554.75,7555.75,67
2026-06-19 06:03:00,7555.75,7555.75,7553.5,7553.5,174
2026-06-19 06:04:00,7553.75,7554.0,7552.5,7552.75,252
2026-06-19 06:05:00,7553.0,7553.5,7551.75,7552.0,259
2026-06-19 06:06:00,7552.25,7552.25,7551.5,7551.75,135
2026-06-19 06:07:00,7552.0,7552.5,7551.75,7552.25,96
2026-06-19 06:08:00,7552.0,7552.25,7551.5,7551.5,75
2026-06-19 06:09:00,7551.75,7554.0,7551.75,7553.5,121
2026-06-19 06:10:00,7553.75,7553.75,7552.5,7553.25,111
2026-06-19 06:11:00,7553.25,7553.25,7552.0,7552.0,77
2026-06-19 06:12:00,7552.25,7553.0,7551.75,7553.0,106
2026-06-19 06:13:00,7552.75,7554.25,7552.5,7554.25,72
2026-06-19 06:14:00,7554.0,7554.25,7552.0,7552.0,187
2026-06-19 06:15:00,7552.0,7552.0,7551.25,7551.5,217
2026-06-19 06:16:00,7552.0,7553.0,7552.0,7552.25,69
2026-06-19 06:17:00,7552.25,7553.25,7552.25,7552.75,117
2026-06-19 06:18:00,7553.0,7553.25,7552.5,7552.5,152
2026-06-19 06:19:00,7552.5,7552.5,7551.25,7551.5,108
2026-06-19 06:20:00,7551.5,7552.0,7550.75,7551.75,225
2026-06-19 06:21:00,7551.5,7551.75,7550.5,7551.25,91
2026-06-19 06:22:00,7551.0,7551.5,7548.75,7548.75,358
2026-06-19 06:23:00,7549.25,7549.25,7547.25,7547.25,357
2026-06-19 06:24:00,7547.5,7548.0,7546.75,7547.0,226
2026-06-19 06:25:00,7546.75,7548.0,7546.75,7547.0,146
2026-06-19 06:26:00,7547.25,7547.25,7546.0,7546.25,146
2026-06-19 06:27:00,7546.0,7546.5,7545.5,7546.25,186
2026-06-19 06:28:00,7546.25,7546.25,7544.75,7545.75,263
2026-06-19 06:29:00,7545.75,7546.75,7545.0,7545.25,215
2026-06-19 06:30:00,7545.5,7545.75,7541.75,7542.5,457
2026-06-19 06:31:00,7542.25,7544.25,7541.25,7541.75,351
2026-06-19 06:32:00,7541.75,7543.25,7541.5,7543.25,163
2026-06-19 06:33:00,7543.25,7543.25,7541.75,7543.0,105
2026-06-19 06:34:00,7543.25,7543.5,7542.0,7543.0,118
2026-06-19 06:35:00,7542.75,7544.25,7541.75,7541.75,170
2026-06-19 06:36:00,7541.75,7542.0,7537.75,7540.5,765
2026-06-19 06:37:00,7540.0,7541.75,7539.75,7540.0,385
2026-06-19 06:38:00,7540.25,7541.25,7540.0,7541.25,134
2026-06-19 06:39:00,7541.0,7541.5,7538.25,7538.75,252
2026-06-19 06:40:00,7538.25,7540.75,7538.25,7539.75,179
2026-06-19 06:41:00,7539.75,7541.25,7539.25,7540.75,141
2026-06-19 06:42:00,7540.75,7541.75,7540.25,7540.75,103
2026-06-19 06:43:00,7540.75,7543.25,7540.75,7543.0,213
2026-06-19 06:44:00,7543.0,7543.5,7542.25,7542.25,220
2026-06-19 06:45:00,7542.5,7543.0,7542.25,7542.75,179
2026-06-19 06:46:00,7542.5,7543.5,7540.0,7542.75,659
2026-06-19 06:47:00,7543.0,7546.25,7543.0,7544.25,637
2026-06-19 06:48:00,7544.0,7544.75,7543.75,7544.5,146
2026-06-19 06:49:00,7544.5,7545.25,7543.5,7543.5,265
2026-06-19 06:50:00,7543.5,7545.25,7543.5,7545.0,114
2026-06-19 06:51:00,7545.25,7546.0,7544.0,7545.5,166
2026-06-19 06:52:00,7545.5,7547.25,7545.25,7546.5,172
2026-06-19 06:53:00,7546.25,7546.25,7545.25,7545.75,96
2026-06-19 06:54:00,7546.0,7546.0,7544.25,7544.5,77
2026-06-19 06:55:00,7544.25,7544.5,7543.0,7543.25,117
2026-06-19 06:56:00,7543.5,7544.5,7543.0,7544.25,107
2026-06-19 06:57:00,7544.25,7545.0,7543.75,7543.75,54
2026-06-19 06:58:00,7544.0,7545.0,7543.75,7544.5,67
2026-06-19 06:59:00,7544.5,7545.0,7543.5,7543.5,89
2026-06-19 07:00:00,7543.5,7543.75,7540.25,7541.25,621
2026-06-19 07:01:00,7541.0,7542.5,7540.25,7540.25,287
2026-06-19 07:02:00,7540.25,7542.5,7540.0,7542.0,269
2026-06-19 07:03:00,7542.25,7542.25,7541.0,7541.5,87
2026-06-19 07:04:00,7541.5,7543.25,7541.5,7542.5,142
2026-06-19 07:05:00,7542.25,7543.5,7541.75,7541.75,132
2026-06-19 07:06:00,7542.0,7542.0,7540.75,7541.25,114
2026-06-19 07:07:00,7540.75,7542.5,7538.75,7540.0,730
2026-06-19 07:08:00,7540.0,7540.0,7537.5,7539.0,409
2026-06-19 07:09:00,7539.25,7542.75,7538.0,7541.75,481
2026-06-19 07:10:00,7541.5,7542.0,7540.75,7541.0,93
2026-06-19 07:11:00,7541.0,7542.5,7541.0,7541.75,122
2026-06-19 07:12:00,7541.75,7542.0,7541.0,7541.0,49
2026-06-19 07:13:00,7540.75,7541.75,7540.25,7541.5,127
2026-06-19 07:14:00,7541.75,7542.0,7540.5,7541.0,143
2026-06-19 07:15:00,7541.0,7544.0,7541.0,7542.5,233
2026-06-19 07:16:00,7542.5,7542.5,7541.75,7542.0,53
2026-06-19 07:17:00,7541.75,7542.25,7541.75,7542.0,63
2026-06-19 07:18:00,7542.0,7543.5,7542.0,7543.0,112
2026-06-19 07:19:00,7543.0,7543.25,7542.0,7542.5,116
2026-06-19 07:20:00,7542.5,7543.25,7542.0,7542.0,104
2026-06-19 07:21:00,7542.25,7542.75,7541.5,7542.5,48
2026-06-19 07:22:00,7542.5,7543.0,7542.0,7542.0,54
2026-06-19 07:23:00,7542.0,7542.0,7540.5,7540.5,110
2026-06-19 07:24:00,7540.5,7540.75,7539.25,7539.5,217
2026-06-19 07:25:00,7539.5,7539.75,7539.0,7539.0,93
2026-06-19 07:26:00,7539.0,7540.25,7538.5,7539.75,144
2026-06-19 07:27:00,7539.5,7539.75,7538.25,7538.25,161
2026-06-19 07:28:00,7538.25,7538.25,7537.0,7537.5,268
2026-06-19 07:29:00,7537.75,7538.75,7537.75,7538.5,112
2026-06-19 07:30:00,7538.5,7539.75,7538.25,7539.5,144
2026-06-19 07:31:00,7539.75,7541.0,7539.5,7540.75,145
2026-06-19 07:32:00,7540.25,7542.0,7540.25,7541.75,129
2026-06-19 07:33:00,7541.75,7543.5,7541.75,7543.25,286
2026-06-19 07:34:00,7543.25,7543.25,7542.0,7543.0,168
2026-06-19 07:35:00,7542.75,7544.25,7542.5,7543.5,214
2026-06-19 07:36:00,7543.25,7543.75,7542.75,7542.75,125
2026-06-19 07:37:00,7542.75,7543.25,7542.25,7542.5,125
2026-06-19 07:38:00,7542.75,7543.75,7542.5,7543.5,71
2026-06-19 07:39:00,7543.75,7543.75,7543.0,7543.75,71
2026-06-19 07:40:00,7543.75,7545.0,7543.75,7544.5,198
2026-06-19 07:41:00,7544.0,7546.0,7543.75,7546.0,278
2026-06-19 07:42:00,7545.75,7546.25,7544.25,7544.75,179
2026-06-19 07:43:00,7544.5,7545.0,7543.75,7544.0,292
2026-06-19 07:44:00,7543.75,7544.75,7543.75,7544.25,96
2026-06-19 07:45:00,7544.25,7545.0,7544.0,7545.0,54
2026-06-19 07:46:00,7544.75,7545.75,7544.25,7545.25,66
2026-06-19 07:47:00,7545.75,7545.75,7544.75,7545.25,92
2026-06-19 07:48:00,7545.5,7546.0,7544.5,7544.75,142
2026-06-19 07:49:00,7545.0,7545.0,7544.0,7544.25,98
2026-06-19 07:50:00,7544.0,7545.5,7543.75,7544.75,269
2026-06-19 07:51:00,7544.75,7545.25,7544.0,7544.25,79
2026-06-19 07:52:00,7544.25,7544.25,7543.75,7544.0,67
2026-06-19 07:53:00,7543.75,7543.75,7542.0,7542.25,293
2026-06-19 07:54:00,7542.0,7542.25,7541.25,7541.25,209
2026-06-19 07:55:00,7541.25,7541.5,7540.0,7541.0,243
2026-06-19 07:56:00,7541.25,7542.0,7540.5,7541.75,117
2026-06-19 07:57:00,7542.0,7542.75,7541.75,7542.75,72
2026-06-19 07:58:00,7542.5,7543.25,7542.5,7543.25,75
2026-06-19 07:59:00,7543.25,7544.25,7543.25,7544.25,121
2026-06-19 08:00:00,7544.25,7544.75,7543.25,7543.5,200
2026-06-19 08:01:00,7544.0,7544.25,7543.5,7544.25,90
2026-06-19 08:02:00,7544.5,7544.5,7542.0,7542.25,178
2026-06-19 08:03:00,7542.25,7543.25,7542.0,7542.5,152
2026-06-19 08:04:00,7542.75,7544.25,7542.5,7544.0,172
2026-06-19 08:05:00,7544.25,7544.25,7542.0,7542.25,146
2026-06-19 08:06:00,7542.25,7543.0,7541.75,7542.25,177
2026-06-19 08:07:00,7542.25,7542.5,7541.5,7541.75,109
2026-06-19 08:08:00,7541.75,7543.0,7541.75,7542.75,107
2026-06-19 08:09:00,7542.75,7544.25,7542.75,7544.0,205
2026-06-19 08:10:00,7544.0,7544.5,7543.25,7543.5,106
2026-06-19 08:11:00,7543.25,7543.75,7543.0,7543.25,96
2026-06-19 08:12:00,7543.25,7544.5,7542.75,7543.25,142
2026-06-19 08:13:00,7543.5,7544.25,7542.75,7543.75,139
2026-06-19 08:14:00,7543.75,7543.75,7542.0,7542.0,109
2026-06-19 08:15:00,7542.25,7542.25,7541.5,7541.75,138
2026-06-19 08:16:00,7542.0,7542.0,7541.5,7542.0,113
2026-06-19 08:17:00,7542.0,7542.0,7540.5,7540.75,165
2026-06-19 08:18:00,7540.5,7541.0,7540.0,7540.75,135
2026-06-19 08:19:00,7541.0,7542.75,7541.0,7542.75,107
2026-06-19 08:20:00,7542.25,7542.5,7541.75,7542.0,66
2026-06-19 08:21:00,7541.75,7542.75,7541.75,7542.75,49
2026-06-19 08:22:00,7542.5,7543.25,7542.0,7543.0,112
2026-06-19 08:23:00,7543.25,7543.25,7541.75,7542.25,112
2026-06-19 08:24:00,7542.25,7543.0,7542.25,7542.5,79
2026-06-19 08:25:00,7542.5,7543.25,7542.25,7543.0,119
2026-06-19 08:26:00,7543.0,7543.25,7542.25,7542.5,88
2026-06-19 08:27:00,7542.25,7543.0,7542.0,7542.25,137
2026-06-19 08:28:00,7542.25,7542.25,7540.5,7541.0,216
2026-06-19 08:29:00,7541.0,7541.0,7540.25,7540.5,177
2026-06-19 08:30:00,7540.5,7540.5,7539.0,7539.25,314
2026-06-19 08:31:00,7539.5,7540.5,7539.5,7540.5,121
2026-06-19 08:32:00,7540.25,7541.25,7539.75,7540.0,167
2026-06-19 08:33:00,7540.25,7540.5,7538.75,7539.5,239
2026-06-19 08:34:00,7539.25,7540.5,7539.25,7540.25,106
2026-06-19 08:35:00,7540.0,7540.5,7539.5,7540.0,151
2026-06-19 08:36:00,7540.25,7540.5,7539.75,7539.75,126
2026-06-19 08:37:00,7539.75,7540.75,7533.5,7537.75,2473
2026-06-19 08:38:00,7537.75,7540.5,7536.75,7539.25,971
2026-06-19 08:39:00,7539.25,7539.75,7537.5,7537.75,390
2026-06-19 08:40:00,7538.25,7538.25,7536.75,7537.5,452
2026-06-19 08:41:00,7537.25,7539.75,7537.25,7539.0,549
2026-06-19 08:42:00,7539.0,7540.5,7538.5,7540.5,154
2026-06-19 08:43:00,7540.5,7541.25,7539.75,7541.0,230
2026-06-19 08:44:00,7541.25,7541.5,7540.25,7540.5,168
2026-06-19 08:45:00,7540.5,7540.75,7540.0,7540.75,197
2026-06-19 08:46:00,7540.75,7542.0,7540.5,7541.5,261
2026-06-19 08:47:00,7541.5,7541.75,7540.0,7541.0,221
2026-06-19 08:48:00,7541.25,7541.25,7540.25,7541.0,54
2026-06-19 08:49:00,7540.75,7540.75,7538.5,7538.75,304
2026-06-19 08:50:00,7539.0,7547.25,7538.75,7547.0,2098
2026-06-19 08:51:00,7547.0,7556.75,7546.5,7553.25,3454
2026-06-19 08:52:00,7553.25,7558.5,7551.75,7558.0,1863
2026-06-19 08:53:00,7558.0,7559.75,7555.75,7557.0,2094
2026-06-19 08:54:00,7556.75,7558.5,7555.0,7555.75,1282
2026-06-19 08:55:00,7555.75,7557.0,7554.5,7556.25,1065
2026-06-19 08:56:00,7555.75,7562.25,7555.75,7560.75,1757
2026-06-19 08:57:00,7560.25,7561.0,7557.75,7558.5,1119
2026-06-19 08:58:00,7558.5,7559.0,7556.75,7557.5,767
2026-06-19 08:59:00,7557.25,7559.75,7557.25,7558.75,668
2026-06-19 09:00:00,7559.0,7560.0,7557.5,7558.0,768
2026-06-19 09:01:00,7558.0,7560.0,7558.0,7558.25,671
2026-06-19 09:02:00,7558.25,7558.75,7555.0,7556.5,1229
2026-06-19 09:03:00,7556.5,7556.75,7554.5,7555.5,698
2026-06-19 09:04:00,7555.5,7556.0,7554.5,7555.75,471
2026-06-19 09:05:00,7555.75,7558.0,7555.75,7557.25,702
2026-06-19 09:06:00,7557.0,7557.0,7556.0,7556.5,265
2026-06-19 09:07:00,7556.5,7557.0,7556.0,7557.0,240
2026-06-19 09:08:00,7557.0,7559.25,7556.75,7558.75,639
2026-06-19 09:09:00,7558.75,7560.25,7558.25,7559.75,767
2026-06-19 09:10:00,7559.75,7560.5,7559.0,7560.25,696
2026-06-19 09:11:00,7560.25,7561.75,7558.0,7558.5,936
2026-06-19 09:12:00,7558.25,7560.5,7558.0,7559.5,565
2026-06-19 09:13:00,7559.25,7559.5,7558.0,7559.25,425
2026-06-19 09:14:00,7559.25,7559.75,7558.25,7558.5,290
2026-06-19 09:15:00,7558.75,7560.5,7557.25,7558.0,1003
2026-06-19 09:16:00,7558.25,7559.25,7557.25,7557.5,407
2026-06-19 09:17:00,7557.5,7558.0,7556.5,7556.75,407
2026-06-19 09:18:00,7556.75,7557.0,7555.5,7555.75,505
2026-06-19 09:19:00,7555.75,7556.5,7555.5,7556.25,336
2026-06-19 09:20:00,7556.25,7557.0,7555.5,7556.5,364
2026-06-19 09:21:00,7556.5,7557.25,7556.5,7557.0,326
2026-06-19 09:22:00,7557.0,7557.0,7555.5,7556.75,300
2026-06-19 09:23:00,7556.75,7557.25,7556.0,7556.0,255
2026-06-19 09:24:00,7556.25,7557.0,7556.0,7557.0,188
2026-06-19 09:25:00,7557.0,7558.25,7556.75,7557.5,573
2026-06-19 09:26:00,7557.25,7558.25,7557.0,7558.25,165
2026-06-19 09:27:00,7558.25,7558.25,7557.0,7557.75,211
2026-06-19 09:28:00,7557.75,7557.75,7557.0,7557.25,144
2026-06-19 09:29:00,7557.5,7559.25,7556.5,7559.0,389
2026-06-19 09:30:00,7559.0,7563.75,7558.5,7561.75,2658
2026-06-19 09:31:00,7561.75,7561.75,7559.25,7560.25,1300
2026-06-19 09:32:00,7560.25,7560.25,7557.25,7558.25,1393
2026-06-19 09:33:00,7558.25,7558.25,7556.5,7557.25,794
2026-06-19 09:34:00,7557.0,7558.25,7556.0,7558.25,668
2026-06-19 09:35:00,7558.0,7560.75,7557.75,7560.5,1022
2026-06-19 09:36:00,7560.5,7561.0,7559.25,7560.75,778
2026-06-19 09:37:00,7560.75,7561.75,7560.0,7560.0,712
2026-06-19 09:38:00,7559.75,7561.5,7559.0,7560.0,902
2026-06-19 09:39:00,7560.0,7560.0,7558.5,7559.75,504
2026-06-19 09:40:00,7559.5,7561.0,7559.25,7560.0,609
2026-06-19 09:41:00,7559.75,7559.75,7558.0,7558.25,751
2026-06-19 09:42:00,7558.5,7558.75,7557.0,7558.75,762
2026-06-19 09:43:00,7558.75,7559.25,7557.75,7559.0,448
2026-06-19 09:44:00,7559.0,7559.5,7557.25,7557.75,565
2026-06-19 09:45:00,7557.75,7559.5,7557.0,7559.25,638
2026-06-19 09:46:00,7559.25,7561.0,7559.25,7561.0,902
2026-06-19 09:47:00,7560.75,7561.25,7559.75,7560.0,847
2026-06-19 09:48:00,7560.0,7560.0,7558.25,7559.25,563
2026-06-19 09:49:00,7559.25,7560.0,7558.0,7559.5,538
2026-06-19 09:50:00,7559.75,7560.5,7558.5,7560.25,587
2026-06-19 09:51:00,7560.25,7560.75,7558.75,7559.5,520
2026-06-19 09:52:00,7559.25,7559.75,7557.75,7558.25,500
2026-06-19 09:53:00,7558.25,7559.75,7558.0,7559.0,338
2026-06-19 09:54:00,7559.0,7560.25,7558.75,7559.0,380
2026-06-19 09:55:00,7558.75,7559.75,7558.5,7559.5,280
2026-06-19 09:56:00,7559.5,7563.0,7559.5,7561.25,2852
2026-06-19 09:57:00,7561.25,7562.25,7560.0,7560.25,944
2026-06-19 09:58:00,7560.25,7560.25,7559.5,7560.25,474
2026-06-19 09:59:00,7560.25,7560.25,7559.25,7559.5,613
2026-06-19 10:00:00,7559.25,7559.5,7557.0,7557.25,1423
2026-06-19 10:01:00,7557.25,7557.5,7555.5,7556.5,997
2026-06-19 10:02:00,7557.0,7557.25,7554.5,7554.75,1310
2026-06-19 10:03:00,7554.75,7558.0,7554.0,7557.75,1599
2026-06-19 10:04:00,7557.25,7559.25,7557.25,7559.0,802
2026-06-19 10:05:00,7559.0,7559.5,7558.25,7558.5,586
2026-06-19 10:06:00,7558.25,7558.5,7557.5,7558.25,654
2026-06-19 10:07:00,7558.5,7558.75,7557.5,7558.0,248
2026-06-19 10:08:00,7557.75,7560.0,7557.75,7560.0,786
2026-06-19 10:09:00,7559.75,7560.0,7558.25,7559.5,569
2026-06-19 10:10:00,7559.5,7559.75,7558.75,7559.25,381
2026-06-19 10:11:00,7559.25,7559.75,7558.0,7558.25,659
2026-06-19 10:12:00,7558.25,7558.75,7557.75,7558.75,638
2026-06-19 10:13:00,7558.5,7560.0,7558.5,7559.5,469
2026-06-19 10:14:00,7559.75,7559.75,7558.75,7559.25,266
2026-06-19 10:15:00,7559.25,7560.0,7557.75,7558.0,389
2026-06-19 10:16:00,7557.75,7558.0,7556.0,7557.0,766
2026-06-19 10:17:00,7556.75,7559.75,7556.75,7559.5,537
2026-06-19 10:18:00,7559.75,7560.25,7558.5,7560.25,544
2026-06-19 10:19:00,7560.0,7561.25,7560.0,7561.0,689
2026-06-19 10:20:00,7561.0,7561.25,7559.75,7560.5,346
2026-06-19 10:21:00,7560.5,7560.5,7559.75,7560.0,302
2026-06-19 10:22:00,7559.75,7561.0,7559.5,7560.25,320
2026-06-19 10:23:00,7560.0,7560.25,7559.25,7559.5,366
2026-06-19 10:24:00,7559.5,7559.5,7558.75,7559.25,337
2026-06-19 10:25:00,7559.0,7560.0,7558.75,7559.25,262
2026-06-19 10:26:00,7559.0,7560.75,7559.0,7560.25,401
2026-06-19 10:27:00,7560.5,7561.0,7560.0,7560.25,276
2026-06-19 10:28:00,7560.0,7560.75,7559.75,7560.0,160
2026-06-19 10:29:00,7560.25,7560.5,7559.5,7559.75,270
2026-06-19 10:30:00,7559.5,7559.5,7558.25,7559.0,467
2026-06-19 10:31:00,7559.0,7559.0,7557.75,7558.0,406
2026-06-19 10:32:00,7557.75,7558.5,7557.25,7558.5,526
2026-06-19 10:33:00,7558.5,7559.25,7558.25,7559.0,295
2026-06-19 10:34:00,7559.0,7559.75,7559.0,7559.25,194
2026-06-19 10:35:00,7559.25,7560.75,7559.0,7560.75,401
2026-06-19 10:36:00,7560.75,7562.25,7560.75,7561.25,847
2026-06-19 10:37:00,7561.25,7562.0,7560.75,7561.5,445
2026-06-19 10:38:00,7561.5,7562.75,7560.75,7562.5,650
2026-06-19 10:39:00,7562.5,7563.0,7561.75,7562.0,757
2026-06-19 10:40:00,7562.25,7562.25,7561.0,7561.5,509
2026-06-19 10:41:00,7561.5,7563.25,7561.5,7563.0,562
2026-06-19 10:42:00,7563.25,7563.5,7562.25,7562.25,484
2026-06-19 10:43:00,7562.5,7563.5,7562.25,7563.25,260
2026-06-19 10:44:00,7563.25,7563.75,7562.75,7563.25,634
2026-06-19 10:45:00,7563.5,7564.25,7563.25,7563.75,594
2026-06-19 10:46:00,7563.75,7564.5,7563.5,7564.0,438
2026-06-19 10:47:00,7564.0,7564.25,7563.25,7563.75,343
2026-06-19 10:48:00,7564.0,7564.0,7563.0,7563.0,425
2026-06-19 10:49:00,7563.0,7563.5,7562.75,7563.0,484
2026-06-19 10:50:00,7563.0,7563.75,7562.75,7563.0,280
2026-06-19 10:51:00,7563.0,7563.5,7562.75,7563.0,188
2026-06-19 10:52:00,7563.0,7564.75,7563.0,7564.5,624
2026-06-19 10:53:00,7564.5,7564.5,7563.25,7563.25,296
2026-06-19 10:54:00,7563.5,7565.25,7563.5,7564.75,591
2026-06-19 10:55:00,7564.75,7566.0,7564.25,7565.5,559
2026-06-19 10:56:00,7565.75,7566.0,7565.0,7565.25,412
2026-06-19 10:57:00,7565.5,7566.0,7565.0,7565.5,301
2026-06-19 10:58:00,7565.75,7566.0,7565.25,7565.25,258
2026-06-19 10:59:00,7565.0,7565.5,7564.25,7565.25,462
2026-06-19 11:00:00,7565.0,7566.25,7564.25,7566.0,517
2026-06-19 11:01:00,7566.0,7566.0,7564.75,7565.25,391
2026-06-19 11:02:00,7565.25,7566.75,7564.75,7566.5,561
2026-06-19 11:03:00,7566.25,7567.0,7566.0,7566.25,425
2026-06-19 11:04:00,7566.25,7566.5,7566.0,7566.0,197
2026-06-19 11:05:00,7565.75,7566.0,7565.5,7565.5,204
2026-06-19 11:06:00,7565.75,7566.0,7565.0,7565.5,334
2026-06-19 11:07:00,7565.5,7567.25,7565.5,7567.0,479
2026-06-19 11:08:00,7567.0,7567.5,7566.5,7567.0,343
2026-06-19 11:09:00,7567.25,7568.5,7567.0,7567.75,629
2026-06-19 11:10:00,7568.0,7568.25,7567.5,7567.5,301
2026-06-19 11:11:00,7567.75,7568.0,7567.25,7567.25,287
2026-06-19 11:12:00,7567.5,7567.5,7566.5,7566.75,289
2026-06-19 11:13:00,7566.75,7566.75,7565.75,7566.5,383
2026-06-19 11:14:00,7566.5,7566.75,7565.25,7565.25,386
2026-06-19 11:15:00,7565.5,7565.5,7564.25,7564.5,721
2026-06-19 11:16:00,7564.75,7565.25,7564.0,7564.5,617
2026-06-19 11:17:00,7564.5,7565.25,7564.25,7564.75,347
2026-06-19 11:18:00,7564.75,7565.0,7564.25,7564.25,163
2026-06-19 11:19:00,7564.25,7564.75,7563.75,7564.5,413
2026-06-19 11:20:00,7564.5,7565.5,7564.25,7565.0,400
2026-06-19 11:21:00,7565.0,7565.25,7564.75,7565.0,138
2026-06-19 11:22:00,7564.75,7565.0,7564.0,7564.0,275
2026-06-19 11:23:00,7564.0,7564.25,7563.25,7564.25,508
2026-06-19 11:24:00,7564.25,7565.5,7564.25,7565.0,393
2026-06-19 11:25:00,7564.75,7565.0,7564.25,7565.0,259
2026-06-19 11:26:00,7565.0,7566.0,7564.5,7565.5,496
2026-06-19 11:27:00,7565.5,7565.75,7564.75,7565.0,251
2026-06-19 11:28:00,7564.75,7565.5,7564.75,7565.25,188
2026-06-19 11:29:00,7565.5,7566.0,7565.0,7566.0,332
2026-06-19 11:30:00,7566.0,7567.0,7565.25,7565.5,873
2026-06-19 11:31:00,7565.5,7565.75,7562.75,7564.75,1667
2026-06-19 11:32:00,7564.75,7565.5,7564.0,7564.0,307
2026-06-19 11:33:00,7564.25,7565.0,7563.0,7563.75,613
2026-06-19 11:34:00,7564.0,7564.5,7563.0,7563.5,663
2026-06-19 11:35:00,7563.5,7563.5,7561.75,7562.25,1067
2026-06-19 11:36:00,7562.0,7562.25,7561.5,7561.75,542
2026-06-19 11:37:00,7562.0,7562.0,7559.5,7559.75,1243
2026-06-19 11:38:00,7559.25,7561.5,7559.0,7560.75,908
2026-06-19 11:39:00,7561.0,7561.5,7560.0,7560.5,378
2026-06-19 11:40:00,7560.5,7561.0,7559.5,7561.0,328
2026-06-19 11:41:00,7561.25,7561.5,7560.0,7560.0,377
2026-06-19 11:42:00,7560.0,7560.0,7559.0,7559.25,356
2026-06-19 11:43:00,7559.25,7559.5,7558.75,7559.0,344
2026-06-19 11:44:00,7559.25,7560.25,7558.25,7558.75,687
2026-06-19 11:45:00,7558.5,7560.75,7558.5,7560.5,427
2026-06-19 11:46:00,7560.5,7561.25,7560.0,7561.0,358
2026-06-19 11:47:00,7561.0,7562.0,7561.0,7562.0,376
2026-06-19 11:48:00,7562.0,7562.5,7561.25,7562.0,391
2026-06-19 11:49:00,7562.25,7563.75,7561.75,7563.5,617
2026-06-19 11:50:00,7563.25,7563.75,7562.5,7563.5,381
2026-06-19 11:51:00,7563.25,7563.75,7562.75,7563.75,292
2026-06-19 11:52:00,7563.75,7565.75,7563.75,7565.5,779
2026-06-19 11:53:00,7565.75,7565.75,7565.0,7565.25,334
2026-06-19 11:54:00,7565.25,7565.25,7564.0,7564.0,261
2026-06-19 11:55:00,7564.0,7565.0,7564.0,7564.75,203
2026-06-19 11:56:00,7564.5,7565.0,7564.0,7565.0,115
2026-06-19 11:57:00,7565.0,7565.0,7563.75,7564.0,361
2026-06-19 11:58:00,7564.0,7564.25,7563.5,7564.25,208
2026-06-19 11:59:00,7564.25,7564.5,7563.5,7563.75,197
2026-06-19 12:00:00,7563.75,7564.0,7562.75,7562.75,629
2026-06-19 12:01:00,7562.75,7563.75,7562.5,7563.25,318
2026-06-19 12:02:00,7563.5,7563.5,7562.5,7562.5,122
2026-06-19 12:03:00,7562.75,7563.0,7561.75,7562.5,310
2026-06-19 12:04:00,7562.75,7562.75,7561.5,7562.0,319
2026-06-19 12:05:00,7562.25,7562.5,7561.25,7561.5,272
2026-06-19 12:06:00,7561.75,7562.25,7561.25,7562.0,176
2026-06-19 12:07:00,7562.0,7562.25,7561.5,7561.75,88
2026-06-19 12:08:00,7562.0,7562.0,7561.25,7561.5,110
2026-06-19 12:09:00,7561.5,7561.75,7561.0,7561.0,153
2026-06-19 12:10:00,7561.0,7561.0,7559.5,7560.0,357
2026-06-19 12:11:00,7560.0,7560.75,7559.5,7560.0,251
2026-06-19 12:12:00,7559.5,7560.75,7559.5,7560.75,227
2026-06-19 12:13:00,7560.5,7561.25,7560.25,7561.0,203
2026-06-19 12:14:00,7560.75,7560.75,7560.0,7560.25,116
2026-06-19 12:15:00,7560.25,7562.5,7560.25,7562.25,523
2026-06-19 12:16:00,7562.5,7562.75,7561.75,7562.25,196
2026-06-19 12:17:00,7562.5,7562.5,7560.75,7561.0,228
2026-06-19 12:18:00,7561.25,7561.5,7561.0,7561.0,74
2026-06-19 12:19:00,7561.0,7562.5,7561.0,7562.0,158
2026-06-19 12:20:00,7562.0,7563.5,7562.0,7563.25,268
2026-06-19 12:21:00,7563.0,7563.5,7562.25,7562.75,181
2026-06-19 12:22:00,7562.75,7563.0,7561.75,7562.25,145
2026-06-19 12:23:00,7562.5,7564.25,7562.5,7564.25,306
2026-06-19 12:24:00,7564.0,7564.25,7563.25,7564.25,172
2026-06-19 12:25:00,7564.25,7564.25,7563.5,7564.25,108
2026-06-19 12:26:00,7564.0,7564.75,7563.75,7564.75,115
2026-06-19 12:27:00,7565.0,7565.0,7564.25,7564.5,94
2026-06-19 12:28:00,7564.5,7564.75,7564.25,7564.75,93
2026-06-19 12:29:00,7564.5,7564.75,7564.25,7564.75,158
2026-06-19 12:30:00,7564.75,7565.25,7564.25,7564.25,256
2026-06-19 12:31:00,7564.25,7564.5,7564.0,7564.25,193
2026-06-19 12:32:00,7564.25,7564.75,7564.0,7564.25,189
2026-06-19 12:33:00,7564.0,7564.5,7563.5,7564.25,133
2026-06-19 12:34:00,7564.5,7567.25,7564.5,7566.75,710
2026-06-19 12:35:00,7566.75,7566.75,7565.0,7566.0,222
2026-06-19 12:36:00,7566.0,7566.0,7564.25,7564.5,193
2026-06-19 12:37:00,7564.5,7564.75,7563.75,7564.25,247
2026-06-19 12:38:00,7564.5,7565.25,7564.25,7565.0,147
2026-06-19 12:39:00,7565.0,7565.5,7564.25,7565.25,169
2026-06-19 12:40:00,7565.25,7565.75,7565.0,7565.5,118
2026-06-19 12:41:00,7565.75,7565.75,7564.5,7565.25,131
2026-06-19 12:42:00,7564.75,7565.25,7564.75,7565.25,70
2026-06-19 12:43:00,7565.0,7565.5,7564.75,7565.5,114
2026-06-19 12:44:00,7565.5,7566.25,7565.0,7565.5,266
2026-06-19 12:45:00,7565.25,7567.75,7564.75,7565.0,963
2026-06-19 12:46:00,7565.0,7565.25,7564.75,7565.0,145
2026-06-19 12:47:00,7565.25,7565.5,7564.75,7565.0,96
2026-06-19 12:48:00,7565.0,7565.0,7564.0,7564.0,167
2026-06-19 12:49:00,7564.25,7564.25,7562.5,7563.5,374
2026-06-19 12:50:00,7563.25,7564.25,7562.5,7563.5,235
2026-06-19 12:51:00,7563.25,7563.75,7562.75,7562.75,93
2026-06-19 12:52:00,7562.5,7562.75,7559.75,7560.5,513
2026-06-19 12:53:00,7560.5,7561.25,7559.5,7559.75,206
2026-06-19 12:54:00,7560.25,7560.25,7557.75,7558.0,388
2026-06-19 12:55:00,7558.5,7559.25,7557.0,7558.5,292
2026-06-19 12:56:00,7558.75,7561.5,7558.5,7560.75,466
2026-06-19 12:57:00,7560.75,7561.75,7559.5,7560.0,375
2026-06-19 12:58:00,7560.0,7560.5,7557.5,7557.75,412
2026-06-19 12:59:00,7557.5,7558.5,7554.75,7557.0,813
2026-06-21 18:00:00,7543.75,7549.0,7539.0,7542.0,2544
2026-06-21 18:01:00,7542.5,7546.25,7542.5,7545.25,1121
2026-06-21 18:02:00,7545.0,7549.5,7545.0,7548.5,926
2026-06-21 18:03:00,7548.0,7548.5,7545.25,7546.25,513
2026-06-21 18:04:00,7546.25,7549.5,7546.0,7548.0,442
2026-06-21 18:05:00,7548.0,7549.25,7546.75,7547.75,450
2026-06-21 18:06:00,7547.0,7549.75,7544.5,7548.75,853
2026-06-21 18:07:00,7548.5,7548.5,7547.25,7547.75,175
2026-06-21 18:08:00,7547.5,7547.5,7541.25,7541.5,696
2026-06-21 18:09:00,7541.25,7541.5,7532.5,7535.75,2425
2026-06-21 18:10:00,7536.0,7538.25,7534.5,7538.0,1113
2026-06-21 18:11:00,7537.75,7537.75,7535.25,7535.25,513
2026-06-21 18:12:00,7535.5,7535.5,7528.25,7529.0,1621
2026-06-21 18:13:00,7529.25,7531.75,7528.75,7530.5,665
2026-06-21 18:14:00,7530.75,7532.5,7530.25,7532.0,370
2026-06-21 18:15:00,7532.5,7534.5,7527.0,7527.75,1244
2026-06-21 18:16:00,7527.75,7531.0,7526.0,7530.0,954
2026-06-21 18:17:00,7530.25,7532.25,7529.0,7532.0,642
2026-06-21 18:18:00,7532.0,7534.25,7532.0,7534.25,371
2026-06-21 18:19:00,7534.25,7534.5,7532.75,7533.75,315
2026-06-21 18:20:00,7534.0,7538.5,7532.75,7537.0,1392
2026-06-21 18:21:00,7537.25,7539.5,7537.0,7538.0,759
2026-06-21 18:22:00,7538.0,7540.75,7538.0,7540.5,513
2026-06-21 18:23:00,7540.5,7541.75,7540.0,7541.5,499
2026-06-21 18:24:00,7541.75,7542.5,7541.5,7541.75,398
2026-06-21 18:25:00,7541.5,7543.0,7541.25,7543.0,338
2026-06-21 18:26:00,7542.75,7543.5,7542.0,7542.25,307
2026-06-21 18:27:00,7542.25,7543.0,7541.75,7542.25,217
2026-06-21 18:28:00,7542.25,7542.25,7539.5,7541.25,593
2026-06-21 18:29:00,7541.5,7542.0,7540.25,7540.75,195
2026-06-21 18:30:00,7541.0,7541.25,7536.75,7539.5,997
2026-06-21 18:31:00,7539.75,7540.0,7536.75,7540.0,424
2026-06-21 18:32:00,7539.75,7540.25,7538.5,7539.25,317
2026-06-21 18:33:00,7539.25,7539.75,7538.0,7538.5,156
2026-06-21 18:34:00,7538.5,7539.25,7537.5,7538.25,250
2026-06-21 18:35:00,7537.75,7538.75,7537.25,7537.75,178
2026-06-21 18:36:00,7537.5,7539.0,7537.0,7538.75,190
2026-06-21 18:37:00,7538.5,7538.75,7537.75,7537.75,146
2026-06-21 18:38:00,7537.75,7538.25,7536.75,7537.75,216
2026-06-21 18:39:00,7538.0,7539.75,7536.25,7537.25,344
2026-06-21 18:40:00,7537.0,7538.0,7536.75,7537.75,265
2026-06-21 18:41:00,7537.5,7539.0,7537.25,7538.75,357
2026-06-21 18:42:00,7539.0,7540.25,7538.25,7539.75,233
2026-06-21 18:43:00,7540.0,7541.5,7540.0,7540.75,443
2026-06-21 18:44:00,7541.25,7542.25,7540.5,7541.25,269
2026-06-21 18:45:00,7541.25,7542.25,7541.0,7541.0,205
2026-06-21 18:46:00,7541.0,7542.25,7540.75,7542.0,181
2026-06-21 18:47:00,7542.0,7543.0,7541.0,7542.75,303
2026-06-21 18:48:00,7542.75,7543.5,7542.5,7543.0,203
2026-06-21 18:49:00,7543.25,7544.0,7542.75,7543.5,461
2026-06-21 18:50:00,7543.25,7543.5,7541.75,7542.5,240
2026-06-21 18:51:00,7542.5,7543.5,7541.75,7543.25,266
2026-06-21 18:52:00,7543.25,7543.5,7542.75,7543.0,67
2026-06-21 18:53:00,7543.0,7543.5,7542.75,7543.0,77
2026-06-21 18:54:00,7543.0,7543.0,7542.0,7543.0,125
2026-06-21 18:55:00,7543.0,7543.5,7542.0,7542.75,132
2026-06-21 18:56:00,7542.5,7543.0,7541.5,7541.5,144
2026-06-21 18:57:00,7541.75,7542.0,7540.75,7541.5,346
2026-06-21 18:58:00,7541.5,7541.5,7536.75,7536.75,995
2026-06-21 18:59:00,7536.75,7538.5,7536.75,7538.0,365
2026-06-21 19:00:00,7537.75,7538.25,7533.5,7533.75,1159
2026-06-21 19:01:00,7533.75,7534.0,7526.5,7528.0,1844
2026-06-21 19:02:00,7527.75,7528.0,7525.75,7526.75,1351
2026-06-21 19:03:00,7527.0,7529.0,7527.0,7529.0,604
2026-06-21 19:04:00,7528.5,7529.5,7527.75,7528.5,514
2026-06-21 19:05:00,7528.25,7531.5,7527.0,7530.75,780
2026-06-21 19:06:00,7530.75,7531.0,7525.5,7526.5,924
2026-06-21 19:07:00,7526.0,7530.0,7526.0,7529.25,429
2026-06-21 19:08:00,7529.25,7530.5,7529.25,7530.25,258
2026-06-21 19:09:00,7530.0,7531.75,7529.0,7530.5,529
2026-06-21 19:10:00,7530.25,7530.75,7527.25,7529.25,605
2026-06-21 19:11:00,7529.0,7529.25,7527.0,7527.75,450
2026-06-21 19:12:00,7527.75,7530.0,7527.5,7529.75,434
2026-06-21 19:13:00,7529.5,7530.25,7527.5,7527.75,441
2026-06-21 19:14:00,7527.5,7527.5,7525.0,7526.5,653
2026-06-21 19:15:00,7526.5,7527.75,7523.25,7524.5,1132
2026-06-21 19:16:00,7524.5,7526.0,7523.5,7524.75,498
2026-06-21 19:17:00,7524.75,7526.25,7524.0,7524.5,396
2026-06-21 19:18:00,7524.5,7525.25,7524.0,7524.5,244
2026-06-21 19:19:00,7524.75,7527.0,7524.5,7525.5,439
2026-06-21 19:20:00,7525.25,7527.0,7523.75,7526.75,664
2026-06-21 19:21:00,7526.5,7527.25,7525.75,7526.5,175
2026-06-21 19:22:00,7526.5,7527.0,7525.75,7527.0,150
2026-06-21 19:23:00,7527.25,7528.5,7526.5,7528.25,467
2026-06-21 19:24:00,7528.25,7529.0,7528.0,7528.25,310
2026-06-21 19:25:00,7528.5,7529.25,7526.0,7526.25,390
2026-06-21 19:26:00,7526.5,7526.5,7524.75,7525.0,388
2026-06-21 19:27:00,7524.75,7526.5,7524.75,7526.0,257
2026-06-21 19:28:00,7525.75,7526.5,7524.5,7526.5,493
2026-06-21 19:29:00,7526.75,7526.75,7525.0,7526.0,201
2026-06-21 19:30:00,7526.25,7527.25,7524.0,7524.0,323
2026-06-21 19:31:00,7524.0,7525.0,7522.25,7522.75,947
2026-06-21 19:32:00,7523.0,7524.25,7522.5,7523.75,361
2026-06-21 19:33:00,7524.0,7524.25,7522.75,7523.75,214
2026-06-21 19:34:00,7524.0,7524.0,7522.75,7523.25,145
2026-06-21 19:35:00,7523.25,7523.5,7521.5,7522.0,521
2026-06-21 19:36:00,7522.25,7522.5,7516.25,7518.75,1923
2026-06-21 19:37:00,7519.0,7519.5,7517.25,7519.0,529
2026-06-21 19:38:00,7519.25,7519.75,7518.5,7519.25,309
2026-06-21 19:39:00,7519.0,7519.5,7518.25,7518.5,257
2026-06-21 19:40:00,7518.5,7519.0,7517.25,7517.25,447
2026-06-21 19:41:00,7517.25,7518.25,7515.5,7517.0,824
2026-06-21 19:42:00,7517.0,7519.75,7516.5,7519.75,530
2026-06-21 19:43:00,7519.5,7520.25,7518.5,7520.25,313
2026-06-21 19:44:00,7520.25,7520.5,7518.25,7519.5,345
2026-06-21 19:45:00,7519.5,7521.25,7518.25,7520.75,517
2026-06-21 19:46:00,7520.75,7521.25,7518.0,7518.25,419
2026-06-21 19:47:00,7518.5,7518.75,7516.75,7517.75,439
2026-06-21 19:48:00,7517.75,7518.0,7514.75,7515.25,737
2026-06-21 19:49:00,7515.25,7516.25,7514.75,7515.0,450
2026-06-21 19:50:00,7515.0,7517.0,7514.75,7515.0,411
2026-06-21 19:51:00,7515.0,7516.25,7514.25,7515.75,327
2026-06-21 19:52:00,7515.5,7516.0,7513.75,7514.5,425
2026-06-21 19:53:00,7514.75,7515.25,7513.25,7515.0,446
2026-06-21 19:54:00,7515.0,7516.0,7513.5,7514.25,392
2026-06-21 19:55:00,7514.25,7515.0,7513.75,7514.5,198
2026-06-21 19:56:00,7514.5,7516.0,7514.0,7515.25,196
2026-06-21 19:57:00,7515.25,7515.5,7514.0,7514.0,288
2026-06-21 19:58:00,7514.0,7515.75,7513.5,7513.75,281
2026-06-21 19:59:00,7513.75,7516.25,7513.0,7516.0,441
2026-06-21 20:00:00,7515.75,7522.0,7514.5,7520.5,2001
2026-06-21 20:01:00,7520.75,7525.75,7520.25,7525.5,1440
2026-06-21 20:02:00,7525.25,7527.5,7524.0,7527.25,960
2026-06-21 20:03:00,7527.0,7529.5,7526.25,7528.75,1349
2026-06-21 20:04:00,7529.0,7532.0,7528.25,7531.75,980
2026-06-21 20:05:00,7531.75,7536.5,7530.75,7535.5,1759
2026-06-21 20:06:00,7536.0,7537.25,7534.0,7535.0,1642
2026-06-21 20:07:00,7535.0,7535.75,7531.75,7532.5,1059
2026-06-21 20:08:00,7532.75,7534.0,7531.0,7531.5,565
2026-06-21 20:09:00,7531.5,7533.0,7530.0,7532.25,566
2026-06-21 20:10:00,7532.25,7534.0,7529.0,7530.5,782
2026-06-21 20:11:00,7530.5,7531.75,7529.0,7529.25,397
2026-06-21 20:12:00,7529.0,7530.5,7527.75,7530.5,519
2026-06-21 20:13:00,7530.0,7531.75,7529.0,7529.75,483
2026-06-21 20:14:00,7529.75,7533.5,7529.5,7533.25,538
2026-06-21 20:15:00,7533.0,7535.75,7531.75,7531.75,1120
2026-06-21 20:16:00,7532.0,7536.0,7531.25,7534.25,714
2026-06-21 20:17:00,7534.0,7536.0,7533.0,7533.75,423
2026-06-21 20:18:00,7534.25,7540.25,7533.25,7539.25,1257
2026-06-21 20:19:00,7539.5,7539.75,7536.75,7538.5,709
2026-06-21 20:20:00,7538.75,7539.25,7537.25,7539.0,431
2026-06-21 20:21:00,7539.25,7539.5,7536.75,7537.5,484
2026-06-21 20:22:00,7537.5,7537.75,7534.75,7535.5,592
2026-06-21 20:23:00,7535.5,7536.5,7534.75,7536.0,340
2026-06-21 20:24:00,7536.25,7537.75,7535.75,7537.0,343
2026-06-21 20:25:00,7536.5,7537.75,7535.75,7537.75,438
2026-06-21 20:26:00,7537.75,7540.0,7537.5,7539.75,643
2026-06-21 20:27:00,7539.75,7542.25,7539.25,7541.5,947
2026-06-21 20:28:00,7541.25,7541.5,7539.25,7539.75,560
2026-06-21 20:29:00,7540.0,7544.0,7539.75,7543.5,1120
2026-06-21 20:30:00,7543.75,7545.5,7542.75,7543.25,1042
2026-06-21 20:31:00,7542.75,7543.5,7541.0,7541.75,479
2026-06-21 20:32:00,7541.5,7542.75,7540.5,7542.5,295
2026-06-21 20:33:00,7542.5,7542.75,7541.5,7542.25,285
2026-06-21 20:34:00,7542.25,7543.0,7542.0,7542.5,178
2026-06-21 20:35:00,7542.5,7544.0,7542.25,7543.5,478
2026-06-21 20:36:00,7543.5,7543.75,7542.5,7543.25,197
2026-06-21 20:37:00,7543.25,7543.75,7542.0,7543.75,403
2026-06-21 20:38:00,7543.75,7544.75,7541.25,7542.25,452
2026-06-21 20:39:00,7542.0,7542.25,7541.25,7542.0,286
2026-06-21 20:40:00,7542.0,7542.75,7541.5,7542.5,280
2026-06-21 20:41:00,7542.75,7543.75,7542.0,7542.25,455
2026-06-21 20:42:00,7542.25,7542.25,7540.25,7542.25,449
2026-06-21 20:43:00,7542.25,7542.5,7541.25,7542.5,257
2026-06-21 20:44:00,7542.25,7543.5,7542.25,7542.75,483
2026-06-21 20:45:00,7543.0,7545.75,7543.0,7545.25,1025
2026-06-21 20:46:00,7545.25,7545.75,7544.25,7545.0,593
2026-06-21 20:47:00,7544.75,7545.75,7544.75,7545.5,411
2026-06-21 20:48:00,7545.25,7545.25,7544.0,7544.5,272
2026-06-21 20:49:00,7544.75,7545.5,7544.5,7545.0,212
2026-06-21 20:50:00,7545.25,7545.25,7543.5,7545.0,304
2026-06-21 20:51:00,7545.25,7545.5,7543.75,7544.5,204
2026-06-21 20:52:00,7544.5,7545.25,7543.75,7544.5,201
2026-06-21 20:53:00,7544.5,7545.0,7544.25,7545.0,114
2026-06-21 20:54:00,7545.0,7545.5,7544.75,7545.5,158
2026-06-21 20:55:00,7545.5,7549.0,7545.25,7547.25,1160
2026-06-21 20:56:00,7547.0,7548.0,7547.0,7547.75,469
2026-06-21 20:57:00,7548.0,7548.75,7546.75,7548.5,337
2026-06-21 20:58:00,7548.5,7550.0,7548.25,7549.5,638
2026-06-21 20:59:00,7549.5,7549.75,7548.75,7549.0,367
2026-06-21 21:00:00,7549.0,7552.0,7549.0,7550.5,1392
2026-06-21 21:01:00,7550.75,7552.75,7549.75,7551.25,626
2026-06-21 21:02:00,7551.0,7551.75,7550.25,7551.5,280
2026-06-21 21:03:00,7551.5,7552.25,7551.0,7552.25,399
2026-06-21 21:04:00,7552.0,7553.25,7551.75,7552.75,592
2026-06-21 21:05:00,7553.0,7556.0,7552.75,7555.75,1033
2026-06-21 21:06:00,7555.5,7556.0,7554.75,7554.75,620
2026-06-21 21:07:00,7555.0,7558.0,7554.25,7556.25,951
2026-06-21 21:08:00,7555.75,7555.75,7553.75,7554.75,562
2026-06-21 21:09:00,7554.75,7554.75,7552.5,7552.75,472
2026-06-21 21:10:00,7553.0,7553.25,7552.25,7553.0,312
2026-06-21 21:11:00,7552.75,7553.5,7551.75,7552.25,292
2026-06-21 21:12:00,7552.25,7552.25,7551.25,7551.75,355
2026-06-21 21:13:00,7551.75,7552.25,7551.25,7551.75,224
2026-06-21 21:14:00,7551.75,7554.0,7551.25,7553.5,473
2026-06-21 21:15:00,7553.5,7554.0,7551.75,7552.5,313
2026-06-21 21:16:00,7552.5,7552.75,7551.75,7552.75,222
2026-06-21 21:17:00,7552.5,7555.25,7552.5,7555.0,410
2026-06-21 21:18:00,7554.75,7555.0,7553.5,7554.0,312
2026-06-21 21:19:00,7554.0,7554.25,7551.5,7551.5,429
2026-06-21 21:20:00,7551.75,7553.5,7550.75,7552.5,461
2026-06-21 21:21:00,7552.75,7553.25,7552.0,7552.75,242
2026-06-21 21:22:00,7552.75,7553.75,7552.75,7553.75,201
2026-06-21 21:23:00,7553.75,7554.75,7552.75,7554.5,296
2026-06-21 21:24:00,7554.5,7555.25,7553.5,7554.25,301
2026-06-21 21:25:00,7554.75,7555.75,7554.0,7555.0,295
2026-06-21 21:26:00,7555.0,7555.75,7554.5,7555.5,170
2026-06-21 21:27:00,7555.5,7555.75,7555.0,7555.5,116
2026-06-21 21:28:00,7555.25,7556.0,7555.0,7555.5,264
2026-06-21 21:29:00,7555.25,7556.0,7554.5,7554.75,286
2026-06-21 21:30:00,7554.5,7554.75,7552.75,7553.75,390
2026-06-21 21:31:00,7553.75,7553.75,7552.5,7552.75,314
2026-06-21 21:32:00,7552.75,7553.25,7552.25,7552.25,229
2026-06-21 21:33:00,7552.25,7553.75,7552.0,7553.25,226
2026-06-21 21:34:00,7553.25,7554.25,7553.0,7553.75,158
2026-06-21 21:35:00,7553.75,7554.0,7552.75,7553.0,166
2026-06-21 21:36:00,7553.0,7554.0,7552.25,7554.0,140
2026-06-21 21:37:00,7554.25,7555.75,7554.0,7554.5,278
2026-06-21 21:38:00,7554.75,7555.25,7554.25,7554.5,158
2026-06-21 21:39:00,7554.75,7555.25,7554.5,7555.25,79
2026-06-21 21:40:00,7555.5,7555.75,7554.25,7554.5,197
2026-06-21 21:41:00,7554.5,7554.5,7553.75,7554.25,120
2026-06-21 21:42:00,7554.5,7555.0,7553.5,7553.5,140
2026-06-21 21:43:00,7553.75,7553.75,7552.75,7553.25,186
2026-06-21 21:44:00,7553.25,7554.0,7553.25,7554.0,124
2026-06-21 21:45:00,7554.0,7554.75,7553.25,7553.5,141
2026-06-21 21:46:00,7553.5,7553.5,7551.5,7551.75,530
2026-06-21 21:47:00,7552.0,7552.75,7551.25,7551.75,259
2026-06-21 21:48:00,7551.5,7553.0,7551.25,7552.5,281
2026-06-21 21:49:00,7552.5,7552.75,7551.0,7552.0,205
2026-06-21 21:50:00,7552.5,7553.5,7552.25,7553.25,215
2026-06-21 21:51:00,7553.0,7553.75,7552.5,7553.75,150
2026-06-21 21:52:00,7553.5,7553.75,7550.75,7551.25,294
2026-06-21 21:53:00,7551.5,7551.5,7549.75,7550.0,482
2026-06-21 21:54:00,7550.25,7550.5,7549.25,7550.0,316
2026-06-21 21:55:00,7550.25,7551.25,7549.5,7551.25,182
2026-06-21 21:56:00,7550.75,7551.5,7550.5,7551.0,132
2026-06-21 21:57:00,7551.25,7551.75,7551.0,7551.25,132
2026-06-21 21:58:00,7551.5,7551.5,7549.0,7549.25,376
2026-06-21 21:59:00,7549.25,7550.25,7549.0,7549.75,298
2026-06-21 22:00:00,7550.0,7550.75,7549.25,7549.75,314
2026-06-21 22:01:00,7549.75,7550.5,7548.5,7548.5,275
2026-06-21 22:02:00,7548.5,7549.0,7547.25,7548.5,458
2026-06-21 22:03:00,7548.75,7549.0,7547.75,7548.5,268
2026-06-21 22:04:00,7548.5,7549.5,7548.25,7548.5,220
2026-06-21 22:05:00,7548.5,7549.5,7548.25,7549.0,273
2026-06-21 22:06:00,7549.0,7550.0,7548.5,7549.25,328
2026-06-21 22:07:00,7549.0,7549.5,7548.75,7549.25,430
2026-06-21 22:08:00,7549.25,7549.75,7549.0,7549.0,287
2026-06-21 22:09:00,7549.0,7549.25,7548.75,7548.75,135
2026-06-21 22:10:00,7548.75,7548.75,7546.25,7546.75,585
2026-06-21 22:11:00,7546.5,7547.25,7546.25,7546.5,244
2026-06-21 22:12:00,7546.75,7547.25,7545.5,7546.25,260
2026-06-21 22:13:00,7546.0,7546.75,7545.5,7546.0,218
2026-06-21 22:14:00,7546.0,7546.25,7544.0,7544.0,368
2026-06-21 22:15:00,7544.25,7545.0,7544.0,7544.75,249
2026-06-21 22:16:00,7545.0,7546.25,7544.75,7545.75,225
2026-06-21 22:17:00,7546.0,7546.25,7545.25,7545.75,214
2026-06-21 22:18:00,7546.0,7546.25,7545.5,7546.0,142
2026-06-21 22:19:00,7546.0,7546.25,7545.5,7545.5,134
2026-06-21 22:20:00,7545.25,7546.0,7544.75,7545.5,166
2026-06-21 22:21:00,7545.25,7545.5,7543.75,7544.75,228
2026-06-21 22:22:00,7544.75,7547.0,7544.5,7546.0,342
2026-06-21 22:23:00,7546.0,7546.5,7545.75,7546.0,275
2026-06-21 22:24:00,7546.0,7546.5,7545.75,7546.0,158
2026-06-21 22:25:00,7546.25,7546.5,7545.25,7545.5,124
2026-06-21 22:26:00,7545.25,7545.75,7543.75,7543.75,195
2026-06-21 22:27:00,7544.0,7544.0,7542.0,7543.25,773
2026-06-21 22:28:00,7543.25,7543.75,7542.75,7543.25,214
2026-06-21 22:29:00,7543.25,7543.25,7542.25,7542.5,218
2026-06-21 22:30:00,7542.25,7542.75,7541.0,7542.25,406
2026-06-21 22:31:00,7542.5,7543.0,7542.0,7542.75,185
2026-06-21 22:32:00,7542.75,7542.75,7540.25,7541.25,468
2026-06-21 22:33:00,7541.25,7542.0,7540.75,7541.75,156
2026-06-21 22:34:00,7541.75,7542.0,7540.75,7541.5,211
2026-06-21 22:35:00,7541.5,7541.75,7541.0,7541.25,141
2026-06-21 22:36:00,7541.0,7541.75,7540.5,7541.75,179
2026-06-21 22:37:00,7541.5,7541.5,7539.75,7540.5,344
2026-06-21 22:38:00,7540.25,7541.0,7540.25,7540.75,108
2026-06-21 22:39:00,7540.5,7540.75,7540.25,7540.75,80
2026-06-21 22:40:00,7540.5,7541.0,7540.0,7540.25,168
2026-06-21 22:41:00,7540.75,7541.0,7540.25,7540.75,97
2026-06-21 22:42:00,7540.75,7541.25,7540.0,7540.0,230
2026-06-21 22:43:00,7539.75,7540.5,7538.5,7539.5,578
2026-06-21 22:44:00,7539.75,7540.25,7539.5,7540.0,156
2026-06-21 22:45:00,7540.0,7540.25,7539.0,7539.25,155
2026-06-21 22:46:00,7539.25,7539.75,7539.0,7539.5,77
2026-06-21 22:47:00,7539.25,7539.25,7538.5,7539.0,142
2026-06-21 22:48:00,7539.25,7539.5,7538.75,7538.75,155
2026-06-21 22:49:00,7538.5,7539.0,7537.5,7538.25,419
2026-06-21 22:50:00,7538.0,7538.25,7537.25,7537.5,173
2026-06-21 22:51:00,7537.5,7538.75,7537.5,7538.5,171
2026-06-21 22:52:00,7538.75,7540.25,7538.5,7540.0,341
2026-06-21 22:53:00,7540.0,7540.25,7539.0,7539.25,142
2026-06-21 22:54:00,7539.0,7539.75,7539.0,7539.5,109
2026-06-21 22:55:00,7539.5,7539.75,7538.5,7538.75,116
2026-06-21 22:56:00,7538.75,7539.25,7538.75,7539.0,44
2026-06-21 22:57:00,7539.0,7539.0,7538.0,7538.5,84
2026-06-21 22:58:00,7538.5,7539.75,7538.25,7539.75,149
2026-06-21 22:59:00,7539.5,7539.75,7538.25,7538.5,111
2026-06-21 23:00:00,7538.5,7539.0,7537.25,7537.25,445
2026-06-21 23:01:00,7537.25,7537.25,7534.25,7534.75,969
2026-06-21 23:02:00,7535.0,7536.5,7534.75,7536.5,499
2026-06-21 23:03:00,7536.25,7536.75,7536.0,7536.25,167
2026-06-21 23:04:00,7536.25,7537.75,7536.0,7537.75,272
2026-06-21 23:05:00,7537.75,7538.5,7537.0,7537.0,196
2026-06-21 23:06:00,7537.25,7537.5,7536.0,7536.5,229
2026-06-21 23:07:00,7536.25,7537.0,7536.25,7536.5,130
2026-06-21 23:08:00,7536.5,7536.5,7535.5,7536.0,169
2026-06-21 23:09:00,7536.0,7536.5,7536.0,7536.25,100
2026-06-21 23:10:00,7536.25,7536.5,7535.0,7536.5,237
2026-06-21 23:11:00,7536.25,7536.75,7536.0,7536.5,124
2026-06-21 23:12:00,7536.5,7537.0,7536.0,7537.0,149
2026-06-21 23:13:00,7537.0,7537.0,7536.0,7536.25,128
2026-06-21 23:14:00,7536.25,7536.5,7535.5,7536.0,208
2026-06-21 23:15:00,7536.0,7540.0,7536.0,7540.0,625
2026-06-21 23:16:00,7540.0,7540.25,7539.5,7540.0,351
2026-06-21 23:17:00,7540.0,7540.0,7539.0,7539.25,100
2026-06-21 23:18:00,7539.0,7540.5,7538.25,7539.5,307
2026-06-21 23:19:00,7539.5,7540.25,7539.5,7539.75,201
2026-06-21 23:20:00,7539.75,7540.25,7539.25,7539.5,148
2026-06-21 23:21:00,7539.75,7540.0,7538.75,7538.75,237
2026-06-21 23:22:00,7539.0,7540.0,7538.5,7539.75,127
2026-06-21 23:23:00,7539.75,7541.0,7539.75,7540.75,224
2026-06-21 23:24:00,7540.5,7541.0,7540.0,7540.75,260
2026-06-21 23:25:00,7540.5,7540.75,7539.75,7540.0,291
2026-06-21 23:26:00,7540.0,7540.5,7539.5,7539.75,132
2026-06-21 23:27:00,7539.75,7540.0,7539.0,7539.75,87
2026-06-21 23:28:00,7539.75,7540.5,7539.5,7540.25,90
2026-06-21 23:29:00,7540.0,7540.5,7539.25,7540.5,131
2026-06-21 23:30:00,7540.5,7542.25,7540.25,7542.0,400
2026-06-21 23:31:00,7542.0,7542.25,7541.5,7541.75,205
2026-06-21 23:32:00,7542.0,7542.0,7540.75,7541.25,127
2026-06-21 23:33:00,7541.25,7541.75,7541.0,7541.25,40
2026-06-21 23:34:00,7541.5,7542.0,7541.0,7541.5,47
2026-06-21 23:35:00,7541.25,7541.75,7540.75,7540.75,101
2026-06-21 23:36:00,7540.5,7540.75,7540.0,7540.25,144
2026-06-21 23:37:00,7540.5,7541.0,7539.75,7540.75,152
2026-06-21 23:38:00,7540.5,7541.25,7540.25,7541.0,60
2026-06-21 23:39:00,7541.5,7541.5,7540.75,7541.0,78
2026-06-21 23:40:00,7540.75,7541.25,7540.5,7541.25,82
2026-06-21 23:41:00,7541.0,7541.25,7540.25,7540.5,68
2026-06-21 23:42:00,7540.5,7540.5,7539.5,7540.0,85
2026-06-21 23:43:00,7539.75,7540.25,7539.0,7539.25,127
2026-06-21 23:44:00,7539.25,7540.25,7539.0,7540.0,138
2026-06-21 23:45:00,7540.25,7541.0,7539.75,7540.0,142
2026-06-21 23:46:00,7540.0,7540.75,7539.75,7540.75,55
2026-06-21 23:47:00,7540.5,7541.75,7540.25,7541.25,145
2026-06-21 23:48:00,7541.0,7541.75,7541.0,7541.25,75
2026-06-21 23:49:00,7541.5,7541.75,7541.25,7541.25,63
2026-06-21 23:50:00,7541.25,7541.25,7540.25,7540.25,75
2026-06-21 23:51:00,7540.25,7540.5,7539.75,7539.75,47
2026-06-21 23:52:00,7540.0,7540.0,7539.25,7539.75,93
2026-06-21 23:53:00,7539.75,7540.0,7538.75,7539.5,266
2026-06-21 23:54:00,7539.5,7539.5,7536.75,7537.0,552
2026-06-21 23:55:00,7536.75,7537.25,7536.25,7537.0,315
2026-06-21 23:56:00,7536.75,7537.0,7534.25,7534.75,431
2026-06-21 23:57:00,7535.0,7535.0,7533.5,7533.75,343
2026-06-21 23:58:00,7534.25,7535.0,7533.75,7534.5,238
2026-06-21 23:59:00,7534.5,7535.0,7534.25,7534.5,180
2026-06-22 00:00:00,7534.5,7535.0,7532.75,7533.0,216
2026-06-22 00:01:00,7533.25,7534.0,7532.75,7533.25,196
2026-06-22 00:02:00,7533.25,7533.75,7532.75,7533.5,84
2026-06-22 00:03:00,7533.25,7534.25,7533.0,7533.25,197
2026-06-22 00:04:00,7533.5,7533.75,7533.0,7533.75,96
2026-06-22 00:05:00,7533.75,7534.5,7533.5,7534.5,167
2026-06-22 00:06:00,7534.5,7534.5,7533.75,7534.5,227
2026-06-22 00:07:00,7534.25,7535.75,7534.25,7535.25,321
2026-06-22 00:08:00,7535.25,7535.25,7534.75,7535.25,124
2026-06-22 00:09:00,7535.0,7536.0,7535.0,7536.0,119
2026-06-22 00:10:00,7535.75,7536.75,7535.75,7535.75,203
2026-06-22 00:11:00,7535.5,7536.0,7534.25,7535.0,205
2026-06-22 00:12:00,7534.75,7535.0,7534.5,7534.75,101
2026-06-22 00:13:00,7534.75,7535.0,7534.5,7534.5,54
2026-06-22 00:14:00,7534.75,7534.75,7532.75,7533.0,197
2026-06-22 00:15:00,7533.0,7533.75,7532.25,7532.25,342
2026-06-22 00:16:00,7532.25,7533.75,7532.0,7533.5,230
2026-06-22 00:17:00,7533.5,7533.75,7532.5,7532.75,162
2026-06-22 00:18:00,7532.75,7533.25,7532.75,7533.25,86
2026-06-22 00:19:00,7533.25,7533.75,7532.25,7532.5,89
2026-06-22 00:20:00,7532.5,7534.25,7532.5,7533.25,255
2026-06-22 00:21:00,7533.25,7533.5,7532.75,7533.0,157
2026-06-22 00:22:00,7533.25,7533.75,7533.25,7533.25,66
2026-06-22 00:23:00,7533.25,7533.25,7532.0,7532.25,156
2026-06-22 00:24:00,7532.25,7532.75,7532.0,7532.5,102
2026-06-22 00:25:00,7532.5,7532.5,7530.75,7531.25,296
2026-06-22 00:26:00,7531.0,7532.25,7531.0,7531.5,122
2026-06-22 00:27:00,7531.25,7531.25,7530.25,7530.75,280
2026-06-22 00:28:00,7530.5,7531.75,7530.25,7531.25,169
2026-06-22 00:29:00,7531.25,7531.5,7530.25,7531.0,88
2026-06-22 00:30:00,7530.75,7531.75,7530.25,7531.25,139
2026-06-22 00:31:00,7531.25,7532.5,7530.75,7531.5,172
2026-06-22 00:32:00,7531.5,7532.0,7531.0,7531.25,108
2026-06-22 00:33:00,7531.0,7532.5,7530.5,7532.0,185
2026-06-22 00:34:00,7531.75,7532.75,7531.75,7532.25,113
2026-06-22 00:35:00,7532.25,7532.5,7531.0,7531.5,160
2026-06-22 00:36:00,7531.25,7531.75,7530.25,7530.25,112
2026-06-22 00:37:00,7530.0,7531.0,7528.75,7529.5,499
2026-06-22 00:38:00,7529.5,7530.75,7529.5,7529.75,123
2026-06-22 00:39:00,7530.0,7531.25,7530.0,7531.0,119
2026-06-22 00:40:00,7530.5,7531.75,7530.25,7531.0,226
2026-06-22 00:41:00,7530.75,7531.0,7530.0,7530.5,162
2026-06-22 00:42:00,7530.25,7530.5,7529.25,7530.0,278
2026-06-22 00:43:00,7530.0,7530.5,7528.5,7529.25,380
2026-06-22 00:44:00,7528.75,7530.0,7528.5,7529.75,139
2026-06-22 00:45:00,7529.75,7531.0,7529.25,7531.0,350
2026-06-22 00:46:00,7531.0,7533.75,7530.5,7533.0,1022
2026-06-22 00:47:00,7532.75,7534.25,7532.75,7533.25,480
2026-06-22 00:48:00,7533.0,7533.5,7532.0,7532.5,152
2026-06-22 00:49:00,7532.5,7533.75,7532.5,7533.75,187
2026-06-22 00:50:00,7533.5,7534.5,7532.25,7534.0,374
2026-06-22 00:51:00,7534.25,7534.75,7534.0,7534.5,281
2026-06-22 00:52:00,7534.0,7534.5,7532.75,7532.75,231
2026-06-22 00:53:00,7533.0,7533.25,7532.5,7533.25,105
2026-06-22 00:54:00,7533.25,7533.75,7532.5,7533.25,79
2026-06-22 00:55:00,7532.75,7533.0,7532.0,7532.75,150
2026-06-22 00:56:00,7532.75,7533.5,7532.5,7532.75,78
2026-06-22 00:57:00,7532.75,7533.25,7532.5,7533.25,79
2026-06-22 00:58:00,7533.5,7534.75,7533.5,7533.75,188
2026-06-22 00:59:00,7533.75,7535.5,7533.75,7534.75,345
2026-06-22 01:00:00,7534.75,7535.25,7534.5,7535.25,221
2026-06-22 01:01:00,7535.0,7535.75,7534.25,7534.5,268
2026-06-22 01:02:00,7534.5,7535.0,7534.0,7535.0,140
2026-06-22 01:03:00,7534.75,7535.5,7534.5,7534.5,141
2026-06-22 01:04:00,7534.5,7536.0,7533.75,7535.75,145
2026-06-22 01:05:00,7536.0,7537.25,7535.75,7537.25,324
2026-06-22 01:06:00,7537.5,7539.75,7537.0,7539.5,653
2026-06-22 01:07:00,7539.5,7542.0,7539.5,7541.25,680
2026-06-22 01:08:00,7541.25,7544.25,7541.0,7543.25,729
2026-06-22 01:09:00,7543.25,7543.75,7542.5,7543.5,220
2026-06-22 01:10:00,7543.5,7543.75,7542.5,7543.5,270
2026-06-22 01:11:00,7543.75,7544.75,7543.25,7544.75,351
2026-06-22 01:12:00,7544.5,7544.75,7543.75,7543.75,154
2026-06-22 01:13:00,7543.75,7546.5,7543.5,7545.75,493
2026-06-22 01:14:00,7545.75,7545.75,7545.0,7545.25,187
2026-06-22 01:15:00,7545.25,7547.25,7544.75,7545.5,587
2026-06-22 01:16:00,7545.75,7545.75,7544.0,7544.5,231
2026-06-22 01:17:00,7544.5,7544.75,7544.0,7544.5,78
2026-06-22 01:18:00,7544.25,7544.25,7543.5,7543.75,113
2026-06-22 01:19:00,7543.75,7544.0,7542.5,7543.0,182
2026-06-22 01:20:00,7543.25,7543.75,7542.5,7543.75,173
2026-06-22 01:21:00,7543.75,7544.25,7542.75,7544.0,170
2026-06-22 01:22:00,7544.25,7545.0,7543.5,7543.75,224
2026-06-22 01:23:00,7543.5,7544.25,7543.0,7543.5,112
2026-06-22 01:24:00,7543.75,7545.0,7543.75,7545.0,275
2026-06-22 01:25:00,7545.0,7545.75,7544.75,7545.5,232
2026-06-22 01:26:00,7545.25,7545.75,7544.75,7545.0,98
2026-06-22 01:27:00,7544.75,7545.25,7544.5,7545.25,60
2026-06-22 01:28:00,7545.25,7545.25,7544.0,7544.25,64
2026-06-22 01:29:00,7544.25,7545.5,7544.25,7545.5,60
2026-06-22 01:30:00,7545.75,7546.0,7543.0,7543.25,216
2026-06-22 01:31:00,7543.25,7543.25,7542.0,7542.0,257
2026-06-22 01:32:00,7542.25,7542.5,7541.5,7542.0,181
2026-06-22 01:33:00,7542.0,7542.75,7541.5,7542.0,117
2026-06-22 01:34:00,7542.25,7544.0,7542.25,7543.5,167
2026-06-22 01:35:00,7543.25,7545.25,7543.25,7544.5,171
2026-06-22 01:36:00,7545.0,7546.5,7544.75,7546.5,240
2026-06-22 01:37:00,7546.5,7546.75,7545.25,7545.5,110
2026-06-22 01:38:00,7545.75,7546.0,7545.0,7545.0,65
2026-06-22 01:39:00,7545.25,7545.5,7544.5,7544.5,96
2026-06-22 01:40:00,7544.5,7545.75,7544.5,7544.75,56
2026-06-22 01:41:00,7544.75,7545.0,7544.25,7545.0,92
2026-06-22 01:42:00,7545.0,7545.75,7544.5,7545.0,81
2026-06-22 01:43:00,7545.5,7545.5,7544.0,7544.75,92
2026-06-22 01:44:00,7544.75,7545.0,7544.25,7545.0,52
2026-06-22 01:45:00,7545.0,7545.5,7544.5,7545.5,81
2026-06-22 01:46:00,7545.75,7545.75,7543.5,7544.0,177
2026-06-22 01:47:00,7543.75,7544.25,7543.5,7544.0,131
2026-06-22 01:48:00,7543.75,7544.75,7543.75,7544.75,74
2026-06-22 01:49:00,7544.25,7545.25,7544.0,7545.0,46
2026-06-22 01:50:00,7544.75,7545.25,7544.0,7545.0,106
2026-06-22 01:51:00,7545.0,7546.25,7544.75,7545.25,107
2026-06-22 01:52:00,7545.25,7546.0,7544.75,7545.5,52
2026-06-22 01:53:00,7545.75,7546.5,7545.75,7546.25,78
2026-06-22 01:54:00,7546.25,7547.25,7545.75,7545.75,271
2026-06-22 01:55:00,7546.0,7547.5,7545.75,7547.25,179
2026-06-22 01:56:00,7547.25,7547.75,7546.75,7547.25,120
2026-06-22 01:57:00,7547.25,7547.25,7545.75,7546.5,176
2026-06-22 01:58:00,7546.25,7546.75,7546.0,7546.5,60
2026-06-22 01:59:00,7546.25,7547.0,7546.25,7546.25,76
2026-06-22 02:00:00,7546.5,7547.5,7546.0,7547.25,180
2026-06-22 02:01:00,7547.0,7547.5,7546.75,7547.25,116
2026-06-22 02:02:00,7547.25,7548.25,7547.0,7548.0,336
2026-06-22 02:03:00,7548.5,7549.0,7547.0,7547.0,293
2026-06-22 02:04:00,7547.0,7549.25,7547.0,7548.75,127
2026-06-22 02:05:00,7549.0,7549.75,7548.75,7549.75,148
2026-06-22 02:06:00,7549.5,7550.0,7548.5,7549.0,163
2026-06-22 02:07:00,7549.0,7551.0,7548.75,7550.75,354
2026-06-22 02:08:00,7550.75,7551.5,7550.0,7551.25,487
2026-06-22 02:09:00,7551.0,7552.25,7550.5,7551.75,193
2026-06-22 02:10:00,7551.75,7552.75,7551.25,7551.25,223
2026-06-22 02:11:00,7551.5,7551.75,7550.0,7550.75,240
2026-06-22 02:12:00,7550.75,7551.5,7550.75,7551.0,83
2026-06-22 02:13:00,7551.0,7552.5,7551.0,7552.5,111
2026-06-22 02:14:00,7552.25,7553.5,7552.25,7553.0,165
2026-06-22 02:15:00,7553.0,7553.0,7551.75,7552.5,146
2026-06-22 02:16:00,7552.25,7553.0,7552.25,7553.0,98
2026-06-22 02:17:00,7553.25,7555.25,7552.75,7554.5,812
2026-06-22 02:18:00,7554.25,7554.75,7553.5,7554.5,178
2026-06-22 02:19:00,7554.5,7554.75,7553.75,7553.75,263
2026-06-22 02:20:00,7553.75,7554.25,7553.0,7554.25,177
2026-06-22 02:21:00,7554.25,7554.5,7553.0,7553.0,89
2026-06-22 02:22:00,7553.0,7553.75,7553.0,7553.25,59
2026-06-22 02:23:00,7553.25,7553.75,7553.0,7553.25,68
2026-06-22 02:24:00,7553.25,7557.75,7553.25,7557.5,880
2026-06-22 02:25:00,7557.25,7559.5,7557.0,7558.25,623
2026-06-22 02:26:00,7558.5,7559.5,7558.25,7559.0,333
2026-06-22 02:27:00,7559.25,7559.5,7558.0,7558.5,334
2026-06-22 02:28:00,7558.5,7559.0,7558.0,7559.0,110
2026-06-22 02:29:00,7559.25,7560.5,7558.5,7558.75,491
2026-06-22 02:30:00,7558.5,7558.5,7555.25,7555.75,655
2026-06-22 02:31:00,7555.75,7556.5,7554.5,7556.25,573
2026-06-22 02:32:00,7556.0,7556.75,7555.75,7556.0,163
2026-06-22 02:33:00,7555.75,7556.25,7555.5,7556.25,93
2026-06-22 02:34:00,7556.0,7556.5,7555.75,7556.25,135
2026-06-22 02:35:00,7556.25,7556.25,7555.5,7555.75,82
2026-06-22 02:36:00,7556.0,7557.25,7556.0,7557.0,141
2026-06-22 02:37:00,7557.0,7559.0,7556.75,7559.0,160
2026-06-22 02:38:00,7559.0,7559.5,7558.0,7558.75,333
2026-06-22 02:39:00,7558.75,7559.0,7558.25,7558.75,51
2026-06-22 02:40:00,7559.0,7559.75,7558.5,7559.5,169
2026-06-22 02:41:00,7559.5,7560.5,7559.25,7560.5,153
2026-06-22 02:42:00,7560.75,7561.0,7560.0,7560.75,176
2026-06-22 02:43:00,7560.75,7562.0,7560.5,7561.25,207
2026-06-22 02:44:00,7561.0,7561.25,7560.5,7560.75,131
2026-06-22 02:45:00,7560.75,7561.25,7560.0,7560.75,208
2026-06-22 02:46:00,7561.0,7561.5,7560.25,7561.25,112
2026-06-22 02:47:00,7561.0,7562.25,7560.5,7560.5,236
2026-06-22 02:48:00,7560.5,7560.5,7559.5,7559.5,173
2026-06-22 02:49:00,7559.75,7560.25,7559.75,7559.75,63
2026-06-22 02:50:00,7560.0,7560.75,7559.75,7560.25,141
2026-06-22 02:51:00,7560.25,7561.5,7560.0,7561.25,79
2026-06-22 02:52:00,7561.25,7561.5,7560.0,7560.0,66
2026-06-22 02:53:00,7560.25,7561.0,7560.0,7561.0,37
2026-06-22 02:54:00,7561.25,7562.0,7561.25,7561.75,85
2026-06-22 02:55:00,7561.75,7563.0,7561.25,7562.5,210
2026-06-22 02:56:00,7562.25,7562.5,7562.0,7562.0,54
2026-06-22 02:57:00,7562.0,7562.0,7561.25,7561.25,59
2026-06-22 02:58:00,7561.0,7561.75,7560.75,7561.75,54
2026-06-22 02:59:00,7562.0,7562.0,7561.0,7561.75,132
2026-06-22 03:00:00,7561.75,7562.75,7561.25,7562.0,399
2026-06-22 03:01:00,7562.25,7563.5,7562.25,7562.75,244
2026-06-22 03:02:00,7563.25,7564.75,7562.75,7564.5,404
2026-06-22 03:03:00,7564.5,7566.0,7564.25,7565.25,549
2026-06-22 03:04:00,7565.25,7565.75,7564.25,7565.5,151
2026-06-22 03:05:00,7565.5,7566.0,7564.5,7565.75,291
2026-06-22 03:06:00,7565.5,7566.25,7564.75,7565.0,296
2026-06-22 03:07:00,7564.75,7565.0,7563.75,7563.75,190
2026-06-22 03:08:00,7563.5,7565.75,7563.5,7565.25,185
2026-06-22 03:09:00,7565.25,7565.25,7564.25,7564.25,210
2026-06-22 03:10:00,7564.5,7565.25,7564.0,7565.0,196
2026-06-22 03:11:00,7565.0,7565.0,7563.0,7563.25,175
2026-06-22 03:12:00,7563.25,7564.25,7563.25,7564.25,109
2026-06-22 03:13:00,7564.25,7564.75,7563.0,7563.25,203
2026-06-22 03:14:00,7563.0,7564.5,7563.0,7564.0,100
2026-06-22 03:15:00,7564.0,7566.0,7564.0,7565.25,242
2026-06-22 03:16:00,7565.25,7565.5,7564.5,7565.5,100
2026-06-22 03:17:00,7565.5,7567.25,7565.25,7567.0,252
2026-06-22 03:18:00,7567.0,7567.5,7566.25,7566.75,281
2026-06-22 03:19:00,7566.5,7567.0,7566.25,7566.75,68
2026-06-22 03:20:00,7567.0,7567.25,7565.75,7566.0,91
2026-06-22 03:21:00,7565.75,7566.5,7565.5,7566.5,56
2026-06-22 03:22:00,7566.5,7566.5,7565.75,7566.5,130
2026-06-22 03:23:00,7566.75,7566.75,7565.5,7565.5,74
2026-06-22 03:24:00,7565.25,7565.5,7564.25,7564.75,122
2026-06-22 03:25:00,7564.75,7565.25,7564.5,7565.0,69
2026-06-22 03:26:00,7565.25,7565.75,7565.0,7565.25,113
2026-06-22 03:27:00,7565.5,7565.5,7564.75,7565.25,80
2026-06-22 03:28:00,7565.0,7565.75,7564.75,7565.0,165
2026-06-22 03:29:00,7565.0,7566.75,7565.0,7566.75,180
2026-06-22 03:30:00,7566.5,7566.75,7565.0,7565.25,161
2026-06-22 03:31:00,7565.75,7566.75,7565.5,7565.75,88
2026-06-22 03:32:00,7565.75,7566.0,7565.0,7565.5,110
2026-06-22 03:33:00,7565.5,7565.75,7564.5,7564.5,80
2026-06-22 03:34:00,7564.5,7565.75,7564.0,7565.25,229
2026-06-22 03:35:00,7565.25,7566.5,7565.0,7566.5,120
2026-06-22 03:36:00,7566.5,7567.0,7566.25,7566.75,94
2026-06-22 03:37:00,7566.75,7567.25,7566.75,7567.25,90
2026-06-22 03:38:00,7567.25,7567.25,7566.0,7566.25,106
2026-06-22 03:39:00,7566.0,7566.25,7565.0,7565.0,137
2026-06-22 03:40:00,7565.0,7565.0,7564.0,7564.5,143
2026-06-22 03:41:00,7564.75,7565.0,7562.5,7562.5,294
2026-06-22 03:42:00,7562.5,7563.0,7562.25,7562.5,284
2026-06-22 03:43:00,7562.5,7563.25,7562.0,7562.25,129
2026-06-22 03:44:00,7562.25,7562.75,7562.0,7562.75,95
2026-06-22 03:45:00,7562.5,7563.0,7561.75,7562.75,145
2026-06-22 03:46:00,7562.5,7564.25,7562.5,7564.0,206
2026-06-22 03:47:00,7563.5,7564.75,7563.25,7564.5,129
2026-06-22 03:48:00,7564.5,7564.75,7563.75,7564.25,88
2026-06-22 03:49:00,7564.25,7565.0,7563.75,7564.5,165
2026-06-22 03:50:00,7564.25,7564.75,7564.0,7564.0,84
2026-06-22 03:51:00,7564.25,7564.5,7563.5,7563.75,92
2026-06-22 03:52:00,7564.0,7564.0,7562.5,7563.0,77
2026-06-22 03:53:00,7562.75,7563.0,7562.0,7562.0,163
2026-06-22 03:54:00,7562.5,7562.75,7561.0,7561.25,239
2026-06-22 03:55:00,7561.25,7562.0,7561.25,7562.0,89
2026-06-22 03:56:00,7562.0,7562.25,7561.25,7561.25,117
2026-06-22 03:57:00,7561.5,7562.0,7560.5,7560.75,115
2026-06-22 03:58:00,7561.0,7562.0,7560.75,7562.0,129
2026-06-22 03:59:00,7561.75,7563.0,7561.5,7562.75,126
2026-06-22 04:00:00,7562.75,7563.75,7562.25,7562.25,235
2026-06-22 04:01:00,7562.5,7562.5,7561.5,7561.5,114
2026-06-22 04:02:00,7561.75,7562.25,7558.5,7558.5,396
2026-06-22 04:03:00,7559.0,7559.75,7558.25,7558.75,319
2026-06-22 04:04:00,7558.5,7559.25,7556.25,7557.0,407
2026-06-22 04:05:00,7557.0,7558.0,7556.5,7557.5,213
2026-06-22 04:06:00,7557.5,7557.75,7555.75,7556.5,297
2026-06-22 04:07:00,7556.5,7556.75,7555.75,7556.5,148
2026-06-22 04:08:00,7556.5,7557.25,7555.75,7557.25,169
2026-06-22 04:09:00,7557.0,7557.5,7556.0,7556.25,155
2026-06-22 04:10:00,7556.0,7556.25,7554.5,7555.0,229
2026-06-22 04:11:00,7555.0,7555.25,7552.5,7553.0,340
2026-06-22 04:12:00,7552.75,7556.5,7552.75,7556.5,332
2026-06-22 04:13:00,7556.5,7557.5,7556.0,7556.5,341
2026-06-22 04:14:00,7556.25,7556.75,7555.5,7556.25,212
2026-06-22 04:15:00,7556.5,7557.75,7554.75,7557.75,216
2026-06-22 04:16:00,7557.25,7557.5,7554.25,7554.25,214
2026-06-22 04:17:00,7554.75,7555.0,7554.25,7554.5,145
2026-06-22 04:18:00,7554.5,7555.25,7553.25,7555.0,197
2026-06-22 04:19:00,7555.0,7555.0,7553.25,7553.75,147
2026-06-22 04:20:00,7553.5,7555.25,7553.5,7554.0,146
2026-06-22 04:21:00,7554.25,7556.0,7553.75,7555.5,200
2026-06-22 04:22:00,7555.75,7556.25,7554.5,7554.5,118
2026-06-22 04:23:00,7554.75,7554.75,7552.5,7554.25,287
2026-06-22 04:24:00,7554.25,7556.25,7554.0,7556.0,194
2026-06-22 04:25:00,7555.75,7556.25,7555.25,7556.0,135
2026-06-22 04:26:00,7556.0,7556.25,7555.0,7555.75,107
2026-06-22 04:27:00,7556.0,7556.5,7555.75,7556.25,87
2026-06-22 04:28:00,7556.25,7556.5,7555.25,7555.5,132
2026-06-22 04:29:00,7555.75,7556.0,7554.25,7555.0,219
2026-06-22 04:30:00,7554.75,7554.75,7553.75,7554.0,107
2026-06-22 04:31:00,7554.25,7555.75,7554.25,7555.0,104
2026-06-22 04:32:00,7555.5,7556.0,7554.75,7555.0,235
2026-06-22 04:33:00,7555.0,7555.0,7553.75,7554.75,106
2026-06-22 04:34:00,7554.0,7555.75,7553.25,7555.75,211
2026-06-22 04:35:00,7556.0,7556.25,7555.25,7555.75,293
2026-06-22 04:36:00,7555.5,7557.25,7555.25,7557.25,220
2026-06-22 04:37:00,7557.25,7558.0,7556.75,7557.75,232
2026-06-22 04:38:00,7557.75,7557.75,7556.5,7556.5,175
2026-06-22 04:39:00,7556.5,7558.25,7556.5,7557.5,148
2026-06-22 04:40:00,7557.5,7558.25,7557.5,7558.25,115
2026-06-22 04:41:00,7558.5,7558.5,7557.25,7557.5,123
2026-06-22 04:42:00,7557.5,7557.75,7557.0,7557.5,77
2026-06-22 04:43:00,7557.5,7558.5,7557.0,7558.25,78
2026-06-22 04:44:00,7558.0,7560.0,7557.75,7560.0,182
2026-06-22 04:45:00,7559.75,7560.25,7558.5,7558.75,163
2026-06-22 04:46:00,7559.0,7559.0,7557.5,7558.25,98
2026-06-22 04:47:00,7558.25,7558.25,7556.5,7557.25,194
2026-06-22 04:48:00,7557.25,7557.25,7555.75,7555.75,223
2026-06-22 04:49:00,7555.75,7557.5,7555.5,7557.5,159
2026-06-22 04:50:00,7557.0,7558.0,7556.75,7557.75,155
2026-06-22 04:51:00,7557.5,7557.5,7556.0,7556.5,102
2026-06-22 04:52:00,7556.25,7558.0,7556.25,7557.75,102
2026-06-22 04:53:00,7557.5,7559.0,7557.25,7558.75,164
2026-06-22 04:54:00,7558.0,7559.25,7558.0,7559.0,80
2026-06-22 04:55:00,7559.25,7559.5,7558.0,7558.5,115
2026-06-22 04:56:00,7558.75,7560.25,7558.5,7559.75,221
2026-06-22 04:57:00,7559.75,7560.25,7558.75,7559.25,141
2026-06-22 04:58:00,7559.25,7560.0,7559.25,7559.5,227
2026-06-22 04:59:00,7559.75,7560.0,7559.25,7559.25,78
2026-06-22 05:00:00,7559.5,7560.0,7556.25,7557.0,271
2026-06-22 05:01:00,7557.25,7558.75,7557.0,7558.75,197
2026-06-22 05:02:00,7558.5,7559.0,7557.75,7559.0,86
2026-06-22 05:03:00,7559.25,7561.5,7559.25,7561.25,371
2026-06-22 05:04:00,7561.25,7562.75,7560.5,7562.75,256
2026-06-22 05:05:00,7563.0,7563.75,7562.0,7563.0,312
2026-06-22 05:06:00,7562.75,7564.5,7561.75,7564.0,264
2026-06-22 05:07:00,7563.75,7564.0,7561.5,7561.75,185
2026-06-22 05:08:00,7562.25,7563.75,7561.75,7563.5,119
2026-06-22 05:09:00,7563.5,7564.25,7562.75,7563.75,93
2026-06-22 05:10:00,7564.0,7564.0,7562.25,7562.5,97
2026-06-22 05:11:00,7562.25,7563.5,7561.75,7563.5,148
2026-06-22 05:12:00,7563.25,7564.5,7563.0,7563.25,195
2026-06-22 05:13:00,7563.25,7563.25,7561.25,7561.75,148
2026-06-22 05:14:00,7561.5,7563.0,7561.0,7563.0,117
2026-06-22 05:15:00,7562.75,7563.0,7561.25,7561.5,164
2026-06-22 05:16:00,7561.75,7561.75,7560.25,7561.25,138
2026-06-22 05:17:00,7561.5,7562.25,7561.0,7561.0,87
2026-06-22 05:18:00,7561.25,7561.75,7561.0,7561.75,75
2026-06-22 05:19:00,7561.0,7561.25,7560.25,7560.75,122
2026-06-22 05:20:00,7560.75,7562.25,7560.75,7561.75,106
2026-06-22 05:21:00,7561.25,7561.25,7560.0,7560.5,78
2026-06-22 05:22:00,7560.5,7561.25,7560.0,7560.25,84
2026-06-22 05:23:00,7560.5,7561.25,7560.0,7561.25,159
2026-06-22 05:24:00,7560.75,7561.5,7560.75,7561.0,123
2026-06-22 05:25:00,7561.25,7562.25,7561.0,7561.5,76
2026-06-22 05:26:00,7561.25,7562.0,7561.25,7562.0,77
2026-06-22 05:27:00,7562.0,7562.0,7560.0,7560.25,156
2026-06-22 05:28:00,7560.25,7560.5,7560.0,7560.5,49
2026-06-22 05:29:00,7560.0,7561.0,7559.75,7560.5,130
2026-06-22 05:30:00,7560.25,7560.75,7559.25,7559.5,170
2026-06-22 05:31:00,7559.75,7560.0,7558.75,7560.0,241
2026-06-22 05:32:00,7560.0,7560.0,7558.5,7558.75,243
2026-06-22 05:33:00,7558.75,7561.75,7558.25,7561.5,409
2026-06-22 05:34:00,7561.75,7562.0,7560.5,7560.5,137
2026-06-22 05:35:00,7560.5,7560.75,7559.75,7559.75,121
2026-06-22 05:36:00,7560.0,7560.25,7558.75,7558.75,167
2026-06-22 05:37:00,7558.75,7559.0,7558.5,7559.0,159
2026-06-22 05:38:00,7558.5,7558.75,7558.25,7558.5,50
2026-06-22 05:39:00,7558.5,7558.5,7557.25,7557.25,137
2026-06-22 05:40:00,7557.25,7558.0,7557.25,7557.75,71
2026-06-22 05:41:00,7557.5,7558.5,7556.75,7557.0,131
2026-06-22 05:42:00,7557.0,7557.75,7556.75,7557.25,88
2026-06-22 05:43:00,7557.75,7557.75,7556.0,7556.25,118
2026-06-22 05:44:00,7556.5,7557.0,7555.25,7556.25,181
2026-06-22 05:45:00,7556.5,7557.25,7556.0,7557.0,125
2026-06-22 05:46:00,7557.25,7558.25,7556.25,7556.5,87
2026-06-22 05:47:00,7556.75,7557.5,7556.5,7556.75,54
2026-06-22 05:48:00,7556.75,7557.25,7555.5,7556.25,157
2026-06-22 05:49:00,7556.25,7557.0,7556.0,7556.5,43
2026-06-22 05:50:00,7556.25,7557.0,7555.25,7556.75,192
2026-06-22 05:51:00,7556.75,7557.5,7556.25,7557.25,83
2026-06-22 05:52:00,7557.0,7557.25,7555.75,7557.25,68
2026-06-22 05:53:00,7557.25,7557.25,7556.0,7556.75,123
2026-06-22 05:54:00,7556.75,7556.75,7555.75,7556.5,104
2026-06-22 05:55:00,7556.5,7556.75,7554.5,7556.25,338
2026-06-22 05:56:00,7556.25,7557.5,7556.25,7557.0,193
2026-06-22 05:57:00,7556.75,7557.25,7556.25,7557.0,81
2026-06-22 05:58:00,7556.75,7557.0,7556.25,7556.75,73
2026-06-22 05:59:00,7556.25,7556.25,7554.75,7555.0,137
2026-06-22 06:00:00,7554.75,7557.0,7554.75,7556.5,136
2026-06-22 06:01:00,7556.5,7557.75,7556.25,7556.5,147
2026-06-22 06:02:00,7556.75,7559.25,7556.75,7558.75,574
2026-06-22 06:03:00,7559.0,7559.5,7558.75,7559.25,88
2026-06-22 06:04:00,7559.5,7561.0,7559.5,7560.75,197
2026-06-22 06:05:00,7561.0,7561.0,7560.0,7561.0,173
2026-06-22 06:06:00,7560.75,7562.0,7560.5,7562.0,191
2026-06-22 06:07:00,7561.75,7564.25,7561.5,7563.75,287
2026-06-22 06:08:00,7563.5,7564.75,7563.25,7564.25,202
2026-06-22 06:09:00,7564.5,7564.75,7563.25,7563.25,141
2026-06-22 06:10:00,7563.25,7564.75,7562.75,7564.5,172
2026-06-22 06:11:00,7564.5,7564.5,7563.25,7563.5,116
2026-06-22 06:12:00,7563.5,7563.75,7563.0,7563.25,132
2026-06-22 06:13:00,7563.25,7564.0,7563.0,7563.25,95
2026-06-22 06:14:00,7563.5,7563.5,7563.0,7563.0,83
2026-06-22 06:15:00,7562.75,7563.5,7562.75,7563.25,144
2026-06-22 06:16:00,7563.25,7564.5,7563.0,7564.5,164
2026-06-22 06:17:00,7564.5,7564.5,7563.75,7564.25,51
2026-06-22 06:18:00,7564.25,7564.5,7563.5,7563.5,100
2026-06-22 06:19:00,7563.5,7564.0,7563.0,7563.5,98
2026-06-22 06:20:00,7563.5,7564.25,7563.0,7564.25,112
2026-06-22 06:21:00,7564.0,7564.0,7562.75,7563.0,97
2026-06-22 06:22:00,7563.5,7563.75,7563.25,7563.75,43
2026-06-22 06:23:00,7563.75,7563.75,7563.5,7563.75,27
2026-06-22 06:24:00,7563.5,7564.25,7563.5,7564.25,58
2026-06-22 06:25:00,7564.0,7564.5,7563.75,7563.75,90
2026-06-22 06:26:00,7563.75,7564.0,7562.25,7562.25,179
2026-06-22 06:27:00,7562.25,7562.75,7562.0,7562.75,122
2026-06-22 06:28:00,7563.0,7563.0,7562.25,7562.5,40
2026-06-22 06:29:00,7562.5,7563.25,7562.25,7563.0,38
2026-06-22 06:30:00,7563.0,7563.0,7559.25,7559.25,354
2026-06-22 06:31:00,7559.5,7560.0,7559.0,7559.25,153
2026-06-22 06:32:00,7559.0,7560.5,7559.0,7560.0,174
2026-06-22 06:33:00,7560.0,7560.5,7559.25,7560.25,51
2026-06-22 06:34:00,7560.25,7560.75,7559.75,7560.0,64
2026-06-22 06:35:00,7560.0,7560.75,7559.75,7560.75,117
2026-06-22 06:36:00,7560.5,7561.0,7559.25,7559.5,147
2026-06-22 06:37:00,7559.25,7559.5,7558.25,7559.0,164
2026-06-22 06:38:00,7559.0,7559.0,7557.75,7558.0,139
2026-06-22 06:39:00,7558.0,7558.5,7557.75,7558.0,106
2026-06-22 06:40:00,7558.0,7558.75,7556.75,7558.0,276
2026-06-22 06:41:00,7558.0,7558.25,7557.75,7558.25,68
2026-06-22 06:42:00,7558.5,7558.75,7557.75,7557.75,183
2026-06-22 06:43:00,7558.5,7558.5,7557.75,7558.25,124
2026-06-22 06:44:00,7558.5,7559.75,7558.5,7559.25,182
2026-06-22 06:45:00,7559.25,7561.5,7559.25,7561.0,271
2026-06-22 06:46:00,7561.0,7561.75,7560.75,7561.25,132
2026-06-22 06:47:00,7561.25,7561.5,7560.5,7561.0,112
2026-06-22 06:48:00,7561.0,7561.75,7560.75,7561.75,99
2026-06-22 06:49:00,7561.75,7562.5,7561.5,7561.75,154
2026-06-22 06:50:00,7561.75,7562.0,7560.75,7561.25,75
2026-06-22 06:51:00,7561.5,7561.5,7560.25,7561.0,149
2026-06-22 06:52:00,7561.25,7561.25,7558.5,7559.0,321
2026-06-22 06:53:00,7559.0,7559.75,7558.75,7559.5,66
2026-06-22 06:54:00,7559.75,7560.25,7558.5,7559.5,93
2026-06-22 06:55:00,7559.5,7559.75,7558.75,7559.0,31
2026-06-22 06:56:00,7559.25,7559.5,7558.5,7559.25,68
2026-06-22 06:57:00,7559.25,7559.25,7558.25,7558.75,108
2026-06-22 06:58:00,7558.5,7559.0,7557.75,7558.25,273
2026-06-22 06:59:00,7558.25,7559.25,7558.25,7558.75,83
2026-06-22 07:00:00,7558.5,7561.25,7558.5,7559.75,304
2026-06-22 07:01:00,7559.5,7561.0,7558.75,7561.0,169
2026-06-22 07:02:00,7560.75,7562.75,7560.5,7562.5,206
2026-06-22 07:03:00,7562.5,7562.75,7561.75,7562.25,138
2026-06-22 07:04:00,7562.25,7568.5,7562.0,7567.0,1627
2026-06-22 07:05:00,7567.0,7576.75,7566.5,7575.0,2943
2026-06-22 07:06:00,7574.5,7578.0,7569.25,7574.5,2340
2026-06-22 07:07:00,7574.25,7577.0,7570.25,7570.75,1230
2026-06-22 07:08:00,7570.75,7572.0,7569.75,7570.5,453
2026-06-22 07:09:00,7570.25,7570.25,7568.5,7569.0,381
2026-06-22 07:10:00,7568.5,7568.75,7564.5,7564.75,622
2026-06-22 07:11:00,7564.75,7564.75,7560.75,7561.75,817
2026-06-22 07:12:00,7561.75,7562.75,7561.0,7561.5,374
2026-06-22 07:13:00,7561.5,7562.5,7560.25,7561.25,483
2026-06-22 07:14:00,7560.75,7563.5,7560.0,7562.75,631
2026-06-22 07:15:00,7562.5,7563.0,7561.25,7561.25,401
2026-06-22 07:16:00,7561.75,7562.75,7561.25,7562.25,209
2026-06-22 07:17:00,7562.5,7563.25,7561.75,7563.0,185
2026-06-22 07:18:00,7563.0,7564.25,7563.0,7563.25,198
2026-06-22 07:19:00,7563.5,7564.0,7563.0,7563.75,138
2026-06-22 07:20:00,7563.5,7563.75,7562.25,7562.75,252
2026-06-22 07:21:00,7563.0,7563.5,7561.75,7562.5,204
2026-06-22 07:22:00,7562.5,7562.75,7560.75,7562.25,188
2026-06-22 07:23:00,7562.25,7562.25,7561.0,7562.25,142
2026-06-22 07:24:00,7562.5,7563.25,7562.0,7563.0,78
2026-06-22 07:25:00,7562.75,7563.25,7562.5,7562.5,123
2026-06-22 07:26:00,7562.0,7564.0,7561.75,7563.5,136
2026-06-22 07:27:00,7563.75,7563.75,7563.25,7563.5,95
2026-06-22 07:28:00,7563.25,7563.5,7561.75,7562.5,205
2026-06-22 07:29:00,7562.75,7562.75,7561.25,7561.75,99
2026-06-22 07:30:00,7561.75,7562.5,7560.75,7561.75,142
2026-06-22 07:31:00,7562.0,7562.5,7561.0,7562.25,220
2026-06-22 07:32:00,7562.25,7563.5,7561.75,7563.25,217
2026-06-22 07:33:00,7563.5,7565.5,7563.25,7564.0,631
2026-06-22 07:34:00,7564.25,7564.5,7563.25,7563.75,197
2026-06-22 07:35:00,7563.75,7565.5,7563.75,7564.5,278
2026-06-22 07:36:00,7564.5,7564.75,7563.0,7563.75,218
2026-06-22 07:37:00,7563.5,7565.75,7563.5,7564.25,351
2026-06-22 07:38:00,7564.25,7565.75,7563.75,7565.75,128
2026-06-22 07:39:00,7565.75,7565.75,7565.0,7565.25,275
2026-06-22 07:40:00,7565.25,7565.5,7562.0,7563.25,620
2026-06-22 07:41:00,7563.25,7563.75,7562.5,7563.5,253
2026-06-22 07:42:00,7563.5,7563.5,7562.25,7563.0,157
2026-06-22 07:43:00,7562.75,7564.25,7562.75,7563.75,143
2026-06-22 07:44:00,7564.0,7564.25,7563.0,7563.25,234
2026-06-22 07:45:00,7563.5,7563.5,7561.0,7561.75,256
2026-06-22 07:46:00,7562.0,7562.75,7561.75,7562.5,197
2026-06-22 07:47:00,7562.25,7563.25,7561.75,7562.5,126
2026-06-22 07:48:00,7562.75,7564.5,7559.0,7564.0,1580
2026-06-22 07:49:00,7563.75,7564.5,7563.5,7564.25,161
2026-06-22 07:50:00,7564.5,7564.5,7562.75,7563.75,192
2026-06-22 07:51:00,7564.0,7564.5,7562.25,7562.75,281
2026-06-22 07:52:00,7562.5,7563.25,7560.5,7561.25,448
2026-06-22 07:53:00,7561.25,7561.75,7560.0,7561.75,379
2026-06-22 07:54:00,7561.75,7562.25,7561.25,7561.25,169
2026-06-22 07:55:00,7561.5,7565.0,7561.0,7564.25,678
2026-06-22 07:56:00,7564.25,7564.25,7561.25,7561.5,433
2026-06-22 07:57:00,7561.25,7563.25,7561.25,7563.25,255
2026-06-22 07:58:00,7563.25,7563.5,7563.0,7563.25,149
2026-06-22 07:59:00,7563.25,7564.0,7563.0,7563.5,187
2026-06-22 08:00:00,7563.75,7565.5,7563.75,7565.0,368
2026-06-22 08:01:00,7564.75,7565.0,7563.75,7564.75,197
2026-06-22 08:02:00,7564.75,7565.0,7563.75,7564.75,168
2026-06-22 08:03:00,7564.25,7565.25,7564.25,7565.0,209
2026-06-22 08:04:00,7565.25,7567.0,7564.75,7566.75,255
2026-06-22 08:05:00,7566.75,7567.25,7566.5,7566.75,310
2026-06-22 08:06:00,7566.75,7567.25,7566.5,7567.0,128
2026-06-22 08:07:00,7567.0,7567.75,7566.5,7566.75,203
2026-06-22 08:08:00,7566.75,7568.5,7566.25,7568.25,253
2026-06-22 08:09:00,7568.0,7569.0,7567.75,7568.75,287
2026-06-22 08:10:00,7568.75,7569.0,7567.5,7568.25,254
2026-06-22 08:11:00,7568.25,7569.5,7568.25,7569.5,341
2026-06-22 08:12:00,7569.25,7570.0,7569.0,7569.75,209
2026-06-22 08:13:00,7569.75,7570.25,7569.0,7569.75,219
2026-06-22 08:14:00,7569.5,7570.0,7569.25,7569.75,149
2026-06-22 08:15:00,7569.5,7570.25,7568.0,7569.5,233
2026-06-22 08:16:00,7569.5,7569.5,7568.25,7569.5,147
2026-06-22 08:17:00,7569.5,7569.5,7567.75,7568.25,174
2026-06-22 08:18:00,7568.25,7569.0,7567.75,7568.75,168
2026-06-22 08:19:00,7568.5,7569.0,7567.75,7569.0,150
2026-06-22 08:20:00,7568.75,7571.5,7568.75,7571.25,354
2026-06-22 08:21:00,7571.0,7572.75,7571.0,7572.25,386
2026-06-22 08:22:00,7572.0,7574.25,7572.0,7573.75,543
2026-06-22 08:23:00,7573.75,7574.0,7572.5,7573.5,542
2026-06-22 08:24:00,7573.5,7573.75,7572.5,7573.5,178
2026-06-22 08:25:00,7573.5,7573.75,7571.75,7572.5,332
2026-06-22 08:26:00,7572.5,7573.25,7572.5,7573.25,167
2026-06-22 08:27:00,7572.75,7573.75,7572.5,7573.75,290
2026-06-22 08:28:00,7573.75,7574.0,7572.75,7573.0,594
2026-06-22 08:29:00,7573.0,7574.5,7573.0,7574.0,363
2026-06-22 08:30:00,7574.25,7575.0,7573.0,7573.5,622
2026-06-22 08:31:00,7573.5,7573.75,7572.25,7573.0,359
2026-06-22 08:32:00,7573.25,7575.0,7573.0,7574.75,286
2026-06-22 08:33:00,7575.0,7575.5,7574.25,7574.75,240
2026-06-22 08:34:00,7574.75,7575.75,7574.0,7575.75,393
2026-06-22 08:35:00,7575.5,7576.5,7575.25,7575.75,508
2026-06-22 08:36:00,7576.0,7576.25,7575.25,7576.0,258
2026-06-22 08:37:00,7575.75,7575.75,7573.75,7574.0,549
2026-06-22 08:38:00,7574.0,7574.25,7573.0,7574.0,361
2026-06-22 08:39:00,7574.0,7574.5,7573.0,7573.25,241
2026-06-22 08:40:00,7573.25,7574.5,7572.25,7573.5,472
2026-06-22 08:41:00,7573.5,7574.75,7573.0,7573.0,236
2026-06-22 08:42:00,7573.0,7573.0,7570.25,7570.5,630
2026-06-22 08:43:00,7570.5,7571.5,7570.25,7571.0,370
2026-06-22 08:44:00,7571.25,7571.5,7570.25,7570.75,147
2026-06-22 08:45:00,7571.0,7571.75,7569.75,7569.75,471
2026-06-22 08:46:00,7569.5,7570.0,7568.75,7569.75,462
2026-06-22 08:47:00,7569.75,7570.0,7569.5,7569.5,240
2026-06-22 08:48:00,7570.25,7570.5,7569.25,7570.25,284
2026-06-22 08:49:00,7570.25,7571.0,7570.0,7570.75,233
2026-06-22 08:50:00,7570.25,7570.75,7569.75,7570.0,179
2026-06-22 08:51:00,7570.0,7570.25,7568.5,7569.0,337
2026-06-22 08:52:00,7569.0,7569.75,7569.0,7569.5,191
2026-06-22 08:53:00,7569.5,7570.25,7569.25,7570.25,151
2026-06-22 08:54:00,7570.0,7570.0,7568.25,7568.75,272
2026-06-22 08:55:00,7568.75,7570.0,7568.5,7569.25,174
2026-06-22 08:56:00,7569.5,7570.0,7568.5,7569.25,138
2026-06-22 08:57:00,7569.25,7569.5,7568.5,7568.5,276
2026-06-22 08:58:00,7568.75,7569.5,7568.75,7569.0,139
2026-06-22 08:59:00,7568.75,7569.0,7567.5,7568.0,546
2026-06-22 09:00:00,7568.0,7578.0,7568.0,7576.5,4507
2026-06-22 09:01:00,7576.5,7577.25,7574.5,7574.75,1224
2026-06-22 09:02:00,7574.75,7576.25,7574.0,7574.25,606
2026-06-22 09:03:00,7574.5,7577.25,7574.0,7576.25,888
2026-06-22 09:04:00,7576.0,7577.25,7574.0,7574.25,647
2026-06-22 09:05:00,7574.25,7574.75,7573.0,7573.5,552
2026-06-22 09:06:00,7573.25,7573.75,7571.25,7571.5,547
2026-06-22 09:07:00,7571.5,7572.5,7570.25,7571.25,741
2026-06-22 09:08:00,7571.0,7571.0,7569.25,7570.0,833
2026-06-22 09:09:00,7569.75,7571.0,7569.25,7570.75,626
2026-06-22 09:10:00,7570.5,7572.0,7569.75,7572.0,1292
2026-06-22 09:11:00,7572.0,7576.75,7571.25,7574.5,2952
2026-06-22 09:12:00,7574.5,7575.5,7573.0,7574.75,1061
2026-06-22 09:13:00,7575.0,7575.5,7574.25,7574.75,481
2026-06-22 09:14:00,7574.75,7576.75,7574.5,7576.5,404
2026-06-22 09:15:00,7576.5,7577.5,7575.5,7575.75,988
2026-06-22 09:16:00,7575.75,7576.75,7573.75,7573.75,510
2026-06-22 09:17:00,7574.0,7576.0,7573.25,7575.75,468
2026-06-22 09:18:00,7575.75,7576.5,7574.75,7575.0,345
2026-06-22 09:19:00,7575.0,7575.75,7574.5,7575.25,306
2026-06-22 09:20:00,7575.25,7576.0,7574.75,7575.25,316
2026-06-22 09:21:00,7575.25,7576.75,7575.0,7576.0,240
2026-06-22 09:22:00,7576.25,7579.0,7576.0,7578.75,825
2026-06-22 09:23:00,7578.5,7578.75,7576.5,7577.5,530
2026-06-22 09:24:00,7577.5,7578.0,7576.25,7577.5,356
2026-06-22 09:25:00,7577.75,7578.5,7574.75,7575.0,1083
2026-06-22 09:26:00,7575.0,7576.5,7574.75,7576.25,710
2026-06-22 09:27:00,7576.0,7576.25,7573.25,7573.5,820
2026-06-22 09:28:00,7573.5,7574.25,7572.25,7572.75,1145
2026-06-22 09:29:00,7572.75,7573.75,7572.25,7573.25,1070
2026-06-22 09:30:00,7573.25,7587.5,7571.5,7586.75,10865
2026-06-22 09:31:00,7586.5,7590.25,7584.75,7587.0,6463
2026-06-22 09:32:00,7587.0,7589.25,7585.25,7586.25,3845
2026-06-22 09:33:00,7586.25,7587.25,7577.0,7578.75,6818
2026-06-22 09:34:00,7578.75,7580.5,7576.0,7578.0,4212
2026-06-22 09:35:00,7578.25,7583.75,7576.75,7583.5,4901
2026-06-22 09:36:00,7583.5,7588.75,7582.75,7588.25,4896
2026-06-22 09:37:00,7588.0,7591.5,7587.75,7590.0,4308
2026-06-22 09:38:00,7590.0,7593.75,7589.75,7593.5,4153
2026-06-22 09:39:00,7593.25,7595.5,7592.5,7595.5,3856
2026-06-22 09:40:00,7595.25,7596.75,7590.0,7593.0,5081
2026-06-22 09:41:00,7593.25,7594.25,7583.75,7584.25,5057
2026-06-22 09:42:00,7584.25,7586.75,7582.0,7582.0,5137
2026-06-22 09:43:00,7582.0,7582.75,7576.0,7580.0,6695
2026-06-22 09:44:00,7580.0,7581.75,7577.75,7578.75,4449
2026-06-22 09:45:00,7578.5,7582.75,7576.5,7581.75,5068
2026-06-22 09:46:00,7581.75,7584.0,7580.25,7583.25,4059
2026-06-22 09:47:00,7583.0,7589.0,7581.25,7588.75,5086
2026-06-22 09:48:00,7588.75,7593.0,7588.25,7592.25,3828
2026-06-22 09:49:00,7592.25,7595.5,7591.0,7591.75,4548
2026-06-22 09:50:00,7592.0,7592.25,7587.25,7592.0,4511
2026-06-22 09:51:00,7592.0,7592.0,7587.0,7590.0,2778
2026-06-22 09:52:00,7590.0,7592.0,7588.0,7590.5,2562
2026-06-22 09:53:00,7590.5,7593.0,7590.0,7590.0,2245
2026-06-22 09:54:00,7590.25,7592.0,7586.25,7587.5,3210
2026-06-22 09:55:00,7587.25,7587.5,7584.0,7584.75,3750
2026-06-22 09:56:00,7584.5,7592.0,7584.25,7591.5,3449
2026-06-22 09:57:00,7591.5,7593.0,7589.0,7592.0,2540
2026-06-22 09:58:00,7592.0,7595.0,7590.75,7595.0,2055
2026-06-22 09:59:00,7594.75,7596.5,7593.5,7596.5,2220
2026-06-22 10:00:00,7596.0,7597.5,7592.25,7593.5,4246
2026-06-22 10:01:00,7593.75,7596.0,7593.25,7595.25,1863
2026-06-22 10:02:00,7595.25,7595.5,7591.0,7591.25,2722
2026-06-22 10:03:00,7591.0,7593.75,7591.0,7593.0,1926
2026-06-22 10:04:00,7593.0,7594.0,7592.25,7593.0,1207
2026-06-22 10:05:00,7593.25,7594.5,7590.5,7591.75,2604
2026-06-22 10:06:00,7591.75,7594.0,7590.75,7591.5,1753
2026-06-22 10:07:00,7591.5,7594.0,7591.0,7593.5,1305
2026-06-22 10:08:00,7593.75,7596.0,7593.5,7595.75,2886
2026-06-22 10:09:00,7595.5,7597.0,7595.25,7596.75,2590
2026-06-22 10:10:00,7596.75,7599.25,7596.5,7596.75,3535
2026-06-22 10:11:00,7597.0,7597.0,7592.25,7592.75,3853
2026-06-22 10:12:00,7593.0,7595.0,7591.5,7592.75,2036
2026-06-22 10:13:00,7592.75,7594.25,7590.0,7590.5,2427
2026-06-22 10:14:00,7590.75,7591.75,7589.0,7589.75,2508
2026-06-22 10:15:00,7590.0,7591.0,7587.5,7588.75,2959
2026-06-22 10:16:00,7589.0,7589.25,7585.25,7586.0,3672
2026-06-22 10:17:00,7586.0,7587.5,7579.25,7580.5,5485
2026-06-22 10:18:00,7580.5,7584.25,7580.25,7583.25,3655
2026-06-22 10:19:00,7583.25,7585.25,7580.5,7581.25,2846
2026-06-22 10:20:00,7581.0,7581.75,7574.0,7578.0,6410
2026-06-22 10:21:00,7578.0,7581.5,7578.0,7580.25,3186
2026-06-22 10:22:00,7580.25,7581.5,7577.0,7577.75,2541
2026-06-22 10:23:00,7577.5,7578.0,7574.5,7574.75,2805
2026-06-22 10:24:00,7574.75,7575.0,7569.5,7571.75,6179
2026-06-22 10:25:00,7571.5,7574.5,7569.25,7572.25,5026
2026-06-22 10:26:00,7572.25,7574.75,7570.75,7573.0,3739
2026-06-22 10:27:00,7573.0,7573.0,7563.75,7564.0,7781
2026-06-22 10:28:00,7564.0,7568.5,7564.0,7565.0,5507
2026-06-22 10:29:00,7564.75,7564.75,7560.5,7561.25,5701
2026-06-22 10:30:00,7561.25,7562.5,7553.0,7553.25,10796
2026-06-22 10:31:00,7553.25,7558.75,7550.0,7551.5,7336
2026-06-22 10:32:00,7551.25,7552.25,7545.75,7547.75,8785
2026-06-22 10:33:00,7547.5,7551.75,7546.0,7550.0,6831
2026-06-22 10:34:00,7550.0,7553.75,7549.5,7550.75,6494
2026-06-22 10:35:00,7551.0,7556.25,7547.0,7555.5,6924
2026-06-22 10:36:00,7555.25,7555.25,7550.75,7552.25,4610
2026-06-22 10:37:00,7552.75,7553.0,7548.0,7552.0,4056
2026-06-22 10:38:00,7551.75,7553.25,7546.5,7548.75,4113
2026-06-22 10:39:00,7548.75,7551.75,7545.75,7550.5,4707
2026-06-22 10:40:00,7550.5,7553.5,7549.5,7551.25,4068
2026-06-22 10:41:00,7551.25,7551.25,7546.5,7548.25,4194
2026-06-22 10:42:00,7548.25,7549.75,7546.25,7547.5,3311
2026-06-22 10:43:00,7547.5,7549.0,7542.5,7544.75,6676
2026-06-22 10:44:00,7544.75,7545.0,7540.0,7541.0,5550
2026-06-22 10:45:00,7541.0,7547.5,7540.5,7543.5,6955
2026-06-22 10:46:00,7543.75,7548.25,7542.5,7547.5,4573
2026-06-22 10:47:00,7547.75,7549.5,7542.25,7543.75,5483
2026-06-22 10:48:00,7543.75,7546.5,7542.0,7545.0,3581
2026-06-22 10:49:00,7545.0,7545.5,7541.5,7544.0,3629
2026-06-22 10:50:00,7544.0,7546.75,7541.5,7541.75,3458
2026-06-22 10:51:00,7541.75,7543.0,7538.0,7539.0,5850
2026-06-22 10:52:00,7539.25,7541.75,7537.5,7540.25,3936
2026-06-22 10:53:00,7540.25,7541.75,7538.25,7540.5,2536
2026-06-22 10:54:00,7540.5,7541.25,7532.25,7534.25,6981
2026-06-22 10:55:00,7534.25,7535.25,7527.25,7531.5,7313
2026-06-22 10:56:00,7531.25,7535.75,7531.0,7535.25,5231
2026-06-22 10:57:00,7535.5,7539.75,7535.25,7539.25,4542
2026-06-22 10:58:00,7539.0,7543.75,7538.75,7543.0,3908
2026-06-22 10:59:00,7542.5,7545.0,7541.75,7543.0,2886
2026-06-22 11:00:00,7543.0,7548.25,7541.25,7547.0,4806
2026-06-22 11:01:00,7547.25,7550.0,7547.0,7549.25,3656
2026-06-22 11:02:00,7549.25,7550.0,7546.75,7548.75,2385
2026-06-22 11:03:00,7548.75,7549.75,7547.25,7548.25,1493
2026-06-22 11:04:00,7548.25,7549.0,7546.0,7546.5,2069
2026-06-22 11:05:00,7546.5,7547.0,7540.25,7542.0,5080
2026-06-22 11:06:00,7541.75,7542.25,7537.25,7537.5,3855
2026-06-22 11:07:00,7537.5,7540.0,7536.0,7539.5,3172
2026-06-22 11:08:00,7539.25,7541.5,7537.75,7541.25,2702
2026-06-22 11:09:00,7541.25,7542.5,7537.25,7538.5,2741
2026-06-22 11:10:00,7539.0,7540.75,7536.5,7537.25,2640
2026-06-22 11:11:00,7537.25,7543.5,7537.25,7542.5,2524
2026-06-22 11:12:00,7542.75,7544.25,7540.75,7543.5,2920
2026-06-22 11:13:00,7543.75,7544.5,7541.25,7544.0,2365
2026-06-22 11:14:00,7544.0,7544.75,7539.0,7540.75,2988
2026-06-22 11:15:00,7540.5,7543.0,7539.5,7540.0,2508
2026-06-22 11:16:00,7539.75,7543.0,7539.5,7542.5,2267
2026-06-22 11:17:00,7542.5,7543.25,7537.75,7542.0,3664
2026-06-22 11:18:00,7541.75,7545.5,7540.25,7540.75,4379
2026-06-22 11:19:00,7540.75,7542.25,7535.25,7537.75,4806
2026-06-22 11:20:00,7537.75,7538.5,7534.5,7536.5,3537
2026-06-22 11:21:00,7536.5,7540.75,7536.5,7539.25,3915
2026-06-22 11:22:00,7539.25,7543.0,7538.5,7538.75,3890
2026-06-22 11:23:00,7538.75,7544.75,7538.25,7544.75,2426
2026-06-22 11:24:00,7544.5,7546.0,7542.75,7544.25,3234
2026-06-22 11:25:00,7544.0,7547.0,7539.25,7543.75,6244
2026-06-22 11:26:00,7544.25,7545.75,7540.5,7542.5,3565
2026-06-22 11:27:00,7542.5,7545.25,7541.25,7543.5,2154
2026-06-22 11:28:00,7543.25,7543.25,7539.0,7539.75,3115
2026-06-22 11:29:00,7539.5,7542.0,7537.5,7539.75,3885
2026-06-22 11:30:00,7539.75,7541.75,7537.75,7540.25,3474
2026-06-22 11:31:00,7540.25,7542.25,7538.25,7541.5,2564
2026-06-22 11:32:00,7541.75,7542.75,7538.75,7540.5,1543
2026-06-22 11:33:00,7540.75,7546.5,7539.5,7544.75,6337
2026-06-22 11:34:00,7544.75,7546.25,7541.75,7542.25,2425
2026-06-22 11:35:00,7542.25,7544.5,7540.5,7543.75,2340
2026-06-22 11:36:00,7544.0,7547.75,7543.5,7547.0,2377
2026-06-22 11:37:00,7547.0,7547.75,7544.0,7546.5,1997
2026-06-22 11:38:00,7546.5,7547.75,7545.5,7545.75,1412
2026-06-22 11:39:00,7546.0,7548.25,7545.0,7547.75,1694
2026-06-22 11:40:00,7547.75,7551.5,7547.75,7551.5,2611
2026-06-22 11:41:00,7551.25,7553.75,7551.0,7553.5,2865
2026-06-22 11:42:00,7553.75,7558.0,7553.5,7556.25,3421
2026-06-22 11:43:00,7556.25,7557.0,7555.25,7556.25,2345
2026-06-22 11:44:00,7556.25,7557.25,7554.5,7555.0,1736
2026-06-22 11:45:00,7555.0,7559.25,7554.25,7558.0,2693
2026-06-22 11:46:00,7557.75,7558.5,7554.75,7554.75,1736
2026-06-22 11:47:00,7554.75,7555.0,7552.0,7552.25,2570
2026-06-22 11:48:00,7552.25,7552.75,7550.5,7551.25,2006
2026-06-22 11:49:00,7551.5,7551.5,7539.25,7540.5,7606
2026-06-22 11:50:00,7540.5,7545.0,7540.5,7544.75,5333
2026-06-22 11:51:00,7544.5,7546.0,7542.0,7543.25,2352
2026-06-22 11:52:00,7543.25,7545.75,7542.25,7543.25,1641
2026-06-22 11:53:00,7543.25,7544.25,7542.0,7543.5,1469
2026-06-22 11:54:00,7543.5,7545.75,7541.5,7542.0,1523
2026-06-22 11:55:00,7542.0,7546.5,7540.25,7544.75,2540
2026-06-22 11:56:00,7544.75,7547.25,7541.5,7541.75,2219
2026-06-22 11:57:00,7542.0,7544.25,7541.5,7543.5,1830
2026-06-22 11:58:00,7543.75,7545.0,7541.25,7543.25,1518
2026-06-22 11:59:00,7543.25,7544.5,7541.25,7542.5,1254
2026-06-22 12:00:00,7542.75,7544.5,7540.0,7542.25,2233
2026-06-22 12:01:00,7542.25,7542.5,7536.0,7538.25,4070
2026-06-22 12:02:00,7538.5,7539.5,7535.5,7536.5,2371
2026-06-22 12:03:00,7536.25,7536.5,7532.25,7533.5,3325
2026-06-22 12:04:00,7533.25,7534.75,7532.0,7533.75,2328
2026-06-22 12:05:00,7533.5,7536.0,7532.5,7534.25,2544
2026-06-22 12:06:00,7534.0,7536.75,7532.5,7535.5,2093
2026-06-22 12:07:00,7535.5,7537.75,7534.25,7536.5,1846
2026-06-22 12:08:00,7536.5,7538.5,7535.5,7537.5,1712
2026-06-22 12:09:00,7537.75,7539.75,7536.25,7538.25,2469
2026-06-22 12:10:00,7538.25,7541.25,7537.75,7539.75,2436
2026-06-22 12:11:00,7539.75,7542.75,7537.75,7540.75,2173
2026-06-22 12:12:00,7540.5,7541.75,7538.75,7541.0,1456
2026-06-22 12:13:00,7541.0,7543.5,7540.5,7542.75,1250
2026-06-22 12:14:00,7542.5,7546.5,7541.75,7546.5,2735
2026-06-22 12:15:00,7546.25,7547.25,7543.0,7543.5,1669
2026-06-22 12:16:00,7543.5,7545.75,7543.0,7543.25,1506
2026-06-22 12:17:00,7543.0,7545.25,7542.25,7543.5,1371
2026-06-22 12:18:00,7543.5,7544.0,7541.0,7544.0,1546
2026-06-22 12:19:00,7543.75,7546.5,7542.5,7546.25,1212
2026-06-22 12:20:00,7546.25,7550.25,7546.0,7549.75,2680
2026-06-22 12:21:00,7549.75,7550.5,7547.5,7547.5,1283
2026-06-22 12:22:00,7547.5,7547.75,7540.75,7541.75,3075
2026-06-22 12:23:00,7542.0,7544.5,7541.75,7542.5,1125
2026-06-22 12:24:00,7542.5,7543.0,7540.25,7541.75,1281
2026-06-22 12:25:00,7541.5,7543.25,7540.5,7542.75,1073
2026-06-22 12:26:00,7542.5,7544.0,7540.0,7540.75,1288
2026-06-22 12:27:00,7540.5,7542.25,7540.0,7541.25,1089
2026-06-22 12:28:00,7541.0,7545.5,7540.0,7545.5,1522
2026-06-22 12:29:00,7545.25,7545.75,7544.0,7544.5,1156
2026-06-22 12:30:00,7544.25,7544.75,7543.0,7544.0,902
2026-06-22 12:31:00,7543.75,7545.25,7543.5,7544.5,923
2026-06-22 12:32:00,7544.25,7544.25,7539.25,7540.5,1784
2026-06-22 12:33:00,7540.5,7541.25,7540.0,7540.5,850
2026-06-22 12:34:00,7540.25,7541.0,7539.0,7539.75,1322
2026-06-22 12:35:00,7539.75,7541.5,7537.25,7538.25,1729
2026-06-22 12:36:00,7538.25,7540.75,7537.0,7540.25,1568
2026-06-22 12:37:00,7540.25,7540.75,7538.25,7539.75,746
2026-06-22 12:38:00,7539.75,7540.5,7538.75,7539.0,601
2026-06-22 12:39:00,7539.0,7541.5,7538.5,7540.5,1064
2026-06-22 12:40:00,7540.5,7541.75,7536.75,7537.5,1940
2026-06-22 12:41:00,7537.5,7542.0,7537.5,7540.0,1433
2026-06-22 12:42:00,7540.0,7541.25,7538.75,7540.5,668
2026-06-22 12:43:00,7540.75,7541.0,7537.5,7538.5,947
2026-06-22 12:44:00,7538.5,7540.75,7538.25,7540.0,951
2026-06-22 12:45:00,7540.0,7540.75,7538.25,7538.5,840
2026-06-22 12:46:00,7538.25,7542.25,7537.75,7542.25,1475
2026-06-22 12:47:00,7542.0,7544.75,7542.0,7544.25,1880
2026-06-22 12:48:00,7544.0,7544.75,7542.75,7543.75,1052
2026-06-22 12:49:00,7543.75,7546.25,7542.5,7546.25,1274
2026-06-22 12:50:00,7546.0,7548.75,7545.25,7548.25,2368
2026-06-22 12:51:00,7548.5,7548.75,7546.5,7547.75,1068
2026-06-22 12:52:00,7547.75,7548.75,7546.5,7547.75,803
2026-06-22 12:53:00,7547.75,7547.75,7545.0,7545.25,1279
2026-06-22 12:54:00,7545.25,7547.75,7545.25,7547.25,783
2026-06-22 12:55:00,7547.5,7549.0,7545.5,7546.0,1478
2026-06-22 12:56:00,7546.0,7546.5,7544.5,7545.5,1638
2026-06-22 12:57:00,7546.0,7546.0,7543.0,7544.25,1467
2026-06-22 12:58:00,7544.5,7549.75,7543.75,7546.5,4132
2026-06-22 12:59:00,7546.5,7547.25,7545.5,7546.0,795
2026-06-22 13:00:00,7546.25,7546.75,7544.0,7545.5,1137
2026-06-22 13:01:00,7545.75,7545.75,7544.25,7544.5,899
2026-06-22 13:02:00,7544.25,7544.5,7542.5,7544.0,1440
2026-06-22 13:03:00,7544.0,7546.75,7543.5,7546.5,1216
2026-06-22 13:04:00,7546.5,7547.0,7544.5,7544.75,698
2026-06-22 13:05:00,7545.0,7545.0,7540.5,7540.75,1764
2026-06-22 13:06:00,7540.75,7541.0,7536.0,7538.0,2543
2026-06-22 13:07:00,7538.0,7538.5,7535.25,7537.25,1671
2026-06-22 13:08:00,7537.5,7539.25,7537.25,7538.0,895
2026-06-22 13:09:00,7538.0,7540.5,7537.5,7538.25,986
2026-06-22 13:10:00,7538.25,7540.75,7537.75,7539.25,954
2026-06-22 13:11:00,7539.25,7540.75,7538.25,7539.75,829
2026-06-22 13:12:00,7539.75,7541.25,7539.5,7541.25,1155
2026-06-22 13:13:00,7541.25,7542.0,7539.75,7542.0,953
2026-06-22 13:14:00,7541.75,7542.25,7539.5,7542.25,950
2026-06-22 13:15:00,7542.25,7546.75,7542.0,7545.75,2232
2026-06-22 13:16:00,7546.0,7546.0,7543.5,7544.5,1005
2026-06-22 13:17:00,7544.75,7544.75,7542.5,7543.0,892
2026-06-22 13:18:00,7543.25,7546.0,7543.25,7545.75,693
2026-06-22 13:19:00,7546.0,7547.0,7544.5,7546.5,1308
2026-06-22 13:20:00,7546.5,7549.0,7546.25,7546.75,1222
2026-06-22 13:21:00,7546.5,7547.0,7544.25,7545.0,973
2026-06-22 13:22:00,7545.0,7545.75,7543.25,7543.75,934
2026-06-22 13:23:00,7543.75,7546.25,7543.25,7545.25,635
2026-06-22 13:24:00,7545.25,7546.25,7544.75,7545.0,427
2026-06-22 13:25:00,7545.25,7545.25,7543.25,7543.75,566
2026-06-22 13:26:00,7543.75,7545.5,7542.75,7545.5,882
2026-06-22 13:27:00,7545.5,7546.5,7544.0,7544.25,469
2026-06-22 13:28:00,7544.5,7546.0,7543.5,7544.75,538
2026-06-22 13:29:00,7544.5,7544.75,7543.0,7543.25,507
2026-06-22 13:30:00,7543.25,7544.5,7542.0,7544.5,1178
2026-06-22 13:31:00,7544.25,7544.75,7543.0,7543.0,513
2026-06-22 13:32:00,7543.25,7543.5,7539.75,7541.0,1687
2026-06-22 13:33:00,7541.0,7541.5,7539.0,7539.75,1405
2026-06-22 13:34:00,7539.75,7541.5,7539.5,7541.0,943
2026-06-22 13:35:00,7540.75,7541.0,7538.0,7538.5,1244
2026-06-22 13:36:00,7538.75,7539.0,7535.5,7536.25,1769
2026-06-22 13:37:00,7536.5,7539.25,7536.5,7539.0,1263
2026-06-22 13:38:00,7538.75,7540.75,7538.5,7539.75,944
2026-06-22 13:39:00,7539.5,7540.75,7538.75,7540.5,597
2026-06-22 13:40:00,7540.25,7542.0,7538.5,7540.0,1405
2026-06-22 13:41:00,7539.75,7540.75,7539.25,7539.5,597
2026-06-22 13:42:00,7539.75,7540.75,7538.5,7539.75,675
2026-06-22 13:43:00,7539.75,7540.0,7538.5,7539.25,483
2026-06-22 13:44:00,7539.0,7540.25,7538.25,7539.25,449
2026-06-22 13:45:00,7539.5,7540.75,7538.25,7540.75,651
2026-06-22 13:46:00,7540.5,7541.25,7538.75,7541.25,670
2026-06-22 13:47:00,7541.25,7542.5,7540.75,7541.5,1133
2026-06-22 13:48:00,7541.5,7543.75,7541.25,7542.5,1693
2026-06-22 13:49:00,7542.5,7544.5,7542.0,7543.75,738
2026-06-22 13:50:00,7543.75,7545.25,7543.5,7544.25,1024
2026-06-22 13:51:00,7544.5,7545.0,7543.0,7543.5,563
2026-06-22 13:52:00,7543.75,7546.75,7543.0,7546.5,1025
2026-06-22 13:53:00,7546.5,7547.75,7546.0,7547.25,1194
2026-06-22 13:54:00,7547.5,7549.5,7547.25,7548.25,1587
2026-06-22 13:55:00,7548.5,7548.5,7546.0,7546.75,1012
2026-06-22 13:56:00,7546.75,7548.25,7546.25,7548.25,660
2026-06-22 13:57:00,7548.0,7548.25,7545.5,7546.75,1104
2026-06-22 13:58:00,7546.75,7547.25,7544.5,7545.75,1390
2026-06-22 13:59:00,7545.75,7545.75,7542.75,7542.75,1325
2026-06-22 14:00:00,7543.0,7544.25,7542.0,7543.5,1877
2026-06-22 14:01:00,7543.5,7544.75,7541.5,7542.25,1069
2026-06-22 14:02:00,7542.0,7543.25,7540.75,7541.5,1288
2026-06-22 14:03:00,7541.5,7542.25,7538.5,7538.75,1367
2026-06-22 14:04:00,7539.0,7541.5,7538.5,7541.0,2025
2026-06-22 14:05:00,7540.75,7542.25,7540.75,7541.25,1028
2026-06-22 14:06:00,7541.25,7544.0,7540.5,7543.5,1040
2026-06-22 14:07:00,7543.5,7544.0,7543.0,7543.5,583
2026-06-22 14:08:00,7543.75,7544.75,7543.5,7544.25,769
2026-06-22 14:09:00,7544.5,7545.25,7543.5,7545.25,550
2026-06-22 14:10:00,7545.25,7546.5,7545.25,7546.25,750
2026-06-22 14:11:00,7546.25,7546.75,7543.0,7543.5,999
2026-06-22 14:12:00,7543.5,7545.0,7542.5,7544.5,498
2026-06-22 14:13:00,7544.25,7546.0,7544.0,7545.25,369
2026-06-22 14:14:00,7545.5,7546.25,7545.25,7545.75,466
2026-06-22 14:15:00,7545.75,7547.5,7545.75,7546.5,824
2026-06-22 14:16:00,7546.25,7548.5,7546.25,7548.0,869
2026-06-22 14:17:00,7547.75,7548.5,7546.5,7547.25,566
2026-06-22 14:18:00,7547.25,7549.0,7547.0,7548.75,675
2026-06-22 14:19:00,7548.75,7549.5,7547.5,7548.25,590
2026-06-22 14:20:00,7548.25,7553.75,7548.25,7553.0,3145
2026-06-22 14:21:00,7552.75,7553.25,7551.25,7551.5,1241
2026-06-22 14:22:00,7551.5,7552.0,7548.0,7550.5,2857
2026-06-22 14:23:00,7550.5,7551.0,7549.0,7550.0,777
2026-06-22 14:24:00,7550.0,7551.0,7549.5,7550.0,581
2026-06-22 14:25:00,7550.0,7550.5,7548.25,7549.0,877
2026-06-22 14:26:00,7548.75,7549.0,7545.5,7546.0,2290
2026-06-22 14:27:00,7546.25,7547.25,7544.75,7547.0,1529
2026-06-22 14:28:00,7546.75,7547.25,7545.5,7546.0,993
2026-06-22 14:29:00,7545.75,7547.5,7545.0,7547.0,713
2026-06-22 14:30:00,7547.5,7550.5,7547.0,7550.0,1472
2026-06-22 14:31:00,7550.0,7551.5,7549.5,7550.0,960
2026-06-22 14:32:00,7550.0,7550.5,7545.5,7547.75,2715
2026-06-22 14:33:00,7547.75,7548.75,7545.75,7546.0,1079
2026-06-22 14:34:00,7546.25,7546.75,7545.25,7546.25,895
2026-06-22 14:35:00,7546.0,7546.75,7545.5,7546.0,667
2026-06-22 14:36:00,7546.25,7547.75,7545.75,7547.25,830
2026-06-22 14:37:00,7547.0,7548.25,7545.75,7546.25,577
2026-06-22 14:38:00,7546.5,7548.0,7546.0,7546.25,462
2026-06-22 14:39:00,7546.25,7547.25,7544.75,7545.0,851
2026-06-22 14:40:00,7545.0,7546.0,7544.25,7544.75,980
2026-06-22 14:41:00,7544.25,7545.5,7543.25,7544.75,1185
2026-06-22 14:42:00,7545.0,7545.5,7543.75,7544.25,657
2026-06-22 14:43:00,7544.5,7544.75,7542.75,7543.75,625
2026-06-22 14:44:00,7543.5,7543.5,7540.5,7540.75,1478
2026-06-22 14:45:00,7541.0,7542.75,7539.75,7541.75,2263
2026-06-22 14:46:00,7541.75,7542.75,7541.0,7541.75,853
2026-06-22 14:47:00,7541.75,7544.0,7541.5,7543.75,1027
2026-06-22 14:48:00,7543.5,7543.5,7542.0,7542.75,865
2026-06-22 14:49:00,7542.5,7544.25,7542.5,7543.75,808
2026-06-22 14:50:00,7543.75,7544.75,7541.25,7541.75,862
2026-06-22 14:51:00,7541.5,7541.5,7539.0,7540.25,1522
2026-06-22 14:52:00,7540.0,7540.0,7534.25,7534.75,3116
2026-06-22 14:53:00,7535.0,7536.5,7532.75,7535.75,2198
2026-06-22 14:54:00,7535.5,7536.75,7533.5,7536.5,1178
2026-06-22 14:55:00,7536.5,7536.5,7534.25,7534.5,967
2026-06-22 14:56:00,7534.75,7536.25,7533.25,7534.75,1136
2026-06-22 14:57:00,7534.75,7536.0,7533.25,7534.0,917
2026-06-22 14:58:00,7534.0,7534.5,7532.5,7532.75,1236
2026-06-22 14:59:00,7532.5,7534.5,7531.5,7533.0,1500
2026-06-22 15:00:00,7533.0,7534.5,7532.25,7533.25,1544
2026-06-22 15:01:00,7533.25,7535.5,7532.75,7535.5,1522
2026-06-22 15:02:00,7535.5,7538.5,7535.0,7538.25,2015
2026-06-22 15:03:00,7538.25,7539.5,7537.5,7537.75,1510
2026-06-22 15:04:00,7537.75,7537.75,7535.75,7537.0,1243
2026-06-22 15:05:00,7536.75,7537.5,7534.25,7535.75,1103
2026-06-22 15:06:00,7535.75,7536.0,7534.0,7534.75,719
2026-06-22 15:07:00,7535.0,7535.0,7530.75,7531.0,2150
2026-06-22 15:08:00,7531.0,7532.25,7528.5,7532.0,2660
2026-06-22 15:09:00,7532.0,7534.0,7531.25,7532.5,1492
2026-06-22 15:10:00,7532.75,7534.0,7531.25,7531.5,1063
2026-06-22 15:11:00,7531.5,7536.5,7531.25,7534.75,1563
2026-06-22 15:12:00,7534.75,7537.0,7534.25,7535.0,911
2026-06-22 15:13:00,7535.0,7536.0,7534.25,7534.75,711
2026-06-22 15:14:00,7534.75,7536.25,7534.0,7535.5,733
2026-06-22 15:15:00,7535.5,7536.75,7533.75,7535.0,1183
2026-06-22 15:16:00,7534.75,7536.0,7534.5,7535.25,577
2026-06-22 15:17:00,7535.5,7537.0,7534.25,7536.0,857
2026-06-22 15:18:00,7536.25,7537.0,7535.25,7536.75,944
2026-06-22 15:19:00,7536.5,7538.25,7536.0,7537.5,1401
2026-06-22 15:20:00,7537.5,7538.25,7536.0,7536.25,684
2026-06-22 15:21:00,7536.25,7536.75,7532.75,7534.0,1601
2026-06-22 15:22:00,7533.75,7534.5,7532.75,7533.0,736
2026-06-22 15:23:00,7533.0,7534.25,7532.5,7534.0,887
2026-06-22 15:24:00,7533.75,7534.5,7532.75,7533.25,627
2026-06-22 15:25:00,7533.5,7534.5,7532.0,7532.5,1088
2026-06-22 15:26:00,7532.5,7533.25,7531.0,7531.75,1189
2026-06-22 15:27:00,7532.0,7533.0,7530.75,7531.75,1208
2026-06-22 15:28:00,7531.75,7533.0,7531.0,7531.75,792
2026-06-22 15:29:00,7531.5,7532.25,7530.25,7530.5,933
2026-06-22 15:30:00,7530.5,7532.75,7530.25,7532.75,1287
2026-06-22 15:31:00,7532.5,7533.75,7532.0,7532.75,1238
2026-06-22 15:32:00,7532.75,7536.25,7532.0,7535.25,2012
2026-06-22 15:33:00,7535.25,7536.0,7534.0,7534.5,1143
2026-06-22 15:34:00,7534.5,7534.5,7533.0,7533.75,1183
2026-06-22 15:35:00,7533.75,7534.0,7532.25,7532.5,950
2026-06-22 15:36:00,7532.5,7533.5,7531.25,7532.25,1061
2026-06-22 15:37:00,7532.0,7534.0,7531.75,7532.5,851
2026-06-22 15:38:00,7532.25,7533.75,7531.0,7533.25,1009
2026-06-22 15:39:00,7533.25,7534.0,7531.75,7532.25,754
2026-06-22 15:40:00,7532.25,7533.25,7531.0,7532.0,825
2026-06-22 15:41:00,7532.0,7533.25,7530.5,7531.25,963
2026-06-22 15:42:00,7531.25,7532.25,7529.0,7529.0,1534
2026-06-22 15:43:00,7529.25,7531.0,7528.75,7529.75,933
2026-06-22 15:44:00,7529.75,7530.0,7528.0,7529.5,1222
2026-06-22 15:45:00,7529.5,7532.0,7529.0,7530.0,1337
2026-06-22 15:46:00,7530.0,7532.5,7528.75,7532.0,1262
2026-06-22 15:47:00,7532.25,7535.25,7531.75,7533.75,1590
2026-06-22 15:48:00,7533.75,7533.75,7531.5,7532.75,1215
2026-06-22 15:49:00,7532.75,7535.5,7532.0,7535.5,1412
2026-06-22 15:50:00,7535.25,7545.25,7533.5,7543.75,7558
2026-06-22 15:51:00,7543.75,7544.25,7540.75,7543.5,2745
2026-06-22 15:52:00,7543.25,7543.75,7540.25,7542.0,2073
2026-06-22 15:53:00,7541.75,7544.0,7541.0,7543.5,2116
2026-06-22 15:54:00,7543.5,7544.5,7541.75,7543.75,3312
2026-06-22 15:55:00,7543.75,7545.75,7540.25,7541.25,3669
2026-06-22 15:56:00,7541.0,7541.0,7538.0,7538.75,1917
2026-06-22 15:57:00,7539.0,7541.75,7538.5,7540.0,1706
2026-06-22 15:58:00,7540.0,7541.25,7538.75,7540.25,1896
2026-06-22 15:59:00,7540.25,7545.5,7536.0,7540.25,10970
2026-06-22 16:00:00,7540.25,7543.25,7539.0,7542.75,4027
2026-06-22 16:01:00,7542.75,7545.25,7542.25,7544.75,1506
2026-06-22 16:02:00,7544.75,7547.0,7544.25,7545.75,1248
2026-06-22 16:03:00,7545.75,7546.25,7544.25,7546.0,695
2026-06-22 16:04:00,7546.0,7546.0,7544.75,7545.25,417
2026-06-22 16:05:00,7545.25,7546.0,7544.25,7544.75,486
2026-06-22 16:06:00,7544.75,7545.0,7542.75,7543.25,657
2026-06-22 16:07:00,7543.0,7544.25,7543.0,7543.75,296
2026-06-22 16:08:00,7543.5,7544.25,7542.75,7544.0,234
2026-06-22 16:09:00,7543.5,7544.0,7542.75,7543.5,280
2026-06-22 16:10:00,7543.25,7544.25,7542.75,7543.75,321
2026-06-22 16:11:00,7544.0,7544.5,7542.25,7542.75,384
2026-06-22 16:12:00,7542.75,7544.25,7542.25,7543.75,514
2026-06-22 16:13:00,7544.0,7544.5,7543.0,7544.0,181
2026-06-22 16:14:00,7544.25,7546.0,7544.25,7545.25,529
2026-06-22 16:15:00,7545.5,7546.0,7544.0,7544.0,499
2026-06-22 16:16:00,7544.0,7544.75,7543.75,7544.5,203
2026-06-22 16:17:00,7544.75,7545.5,7544.5,7544.75,238
2026-06-22 16:18:00,7545.0,7546.0,7545.0,7545.75,168
2026-06-22 16:19:00,7545.75,7547.0,7545.75,7546.75,317
2026-06-22 16:20:00,7547.0,7547.0,7546.25,7546.5,323
2026-06-22 16:21:00,7546.5,7546.75,7545.25,7545.5,210
2026-06-22 16:22:00,7545.5,7545.75,7545.0,7545.5,205
2026-06-22 16:23:00,7545.5,7546.0,7545.0,7545.5,131
2026-06-22 16:24:00,7545.75,7545.75,7545.0,7545.0,180
2026-06-22 16:25:00,7545.0,7545.0,7544.0,7544.5,222
2026-06-22 16:26:00,7544.5,7544.5,7543.25,7543.75,187
2026-06-22 16:27:00,7543.25,7543.5,7542.25,7542.5,252
2026-06-22 16:28:00,7542.25,7542.5,7541.0,7541.0,334
2026-06-22 16:29:00,7541.25,7541.5,7541.0,7541.5,192
2026-06-22 16:30:00,7541.5,7542.5,7541.5,7542.25,334
2026-06-22 16:31:00,7542.25,7542.5,7541.0,7541.75,189
2026-06-22 16:32:00,7541.75,7542.5,7541.75,7542.0,133
2026-06-22 16:33:00,7542.0,7542.5,7541.75,7542.25,83
2026-06-22 16:34:00,7542.0,7542.25,7541.25,7541.25,128
2026-06-22 16:35:00,7541.25,7541.75,7540.75,7541.25,149
2026-06-22 16:36:00,7541.25,7541.5,7540.5,7541.0,199
2026-06-22 16:37:00,7541.5,7542.0,7540.75,7541.0,106
2026-06-22 16:38:00,7541.0,7541.5,7541.0,7541.25,50
2026-06-22 16:39:00,7541.5,7542.0,7540.75,7541.0,228
2026-06-22 16:40:00,7541.25,7542.0,7541.0,7542.0,73
2026-06-22 16:41:00,7542.0,7542.25,7541.75,7542.0,102
2026-06-22 16:42:00,7542.0,7542.5,7541.75,7542.25,175
2026-06-22 16:43:00,7542.25,7542.75,7542.25,7542.25,95
2026-06-22 16:44:00,7542.5,7542.75,7542.0,7542.25,198
2026-06-22 16:45:00,7542.5,7542.5,7541.5,7542.0,260
2026-06-22 16:46:00,7542.0,7542.0,7541.5,7542.0,73
2026-06-22 16:47:00,7542.0,7542.5,7541.25,7541.25,195
2026-06-22 16:48:00,7541.5,7542.0,7541.25,7541.75,140
2026-06-22 16:49:00,7541.75,7542.25,7541.5,7542.0,135
2026-06-22 16:50:00,7541.75,7541.75,7541.0,7541.5,117
2026-06-22 16:51:00,7541.5,7541.5,7540.5,7540.75,152
2026-06-22 16:52:00,7541.0,7541.25,7540.75,7540.75,137
2026-06-22 16:53:00,7540.75,7540.75,7540.0,7540.25,312
2026-06-22 16:54:00,7540.0,7541.25,7540.0,7541.25,224
2026-06-22 16:55:00,7540.75,7541.5,7540.75,7541.25,177
2026-06-22 16:56:00,7541.25,7541.5,7541.0,7541.25,43
2026-06-22 16:57:00,7541.5,7541.5,7540.5,7541.0,123
2026-06-22 16:58:00,7541.0,7542.0,7539.75,7541.5,525
2026-06-22 16:59:00,7541.25,7542.25,7540.75,7540.75,186
2026-06-22 18:00:00,7543.25,7544.5,7539.75,7542.75,766
2026-06-22 18:01:00,7543.0,7547.25,7542.5,7547.25,824
2026-06-22 18:02:00,7547.25,7547.5,7546.0,7546.25,386
2026-06-22 18:03:00,7546.25,7547.0,7543.25,7543.75,418
2026-06-22 18:04:00,7544.0,7545.25,7542.75,7543.25,219
2026-06-22 18:05:00,7543.0,7544.75,7541.0,7541.5,395
2026-06-22 18:06:00,7541.75,7542.5,7540.25,7540.75,173
2026-06-22 18:07:00,7540.75,7540.75,7539.0,7539.75,461
2026-06-22 18:08:00,7539.5,7540.0,7538.5,7540.0,326
2026-06-22 18:09:00,7540.0,7542.75,7539.75,7542.5,273
2026-06-22 18:10:00,7542.75,7542.75,7541.25,7541.5,152
2026-06-22 18:11:00,7541.25,7542.75,7540.25,7542.0,110
2026-06-22 18:12:00,7542.0,7542.75,7541.75,7542.25,70
2026-06-22 18:13:00,7542.25,7542.25,7541.25,7541.25,54
2026-06-22 18:14:00,7541.5,7541.5,7540.5,7541.25,87
2026-06-22 18:15:00,7541.25,7541.75,7540.5,7540.75,67
2026-06-22 18:16:00,7541.0,7541.5,7540.25,7541.5,84
2026-06-22 18:17:00,7541.5,7541.75,7540.5,7540.75,76
2026-06-22 18:18:00,7540.5,7541.75,7540.0,7541.5,105
2026-06-22 18:19:00,7541.5,7542.0,7541.0,7541.5,41
2026-06-22 18:20:00,7541.25,7541.5,7540.25,7540.5,55
2026-06-22 18:21:00,7540.75,7542.75,7540.5,7542.75,102
2026-06-22 18:22:00,7542.5,7542.5,7541.25,7541.75,79
2026-06-22 18:23:00,7542.0,7543.25,7542.0,7542.5,155
2026-06-22 18:24:00,7542.25,7543.25,7542.25,7542.75,79
2026-06-22 18:25:00,7542.5,7542.75,7542.25,7542.75,44
2026-06-22 18:26:00,7542.75,7542.75,7541.75,7542.25,84
2026-06-22 18:27:00,7542.5,7542.5,7541.75,7541.75,45
2026-06-22 18:28:00,7542.0,7542.0,7540.25,7540.5,162
2026-06-22 18:29:00,7540.25,7540.75,7539.0,7539.75,367
2026-06-22 18:30:00,7540.0,7540.0,7538.75,7539.25,265
2026-06-22 18:31:00,7539.0,7539.5,7537.25,7537.75,489
2026-06-22 18:32:00,7537.75,7538.0,7536.5,7537.75,305
2026-06-22 18:33:00,7537.75,7538.0,7536.5,7537.25,180
2026-06-22 18:34:00,7537.0,7537.0,7534.5,7535.0,754
2026-06-22 18:35:00,7534.5,7535.5,7533.5,7534.0,374
2026-06-22 18:36:00,7533.75,7533.75,7531.5,7532.75,531
2026-06-22 18:37:00,7532.5,7533.25,7530.0,7531.0,566
2026-06-22 18:38:00,7531.0,7532.25,7530.75,7531.75,264
2026-06-22 18:39:00,7532.0,7534.0,7531.75,7533.75,320
2026-06-22 18:40:00,7533.75,7534.0,7531.25,7532.25,363
2026-06-22 18:41:00,7532.25,7532.75,7532.0,7532.5,90
2026-06-22 18:42:00,7532.75,7532.75,7531.5,7532.25,227
2026-06-22 18:43:00,7532.0,7532.5,7531.5,7532.25,95
2026-06-22 18:44:00,7532.0,7532.0,7529.5,7530.5,372
2026-06-22 18:45:00,7530.0,7532.25,7530.0,7530.75,249
2026-06-22 18:46:00,7530.75,7531.0,7529.25,7530.0,269
2026-06-22 18:47:00,7530.25,7531.0,7529.75,7531.0,131
2026-06-22 18:48:00,7530.75,7531.5,7530.5,7531.5,115
2026-06-22 18:49:00,7531.5,7532.25,7531.0,7531.75,168
2026-06-22 18:50:00,7532.25,7532.5,7531.75,7532.25,176
2026-06-22 18:51:00,7532.0,7532.0,7530.75,7532.0,126
2026-06-22 18:52:00,7531.75,7531.75,7530.75,7531.25,97
2026-06-22 18:53:00,7531.25,7531.5,7530.5,7531.25,74
2026-06-22 18:54:00,7531.5,7533.25,7531.25,7533.0,213
2026-06-22 18:55:00,7533.0,7533.75,7532.25,7533.0,297
2026-06-22 18:56:00,7533.5,7533.75,7532.75,7533.0,131
2026-06-22 18:57:00,7533.0,7533.0,7531.5,7532.75,163
2026-06-22 18:58:00,7533.0,7533.25,7532.5,7532.5,74
2026-06-22 18:59:00,7532.5,7533.0,7532.0,7532.0,104
2026-06-22 19:00:00,7532.25,7532.25,7531.0,7531.75,213
2026-06-22 19:01:00,7532.25,7533.0,7532.0,7533.0,147
2026-06-22 19:02:00,7533.0,7533.25,7531.75,7531.75,128
2026-06-22 19:03:00,7532.0,7532.0,7529.25,7530.75,410
2026-06-22 19:04:00,7531.0,7531.75,7530.5,7531.0,74
2026-06-22 19:05:00,7531.0,7531.0,7530.25,7530.5,48
2026-06-22 19:06:00,7530.75,7531.75,7530.75,7531.75,92
2026-06-22 19:07:00,7531.75,7531.75,7530.0,7531.0,119
2026-06-22 19:08:00,7531.25,7531.25,7530.5,7530.5,83
2026-06-22 19:09:00,7530.25,7531.5,7530.25,7531.5,60
2026-06-22 19:10:00,7531.5,7531.5,7530.0,7530.25,111
2026-06-22 19:11:00,7530.5,7530.75,7529.5,7529.5,113
2026-06-22 19:12:00,7529.5,7530.0,7529.0,7529.5,191
2026-06-22 19:13:00,7529.5,7529.5,7528.0,7528.0,334
2026-06-22 19:14:00,7528.25,7529.0,7527.75,7528.75,214
2026-06-22 19:15:00,7528.75,7528.75,7525.5,7526.75,800
2026-06-22 19:16:00,7526.75,7527.25,7525.75,7527.0,258
2026-06-22 19:17:00,7527.0,7527.75,7526.0,7527.5,225
2026-06-22 19:18:00,7527.75,7527.75,7526.5,7526.5,140
2026-06-22 19:19:00,7526.75,7527.0,7526.25,7526.5,79
2026-06-22 19:20:00,7526.75,7527.75,7526.0,7527.75,202
2026-06-22 19:21:00,7527.5,7529.0,7527.5,7528.75,368
2026-06-22 19:22:00,7528.5,7528.75,7527.75,7528.5,82
2026-06-22 19:23:00,7528.5,7529.5,7528.0,7528.75,320
2026-06-22 19:24:00,7528.5,7529.25,7528.25,7529.0,136
2026-06-22 19:25:00,7529.0,7529.5,7528.25,7528.5,134
2026-06-22 19:26:00,7528.5,7530.5,7528.25,7530.25,344
2026-06-22 19:27:00,7530.25,7531.25,7530.0,7531.0,330
2026-06-22 19:28:00,7530.75,7531.25,7530.25,7530.75,168
2026-06-22 19:29:00,7530.75,7531.5,7530.5,7531.0,123
2026-06-22 19:30:00,7531.0,7531.5,7530.25,7531.25,154
2026-06-22 19:31:00,7531.25,7531.5,7530.5,7531.0,103
2026-06-22 19:32:00,7531.25,7531.5,7530.25,7530.5,111
2026-06-22 19:33:00,7530.5,7530.5,7529.75,7529.75,145
2026-06-22 19:34:00,7529.75,7529.75,7529.25,7529.5,194
2026-06-22 19:35:00,7529.75,7531.0,7529.5,7530.75,154
2026-06-22 19:36:00,7530.75,7531.0,7529.25,7529.75,99
2026-06-22 19:37:00,7529.75,7530.25,7529.25,7530.0,160
2026-06-22 19:38:00,7530.0,7530.0,7528.5,7528.75,126
2026-06-22 19:39:00,7528.75,7529.25,7528.25,7529.0,165
2026-06-22 19:40:00,7529.0,7529.25,7528.25,7529.0,67
2026-06-22 19:41:00,7528.5,7530.25,7528.5,7530.0,107
2026-06-22 19:42:00,7530.25,7530.25,7529.5,7529.75,75
2026-06-22 19:43:00,7529.75,7530.75,7529.75,7530.25,102
2026-06-22 19:44:00,7530.0,7531.0,7530.0,7531.0,70
2026-06-22 19:45:00,7531.0,7531.5,7529.25,7530.25,236
2026-06-22 19:46:00,7529.75,7530.0,7528.5,7529.0,260
2026-06-22 19:47:00,7528.75,7529.0,7527.25,7528.0,422
2026-06-22 19:48:00,7528.25,7529.5,7528.25,7529.5,112
2026-06-22 19:49:00,7529.0,7529.0,7526.75,7528.25,210
2026-06-22 19:50:00,7528.0,7528.5,7527.0,7527.25,133
2026-06-22 19:51:00,7527.5,7527.75,7527.0,7527.25,129
2026-06-22 19:52:00,7527.0,7528.25,7526.25,7528.25,191
2026-06-22 19:53:00,7528.25,7529.75,7527.75,7529.25,206
2026-06-22 19:54:00,7529.25,7530.25,7529.0,7529.5,206
2026-06-22 19:55:00,7529.5,7531.0,7529.0,7531.0,196
2026-06-22 19:56:00,7530.75,7531.0,7530.5,7530.75,122
2026-06-22 19:57:00,7530.75,7531.0,7530.0,7530.25,78
2026-06-22 19:58:00,7530.5,7530.75,7530.0,7530.5,58
2026-06-22 19:59:00,7530.25,7532.5,7530.25,7532.0,373
2026-06-22 20:00:00,7531.75,7535.0,7531.0,7533.25,1190
2026-06-22 20:01:00,7533.0,7534.5,7530.5,7530.75,594
2026-06-22 20:02:00,7530.75,7532.25,7530.25,7531.25,351
2026-06-22 20:03:00,7531.5,7534.25,7531.25,7532.75,337
2026-06-22 20:04:00,7532.5,7534.25,7532.0,7533.25,255
2026-06-22 20:05:00,7533.25,7534.0,7531.75,7533.75,177
2026-06-22 20:06:00,7533.75,7534.75,7531.0,7532.0,294
2026-06-22 20:07:00,7532.25,7533.5,7531.5,7533.0,122
2026-06-22 20:08:00,7532.25,7532.5,7530.0,7530.25,229
2026-06-22 20:09:00,7530.75,7532.0,7530.0,7530.25,142
2026-06-22 20:10:00,7530.0,7531.25,7528.25,7530.0,399
2026-06-22 20:11:00,7530.25,7530.5,7527.5,7528.0,295
2026-06-22 20:12:00,7527.75,7528.0,7522.0,7526.25,1648
2026-06-22 20:13:00,7526.0,7527.75,7525.5,7526.0,410
2026-06-22 20:14:00,7526.25,7526.25,7524.25,7525.0,267
2026-06-22 20:15:00,7525.0,7529.0,7524.75,7529.0,568
2026-06-22 20:16:00,7528.75,7529.0,7525.25,7525.75,277
2026-06-22 20:17:00,7525.5,7526.0,7525.0,7525.75,239
2026-06-22 20:18:00,7525.5,7526.75,7524.75,7526.25,190
2026-06-22 20:19:00,7526.0,7526.0,7524.75,7525.0,196
2026-06-22 20:20:00,7525.25,7525.5,7524.5,7524.5,303
2026-06-22 20:21:00,7524.5,7525.0,7523.5,7524.25,486
2026-06-22 20:22:00,7524.25,7525.25,7522.5,7523.0,458
2026-06-22 20:23:00,7523.25,7524.75,7522.0,7523.25,709
2026-06-22 20:24:00,7523.0,7524.5,7522.25,7523.25,503
2026-06-22 20:25:00,7523.25,7524.75,7522.5,7524.25,368
2026-06-22 20:26:00,7524.0,7526.5,7524.0,7526.25,397
2026-06-22 20:27:00,7526.0,7527.25,7525.25,7525.5,273
2026-06-22 20:28:00,7525.75,7525.75,7524.0,7524.75,203
2026-06-22 20:29:00,7524.5,7525.5,7524.25,7525.0,129
2026-06-22 20:30:00,7525.25,7526.5,7524.0,7526.5,180
2026-06-22 20:31:00,7526.5,7529.25,7526.5,7528.25,529
2026-06-22 20:32:00,7528.25,7529.25,7528.0,7529.0,145
2026-06-22 20:33:00,7529.0,7529.75,7527.5,7529.25,385
2026-06-22 20:34:00,7529.25,7530.5,7528.5,7529.5,345
2026-06-22 20:35:00,7529.75,7529.75,7528.0,7528.5,201
2026-06-22 20:36:00,7528.5,7529.25,7527.75,7527.75,181
2026-06-22 20:37:00,7528.25,7528.75,7527.5,7528.25,108
2026-06-22 20:38:00,7528.5,7531.5,7527.75,7531.5,351
2026-06-22 20:39:00,7531.75,7534.25,7531.25,7533.5,803
2026-06-22 20:40:00,7533.5,7534.0,7532.25,7532.75,383
2026-06-22 20:41:00,7532.5,7534.5,7532.25,7534.5,313
2026-06-22 20:42:00,7534.25,7535.0,7532.25,7533.25,718
2026-06-22 20:43:00,7533.25,7537.0,7533.0,7536.75,1139
2026-06-22 20:44:00,7536.75,7541.0,7536.5,7541.0,1253
2026-06-22 20:45:00,7541.0,7545.25,7540.25,7544.0,1868
2026-06-22 20:46:00,7544.0,7544.75,7539.5,7540.0,1054
2026-06-22 20:47:00,7539.5,7541.5,7538.5,7541.5,668
2026-06-22 20:48:00,7541.5,7543.25,7541.25,7542.5,345
2026-06-22 20:49:00,7542.25,7543.0,7540.5,7542.25,261
2026-06-22 20:50:00,7542.25,7542.75,7541.5,7541.75,299
2026-06-22 20:51:00,7541.75,7542.0,7539.75,7540.25,371
2026-06-22 20:52:00,7540.25,7541.75,7539.75,7540.5,324
2026-06-22 20:53:00,7540.5,7540.5,7539.25,7539.75,312
2026-06-22 20:54:00,7539.75,7541.5,7539.25,7539.5,182
2026-06-22 20:55:00,7539.75,7540.0,7537.75,7539.0,391
2026-06-22 20:56:00,7538.5,7539.5,7538.0,7539.0,224
2026-06-22 20:57:00,7539.0,7540.75,7538.75,7540.25,332
2026-06-22 20:58:00,7540.25,7541.5,7539.5,7540.0,267
2026-06-22 20:59:00,7540.0,7540.5,7539.0,7540.0,149
2026-06-22 21:00:00,7540.25,7542.5,7540.25,7541.0,548
2026-06-22 21:01:00,7541.25,7542.0,7539.75,7539.75,473
2026-06-22 21:02:00,7539.75,7540.0,7538.25,7539.25,361
2026-06-22 21:03:00,7539.25,7541.5,7538.75,7541.25,236
2026-06-22 21:04:00,7541.0,7541.75,7540.0,7541.0,271
2026-06-22 21:05:00,7541.0,7541.25,7539.25,7540.5,172
2026-06-22 21:06:00,7540.25,7540.25,7537.0,7537.5,252
2026-06-22 21:07:00,7537.75,7539.5,7537.5,7539.0,248
2026-06-22 21:08:00,7539.5,7541.5,7539.25,7540.25,465
2026-06-22 21:09:00,7540.25,7541.75,7539.75,7540.0,306
2026-06-22 21:10:00,7540.0,7540.5,7539.0,7540.5,188
2026-06-22 21:11:00,7540.25,7541.25,7539.75,7540.75,197
2026-06-22 21:12:00,7540.5,7541.25,7540.0,7540.0,91
2026-06-22 21:13:00,7539.75,7540.0,7537.75,7538.0,228
2026-06-22 21:14:00,7538.0,7538.5,7536.25,7536.5,383
2026-06-22 21:15:00,7536.25,7537.75,7535.25,7536.0,479
2026-06-22 21:16:00,7536.5,7536.75,7534.5,7535.5,469
2026-06-22 21:17:00,7535.5,7535.75,7533.75,7535.0,421
2026-06-22 21:18:00,7534.75,7535.75,7533.75,7534.5,308
2026-06-22 21:19:00,7534.5,7535.5,7533.0,7534.0,461
2026-06-22 21:20:00,7534.25,7535.0,7532.75,7533.0,236
2026-06-22 21:21:00,7533.25,7534.75,7532.75,7534.25,356
2026-06-22 21:22:00,7534.0,7536.25,7534.0,7534.75,450
2026-06-22 21:23:00,7535.0,7535.5,7533.25,7534.0,224
2026-06-22 21:24:00,7534.0,7534.0,7532.75,7533.25,261
2026-06-22 21:25:00,7533.0,7535.25,7533.0,7535.0,219
2026-06-22 21:26:00,7535.25,7536.5,7534.75,7536.25,263
2026-06-22 21:27:00,7536.5,7537.5,7534.75,7535.0,436
2026-06-22 21:28:00,7534.75,7535.75,7534.25,7535.5,162
2026-06-22 21:29:00,7535.25,7536.5,7535.0,7535.75,140
2026-06-22 21:30:00,7535.75,7536.5,7534.25,7534.25,233
2026-06-22 21:31:00,7534.25,7535.5,7534.25,7534.75,192
2026-06-22 21:32:00,7534.75,7535.0,7532.75,7533.5,332
2026-06-22 21:33:00,7533.75,7534.0,7532.0,7533.25,433
2026-06-22 21:34:00,7533.25,7533.25,7529.5,7529.75,671
2026-06-22 21:35:00,7530.0,7530.25,7526.75,7526.75,793
2026-06-22 21:36:00,7527.0,7527.5,7525.0,7525.0,802
2026-06-22 21:37:00,7524.75,7526.75,7524.25,7524.25,669
2026-06-22 21:38:00,7524.0,7524.75,7522.5,7524.25,734
2026-06-22 21:39:00,7523.75,7526.25,7523.5,7525.5,825
2026-06-22 21:40:00,7525.5,7527.75,7525.5,7526.75,607
2026-06-22 21:41:00,7526.75,7528.25,7526.25,7528.25,382
2026-06-22 21:42:00,7528.0,7528.5,7523.5,7523.75,492
2026-06-22 21:43:00,7523.75,7524.0,7522.0,7523.25,776
2026-06-22 21:44:00,7523.25,7524.5,7521.0,7522.25,838
2026-06-22 21:45:00,7522.25,7522.25,7518.0,7519.5,1352
2026-06-22 21:46:00,7519.25,7520.0,7518.0,7518.75,583
2026-06-22 21:47:00,7519.0,7520.5,7519.0,7520.5,549
2026-06-22 21:48:00,7520.5,7520.5,7518.0,7519.25,432
2026-06-22 21:49:00,7519.25,7521.0,7518.0,7519.25,490
2026-06-22 21:50:00,7519.5,7519.5,7512.0,7514.25,2237
2026-06-22 21:51:00,7514.25,7520.75,7514.0,7520.25,1222
2026-06-22 21:52:00,7520.25,7521.0,7518.0,7520.25,612
2026-06-22 21:53:00,7520.25,7521.75,7519.25,7521.25,417
2026-06-22 21:54:00,7521.25,7522.0,7520.0,7520.75,366
2026-06-22 21:55:00,7521.0,7521.25,7520.0,7521.0,253
2026-06-22 21:56:00,7521.0,7522.5,7520.5,7521.25,501
2026-06-22 21:57:00,7521.25,7525.0,7520.25,7524.25,681
2026-06-22 21:58:00,7524.5,7525.5,7522.5,7522.75,762
2026-06-22 21:59:00,7522.5,7523.25,7521.5,7522.5,322
2026-06-22 22:00:00,7522.5,7525.0,7521.5,7521.75,386
2026-06-22 22:01:00,7521.5,7522.25,7520.5,7522.0,415
2026-06-22 22:02:00,7521.5,7522.25,7520.5,7521.5,205
2026-06-22 22:03:00,7521.0,7522.5,7520.0,7522.0,403
2026-06-22 22:04:00,7522.5,7525.0,7521.5,7523.75,394
2026-06-22 22:05:00,7523.75,7524.0,7521.25,7521.75,426
2026-06-22 22:06:00,7521.25,7522.25,7519.75,7520.0,407
2026-06-22 22:07:00,7520.0,7520.25,7517.25,7517.5,694
2026-06-22 22:08:00,7517.75,7518.5,7516.0,7516.75,571
2026-06-22 22:09:00,7516.25,7517.25,7514.5,7516.25,630
2026-06-22 22:10:00,7516.25,7518.0,7514.75,7514.75,569
2026-06-22 22:11:00,7515.0,7516.25,7514.0,7516.0,508
2026-06-22 22:12:00,7516.25,7519.0,7515.75,7518.5,446
2026-06-22 22:13:00,7518.25,7519.75,7518.0,7518.0,263
2026-06-22 22:14:00,7518.25,7519.5,7517.75,7519.0,203
2026-06-22 22:15:00,7519.0,7522.5,7518.5,7522.25,869
2026-06-22 22:16:00,7522.0,7522.0,7518.75,7519.5,434
2026-06-22 22:17:00,7519.25,7519.75,7517.25,7518.75,357
2026-06-22 22:18:00,7518.75,7520.5,7518.75,7519.25,285
2026-06-22 22:19:00,7519.25,7521.75,7518.75,7520.75,315
2026-06-22 22:20:00,7520.75,7521.75,7519.5,7521.0,213
2026-06-22 22:21:00,7521.0,7522.5,7519.75,7522.5,159
2026-06-22 22:22:00,7522.5,7522.5,7520.5,7520.75,123
2026-06-22 22:23:00,7521.0,7521.0,7519.75,7520.5,177
2026-06-22 22:24:00,7520.75,7520.75,7518.75,7519.75,201
2026-06-22 22:25:00,7520.0,7521.0,7519.75,7519.75,86
2026-06-22 22:26:00,7520.0,7520.0,7518.75,7519.5,194
2026-06-22 22:27:00,7519.75,7521.25,7519.5,7521.0,147
2026-06-22 22:28:00,7521.0,7521.5,7520.25,7521.25,304
2026-06-22 22:29:00,7521.0,7521.25,7519.25,7520.0,216
2026-06-22 22:30:00,7520.0,7520.5,7518.5,7518.5,358
2026-06-22 22:31:00,7518.5,7519.75,7518.0,7518.25,178
2026-06-22 22:32:00,7518.0,7519.0,7517.75,7518.75,112
2026-06-22 22:33:00,7519.0,7519.25,7517.75,7518.75,136
2026-06-22 22:34:00,7518.75,7519.0,7516.5,7517.0,296
2026-06-22 22:35:00,7517.0,7518.75,7516.5,7516.5,278
2026-06-22 22:36:00,7516.5,7517.5,7516.25,7517.0,137
2026-06-22 22:37:00,7517.0,7517.75,7516.5,7517.75,88
2026-06-22 22:38:00,7517.25,7518.25,7516.75,7517.0,177
2026-06-22 22:39:00,7517.25,7517.25,7516.25,7516.75,112
2026-06-22 22:40:00,7516.75,7517.75,7515.75,7517.75,129
2026-06-22 22:41:00,7517.5,7518.0,7517.0,7518.0,120
2026-06-22 22:42:00,7517.75,7518.5,7517.0,7517.25,137
2026-06-22 22:43:00,7516.75,7516.75,7515.5,7516.5,125
2026-06-22 22:44:00,7516.25,7517.75,7516.0,7517.5,171
2026-06-22 22:45:00,7517.75,7518.25,7517.0,7517.0,154
2026-06-22 22:46:00,7517.25,7517.25,7514.25,7514.25,484
2026-06-22 22:47:00,7514.75,7515.0,7512.5,7513.0,667
2026-06-22 22:48:00,7513.25,7514.25,7513.0,7513.75,251
2026-06-22 22:49:00,7513.75,7514.75,7513.5,7514.25,220
2026-06-22 22:50:00,7514.25,7515.5,7513.25,7515.0,297
2026-06-22 22:51:00,7514.75,7515.75,7514.5,7514.75,247
2026-06-22 22:52:00,7514.75,7516.75,7514.75,7516.75,110
2026-06-22 22:53:00,7516.5,7516.75,7515.0,7516.0,174
2026-06-22 22:54:00,7516.0,7516.0,7514.0,7514.5,231
2026-06-22 22:55:00,7514.5,7515.5,7514.5,7514.75,123
2026-06-22 22:56:00,7515.0,7516.5,7514.75,7515.5,143
2026-06-22 22:57:00,7515.5,7515.5,7513.0,7513.25,244
2026-06-22 22:58:00,7513.5,7513.5,7511.25,7512.25,645
2026-06-22 22:59:00,7512.25,7513.25,7510.5,7512.5,590
2026-06-22 23:00:00,7512.75,7513.75,7510.5,7510.75,624
2026-06-22 23:01:00,7510.75,7511.75,7510.25,7510.75,296
2026-06-22 23:02:00,7510.5,7512.0,7510.25,7511.75,361
2026-06-22 23:03:00,7511.75,7513.25,7511.75,7512.0,328
2026-06-22 23:04:00,7511.75,7512.5,7511.5,7511.5,152
2026-06-22 23:05:00,7511.5,7511.75,7510.25,7511.0,160
2026-06-22 23:06:00,7511.0,7511.0,7508.25,7509.0,942
2026-06-22 23:07:00,7509.25,7510.0,7509.0,7509.25,196
2026-06-22 23:08:00,7509.25,7509.25,7508.5,7508.75,210
2026-06-22 23:09:00,7508.75,7508.75,7506.5,7506.5,682
2026-06-22 23:10:00,7506.75,7507.0,7505.25,7505.75,518
2026-06-22 23:11:00,7505.75,7506.25,7505.0,7505.5,328
2026-06-22 23:12:00,7505.5,7506.25,7504.5,7506.0,428
2026-06-22 23:13:00,7506.0,7508.5,7506.0,7507.25,636
2026-06-22 23:14:00,7507.25,7507.5,7506.0,7506.5,168
2026-06-22 23:15:00,7506.25,7506.75,7505.5,7506.0,196
2026-06-22 23:16:00,7506.0,7506.5,7505.0,7505.75,233
2026-06-22 23:17:00,7505.75,7508.0,7505.0,7508.0,324
2026-06-22 23:18:00,7508.0,7508.0,7507.0,7507.0,235
2026-06-22 23:19:00,7507.25,7507.5,7505.5,7505.75,242
2026-06-22 23:20:00,7506.0,7507.0,7505.25,7506.0,246
2026-06-22 23:21:00,7505.5,7506.75,7505.25,7506.5,168
2026-06-22 23:22:00,7506.25,7507.5,7506.0,7507.25,183
2026-06-22 23:23:00,7507.25,7507.75,7505.75,7506.0,146
2026-06-22 23:24:00,7506.25,7506.75,7505.75,7506.25,106
2026-06-22 23:25:00,7506.0,7507.5,7505.5,7507.25,165
2026-06-22 23:26:00,7507.0,7509.0,7507.0,7508.25,548
2026-06-22 23:27:00,7508.5,7508.75,7507.0,7507.25,235
2026-06-22 23:28:00,7507.0,7508.75,7506.5,7507.75,201
2026-06-22 23:29:00,7507.5,7508.25,7507.25,7507.75,117
2026-06-22 23:30:00,7507.5,7507.75,7506.0,7506.75,423
2026-06-22 23:31:00,7506.5,7506.5,7505.0,7505.25,249
2026-06-22 23:32:00,7505.25,7506.0,7503.5,7505.25,684
2026-06-22 23:33:00,7505.5,7507.5,7505.25,7505.75,283
2026-06-22 23:34:00,7505.5,7505.75,7503.5,7504.0,314
2026-06-22 23:35:00,7504.0,7505.0,7503.5,7504.75,212
2026-06-22 23:36:00,7504.5,7504.5,7502.5,7503.0,579
2026-06-22 23:37:00,7503.0,7503.25,7500.75,7501.0,666
2026-06-22 23:38:00,7501.0,7501.25,7499.0,7500.0,901
2026-06-22 23:39:00,7499.75,7501.75,7499.5,7501.0,342
2026-06-22 23:40:00,7500.75,7500.75,7497.25,7498.5,691
2026-06-22 23:41:00,7498.5,7498.75,7496.5,7498.0,579
2026-06-22 23:42:00,7498.0,7500.0,7497.25,7499.5,442
2026-06-22 23:43:00,7499.5,7499.75,7497.75,7499.5,746
2026-06-22 23:44:00,7499.5,7501.0,7499.25,7500.5,424
2026-06-22 23:45:00,7500.5,7500.75,7498.75,7499.25,384
2026-06-22 23:46:00,7499.0,7499.25,7497.0,7497.25,327
2026-06-22 23:47:00,7497.5,7498.75,7497.0,7498.75,209
2026-06-22 23:48:00,7498.5,7500.25,7498.0,7500.0,230
2026-06-22 23:49:00,7500.0,7501.0,7499.25,7499.5,266
2026-06-22 23:50:00,7499.75,7502.5,7499.75,7501.75,616
2026-06-22 23:51:00,7501.75,7502.0,7500.25,7501.5,323
2026-06-22 23:52:00,7501.5,7505.0,7501.5,7504.25,594
2026-06-22 23:53:00,7504.5,7505.75,7503.75,7505.5,283
2026-06-22 23:54:00,7505.5,7506.0,7505.0,7505.25,280
2026-06-22 23:55:00,7505.25,7506.0,7504.25,7505.5,336
2026-06-22 23:56:00,7505.5,7506.0,7504.5,7505.0,177
2026-06-22 23:57:00,7504.75,7506.25,7504.5,7505.75,286
2026-06-22 23:58:00,7505.75,7506.75,7505.0,7506.0,251
2026-06-22 23:59:00,7506.25,7509.0,7506.0,7509.0,579
2026-06-23 00:00:00,7509.25,7512.0,7509.0,7511.25,1203
2026-06-23 00:01:00,7511.25,7511.75,7509.5,7510.75,388
2026-06-23 00:02:00,7510.75,7510.75,7508.5,7508.75,327
2026-06-23 00:03:00,7508.75,7509.25,7507.25,7507.5,382
2026-06-23 00:04:00,7508.0,7509.0,7507.75,7508.5,135
2026-06-23 00:05:00,7508.5,7508.5,7506.25,7506.5,226
2026-06-23 00:06:00,7507.0,7507.25,7505.25,7506.0,234
2026-06-23 00:07:00,7506.0,7506.5,7505.25,7505.5,156
2026-06-23 00:08:00,7505.5,7506.25,7504.25,7504.25,187
2026-06-23 00:09:00,7504.25,7504.5,7502.75,7503.5,342
2026-06-23 00:10:00,7503.5,7504.0,7502.0,7502.75,220
2026-06-23 00:11:00,7502.25,7503.25,7500.75,7500.75,257
2026-06-23 00:12:00,7501.0,7502.25,7499.75,7502.0,414
2026-06-23 00:13:00,7502.25,7502.75,7501.25,7502.5,268
2026-06-23 00:14:00,7502.5,7502.5,7501.25,7501.75,129
2026-06-23 00:15:00,7501.75,7501.75,7498.75,7498.75,464
2026-06-23 00:16:00,7498.75,7499.75,7497.5,7498.5,393
2026-06-23 00:17:00,7498.25,7498.5,7497.25,7498.0,290
2026-06-23 00:18:00,7498.0,7498.25,7495.25,7497.25,666
2026-06-23 00:19:00,7497.0,7497.5,7495.25,7496.0,289
2026-06-23 00:20:00,7496.25,7496.5,7495.5,7496.25,226
2026-06-23 00:21:00,7496.25,7496.25,7494.5,7494.75,425
2026-06-23 00:22:00,7494.75,7495.5,7493.25,7494.25,478
2026-06-23 00:23:00,7494.25,7495.5,7494.0,7494.25,214
2026-06-23 00:24:00,7494.75,7496.5,7494.75,7495.5,357
2026-06-23 00:25:00,7495.75,7496.25,7495.5,7495.75,148
2026-06-23 00:26:00,7496.25,7497.5,7495.5,7496.0,242
2026-06-23 00:27:00,7496.0,7496.5,7494.75,7494.75,193
2026-06-23 00:28:00,7494.75,7495.75,7494.75,7495.5,126
2026-06-23 00:29:00,7495.5,7497.5,7495.5,7496.75,176
2026-06-23 00:30:00,7496.5,7496.75,7494.25,7494.75,315
2026-06-23 00:31:00,7495.0,7495.25,7494.0,7494.5,166
2026-06-23 00:32:00,7494.5,7496.5,7494.25,7496.25,161
2026-06-23 00:33:00,7496.0,7496.0,7494.25,7494.75,119
2026-06-23 00:34:00,7494.75,7495.25,7494.0,7495.0,127
2026-06-23 00:35:00,7495.0,7495.0,7493.25,7493.5,289
2026-06-23 00:36:00,7493.75,7494.5,7493.0,7494.25,228
2026-06-23 00:37:00,7494.0,7495.25,7493.25,7494.5,215
2026-06-23 00:38:00,7494.75,7495.0,7492.5,7493.0,291
2026-06-23 00:39:00,7493.0,7494.0,7492.25,7493.5,197
2026-06-23 00:40:00,7493.25,7493.75,7492.5,7493.0,133
2026-06-23 00:41:00,7492.75,7493.0,7491.75,7492.25,464
2026-06-23 00:42:00,7492.75,7493.25,7492.0,7492.25,172
2026-06-23 00:43:00,7492.25,7492.25,7490.75,7491.0,671
2026-06-23 00:44:00,7491.25,7492.25,7490.5,7492.0,217
2026-06-23 00:45:00,7492.25,7493.25,7491.0,7491.0,432
2026-06-23 00:46:00,7491.0,7492.75,7490.75,7492.25,211
2026-06-23 00:47:00,7492.0,7492.0,7491.25,7491.75,88
2026-06-23 00:48:00,7491.5,7492.75,7491.0,7491.5,176
2026-06-23 00:49:00,7491.75,7492.0,7491.0,7491.0,217
2026-06-23 00:50:00,7491.0,7491.5,7489.5,7490.5,645
2026-06-23 00:51:00,7490.5,7490.75,7489.25,7490.25,227
2026-06-23 00:52:00,7490.25,7490.75,7487.0,7487.5,649
2026-06-23 00:53:00,7487.5,7487.75,7485.75,7487.5,604
2026-06-23 00:54:00,7487.5,7487.75,7484.25,7485.75,521
2026-06-23 00:55:00,7485.75,7485.75,7483.0,7483.75,357
2026-06-23 00:56:00,7484.0,7484.25,7482.75,7483.0,308
2026-06-23 00:57:00,7482.75,7484.25,7482.0,7482.5,578
2026-06-23 00:58:00,7482.75,7485.0,7481.75,7484.75,382
2026-06-23 00:59:00,7484.5,7484.75,7482.5,7483.25,273
2026-06-23 01:00:00,7483.5,7485.5,7483.0,7485.25,546
2026-06-23 01:01:00,7485.0,7486.25,7483.5,7484.25,391
2026-06-23 01:02:00,7484.25,7486.5,7484.25,7485.25,296
2026-06-23 01:03:00,7485.25,7486.75,7485.0,7486.25,179
2026-06-23 01:04:00,7486.25,7487.25,7486.0,7487.25,326
2026-06-23 01:05:00,7486.75,7487.75,7485.5,7487.5,257
2026-06-23 01:06:00,7487.75,7487.75,7486.0,7486.5,156
2026-06-23 01:07:00,7486.5,7487.5,7484.75,7485.0,305
2026-06-23 01:08:00,7485.25,7485.25,7482.75,7483.5,388
2026-06-23 01:09:00,7483.5,7484.5,7483.25,7483.75,271
2026-06-23 01:10:00,7483.5,7486.75,7483.5,7486.25,509
2026-06-23 01:11:00,7486.25,7487.5,7484.25,7487.25,399
2026-06-23 01:12:00,7487.5,7488.25,7485.75,7486.25,341
2026-06-23 01:13:00,7485.5,7485.75,7483.75,7484.25,313
2026-06-23 01:14:00,7484.25,7484.5,7483.0,7483.25,271
2026-06-23 01:15:00,7483.25,7484.5,7482.0,7484.0,443
2026-06-23 01:16:00,7484.0,7484.5,7482.75,7482.75,199
2026-06-23 01:17:00,7482.5,7483.25,7482.0,7482.25,190
2026-06-23 01:18:00,7482.25,7482.25,7480.5,7482.0,519
2026-06-23 01:19:00,7481.75,7482.5,7480.75,7481.25,256
2026-06-23 01:20:00,7481.0,7484.25,7480.75,7482.5,457
2026-06-23 01:21:00,7482.75,7482.75,7481.5,7481.75,211
2026-06-23 01:22:00,7481.75,7481.75,7479.5,7481.0,789
2026-06-23 01:23:00,7481.0,7481.75,7480.0,7481.75,252
2026-06-23 01:24:00,7481.75,7481.75,7480.0,7480.25,152
2026-06-23 01:25:00,7480.5,7481.0,7477.25,7478.0,897
2026-06-23 01:26:00,7477.5,7478.0,7474.75,7475.5,961
2026-06-23 01:27:00,7475.0,7476.75,7474.25,7476.75,625
2026-06-23 01:28:00,7477.0,7477.5,7475.0,7475.5,633
2026-06-23 01:29:00,7475.75,7477.0,7475.5,7477.0,352
2026-06-23 01:30:00,7477.0,7477.5,7475.25,7477.0,495
2026-06-23 01:31:00,7476.75,7477.5,7472.75,7474.5,1178
2026-06-23 01:32:00,7474.5,7474.75,7472.0,7472.0,1079
2026-06-23 01:33:00,7472.25,7474.5,7472.0,7474.5,567
2026-06-23 01:34:00,7474.25,7475.0,7473.5,7473.75,417
2026-06-23 01:35:00,7473.75,7474.75,7470.5,7471.5,775
2026-06-23 01:36:00,7471.5,7473.25,7471.25,7471.25,474
2026-06-23 01:37:00,7471.0,7471.0,7468.25,7470.25,1053
2026-06-23 01:38:00,7470.25,7471.25,7468.25,7468.5,564
2026-06-23 01:39:00,7468.5,7470.25,7467.25,7470.0,451
2026-06-23 01:40:00,7470.25,7471.75,7469.0,7469.5,519
2026-06-23 01:41:00,7469.25,7470.25,7467.25,7468.75,717
2026-06-23 01:42:00,7468.75,7469.0,7467.75,7468.75,331
2026-06-23 01:43:00,7469.5,7472.25,7469.25,7472.0,854
2026-06-23 01:44:00,7472.0,7474.0,7471.25,7473.25,742
2026-06-23 01:45:00,7473.5,7474.5,7471.25,7471.75,565
2026-06-23 01:46:00,7472.0,7473.25,7471.5,7472.75,301
2026-06-23 01:47:00,7473.0,7474.5,7471.5,7473.25,431
2026-06-23 01:48:00,7473.25,7476.0,7473.0,7475.0,881
2026-06-23 01:49:00,7475.0,7475.25,7474.25,7474.25,157
2026-06-23 01:50:00,7474.25,7476.0,7473.5,7475.75,323
2026-06-23 01:51:00,7475.25,7475.75,7471.75,7472.0,496
2026-06-23 01:52:00,7472.0,7473.0,7470.75,7471.0,516
2026-06-23 01:53:00,7471.25,7472.5,7471.0,7471.75,306
2026-06-23 01:54:00,7472.0,7472.0,7471.0,7471.5,221
2026-06-23 01:55:00,7471.25,7471.5,7469.75,7471.5,469
2026-06-23 01:56:00,7471.25,7472.0,7470.25,7470.75,335
2026-06-23 01:57:00,7470.75,7470.75,7468.5,7469.25,454
2026-06-23 01:58:00,7469.25,7469.25,7465.5,7469.0,902
2026-06-23 01:59:00,7468.75,7470.25,7467.75,7468.5,453
2026-06-23 02:00:00,7468.75,7469.25,7466.25,7467.5,530
2026-06-23 02:01:00,7467.5,7468.5,7466.25,7467.5,373
2026-06-23 02:02:00,7467.5,7470.5,7467.25,7470.25,742
2026-06-23 02:03:00,7470.0,7471.25,7469.0,7470.5,580
2026-06-23 02:04:00,7470.5,7472.25,7469.75,7470.5,439
2026-06-23 02:05:00,7470.5,7472.25,7470.0,7470.5,464
2026-06-23 02:06:00,7470.5,7470.5,7466.25,7466.25,520
2026-06-23 02:07:00,7466.5,7466.75,7463.5,7466.0,1091
2026-06-23 02:08:00,7465.75,7466.25,7462.5,7464.25,507
2026-06-23 02:09:00,7464.75,7465.5,7463.75,7464.5,531
2026-06-23 02:10:00,7464.75,7465.0,7463.25,7464.0,302
2026-06-23 02:11:00,7464.0,7464.5,7463.25,7463.5,297
2026-06-23 02:12:00,7463.5,7466.0,7463.0,7465.5,488
2026-06-23 02:13:00,7465.5,7465.5,7463.5,7464.5,380
2026-06-23 02:14:00,7464.25,7466.25,7463.0,7465.75,487
2026-06-23 02:15:00,7466.0,7468.5,7465.5,7466.25,865
2026-06-23 02:16:00,7466.0,7467.25,7464.5,7466.25,460
2026-06-23 02:17:00,7466.25,7466.75,7463.25,7463.75,267
2026-06-23 02:18:00,7463.25,7463.25,7461.5,7462.0,769
2026-06-23 02:19:00,7461.75,7463.25,7461.75,7462.75,383
2026-06-23 02:20:00,7462.75,7463.0,7460.0,7460.0,679
2026-06-23 02:21:00,7460.0,7460.5,7459.5,7460.5,782
2026-06-23 02:22:00,7460.5,7461.0,7458.75,7459.0,651
2026-06-23 02:23:00,7459.25,7459.5,7457.5,7457.75,845
2026-06-23 02:24:00,7458.0,7459.75,7457.25,7458.75,498
2026-06-23 02:25:00,7459.0,7459.5,7451.0,7452.5,1891
2026-06-23 02:26:00,7452.5,7455.0,7451.5,7454.5,717
2026-06-23 02:27:00,7454.75,7456.5,7454.0,7455.75,855
2026-06-23 02:28:00,7455.75,7457.25,7454.75,7456.5,547
2026-06-23 02:29:00,7456.25,7457.25,7453.75,7454.75,548
2026-06-23 02:30:00,7454.5,7456.0,7452.75,7453.5,656
2026-06-23 02:31:00,7453.75,7458.75,7453.5,7457.0,805
2026-06-23 02:32:00,7456.75,7457.0,7455.5,7456.5,389
2026-06-23 02:33:00,7456.5,7458.0,7455.25,7455.75,267
2026-06-23 02:34:00,7455.75,7456.25,7454.5,7456.0,333
2026-06-23 02:35:00,7455.75,7457.0,7454.75,7455.25,300
2026-06-23 02:36:00,7455.25,7456.25,7454.0,7454.75,407
2026-06-23 02:37:00,7454.75,7455.25,7453.0,7453.75,526
2026-06-23 02:38:00,7453.75,7456.5,7453.0,7455.25,374
2026-06-23 02:39:00,7455.5,7456.25,7454.0,7454.25,383
2026-06-23 02:40:00,7454.5,7457.5,7454.5,7454.5,548
2026-06-23 02:41:00,7454.5,7454.75,7451.5,7452.0,396
2026-06-23 02:42:00,7452.0,7452.0,7448.25,7449.5,1296
2026-06-23 02:43:00,7449.75,7450.75,7448.0,7450.75,482
2026-06-23 02:44:00,7450.5,7450.75,7449.25,7450.5,249
2026-06-23 02:45:00,7450.75,7452.25,7449.25,7452.0,495
2026-06-23 02:46:00,7452.0,7454.0,7452.0,7453.75,663
2026-06-23 02:47:00,7453.5,7455.75,7453.0,7453.25,471
2026-06-23 02:48:00,7453.25,7453.25,7451.25,7451.5,550
2026-06-23 02:49:00,7451.75,7453.75,7450.75,7452.0,741
2026-06-23 02:50:00,7452.25,7453.5,7451.25,7452.5,318
2026-06-23 02:51:00,7452.5,7452.5,7449.5,7451.0,293
2026-06-23 02:52:00,7451.0,7451.75,7448.75,7449.75,237
2026-06-23 02:53:00,7449.5,7450.5,7448.75,7449.75,163
2026-06-23 02:54:00,7449.5,7451.25,7449.5,7450.5,181
2026-06-23 02:55:00,7450.5,7452.0,7449.75,7451.0,200
2026-06-23 02:56:00,7451.25,7451.25,7449.75,7451.0,110
2026-06-23 02:57:00,7450.75,7451.75,7450.25,7451.5,124
2026-06-23 02:58:00,7451.5,7451.75,7448.25,7448.75,443
2026-06-23 02:59:00,7448.5,7448.5,7444.5,7447.0,1402
2026-06-23 03:00:00,7447.0,7448.75,7444.75,7446.0,1260
2026-06-23 03:01:00,7446.0,7447.75,7445.25,7446.0,407
2026-06-23 03:02:00,7446.25,7446.5,7442.25,7442.75,686
2026-06-23 03:03:00,7442.5,7446.5,7442.25,7446.5,564
2026-06-23 03:04:00,7446.25,7448.5,7445.5,7447.0,840
2026-06-23 03:05:00,7447.5,7447.75,7446.25,7447.75,611
2026-06-23 03:06:00,7447.5,7450.5,7447.25,7450.5,763
2026-06-23 03:07:00,7450.5,7452.5,7449.0,7451.75,649
2026-06-23 03:08:00,7452.0,7453.5,7450.5,7452.0,980
2026-06-23 03:09:00,7451.75,7455.5,7451.0,7454.75,738
2026-06-23 03:10:00,7454.5,7455.5,7453.0,7454.25,551
2026-06-23 03:11:00,7454.0,7455.5,7454.0,7454.5,436
2026-06-23 03:12:00,7454.25,7455.0,7451.0,7454.75,662
2026-06-23 03:13:00,7454.5,7454.5,7452.5,7453.25,292
2026-06-23 03:14:00,7453.25,7454.0,7451.5,7452.0,243
2026-06-23 03:15:00,7452.0,7453.25,7450.0,7452.5,321
2026-06-23 03:16:00,7452.75,7453.0,7449.0,7450.25,375
2026-06-23 03:17:00,7450.25,7451.75,7448.5,7448.75,259
2026-06-23 03:18:00,7448.5,7449.0,7446.75,7447.5,498
2026-06-23 03:19:00,7447.5,7447.5,7445.75,7447.0,311
2026-06-23 03:20:00,7446.5,7448.75,7446.5,7447.5,315
2026-06-23 03:21:00,7447.25,7449.75,7447.0,7448.75,329
2026-06-23 03:22:00,7448.5,7449.0,7446.0,7448.0,319
2026-06-23 03:23:00,7448.25,7448.25,7443.25,7443.25,542
2026-06-23 03:24:00,7443.25,7444.25,7442.5,7443.75,563
2026-06-23 03:25:00,7443.75,7445.0,7440.5,7440.75,762
2026-06-23 03:26:00,7440.75,7445.5,7440.5,7444.0,501
2026-06-23 03:27:00,7443.5,7445.25,7442.0,7445.0,384
2026-06-23 03:28:00,7445.0,7446.25,7444.25,7445.25,275
2026-06-23 03:29:00,7445.25,7447.0,7445.25,7446.25,226
2026-06-23 03:30:00,7446.5,7446.75,7442.25,7444.0,752
2026-06-23 03:31:00,7444.0,7444.25,7440.0,7441.0,646
2026-06-23 03:32:00,7441.25,7441.5,7437.25,7439.0,858
2026-06-23 03:33:00,7439.0,7442.25,7438.5,7441.0,452
2026-06-23 03:34:00,7441.0,7445.25,7440.25,7445.0,397
2026-06-23 03:35:00,7445.0,7445.25,7441.0,7441.0,584
2026-06-23 03:36:00,7441.0,7444.0,7439.5,7443.5,678
2026-06-23 03:37:00,7443.5,7444.0,7442.75,7442.75,312
2026-06-23 03:38:00,7443.0,7444.0,7442.75,7443.75,277
2026-06-23 03:39:00,7443.75,7446.0,7443.5,7445.5,470
2026-06-23 03:40:00,7445.5,7447.5,7444.75,7445.25,571
2026-06-23 03:41:00,7445.25,7445.75,7441.75,7442.0,371
2026-06-23 03:42:00,7442.25,7443.5,7440.0,7441.5,534
2026-06-23 03:43:00,7441.25,7442.5,7440.25,7441.0,432
2026-06-23 03:44:00,7441.25,7441.5,7437.75,7439.5,563
2026-06-23 03:45:00,7439.5,7441.25,7438.75,7439.0,504
2026-06-23 03:46:00,7439.25,7440.5,7438.25,7439.5,466
2026-06-23 03:47:00,7440.0,7441.0,7435.75,7437.0,846
2026-06-23 03:48:00,7437.0,7437.75,7436.0,7437.25,254
2026-06-23 03:49:00,7437.0,7439.75,7437.0,7438.25,435
2026-06-23 03:50:00,7438.5,7438.75,7436.75,7436.75,379
2026-06-23 03:51:00,7436.75,7438.25,7434.5,7437.25,830
2026-06-23 03:52:00,7437.0,7437.0,7434.75,7435.75,393
2026-06-23 03:53:00,7435.75,7436.25,7434.25,7434.75,308
2026-06-23 03:54:00,7434.75,7436.0,7433.25,7435.75,659
2026-06-23 03:55:00,7436.25,7436.5,7432.25,7432.5,685
2026-06-23 03:56:00,7432.25,7432.5,7430.5,7431.0,743
2026-06-23 03:57:00,7431.0,7432.75,7428.5,7432.75,1229
2026-06-23 03:58:00,7432.75,7435.0,7431.5,7433.5,877
2026-06-23 03:59:00,7433.5,7434.75,7432.5,7434.0,526
2026-06-23 04:00:00,7433.75,7434.75,7421.75,7426.75,3058
2026-06-23 04:01:00,7426.75,7432.25,7426.25,7431.5,1338
2026-06-23 04:02:00,7431.5,7433.0,7429.75,7430.0,888
2026-06-23 04:03:00,7429.5,7432.5,7428.75,7429.75,1082
2026-06-23 04:04:00,7429.75,7431.0,7426.5,7426.75,785
2026-06-23 04:05:00,7427.0,7430.5,7427.0,7430.5,678
2026-06-23 04:06:00,7430.75,7434.25,7430.25,7433.5,952
2026-06-23 04:07:00,7433.75,7434.5,7432.25,7434.25,801
2026-06-23 04:08:00,7434.25,7435.25,7431.75,7434.25,648
2026-06-23 04:09:00,7434.25,7434.25,7430.5,7434.0,668
2026-06-23 04:10:00,7434.0,7434.5,7430.25,7433.5,1061
2026-06-23 04:11:00,7433.25,7435.0,7432.0,7432.5,693
2026-06-23 04:12:00,7432.75,7434.0,7430.75,7432.5,433
2026-06-23 04:13:00,7432.25,7434.0,7430.25,7430.25,631
2026-06-23 04:14:00,7430.5,7432.5,7429.25,7429.75,581
2026-06-23 04:15:00,7429.5,7430.75,7428.0,7429.25,795
2026-06-23 04:16:00,7429.75,7430.25,7427.25,7429.5,556
2026-06-23 04:17:00,7429.75,7430.75,7426.75,7428.25,970
2026-06-23 04:18:00,7428.5,7430.0,7426.75,7427.75,872
2026-06-23 04:19:00,7428.0,7430.0,7424.75,7424.75,950
2026-06-23 04:20:00,7425.0,7428.5,7424.75,7426.5,808
2026-06-23 04:21:00,7426.75,7428.5,7425.5,7425.75,450
2026-06-23 04:22:00,7425.5,7426.75,7425.0,7425.5,406
2026-06-23 04:23:00,7425.75,7427.0,7422.5,7422.75,825
2026-06-23 04:24:00,7422.75,7425.5,7421.5,7425.25,1109
2026-06-23 04:25:00,7425.25,7427.25,7422.5,7425.75,1036
2026-06-23 04:26:00,7426.0,7426.75,7423.5,7425.0,450
2026-06-23 04:27:00,7425.0,7425.75,7422.5,7424.75,620
2026-06-23 04:28:00,7425.0,7427.0,7424.0,7424.75,478
2026-06-23 04:29:00,7425.0,7425.75,7423.0,7424.5,349
2026-06-23 04:30:00,7424.5,7429.0,7424.25,7429.0,815
2026-06-23 04:31:00,7428.75,7430.75,7427.5,7429.5,663
2026-06-23 04:32:00,7429.5,7431.25,7429.5,7430.25,559
2026-06-23 04:33:00,7430.0,7432.75,7429.0,7432.5,824
2026-06-23 04:34:00,7432.5,7433.0,7430.25,7432.0,529
2026-06-23 04:35:00,7432.25,7434.75,7431.0,7434.5,911
2026-06-23 04:36:00,7434.0,7435.0,7431.75,7432.25,632
2026-06-23 04:37:00,7432.5,7434.0,7430.5,7431.5,529
2026-06-23 04:38:00,7431.0,7433.75,7431.0,7431.75,345
2026-06-23 04:39:00,7432.0,7433.25,7430.75,7431.75,171
2026-06-23 04:40:00,7432.0,7437.5,7431.75,7436.25,808
2026-06-23 04:41:00,7436.25,7438.5,7436.0,7438.0,591
2026-06-23 04:42:00,7437.75,7438.5,7437.0,7437.5,407
2026-06-23 04:43:00,7437.5,7437.75,7432.25,7432.75,777
2026-06-23 04:44:00,7432.5,7434.75,7432.5,7434.5,324
2026-06-23 04:45:00,7434.5,7434.5,7425.5,7426.0,1265
2026-06-23 04:46:00,7426.5,7427.0,7425.25,7425.75,402
2026-06-23 04:47:00,7426.0,7426.75,7425.25,7425.75,366
2026-06-23 04:48:00,7425.25,7425.5,7423.5,7425.25,772
2026-06-23 04:49:00,7425.5,7427.5,7425.25,7427.25,345
2026-06-23 04:50:00,7427.0,7428.0,7425.5,7425.5,384
2026-06-23 04:51:00,7425.75,7430.25,7424.75,7429.75,675
2026-06-23 04:52:00,7430.0,7431.0,7428.75,7429.0,533
2026-06-23 04:53:00,7429.0,7430.25,7428.0,7430.25,459
2026-06-23 04:54:00,7430.25,7431.0,7428.75,7430.25,537
2026-06-23 04:55:00,7430.25,7431.25,7429.75,7429.75,464
2026-06-23 04:56:00,7430.0,7432.0,7428.25,7431.75,537
2026-06-23 04:57:00,7431.5,7431.5,7428.0,7428.0,417
2026-06-23 04:58:00,7428.25,7429.5,7428.0,7428.5,242
2026-06-23 04:59:00,7428.5,7430.5,7428.25,7430.5,354
2026-06-23 05:00:00,7430.5,7433.5,7429.5,7433.25,719
2026-06-23 05:01:00,7433.25,7436.5,7432.75,7435.25,1077
2026-06-23 05:02:00,7435.0,7435.75,7434.0,7435.25,415
2026-06-23 05:03:00,7435.25,7435.25,7432.75,7433.5,457
2026-06-23 05:04:00,7433.75,7434.75,7432.5,7434.75,261
2026-06-23 05:05:00,7434.5,7435.5,7433.75,7435.5,306
2026-06-23 05:06:00,7435.5,7438.0,7435.0,7437.0,550
2026-06-23 05:07:00,7436.75,7437.25,7433.75,7434.0,620
2026-06-23 05:08:00,7434.0,7434.75,7431.75,7432.25,519
2026-06-23 05:09:00,7432.25,7434.0,7432.0,7432.75,194
2026-06-23 05:10:00,7432.5,7435.5,7431.25,7435.0,338
2026-06-23 05:11:00,7434.75,7435.75,7432.5,7435.25,705
2026-06-23 05:12:00,7435.25,7437.0,7434.75,7436.0,391
2026-06-23 05:13:00,7435.75,7439.25,7435.75,7438.25,520
2026-06-23 05:14:00,7438.25,7439.25,7437.75,7438.25,584
2026-06-23 05:15:00,7438.0,7439.0,7437.5,7438.25,296
2026-06-23 05:16:00,7438.25,7439.0,7437.25,7437.75,303
2026-06-23 05:17:00,7438.0,7438.75,7436.0,7436.25,225
2026-06-23 05:18:00,7436.25,7436.5,7434.75,7436.0,442
2026-06-23 05:19:00,7435.5,7438.75,7435.5,7438.5,342
2026-06-23 05:20:00,7438.5,7439.25,7437.75,7438.75,294
2026-06-23 05:21:00,7438.5,7440.0,7437.75,7438.75,746
2026-06-23 05:22:00,7439.0,7441.25,7439.0,7440.5,585
2026-06-23 05:23:00,7440.25,7442.5,7440.25,7442.25,443
2026-06-23 05:24:00,7442.0,7445.0,7441.5,7444.0,832
2026-06-23 05:25:00,7444.0,7445.75,7443.5,7445.5,595
2026-06-23 05:26:00,7445.0,7445.5,7441.25,7442.75,602
2026-06-23 05:27:00,7443.0,7446.0,7442.75,7445.5,462
2026-06-23 05:28:00,7445.5,7446.0,7443.5,7445.75,423
2026-06-23 05:29:00,7445.25,7446.0,7444.25,7445.0,389
2026-06-23 05:30:00,7445.0,7445.5,7442.25,7442.75,536
2026-06-23 05:31:00,7442.75,7443.25,7441.75,7443.25,329
2026-06-23 05:32:00,7443.25,7444.75,7442.25,7442.5,334
2026-06-23 05:33:00,7442.25,7442.75,7441.0,7442.0,368
2026-06-23 05:34:00,7442.25,7442.25,7440.25,7441.0,319
2026-06-23 05:35:00,7441.5,7442.25,7440.5,7441.5,159
2026-06-23 05:36:00,7441.25,7441.25,7439.25,7440.25,255
2026-06-23 05:37:00,7440.25,7442.0,7439.5,7441.25,395
2026-06-23 05:38:00,7441.25,7443.0,7440.75,7441.75,367
2026-06-23 05:39:00,7441.75,7442.25,7439.5,7439.75,326
2026-06-23 05:40:00,7439.75,7440.25,7439.0,7439.5,320
2026-06-23 05:41:00,7439.5,7440.25,7438.25,7440.25,250
2026-06-23 05:42:00,7440.25,7441.25,7439.75,7441.25,386
2026-06-23 05:43:00,7440.75,7442.5,7440.5,7441.0,326
2026-06-23 05:44:00,7441.0,7441.5,7440.0,7440.0,235
2026-06-23 05:45:00,7440.0,7440.25,7438.0,7439.25,399
2026-06-23 05:46:00,7439.5,7441.25,7438.5,7441.0,283
2026-06-23 05:47:00,7440.75,7441.5,7439.25,7439.75,219
2026-06-23 05:48:00,7440.0,7442.25,7440.0,7442.0,276
2026-06-23 05:49:00,7441.5,7443.5,7441.25,7443.25,312
2026-06-23 05:50:00,7443.25,7443.25,7442.25,7442.25,223
2026-06-23 05:51:00,7442.25,7443.25,7441.0,7443.25,230
2026-06-23 05:52:00,7443.25,7444.0,7442.75,7443.25,208
2026-06-23 05:53:00,7443.25,7444.5,7442.5,7442.75,228
2026-06-23 05:54:00,7443.0,7445.5,7443.0,7444.0,426
2026-06-23 05:55:00,7444.25,7445.5,7442.75,7445.0,319
2026-06-23 05:56:00,7445.0,7446.0,7444.75,7445.25,408
2026-06-23 05:57:00,7445.25,7445.75,7444.75,7445.25,222
2026-06-23 05:58:00,7445.5,7445.5,7442.75,7443.25,515
2026-06-23 05:59:00,7443.25,7444.25,7442.75,7444.25,177
2026-06-23 06:00:00,7444.25,7446.25,7443.25,7446.0,434
2026-06-23 06:01:00,7446.0,7447.75,7446.0,7447.5,504
2026-06-23 06:02:00,7447.5,7449.0,7447.0,7448.25,719
2026-06-23 06:03:00,7447.75,7449.25,7446.75,7449.25,603
2026-06-23 06:04:00,7449.0,7449.5,7447.75,7447.75,258
2026-06-23 06:05:00,7447.75,7448.25,7445.75,7446.75,348
2026-06-23 06:06:00,7446.5,7447.5,7445.75,7447.0,274
2026-06-23 06:07:00,7447.5,7447.5,7445.0,7445.25,290
2026-06-23 06:08:00,7445.25,7445.25,7442.5,7444.5,605
2026-06-23 06:09:00,7444.25,7444.5,7443.25,7444.25,233
2026-06-23 06:10:00,7444.0,7444.75,7442.25,7442.75,195
2026-06-23 06:11:00,7443.25,7444.5,7442.75,7443.75,229
2026-06-23 06:12:00,7444.0,7444.25,7442.25,7444.0,240
2026-06-23 06:13:00,7443.75,7444.0,7441.25,7441.25,359
2026-06-23 06:14:00,7441.25,7443.0,7440.75,7442.5,229
2026-06-23 06:15:00,7442.5,7444.75,7441.75,7444.5,358
2026-06-23 06:16:00,7444.5,7445.25,7443.75,7444.75,640
2026-06-23 06:17:00,7445.25,7446.25,7445.0,7445.0,322
2026-06-23 06:18:00,7445.0,7445.75,7444.25,7445.5,336
2026-06-23 06:19:00,7445.75,7446.75,7445.25,7446.25,296
2026-06-23 06:20:00,7446.5,7447.5,7445.75,7447.25,588
2026-06-23 06:21:00,7447.25,7449.0,7446.75,7448.5,353
2026-06-23 06:22:00,7448.5,7449.5,7447.75,7448.75,388
2026-06-23 06:23:00,7448.75,7449.5,7447.5,7448.75,429
2026-06-23 06:24:00,7448.5,7448.75,7443.75,7444.25,854
2026-06-23 06:25:00,7444.25,7444.25,7442.25,7442.75,378
2026-06-23 06:26:00,7442.75,7443.0,7441.0,7442.0,243
2026-06-23 06:27:00,7442.0,7442.5,7439.75,7440.5,438
2026-06-23 06:28:00,7440.25,7441.0,7439.75,7440.75,220
2026-06-23 06:29:00,7440.75,7440.75,7439.25,7439.75,336
2026-06-23 06:30:00,7439.75,7440.25,7437.5,7439.0,1272
2026-06-23 06:31:00,7439.0,7439.25,7436.25,7436.25,587
2026-06-23 06:32:00,7436.0,7436.5,7434.0,7434.25,990
2026-06-23 06:33:00,7434.5,7436.5,7434.25,7434.5,693
2026-06-23 06:34:00,7434.75,7435.5,7433.25,7433.75,529
2026-06-23 06:35:00,7434.0,7435.75,7433.0,7433.25,618
2026-06-23 06:36:00,7433.0,7434.25,7431.0,7431.5,778
2026-06-23 06:37:00,7431.25,7433.0,7430.0,7432.25,823
2026-06-23 06:38:00,7432.5,7433.5,7431.25,7433.25,272
2026-06-23 06:39:00,7433.25,7433.75,7431.5,7432.75,269
2026-06-23 06:40:00,7432.5,7433.25,7431.75,7431.75,344
2026-06-23 06:41:00,7432.0,7432.0,7429.5,7429.75,549
2026-06-23 06:42:00,7430.0,7430.25,7426.25,7427.75,934
2026-06-23 06:43:00,7427.5,7431.75,7427.25,7430.75,581
2026-06-23 06:44:00,7431.0,7433.25,7430.0,7431.5,507
2026-06-23 06:45:00,7431.25,7433.5,7431.25,7433.0,470
2026-06-23 06:46:00,7432.75,7434.25,7432.0,7433.75,268
2026-06-23 06:47:00,7433.5,7434.5,7432.5,7434.0,499
2026-06-23 06:48:00,7434.0,7436.5,7433.0,7436.0,692
2026-06-23 06:49:00,7436.25,7436.5,7432.75,7433.25,467
2026-06-23 06:50:00,7433.5,7434.25,7432.25,7433.75,324
2026-06-23 06:51:00,7433.75,7434.0,7432.0,7433.5,262
2026-06-23 06:52:00,7433.25,7434.75,7430.5,7433.5,813
2026-06-23 06:53:00,7433.25,7435.25,7433.0,7434.75,356
2026-06-23 06:54:00,7434.75,7435.5,7434.25,7434.75,262
2026-06-23 06:55:00,7435.0,7436.5,7433.5,7435.75,348
2026-06-23 06:56:00,7435.75,7437.0,7435.25,7436.5,345
2026-06-23 06:57:00,7436.25,7438.0,7435.0,7435.5,450
2026-06-23 06:58:00,7435.5,7437.0,7434.25,7436.5,352
2026-06-23 06:59:00,7436.75,7437.5,7436.0,7436.75,252
2026-06-23 07:00:00,7436.75,7440.75,7436.0,7440.75,1375
2026-06-23 07:01:00,7440.75,7441.25,7437.75,7438.5,620
2026-06-23 07:02:00,7438.75,7441.5,7438.5,7440.5,526
2026-06-23 07:03:00,7440.5,7440.75,7438.5,7439.5,384
2026-06-23 07:04:00,7439.25,7439.5,7434.5,7434.75,537
2026-06-23 07:05:00,7434.75,7434.75,7432.5,7432.75,522
2026-06-23 07:06:00,7433.25,7435.75,7433.0,7434.75,373
2026-06-23 07:07:00,7435.0,7438.0,7435.0,7437.5,529
2026-06-23 07:08:00,7437.25,7438.0,7435.25,7436.5,368
2026-06-23 07:09:00,7436.75,7436.75,7434.25,7435.5,242
2026-06-23 07:10:00,7435.75,7438.75,7435.75,7438.5,341
2026-06-23 07:11:00,7438.5,7439.75,7437.0,7438.0,345
2026-06-23 07:12:00,7437.75,7439.0,7437.5,7438.75,237
2026-06-23 07:13:00,7438.75,7439.75,7438.25,7439.75,296
2026-06-23 07:14:00,7439.5,7443.0,7438.75,7442.75,553
2026-06-23 07:15:00,7442.5,7442.75,7440.0,7440.25,414
2026-06-23 07:16:00,7440.25,7441.0,7438.5,7439.25,411
2026-06-23 07:17:00,7439.25,7440.25,7438.75,7440.0,249
2026-06-23 07:18:00,7440.25,7441.75,7440.25,7440.75,238
2026-06-23 07:19:00,7441.0,7441.25,7439.5,7441.25,406
2026-06-23 07:20:00,7441.25,7448.25,7436.0,7445.0,2499
2026-06-23 07:21:00,7444.75,7446.25,7438.75,7439.75,1412
2026-06-23 07:22:00,7440.0,7443.5,7439.75,7443.0,373
2026-06-23 07:23:00,7443.0,7444.25,7440.75,7441.0,695
2026-06-23 07:24:00,7441.0,7442.75,7440.75,7442.5,435
2026-06-23 07:25:00,7442.5,7443.0,7440.75,7442.5,581
2026-06-23 07:26:00,7442.75,7443.75,7441.25,7441.75,388
2026-06-23 07:27:00,7442.25,7442.5,7439.0,7439.5,649
2026-06-23 07:28:00,7439.5,7440.75,7437.75,7440.5,538
2026-06-23 07:29:00,7440.5,7440.5,7439.25,7440.25,212
2026-06-23 07:30:00,7440.0,7440.5,7438.25,7438.75,348
2026-06-23 07:31:00,7438.75,7441.75,7438.75,7440.75,395
2026-06-23 07:32:00,7440.75,7443.5,7440.75,7442.25,336
2026-06-23 07:33:00,7442.25,7444.5,7441.5,7442.0,488
2026-06-23 07:34:00,7442.0,7442.5,7441.0,7442.0,196
2026-06-23 07:35:00,7442.5,7443.25,7440.5,7440.5,309
2026-06-23 07:36:00,7440.25,7441.25,7439.75,7441.0,359
2026-06-23 07:37:00,7441.0,7441.75,7438.5,7441.75,501
2026-06-23 07:38:00,7442.0,7444.0,7441.75,7443.25,402
2026-06-23 07:39:00,7443.5,7446.0,7443.25,7444.75,848
2026-06-23 07:40:00,7444.5,7447.25,7444.5,7445.75,451
2026-06-23 07:41:00,7445.75,7447.25,7445.25,7447.0,523
2026-06-23 07:42:00,7447.0,7448.0,7446.5,7447.75,583
2026-06-23 07:43:00,7447.75,7448.0,7447.0,7447.0,304
2026-06-23 07:44:00,7447.0,7449.5,7446.75,7449.0,624
2026-06-23 07:45:00,7449.0,7450.5,7448.25,7450.0,700
2026-06-23 07:46:00,7449.5,7450.75,7448.75,7449.25,629
2026-06-23 07:47:00,7449.0,7449.75,7446.25,7446.75,714
2026-06-23 07:48:00,7446.75,7448.5,7446.0,7448.25,442
2026-06-23 07:49:00,7448.0,7449.25,7447.25,7448.5,328
2026-06-23 07:50:00,7448.25,7448.25,7446.5,7448.0,475
2026-06-23 07:51:00,7448.0,7449.0,7446.25,7447.25,481
2026-06-23 07:52:00,7447.25,7450.75,7447.25,7450.75,712
2026-06-23 07:53:00,7450.75,7451.5,7450.0,7451.0,619
2026-06-23 07:54:00,7450.75,7453.0,7450.75,7453.0,849
2026-06-23 07:55:00,7453.0,7453.5,7452.0,7452.5,509
2026-06-23 07:56:00,7452.5,7453.75,7451.75,7453.5,505
2026-06-23 07:57:00,7453.5,7453.5,7450.5,7450.5,634
2026-06-23 07:58:00,7450.5,7452.25,7450.0,7451.25,672
2026-06-23 07:59:00,7451.5,7452.5,7450.75,7450.75,510
2026-06-23 08:00:00,7450.75,7452.75,7449.0,7452.25,1067
2026-06-23 08:01:00,7452.25,7454.25,7452.25,7453.75,577
2026-06-23 08:02:00,7453.75,7454.5,7452.5,7452.75,552
2026-06-23 08:03:00,7452.75,7454.25,7452.5,7452.75,318
2026-06-23 08:04:00,7453.0,7453.75,7451.5,7451.75,526
2026-06-23 08:05:00,7452.0,7452.0,7449.75,7450.0,609
2026-06-23 08:06:00,7449.75,7450.25,7448.5,7449.0,571
2026-06-23 08:07:00,7449.25,7449.5,7447.75,7448.0,445
2026-06-23 08:08:00,7448.25,7450.25,7448.25,7449.5,304
2026-06-23 08:09:00,7449.25,7449.5,7447.25,7448.75,443
2026-06-23 08:10:00,7449.0,7451.25,7448.25,7448.5,816
2026-06-23 08:11:00,7448.5,7448.5,7445.75,7446.25,1168
2026-06-23 08:12:00,7446.25,7447.25,7444.25,7445.75,690
2026-06-23 08:13:00,7445.75,7445.75,7444.25,7444.5,424
2026-06-23 08:14:00,7444.75,7447.0,7444.75,7446.75,425
2026-06-23 08:15:00,7446.75,7447.5,7445.0,7445.5,364
2026-06-23 08:16:00,7445.75,7445.75,7443.5,7443.75,511
2026-06-23 08:17:00,7444.25,7444.25,7441.5,7442.25,914
2026-06-23 08:18:00,7442.25,7442.5,7440.25,7442.25,778
2026-06-23 08:19:00,7442.25,7444.5,7442.0,7443.5,610
2026-06-23 08:20:00,7443.5,7443.5,7437.75,7438.25,1221
2026-06-23 08:21:00,7438.25,7439.25,7436.75,7438.5,752
2026-06-23 08:22:00,7438.5,7440.25,7436.25,7437.25,695
2026-06-23 08:23:00,7437.25,7438.75,7436.75,7437.0,367
2026-06-23 08:24:00,7437.25,7438.25,7436.25,7437.5,520
2026-06-23 08:25:00,7437.5,7437.5,7433.5,7435.0,946
2026-06-23 08:26:00,7434.5,7435.5,7432.75,7433.75,808
2026-06-23 08:27:00,7434.0,7437.25,7433.75,7437.25,789
2026-06-23 08:28:00,7437.25,7438.5,7436.75,7438.25,730
2026-06-23 08:29:00,7438.25,7438.25,7436.25,7437.5,386
2026-06-23 08:30:00,7437.5,7440.5,7437.0,7438.5,929
2026-06-23 08:31:00,7438.25,7439.75,7436.25,7436.25,722
2026-06-23 08:32:00,7436.5,7436.75,7432.5,7433.0,1187
2026-06-23 08:33:00,7432.75,7434.5,7431.0,7433.0,1127
2026-06-23 08:34:00,7432.75,7433.75,7427.75,7427.75,1287
2026-06-23 08:35:00,7428.0,7430.5,7427.5,7430.25,1366
2026-06-23 08:36:00,7430.25,7431.0,7428.5,7431.0,667
2026-06-23 08:37:00,7431.0,7431.25,7428.25,7430.25,632
2026-06-23 08:38:00,7430.5,7432.0,7428.5,7429.75,691
2026-06-23 08:39:00,7429.5,7432.75,7429.0,7431.5,625
2026-06-23 08:40:00,7431.25,7433.0,7430.75,7432.25,524
2026-06-23 08:41:00,7432.5,7436.75,7431.75,7434.5,1601
2026-06-23 08:42:00,7434.25,7435.0,7433.0,7433.0,547
2026-06-23 08:43:00,7433.0,7434.25,7431.75,7434.0,775
2026-06-23 08:44:00,7434.0,7435.5,7433.0,7433.25,526
2026-06-23 08:45:00,7433.25,7435.25,7433.0,7433.75,629
2026-06-23 08:46:00,7433.5,7435.25,7431.25,7431.5,716
2026-06-23 08:47:00,7431.5,7431.75,7429.75,7430.75,875
2026-06-23 08:48:00,7430.5,7433.5,7430.5,7433.25,671
2026-06-23 08:49:00,7433.25,7434.0,7432.0,7432.25,462
2026-06-23 08:50:00,7432.25,7433.75,7431.25,7431.5,463
2026-06-23 08:51:00,7431.5,7433.75,7431.5,7433.0,269
2026-06-23 08:52:00,7433.25,7435.25,7433.0,7433.75,703
2026-06-23 08:53:00,7433.5,7434.25,7432.25,7432.75,550
2026-06-23 08:54:00,7432.5,7434.0,7430.25,7430.25,610
2026-06-23 08:55:00,7430.0,7432.75,7429.75,7432.25,675
2026-06-23 08:56:00,7432.25,7434.0,7431.75,7433.0,462
2026-06-23 08:57:00,7432.75,7434.5,7432.25,7432.25,380
2026-06-23 08:58:00,7432.5,7432.5,7430.25,7430.25,371
2026-06-23 08:59:00,7430.5,7433.25,7430.25,7432.5,379
2026-06-23 09:00:00,7432.5,7434.25,7431.5,7431.75,889
2026-06-23 09:01:00,7431.75,7432.75,7431.0,7431.0,346
2026-06-23 09:02:00,7431.0,7433.5,7430.0,7433.0,1059
2026-06-23 09:03:00,7433.0,7434.0,7432.0,7432.5,434
2026-06-23 09:04:00,7432.25,7434.0,7431.5,7433.0,786
2026-06-23 09:05:00,7433.25,7434.5,7432.75,7433.5,518
2026-06-23 09:06:00,7433.5,7433.75,7432.0,7432.75,528
2026-06-23 09:07:00,7432.5,7432.75,7431.0,7431.5,472
2026-06-23 09:08:00,7431.25,7433.5,7431.25,7432.5,656
2026-06-23 09:09:00,7432.5,7433.5,7432.0,7432.5,309
2026-06-23 09:10:00,7432.5,7432.75,7429.75,7431.5,765
2026-06-23 09:11:00,7431.5,7432.25,7430.5,7431.5,791
2026-06-23 09:12:00,7431.5,7434.25,7429.0,7433.5,1001
2026-06-23 09:13:00,7433.25,7436.25,7433.0,7435.5,1072
2026-06-23 09:14:00,7435.5,7436.25,7432.75,7434.0,811
2026-06-23 09:15:00,7433.75,7434.0,7429.5,7429.75,1003
2026-06-23 09:16:00,7429.75,7431.5,7429.0,7431.0,844
2026-06-23 09:17:00,7431.0,7432.0,7428.25,7428.75,696
2026-06-23 09:18:00,7428.5,7430.25,7427.5,7429.5,910
2026-06-23 09:19:00,7429.5,7430.75,7429.0,7430.5,646
2026-06-23 09:20:00,7430.5,7431.5,7429.75,7430.75,596
2026-06-23 09:21:00,7430.75,7432.0,7429.25,7430.75,616
2026-06-23 09:22:00,7430.5,7430.75,7428.75,7429.0,577
2026-06-23 09:23:00,7429.5,7432.75,7429.25,7431.25,787
2026-06-23 09:24:00,7431.5,7431.75,7430.25,7430.75,751
2026-06-23 09:25:00,7430.5,7430.5,7424.25,7426.0,3210
2026-06-23 09:26:00,7426.0,7427.25,7425.5,7426.0,1020
2026-06-23 09:27:00,7425.75,7427.25,7423.75,7425.75,1519
2026-06-23 09:28:00,7425.75,7428.5,7425.25,7428.5,2262
2026-06-23 09:29:00,7428.75,7429.75,7426.75,7429.5,2223
2026-06-23 09:30:00,7429.5,7430.25,7416.75,7419.75,15913
2026-06-23 09:31:00,7419.5,7429.0,7415.0,7429.0,9989
2026-06-23 09:32:00,7428.75,7434.5,7426.5,7430.75,10430
2026-06-23 09:33:00,7431.0,7431.5,7422.5,7426.5,8073
2026-06-23 09:34:00,7426.5,7433.0,7424.75,7432.5,5527
2026-06-23 09:35:00,7432.25,7432.5,7420.5,7420.75,9552
2026-06-23 09:36:00,7421.0,7424.25,7416.75,7417.5,8553
2026-06-23 09:37:00,7417.5,7425.75,7417.5,7423.25,6778
2026-06-23 09:38:00,7423.25,7433.0,7421.5,7431.0,6909
2026-06-23 09:39:00,7431.0,7439.25,7430.75,7436.75,8528
2026-06-23 09:40:00,7437.0,7441.5,7430.75,7440.25,9017
2026-06-23 09:41:00,7440.25,7440.5,7437.0,7439.0,4674
2026-06-23 09:42:00,7439.0,7446.0,7435.5,7445.75,6181
2026-06-23 09:43:00,7445.75,7446.75,7438.75,7439.25,4546
2026-06-23 09:44:00,7439.5,7444.0,7438.75,7442.5,2672
2026-06-23 09:45:00,7442.0,7448.75,7436.0,7445.5,5703
2026-06-23 09:46:00,7445.5,7446.5,7441.75,7444.75,3822
2026-06-23 09:47:00,7445.0,7454.5,7444.75,7454.0,7647
2026-06-23 09:48:00,7454.0,7461.75,7453.25,7461.0,9049
2026-06-23 09:49:00,7460.75,7463.5,7456.0,7457.75,6479
2026-06-23 09:50:00,7457.75,7464.0,7457.25,7462.0,5759
2026-06-23 09:51:00,7462.0,7463.0,7459.5,7462.5,3487
2026-06-23 09:52:00,7462.25,7465.0,7460.0,7464.75,4342
2026-06-23 09:53:00,7464.5,7465.75,7461.25,7462.75,4751
2026-06-23 09:54:00,7463.0,7465.0,7459.0,7460.0,3906
2026-06-23 09:55:00,7459.75,7460.75,7456.5,7458.0,5805
2026-06-23 09:56:00,7458.0,7459.5,7454.75,7459.25,5080
2026-06-23 09:57:00,7459.0,7464.25,7457.5,7462.75,6312
2026-06-23 09:58:00,7462.75,7465.0,7461.25,7463.25,3441
2026-06-23 09:59:00,7463.0,7466.25,7460.75,7465.25,4653
2026-06-23 10:00:00,7465.5,7469.75,7463.75,7469.5,6804
2026-06-23 10:01:00,7469.5,7474.5,7469.0,7473.75,7302
2026-06-23 10:02:00,7473.75,7478.0,7471.0,7473.5,6552
2026-06-23 10:03:00,7473.5,7475.25,7471.25,7472.5,4227
2026-06-23 10:04:00,7472.5,7477.25,7472.5,7474.5,3911
2026-06-23 10:05:00,7474.75,7475.25,7472.5,7473.0,3417
2026-06-23 10:06:00,7473.0,7475.5,7472.75,7475.5,3340
2026-06-23 10:07:00,7475.5,7478.25,7473.25,7473.75,4243
2026-06-23 10:08:00,7473.75,7474.25,7470.75,7472.0,4605
2026-06-23 10:09:00,7472.0,7480.75,7471.25,7479.0,6008
2026-06-23 10:10:00,7478.75,7485.25,7477.5,7478.0,9054
2026-06-23 10:11:00,7477.75,7479.25,7476.25,7477.25,4861
2026-06-23 10:12:00,7477.5,7483.25,7476.75,7483.0,4316
2026-06-23 10:13:00,7482.75,7484.25,7481.0,7483.25,3690
2026-06-23 10:14:00,7483.25,7485.0,7482.5,7484.0,2742
2026-06-23 10:15:00,7483.75,7484.75,7480.5,7480.5,3827
2026-06-23 10:16:00,7480.5,7486.5,7480.0,7485.75,4192
2026-06-23 10:17:00,7485.5,7486.25,7481.25,7482.0,3497
2026-06-23 10:18:00,7482.0,7485.0,7481.0,7484.25,2850
2026-06-23 10:19:00,7484.0,7487.5,7481.25,7486.25,3497
2026-06-23 10:20:00,7486.25,7491.25,7486.0,7487.25,5750
2026-06-23 10:21:00,7487.0,7487.5,7482.5,7483.25,3581
2026-06-23 10:22:00,7483.25,7484.5,7479.5,7480.25,4807
2026-06-23 10:23:00,7480.25,7488.25,7480.0,7486.5,4790
2026-06-23 10:24:00,7486.5,7486.5,7482.0,7483.0,3353
2026-06-23 10:25:00,7483.0,7484.0,7481.0,7481.25,3441
2026-06-23 10:26:00,7481.5,7481.5,7476.75,7479.75,5854
2026-06-23 10:27:00,7480.0,7483.75,7477.0,7477.5,4425
2026-06-23 10:28:00,7477.5,7481.75,7475.75,7481.0,3786
2026-06-23 10:29:00,7480.75,7484.75,7479.25,7483.75,4209
2026-06-23 10:30:00,7483.75,7486.0,7478.5,7478.75,4715
2026-06-23 10:31:00,7479.0,7480.25,7474.25,7474.25,4438
2026-06-23 10:32:00,7474.25,7474.75,7472.25,7473.5,4170
2026-06-23 10:33:00,7473.5,7480.0,7473.5,7476.5,4544
2026-06-23 10:34:00,7476.5,7478.0,7476.0,7476.0,2684
2026-06-23 10:35:00,7476.0,7476.5,7471.75,7474.5,4735
2026-06-23 10:36:00,7474.5,7482.75,7473.75,7480.75,5975
2026-06-23 10:37:00,7480.5,7481.75,7478.5,7480.75,3151
2026-06-23 10:38:00,7480.75,7481.25,7472.75,7473.0,4069
2026-06-23 10:39:00,7473.0,7475.25,7470.0,7470.5,4626
2026-06-23 10:40:00,7470.5,7473.0,7466.0,7469.25,5762
2026-06-23 10:41:00,7469.5,7470.5,7466.5,7468.5,3990
2026-06-23 10:42:00,7468.75,7474.5,7467.25,7472.5,5723
2026-06-23 10:43:00,7472.5,7476.25,7470.5,7474.25,4376
2026-06-23 10:44:00,7474.0,7475.0,7466.5,7468.25,4582
2026-06-23 10:45:00,7468.5,7470.25,7465.0,7465.25,5025
2026-06-23 10:46:00,7465.25,7469.0,7463.75,7464.25,3694
2026-06-23 10:47:00,7464.25,7465.0,7461.25,7462.25,3918
2026-06-23 10:48:00,7462.5,7468.5,7461.5,7467.25,4371
2026-06-23 10:49:00,7467.25,7469.25,7465.5,7467.5,3503
2026-06-23 10:50:00,7468.0,7470.75,7463.75,7470.75,4471
2026-06-23 10:51:00,7470.75,7474.0,7470.0,7471.5,5951
2026-06-23 10:52:00,7471.5,7471.75,7466.5,7467.5,3868
2026-06-23 10:53:00,7467.5,7468.0,7463.25,7464.25,3968
2026-06-23 10:54:00,7464.25,7466.75,7462.0,7466.0,3929
2026-06-23 10:55:00,7466.0,7467.75,7459.75,7462.25,4863
2026-06-23 10:56:00,7462.5,7465.25,7460.25,7461.25,3027
2026-06-23 10:57:00,7461.25,7466.5,7460.0,7464.5,3639
2026-06-23 10:58:00,7464.75,7465.25,7460.25,7462.75,3060
2026-06-23 10:59:00,7462.75,7464.75,7461.25,7464.75,2802
2026-06-23 11:00:00,7464.75,7466.75,7461.5,7464.75,4973
2026-06-23 11:01:00,7464.75,7468.75,7463.25,7464.5,5107
2026-06-23 11:02:00,7464.5,7466.25,7460.25,7462.0,4070
2026-06-23 11:03:00,7462.0,7463.25,7458.5,7459.75,3777
2026-06-23 11:04:00,7460.0,7461.75,7458.5,7459.75,2635
2026-06-23 11:05:00,7459.75,7461.5,7455.0,7455.5,5421
2026-06-23 11:06:00,7455.25,7456.0,7452.75,7453.25,4177
2026-06-23 11:07:00,7453.25,7454.5,7450.5,7454.25,4612
2026-06-23 11:08:00,7454.0,7454.5,7451.0,7452.0,2831
2026-06-23 11:09:00,7452.25,7454.5,7451.25,7453.75,2340
2026-06-23 11:10:00,7454.25,7457.0,7451.0,7453.25,3596
2026-06-23 11:11:00,7453.25,7455.25,7452.25,7454.25,2126
2026-06-23 11:12:00,7454.0,7456.75,7452.0,7456.5,3032
2026-06-23 11:13:00,7456.5,7456.5,7453.25,7453.75,2298
2026-06-23 11:14:00,7453.75,7455.75,7452.75,7455.5,2219
2026-06-23 11:15:00,7455.5,7457.0,7452.5,7453.0,2451
2026-06-23 11:16:00,7453.0,7453.5,7450.0,7451.75,3275
2026-06-23 11:17:00,7451.5,7452.25,7448.0,7449.0,3725
2026-06-23 11:18:00,7449.25,7449.5,7445.75,7445.75,3394
2026-06-23 11:19:00,7445.75,7448.75,7445.75,7446.5,2461
2026-06-23 11:20:00,7446.5,7449.75,7445.5,7448.5,3619
2026-06-23 11:21:00,7448.5,7448.75,7443.75,7443.75,2849
2026-06-23 11:22:00,7444.0,7445.5,7443.5,7443.75,2300
2026-06-23 11:23:00,7444.0,7445.25,7442.25,7443.0,2375
2026-06-23 11:24:00,7443.0,7443.0,7439.75,7440.0,2652
2026-06-23 11:25:00,7440.0,7440.25,7436.25,7439.25,4870
2026-06-23 11:26:00,7439.0,7442.5,7438.5,7442.0,4756
2026-06-23 11:27:00,7442.0,7443.0,7438.75,7440.0,2935
2026-06-23 11:28:00,7440.25,7440.5,7437.5,7438.0,2098
2026-06-23 11:29:00,7438.0,7441.25,7438.0,7440.0,2390
2026-06-23 11:30:00,7439.75,7443.5,7438.0,7443.25,3432
2026-06-23 11:31:00,7443.25,7445.75,7442.25,7445.5,3843
2026-06-23 11:32:00,7445.5,7446.75,7442.5,7443.75,3039
2026-06-23 11:33:00,7443.5,7446.75,7443.5,7444.75,2262
2026-06-23 11:34:00,7445.0,7446.5,7442.25,7443.5,2903
2026-06-23 11:35:00,7443.75,7449.5,7443.0,7447.25,4122
2026-06-23 11:36:00,7447.25,7448.5,7445.75,7446.5,2127
2026-06-23 11:37:00,7446.25,7446.5,7442.0,7442.25,2931
2026-06-23 11:38:00,7442.5,7443.5,7436.75,7439.5,4053
2026-06-23 11:39:00,7439.5,7440.75,7437.25,7438.75,2211
2026-06-23 11:40:00,7438.75,7440.75,7435.75,7439.0,3128
2026-06-23 11:41:00,7439.0,7442.5,7438.0,7441.75,2871
2026-06-23 11:42:00,7442.0,7443.0,7439.5,7442.5,2543
2026-06-23 11:43:00,7442.75,7445.5,7442.0,7444.5,2316
2026-06-23 11:44:00,7444.25,7445.75,7442.75,7444.25,1796
2026-06-23 11:45:00,7444.0,7446.25,7441.75,7444.0,2960
2026-06-23 11:46:00,7444.0,7445.0,7442.25,7444.0,1595
2026-06-23 11:47:00,7444.25,7445.75,7443.25,7444.0,1628
2026-06-23 11:48:00,7444.0,7449.5,7443.5,7448.25,3329
2026-06-23 11:49:00,7448.5,7449.0,7444.0,7444.75,2438
2026-06-23 11:50:00,7444.75,7447.75,7443.25,7447.25,2542
2026-06-23 11:51:00,7447.0,7452.0,7446.75,7451.75,3029
2026-06-23 11:52:00,7451.5,7453.5,7450.25,7452.75,2959
2026-06-23 11:53:00,7452.75,7456.0,7452.5,7453.5,3316
2026-06-23 11:54:00,7453.25,7456.5,7452.5,7452.75,2209
2026-06-23 11:55:00,7453.0,7453.0,7447.25,7449.75,3399
2026-06-23 11:56:00,7449.75,7452.5,7447.75,7451.5,1837
2026-06-23 11:57:00,7451.5,7455.25,7450.0,7454.0,2167
2026-06-23 11:58:00,7454.25,7455.75,7452.25,7452.75,1720
2026-06-23 11:59:00,7453.0,7454.5,7451.25,7453.75,1374
2026-06-23 12:00:00,7454.0,7457.5,7452.75,7457.5,2514
2026-06-23 12:01:00,7457.5,7461.25,7457.5,7459.75,3202
2026-06-23 12:02:00,7459.75,7461.0,7458.5,7458.5,1679
2026-06-23 12:03:00,7458.75,7461.0,7458.5,7460.5,1322
2026-06-23 12:04:00,7460.5,7462.0,7459.0,7461.25,1931
2026-06-23 12:05:00,7461.0,7465.75,7460.75,7464.5,2966
2026-06-23 12:06:00,7464.25,7464.75,7460.5,7463.75,2306
2026-06-23 12:07:00,7463.5,7464.0,7460.25,7460.75,2068
2026-06-23 12:08:00,7460.5,7463.75,7459.5,7463.75,1907
2026-06-23 12:09:00,7463.5,7467.0,7462.75,7466.25,2911
2026-06-23 12:10:00,7466.25,7469.75,7466.25,7468.5,2592
2026-06-23 12:11:00,7468.25,7471.0,7467.5,7469.75,1933
2026-06-23 12:12:00,7469.75,7471.5,7469.0,7469.25,1719
2026-06-23 12:13:00,7469.25,7470.75,7467.25,7467.5,1799
2026-06-23 12:14:00,7467.25,7470.25,7466.25,7469.25,1509
2026-06-23 12:15:00,7469.5,7471.0,7467.75,7468.25,2309
2026-06-23 12:16:00,7468.25,7469.25,7465.5,7466.5,1984
2026-06-23 12:17:00,7466.5,7467.0,7465.0,7465.5,1629
2026-06-23 12:18:00,7465.5,7467.25,7464.5,7466.0,1324
2026-06-23 12:19:00,7466.0,7467.5,7464.0,7465.0,1459
2026-06-23 12:20:00,7465.0,7465.0,7460.5,7460.75,2728
2026-06-23 12:21:00,7461.0,7464.25,7461.0,7463.75,1835
2026-06-23 12:22:00,7463.75,7466.25,7463.0,7466.25,1568
2026-06-23 12:23:00,7466.25,7468.75,7466.0,7468.25,1612
2026-06-23 12:24:00,7468.0,7469.5,7467.25,7468.25,1395
2026-06-23 12:25:00,7468.0,7470.0,7467.25,7467.5,1561
2026-06-23 12:26:00,7467.5,7467.75,7466.0,7467.25,1802
2026-06-23 12:27:00,7467.0,7469.0,7465.25,7469.0,1044
2026-06-23 12:28:00,7469.0,7470.25,7468.5,7469.25,1060
2026-06-23 12:29:00,7469.0,7470.5,7468.25,7469.0,1070
2026-06-23 12:30:00,7469.0,7470.0,7467.0,7467.25,1633
2026-06-23 12:31:00,7467.25,7469.25,7464.5,7468.5,1785
2026-06-23 12:32:00,7468.75,7469.0,7466.5,7468.0,917
2026-06-23 12:33:00,7468.0,7469.25,7466.75,7467.0,795
2026-06-23 12:34:00,7467.0,7468.0,7465.25,7466.0,1156
2026-06-23 12:35:00,7466.0,7468.25,7465.0,7465.5,1227
2026-06-23 12:36:00,7466.0,7469.75,7465.75,7468.5,1203
2026-06-23 12:37:00,7468.75,7469.75,7467.5,7468.75,1013
2026-06-23 12:38:00,7469.0,7469.75,7468.0,7468.0,835
2026-06-23 12:39:00,7468.0,7470.75,7468.0,7470.25,1140
2026-06-23 12:40:00,7470.25,7473.25,7470.25,7473.0,2657
2026-06-23 12:41:00,7473.0,7475.25,7472.25,7474.0,1916
2026-06-23 12:42:00,7474.0,7474.25,7471.75,7472.5,1421
2026-06-23 12:43:00,7472.75,7473.25,7471.0,7471.25,1381
2026-06-23 12:44:00,7471.25,7474.25,7471.25,7474.0,1011
2026-06-23 12:45:00,7474.0,7474.75,7471.5,7471.75,1491
2026-06-23 12:46:00,7472.0,7472.75,7470.75,7470.75,1239
2026-06-23 12:47:00,7470.75,7470.75,7467.25,7468.25,2484
2026-06-23 12:48:00,7468.25,7469.75,7466.25,7467.25,1596
2026-06-23 12:49:00,7467.0,7469.25,7466.75,7469.0,1057
2026-06-23 12:50:00,7469.0,7469.25,7465.25,7466.5,1900
2026-06-23 12:51:00,7466.5,7467.5,7464.5,7465.25,1565
2026-06-23 12:52:00,7465.25,7468.5,7464.75,7467.25,1269
2026-06-23 12:53:00,7467.0,7468.75,7465.75,7467.75,1232
2026-06-23 12:54:00,7467.75,7469.0,7467.0,7468.75,1244
2026-06-23 12:55:00,7468.5,7470.25,7466.75,7467.0,1667
2026-06-23 12:56:00,7467.0,7470.0,7465.25,7465.5,1361
2026-06-23 12:57:00,7465.75,7467.5,7465.5,7467.0,1184
2026-06-23 12:58:00,7467.25,7469.25,7466.0,7468.75,1492
2026-06-23 12:59:00,7468.75,7471.75,7468.5,7469.5,1579
2026-06-23 13:00:00,7469.75,7470.25,7466.0,7466.75,1512
2026-06-23 13:01:00,7466.75,7468.25,7464.75,7467.0,1219
2026-06-23 13:02:00,7466.75,7467.5,7462.0,7463.75,2264
2026-06-23 13:03:00,7464.0,7464.5,7462.5,7462.75,1247
2026-06-23 13:04:00,7463.0,7463.5,7461.5,7462.75,1497
2026-06-23 13:05:00,7462.75,7464.5,7460.5,7461.5,1976
2026-06-23 13:06:00,7461.75,7463.25,7461.25,7462.75,1177
2026-06-23 13:07:00,7462.75,7464.5,7462.0,7462.25,1170
2026-06-23 13:08:00,7462.25,7463.75,7460.5,7462.75,1252
2026-06-23 13:09:00,7462.5,7465.5,7462.0,7464.75,1517
2026-06-23 13:10:00,7464.75,7468.0,7464.5,7467.25,1890
2026-06-23 13:11:00,7467.25,7473.0,7467.0,7471.75,2560
2026-06-23 13:12:00,7471.5,7472.5,7470.25,7471.0,1331
2026-06-23 13:13:00,7471.25,7472.5,7469.75,7470.75,1265
2026-06-23 13:14:00,7470.75,7472.25,7468.5,7468.75,2174
2026-06-23 13:15:00,7469.25,7470.5,7468.5,7470.25,1052
2026-06-23 13:16:00,7470.0,7471.25,7468.0,7470.0,1352
2026-06-23 13:17:00,7469.75,7469.75,7465.0,7465.25,2265
2026-06-23 13:18:00,7465.5,7468.25,7464.75,7467.5,1226
2026-06-23 13:19:00,7467.75,7468.0,7465.5,7466.75,843
2026-06-23 13:20:00,7466.75,7469.0,7466.0,7469.0,1428
2026-06-23 13:21:00,7468.75,7473.25,7468.25,7472.25,2327
2026-06-23 13:22:00,7472.25,7473.25,7470.75,7472.25,1275
2026-06-23 13:23:00,7472.25,7473.75,7471.75,7473.25,1362
2026-06-23 13:24:00,7473.5,7476.5,7473.25,7474.5,2779
2026-06-23 13:25:00,7474.25,7475.0,7470.25,7472.25,1867
2026-06-23 13:26:00,7472.0,7473.0,7470.25,7472.75,1341
2026-06-23 13:27:00,7472.5,7473.75,7472.25,7473.0,875
2026-06-23 13:28:00,7472.75,7474.25,7472.25,7473.25,942
2026-06-23 13:29:00,7473.25,7473.75,7470.25,7471.0,930
2026-06-23 13:30:00,7471.0,7471.75,7467.5,7469.0,2001
2026-06-23 13:31:00,7469.0,7469.75,7466.75,7469.0,1797
2026-06-23 13:32:00,7468.75,7470.75,7467.75,7470.25,971
2026-06-23 13:33:00,7470.25,7472.0,7469.75,7471.25,1341
2026-06-23 13:34:00,7471.25,7473.25,7468.75,7473.25,1025
2026-06-23 13:35:00,7473.25,7475.75,7473.0,7475.75,1269
2026-06-23 13:36:00,7475.75,7476.0,7473.5,7474.25,1052
2026-06-23 13:37:00,7474.25,7475.25,7471.75,7472.75,1474
2026-06-23 13:38:00,7473.0,7473.0,7471.25,7472.25,1161
2026-06-23 13:39:00,7472.25,7472.25,7470.25,7471.25,694
2026-06-23 13:40:00,7471.0,7472.5,7470.25,7470.75,884
2026-06-23 13:41:00,7470.5,7470.5,7468.0,7468.5,1085
2026-06-23 13:42:00,7468.5,7468.75,7466.25,7468.0,1465
2026-06-23 13:43:00,7468.0,7469.25,7467.25,7467.5,699
2026-06-23 13:44:00,7467.75,7468.25,7466.5,7467.25,668
2026-06-23 13:45:00,7467.25,7470.0,7466.0,7469.5,1427
2026-06-23 13:46:00,7469.25,7470.5,7467.0,7467.75,1144
2026-06-23 13:47:00,7467.75,7468.0,7466.25,7467.75,867
2026-06-23 13:48:00,7468.0,7468.75,7467.0,7468.0,713
2026-06-23 13:49:00,7468.0,7470.5,7468.0,7468.5,1176
2026-06-23 13:50:00,7468.5,7469.0,7465.0,7465.5,1377
2026-06-23 13:51:00,7465.25,7465.75,7463.25,7464.25,1573
2026-06-23 13:52:00,7464.5,7465.0,7463.0,7463.75,1123
2026-06-23 13:53:00,7463.75,7464.25,7460.5,7461.25,1859
2026-06-23 13:54:00,7461.25,7461.75,7455.5,7456.25,4111
2026-06-23 13:55:00,7456.25,7457.75,7452.75,7455.25,3135
2026-06-23 13:56:00,7455.25,7455.5,7453.0,7453.75,2037
2026-06-23 13:57:00,7454.0,7455.25,7452.75,7453.25,1925
2026-06-23 13:58:00,7453.5,7455.0,7452.75,7453.75,1345
2026-06-23 13:59:00,7453.5,7455.25,7453.0,7453.0,1666
2026-06-23 14:00:00,7453.25,7459.25,7451.75,7459.0,4502
2026-06-23 14:01:00,7459.0,7460.5,7457.75,7460.0,2886
2026-06-23 14:02:00,7460.25,7461.25,7458.25,7458.5,1735
2026-06-23 14:03:00,7458.5,7458.5,7456.0,7457.75,1340
2026-06-23 14:04:00,7457.5,7457.75,7455.5,7456.0,1278
2026-06-23 14:05:00,7456.25,7456.75,7454.75,7455.75,1218
2026-06-23 14:06:00,7455.75,7457.0,7455.0,7455.25,1010
2026-06-23 14:07:00,7455.25,7455.25,7450.25,7450.5,2001
2026-06-23 14:08:00,7450.5,7452.25,7449.0,7451.75,2548
2026-06-23 14:09:00,7451.5,7453.75,7451.5,7453.25,1473
2026-06-23 14:10:00,7453.25,7455.0,7452.5,7453.75,1379
2026-06-23 14:11:00,7454.0,7455.5,7453.25,7454.25,1457
2026-06-23 14:12:00,7454.25,7455.75,7453.0,7453.5,1371
2026-06-23 14:13:00,7453.25,7454.5,7452.5,7453.25,824
2026-06-23 14:14:00,7453.25,7455.25,7453.0,7453.75,1175
2026-06-23 14:15:00,7453.5,7455.75,7452.75,7454.5,1393
2026-06-23 14:16:00,7454.5,7456.0,7451.5,7452.0,1438
2026-06-23 14:17:00,7451.75,7452.25,7450.75,7451.5,824
2026-06-23 14:18:00,7451.5,7452.25,7450.75,7450.75,1121
2026-06-23 14:19:00,7450.75,7451.75,7450.25,7451.25,1008
2026-06-23 14:20:00,7451.5,7451.75,7447.75,7448.0,1829
2026-06-23 14:21:00,7448.0,7450.0,7447.75,7449.5,923
2026-06-23 14:22:00,7449.5,7454.0,7449.5,7453.25,1898
2026-06-23 14:23:00,7453.25,7454.75,7452.0,7454.0,1620
2026-06-23 14:24:00,7454.0,7454.25,7451.5,7452.75,1138
2026-06-23 14:25:00,7453.0,7453.0,7450.0,7451.0,1178
2026-06-23 14:26:00,7450.75,7451.5,7449.75,7450.25,1231
2026-06-23 14:27:00,7450.5,7451.25,7449.75,7449.75,946
2026-06-23 14:28:00,7449.75,7450.25,7448.5,7449.75,1296
2026-06-23 14:29:00,7449.75,7451.75,7449.25,7449.75,1074
2026-06-23 14:30:00,7449.5,7449.5,7447.5,7448.25,1642
2026-06-23 14:31:00,7448.5,7451.0,7448.0,7449.0,1123
2026-06-23 14:32:00,7449.0,7449.75,7447.25,7447.25,932
2026-06-23 14:33:00,7447.25,7448.25,7446.5,7447.25,1189
2026-06-23 14:34:00,7447.25,7448.25,7446.5,7447.0,771
2026-06-23 14:35:00,7446.75,7448.5,7446.25,7446.25,1080
2026-06-23 14:36:00,7446.25,7447.5,7445.5,7446.0,1275
2026-06-23 14:37:00,7446.25,7446.5,7445.0,7445.25,816
2026-06-23 14:38:00,7445.25,7445.5,7444.75,7445.25,860
2026-06-23 14:39:00,7445.0,7445.75,7444.25,7445.0,1730
2026-06-23 14:40:00,7445.0,7445.0,7439.5,7439.75,2968
2026-06-23 14:41:00,7440.0,7442.5,7439.75,7442.0,1624
2026-06-23 14:42:00,7442.0,7442.25,7435.0,7435.75,3014
2026-06-23 14:43:00,7435.75,7437.75,7433.0,7433.25,2777
2026-06-23 14:44:00,7433.25,7435.0,7433.0,7433.5,2134
2026-06-23 14:45:00,7433.75,7435.0,7431.0,7431.75,2949
2026-06-23 14:46:00,7431.75,7433.25,7430.25,7431.25,2830
2026-06-23 14:47:00,7431.0,7432.75,7430.25,7431.0,1654
2026-06-23 14:48:00,7431.0,7436.0,7430.75,7435.0,3279
2026-06-23 14:49:00,7435.25,7435.75,7433.75,7435.5,2286
2026-06-23 14:50:00,7435.5,7441.0,7435.25,7439.5,4091
2026-06-23 14:51:00,7439.75,7440.0,7436.75,7437.0,1819
2026-06-23 14:52:00,7437.0,7438.0,7434.5,7435.25,1872
2026-06-23 14:53:00,7435.25,7435.5,7430.25,7430.75,2605
2026-06-23 14:54:00,7430.75,7433.0,7428.75,7432.75,3311
2026-06-23 14:55:00,7432.75,7433.0,7429.25,7430.75,2342
2026-06-23 14:56:00,7431.0,7432.25,7430.25,7431.25,2118
2026-06-23 14:57:00,7431.0,7433.0,7430.25,7432.75,2412
2026-06-23 14:58:00,7432.75,7436.5,7431.75,7436.25,2276
2026-06-23 14:59:00,7436.25,7438.5,7435.75,7436.25,2596
2026-06-23 15:00:00,7436.0,7437.25,7433.75,7436.75,2946
2026-06-23 15:01:00,7436.75,7442.0,7436.5,7441.5,3136
2026-06-23 15:02:00,7441.75,7442.0,7439.5,7441.25,2209
2026-06-23 15:03:00,7441.25,7444.25,7440.5,7444.0,2638
2026-06-23 15:04:00,7444.0,7446.5,7442.5,7446.0,2500
2026-06-23 15:05:00,7445.75,7452.25,7445.75,7450.5,5185
2026-06-23 15:06:00,7450.5,7450.75,7443.5,7444.0,3313
2026-06-23 15:07:00,7444.0,7445.25,7441.5,7442.0,3072
2026-06-23 15:08:00,7442.0,7442.5,7438.25,7438.75,2833
2026-06-23 15:09:00,7439.0,7441.25,7438.75,7440.75,1808
2026-06-23 15:10:00,7440.75,7441.75,7439.0,7439.75,1762
2026-06-23 15:11:00,7439.75,7444.25,7439.25,7443.75,2203
2026-06-23 15:12:00,7443.75,7444.75,7442.75,7444.25,1584
2026-06-23 15:13:00,7443.75,7444.0,7438.0,7440.0,2506
2026-06-23 15:14:00,7440.25,7442.0,7439.75,7441.0,1471
2026-06-23 15:15:00,7441.0,7442.25,7439.75,7440.75,1491
2026-06-23 15:16:00,7441.0,7442.5,7439.25,7440.0,1838
2026-06-23 15:17:00,7440.25,7440.25,7436.5,7437.0,2317
2026-06-23 15:18:00,7437.0,7437.75,7434.75,7435.75,2052
2026-06-23 15:19:00,7436.0,7437.0,7434.0,7434.25,1541
2026-06-23 15:20:00,7434.5,7437.75,7434.5,7435.0,2067
2026-06-23 15:21:00,7435.0,7439.25,7433.25,7439.25,2956
2026-06-23 15:22:00,7439.0,7441.0,7438.0,7438.25,2512
2026-06-23 15:23:00,7438.25,7448.5,7438.0,7446.75,4560
2026-06-23 15:24:00,7446.5,7447.0,7444.5,7444.75,2386
2026-06-23 15:25:00,7444.75,7446.25,7442.5,7445.5,2636
2026-06-23 15:26:00,7445.5,7449.75,7444.5,7444.5,2960
2026-06-23 15:27:00,7444.5,7446.5,7443.75,7445.75,1925
2026-06-23 15:28:00,7445.75,7447.0,7443.5,7445.5,2351
2026-06-23 15:29:00,7445.5,7448.0,7444.5,7447.0,2311
2026-06-23 15:30:00,7447.0,7449.0,7443.75,7446.25,3238
2026-06-23 15:31:00,7446.25,7446.25,7442.75,7442.75,2252
2026-06-23 15:32:00,7442.75,7446.25,7440.25,7445.75,3015
2026-06-23 15:33:00,7445.75,7447.25,7443.75,7446.0,1838
2026-06-23 15:34:00,7445.75,7448.5,7445.5,7447.0,1943
2026-06-23 15:35:00,7447.0,7448.0,7445.0,7447.75,2361
2026-06-23 15:36:00,7447.5,7448.25,7445.75,7446.5,1820
2026-06-23 15:37:00,7446.5,7448.5,7445.5,7447.0,2383
2026-06-23 15:38:00,7447.0,7448.5,7443.75,7444.0,2207
2026-06-23 15:39:00,7444.25,7445.5,7442.75,7443.0,1752
2026-06-23 15:40:00,7443.0,7444.25,7441.5,7442.25,2078
2026-06-23 15:41:00,7442.5,7442.75,7440.0,7441.25,2603
2026-06-23 15:42:00,7441.0,7443.0,7438.75,7439.0,1878
2026-06-23 15:43:00,7439.25,7440.75,7438.0,7439.75,2370
2026-06-23 15:44:00,7439.75,7443.75,7439.25,7442.25,2428
2026-06-23 15:45:00,7442.25,7444.75,7441.5,7443.0,3240
2026-06-23 15:46:00,7442.75,7444.25,7440.75,7442.0,2415
2026-06-23 15:47:00,7442.25,7443.0,7439.0,7439.75,1827
2026-06-23 15:48:00,7439.75,7439.75,7436.25,7438.0,3026
2026-06-23 15:49:00,7438.0,7444.75,7437.25,7444.25,4488
2026-06-23 15:50:00,7444.25,7449.25,7442.25,7447.75,6721
2026-06-23 15:51:00,7447.75,7448.25,7443.25,7444.5,3154
2026-06-23 15:52:00,7444.5,7447.25,7443.75,7446.25,2667
2026-06-23 15:53:00,7446.25,7446.75,7442.5,7446.0,2983
2026-06-23 15:54:00,7446.0,7453.0,7445.0,7452.5,4940
2026-06-23 15:55:00,7452.5,7452.5,7446.5,7447.5,6662
2026-06-23 15:56:00,7447.5,7448.5,7445.0,7446.75,2540
2026-06-23 15:57:00,7446.75,7446.75,7443.25,7443.75,2623
2026-06-23 15:58:00,7443.75,7446.75,7443.0,7443.25,3236
2026-06-23 15:59:00,7443.5,7446.25,7432.75,7435.0,17800
2026-06-23 16:00:00,7435.0,7437.0,7431.75,7434.25,5806
2026-06-23 16:01:00,7434.25,7434.75,7432.75,7433.25,1262
2026-06-23 16:02:00,7433.5,7435.0,7432.5,7434.75,1091
2026-06-23 16:03:00,7434.75,7434.75,7433.5,7433.75,565
2026-06-23 16:04:00,7434.0,7437.25,7433.75,7436.0,948
2026-06-23 16:05:00,7435.75,7438.5,7435.5,7437.5,646
2026-06-23 16:06:00,7437.75,7439.5,7437.5,7438.5,561
2026-06-23 16:07:00,7438.5,7440.75,7438.5,7440.5,683
2026-06-23 16:08:00,7440.5,7442.25,7439.0,7441.25,749
2026-06-23 16:09:00,7441.5,7441.75,7439.0,7439.75,522
2026-06-23 16:10:00,7439.5,7440.25,7438.0,7439.5,639
2026-06-23 16:11:00,7439.5,7441.25,7438.5,7440.5,583
2026-06-23 16:12:00,7440.5,7440.75,7438.0,7438.5,380
2026-06-23 16:13:00,7438.5,7440.25,7438.5,7439.5,259
2026-06-23 16:14:00,7439.75,7440.25,7438.75,7438.75,441
2026-06-23 16:15:00,7438.75,7439.5,7436.75,7437.75,600
2026-06-23 16:16:00,7437.5,7438.25,7437.25,7438.25,207
2026-06-23 16:17:00,7438.0,7438.0,7435.25,7437.0,673
2026-06-23 16:18:00,7436.75,7437.25,7436.25,7436.5,171
2026-06-23 16:19:00,7436.5,7438.25,7436.5,7437.75,186
2026-06-23 16:20:00,7437.75,7438.25,7437.25,7437.75,167
2026-06-23 16:21:00,7437.75,7438.25,7437.0,7438.25,156
2026-06-23 16:22:00,7438.0,7439.5,7437.75,7438.5,343
2026-06-23 16:23:00,7438.75,7439.75,7438.75,7439.75,218
2026-06-23 16:24:00,7439.5,7440.75,7439.5,7440.25,217
2026-06-23 16:25:00,7440.25,7441.5,7439.75,7441.25,324
2026-06-23 16:26:00,7441.5,7441.5,7440.5,7440.5,281
2026-06-23 16:27:00,7440.5,7440.5,7439.25,7440.5,261
2026-06-23 16:28:00,7440.25,7442.0,7440.0,7442.0,233
2026-06-23 16:29:00,7441.75,7442.0,7440.0,7440.75,188
2026-06-23 16:30:00,7440.5,7441.5,7439.25,7441.0,184
2026-06-23 16:31:00,7441.5,7442.0,7441.0,7441.25,159
2026-06-23 16:32:00,7441.25,7442.0,7440.75,7441.0,258
2026-06-23 16:33:00,7441.0,7441.75,7440.5,7441.75,426
2026-06-23 16:34:00,7441.75,7443.0,7441.25,7442.25,214
2026-06-23 16:35:00,7442.0,7443.0,7442.0,7442.25,227
2026-06-23 16:36:00,7442.5,7442.5,7441.25,7442.25,156
2026-06-23 16:37:00,7442.0,7442.5,7441.75,7442.5,118
2026-06-23 16:38:00,7442.5,7443.0,7441.75,7441.75,226
2026-06-23 16:39:00,7441.5,7442.0,7439.5,7439.75,230
2026-06-23 16:40:00,7439.75,7440.0,7438.25,7438.75,271
2026-06-23 16:41:00,7438.75,7440.0,7438.75,7440.0,184
2026-06-23 16:42:00,7440.0,7440.5,7439.75,7440.5,185
2026-06-23 16:43:00,7440.5,7441.5,7440.25,7441.25,181
2026-06-23 16:44:00,7441.0,7441.5,7440.5,7440.5,244
2026-06-23 16:45:00,7440.5,7441.0,7439.75,7440.5,283
2026-06-23 16:46:00,7440.5,7440.75,7439.75,7440.75,227
2026-06-23 16:47:00,7440.5,7441.75,7440.5,7441.0,136
2026-06-23 16:48:00,7441.25,7441.5,7439.75,7440.25,194
2026-06-23 16:49:00,7440.25,7440.5,7439.75,7440.0,99
2026-06-23 16:50:00,7440.25,7441.5,7440.25,7441.0,145
2026-06-23 16:51:00,7440.75,7441.0,7439.5,7440.25,214
2026-06-23 16:52:00,7440.0,7440.75,7440.0,7440.5,76
2026-06-23 16:53:00,7440.5,7440.75,7440.0,7440.5,177
2026-06-23 16:54:00,7440.75,7441.5,7440.25,7441.25,133
2026-06-23 16:55:00,7441.0,7442.0,7440.75,7441.75,291
2026-06-23 16:56:00,7441.75,7444.25,7441.75,7444.0,296
2026-06-23 16:57:00,7443.75,7445.25,7443.75,7445.25,373
2026-06-23 16:58:00,7445.5,7446.0,7445.0,7445.75,208
2026-06-23 16:59:00,7445.5,7447.0,7444.5,7445.5,489
2026-06-23 18:00:00,7449.0,7451.0,7446.5,7447.25,1593
2026-06-23 18:01:00,7447.5,7447.5,7443.5,7445.5,668
2026-06-23 18:02:00,7445.5,7447.5,7443.5,7444.5,402
2026-06-23 18:03:00,7444.75,7449.0,7444.75,7446.25,502
2026-06-23 18:04:00,7446.25,7446.5,7444.25,7446.25,249
2026-06-23 18:05:00,7446.0,7446.75,7444.5,7446.5,233
2026-06-23 18:06:00,7447.0,7448.0,7445.75,7447.25,160
2026-06-23 18:07:00,7447.25,7449.5,7447.25,7448.75,382
2026-06-23 18:08:00,7449.25,7450.25,7449.25,7450.0,281
2026-06-23 18:09:00,7450.25,7450.75,7449.5,7449.75,250
2026-06-23 18:10:00,7450.0,7450.5,7448.75,7450.5,203
2026-06-23 18:11:00,7450.0,7451.75,7450.0,7450.5,256
2026-06-23 18:12:00,7450.5,7452.0,7450.25,7451.5,260
2026-06-23 18:13:00,7451.5,7452.25,7450.5,7450.5,218
2026-06-23 18:14:00,7451.0,7451.25,7448.75,7449.0,258
2026-06-23 18:15:00,7449.0,7451.0,7448.75,7451.0,244
2026-06-23 18:16:00,7451.0,7452.0,7450.75,7451.5,252
2026-06-23 18:17:00,7451.0,7451.5,7450.25,7450.75,170
2026-06-23 18:18:00,7450.5,7451.0,7448.75,7449.0,269
2026-06-23 18:19:00,7448.75,7449.25,7446.0,7447.75,626
2026-06-23 18:20:00,7447.75,7448.75,7447.25,7447.25,232
2026-06-23 18:21:00,7447.25,7447.25,7444.75,7445.75,391
2026-06-23 18:22:00,7445.75,7445.75,7442.75,7443.0,709
2026-06-23 18:23:00,7443.0,7443.5,7440.25,7440.25,671
2026-06-23 18:24:00,7440.0,7441.25,7438.25,7438.5,413
2026-06-23 18:25:00,7438.5,7438.75,7436.5,7438.25,830
2026-06-23 18:26:00,7438.5,7439.5,7437.0,7437.5,310
2026-06-23 18:27:00,7437.75,7438.75,7437.0,7438.75,232
2026-06-23 18:28:00,7439.0,7440.0,7436.75,7437.5,464
2026-06-23 18:29:00,7437.25,7438.25,7436.5,7436.75,281
2026-06-23 18:30:00,7437.0,7440.75,7437.0,7440.5,596
2026-06-23 18:31:00,7440.5,7440.5,7439.0,7439.25,341
2026-06-23 18:32:00,7439.5,7440.0,7438.5,7439.25,400
2026-06-23 18:33:00,7439.5,7439.5,7435.25,7435.75,459
2026-06-23 18:34:00,7435.25,7435.75,7432.5,7433.75,893
2026-06-23 18:35:00,7433.5,7434.0,7431.0,7432.0,872
2026-06-23 18:36:00,7431.75,7434.75,7431.25,7434.0,447
2026-06-23 18:37:00,7434.25,7434.5,7431.0,7431.75,447
2026-06-23 18:38:00,7432.0,7433.75,7431.75,7433.25,267
2026-06-23 18:39:00,7433.25,7433.75,7431.25,7433.5,440
2026-06-23 18:40:00,7433.75,7434.25,7431.5,7434.0,336
2026-06-23 18:41:00,7434.25,7434.5,7432.75,7433.0,195
2026-06-23 18:42:00,7433.0,7433.25,7430.5,7431.25,450
2026-06-23 18:43:00,7431.5,7432.0,7430.25,7430.5,295
2026-06-23 18:44:00,7430.5,7431.0,7429.0,7430.5,891
2026-06-23 18:45:00,7430.75,7432.5,7430.25,7432.25,531
2026-06-23 18:46:00,7432.5,7433.25,7432.25,7433.0,246
2026-06-23 18:47:00,7433.0,7433.25,7431.75,7432.75,178
2026-06-23 18:48:00,7432.5,7434.0,7432.0,7434.0,243
2026-06-23 18:49:00,7433.75,7434.25,7433.0,7434.25,186
2026-06-23 18:50:00,7434.0,7435.0,7433.0,7434.25,328
2026-06-23 18:51:00,7434.0,7434.75,7433.75,7434.0,307
2026-06-23 18:52:00,7434.0,7434.25,7432.0,7432.25,314
2026-06-23 18:53:00,7432.25,7435.25,7432.0,7435.25,305
2026-06-23 18:54:00,7435.25,7435.5,7433.5,7434.25,375
2026-06-23 18:55:00,7434.0,7435.25,7433.75,7434.75,306
2026-06-23 18:56:00,7434.75,7435.5,7434.75,7435.25,254
2026-06-23 18:57:00,7435.0,7436.25,7434.75,7435.75,326
2026-06-23 18:58:00,7435.75,7436.0,7434.25,7435.0,262
2026-06-23 18:59:00,7435.0,7435.25,7434.5,7434.75,160
2026-06-23 19:00:00,7435.0,7435.5,7431.5,7432.0,552
2026-06-23 19:01:00,7431.75,7433.5,7431.5,7432.5,305
2026-06-23 19:02:00,7432.5,7432.75,7431.0,7432.25,211
2026-06-23 19:03:00,7431.75,7432.0,7429.75,7429.75,443
2026-06-23 19:04:00,7429.75,7430.25,7428.0,7428.75,720
2026-06-23 19:05:00,7429.0,7429.25,7421.25,7421.75,2237
2026-06-23 19:06:00,7422.25,7423.25,7420.25,7422.25,1078
2026-06-23 19:07:00,7422.5,7422.75,7421.25,7422.0,493
2026-06-23 19:08:00,7422.0,7424.0,7420.5,7424.0,537
2026-06-23 19:09:00,7424.0,7426.75,7423.75,7426.5,639
2026-06-23 19:10:00,7426.5,7427.0,7425.75,7425.75,364
2026-06-23 19:11:00,7426.0,7429.5,7426.0,7429.25,606
2026-06-23 19:12:00,7429.25,7431.75,7429.25,7431.25,798
2026-06-23 19:13:00,7431.0,7433.5,7431.0,7433.5,675
2026-06-23 19:14:00,7433.25,7434.5,7432.75,7433.0,714
2026-06-23 19:15:00,7433.25,7436.0,7432.25,7435.25,790
2026-06-23 19:16:00,7435.5,7435.5,7433.5,7433.75,287
2026-06-23 19:17:00,7433.5,7434.25,7433.0,7433.5,260
2026-06-23 19:18:00,7433.5,7434.25,7433.0,7433.75,186
2026-06-23 19:19:00,7433.75,7435.25,7433.75,7434.25,185
2026-06-23 19:20:00,7434.5,7434.5,7433.5,7433.75,210
2026-06-23 19:21:00,7433.75,7435.75,7433.75,7435.5,178
2026-06-23 19:22:00,7435.5,7437.0,7435.25,7436.25,505
2026-06-23 19:23:00,7436.0,7436.5,7435.5,7436.5,139
2026-06-23 19:24:00,7436.5,7437.5,7435.75,7437.25,248
2026-06-23 19:25:00,7437.5,7438.0,7436.75,7437.5,291
2026-06-23 19:26:00,7437.5,7438.25,7437.0,7437.5,156
2026-06-23 19:27:00,7437.5,7437.5,7435.0,7436.75,447
2026-06-23 19:28:00,7436.75,7437.75,7436.5,7436.75,209
2026-06-23 19:29:00,7437.0,7437.0,7435.5,7435.75,220
2026-06-23 19:30:00,7436.0,7437.0,7435.5,7436.0,194
2026-06-23 19:31:00,7435.75,7436.0,7435.0,7435.25,242
2026-06-23 19:32:00,7435.0,7435.25,7432.5,7433.25,646
2026-06-23 19:33:00,7433.5,7433.5,7431.75,7432.0,365
2026-06-23 19:34:00,7432.25,7433.0,7430.5,7430.75,512
2026-06-23 19:35:00,7430.75,7431.5,7430.0,7431.0,393
2026-06-23 19:36:00,7430.75,7431.75,7429.5,7429.5,477
2026-06-23 19:37:00,7429.75,7431.25,7428.5,7428.75,507
2026-06-23 19:38:00,7429.0,7430.25,7428.75,7430.25,227
2026-06-23 19:39:00,7430.5,7431.0,7427.5,7428.5,502
2026-06-23 19:40:00,7428.5,7431.5,7427.5,7431.25,663
2026-06-23 19:41:00,7431.5,7431.5,7430.25,7430.75,365
2026-06-23 19:42:00,7430.75,7433.5,7430.75,7433.25,522
2026-06-23 19:43:00,7433.25,7433.5,7432.5,7433.0,171
2026-06-23 19:44:00,7432.75,7433.75,7432.5,7433.75,143
2026-06-23 19:45:00,7433.5,7443.5,7433.25,7443.5,2072
2026-06-23 19:46:00,7443.5,7451.0,7442.5,7451.0,2765
2026-06-23 19:47:00,7450.75,7450.75,7446.75,7448.0,1276
2026-06-23 19:48:00,7448.0,7449.75,7446.25,7447.5,686
2026-06-23 19:49:00,7447.5,7448.5,7446.75,7446.75,659
2026-06-23 19:50:00,7447.0,7448.75,7444.25,7445.0,903
2026-06-23 19:51:00,7445.0,7447.0,7444.25,7446.0,527
2026-06-23 19:52:00,7446.25,7447.75,7444.75,7447.5,359
2026-06-23 19:53:00,7448.0,7448.0,7445.75,7447.75,447
2026-06-23 19:54:00,7447.75,7448.5,7445.0,7445.0,444
2026-06-23 19:55:00,7445.0,7447.5,7444.75,7446.5,380
2026-06-23 19:56:00,7446.5,7447.25,7445.75,7447.0,367
2026-06-23 19:57:00,7447.0,7447.25,7445.0,7445.0,277
2026-06-23 19:58:00,7445.0,7446.5,7444.25,7445.5,309
2026-06-23 19:59:00,7445.5,7447.25,7445.5,7447.0,420
2026-06-23 20:00:00,7446.75,7452.5,7445.75,7452.0,1476
2026-06-23 20:01:00,7451.75,7453.5,7449.75,7453.5,1093
2026-06-23 20:02:00,7453.25,7455.5,7449.0,7449.25,1359
2026-06-23 20:03:00,7449.5,7451.25,7447.25,7447.75,742
2026-06-23 20:04:00,7447.75,7448.5,7444.75,7445.75,799
2026-06-23 20:05:00,7445.25,7445.75,7443.25,7445.75,946
2026-06-23 20:06:00,7445.75,7453.0,7445.5,7452.75,1268
2026-06-23 20:07:00,7452.75,7456.5,7452.5,7456.0,903
2026-06-23 20:08:00,7455.75,7456.5,7452.25,7454.25,963
2026-06-23 20:09:00,7454.25,7456.75,7454.25,7455.0,745
2026-06-23 20:10:00,7455.0,7457.25,7455.0,7457.0,831
2026-06-23 20:11:00,7457.0,7460.0,7455.25,7459.5,1224
2026-06-23 20:12:00,7459.25,7459.5,7456.25,7456.5,656
2026-06-23 20:13:00,7456.5,7456.75,7451.75,7453.0,1003
2026-06-23 20:14:00,7453.0,7455.0,7452.0,7454.25,584
2026-06-23 20:15:00,7454.0,7457.0,7453.75,7455.25,854
2026-06-23 20:16:00,7455.25,7457.75,7453.0,7457.5,851
2026-06-23 20:17:00,7457.5,7458.75,7456.0,7456.75,833
2026-06-23 20:18:00,7456.75,7458.0,7456.25,7457.75,480
2026-06-23 20:19:00,7458.0,7458.0,7456.0,7456.5,420
2026-06-23 20:20:00,7456.25,7456.5,7453.5,7454.0,611
2026-06-23 20:21:00,7454.0,7455.0,7452.25,7453.5,634
2026-06-23 20:22:00,7453.25,7454.0,7452.0,7454.0,396
2026-06-23 20:23:00,7454.25,7455.0,7451.0,7451.25,663
2026-06-23 20:24:00,7451.25,7451.75,7449.25,7450.0,851
2026-06-23 20:25:00,7450.0,7451.75,7449.25,7451.25,405
2026-06-23 20:26:00,7450.75,7454.0,7448.5,7454.0,711
2026-06-23 20:27:00,7453.75,7454.75,7452.0,7452.5,555
2026-06-23 20:28:00,7452.5,7453.0,7450.75,7452.25,396
2026-06-23 20:29:00,7452.25,7455.0,7452.0,7455.0,316
2026-06-23 20:30:00,7454.75,7456.0,7454.25,7455.0,588
2026-06-23 20:31:00,7454.75,7456.0,7453.0,7455.75,536
2026-06-23 20:32:00,7455.25,7458.0,7455.25,7457.25,505
2026-06-23 20:33:00,7457.25,7458.25,7455.25,7455.25,533
2026-06-23 20:34:00,7455.5,7457.0,7454.25,7456.75,525
2026-06-23 20:35:00,7456.75,7458.25,7455.0,7455.5,553
2026-06-23 20:36:00,7455.5,7458.0,7455.5,7457.25,462
2026-06-23 20:37:00,7457.25,7457.25,7453.25,7454.0,583
2026-06-23 20:38:00,7454.5,7456.5,7453.75,7455.5,359
2026-06-23 20:39:00,7455.75,7456.25,7454.0,7456.0,355
2026-06-23 20:40:00,7456.0,7456.0,7454.0,7455.75,247
2026-06-23 20:41:00,7455.5,7456.5,7453.75,7455.0,364
2026-06-23 20:42:00,7454.75,7458.5,7454.75,7456.25,582
2026-06-23 20:43:00,7456.25,7457.75,7456.0,7457.5,267
2026-06-23 20:44:00,7457.5,7458.0,7456.0,7456.0,271
2026-06-23 20:45:00,7456.5,7457.0,7454.5,7456.25,367
2026-06-23 20:46:00,7456.25,7458.25,7456.0,7456.25,397
2026-06-23 20:47:00,7456.25,7456.5,7454.25,7454.5,450
2026-06-23 20:48:00,7454.5,7455.75,7453.5,7455.0,425
2026-06-23 20:49:00,7455.25,7456.0,7453.5,7455.0,318
2026-06-23 20:50:00,7454.75,7457.0,7453.75,7455.5,373
2026-06-23 20:51:00,7455.75,7455.75,7453.0,7453.75,418
2026-06-23 20:52:00,7453.5,7455.25,7452.0,7454.25,566
2026-06-23 20:53:00,7454.25,7454.75,7453.5,7454.25,226
2026-06-23 20:54:00,7454.25,7454.5,7451.25,7452.0,389
2026-06-23 20:55:00,7452.0,7452.25,7450.25,7451.5,512
2026-06-23 20:56:00,7451.75,7451.75,7449.25,7449.5,491
2026-06-23 20:57:00,7449.25,7452.25,7448.75,7451.5,563
2026-06-23 20:58:00,7450.75,7452.5,7450.75,7451.25,261
2026-06-23 20:59:00,7451.0,7453.75,7451.0,7453.5,401
2026-06-23 21:00:00,7453.75,7454.5,7449.25,7449.75,862
2026-06-23 21:01:00,7450.0,7451.25,7449.25,7451.25,313
2026-06-23 21:02:00,7451.0,7452.25,7449.5,7451.5,408
2026-06-23 21:03:00,7451.5,7451.5,7447.5,7447.75,608
2026-06-23 21:04:00,7448.0,7448.25,7446.0,7447.25,915
2026-06-23 21:05:00,7447.25,7448.25,7446.0,7447.75,592
2026-06-23 21:06:00,7448.0,7450.0,7447.5,7449.75,683
2026-06-23 21:07:00,7449.5,7452.75,7449.5,7452.0,706
2026-06-23 21:08:00,7452.25,7453.5,7449.25,7449.25,507
2026-06-23 21:09:00,7449.25,7449.25,7446.25,7447.75,649
2026-06-23 21:10:00,7447.75,7450.0,7447.0,7448.5,420
2026-06-23 21:11:00,7448.25,7451.75,7447.25,7449.25,378
2026-06-23 21:12:00,7449.0,7452.0,7449.0,7451.5,304
2026-06-23 21:13:00,7451.75,7452.0,7449.5,7450.5,191
2026-06-23 21:14:00,7450.5,7452.0,7450.25,7451.75,256
2026-06-23 21:15:00,7452.0,7452.0,7449.0,7450.75,306
2026-06-23 21:16:00,7450.5,7450.5,7446.75,7447.0,397
2026-06-23 21:17:00,7447.0,7448.0,7444.25,7444.75,582
2026-06-23 21:18:00,7444.75,7445.5,7443.0,7445.25,773
2026-06-23 21:19:00,7445.25,7445.5,7442.75,7444.0,546
2026-06-23 21:20:00,7444.25,7445.25,7442.5,7444.25,545
2026-06-23 21:21:00,7444.0,7445.25,7443.25,7443.75,303
2026-06-23 21:22:00,7444.0,7447.0,7444.0,7445.25,530
2026-06-23 21:23:00,7445.5,7449.5,7444.75,7449.25,398
2026-06-23 21:24:00,7449.25,7451.5,7448.75,7451.0,563
2026-06-23 21:25:00,7451.0,7452.25,7450.0,7452.0,391
2026-06-23 21:26:00,7452.0,7452.75,7451.25,7452.0,376
2026-06-23 21:27:00,7452.0,7452.0,7449.0,7449.5,324
2026-06-23 21:28:00,7449.75,7450.5,7449.0,7449.75,226
2026-06-23 21:29:00,7449.0,7451.25,7448.5,7450.75,281
2026-06-23 21:30:00,7450.75,7452.25,7450.0,7452.25,446
2026-06-23 21:31:00,7452.0,7452.75,7450.75,7452.5,345
2026-06-23 21:32:00,7452.25,7452.5,7451.25,7452.0,246
2026-06-23 21:33:00,7451.75,7453.0,7451.5,7452.5,238
2026-06-23 21:34:00,7452.25,7452.25,7451.0,7451.75,325
2026-06-23 21:35:00,7451.5,7451.5,7449.0,7450.5,413
2026-06-23 21:36:00,7450.25,7451.0,7448.0,7448.75,323
2026-06-23 21:37:00,7448.75,7450.5,7448.75,7449.75,225
2026-06-23 21:38:00,7449.5,7451.0,7448.75,7450.25,296
2026-06-23 21:39:00,7450.25,7450.5,7449.25,7450.25,180
2026-06-23 21:40:00,7450.25,7451.5,7448.75,7449.0,280
2026-06-23 21:41:00,7449.25,7453.25,7448.75,7453.0,451
2026-06-23 21:42:00,7453.25,7454.25,7451.0,7452.25,529
2026-06-23 21:43:00,7452.0,7454.25,7451.25,7454.0,332
2026-06-23 21:44:00,7454.25,7454.25,7451.0,7452.0,330
2026-06-23 21:45:00,7452.0,7453.25,7448.75,7450.5,391
2026-06-23 21:46:00,7450.75,7451.0,7449.75,7450.0,231
2026-06-23 21:47:00,7449.75,7450.75,7449.0,7450.5,203
2026-06-23 21:48:00,7450.5,7451.5,7449.5,7450.5,215
2026-06-23 21:49:00,7450.0,7451.0,7449.0,7450.5,222
2026-06-23 21:50:00,7450.0,7453.0,7449.25,7452.75,298
2026-06-23 21:51:00,7452.5,7453.5,7451.75,7451.75,319
2026-06-23 21:52:00,7452.0,7452.0,7449.75,7450.5,281
2026-06-23 21:53:00,7450.75,7453.25,7450.0,7453.25,204
2026-06-23 21:54:00,7452.5,7454.25,7452.5,7454.0,399
2026-06-23 21:55:00,7453.75,7453.75,7450.25,7451.0,386
2026-06-23 21:56:00,7451.0,7452.25,7451.0,7451.5,237
2026-06-23 21:57:00,7451.5,7453.25,7451.5,7451.75,216
2026-06-23 21:58:00,7452.0,7452.75,7451.0,7451.5,236
2026-06-23 21:59:00,7451.25,7451.75,7449.5,7451.25,352
2026-06-23 22:00:00,7451.25,7451.25,7449.25,7450.0,279
2026-06-23 22:01:00,7449.75,7452.5,7449.75,7452.0,367
2026-06-23 22:02:00,7452.0,7453.25,7449.5,7449.75,310
2026-06-23 22:03:00,7450.0,7452.25,7449.5,7451.5,235
2026-06-23 22:04:00,7451.5,7452.25,7450.75,7451.5,305
2026-06-23 22:05:00,7451.75,7451.75,7450.25,7450.25,241
2026-06-23 22:06:00,7450.25,7451.75,7449.5,7449.75,302
2026-06-23 22:07:00,7449.75,7450.0,7447.25,7448.5,385
2026-06-23 22:08:00,7448.0,7449.25,7447.5,7448.75,191
2026-06-23 22:09:00,7449.0,7451.75,7449.0,7451.0,266
2026-06-23 22:10:00,7451.25,7452.0,7451.0,7451.75,177
2026-06-23 22:11:00,7451.75,7453.25,7451.5,7452.0,309
2026-06-23 22:12:00,7452.0,7453.25,7450.75,7451.5,244
2026-06-23 22:13:00,7451.5,7451.75,7450.75,7451.0,140
2026-06-23 22:14:00,7450.75,7451.75,7449.75,7451.25,184
2026-06-23 22:15:00,7451.0,7451.5,7448.75,7449.75,268
2026-06-23 22:16:00,7450.25,7450.25,7448.75,7449.5,181
2026-06-23 22:17:00,7449.5,7450.0,7447.0,7447.5,376
2026-06-23 22:18:00,7447.5,7447.5,7445.75,7447.25,341
2026-06-23 22:19:00,7447.75,7450.0,7447.25,7448.75,273
2026-06-23 22:20:00,7448.75,7449.5,7447.5,7448.75,175
2026-06-23 22:21:00,7448.5,7448.5,7445.5,7445.75,215
2026-06-23 22:22:00,7445.5,7445.75,7443.5,7445.0,432
2026-06-23 22:23:00,7444.75,7445.0,7443.75,7444.0,180
2026-06-23 22:24:00,7443.75,7444.75,7442.75,7444.5,304
2026-06-23 22:25:00,7444.5,7446.75,7444.5,7446.25,304
2026-06-23 22:26:00,7446.5,7446.75,7445.25,7445.5,119
2026-06-23 22:27:00,7445.5,7447.0,7444.5,7446.75,174
2026-06-23 22:28:00,7446.75,7448.25,7446.75,7447.75,288
2026-06-23 22:29:00,7447.75,7448.75,7447.5,7448.0,157
2026-06-23 22:30:00,7448.0,7450.5,7447.75,7447.75,384
2026-06-23 22:31:00,7447.75,7448.0,7446.25,7447.5,296
2026-06-23 22:32:00,7447.5,7447.75,7446.0,7446.5,179
2026-06-23 22:33:00,7446.25,7447.25,7446.0,7447.25,98
2026-06-23 22:34:00,7447.0,7447.5,7446.0,7446.0,91
2026-06-23 22:35:00,7446.25,7446.75,7445.0,7445.5,203
2026-06-23 22:36:00,7445.5,7445.5,7444.5,7445.0,203
2026-06-23 22:37:00,7445.0,7445.0,7443.0,7443.25,247
2026-06-23 22:38:00,7443.25,7444.5,7443.0,7444.25,271
2026-06-23 22:39:00,7444.25,7444.25,7438.75,7441.25,1595
2026-06-23 22:40:00,7441.25,7444.0,7440.0,7442.75,771
2026-06-23 22:41:00,7442.5,7443.5,7441.75,7441.75,404
2026-06-23 22:42:00,7441.5,7441.5,7439.0,7440.25,461
2026-06-23 22:43:00,7440.25,7441.5,7440.25,7441.25,196
2026-06-23 22:44:00,7441.25,7441.75,7439.5,7440.25,215
2026-06-23 22:45:00,7440.25,7441.25,7439.0,7439.5,253
2026-06-23 22:46:00,7439.0,7439.25,7436.75,7437.25,492
2026-06-23 22:47:00,7437.25,7437.75,7435.5,7436.25,574
2026-06-23 22:48:00,7436.5,7437.5,7434.25,7436.75,548
2026-06-23 22:49:00,7437.0,7437.0,7435.25,7436.25,279
2026-06-23 22:50:00,7436.0,7436.5,7434.0,7434.25,341
2026-06-23 22:51:00,7434.25,7435.25,7433.25,7435.0,412
2026-06-23 22:52:00,7435.0,7436.0,7434.0,7434.0,277
2026-06-23 22:53:00,7434.5,7435.75,7433.75,7433.75,205
2026-06-23 22:54:00,7434.0,7434.25,7432.25,7433.75,466
2026-06-23 22:55:00,7434.25,7435.5,7433.5,7434.25,376
2026-06-23 22:56:00,7434.0,7434.5,7432.75,7434.0,216
2026-06-23 22:57:00,7434.0,7435.0,7433.0,7433.0,254
2026-06-23 22:58:00,7433.0,7433.25,7431.0,7431.75,543
2026-06-23 22:59:00,7432.0,7432.0,7429.75,7430.0,433
2026-06-23 23:00:00,7430.0,7433.25,7429.75,7431.75,817
2026-06-23 23:01:00,7431.5,7434.75,7431.0,7433.75,741
2026-06-23 23:02:00,7434.0,7434.0,7431.0,7432.25,492
2026-06-23 23:03:00,7432.25,7432.75,7430.25,7431.75,426
2026-06-23 23:04:00,7432.0,7432.75,7429.25,7430.0,375
2026-06-23 23:05:00,7430.0,7430.5,7428.25,7428.5,409
2026-06-23 23:06:00,7428.75,7429.0,7427.0,7428.25,619
2026-06-23 23:07:00,7428.25,7431.0,7428.25,7430.5,475
2026-06-23 23:08:00,7430.25,7432.0,7429.75,7431.5,426
2026-06-23 23:09:00,7431.25,7436.75,7431.25,7435.5,883
2026-06-23 23:10:00,7435.75,7441.0,7435.5,7440.25,889
2026-06-23 23:11:00,7440.0,7443.25,7439.25,7443.25,579
2026-06-23 23:12:00,7443.0,7444.25,7442.0,7443.5,590
2026-06-23 23:13:00,7443.75,7444.75,7443.0,7444.0,284
2026-06-23 23:14:00,7444.25,7446.25,7444.0,7444.75,497
2026-06-23 23:15:00,7445.0,7445.0,7441.25,7442.75,758
2026-06-23 23:16:00,7442.75,7442.75,7439.75,7440.0,377
2026-06-23 23:17:00,7439.75,7440.0,7438.0,7439.0,380
2026-06-23 23:18:00,7439.25,7440.0,7438.5,7439.0,240
2026-06-23 23:19:00,7439.0,7440.5,7438.0,7438.25,211
2026-06-23 23:20:00,7438.5,7440.75,7438.5,7440.0,519
2026-06-23 23:21:00,7439.75,7440.0,7438.0,7438.5,440
2026-06-23 23:22:00,7438.5,7440.0,7438.5,7439.75,152
2026-06-23 23:23:00,7439.5,7440.5,7439.0,7439.0,160
2026-06-23 23:24:00,7438.75,7438.75,7436.25,7437.5,358
2026-06-23 23:25:00,7437.75,7440.5,7437.75,7440.25,325
2026-06-23 23:26:00,7440.25,7441.5,7439.25,7441.25,296
2026-06-23 23:27:00,7441.25,7444.0,7441.0,7443.5,653
2026-06-23 23:28:00,7443.75,7446.25,7443.5,7445.75,440
2026-06-23 23:29:00,7446.0,7448.25,7445.25,7448.25,490
2026-06-23 23:30:00,7448.0,7450.0,7447.25,7448.75,635
2026-06-23 23:31:00,7448.5,7449.75,7447.5,7449.25,461
2026-06-23 23:32:00,7449.25,7451.0,7449.25,7449.75,427
2026-06-23 23:33:00,7449.5,7449.75,7447.25,7447.75,334
2026-06-23 23:34:00,7447.75,7449.0,7447.0,7449.0,503
2026-06-23 23:35:00,7449.25,7452.0,7449.25,7450.25,587
2026-06-23 23:36:00,7450.0,7450.75,7448.75,7450.0,329
2026-06-23 23:37:00,7450.5,7450.5,7447.75,7448.25,225
2026-06-23 23:38:00,7447.75,7448.0,7446.0,7447.0,937
2026-06-23 23:39:00,7447.5,7448.0,7446.75,7447.75,160
2026-06-23 23:40:00,7447.5,7448.75,7445.75,7448.75,362
2026-06-23 23:41:00,7448.75,7449.5,7447.25,7448.0,206
2026-06-23 23:42:00,7447.75,7450.0,7447.25,7448.5,343
2026-06-23 23:43:00,7448.25,7449.5,7447.75,7448.75,209
2026-06-23 23:44:00,7448.5,7448.75,7447.5,7447.5,152
2026-06-23 23:45:00,7447.5,7447.75,7446.25,7447.0,242
2026-06-23 23:46:00,7447.0,7448.25,7445.5,7445.75,189
2026-06-23 23:47:00,7445.75,7446.75,7444.5,7445.25,208
2026-06-23 23:48:00,7445.0,7446.5,7444.5,7446.25,160
2026-06-23 23:49:00,7446.0,7446.75,7445.0,7445.0,125
2026-06-23 23:50:00,7445.0,7445.5,7443.25,7444.0,264
2026-06-23 23:51:00,7444.25,7446.0,7444.0,7445.75,318
2026-06-23 23:52:00,7445.5,7446.0,7443.5,7446.0,230
2026-06-23 23:53:00,7445.75,7447.5,7445.0,7445.0,235
2026-06-23 23:54:00,7445.0,7445.75,7443.75,7445.25,298
2026-06-23 23:55:00,7445.25,7445.25,7444.0,7445.0,144
2026-06-23 23:56:00,7445.0,7446.25,7444.0,7445.5,185
2026-06-23 23:57:00,7445.5,7447.0,7444.75,7445.5,130
2026-06-23 23:58:00,7445.75,7447.75,7445.25,7447.5,194
2026-06-23 23:59:00,7447.25,7448.5,7447.0,7447.75,232
2026-06-24 00:00:00,7448.0,7448.5,7445.5,7446.25,218
2026-06-24 00:01:00,7446.0,7446.5,7445.0,7445.25,120
2026-06-24 00:02:00,7445.25,7445.75,7443.75,7443.75,207
2026-06-24 00:03:00,7443.75,7443.75,7442.0,7442.0,443
2026-06-24 00:04:00,7441.75,7442.75,7441.25,7441.5,183
2026-06-24 00:05:00,7441.5,7441.5,7439.25,7440.75,659
2026-06-24 00:06:00,7440.5,7441.0,7439.75,7440.5,264
2026-06-24 00:07:00,7440.5,7443.0,7440.5,7441.0,354
2026-06-24 00:08:00,7441.0,7441.5,7440.0,7440.25,110
2026-06-24 00:09:00,7440.5,7442.25,7439.5,7441.5,208
2026-06-24 00:10:00,7441.5,7443.0,7441.25,7441.5,119
2026-06-24 00:11:00,7441.5,7441.75,7440.0,7441.25,183
2026-06-24 00:12:00,7441.5,7442.5,7440.25,7440.25,118
2026-06-24 00:13:00,7440.25,7440.25,7438.75,7439.0,284
2026-06-24 00:14:00,7439.0,7440.5,7438.0,7439.75,241
2026-06-24 00:15:00,7440.0,7441.0,7439.5,7440.5,187
2026-06-24 00:16:00,7440.5,7441.75,7439.0,7439.25,138
2026-06-24 00:17:00,7439.0,7439.0,7437.0,7438.5,233
2026-06-24 00:18:00,7438.0,7438.75,7437.0,7438.25,239
2026-06-24 00:19:00,7438.5,7438.75,7436.25,7436.5,210
2026-06-24 00:20:00,7436.5,7437.25,7435.75,7436.25,361
2026-06-24 00:21:00,7436.0,7437.0,7435.25,7436.0,248
2026-06-24 00:22:00,7436.0,7438.0,7434.75,7437.75,371
2026-06-24 00:23:00,7437.5,7438.75,7435.0,7435.5,423
2026-06-24 00:24:00,7435.75,7436.0,7435.0,7435.75,124
2026-06-24 00:25:00,7435.75,7437.5,7435.75,7437.0,189
2026-06-24 00:26:00,7436.5,7437.5,7435.75,7436.25,193
2026-06-24 00:27:00,7436.5,7438.75,7436.5,7438.0,212
2026-06-24 00:28:00,7437.75,7438.25,7437.0,7437.75,145
2026-06-24 00:29:00,7437.5,7438.25,7436.25,7437.0,135
2026-06-24 00:30:00,7437.0,7440.75,7437.0,7439.0,455
2026-06-24 00:31:00,7439.25,7440.25,7437.75,7440.0,199
2026-06-24 00:32:00,7439.75,7443.25,7439.75,7443.0,330
2026-06-24 00:33:00,7443.0,7443.5,7441.5,7442.5,386
2026-06-24 00:34:00,7442.0,7444.5,7442.0,7443.75,386
2026-06-24 00:35:00,7444.0,7444.0,7442.0,7444.0,168
2026-06-24 00:36:00,7444.0,7448.0,7443.75,7447.75,665
2026-06-24 00:37:00,7447.5,7448.0,7446.5,7448.0,282
2026-06-24 00:38:00,7448.0,7449.0,7447.0,7447.5,254
2026-06-24 00:39:00,7447.5,7448.0,7446.5,7448.0,157
2026-06-24 00:40:00,7448.25,7449.75,7447.0,7449.5,271
2026-06-24 00:41:00,7449.5,7450.25,7448.5,7449.5,310
2026-06-24 00:42:00,7449.5,7450.75,7449.25,7450.5,173
2026-06-24 00:43:00,7450.5,7450.5,7449.0,7449.25,235
2026-06-24 00:44:00,7449.0,7449.75,7448.0,7448.5,153
2026-06-24 00:45:00,7448.25,7449.5,7447.5,7448.0,223
2026-06-24 00:46:00,7448.0,7450.0,7447.5,7449.5,245
2026-06-24 00:47:00,7449.25,7450.5,7449.0,7449.5,230
2026-06-24 00:48:00,7449.25,7449.25,7448.0,7449.0,243
2026-06-24 00:49:00,7448.75,7449.75,7448.75,7449.75,187
2026-06-24 00:50:00,7449.75,7450.0,7449.0,7450.0,260
2026-06-24 00:51:00,7450.0,7451.25,7449.0,7450.25,370
2026-06-24 00:52:00,7450.0,7450.0,7448.75,7449.75,170
2026-06-24 00:53:00,7449.75,7449.75,7448.5,7448.75,146
2026-06-24 00:54:00,7448.5,7450.0,7448.25,7449.5,128
2026-06-24 00:55:00,7449.5,7450.75,7448.5,7450.5,188
2026-06-24 00:56:00,7450.5,7451.5,7449.5,7450.25,141
2026-06-24 00:57:00,7450.5,7451.0,7449.75,7450.0,89
2026-06-24 00:58:00,7450.0,7450.5,7449.25,7449.5,124
2026-06-24 00:59:00,7449.5,7449.75,7448.25,7449.5,264
2026-06-24 01:00:00,7449.5,7451.25,7448.5,7448.75,409
2026-06-24 01:01:00,7449.0,7450.0,7449.0,7449.5,229
2026-06-24 01:02:00,7449.25,7451.5,7448.25,7451.5,315
2026-06-24 01:03:00,7451.25,7451.5,7450.0,7450.75,217
2026-06-24 01:04:00,7450.5,7451.0,7449.5,7451.0,127
2026-06-24 01:05:00,7450.75,7452.0,7449.25,7449.25,341
2026-06-24 01:06:00,7449.25,7449.5,7447.25,7448.25,519
2026-06-24 01:07:00,7448.25,7449.25,7447.5,7448.25,187
2026-06-24 01:08:00,7448.25,7449.5,7448.0,7449.0,136
2026-06-24 01:09:00,7448.75,7452.25,7448.5,7451.75,517
2026-06-24 01:10:00,7452.0,7452.0,7450.25,7450.75,200
2026-06-24 01:11:00,7450.25,7452.5,7450.25,7452.5,221
2026-06-24 01:12:00,7452.5,7453.25,7451.5,7452.0,402
2026-06-24 01:13:00,7451.75,7453.25,7451.75,7451.75,176
2026-06-24 01:14:00,7451.75,7452.0,7450.5,7451.25,171
2026-06-24 01:15:00,7451.5,7452.25,7450.0,7452.0,295
2026-06-24 01:16:00,7452.5,7454.0,7452.25,7452.25,493
2026-06-24 01:17:00,7452.25,7454.0,7452.0,7454.0,282
2026-06-24 01:18:00,7454.25,7455.5,7454.0,7455.25,294
2026-06-24 01:19:00,7455.0,7456.0,7454.5,7455.75,189
2026-06-24 01:20:00,7455.75,7456.5,7454.25,7455.0,361
2026-06-24 01:21:00,7455.0,7456.75,7454.75,7456.25,226
2026-06-24 01:22:00,7456.0,7456.0,7454.5,7455.25,280
2026-06-24 01:23:00,7455.25,7455.5,7453.75,7455.25,243
2026-06-24 01:24:00,7455.0,7456.75,7454.75,7456.75,105
2026-06-24 01:25:00,7456.5,7457.5,7454.5,7454.5,306
2026-06-24 01:26:00,7454.75,7456.25,7454.0,7454.75,195
2026-06-24 01:27:00,7454.75,7455.5,7454.25,7455.5,98
2026-06-24 01:28:00,7455.5,7456.25,7454.75,7456.25,95
2026-06-24 01:29:00,7456.0,7456.0,7453.75,7454.25,123
2026-06-24 01:30:00,7454.25,7455.25,7454.25,7454.5,176
2026-06-24 01:31:00,7454.75,7456.25,7454.5,7456.0,187
2026-06-24 01:32:00,7455.75,7457.75,7455.25,7457.75,263
2026-06-24 01:33:00,7457.25,7457.75,7455.75,7455.75,170
2026-06-24 01:34:00,7455.75,7455.75,7453.5,7454.0,202
2026-06-24 01:35:00,7454.5,7455.5,7454.25,7455.5,128
2026-06-24 01:36:00,7455.5,7457.5,7455.5,7457.0,197
2026-06-24 01:37:00,7457.25,7457.25,7456.25,7456.5,175
2026-06-24 01:38:00,7456.5,7457.5,7456.25,7457.5,103
2026-06-24 01:39:00,7457.75,7459.5,7457.25,7458.5,522
2026-06-24 01:40:00,7458.75,7458.75,7456.5,7456.5,282
2026-06-24 01:41:00,7456.25,7456.5,7455.0,7455.0,294
2026-06-24 01:42:00,7455.25,7455.5,7453.25,7454.5,225
2026-06-24 01:43:00,7454.75,7455.25,7453.75,7453.75,59
2026-06-24 01:44:00,7453.75,7454.5,7453.5,7454.0,106
2026-06-24 01:45:00,7454.0,7454.75,7452.5,7453.5,402
2026-06-24 01:46:00,7453.5,7455.25,7453.25,7453.5,129
2026-06-24 01:47:00,7453.75,7454.0,7453.0,7453.75,189
2026-06-24 01:48:00,7453.75,7454.0,7453.0,7453.0,72
2026-06-24 01:49:00,7453.0,7453.0,7451.5,7452.25,183
2026-06-24 01:50:00,7452.25,7452.5,7450.75,7451.0,127
2026-06-24 01:51:00,7450.75,7451.5,7450.25,7451.25,158
2026-06-24 01:52:00,7451.0,7451.0,7450.0,7450.75,102
2026-06-24 01:53:00,7450.75,7450.75,7449.75,7450.5,116
2026-06-24 01:54:00,7450.25,7450.75,7449.75,7450.5,75
2026-06-24 01:55:00,7450.25,7450.75,7449.75,7450.0,84
2026-06-24 01:56:00,7450.0,7450.75,7449.5,7450.5,159
2026-06-24 01:57:00,7451.0,7452.0,7450.25,7450.75,170
2026-06-24 01:58:00,7450.75,7451.25,7450.75,7451.0,47
2026-06-24 01:59:00,7451.0,7451.25,7450.0,7450.5,82
2026-06-24 02:00:00,7450.25,7450.5,7447.5,7448.5,430
2026-06-24 02:01:00,7448.75,7449.0,7447.5,7448.75,161
2026-06-24 02:02:00,7448.75,7449.75,7448.75,7449.0,179
2026-06-24 02:03:00,7449.25,7449.5,7448.5,7448.5,107
2026-06-24 02:04:00,7448.5,7448.75,7445.75,7446.25,446
2026-06-24 02:05:00,7446.25,7448.25,7446.0,7447.75,220
2026-06-24 02:06:00,7447.75,7448.5,7447.25,7447.25,132
2026-06-24 02:07:00,7447.5,7448.25,7447.0,7448.25,139
2026-06-24 02:08:00,7448.25,7450.0,7448.25,7449.75,188
2026-06-24 02:09:00,7449.75,7450.25,7449.25,7450.0,161
2026-06-24 02:10:00,7449.75,7452.25,7449.75,7452.25,392
2026-06-24 02:11:00,7452.25,7453.5,7451.5,7453.0,288
2026-06-24 02:12:00,7453.0,7453.5,7451.75,7453.25,137
2026-06-24 02:13:00,7453.0,7453.5,7452.75,7453.0,144
2026-06-24 02:14:00,7452.5,7452.75,7451.5,7452.0,119
2026-06-24 02:15:00,7451.75,7452.75,7450.5,7450.75,144
2026-06-24 02:16:00,7450.75,7451.0,7448.25,7448.75,233
2026-06-24 02:17:00,7448.75,7449.5,7448.5,7449.25,83
2026-06-24 02:18:00,7449.25,7449.25,7447.5,7448.5,141
2026-06-24 02:19:00,7448.25,7449.5,7448.25,7448.5,111
2026-06-24 02:20:00,7448.5,7448.5,7445.0,7445.75,411
2026-06-24 02:21:00,7445.5,7446.5,7445.25,7445.75,132
2026-06-24 02:22:00,7445.75,7448.0,7445.5,7448.0,143
2026-06-24 02:23:00,7448.0,7448.25,7447.0,7447.5,237
2026-06-24 02:24:00,7447.75,7448.0,7446.25,7447.5,125
2026-06-24 02:25:00,7447.25,7448.0,7446.5,7448.0,306
2026-06-24 02:26:00,7447.5,7448.75,7447.5,7447.75,191
2026-06-24 02:27:00,7447.75,7448.5,7446.5,7447.25,235
2026-06-24 02:28:00,7447.0,7447.0,7446.25,7446.75,181
2026-06-24 02:29:00,7446.75,7447.25,7445.25,7447.25,138
2026-06-24 02:30:00,7447.5,7448.5,7446.75,7448.0,326
2026-06-24 02:31:00,7448.0,7450.75,7447.5,7449.25,307
2026-06-24 02:32:00,7449.75,7450.0,7448.5,7449.0,136
2026-06-24 02:33:00,7449.0,7450.0,7448.75,7450.0,102
2026-06-24 02:34:00,7450.25,7451.5,7449.75,7451.25,196
2026-06-24 02:35:00,7451.25,7453.25,7450.75,7453.0,382
2026-06-24 02:36:00,7453.0,7453.5,7451.75,7452.75,219
2026-06-24 02:37:00,7452.5,7453.0,7451.5,7452.5,135
2026-06-24 02:38:00,7452.5,7454.0,7451.75,7451.75,282
2026-06-24 02:39:00,7451.75,7452.0,7450.0,7450.25,188
2026-06-24 02:40:00,7450.0,7450.75,7449.25,7450.25,191
2026-06-24 02:41:00,7450.0,7450.5,7449.5,7450.25,128
2026-06-24 02:42:00,7450.25,7451.25,7449.75,7449.75,181
2026-06-24 02:43:00,7449.75,7450.5,7449.75,7450.5,100
2026-06-24 02:44:00,7450.5,7450.5,7449.5,7450.25,112
2026-06-24 02:45:00,7450.0,7450.0,7448.0,7449.0,229
2026-06-24 02:46:00,7449.0,7449.25,7448.25,7449.25,143
2026-06-24 02:47:00,7449.25,7449.75,7448.25,7448.5,183
2026-06-24 02:48:00,7448.25,7449.75,7448.25,7449.75,70
2026-06-24 02:49:00,7449.75,7450.25,7448.5,7449.0,156
2026-06-24 02:50:00,7449.25,7450.5,7449.25,7449.25,137
2026-06-24 02:51:00,7449.0,7450.75,7449.0,7450.75,117
2026-06-24 02:52:00,7450.75,7451.75,7450.5,7451.5,156
2026-06-24 02:53:00,7451.75,7451.75,7451.0,7451.5,42
2026-06-24 02:54:00,7451.5,7451.5,7450.25,7450.5,47
2026-06-24 02:55:00,7450.25,7450.75,7449.75,7449.75,111
2026-06-24 02:56:00,7449.75,7450.75,7449.75,7450.75,90
2026-06-24 02:57:00,7450.75,7450.75,7449.25,7450.25,110
2026-06-24 02:58:00,7450.25,7451.25,7449.0,7449.0,112
2026-06-24 02:59:00,7449.25,7449.5,7448.5,7449.0,116
2026-06-24 03:00:00,7449.0,7450.75,7448.0,7448.0,461
2026-06-24 03:01:00,7448.25,7448.5,7445.25,7446.25,554
2026-06-24 03:02:00,7446.5,7447.0,7444.25,7445.0,436
2026-06-24 03:03:00,7445.0,7445.25,7442.5,7443.25,307
2026-06-24 03:04:00,7443.25,7446.0,7442.5,7446.0,223
2026-06-24 03:05:00,7446.0,7447.0,7443.5,7444.25,276
2026-06-24 03:06:00,7444.5,7447.0,7444.5,7446.0,224
2026-06-24 03:07:00,7446.0,7448.5,7445.75,7447.75,443
2026-06-24 03:08:00,7447.75,7449.75,7447.25,7448.75,239
2026-06-24 03:09:00,7448.5,7448.75,7446.0,7446.5,239
2026-06-24 03:10:00,7446.75,7449.25,7446.0,7448.0,355
2026-06-24 03:11:00,7447.75,7449.75,7447.5,7449.5,187
2026-06-24 03:12:00,7449.5,7450.0,7447.5,7447.75,211
2026-06-24 03:13:00,7447.5,7448.5,7447.0,7447.75,151
2026-06-24 03:14:00,7447.75,7448.75,7447.5,7448.0,87
2026-06-24 03:15:00,7448.0,7448.5,7445.0,7445.25,351
2026-06-24 03:16:00,7445.25,7449.25,7445.25,7448.0,242
2026-06-24 03:17:00,7448.5,7448.75,7446.5,7448.75,117
2026-06-24 03:18:00,7448.5,7449.5,7447.5,7449.25,248
2026-06-24 03:19:00,7449.0,7449.25,7446.0,7446.5,165
2026-06-24 03:20:00,7446.5,7447.75,7444.75,7445.5,169
2026-06-24 03:21:00,7445.25,7446.5,7445.0,7446.5,80
2026-06-24 03:22:00,7446.75,7449.0,7446.5,7448.75,124
2026-06-24 03:23:00,7449.0,7450.5,7448.25,7449.5,186
2026-06-24 03:24:00,7449.25,7449.25,7447.25,7448.25,234
2026-06-24 03:25:00,7448.25,7448.25,7444.5,7445.5,319
2026-06-24 03:26:00,7445.5,7447.0,7445.5,7446.25,93
2026-06-24 03:27:00,7445.75,7446.5,7445.25,7445.75,343
2026-06-24 03:28:00,7445.75,7446.75,7444.25,7444.5,225
2026-06-24 03:29:00,7444.75,7445.25,7444.5,7444.5,122
2026-06-24 03:30:00,7444.5,7447.25,7444.25,7447.0,346
2026-06-24 03:31:00,7447.25,7448.0,7445.75,7445.75,260
2026-06-24 03:32:00,7446.0,7447.75,7445.5,7447.5,130
2026-06-24 03:33:00,7447.5,7448.0,7446.25,7446.75,128
2026-06-24 03:34:00,7447.25,7448.0,7445.5,7446.25,154
2026-06-24 03:35:00,7446.25,7446.5,7442.0,7443.5,471
2026-06-24 03:36:00,7443.75,7444.0,7441.25,7441.5,439
2026-06-24 03:37:00,7441.25,7442.0,7439.5,7442.0,492
2026-06-24 03:38:00,7442.0,7444.75,7441.5,7443.75,326
2026-06-24 03:39:00,7444.0,7444.75,7442.75,7444.5,146
2026-06-24 03:40:00,7444.75,7444.75,7443.0,7444.25,190
2026-06-24 03:41:00,7444.0,7448.0,7443.5,7447.75,379
2026-06-24 03:42:00,7447.5,7448.5,7446.75,7447.75,259
2026-06-24 03:43:00,7447.25,7449.5,7445.5,7447.75,531
2026-06-24 03:44:00,7447.5,7451.0,7447.5,7450.25,457
2026-06-24 03:45:00,7450.0,7451.0,7449.5,7450.25,167
2026-06-24 03:46:00,7450.25,7451.75,7449.75,7451.5,233
2026-06-24 03:47:00,7451.5,7452.75,7451.25,7451.75,440
2026-06-24 03:48:00,7451.5,7452.5,7450.25,7450.75,224
2026-06-24 03:49:00,7450.5,7451.5,7450.25,7451.5,207
2026-06-24 03:50:00,7451.75,7451.75,7450.25,7450.75,179
2026-06-24 03:51:00,7450.5,7450.5,7448.75,7449.0,250
2026-06-24 03:52:00,7449.25,7449.25,7446.5,7447.0,399
2026-06-24 03:53:00,7447.0,7447.75,7444.5,7444.75,425
2026-06-24 03:54:00,7445.0,7446.25,7444.5,7446.0,245
2026-06-24 03:55:00,7446.25,7447.75,7445.0,7445.25,301
2026-06-24 03:56:00,7445.5,7445.75,7443.5,7444.0,268
2026-06-24 03:57:00,7444.25,7444.25,7443.0,7443.25,215
2026-06-24 03:58:00,7443.25,7444.5,7443.0,7443.75,174
2026-06-24 03:59:00,7443.75,7443.75,7441.75,7443.0,180
2026-06-24 04:00:00,7443.0,7444.5,7442.25,7443.0,451
2026-06-24 04:01:00,7443.0,7446.5,7442.75,7446.25,320
2026-06-24 04:02:00,7446.25,7447.75,7446.25,7447.25,316
2026-06-24 04:03:00,7447.0,7448.0,7445.5,7445.75,241
2026-06-24 04:04:00,7446.25,7450.75,7446.25,7450.75,397
2026-06-24 04:05:00,7450.25,7452.5,7450.0,7451.5,438
2026-06-24 04:06:00,7451.75,7451.75,7449.25,7449.25,361
2026-06-24 04:07:00,7449.25,7451.25,7448.75,7450.25,225
2026-06-24 04:08:00,7450.5,7451.75,7450.0,7450.75,210
2026-06-24 04:09:00,7450.75,7450.75,7447.75,7448.5,302
2026-06-24 04:10:00,7448.75,7450.0,7448.5,7449.0,306
2026-06-24 04:11:00,7449.0,7450.0,7448.5,7449.5,163
2026-06-24 04:12:00,7449.5,7449.5,7446.75,7447.5,263
2026-06-24 04:13:00,7447.5,7451.25,7447.25,7451.0,296
2026-06-24 04:14:00,7451.0,7452.5,7450.5,7452.0,235
2026-06-24 04:15:00,7451.75,7452.0,7450.25,7451.25,271
2026-06-24 04:16:00,7451.0,7452.0,7450.5,7450.5,178
2026-06-24 04:17:00,7450.5,7453.0,7450.0,7452.25,322
2026-06-24 04:18:00,7452.5,7453.25,7451.5,7452.75,229
2026-06-24 04:19:00,7452.25,7452.25,7447.75,7448.5,235
2026-06-24 04:20:00,7448.25,7449.75,7448.25,7448.5,217
2026-06-24 04:21:00,7448.5,7448.75,7446.75,7448.5,372
2026-06-24 04:22:00,7448.25,7448.75,7447.25,7448.0,196
2026-06-24 04:23:00,7448.0,7449.0,7447.25,7448.0,166
2026-06-24 04:24:00,7448.0,7448.25,7446.75,7447.75,263
2026-06-24 04:25:00,7447.75,7448.0,7445.75,7446.25,247
2026-06-24 04:26:00,7446.0,7447.0,7445.75,7447.0,114
2026-06-24 04:27:00,7447.0,7447.75,7446.25,7447.0,132
2026-06-24 04:28:00,7447.5,7448.0,7446.75,7446.75,176
2026-06-24 04:29:00,7447.0,7448.5,7446.25,7448.5,180
2026-06-24 04:30:00,7448.25,7449.0,7447.0,7448.0,216
2026-06-24 04:31:00,7448.0,7450.0,7447.25,7450.0,212
2026-06-24 04:32:00,7450.0,7452.5,7449.25,7452.25,244
2026-06-24 04:33:00,7452.5,7453.25,7451.0,7451.75,327
2026-06-24 04:34:00,7451.5,7451.5,7449.0,7450.75,344
2026-06-24 04:35:00,7450.75,7451.75,7449.75,7449.75,146
2026-06-24 04:36:00,7449.5,7449.75,7447.5,7448.0,261
2026-06-24 04:37:00,7447.75,7449.0,7447.0,7447.75,242
2026-06-24 04:38:00,7447.75,7449.25,7447.5,7449.0,102
2026-06-24 04:39:00,7448.75,7449.25,7447.0,7447.5,226
2026-06-24 04:40:00,7447.5,7449.0,7447.0,7448.75,123
2026-06-24 04:41:00,7449.0,7449.0,7448.0,7448.25,204
2026-06-24 04:42:00,7448.25,7448.25,7447.0,7448.0,113
2026-06-24 04:43:00,7448.0,7449.75,7448.0,7449.75,151
2026-06-24 04:44:00,7449.75,7450.0,7448.75,7449.0,79
2026-06-24 04:45:00,7448.75,7449.25,7447.25,7447.5,196
2026-06-24 04:46:00,7447.5,7448.25,7447.0,7448.0,220
2026-06-24 04:47:00,7447.75,7449.0,7445.0,7445.5,325
2026-06-24 04:48:00,7445.5,7446.5,7445.5,7446.0,82
2026-06-24 04:49:00,7446.0,7446.5,7445.0,7445.0,99
2026-06-24 04:50:00,7445.0,7446.5,7445.0,7446.5,134
2026-06-24 04:51:00,7446.0,7447.0,7445.75,7446.25,119
2026-06-24 04:52:00,7446.25,7447.5,7446.25,7446.75,97
2026-06-24 04:53:00,7447.0,7447.5,7445.0,7445.25,180
2026-06-24 04:54:00,7445.5,7447.0,7445.25,7447.0,82
2026-06-24 04:55:00,7447.0,7447.25,7446.25,7446.25,121
2026-06-24 04:56:00,7446.5,7447.5,7445.75,7446.5,146
2026-06-24 04:57:00,7446.25,7447.75,7445.75,7447.75,67
2026-06-24 04:58:00,7447.5,7447.75,7447.0,7447.0,54
2026-06-24 04:59:00,7447.25,7448.0,7447.0,7447.5,120
2026-06-24 05:00:00,7447.5,7449.5,7446.5,7447.75,552
2026-06-24 05:01:00,7447.75,7449.0,7446.25,7447.75,236
2026-06-24 05:02:00,7447.75,7447.75,7444.25,7445.25,237
2026-06-24 05:03:00,7445.5,7446.25,7445.0,7445.75,128
2026-06-24 05:04:00,7445.5,7446.0,7444.75,7445.0,173
2026-06-24 05:05:00,7445.25,7446.25,7444.5,7446.25,164
2026-06-24 05:06:00,7446.5,7447.5,7445.25,7445.25,133
2026-06-24 05:07:00,7445.5,7445.75,7444.5,7444.75,145
2026-06-24 05:08:00,7444.5,7447.5,7444.25,7447.25,145
2026-06-24 05:09:00,7447.5,7448.25,7446.5,7447.0,187
2026-06-24 05:10:00,7447.0,7448.5,7446.75,7447.75,130
2026-06-24 05:11:00,7448.0,7449.5,7446.0,7447.5,226
2026-06-24 05:12:00,7447.5,7451.25,7447.5,7451.0,267
2026-06-24 05:13:00,7451.0,7452.25,7450.25,7451.75,269
2026-06-24 05:14:00,7451.75,7452.25,7451.0,7451.25,95
2026-06-24 05:15:00,7451.25,7451.75,7450.25,7450.5,173
2026-06-24 05:16:00,7450.75,7450.75,7447.0,7447.75,309
2026-06-24 05:17:00,7447.5,7448.75,7447.5,7448.0,62
2026-06-24 05:18:00,7448.25,7448.5,7445.0,7445.25,286
2026-06-24 05:19:00,7445.5,7446.75,7443.25,7446.75,486
2026-06-24 05:20:00,7446.75,7447.5,7446.5,7447.25,179
2026-06-24 05:21:00,7447.25,7448.0,7445.75,7446.0,265
2026-06-24 05:22:00,7446.25,7446.75,7446.0,7446.75,72
2026-06-24 05:23:00,7446.75,7447.0,7446.5,7446.5,92
2026-06-24 05:24:00,7446.5,7449.0,7446.5,7448.0,125
2026-06-24 05:25:00,7448.0,7450.0,7447.75,7450.0,221
2026-06-24 05:26:00,7449.75,7450.0,7447.0,7448.0,218
2026-06-24 05:27:00,7448.0,7448.5,7446.75,7447.25,84
2026-06-24 05:28:00,7447.0,7447.75,7446.75,7447.5,83
2026-06-24 05:29:00,7447.5,7447.75,7446.0,7447.0,296
2026-06-24 05:30:00,7446.75,7447.75,7446.5,7447.75,81
2026-06-24 05:31:00,7447.75,7448.5,7445.5,7445.5,193
2026-06-24 05:32:00,7445.75,7447.0,7445.5,7447.0,196
2026-06-24 05:33:00,7447.0,7448.0,7446.75,7446.75,335
2026-06-24 05:34:00,7446.75,7448.0,7446.5,7447.5,136
2026-06-24 05:35:00,7447.25,7447.5,7445.75,7447.25,189
2026-06-24 05:36:00,7446.75,7446.75,7444.5,7445.0,220
2026-06-24 05:37:00,7444.75,7445.25,7444.0,7444.5,179
2026-06-24 05:38:00,7444.5,7445.0,7444.25,7444.5,124
2026-06-24 05:39:00,7444.25,7444.75,7444.0,7444.5,89
2026-06-24 05:40:00,7444.25,7444.5,7440.75,7441.25,480
2026-06-24 05:41:00,7441.5,7442.75,7440.75,7442.5,230
2026-06-24 05:42:00,7442.75,7442.75,7441.25,7442.25,186
2026-06-24 05:43:00,7442.0,7442.25,7441.25,7442.25,91
2026-06-24 05:44:00,7442.5,7442.75,7441.25,7441.5,197
2026-06-24 05:45:00,7441.25,7441.5,7439.25,7441.25,501
2026-06-24 05:46:00,7441.5,7442.5,7440.0,7442.25,410
2026-06-24 05:47:00,7442.5,7444.75,7442.5,7444.5,272
2026-06-24 05:48:00,7444.25,7444.5,7442.0,7442.25,285
2026-06-24 05:49:00,7442.25,7444.25,7442.25,7444.25,246
2026-06-24 05:50:00,7444.0,7445.75,7444.0,7445.75,176
2026-06-24 05:51:00,7445.5,7446.5,7445.25,7446.5,212
2026-06-24 05:52:00,7446.75,7448.75,7446.75,7448.75,312
2026-06-24 05:53:00,7448.5,7448.5,7447.25,7448.0,130
2026-06-24 05:54:00,7448.0,7448.25,7445.75,7446.25,152
2026-06-24 05:55:00,7446.25,7446.75,7446.0,7446.25,149
2026-06-24 05:56:00,7446.5,7447.5,7446.25,7446.75,115
2026-06-24 05:57:00,7446.75,7447.25,7446.25,7447.25,41
2026-06-24 05:58:00,7447.5,7448.25,7446.5,7447.0,210
2026-06-24 05:59:00,7446.75,7448.0,7446.25,7447.75,77
2026-06-24 06:00:00,7447.75,7448.0,7443.75,7444.25,506
2026-06-24 06:01:00,7444.5,7445.25,7443.25,7443.5,282
2026-06-24 06:02:00,7443.25,7443.5,7442.25,7443.25,248
2026-06-24 06:03:00,7443.25,7446.25,7443.25,7445.75,315
2026-06-24 06:04:00,7446.0,7447.0,7444.75,7445.25,370
2026-06-24 06:05:00,7445.5,7446.5,7445.0,7446.25,155
2026-06-24 06:06:00,7445.75,7446.0,7444.75,7445.75,133
2026-06-24 06:07:00,7445.5,7445.75,7444.5,7444.5,177
2026-06-24 06:08:00,7444.5,7447.75,7444.25,7446.5,460
2026-06-24 06:09:00,7446.75,7447.0,7445.75,7445.75,134
2026-06-24 06:10:00,7445.75,7446.25,7443.5,7444.75,224
2026-06-24 06:11:00,7445.0,7445.75,7444.5,7444.75,136
2026-06-24 06:12:00,7445.0,7446.5,7444.75,7446.5,120
2026-06-24 06:13:00,7446.5,7448.0,7446.5,7447.5,142
2026-06-24 06:14:00,7447.25,7448.0,7447.0,7447.75,188
2026-06-24 06:15:00,7447.0,7449.0,7447.0,7448.75,248
2026-06-24 06:16:00,7448.75,7448.75,7447.75,7448.25,255
2026-06-24 06:17:00,7448.5,7450.25,7448.5,7449.75,263
2026-06-24 06:18:00,7449.5,7450.0,7448.75,7449.75,156
2026-06-24 06:19:00,7449.5,7449.75,7447.75,7448.0,334
2026-06-24 06:20:00,7448.25,7448.25,7447.25,7447.5,87
2026-06-24 06:21:00,7447.5,7449.5,7447.25,7449.25,259
2026-06-24 06:22:00,7449.25,7449.5,7448.5,7449.25,123
2026-06-24 06:23:00,7449.0,7449.25,7447.25,7447.25,247
2026-06-24 06:24:00,7447.25,7448.75,7447.25,7447.75,141
2026-06-24 06:25:00,7447.5,7448.75,7447.0,7448.75,182
2026-06-24 06:26:00,7448.75,7449.75,7448.75,7449.25,77
2026-06-24 06:27:00,7449.25,7449.5,7447.75,7448.25,72
2026-06-24 06:28:00,7448.25,7449.25,7448.25,7448.5,103
2026-06-24 06:29:00,7448.75,7450.5,7448.75,7450.5,144
2026-06-24 06:30:00,7450.25,7451.25,7449.75,7451.25,327
2026-06-24 06:31:00,7451.25,7452.75,7450.25,7452.0,373
2026-06-24 06:32:00,7452.25,7453.25,7451.75,7452.75,240
2026-06-24 06:33:00,7452.75,7453.25,7452.25,7452.75,269
2026-06-24 06:34:00,7452.75,7452.75,7452.0,7452.75,109
2026-06-24 06:35:00,7452.75,7453.75,7452.25,7453.0,241
2026-06-24 06:36:00,7453.0,7453.25,7452.25,7452.5,150
2026-06-24 06:37:00,7452.75,7453.5,7452.25,7452.75,200
2026-06-24 06:38:00,7453.0,7453.75,7452.25,7452.25,195
2026-06-24 06:39:00,7452.25,7452.75,7452.0,7452.25,100
2026-06-24 06:40:00,7452.0,7453.25,7451.5,7452.5,224
2026-06-24 06:41:00,7452.25,7453.5,7452.25,7453.0,126
2026-06-24 06:42:00,7453.0,7456.0,7452.75,7455.75,780
2026-06-24 06:43:00,7455.75,7458.25,7455.0,7458.0,933
2026-06-24 06:44:00,7457.75,7458.25,7455.0,7455.25,344
2026-06-24 06:45:00,7455.25,7455.75,7454.25,7454.25,379
2026-06-24 06:46:00,7454.5,7454.5,7452.75,7453.5,335
2026-06-24 06:47:00,7453.5,7454.25,7453.25,7454.0,315
2026-06-24 06:48:00,7454.0,7454.25,7452.25,7453.75,307
2026-06-24 06:49:00,7453.75,7454.0,7452.5,7453.0,222
2026-06-24 06:50:00,7452.75,7452.75,7450.25,7450.5,322
2026-06-24 06:51:00,7450.75,7451.25,7448.25,7449.0,370
2026-06-24 06:52:00,7449.0,7450.5,7449.0,7449.25,245
2026-06-24 06:53:00,7449.5,7449.75,7448.75,7449.5,121
2026-06-24 06:54:00,7449.5,7449.75,7448.75,7449.25,142
2026-06-24 06:55:00,7449.5,7449.75,7447.75,7448.25,294
2026-06-24 06:56:00,7448.5,7449.75,7448.25,7449.5,445
2026-06-24 06:57:00,7449.75,7450.25,7447.5,7448.5,450
2026-06-24 06:58:00,7448.25,7449.25,7448.25,7448.5,118
2026-06-24 06:59:00,7448.5,7450.5,7448.25,7448.75,485
2026-06-24 07:00:00,7449.0,7453.0,7448.5,7452.5,927
2026-06-24 07:01:00,7452.25,7453.5,7452.0,7453.25,386
2026-06-24 07:02:00,7453.25,7454.75,7453.25,7454.75,328
2026-06-24 07:03:00,7454.75,7455.75,7454.25,7455.25,282
2026-06-24 07:04:00,7455.5,7455.5,7453.0,7453.25,266
2026-06-24 07:05:00,7453.5,7454.0,7451.0,7451.0,256
2026-06-24 07:06:00,7451.0,7452.0,7450.5,7451.25,231
2026-06-24 07:07:00,7451.0,7451.5,7449.5,7450.75,307
2026-06-24 07:08:00,7451.0,7451.25,7450.0,7450.5,91
2026-06-24 07:09:00,7450.75,7451.25,7449.0,7449.5,183
2026-06-24 07:10:00,7449.5,7450.5,7449.0,7450.0,225
2026-06-24 07:11:00,7450.0,7451.0,7450.0,7450.5,214
2026-06-24 07:12:00,7450.25,7450.5,7449.75,7450.25,141
2026-06-24 07:13:00,7450.0,7450.0,7449.0,7449.5,242
2026-06-24 07:14:00,7449.25,7449.25,7447.75,7448.0,226
2026-06-24 07:15:00,7448.0,7448.5,7446.25,7446.5,423
2026-06-24 07:16:00,7446.75,7447.25,7445.75,7447.0,448
2026-06-24 07:17:00,7446.75,7447.0,7445.75,7446.25,210
2026-06-24 07:18:00,7446.25,7449.0,7446.25,7447.75,343
2026-06-24 07:19:00,7447.5,7447.75,7446.25,7446.25,188
2026-06-24 07:20:00,7446.5,7446.5,7443.75,7444.75,588
2026-06-24 07:21:00,7444.5,7445.5,7444.0,7445.5,297
2026-06-24 07:22:00,7445.25,7446.75,7445.25,7446.25,177
2026-06-24 07:23:00,7446.5,7447.75,7446.5,7447.0,138
2026-06-24 07:24:00,7446.75,7449.25,7446.5,7448.75,259
2026-06-24 07:25:00,7449.0,7449.25,7446.5,7447.25,343
2026-06-24 07:26:00,7447.25,7448.25,7447.0,7447.25,212
2026-06-24 07:27:00,7447.25,7448.75,7447.25,7448.5,81
2026-06-24 07:28:00,7449.0,7449.25,7447.25,7448.75,311
2026-06-24 07:29:00,7448.75,7449.0,7447.25,7447.5,188
2026-06-24 07:30:00,7447.75,7450.75,7447.75,7450.75,499
2026-06-24 07:31:00,7450.5,7450.5,7449.75,7450.5,292
2026-06-24 07:32:00,7450.5,7452.75,7450.25,7452.25,439
2026-06-24 07:33:00,7452.25,7452.5,7450.25,7451.0,318
2026-06-24 07:34:00,7451.0,7452.0,7450.75,7451.25,167
2026-06-24 07:35:00,7451.5,7452.25,7451.5,7452.0,164
2026-06-24 07:36:00,7452.0,7454.25,7451.5,7453.75,475
2026-06-24 07:37:00,7453.75,7459.5,7453.75,7456.5,1461
2026-06-24 07:38:00,7456.5,7458.5,7456.25,7457.75,693
2026-06-24 07:39:00,7457.5,7457.5,7455.25,7456.25,346
2026-06-24 07:40:00,7456.0,7456.75,7454.5,7454.5,331
2026-06-24 07:41:00,7454.5,7455.75,7453.75,7455.0,278
2026-06-24 07:42:00,7455.0,7456.0,7454.25,7454.75,204
2026-06-24 07:43:00,7454.75,7455.25,7454.0,7454.75,163
2026-06-24 07:44:00,7454.5,7455.5,7454.0,7455.25,231
2026-06-24 07:45:00,7455.25,7456.5,7454.5,7454.75,193
2026-06-24 07:46:00,7454.75,7456.25,7454.75,7455.75,241
2026-06-24 07:47:00,7455.75,7456.25,7455.0,7455.25,266
2026-06-24 07:48:00,7455.25,7460.25,7454.75,7459.75,827
2026-06-24 07:49:00,7459.5,7464.25,7459.5,7463.25,1246
2026-06-24 07:50:00,7463.25,7464.0,7461.75,7462.25,627
2026-06-24 07:51:00,7462.25,7463.5,7461.25,7461.75,878
2026-06-24 07:52:00,7462.25,7463.5,7461.25,7461.75,658
2026-06-24 07:53:00,7461.75,7464.5,7460.75,7464.25,744
2026-06-24 07:54:00,7464.0,7465.0,7463.25,7463.75,635
2026-06-24 07:55:00,7463.75,7464.0,7460.75,7461.25,661
2026-06-24 07:56:00,7461.25,7462.0,7460.25,7461.25,331
2026-06-24 07:57:00,7461.25,7462.75,7461.25,7461.75,393
2026-06-24 07:58:00,7462.0,7463.25,7461.5,7462.25,480
2026-06-24 07:59:00,7462.5,7464.0,7461.0,7463.75,640
2026-06-24 08:00:00,7463.75,7464.75,7460.5,7461.0,574
2026-06-24 08:01:00,7461.0,7461.75,7458.25,7461.5,1036
2026-06-24 08:02:00,7461.5,7463.75,7461.5,7463.25,1163
2026-06-24 08:03:00,7463.5,7464.25,7461.5,7462.5,587
2026-06-24 08:04:00,7462.25,7464.0,7462.0,7462.0,321
2026-06-24 08:05:00,7462.0,7462.75,7461.25,7462.5,318
2026-06-24 08:06:00,7462.5,7463.0,7461.0,7461.25,444
2026-06-24 08:07:00,7461.25,7461.5,7459.25,7459.25,604
2026-06-24 08:08:00,7459.0,7460.25,7458.25,7459.25,339
2026-06-24 08:09:00,7459.5,7461.25,7459.25,7460.5,325
2026-06-24 08:10:00,7460.25,7461.25,7458.5,7460.25,468
2026-06-24 08:11:00,7460.25,7462.0,7459.0,7461.75,360
2026-06-24 08:12:00,7461.75,7462.75,7461.5,7462.0,283
2026-06-24 08:13:00,7461.75,7461.75,7459.75,7460.25,370
2026-06-24 08:14:00,7460.5,7461.5,7460.0,7460.25,300
2026-06-24 08:15:00,7460.5,7461.0,7458.25,7458.25,416
2026-06-24 08:16:00,7458.5,7458.5,7457.0,7458.25,614
2026-06-24 08:17:00,7458.0,7461.5,7457.75,7461.0,757
2026-06-24 08:18:00,7461.0,7462.75,7461.0,7462.25,315
2026-06-24 08:19:00,7462.0,7465.5,7461.75,7465.5,692
2026-06-24 08:20:00,7465.5,7466.75,7464.25,7464.5,1062
2026-06-24 08:21:00,7464.5,7465.75,7464.25,7464.75,537
2026-06-24 08:22:00,7464.75,7465.0,7463.5,7465.0,423
2026-06-24 08:23:00,7464.75,7465.0,7462.75,7463.25,393
2026-06-24 08:24:00,7463.5,7464.75,7463.25,7464.25,308
2026-06-24 08:25:00,7464.25,7464.75,7462.75,7463.5,459
2026-06-24 08:26:00,7463.25,7464.25,7462.25,7463.0,707
2026-06-24 08:27:00,7463.0,7463.75,7462.5,7463.5,234
2026-06-24 08:28:00,7463.5,7464.75,7463.0,7464.5,345
2026-06-24 08:29:00,7464.5,7467.0,7464.25,7465.0,716
2026-06-24 08:30:00,7464.75,7467.0,7463.75,7464.0,541
2026-06-24 08:31:00,7464.25,7464.25,7461.5,7462.5,505
2026-06-24 08:32:00,7462.5,7462.5,7460.5,7462.0,295
2026-06-24 08:33:00,7461.75,7462.75,7461.25,7462.0,386
2026-06-24 08:34:00,7462.0,7462.0,7459.25,7459.5,409
2026-06-24 08:35:00,7459.5,7460.0,7457.0,7457.0,754
2026-06-24 08:36:00,7457.0,7458.75,7455.5,7456.0,777
2026-06-24 08:37:00,7456.25,7457.0,7455.0,7455.75,542
2026-06-24 08:38:00,7455.75,7458.25,7455.75,7457.25,561
2026-06-24 08:39:00,7457.5,7457.5,7456.75,7457.0,171
2026-06-24 08:40:00,7457.0,7457.25,7455.5,7455.75,215
2026-06-24 08:41:00,7455.75,7455.75,7452.75,7453.0,1112
2026-06-24 08:42:00,7453.25,7454.5,7453.0,7454.0,398
2026-06-24 08:43:00,7454.0,7454.75,7454.0,7454.25,238
2026-06-24 08:44:00,7454.0,7454.75,7453.5,7454.25,109
2026-06-24 08:45:00,7454.0,7455.0,7453.5,7454.0,331
2026-06-24 08:46:00,7454.25,7455.5,7454.25,7455.0,328
2026-06-24 08:47:00,7455.25,7455.25,7453.75,7454.25,256
2026-06-24 08:48:00,7454.5,7455.0,7452.5,7453.25,445
2026-06-24 08:49:00,7453.5,7453.5,7450.5,7451.75,803
2026-06-24 08:50:00,7451.75,7451.75,7450.0,7450.25,465
2026-06-24 08:51:00,7450.25,7451.75,7450.0,7450.5,396
2026-06-24 08:52:00,7450.5,7451.0,7450.25,7450.25,358
2026-06-24 08:53:00,7450.25,7451.25,7450.0,7451.0,286
2026-06-24 08:54:00,7451.0,7451.25,7449.0,7450.5,563
2026-06-24 08:55:00,7450.5,7450.75,7448.0,7448.25,589
2026-06-24 08:56:00,7448.0,7449.25,7448.0,7449.0,577
2026-06-24 08:57:00,7449.0,7451.0,7448.75,7450.25,953
2026-06-24 08:58:00,7450.25,7451.25,7449.25,7449.25,770
2026-06-24 08:59:00,7449.5,7450.5,7448.5,7450.5,511
2026-06-24 09:00:00,7450.5,7455.75,7450.0,7450.5,3458
2026-06-24 09:01:00,7450.5,7452.5,7450.25,7452.0,887
2026-06-24 09:02:00,7452.0,7454.75,7451.75,7454.25,811
2026-06-24 09:03:00,7454.25,7454.75,7451.5,7452.0,922
2026-06-24 09:04:00,7452.0,7452.25,7449.0,7449.75,794
2026-06-24 09:05:00,7449.75,7452.0,7449.5,7451.25,768
2026-06-24 09:06:00,7451.5,7451.5,7448.25,7449.5,889
2026-06-24 09:07:00,7449.5,7450.25,7448.0,7448.5,834
2026-06-24 09:08:00,7448.5,7449.25,7447.5,7448.25,1209
2026-06-24 09:09:00,7448.0,7448.25,7445.25,7447.0,1428
2026-06-24 09:10:00,7446.75,7447.5,7444.75,7445.5,832
2026-06-24 09:11:00,7445.25,7445.5,7442.25,7444.25,1234
2026-06-24 09:12:00,7444.25,7445.0,7442.5,7443.25,922
2026-06-24 09:13:00,7443.25,7444.75,7442.75,7443.0,680
2026-06-24 09:14:00,7443.0,7443.0,7441.75,7442.75,784
2026-06-24 09:15:00,7443.0,7444.75,7442.0,7443.0,783
2026-06-24 09:16:00,7443.0,7444.5,7442.5,7444.0,800
2026-06-24 09:17:00,7444.25,7444.5,7442.75,7444.25,607
2026-06-24 09:18:00,7444.0,7445.75,7443.5,7445.25,670
2026-06-24 09:19:00,7445.5,7447.25,7445.25,7446.75,882
2026-06-24 09:20:00,7446.75,7449.0,7445.25,7449.0,960
2026-06-24 09:21:00,7449.0,7449.25,7445.5,7446.0,1033
2026-06-24 09:22:00,7446.0,7446.25,7444.5,7445.0,733
2026-06-24 09:23:00,7444.75,7445.5,7442.75,7443.0,887
2026-06-24 09:24:00,7443.0,7447.75,7439.0,7445.5,4061
2026-06-24 09:25:00,7445.75,7448.25,7445.0,7448.25,1779
2026-06-24 09:26:00,7448.0,7449.5,7447.0,7448.0,1000
2026-06-24 09:27:00,7447.5,7448.25,7444.75,7444.75,1316
2026-06-24 09:28:00,7445.0,7445.75,7443.5,7444.25,1924
2026-06-24 09:29:00,7444.25,7448.0,7444.25,7447.25,1417
2026-06-24 09:30:00,7447.0,7447.5,7439.25,7442.75,13256
2026-06-24 09:31:00,7442.75,7447.0,7438.0,7441.0,6927
2026-06-24 09:32:00,7441.0,7459.25,7441.0,7456.25,11493
2026-06-24 09:33:00,7456.5,7464.25,7455.75,7462.75,6179
2026-06-24 09:34:00,7462.75,7466.75,7461.5,7463.5,5700
2026-06-24 09:35:00,7463.5,7467.75,7461.0,7464.75,5947
2026-06-24 09:36:00,7465.0,7468.25,7456.25,7458.25,6224
2026-06-24 09:37:00,7458.5,7466.5,7458.5,7465.75,4851
2026-06-24 09:38:00,7465.75,7467.75,7461.75,7464.0,4416
2026-06-24 09:39:00,7464.0,7464.0,7457.75,7458.5,3796
2026-06-24 09:40:00,7458.5,7460.5,7448.75,7449.75,7961
2026-06-24 09:41:00,7450.0,7452.75,7445.25,7445.75,6141
2026-06-24 09:42:00,7445.75,7451.0,7443.75,7444.0,5111
2026-06-24 09:43:00,7444.0,7448.25,7442.25,7447.25,4476
2026-06-24 09:44:00,7447.5,7454.0,7446.25,7452.75,5881
2026-06-24 09:45:00,7452.5,7457.75,7449.75,7454.0,8909
2026-06-24 09:46:00,7454.25,7456.25,7446.25,7454.25,7167
2026-06-24 09:47:00,7454.25,7454.75,7446.25,7449.0,3987
2026-06-24 09:48:00,7449.0,7449.5,7437.0,7439.25,7347
2026-06-24 09:49:00,7439.25,7452.25,7438.0,7450.25,8360
2026-06-24 09:50:00,7450.25,7463.0,7449.5,7462.0,8539
2026-06-24 09:51:00,7462.0,7469.5,7460.5,7469.0,8026
2026-06-24 09:52:00,7468.75,7472.5,7466.75,7469.75,7322
2026-06-24 09:53:00,7469.75,7472.0,7466.25,7469.75,4611
2026-06-24 09:54:00,7469.5,7471.5,7466.75,7468.5,4382
2026-06-24 09:55:00,7468.5,7468.75,7457.25,7459.75,7201
2026-06-24 09:56:00,7459.75,7462.25,7456.25,7459.0,5320
2026-06-24 09:57:00,7459.0,7462.0,7454.0,7456.0,5522
2026-06-24 09:58:00,7456.0,7458.75,7453.5,7457.5,3279
2026-06-24 09:59:00,7457.5,7459.75,7453.5,7454.5,3064
2026-06-24 10:00:00,7454.75,7459.0,7449.75,7451.5,7132
2026-06-24 10:01:00,7451.25,7457.0,7450.75,7453.25,4355
2026-06-24 10:02:00,7453.25,7455.5,7448.0,7453.5,5369
2026-06-24 10:03:00,7453.5,7454.75,7447.75,7448.75,4144
2026-06-24 10:04:00,7449.0,7452.0,7447.75,7450.5,3462
2026-06-24 10:05:00,7450.5,7458.25,7450.5,7456.0,5560
2026-06-24 10:06:00,7456.0,7460.75,7451.5,7454.0,5507
2026-06-24 10:07:00,7453.75,7459.25,7453.5,7453.75,4187
2026-06-24 10:08:00,7453.75,7456.75,7449.0,7450.0,7534
2026-06-24 10:09:00,7450.0,7454.25,7447.75,7453.0,4597
2026-06-24 10:10:00,7453.0,7457.75,7450.25,7455.25,4854
2026-06-24 10:11:00,7455.25,7456.0,7448.25,7451.25,4047
2026-06-24 10:12:00,7451.5,7455.75,7446.5,7452.5,6422
2026-06-24 10:13:00,7452.75,7452.75,7447.0,7449.75,4087
2026-06-24 10:14:00,7450.0,7452.0,7447.5,7451.5,2671
2026-06-24 10:15:00,7451.25,7455.0,7446.75,7446.75,4580
2026-06-24 10:16:00,7447.0,7449.5,7444.0,7444.75,4398
2026-06-24 10:17:00,7444.5,7448.25,7442.5,7443.25,3936
2026-06-24 10:18:00,7443.0,7446.5,7443.0,7445.75,3082
2026-06-24 10:19:00,7445.75,7446.75,7443.25,7444.0,2564
2026-06-24 10:20:00,7444.25,7444.25,7436.5,7442.5,8473
2026-06-24 10:21:00,7442.75,7453.0,7441.0,7451.25,6921
2026-06-24 10:22:00,7451.5,7457.25,7450.75,7454.25,5564
2026-06-24 10:23:00,7454.25,7459.5,7452.25,7455.75,5192
2026-06-24 10:24:00,7455.5,7460.25,7454.5,7458.5,4134
2026-06-24 10:25:00,7458.5,7463.25,7457.5,7459.0,5400
2026-06-24 10:26:00,7459.25,7462.0,7455.25,7456.5,3970
2026-06-24 10:27:00,7456.75,7466.0,7456.0,7464.5,5310
2026-06-24 10:28:00,7464.25,7466.0,7460.0,7460.0,3460
2026-06-24 10:29:00,7460.25,7461.5,7458.75,7461.0,2287
2026-06-24 10:30:00,7461.0,7467.25,7460.75,7466.75,3960
2026-06-24 10:31:00,7466.75,7468.25,7465.0,7468.25,3533
2026-06-24 10:32:00,7468.0,7469.25,7465.75,7466.25,2860
2026-06-24 10:33:00,7466.25,7467.25,7462.5,7463.75,3413
2026-06-24 10:34:00,7464.0,7467.25,7464.0,7465.5,2040
2026-06-24 10:35:00,7465.5,7468.0,7464.25,7466.0,2664
2026-06-24 10:36:00,7465.75,7467.5,7463.75,7465.5,2640
2026-06-24 10:37:00,7465.25,7466.75,7463.5,7465.0,2694
2026-06-24 10:38:00,7465.25,7466.75,7463.0,7464.0,2034
2026-06-24 10:39:00,7464.0,7464.0,7458.25,7458.75,4206
2026-06-24 10:40:00,7459.0,7464.25,7457.5,7463.25,4867
2026-06-24 10:41:00,7463.25,7465.0,7460.0,7462.25,3145
2026-06-24 10:42:00,7462.25,7462.25,7458.75,7460.75,2708
2026-06-24 10:43:00,7460.75,7462.75,7459.5,7462.5,2390
2026-06-24 10:44:00,7462.5,7473.5,7462.0,7472.75,6533
2026-06-24 10:45:00,7472.75,7476.25,7471.75,7474.0,6266
2026-06-24 10:46:00,7474.0,7481.0,7472.75,7480.5,6236
2026-06-24 10:47:00,7480.25,7483.75,7479.0,7482.75,4009
2026-06-24 10:48:00,7482.75,7486.0,7480.0,7480.5,4657
2026-06-24 10:49:00,7480.75,7482.25,7478.5,7479.5,3578
2026-06-24 10:50:00,7479.75,7485.75,7479.75,7482.75,3550
2026-06-24 10:51:00,7482.75,7485.5,7480.25,7484.75,3128
2026-06-24 10:52:00,7484.5,7487.5,7483.0,7485.75,2837
2026-06-24 10:53:00,7486.0,7487.0,7484.25,7485.75,1923
2026-06-24 10:54:00,7485.75,7486.0,7480.0,7480.75,3606
2026-06-24 10:55:00,7481.0,7482.0,7478.0,7480.5,3722
2026-06-24 10:56:00,7480.75,7485.0,7480.5,7484.0,3777
2026-06-24 10:57:00,7484.0,7488.0,7482.75,7486.75,2969
2026-06-24 10:58:00,7486.75,7490.25,7486.5,7489.5,3429
2026-06-24 10:59:00,7489.5,7494.25,7488.75,7493.5,5903
2026-06-24 11:00:00,7493.5,7495.0,7491.5,7492.75,5562
2026-06-24 11:01:00,7492.75,7496.5,7492.0,7495.0,4158
2026-06-24 11:02:00,7494.75,7496.0,7490.75,7491.25,3320
2026-06-24 11:03:00,7491.5,7492.75,7489.25,7492.25,3342
2026-06-24 11:04:00,7492.25,7493.0,7488.0,7490.0,2596
2026-06-24 11:05:00,7490.0,7491.0,7488.0,7489.25,3078
2026-06-24 11:06:00,7489.25,7490.5,7487.0,7489.25,2752
2026-06-24 11:07:00,7489.5,7490.5,7486.0,7486.75,2876
2026-06-24 11:08:00,7486.75,7488.25,7483.0,7483.5,3167
2026-06-24 11:09:00,7483.5,7483.75,7479.25,7481.25,3926
2026-06-24 11:10:00,7481.25,7484.0,7479.5,7482.75,3703
2026-06-24 11:11:00,7482.5,7485.25,7482.5,7483.5,2489
2026-06-24 11:12:00,7483.5,7484.5,7477.75,7478.25,4239
2026-06-24 11:13:00,7478.25,7479.5,7476.25,7478.75,2995
2026-06-24 11:14:00,7478.75,7484.75,7478.25,7482.0,3565
2026-06-24 11:15:00,7481.75,7483.0,7480.25,7482.75,2308
2026-06-24 11:16:00,7483.0,7488.0,7481.25,7487.25,4269
2026-06-24 11:17:00,7487.25,7491.0,7485.0,7489.75,3134
2026-06-24 11:18:00,7489.75,7491.0,7487.75,7488.0,1883
2026-06-24 11:19:00,7488.0,7489.5,7484.5,7488.75,2489
2026-06-24 11:20:00,7489.0,7490.0,7487.5,7489.0,1694
2026-06-24 11:21:00,7488.75,7490.75,7486.75,7486.75,2252
2026-06-24 11:22:00,7487.0,7489.25,7486.25,7487.75,2260
2026-06-24 11:23:00,7487.75,7490.5,7485.25,7489.5,2528
2026-06-24 11:24:00,7489.5,7490.5,7483.5,7484.0,2797
2026-06-24 11:25:00,7484.0,7484.25,7478.25,7479.5,4068
2026-06-24 11:26:00,7479.5,7484.75,7479.5,7484.0,2852
2026-06-24 11:27:00,7483.75,7489.75,7483.75,7489.0,3000
2026-06-24 11:28:00,7489.25,7489.5,7485.5,7486.25,1849
2026-06-24 11:29:00,7486.5,7493.75,7486.25,7493.75,3622
2026-06-24 11:30:00,7493.5,7496.5,7491.0,7495.0,4823
2026-06-24 11:31:00,7494.75,7495.0,7489.75,7490.0,2860
2026-06-24 11:32:00,7490.25,7492.5,7488.5,7489.75,2538
2026-06-24 11:33:00,7490.0,7490.5,7486.0,7486.75,3210
2026-06-24 11:34:00,7486.75,7491.75,7486.75,7489.25,2528
2026-06-24 11:35:00,7489.25,7492.25,7487.0,7491.5,2541
2026-06-24 11:36:00,7491.25,7492.5,7488.5,7489.75,2582
2026-06-24 11:37:00,7489.75,7491.25,7488.5,7491.0,1435
2026-06-24 11:38:00,7491.25,7491.5,7487.25,7487.75,1934
2026-06-24 11:39:00,7487.75,7488.0,7483.0,7485.5,3701
2026-06-24 11:40:00,7485.5,7487.75,7484.25,7485.5,2620
2026-06-24 11:41:00,7485.5,7486.5,7481.75,7482.75,2541
2026-06-24 11:42:00,7482.75,7483.25,7478.5,7480.0,2781
2026-06-24 11:43:00,7479.75,7482.0,7478.5,7480.25,2214
2026-06-24 11:44:00,7480.25,7482.25,7478.25,7481.25,2906
2026-06-24 11:45:00,7481.5,7481.75,7476.5,7478.5,3675
2026-06-24 11:46:00,7478.5,7480.5,7476.25,7476.75,2837
2026-06-24 11:47:00,7476.5,7477.75,7474.5,7476.0,4728
2026-06-24 11:48:00,7476.0,7480.0,7475.5,7476.0,3161
2026-06-24 11:49:00,7476.0,7483.75,7475.25,7483.25,3178
2026-06-24 11:50:00,7483.25,7487.25,7483.25,7485.25,4835
2026-06-24 11:51:00,7485.25,7487.5,7484.75,7487.0,2267
2026-06-24 11:52:00,7486.75,7488.5,7483.25,7488.25,2542
2026-06-24 11:53:00,7488.25,7489.75,7486.75,7487.5,2050
2026-06-24 11:54:00,7487.5,7487.5,7483.5,7485.0,1764
2026-06-24 11:55:00,7485.0,7487.25,7484.25,7484.75,1723
2026-06-24 11:56:00,7484.75,7485.5,7480.5,7482.75,3084
2026-06-24 11:57:00,7482.5,7484.25,7481.25,7482.25,1701
2026-06-24 11:58:00,7482.0,7482.75,7478.25,7478.5,2003
2026-06-24 11:59:00,7478.5,7480.75,7478.0,7480.25,2046
2026-06-24 12:00:00,7480.25,7483.25,7477.75,7479.5,2722
2026-06-24 12:01:00,7479.25,7481.5,7478.0,7478.25,1780
2026-06-24 12:02:00,7478.25,7480.75,7478.0,7479.25,1576
2026-06-24 12:03:00,7479.0,7479.5,7475.75,7477.0,2215
2026-06-24 12:04:00,7477.0,7479.25,7476.5,7477.75,1951
2026-06-24 12:05:00,7477.5,7478.25,7475.5,7477.75,2273
2026-06-24 12:06:00,7478.0,7480.25,7474.5,7475.0,2726
2026-06-24 12:07:00,7475.25,7479.5,7475.0,7479.5,2213
2026-06-24 12:08:00,7479.5,7481.25,7476.75,7477.0,2056
2026-06-24 12:09:00,7476.75,7478.75,7476.0,7478.25,1162
2026-06-24 12:10:00,7478.0,7483.0,7476.0,7483.0,2529
2026-06-24 12:11:00,7483.0,7485.5,7482.75,7483.0,2966
2026-06-24 12:12:00,7482.75,7483.25,7479.5,7481.75,2025
2026-06-24 12:13:00,7481.75,7482.0,7478.25,7480.5,1738
2026-06-24 12:14:00,7480.5,7483.25,7480.25,7481.25,1420
2026-06-24 12:15:00,7481.5,7485.0,7481.25,7481.25,1889
2026-06-24 12:16:00,7481.5,7482.5,7479.5,7481.75,1433
2026-06-24 12:17:00,7481.75,7482.25,7479.25,7480.0,1177
2026-06-24 12:18:00,7480.25,7481.25,7478.0,7480.25,1291
2026-06-24 12:19:00,7480.25,7481.5,7478.5,7480.0,1534
2026-06-24 12:20:00,7480.0,7481.0,7477.0,7478.25,1769
2026-06-24 12:21:00,7478.5,7479.25,7476.75,7478.0,1166
2026-06-24 12:22:00,7477.75,7483.75,7477.0,7483.0,2396
2026-06-24 12:23:00,7483.25,7484.5,7482.25,7483.0,1251
2026-06-24 12:24:00,7483.0,7484.5,7481.0,7483.0,1459
2026-06-24 12:25:00,7483.25,7483.25,7477.0,7477.75,1734
2026-06-24 12:26:00,7477.25,7479.0,7476.5,7478.0,1685
2026-06-24 12:27:00,7478.25,7479.25,7476.75,7478.0,1271
2026-06-24 12:28:00,7478.0,7479.5,7476.75,7478.25,1898
2026-06-24 12:29:00,7478.25,7479.75,7477.0,7477.5,1176
2026-06-24 12:30:00,7477.5,7477.75,7473.25,7474.75,3527
2026-06-24 12:31:00,7475.0,7476.0,7472.0,7473.25,2576
2026-06-24 12:32:00,7473.5,7473.75,7471.5,7472.5,2042
2026-06-24 12:33:00,7472.5,7475.0,7471.5,7473.25,2064
2026-06-24 12:34:00,7473.25,7474.25,7472.0,7473.25,1367
2026-06-24 12:35:00,7473.0,7476.0,7473.0,7475.25,1986
2026-06-24 12:36:00,7475.0,7476.0,7468.25,7469.0,3770
2026-06-24 12:37:00,7469.0,7470.0,7464.0,7465.75,4491
2026-06-24 12:38:00,7465.5,7467.5,7463.5,7464.0,2734
2026-06-24 12:39:00,7464.25,7465.25,7461.25,7461.5,4124
2026-06-24 12:40:00,7461.5,7461.75,7456.0,7461.25,5562
2026-06-24 12:41:00,7461.25,7462.25,7455.0,7460.25,6081
2026-06-24 12:42:00,7460.0,7460.0,7455.75,7458.25,3322
2026-06-24 12:43:00,7458.25,7460.0,7455.5,7457.5,2613
2026-06-24 12:44:00,7457.25,7460.5,7456.75,7459.75,2667
2026-06-24 12:45:00,7459.5,7459.5,7455.5,7456.75,2346
2026-06-24 12:46:00,7456.75,7458.75,7455.75,7456.0,1643
2026-06-24 12:47:00,7456.0,7459.75,7455.75,7459.0,2492
2026-06-24 12:48:00,7459.0,7461.75,7459.0,7461.0,2862
2026-06-24 12:49:00,7460.75,7461.75,7459.0,7459.25,1742
2026-06-24 12:50:00,7459.5,7464.5,7459.0,7463.75,3347
2026-06-24 12:51:00,7464.0,7464.5,7460.75,7461.5,2213
2026-06-24 12:52:00,7461.75,7462.5,7458.5,7458.75,1792
2026-06-24 12:53:00,7458.75,7460.25,7457.0,7457.25,1977
2026-06-24 12:54:00,7457.25,7458.0,7454.0,7454.0,2602
2026-06-24 12:55:00,7454.25,7455.25,7450.5,7453.75,4345
2026-06-24 12:56:00,7453.75,7456.25,7453.0,7453.25,1905
2026-06-24 12:57:00,7453.25,7454.75,7451.75,7453.5,2286
2026-06-24 12:58:00,7453.5,7455.25,7453.25,7454.25,1317
2026-06-24 12:59:00,7454.5,7454.75,7451.5,7452.75,1063
2026-06-24 13:00:00,7453.25,7455.5,7451.0,7454.25,2246
2026-06-24 13:01:00,7454.25,7456.0,7452.75,7455.75,1203
2026-06-24 13:02:00,7455.75,7458.75,7453.25,7457.75,2116
2026-06-24 13:03:00,7457.5,7460.75,7457.0,7460.5,2015
2026-06-24 13:04:00,7460.5,7461.0,7458.75,7460.25,1450
2026-06-24 13:05:00,7460.25,7460.75,7456.25,7456.5,1893
2026-06-24 13:06:00,7456.5,7457.0,7451.0,7451.25,2954
2026-06-24 13:07:00,7451.25,7451.5,7443.0,7444.25,5783
2026-06-24 13:08:00,7444.25,7446.5,7442.5,7444.0,2670
2026-06-24 13:09:00,7444.0,7446.0,7443.0,7445.75,2194
2026-06-24 13:10:00,7445.75,7449.75,7443.75,7449.5,3359
2026-06-24 13:11:00,7449.5,7450.0,7445.25,7445.75,3473
2026-06-24 13:12:00,7446.0,7449.5,7445.25,7446.25,2030
2026-06-24 13:13:00,7446.25,7446.5,7442.0,7442.75,2459
2026-06-24 13:14:00,7442.75,7445.5,7442.25,7444.0,1560
2026-06-24 13:15:00,7444.0,7447.75,7443.5,7444.75,2331
2026-06-24 13:16:00,7444.75,7445.0,7433.75,7435.25,5631
2026-06-24 13:17:00,7435.5,7439.0,7433.75,7437.25,4608
2026-06-24 13:18:00,7437.0,7437.75,7432.5,7432.75,3399
2026-06-24 13:19:00,7433.0,7435.5,7431.0,7433.75,4998
2026-06-24 13:20:00,7433.75,7434.0,7427.0,7427.75,5408
2026-06-24 13:21:00,7427.75,7430.75,7426.5,7429.0,3807
2026-06-24 13:22:00,7429.25,7433.0,7429.25,7430.0,4538
2026-06-24 13:23:00,7430.0,7430.0,7426.25,7428.0,2744
2026-06-24 13:24:00,7428.0,7429.5,7425.75,7426.75,2332
2026-06-24 13:25:00,7426.75,7428.0,7421.0,7426.75,5709
2026-06-24 13:26:00,7426.5,7428.0,7424.0,7424.75,3239
2026-06-24 13:27:00,7424.75,7426.5,7422.75,7422.75,2190
2026-06-24 13:28:00,7422.75,7422.75,7416.0,7416.5,5907
2026-06-24 13:29:00,7416.5,7419.5,7415.75,7416.75,3723
2026-06-24 13:30:00,7416.75,7422.25,7415.0,7420.25,6095
2026-06-24 13:31:00,7420.25,7420.75,7411.25,7412.75,6549
2026-06-24 13:32:00,7412.75,7414.0,7409.0,7412.75,5701
2026-06-24 13:33:00,7412.75,7415.5,7407.75,7414.5,6134
2026-06-24 13:34:00,7414.5,7419.25,7414.25,7418.5,4252
2026-06-24 13:35:00,7418.5,7424.75,7418.0,7418.0,6600
2026-06-24 13:36:00,7418.0,7419.5,7413.75,7415.0,3768
2026-06-24 13:37:00,7415.0,7415.75,7412.5,7414.0,2674
2026-06-24 13:38:00,7414.0,7418.0,7412.0,7416.5,3078
2026-06-24 13:39:00,7416.5,7421.5,7415.75,7420.25,3509
2026-06-24 13:40:00,7420.25,7421.5,7416.75,7418.25,2851
2026-06-24 13:41:00,7418.25,7422.0,7418.0,7421.75,3011
2026-06-24 13:42:00,7421.75,7423.75,7419.75,7422.25,2852
2026-06-24 13:43:00,7422.25,7422.25,7417.0,7418.5,2721
2026-06-24 13:44:00,7418.5,7418.5,7413.25,7414.75,3339
2026-06-24 13:45:00,7414.75,7418.5,7412.5,7412.75,3001
2026-06-24 13:46:00,7412.75,7418.0,7410.25,7417.25,4208
2026-06-24 13:47:00,7417.25,7422.0,7416.0,7420.75,3432
2026-06-24 13:48:00,7420.75,7421.75,7417.5,7419.25,2886
2026-06-24 13:49:00,7419.0,7422.0,7417.5,7420.0,2432
2026-06-24 13:50:00,7420.25,7421.5,7416.25,7419.75,2541
2026-06-24 13:51:00,7419.75,7421.75,7417.5,7419.75,2353
2026-06-24 13:52:00,7420.0,7420.75,7416.75,7417.75,2423
2026-06-24 13:53:00,7417.75,7421.0,7416.5,7420.5,2653
2026-06-24 13:54:00,7420.75,7421.75,7419.0,7421.25,2160
2026-06-24 13:55:00,7421.25,7427.0,7421.25,7426.0,4896
2026-06-24 13:56:00,7425.75,7427.25,7422.25,7423.5,3291
2026-06-24 13:57:00,7423.5,7423.5,7417.5,7418.0,3456
2026-06-24 13:58:00,7418.0,7418.0,7412.5,7413.5,4443
2026-06-24 13:59:00,7413.5,7416.5,7413.0,7414.0,2498
2026-06-24 14:00:00,7414.25,7418.0,7413.0,7416.0,4090
2026-06-24 14:01:00,7416.0,7425.25,7414.75,7421.5,5326
2026-06-24 14:02:00,7421.5,7421.75,7417.0,7421.5,2969
2026-06-24 14:03:00,7421.25,7421.75,7418.25,7420.0,1620
2026-06-24 14:04:00,7420.25,7422.75,7419.25,7421.5,2631
2026-06-24 14:05:00,7421.5,7425.25,7421.25,7423.25,3382
2026-06-24 14:06:00,7423.0,7429.5,7422.5,7426.75,4150
2026-06-24 14:07:00,7426.75,7429.25,7423.0,7424.0,3353
2026-06-24 14:08:00,7423.75,7426.75,7423.0,7423.75,2284
2026-06-24 14:09:00,7423.75,7426.5,7423.25,7426.0,1856
2026-06-24 14:10:00,7426.0,7427.0,7423.5,7426.0,2323
2026-06-24 14:11:00,7426.0,7427.5,7423.5,7423.75,2516
2026-06-24 14:12:00,7423.5,7426.25,7421.25,7423.25,2972
2026-06-24 14:13:00,7423.25,7425.25,7422.5,7424.75,1601
2026-06-24 14:14:00,7424.5,7425.5,7421.75,7424.75,1999
2026-06-24 14:15:00,7424.75,7432.75,7424.5,7431.75,4098
2026-06-24 14:16:00,7432.0,7432.75,7429.5,7432.25,2452
2026-06-24 14:17:00,7432.0,7433.75,7429.75,7431.25,3548
2026-06-24 14:18:00,7431.25,7431.25,7425.0,7431.0,3785
2026-06-24 14:19:00,7431.0,7435.75,7430.0,7433.75,3286
2026-06-24 14:20:00,7433.75,7434.75,7431.75,7433.0,1960
2026-06-24 14:21:00,7433.0,7435.0,7432.25,7434.5,1716
2026-06-24 14:22:00,7434.25,7436.0,7432.75,7434.5,1577
2026-06-24 14:23:00,7434.5,7437.0,7434.0,7437.0,1830
2026-06-24 14:24:00,7436.75,7439.75,7435.0,7439.5,2275
2026-06-24 14:25:00,7439.5,7443.25,7439.25,7442.0,3756
2026-06-24 14:26:00,7442.0,7442.5,7438.0,7439.0,2230
2026-06-24 14:27:00,7438.75,7440.75,7438.25,7439.0,1678
2026-06-24 14:28:00,7439.0,7442.25,7437.75,7442.0,1788
2026-06-24 14:29:00,7441.75,7442.75,7439.25,7440.0,1230
2026-06-24 14:30:00,7440.0,7442.5,7438.5,7440.75,1666
2026-06-24 14:31:00,7440.75,7442.25,7438.5,7441.25,1984
2026-06-24 14:32:00,7441.25,7441.75,7439.5,7440.0,1297
2026-06-24 14:33:00,7440.0,7440.75,7436.25,7436.5,2504
2026-06-24 14:34:00,7436.75,7440.0,7436.75,7439.0,1513
2026-06-24 14:35:00,7439.25,7439.75,7433.5,7435.0,2504
2026-06-24 14:36:00,7435.0,7436.5,7431.5,7435.5,2478
2026-06-24 14:37:00,7435.5,7438.0,7434.5,7435.5,1591
2026-06-24 14:38:00,7435.5,7437.0,7434.0,7434.5,1066
2026-06-24 14:39:00,7434.5,7435.75,7431.5,7432.75,1968
2026-06-24 14:40:00,7432.75,7434.5,7425.75,7427.75,3503
2026-06-24 14:41:00,7428.0,7432.25,7426.75,7429.75,2295
2026-06-24 14:42:00,7429.75,7431.75,7428.0,7430.25,1560
2026-06-24 14:43:00,7430.25,7430.5,7424.75,7426.75,1875
2026-06-24 14:44:00,7426.5,7429.5,7425.25,7429.25,2133
2026-06-24 14:45:00,7429.0,7429.25,7425.25,7426.0,1635
2026-06-24 14:46:00,7426.0,7426.75,7421.75,7422.25,2419
2026-06-24 14:47:00,7422.25,7423.75,7418.25,7418.25,2602
2026-06-24 14:48:00,7418.5,7418.75,7416.0,7417.0,2384
2026-06-24 14:49:00,7417.0,7417.5,7410.75,7414.25,4259
2026-06-24 14:50:00,7414.0,7415.5,7408.25,7410.5,4765
2026-06-24 14:51:00,7410.5,7412.25,7408.5,7410.0,2621
2026-06-24 14:52:00,7410.0,7415.25,7408.75,7412.5,2855
2026-06-24 14:53:00,7412.25,7416.0,7412.25,7413.75,2060
2026-06-24 14:54:00,7413.75,7418.25,7413.75,7417.5,3209
2026-06-24 14:55:00,7417.5,7419.5,7415.5,7418.25,2634
2026-06-24 14:56:00,7418.5,7420.75,7417.25,7420.25,1822
2026-06-24 14:57:00,7420.0,7424.5,7417.5,7418.0,3192
2026-06-24 14:58:00,7418.0,7418.25,7413.0,7415.0,2291
2026-06-24 14:59:00,7415.0,7415.75,7412.5,7415.5,1635
2026-06-24 15:00:00,7415.5,7417.0,7409.5,7412.75,3549
2026-06-24 15:01:00,7412.5,7413.75,7409.75,7409.75,1699
2026-06-24 15:02:00,7410.0,7418.25,7409.5,7417.0,2646
2026-06-24 15:03:00,7417.0,7425.25,7416.0,7422.5,3584
2026-06-24 15:04:00,7422.75,7423.25,7419.25,7422.25,2539
2026-06-24 15:05:00,7422.25,7422.25,7413.5,7416.25,3379
2026-06-24 15:06:00,7415.75,7416.25,7408.75,7408.75,2738
2026-06-24 15:07:00,7409.0,7409.5,7404.75,7406.5,4702
2026-06-24 15:08:00,7406.25,7407.75,7404.75,7407.5,2235
2026-06-24 15:09:00,7407.75,7411.0,7407.25,7409.25,3910
2026-06-24 15:10:00,7409.25,7410.5,7404.0,7409.75,3404
2026-06-24 15:11:00,7409.75,7410.75,7405.75,7406.75,2164
2026-06-24 15:12:00,7406.75,7408.75,7405.5,7407.0,1577
2026-06-24 15:13:00,7407.0,7408.5,7406.0,7407.0,1400
2026-06-24 15:14:00,7407.0,7413.25,7406.75,7412.25,3574
2026-06-24 15:15:00,7412.25,7412.75,7407.75,7409.75,2728
2026-06-24 15:16:00,7409.75,7410.5,7408.25,7409.0,1249
2026-06-24 15:17:00,7408.75,7411.75,7407.75,7410.25,1619
2026-06-24 15:18:00,7410.5,7411.75,7408.5,7411.5,1180
2026-06-24 15:19:00,7411.5,7413.25,7410.5,7412.0,1828
2026-06-24 15:20:00,7412.0,7412.75,7408.5,7410.0,2254
2026-06-24 15:21:00,7409.75,7412.75,7408.75,7411.0,1473
2026-06-24 15:22:00,7411.0,7412.5,7409.0,7411.5,1747
2026-06-24 15:23:00,7411.5,7413.25,7410.25,7411.5,1656
2026-06-24 15:24:00,7411.5,7414.75,7410.0,7414.75,1924
2026-06-24 15:25:00,7414.5,7419.5,7414.0,7416.0,3439
2026-06-24 15:26:00,7416.25,7418.25,7414.25,7418.0,1755
2026-06-24 15:27:00,7418.0,7419.25,7414.0,7415.5,1815
2026-06-24 15:28:00,7415.25,7417.5,7414.5,7415.0,1124
2026-06-24 15:29:00,7415.25,7418.0,7414.5,7416.25,1378
2026-06-24 15:30:00,7416.25,7418.75,7413.75,7417.5,2954
2026-06-24 15:31:00,7417.25,7417.75,7412.75,7414.0,1982
2026-06-24 15:32:00,7414.0,7415.25,7411.5,7414.25,1785
2026-06-24 15:33:00,7414.0,7415.0,7411.5,7412.75,1844
2026-06-24 15:34:00,7412.75,7414.25,7411.75,7413.25,1397
2026-06-24 15:35:00,7413.5,7414.75,7410.0,7411.25,1838
2026-06-24 15:36:00,7411.5,7416.0,7410.5,7415.5,1886
2026-06-24 15:37:00,7415.5,7415.5,7411.75,7411.75,1367
2026-06-24 15:38:00,7412.0,7412.25,7410.25,7411.5,1393
2026-06-24 15:39:00,7411.25,7415.5,7410.5,7414.0,1454
2026-06-24 15:40:00,7414.0,7417.25,7412.75,7414.25,1567
2026-06-24 15:41:00,7414.0,7415.0,7409.5,7410.25,1725
2026-06-24 15:42:00,7410.0,7410.25,7405.25,7406.75,2824
2026-06-24 15:43:00,7406.5,7410.5,7406.5,7408.5,1697
2026-06-24 15:44:00,7408.5,7412.25,7408.0,7411.0,1867
2026-06-24 15:45:00,7411.0,7418.75,7410.5,7418.25,3393
2026-06-24 15:46:00,7418.25,7418.25,7414.0,7414.25,2351
2026-06-24 15:47:00,7414.5,7415.5,7411.5,7414.5,1719
2026-06-24 15:48:00,7414.25,7415.75,7413.0,7415.25,1274
2026-06-24 15:49:00,7415.0,7417.5,7413.75,7417.0,2095
2026-06-24 15:50:00,7417.0,7421.5,7411.0,7418.75,7906
2026-06-24 15:51:00,7418.75,7423.5,7418.5,7422.25,3497
2026-06-24 15:52:00,7422.25,7424.75,7421.0,7423.5,2266
2026-06-24 15:53:00,7423.25,7427.5,7422.75,7426.25,2597
2026-06-24 15:54:00,7426.25,7427.25,7421.75,7426.75,3791
2026-06-24 15:55:00,7426.75,7426.75,7420.0,7425.0,4224
2026-06-24 15:56:00,7424.75,7425.25,7421.25,7422.0,1487
2026-06-24 15:57:00,7421.75,7422.0,7417.75,7420.75,2186
2026-06-24 15:58:00,7420.75,7421.25,7418.5,7419.0,1533
2026-06-24 15:59:00,7418.75,7431.5,7418.75,7428.25,11354
2026-06-24 16:00:00,7428.0,7431.5,7421.25,7430.5,3937
2026-06-24 16:01:00,7430.5,7443.75,7429.0,7443.5,3959
2026-06-24 16:02:00,7443.0,7445.0,7435.75,7442.5,2182
2026-06-24 16:03:00,7442.25,7450.0,7440.0,7449.75,2054
2026-06-24 16:04:00,7449.75,7451.25,7445.0,7450.5,1862
2026-06-24 16:05:00,7450.5,7459.75,7449.75,7458.75,2556
2026-06-24 16:06:00,7459.0,7464.5,7458.75,7460.75,2467
2026-06-24 16:07:00,7461.25,7462.25,7457.25,7458.0,1395
2026-06-24 16:08:00,7458.25,7465.0,7457.5,7463.5,2202
2026-06-24 16:09:00,7463.25,7465.0,7459.5,7459.75,1224
2026-06-24 16:10:00,7459.75,7464.0,7458.25,7462.0,1217
2026-06-24 16:11:00,7461.75,7464.5,7459.75,7462.0,841
2026-06-24 16:12:00,7462.0,7463.0,7457.5,7458.75,1688
2026-06-24 16:13:00,7459.25,7463.0,7457.0,7462.25,1007
2026-06-24 16:14:00,7462.5,7464.25,7461.5,7463.5,861
2026-06-24 16:15:00,7463.75,7464.5,7461.0,7462.0,732
2026-06-24 16:16:00,7462.0,7463.0,7460.75,7462.75,433
2026-06-24 16:17:00,7462.75,7465.0,7461.0,7462.0,1109
2026-06-24 16:18:00,7462.25,7463.5,7461.75,7463.5,451
2026-06-24 16:19:00,7463.5,7464.0,7462.0,7462.75,299
2026-06-24 16:20:00,7462.75,7466.5,7462.75,7465.25,773
2026-06-24 16:21:00,7465.0,7470.0,7465.0,7469.5,979
2026-06-24 16:22:00,7469.5,7472.75,7469.25,7471.5,1194
2026-06-24 16:23:00,7471.75,7473.0,7471.0,7471.75,865
2026-06-24 16:24:00,7471.75,7473.25,7471.25,7472.75,544
2026-06-24 16:25:00,7472.75,7474.0,7469.5,7472.75,905
2026-06-24 16:26:00,7473.0,7473.75,7470.75,7472.0,569
2026-06-24 16:27:00,7472.5,7472.5,7470.25,7471.25,540
2026-06-24 16:28:00,7471.25,7471.5,7469.25,7470.5,552
2026-06-24 16:29:00,7470.5,7472.5,7469.75,7470.75,436
2026-06-24 16:30:00,7470.25,7472.0,7469.75,7471.0,472
2026-06-24 16:31:00,7471.5,7472.5,7469.75,7472.5,339
2026-06-24 16:32:00,7472.75,7475.0,7470.5,7471.0,820
2026-06-24 16:33:00,7471.0,7472.5,7469.0,7470.5,599
2026-06-24 16:34:00,7470.25,7470.5,7468.0,7468.0,759
2026-06-24 16:35:00,7468.0,7472.25,7467.75,7470.0,693
2026-06-24 16:36:00,7470.0,7470.0,7468.25,7468.5,259
2026-06-24 16:37:00,7469.0,7471.5,7468.75,7470.75,329
2026-06-24 16:38:00,7470.5,7472.0,7470.5,7471.75,224
2026-06-24 16:39:00,7471.25,7473.25,7471.25,7473.25,336
2026-06-24 16:40:00,7473.25,7474.25,7472.25,7473.5,395
2026-06-24 16:41:00,7473.0,7476.0,7472.75,7475.25,723
2026-06-24 16:42:00,7475.0,7476.25,7474.0,7475.75,474
2026-06-24 16:43:00,7475.5,7479.0,7475.5,7478.25,738
2026-06-24 16:44:00,7478.25,7480.0,7478.0,7479.5,785
2026-06-24 16:45:00,7479.25,7481.0,7478.0,7478.5,751
2026-06-24 16:46:00,7478.5,7479.5,7477.0,7479.25,533
2026-06-24 16:47:00,7479.5,7481.25,7479.0,7479.5,462
2026-06-24 16:48:00,7479.25,7482.0,7477.75,7482.0,690
2026-06-24 16:49:00,7482.0,7482.25,7477.75,7479.0,642
2026-06-24 16:50:00,7479.25,7479.25,7477.0,7478.5,602
2026-06-24 16:51:00,7478.5,7479.0,7475.25,7476.25,487
2026-06-24 16:52:00,7476.5,7479.5,7476.5,7478.5,426
2026-06-24 16:53:00,7478.75,7479.25,7477.5,7478.0,391
2026-06-24 16:54:00,7477.5,7478.5,7477.25,7477.25,275
2026-06-24 16:55:00,7477.75,7477.75,7475.0,7475.0,524
2026-06-24 16:56:00,7475.5,7476.25,7474.5,7475.0,313
2026-06-24 16:57:00,7475.25,7478.75,7475.0,7478.75,423
2026-06-24 16:58:00,7478.75,7479.0,7475.25,7476.25,303
2026-06-24 16:59:00,7476.25,7478.0,7476.0,7477.25,327
2026-06-24 18:00:00,7477.25,7486.0,7476.0,7484.25,1671
2026-06-24 18:01:00,7484.75,7486.75,7483.0,7483.75,983
2026-06-24 18:02:00,7483.5,7484.25,7479.5,7482.0,930
2026-06-24 18:03:00,7482.0,7482.0,7479.0,7480.75,324
2026-06-24 18:04:00,7481.0,7482.25,7477.0,7477.75,375
2026-06-24 18:05:00,7477.5,7478.25,7475.5,7475.75,660
2026-06-24 18:06:00,7475.5,7475.75,7472.75,7473.25,674
2026-06-24 18:07:00,7473.75,7474.0,7472.5,7473.0,301
2026-06-24 18:08:00,7473.0,7474.75,7473.0,7473.75,262
2026-06-24 18:09:00,7473.75,7475.0,7473.0,7474.25,254
2026-06-24 18:10:00,7474.25,7476.5,7474.0,7475.5,332
2026-06-24 18:11:00,7475.5,7476.5,7474.75,7476.0,206
2026-06-24 18:12:00,7476.0,7477.25,7475.25,7476.75,278
2026-06-24 18:13:00,7476.5,7476.5,7474.0,7474.75,311
2026-06-24 18:14:00,7474.5,7475.0,7472.25,7473.0,370
2026-06-24 18:15:00,7473.0,7473.25,7472.0,7472.25,331
2026-06-24 18:16:00,7472.0,7473.0,7471.75,7472.25,206
2026-06-24 18:17:00,7472.0,7472.75,7471.25,7472.0,288
2026-06-24 18:18:00,7472.5,7473.25,7471.25,7471.5,214
2026-06-24 18:19:00,7471.25,7471.75,7470.5,7471.25,295
2026-06-24 18:20:00,7471.25,7475.25,7470.25,7474.25,570
2026-06-24 18:21:00,7474.25,7474.5,7472.75,7474.25,228
2026-06-24 18:22:00,7474.5,7474.75,7473.5,7473.75,210
2026-06-24 18:23:00,7473.5,7474.0,7472.5,7473.25,262
2026-06-24 18:24:00,7472.75,7472.75,7471.0,7471.0,338
2026-06-24 18:25:00,7471.0,7472.0,7470.0,7471.5,425
2026-06-24 18:26:00,7471.5,7471.5,7469.0,7469.5,239
2026-06-24 18:27:00,7469.5,7470.25,7468.5,7469.0,463
2026-06-24 18:28:00,7469.25,7471.0,7468.25,7469.5,375
2026-06-24 18:29:00,7469.5,7470.0,7468.25,7468.25,272
2026-06-24 18:30:00,7468.5,7471.25,7468.0,7470.75,454
2026-06-24 18:31:00,7470.75,7470.75,7469.5,7469.5,264
2026-06-24 18:32:00,7469.75,7470.0,7468.75,7469.5,232
2026-06-24 18:33:00,7469.25,7469.25,7468.0,7468.0,221
2026-06-24 18:34:00,7468.25,7470.25,7468.0,7469.75,248
2026-06-24 18:35:00,7469.75,7470.5,7469.0,7469.75,254
2026-06-24 18:36:00,7469.5,7470.0,7468.25,7468.75,262
2026-06-24 18:37:00,7468.75,7469.5,7468.0,7468.5,247
2026-06-24 18:38:00,7468.5,7469.5,7468.5,7469.0,155
2026-06-24 18:39:00,7468.5,7469.5,7468.25,7468.5,89
2026-06-24 18:40:00,7468.5,7469.75,7468.0,7468.0,190
2026-06-24 18:41:00,7468.0,7468.75,7467.25,7468.75,335
2026-06-24 18:42:00,7468.5,7470.75,7468.25,7469.0,295
2026-06-24 18:43:00,7469.0,7470.25,7468.75,7470.25,232
2026-06-24 18:44:00,7470.0,7471.5,7469.75,7470.75,341
2026-06-24 18:45:00,7470.75,7471.0,7469.75,7469.75,190
2026-06-24 18:46:00,7469.75,7470.5,7469.25,7469.25,145
2026-06-24 18:47:00,7469.25,7470.0,7468.25,7469.25,188
2026-06-24 18:48:00,7469.25,7469.25,7467.5,7467.75,215
2026-06-24 18:49:00,7467.75,7468.0,7466.5,7466.75,378
2026-06-24 18:50:00,7466.75,7468.0,7466.75,7467.25,170
2026-06-24 18:51:00,7467.25,7468.0,7467.0,7467.5,89
2026-06-24 18:52:00,7467.75,7469.5,7467.0,7469.0,291
2026-06-24 18:53:00,7469.25,7469.25,7467.25,7467.25,138
2026-06-24 18:54:00,7467.5,7467.75,7467.0,7467.5,97
2026-06-24 18:55:00,7467.5,7467.75,7466.5,7467.75,119
2026-06-24 18:56:00,7467.5,7467.75,7466.0,7466.25,192
2026-06-24 18:57:00,7466.75,7467.25,7466.0,7466.5,157
2026-06-24 18:58:00,7466.5,7466.75,7465.75,7466.25,143
2026-06-24 18:59:00,7466.25,7466.5,7466.0,7466.5,79
2026-06-24 19:00:00,7466.5,7467.0,7465.25,7465.5,321
2026-06-24 19:01:00,7466.0,7467.0,7465.5,7466.0,162
2026-06-24 19:02:00,7465.75,7466.25,7465.0,7465.75,172
2026-06-24 19:03:00,7465.5,7467.0,7465.5,7466.25,106
2026-06-24 19:04:00,7466.0,7468.25,7466.0,7467.5,213
2026-06-24 19:05:00,7467.25,7468.0,7467.0,7467.75,89
2026-06-24 19:06:00,7467.5,7468.25,7467.25,7468.0,182
2026-06-24 19:07:00,7467.75,7468.25,7467.25,7467.5,160
2026-06-24 19:08:00,7467.25,7468.0,7467.0,7467.75,128
2026-06-24 19:09:00,7468.0,7468.0,7466.25,7467.0,126
2026-06-24 19:10:00,7467.25,7468.25,7467.0,7467.75,92
2026-06-24 19:11:00,7468.0,7468.5,7466.5,7466.5,224
2026-06-24 19:12:00,7466.75,7467.25,7464.0,7464.25,484
2026-06-24 19:13:00,7464.25,7465.0,7464.0,7464.5,212
2026-06-24 19:14:00,7464.5,7465.25,7464.0,7465.25,144
2026-06-24 19:15:00,7465.0,7465.25,7464.25,7464.5,131
2026-06-24 19:16:00,7464.5,7465.5,7464.0,7464.5,151
2026-06-24 19:17:00,7464.5,7465.5,7464.25,7464.75,126
2026-06-24 19:18:00,7465.0,7465.25,7464.5,7465.0,102
2026-06-24 19:19:00,7464.75,7465.0,7464.0,7464.5,145
2026-06-24 19:20:00,7464.5,7465.5,7464.25,7465.25,104
2026-06-24 19:21:00,7465.25,7467.5,7465.25,7467.0,274
2026-06-24 19:22:00,7467.0,7467.0,7465.5,7466.25,332
2026-06-24 19:23:00,7466.25,7468.25,7466.25,7468.0,227
2026-06-24 19:24:00,7468.0,7468.75,7467.25,7468.5,274
2026-06-24 19:25:00,7468.0,7469.5,7468.0,7469.0,270
2026-06-24 19:26:00,7469.0,7469.75,7468.25,7469.75,212
2026-06-24 19:27:00,7469.5,7471.0,7469.5,7470.25,393
2026-06-24 19:28:00,7470.0,7470.25,7468.0,7468.25,258
2026-06-24 19:29:00,7468.25,7469.0,7468.0,7468.5,110
2026-06-24 19:30:00,7468.5,7469.25,7468.0,7469.25,160
2026-06-24 19:31:00,7469.25,7470.5,7469.25,7470.0,180
2026-06-24 19:32:00,7469.75,7470.5,7469.5,7470.25,108
2026-06-24 19:33:00,7470.0,7470.75,7469.75,7470.25,121
2026-06-24 19:34:00,7470.25,7471.5,7470.0,7471.5,181
2026-06-24 19:35:00,7471.0,7473.25,7470.75,7473.25,554
2026-06-24 19:36:00,7473.0,7473.75,7472.75,7473.75,242
2026-06-24 19:37:00,7473.5,7474.5,7473.25,7474.5,292
2026-06-24 19:38:00,7474.75,7475.0,7474.0,7474.5,324
2026-06-24 19:39:00,7474.5,7475.5,7473.75,7473.75,348
2026-06-24 19:40:00,7474.0,7474.25,7472.75,7473.75,323
2026-06-24 19:41:00,7473.75,7475.5,7473.75,7475.25,243
2026-06-24 19:42:00,7475.25,7475.5,7474.0,7474.5,180
2026-06-24 19:43:00,7474.5,7475.0,7473.5,7473.75,180
2026-06-24 19:44:00,7473.5,7474.5,7473.0,7474.25,181
2026-06-24 19:45:00,7474.25,7478.0,7474.25,7477.75,809
2026-06-24 19:46:00,7477.75,7478.75,7473.5,7474.0,774
2026-06-24 19:47:00,7474.0,7474.0,7471.75,7472.75,644
2026-06-24 19:48:00,7473.0,7473.25,7471.25,7472.0,261
2026-06-24 19:49:00,7472.0,7473.5,7471.75,7472.5,259
2026-06-24 19:50:00,7472.75,7473.25,7470.5,7470.75,395
2026-06-24 19:51:00,7471.0,7471.0,7469.5,7470.5,386
2026-06-24 19:52:00,7470.5,7471.0,7470.25,7471.0,81
2026-06-24 19:53:00,7471.0,7472.0,7470.5,7471.25,238
2026-06-24 19:54:00,7471.0,7473.25,7470.25,7473.25,242
2026-06-24 19:55:00,7473.25,7473.5,7471.0,7472.5,326
2026-06-24 19:56:00,7472.5,7473.0,7471.5,7472.0,133
2026-06-24 19:57:00,7472.5,7474.0,7472.5,7473.0,213
2026-06-24 19:58:00,7472.75,7473.0,7471.0,7471.0,269
2026-06-24 19:59:00,7471.0,7472.5,7470.25,7471.75,250
2026-06-24 20:00:00,7471.75,7473.0,7469.5,7470.5,529
2026-06-24 20:01:00,7470.75,7470.75,7467.25,7468.75,695
2026-06-24 20:02:00,7468.75,7469.0,7466.25,7466.25,392
2026-06-24 20:03:00,7466.25,7467.75,7465.5,7467.5,531
2026-06-24 20:04:00,7467.5,7467.75,7466.25,7467.25,316
2026-06-24 20:05:00,7467.0,7467.25,7464.75,7466.5,505
2026-06-24 20:06:00,7466.5,7470.0,7466.5,7469.5,649
2026-06-24 20:07:00,7469.25,7469.5,7466.75,7467.25,352
2026-06-24 20:08:00,7467.25,7468.75,7466.0,7468.0,411
2026-06-24 20:09:00,7468.5,7469.75,7467.25,7469.0,288
2026-06-24 20:10:00,7469.0,7470.75,7467.5,7470.75,345
2026-06-24 20:11:00,7470.5,7472.75,7469.25,7470.75,532
2026-06-24 20:12:00,7470.75,7473.25,7470.5,7472.0,423
2026-06-24 20:13:00,7472.0,7472.5,7468.75,7469.25,354
2026-06-24 20:14:00,7469.5,7471.25,7467.0,7470.75,478
2026-06-24 20:15:00,7471.0,7471.25,7468.25,7470.25,477
2026-06-24 20:16:00,7469.75,7470.5,7468.5,7470.0,188
2026-06-24 20:17:00,7470.0,7472.25,7469.0,7469.0,339
2026-06-24 20:18:00,7469.25,7469.25,7467.75,7468.75,164
2026-06-24 20:19:00,7468.75,7471.0,7468.5,7469.25,197
2026-06-24 20:20:00,7469.25,7469.5,7468.0,7468.25,218
2026-06-24 20:21:00,7468.5,7470.25,7468.0,7468.0,190
2026-06-24 20:22:00,7468.5,7470.5,7467.5,7470.5,182
2026-06-24 20:23:00,7470.25,7471.25,7470.25,7470.75,239
2026-06-24 20:24:00,7470.5,7470.75,7468.25,7468.5,241
2026-06-24 20:25:00,7468.5,7468.5,7465.0,7465.5,471
2026-06-24 20:26:00,7465.5,7466.75,7464.5,7466.25,425
2026-06-24 20:27:00,7466.25,7467.0,7464.5,7466.75,304
2026-06-24 20:28:00,7467.0,7467.75,7465.75,7466.0,281
2026-06-24 20:29:00,7466.0,7467.5,7465.5,7466.0,163
2026-06-24 20:30:00,7466.0,7467.0,7465.0,7466.0,231
2026-06-24 20:31:00,7466.0,7466.5,7462.75,7463.25,771
2026-06-24 20:32:00,7463.5,7464.0,7460.25,7461.5,1041
2026-06-24 20:33:00,7461.5,7463.25,7460.5,7461.0,461
2026-06-24 20:34:00,7460.75,7462.0,7460.5,7461.25,255
2026-06-24 20:35:00,7461.25,7462.0,7459.0,7460.0,577
2026-06-24 20:36:00,7460.0,7462.25,7459.25,7462.25,396
2026-06-24 20:37:00,7462.25,7462.25,7460.0,7460.25,253
2026-06-24 20:38:00,7460.0,7460.75,7459.0,7460.0,217
2026-06-24 20:39:00,7460.25,7460.75,7459.0,7460.0,329
2026-06-24 20:40:00,7459.75,7460.25,7457.25,7457.5,459
2026-06-24 20:41:00,7457.25,7458.5,7454.75,7455.75,747
2026-06-24 20:42:00,7455.75,7457.75,7454.0,7457.5,668
2026-06-24 20:43:00,7457.5,7458.75,7457.0,7457.0,401
2026-06-24 20:44:00,7457.0,7457.5,7455.75,7457.0,237
2026-06-24 20:45:00,7457.0,7458.75,7455.75,7455.75,378
2026-06-24 20:46:00,7456.0,7457.25,7454.5,7454.75,426
2026-06-24 20:47:00,7454.75,7455.75,7453.75,7454.5,441
2026-06-24 20:48:00,7455.0,7455.5,7453.5,7454.0,381
2026-06-24 20:49:00,7453.75,7455.25,7453.5,7454.5,323
2026-06-24 20:50:00,7454.25,7458.25,7454.0,7458.0,593
2026-06-24 20:51:00,7458.0,7459.0,7457.0,7457.75,409
2026-06-24 20:52:00,7457.75,7459.25,7456.25,7457.0,396
2026-06-24 20:53:00,7457.0,7460.25,7456.75,7460.25,411
2026-06-24 20:54:00,7460.25,7460.5,7458.5,7459.25,306
2026-06-24 20:55:00,7459.25,7459.5,7456.5,7456.5,356
2026-06-24 20:56:00,7456.75,7456.75,7454.5,7455.5,509
2026-06-24 20:57:00,7455.5,7456.75,7455.25,7455.5,327
2026-06-24 20:58:00,7455.25,7455.25,7453.0,7453.25,451
2026-06-24 20:59:00,7453.5,7455.0,7453.25,7455.0,234
2026-06-24 21:00:00,7455.0,7458.0,7454.0,7458.0,560
2026-06-24 21:01:00,7457.5,7459.0,7456.25,7457.25,494
2026-06-24 21:02:00,7457.5,7459.25,7456.0,7456.25,417
2026-06-24 21:03:00,7456.25,7456.75,7454.5,7455.0,336
2026-06-24 21:04:00,7454.75,7455.5,7452.75,7453.0,404
2026-06-24 21:05:00,7452.75,7455.0,7452.0,7455.0,442
2026-06-24 21:06:00,7455.0,7455.75,7453.75,7454.5,389
2026-06-24 21:07:00,7454.5,7455.0,7453.5,7454.0,276
2026-06-24 21:08:00,7454.0,7455.25,7453.5,7454.75,244
2026-06-24 21:09:00,7454.25,7455.75,7453.75,7454.75,276
2026-06-24 21:10:00,7455.0,7456.0,7454.25,7455.25,188
2026-06-24 21:11:00,7455.0,7457.0,7454.5,7455.75,483
2026-06-24 21:12:00,7455.5,7456.75,7455.25,7455.5,216
2026-06-24 21:13:00,7455.75,7456.5,7455.0,7455.0,197
2026-06-24 21:14:00,7455.5,7456.25,7454.75,7456.0,248
2026-06-24 21:15:00,7455.75,7456.5,7455.0,7456.0,250
2026-06-24 21:16:00,7455.75,7456.0,7454.0,7455.75,346
2026-06-24 21:17:00,7455.75,7458.25,7455.25,7457.75,473
2026-06-24 21:18:00,7457.5,7457.5,7455.25,7456.25,282
2026-06-24 21:19:00,7456.25,7458.0,7454.75,7457.75,342
2026-06-24 21:20:00,7458.0,7459.0,7457.25,7458.75,289
2026-06-24 21:21:00,7458.25,7459.5,7458.25,7458.75,320
2026-06-24 21:22:00,7458.75,7460.0,7458.25,7459.75,293
2026-06-24 21:23:00,7459.75,7459.75,7458.25,7459.75,220
2026-06-24 21:24:00,7459.75,7459.75,7458.0,7458.25,135
2026-06-24 21:25:00,7458.0,7459.25,7457.25,7457.5,335
2026-06-24 21:26:00,7457.25,7458.0,7456.0,7456.5,257
2026-06-24 21:27:00,7456.75,7458.75,7456.75,7457.25,216
2026-06-24 21:28:00,7457.25,7458.5,7457.25,7457.5,120
2026-06-24 21:29:00,7457.25,7457.25,7455.75,7456.25,210
2026-06-24 21:30:00,7456.5,7458.25,7456.0,7457.5,391
2026-06-24 21:31:00,7457.75,7459.5,7457.0,7458.5,226
2026-06-24 21:32:00,7458.75,7460.25,7458.5,7459.0,252
2026-06-24 21:33:00,7459.0,7459.5,7458.5,7459.0,151
2026-06-24 21:34:00,7459.0,7461.25,7458.25,7461.0,437
2026-06-24 21:35:00,7460.75,7463.0,7460.5,7463.0,678
2026-06-24 21:36:00,7462.75,7463.75,7462.0,7462.0,432
2026-06-24 21:37:00,7461.75,7465.5,7461.25,7464.75,664
2026-06-24 21:38:00,7464.5,7466.5,7464.5,7465.5,491
2026-06-24 21:39:00,7465.5,7466.5,7464.0,7464.0,517
2026-06-24 21:40:00,7463.75,7464.5,7461.75,7462.25,477
2026-06-24 21:41:00,7462.25,7463.0,7461.0,7461.5,398
2026-06-24 21:42:00,7461.5,7462.5,7460.0,7462.5,334
2026-06-24 21:43:00,7462.75,7464.25,7462.5,7462.75,271
2026-06-24 21:44:00,7462.5,7462.75,7460.5,7461.0,302
2026-06-24 21:45:00,7460.75,7461.0,7459.75,7460.5,305
2026-06-24 21:46:00,7460.75,7461.25,7459.5,7460.5,271
2026-06-24 21:47:00,7460.5,7461.5,7460.0,7461.0,186
2026-06-24 21:48:00,7461.25,7461.5,7459.75,7460.25,139
2026-06-24 21:49:00,7460.0,7462.75,7460.0,7462.5,182
2026-06-24 21:50:00,7462.75,7463.25,7460.75,7462.75,316
2026-06-24 21:51:00,7463.0,7463.25,7462.0,7463.0,226
2026-06-24 21:52:00,7463.25,7464.5,7463.0,7463.75,411
2026-06-24 21:53:00,7464.25,7464.25,7463.25,7463.25,178
2026-06-24 21:54:00,7463.25,7464.25,7462.25,7463.75,269
2026-06-24 21:55:00,7464.0,7465.25,7463.5,7464.75,199
2026-06-24 21:56:00,7464.5,7465.0,7463.75,7465.0,135
2026-06-24 21:57:00,7464.5,7465.0,7462.25,7462.75,353
2026-06-24 21:58:00,7462.75,7463.0,7460.5,7461.0,434
2026-06-24 21:59:00,7461.25,7461.75,7460.0,7460.0,239
2026-06-24 22:00:00,7460.0,7460.25,7458.5,7459.0,514
2026-06-24 22:01:00,7458.75,7461.5,7458.75,7461.25,339
2026-06-24 22:02:00,7461.25,7463.5,7461.25,7462.0,353
2026-06-24 22:03:00,7462.5,7464.0,7462.25,7463.75,179
2026-06-24 22:04:00,7463.75,7464.25,7463.0,7463.25,101
2026-06-24 22:05:00,7463.25,7464.75,7462.25,7463.5,338
2026-06-24 22:06:00,7463.75,7464.25,7462.25,7462.75,277
2026-06-24 22:07:00,7463.0,7463.25,7461.0,7461.75,242
2026-06-24 22:08:00,7461.5,7461.75,7460.0,7461.0,208
2026-06-24 22:09:00,7461.25,7461.5,7459.75,7461.25,287
2026-06-24 22:10:00,7461.0,7461.25,7458.75,7459.5,425
2026-06-24 22:11:00,7459.25,7459.75,7456.75,7456.75,445
2026-06-24 22:12:00,7457.0,7457.0,7454.0,7455.75,949
2026-06-24 22:13:00,7455.75,7456.25,7454.5,7455.5,373
2026-06-24 22:14:00,7455.5,7456.25,7455.0,7455.0,205
2026-06-24 22:15:00,7455.5,7456.0,7453.5,7453.75,308
2026-06-24 22:16:00,7453.75,7455.5,7452.75,7455.0,500
2026-06-24 22:17:00,7455.0,7457.75,7454.75,7457.0,452
2026-06-24 22:18:00,7456.75,7456.75,7455.5,7456.25,177
2026-06-24 22:19:00,7456.5,7459.75,7456.5,7459.25,437
2026-06-24 22:20:00,7459.5,7460.75,7458.5,7458.5,428
2026-06-24 22:21:00,7458.75,7460.25,7458.25,7460.0,183
2026-06-24 22:22:00,7459.75,7462.5,7459.75,7462.0,379
2026-06-24 22:23:00,7461.75,7463.0,7460.75,7460.75,240
2026-06-24 22:24:00,7460.75,7461.5,7459.25,7459.75,253
2026-06-24 22:25:00,7459.25,7460.75,7458.25,7460.75,211
2026-06-24 22:26:00,7460.75,7462.0,7460.25,7461.5,159
2026-06-24 22:27:00,7461.5,7462.0,7460.5,7461.5,131
2026-06-24 22:28:00,7461.25,7462.0,7461.25,7461.5,114
2026-06-24 22:29:00,7461.75,7462.5,7461.25,7461.5,137
2026-06-24 22:30:00,7461.25,7461.75,7459.75,7461.25,219
2026-06-24 22:31:00,7461.5,7462.25,7460.75,7462.0,116
2026-06-24 22:32:00,7462.0,7462.75,7461.5,7462.25,145
2026-06-24 22:33:00,7462.5,7462.75,7461.0,7461.75,91
2026-06-24 22:34:00,7462.25,7462.5,7461.75,7462.25,68
2026-06-24 22:35:00,7461.75,7462.5,7461.5,7462.5,66
2026-06-24 22:36:00,7462.5,7463.5,7461.75,7463.0,172
2026-06-24 22:37:00,7463.0,7463.25,7462.5,7463.0,96
2026-06-24 22:38:00,7463.0,7463.0,7461.25,7461.25,181
2026-06-24 22:39:00,7461.25,7462.5,7460.75,7461.5,196
2026-06-24 22:40:00,7461.75,7462.25,7458.75,7458.75,233
2026-06-24 22:41:00,7459.0,7459.5,7458.75,7458.75,147
2026-06-24 22:42:00,7459.0,7459.5,7458.5,7459.5,200
2026-06-24 22:43:00,7459.5,7459.5,7458.75,7459.25,129
2026-06-24 22:44:00,7459.25,7460.25,7459.0,7459.75,154
2026-06-24 22:45:00,7459.75,7459.75,7459.0,7459.5,95
2026-06-24 22:46:00,7459.5,7459.75,7458.5,7459.5,146
2026-06-24 22:47:00,7459.5,7460.75,7459.25,7460.0,225
2026-06-24 22:48:00,7460.5,7461.0,7459.75,7460.0,81
2026-06-24 22:49:00,7460.25,7460.75,7459.75,7460.25,46
2026-06-24 22:50:00,7460.25,7460.25,7458.75,7459.5,118
2026-06-24 22:51:00,7459.5,7460.5,7459.0,7459.5,109
2026-06-24 22:52:00,7459.25,7461.5,7459.25,7461.25,113
2026-06-24 22:53:00,7461.5,7461.75,7460.25,7460.75,85
2026-06-24 22:54:00,7460.75,7461.5,7460.75,7461.5,32
2026-06-24 22:55:00,7461.5,7461.5,7460.5,7461.25,95
2026-06-24 22:56:00,7461.0,7462.75,7460.5,7462.5,108
2026-06-24 22:57:00,7462.25,7462.75,7461.5,7462.5,141
2026-06-24 22:58:00,7462.5,7463.75,7462.5,7463.75,226
2026-06-24 22:59:00,7464.0,7464.0,7463.25,7463.5,150
2026-06-24 23:00:00,7463.75,7464.0,7462.5,7463.25,164
2026-06-24 23:01:00,7463.5,7466.0,7463.25,7465.75,352
2026-06-24 23:02:00,7466.0,7467.0,7465.5,7465.5,553
2026-06-24 23:03:00,7465.5,7465.75,7464.5,7464.75,252
2026-06-24 23:04:00,7465.0,7466.5,7464.0,7465.5,166
2026-06-24 23:05:00,7465.75,7467.25,7465.0,7467.0,256
2026-06-24 23:06:00,7466.75,7467.25,7466.0,7466.0,135
2026-06-24 23:07:00,7466.0,7466.5,7465.5,7466.0,109
2026-06-24 23:08:00,7466.0,7466.75,7466.0,7466.0,104
2026-06-24 23:09:00,7465.5,7465.5,7463.75,7463.75,167
2026-06-24 23:10:00,7464.0,7464.5,7463.25,7464.5,110
2026-06-24 23:11:00,7464.5,7465.0,7463.75,7464.75,82
2026-06-24 23:12:00,7464.5,7464.75,7463.0,7463.25,196
2026-06-24 23:13:00,7463.5,7464.0,7462.5,7463.25,149
2026-06-24 23:14:00,7463.0,7464.5,7462.5,7464.25,122
2026-06-24 23:15:00,7464.0,7465.0,7460.25,7462.5,867
2026-06-24 23:16:00,7462.75,7464.75,7462.5,7464.75,147
2026-06-24 23:17:00,7464.75,7466.5,7464.5,7466.0,294
2026-06-24 23:18:00,7466.25,7467.0,7465.25,7466.5,205
2026-06-24 23:19:00,7466.5,7466.75,7466.0,7466.75,90
2026-06-24 23:20:00,7466.5,7466.75,7465.75,7466.25,114
2026-06-24 23:21:00,7466.25,7467.25,7465.75,7467.0,178
2026-06-24 23:22:00,7467.25,7467.25,7466.0,7467.0,136
2026-06-24 23:23:00,7466.75,7467.75,7466.75,7467.75,150
2026-06-24 23:24:00,7467.75,7468.25,7467.0,7467.25,266
2026-06-24 23:25:00,7467.5,7467.5,7466.25,7467.25,101
2026-06-24 23:26:00,7467.25,7467.5,7466.75,7467.25,91
2026-06-24 23:27:00,7467.0,7467.5,7466.5,7467.25,125
2026-06-24 23:28:00,7467.25,7467.5,7466.0,7466.25,70
2026-06-24 23:29:00,7466.25,7466.75,7465.5,7466.5,145
2026-06-24 23:30:00,7466.5,7468.75,7466.5,7468.75,413
2026-06-24 23:31:00,7468.5,7469.25,7468.0,7468.5,289
2026-06-24 23:32:00,7468.5,7468.5,7466.75,7467.75,217
2026-06-24 23:33:00,7467.75,7467.75,7466.0,7466.25,282
2026-06-24 23:34:00,7466.25,7467.5,7466.25,7466.75,98
2026-06-24 23:35:00,7466.75,7466.75,7464.75,7465.0,196
2026-06-24 23:36:00,7465.0,7465.5,7464.5,7465.0,153
2026-06-24 23:37:00,7465.0,7466.5,7464.75,7465.75,133
2026-06-24 23:38:00,7465.5,7466.0,7465.25,7465.5,116
2026-06-24 23:39:00,7465.25,7466.5,7465.0,7466.25,96
2026-06-24 23:40:00,7465.75,7466.0,7464.75,7465.5,75
2026-06-24 23:41:00,7465.75,7466.5,7465.5,7466.0,87
2026-06-24 23:42:00,7466.0,7466.0,7464.75,7465.0,115
2026-06-24 23:43:00,7465.0,7465.0,7463.75,7464.25,238
2026-06-24 23:44:00,7464.25,7465.0,7464.0,7465.0,109
2026-06-24 23:45:00,7465.0,7465.75,7464.5,7464.5,103
2026-06-24 23:46:00,7464.5,7465.25,7464.0,7465.25,48
2026-06-24 23:47:00,7465.5,7466.5,7464.5,7465.5,119
2026-06-24 23:48:00,7465.5,7466.5,7465.0,7466.5,55
2026-06-24 23:49:00,7466.5,7467.75,7466.25,7467.0,193
2026-06-24 23:50:00,7467.25,7467.5,7465.75,7467.0,138
2026-06-24 23:51:00,7466.75,7467.75,7466.75,7467.5,79
2026-06-24 23:52:00,7467.25,7469.25,7467.25,7468.5,242
2026-06-24 23:53:00,7468.5,7468.75,7468.25,7468.25,121
2026-06-24 23:54:00,7468.0,7468.75,7467.5,7468.5,107
2026-06-24 23:55:00,7468.75,7469.25,7468.5,7469.25,100
2026-06-24 23:56:00,7469.5,7469.75,7468.5,7468.75,184
2026-06-24 23:57:00,7468.75,7469.0,7468.0,7468.5,110
2026-06-24 23:58:00,7468.5,7469.75,7468.5,7469.5,112
2026-06-24 23:59:00,7469.75,7469.75,7468.75,7469.25,91
2026-06-25 00:00:00,7469.5,7469.75,7468.25,7469.0,175
2026-06-25 00:01:00,7468.75,7469.5,7468.5,7469.0,74
2026-06-25 00:02:00,7469.0,7469.0,7467.25,7467.5,158
2026-06-25 00:03:00,7467.5,7468.0,7467.0,7467.5,76
2026-06-25 00:04:00,7467.5,7468.5,7467.5,7467.5,75
2026-06-25 00:05:00,7467.5,7467.75,7467.0,7467.5,100
2026-06-25 00:06:00,7467.5,7467.75,7467.25,7467.25,43
2026-06-25 00:07:00,7467.25,7468.0,7467.25,7467.75,62
2026-06-25 00:08:00,7467.75,7468.0,7466.75,7466.75,57
2026-06-25 00:09:00,7466.5,7467.75,7466.25,7467.5,136
2026-06-25 00:10:00,7467.5,7468.0,7466.5,7466.5,93
2026-06-25 00:11:00,7466.5,7467.25,7465.75,7467.0,126
2026-06-25 00:12:00,7467.25,7467.25,7465.75,7466.0,74
2026-06-25 00:13:00,7466.0,7467.25,7466.0,7467.25,74
2026-06-25 00:14:00,7467.25,7467.75,7465.25,7465.25,136
2026-06-25 00:15:00,7465.25,7466.0,7464.5,7465.5,218
2026-06-25 00:16:00,7465.5,7466.25,7464.5,7464.75,195
2026-06-25 00:17:00,7464.75,7464.75,7462.25,7462.75,501
2026-06-25 00:18:00,7463.0,7464.25,7463.0,7464.25,128
2026-06-25 00:19:00,7464.0,7464.5,7463.5,7464.25,121
2026-06-25 00:20:00,7464.5,7465.5,7464.25,7464.5,117
2026-06-25 00:21:00,7464.25,7466.0,7464.25,7466.0,83
2026-06-25 00:22:00,7465.75,7467.0,7465.75,7467.0,153
2026-06-25 00:23:00,7466.75,7467.0,7466.0,7466.5,156
2026-06-25 00:24:00,7466.5,7466.75,7465.0,7465.0,110
2026-06-25 00:25:00,7464.75,7465.0,7464.25,7464.75,99
2026-06-25 00:26:00,7464.5,7465.25,7463.75,7464.0,79
2026-06-25 00:27:00,7464.0,7464.5,7463.75,7464.25,104
2026-06-25 00:28:00,7464.25,7464.5,7463.5,7463.75,79
2026-06-25 00:29:00,7463.75,7464.25,7463.5,7463.75,54
2026-06-25 00:30:00,7464.25,7464.25,7463.0,7463.0,69
2026-06-25 00:31:00,7463.0,7463.5,7461.0,7461.0,318
2026-06-25 00:32:00,7461.0,7461.5,7460.5,7461.25,198
2026-06-25 00:33:00,7461.0,7461.25,7460.5,7461.0,169
2026-06-25 00:34:00,7460.75,7461.25,7460.0,7461.25,243
2026-06-25 00:35:00,7461.25,7462.0,7459.75,7460.25,195
2026-06-25 00:36:00,7460.5,7461.25,7460.5,7461.0,67
2026-06-25 00:37:00,7461.25,7462.5,7461.0,7462.5,102
2026-06-25 00:38:00,7462.25,7464.0,7462.0,7463.5,222
2026-06-25 00:39:00,7463.25,7464.5,7463.25,7463.75,139
2026-06-25 00:40:00,7463.75,7464.75,7463.0,7463.25,141
2026-06-25 00:41:00,7463.25,7463.25,7462.25,7463.0,111
2026-06-25 00:42:00,7463.0,7464.25,7463.0,7464.25,64
2026-06-25 00:43:00,7464.25,7465.5,7464.0,7465.25,173
2026-06-25 00:44:00,7465.25,7466.75,7465.0,7466.5,163
2026-06-25 00:45:00,7466.75,7467.0,7465.75,7465.75,170
2026-06-25 00:46:00,7466.0,7466.0,7465.5,7466.0,78
2026-06-25 00:47:00,7465.75,7466.25,7465.5,7466.0,53
2026-06-25 00:48:00,7466.0,7467.5,7465.75,7467.0,453
2026-06-25 00:49:00,7466.5,7466.75,7465.5,7465.75,159
2026-06-25 00:50:00,7466.0,7467.5,7466.0,7467.25,109
2026-06-25 00:51:00,7467.0,7467.0,7466.5,7466.5,63
2026-06-25 00:52:00,7466.75,7467.5,7466.75,7466.75,64
2026-06-25 00:53:00,7467.0,7467.75,7466.5,7467.75,70
2026-06-25 00:54:00,7467.75,7467.75,7466.5,7466.5,76
2026-06-25 00:55:00,7466.5,7466.75,7466.0,7466.75,95
2026-06-25 00:56:00,7466.75,7466.75,7464.75,7464.75,110
2026-06-25 00:57:00,7465.0,7465.75,7464.5,7464.75,197
2026-06-25 00:58:00,7464.75,7464.75,7463.0,7463.5,230
2026-06-25 00:59:00,7463.5,7464.5,7463.25,7464.25,113
2026-06-25 01:00:00,7464.25,7466.0,7464.0,7464.25,239
2026-06-25 01:01:00,7464.5,7467.5,7464.25,7467.25,200
2026-06-25 01:02:00,7467.25,7468.0,7467.0,7467.5,116
2026-06-25 01:03:00,7467.5,7467.5,7466.75,7467.0,95
2026-06-25 01:04:00,7467.25,7468.25,7467.0,7467.75,129
2026-06-25 01:05:00,7467.75,7470.5,7467.75,7469.5,430
2026-06-25 01:06:00,7469.5,7470.0,7469.0,7469.25,150
2026-06-25 01:07:00,7469.25,7470.0,7468.75,7469.25,192
2026-06-25 01:08:00,7469.25,7470.25,7469.25,7470.0,125
2026-06-25 01:09:00,7470.0,7470.25,7469.25,7469.75,72
2026-06-25 01:10:00,7469.75,7470.0,7469.25,7469.75,107
2026-06-25 01:11:00,7469.75,7469.75,7468.25,7468.75,230
2026-06-25 01:12:00,7468.5,7469.25,7468.5,7469.0,123
2026-06-25 01:13:00,7469.0,7469.75,7469.0,7469.5,67
2026-06-25 01:14:00,7469.5,7469.75,7469.0,7469.75,58
2026-06-25 01:15:00,7469.75,7470.0,7469.25,7469.5,69
2026-06-25 01:16:00,7470.0,7470.5,7469.25,7470.25,98
2026-06-25 01:17:00,7470.75,7470.75,7470.0,7470.25,131
2026-06-25 01:18:00,7470.5,7470.5,7469.0,7469.0,99
2026-06-25 01:19:00,7469.0,7469.5,7468.5,7469.0,162
2026-06-25 01:20:00,7469.0,7469.25,7468.5,7468.75,129
2026-06-25 01:21:00,7469.0,7469.75,7469.0,7469.5,82
2026-06-25 01:22:00,7469.5,7470.0,7469.25,7470.0,86
2026-06-25 01:23:00,7469.75,7471.25,7469.75,7471.0,127
2026-06-25 01:24:00,7471.25,7472.5,7471.0,7471.75,458
2026-06-25 01:25:00,7471.5,7472.0,7471.25,7471.5,125
2026-06-25 01:26:00,7471.5,7472.75,7471.25,7472.5,159
2026-06-25 01:27:00,7472.5,7473.25,7472.0,7472.75,160
2026-06-25 01:28:00,7472.75,7473.5,7472.25,7473.25,163
2026-06-25 01:29:00,7473.0,7474.25,7472.75,7473.5,169
2026-06-25 01:30:00,7473.25,7473.75,7472.5,7473.25,159
2026-06-25 01:31:00,7473.25,7473.75,7472.75,7473.5,158
2026-06-25 01:32:00,7473.5,7474.5,7473.0,7473.0,154
2026-06-25 01:33:00,7473.25,7474.5,7472.25,7474.5,135
2026-06-25 01:34:00,7474.0,7475.0,7473.5,7474.75,131
2026-06-25 01:35:00,7474.75,7475.25,7473.25,7473.5,251
2026-06-25 01:36:00,7474.0,7474.0,7472.75,7473.5,107
2026-06-25 01:37:00,7473.0,7474.25,7473.0,7473.75,228
2026-06-25 01:38:00,7473.5,7474.25,7473.0,7473.75,123
2026-06-25 01:39:00,7474.0,7474.25,7473.5,7473.5,81
2026-06-25 01:40:00,7473.75,7476.0,7473.5,7475.25,314
2026-06-25 01:41:00,7475.0,7475.25,7474.0,7475.0,222
2026-06-25 01:42:00,7474.5,7476.5,7474.5,7476.25,204
2026-06-25 01:43:00,7476.25,7476.25,7474.5,7474.5,133
2026-06-25 01:44:00,7474.75,7475.5,7474.5,7474.5,63
2026-06-25 01:45:00,7474.5,7474.75,7473.5,7474.25,87
2026-06-25 01:46:00,7474.0,7474.5,7473.0,7473.25,114
2026-06-25 01:47:00,7473.0,7473.0,7471.5,7472.75,192
2026-06-25 01:48:00,7472.5,7473.5,7472.25,7472.5,192
2026-06-25 01:49:00,7472.25,7472.5,7472.0,7472.25,108
2026-06-25 01:50:00,7472.5,7472.5,7471.25,7471.75,231
2026-06-25 01:51:00,7472.0,7472.75,7471.75,7472.75,78
2026-06-25 01:52:00,7472.75,7473.75,7472.75,7473.25,157
2026-06-25 01:53:00,7473.0,7473.0,7471.75,7472.0,107
2026-06-25 01:54:00,7471.5,7472.75,7471.5,7472.0,85
2026-06-25 01:55:00,7472.0,7472.25,7471.0,7471.5,279
2026-06-25 01:56:00,7471.5,7472.75,7470.5,7472.75,266
2026-06-25 01:57:00,7472.75,7472.75,7471.0,7472.25,63
2026-06-25 01:58:00,7472.0,7472.5,7471.75,7472.0,82
2026-06-25 01:59:00,7472.0,7472.25,7471.75,7472.0,68
2026-06-25 02:00:00,7472.0,7474.75,7472.0,7474.5,316
2026-06-25 02:01:00,7474.25,7474.5,7473.0,7474.25,163
2026-06-25 02:02:00,7474.25,7475.0,7474.25,7475.0,140
2026-06-25 02:03:00,7474.75,7475.25,7472.5,7473.5,175
2026-06-25 02:04:00,7473.75,7474.0,7472.0,7472.5,163
2026-06-25 02:05:00,7472.25,7472.5,7471.75,7472.5,178
2026-06-25 02:06:00,7472.25,7472.25,7471.0,7471.75,288
2026-06-25 02:07:00,7471.75,7473.75,7471.5,7473.5,302
2026-06-25 02:08:00,7473.25,7474.5,7473.25,7474.5,198
2026-06-25 02:09:00,7474.5,7475.25,7473.75,7474.25,309
2026-06-25 02:10:00,7474.25,7475.0,7474.0,7475.0,188
2026-06-25 02:11:00,7475.0,7475.75,7474.25,7475.25,150
2026-06-25 02:12:00,7475.5,7475.75,7474.75,7475.25,76
2026-06-25 02:13:00,7475.5,7478.25,7475.5,7478.25,494
2026-06-25 02:14:00,7478.0,7478.75,7477.25,7477.25,279
2026-06-25 02:15:00,7477.5,7478.5,7476.75,7478.0,286
2026-06-25 02:16:00,7478.0,7479.0,7477.75,7478.75,197
2026-06-25 02:17:00,7478.75,7479.25,7478.5,7478.75,364
2026-06-25 02:18:00,7478.75,7480.25,7478.25,7480.25,349
2026-06-25 02:19:00,7480.25,7480.5,7479.5,7480.0,294
2026-06-25 02:20:00,7479.75,7480.25,7479.25,7480.0,163
2026-06-25 02:21:00,7480.0,7480.5,7478.75,7479.25,171
2026-06-25 02:22:00,7479.25,7480.5,7478.75,7480.5,218
2026-06-25 02:23:00,7480.25,7481.5,7480.25,7480.5,253
2026-06-25 02:24:00,7480.5,7480.5,7479.75,7480.5,165
2026-06-25 02:25:00,7480.5,7480.75,7479.5,7479.75,139
2026-06-25 02:26:00,7479.75,7481.0,7479.25,7481.0,348
2026-06-25 02:27:00,7480.75,7482.0,7480.5,7482.0,356
2026-06-25 02:28:00,7482.0,7482.0,7479.75,7479.75,232
2026-06-25 02:29:00,7479.75,7480.25,7479.5,7480.0,184
2026-06-25 02:30:00,7480.0,7480.75,7479.25,7480.5,289
2026-06-25 02:31:00,7480.75,7481.25,7479.25,7479.75,365
2026-06-25 02:32:00,7479.75,7480.5,7479.0,7480.5,166
2026-06-25 02:33:00,7480.25,7480.5,7479.75,7480.25,103
2026-06-25 02:34:00,7480.5,7481.0,7479.75,7481.0,176
2026-06-25 02:35:00,7481.25,7482.0,7480.5,7481.0,229
2026-06-25 02:36:00,7481.0,7481.25,7480.25,7481.0,130
2026-06-25 02:37:00,7480.75,7480.75,7479.5,7479.75,141
2026-06-25 02:38:00,7479.5,7480.5,7479.25,7479.75,146
2026-06-25 02:39:00,7480.0,7480.5,7479.75,7480.25,64
2026-06-25 02:40:00,7480.0,7480.0,7478.0,7478.5,155
2026-06-25 02:41:00,7479.0,7479.75,7478.5,7479.75,109
2026-06-25 02:42:00,7479.75,7480.75,7479.5,7480.5,90
2026-06-25 02:43:00,7480.25,7480.25,7478.75,7479.25,139
2026-06-25 02:44:00,7479.25,7479.5,7478.75,7479.25,79
2026-06-25 02:45:00,7479.5,7480.5,7479.0,7480.25,209
2026-06-25 02:46:00,7480.5,7481.5,7480.0,7480.75,239
2026-06-25 02:47:00,7480.75,7480.75,7479.75,7479.75,91
2026-06-25 02:48:00,7480.0,7480.5,7479.25,7479.25,144
2026-06-25 02:49:00,7479.5,7479.75,7478.5,7479.25,107
2026-06-25 02:50:00,7479.0,7479.25,7478.0,7478.5,177
2026-06-25 02:51:00,7478.75,7480.25,7478.5,7479.25,167
2026-06-25 02:52:00,7479.75,7479.75,7478.75,7479.75,101
2026-06-25 02:53:00,7479.5,7479.5,7477.25,7477.25,166
2026-06-25 02:54:00,7477.5,7478.25,7477.0,7477.25,142
2026-06-25 02:55:00,7477.25,7478.75,7477.25,7478.5,90
2026-06-25 02:56:00,7478.5,7479.25,7478.5,7478.5,152
2026-06-25 02:57:00,7478.5,7478.75,7477.25,7477.5,99
2026-06-25 02:58:00,7477.25,7477.75,7477.25,7477.5,112
2026-06-25 02:59:00,7477.75,7478.0,7477.25,7477.75,127
2026-06-25 03:00:00,7478.0,7481.25,7478.0,7480.75,775
2026-06-25 03:01:00,7480.75,7481.75,7479.75,7480.5,466
2026-06-25 03:02:00,7480.25,7481.0,7479.5,7480.25,146
2026-06-25 03:03:00,7480.0,7481.75,7480.0,7481.0,278
2026-06-25 03:04:00,7480.75,7481.25,7480.0,7481.0,224
2026-06-25 03:05:00,7481.25,7483.5,7481.25,7482.75,598
2026-06-25 03:06:00,7482.5,7484.25,7482.25,7483.75,356
2026-06-25 03:07:00,7483.5,7484.0,7482.75,7483.75,323
2026-06-25 03:08:00,7483.5,7483.5,7482.0,7482.5,300
2026-06-25 03:09:00,7482.75,7483.5,7482.5,7482.75,167
2026-06-25 03:10:00,7482.75,7482.75,7481.75,7482.5,213
2026-06-25 03:11:00,7482.25,7483.25,7481.25,7482.0,216
2026-06-25 03:12:00,7482.0,7483.5,7481.75,7483.0,145
2026-06-25 03:13:00,7482.75,7482.75,7481.75,7482.5,143
2026-06-25 03:14:00,7482.0,7482.0,7481.0,7481.75,130
2026-06-25 03:15:00,7481.75,7482.5,7481.5,7481.75,136
2026-06-25 03:16:00,7481.75,7484.25,7481.75,7484.25,207
2026-06-25 03:17:00,7484.0,7485.5,7483.5,7484.5,496
2026-06-25 03:18:00,7484.75,7485.0,7484.25,7484.75,167
2026-06-25 03:19:00,7484.75,7485.0,7483.75,7484.5,157
2026-06-25 03:20:00,7484.75,7487.25,7484.75,7487.25,587
2026-06-25 03:21:00,7487.0,7488.5,7486.5,7487.25,417
2026-06-25 03:22:00,7487.25,7488.5,7486.5,7488.0,250
2026-06-25 03:23:00,7488.0,7488.75,7486.75,7488.0,544
2026-06-25 03:24:00,7487.75,7488.25,7487.0,7487.5,233
2026-06-25 03:25:00,7487.5,7488.25,7485.75,7485.75,265
2026-06-25 03:26:00,7486.0,7486.5,7485.5,7485.75,185
2026-06-25 03:27:00,7485.75,7487.5,7485.75,7487.5,144
2026-06-25 03:28:00,7487.5,7487.75,7486.0,7486.75,154
2026-06-25 03:29:00,7486.5,7487.0,7485.5,7485.75,139
2026-06-25 03:30:00,7485.75,7486.0,7484.75,7485.0,213
2026-06-25 03:31:00,7485.0,7486.25,7485.0,7486.0,95
2026-06-25 03:32:00,7486.25,7487.0,7486.0,7486.5,196
2026-06-25 03:33:00,7486.25,7486.75,7485.5,7486.5,160
2026-06-25 03:34:00,7486.5,7487.0,7485.75,7486.0,147
2026-06-25 03:35:00,7485.75,7486.25,7485.25,7485.25,104
2026-06-25 03:36:00,7485.5,7485.5,7483.75,7484.25,271
2026-06-25 03:37:00,7484.0,7484.75,7483.75,7484.25,156
2026-06-25 03:38:00,7483.75,7486.0,7483.25,7485.75,283
2026-06-25 03:39:00,7485.75,7487.25,7485.5,7487.25,288
2026-06-25 03:40:00,7487.0,7488.0,7486.75,7487.25,234
2026-06-25 03:41:00,7487.25,7487.75,7486.5,7487.5,106
2026-06-25 03:42:00,7487.75,7488.5,7486.75,7487.75,290
2026-06-25 03:43:00,7487.5,7488.5,7487.5,7488.0,136
2026-06-25 03:44:00,7487.75,7488.0,7486.75,7487.0,138
2026-06-25 03:45:00,7486.75,7487.25,7484.75,7485.75,228
2026-06-25 03:46:00,7486.0,7486.5,7485.25,7485.5,120
2026-06-25 03:47:00,7485.5,7486.5,7485.5,7486.5,142
2026-06-25 03:48:00,7486.0,7487.25,7485.75,7486.5,203
2026-06-25 03:49:00,7486.5,7486.5,7485.25,7485.5,179
2026-06-25 03:50:00,7485.75,7486.25,7485.25,7485.5,110
2026-06-25 03:51:00,7485.25,7485.75,7484.75,7485.25,128
2026-06-25 03:52:00,7485.25,7485.5,7485.0,7485.5,176
2026-06-25 03:53:00,7485.5,7486.0,7485.5,7485.75,176
2026-06-25 03:54:00,7486.0,7486.0,7485.0,7485.0,182
2026-06-25 03:55:00,7485.25,7485.25,7484.5,7484.75,153
2026-06-25 03:56:00,7484.75,7486.25,7484.5,7486.0,182
2026-06-25 03:57:00,7485.75,7487.0,7485.75,7486.75,181
2026-06-25 03:58:00,7487.0,7488.0,7486.75,7487.5,115
2026-06-25 03:59:00,7487.5,7488.25,7487.25,7488.0,130
2026-06-25 04:00:00,7488.25,7489.25,7485.5,7489.0,524
2026-06-25 04:01:00,7489.25,7489.75,7488.5,7489.0,333
2026-06-25 04:02:00,7489.25,7491.0,7489.25,7491.0,646
2026-06-25 04:03:00,7491.0,7491.25,7488.5,7489.0,535
2026-06-25 04:04:00,7489.0,7489.0,7487.0,7487.25,374
2026-06-25 04:05:00,7487.25,7488.5,7487.0,7487.5,368
2026-06-25 04:06:00,7487.5,7489.75,7487.5,7488.25,255
2026-06-25 04:07:00,7488.5,7488.75,7487.0,7487.75,375
2026-06-25 04:08:00,7488.0,7488.5,7487.25,7487.5,201
2026-06-25 04:09:00,7487.5,7488.5,7487.5,7488.25,245
2026-06-25 04:10:00,7488.0,7489.5,7487.75,7489.0,200
2026-06-25 04:11:00,7488.75,7488.75,7487.75,7488.75,140
2026-06-25 04:12:00,7488.25,7489.0,7487.25,7487.25,169
2026-06-25 04:13:00,7487.25,7487.25,7484.0,7484.75,477
2026-06-25 04:14:00,7484.75,7485.25,7483.75,7483.75,314
2026-06-25 04:15:00,7483.75,7484.0,7481.5,7482.0,487
2026-06-25 04:16:00,7482.0,7482.75,7481.25,7481.5,279
2026-06-25 04:17:00,7481.25,7482.25,7480.25,7481.5,377
2026-06-25 04:18:00,7481.5,7482.5,7480.75,7482.5,241
2026-06-25 04:19:00,7482.5,7483.0,7482.0,7482.5,224
2026-06-25 04:20:00,7483.0,7484.0,7482.0,7482.5,357
2026-06-25 04:21:00,7482.25,7483.25,7481.25,7483.0,221
2026-06-25 04:22:00,7483.0,7484.0,7482.25,7482.75,313
2026-06-25 04:23:00,7482.75,7483.25,7482.0,7482.75,194
2026-06-25 04:24:00,7482.75,7483.0,7482.25,7483.0,157
2026-06-25 04:25:00,7482.75,7483.25,7482.25,7482.5,221
2026-06-25 04:26:00,7482.75,7483.75,7482.25,7483.25,202
2026-06-25 04:27:00,7483.25,7483.75,7482.75,7483.5,231
2026-06-25 04:28:00,7483.5,7485.5,7483.5,7485.0,331
2026-06-25 04:29:00,7484.75,7484.75,7483.5,7483.5,317
2026-06-25 04:30:00,7483.5,7484.25,7483.0,7483.5,364
2026-06-25 04:31:00,7483.25,7483.75,7483.25,7483.75,158
2026-06-25 04:32:00,7484.0,7485.0,7483.75,7484.0,101
2026-06-25 04:33:00,7484.0,7485.25,7483.75,7484.0,139
2026-06-25 04:34:00,7484.0,7484.0,7482.25,7482.25,318
2026-06-25 04:35:00,7482.25,7483.75,7482.25,7482.75,187
2026-06-25 04:36:00,7482.75,7484.75,7482.75,7484.75,184
2026-06-25 04:37:00,7484.5,7484.5,7483.5,7484.5,140
2026-06-25 04:38:00,7484.5,7485.0,7483.75,7484.0,136
2026-06-25 04:39:00,7484.25,7485.75,7484.25,7485.0,187
2026-06-25 04:40:00,7485.0,7485.0,7484.5,7484.5,132
2026-06-25 04:41:00,7484.5,7484.5,7483.75,7484.0,90
2026-06-25 04:42:00,7484.0,7484.25,7482.5,7482.75,228
2026-06-25 04:43:00,7482.75,7483.0,7482.0,7482.25,181
2026-06-25 04:44:00,7482.0,7482.5,7481.0,7481.25,394
2026-06-25 04:45:00,7481.25,7481.75,7480.25,7480.25,321
2026-06-25 04:46:00,7480.5,7480.5,7478.75,7480.25,429
2026-06-25 04:47:00,7480.25,7480.75,7479.75,7479.75,188
2026-06-25 04:48:00,7480.0,7482.25,7479.75,7480.5,550
2026-06-25 04:49:00,7480.25,7480.75,7479.75,7480.75,259
2026-06-25 04:50:00,7480.75,7481.0,7479.25,7479.25,157
2026-06-25 04:51:00,7479.25,7479.75,7479.0,7479.5,188
2026-06-25 04:52:00,7479.0,7479.25,7476.75,7478.5,487
2026-06-25 04:53:00,7478.5,7479.25,7477.75,7478.0,298
2026-06-25 04:54:00,7477.75,7478.5,7477.25,7478.25,108
2026-06-25 04:55:00,7478.25,7479.0,7477.5,7477.75,145
2026-06-25 04:56:00,7477.75,7477.75,7476.5,7476.75,228
2026-06-25 04:57:00,7476.75,7477.0,7476.5,7477.0,181
2026-06-25 04:58:00,7477.25,7477.75,7475.75,7476.0,394
2026-06-25 04:59:00,7476.25,7477.25,7475.75,7476.75,300
2026-06-25 05:00:00,7477.0,7479.5,7476.75,7479.25,466
2026-06-25 05:01:00,7479.25,7479.5,7477.25,7477.75,276
2026-06-25 05:02:00,7477.75,7478.0,7476.0,7478.0,320
2026-06-25 05:03:00,7478.25,7480.25,7478.0,7480.25,170
2026-06-25 05:04:00,7480.25,7480.5,7479.5,7480.25,215
2026-06-25 05:05:00,7480.0,7481.0,7479.75,7481.0,164
2026-06-25 05:06:00,7481.0,7482.25,7481.0,7481.5,346
2026-06-25 05:07:00,7481.75,7482.5,7480.75,7481.5,245
2026-06-25 05:08:00,7481.5,7481.5,7480.5,7480.5,157
2026-06-25 05:09:00,7480.75,7481.5,7479.75,7480.0,183
2026-06-25 05:10:00,7479.75,7480.5,7479.25,7480.5,139
2026-06-25 05:11:00,7480.25,7481.0,7479.5,7481.0,188
2026-06-25 05:12:00,7481.0,7482.25,7480.75,7482.0,183
2026-06-25 05:13:00,7482.0,7482.5,7480.25,7480.5,233
2026-06-25 05:14:00,7480.5,7480.75,7479.75,7480.25,219
2026-06-25 05:15:00,7480.0,7480.75,7479.75,7480.25,178
2026-06-25 05:16:00,7480.25,7482.0,7479.5,7481.75,324
2026-06-25 05:17:00,7481.5,7481.75,7479.25,7479.5,264
2026-06-25 05:18:00,7479.25,7479.25,7477.0,7477.75,353
2026-06-25 05:19:00,7477.75,7478.5,7476.75,7477.25,248
2026-06-25 05:20:00,7477.0,7478.0,7476.5,7477.0,196
2026-06-25 05:21:00,7477.0,7477.75,7476.75,7477.5,224
2026-06-25 05:22:00,7477.5,7478.0,7477.25,7477.5,131
2026-06-25 05:23:00,7477.25,7478.75,7477.0,7478.5,242
2026-06-25 05:24:00,7478.5,7479.0,7478.0,7478.75,168
2026-06-25 05:25:00,7478.5,7478.5,7477.5,7478.0,177
2026-06-25 05:26:00,7478.0,7478.25,7477.0,7477.5,175
2026-06-25 05:27:00,7477.75,7478.25,7477.0,7478.0,235
2026-06-25 05:28:00,7477.75,7479.25,7477.5,7479.0,131
2026-06-25 05:29:00,7479.0,7480.0,7478.5,7478.75,349
2026-06-25 05:30:00,7478.75,7481.75,7478.5,7480.75,541
2026-06-25 05:31:00,7480.75,7480.75,7478.75,7478.75,268
2026-06-25 05:32:00,7479.0,7480.25,7479.0,7479.75,159
2026-06-25 05:33:00,7479.75,7481.0,7479.75,7481.0,88
2026-06-25 05:34:00,7481.0,7481.25,7480.5,7480.5,115
2026-06-25 05:35:00,7480.5,7481.25,7480.0,7481.0,179
2026-06-25 05:36:00,7480.75,7482.5,7480.5,7481.75,182
2026-06-25 05:37:00,7481.75,7482.75,7481.5,7482.5,133
2026-06-25 05:38:00,7482.5,7483.0,7482.25,7482.25,172
2026-06-25 05:39:00,7482.0,7482.5,7481.75,7482.25,67
2026-06-25 05:40:00,7482.25,7482.25,7481.0,7481.75,252
2026-06-25 05:41:00,7481.75,7482.5,7481.5,7482.0,73
2026-06-25 05:42:00,7481.75,7481.75,7480.75,7481.25,159
2026-06-25 05:43:00,7481.25,7482.5,7481.0,7481.75,120
2026-06-25 05:44:00,7481.5,7481.75,7481.25,7481.5,71
2026-06-25 05:45:00,7481.75,7481.75,7480.75,7481.0,154
2026-06-25 05:46:00,7480.75,7481.5,7480.75,7481.5,84
2026-06-25 05:47:00,7481.25,7481.75,7481.25,7481.25,105
2026-06-25 05:48:00,7481.5,7482.25,7481.25,7481.75,148
2026-06-25 05:49:00,7481.5,7482.25,7481.5,7482.0,192
2026-06-25 05:50:00,7482.0,7482.0,7481.5,7481.75,107
2026-06-25 05:51:00,7481.5,7483.25,7481.5,7483.0,161
2026-06-25 05:52:00,7483.0,7484.25,7482.0,7484.25,314
2026-06-25 05:53:00,7484.25,7484.5,7484.0,7484.25,197
2026-06-25 05:54:00,7484.0,7484.25,7482.75,7483.75,430
2026-06-25 05:55:00,7484.0,7484.0,7481.25,7481.5,218
2026-06-25 05:56:00,7481.5,7482.75,7481.5,7482.25,96
2026-06-25 05:57:00,7482.25,7482.75,7480.75,7481.0,150
2026-06-25 05:58:00,7481.0,7481.75,7481.0,7481.25,99
2026-06-25 05:59:00,7481.5,7481.5,7479.75,7480.5,290
2026-06-25 06:00:00,7480.5,7481.25,7480.0,7480.5,264
2026-06-25 06:01:00,7480.75,7481.75,7480.0,7481.25,224
2026-06-25 06:02:00,7481.25,7482.5,7481.25,7481.75,114
2026-06-25 06:03:00,7481.75,7482.25,7480.0,7480.0,187
2026-06-25 06:04:00,7480.25,7482.5,7480.0,7482.5,116
2026-06-25 06:05:00,7482.75,7483.0,7482.25,7482.25,266
2026-06-25 06:06:00,7482.0,7483.5,7482.0,7483.5,249
2026-06-25 06:07:00,7483.25,7484.5,7483.25,7483.75,245
2026-06-25 06:08:00,7483.75,7485.0,7483.5,7483.75,231
2026-06-25 06:09:00,7484.0,7484.5,7483.75,7484.5,77
2026-06-25 06:10:00,7484.5,7484.5,7483.5,7484.25,160
2026-06-25 06:11:00,7484.5,7485.0,7483.75,7484.5,91
2026-06-25 06:12:00,7484.75,7486.0,7483.75,7486.0,268
2026-06-25 06:13:00,7485.75,7486.0,7484.5,7485.0,121
2026-06-25 06:14:00,7484.75,7486.0,7484.5,7486.0,138
2026-06-25 06:15:00,7485.75,7486.5,7485.25,7486.25,170
2026-06-25 06:16:00,7486.5,7486.75,7485.75,7486.0,208
2026-06-25 06:17:00,7486.0,7486.25,7484.5,7484.75,169
2026-06-25 06:18:00,7484.75,7486.0,7484.75,7485.75,117
2026-06-25 06:19:00,7486.0,7486.25,7485.25,7485.5,188
2026-06-25 06:20:00,7485.5,7485.5,7483.5,7483.75,266
2026-06-25 06:21:00,7483.75,7484.75,7483.75,7484.5,115
2026-06-25 06:22:00,7484.5,7485.0,7484.25,7485.0,138
2026-06-25 06:23:00,7485.0,7485.25,7484.75,7485.0,80
2026-06-25 06:24:00,7485.0,7485.5,7484.75,7485.0,87
2026-06-25 06:25:00,7485.0,7486.0,7484.75,7485.75,137
2026-06-25 06:26:00,7485.75,7486.5,7485.25,7485.5,148
2026-06-25 06:27:00,7485.25,7485.5,7485.0,7485.5,100
2026-06-25 06:28:00,7485.5,7485.75,7484.5,7485.5,196
2026-06-25 06:29:00,7485.25,7486.25,7485.25,7485.75,147
2026-06-25 06:30:00,7486.0,7487.0,7485.5,7485.75,241
2026-06-25 06:31:00,7485.5,7486.5,7485.5,7485.75,197
2026-06-25 06:32:00,7485.75,7486.0,7484.75,7486.0,102
2026-06-25 06:33:00,7486.25,7486.25,7485.0,7485.25,98
2026-06-25 06:34:00,7485.25,7485.25,7484.0,7484.75,191
2026-06-25 06:35:00,7484.5,7484.75,7483.75,7484.25,170
2026-06-25 06:36:00,7484.25,7485.25,7483.75,7485.0,141
2026-06-25 06:37:00,7485.0,7486.75,7484.75,7486.5,208
2026-06-25 06:38:00,7486.5,7487.5,7486.25,7486.5,223
2026-06-25 06:39:00,7486.5,7486.75,7485.25,7485.25,177
2026-06-25 06:40:00,7485.5,7486.25,7485.0,7485.0,154
2026-06-25 06:41:00,7485.25,7485.25,7482.5,7483.25,438
2026-06-25 06:42:00,7483.25,7483.5,7482.75,7482.75,156
2026-06-25 06:43:00,7482.75,7483.25,7481.75,7482.5,191
2026-06-25 06:44:00,7482.5,7483.0,7481.75,7482.25,233
2026-06-25 06:45:00,7482.25,7482.25,7480.0,7481.25,303
2026-06-25 06:46:00,7481.25,7482.25,7481.0,7482.25,151
2026-06-25 06:47:00,7482.0,7482.5,7481.5,7482.25,190
2026-06-25 06:48:00,7482.25,7482.75,7482.0,7482.5,128
2026-06-25 06:49:00,7482.75,7483.75,7482.25,7483.75,204
2026-06-25 06:50:00,7483.75,7484.5,7483.25,7483.5,142
2026-06-25 06:51:00,7483.75,7485.0,7483.75,7485.0,65
2026-06-25 06:52:00,7484.75,7486.0,7484.5,7484.5,244
2026-06-25 06:53:00,7484.25,7484.5,7483.5,7484.5,104
2026-06-25 06:54:00,7484.25,7485.25,7484.25,7484.75,134
2026-06-25 06:55:00,7484.75,7485.25,7484.25,7485.0,110
2026-06-25 06:56:00,7485.0,7485.5,7484.75,7484.75,139
2026-06-25 06:57:00,7484.5,7484.75,7483.75,7484.0,128
2026-06-25 06:58:00,7484.0,7484.0,7482.25,7483.0,171
2026-06-25 06:59:00,7483.0,7483.75,7481.75,7483.5,181
2026-06-25 07:00:00,7483.75,7487.25,7483.5,7485.5,687
2026-06-25 07:01:00,7485.75,7486.5,7484.75,7485.75,212
2026-06-25 07:02:00,7486.0,7486.75,7485.5,7486.25,193
2026-06-25 07:03:00,7486.0,7486.0,7484.0,7484.5,306
2026-06-25 07:04:00,7484.5,7486.0,7484.0,7485.5,270
2026-06-25 07:05:00,7485.5,7485.75,7483.75,7483.75,215
2026-06-25 07:06:00,7483.75,7483.75,7481.5,7481.75,328
2026-06-25 07:07:00,7481.75,7482.0,7481.0,7481.5,223
2026-06-25 07:08:00,7481.5,7482.5,7481.0,7482.0,139
2026-06-25 07:09:00,7481.75,7482.5,7481.25,7482.0,183
2026-06-25 07:10:00,7482.0,7482.25,7481.25,7481.75,280
2026-06-25 07:11:00,7481.75,7482.75,7481.5,7482.25,296
2026-06-25 07:12:00,7482.0,7482.25,7480.75,7480.75,168
2026-06-25 07:13:00,7480.5,7481.5,7480.25,7481.0,492
2026-06-25 07:14:00,7480.75,7481.75,7480.25,7480.25,105
2026-06-25 07:15:00,7480.5,7480.75,7479.25,7480.5,478
2026-06-25 07:16:00,7480.25,7481.25,7479.5,7480.0,229
2026-06-25 07:17:00,7479.75,7480.75,7479.5,7480.5,202
2026-06-25 07:18:00,7480.25,7480.5,7478.75,7479.75,355
2026-06-25 07:19:00,7479.75,7480.0,7478.25,7479.0,309
2026-06-25 07:20:00,7478.75,7479.25,7477.25,7477.25,440
2026-06-25 07:21:00,7477.0,7477.25,7476.0,7476.75,455
2026-06-25 07:22:00,7476.75,7476.75,7474.5,7476.0,651
2026-06-25 07:23:00,7475.75,7476.25,7474.75,7474.75,386
2026-06-25 07:24:00,7475.0,7475.0,7473.5,7474.25,465
2026-06-25 07:25:00,7474.0,7474.75,7473.5,7474.5,370
2026-06-25 07:26:00,7474.75,7475.0,7473.25,7474.5,377
2026-06-25 07:27:00,7474.5,7475.5,7473.75,7473.75,221
2026-06-25 07:28:00,7474.0,7474.0,7472.5,7473.75,468
2026-06-25 07:29:00,7473.5,7474.25,7473.0,7473.75,337
2026-06-25 07:30:00,7473.75,7474.0,7472.25,7473.0,334
2026-06-25 07:31:00,7473.0,7475.0,7472.75,7474.75,411
2026-06-25 07:32:00,7474.75,7475.5,7474.0,7474.5,337
2026-06-25 07:33:00,7474.5,7476.5,7474.0,7476.5,302
2026-06-25 07:34:00,7476.25,7476.5,7474.75,7475.25,429
2026-06-25 07:35:00,7475.5,7477.0,7475.25,7476.5,377
2026-06-25 07:36:00,7476.5,7477.0,7476.25,7476.5,154
2026-06-25 07:37:00,7476.25,7476.25,7474.25,7474.5,340
2026-06-25 07:38:00,7474.5,7475.5,7474.25,7475.5,291
2026-06-25 07:39:00,7475.25,7477.75,7475.0,7476.75,541
2026-06-25 07:40:00,7476.75,7477.25,7476.0,7477.0,285
2026-06-25 07:41:00,7477.25,7477.5,7476.0,7477.5,215
2026-06-25 07:42:00,7477.5,7478.5,7477.0,7478.0,324
2026-06-25 07:43:00,7478.0,7478.75,7478.0,7478.5,257
2026-06-25 07:44:00,7478.25,7479.0,7477.5,7477.5,328
2026-06-25 07:45:00,7477.5,7480.25,7477.25,7479.75,530
2026-06-25 07:46:00,7479.5,7479.75,7478.5,7478.5,229
2026-06-25 07:47:00,7478.5,7478.5,7476.25,7477.0,428
2026-06-25 07:48:00,7477.0,7477.25,7476.25,7477.0,240
2026-06-25 07:49:00,7477.0,7477.5,7476.25,7476.75,192
2026-06-25 07:50:00,7476.5,7478.0,7476.25,7477.0,419
2026-06-25 07:51:00,7477.0,7478.5,7476.25,7478.0,467
2026-06-25 07:52:00,7477.75,7478.25,7477.5,7477.5,156
2026-06-25 07:53:00,7477.25,7477.25,7475.25,7475.25,297
2026-06-25 07:54:00,7475.25,7475.5,7474.25,7474.5,449
2026-06-25 07:55:00,7474.5,7475.0,7473.25,7474.0,603
2026-06-25 07:56:00,7473.75,7475.25,7473.0,7475.0,467
2026-06-25 07:57:00,7475.0,7476.5,7475.0,7476.5,385
2026-06-25 07:58:00,7476.25,7476.5,7475.0,7476.5,286
2026-06-25 07:59:00,7476.25,7477.0,7475.75,7475.75,396
2026-06-25 08:00:00,7475.75,7477.0,7475.25,7475.25,391
2026-06-25 08:01:00,7475.25,7475.75,7474.5,7475.75,367
2026-06-25 08:02:00,7475.75,7477.0,7475.5,7476.25,255
2026-06-25 08:03:00,7476.0,7476.25,7475.25,7475.75,317
2026-06-25 08:04:00,7475.5,7476.75,7475.5,7476.75,256
2026-06-25 08:05:00,7477.0,7479.75,7477.0,7479.5,610
2026-06-25 08:06:00,7479.25,7480.0,7478.5,7479.25,522
2026-06-25 08:07:00,7479.25,7479.75,7478.0,7479.75,376
2026-06-25 08:08:00,7479.75,7482.75,7479.5,7481.75,935
2026-06-25 08:09:00,7481.75,7482.5,7480.75,7480.75,378
2026-06-25 08:10:00,7480.75,7481.0,7479.75,7480.0,289
2026-06-25 08:11:00,7480.0,7480.5,7479.25,7480.0,324
2026-06-25 08:12:00,7480.25,7480.5,7479.5,7479.75,260
2026-06-25 08:13:00,7480.0,7480.0,7476.0,7476.25,1174
2026-06-25 08:14:00,7476.0,7477.0,7475.0,7476.75,830
2026-06-25 08:15:00,7476.5,7478.0,7476.25,7477.0,687
2026-06-25 08:16:00,7477.25,7478.75,7476.25,7477.25,793
2026-06-25 08:17:00,7477.0,7477.0,7474.25,7476.25,466
2026-06-25 08:18:00,7476.25,7476.25,7475.25,7476.0,420
2026-06-25 08:19:00,7476.25,7477.0,7475.25,7476.0,420
2026-06-25 08:20:00,7476.0,7476.5,7474.5,7475.75,323
2026-06-25 08:21:00,7475.5,7476.0,7474.5,7474.75,367
2026-06-25 08:22:00,7474.5,7475.25,7473.25,7473.5,528
2026-06-25 08:23:00,7473.5,7474.0,7472.25,7473.25,585
2026-06-25 08:24:00,7473.25,7475.5,7473.25,7475.25,408
2026-06-25 08:25:00,7475.25,7476.5,7475.25,7475.75,443
2026-06-25 08:26:00,7475.75,7476.0,7474.25,7474.25,322
2026-06-25 08:27:00,7474.5,7476.25,7474.0,7476.0,260
2026-06-25 08:28:00,7476.0,7476.0,7474.25,7475.25,360
2026-06-25 08:29:00,7475.25,7475.5,7473.75,7474.5,317
2026-06-25 08:30:00,7474.5,7496.25,7473.25,7493.25,5693
2026-06-25 08:31:00,7493.25,7494.0,7487.25,7487.75,2587
2026-06-25 08:32:00,7488.0,7490.75,7485.25,7487.25,1638
2026-06-25 08:33:00,7487.5,7488.5,7485.25,7485.5,1189
2026-06-25 08:34:00,7485.5,7489.75,7485.5,7489.5,1168
2026-06-25 08:35:00,7489.5,7491.0,7487.75,7489.25,1143
2026-06-25 08:36:00,7489.25,7492.25,7489.0,7491.75,943
2026-06-25 08:37:00,7491.75,7492.5,7488.5,7489.0,1048
2026-06-25 08:38:00,7488.75,7489.5,7486.0,7488.5,1012
2026-06-25 08:39:00,7488.25,7490.0,7485.5,7487.75,1222
2026-06-25 08:40:00,7488.0,7489.5,7484.5,7484.75,727
2026-06-25 08:41:00,7484.5,7486.75,7483.5,7486.0,977
2026-06-25 08:42:00,7485.75,7489.75,7485.0,7487.75,939
2026-06-25 08:43:00,7488.0,7488.25,7484.5,7485.0,587
2026-06-25 08:44:00,7485.0,7486.25,7484.5,7485.25,594
2026-06-25 08:45:00,7485.25,7488.25,7485.0,7487.75,604
2026-06-25 08:46:00,7488.0,7488.75,7486.25,7488.0,613
2026-06-25 08:47:00,7488.0,7491.5,7487.25,7491.25,856
2026-06-25 08:48:00,7491.25,7492.75,7490.25,7491.75,746
2026-06-25 08:49:00,7491.75,7492.0,7489.0,7489.0,637
2026-06-25 08:50:00,7489.0,7490.0,7488.25,7488.75,542
2026-06-25 08:51:00,7488.75,7490.25,7488.25,7489.25,461
2026-06-25 08:52:00,7489.25,7490.0,7488.5,7488.75,350
2026-06-25 08:53:00,7489.0,7490.25,7487.75,7488.5,411
2026-06-25 08:54:00,7488.5,7489.5,7487.5,7489.5,384
2026-06-25 08:55:00,7489.25,7489.5,7487.25,7488.75,439
2026-06-25 08:56:00,7488.25,7488.25,7486.5,7487.0,430
2026-06-25 08:57:00,7487.0,7488.0,7486.5,7486.75,282
2026-06-25 08:58:00,7486.5,7486.75,7484.75,7485.25,455
2026-06-25 08:59:00,7485.25,7487.5,7485.25,7486.75,395
2026-06-25 09:00:00,7487.0,7489.0,7486.0,7486.0,928
2026-06-25 09:01:00,7486.0,7486.5,7485.25,7485.25,622
2026-06-25 09:02:00,7485.5,7486.5,7484.75,7486.25,557
2026-06-25 09:03:00,7486.25,7486.75,7483.25,7484.5,627
2026-06-25 09:04:00,7484.5,7485.25,7482.75,7483.75,625
2026-06-25 09:05:00,7483.75,7484.0,7482.0,7483.25,638
2026-06-25 09:06:00,7483.75,7484.75,7482.5,7482.75,583
2026-06-25 09:07:00,7483.0,7484.0,7481.75,7482.25,708
2026-06-25 09:08:00,7482.0,7483.75,7481.75,7483.5,593
2026-06-25 09:09:00,7483.75,7484.0,7481.5,7482.0,548
2026-06-25 09:10:00,7482.0,7482.75,7481.25,7482.5,365
2026-06-25 09:11:00,7482.5,7483.25,7480.5,7482.75,884
2026-06-25 09:12:00,7482.75,7483.25,7481.75,7482.75,486
2026-06-25 09:13:00,7482.75,7484.25,7481.0,7483.25,1149
2026-06-25 09:14:00,7483.25,7483.75,7482.0,7483.75,310
2026-06-25 09:15:00,7483.75,7483.75,7481.25,7482.0,386
2026-06-25 09:16:00,7482.25,7482.25,7480.75,7480.75,401
2026-06-25 09:17:00,7480.75,7481.75,7480.0,7481.75,591
2026-06-25 09:18:00,7481.75,7481.75,7480.5,7481.25,317
2026-06-25 09:19:00,7481.0,7482.25,7480.5,7481.75,330
2026-06-25 09:20:00,7481.75,7482.75,7481.25,7481.75,395
2026-06-25 09:21:00,7481.75,7482.25,7480.5,7481.5,454
2026-06-25 09:22:00,7481.5,7483.0,7481.0,7482.75,380
2026-06-25 09:23:00,7482.5,7483.25,7481.5,7482.0,401
2026-06-25 09:24:00,7481.75,7481.75,7479.25,7481.5,728
2026-06-25 09:25:00,7481.5,7486.0,7481.5,7485.5,1706
2026-06-25 09:26:00,7485.25,7487.0,7485.25,7487.0,889
2026-06-25 09:27:00,7487.0,7488.25,7485.5,7487.0,1678
2026-06-25 09:28:00,7487.25,7487.25,7484.75,7486.25,1452
2026-06-25 09:29:00,7486.0,7487.75,7485.0,7485.75,1917
2026-06-25 09:30:00,7485.75,7490.5,7483.0,7487.25,9926
2026-06-25 09:31:00,7487.0,7487.25,7476.5,7477.0,8205
2026-06-25 09:32:00,7477.0,7477.25,7468.0,7469.0,8353
2026-06-25 09:33:00,7469.0,7469.25,7465.5,7467.0,7003
2026-06-25 09:34:00,7466.75,7471.0,7464.5,7469.75,7469
2026-06-25 09:35:00,7469.5,7474.75,7469.5,7473.5,6934
2026-06-25 09:36:00,7473.5,7475.0,7471.0,7474.0,4052
2026-06-25 09:37:00,7474.25,7477.0,7468.25,7469.75,6421
2026-06-25 09:38:00,7469.75,7470.5,7465.5,7466.75,4650
2026-06-25 09:39:00,7466.75,7470.5,7465.25,7466.25,3898
2026-06-25 09:40:00,7466.5,7468.0,7458.75,7459.25,7665
2026-06-25 09:41:00,7459.5,7461.75,7456.0,7456.5,5193
2026-06-25 09:42:00,7456.75,7457.5,7448.25,7449.0,8503
2026-06-25 09:43:00,7448.5,7449.5,7437.0,7438.5,9998
2026-06-25 09:44:00,7438.75,7444.5,7436.25,7439.0,9451
2026-06-25 09:45:00,7439.0,7444.0,7428.5,7429.0,14371
2026-06-25 09:46:00,7429.25,7431.0,7416.25,7421.25,14452
2026-06-25 09:47:00,7421.5,7426.5,7415.75,7419.0,11744
2026-06-25 09:48:00,7419.25,7425.75,7410.5,7411.5,13299
2026-06-25 09:49:00,7411.5,7425.75,7411.0,7424.25,10696
2026-06-25 09:50:00,7424.75,7432.0,7419.0,7427.5,11088
2026-06-25 09:51:00,7427.5,7429.0,7415.0,7416.5,10632
2026-06-25 09:52:00,7416.5,7418.75,7410.5,7413.75,11059
2026-06-25 09:53:00,7413.5,7419.5,7405.75,7407.25,10870
2026-06-25 09:54:00,7407.5,7412.25,7399.5,7401.75,12450
2026-06-25 09:55:00,7401.75,7406.5,7391.0,7397.5,14216
2026-06-25 09:56:00,7397.25,7403.25,7395.0,7399.0,12076
2026-06-25 09:57:00,7398.75,7407.0,7396.75,7401.75,11702
2026-06-25 09:58:00,7402.0,7403.75,7395.25,7397.25,9301
2026-06-25 09:59:00,7397.0,7400.25,7390.0,7393.0,10276
2026-06-25 10:00:00,7393.25,7404.5,7392.25,7400.25,12644
2026-06-25 10:01:00,7400.5,7413.75,7398.25,7408.5,11914
2026-06-25 10:02:00,7408.75,7422.25,7407.0,7421.25,11089
2026-06-25 10:03:00,7421.25,7430.25,7419.25,7426.0,11262
2026-06-25 10:04:00,7426.0,7429.25,7423.25,7427.75,8467
2026-06-25 10:05:00,7427.75,7441.0,7427.5,7433.0,11855
2026-06-25 10:06:00,7433.0,7440.25,7429.75,7439.5,9725
2026-06-25 10:07:00,7439.5,7443.5,7437.75,7440.0,7608
2026-06-25 10:08:00,7440.0,7445.0,7436.5,7441.75,7477
2026-06-25 10:09:00,7442.25,7445.75,7441.0,7444.75,5458
2026-06-25 10:10:00,7445.0,7454.5,7444.25,7450.0,10137
2026-06-25 10:11:00,7449.75,7454.0,7448.0,7450.5,6782
2026-06-25 10:12:00,7450.5,7452.5,7445.25,7446.75,6627
2026-06-25 10:13:00,7447.0,7448.25,7437.25,7441.0,8621
2026-06-25 10:14:00,7441.0,7442.75,7436.25,7437.25,5738
2026-06-25 10:15:00,7437.0,7445.5,7434.5,7435.0,9162
2026-06-25 10:16:00,7435.5,7437.5,7427.75,7431.25,8271
2026-06-25 10:17:00,7431.0,7440.5,7428.5,7436.75,8446
2026-06-25 10:18:00,7436.5,7441.0,7434.5,7437.25,7032
2026-06-25 10:19:00,7437.0,7453.25,7432.25,7452.25,8727
2026-06-25 10:20:00,7452.0,7462.0,7450.0,7458.0,11416
2026-06-25 10:21:00,7458.25,7461.25,7456.25,7459.5,6949
2026-06-25 10:22:00,7459.5,7460.25,7449.0,7449.0,7834
2026-06-25 10:23:00,7449.25,7453.0,7445.25,7448.5,6908
2026-06-25 10:24:00,7448.75,7449.0,7441.0,7446.25,6253
2026-06-25 10:25:00,7446.5,7451.5,7446.0,7448.75,6240
2026-06-25 10:26:00,7448.75,7454.0,7444.25,7451.5,5921
2026-06-25 10:27:00,7451.5,7455.75,7446.0,7447.25,5954
2026-06-25 10:28:00,7447.25,7453.75,7444.5,7451.0,5799
2026-06-25 10:29:00,7451.0,7453.5,7447.5,7450.75,5355
2026-06-25 10:30:00,7450.75,7455.5,7449.25,7451.0,6684
2026-06-25 10:31:00,7451.25,7457.75,7451.25,7453.5,6743
2026-06-25 10:32:00,7453.25,7462.25,7450.75,7460.75,7371
2026-06-25 10:33:00,7460.75,7467.75,7459.0,7461.75,7344
2026-06-25 10:34:00,7462.0,7463.0,7453.75,7460.5,5562
2026-06-25 10:35:00,7460.5,7463.25,7457.75,7458.75,4174
2026-06-25 10:36:00,7458.75,7462.5,7457.5,7461.0,4598
2026-06-25 10:37:00,7461.0,7464.0,7452.25,7455.25,5671
2026-06-25 10:38:00,7455.0,7459.0,7454.25,7456.25,4422
2026-06-25 10:39:00,7456.25,7465.5,7456.25,7463.0,5150
2026-06-25 10:40:00,7463.25,7464.0,7458.25,7461.25,3950
2026-06-25 10:41:00,7461.25,7462.0,7454.5,7455.75,4444
2026-06-25 10:42:00,7455.75,7456.75,7452.5,7453.5,3816
2026-06-25 10:43:00,7453.75,7455.0,7447.5,7448.5,5579
2026-06-25 10:44:00,7448.5,7452.25,7444.25,7450.75,6647
2026-06-25 10:45:00,7450.75,7453.0,7444.0,7449.0,5434
2026-06-25 10:46:00,7449.0,7451.75,7446.0,7447.75,4548
2026-06-25 10:47:00,7447.5,7452.25,7446.25,7450.75,3901
2026-06-25 10:48:00,7451.0,7459.0,7450.75,7458.5,5802
2026-06-25 10:49:00,7458.75,7463.25,7458.5,7460.5,4648
2026-06-25 10:50:00,7460.25,7464.5,7457.0,7459.0,5319
2026-06-25 10:51:00,7459.0,7470.5,7457.75,7469.75,7084
2026-06-25 10:52:00,7469.5,7475.5,7468.75,7474.0,5951
2026-06-25 10:53:00,7474.25,7474.5,7467.25,7469.5,4478
2026-06-25 10:54:00,7469.75,7475.5,7469.25,7474.5,3588
2026-06-25 10:55:00,7474.5,7474.75,7468.75,7469.25,4539
2026-06-25 10:56:00,7469.25,7470.5,7463.75,7464.5,5394
2026-06-25 10:57:00,7464.5,7464.75,7449.5,7450.25,9568
2026-06-25 10:58:00,7450.5,7456.5,7449.5,7449.5,6552
2026-06-25 10:59:00,7449.75,7454.5,7447.25,7449.25,6918
2026-06-25 11:00:00,7449.25,7451.5,7445.5,7451.25,5785
2026-06-25 11:01:00,7451.0,7455.75,7450.75,7451.5,5369
2026-06-25 11:02:00,7451.75,7456.0,7448.75,7455.75,3791
2026-06-25 11:03:00,7456.0,7456.0,7450.0,7452.0,3198
2026-06-25 11:04:00,7452.0,7459.5,7451.75,7458.75,3996
2026-06-25 11:05:00,7458.75,7462.25,7448.5,7449.75,7801
2026-06-25 11:06:00,7449.75,7452.0,7443.0,7446.0,7772
2026-06-25 11:07:00,7446.5,7448.0,7442.5,7446.25,4905
2026-06-25 11:08:00,7446.5,7449.75,7443.75,7445.75,3574
2026-06-25 11:09:00,7445.75,7447.5,7441.5,7444.0,3776
2026-06-25 11:10:00,7444.0,7445.75,7440.25,7443.25,4328
2026-06-25 11:11:00,7443.5,7443.75,7433.75,7435.25,6757
2026-06-25 11:12:00,7435.0,7436.75,7425.0,7426.75,7067
2026-06-25 11:13:00,7426.75,7429.0,7425.0,7427.0,4983
2026-06-25 11:14:00,7427.25,7428.75,7422.75,7426.25,5232
2026-06-25 11:15:00,7426.25,7426.5,7414.75,7419.25,8078
2026-06-25 11:16:00,7419.25,7421.25,7414.25,7419.25,6380
2026-06-25 11:17:00,7419.0,7426.5,7418.75,7424.5,6969
2026-06-25 11:18:00,7424.75,7433.25,7423.75,7428.75,6315
2026-06-25 11:19:00,7428.75,7435.25,7427.25,7433.0,4839
2026-06-25 11:20:00,7432.5,7433.5,7425.75,7428.0,5439
2026-06-25 11:21:00,7428.0,7438.75,7427.5,7438.25,4616
2026-06-25 11:22:00,7438.25,7438.75,7433.25,7436.0,3791
2026-06-25 11:23:00,7436.0,7440.0,7434.25,7436.75,3218
2026-06-25 11:24:00,7436.75,7444.75,7436.5,7441.25,5790
2026-06-25 11:25:00,7441.5,7442.0,7437.5,7438.25,3137
2026-06-25 11:26:00,7438.25,7440.0,7433.75,7439.75,3599
2026-06-25 11:27:00,7439.75,7445.25,7437.75,7442.5,3513
2026-06-25 11:28:00,7442.5,7443.5,7437.25,7440.0,2711
2026-06-25 11:29:00,7440.5,7441.25,7435.5,7439.25,3533
2026-06-25 11:30:00,7439.25,7441.75,7437.25,7441.25,3474
2026-06-25 11:31:00,7441.0,7446.0,7440.0,7443.5,4218
2026-06-25 11:32:00,7443.75,7451.5,7442.75,7449.75,3851
2026-06-25 11:33:00,7449.75,7449.75,7443.75,7446.5,3670
2026-06-25 11:34:00,7446.5,7447.5,7437.5,7438.25,4096
2026-06-25 11:35:00,7438.25,7443.25,7438.25,7441.75,3366
2026-06-25 11:36:00,7441.75,7445.0,7440.75,7442.75,2909
2026-06-25 11:37:00,7443.0,7446.25,7442.0,7442.25,2365
2026-06-25 11:38:00,7442.25,7444.0,7440.0,7441.5,2074
2026-06-25 11:39:00,7441.5,7441.5,7438.0,7438.25,2363
2026-06-25 11:40:00,7438.25,7440.75,7436.0,7439.0,3243
2026-06-25 11:41:00,7439.0,7441.5,7435.25,7439.25,2891
2026-06-25 11:42:00,7439.25,7440.0,7436.5,7439.25,1947
2026-06-25 11:43:00,7439.25,7444.0,7438.5,7440.5,2529
2026-06-25 11:44:00,7440.25,7445.5,7440.0,7443.75,2438
2026-06-25 11:45:00,7443.75,7452.25,7442.25,7451.0,4449
2026-06-25 11:46:00,7450.75,7454.5,7450.0,7451.25,3102
2026-06-25 11:47:00,7451.25,7452.75,7449.75,7451.25,1551
2026-06-25 11:48:00,7451.5,7451.5,7442.75,7445.0,2942
2026-06-25 11:49:00,7445.25,7446.25,7439.0,7440.5,2313
2026-06-25 11:50:00,7440.25,7443.0,7436.75,7440.25,2858
2026-06-25 11:51:00,7440.25,7446.0,7439.25,7441.0,2251
2026-06-25 11:52:00,7441.0,7441.75,7439.0,7440.5,1642
2026-06-25 11:53:00,7440.75,7441.5,7437.25,7440.0,1978
2026-06-25 11:54:00,7439.75,7444.75,7439.75,7442.5,2112
2026-06-25 11:55:00,7442.25,7444.5,7440.25,7442.0,1922
2026-06-25 11:56:00,7441.75,7444.75,7441.0,7442.75,1409
2026-06-25 11:57:00,7442.75,7446.0,7440.5,7442.5,1642
2026-06-25 11:58:00,7442.75,7442.75,7439.0,7439.75,1574
2026-06-25 11:59:00,7439.75,7440.0,7436.0,7437.5,2613
2026-06-25 12:00:00,7438.0,7439.75,7435.5,7438.5,2937
2026-06-25 12:01:00,7438.75,7440.5,7432.75,7437.0,3251
2026-06-25 12:02:00,7437.0,7437.5,7433.75,7434.5,2225
2026-06-25 12:03:00,7434.5,7437.0,7433.0,7435.0,1819
2026-06-25 12:04:00,7435.25,7439.5,7435.0,7438.0,2202
2026-06-25 12:05:00,7438.0,7442.25,7436.0,7440.0,2325
2026-06-25 12:06:00,7440.25,7449.0,7439.0,7448.75,4091
2026-06-25 12:07:00,7448.5,7449.0,7444.25,7444.5,2411
2026-06-25 12:08:00,7444.75,7448.0,7443.25,7447.75,2246
2026-06-25 12:09:00,7447.75,7450.5,7445.25,7449.75,2547
2026-06-25 12:10:00,7449.75,7457.0,7448.5,7455.25,4358
2026-06-25 12:11:00,7455.25,7458.25,7451.0,7452.25,3148
2026-06-25 12:12:00,7452.25,7452.5,7448.75,7451.25,2598
2026-06-25 12:13:00,7451.5,7455.75,7451.25,7455.25,2616
2026-06-25 12:14:00,7455.25,7455.25,7452.5,7453.5,1409
2026-06-25 12:15:00,7453.5,7456.75,7452.5,7455.75,2268
2026-06-25 12:16:00,7456.0,7457.5,7454.5,7457.25,2252
2026-06-25 12:17:00,7457.25,7459.0,7454.0,7456.0,2627
2026-06-25 12:18:00,7455.75,7457.25,7453.0,7453.75,1911
2026-06-25 12:19:00,7454.0,7454.0,7450.25,7451.25,2640
2026-06-25 12:20:00,7451.25,7453.75,7449.75,7449.75,2418
2026-06-25 12:21:00,7450.0,7453.0,7448.25,7452.25,2217
2026-06-25 12:22:00,7452.25,7453.0,7446.0,7446.25,2390
2026-06-25 12:23:00,7446.25,7447.5,7440.0,7440.5,3089
2026-06-25 12:24:00,7440.25,7443.0,7438.5,7440.75,2665
2026-06-25 12:25:00,7440.75,7442.5,7435.75,7437.5,3124
2026-06-25 12:26:00,7437.5,7440.25,7437.5,7439.0,1714
2026-06-25 12:27:00,7438.75,7439.25,7436.0,7437.5,1647
2026-06-25 12:28:00,7437.5,7439.5,7435.5,7437.25,1783
2026-06-25 12:29:00,7437.0,7438.75,7435.25,7437.5,1709
2026-06-25 12:30:00,7438.0,7438.25,7431.0,7433.0,3460
2026-06-25 12:31:00,7433.0,7434.75,7429.5,7430.25,3573
2026-06-25 12:32:00,7430.5,7432.75,7429.25,7429.5,2544
2026-06-25 12:33:00,7429.25,7430.25,7425.0,7429.5,3776
2026-06-25 12:34:00,7429.25,7429.75,7425.75,7429.25,2357
2026-06-25 12:35:00,7429.25,7429.25,7423.75,7427.5,3810
2026-06-25 12:36:00,7427.75,7431.5,7425.75,7427.75,3393
2026-06-25 12:37:00,7427.75,7428.0,7424.75,7426.75,2141
2026-06-25 12:38:00,7426.5,7427.0,7423.25,7426.0,1723
2026-06-25 12:39:00,7426.0,7427.25,7421.75,7422.75,2095
2026-06-25 12:40:00,7422.75,7423.75,7420.75,7422.5,2285
2026-06-25 12:41:00,7422.75,7425.0,7419.0,7419.75,2627
2026-06-25 12:42:00,7419.5,7422.75,7418.75,7420.5,2091
2026-06-25 12:43:00,7420.25,7422.75,7416.75,7417.25,3151
2026-06-25 12:44:00,7417.5,7418.5,7415.75,7417.75,2594
2026-06-25 12:45:00,7417.75,7418.5,7410.25,7411.25,4743
2026-06-25 12:46:00,7411.0,7416.75,7409.75,7415.75,4123
2026-06-25 12:47:00,7416.0,7421.25,7415.25,7418.5,3895
2026-06-25 12:48:00,7418.75,7423.25,7418.25,7421.25,3280
2026-06-25 12:49:00,7421.25,7424.0,7419.5,7423.0,2777
2026-06-25 12:50:00,7422.75,7424.75,7420.0,7423.0,2632
2026-06-25 12:51:00,7422.75,7424.25,7419.75,7420.25,2118
2026-06-25 12:52:00,7420.5,7423.5,7417.25,7423.0,3089
2026-06-25 12:53:00,7423.0,7425.75,7420.75,7422.0,2788
2026-06-25 12:54:00,7421.75,7424.25,7421.25,7422.0,1540
2026-06-25 12:55:00,7422.25,7422.5,7416.5,7418.75,2154
2026-06-25 12:56:00,7418.5,7421.25,7416.0,7416.75,2092
2026-06-25 12:57:00,7417.0,7419.5,7415.75,7416.0,1803
2026-06-25 12:58:00,7416.25,7419.0,7415.5,7418.5,1647
2026-06-25 12:59:00,7418.5,7420.75,7418.0,7420.5,1392
2026-06-25 13:00:00,7420.5,7424.5,7419.75,7423.0,2171
2026-06-25 13:01:00,7423.0,7424.5,7420.5,7423.25,1247
2026-06-25 13:02:00,7423.25,7425.0,7420.5,7422.25,1185
2026-06-25 13:03:00,7422.5,7424.5,7421.25,7423.0,910
2026-06-25 13:04:00,7423.25,7424.25,7419.5,7419.75,1320
2026-06-25 13:05:00,7419.75,7421.75,7418.25,7420.5,1280
2026-06-25 13:06:00,7419.75,7420.0,7417.25,7417.25,1198
2026-06-25 13:07:00,7417.0,7420.5,7416.5,7420.25,1384
2026-06-25 13:08:00,7420.25,7423.5,7420.0,7420.25,1458
2026-06-25 13:09:00,7420.25,7423.0,7420.25,7421.75,1093
2026-06-25 13:10:00,7422.0,7428.0,7422.0,7427.25,3172
2026-06-25 13:11:00,7427.25,7432.75,7427.0,7429.0,3409
2026-06-25 13:12:00,7429.25,7429.75,7424.25,7426.75,2347
2026-06-25 13:13:00,7426.75,7430.25,7426.0,7429.25,1630
2026-06-25 13:14:00,7429.25,7430.5,7426.25,7427.25,1453
2026-06-25 13:15:00,7427.25,7436.75,7427.25,7435.0,3837
2026-06-25 13:16:00,7435.0,7438.0,7433.0,7433.5,2317
2026-06-25 13:17:00,7433.5,7435.25,7430.0,7432.0,2086
2026-06-25 13:18:00,7431.75,7432.0,7426.25,7426.75,2007
2026-06-25 13:19:00,7426.75,7428.25,7419.75,7419.75,3221
2026-06-25 13:20:00,7420.25,7424.75,7415.75,7423.25,4460
2026-06-25 13:21:00,7423.5,7425.5,7422.25,7423.25,1987
2026-06-25 13:22:00,7423.25,7425.25,7421.0,7422.5,1484
2026-06-25 13:23:00,7422.25,7423.75,7420.0,7423.25,2453
2026-06-25 13:24:00,7423.5,7426.25,7423.0,7424.25,1562
2026-06-25 13:25:00,7424.25,7427.0,7423.5,7425.5,1851
2026-06-25 13:26:00,7425.5,7431.25,7425.5,7431.0,2497
2026-06-25 13:27:00,7430.75,7431.75,7428.75,7429.75,1519
2026-06-25 13:28:00,7429.75,7429.75,7424.5,7425.5,2001
2026-06-25 13:29:00,7425.25,7428.25,7424.75,7427.75,1374
2026-06-25 13:30:00,7427.75,7430.5,7426.5,7429.5,1844
2026-06-25 13:31:00,7429.5,7429.5,7425.5,7426.25,1108
2026-06-25 13:32:00,7426.25,7428.0,7423.25,7423.5,1584
2026-06-25 13:33:00,7423.5,7426.0,7421.0,7425.0,2035
2026-06-25 13:34:00,7425.0,7425.75,7423.0,7424.25,1169
2026-06-25 13:35:00,7424.5,7428.25,7423.25,7426.5,2081
2026-06-25 13:36:00,7426.5,7430.75,7426.0,7428.25,1480
2026-06-25 13:37:00,7428.25,7428.25,7424.75,7426.25,1332
2026-06-25 13:38:00,7426.25,7429.5,7425.5,7429.5,1048
2026-06-25 13:39:00,7429.5,7430.0,7425.75,7428.25,1344
2026-06-25 13:40:00,7428.25,7432.75,7427.75,7431.75,1812
2026-06-25 13:41:00,7431.75,7433.25,7428.5,7429.25,2109
2026-06-25 13:42:00,7429.0,7430.5,7427.0,7427.75,1104
2026-06-25 13:43:00,7427.75,7429.25,7423.0,7423.0,1793
2026-06-25 13:44:00,7423.0,7423.5,7420.25,7421.75,1834
2026-06-25 13:45:00,7421.5,7421.75,7415.25,7416.25,2708
2026-06-25 13:46:00,7416.5,7420.25,7415.5,7416.5,1845
2026-06-25 13:47:00,7416.25,7416.5,7412.0,7414.75,2459
2026-06-25 13:48:00,7414.5,7415.5,7411.75,7413.5,1692
2026-06-25 13:49:00,7413.5,7414.0,7411.25,7413.5,1549
2026-06-25 13:50:00,7413.25,7415.5,7410.5,7414.0,2106
2026-06-25 13:51:00,7414.0,7415.5,7411.5,7412.25,1530
2026-06-25 13:52:00,7412.0,7415.5,7412.0,7414.5,1250
2026-06-25 13:53:00,7414.25,7422.0,7413.25,7420.5,2661
2026-06-25 13:54:00,7420.5,7423.0,7419.25,7420.5,1726
2026-06-25 13:55:00,7420.5,7423.0,7418.0,7423.0,1602
2026-06-25 13:56:00,7422.75,7423.75,7418.25,7423.5,3924
2026-06-25 13:57:00,7423.25,7427.0,7423.25,7426.25,2326
2026-06-25 13:58:00,7426.25,7429.5,7425.75,7429.0,1846
2026-06-25 13:59:00,7429.0,7431.25,7427.25,7429.5,2250
2026-06-25 14:00:00,7429.5,7430.75,7425.5,7427.0,2530
2026-06-25 14:01:00,7427.25,7429.75,7426.25,7426.5,1702
2026-06-25 14:02:00,7426.5,7426.75,7411.5,7413.0,5309
2026-06-25 14:03:00,7413.0,7417.75,7408.75,7408.75,5584
2026-06-25 14:04:00,7409.0,7415.5,7408.25,7414.0,3489
2026-06-25 14:05:00,7414.5,7417.25,7411.75,7416.5,3166
2026-06-25 14:06:00,7416.5,7423.5,7415.75,7422.5,3012
2026-06-25 14:07:00,7422.25,7426.75,7420.25,7424.75,2413
2026-06-25 14:08:00,7424.75,7427.5,7423.75,7425.0,1452
2026-06-25 14:09:00,7425.25,7431.25,7424.75,7429.5,3214
2026-06-25 14:10:00,7429.5,7433.25,7428.0,7429.25,2399
2026-06-25 14:11:00,7429.25,7433.25,7429.0,7432.75,1536
2026-06-25 14:12:00,7432.75,7435.5,7430.5,7431.5,2462
2026-06-25 14:13:00,7431.5,7432.0,7425.0,7426.0,3450
2026-06-25 14:14:00,7426.25,7428.75,7424.0,7427.5,1964
2026-06-25 14:15:00,7427.5,7428.0,7425.0,7427.0,1296
2026-06-25 14:16:00,7427.0,7434.0,7427.0,7433.5,2503
2026-06-25 14:17:00,7433.25,7436.0,7432.5,7434.0,2163
2026-06-25 14:18:00,7434.0,7442.0,7433.5,7441.75,4108
2026-06-25 14:19:00,7441.5,7449.5,7441.0,7443.75,6514
2026-06-25 14:20:00,7443.75,7447.75,7443.0,7443.25,2616
2026-06-25 14:21:00,7443.25,7443.25,7437.5,7440.25,3184
2026-06-25 14:22:00,7440.0,7444.25,7439.5,7442.25,2574
2026-06-25 14:23:00,7442.0,7444.5,7441.25,7444.5,1379
2026-06-25 14:24:00,7444.25,7447.25,7443.0,7444.75,2650
2026-06-25 14:25:00,7444.5,7451.5,7444.5,7451.0,3290
2026-06-25 14:26:00,7450.75,7452.5,7449.25,7451.75,1955
2026-06-25 14:27:00,7451.5,7453.0,7449.25,7452.5,1756
2026-06-25 14:28:00,7452.5,7456.75,7452.25,7452.75,2853
2026-06-25 14:29:00,7452.75,7455.25,7451.75,7454.25,1553
2026-06-25 14:30:00,7454.25,7454.5,7445.5,7445.5,3623
2026-06-25 14:31:00,7445.75,7447.0,7442.5,7445.0,3201
2026-06-25 14:32:00,7445.0,7445.75,7440.75,7441.0,2147
2026-06-25 14:33:00,7440.75,7440.75,7435.5,7436.75,3478
2026-06-25 14:34:00,7436.5,7438.75,7435.0,7435.75,2166
2026-06-25 14:35:00,7435.5,7437.75,7431.25,7436.5,3394
2026-06-25 14:36:00,7436.5,7439.75,7436.25,7437.25,2625
2026-06-25 14:37:00,7437.5,7440.75,7435.5,7440.75,3161
2026-06-25 14:38:00,7440.25,7442.75,7438.5,7440.25,2007
2026-06-25 14:39:00,7440.0,7442.25,7435.75,7440.0,2969
2026-06-25 14:40:00,7440.0,7441.0,7437.0,7439.0,1916
2026-06-25 14:41:00,7439.0,7439.25,7434.5,7435.0,2092
2026-06-25 14:42:00,7435.0,7436.5,7433.75,7436.25,1780
2026-06-25 14:43:00,7436.25,7438.5,7435.75,7437.75,1411
2026-06-25 14:44:00,7437.5,7438.25,7434.25,7434.75,1510
2026-06-25 14:45:00,7434.75,7434.75,7428.0,7429.75,3627
2026-06-25 14:46:00,7429.75,7431.75,7426.0,7426.0,2446
2026-06-25 14:47:00,7426.25,7427.25,7422.25,7426.75,3783
2026-06-25 14:48:00,7426.5,7428.25,7425.0,7427.5,1808
2026-06-25 14:49:00,7427.25,7431.25,7427.25,7431.0,2006
2026-06-25 14:50:00,7431.0,7433.5,7430.25,7432.75,2229
2026-06-25 14:51:00,7433.0,7434.75,7429.75,7430.25,2081
2026-06-25 14:52:00,7430.25,7439.5,7429.25,7439.5,2718
2026-06-25 14:53:00,7439.25,7439.75,7435.25,7435.25,1563
2026-06-25 14:54:00,7435.25,7436.5,7431.0,7432.5,1580
2026-06-25 14:55:00,7432.5,7436.5,7432.25,7434.0,1753
2026-06-25 14:56:00,7433.75,7434.75,7430.5,7434.25,1494
2026-06-25 14:57:00,7434.25,7435.0,7431.5,7433.75,1339
2026-06-25 14:58:00,7433.75,7436.0,7432.0,7432.25,1500
2026-06-25 14:59:00,7432.25,7434.75,7431.0,7434.25,1121
2026-06-25 15:00:00,7434.5,7434.75,7431.5,7432.0,1397
2026-06-25 15:01:00,7432.5,7433.25,7429.0,7429.5,1342
2026-06-25 15:02:00,7429.5,7430.5,7427.0,7427.25,1810
2026-06-25 15:03:00,7427.25,7427.75,7422.75,7426.5,2495
2026-06-25 15:04:00,7426.5,7427.5,7423.0,7425.25,1502
2026-06-25 15:05:00,7425.25,7427.5,7423.75,7423.75,1597
2026-06-25 15:06:00,7424.0,7427.5,7423.0,7425.75,1873
2026-06-25 15:07:00,7426.25,7428.0,7425.25,7427.0,1618
2026-06-25 15:08:00,7427.0,7427.75,7424.25,7425.75,1404
2026-06-25 15:09:00,7425.75,7427.75,7424.25,7426.25,1499
2026-06-25 15:10:00,7426.25,7427.75,7424.0,7425.75,1704
2026-06-25 15:11:00,7426.0,7427.75,7424.0,7424.0,1157
2026-06-25 15:12:00,7424.0,7424.25,7422.0,7423.75,1803
2026-06-25 15:13:00,7423.75,7425.75,7419.0,7420.5,2573
2026-06-25 15:14:00,7420.5,7422.0,7418.75,7419.5,2055
2026-06-25 15:15:00,7419.5,7419.5,7416.0,7418.25,3044
2026-06-25 15:16:00,7418.25,7422.25,7417.25,7419.75,2709
2026-06-25 15:17:00,7419.75,7420.25,7414.25,7415.25,2314
2026-06-25 15:18:00,7415.0,7418.5,7414.5,7415.5,1689
2026-06-25 15:19:00,7415.25,7418.75,7414.5,7418.25,2054
2026-06-25 15:20:00,7418.25,7420.5,7416.0,7417.5,1955
2026-06-25 15:21:00,7417.5,7421.5,7416.5,7418.5,2169
2026-06-25 15:22:00,7418.75,7421.75,7417.0,7420.5,1800
2026-06-25 15:23:00,7420.5,7422.25,7418.75,7420.5,2033
2026-06-25 15:24:00,7420.25,7422.75,7419.75,7422.5,1714
2026-06-25 15:25:00,7422.75,7424.75,7421.0,7422.25,2346
2026-06-25 15:26:00,7422.5,7423.25,7420.25,7422.5,1613
2026-06-25 15:27:00,7422.5,7422.5,7418.25,7418.5,1576
2026-06-25 15:28:00,7418.75,7419.0,7416.25,7417.75,2013
2026-06-25 15:29:00,7417.75,7422.5,7417.25,7419.5,1577
2026-06-25 15:30:00,7419.5,7421.0,7417.0,7417.25,2237
2026-06-25 15:31:00,7417.25,7418.0,7413.25,7415.25,2470
2026-06-25 15:32:00,7415.25,7418.5,7414.25,7414.25,2130
2026-06-25 15:33:00,7414.5,7417.25,7414.0,7416.5,1259
2026-06-25 15:34:00,7416.5,7419.0,7415.25,7417.5,1814
2026-06-25 15:35:00,7417.5,7417.5,7414.5,7415.25,1495
2026-06-25 15:36:00,7415.25,7417.5,7414.5,7415.0,1612
2026-06-25 15:37:00,7415.0,7416.0,7412.25,7415.5,1895
2026-06-25 15:38:00,7415.75,7415.75,7413.25,7414.25,1592
2026-06-25 15:39:00,7414.0,7416.75,7413.25,7416.75,1294
2026-06-25 15:40:00,7416.75,7419.25,7415.0,7415.25,2984
2026-06-25 15:41:00,7415.25,7417.75,7411.5,7416.5,2154
2026-06-25 15:42:00,7416.0,7418.75,7415.0,7415.5,1475
2026-06-25 15:43:00,7416.0,7417.0,7414.5,7417.0,1005
2026-06-25 15:44:00,7416.75,7418.25,7415.5,7415.75,1043
2026-06-25 15:45:00,7415.5,7416.0,7411.5,7412.5,2993
2026-06-25 15:46:00,7412.25,7413.5,7410.5,7412.25,2026
2026-06-25 15:47:00,7412.0,7416.5,7412.0,7412.5,2267
2026-06-25 15:48:00,7412.5,7413.0,7409.5,7411.0,2263
2026-06-25 15:49:00,7410.75,7414.0,7410.25,7413.5,2402
2026-06-25 15:50:00,7413.25,7417.0,7408.75,7411.25,5027
2026-06-25 15:51:00,7411.5,7416.5,7410.25,7415.0,2504
2026-06-25 15:52:00,7414.75,7419.0,7414.5,7418.5,3515
2026-06-25 15:53:00,7418.5,7422.25,7418.25,7419.75,3781
2026-06-25 15:54:00,7419.5,7421.5,7417.25,7421.25,3222
2026-06-25 15:55:00,7421.5,7423.25,7418.75,7420.0,4111
2026-06-25 15:56:00,7420.0,7420.75,7417.25,7418.25,2138
2026-06-25 15:57:00,7418.5,7422.5,7417.75,7418.25,1889
2026-06-25 15:58:00,7418.25,7419.0,7414.5,7414.75,3789
2026-06-25 15:59:00,7414.75,7430.0,7414.75,7428.75,12905
2026-06-25 16:00:00,7428.5,7440.0,7427.75,7439.75,9373
2026-06-25 16:01:00,7440.0,7452.0,7439.75,7447.75,4321
2026-06-25 16:02:00,7447.5,7448.25,7440.25,7440.5,2562
2026-06-25 16:03:00,7440.25,7441.25,7436.75,7437.25,1471
2026-06-25 16:04:00,7437.5,7440.5,7437.0,7440.5,755
2026-06-25 16:05:00,7440.5,7443.75,7440.0,7440.75,1715
2026-06-25 16:06:00,7441.0,7442.5,7439.25,7440.5,635
2026-06-25 16:07:00,7440.5,7441.5,7438.5,7439.5,501
2026-06-25 16:08:00,7439.75,7440.5,7438.75,7440.25,280
2026-06-25 16:09:00,7440.5,7441.5,7438.0,7438.5,589
2026-06-25 16:10:00,7438.25,7438.25,7436.5,7437.0,466
2026-06-25 16:11:00,7437.0,7438.0,7436.25,7437.5,398
2026-06-25 16:12:00,7437.75,7438.5,7437.25,7438.0,218
2026-06-25 16:13:00,7437.75,7438.0,7436.5,7437.5,205
2026-06-25 16:14:00,7437.75,7438.5,7437.0,7438.25,202
2026-06-25 16:15:00,7438.25,7441.25,7437.75,7440.75,680
2026-06-25 16:16:00,7441.0,7442.25,7440.25,7442.0,465
2026-06-25 16:17:00,7442.0,7443.5,7440.0,7443.0,949
2026-06-25 16:18:00,7442.75,7446.5,7442.75,7445.25,727
2026-06-25 16:19:00,7445.25,7447.5,7444.25,7446.5,777
2026-06-25 16:20:00,7447.0,7447.25,7445.75,7447.0,301
2026-06-25 16:21:00,7447.25,7451.25,7446.75,7451.0,688
2026-06-25 16:22:00,7451.25,7451.25,7448.5,7450.25,442
2026-06-25 16:23:00,7450.25,7454.0,7450.25,7451.0,1181
2026-06-25 16:24:00,7450.75,7451.25,7448.25,7448.5,484
2026-06-25 16:25:00,7448.5,7449.25,7446.0,7446.5,336
2026-06-25 16:26:00,7446.5,7447.75,7446.0,7447.75,234
2026-06-25 16:27:00,7447.75,7448.5,7447.25,7447.25,172
2026-06-25 16:28:00,7447.5,7448.0,7446.0,7447.25,229
2026-06-25 16:29:00,7447.5,7447.75,7446.5,7446.75,141
2026-06-25 16:30:00,7447.0,7447.25,7444.75,7445.5,294
2026-06-25 16:31:00,7445.5,7446.5,7441.75,7443.25,833
2026-06-25 16:32:00,7443.25,7443.75,7441.75,7442.5,335
2026-06-25 16:33:00,7443.0,7444.75,7442.5,7444.25,244
2026-06-25 16:34:00,7444.25,7445.75,7444.0,7445.75,286
2026-06-25 16:35:00,7445.25,7446.0,7444.5,7445.0,224
2026-06-25 16:36:00,7445.0,7445.75,7444.0,7445.0,192
2026-06-25 16:37:00,7445.0,7445.25,7443.5,7443.75,169
2026-06-25 16:38:00,7443.75,7444.0,7442.25,7443.0,161
2026-06-25 16:39:00,7442.5,7443.0,7441.0,7441.25,255
2026-06-25 16:40:00,7441.5,7442.5,7440.75,7441.25,323
2026-06-25 16:41:00,7441.25,7442.25,7440.5,7441.75,198
2026-06-25 16:42:00,7441.75,7442.5,7441.25,7441.5,126
2026-06-25 16:43:00,7441.5,7441.5,7440.5,7441.0,163
2026-06-25 16:44:00,7440.75,7441.0,7440.0,7440.25,237
2026-06-25 16:45:00,7440.5,7441.0,7439.75,7439.75,180
2026-06-25 16:46:00,7439.75,7441.0,7438.75,7438.75,229
2026-06-25 16:47:00,7439.0,7439.5,7437.5,7437.5,199
2026-06-25 16:48:00,7437.75,7437.75,7436.5,7437.0,187
2026-06-25 16:49:00,7437.0,7438.25,7437.0,7437.75,107
2026-06-25 16:50:00,7437.75,7438.5,7437.25,7437.5,87
2026-06-25 16:51:00,7437.5,7437.75,7437.25,7437.5,132
2026-06-25 16:52:00,7437.5,7438.0,7436.0,7436.0,158
2026-06-25 16:53:00,7436.25,7436.25,7434.0,7434.75,312
2026-06-25 16:54:00,7435.25,7435.75,7434.5,7434.5,137
2026-06-25 16:55:00,7434.5,7435.0,7434.0,7434.75,125
2026-06-25 16:56:00,7435.0,7435.75,7434.5,7435.5,64
2026-06-25 16:57:00,7435.5,7436.0,7434.5,7434.75,78
2026-06-25 16:58:00,7435.5,7435.5,7433.0,7435.25,158
2026-06-25 16:59:00,7435.25,7436.25,7431.75,7434.0,312
2026-06-25 18:00:00,7431.0,7435.75,7428.25,7428.75,1225
2026-06-25 18:01:00,7428.5,7430.5,7426.25,7426.75,507
2026-06-25 18:02:00,7426.75,7429.75,7426.25,7429.5,338
2026-06-25 18:03:00,7429.5,7432.25,7427.25,7427.5,302
2026-06-25 18:04:00,7427.5,7427.75,7426.0,7426.75,281
2026-06-25 18:05:00,7426.5,7427.25,7424.5,7425.75,543
2026-06-25 18:06:00,7425.75,7426.25,7424.25,7425.0,366
2026-06-25 18:07:00,7425.5,7427.0,7424.75,7426.5,262
2026-06-25 18:08:00,7426.25,7426.5,7423.75,7424.0,311
2026-06-25 18:09:00,7424.0,7424.75,7423.0,7423.0,252
2026-06-25 18:10:00,7423.0,7423.5,7418.0,7420.0,962
2026-06-25 18:11:00,7419.75,7420.25,7417.5,7419.25,465
2026-06-25 18:12:00,7419.25,7420.5,7419.0,7419.5,251
2026-06-25 18:13:00,7419.25,7419.5,7417.0,7418.75,483
2026-06-25 18:14:00,7418.75,7422.5,7418.5,7420.5,568
2026-06-25 18:15:00,7420.5,7422.5,7420.25,7422.0,424
2026-06-25 18:16:00,7421.75,7424.0,7421.5,7423.0,423
2026-06-25 18:17:00,7423.25,7425.0,7422.75,7424.25,353
2026-06-25 18:18:00,7424.5,7425.75,7423.5,7424.0,282
2026-06-25 18:19:00,7424.0,7424.0,7419.5,7420.5,654
2026-06-25 18:20:00,7420.5,7421.0,7418.5,7419.25,403
2026-06-25 18:21:00,7419.5,7419.75,7417.75,7419.25,241
2026-06-25 18:22:00,7419.25,7423.25,7419.25,7421.5,663
2026-06-25 18:23:00,7421.5,7423.25,7421.25,7422.75,259
2026-06-25 18:24:00,7422.75,7422.75,7420.75,7422.5,232
2026-06-25 18:25:00,7422.5,7422.5,7419.5,7420.0,227
2026-06-25 18:26:00,7419.75,7422.0,7418.75,7419.75,404
2026-06-25 18:27:00,7419.25,7420.0,7417.75,7419.25,375
2026-06-25 18:28:00,7419.5,7420.5,7417.75,7417.75,230
2026-06-25 18:29:00,7418.0,7418.75,7416.5,7417.25,376
2026-06-25 18:30:00,7417.25,7419.5,7416.0,7417.75,620
2026-06-25 18:31:00,7418.0,7419.5,7417.75,7418.5,373
2026-06-25 18:32:00,7418.75,7418.75,7416.5,7417.5,309
2026-06-25 18:33:00,7417.5,7418.25,7416.25,7417.5,231
2026-06-25 18:34:00,7417.75,7419.75,7417.5,7419.25,265
2026-06-25 18:35:00,7419.5,7420.5,7418.5,7420.25,270
2026-06-25 18:36:00,7420.25,7421.5,7420.0,7421.0,259
2026-06-25 18:37:00,7421.0,7422.5,7420.5,7421.25,329
2026-06-25 18:38:00,7421.25,7422.0,7420.5,7421.75,207
2026-06-25 18:39:00,7422.0,7422.25,7420.75,7420.75,182
2026-06-25 18:40:00,7420.75,7421.75,7420.5,7421.5,161
2026-06-25 18:41:00,7421.5,7422.0,7420.75,7421.0,154
2026-06-25 18:42:00,7421.0,7421.0,7419.75,7420.5,263
2026-06-25 18:43:00,7420.75,7421.75,7420.75,7421.5,139
2026-06-25 18:44:00,7421.75,7423.0,7421.5,7422.25,316
2026-06-25 18:45:00,7422.25,7422.5,7421.5,7422.25,131
2026-06-25 18:46:00,7422.5,7423.0,7421.75,7422.0,171
2026-06-25 18:47:00,7421.5,7421.75,7419.5,7420.5,237
2026-06-25 18:48:00,7420.25,7421.25,7419.75,7420.5,197
2026-06-25 18:49:00,7420.25,7421.0,7419.25,7420.5,234
2026-06-25 18:50:00,7420.75,7421.75,7420.25,7421.25,197
2026-06-25 18:51:00,7421.0,7421.25,7420.0,7421.0,208
2026-06-25 18:52:00,7421.0,7423.75,7421.0,7423.25,418
2026-06-25 18:53:00,7423.25,7423.75,7423.0,7423.25,197
2026-06-25 18:54:00,7423.0,7425.25,7422.75,7425.25,435
2026-06-25 18:55:00,7425.25,7425.25,7424.5,7424.5,140
2026-06-25 18:56:00,7424.5,7426.25,7423.0,7425.75,547
2026-06-25 18:57:00,7425.5,7425.75,7424.5,7425.0,227
2026-06-25 18:58:00,7425.0,7426.25,7425.0,7426.25,174
2026-06-25 18:59:00,7426.25,7426.25,7425.25,7425.25,204
2026-06-25 19:00:00,7425.25,7426.0,7424.5,7425.75,263
2026-06-25 19:01:00,7425.75,7426.25,7425.25,7426.0,234
2026-06-25 19:02:00,7426.25,7426.75,7425.75,7426.75,157
2026-06-25 19:03:00,7426.75,7426.75,7425.75,7426.5,174
2026-06-25 19:04:00,7426.0,7427.25,7425.5,7426.5,225
2026-06-25 19:05:00,7426.5,7427.25,7426.25,7427.25,192
2026-06-25 19:06:00,7427.0,7427.0,7426.0,7426.25,228
2026-06-25 19:07:00,7426.5,7426.75,7426.0,7426.75,102
2026-06-25 19:08:00,7426.5,7426.5,7425.0,7425.75,302
2026-06-25 19:09:00,7425.75,7426.0,7424.5,7425.5,252
2026-06-25 19:10:00,7425.5,7427.0,7425.25,7426.0,193
2026-06-25 19:11:00,7426.25,7427.25,7426.25,7427.25,166
2026-06-25 19:12:00,7427.25,7428.75,7426.5,7428.25,410
2026-06-25 19:13:00,7428.25,7430.75,7428.25,7430.5,705
2026-06-25 19:14:00,7430.25,7433.75,7430.0,7433.25,1094
2026-06-25 19:15:00,7433.5,7433.5,7431.75,7432.75,501
2026-06-25 19:16:00,7433.0,7437.25,7432.5,7436.75,741
2026-06-25 19:17:00,7436.75,7442.0,7436.25,7441.75,1008
2026-06-25 19:18:00,7442.0,7447.0,7442.0,7445.0,1339
2026-06-25 19:19:00,7445.5,7448.75,7444.75,7447.0,1002
2026-06-25 19:20:00,7447.25,7452.5,7446.5,7450.75,1269
2026-06-25 19:21:00,7450.75,7454.0,7449.5,7452.75,1138
2026-06-25 19:22:00,7453.0,7453.5,7449.5,7450.5,923
2026-06-25 19:23:00,7451.0,7453.5,7449.5,7452.5,951
2026-06-25 19:24:00,7452.25,7453.25,7449.5,7449.5,595
2026-06-25 19:25:00,7449.75,7454.0,7449.5,7453.75,848
2026-06-25 19:26:00,7453.75,7453.75,7451.25,7451.75,354
2026-06-25 19:27:00,7451.5,7452.25,7450.0,7450.75,531
2026-06-25 19:28:00,7450.75,7452.5,7450.5,7452.0,285
2026-06-25 19:29:00,7451.5,7454.0,7449.5,7449.75,661
2026-06-25 19:30:00,7449.75,7451.5,7446.75,7447.0,1100
2026-06-25 19:31:00,7446.75,7450.5,7446.75,7449.5,747
2026-06-25 19:32:00,7449.25,7450.0,7448.0,7449.0,411
2026-06-25 19:33:00,7449.25,7449.25,7446.25,7446.5,405
2026-06-25 19:34:00,7446.25,7446.75,7444.0,7444.75,613
2026-06-25 19:35:00,7444.5,7445.25,7442.5,7443.25,483
2026-06-25 19:36:00,7443.5,7443.5,7440.25,7441.25,725
2026-06-25 19:37:00,7441.25,7443.5,7440.75,7442.0,685
2026-06-25 19:38:00,7441.75,7443.0,7439.0,7440.0,689
2026-06-25 19:39:00,7439.75,7440.25,7436.75,7437.0,641
2026-06-25 19:40:00,7437.0,7437.25,7435.25,7435.5,445
2026-06-25 19:41:00,7435.25,7436.75,7433.75,7433.75,522
2026-06-25 19:42:00,7433.5,7434.0,7431.75,7431.75,398
2026-06-25 19:43:00,7431.75,7433.0,7430.5,7432.0,597
2026-06-25 19:44:00,7432.0,7432.0,7430.25,7430.75,479
2026-06-25 19:45:00,7430.5,7430.5,7424.25,7425.5,1429
2026-06-25 19:46:00,7425.0,7427.25,7424.25,7425.75,1042
2026-06-25 19:47:00,7425.5,7425.75,7422.0,7424.25,887
2026-06-25 19:48:00,7424.0,7425.5,7422.25,7424.5,688
2026-06-25 19:49:00,7424.5,7424.75,7422.0,7423.0,409
2026-06-25 19:50:00,7423.0,7423.0,7417.25,7418.0,1623
2026-06-25 19:51:00,7418.25,7420.5,7417.0,7420.0,787
2026-06-25 19:52:00,7419.5,7421.5,7419.25,7420.5,546
2026-06-25 19:53:00,7420.5,7421.0,7419.5,7420.25,467
2026-06-25 19:54:00,7420.25,7421.75,7418.5,7421.5,516
2026-06-25 19:55:00,7421.75,7422.5,7420.0,7420.5,423
2026-06-25 19:56:00,7420.75,7421.5,7417.25,7420.0,710
2026-06-25 19:57:00,7420.75,7422.75,7420.25,7422.25,427
2026-06-25 19:58:00,7422.25,7423.25,7420.0,7421.0,459
2026-06-25 19:59:00,7421.0,7424.25,7420.75,7424.0,406
2026-06-25 20:00:00,7423.75,7426.75,7423.25,7426.25,929
2026-06-25 20:01:00,7426.0,7427.25,7420.5,7421.0,1124
2026-06-25 20:02:00,7421.25,7427.25,7419.5,7426.75,1037
2026-06-25 20:03:00,7426.5,7428.75,7425.5,7427.75,890
2026-06-25 20:04:00,7428.0,7430.75,7427.25,7428.25,830
2026-06-25 20:05:00,7428.5,7432.0,7427.5,7431.5,610
2026-06-25 20:06:00,7431.5,7434.25,7430.25,7433.25,932
2026-06-25 20:07:00,7433.5,7434.0,7429.0,7431.75,854
2026-06-25 20:08:00,7432.25,7433.25,7428.75,7429.25,706
2026-06-25 20:09:00,7429.25,7434.5,7428.0,7433.25,672
2026-06-25 20:10:00,7433.25,7433.5,7431.25,7431.5,407
2026-06-25 20:11:00,7431.75,7432.5,7428.75,7429.5,510
2026-06-25 20:12:00,7429.5,7430.25,7427.75,7428.5,517
2026-06-25 20:13:00,7428.75,7431.0,7426.5,7431.0,633
2026-06-25 20:14:00,7430.75,7433.5,7430.75,7432.0,547
2026-06-25 20:15:00,7432.25,7433.25,7429.0,7432.75,584
2026-06-25 20:16:00,7432.75,7433.75,7428.5,7428.75,446
2026-06-25 20:17:00,7428.5,7434.0,7428.5,7433.5,438
2026-06-25 20:18:00,7433.25,7435.5,7428.75,7429.25,717
2026-06-25 20:19:00,7429.25,7430.75,7427.25,7427.25,521
2026-06-25 20:20:00,7427.25,7430.75,7425.75,7430.0,537
2026-06-25 20:21:00,7430.5,7430.5,7427.25,7429.0,368
2026-06-25 20:22:00,7428.75,7430.0,7427.0,7429.0,356
2026-06-25 20:23:00,7429.0,7431.0,7428.5,7429.25,252
2026-06-25 20:24:00,7429.0,7429.0,7426.25,7426.25,254
2026-06-25 20:25:00,7426.25,7428.0,7425.0,7427.5,487
2026-06-25 20:26:00,7427.5,7427.75,7422.25,7423.0,693
2026-06-25 20:27:00,7422.75,7425.25,7420.5,7422.75,686
2026-06-25 20:28:00,7423.0,7427.5,7422.25,7426.25,608
2026-06-25 20:29:00,7426.0,7430.0,7424.5,7429.5,589
2026-06-25 20:30:00,7429.25,7430.5,7425.75,7426.25,552
2026-06-25 20:31:00,7426.5,7428.5,7425.0,7427.25,408
2026-06-25 20:32:00,7427.5,7430.0,7423.75,7425.25,546
2026-06-25 20:33:00,7425.5,7426.25,7424.0,7424.25,306
2026-06-25 20:34:00,7424.25,7425.75,7422.5,7424.75,520
2026-06-25 20:35:00,7425.0,7425.75,7422.5,7422.5,321
2026-06-25 20:36:00,7423.0,7427.5,7422.0,7426.75,498
2026-06-25 20:37:00,7427.0,7427.5,7424.5,7427.25,308
2026-06-25 20:38:00,7427.25,7427.25,7424.0,7425.0,210
2026-06-25 20:39:00,7424.75,7426.0,7422.25,7425.75,325
2026-06-25 20:40:00,7425.75,7429.0,7425.75,7428.0,510
2026-06-25 20:41:00,7428.0,7428.0,7424.0,7426.0,408
2026-06-25 20:42:00,7426.5,7429.75,7426.0,7426.25,465
2026-06-25 20:43:00,7426.5,7429.0,7426.25,7427.75,215
2026-06-25 20:44:00,7427.75,7428.0,7425.5,7426.0,239
2026-06-25 20:45:00,7426.0,7427.5,7425.0,7425.5,221
2026-06-25 20:46:00,7425.75,7427.25,7425.5,7426.5,180
2026-06-25 20:47:00,7426.5,7428.75,7425.0,7427.75,217
2026-06-25 20:48:00,7428.0,7429.5,7427.5,7428.5,191
2026-06-25 20:49:00,7428.75,7429.0,7425.5,7425.5,289
2026-06-25 20:50:00,7425.75,7425.75,7422.75,7423.5,515
2026-06-25 20:51:00,7423.75,7428.5,7423.75,7426.75,292
2026-06-25 20:52:00,7427.0,7429.0,7426.75,7426.75,174
2026-06-25 20:53:00,7427.0,7427.5,7425.25,7425.75,134
2026-06-25 20:54:00,7426.0,7426.25,7421.25,7422.0,421
2026-06-25 20:55:00,7422.0,7422.75,7421.0,7421.5,283
2026-06-25 20:56:00,7421.5,7424.25,7420.0,7420.75,596
2026-06-25 20:57:00,7421.0,7423.0,7418.5,7423.0,627
2026-06-25 20:58:00,7422.75,7425.0,7421.25,7424.25,602
2026-06-25 20:59:00,7424.25,7424.25,7421.0,7421.5,236
2026-06-25 21:00:00,7421.75,7424.25,7421.25,7424.25,523
2026-06-25 21:01:00,7423.75,7427.75,7423.5,7425.0,557
2026-06-25 21:02:00,7424.75,7425.25,7423.0,7424.0,275
2026-06-25 21:03:00,7424.0,7425.25,7422.25,7422.75,465
2026-06-25 21:04:00,7422.75,7424.0,7418.25,7418.5,538
2026-06-25 21:05:00,7418.75,7419.0,7412.25,7412.5,1409
2026-06-25 21:06:00,7412.75,7416.0,7411.5,7415.25,1070
2026-06-25 21:07:00,7415.0,7417.5,7414.75,7415.75,515
2026-06-25 21:08:00,7416.0,7420.25,7415.5,7419.25,437
2026-06-25 21:09:00,7419.0,7419.75,7417.0,7418.0,312
2026-06-25 21:10:00,7418.75,7420.75,7418.75,7420.5,369
2026-06-25 21:11:00,7420.5,7424.75,7420.0,7423.5,624
2026-06-25 21:12:00,7423.25,7425.0,7422.25,7424.25,320
2026-06-25 21:13:00,7424.25,7425.25,7421.75,7421.75,235
2026-06-25 21:14:00,7421.75,7422.25,7420.0,7422.0,244
2026-06-25 21:15:00,7421.75,7425.75,7421.25,7424.5,492
2026-06-25 21:16:00,7424.25,7427.25,7423.25,7427.0,416
2026-06-25 21:17:00,7426.75,7428.0,7424.25,7424.75,533
2026-06-25 21:18:00,7425.0,7425.25,7422.25,7423.5,312
2026-06-25 21:19:00,7423.5,7426.0,7423.0,7425.25,259
2026-06-25 21:20:00,7425.5,7427.0,7425.25,7426.75,266
2026-06-25 21:21:00,7426.5,7426.5,7424.0,7424.75,153
2026-06-25 21:22:00,7424.5,7425.75,7423.25,7425.5,164
2026-06-25 21:23:00,7426.0,7426.25,7424.0,7424.25,156
2026-06-25 21:24:00,7424.0,7424.75,7423.25,7424.0,116
2026-06-25 21:25:00,7424.0,7424.0,7420.0,7420.25,517
2026-06-25 21:26:00,7420.25,7421.25,7418.5,7419.0,303
2026-06-25 21:27:00,7418.75,7420.5,7418.0,7419.75,360
2026-06-25 21:28:00,7419.5,7419.75,7417.25,7417.75,340
2026-06-25 21:29:00,7418.0,7418.75,7416.5,7417.75,364
2026-06-25 21:30:00,7417.75,7418.75,7415.25,7417.0,641
2026-06-25 21:31:00,7416.5,7417.5,7415.75,7416.0,315
2026-06-25 21:32:00,7415.5,7416.0,7411.5,7412.25,974
2026-06-25 21:33:00,7412.0,7414.5,7410.25,7410.5,721
2026-06-25 21:34:00,7410.25,7410.25,7406.75,7408.75,1295
2026-06-25 21:35:00,7408.5,7410.25,7406.5,7407.25,792
2026-06-25 21:36:00,7407.0,7408.5,7406.5,7408.0,507
2026-06-25 21:37:00,7408.0,7410.25,7407.25,7408.0,641
2026-06-25 21:38:00,7407.75,7408.75,7406.25,7407.5,437
2026-06-25 21:39:00,7407.0,7409.25,7406.0,7408.75,452
2026-06-25 21:40:00,7408.5,7409.0,7406.75,7408.0,388
2026-06-25 21:41:00,7408.0,7409.25,7406.0,7406.5,405
2026-06-25 21:42:00,7406.5,7407.75,7403.75,7405.0,1053
2026-06-25 21:43:00,7405.0,7406.75,7404.5,7405.75,432
2026-06-25 21:44:00,7405.75,7407.0,7402.0,7403.25,767
2026-06-25 21:45:00,7402.75,7402.75,7397.75,7401.5,1892
2026-06-25 21:46:00,7401.25,7402.25,7399.5,7401.25,595
2026-06-25 21:47:00,7401.25,7404.5,7400.75,7403.75,676
2026-06-25 21:48:00,7403.75,7407.25,7403.75,7406.25,798
2026-06-25 21:49:00,7406.0,7407.5,7405.25,7406.25,404
2026-06-25 21:50:00,7406.75,7407.5,7405.25,7406.5,411
2026-06-25 21:51:00,7406.25,7407.5,7404.75,7405.5,389
2026-06-25 21:52:00,7405.25,7406.25,7404.5,7405.0,435
2026-06-25 21:53:00,7405.25,7406.0,7403.0,7403.75,491
2026-06-25 21:54:00,7404.25,7404.75,7401.75,7402.5,323
2026-06-25 21:55:00,7402.25,7403.0,7400.25,7402.5,496
2026-06-25 21:56:00,7402.5,7402.75,7399.75,7401.0,552
2026-06-25 21:57:00,7401.25,7401.25,7398.25,7399.0,399
2026-06-25 21:58:00,7398.75,7400.5,7395.25,7395.25,1038
2026-06-25 21:59:00,7395.25,7399.75,7395.0,7399.75,796
2026-06-25 22:00:00,7399.75,7401.5,7397.5,7399.25,1175
2026-06-25 22:01:00,7399.5,7399.75,7397.0,7398.0,561
2026-06-25 22:02:00,7398.0,7399.0,7396.0,7398.5,438
2026-06-25 22:03:00,7398.5,7400.0,7398.25,7398.75,287
2026-06-25 22:04:00,7398.25,7400.0,7395.75,7396.25,439
2026-06-25 22:05:00,7396.25,7398.25,7396.25,7397.0,353
2026-06-25 22:06:00,7396.75,7398.75,7395.75,7398.75,450
2026-06-25 22:07:00,7398.5,7401.5,7398.0,7400.25,537
2026-06-25 22:08:00,7400.0,7400.25,7398.75,7398.75,211
2026-06-25 22:09:00,7398.75,7399.25,7395.75,7396.75,337
2026-06-25 22:10:00,7396.75,7398.25,7394.5,7396.75,781
2026-06-25 22:11:00,7396.25,7396.5,7393.75,7395.0,435
2026-06-25 22:12:00,7395.0,7396.25,7393.0,7393.25,569
2026-06-25 22:13:00,7393.25,7394.75,7391.75,7394.5,872
2026-06-25 22:14:00,7394.25,7395.5,7393.25,7394.5,438
2026-06-25 22:15:00,7394.25,7395.0,7392.5,7393.5,549
2026-06-25 22:16:00,7393.5,7396.0,7393.0,7395.25,451
2026-06-25 22:17:00,7395.5,7397.25,7394.5,7396.25,321
2026-06-25 22:18:00,7396.0,7396.0,7393.0,7394.75,372
2026-06-25 22:19:00,7394.75,7395.0,7391.75,7392.5,386
2026-06-25 22:20:00,7392.25,7393.5,7391.0,7393.25,502
2026-06-25 22:21:00,7392.75,7394.25,7391.75,7392.0,500
2026-06-25 22:22:00,7392.25,7393.0,7392.0,7392.75,328
2026-06-25 22:23:00,7392.5,7392.75,7391.25,7391.5,324
2026-06-25 22:24:00,7391.5,7391.75,7388.25,7388.5,1545
2026-06-25 22:25:00,7388.5,7389.5,7386.5,7388.25,1385
2026-06-25 22:26:00,7388.0,7390.75,7388.0,7390.25,721
2026-06-25 22:27:00,7390.5,7390.5,7383.75,7387.5,1175
2026-06-25 22:28:00,7387.25,7389.25,7386.75,7388.5,481
2026-06-25 22:29:00,7388.75,7391.0,7388.0,7388.75,600
2026-06-25 22:30:00,7389.0,7389.75,7387.5,7388.0,510
2026-06-25 22:31:00,7388.75,7391.0,7388.5,7388.5,499
2026-06-25 22:32:00,7388.25,7388.25,7382.5,7384.0,1105
2026-06-25 22:33:00,7383.75,7386.75,7383.0,7386.0,759
2026-06-25 22:34:00,7386.0,7387.25,7384.75,7384.75,342
2026-06-25 22:35:00,7384.75,7385.75,7383.25,7384.25,411
2026-06-25 22:36:00,7383.75,7384.25,7381.75,7383.0,648
2026-06-25 22:37:00,7382.75,7383.0,7380.5,7381.0,919
2026-06-25 22:38:00,7380.75,7381.5,7378.75,7380.25,1126
2026-06-25 22:39:00,7380.5,7385.0,7380.25,7384.25,887
2026-06-25 22:40:00,7384.25,7384.25,7380.0,7380.25,731
2026-06-25 22:41:00,7380.0,7380.75,7378.0,7379.75,721
2026-06-25 22:42:00,7379.75,7384.0,7378.5,7383.25,763
2026-06-25 22:43:00,7383.25,7383.5,7381.0,7381.75,366
2026-06-25 22:44:00,7381.75,7383.25,7380.75,7381.5,420
2026-06-25 22:45:00,7381.5,7381.75,7372.25,7373.0,1931
2026-06-25 22:46:00,7373.25,7379.0,7372.25,7378.5,1610
2026-06-25 22:47:00,7378.5,7379.0,7375.75,7376.0,446
2026-06-25 22:48:00,7376.25,7376.5,7373.25,7373.75,525
2026-06-25 22:49:00,7373.5,7374.0,7371.75,7373.0,747
2026-06-25 22:50:00,7373.5,7377.0,7373.25,7376.75,790
2026-06-25 22:51:00,7376.5,7376.75,7373.25,7373.5,599
2026-06-25 22:52:00,7373.5,7374.0,7370.0,7373.0,898
2026-06-25 22:53:00,7372.75,7373.5,7371.25,7371.5,435
2026-06-25 22:54:00,7371.5,7373.0,7369.25,7370.5,1089
2026-06-25 22:55:00,7370.25,7371.25,7368.0,7368.5,873
2026-06-25 22:56:00,7368.25,7369.75,7366.75,7368.5,1096
2026-06-25 22:57:00,7368.25,7370.25,7367.25,7368.5,772
2026-06-25 22:58:00,7368.75,7370.5,7367.5,7369.5,638
2026-06-25 22:59:00,7369.75,7372.5,7369.5,7371.25,821
2026-06-25 23:00:00,7371.0,7371.5,7368.75,7370.5,641
2026-06-25 23:01:00,7370.25,7370.5,7365.5,7366.0,1194
2026-06-25 23:02:00,7366.25,7368.75,7365.25,7368.0,874
2026-06-25 23:03:00,7368.0,7369.0,7367.0,7367.5,477
2026-06-25 23:04:00,7367.5,7370.0,7366.75,7367.75,519
2026-06-25 23:05:00,7368.25,7369.25,7366.75,7368.25,374
2026-06-25 23:06:00,7368.0,7368.25,7365.75,7367.75,499
2026-06-25 23:07:00,7368.0,7368.25,7365.75,7367.75,503
2026-06-25 23:08:00,7368.0,7369.25,7367.0,7368.25,501
2026-06-25 23:09:00,7368.25,7368.5,7367.0,7367.25,310
2026-06-25 23:10:00,7367.0,7370.0,7365.5,7370.0,555
2026-06-25 23:11:00,7369.75,7370.5,7368.25,7370.25,571
2026-06-25 23:12:00,7370.0,7371.5,7368.75,7371.0,606
2026-06-25 23:13:00,7371.25,7371.75,7368.5,7369.0,389
2026-06-25 23:14:00,7369.0,7370.25,7368.0,7369.75,343
2026-06-25 23:15:00,7369.25,7371.0,7369.0,7370.0,521
2026-06-25 23:16:00,7369.75,7370.25,7368.0,7368.5,386
2026-06-25 23:17:00,7368.75,7370.5,7368.75,7369.75,370
2026-06-25 23:18:00,7370.0,7370.25,7367.25,7367.75,250
2026-06-25 23:19:00,7368.0,7371.0,7367.5,7370.0,473
2026-06-25 23:20:00,7370.0,7370.5,7368.5,7369.25,181
2026-06-25 23:21:00,7369.25,7369.5,7368.5,7368.5,190
2026-06-25 23:22:00,7368.5,7369.0,7366.5,7367.5,388
2026-06-25 23:23:00,7367.25,7367.75,7364.0,7367.5,852
2026-06-25 23:24:00,7367.5,7368.5,7366.5,7367.5,289
2026-06-25 23:25:00,7367.5,7368.75,7366.75,7368.5,265
2026-06-25 23:26:00,7368.25,7368.75,7367.5,7368.75,165
2026-06-25 23:27:00,7368.75,7370.0,7367.75,7369.0,577
2026-06-25 23:28:00,7368.75,7368.75,7367.0,7367.5,363
2026-06-25 23:29:00,7367.75,7369.0,7367.75,7368.5,162
2026-06-25 23:30:00,7368.25,7368.5,7364.25,7365.75,737
2026-06-25 23:31:00,7365.25,7366.25,7364.25,7365.75,524
2026-06-25 23:32:00,7365.5,7367.0,7364.5,7365.0,295
2026-06-25 23:33:00,7365.0,7367.25,7364.5,7365.75,350
2026-06-25 23:34:00,7365.75,7365.75,7363.0,7363.5,659
2026-06-25 23:35:00,7364.25,7364.25,7361.75,7362.75,711
2026-06-25 23:36:00,7362.5,7364.75,7362.25,7362.75,423
2026-06-25 23:37:00,7362.5,7363.25,7357.5,7358.5,1427
2026-06-25 23:38:00,7358.5,7362.0,7357.25,7361.75,1030
2026-06-25 23:39:00,7361.5,7363.5,7361.25,7362.75,603
2026-06-25 23:40:00,7362.75,7366.25,7361.25,7363.75,1041
2026-06-25 23:41:00,7364.0,7367.5,7363.5,7366.0,932
2026-06-25 23:42:00,7365.75,7367.25,7364.5,7365.5,476
2026-06-25 23:43:00,7365.75,7368.25,7365.25,7366.75,464
2026-06-25 23:44:00,7367.25,7369.75,7366.75,7369.75,740
2026-06-25 23:45:00,7369.5,7370.75,7368.75,7369.75,715
2026-06-25 23:46:00,7369.5,7370.25,7367.75,7368.25,592
2026-06-25 23:47:00,7368.5,7370.25,7366.75,7369.5,544
2026-06-25 23:48:00,7369.25,7369.75,7367.75,7369.0,284
2026-06-25 23:49:00,7369.25,7370.0,7366.5,7367.5,354
2026-06-25 23:50:00,7367.25,7369.5,7367.25,7368.25,291
2026-06-25 23:51:00,7368.25,7372.5,7368.25,7370.5,816
2026-06-25 23:52:00,7370.25,7373.25,7370.25,7372.0,865
2026-06-25 23:53:00,7372.0,7373.25,7371.25,7372.5,484
2026-06-25 23:54:00,7372.25,7377.25,7372.25,7376.75,895
2026-06-25 23:55:00,7376.5,7379.0,7375.75,7378.0,850
2026-06-25 23:56:00,7378.0,7379.0,7377.25,7378.25,410
2026-06-25 23:57:00,7378.0,7380.0,7377.0,7379.25,472
2026-06-25 23:58:00,7379.5,7381.25,7378.75,7381.25,494
2026-06-25 23:59:00,7381.25,7383.5,7379.5,7383.0,916
2026-06-26 00:00:00,7383.25,7385.25,7382.25,7382.75,1366
2026-06-26 00:01:00,7382.75,7385.25,7381.75,7384.25,512
2026-06-26 00:02:00,7383.75,7384.25,7381.25,7382.5,554
2026-06-26 00:03:00,7382.25,7383.75,7381.5,7383.0,363
2026-06-26 00:04:00,7383.25,7385.5,7381.25,7381.25,636
2026-06-26 00:05:00,7381.25,7383.0,7381.0,7382.0,434
2026-06-26 00:06:00,7382.25,7382.25,7378.25,7379.0,781
2026-06-26 00:07:00,7379.0,7382.0,7378.25,7382.0,495
2026-06-26 00:08:00,7382.0,7384.5,7380.5,7384.0,677
2026-06-26 00:09:00,7383.75,7384.0,7381.0,7381.25,515
2026-06-26 00:10:00,7381.25,7383.25,7381.0,7382.75,246
2026-06-26 00:11:00,7383.0,7384.5,7382.5,7383.5,355
2026-06-26 00:12:00,7383.75,7383.75,7381.0,7382.5,198
2026-06-26 00:13:00,7382.5,7382.5,7380.5,7382.0,204
2026-06-26 00:14:00,7381.75,7382.5,7380.25,7380.75,160
2026-06-26 00:15:00,7381.25,7383.0,7380.5,7382.5,345
2026-06-26 00:16:00,7382.75,7385.0,7382.5,7383.0,320
2026-06-26 00:17:00,7383.0,7385.0,7383.0,7385.0,223
2026-06-26 00:18:00,7385.0,7385.0,7381.0,7381.0,242
2026-06-26 00:19:00,7381.25,7381.75,7380.25,7381.25,184
2026-06-26 00:20:00,7381.0,7382.25,7380.0,7380.0,301
2026-06-26 00:21:00,7380.5,7381.5,7379.5,7379.75,258
2026-06-26 00:22:00,7380.0,7381.5,7378.5,7379.25,422
2026-06-26 00:23:00,7379.25,7380.25,7375.75,7378.25,715
2026-06-26 00:24:00,7378.0,7378.25,7373.75,7374.25,777
2026-06-26 00:25:00,7374.0,7374.5,7371.5,7372.0,658
2026-06-26 00:26:00,7372.25,7373.5,7371.25,7372.5,413
2026-06-26 00:27:00,7372.0,7375.5,7371.5,7374.75,414
2026-06-26 00:28:00,7374.75,7376.5,7374.5,7375.25,379
2026-06-26 00:29:00,7375.0,7377.5,7373.75,7376.5,477
2026-06-26 00:30:00,7376.5,7380.0,7375.25,7377.0,855
2026-06-26 00:31:00,7377.25,7377.75,7375.0,7376.0,359
2026-06-26 00:32:00,7376.0,7376.0,7373.0,7373.5,346
2026-06-26 00:33:00,7373.5,7375.0,7372.25,7372.25,351
2026-06-26 00:34:00,7372.5,7373.5,7370.25,7371.0,500
2026-06-26 00:35:00,7371.0,7372.5,7369.5,7372.25,469
2026-06-26 00:36:00,7372.0,7372.25,7370.5,7371.25,277
2026-06-26 00:37:00,7371.5,7372.75,7370.5,7370.75,228
2026-06-26 00:38:00,7370.5,7372.0,7370.0,7371.25,237
2026-06-26 00:39:00,7371.5,7371.5,7369.75,7370.0,173
2026-06-26 00:40:00,7370.25,7372.5,7368.75,7371.5,462
2026-06-26 00:41:00,7371.75,7373.25,7371.0,7372.5,374
2026-06-26 00:42:00,7372.25,7372.5,7370.25,7370.75,214
2026-06-26 00:43:00,7371.0,7371.5,7370.25,7370.5,109
2026-06-26 00:44:00,7370.75,7373.5,7370.25,7373.0,276
2026-06-26 00:45:00,7373.25,7373.25,7371.0,7371.25,343
2026-06-26 00:46:00,7371.5,7372.0,7369.75,7370.75,242
2026-06-26 00:47:00,7370.75,7370.75,7369.25,7369.25,196
2026-06-26 00:48:00,7369.75,7370.5,7368.0,7369.0,343
2026-06-26 00:49:00,7368.75,7369.75,7368.0,7369.25,306
2026-06-26 00:50:00,7369.25,7370.5,7368.5,7368.75,340
2026-06-26 00:51:00,7368.5,7369.5,7367.5,7368.5,331
2026-06-26 00:52:00,7368.5,7369.0,7367.75,7367.75,118
2026-06-26 00:53:00,7367.75,7368.0,7365.5,7367.0,512
2026-06-26 00:54:00,7367.25,7369.0,7366.5,7368.0,233
2026-06-26 00:55:00,7368.0,7368.0,7366.0,7367.25,233
2026-06-26 00:56:00,7367.0,7368.25,7366.5,7366.5,178
2026-06-26 00:57:00,7366.75,7367.25,7366.25,7367.25,114
2026-06-26 00:58:00,7367.0,7368.0,7366.25,7367.0,174
2026-06-26 00:59:00,7367.0,7368.0,7366.5,7367.75,183
2026-06-26 01:00:00,7367.75,7369.0,7367.0,7368.5,355
2026-06-26 01:01:00,7368.25,7369.75,7366.75,7369.5,283
2026-06-26 01:02:00,7369.75,7371.5,7368.5,7369.0,501
2026-06-26 01:03:00,7369.25,7371.0,7366.5,7367.25,379
2026-06-26 01:04:00,7367.0,7368.0,7365.5,7366.5,194
2026-06-26 01:05:00,7366.5,7368.75,7364.5,7365.5,393
2026-06-26 01:06:00,7365.5,7367.75,7364.75,7367.75,256
2026-06-26 01:07:00,7367.75,7370.25,7367.5,7370.25,262
2026-06-26 01:08:00,7370.0,7370.5,7368.25,7369.5,428
2026-06-26 01:09:00,7369.5,7370.0,7367.75,7367.75,209
2026-06-26 01:10:00,7367.75,7370.25,7367.75,7369.75,289
2026-06-26 01:11:00,7369.5,7370.75,7368.75,7368.75,264
2026-06-26 01:12:00,7369.25,7371.75,7368.75,7370.75,281
2026-06-26 01:13:00,7371.0,7374.25,7371.0,7374.0,443
2026-06-26 01:14:00,7374.0,7376.75,7373.5,7376.75,611
2026-06-26 01:15:00,7376.25,7379.0,7375.75,7378.25,497
2026-06-26 01:16:00,7378.25,7379.0,7376.0,7376.0,471
2026-06-26 01:17:00,7375.75,7376.5,7374.25,7375.75,271
2026-06-26 01:18:00,7376.5,7377.0,7375.5,7376.5,195
2026-06-26 01:19:00,7376.5,7378.25,7376.0,7376.0,264
2026-06-26 01:20:00,7376.25,7376.5,7374.75,7375.25,237
2026-06-26 01:21:00,7375.5,7377.0,7375.0,7375.25,152
2026-06-26 01:22:00,7375.0,7375.75,7374.0,7374.5,210
2026-06-26 01:23:00,7374.25,7374.75,7373.25,7374.25,148
2026-06-26 01:24:00,7373.75,7375.0,7373.25,7374.25,137
2026-06-26 01:25:00,7374.5,7377.0,7374.25,7376.75,215
2026-06-26 01:26:00,7376.75,7378.5,7376.75,7378.25,272
2026-06-26 01:27:00,7378.0,7379.75,7378.0,7379.25,344
2026-06-26 01:28:00,7379.25,7379.25,7377.25,7379.0,212
2026-06-26 01:29:00,7379.0,7380.25,7378.5,7378.75,382
2026-06-26 01:30:00,7379.0,7382.25,7379.0,7382.0,600
2026-06-26 01:31:00,7381.75,7382.5,7380.5,7380.75,369
2026-06-26 01:32:00,7380.25,7382.0,7380.25,7381.75,158
2026-06-26 01:33:00,7382.0,7382.5,7381.0,7382.0,234
2026-06-26 01:34:00,7381.5,7382.75,7380.75,7381.75,276
2026-06-26 01:35:00,7381.0,7382.25,7379.75,7382.25,367
2026-06-26 01:36:00,7382.5,7383.0,7379.25,7379.75,377
2026-06-26 01:37:00,7379.25,7380.0,7378.25,7379.25,329
2026-06-26 01:38:00,7379.0,7379.5,7376.75,7377.25,341
2026-06-26 01:39:00,7377.0,7377.25,7374.5,7375.0,617
2026-06-26 01:40:00,7375.0,7375.0,7371.75,7372.5,592
2026-06-26 01:41:00,7372.25,7372.75,7371.0,7372.5,346
2026-06-26 01:42:00,7372.75,7372.75,7368.5,7369.0,487
2026-06-26 01:43:00,7369.0,7369.75,7368.5,7369.25,408
2026-06-26 01:44:00,7369.0,7369.25,7367.5,7367.75,185
2026-06-26 01:45:00,7368.25,7368.5,7365.25,7365.25,384
2026-06-26 01:46:00,7365.5,7367.75,7365.5,7367.0,315
2026-06-26 01:47:00,7366.75,7367.5,7366.25,7366.75,245
2026-06-26 01:48:00,7366.5,7367.0,7365.0,7366.0,301
2026-06-26 01:49:00,7366.25,7369.75,7365.75,7369.75,446
2026-06-26 01:50:00,7369.75,7372.5,7369.0,7371.5,655
2026-06-26 01:51:00,7371.5,7375.5,7371.25,7374.25,415
2026-06-26 01:52:00,7374.25,7375.0,7373.25,7374.0,301
2026-06-26 01:53:00,7374.0,7375.75,7373.75,7375.0,264
2026-06-26 01:54:00,7374.75,7375.25,7374.0,7374.25,90
2026-06-26 01:55:00,7374.5,7374.75,7372.25,7373.0,257
2026-06-26 01:56:00,7373.0,7375.25,7371.75,7375.25,259
2026-06-26 01:57:00,7375.0,7375.0,7373.0,7373.5,201
2026-06-26 01:58:00,7373.75,7375.5,7373.25,7375.0,124
2026-06-26 01:59:00,7374.75,7375.0,7372.0,7372.0,156
2026-06-26 02:00:00,7372.25,7375.0,7371.5,7373.25,345
2026-06-26 02:01:00,7372.5,7373.75,7371.75,7372.75,129
2026-06-26 02:02:00,7372.25,7375.5,7372.25,7374.5,229
2026-06-26 02:03:00,7374.5,7375.25,7372.75,7373.25,153
2026-06-26 02:04:00,7373.25,7374.25,7373.0,7373.5,187
2026-06-26 02:05:00,7373.5,7374.0,7372.25,7372.75,120
2026-06-26 02:06:00,7372.75,7373.75,7372.5,7373.0,127
2026-06-26 02:07:00,7372.75,7373.25,7371.0,7372.75,300
2026-06-26 02:08:00,7372.75,7373.25,7369.25,7369.5,355
2026-06-26 02:09:00,7369.25,7371.25,7369.0,7370.25,259
2026-06-26 02:10:00,7370.0,7371.75,7369.25,7370.5,150
2026-06-26 02:11:00,7370.75,7373.5,7370.75,7372.25,469
2026-06-26 02:12:00,7372.5,7375.0,7372.5,7373.25,251
2026-06-26 02:13:00,7373.5,7375.5,7373.5,7374.5,247
2026-06-26 02:14:00,7374.0,7376.5,7374.0,7375.75,479
2026-06-26 02:15:00,7375.75,7378.5,7375.75,7378.5,528
2026-06-26 02:16:00,7378.5,7379.5,7377.5,7379.25,320
2026-06-26 02:17:00,7379.25,7379.5,7377.75,7378.75,184
2026-06-26 02:18:00,7378.5,7378.5,7377.75,7378.0,201
2026-06-26 02:19:00,7377.75,7377.75,7376.25,7376.5,203
2026-06-26 02:20:00,7376.25,7379.75,7376.25,7378.5,347
2026-06-26 02:21:00,7378.5,7380.5,7378.5,7380.25,195
2026-06-26 02:22:00,7380.5,7381.75,7379.25,7379.25,321
2026-06-26 02:23:00,7379.25,7380.5,7378.75,7380.5,289
2026-06-26 02:24:00,7380.5,7381.75,7380.25,7381.25,186
2026-06-26 02:25:00,7381.25,7384.0,7381.0,7382.5,472
2026-06-26 02:26:00,7382.5,7383.25,7381.5,7382.0,225
2026-06-26 02:27:00,7381.75,7383.5,7381.75,7383.5,229
2026-06-26 02:28:00,7383.25,7383.5,7380.0,7381.5,380
2026-06-26 02:29:00,7381.75,7387.0,7381.75,7386.5,884
2026-06-26 02:30:00,7386.5,7387.25,7384.0,7385.0,557
2026-06-26 02:31:00,7384.5,7387.5,7384.25,7387.25,302
2026-06-26 02:32:00,7387.0,7390.75,7386.25,7390.0,1061
2026-06-26 02:33:00,7390.25,7390.75,7388.0,7388.0,393
2026-06-26 02:34:00,7388.0,7389.75,7388.0,7389.75,187
2026-06-26 02:35:00,7389.75,7391.25,7389.5,7391.0,458
2026-06-26 02:36:00,7391.0,7392.75,7390.25,7391.25,428
2026-06-26 02:37:00,7391.25,7392.5,7390.25,7391.0,328
2026-06-26 02:38:00,7390.75,7391.25,7390.25,7391.0,212
2026-06-26 02:39:00,7390.5,7391.75,7390.25,7391.0,173
2026-06-26 02:40:00,7391.0,7391.25,7389.25,7389.5,420
2026-06-26 02:41:00,7389.75,7392.0,7389.75,7392.0,197
2026-06-26 02:42:00,7392.25,7393.0,7391.0,7392.75,267
2026-06-26 02:43:00,7392.5,7394.0,7391.5,7394.0,311
2026-06-26 02:44:00,7394.25,7395.75,7392.5,7395.5,565
2026-06-26 02:45:00,7395.25,7395.75,7394.25,7395.25,372
2026-06-26 02:46:00,7395.5,7403.0,7395.0,7401.5,1736
2026-06-26 02:47:00,7401.25,7401.25,7398.0,7398.0,512
2026-06-26 02:48:00,7398.0,7399.0,7397.0,7398.0,391
2026-06-26 02:49:00,7398.0,7398.75,7397.75,7398.5,244
2026-06-26 02:50:00,7398.5,7399.5,7397.25,7398.0,332
2026-06-26 02:51:00,7398.0,7398.5,7396.75,7397.5,233
2026-06-26 02:52:00,7397.5,7399.0,7396.75,7397.25,193
2026-06-26 02:53:00,7397.25,7401.25,7396.75,7401.0,457
2026-06-26 02:54:00,7401.25,7408.0,7401.0,7407.25,851
2026-06-26 02:55:00,7406.75,7409.5,7406.5,7406.75,827
2026-06-26 02:56:00,7406.75,7407.0,7403.5,7403.75,458
2026-06-26 02:57:00,7403.75,7405.0,7403.5,7404.75,172
2026-06-26 02:58:00,7405.0,7405.5,7402.5,7404.0,403
2026-06-26 02:59:00,7404.0,7404.75,7402.25,7404.0,417
2026-06-26 03:00:00,7403.75,7406.25,7403.25,7404.25,619
2026-06-26 03:01:00,7403.5,7403.75,7401.5,7402.75,359
2026-06-26 03:02:00,7402.5,7403.5,7400.75,7401.25,317
2026-06-26 03:03:00,7401.0,7402.25,7400.5,7400.5,260
2026-06-26 03:04:00,7400.5,7400.75,7398.25,7398.5,484
2026-06-26 03:05:00,7398.75,7399.5,7396.75,7397.0,410
2026-06-26 03:06:00,7396.75,7398.25,7396.25,7397.25,217
2026-06-26 03:07:00,7397.75,7398.5,7395.5,7398.0,399
2026-06-26 03:08:00,7398.0,7398.0,7396.0,7396.75,247
2026-06-26 03:09:00,7397.25,7397.25,7395.0,7395.0,315
2026-06-26 03:10:00,7395.0,7397.5,7394.75,7397.25,284
2026-06-26 03:11:00,7397.25,7401.75,7396.0,7400.75,436
2026-06-26 03:12:00,7400.75,7402.75,7400.5,7400.5,349
2026-06-26 03:13:00,7400.75,7402.25,7400.5,7401.75,145
2026-06-26 03:14:00,7401.75,7403.25,7401.25,7402.5,258
2026-06-26 03:15:00,7402.5,7403.0,7401.25,7402.5,286
2026-06-26 03:16:00,7402.25,7404.75,7402.25,7404.25,384
2026-06-26 03:17:00,7404.25,7407.0,7403.25,7406.5,668
2026-06-26 03:18:00,7406.5,7406.75,7402.25,7402.5,727
2026-06-26 03:19:00,7402.75,7404.75,7401.25,7404.5,263
2026-06-26 03:20:00,7404.25,7404.75,7401.0,7401.75,202
2026-06-26 03:21:00,7401.75,7404.5,7401.5,7403.5,213
2026-06-26 03:22:00,7403.25,7406.5,7402.25,7406.0,342
2026-06-26 03:23:00,7405.75,7405.75,7403.5,7404.75,252
2026-06-26 03:24:00,7404.5,7408.5,7404.25,7408.0,450
2026-06-26 03:25:00,7408.25,7408.5,7404.25,7405.5,450
2026-06-26 03:26:00,7405.5,7406.75,7405.0,7406.25,258
2026-06-26 03:27:00,7406.25,7407.5,7405.5,7407.25,155
2026-06-26 03:28:00,7407.5,7409.5,7407.25,7407.25,448
2026-06-26 03:29:00,7407.25,7409.5,7407.0,7409.25,301
2026-06-26 03:30:00,7409.5,7412.25,7409.0,7411.75,946
2026-06-26 03:31:00,7412.0,7413.0,7411.5,7412.0,400
2026-06-26 03:32:00,7412.0,7413.75,7411.25,7412.0,466
2026-06-26 03:33:00,7412.0,7412.0,7411.0,7411.5,215
2026-06-26 03:34:00,7411.75,7412.5,7411.0,7411.75,340
2026-06-26 03:35:00,7411.5,7412.75,7408.75,7409.5,492
2026-06-26 03:36:00,7409.25,7410.25,7408.25,7409.25,367
2026-06-26 03:37:00,7409.25,7411.0,7408.75,7411.0,188
2026-06-26 03:38:00,7411.0,7411.75,7409.75,7410.25,165
2026-06-26 03:39:00,7410.0,7412.5,7409.0,7412.5,312
2026-06-26 03:40:00,7412.25,7412.5,7409.0,7409.0,313
2026-06-26 03:41:00,7409.25,7410.0,7406.5,7407.5,499
2026-06-26 03:42:00,7407.75,7408.25,7406.5,7407.5,211
2026-06-26 03:43:00,7407.25,7408.25,7407.0,7407.5,182
2026-06-26 03:44:00,7407.75,7407.75,7406.5,7406.75,177
2026-06-26 03:45:00,7406.75,7406.75,7405.0,7405.5,348
2026-06-26 03:46:00,7405.5,7406.75,7404.5,7406.5,409
2026-06-26 03:47:00,7406.75,7406.75,7404.5,7405.5,195
2026-06-26 03:48:00,7405.5,7407.25,7405.0,7406.25,188
2026-06-26 03:49:00,7406.25,7406.5,7405.0,7406.25,186
2026-06-26 03:50:00,7406.0,7408.0,7405.75,7407.75,196
2026-06-26 03:51:00,7407.75,7410.25,7406.75,7408.5,287
2026-06-26 03:52:00,7408.25,7409.0,7406.5,7408.5,269
2026-06-26 03:53:00,7408.5,7410.5,7408.0,7410.5,193
2026-06-26 03:54:00,7410.25,7412.0,7410.0,7411.75,233
2026-06-26 03:55:00,7411.5,7412.0,7410.25,7410.75,248
2026-06-26 03:56:00,7410.5,7411.25,7410.0,7411.25,153
2026-06-26 03:57:00,7411.0,7411.25,7409.75,7411.0,206
2026-06-26 03:58:00,7411.25,7411.75,7409.25,7411.0,248
2026-06-26 03:59:00,7410.75,7412.0,7410.25,7411.25,197
2026-06-26 04:00:00,7411.0,7415.75,7410.5,7411.25,1511
2026-06-26 04:01:00,7411.0,7411.75,7406.25,7406.75,663
2026-06-26 04:02:00,7406.75,7407.75,7405.25,7406.75,492
2026-06-26 04:03:00,7406.75,7407.5,7406.0,7407.25,405
2026-06-26 04:04:00,7407.5,7407.5,7404.75,7404.75,278
2026-06-26 04:05:00,7405.0,7405.5,7403.0,7403.25,576
2026-06-26 04:06:00,7403.25,7404.0,7401.0,7403.5,578
2026-06-26 04:07:00,7403.5,7407.5,7403.0,7406.5,516
2026-06-26 04:08:00,7406.75,7410.25,7406.0,7408.5,589
2026-06-26 04:09:00,7408.5,7409.0,7406.75,7407.0,443
2026-06-26 04:10:00,7407.0,7408.0,7405.5,7406.5,439
2026-06-26 04:11:00,7406.75,7406.75,7405.25,7406.0,404
2026-06-26 04:12:00,7406.25,7408.25,7405.5,7405.5,313
2026-06-26 04:13:00,7405.5,7406.0,7402.75,7403.5,444
2026-06-26 04:14:00,7403.25,7403.25,7401.75,7402.75,316
2026-06-26 04:15:00,7403.0,7404.25,7401.5,7403.75,337
2026-06-26 04:16:00,7403.75,7406.0,7403.75,7405.75,345
2026-06-26 04:17:00,7405.25,7406.25,7404.5,7405.75,178
2026-06-26 04:18:00,7406.0,7407.0,7402.25,7402.5,235
2026-06-26 04:19:00,7402.5,7402.75,7401.25,7401.75,277
2026-06-26 04:20:00,7402.0,7402.5,7400.25,7401.75,412
2026-06-26 04:21:00,7402.0,7403.75,7400.75,7403.25,349
2026-06-26 04:22:00,7403.5,7404.5,7402.75,7404.25,235
2026-06-26 04:23:00,7404.0,7404.25,7403.25,7403.5,168
2026-06-26 04:24:00,7403.75,7405.75,7403.75,7405.25,429
2026-06-26 04:25:00,7405.0,7406.75,7404.0,7405.0,504
2026-06-26 04:26:00,7405.0,7406.25,7404.25,7405.75,199
2026-06-26 04:27:00,7405.5,7407.75,7405.25,7407.5,322
2026-06-26 04:28:00,7407.75,7409.25,7407.5,7407.5,294
2026-06-26 04:29:00,7407.75,7408.75,7407.0,7407.5,454
2026-06-26 04:30:00,7407.5,7407.75,7404.25,7405.25,411
2026-06-26 04:31:00,7405.5,7407.25,7404.75,7405.75,471
2026-06-26 04:32:00,7405.25,7405.25,7403.5,7404.25,180
2026-06-26 04:33:00,7404.5,7404.5,7401.25,7401.25,349
2026-06-26 04:34:00,7401.25,7401.5,7398.5,7400.25,913
2026-06-26 04:35:00,7400.25,7400.5,7398.25,7399.75,393
2026-06-26 04:36:00,7400.0,7401.25,7399.0,7401.0,433
2026-06-26 04:37:00,7401.0,7401.25,7400.25,7400.5,162
2026-06-26 04:38:00,7400.25,7402.0,7400.25,7401.5,277
2026-06-26 04:39:00,7401.5,7402.25,7399.75,7400.5,213
2026-06-26 04:40:00,7400.75,7401.5,7400.25,7401.0,155
2026-06-26 04:41:00,7401.0,7402.0,7400.75,7401.75,92
2026-06-26 04:42:00,7401.5,7403.25,7401.0,7401.25,157
2026-06-26 04:43:00,7401.5,7402.25,7399.5,7399.5,314
2026-06-26 04:44:00,7399.25,7399.75,7396.5,7397.75,374
2026-06-26 04:45:00,7397.75,7398.75,7396.75,7397.0,347
2026-06-26 04:46:00,7397.0,7397.5,7395.5,7397.0,362
2026-06-26 04:47:00,7397.0,7397.75,7393.75,7394.5,383
2026-06-26 04:48:00,7395.0,7395.75,7394.25,7395.0,238
2026-06-26 04:49:00,7395.25,7395.25,7391.75,7391.75,406
2026-06-26 04:50:00,7392.0,7393.5,7391.25,7393.25,354
2026-06-26 04:51:00,7393.25,7393.25,7386.25,7388.25,815
2026-06-26 04:52:00,7388.0,7390.25,7387.5,7388.25,377
2026-06-26 04:53:00,7388.5,7389.0,7387.5,7388.75,192
2026-06-26 04:54:00,7388.5,7389.25,7386.0,7386.0,341
2026-06-26 04:55:00,7386.0,7386.0,7381.25,7383.25,1112
2026-06-26 04:56:00,7383.75,7387.25,7383.25,7386.75,543
2026-06-26 04:57:00,7386.75,7388.75,7384.25,7388.0,500
2026-06-26 04:58:00,7388.25,7389.5,7387.5,7388.5,330
2026-06-26 04:59:00,7388.5,7389.5,7386.5,7388.75,577
2026-06-26 05:00:00,7388.75,7389.5,7385.5,7385.75,530
2026-06-26 05:01:00,7385.5,7387.0,7384.75,7385.0,401
2026-06-26 05:02:00,7385.0,7386.0,7383.25,7385.75,514
2026-06-26 05:03:00,7385.5,7387.0,7384.25,7385.25,336
2026-06-26 05:04:00,7385.0,7385.0,7383.75,7384.25,295
2026-06-26 05:05:00,7384.5,7387.25,7384.5,7386.0,217
2026-06-26 05:06:00,7386.0,7387.5,7383.5,7384.5,566
2026-06-26 05:07:00,7384.5,7385.75,7384.25,7385.25,162
2026-06-26 05:08:00,7385.25,7388.25,7385.25,7387.75,315
2026-06-26 05:09:00,7387.5,7387.75,7384.5,7384.5,288
2026-06-26 05:10:00,7384.5,7385.0,7382.25,7383.5,328
2026-06-26 05:11:00,7383.5,7385.5,7383.5,7385.0,179
2026-06-26 05:12:00,7385.0,7385.25,7384.0,7384.5,217
2026-06-26 05:13:00,7384.5,7386.5,7383.0,7385.5,343
2026-06-26 05:14:00,7386.0,7390.0,7386.0,7388.5,523
2026-06-26 05:15:00,7388.25,7389.75,7388.25,7388.25,329
2026-06-26 05:16:00,7388.0,7388.5,7385.25,7385.75,394
2026-06-26 05:17:00,7385.75,7387.75,7385.75,7387.75,167
2026-06-26 05:18:00,7388.0,7389.5,7387.25,7387.25,196
2026-06-26 05:19:00,7387.25,7387.5,7382.25,7386.0,1119
2026-06-26 05:20:00,7385.75,7386.25,7380.25,7383.25,843
2026-06-26 05:21:00,7383.0,7384.75,7380.5,7381.25,495
2026-06-26 05:22:00,7381.25,7382.25,7380.0,7382.0,446
2026-06-26 05:23:00,7382.5,7384.5,7382.0,7383.75,341
2026-06-26 05:24:00,7382.75,7383.25,7381.5,7381.75,143
2026-06-26 05:25:00,7381.75,7383.75,7381.5,7383.0,436
2026-06-26 05:26:00,7382.75,7383.0,7380.5,7382.5,222
2026-06-26 05:27:00,7382.25,7384.25,7381.5,7382.75,478
2026-06-26 05:28:00,7382.75,7383.25,7381.5,7383.0,158
2026-06-26 05:29:00,7383.25,7384.75,7382.5,7383.5,610
2026-06-26 05:30:00,7383.5,7383.5,7381.25,7382.0,385
2026-06-26 05:31:00,7382.5,7383.0,7380.0,7380.5,347
2026-06-26 05:32:00,7380.25,7383.0,7380.0,7382.75,334
2026-06-26 05:33:00,7382.75,7384.0,7381.5,7382.75,477
2026-06-26 05:34:00,7382.5,7386.25,7382.5,7386.0,438
2026-06-26 05:35:00,7385.5,7388.25,7385.5,7387.25,399
2026-06-26 05:36:00,7387.0,7387.0,7385.25,7386.25,212
2026-06-26 05:37:00,7386.0,7387.0,7384.25,7386.75,295
2026-06-26 05:38:00,7386.5,7389.5,7385.75,7387.75,350
2026-06-26 05:39:00,7387.75,7389.0,7386.5,7387.5,234
2026-06-26 05:40:00,7387.5,7393.5,7387.5,7393.25,674
2026-06-26 05:41:00,7393.25,7394.25,7393.0,7393.75,283
2026-06-26 05:42:00,7394.0,7395.75,7393.5,7394.0,352
2026-06-26 05:43:00,7393.75,7394.5,7392.25,7394.25,332
2026-06-26 05:44:00,7394.25,7394.25,7392.25,7392.25,188
2026-06-26 05:45:00,7392.5,7394.0,7390.5,7394.0,427
2026-06-26 05:46:00,7394.0,7395.75,7393.5,7394.5,553
2026-06-26 05:47:00,7394.25,7394.5,7393.5,7393.5,300
2026-06-26 05:48:00,7393.5,7396.25,7392.75,7394.5,537
2026-06-26 05:49:00,7394.75,7395.25,7392.5,7393.5,316
2026-06-26 05:50:00,7393.75,7394.0,7391.75,7393.5,282
2026-06-26 05:51:00,7393.5,7394.25,7392.5,7393.5,318
2026-06-26 05:52:00,7393.25,7393.75,7391.5,7392.0,225
2026-06-26 05:53:00,7392.0,7392.5,7391.25,7391.25,289
2026-06-26 05:54:00,7391.5,7391.5,7387.75,7388.0,586
2026-06-26 05:55:00,7388.0,7388.25,7386.0,7386.5,383
2026-06-26 05:56:00,7386.5,7387.0,7385.5,7386.0,206
2026-06-26 05:57:00,7386.0,7386.0,7384.0,7385.25,238
2026-06-26 05:58:00,7385.25,7386.5,7384.75,7386.0,252
2026-06-26 05:59:00,7386.0,7386.5,7384.5,7385.5,252
2026-06-26 06:00:00,7385.5,7386.25,7381.0,7382.75,810
2026-06-26 06:01:00,7382.75,7384.0,7377.75,7378.0,539
2026-06-26 06:02:00,7378.25,7378.25,7376.75,7377.5,716
2026-06-26 06:03:00,7377.75,7380.25,7377.75,7379.0,540
2026-06-26 06:04:00,7379.0,7380.5,7378.25,7379.75,221
2026-06-26 06:05:00,7379.5,7382.0,7379.25,7381.75,402
2026-06-26 06:06:00,7381.5,7384.25,7381.5,7384.25,577
2026-06-26 06:07:00,7384.5,7385.5,7383.75,7385.25,251
2026-06-26 06:08:00,7385.25,7385.25,7382.75,7383.0,152
2026-06-26 06:09:00,7383.5,7385.25,7383.0,7385.25,193
2026-06-26 06:10:00,7385.25,7386.75,7385.25,7385.75,245
2026-06-26 06:11:00,7385.75,7386.5,7384.25,7384.75,176
2026-06-26 06:12:00,7385.0,7385.5,7383.5,7385.5,169
2026-06-26 06:13:00,7385.5,7389.0,7385.25,7388.0,354
2026-06-26 06:14:00,7388.0,7388.25,7386.25,7386.75,152
2026-06-26 06:15:00,7386.75,7389.25,7386.75,7387.75,319
2026-06-26 06:16:00,7387.75,7388.5,7387.0,7387.25,133
2026-06-26 06:17:00,7387.5,7388.25,7387.25,7388.25,164
2026-06-26 06:18:00,7387.75,7388.25,7385.75,7386.5,167
2026-06-26 06:19:00,7386.5,7387.25,7384.75,7384.75,320
2026-06-26 06:20:00,7384.75,7385.5,7383.0,7383.5,532
2026-06-26 06:21:00,7383.25,7383.5,7381.0,7381.5,236
2026-06-26 06:22:00,7381.5,7383.0,7380.75,7382.75,218
2026-06-26 06:23:00,7382.5,7382.75,7380.75,7381.0,162
2026-06-26 06:24:00,7381.25,7382.75,7381.0,7381.75,114
2026-06-26 06:25:00,7381.75,7382.25,7381.0,7382.0,139
2026-06-26 06:26:00,7382.5,7384.75,7382.0,7384.5,217
2026-06-26 06:27:00,7384.25,7385.25,7384.25,7385.0,152
2026-06-26 06:28:00,7385.0,7386.75,7385.0,7385.5,173
2026-06-26 06:29:00,7385.5,7387.0,7385.0,7386.0,140
2026-06-26 06:30:00,7386.0,7386.5,7384.25,7385.75,235
2026-06-26 06:31:00,7386.0,7387.0,7384.75,7387.0,203
2026-06-26 06:32:00,7387.0,7389.0,7386.75,7388.0,338
2026-06-26 06:33:00,7388.0,7389.25,7386.25,7386.25,300
2026-06-26 06:34:00,7386.25,7388.25,7386.0,7387.75,389
2026-06-26 06:35:00,7388.0,7388.5,7386.25,7388.0,220
2026-06-26 06:36:00,7388.0,7388.5,7386.25,7386.25,313
2026-06-26 06:37:00,7386.25,7386.5,7384.0,7384.75,494
2026-06-26 06:38:00,7385.0,7386.25,7384.5,7385.75,209
2026-06-26 06:39:00,7385.75,7386.75,7384.0,7384.5,321
2026-06-26 06:40:00,7384.0,7385.75,7383.5,7385.75,179
2026-06-26 06:41:00,7385.25,7385.5,7384.25,7385.5,85
2026-06-26 06:42:00,7385.75,7386.25,7383.75,7386.0,177
2026-06-26 06:43:00,7386.25,7387.25,7385.25,7386.25,186
2026-06-26 06:44:00,7386.0,7386.0,7383.75,7385.25,187
2026-06-26 06:45:00,7385.25,7387.75,7384.5,7387.25,347
2026-06-26 06:46:00,7387.5,7388.5,7387.0,7387.25,254
2026-06-26 06:47:00,7387.25,7388.25,7386.5,7387.0,114
2026-06-26 06:48:00,7386.5,7387.5,7384.75,7385.5,207
2026-06-26 06:49:00,7385.0,7386.75,7385.0,7385.75,104
2026-06-26 06:50:00,7386.25,7387.75,7386.25,7387.0,135
2026-06-26 06:51:00,7386.75,7387.25,7383.0,7383.75,320
2026-06-26 06:52:00,7383.5,7386.25,7383.5,7386.0,265
2026-06-26 06:53:00,7386.0,7387.0,7385.25,7387.0,170
2026-06-26 06:54:00,7387.0,7387.75,7386.0,7386.5,297
2026-06-26 06:55:00,7386.5,7387.25,7385.75,7386.25,169
2026-06-26 06:56:00,7386.25,7387.25,7385.5,7386.25,175
2026-06-26 06:57:00,7386.5,7386.5,7384.5,7385.5,306
2026-06-26 06:58:00,7385.5,7385.5,7384.25,7385.0,222
2026-06-26 06:59:00,7384.5,7386.75,7384.25,7386.5,252
2026-06-26 07:00:00,7386.5,7388.0,7383.5,7385.75,1219
2026-06-26 07:01:00,7385.5,7387.5,7385.5,7386.75,256
2026-06-26 07:02:00,7386.75,7388.75,7386.25,7387.75,277
2026-06-26 07:03:00,7387.5,7391.5,7387.5,7391.25,423
2026-06-26 07:04:00,7391.25,7391.25,7389.5,7390.0,379
2026-06-26 07:05:00,7390.0,7392.25,7389.5,7389.5,402
2026-06-26 07:06:00,7389.25,7390.0,7387.5,7389.25,341
2026-06-26 07:07:00,7389.75,7390.5,7388.25,7390.5,282
2026-06-26 07:08:00,7390.5,7391.25,7389.5,7390.5,139
2026-06-26 07:09:00,7390.25,7391.0,7389.25,7390.5,232
2026-06-26 07:10:00,7390.25,7390.75,7389.0,7389.5,188
2026-06-26 07:11:00,7389.75,7392.75,7389.75,7392.75,394
2026-06-26 07:12:00,7392.75,7394.5,7392.5,7393.5,480
2026-06-26 07:13:00,7393.25,7393.75,7392.25,7392.75,367
2026-06-26 07:14:00,7392.75,7392.75,7390.0,7390.75,434
2026-06-26 07:15:00,7390.75,7390.75,7386.75,7387.5,549
2026-06-26 07:16:00,7387.25,7388.75,7387.25,7388.0,233
2026-06-26 07:17:00,7387.75,7388.75,7387.25,7388.25,203
2026-06-26 07:18:00,7388.25,7389.25,7387.5,7389.25,241
2026-06-26 07:19:00,7389.25,7389.25,7386.75,7387.25,416
2026-06-26 07:20:00,7387.0,7387.25,7385.5,7386.25,541
2026-06-26 07:21:00,7386.25,7387.25,7385.5,7385.5,200
2026-06-26 07:22:00,7385.5,7389.75,7384.0,7389.0,534
2026-06-26 07:23:00,7389.25,7389.5,7386.25,7387.0,242
2026-06-26 07:24:00,7387.0,7387.25,7385.75,7386.5,172
2026-06-26 07:25:00,7387.0,7388.5,7385.75,7388.5,253
2026-06-26 07:26:00,7388.75,7388.75,7386.75,7387.75,285
2026-06-26 07:27:00,7387.25,7388.25,7387.0,7387.75,104
2026-06-26 07:28:00,7387.5,7388.25,7385.75,7385.75,111
2026-06-26 07:29:00,7385.75,7386.75,7384.75,7386.5,187
2026-06-26 07:30:00,7386.25,7388.25,7386.0,7387.75,133
2026-06-26 07:31:00,7388.0,7388.25,7385.75,7388.0,199
2026-06-26 07:32:00,7387.5,7387.75,7386.0,7386.25,334
2026-06-26 07:33:00,7386.25,7389.0,7386.25,7386.5,291
2026-06-26 07:34:00,7387.0,7387.5,7386.25,7387.0,170
2026-06-26 07:35:00,7386.75,7388.5,7385.75,7388.5,200
2026-06-26 07:36:00,7388.5,7389.5,7388.0,7388.5,211
2026-06-26 07:37:00,7388.5,7390.25,7386.75,7387.75,245
2026-06-26 07:38:00,7387.5,7388.0,7386.25,7387.0,213
2026-06-26 07:39:00,7387.0,7387.5,7385.5,7386.5,170
2026-06-26 07:40:00,7387.25,7389.5,7386.5,7389.25,250
2026-06-26 07:41:00,7388.75,7389.75,7387.25,7388.25,274
2026-06-26 07:42:00,7388.25,7390.75,7387.75,7389.75,293
2026-06-26 07:43:00,7389.5,7389.75,7384.75,7385.25,387
2026-06-26 07:44:00,7385.5,7387.0,7385.0,7385.75,352
2026-06-26 07:45:00,7385.75,7387.75,7384.25,7386.25,400
2026-06-26 07:46:00,7386.75,7388.0,7386.25,7387.5,259
2026-06-26 07:47:00,7387.5,7388.25,7386.75,7386.75,180
2026-06-26 07:48:00,7386.5,7388.5,7386.25,7388.0,273
2026-06-26 07:49:00,7388.0,7389.0,7387.25,7388.0,133
2026-06-26 07:50:00,7388.0,7388.0,7386.25,7387.0,296
2026-06-26 07:51:00,7387.0,7387.25,7385.5,7385.5,201
2026-06-26 07:52:00,7385.75,7386.25,7381.25,7381.5,741
2026-06-26 07:53:00,7381.5,7382.75,7378.5,7379.25,798
2026-06-26 07:54:00,7379.25,7379.5,7377.5,7378.75,639
2026-06-26 07:55:00,7379.0,7381.5,7379.0,7381.0,512
2026-06-26 07:56:00,7381.0,7383.25,7381.0,7382.75,416
2026-06-26 07:57:00,7382.5,7384.25,7381.75,7383.5,391
2026-06-26 07:58:00,7383.5,7384.5,7382.75,7384.0,475
2026-06-26 07:59:00,7383.75,7385.75,7382.75,7384.75,529
2026-06-26 08:00:00,7384.75,7386.25,7382.75,7385.75,423
2026-06-26 08:01:00,7385.75,7387.25,7385.5,7387.25,461
2026-06-26 08:02:00,7387.25,7390.0,7387.0,7388.5,547
2026-06-26 08:03:00,7388.5,7390.0,7387.75,7389.5,324
2026-06-26 08:04:00,7389.5,7390.75,7389.25,7390.0,259
2026-06-26 08:05:00,7390.0,7396.25,7389.75,7395.25,1369
2026-06-26 08:06:00,7395.0,7395.25,7393.0,7394.0,768
2026-06-26 08:07:00,7393.75,7394.0,7392.5,7393.25,367
2026-06-26 08:08:00,7393.25,7395.25,7392.5,7394.75,368
2026-06-26 08:09:00,7394.75,7396.75,7393.75,7396.0,697
2026-06-26 08:10:00,7395.75,7396.5,7393.25,7394.0,396
2026-06-26 08:11:00,7393.75,7395.25,7393.25,7395.0,328
2026-06-26 08:12:00,7395.25,7398.0,7394.75,7397.5,637
2026-06-26 08:13:00,7397.25,7401.25,7397.0,7400.5,1021
2026-06-26 08:14:00,7400.75,7401.25,7398.25,7398.5,817
2026-06-26 08:15:00,7398.25,7402.5,7398.25,7402.5,645
2026-06-26 08:16:00,7402.5,7404.0,7401.25,7402.25,991
2026-06-26 08:17:00,7402.5,7403.0,7401.5,7402.75,433
2026-06-26 08:18:00,7402.75,7403.5,7399.25,7399.5,618
2026-06-26 08:19:00,7399.25,7400.0,7396.5,7397.5,572
2026-06-26 08:20:00,7397.5,7398.75,7396.5,7396.5,423
2026-06-26 08:21:00,7396.75,7396.75,7391.75,7393.0,1153
2026-06-26 08:22:00,7392.75,7394.25,7391.25,7394.0,472
2026-06-26 08:23:00,7393.75,7395.25,7392.25,7392.25,561
2026-06-26 08:24:00,7392.5,7393.0,7390.25,7390.5,540
2026-06-26 08:25:00,7390.25,7392.0,7390.0,7390.5,427
2026-06-26 08:26:00,7390.25,7392.25,7390.25,7391.5,330
2026-06-26 08:27:00,7391.25,7393.0,7389.75,7392.5,556
2026-06-26 08:28:00,7392.5,7394.5,7392.0,7394.25,519
2026-06-26 08:29:00,7394.0,7395.5,7394.0,7395.0,384
2026-06-26 08:30:00,7394.5,7396.5,7393.5,7393.5,647
2026-06-26 08:31:00,7394.0,7397.0,7392.75,7397.0,667
2026-06-26 08:32:00,7396.75,7397.0,7393.25,7395.5,386
2026-06-26 08:33:00,7395.75,7395.75,7392.75,7392.75,358
2026-06-26 08:34:00,7392.75,7393.75,7391.5,7392.5,534
2026-06-26 08:35:00,7392.25,7392.25,7390.0,7390.75,526
2026-06-26 08:36:00,7390.5,7391.75,7390.25,7391.0,471
2026-06-26 08:37:00,7391.25,7391.5,7389.25,7391.0,519
2026-06-26 08:38:00,7391.0,7391.25,7388.0,7388.5,715
2026-06-26 08:39:00,7388.5,7388.75,7385.25,7386.25,760
2026-06-26 08:40:00,7386.25,7388.0,7386.0,7387.5,395
2026-06-26 08:41:00,7387.25,7387.75,7385.25,7385.5,361
2026-06-26 08:42:00,7385.5,7386.75,7384.25,7385.5,455
2026-06-26 08:43:00,7385.5,7385.75,7383.5,7384.75,382
2026-06-26 08:44:00,7384.25,7386.0,7383.75,7384.0,388
2026-06-26 08:45:00,7383.75,7384.5,7381.0,7382.5,854
2026-06-26 08:46:00,7382.25,7386.0,7382.25,7385.0,617
2026-06-26 08:47:00,7384.75,7385.0,7383.25,7384.25,245
2026-06-26 08:48:00,7384.0,7384.5,7382.0,7383.0,410
2026-06-26 08:49:00,7382.5,7384.0,7381.25,7383.25,503
2026-06-26 08:50:00,7383.25,7386.75,7381.25,7381.5,794
2026-06-26 08:51:00,7381.5,7383.5,7380.5,7381.5,429
2026-06-26 08:52:00,7381.25,7383.25,7380.0,7383.0,439
2026-06-26 08:53:00,7383.0,7385.75,7382.75,7385.25,352
2026-06-26 08:54:00,7385.75,7386.25,7384.25,7385.25,509
2026-06-26 08:55:00,7385.5,7386.75,7383.5,7384.25,446
2026-06-26 08:56:00,7383.75,7386.25,7383.75,7384.5,187
2026-06-26 08:57:00,7384.5,7386.0,7384.25,7384.5,250
2026-06-26 08:58:00,7384.25,7385.25,7383.75,7384.25,340
2026-06-26 08:59:00,7384.25,7385.0,7383.0,7383.75,383
2026-06-26 09:00:00,7384.25,7385.0,7379.0,7379.0,1176
2026-06-26 09:01:00,7379.25,7381.25,7378.75,7381.0,1015
2026-06-26 09:02:00,7381.0,7383.25,7381.0,7382.25,598
2026-06-26 09:03:00,7382.0,7383.5,7379.75,7380.0,685
2026-06-26 09:04:00,7379.75,7380.75,7378.75,7380.25,747
2026-06-26 09:05:00,7380.25,7381.5,7379.0,7380.5,661
2026-06-26 09:06:00,7380.5,7381.25,7378.25,7379.25,1013
2026-06-26 09:07:00,7379.0,7380.25,7377.25,7378.0,904
2026-06-26 09:08:00,7377.75,7378.75,7377.0,7378.0,586
2026-06-26 09:09:00,7378.25,7378.25,7375.25,7375.75,702
2026-06-26 09:10:00,7375.75,7377.25,7374.25,7374.5,988
2026-06-26 09:11:00,7374.5,7376.5,7373.25,7375.25,1146
2026-06-26 09:12:00,7375.5,7377.75,7375.5,7377.0,950
2026-06-26 09:13:00,7377.0,7377.25,7375.75,7376.75,603
2026-06-26 09:14:00,7376.75,7378.5,7376.5,7376.75,860
2026-06-26 09:15:00,7376.75,7377.5,7375.0,7376.25,715
2026-06-26 09:16:00,7376.0,7376.5,7374.75,7375.5,579
2026-06-26 09:17:00,7375.5,7378.0,7374.75,7377.75,862
2026-06-26 09:18:00,7377.75,7378.25,7364.5,7368.0,5932
2026-06-26 09:19:00,7368.25,7374.25,7366.5,7374.0,4842
2026-06-26 09:20:00,7374.0,7379.5,7372.0,7376.75,4676
2026-06-26 09:21:00,7376.75,7382.5,7376.0,7381.25,2423
2026-06-26 09:22:00,7381.25,7381.5,7377.5,7377.75,1240
2026-06-26 09:23:00,7378.0,7380.25,7377.5,7379.5,920
2026-06-26 09:24:00,7379.0,7380.5,7378.0,7380.0,991
2026-06-26 09:25:00,7379.5,7381.75,7378.25,7379.5,1319
2026-06-26 09:26:00,7379.75,7380.5,7377.75,7378.5,721
2026-06-26 09:27:00,7378.75,7381.25,7377.25,7381.0,1531
2026-06-26 09:28:00,7381.25,7382.75,7378.75,7380.0,1555
2026-06-26 09:29:00,7380.25,7381.75,7379.25,7380.75,1825
2026-06-26 09:30:00,7381.0,7381.0,7371.25,7378.5,8384
2026-06-26 09:31:00,7378.5,7385.75,7374.75,7384.5,7912
2026-06-26 09:32:00,7384.5,7388.25,7375.5,7376.0,7037
2026-06-26 09:33:00,7376.25,7376.5,7363.75,7364.0,6870
2026-06-26 09:34:00,7364.0,7372.75,7360.0,7370.25,9049
2026-06-26 09:35:00,7370.25,7380.25,7367.25,7379.25,8093
2026-06-26 09:36:00,7379.5,7383.25,7375.0,7378.25,6277
2026-06-26 09:37:00,7378.0,7380.75,7370.25,7374.0,6279
2026-06-26 09:38:00,7374.0,7379.75,7372.5,7375.75,5066
2026-06-26 09:39:00,7376.0,7377.75,7370.75,7372.75,4511
2026-06-26 09:40:00,7373.0,7376.5,7368.75,7372.0,5773
2026-06-26 09:41:00,7372.0,7375.25,7370.25,7372.75,3436
2026-06-26 09:42:00,7373.0,7378.0,7372.0,7373.0,4820
2026-06-26 09:43:00,7373.25,7386.0,7372.25,7382.0,6478
2026-06-26 09:44:00,7382.0,7386.5,7378.75,7384.25,4708
2026-06-26 09:45:00,7384.5,7384.75,7371.25,7372.5,6960
2026-06-26 09:46:00,7372.5,7383.25,7371.5,7381.5,6172
2026-06-26 09:47:00,7381.75,7390.0,7381.25,7385.0,7100
2026-06-26 09:48:00,7384.75,7390.25,7380.0,7380.0,6806
2026-06-26 09:49:00,7380.25,7383.0,7376.25,7379.0,5221
2026-06-26 09:50:00,7378.75,7384.0,7378.5,7382.75,5650
2026-06-26 09:51:00,7382.75,7389.0,7381.0,7386.25,4694
2026-06-26 09:52:00,7386.25,7387.25,7377.0,7379.0,4935
2026-06-26 09:53:00,7379.0,7383.75,7378.25,7379.75,3624
2026-06-26 09:54:00,7380.0,7386.5,7379.0,7385.75,5081
2026-06-26 09:55:00,7386.0,7390.25,7384.0,7386.75,5798
2026-06-26 09:56:00,7386.5,7400.0,7385.5,7399.5,10785
2026-06-26 09:57:00,7399.5,7405.5,7394.5,7403.5,8334
2026-06-26 09:58:00,7403.5,7404.5,7399.0,7402.0,3321
2026-06-26 09:59:00,7402.0,7404.25,7396.25,7403.5,2889
2026-06-26 10:00:00,7401.5,7413.0,7397.75,7408.75,7195
2026-06-26 10:01:00,7409.0,7411.75,7406.0,7408.75,4480
2026-06-26 10:02:00,7408.75,7410.5,7404.5,7410.25,4179
2026-06-26 10:03:00,7410.0,7412.25,7407.5,7410.0,3376
2026-06-26 10:04:00,7410.0,7416.0,7409.0,7415.0,4847
2026-06-26 10:05:00,7415.0,7419.75,7414.25,7416.0,7077
2026-06-26 10:06:00,7416.0,7423.75,7415.0,7418.5,5733
2026-06-26 10:07:00,7418.5,7420.5,7416.0,7420.0,3813
2026-06-26 10:08:00,7419.75,7424.5,7419.25,7421.0,4013
2026-06-26 10:09:00,7421.25,7424.5,7420.5,7423.25,3448
2026-06-26 10:10:00,7423.0,7425.75,7418.75,7420.5,5777
2026-06-26 10:11:00,7420.5,7421.25,7417.0,7419.75,4434
2026-06-26 10:12:00,7419.75,7425.0,7417.75,7424.75,4367
2026-06-26 10:13:00,7425.0,7428.25,7424.25,7427.0,6055
2026-06-26 10:14:00,7426.5,7428.0,7422.5,7425.5,3625
2026-06-26 10:15:00,7425.25,7426.5,7423.0,7424.25,3245
2026-06-26 10:16:00,7424.5,7429.5,7424.0,7426.25,4839
2026-06-26 10:17:00,7426.25,7426.5,7418.0,7418.5,4916
2026-06-26 10:18:00,7418.5,7422.25,7418.25,7421.75,4049
2026-06-26 10:19:00,7421.5,7423.0,7419.25,7419.75,2719
2026-06-26 10:20:00,7420.0,7436.25,7418.25,7431.75,9297
2026-06-26 10:21:00,7432.0,7435.25,7431.0,7431.25,4946
2026-06-26 10:22:00,7431.25,7432.75,7428.75,7430.5,3953
2026-06-26 10:23:00,7430.5,7432.0,7427.75,7428.25,2742
2026-06-26 10:24:00,7428.25,7430.0,7426.75,7428.25,3201
2026-06-26 10:25:00,7428.25,7432.25,7426.5,7430.25,4064
2026-06-26 10:26:00,7430.5,7433.0,7427.0,7427.5,4027
2026-06-26 10:27:00,7428.0,7432.75,7426.75,7431.5,3029
2026-06-26 10:28:00,7431.25,7433.25,7430.25,7430.75,2719
2026-06-26 10:29:00,7430.5,7430.75,7426.0,7428.5,3226
2026-06-26 10:30:00,7428.75,7433.0,7426.0,7428.25,4832
2026-06-26 10:31:00,7428.25,7431.5,7427.5,7428.75,2507
2026-06-26 10:32:00,7429.0,7430.25,7424.0,7425.0,3954
2026-06-26 10:33:00,7425.0,7427.75,7424.0,7426.5,2920
2026-06-26 10:34:00,7426.75,7431.75,7426.25,7427.5,3878
2026-06-26 10:35:00,7427.5,7428.0,7422.5,7422.75,3327
2026-06-26 10:36:00,7422.75,7423.75,7418.5,7418.75,3498
2026-06-26 10:37:00,7418.75,7421.25,7416.75,7417.5,3854
2026-06-26 10:38:00,7417.5,7420.75,7416.5,7417.0,2739
2026-06-26 10:39:00,7417.0,7417.25,7414.75,7415.25,3683
2026-06-26 10:40:00,7415.25,7415.75,7409.0,7410.75,5661
2026-06-26 10:41:00,7410.75,7419.5,7410.0,7417.25,6029
2026-06-26 10:42:00,7417.25,7424.75,7417.0,7422.0,6059
2026-06-26 10:43:00,7421.75,7422.25,7415.25,7417.25,3596
2026-06-26 10:44:00,7417.25,7418.75,7413.75,7415.25,3061
2026-06-26 10:45:00,7415.25,7419.5,7414.0,7417.25,3690
2026-06-26 10:46:00,7417.25,7423.75,7416.75,7421.75,3854
2026-06-26 10:47:00,7421.5,7423.5,7420.0,7421.0,2901
2026-06-26 10:48:00,7421.0,7426.75,7419.75,7425.75,4434
2026-06-26 10:49:00,7425.75,7427.5,7421.0,7422.25,4753
2026-06-26 10:50:00,7422.25,7424.5,7419.75,7424.25,3878
2026-06-26 10:51:00,7424.25,7425.75,7420.5,7422.25,3271
2026-06-26 10:52:00,7422.25,7423.0,7417.25,7418.5,3616
2026-06-26 10:53:00,7418.5,7420.0,7416.5,7416.5,3643
2026-06-26 10:54:00,7416.5,7419.25,7415.25,7419.0,3417
2026-06-26 10:55:00,7419.0,7420.5,7414.5,7415.25,3390
2026-06-26 10:56:00,7415.25,7420.5,7411.75,7418.75,5071
2026-06-26 10:57:00,7418.75,7422.75,7418.25,7420.0,3424
2026-06-26 10:58:00,7420.0,7421.75,7417.0,7418.0,2374
2026-06-26 10:59:00,7417.75,7423.5,7415.75,7418.0,3062
2026-06-26 11:00:00,7418.0,7423.25,7417.75,7422.5,3387
2026-06-26 11:01:00,7422.25,7427.75,7421.75,7424.5,4217
2026-06-26 11:02:00,7424.25,7427.0,7421.25,7424.5,2965
2026-06-26 11:03:00,7424.25,7427.75,7424.25,7426.0,2564
2026-06-26 11:04:00,7426.0,7426.5,7419.0,7421.5,2809
2026-06-26 11:05:00,7422.0,7423.0,7417.0,7418.0,2692
2026-06-26 11:06:00,7418.25,7419.25,7416.0,7418.0,2508
2026-06-26 11:07:00,7418.0,7421.75,7416.75,7421.25,2489
2026-06-26 11:08:00,7421.0,7422.75,7417.25,7418.25,2438
2026-06-26 11:09:00,7418.25,7425.5,7417.75,7424.5,2809
2026-06-26 11:10:00,7424.25,7426.0,7420.0,7421.25,2496
2026-06-26 11:11:00,7421.0,7421.5,7417.25,7418.25,2164
2026-06-26 11:12:00,7418.5,7419.0,7413.5,7415.25,2979
2026-06-26 11:13:00,7415.0,7417.5,7414.75,7415.25,1767
2026-06-26 11:14:00,7415.25,7416.0,7413.0,7414.25,1930
2026-06-26 11:15:00,7414.5,7414.5,7409.5,7412.25,4316
2026-06-26 11:16:00,7412.25,7416.5,7410.75,7416.0,3651
2026-06-26 11:17:00,7415.75,7424.75,7414.5,7421.5,4532
2026-06-26 11:18:00,7421.75,7424.0,7419.25,7420.0,2645
2026-06-26 11:19:00,7420.0,7426.25,7420.0,7424.5,3212
2026-06-26 11:20:00,7424.5,7427.75,7422.0,7422.5,3473
2026-06-26 11:21:00,7422.5,7425.0,7422.25,7425.0,1791
2026-06-26 11:22:00,7425.0,7427.25,7424.0,7426.75,2583
2026-06-26 11:23:00,7426.75,7432.5,7426.5,7430.75,4641
2026-06-26 11:24:00,7430.75,7432.0,7428.5,7431.5,2229
2026-06-26 11:25:00,7431.75,7436.0,7430.25,7435.0,3662
2026-06-26 11:26:00,7434.75,7437.25,7433.75,7435.75,3276
2026-06-26 11:27:00,7435.75,7436.5,7433.5,7434.0,2323
2026-06-26 11:28:00,7433.75,7434.5,7431.5,7434.25,1983
2026-06-26 11:29:00,7434.25,7440.75,7434.0,7440.75,4503
2026-06-26 11:30:00,7440.5,7450.0,7440.25,7448.0,8243
2026-06-26 11:31:00,7448.0,7449.0,7443.0,7446.0,4605
2026-06-26 11:32:00,7445.75,7445.75,7440.75,7444.0,3060
2026-06-26 11:33:00,7443.5,7445.0,7438.75,7439.25,3083
2026-06-26 11:34:00,7439.0,7440.75,7437.5,7439.25,3001
2026-06-26 11:35:00,7439.25,7443.0,7439.25,7442.25,2753
2026-06-26 11:36:00,7442.0,7447.5,7441.25,7447.25,2331
2026-06-26 11:37:00,7447.25,7452.75,7446.5,7449.75,4111
2026-06-26 11:38:00,7450.0,7453.25,7448.25,7451.5,3135
2026-06-26 11:39:00,7451.5,7453.75,7450.5,7451.5,2699
2026-06-26 11:40:00,7451.75,7454.0,7450.0,7451.0,2506
2026-06-26 11:41:00,7451.0,7452.75,7449.0,7449.25,2236
2026-06-26 11:42:00,7449.25,7457.0,7449.25,7455.75,4042
2026-06-26 11:43:00,7455.5,7459.25,7455.0,7457.5,3473
2026-06-26 11:44:00,7457.5,7459.0,7455.0,7456.5,2411
2026-06-26 11:45:00,7456.75,7458.75,7454.25,7454.75,3115
2026-06-26 11:46:00,7455.0,7455.75,7451.0,7451.25,3468
2026-06-26 11:47:00,7451.25,7451.75,7449.0,7450.5,2590
2026-06-26 11:48:00,7450.5,7452.0,7449.25,7450.25,1520
2026-06-26 11:49:00,7450.0,7452.75,7449.0,7449.5,1770
2026-06-26 11:50:00,7449.75,7453.5,7449.25,7453.0,1675
2026-06-26 11:51:00,7453.0,7454.25,7437.0,7439.75,13294
2026-06-26 11:52:00,7440.0,7444.5,7439.75,7442.25,4487
2026-06-26 11:53:00,7442.0,7446.0,7441.25,7441.75,2621
2026-06-26 11:54:00,7441.75,7441.75,7435.25,7439.0,4875
2026-06-26 11:55:00,7439.25,7444.5,7437.25,7444.25,3076
2026-06-26 11:56:00,7444.0,7448.75,7444.0,7448.5,2868
2026-06-26 11:57:00,7448.25,7452.25,7447.75,7449.75,2823
2026-06-26 11:58:00,7449.5,7450.25,7445.5,7446.25,2171
2026-06-26 11:59:00,7446.25,7449.75,7444.5,7447.75,2158
2026-06-26 12:00:00,7447.75,7448.5,7445.0,7448.0,2172
2026-06-26 12:01:00,7448.25,7449.25,7446.5,7447.0,1577
2026-06-26 12:02:00,7447.0,7449.0,7444.5,7445.0,2047
2026-06-26 12:03:00,7445.0,7448.0,7444.75,7446.0,1503
2026-06-26 12:04:00,7445.75,7448.5,7445.0,7447.0,1374
2026-06-26 12:05:00,7447.0,7447.75,7443.75,7444.75,1910
2026-06-26 12:06:00,7445.0,7446.5,7442.0,7445.5,2210
2026-06-26 12:07:00,7445.5,7445.75,7442.0,7442.25,1361
2026-06-26 12:08:00,7442.25,7443.0,7438.5,7438.5,2020
2026-06-26 12:09:00,7438.75,7439.5,7434.75,7436.25,2864
2026-06-26 12:10:00,7436.25,7438.75,7435.5,7436.5,2578
2026-06-26 12:11:00,7436.75,7437.25,7434.25,7436.5,2421
2026-06-26 12:12:00,7436.5,7436.75,7431.5,7432.25,2865
2026-06-26 12:13:00,7432.0,7435.5,7432.0,7434.0,2336
2026-06-26 12:14:00,7434.5,7436.5,7433.5,7434.75,1700
2026-06-26 12:15:00,7434.75,7435.75,7432.25,7435.0,1886
2026-06-26 12:16:00,7435.0,7439.75,7432.5,7439.25,2687
2026-06-26 12:17:00,7439.25,7440.25,7434.5,7436.0,2971
2026-06-26 12:18:00,7436.0,7436.75,7431.5,7432.25,2256
2026-06-26 12:19:00,7432.5,7433.75,7431.25,7433.75,1659
2026-06-26 12:20:00,7433.75,7434.75,7425.25,7428.75,5319
2026-06-26 12:21:00,7428.75,7429.25,7420.75,7423.0,7299
2026-06-26 12:22:00,7422.75,7426.0,7421.75,7423.25,3431
2026-06-26 12:23:00,7423.25,7426.75,7421.25,7425.75,3696
2026-06-26 12:24:00,7425.75,7429.25,7425.5,7425.5,2702
2026-06-26 12:25:00,7425.5,7427.5,7425.0,7425.25,2009
2026-06-26 12:26:00,7425.5,7429.25,7424.25,7428.5,2172
2026-06-26 12:27:00,7428.5,7429.25,7426.75,7428.75,1447
2026-06-26 12:28:00,7428.5,7430.0,7426.5,7428.5,1463
2026-06-26 12:29:00,7428.5,7429.0,7425.75,7427.25,1528
2026-06-26 12:30:00,7427.25,7434.25,7427.25,7433.25,3300
2026-06-26 12:31:00,7433.5,7434.5,7431.25,7433.0,2033
2026-06-26 12:32:00,7433.0,7436.0,7431.5,7435.75,2084
2026-06-26 12:33:00,7435.75,7438.25,7434.5,7436.5,1980
2026-06-26 12:34:00,7436.5,7440.5,7435.75,7439.75,2351
2026-06-26 12:35:00,7439.5,7441.25,7437.75,7439.25,2220
2026-06-26 12:36:00,7439.25,7439.25,7435.5,7438.0,2327
2026-06-26 12:37:00,7438.25,7441.5,7437.0,7439.25,1881
2026-06-26 12:38:00,7439.0,7440.75,7437.75,7438.0,1135
2026-06-26 12:39:00,7438.0,7439.0,7436.5,7437.5,1183
2026-06-26 12:40:00,7437.75,7440.0,7436.5,7437.5,1237
2026-06-26 12:41:00,7437.5,7438.0,7434.0,7437.0,2149
2026-06-26 12:42:00,7437.0,7439.0,7435.5,7438.25,1506
2026-06-26 12:43:00,7438.0,7440.0,7437.0,7437.5,1320
2026-06-26 12:44:00,7437.25,7439.75,7433.25,7433.75,1566
2026-06-26 12:45:00,7433.75,7437.25,7432.5,7435.0,1917
2026-06-26 12:46:00,7435.0,7436.0,7432.0,7433.25,1429
2026-06-26 12:47:00,7433.25,7436.5,7433.0,7435.25,1184
2026-06-26 12:48:00,7435.25,7437.25,7434.5,7435.0,1241
2026-06-26 12:49:00,7434.75,7437.75,7434.75,7437.25,1087
2026-06-26 12:50:00,7437.25,7441.75,7436.25,7438.25,2400
2026-06-26 12:51:00,7438.5,7441.75,7437.5,7439.0,3217
2026-06-26 12:52:00,7439.25,7440.25,7437.75,7439.5,1431
2026-06-26 12:53:00,7439.5,7441.75,7438.75,7441.75,1034
2026-06-26 12:54:00,7441.75,7443.0,7439.25,7439.75,1631
2026-06-26 12:55:00,7439.75,7439.75,7436.75,7437.5,2167
2026-06-26 12:56:00,7437.5,7438.5,7436.25,7437.25,1073
2026-06-26 12:57:00,7437.25,7438.0,7436.75,7437.5,745
2026-06-26 12:58:00,7437.5,7439.25,7437.25,7438.5,894
2026-06-26 12:59:00,7438.25,7438.5,7436.0,7438.25,905
2026-06-26 13:00:00,7438.25,7440.0,7435.0,7440.0,2149
2026-06-26 13:01:00,7439.75,7444.25,7439.75,7443.5,3353
2026-06-26 13:02:00,7443.5,7445.75,7442.5,7444.0,1646
2026-06-26 13:03:00,7444.0,7445.0,7442.0,7442.5,1093
2026-06-26 13:04:00,7442.75,7444.75,7441.5,7442.5,914
2026-06-26 13:05:00,7442.75,7445.25,7442.25,7444.25,1178
2026-06-26 13:06:00,7444.25,7445.5,7443.5,7444.25,1131
2026-06-26 13:07:00,7444.25,7444.75,7442.75,7443.5,1129
2026-06-26 13:08:00,7443.5,7449.5,7443.25,7449.25,2198
2026-06-26 13:09:00,7449.0,7452.0,7447.25,7449.75,2709
2026-06-26 13:10:00,7449.75,7452.5,7449.75,7449.75,1713
2026-06-26 13:11:00,7449.75,7450.0,7446.0,7446.25,2067
2026-06-26 13:12:00,7446.25,7447.5,7445.0,7447.0,1271
2026-06-26 13:13:00,7447.0,7447.0,7442.75,7443.0,1384
2026-06-26 13:14:00,7443.0,7444.75,7442.75,7444.5,911
2026-06-26 13:15:00,7444.5,7445.25,7439.75,7440.5,1941
2026-06-26 13:16:00,7440.25,7443.5,7439.75,7440.5,1435
2026-06-26 13:17:00,7440.5,7441.25,7436.75,7437.25,1743
2026-06-26 13:18:00,7437.5,7439.25,7436.25,7437.0,1422
2026-06-26 13:19:00,7437.25,7440.25,7436.75,7438.0,836
2026-06-26 13:20:00,7438.0,7439.5,7436.0,7436.5,1149
2026-06-26 13:21:00,7436.5,7437.0,7432.75,7436.5,2070
2026-06-26 13:22:00,7437.0,7440.0,7436.75,7437.0,1765
2026-06-26 13:23:00,7437.25,7437.75,7433.25,7434.0,1262
2026-06-26 13:24:00,7434.0,7435.5,7432.75,7434.0,1225
2026-06-26 13:25:00,7433.75,7434.25,7431.25,7432.0,1989
2026-06-26 13:26:00,7432.25,7433.75,7431.5,7432.75,1090
2026-06-26 13:27:00,7432.75,7440.75,7432.5,7440.25,2275
2026-06-26 13:28:00,7440.0,7442.75,7440.0,7441.75,2097
2026-06-26 13:29:00,7441.75,7443.25,7440.5,7441.0,1328
2026-06-26 13:30:00,7440.75,7447.5,7440.5,7443.25,2842
2026-06-26 13:31:00,7443.5,7444.25,7438.5,7438.75,2000
2026-06-26 13:32:00,7438.75,7440.75,7437.5,7440.5,1476
2026-06-26 13:33:00,7440.25,7442.75,7439.0,7441.5,1305
2026-06-26 13:34:00,7441.5,7443.25,7438.75,7439.5,1168
2026-06-26 13:35:00,7439.5,7439.5,7434.5,7436.25,2138
2026-06-26 13:36:00,7436.5,7438.25,7436.0,7436.25,1030
2026-06-26 13:37:00,7436.25,7437.25,7434.5,7436.5,1230
2026-06-26 13:38:00,7436.5,7437.5,7434.0,7434.5,1087
2026-06-26 13:39:00,7434.5,7436.0,7433.25,7433.5,1277
2026-06-26 13:40:00,7433.5,7434.25,7429.5,7431.5,2911
2026-06-26 13:41:00,7431.25,7432.25,7429.75,7431.5,1052
2026-06-26 13:42:00,7431.25,7436.25,7430.5,7435.5,2023
2026-06-26 13:43:00,7435.75,7438.75,7435.5,7436.0,2560
2026-06-26 13:44:00,7436.0,7438.25,7435.0,7436.0,1143
2026-06-26 13:45:00,7435.75,7437.5,7434.75,7436.25,1289
2026-06-26 13:46:00,7436.25,7437.25,7434.5,7435.5,909
2026-06-26 13:47:00,7435.5,7436.5,7434.5,7435.5,836
2026-06-26 13:48:00,7435.5,7437.75,7433.25,7433.25,1125
2026-06-26 13:49:00,7433.0,7434.0,7431.75,7431.75,1469
2026-06-26 13:50:00,7432.0,7433.5,7431.25,7433.25,1315
2026-06-26 13:51:00,7433.25,7434.5,7432.25,7434.25,948
2026-06-26 13:52:00,7434.25,7435.5,7433.5,7434.5,1065
2026-06-26 13:53:00,7434.75,7435.5,7432.75,7433.0,844
2026-06-26 13:54:00,7433.0,7436.5,7432.25,7434.25,1241
2026-06-26 13:55:00,7434.25,7434.5,7431.0,7431.0,1152
2026-06-26 13:56:00,7431.0,7431.5,7427.5,7429.25,2243
2026-06-26 13:57:00,7429.5,7431.0,7428.0,7430.0,1338
2026-06-26 13:58:00,7429.75,7432.0,7429.75,7430.75,1096
2026-06-26 13:59:00,7430.75,7433.5,7429.75,7429.75,1247
2026-06-26 14:00:00,7430.25,7432.25,7429.5,7431.25,1522
2026-06-26 14:01:00,7431.0,7434.0,7430.75,7432.25,1469
2026-06-26 14:02:00,7432.25,7434.5,7430.5,7432.25,1328
2026-06-26 14:03:00,7432.0,7434.5,7430.75,7434.5,1014
2026-06-26 14:04:00,7434.5,7437.5,7434.25,7435.75,2177
2026-06-26 14:05:00,7435.75,7438.5,7434.75,7436.75,1526
2026-06-26 14:06:00,7437.0,7439.5,7436.0,7437.5,1408
2026-06-26 14:07:00,7437.25,7437.5,7433.75,7434.0,1273
2026-06-26 14:08:00,7434.25,7435.75,7433.75,7435.25,923
2026-06-26 14:09:00,7435.5,7437.25,7435.0,7435.0,876
2026-06-26 14:10:00,7435.0,7436.5,7432.0,7432.5,1150
2026-06-26 14:11:00,7432.5,7436.75,7432.25,7436.25,978
2026-06-26 14:12:00,7436.75,7438.0,7434.25,7434.5,1023
2026-06-26 14:13:00,7434.75,7435.25,7433.0,7433.25,674
2026-06-26 14:14:00,7433.25,7434.5,7432.0,7434.0,809
2026-06-26 14:15:00,7434.0,7435.5,7431.5,7431.75,929
2026-06-26 14:16:00,7432.0,7432.5,7429.0,7429.75,1453
2026-06-26 14:17:00,7429.75,7430.5,7428.5,7430.0,869
2026-06-26 14:18:00,7430.0,7431.25,7426.5,7426.75,1289
2026-06-26 14:19:00,7427.0,7427.5,7425.5,7427.5,1464
2026-06-26 14:20:00,7427.25,7429.75,7425.25,7427.5,1618
2026-06-26 14:21:00,7427.5,7429.0,7426.75,7428.25,841
2026-06-26 14:22:00,7428.0,7430.0,7428.0,7429.5,965
2026-06-26 14:23:00,7429.0,7429.5,7427.0,7428.5,975
2026-06-26 14:24:00,7428.25,7429.0,7426.75,7429.0,765
2026-06-26 14:25:00,7428.5,7430.0,7427.5,7427.75,708
2026-06-26 14:26:00,7428.0,7429.25,7426.5,7426.75,631
2026-06-26 14:27:00,7426.5,7427.0,7423.25,7424.25,1987
2026-06-26 14:28:00,7424.25,7424.5,7420.25,7421.0,2316
2026-06-26 14:29:00,7421.0,7424.0,7421.0,7421.25,1478
2026-06-26 14:30:00,7421.5,7424.0,7420.5,7421.5,1592
2026-06-26 14:31:00,7421.5,7423.75,7421.0,7422.0,868
2026-06-26 14:32:00,7422.25,7426.25,7422.25,7425.75,1283
2026-06-26 14:33:00,7425.5,7429.75,7425.25,7429.75,1871
2026-06-26 14:34:00,7429.5,7429.5,7426.25,7427.5,964
2026-06-26 14:35:00,7427.5,7428.0,7424.75,7424.75,883
2026-06-26 14:36:00,7424.75,7425.5,7422.25,7424.0,1327
2026-06-26 14:37:00,7424.0,7425.5,7420.25,7422.0,1644
2026-06-26 14:38:00,7422.5,7423.5,7420.75,7421.75,905
2026-06-26 14:39:00,7422.0,7423.25,7421.75,7422.0,519
2026-06-26 14:40:00,7422.0,7424.0,7420.5,7421.75,711
2026-06-26 14:41:00,7421.75,7424.0,7421.0,7422.0,744
2026-06-26 14:42:00,7421.75,7423.25,7421.5,7421.75,409
2026-06-26 14:43:00,7421.75,7423.0,7421.25,7422.75,487
2026-06-26 14:44:00,7422.75,7424.5,7420.5,7420.75,1018
2026-06-26 14:45:00,7420.75,7420.75,7415.75,7418.25,3517
2026-06-26 14:46:00,7418.25,7418.75,7415.0,7416.0,1508
2026-06-26 14:47:00,7415.75,7417.25,7413.5,7414.5,1769
2026-06-26 14:48:00,7414.75,7415.0,7410.0,7411.25,2277
2026-06-26 14:49:00,7411.5,7413.75,7411.0,7413.0,1642
2026-06-26 14:50:00,7412.75,7413.0,7408.75,7410.0,2812
2026-06-26 14:51:00,7409.75,7411.75,7409.25,7410.0,1367
2026-06-26 14:52:00,7409.75,7413.25,7408.75,7412.0,1814
2026-06-26 14:53:00,7412.0,7412.5,7409.75,7411.75,1228
2026-06-26 14:54:00,7411.75,7413.25,7409.75,7410.25,1209
2026-06-26 14:55:00,7410.25,7414.25,7409.75,7413.5,1603
2026-06-26 14:56:00,7413.5,7413.75,7410.25,7410.75,886
2026-06-26 14:57:00,7411.0,7412.25,7405.0,7407.5,2812
2026-06-26 14:58:00,7407.25,7409.75,7407.0,7407.5,1472
2026-06-26 14:59:00,7407.75,7410.0,7407.0,7409.0,1259
2026-06-26 15:00:00,7409.0,7412.5,7407.75,7409.25,2322
2026-06-26 15:01:00,7409.25,7413.25,7408.75,7412.25,1336
2026-06-26 15:02:00,7412.25,7413.25,7411.0,7412.25,1309
2026-06-26 15:03:00,7411.75,7411.75,7408.25,7408.75,1223
2026-06-26 15:04:00,7408.75,7409.5,7406.75,7407.0,1067
2026-06-26 15:05:00,7407.25,7408.5,7406.25,7408.0,1008
2026-06-26 15:06:00,7407.75,7412.75,7406.75,7412.5,1421
2026-06-26 15:07:00,7412.75,7414.0,7410.75,7411.0,1550
2026-06-26 15:08:00,7411.25,7417.0,7411.25,7415.25,2430
2026-06-26 15:09:00,7415.25,7417.75,7415.0,7416.0,1243
2026-06-26 15:10:00,7416.0,7417.5,7412.75,7415.5,2005
2026-06-26 15:11:00,7415.25,7416.5,7413.25,7415.5,1206
2026-06-26 15:12:00,7415.25,7416.75,7413.75,7415.75,795
2026-06-26 15:13:00,7415.5,7417.25,7414.75,7416.25,774
2026-06-26 15:14:00,7416.25,7421.0,7416.25,7420.75,2040
2026-06-26 15:15:00,7420.75,7421.25,7418.25,7420.75,1458
2026-06-26 15:16:00,7420.75,7420.75,7417.0,7420.0,1295
2026-06-26 15:17:00,7419.75,7420.5,7418.0,7419.25,1043
2026-06-26 15:18:00,7419.25,7422.5,7419.25,7422.0,1789
2026-06-26 15:19:00,7422.0,7423.0,7420.0,7420.5,1320
2026-06-26 15:20:00,7420.5,7420.75,7418.0,7419.25,1559
2026-06-26 15:21:00,7419.0,7422.0,7417.0,7417.25,1610
2026-06-26 15:22:00,7417.25,7418.25,7413.5,7414.75,1876
2026-06-26 15:23:00,7415.0,7415.0,7411.0,7413.5,2333
2026-06-26 15:24:00,7413.5,7416.0,7413.25,7415.75,1468
2026-06-26 15:25:00,7415.75,7418.0,7415.0,7415.75,1402
2026-06-26 15:26:00,7415.75,7416.25,7414.25,7415.75,1040
2026-06-26 15:27:00,7415.75,7417.5,7414.5,7416.5,1010
2026-06-26 15:28:00,7416.5,7417.5,7414.25,7414.75,1049
2026-06-26 15:29:00,7415.0,7416.25,7414.25,7415.0,731
2026-06-26 15:30:00,7415.25,7415.75,7410.5,7413.25,2088
2026-06-26 15:31:00,7413.25,7415.5,7411.0,7411.0,1186
2026-06-26 15:32:00,7411.5,7415.25,7411.0,7414.25,860
2026-06-26 15:33:00,7414.25,7420.5,7414.0,7419.5,2072
2026-06-26 15:34:00,7419.0,7421.5,7418.75,7419.5,1415
2026-06-26 15:35:00,7419.5,7421.0,7417.0,7417.75,1521
2026-06-26 15:36:00,7417.75,7421.0,7417.0,7418.0,1164
2026-06-26 15:37:00,7418.25,7419.75,7415.5,7418.75,1171
2026-06-26 15:38:00,7418.5,7418.75,7416.75,7417.5,723
2026-06-26 15:39:00,7417.75,7418.5,7415.75,7416.25,833
2026-06-26 15:40:00,7416.25,7419.75,7416.0,7417.5,967
2026-06-26 15:41:00,7417.5,7418.0,7416.25,7417.75,590
2026-06-26 15:42:00,7417.5,7424.25,7417.25,7424.0,1979
2026-06-26 15:43:00,7424.0,7426.0,7422.25,7425.5,1954
2026-06-26 15:44:00,7425.25,7426.75,7425.0,7426.0,1222
2026-06-26 15:45:00,7426.0,7426.75,7423.75,7426.5,1658
2026-06-26 15:46:00,7426.5,7432.25,7424.75,7429.25,2775
2026-06-26 15:47:00,7429.0,7430.75,7425.0,7425.25,1923
2026-06-26 15:48:00,7425.25,7425.75,7422.5,7423.0,1986
2026-06-26 15:49:00,7423.5,7424.5,7420.25,7423.75,2055
2026-06-26 15:50:00,7423.75,7429.5,7418.75,7421.75,6337
2026-06-26 15:51:00,7421.75,7425.25,7419.75,7423.0,2111
2026-06-26 15:52:00,7423.25,7424.75,7420.75,7424.0,1946
2026-06-26 15:53:00,7424.0,7428.25,7423.5,7424.5,3298
2026-06-26 15:54:00,7424.75,7425.75,7421.0,7425.0,3886
2026-06-26 15:55:00,7424.75,7427.0,7422.5,7424.25,2782
2026-06-26 15:56:00,7424.5,7425.25,7422.75,7425.0,1131
2026-06-26 15:57:00,7425.0,7429.5,7425.0,7427.5,1929
2026-06-26 15:58:00,7427.0,7429.0,7424.25,7427.5,1999
2026-06-26 15:59:00,7427.5,7427.75,7369.75,7379.25,23732
2026-06-26 16:00:00,7379.5,7408.5,7370.5,7407.5,12426
2026-06-26 16:01:00,7407.5,7408.25,7396.5,7400.0,2941
2026-06-26 16:02:00,7399.5,7402.25,7395.5,7400.75,2654
2026-06-26 16:03:00,7401.0,7404.25,7399.25,7401.75,1700
2026-06-26 16:04:00,7401.25,7403.0,7399.0,7400.0,1073
2026-06-26 16:05:00,7400.25,7402.25,7396.5,7397.25,1321
2026-06-26 16:06:00,7397.5,7399.25,7393.5,7395.0,1255
2026-06-26 16:07:00,7395.0,7399.0,7392.5,7398.0,1119
2026-06-26 16:08:00,7398.0,7403.25,7397.75,7401.0,970
2026-06-26 16:09:00,7400.25,7401.25,7397.25,7400.75,796
2026-06-26 16:10:00,7400.75,7402.75,7399.5,7399.5,613
2026-06-26 16:11:00,7399.5,7404.5,7399.0,7403.5,889
2026-06-26 16:12:00,7403.75,7407.5,7403.75,7406.75,750
2026-06-26 16:13:00,7406.75,7411.5,7406.0,7409.5,1127
2026-06-26 16:14:00,7409.25,7413.5,7408.25,7412.25,985
2026-06-26 16:15:00,7412.5,7417.75,7412.25,7414.25,990
2026-06-26 16:16:00,7414.5,7415.5,7411.75,7413.25,760
2026-06-26 16:17:00,7413.25,7415.0,7410.5,7411.75,574
2026-06-26 16:18:00,7411.75,7413.75,7410.75,7413.75,397
2026-06-26 16:19:00,7413.75,7415.0,7413.0,7413.0,441
2026-06-26 16:20:00,7413.0,7415.5,7412.25,7413.75,624
2026-06-26 16:21:00,7413.75,7413.75,7410.75,7411.75,536
2026-06-26 16:22:00,7412.0,7415.5,7412.0,7414.5,385
2026-06-26 16:23:00,7414.0,7415.5,7413.25,7415.5,345
2026-06-26 16:24:00,7415.25,7418.75,7415.25,7417.5,633
2026-06-26 16:25:00,7417.75,7420.5,7416.75,7417.75,779
2026-06-26 16:26:00,7417.5,7418.25,7416.5,7416.75,445
2026-06-26 16:27:00,7417.0,7418.75,7416.75,7418.25,323
2026-06-26 16:28:00,7418.5,7420.0,7417.75,7418.5,442
2026-06-26 16:29:00,7418.5,7419.0,7415.0,7415.75,436
2026-06-26 16:30:00,7416.0,7416.5,7409.0,7409.25,1129
2026-06-26 16:31:00,7409.0,7409.5,7400.25,7401.25,1762
2026-06-26 16:32:00,7401.25,7405.75,7400.75,7401.75,517
2026-06-26 16:33:00,7402.0,7404.5,7401.25,7403.75,379
2026-06-26 16:34:00,7403.25,7410.0,7403.25,7409.0,765
2026-06-26 16:35:00,7408.25,7408.75,7405.75,7408.75,448
2026-06-26 16:36:00,7409.0,7411.5,7397.0,7402.5,1807
2026-06-26 16:37:00,7402.75,7405.5,7399.75,7403.5,702
2026-06-26 16:38:00,7403.25,7404.75,7401.5,7403.5,302
2026-06-26 16:39:00,7403.75,7406.75,7401.75,7404.0,388
2026-06-26 16:40:00,7403.5,7404.0,7399.0,7399.25,492
2026-06-26 16:41:00,7399.5,7403.5,7398.5,7399.0,465
2026-06-26 16:42:00,7398.5,7400.0,7397.25,7399.5,327
2026-06-26 16:43:00,7399.0,7401.0,7398.5,7400.0,317
2026-06-26 16:44:00,7400.0,7402.75,7399.25,7399.75,439
2026-06-26 16:45:00,7399.75,7399.75,7395.75,7396.5,628
2026-06-26 16:46:00,7396.5,7400.75,7396.25,7399.25,355
2026-06-26 16:47:00,7399.25,7401.5,7397.75,7401.0,301
2026-06-26 16:48:00,7400.5,7402.0,7398.5,7398.5,310
2026-06-26 16:49:00,7398.5,7400.25,7398.0,7400.0,280
2026-06-26 16:50:00,7400.25,7402.0,7400.25,7401.0,206
2026-06-26 16:51:00,7401.5,7401.75,7399.5,7401.25,331
2026-06-26 16:52:00,7401.5,7403.25,7399.5,7402.5,297
2026-06-26 16:53:00,7403.25,7404.25,7400.25,7400.25,357
2026-06-26 16:54:00,7400.25,7402.75,7400.0,7402.5,258
2026-06-26 16:55:00,7402.25,7403.75,7401.75,7402.0,398
2026-06-26 16:56:00,7403.5,7404.75,7401.5,7403.5,280
2026-06-26 16:57:00,7403.75,7403.75,7400.25,7400.25,262
2026-06-26 16:58:00,7400.5,7401.75,7395.25,7401.0,535
2026-06-26 16:59:00,7400.5,7401.5,7395.75,7397.75,420
2026-06-28 18:00:00,7398.0,7412.5,7398.0,7411.25,2220
2026-06-28 18:01:00,7411.0,7417.5,7407.0,7417.5,1827
2026-06-28 18:02:00,7417.0,7428.5,7415.75,7426.25,2638
2026-06-28 18:03:00,7426.0,7431.0,7426.0,7429.75,1740
2026-06-28 18:04:00,7429.5,7434.75,7429.25,7430.5,1497
2026-06-28 18:05:00,7430.5,7432.25,7428.75,7431.75,1053
2026-06-28 18:06:00,7431.5,7432.25,7428.5,7431.0,892
2026-06-28 18:07:00,7430.75,7435.75,7430.0,7434.0,1062
2026-06-28 18:08:00,7434.5,7434.5,7429.75,7431.0,778
2026-06-28 18:09:00,7431.25,7431.5,7429.5,7431.0,347
2026-06-28 18:10:00,7430.75,7432.25,7429.25,7430.75,322
2026-06-28 18:11:00,7431.0,7431.25,7428.5,7430.0,303
2026-06-28 18:12:00,7430.0,7434.5,7429.5,7432.75,590
2026-06-28 18:13:00,7433.25,7434.0,7432.0,7432.75,389
2026-06-28 18:14:00,7433.25,7437.75,7433.25,7435.5,1250
2026-06-28 18:15:00,7435.25,7435.75,7432.75,7433.25,620
2026-06-28 18:16:00,7433.25,7433.5,7432.25,7432.75,312
2026-06-28 18:17:00,7433.0,7435.5,7432.5,7435.0,415
2026-06-28 18:18:00,7434.75,7435.25,7431.5,7432.25,437
2026-06-28 18:19:00,7432.5,7433.25,7431.25,7432.0,313
2026-06-28 18:20:00,7431.75,7432.25,7426.75,7427.75,1154
2026-06-28 18:21:00,7428.0,7430.75,7428.0,7430.0,400
2026-06-28 18:22:00,7430.0,7432.75,7430.0,7432.75,496
2026-06-28 18:23:00,7433.0,7437.25,7432.25,7433.75,1180
2026-06-28 18:24:00,7433.5,7435.0,7432.75,7433.5,313
2026-06-28 18:25:00,7433.75,7435.75,7432.0,7434.0,574
2026-06-28 18:26:00,7434.0,7436.75,7434.0,7436.25,386
2026-06-28 18:27:00,7436.5,7437.0,7435.5,7436.0,379
2026-06-28 18:28:00,7436.0,7437.75,7434.25,7434.75,581
2026-06-28 18:29:00,7435.0,7435.5,7434.0,7434.75,245
2026-06-28 18:30:00,7434.75,7438.25,7434.5,7436.0,751
2026-06-28 18:31:00,7436.0,7437.5,7435.25,7437.25,356
2026-06-28 18:32:00,7437.5,7438.0,7436.0,7436.5,448
2026-06-28 18:33:00,7437.0,7437.5,7435.75,7435.75,369
2026-06-28 18:34:00,7435.75,7435.75,7434.0,7434.75,535
2026-06-28 18:35:00,7434.75,7435.75,7434.25,7435.25,421
2026-06-28 18:36:00,7435.0,7437.5,7435.0,7436.75,344
2026-06-28 18:37:00,7436.75,7437.25,7434.75,7435.0,341
2026-06-28 18:38:00,7435.0,7435.75,7434.5,7435.25,333
2026-06-28 18:39:00,7435.5,7435.75,7434.75,7435.0,268
2026-06-28 18:40:00,7435.25,7437.0,7434.25,7436.75,394
2026-06-28 18:41:00,7437.25,7437.25,7436.0,7436.5,338
2026-06-28 18:42:00,7436.25,7437.5,7436.0,7437.0,265
2026-06-28 18:43:00,7437.0,7438.0,7435.25,7436.5,261
2026-06-28 18:44:00,7436.75,7438.25,7436.25,7437.75,258
2026-06-28 18:45:00,7437.75,7438.75,7437.0,7437.25,334
2026-06-28 18:46:00,7438.0,7438.0,7435.75,7436.75,263
2026-06-28 18:47:00,7436.5,7436.75,7435.75,7436.25,90
2026-06-28 18:48:00,7436.25,7437.75,7436.25,7437.25,134
2026-06-28 18:49:00,7437.5,7438.5,7436.25,7437.75,334
2026-06-28 18:50:00,7437.5,7437.75,7436.25,7436.75,83
2026-06-28 18:51:00,7436.75,7436.75,7436.0,7436.25,131
2026-06-28 18:52:00,7436.25,7436.25,7435.0,7435.25,288
2026-06-28 18:53:00,7435.0,7435.75,7434.75,7435.5,154
2026-06-28 18:54:00,7435.5,7435.5,7433.75,7434.75,400
2026-06-28 18:55:00,7435.0,7436.25,7434.75,7435.75,246
2026-06-28 18:56:00,7436.0,7436.25,7435.25,7436.25,111
2026-06-28 18:57:00,7435.75,7436.25,7435.25,7435.25,164
2026-06-28 18:58:00,7435.5,7435.5,7434.25,7435.25,209
2026-06-28 18:59:00,7435.0,7435.25,7433.5,7434.25,214
2026-06-28 19:00:00,7434.25,7436.5,7432.75,7435.75,603
2026-06-28 19:01:00,7435.75,7437.75,7435.5,7437.25,639
2026-06-28 19:02:00,7437.0,7438.25,7436.75,7437.0,344
2026-06-28 19:03:00,7437.25,7439.75,7436.25,7439.5,593
2026-06-28 19:04:00,7439.5,7440.5,7437.75,7438.75,707
2026-06-28 19:05:00,7439.0,7439.75,7437.5,7438.5,399
2026-06-28 19:06:00,7438.5,7440.25,7438.0,7439.75,347
2026-06-28 19:07:00,7440.0,7446.0,7439.5,7444.75,1953
2026-06-28 19:08:00,7444.75,7445.75,7444.25,7445.25,697
2026-06-28 19:09:00,7445.0,7447.5,7444.75,7447.25,937
2026-06-28 19:10:00,7447.0,7448.5,7445.25,7445.75,847
2026-06-28 19:11:00,7445.5,7447.0,7445.25,7445.25,467
2026-06-28 19:12:00,7445.75,7448.5,7445.75,7447.75,493
2026-06-28 19:13:00,7448.0,7448.5,7446.25,7446.25,343
2026-06-28 19:14:00,7446.5,7447.0,7445.75,7446.0,228
2026-06-28 19:15:00,7446.25,7446.75,7444.25,7444.25,545
2026-06-28 19:16:00,7444.5,7445.25,7443.75,7445.25,302
2026-06-28 19:17:00,7445.25,7446.0,7444.25,7446.0,220
2026-06-28 19:18:00,7445.75,7449.5,7445.75,7448.75,978
2026-06-28 19:19:00,7448.75,7449.25,7447.75,7448.0,359
2026-06-28 19:20:00,7448.0,7449.75,7448.0,7449.0,383
2026-06-28 19:21:00,7449.0,7450.0,7448.0,7448.0,343
2026-06-28 19:22:00,7448.25,7449.5,7448.0,7449.5,155
2026-06-28 19:23:00,7449.5,7451.75,7449.25,7449.5,754
2026-06-28 19:24:00,7449.5,7449.5,7448.5,7448.75,295
2026-06-28 19:25:00,7449.0,7450.25,7448.5,7450.25,251
2026-06-28 19:26:00,7450.0,7450.25,7449.25,7449.75,157
2026-06-28 19:27:00,7449.75,7450.25,7449.25,7449.25,181
2026-06-28 19:28:00,7449.0,7449.5,7448.75,7449.25,165
2026-06-28 19:29:00,7449.0,7450.25,7448.75,7449.5,200
2026-06-28 19:30:00,7449.5,7452.75,7449.25,7451.25,738
2026-06-28 19:31:00,7451.5,7451.5,7450.25,7450.5,263
2026-06-28 19:32:00,7450.5,7451.25,7449.75,7451.0,180
2026-06-28 19:33:00,7451.0,7451.25,7450.0,7450.75,168
2026-06-28 19:34:00,7451.0,7451.0,7450.0,7451.0,103
2026-06-28 19:35:00,7451.0,7452.0,7450.75,7451.25,227
2026-06-28 19:36:00,7451.0,7451.25,7450.5,7451.0,153
2026-06-28 19:37:00,7451.0,7451.25,7450.0,7451.0,205
2026-06-28 19:38:00,7451.0,7453.0,7450.75,7453.0,313
2026-06-28 19:39:00,7453.0,7453.5,7452.5,7453.25,323
2026-06-28 19:40:00,7453.25,7453.25,7451.75,7452.0,288
2026-06-28 19:41:00,7452.0,7453.0,7451.75,7452.25,227
2026-06-28 19:42:00,7452.5,7452.75,7451.0,7451.5,282
2026-06-28 19:43:00,7451.75,7453.0,7451.0,7451.75,521
2026-06-28 19:44:00,7451.75,7452.5,7451.0,7452.0,125
2026-06-28 19:45:00,7452.0,7453.0,7450.25,7450.75,610
2026-06-28 19:46:00,7450.5,7455.75,7450.0,7455.5,1059
2026-06-28 19:47:00,7455.5,7455.75,7450.5,7450.5,725
2026-06-28 19:48:00,7450.75,7452.25,7449.75,7452.0,549
2026-06-28 19:49:00,7452.0,7453.0,7451.5,7452.0,230
2026-06-28 19:50:00,7451.75,7451.75,7450.25,7450.5,284
2026-06-28 19:51:00,7450.75,7452.25,7450.0,7451.25,367
2026-06-28 19:52:00,7451.5,7451.75,7450.75,7451.0,179
2026-06-28 19:53:00,7451.25,7452.0,7449.75,7450.75,276
2026-06-28 19:54:00,7450.75,7451.25,7448.25,7449.25,542
2026-06-28 19:55:00,7449.25,7449.5,7448.5,7449.0,308
2026-06-28 19:56:00,7449.0,7450.0,7448.25,7450.0,230
2026-06-28 19:57:00,7450.0,7451.0,7449.0,7449.25,390
2026-06-28 19:58:00,7449.25,7449.75,7448.0,7448.5,307
2026-06-28 19:59:00,7448.75,7449.0,7447.0,7447.25,561
2026-06-28 20:00:00,7447.5,7447.5,7440.5,7444.0,2354
2026-06-28 20:01:00,7444.0,7445.0,7436.0,7436.75,2070
2026-06-28 20:02:00,7437.0,7439.5,7432.75,7434.25,2515
2026-06-28 20:03:00,7434.0,7438.25,7433.75,7438.25,1073
2026-06-28 20:04:00,7438.5,7440.0,7435.75,7436.25,964
2026-06-28 20:05:00,7436.5,7438.0,7432.5,7434.5,1066
2026-06-28 20:06:00,7434.25,7438.75,7434.0,7437.25,1076
2026-06-28 20:07:00,7437.0,7438.75,7435.25,7436.25,809
2026-06-28 20:08:00,7436.5,7438.25,7435.5,7435.75,579
2026-06-28 20:09:00,7436.0,7437.25,7434.75,7436.0,505
2026-06-28 20:10:00,7436.0,7438.25,7434.75,7436.5,445
2026-06-28 20:11:00,7436.75,7442.5,7436.25,7442.5,1124
2026-06-28 20:12:00,7442.0,7442.5,7439.0,7442.0,736
2026-06-28 20:13:00,7441.5,7442.75,7437.5,7438.75,450
2026-06-28 20:14:00,7438.75,7439.25,7435.75,7436.25,601
2026-06-28 20:15:00,7436.0,7438.75,7432.0,7434.0,1438
2026-06-28 20:16:00,7434.0,7435.25,7427.75,7429.0,1633
2026-06-28 20:17:00,7429.0,7433.75,7429.0,7433.75,890
2026-06-28 20:18:00,7433.5,7436.5,7432.25,7436.25,857
2026-06-28 20:19:00,7436.25,7437.0,7431.25,7433.0,954
2026-06-28 20:20:00,7432.75,7433.25,7429.25,7430.25,847
2026-06-28 20:21:00,7430.0,7430.0,7425.75,7426.25,1101
2026-06-28 20:22:00,7426.25,7427.5,7424.5,7424.75,1040
2026-06-28 20:23:00,7424.75,7426.5,7423.0,7424.25,1061
2026-06-28 20:24:00,7424.5,7426.75,7423.75,7425.25,840
2026-06-28 20:25:00,7425.5,7428.25,7423.75,7425.5,869
2026-06-28 20:26:00,7425.75,7426.5,7423.75,7426.0,534
2026-06-28 20:27:00,7425.5,7427.0,7423.75,7424.75,442
2026-06-28 20:28:00,7424.75,7425.0,7422.5,7422.75,675
2026-06-28 20:29:00,7422.75,7425.0,7422.5,7423.0,781
2026-06-28 20:30:00,7423.25,7425.5,7422.5,7424.75,885
2026-06-28 20:31:00,7424.5,7426.5,7422.5,7423.0,1052
2026-06-28 20:32:00,7422.75,7425.25,7422.25,7425.0,666
2026-06-28 20:33:00,7425.25,7428.25,7424.5,7425.0,1186
2026-06-28 20:34:00,7425.0,7429.0,7423.5,7426.75,771
2026-06-28 20:35:00,7426.5,7427.5,7424.75,7426.0,567
2026-06-28 20:36:00,7426.0,7428.5,7425.75,7426.0,828
2026-06-28 20:37:00,7426.0,7427.25,7424.25,7426.25,616
2026-06-28 20:38:00,7426.25,7428.75,7425.25,7427.75,712
2026-06-28 20:39:00,7427.5,7429.75,7426.0,7426.5,566
2026-06-28 20:40:00,7426.5,7432.25,7426.0,7431.75,1014
2026-06-28 20:41:00,7432.0,7433.0,7431.25,7432.5,630
2026-06-28 20:42:00,7432.5,7436.25,7432.5,7435.25,1042
2026-06-28 20:43:00,7435.5,7436.5,7433.75,7434.0,637
2026-06-28 20:44:00,7434.0,7435.75,7433.25,7435.25,447
2026-06-28 20:45:00,7435.0,7435.0,7431.25,7432.0,659
2026-06-28 20:46:00,7432.0,7432.5,7428.5,7429.0,772
2026-06-28 20:47:00,7429.0,7429.0,7423.25,7423.75,1142
2026-06-28 20:48:00,7424.0,7426.25,7423.0,7426.25,935
2026-06-28 20:49:00,7426.0,7427.25,7424.75,7427.0,443
2026-06-28 20:50:00,7426.75,7430.75,7426.75,7427.0,810
2026-06-28 20:51:00,7427.0,7431.0,7426.5,7429.75,582
2026-06-28 20:52:00,7429.5,7431.25,7428.75,7430.5,325
2026-06-28 20:53:00,7430.0,7432.25,7430.0,7431.75,435
2026-06-28 20:54:00,7431.75,7432.25,7430.0,7432.25,503
2026-06-28 20:55:00,7432.25,7435.75,7432.0,7434.75,892
2026-06-28 20:56:00,7435.0,7437.5,7434.75,7437.25,910
2026-06-28 20:57:00,7437.0,7437.5,7435.25,7435.5,458
2026-06-28 20:58:00,7435.5,7439.5,7435.5,7439.0,685
2026-06-28 20:59:00,7439.25,7440.0,7438.5,7438.5,535
2026-06-28 21:00:00,7438.75,7440.5,7436.25,7436.25,921
2026-06-28 21:01:00,7436.25,7437.25,7434.5,7436.0,768
2026-06-28 21:02:00,7436.0,7436.0,7430.5,7432.25,1182
2026-06-28 21:03:00,7432.5,7433.25,7430.5,7432.5,414
2026-06-28 21:04:00,7432.25,7434.75,7432.25,7433.25,528
2026-06-28 21:05:00,7433.5,7436.0,7433.25,7435.25,408
2026-06-28 21:06:00,7435.5,7439.75,7435.5,7438.25,775
2026-06-28 21:07:00,7438.25,7439.25,7436.5,7436.5,459
2026-06-28 21:08:00,7436.5,7437.0,7434.5,7434.75,431
2026-06-28 21:09:00,7434.75,7436.25,7434.0,7434.5,349
2026-06-28 21:10:00,7434.75,7437.25,7434.25,7437.0,275
2026-06-28 21:11:00,7437.0,7437.25,7436.0,7436.75,249
2026-06-28 21:12:00,7437.0,7437.25,7435.25,7436.5,185
2026-06-28 21:13:00,7436.25,7436.5,7434.0,7435.5,323
2026-06-28 21:14:00,7435.25,7437.25,7435.25,7437.0,252
2026-06-28 21:15:00,7437.0,7437.5,7435.25,7437.0,211
2026-06-28 21:16:00,7436.75,7437.25,7432.75,7433.0,444
2026-06-28 21:17:00,7433.0,7433.5,7428.5,7428.5,940
2026-06-28 21:18:00,7428.5,7430.75,7427.0,7428.0,849
2026-06-28 21:19:00,7428.25,7430.75,7427.25,7430.25,488
2026-06-28 21:20:00,7429.75,7432.5,7428.0,7432.5,656
2026-06-28 21:21:00,7432.25,7436.25,7431.0,7431.5,774
2026-06-28 21:22:00,7431.5,7434.25,7431.25,7434.0,331
2026-06-28 21:23:00,7434.0,7434.5,7433.0,7434.5,201
2026-06-28 21:24:00,7434.25,7435.0,7432.75,7433.5,225
2026-06-28 21:25:00,7433.5,7436.5,7433.0,7434.0,492
2026-06-28 21:26:00,7434.0,7436.5,7432.75,7435.5,289
2026-06-28 21:27:00,7435.75,7436.25,7431.0,7431.25,403
2026-06-28 21:28:00,7431.25,7433.5,7431.0,7432.0,196
2026-06-28 21:29:00,7432.25,7432.5,7428.5,7429.25,512
2026-06-28 21:30:00,7429.5,7431.5,7426.75,7430.25,934
2026-06-28 21:31:00,7430.0,7430.25,7427.25,7427.75,522
2026-06-28 21:32:00,7428.0,7431.75,7427.75,7431.25,541
2026-06-28 21:33:00,7431.25,7431.5,7428.0,7430.0,331
2026-06-28 21:34:00,7429.5,7430.5,7428.5,7429.25,261
2026-06-28 21:35:00,7429.25,7435.0,7428.5,7434.0,742
2026-06-28 21:36:00,7433.75,7436.0,7432.5,7435.25,909
2026-06-28 21:37:00,7435.5,7438.5,7434.5,7435.5,990
2026-06-28 21:38:00,7435.25,7438.0,7433.5,7437.75,391
2026-06-28 21:39:00,7437.75,7440.25,7436.5,7438.5,878
2026-06-28 21:40:00,7438.5,7441.25,7438.5,7439.25,748
2026-06-28 21:41:00,7439.5,7442.25,7438.5,7442.0,655
2026-06-28 21:42:00,7442.25,7442.75,7440.25,7441.25,588
2026-06-28 21:43:00,7441.0,7441.75,7439.5,7440.0,376
2026-06-28 21:44:00,7440.25,7440.75,7439.0,7440.5,257
2026-06-28 21:45:00,7440.5,7441.5,7435.25,7436.5,631
2026-06-28 21:46:00,7436.5,7438.0,7436.0,7436.25,340
2026-06-28 21:47:00,7436.25,7437.5,7434.5,7435.75,413
2026-06-28 21:48:00,7435.75,7437.0,7435.0,7437.0,253
2026-06-28 21:49:00,7436.75,7437.75,7435.0,7437.75,303
2026-06-28 21:50:00,7437.75,7439.0,7436.5,7438.0,311
2026-06-28 21:51:00,7437.25,7438.75,7435.75,7437.0,245
2026-06-28 21:52:00,7437.25,7439.5,7436.25,7438.5,231
2026-06-28 21:53:00,7438.5,7439.5,7436.25,7437.0,219
2026-06-28 21:54:00,7436.75,7438.0,7436.5,7437.75,113
2026-06-28 21:55:00,7437.75,7438.5,7436.5,7437.5,195
2026-06-28 21:56:00,7437.75,7440.25,7437.75,7438.75,365
2026-06-28 21:57:00,7438.75,7438.75,7437.0,7438.25,226
2026-06-28 21:58:00,7438.5,7441.75,7438.0,7441.5,431
2026-06-28 21:59:00,7441.25,7441.5,7438.0,7438.5,412
2026-06-28 22:00:00,7438.75,7438.75,7436.0,7436.75,494
2026-06-28 22:01:00,7436.75,7439.0,7436.0,7439.0,204
2026-06-28 22:02:00,7439.0,7439.75,7438.0,7438.75,255
2026-06-28 22:03:00,7438.75,7439.5,7435.25,7435.75,235
2026-06-28 22:04:00,7435.5,7435.5,7433.5,7434.5,677
2026-06-28 22:05:00,7434.0,7435.75,7433.75,7435.25,485
2026-06-28 22:06:00,7435.25,7435.25,7430.75,7431.5,673
2026-06-28 22:07:00,7431.25,7432.5,7430.0,7431.5,387
2026-06-28 22:08:00,7431.25,7431.5,7428.75,7430.0,396
2026-06-28 22:09:00,7429.5,7431.0,7428.75,7429.75,342
2026-06-28 22:10:00,7429.5,7431.25,7429.0,7429.25,316
2026-06-28 22:11:00,7429.25,7430.25,7428.5,7429.25,271
2026-06-28 22:12:00,7429.25,7430.0,7427.75,7428.5,463
2026-06-28 22:13:00,7428.25,7428.25,7424.25,7424.75,1139
2026-06-28 22:14:00,7424.75,7426.0,7421.5,7422.75,1014
2026-06-28 22:15:00,7422.5,7424.0,7420.5,7424.0,869
2026-06-28 22:16:00,7423.75,7425.5,7422.5,7425.0,661
2026-06-28 22:17:00,7424.75,7426.25,7424.5,7425.5,529
2026-06-28 22:18:00,7425.5,7428.25,7425.0,7427.75,547
2026-06-28 22:19:00,7427.75,7429.25,7427.25,7428.75,436
2026-06-28 22:20:00,7428.75,7430.5,7428.75,7430.25,519
2026-06-28 22:21:00,7430.0,7432.5,7429.25,7431.5,496
2026-06-28 22:22:00,7431.5,7434.75,7431.0,7434.75,565
2026-06-28 22:23:00,7434.25,7435.75,7433.25,7433.5,704
2026-06-28 22:24:00,7433.75,7434.75,7433.5,7434.25,305
2026-06-28 22:25:00,7434.5,7434.5,7433.0,7434.5,231
2026-06-28 22:26:00,7434.5,7435.75,7434.25,7435.0,292
2026-06-28 22:27:00,7435.0,7439.5,7434.75,7438.75,818
2026-06-28 22:28:00,7439.25,7441.0,7438.5,7440.25,586
2026-06-28 22:29:00,7440.5,7441.25,7438.5,7440.0,513
2026-06-28 22:30:00,7440.0,7441.0,7439.0,7441.0,350
2026-06-28 22:31:00,7440.75,7440.75,7438.5,7439.0,242
2026-06-28 22:32:00,7438.75,7441.25,7438.25,7440.75,463
2026-06-28 22:33:00,7440.75,7441.0,7439.0,7439.0,391
2026-06-28 22:34:00,7439.0,7440.25,7438.5,7439.5,271
2026-06-28 22:35:00,7439.75,7440.0,7438.5,7439.5,134
2026-06-28 22:36:00,7439.25,7440.25,7438.75,7439.5,107
2026-06-28 22:37:00,7439.5,7440.25,7439.0,7439.25,183
2026-06-28 22:38:00,7439.5,7441.5,7439.25,7441.5,331
2026-06-28 22:39:00,7441.5,7443.75,7441.5,7441.75,844
2026-06-28 22:40:00,7441.5,7443.5,7441.0,7441.75,349
2026-06-28 22:41:00,7441.75,7442.75,7441.25,7441.75,208
2026-06-28 22:42:00,7441.5,7443.0,7441.25,7442.25,179
2026-06-28 22:43:00,7442.75,7442.75,7441.5,7441.75,201
2026-06-28 22:44:00,7441.5,7442.0,7440.25,7441.25,330
2026-06-28 22:45:00,7441.75,7442.5,7440.75,7442.0,149
2026-06-28 22:46:00,7442.25,7443.25,7441.0,7442.0,283
2026-06-28 22:47:00,7441.75,7442.75,7440.5,7441.25,136
2026-06-28 22:48:00,7441.0,7442.75,7440.5,7442.5,265
2026-06-28 22:49:00,7442.5,7442.75,7441.5,7442.5,150
2026-06-28 22:50:00,7442.25,7442.75,7441.75,7441.75,150
2026-06-28 22:51:00,7441.75,7442.75,7441.0,7441.0,201
2026-06-28 22:52:00,7441.25,7441.5,7440.5,7441.0,168
2026-06-28 22:53:00,7440.75,7441.25,7440.25,7440.75,154
2026-06-28 22:54:00,7440.75,7441.25,7440.0,7440.25,341
2026-06-28 22:55:00,7440.5,7442.25,7440.25,7441.25,225
2026-06-28 22:56:00,7441.0,7441.75,7440.75,7441.0,101
2026-06-28 22:57:00,7441.0,7442.5,7440.75,7441.5,123
2026-06-28 22:58:00,7441.25,7442.0,7441.0,7441.75,110
2026-06-28 22:59:00,7441.75,7441.75,7440.25,7440.5,113
2026-06-28 23:00:00,7441.0,7443.75,7441.0,7443.5,594
2026-06-28 23:01:00,7443.5,7444.25,7442.75,7443.0,325
2026-06-28 23:02:00,7443.0,7446.25,7442.75,7445.5,1057
2026-06-28 23:03:00,7445.75,7446.5,7445.0,7445.5,332
2026-06-28 23:04:00,7445.75,7448.0,7445.0,7446.5,432
2026-06-28 23:05:00,7446.75,7447.75,7446.5,7446.75,374
2026-06-28 23:06:00,7446.75,7447.75,7446.0,7446.5,348
2026-06-28 23:07:00,7446.5,7448.0,7446.0,7446.5,407
2026-06-28 23:08:00,7446.5,7448.0,7446.25,7447.5,327
2026-06-28 23:09:00,7447.75,7450.0,7447.25,7447.75,643
2026-06-28 23:10:00,7448.0,7448.0,7446.5,7447.0,233
2026-06-28 23:11:00,7446.75,7446.75,7445.5,7445.75,410
2026-06-28 23:12:00,7445.75,7446.0,7444.0,7445.5,393
2026-06-28 23:13:00,7445.75,7446.25,7444.75,7445.75,145
2026-06-28 23:14:00,7446.25,7447.0,7444.5,7444.5,290
2026-06-28 23:15:00,7444.75,7444.75,7443.5,7444.75,291
2026-06-28 23:16:00,7444.75,7445.0,7444.0,7444.75,119
2026-06-28 23:17:00,7444.75,7444.75,7443.5,7444.5,141
2026-06-28 23:18:00,7444.25,7445.0,7443.5,7444.5,100
2026-06-28 23:19:00,7444.75,7444.75,7443.75,7444.75,87
2026-06-28 23:20:00,7444.5,7444.75,7443.0,7444.75,189
2026-06-28 23:21:00,7445.0,7445.0,7443.5,7444.5,205
2026-06-28 23:22:00,7444.5,7445.75,7444.25,7445.75,195
2026-06-28 23:23:00,7445.5,7446.25,7443.5,7443.75,202
2026-06-28 23:24:00,7443.5,7444.5,7443.0,7444.25,188
2026-06-28 23:25:00,7444.0,7444.5,7443.0,7444.0,126
2026-06-28 23:26:00,7444.0,7444.25,7443.25,7444.0,101
2026-06-28 23:27:00,7444.0,7445.0,7443.75,7445.0,171
2026-06-28 23:28:00,7445.0,7446.5,7444.75,7446.0,352
2026-06-28 23:29:00,7445.75,7445.75,7444.0,7444.75,283
2026-06-28 23:30:00,7444.75,7446.25,7443.75,7444.0,262
2026-06-28 23:31:00,7443.75,7444.5,7443.25,7443.5,217
2026-06-28 23:32:00,7443.5,7443.75,7440.75,7441.5,529
2026-06-28 23:33:00,7441.5,7441.5,7440.0,7440.5,398
2026-06-28 23:34:00,7440.5,7441.25,7439.5,7440.25,272
2026-06-28 23:35:00,7440.5,7441.0,7437.0,7437.0,476
2026-06-28 23:36:00,7437.0,7437.75,7435.75,7436.25,473
2026-06-28 23:37:00,7436.5,7437.75,7435.5,7435.5,344
2026-06-28 23:38:00,7435.5,7436.25,7434.25,7434.75,403
2026-06-28 23:39:00,7434.75,7436.75,7434.75,7436.75,360
2026-06-28 23:40:00,7436.5,7436.75,7435.25,7435.5,204
2026-06-28 23:41:00,7435.75,7437.75,7435.5,7437.0,335
2026-06-28 23:42:00,7437.0,7439.0,7436.75,7437.25,353
2026-06-28 23:43:00,7437.0,7437.5,7436.25,7436.75,152
2026-06-28 23:44:00,7436.5,7437.75,7435.5,7436.75,198
2026-06-28 23:45:00,7437.0,7438.0,7436.0,7437.75,235
2026-06-28 23:46:00,7437.75,7439.75,7437.75,7439.5,417
2026-06-28 23:47:00,7439.5,7442.5,7438.75,7442.0,588
2026-06-28 23:48:00,7442.0,7443.5,7441.75,7443.0,349
2026-06-28 23:49:00,7443.0,7445.5,7443.0,7444.5,583
2026-06-28 23:50:00,7444.75,7447.0,7444.5,7446.25,559
2026-06-28 23:51:00,7446.5,7450.5,7446.25,7449.75,775
2026-06-28 23:52:00,7449.75,7452.0,7449.5,7450.75,858
2026-06-28 23:53:00,7450.5,7452.75,7449.75,7449.75,593
2026-06-28 23:54:00,7449.75,7450.25,7448.0,7449.0,470
2026-06-28 23:55:00,7449.25,7449.75,7447.5,7449.0,282
2026-06-28 23:56:00,7449.0,7449.75,7447.5,7448.0,211
2026-06-28 23:57:00,7447.75,7449.25,7447.0,7448.5,235
2026-06-28 23:58:00,7448.75,7451.5,7448.75,7450.25,455
2026-06-28 23:59:00,7450.5,7451.25,7449.75,7450.25,258
2026-06-29 00:00:00,7450.5,7450.5,7447.75,7448.0,360
2026-06-29 00:01:00,7448.0,7448.5,7447.0,7448.0,284
2026-06-29 00:02:00,7448.0,7448.5,7447.5,7448.25,178
2026-06-29 00:03:00,7448.5,7449.5,7448.25,7448.25,198
2026-06-29 00:04:00,7448.25,7448.5,7447.5,7447.75,119
2026-06-29 00:05:00,7447.75,7448.25,7445.5,7445.5,333
2026-06-29 00:06:00,7445.5,7446.0,7444.75,7445.25,298
2026-06-29 00:07:00,7445.75,7448.5,7445.5,7446.75,301
2026-06-29 00:08:00,7446.75,7447.0,7446.0,7446.5,177
2026-06-29 00:09:00,7446.75,7448.25,7446.75,7447.0,235
2026-06-29 00:10:00,7447.0,7447.25,7445.25,7446.0,226
2026-06-29 00:11:00,7446.0,7446.0,7445.0,7445.25,269
2026-06-29 00:12:00,7445.5,7445.75,7444.5,7445.0,146
2026-06-29 00:13:00,7445.0,7445.25,7444.5,7444.75,113
2026-06-29 00:14:00,7445.25,7445.5,7444.75,7445.0,81
2026-06-29 00:15:00,7445.25,7445.75,7444.0,7444.0,221
2026-06-29 00:16:00,7444.0,7444.5,7442.75,7443.75,360
2026-06-29 00:17:00,7443.75,7444.75,7443.5,7443.75,212
2026-06-29 00:18:00,7443.5,7443.75,7442.75,7443.75,82
2026-06-29 00:19:00,7444.25,7445.0,7443.0,7443.25,136
2026-06-29 00:20:00,7443.5,7444.0,7442.25,7443.5,193
2026-06-29 00:21:00,7443.25,7443.25,7441.5,7442.25,240
2026-06-29 00:22:00,7442.25,7442.5,7441.5,7442.25,146
2026-06-29 00:23:00,7441.75,7443.25,7441.5,7443.25,139
2026-06-29 00:24:00,7443.25,7445.5,7443.25,7445.25,453
2026-06-29 00:25:00,7445.0,7447.75,7445.0,7447.75,537
2026-06-29 00:26:00,7447.5,7448.0,7444.25,7444.5,428
2026-06-29 00:27:00,7444.5,7445.75,7443.25,7444.75,338
2026-06-29 00:28:00,7444.25,7444.5,7443.75,7444.0,140
2026-06-29 00:29:00,7444.5,7445.5,7444.0,7444.25,130
2026-06-29 00:30:00,7444.0,7444.75,7442.75,7444.25,275
2026-06-29 00:31:00,7444.75,7445.75,7444.5,7444.75,160
2026-06-29 00:32:00,7444.5,7445.25,7443.75,7444.75,168
2026-06-29 00:33:00,7445.0,7445.25,7443.5,7443.75,94
2026-06-29 00:34:00,7443.5,7443.75,7441.75,7443.0,391
2026-06-29 00:35:00,7443.0,7443.25,7442.0,7443.0,146
2026-06-29 00:36:00,7442.75,7443.5,7441.25,7442.0,268
2026-06-29 00:37:00,7442.0,7444.25,7441.75,7444.25,155
2026-06-29 00:38:00,7444.25,7445.0,7443.5,7444.0,248
2026-06-29 00:39:00,7444.0,7444.0,7442.0,7442.5,133
2026-06-29 00:40:00,7442.75,7442.75,7440.0,7440.5,452
2026-06-29 00:41:00,7440.25,7441.0,7439.5,7440.5,377
2026-06-29 00:42:00,7440.25,7441.0,7439.5,7440.0,229
2026-06-29 00:43:00,7440.5,7441.75,7440.0,7441.75,169
2026-06-29 00:44:00,7441.75,7442.0,7441.0,7441.75,146
2026-06-29 00:45:00,7441.25,7441.75,7440.0,7440.5,191
2026-06-29 00:46:00,7440.25,7441.5,7439.75,7441.5,150
2026-06-29 00:47:00,7441.5,7442.5,7440.25,7440.5,304
2026-06-29 00:48:00,7440.5,7441.25,7440.5,7441.0,77
2026-06-29 00:49:00,7440.75,7443.0,7440.75,7443.0,225
2026-06-29 00:50:00,7443.0,7443.5,7441.5,7442.0,282
2026-06-29 00:51:00,7441.75,7443.5,7441.5,7443.5,112
2026-06-29 00:52:00,7443.75,7445.0,7442.5,7445.0,332
2026-06-29 00:53:00,7445.0,7445.25,7444.25,7445.25,165
2026-06-29 00:54:00,7445.0,7445.5,7443.75,7444.5,194
2026-06-29 00:55:00,7444.5,7444.5,7440.75,7441.0,381
2026-06-29 00:56:00,7441.0,7442.0,7441.0,7442.0,118
2026-06-29 00:57:00,7441.75,7442.5,7441.0,7441.5,92
2026-06-29 00:58:00,7441.75,7442.0,7440.75,7440.75,142
2026-06-29 00:59:00,7441.0,7442.25,7440.75,7442.25,172
2026-06-29 01:00:00,7442.0,7444.5,7440.0,7440.75,537
2026-06-29 01:01:00,7440.25,7441.75,7439.25,7441.0,412
2026-06-29 01:02:00,7441.0,7441.75,7439.5,7440.0,186
2026-06-29 01:03:00,7440.25,7441.25,7439.75,7441.25,165
2026-06-29 01:04:00,7440.75,7442.0,7440.5,7441.0,147
2026-06-29 01:05:00,7441.0,7441.0,7439.0,7440.75,293
2026-06-29 01:06:00,7440.75,7442.25,7440.0,7441.0,212
2026-06-29 01:07:00,7440.75,7442.5,7440.5,7440.75,139
2026-06-29 01:08:00,7441.0,7442.75,7441.0,7442.75,164
2026-06-29 01:09:00,7442.75,7443.25,7441.75,7441.75,182
2026-06-29 01:10:00,7442.0,7443.25,7441.25,7441.25,160
2026-06-29 01:11:00,7441.25,7442.75,7440.75,7441.25,108
2026-06-29 01:12:00,7441.0,7442.0,7439.0,7439.75,224
2026-06-29 01:13:00,7439.5,7442.5,7439.25,7442.25,234
2026-06-29 01:14:00,7442.25,7445.0,7442.0,7444.5,403
2026-06-29 01:15:00,7444.75,7447.0,7444.5,7445.75,417
2026-06-29 01:16:00,7446.0,7446.0,7445.0,7445.0,162
2026-06-29 01:17:00,7445.0,7445.5,7443.5,7444.0,121
2026-06-29 01:18:00,7444.0,7444.5,7441.0,7441.0,358
2026-06-29 01:19:00,7441.0,7442.75,7440.5,7442.0,259
2026-06-29 01:20:00,7442.0,7444.25,7442.0,7443.0,136
2026-06-29 01:21:00,7443.5,7443.5,7441.25,7441.5,111
2026-06-29 01:22:00,7441.75,7442.5,7441.75,7442.25,33
2026-06-29 01:23:00,7442.25,7443.0,7441.5,7442.75,63
2026-06-29 01:24:00,7442.5,7443.75,7442.5,7443.25,79
2026-06-29 01:25:00,7443.0,7444.5,7443.0,7444.5,240
2026-06-29 01:26:00,7444.25,7445.25,7442.25,7442.75,206
2026-06-29 01:27:00,7442.75,7443.75,7442.25,7443.75,99
2026-06-29 01:28:00,7444.0,7444.0,7441.5,7442.25,137
2026-06-29 01:29:00,7442.25,7443.25,7441.25,7442.75,98
2026-06-29 01:30:00,7442.5,7444.75,7442.0,7442.5,219
2026-06-29 01:31:00,7442.25,7444.0,7442.0,7444.0,214
2026-06-29 01:32:00,7444.0,7444.25,7443.5,7444.0,125
2026-06-29 01:33:00,7444.0,7445.75,7444.0,7445.5,160
2026-06-29 01:34:00,7445.25,7449.25,7444.75,7449.0,487
2026-06-29 01:35:00,7449.25,7450.0,7447.5,7447.5,431
2026-06-29 01:36:00,7447.5,7447.5,7446.25,7446.5,219
2026-06-29 01:37:00,7446.5,7446.75,7445.5,7446.25,152
2026-06-29 01:38:00,7446.0,7447.5,7445.25,7447.25,172
2026-06-29 01:39:00,7447.0,7448.25,7447.0,7448.0,176
2026-06-29 01:40:00,7447.75,7449.5,7447.75,7448.75,237
2026-06-29 01:41:00,7448.75,7449.5,7448.5,7449.0,182
2026-06-29 01:42:00,7449.0,7451.5,7449.0,7451.25,387
2026-06-29 01:43:00,7451.25,7452.25,7450.75,7452.25,513
2026-06-29 01:44:00,7452.25,7453.75,7451.5,7453.0,482
2026-06-29 01:45:00,7453.0,7453.0,7451.75,7452.5,323
2026-06-29 01:46:00,7452.75,7453.25,7451.5,7452.0,198
2026-06-29 01:47:00,7452.25,7452.75,7451.0,7452.5,305
2026-06-29 01:48:00,7452.25,7452.75,7451.5,7452.0,187
2026-06-29 01:49:00,7451.75,7452.0,7451.0,7451.5,128
2026-06-29 01:50:00,7451.25,7451.75,7449.75,7451.25,222
2026-06-29 01:51:00,7451.25,7454.75,7451.25,7453.75,516
2026-06-29 01:52:00,7453.5,7454.25,7453.25,7453.75,145
2026-06-29 01:53:00,7453.5,7455.75,7453.5,7455.25,547
2026-06-29 01:54:00,7455.25,7457.25,7454.75,7456.25,684
2026-06-29 01:55:00,7456.5,7456.75,7455.0,7456.5,394
2026-06-29 01:56:00,7456.5,7458.5,7456.5,7456.5,574
2026-06-29 01:57:00,7456.5,7457.0,7455.75,7456.0,342
2026-06-29 01:58:00,7455.75,7456.25,7455.0,7455.5,184
2026-06-29 01:59:00,7455.25,7457.5,7455.0,7457.25,261
2026-06-29 02:00:00,7457.0,7457.75,7454.5,7455.25,565
2026-06-29 02:01:00,7455.5,7456.0,7454.0,7454.5,337
2026-06-29 02:02:00,7454.5,7455.0,7451.5,7451.75,319
2026-06-29 02:03:00,7451.75,7451.75,7448.75,7448.75,520
2026-06-29 02:04:00,7449.0,7449.75,7447.75,7449.5,319
2026-06-29 02:05:00,7449.25,7449.5,7446.75,7447.0,318
2026-06-29 02:06:00,7447.25,7447.75,7446.25,7447.5,343
2026-06-29 02:07:00,7447.25,7449.25,7447.25,7448.5,328
2026-06-29 02:08:00,7448.25,7449.25,7446.25,7446.5,246
2026-06-29 02:09:00,7446.25,7447.5,7446.0,7447.5,200
2026-06-29 02:10:00,7447.5,7448.5,7447.0,7447.25,297
2026-06-29 02:11:00,7447.25,7447.25,7445.25,7445.75,231
2026-06-29 02:12:00,7446.0,7448.5,7445.75,7448.0,159
2026-06-29 02:13:00,7448.0,7448.25,7446.75,7447.5,144
2026-06-29 02:14:00,7447.5,7448.25,7447.0,7447.5,173
2026-06-29 02:15:00,7447.75,7448.75,7447.25,7448.25,317
2026-06-29 02:16:00,7448.0,7449.25,7447.75,7448.0,288
2026-06-29 02:17:00,7447.75,7448.5,7447.0,7448.5,148
2026-06-29 02:18:00,7448.5,7448.5,7447.75,7447.75,183
2026-06-29 02:19:00,7447.75,7448.0,7447.25,7447.75,100
2026-06-29 02:20:00,7447.75,7448.5,7446.75,7448.0,197
2026-06-29 02:21:00,7448.25,7449.0,7447.25,7448.25,137
2026-06-29 02:22:00,7448.0,7449.5,7448.0,7448.5,210
2026-06-29 02:23:00,7448.25,7451.0,7448.25,7450.75,373
2026-06-29 02:24:00,7450.5,7450.75,7449.75,7450.25,156
2026-06-29 02:25:00,7450.25,7451.75,7449.25,7451.0,253
2026-06-29 02:26:00,7450.75,7452.0,7449.25,7449.25,309
2026-06-29 02:27:00,7449.25,7450.0,7448.75,7449.75,183
2026-06-29 02:28:00,7449.5,7451.75,7449.5,7451.5,122
2026-06-29 02:29:00,7451.25,7452.5,7450.25,7450.75,295
2026-06-29 02:30:00,7451.0,7452.0,7449.25,7451.75,440
2026-06-29 02:31:00,7451.75,7453.5,7451.0,7452.5,449
2026-06-29 02:32:00,7452.25,7453.0,7451.5,7453.0,183
2026-06-29 02:33:00,7453.0,7453.25,7451.25,7452.75,215
2026-06-29 02:34:00,7452.75,7454.25,7452.25,7453.75,203
2026-06-29 02:35:00,7454.0,7454.75,7452.25,7452.25,252
2026-06-29 02:36:00,7452.0,7453.0,7452.0,7453.0,159
2026-06-29 02:37:00,7452.75,7453.5,7452.5,7453.0,102
2026-06-29 02:38:00,7452.75,7452.75,7450.0,7450.25,293
2026-06-29 02:39:00,7450.0,7451.5,7450.0,7451.25,74
2026-06-29 02:40:00,7451.25,7452.0,7451.0,7451.5,115
2026-06-29 02:41:00,7451.5,7454.0,7451.5,7452.5,323
2026-06-29 02:42:00,7452.25,7453.25,7451.75,7452.75,126
2026-06-29 02:43:00,7452.5,7452.75,7451.5,7451.75,100
2026-06-29 02:44:00,7451.75,7452.0,7451.25,7451.75,140
2026-06-29 02:45:00,7452.0,7452.0,7450.5,7450.5,117
2026-06-29 02:46:00,7450.5,7450.5,7449.5,7450.0,201
2026-06-29 02:47:00,7450.5,7451.0,7450.25,7450.5,67
2026-06-29 02:48:00,7450.5,7451.5,7449.75,7449.75,130
2026-06-29 02:49:00,7449.5,7449.75,7449.0,7449.5,125
2026-06-29 02:50:00,7449.5,7449.75,7447.75,7448.75,204
2026-06-29 02:51:00,7448.75,7448.75,7448.25,7448.5,94
2026-06-29 02:52:00,7448.25,7449.25,7447.75,7449.0,213
2026-06-29 02:53:00,7449.25,7450.25,7448.25,7449.0,178
2026-06-29 02:54:00,7449.25,7449.25,7446.75,7447.0,176
2026-06-29 02:55:00,7447.0,7447.0,7445.75,7446.75,235
2026-06-29 02:56:00,7446.5,7446.5,7444.25,7445.25,396
2026-06-29 02:57:00,7445.25,7445.75,7444.5,7445.75,149
2026-06-29 02:58:00,7445.75,7446.5,7445.0,7445.5,230
2026-06-29 02:59:00,7445.5,7446.5,7445.5,7446.25,132
2026-06-29 03:00:00,7446.5,7447.0,7442.5,7442.5,798
2026-06-29 03:01:00,7442.25,7442.75,7439.0,7439.0,834
2026-06-29 03:02:00,7439.0,7439.25,7437.25,7439.0,699
2026-06-29 03:03:00,7438.75,7439.0,7436.75,7438.5,681
2026-06-29 03:04:00,7438.0,7441.0,7438.0,7440.75,614
2026-06-29 03:05:00,7440.5,7441.25,7439.25,7439.5,447
2026-06-29 03:06:00,7439.5,7439.75,7437.5,7437.75,502
2026-06-29 03:07:00,7437.75,7440.0,7437.75,7439.75,316
2026-06-29 03:08:00,7439.75,7441.75,7439.5,7441.25,381
2026-06-29 03:09:00,7441.0,7442.25,7440.75,7441.25,280
2026-06-29 03:10:00,7441.75,7443.0,7439.25,7439.25,445
2026-06-29 03:11:00,7439.25,7440.0,7437.25,7438.0,345
2026-06-29 03:12:00,7438.0,7439.75,7437.75,7439.5,99
2026-06-29 03:13:00,7439.25,7440.5,7438.25,7439.5,351
2026-06-29 03:14:00,7439.5,7443.0,7439.5,7443.0,407
2026-06-29 03:15:00,7443.0,7447.5,7443.0,7446.5,694
2026-06-29 03:16:00,7446.25,7446.5,7444.25,7446.25,323
2026-06-29 03:17:00,7446.5,7446.75,7445.5,7445.75,217
2026-06-29 03:18:00,7445.75,7446.5,7445.0,7445.5,137
2026-06-29 03:19:00,7445.5,7446.0,7444.75,7445.5,213
2026-06-29 03:20:00,7445.25,7446.75,7445.0,7446.5,163
2026-06-29 03:21:00,7446.5,7447.25,7445.75,7446.5,227
2026-06-29 03:22:00,7446.75,7448.5,7444.75,7445.0,502
2026-06-29 03:23:00,7445.0,7445.75,7444.5,7445.25,264
2026-06-29 03:24:00,7445.25,7447.75,7444.75,7447.5,348
2026-06-29 03:25:00,7447.5,7448.25,7447.25,7447.25,281
2026-06-29 03:26:00,7447.25,7450.0,7446.25,7449.0,449
2026-06-29 03:27:00,7449.0,7450.0,7448.5,7449.75,113
2026-06-29 03:28:00,7449.75,7452.0,7449.0,7452.0,283
2026-06-29 03:29:00,7451.5,7452.0,7449.75,7450.25,255
2026-06-29 03:30:00,7450.25,7451.0,7449.5,7449.5,199
2026-06-29 03:31:00,7449.5,7450.25,7448.0,7448.0,211
2026-06-29 03:32:00,7448.0,7448.25,7447.0,7447.25,234
2026-06-29 03:33:00,7447.25,7448.25,7446.5,7447.25,148
2026-06-29 03:34:00,7447.0,7449.0,7446.5,7449.0,146
2026-06-29 03:35:00,7448.5,7448.75,7446.5,7447.0,126
2026-06-29 03:36:00,7447.0,7449.0,7446.5,7449.0,207
2026-06-29 03:37:00,7449.25,7450.0,7448.0,7449.5,209
2026-06-29 03:38:00,7449.5,7451.5,7449.5,7451.25,392
2026-06-29 03:39:00,7450.75,7452.5,7450.75,7452.5,327
2026-06-29 03:40:00,7452.5,7453.5,7451.5,7453.25,279
2026-06-29 03:41:00,7453.0,7453.25,7451.75,7451.75,176
2026-06-29 03:42:00,7451.75,7452.0,7450.25,7451.75,319
2026-06-29 03:43:00,7451.75,7452.0,7450.75,7451.25,167
2026-06-29 03:44:00,7451.5,7451.75,7450.0,7450.75,146
2026-06-29 03:45:00,7450.5,7450.5,7448.25,7448.75,372
2026-06-29 03:46:00,7448.75,7450.75,7448.25,7449.75,532
2026-06-29 03:47:00,7450.0,7452.75,7450.0,7451.25,443
2026-06-29 03:48:00,7451.25,7451.75,7449.25,7450.0,356
2026-06-29 03:49:00,7450.25,7450.5,7448.75,7449.75,159
2026-06-29 03:50:00,7449.75,7451.5,7449.5,7450.75,160
2026-06-29 03:51:00,7450.75,7451.0,7449.75,7450.75,133
2026-06-29 03:52:00,7450.5,7451.75,7450.5,7450.75,198
2026-06-29 03:53:00,7450.75,7451.75,7449.75,7451.0,203
2026-06-29 03:54:00,7450.75,7450.75,7449.0,7450.25,121
2026-06-29 03:55:00,7449.5,7450.5,7449.0,7449.0,142
2026-06-29 03:56:00,7449.5,7450.75,7449.25,7450.5,130
2026-06-29 03:57:00,7450.5,7451.0,7449.5,7450.75,98
2026-06-29 03:58:00,7451.0,7451.0,7449.75,7450.0,126
2026-06-29 03:59:00,7450.0,7451.75,7450.0,7451.0,135
2026-06-29 04:00:00,7451.25,7453.75,7450.25,7452.25,540
2026-06-29 04:01:00,7452.0,7454.5,7451.25,7454.5,505
2026-06-29 04:02:00,7454.75,7458.75,7454.75,7457.0,1037
2026-06-29 04:03:00,7457.0,7457.75,7453.5,7454.5,536
2026-06-29 04:04:00,7454.25,7455.75,7453.0,7455.75,372
2026-06-29 04:05:00,7455.5,7459.75,7454.75,7458.0,780
2026-06-29 04:06:00,7458.0,7458.5,7457.0,7458.5,337
2026-06-29 04:07:00,7458.75,7459.75,7455.0,7455.0,484
2026-06-29 04:08:00,7455.0,7456.5,7454.75,7455.75,230
2026-06-29 04:09:00,7455.5,7458.5,7455.5,7458.0,258
2026-06-29 04:10:00,7458.0,7458.5,7457.0,7458.0,244
2026-06-29 04:11:00,7457.75,7458.25,7457.0,7457.75,125
2026-06-29 04:12:00,7457.5,7459.25,7456.5,7458.75,200
2026-06-29 04:13:00,7458.75,7459.0,7456.5,7456.75,151
2026-06-29 04:14:00,7457.0,7458.25,7456.5,7458.0,129
2026-06-29 04:15:00,7458.0,7459.5,7456.75,7456.75,305
2026-06-29 04:16:00,7456.75,7457.5,7455.25,7456.75,243
2026-06-29 04:17:00,7456.75,7459.0,7456.25,7459.0,344
2026-06-29 04:18:00,7458.75,7463.75,7458.5,7463.0,1454
2026-06-29 04:19:00,7462.75,7463.0,7459.25,7460.5,510
2026-06-29 04:20:00,7460.25,7460.5,7458.5,7458.5,367
2026-06-29 04:21:00,7458.75,7461.25,7458.5,7461.0,357
2026-06-29 04:22:00,7461.0,7461.25,7458.75,7459.0,191
2026-06-29 04:23:00,7459.0,7459.75,7458.0,7458.5,261
2026-06-29 04:24:00,7458.75,7459.25,7457.75,7459.0,295
2026-06-29 04:25:00,7459.5,7461.75,7459.5,7460.5,243
2026-06-29 04:26:00,7460.25,7460.25,7457.25,7458.0,342
2026-06-29 04:27:00,7457.75,7459.5,7457.25,7458.5,232
2026-06-29 04:28:00,7458.5,7458.75,7457.5,7458.25,169
2026-06-29 04:29:00,7457.75,7458.0,7455.75,7456.25,409
2026-06-29 04:30:00,7456.25,7459.0,7455.25,7458.5,356
2026-06-29 04:31:00,7458.75,7461.0,7458.75,7460.0,437
2026-06-29 04:32:00,7460.0,7460.25,7459.0,7459.75,222
2026-06-29 04:33:00,7459.75,7460.5,7459.0,7460.0,210
2026-06-29 04:34:00,7460.0,7460.5,7459.5,7460.0,137
2026-06-29 04:35:00,7459.75,7460.5,7459.5,7460.5,162
2026-06-29 04:36:00,7460.75,7462.0,7459.75,7460.5,278
2026-06-29 04:37:00,7460.75,7461.0,7459.5,7459.5,132
2026-06-29 04:38:00,7459.5,7460.25,7457.0,7457.5,273
2026-06-29 04:39:00,7457.25,7457.75,7455.75,7456.75,214
2026-06-29 04:40:00,7456.75,7456.75,7454.75,7455.5,410
2026-06-29 04:41:00,7455.5,7456.75,7455.25,7455.75,228
2026-06-29 04:42:00,7455.5,7456.0,7453.75,7455.75,435
2026-06-29 04:43:00,7456.0,7456.0,7454.75,7455.25,457
2026-06-29 04:44:00,7455.5,7455.5,7454.5,7454.75,120
2026-06-29 04:45:00,7455.25,7455.5,7453.75,7453.75,161
2026-06-29 04:46:00,7454.0,7455.75,7453.75,7455.5,125
2026-06-29 04:47:00,7455.25,7456.5,7455.25,7456.25,147
2026-06-29 04:48:00,7456.5,7457.75,7456.0,7457.5,154
2026-06-29 04:49:00,7457.0,7457.0,7454.5,7455.25,269
2026-06-29 04:50:00,7455.0,7456.25,7455.0,7455.75,61
2026-06-29 04:51:00,7456.0,7456.5,7454.0,7455.0,117
2026-06-29 04:52:00,7455.25,7456.5,7455.0,7455.5,134
2026-06-29 04:53:00,7455.75,7455.75,7454.25,7454.75,84
2026-06-29 04:54:00,7454.0,7454.25,7452.5,7452.75,316
2026-06-29 04:55:00,7452.75,7453.0,7451.0,7451.5,345
2026-06-29 04:56:00,7451.25,7452.0,7450.5,7451.0,182
2026-06-29 04:57:00,7451.0,7452.0,7450.75,7451.75,223
2026-06-29 04:58:00,7451.75,7451.75,7450.75,7451.75,128
2026-06-29 04:59:00,7451.75,7452.25,7451.0,7451.5,191
2026-06-29 05:00:00,7451.25,7452.75,7450.25,7452.0,394
2026-06-29 05:01:00,7451.75,7452.5,7451.5,7452.0,174
2026-06-29 05:02:00,7451.75,7452.75,7451.0,7452.5,175
2026-06-29 05:03:00,7452.75,7453.75,7452.75,7452.75,148
2026-06-29 05:04:00,7453.0,7453.5,7452.5,7453.0,124
2026-06-29 05:05:00,7453.0,7453.25,7452.0,7452.25,161
2026-06-29 05:06:00,7452.5,7453.75,7452.25,7452.25,183
2026-06-29 05:07:00,7452.0,7453.0,7451.25,7451.75,330
2026-06-29 05:08:00,7452.25,7453.0,7452.0,7452.75,95
2026-06-29 05:09:00,7453.0,7453.0,7451.75,7453.0,147
2026-06-29 05:10:00,7452.5,7453.5,7452.5,7453.25,134
2026-06-29 05:11:00,7453.25,7454.75,7451.5,7451.75,252
2026-06-29 05:12:00,7452.0,7452.25,7450.75,7451.5,202
2026-06-29 05:13:00,7451.25,7452.75,7451.25,7452.5,86
2026-06-29 05:14:00,7452.5,7454.5,7452.5,7453.75,234
2026-06-29 05:15:00,7453.5,7455.0,7452.25,7454.5,189
2026-06-29 05:16:00,7454.25,7455.25,7453.75,7454.75,125
2026-06-29 05:17:00,7454.5,7455.25,7454.0,7455.25,132
2026-06-29 05:18:00,7455.0,7456.5,7455.0,7455.25,168
2026-06-29 05:19:00,7455.25,7455.75,7454.75,7455.5,154
2026-06-29 05:20:00,7455.5,7456.0,7455.0,7456.0,186
2026-06-29 05:21:00,7455.75,7456.5,7454.5,7454.75,209
2026-06-29 05:22:00,7455.0,7456.5,7454.75,7456.0,261
2026-06-29 05:23:00,7456.0,7456.5,7455.25,7456.25,161
2026-06-29 05:24:00,7456.0,7456.5,7454.75,7456.5,303
2026-06-29 05:25:00,7456.25,7457.5,7455.5,7455.5,344
2026-06-29 05:26:00,7455.0,7456.5,7455.0,7456.5,201
2026-06-29 05:27:00,7456.75,7458.25,7455.75,7457.75,300
2026-06-29 05:28:00,7457.5,7458.5,7457.0,7458.0,238
2026-06-29 05:29:00,7457.75,7458.25,7457.25,7457.75,145
2026-06-29 05:30:00,7457.75,7459.25,7457.5,7457.5,203
2026-06-29 05:31:00,7457.5,7458.0,7457.0,7457.5,167
2026-06-29 05:32:00,7457.5,7457.75,7456.75,7457.5,329
2026-06-29 05:33:00,7457.25,7457.5,7456.5,7456.75,333
2026-06-29 05:34:00,7456.5,7457.0,7456.25,7456.5,123
2026-06-29 05:35:00,7456.5,7456.75,7455.0,7455.25,221
2026-06-29 05:36:00,7455.25,7455.75,7454.25,7455.5,151
2026-06-29 05:37:00,7455.5,7455.5,7454.5,7454.5,62
2026-06-29 05:38:00,7454.5,7456.25,7454.5,7456.0,166
2026-06-29 05:39:00,7456.25,7457.0,7456.0,7456.0,379
2026-06-29 05:40:00,7455.75,7455.75,7454.5,7454.5,184
2026-06-29 05:41:00,7454.5,7455.25,7454.25,7455.0,89
2026-06-29 05:42:00,7454.75,7455.75,7454.0,7454.25,143
2026-06-29 05:43:00,7454.25,7455.0,7454.25,7454.75,162
2026-06-29 05:44:00,7454.75,7455.75,7453.5,7455.5,148
2026-06-29 05:45:00,7455.5,7456.25,7455.25,7455.25,79
2026-06-29 05:46:00,7455.25,7456.25,7455.25,7456.25,98
2026-06-29 05:47:00,7456.0,7456.25,7455.5,7456.25,165
2026-06-29 05:48:00,7456.0,7456.0,7453.5,7454.25,218
2026-06-29 05:49:00,7454.0,7455.0,7454.0,7454.75,81
2026-06-29 05:50:00,7454.5,7455.5,7454.0,7454.25,128
2026-06-29 05:51:00,7454.25,7455.25,7448.25,7448.5,1873
2026-06-29 05:52:00,7448.5,7451.0,7447.25,7450.5,1029
2026-06-29 05:53:00,7450.5,7451.5,7449.25,7449.5,497
2026-06-29 05:54:00,7449.25,7451.25,7449.25,7451.0,168
2026-06-29 05:55:00,7451.0,7451.5,7450.25,7451.25,255
2026-06-29 05:56:00,7451.25,7453.75,7451.25,7453.25,296
2026-06-29 05:57:00,7453.25,7455.5,7453.25,7454.5,490
2026-06-29 05:58:00,7454.5,7455.25,7454.0,7454.5,236
2026-06-29 05:59:00,7454.5,7455.0,7454.0,7454.5,228
2026-06-29 06:00:00,7455.0,7456.5,7455.0,7456.25,388
2026-06-29 06:01:00,7456.0,7458.5,7455.0,7457.75,487
2026-06-29 06:02:00,7457.75,7459.5,7457.5,7458.5,521
2026-06-29 06:03:00,7458.25,7458.75,7457.5,7457.75,286
2026-06-29 06:04:00,7457.75,7458.75,7457.25,7458.0,151
2026-06-29 06:05:00,7457.75,7457.75,7456.0,7456.25,166
2026-06-29 06:06:00,7456.0,7457.5,7456.0,7456.75,216
2026-06-29 06:07:00,7457.0,7458.0,7456.75,7457.75,73
2026-06-29 06:08:00,7457.25,7458.5,7457.0,7457.75,227
2026-06-29 06:09:00,7457.5,7460.5,7457.25,7460.0,327
2026-06-29 06:10:00,7460.5,7461.25,7458.0,7459.5,467
2026-06-29 06:11:00,7459.5,7459.5,7458.0,7458.5,389
2026-06-29 06:12:00,7458.25,7460.0,7458.25,7460.0,200
2026-06-29 06:13:00,7460.0,7460.25,7457.0,7457.25,289
2026-06-29 06:14:00,7457.25,7457.5,7455.75,7457.0,246
2026-06-29 06:15:00,7457.0,7457.0,7454.75,7454.75,316
2026-06-29 06:16:00,7454.5,7454.75,7452.75,7453.25,393
2026-06-29 06:17:00,7453.25,7453.75,7452.75,7453.0,216
2026-06-29 06:18:00,7453.25,7454.75,7453.0,7454.75,238
2026-06-29 06:19:00,7454.75,7456.0,7454.75,7455.25,171
2026-06-29 06:20:00,7455.25,7456.0,7454.25,7455.75,220
2026-06-29 06:21:00,7455.75,7456.5,7455.5,7456.0,169
2026-06-29 06:22:00,7455.75,7456.0,7455.0,7455.75,83
2026-06-29 06:23:00,7456.0,7456.25,7455.0,7456.25,141
2026-06-29 06:24:00,7456.0,7456.25,7455.0,7455.25,83
2026-06-29 06:25:00,7455.0,7455.5,7454.5,7455.0,184
2026-06-29 06:26:00,7455.0,7457.0,7454.0,7456.75,237
2026-06-29 06:27:00,7456.75,7457.5,7456.5,7457.25,277
2026-06-29 06:28:00,7457.0,7458.5,7456.5,7458.0,227
2026-06-29 06:29:00,7458.0,7460.25,7458.0,7460.0,230
2026-06-29 06:30:00,7460.0,7461.0,7459.25,7460.25,243
2026-06-29 06:31:00,7460.25,7460.5,7459.5,7460.0,243
2026-06-29 06:32:00,7460.25,7460.75,7459.25,7459.25,166
2026-06-29 06:33:00,7459.25,7460.25,7459.25,7459.5,154
2026-06-29 06:34:00,7459.75,7462.5,7459.75,7461.0,481
2026-06-29 06:35:00,7461.25,7461.75,7459.25,7460.0,308
2026-06-29 06:36:00,7460.25,7460.75,7460.0,7460.0,142
2026-06-29 06:37:00,7460.25,7465.0,7460.0,7464.0,985
2026-06-29 06:38:00,7463.75,7464.5,7462.5,7463.75,625
2026-06-29 06:39:00,7463.5,7464.75,7463.25,7463.5,283
2026-06-29 06:40:00,7463.75,7464.25,7463.25,7463.5,157
2026-06-29 06:41:00,7463.25,7463.25,7461.75,7462.5,229
2026-06-29 06:42:00,7462.5,7463.75,7462.25,7463.0,216
2026-06-29 06:43:00,7463.0,7463.0,7461.5,7461.5,147
2026-06-29 06:44:00,7461.5,7462.25,7461.5,7462.0,102
2026-06-29 06:45:00,7462.0,7462.0,7461.0,7461.25,133
2026-06-29 06:46:00,7461.25,7461.75,7460.75,7460.75,73
2026-06-29 06:47:00,7461.0,7462.25,7456.0,7461.25,1588
2026-06-29 06:48:00,7461.0,7461.5,7460.25,7461.25,200
2026-06-29 06:49:00,7461.25,7461.5,7461.0,7461.5,89
2026-06-29 06:50:00,7461.75,7462.0,7461.0,7461.5,174
2026-06-29 06:51:00,7461.25,7462.0,7460.75,7461.75,82
2026-06-29 06:52:00,7462.0,7462.25,7461.5,7461.75,136
2026-06-29 06:53:00,7461.5,7462.75,7461.0,7462.5,275
2026-06-29 06:54:00,7462.25,7463.25,7462.0,7462.25,186
2026-06-29 06:55:00,7462.5,7463.0,7461.5,7461.75,265
2026-06-29 06:56:00,7461.75,7462.25,7461.75,7461.75,50
2026-06-29 06:57:00,7462.0,7463.5,7462.0,7462.75,275
2026-06-29 06:58:00,7462.75,7465.0,7462.5,7464.25,776
2026-06-29 06:59:00,7464.25,7466.75,7464.0,7466.0,774
2026-06-29 07:00:00,7466.0,7469.25,7465.25,7468.25,1271
2026-06-29 07:01:00,7468.5,7468.75,7466.75,7467.5,659
2026-06-29 07:02:00,7467.5,7468.5,7466.75,7468.0,295
2026-06-29 07:03:00,7468.0,7469.5,7467.5,7468.0,493
2026-06-29 07:04:00,7468.25,7469.5,7468.0,7469.0,252
2026-06-29 07:05:00,7469.25,7470.25,7468.25,7468.75,434
2026-06-29 07:06:00,7468.75,7470.5,7468.0,7470.25,407
2026-06-29 07:07:00,7470.25,7470.5,7468.0,7468.25,321
2026-06-29 07:08:00,7468.0,7469.5,7468.0,7468.25,262
2026-06-29 07:09:00,7468.25,7469.0,7467.0,7467.0,257
2026-06-29 07:10:00,7467.0,7467.25,7465.25,7465.75,423
2026-06-29 07:11:00,7466.0,7466.0,7464.0,7464.75,326
2026-06-29 07:12:00,7464.75,7465.25,7463.75,7464.0,183
2026-06-29 07:13:00,7464.25,7464.75,7464.0,7464.25,194
2026-06-29 07:14:00,7464.0,7464.0,7462.5,7463.0,209
2026-06-29 07:15:00,7463.5,7464.5,7462.5,7462.75,380
2026-06-29 07:16:00,7462.75,7463.5,7462.5,7463.0,224
2026-06-29 07:17:00,7463.0,7463.0,7462.0,7462.0,216
2026-06-29 07:18:00,7461.75,7462.25,7460.25,7462.0,504
2026-06-29 07:19:00,7461.5,7461.75,7459.5,7460.25,288
2026-06-29 07:20:00,7460.25,7460.5,7459.25,7459.5,220
2026-06-29 07:21:00,7459.75,7460.0,7458.25,7459.25,265
2026-06-29 07:22:00,7459.5,7460.5,7458.0,7460.5,426
2026-06-29 07:23:00,7460.0,7462.0,7456.75,7460.75,1065
2026-06-29 07:24:00,7461.0,7461.75,7459.75,7460.0,255
2026-06-29 07:25:00,7460.25,7461.25,7460.0,7461.0,173
2026-06-29 07:26:00,7461.25,7462.0,7460.75,7461.75,151
2026-06-29 07:27:00,7461.5,7463.0,7461.25,7461.75,189
2026-06-29 07:28:00,7461.75,7462.25,7461.5,7462.0,109
2026-06-29 07:29:00,7462.25,7463.25,7461.75,7462.0,192
2026-06-29 07:30:00,7461.75,7462.25,7460.5,7460.5,221
2026-06-29 07:31:00,7460.5,7473.75,7460.5,7466.5,3873
2026-06-29 07:32:00,7466.5,7466.5,7464.5,7464.75,514
2026-06-29 07:33:00,7464.5,7464.75,7462.5,7463.5,357
2026-06-29 07:34:00,7463.75,7465.75,7463.25,7465.75,389
2026-06-29 07:35:00,7465.5,7466.5,7465.0,7465.25,361
2026-06-29 07:36:00,7464.75,7466.0,7464.0,7465.75,107
2026-06-29 07:37:00,7465.75,7466.5,7465.0,7465.75,214
2026-06-29 07:38:00,7465.75,7466.0,7464.5,7464.75,125
2026-06-29 07:39:00,7464.75,7464.75,7463.25,7463.75,163
2026-06-29 07:40:00,7463.75,7465.25,7463.0,7465.0,413
2026-06-29 07:41:00,7464.75,7466.0,7464.25,7465.5,298
2026-06-29 07:42:00,7466.0,7466.75,7465.0,7465.5,380
2026-06-29 07:43:00,7465.25,7466.5,7465.0,7465.25,180
2026-06-29 07:44:00,7465.0,7465.5,7464.0,7464.75,178
2026-06-29 07:45:00,7464.75,7466.0,7464.25,7464.5,255
2026-06-29 07:46:00,7464.75,7466.25,7464.25,7466.0,199
2026-06-29 07:47:00,7465.5,7466.75,7465.0,7466.5,149
2026-06-29 07:48:00,7466.25,7467.75,7465.5,7467.25,441
2026-06-29 07:49:00,7467.0,7467.0,7465.75,7466.25,205
2026-06-29 07:50:00,7466.25,7468.75,7465.5,7468.5,312
2026-06-29 07:51:00,7468.5,7469.0,7466.25,7466.5,311
2026-06-29 07:52:00,7466.25,7466.5,7465.5,7465.75,270
2026-06-29 07:53:00,7465.75,7466.0,7464.25,7464.5,301
2026-06-29 07:54:00,7464.5,7465.5,7464.5,7465.25,154
2026-06-29 07:55:00,7465.0,7465.5,7464.25,7465.0,251
2026-06-29 07:56:00,7465.0,7466.0,7464.25,7464.75,306
2026-06-29 07:57:00,7464.5,7465.25,7463.25,7463.75,364
2026-06-29 07:58:00,7463.75,7464.0,7463.25,7464.0,278
2026-06-29 07:59:00,7463.75,7464.0,7462.5,7463.5,462
2026-06-29 08:00:00,7463.5,7464.0,7461.5,7462.0,422
2026-06-29 08:01:00,7462.25,7463.0,7461.25,7463.0,371
2026-06-29 08:02:00,7463.0,7464.25,7462.0,7464.25,275
2026-06-29 08:03:00,7463.75,7465.5,7462.5,7465.5,387
2026-06-29 08:04:00,7465.25,7465.5,7464.0,7464.25,253
2026-06-29 08:05:00,7464.25,7464.75,7463.25,7463.5,193
2026-06-29 08:06:00,7463.5,7465.0,7462.25,7465.0,249
2026-06-29 08:07:00,7465.0,7465.25,7464.25,7464.25,198
2026-06-29 08:08:00,7464.5,7465.25,7464.25,7465.0,136
2026-06-29 08:09:00,7465.0,7465.5,7464.5,7465.0,214
2026-06-29 08:10:00,7465.0,7467.75,7465.0,7466.5,332
2026-06-29 08:11:00,7466.75,7467.0,7465.5,7466.0,272
2026-06-29 08:12:00,7465.75,7466.75,7465.0,7465.25,195
2026-06-29 08:13:00,7465.5,7466.75,7465.25,7466.25,193
2026-06-29 08:14:00,7466.0,7467.0,7465.25,7466.25,229
2026-06-29 08:15:00,7466.25,7467.0,7465.25,7465.25,231
2026-06-29 08:16:00,7465.75,7467.5,7465.5,7466.0,269
2026-06-29 08:17:00,7466.0,7466.5,7465.0,7465.25,213
2026-06-29 08:18:00,7465.5,7468.5,7465.25,7467.0,524
2026-06-29 08:19:00,7467.25,7467.5,7466.25,7467.0,220
2026-06-29 08:20:00,7467.0,7467.5,7465.5,7466.75,227
2026-06-29 08:21:00,7466.25,7467.25,7466.0,7466.0,85
2026-06-29 08:22:00,7466.0,7466.25,7464.75,7465.75,274
2026-06-29 08:23:00,7465.75,7466.25,7463.75,7464.25,432
2026-06-29 08:24:00,7464.5,7465.0,7464.0,7464.75,171
2026-06-29 08:25:00,7464.75,7466.75,7464.75,7465.75,225
2026-06-29 08:26:00,7465.5,7466.5,7464.75,7466.25,158
2026-06-29 08:27:00,7466.5,7467.0,7465.25,7466.25,169
2026-06-29 08:28:00,7466.5,7468.0,7466.5,7467.0,221
2026-06-29 08:29:00,7467.0,7467.25,7465.25,7465.5,124
2026-06-29 08:30:00,7465.5,7465.75,7464.0,7464.25,374
2026-06-29 08:31:00,7464.0,7464.5,7460.75,7462.75,790
2026-06-29 08:32:00,7462.5,7464.75,7462.25,7464.25,383
2026-06-29 08:33:00,7464.5,7465.5,7464.0,7465.25,284
2026-06-29 08:34:00,7465.25,7467.25,7464.5,7467.0,422
2026-06-29 08:35:00,7467.0,7467.75,7466.0,7466.25,307
2026-06-29 08:36:00,7466.25,7467.0,7465.75,7466.0,259
2026-06-29 08:37:00,7466.0,7466.0,7462.5,7462.5,395
2026-06-29 08:38:00,7462.5,7462.5,7460.75,7461.25,745
2026-06-29 08:39:00,7461.25,7462.0,7460.25,7460.75,280
2026-06-29 08:40:00,7460.75,7461.5,7459.25,7459.5,536
2026-06-29 08:41:00,7459.25,7459.25,7456.25,7456.25,1013
2026-06-29 08:42:00,7456.5,7457.75,7455.0,7457.75,728
2026-06-29 08:43:00,7457.75,7458.5,7456.75,7458.5,310
2026-06-29 08:44:00,7458.5,7459.75,7458.0,7459.25,477
2026-06-29 08:45:00,7459.0,7460.5,7458.25,7459.0,463
2026-06-29 08:46:00,7458.75,7460.0,7457.5,7459.75,289
2026-06-29 08:47:00,7460.0,7461.5,7459.5,7461.0,715
2026-06-29 08:48:00,7460.75,7461.0,7458.75,7459.25,335
2026-06-29 08:49:00,7459.5,7459.5,7458.25,7458.75,275
2026-06-29 08:50:00,7458.75,7461.25,7458.5,7460.75,308
2026-06-29 08:51:00,7460.5,7461.0,7458.0,7458.25,440
2026-06-29 08:52:00,7458.25,7460.25,7457.75,7459.5,470
2026-06-29 08:53:00,7459.5,7461.0,7459.5,7459.75,299
2026-06-29 08:54:00,7460.0,7460.5,7459.75,7460.0,189
2026-06-29 08:55:00,7460.0,7462.5,7459.75,7462.5,407
2026-06-29 08:56:00,7462.5,7463.0,7461.75,7462.5,391
2026-06-29 08:57:00,7462.5,7463.25,7461.75,7462.5,277
2026-06-29 08:58:00,7462.5,7463.5,7462.25,7463.25,215
2026-06-29 08:59:00,7463.25,7464.25,7462.75,7464.25,212
2026-06-29 09:00:00,7464.0,7466.75,7463.75,7464.75,1042
2026-06-29 09:01:00,7464.75,7466.0,7464.75,7465.5,298
2026-06-29 09:02:00,7465.0,7465.75,7464.25,7464.25,247
2026-06-29 09:03:00,7464.25,7465.0,7463.75,7464.25,287
2026-06-29 09:04:00,7464.5,7465.5,7464.25,7464.25,276
2026-06-29 09:05:00,7464.5,7465.75,7464.0,7465.5,508
2026-06-29 09:06:00,7465.5,7466.5,7463.0,7463.25,639
2026-06-29 09:07:00,7463.75,7465.5,7463.25,7465.0,406
2026-06-29 09:08:00,7465.0,7465.5,7464.25,7465.25,258
2026-06-29 09:09:00,7465.5,7465.5,7464.0,7464.0,303
2026-06-29 09:10:00,7464.0,7465.0,7463.5,7464.75,387
2026-06-29 09:11:00,7465.0,7465.5,7464.25,7465.5,204
2026-06-29 09:12:00,7465.5,7468.0,7465.25,7467.25,712
2026-06-29 09:13:00,7467.5,7468.5,7467.0,7468.0,460
2026-06-29 09:14:00,7468.0,7468.0,7466.5,7467.75,302
2026-06-29 09:15:00,7467.75,7468.0,7466.75,7467.75,512
2026-06-29 09:16:00,7467.75,7469.0,7467.25,7467.5,553
2026-06-29 09:17:00,7467.75,7467.75,7466.75,7467.25,261
2026-06-29 09:18:00,7467.25,7469.0,7466.75,7468.75,377
2026-06-29 09:19:00,7468.75,7468.75,7466.5,7466.75,394
2026-06-29 09:20:00,7466.75,7467.25,7463.25,7463.75,877
2026-06-29 09:21:00,7463.75,7463.75,7462.25,7463.0,709
2026-06-29 09:22:00,7463.0,7464.0,7462.75,7463.0,387
2026-06-29 09:23:00,7463.0,7463.0,7460.25,7460.75,846
2026-06-29 09:24:00,7460.5,7460.75,7458.25,7459.25,950
2026-06-29 09:25:00,7459.5,7460.5,7457.25,7457.5,779
2026-06-29 09:26:00,7457.5,7458.5,7457.25,7458.0,471
2026-06-29 09:27:00,7457.75,7457.75,7454.5,7455.25,1389
2026-06-29 09:28:00,7455.25,7458.25,7455.25,7457.25,1920
2026-06-29 09:29:00,7457.25,7458.5,7455.5,7457.0,1458
2026-06-29 09:30:00,7457.25,7459.25,7444.5,7453.5,13890
2026-06-29 09:31:00,7453.75,7464.5,7453.0,7461.75,11334
2026-06-29 09:32:00,7461.75,7471.75,7461.0,7469.5,8656
2026-06-29 09:33:00,7469.5,7475.75,7468.5,7472.75,7684
2026-06-29 09:34:00,7472.75,7479.0,7472.0,7477.75,6457
2026-06-29 09:35:00,7477.75,7478.25,7472.25,7472.5,5976
2026-06-29 09:36:00,7472.5,7473.25,7462.75,7464.5,8602
2026-06-29 09:37:00,7464.25,7467.25,7460.0,7465.75,7248
2026-06-29 09:38:00,7465.5,7468.0,7461.75,7465.5,5632
2026-06-29 09:39:00,7465.5,7471.75,7465.5,7471.25,6163
2026-06-29 09:40:00,7471.5,7475.5,7464.75,7474.75,8443
2026-06-29 09:41:00,7474.5,7477.25,7472.25,7472.5,4245
2026-06-29 09:42:00,7472.75,7477.75,7472.25,7476.5,3639
2026-06-29 09:43:00,7476.5,7478.5,7474.25,7477.0,3164
2026-06-29 09:44:00,7477.0,7483.75,7476.25,7483.5,5834
2026-06-29 09:45:00,7483.5,7488.25,7480.5,7487.75,6962
2026-06-29 09:46:00,7487.5,7487.5,7481.0,7483.25,5086
2026-06-29 09:47:00,7483.5,7488.0,7482.25,7483.75,4331
2026-06-29 09:48:00,7483.75,7485.75,7482.5,7485.25,3083
2026-06-29 09:49:00,7485.0,7485.25,7478.5,7479.0,4094
2026-06-29 09:50:00,7479.25,7482.25,7474.0,7481.75,6720
2026-06-29 09:51:00,7481.5,7487.75,7480.75,7486.75,5675
2026-06-29 09:52:00,7486.5,7488.0,7485.0,7485.5,2953
2026-06-29 09:53:00,7485.5,7489.75,7483.75,7484.25,3713
2026-06-29 09:54:00,7484.25,7486.75,7478.5,7479.5,4785
2026-06-29 09:55:00,7479.5,7480.75,7466.5,7466.75,7863
2026-06-29 09:56:00,7467.0,7470.0,7460.75,7465.75,9010
2026-06-29 09:57:00,7465.75,7466.5,7458.25,7459.0,7622
2026-06-29 09:58:00,7459.0,7462.25,7457.25,7458.5,6552
2026-06-29 09:59:00,7458.75,7460.25,7453.75,7458.75,7285
2026-06-29 10:00:00,7458.5,7460.75,7448.25,7453.5,10200
2026-06-29 10:01:00,7453.5,7459.0,7453.0,7454.5,7476
2026-06-29 10:02:00,7454.75,7457.25,7450.75,7455.0,5657
2026-06-29 10:03:00,7455.0,7458.5,7453.0,7454.0,5289
2026-06-29 10:04:00,7454.0,7454.25,7449.0,7449.75,4916
2026-06-29 10:05:00,7449.75,7450.75,7444.0,7445.75,7165
2026-06-29 10:06:00,7445.75,7450.5,7443.5,7444.0,6020
2026-06-29 10:07:00,7444.0,7445.0,7437.0,7437.75,8005
2026-06-29 10:08:00,7437.75,7441.25,7435.25,7440.75,6810
2026-06-29 10:09:00,7440.75,7443.5,7437.75,7439.5,5324
2026-06-29 10:10:00,7439.5,7442.5,7430.0,7433.25,9113
2026-06-29 10:11:00,7433.25,7437.5,7430.75,7435.25,4880
2026-06-29 10:12:00,7435.0,7436.75,7425.25,7426.25,6478
2026-06-29 10:13:00,7426.25,7427.5,7420.5,7422.0,7528
2026-06-29 10:14:00,7422.0,7424.0,7415.25,7415.5,7006
2026-06-29 10:15:00,7415.5,7422.0,7409.0,7422.0,13957
2026-06-29 10:16:00,7421.5,7428.5,7416.0,7416.75,9695
2026-06-29 10:17:00,7416.5,7423.0,7414.75,7421.0,4932
2026-06-29 10:18:00,7421.0,7422.75,7415.5,7421.0,5324
2026-06-29 10:19:00,7421.0,7427.25,7419.5,7425.75,5572
2026-06-29 10:20:00,7425.75,7427.5,7421.5,7426.75,5488
2026-06-29 10:21:00,7426.75,7430.75,7426.75,7430.75,5756
2026-06-29 10:22:00,7430.5,7434.5,7429.75,7430.75,6150
2026-06-29 10:23:00,7430.75,7431.0,7423.75,7426.25,6441
2026-06-29 10:24:00,7426.0,7432.0,7422.5,7430.5,6491
2026-06-29 10:25:00,7430.25,7438.75,7430.0,7437.75,7781
2026-06-29 10:26:00,7437.75,7441.75,7437.5,7441.5,5444
2026-06-29 10:27:00,7441.5,7443.5,7439.0,7441.75,4016
2026-06-29 10:28:00,7441.75,7448.5,7440.75,7448.25,5432
2026-06-29 10:29:00,7448.25,7450.75,7447.0,7449.5,6493
2026-06-29 10:30:00,7449.75,7456.5,7448.0,7456.0,7523
2026-06-29 10:31:00,7456.0,7458.0,7452.0,7456.75,5385
2026-06-29 10:32:00,7456.5,7457.5,7451.0,7453.75,4838
2026-06-29 10:33:00,7453.5,7464.25,7452.5,7463.0,7396
2026-06-29 10:34:00,7463.0,7465.75,7460.75,7463.0,5454
2026-06-29 10:35:00,7462.75,7465.0,7459.0,7463.5,4949
2026-06-29 10:36:00,7463.5,7464.5,7460.5,7462.25,3524
2026-06-29 10:37:00,7462.25,7463.5,7458.0,7462.5,5000
2026-06-29 10:38:00,7462.5,7466.5,7459.0,7460.0,4967
2026-06-29 10:39:00,7459.75,7462.75,7457.5,7460.75,3813
2026-06-29 10:40:00,7460.5,7462.0,7457.25,7461.5,3823
2026-06-29 10:41:00,7461.5,7465.25,7460.75,7461.75,3591
2026-06-29 10:42:00,7461.75,7465.5,7461.0,7464.5,2734
2026-06-29 10:43:00,7464.5,7468.0,7463.5,7464.75,4675
2026-06-29 10:44:00,7465.0,7466.0,7458.75,7459.5,4762
2026-06-29 10:45:00,7459.75,7460.0,7452.5,7455.25,7001
2026-06-29 10:46:00,7455.25,7457.0,7450.75,7452.5,5226
2026-06-29 10:47:00,7452.25,7455.0,7449.25,7449.25,4661
2026-06-29 10:48:00,7449.5,7452.75,7447.75,7448.75,5985
2026-06-29 10:49:00,7448.75,7458.0,7448.0,7455.5,6959
2026-06-29 10:50:00,7455.5,7464.25,7455.0,7462.75,6703
2026-06-29 10:51:00,7462.25,7464.75,7460.25,7463.5,4058
2026-06-29 10:52:00,7463.75,7464.5,7461.75,7462.75,3255
2026-06-29 10:53:00,7462.75,7469.25,7460.5,7468.5,4364
2026-06-29 10:54:00,7468.5,7472.5,7467.75,7469.0,5538
2026-06-29 10:55:00,7468.75,7468.75,7462.25,7466.75,5911
2026-06-29 10:56:00,7467.0,7468.75,7462.5,7465.25,3505
2026-06-29 10:57:00,7465.0,7465.75,7460.5,7462.5,2756
2026-06-29 10:58:00,7462.75,7465.25,7460.75,7462.5,2486
2026-06-29 10:59:00,7462.75,7468.25,7462.5,7468.0,2370
2026-06-29 11:00:00,7468.0,7469.5,7465.5,7465.5,3462
2026-06-29 11:01:00,7465.5,7467.0,7463.5,7464.5,2984
2026-06-29 11:02:00,7464.5,7465.25,7461.5,7462.75,2937
2026-06-29 11:03:00,7462.75,7466.0,7461.25,7465.25,2168
2026-06-29 11:04:00,7465.0,7465.5,7462.25,7463.0,1770
2026-06-29 11:05:00,7463.0,7463.75,7459.25,7461.75,3902
2026-06-29 11:06:00,7462.0,7464.0,7460.75,7462.0,2118
2026-06-29 11:07:00,7462.0,7465.0,7460.75,7461.5,1966
2026-06-29 11:08:00,7461.5,7463.5,7460.75,7461.75,1731
2026-06-29 11:09:00,7461.75,7462.25,7459.5,7461.25,1790
2026-06-29 11:10:00,7461.25,7462.75,7457.75,7459.75,3356
2026-06-29 11:11:00,7459.25,7460.25,7457.75,7458.5,2211
2026-06-29 11:12:00,7458.75,7459.5,7454.5,7456.25,3892
2026-06-29 11:13:00,7456.5,7461.0,7456.5,7460.0,4230
2026-06-29 11:14:00,7460.0,7464.25,7457.25,7464.0,3432
2026-06-29 11:15:00,7464.25,7467.0,7463.5,7465.5,3079
2026-06-29 11:16:00,7465.25,7466.25,7460.0,7464.25,2176
2026-06-29 11:17:00,7464.25,7465.25,7461.0,7461.5,1429
2026-06-29 11:18:00,7461.25,7462.5,7458.75,7461.75,1862
2026-06-29 11:19:00,7461.75,7462.0,7458.5,7459.0,1824
2026-06-29 11:20:00,7459.0,7460.0,7456.25,7458.75,2374
2026-06-29 11:21:00,7458.75,7463.5,7458.0,7462.75,2430
2026-06-29 11:22:00,7462.75,7464.5,7457.75,7460.25,2142
2026-06-29 11:23:00,7460.25,7460.25,7455.75,7456.25,2036
2026-06-29 11:24:00,7456.25,7457.75,7453.0,7456.5,4103
2026-06-29 11:25:00,7456.75,7458.0,7454.75,7457.75,1862
2026-06-29 11:26:00,7457.5,7462.0,7457.5,7461.25,2724
2026-06-29 11:27:00,7461.25,7464.5,7461.0,7463.75,2167
2026-06-29 11:28:00,7463.5,7465.0,7461.75,7463.75,1458
2026-06-29 11:29:00,7463.75,7468.0,7463.5,7467.25,2041
2026-06-29 11:30:00,7467.0,7469.5,7466.25,7466.25,2684
2026-06-29 11:31:00,7466.5,7467.75,7464.5,7467.75,1688
2026-06-29 11:32:00,7467.75,7469.75,7465.75,7466.0,1471
2026-06-29 11:33:00,7466.25,7468.25,7465.75,7467.5,1126
2026-06-29 11:34:00,7467.25,7468.5,7465.5,7465.75,1235
2026-06-29 11:35:00,7465.5,7465.5,7461.5,7464.0,2697
2026-06-29 11:36:00,7464.0,7465.75,7462.75,7465.0,1410
2026-06-29 11:37:00,7465.25,7468.25,7465.25,7468.0,1410
2026-06-29 11:38:00,7468.0,7471.0,7467.75,7469.0,2272
2026-06-29 11:39:00,7469.0,7470.0,7467.25,7470.0,1171
2026-06-29 11:40:00,7470.0,7470.5,7467.75,7468.25,1262
2026-06-29 11:41:00,7468.25,7471.5,7466.75,7471.25,1828
2026-06-29 11:42:00,7471.25,7472.0,7468.75,7471.0,1868
2026-06-29 11:43:00,7470.75,7473.25,7470.0,7472.25,1849
2026-06-29 11:44:00,7472.25,7475.0,7471.5,7474.25,1881
2026-06-29 11:45:00,7474.25,7474.5,7471.5,7471.75,1577
2026-06-29 11:46:00,7472.0,7472.5,7470.0,7470.75,1755
2026-06-29 11:47:00,7470.5,7471.75,7468.75,7471.5,1516
2026-06-29 11:48:00,7471.5,7472.5,7469.5,7469.75,1095
2026-06-29 11:49:00,7469.75,7470.0,7467.75,7469.0,1293
2026-06-29 11:50:00,7469.0,7471.75,7468.25,7471.25,1656
2026-06-29 11:51:00,7471.25,7472.0,7469.5,7469.75,1412
2026-06-29 11:52:00,7470.0,7470.5,7468.25,7470.0,1288
2026-06-29 11:53:00,7470.0,7471.0,7469.25,7469.25,816
2026-06-29 11:54:00,7469.25,7470.75,7467.25,7470.25,1332
2026-06-29 11:55:00,7470.25,7473.0,7468.0,7472.0,2167
2026-06-29 11:56:00,7472.0,7472.5,7469.25,7470.0,1025
2026-06-29 11:57:00,7470.0,7471.25,7468.25,7471.25,1116
2026-06-29 11:58:00,7471.25,7473.25,7470.5,7473.25,1265
2026-06-29 11:59:00,7473.0,7476.25,7472.75,7475.0,2998
2026-06-29 12:00:00,7475.25,7477.5,7474.5,7477.25,2874
2026-06-29 12:01:00,7477.25,7478.75,7475.75,7478.25,1921
2026-06-29 12:02:00,7478.25,7479.0,7475.25,7477.0,1659
2026-06-29 12:03:00,7477.0,7478.25,7476.75,7477.25,1188
2026-06-29 12:04:00,7477.25,7479.5,7476.25,7479.25,1579
2026-06-29 12:05:00,7479.25,7481.75,7478.75,7479.0,3219
2026-06-29 12:06:00,7479.0,7480.75,7478.0,7478.5,1816
2026-06-29 12:07:00,7478.5,7479.5,7477.0,7478.5,1084
2026-06-29 12:08:00,7478.5,7479.75,7477.5,7478.0,669
2026-06-29 12:09:00,7478.0,7478.25,7476.5,7478.25,939
2026-06-29 12:10:00,7478.25,7480.0,7476.5,7476.5,1152
2026-06-29 12:11:00,7476.5,7478.75,7476.25,7476.25,1103
2026-06-29 12:12:00,7476.25,7477.25,7475.75,7476.0,1109
2026-06-29 12:13:00,7476.25,7476.5,7474.75,7475.25,1212
2026-06-29 12:14:00,7475.25,7475.75,7474.5,7475.5,993
2026-06-29 12:15:00,7475.5,7477.75,7475.25,7476.75,1254
2026-06-29 12:16:00,7477.0,7478.0,7476.25,7478.0,1071
2026-06-29 12:17:00,7477.75,7478.0,7474.75,7475.25,1149
2026-06-29 12:18:00,7475.5,7476.75,7475.0,7475.75,634
2026-06-29 12:19:00,7476.0,7477.0,7475.5,7476.0,558
2026-06-29 12:20:00,7475.75,7477.25,7474.5,7476.5,912
2026-06-29 12:21:00,7476.5,7477.25,7474.0,7474.5,1264
2026-06-29 12:22:00,7474.25,7477.0,7474.25,7477.0,923
2026-06-29 12:23:00,7476.75,7478.0,7476.25,7478.0,986
2026-06-29 12:24:00,7478.25,7478.5,7476.75,7478.25,1390
2026-06-29 12:25:00,7478.25,7479.25,7475.5,7476.0,1543
2026-06-29 12:26:00,7476.0,7476.25,7474.5,7475.0,771
2026-06-29 12:27:00,7475.25,7476.75,7474.25,7475.5,834
2026-06-29 12:28:00,7475.5,7476.25,7474.0,7474.5,675
2026-06-29 12:29:00,7474.5,7474.75,7473.0,7474.0,1233
2026-06-29 12:30:00,7474.0,7475.75,7472.75,7473.25,1137
2026-06-29 12:31:00,7473.5,7474.25,7472.5,7473.0,955
2026-06-29 12:32:00,7473.0,7473.25,7471.25,7472.0,1533
2026-06-29 12:33:00,7472.0,7472.5,7470.0,7470.5,1304
2026-06-29 12:34:00,7470.25,7472.25,7470.25,7471.25,987
2026-06-29 12:35:00,7471.5,7473.25,7471.0,7472.25,1469
2026-06-29 12:36:00,7472.5,7473.5,7470.25,7472.25,1290
2026-06-29 12:37:00,7472.25,7474.5,7472.0,7474.25,992
2026-06-29 12:38:00,7474.25,7474.5,7472.5,7473.5,643
2026-06-29 12:39:00,7473.5,7474.75,7473.0,7474.75,909
2026-06-29 12:40:00,7474.75,7475.5,7473.5,7475.25,1187
2026-06-29 12:41:00,7475.25,7476.25,7474.25,7475.5,999
2026-06-29 12:42:00,7475.5,7475.5,7473.5,7474.0,1115
2026-06-29 12:43:00,7474.0,7475.0,7473.5,7474.75,684
2026-06-29 12:44:00,7474.75,7476.25,7474.5,7475.5,767
2026-06-29 12:45:00,7475.25,7476.5,7474.5,7475.75,927
2026-06-29 12:46:00,7475.75,7476.75,7473.0,7474.0,1167
2026-06-29 12:47:00,7474.0,7474.25,7472.0,7473.0,990
2026-06-29 12:48:00,7473.0,7474.75,7472.75,7474.0,708
2026-06-29 12:49:00,7474.0,7475.75,7473.75,7475.0,786
2026-06-29 12:50:00,7475.25,7476.5,7474.25,7475.5,730
2026-06-29 12:51:00,7475.5,7477.5,7474.25,7476.0,2357
2026-06-29 12:52:00,7476.0,7478.25,7475.5,7478.25,1108
2026-06-29 12:53:00,7478.25,7479.0,7476.5,7479.0,1258
2026-06-29 12:54:00,7478.75,7480.0,7478.25,7479.25,1349
2026-06-29 12:55:00,7479.0,7479.0,7477.5,7478.5,1055
2026-06-29 12:56:00,7478.5,7479.5,7477.25,7477.5,740
2026-06-29 12:57:00,7477.25,7478.5,7476.5,7477.5,695
2026-06-29 12:58:00,7477.25,7478.75,7477.25,7478.25,581
2026-06-29 12:59:00,7478.0,7478.0,7476.75,7477.5,438
2026-06-29 13:00:00,7477.5,7480.75,7477.25,7479.75,1180
2026-06-29 13:01:00,7479.75,7480.25,7479.0,7480.0,711
2026-06-29 13:02:00,7479.75,7481.5,7479.5,7481.0,952
2026-06-29 13:03:00,7480.75,7481.25,7479.75,7480.5,551
2026-06-29 13:04:00,7480.5,7481.0,7480.0,7480.75,541
2026-06-29 13:05:00,7480.75,7483.0,7480.25,7482.75,1803
2026-06-29 13:06:00,7482.75,7483.0,7482.0,7482.5,660
2026-06-29 13:07:00,7482.5,7482.5,7481.25,7481.75,811
2026-06-29 13:08:00,7481.75,7482.5,7481.0,7482.0,602
2026-06-29 13:09:00,7482.25,7484.5,7482.0,7483.5,1664
2026-06-29 13:10:00,7483.5,7485.75,7483.25,7485.0,1523
2026-06-29 13:11:00,7485.0,7486.25,7484.0,7486.0,1213
2026-06-29 13:12:00,7485.75,7487.5,7485.0,7486.5,1296
2026-06-29 13:13:00,7486.5,7491.75,7486.25,7490.5,4715
2026-06-29 13:14:00,7490.25,7492.75,7490.0,7490.25,2681
2026-06-29 13:15:00,7490.25,7491.75,7490.25,7491.25,1567
2026-06-29 13:16:00,7491.25,7491.25,7489.25,7490.5,1634
2026-06-29 13:17:00,7490.5,7493.75,7490.25,7491.75,2121
2026-06-29 13:18:00,7491.75,7493.25,7491.75,7491.75,1377
2026-06-29 13:19:00,7492.0,7492.0,7490.5,7491.25,1050
2026-06-29 13:20:00,7491.5,7494.75,7491.0,7493.5,1840
2026-06-29 13:21:00,7493.75,7494.0,7488.25,7488.25,2552
2026-06-29 13:22:00,7488.5,7489.0,7487.0,7487.5,2059
2026-06-29 13:23:00,7487.75,7487.75,7485.75,7486.5,1377
2026-06-29 13:24:00,7486.5,7486.75,7485.25,7485.75,1155
2026-06-29 13:25:00,7485.75,7488.75,7485.0,7488.75,1345
2026-06-29 13:26:00,7488.75,7489.75,7487.75,7488.25,1321
2026-06-29 13:27:00,7488.25,7489.75,7487.5,7487.5,649
2026-06-29 13:28:00,7487.5,7491.5,7487.5,7491.0,1259
2026-06-29 13:29:00,7491.25,7492.5,7490.75,7491.5,1299
2026-06-29 13:30:00,7491.75,7493.25,7490.75,7493.0,1340
2026-06-29 13:31:00,7493.25,7496.75,7493.0,7496.25,3231
2026-06-29 13:32:00,7496.25,7496.75,7493.5,7493.5,2176
2026-06-29 13:33:00,7493.5,7493.5,7490.0,7491.75,1629
2026-06-29 13:34:00,7492.0,7493.25,7491.25,7493.0,901
2026-06-29 13:35:00,7493.0,7494.75,7493.0,7493.0,961
2026-06-29 13:36:00,7493.0,7494.25,7492.25,7494.0,632
2026-06-29 13:37:00,7494.0,7494.25,7492.0,7492.25,626
2026-06-29 13:38:00,7492.25,7492.25,7490.0,7491.75,1542
2026-06-29 13:39:00,7491.75,7493.5,7491.5,7493.25,713
2026-06-29 13:40:00,7493.25,7494.75,7492.75,7493.25,1355
2026-06-29 13:41:00,7493.5,7494.0,7492.75,7493.0,534
2026-06-29 13:42:00,7493.0,7494.75,7493.0,7493.75,435
2026-06-29 13:43:00,7494.0,7494.0,7493.0,7493.25,413
2026-06-29 13:44:00,7493.25,7493.75,7493.0,7493.0,410
2026-06-29 13:45:00,7493.25,7494.25,7491.25,7494.0,944
2026-06-29 13:46:00,7494.0,7494.0,7492.75,7494.0,443
2026-06-29 13:47:00,7493.5,7495.75,7493.25,7495.25,955
2026-06-29 13:48:00,7495.25,7496.0,7494.75,7495.75,857
2026-06-29 13:49:00,7495.75,7496.25,7495.0,7495.0,566
2026-06-29 13:50:00,7495.25,7495.75,7494.0,7494.5,725
2026-06-29 13:51:00,7494.5,7496.0,7494.5,7495.5,576
2026-06-29 13:52:00,7495.5,7498.0,7495.0,7497.25,1725
2026-06-29 13:53:00,7497.5,7498.25,7497.0,7497.75,884
2026-06-29 13:54:00,7497.75,7498.75,7495.5,7495.75,1138
2026-06-29 13:55:00,7495.75,7497.0,7495.5,7496.0,857
2026-06-29 13:56:00,7496.0,7497.5,7495.5,7496.0,857
2026-06-29 13:57:00,7495.75,7496.5,7494.0,7494.75,911
2026-06-29 13:58:00,7494.5,7495.0,7491.75,7493.25,1419
2026-06-29 13:59:00,7493.25,7495.0,7492.5,7494.25,837
2026-06-29 14:00:00,7494.25,7494.75,7492.25,7492.75,951
2026-06-29 14:01:00,7493.25,7496.25,7492.5,7495.75,1190
2026-06-29 14:02:00,7495.75,7496.0,7494.5,7494.5,472
2026-06-29 14:03:00,7494.25,7497.0,7494.25,7496.25,640
2026-06-29 14:04:00,7496.25,7498.0,7495.25,7496.0,1439
2026-06-29 14:05:00,7496.0,7497.75,7496.0,7497.0,748
2026-06-29 14:06:00,7497.25,7497.25,7495.5,7496.75,620
2026-06-29 14:07:00,7496.75,7497.25,7496.25,7496.5,491
2026-06-29 14:08:00,7496.5,7496.5,7495.0,7496.25,722
2026-06-29 14:09:00,7496.25,7496.25,7494.25,7495.25,592
2026-06-29 14:10:00,7495.25,7497.25,7494.5,7496.0,611
2026-06-29 14:11:00,7496.25,7496.25,7494.25,7495.0,666
2026-06-29 14:12:00,7494.75,7495.25,7494.25,7495.0,417
2026-06-29 14:13:00,7495.25,7496.25,7495.0,7495.75,566
2026-06-29 14:14:00,7495.75,7496.75,7495.25,7495.75,553
2026-06-29 14:15:00,7495.5,7496.5,7495.0,7495.5,599
2026-06-29 14:16:00,7495.25,7495.5,7493.5,7493.75,914
2026-06-29 14:17:00,7494.0,7495.25,7493.75,7494.5,726
2026-06-29 14:18:00,7494.75,7495.75,7494.5,7495.25,648
2026-06-29 14:19:00,7495.25,7496.25,7493.75,7494.0,935
2026-06-29 14:20:00,7494.0,7494.25,7491.5,7493.75,1521
2026-06-29 14:21:00,7493.75,7494.5,7492.5,7494.0,1105
2026-06-29 14:22:00,7494.25,7496.0,7494.0,7494.5,854
2026-06-29 14:23:00,7494.75,7495.75,7494.25,7494.75,450
2026-06-29 14:24:00,7494.75,7494.75,7493.75,7494.0,360
2026-06-29 14:25:00,7493.75,7494.0,7492.5,7492.5,962
2026-06-29 14:26:00,7492.75,7493.5,7492.25,7492.75,673
2026-06-29 14:27:00,7493.0,7493.75,7492.75,7493.5,507
2026-06-29 14:28:00,7493.25,7493.25,7491.5,7491.75,685
2026-06-29 14:29:00,7491.75,7492.75,7491.25,7492.25,1134
2026-06-29 14:30:00,7492.25,7493.5,7491.75,7492.5,1341
2026-06-29 14:31:00,7492.5,7493.75,7491.75,7492.5,743
2026-06-29 14:32:00,7492.5,7495.0,7492.5,7495.0,1078
2026-06-29 14:33:00,7495.0,7496.25,7494.75,7496.25,974
2026-06-29 14:34:00,7496.25,7497.25,7495.75,7496.25,1225
2026-06-29 14:35:00,7496.25,7499.5,7496.25,7497.75,2411
2026-06-29 14:36:00,7497.75,7499.0,7497.5,7498.25,909
2026-06-29 14:37:00,7498.25,7498.25,7496.25,7496.5,1090
2026-06-29 14:38:00,7496.75,7497.75,7495.25,7497.5,942
2026-06-29 14:39:00,7497.5,7498.0,7496.75,7497.75,329
2026-06-29 14:40:00,7498.0,7498.75,7497.25,7498.0,740
2026-06-29 14:41:00,7498.0,7498.0,7496.75,7497.25,559
2026-06-29 14:42:00,7497.5,7498.5,7497.25,7498.5,600
2026-06-29 14:43:00,7498.5,7499.5,7497.5,7499.25,1010
2026-06-29 14:44:00,7499.25,7500.75,7499.0,7499.75,2196
2026-06-29 14:45:00,7499.75,7502.25,7499.5,7501.5,1781
2026-06-29 14:46:00,7501.25,7502.25,7500.0,7500.0,1156
2026-06-29 14:47:00,7499.75,7500.0,7499.0,7499.5,1032
2026-06-29 14:48:00,7499.5,7500.25,7498.75,7499.25,846
2026-06-29 14:49:00,7499.25,7500.25,7498.75,7499.5,469
2026-06-29 14:50:00,7499.5,7499.5,7497.75,7498.25,861
2026-06-29 14:51:00,7498.25,7498.25,7497.25,7497.25,535
2026-06-29 14:52:00,7497.25,7498.25,7496.75,7497.5,941
2026-06-29 14:53:00,7497.5,7499.75,7497.5,7499.5,899
2026-06-29 14:54:00,7499.5,7499.5,7498.0,7498.5,618
2026-06-29 14:55:00,7498.5,7499.25,7497.25,7497.5,580
2026-06-29 14:56:00,7497.5,7498.75,7497.25,7498.0,868
2026-06-29 14:57:00,7498.0,7498.25,7496.75,7497.0,418
2026-06-29 14:58:00,7496.75,7497.0,7495.75,7496.5,961
2026-06-29 14:59:00,7496.25,7497.0,7495.25,7497.0,1090
2026-06-29 15:00:00,7496.75,7497.75,7495.5,7497.0,1112
2026-06-29 15:01:00,7496.75,7499.25,7496.25,7497.5,1168
2026-06-29 15:02:00,7497.5,7498.25,7494.75,7496.0,1316
2026-06-29 15:03:00,7496.0,7496.75,7495.0,7496.5,586
2026-06-29 15:04:00,7496.5,7497.5,7495.75,7495.75,810
2026-06-29 15:05:00,7495.75,7496.75,7495.0,7496.25,976
2026-06-29 15:06:00,7496.25,7498.0,7496.0,7497.75,891
2026-06-29 15:07:00,7497.5,7499.25,7497.5,7498.5,1615
2026-06-29 15:08:00,7498.5,7498.75,7497.75,7498.25,1183
2026-06-29 15:09:00,7498.25,7499.0,7497.25,7497.5,955
2026-06-29 15:10:00,7497.25,7497.75,7496.5,7497.5,1132
2026-06-29 15:11:00,7497.5,7497.75,7496.25,7496.5,1385
2026-06-29 15:12:00,7496.75,7497.0,7495.5,7496.0,992
2026-06-29 15:13:00,7496.25,7496.75,7495.0,7495.25,961
2026-06-29 15:14:00,7495.25,7496.25,7494.75,7495.5,1984
2026-06-29 15:15:00,7495.25,7495.75,7494.25,7494.5,1565
2026-06-29 15:16:00,7494.5,7495.0,7493.0,7494.75,2211
2026-06-29 15:17:00,7494.75,7495.25,7493.75,7495.0,1740
2026-06-29 15:18:00,7495.0,7497.5,7494.75,7496.0,1496
2026-06-29 15:19:00,7496.0,7496.5,7495.25,7495.75,871
2026-06-29 15:20:00,7495.75,7498.0,7495.75,7498.0,1009
2026-06-29 15:21:00,7498.0,7498.5,7497.0,7498.0,1121
2026-06-29 15:22:00,7498.25,7499.25,7498.0,7499.0,1151
2026-06-29 15:23:00,7498.75,7500.5,7498.75,7500.5,1518
2026-06-29 15:24:00,7500.5,7500.5,7499.0,7499.0,1501
2026-06-29 15:25:00,7499.0,7499.75,7498.0,7499.0,1139
2026-06-29 15:26:00,7499.0,7499.5,7498.25,7498.75,802
2026-06-29 15:27:00,7498.75,7499.0,7497.75,7499.0,816
2026-06-29 15:28:00,7499.0,7499.75,7498.75,7499.0,555
2026-06-29 15:29:00,7499.0,7499.25,7497.75,7497.75,1066
2026-06-29 15:30:00,7497.75,7498.5,7496.25,7496.25,1744
2026-06-29 15:31:00,7496.25,7496.75,7495.5,7496.0,899
2026-06-29 15:32:00,7495.75,7496.5,7495.25,7495.75,937
2026-06-29 15:33:00,7495.75,7496.5,7494.0,7494.25,1045
2026-06-29 15:34:00,7494.25,7494.5,7493.5,7494.0,1874
2026-06-29 15:35:00,7494.0,7496.25,7493.75,7495.5,1927
2026-06-29 15:36:00,7495.5,7495.75,7494.5,7495.5,1165
2026-06-29 15:37:00,7495.5,7496.25,7495.0,7495.5,848
2026-06-29 15:38:00,7495.5,7495.75,7494.75,7494.75,550
2026-06-29 15:39:00,7494.75,7496.75,7494.75,7496.25,1367
2026-06-29 15:40:00,7496.25,7498.75,7495.25,7497.25,1851
2026-06-29 15:41:00,7497.25,7497.25,7496.25,7496.5,793
2026-06-29 15:42:00,7496.25,7496.75,7495.0,7495.75,1083
2026-06-29 15:43:00,7495.75,7495.75,7494.25,7494.75,1094
2026-06-29 15:44:00,7494.5,7495.25,7493.5,7495.25,1944
2026-06-29 15:45:00,7495.25,7496.5,7494.75,7496.0,1533
2026-06-29 15:46:00,7495.75,7496.75,7495.0,7496.0,936
2026-06-29 15:47:00,7496.0,7496.5,7495.0,7495.5,508
2026-06-29 15:48:00,7495.5,7496.0,7495.0,7495.5,765
2026-06-29 15:49:00,7495.5,7497.5,7495.25,7497.25,966
2026-06-29 15:50:00,7497.5,7499.75,7494.0,7494.0,5504
2026-06-29 15:51:00,7494.0,7494.75,7492.25,7492.75,2356
2026-06-29 15:52:00,7492.75,7494.0,7492.0,7492.0,1777
2026-06-29 15:53:00,7492.25,7494.25,7491.5,7493.0,2077
2026-06-29 15:54:00,7492.75,7494.25,7491.75,7492.5,2741
2026-06-29 15:55:00,7492.75,7495.25,7492.0,7492.75,2680
2026-06-29 15:56:00,7492.75,7494.0,7491.75,7492.75,1269
2026-06-29 15:57:00,7492.5,7495.5,7492.5,7494.0,1483
2026-06-29 15:58:00,7494.25,7501.25,7494.0,7499.25,5644
2026-06-29 15:59:00,7499.0,7505.0,7496.25,7497.0,15397
2026-06-29 16:00:00,7497.0,7499.0,7491.75,7493.5,6846
2026-06-29 16:01:00,7493.5,7496.5,7492.75,7495.5,1833
2026-06-29 16:02:00,7496.0,7496.0,7493.75,7495.75,919
2026-06-29 16:03:00,7495.5,7497.0,7494.0,7497.0,816
2026-06-29 16:04:00,7496.75,7497.25,7494.5,7495.25,601
2026-06-29 16:05:00,7495.0,7496.5,7494.25,7496.0,949
2026-06-29 16:06:00,7495.75,7496.5,7495.0,7496.0,361
2026-06-29 16:07:00,7496.25,7496.75,7495.75,7496.5,263
2026-06-29 16:08:00,7496.5,7496.75,7495.0,7495.75,284
2026-06-29 16:09:00,7495.5,7496.25,7494.75,7495.75,300
2026-06-29 16:10:00,7495.75,7496.75,7495.25,7495.5,316
2026-06-29 16:11:00,7495.75,7497.0,7495.5,7496.25,297
2026-06-29 16:12:00,7496.0,7498.0,7496.0,7497.25,298
2026-06-29 16:13:00,7497.5,7498.5,7496.75,7497.0,405
2026-06-29 16:14:00,7497.0,7498.5,7496.25,7497.75,548
2026-06-29 16:15:00,7497.5,7498.5,7496.75,7497.75,357
2026-06-29 16:16:00,7497.75,7498.0,7497.5,7497.75,194
2026-06-29 16:17:00,7497.75,7498.5,7497.0,7497.75,212
2026-06-29 16:18:00,7497.5,7497.75,7496.75,7497.25,141
2026-06-29 16:19:00,7497.25,7498.0,7497.25,7498.0,177
2026-06-29 16:20:00,7497.75,7498.5,7497.5,7498.0,198
2026-06-29 16:21:00,7498.0,7498.5,7497.25,7497.5,107
2026-06-29 16:22:00,7497.5,7498.0,7497.25,7497.75,163
2026-06-29 16:23:00,7497.75,7498.25,7497.5,7498.25,208
2026-06-29 16:24:00,7498.25,7499.75,7498.0,7498.75,416
2026-06-29 16:25:00,7498.75,7499.25,7498.5,7498.75,243
2026-06-29 16:26:00,7498.75,7499.5,7498.5,7499.5,123
2026-06-29 16:27:00,7499.5,7499.5,7497.25,7498.0,234
2026-06-29 16:28:00,7498.0,7498.25,7497.5,7497.75,264
2026-06-29 16:29:00,7497.5,7498.0,7497.0,7497.5,187
2026-06-29 16:30:00,7497.25,7497.5,7496.25,7497.0,233
2026-06-29 16:31:00,7496.75,7497.0,7496.0,7496.0,143
2026-06-29 16:32:00,7496.0,7496.25,7495.5,7496.0,270
2026-06-29 16:33:00,7496.0,7496.5,7495.75,7496.0,93
2026-06-29 16:34:00,7496.0,7496.0,7495.5,7495.75,228
2026-06-29 16:35:00,7495.75,7496.0,7495.0,7495.0,211
2026-06-29 16:36:00,7495.0,7495.25,7494.25,7494.25,302
2026-06-29 16:37:00,7494.25,7494.25,7492.5,7493.5,553
2026-06-29 16:38:00,7493.25,7494.0,7493.0,7493.25,151
2026-06-29 16:39:00,7493.0,7493.5,7492.75,7493.0,120
2026-06-29 16:40:00,7493.0,7493.5,7493.0,7493.0,104
2026-06-29 16:41:00,7493.0,7493.25,7492.5,7492.75,148
2026-06-29 16:42:00,7492.75,7493.75,7492.75,7493.5,185
2026-06-29 16:43:00,7493.25,7494.0,7493.25,7493.5,196
2026-06-29 16:44:00,7493.25,7494.25,7493.0,7493.5,302
2026-06-29 16:45:00,7493.75,7493.75,7493.0,7493.5,269
2026-06-29 16:46:00,7493.0,7493.75,7493.0,7493.0,129
2026-06-29 16:47:00,7493.0,7493.25,7492.5,7492.75,166
2026-06-29 16:48:00,7492.5,7493.0,7491.0,7492.75,540
2026-06-29 16:49:00,7492.5,7493.75,7492.5,7493.5,154
2026-06-29 16:50:00,7493.25,7494.5,7493.25,7494.0,412
2026-06-29 16:51:00,7494.25,7494.5,7493.25,7493.75,526
2026-06-29 16:52:00,7494.0,7494.5,7493.25,7493.5,198
2026-06-29 16:53:00,7493.0,7493.5,7493.0,7493.25,69
2026-06-29 16:54:00,7493.0,7494.25,7493.0,7493.75,127
2026-06-29 16:55:00,7493.5,7495.0,7493.25,7495.0,241
2026-06-29 16:56:00,7495.0,7495.5,7494.5,7494.5,115
2026-06-29 16:57:00,7494.25,7494.75,7494.0,7494.5,112
2026-06-29 16:58:00,7494.75,7495.0,7494.25,7494.5,111
2026-06-29 16:59:00,7494.25,7495.5,7493.0,7493.0,678
2026-06-29 18:00:00,7494.75,7496.5,7490.5,7492.5,935
2026-06-29 18:01:00,7492.75,7493.25,7491.0,7491.25,327
2026-06-29 18:02:00,7491.5,7492.5,7490.75,7492.5,351
2026-06-29 18:03:00,7492.5,7495.25,7492.5,7494.75,461
2026-06-29 18:04:00,7495.0,7496.0,7492.5,7493.0,452
2026-06-29 18:05:00,7493.25,7496.75,7492.75,7496.0,611
2026-06-29 18:06:00,7495.5,7495.5,7491.75,7492.5,350
2026-06-29 18:07:00,7492.5,7493.5,7492.0,7493.0,147
2026-06-29 18:08:00,7492.75,7493.75,7491.5,7493.25,159
2026-06-29 18:09:00,7493.25,7496.25,7493.25,7494.75,323
2026-06-29 18:10:00,7495.25,7497.25,7495.0,7496.0,433
2026-06-29 18:11:00,7496.0,7496.5,7495.25,7496.0,139
2026-06-29 18:12:00,7495.5,7495.75,7493.5,7494.25,259
2026-06-29 18:13:00,7494.5,7495.0,7493.5,7494.25,122
2026-06-29 18:14:00,7494.25,7494.5,7493.75,7494.0,54
2026-06-29 18:15:00,7494.0,7495.0,7493.75,7494.25,68
2026-06-29 18:16:00,7494.25,7494.75,7494.25,7494.5,68
2026-06-29 18:17:00,7494.5,7495.0,7493.75,7494.75,52
2026-06-29 18:18:00,7494.5,7494.5,7492.75,7493.5,155
2026-06-29 18:19:00,7493.5,7495.5,7493.25,7495.5,172
2026-06-29 18:20:00,7495.25,7496.75,7495.25,7496.5,294
2026-06-29 18:21:00,7496.0,7496.25,7495.5,7496.25,74
2026-06-29 18:22:00,7495.75,7496.5,7495.5,7496.5,59
2026-06-29 18:23:00,7496.25,7496.75,7495.5,7496.0,92
2026-06-29 18:24:00,7495.75,7495.75,7494.75,7494.75,128
2026-06-29 18:25:00,7494.75,7495.5,7494.25,7495.0,148
2026-06-29 18:26:00,7494.5,7494.75,7493.5,7494.25,161
2026-06-29 18:27:00,7494.75,7495.0,7494.0,7494.5,65
2026-06-29 18:28:00,7494.25,7494.75,7493.75,7494.5,50
2026-06-29 18:29:00,7494.25,7494.25,7493.25,7493.75,79
2026-06-29 18:30:00,7494.25,7494.5,7493.25,7494.0,86
2026-06-29 18:31:00,7493.75,7493.75,7492.5,7492.75,225
2026-06-29 18:32:00,7492.75,7492.75,7491.75,7492.5,245
2026-06-29 18:33:00,7492.25,7492.5,7491.25,7492.0,343
2026-06-29 18:34:00,7491.75,7492.75,7491.75,7492.75,167
2026-06-29 18:35:00,7492.5,7493.0,7492.25,7492.75,91
2026-06-29 18:36:00,7492.25,7492.5,7492.0,7492.5,44
2026-06-29 18:37:00,7492.5,7492.5,7492.0,7492.5,20
2026-06-29 18:38:00,7492.5,7493.25,7492.0,7493.0,90
2026-06-29 18:39:00,7492.75,7493.25,7492.75,7492.75,57
2026-06-29 18:40:00,7493.0,7493.25,7492.5,7493.0,76
2026-06-29 18:41:00,7492.75,7495.0,7492.0,7494.5,471
2026-06-29 18:42:00,7494.25,7495.75,7494.25,7495.25,295
2026-06-29 18:43:00,7495.25,7497.0,7495.25,7496.75,205
2026-06-29 18:44:00,7496.5,7497.0,7495.25,7496.0,232
2026-06-29 18:45:00,7496.0,7496.25,7495.5,7495.5,55
2026-06-29 18:46:00,7495.5,7496.25,7495.0,7495.75,114
2026-06-29 18:47:00,7496.0,7496.0,7495.0,7495.25,107
2026-06-29 18:48:00,7495.0,7495.25,7494.75,7494.75,58
2026-06-29 18:49:00,7494.75,7495.25,7494.25,7495.25,127
2026-06-29 18:50:00,7494.75,7495.0,7494.25,7494.5,103
2026-06-29 18:51:00,7494.25,7494.5,7493.5,7494.25,109
2026-06-29 18:52:00,7494.25,7494.5,7493.5,7494.0,108
2026-06-29 18:53:00,7494.0,7494.0,7493.0,7493.5,74
2026-06-29 18:54:00,7494.0,7495.0,7493.75,7495.0,83
2026-06-29 18:55:00,7495.0,7495.0,7494.0,7494.0,74
2026-06-29 18:56:00,7494.25,7494.25,7493.5,7493.75,60
2026-06-29 18:57:00,7493.5,7494.25,7493.5,7494.25,115
2026-06-29 18:58:00,7494.25,7494.75,7494.0,7494.5,67
2026-06-29 18:59:00,7494.5,7494.75,7494.25,7494.25,46
2026-06-29 19:00:00,7494.5,7495.0,7494.0,7494.0,91
2026-06-29 19:01:00,7493.75,7495.0,7493.5,7494.75,60
2026-06-29 19:02:00,7494.75,7495.5,7494.25,7495.0,70
2026-06-29 19:03:00,7495.0,7495.0,7494.5,7495.0,42
2026-06-29 19:04:00,7494.75,7495.75,7494.75,7495.75,50
2026-06-29 19:05:00,7495.75,7495.75,7495.0,7495.5,75
2026-06-29 19:06:00,7495.25,7496.5,7495.0,7496.0,165
2026-06-29 19:07:00,7496.25,7497.0,7495.75,7496.5,185
2026-06-29 19:08:00,7496.5,7497.75,7496.5,7497.0,153
2026-06-29 19:09:00,7497.0,7498.5,7497.0,7498.25,357
2026-06-29 19:10:00,7498.0,7499.0,7496.5,7497.25,477
2026-06-29 19:11:00,7497.5,7498.0,7497.25,7497.5,80
2026-06-29 19:12:00,7497.25,7497.25,7495.25,7496.0,285
2026-06-29 19:13:00,7496.25,7496.25,7495.75,7495.75,73
2026-06-29 19:14:00,7495.75,7496.25,7495.75,7496.25,75
2026-06-29 19:15:00,7496.25,7496.75,7495.25,7495.5,142
2026-06-29 19:16:00,7496.0,7497.0,7495.5,7496.5,92
2026-06-29 19:17:00,7496.75,7497.75,7496.5,7496.75,149
2026-06-29 19:18:00,7497.0,7497.25,7496.25,7496.25,103
2026-06-29 19:19:00,7496.25,7496.5,7496.0,7496.25,63
2026-06-29 19:20:00,7496.25,7496.5,7495.75,7496.25,59
2026-06-29 19:21:00,7496.5,7497.0,7496.0,7496.25,53
2026-06-29 19:22:00,7496.5,7496.5,7496.25,7496.25,20
2026-06-29 19:23:00,7496.25,7496.25,7495.0,7495.25,137
2026-06-29 19:24:00,7495.25,7496.0,7495.0,7495.75,91
2026-06-29 19:25:00,7495.75,7495.75,7495.5,7495.75,66
2026-06-29 19:26:00,7495.5,7496.25,7495.5,7495.5,56
2026-06-29 19:27:00,7495.75,7496.75,7495.75,7496.5,74
2026-06-29 19:28:00,7496.75,7497.25,7496.0,7497.25,112
2026-06-29 19:29:00,7497.25,7497.25,7496.25,7496.25,97
2026-06-29 19:30:00,7496.0,7496.75,7494.75,7496.5,157
2026-06-29 19:31:00,7496.75,7497.0,7496.5,7497.0,106
2026-06-29 19:32:00,7496.5,7497.0,7496.5,7497.0,67
2026-06-29 19:33:00,7496.5,7498.25,7496.5,7498.0,160
2026-06-29 19:34:00,7498.0,7498.75,7497.5,7498.25,191
2026-06-29 19:35:00,7498.0,7498.25,7497.75,7497.75,86
2026-06-29 19:36:00,7497.75,7498.0,7497.0,7497.25,147
2026-06-29 19:37:00,7497.5,7498.0,7497.25,7497.5,33
2026-06-29 19:38:00,7497.75,7497.75,7497.25,7497.25,36
2026-06-29 19:39:00,7497.0,7497.5,7496.5,7496.75,62
2026-06-29 19:40:00,7496.75,7497.5,7496.25,7497.0,92
2026-06-29 19:41:00,7497.25,7497.75,7496.75,7497.25,82
2026-06-29 19:42:00,7497.0,7497.5,7496.25,7496.5,135
2026-06-29 19:43:00,7496.75,7497.0,7496.25,7496.25,72
2026-06-29 19:44:00,7496.25,7497.0,7495.75,7496.25,207
2026-06-29 19:45:00,7496.0,7496.5,7494.5,7495.25,320
2026-06-29 19:46:00,7495.25,7496.0,7494.0,7495.0,230
2026-06-29 19:47:00,7495.25,7495.25,7494.5,7494.75,85
2026-06-29 19:48:00,7494.75,7495.0,7492.75,7493.0,548
2026-06-29 19:49:00,7493.25,7493.75,7492.25,7493.5,313
2026-06-29 19:50:00,7493.75,7494.5,7492.5,7492.5,220
2026-06-29 19:51:00,7493.25,7493.25,7492.5,7492.5,128
2026-06-29 19:52:00,7492.5,7493.0,7492.0,7492.75,196
2026-06-29 19:53:00,7492.75,7493.25,7491.5,7492.0,199
2026-06-29 19:54:00,7492.0,7493.5,7491.75,7493.5,164
2026-06-29 19:55:00,7493.5,7495.0,7493.0,7494.25,287
2026-06-29 19:56:00,7494.25,7494.75,7494.0,7494.25,60
2026-06-29 19:57:00,7494.5,7496.0,7494.5,7495.0,184
2026-06-29 19:58:00,7495.0,7495.0,7494.5,7495.0,101
2026-06-29 19:59:00,7494.5,7497.0,7494.25,7495.5,261
2026-06-29 20:00:00,7495.5,7495.5,7491.5,7493.0,514
2026-06-29 20:01:00,7493.0,7494.0,7491.25,7492.0,404
2026-06-29 20:02:00,7492.25,7494.0,7491.5,7492.0,238
2026-06-29 20:03:00,7491.5,7492.75,7491.5,7492.25,297
2026-06-29 20:04:00,7492.25,7496.25,7491.75,7496.25,361
2026-06-29 20:05:00,7496.25,7497.5,7495.25,7497.25,547
2026-06-29 20:06:00,7497.5,7500.5,7497.5,7498.5,1003
2026-06-29 20:07:00,7498.5,7499.0,7496.25,7498.75,341
2026-06-29 20:08:00,7498.75,7499.25,7496.5,7497.5,242
2026-06-29 20:09:00,7497.75,7498.0,7496.0,7496.0,187
2026-06-29 20:10:00,7496.25,7497.25,7494.75,7496.25,312
2026-06-29 20:11:00,7496.75,7499.25,7496.5,7498.75,415
2026-06-29 20:12:00,7498.75,7501.0,7498.5,7500.25,447
2026-06-29 20:13:00,7500.0,7500.5,7497.75,7498.75,274
2026-06-29 20:14:00,7499.0,7499.5,7498.5,7499.0,109
2026-06-29 20:15:00,7499.25,7500.0,7497.5,7499.25,278
2026-06-29 20:16:00,7499.25,7500.75,7498.75,7500.0,229
2026-06-29 20:17:00,7500.0,7501.25,7499.5,7500.25,199
2026-06-29 20:18:00,7500.5,7500.5,7498.0,7498.0,337
2026-06-29 20:19:00,7498.25,7499.0,7497.75,7498.25,149
2026-06-29 20:20:00,7498.25,7498.75,7496.25,7496.25,292
2026-06-29 20:21:00,7496.25,7498.0,7495.75,7496.25,281
2026-06-29 20:22:00,7496.5,7497.25,7495.0,7496.25,235
2026-06-29 20:23:00,7496.5,7497.25,7494.5,7494.75,228
2026-06-29 20:24:00,7495.0,7496.25,7494.0,7496.0,257
2026-06-29 20:25:00,7496.0,7496.5,7495.25,7495.25,157
2026-06-29 20:26:00,7495.5,7496.0,7494.25,7495.5,198
2026-06-29 20:27:00,7495.0,7495.0,7492.0,7492.25,464
2026-06-29 20:28:00,7492.5,7492.75,7489.25,7489.5,1107
2026-06-29 20:29:00,7489.75,7491.0,7489.25,7491.0,418
2026-06-29 20:30:00,7491.0,7491.5,7486.0,7487.25,1207
2026-06-29 20:31:00,7487.25,7487.75,7484.5,7486.0,824
2026-06-29 20:32:00,7485.25,7487.0,7481.75,7485.5,1170
2026-06-29 20:33:00,7485.75,7487.25,7484.75,7486.25,484
2026-06-29 20:34:00,7486.0,7486.75,7484.75,7486.25,262
2026-06-29 20:35:00,7486.0,7488.0,7485.25,7487.25,371
2026-06-29 20:36:00,7487.5,7487.75,7485.25,7485.5,386
2026-06-29 20:37:00,7485.25,7485.75,7484.0,7485.75,436
2026-06-29 20:38:00,7485.5,7486.25,7483.75,7486.25,256
2026-06-29 20:39:00,7486.25,7487.5,7485.5,7486.75,332
2026-06-29 20:40:00,7487.25,7489.0,7486.25,7487.0,732
2026-06-29 20:41:00,7486.75,7487.25,7485.75,7486.0,322
2026-06-29 20:42:00,7486.0,7486.0,7484.0,7484.5,351
2026-06-29 20:43:00,7484.5,7485.75,7484.25,7484.5,281
2026-06-29 20:44:00,7484.75,7485.25,7484.0,7484.75,192
2026-06-29 20:45:00,7484.75,7485.75,7484.0,7485.5,311
2026-06-29 20:46:00,7485.25,7489.25,7485.0,7488.5,830
2026-06-29 20:47:00,7488.25,7488.25,7486.75,7488.25,221
2026-06-29 20:48:00,7488.0,7490.75,7488.0,7488.25,561
2026-06-29 20:49:00,7489.0,7490.0,7488.25,7489.75,192
2026-06-29 20:50:00,7490.25,7491.25,7488.5,7488.75,417
2026-06-29 20:51:00,7488.75,7491.25,7488.5,7491.25,247
2026-06-29 20:52:00,7491.25,7492.75,7490.5,7491.75,510
2026-06-29 20:53:00,7492.0,7492.75,7490.75,7492.0,202
2026-06-29 20:54:00,7492.0,7492.75,7491.25,7492.25,214
2026-06-29 20:55:00,7492.5,7492.75,7491.25,7492.25,158
2026-06-29 20:56:00,7492.5,7493.25,7491.25,7491.5,350
2026-06-29 20:57:00,7491.25,7492.5,7490.75,7491.75,197
2026-06-29 20:58:00,7491.75,7493.0,7491.25,7492.25,177
2026-06-29 20:59:00,7492.5,7492.75,7491.25,7492.75,147
2026-06-29 21:00:00,7492.75,7494.0,7488.75,7489.25,828
2026-06-29 21:01:00,7489.0,7490.25,7488.5,7489.0,318
2026-06-29 21:02:00,7489.25,7490.0,7487.75,7488.25,372
2026-06-29 21:03:00,7488.0,7489.0,7487.0,7488.75,414
2026-06-29 21:04:00,7488.25,7489.25,7488.0,7488.25,169
2026-06-29 21:05:00,7488.75,7489.0,7487.5,7488.0,168
2026-06-29 21:06:00,7488.0,7488.5,7487.0,7487.25,169
2026-06-29 21:07:00,7487.25,7487.75,7486.0,7487.0,317
2026-06-29 21:08:00,7486.75,7488.75,7485.75,7488.0,446
2026-06-29 21:09:00,7488.0,7488.25,7485.75,7486.0,236
2026-06-29 21:10:00,7486.5,7487.0,7485.5,7486.0,201
2026-06-29 21:11:00,7486.0,7486.5,7484.75,7485.25,288
2026-06-29 21:12:00,7485.5,7487.25,7485.0,7485.25,212
2026-06-29 21:13:00,7485.0,7485.25,7484.0,7485.0,342
2026-06-29 21:14:00,7485.0,7486.5,7484.5,7486.25,327
2026-06-29 21:15:00,7486.25,7487.25,7485.25,7486.0,283
2026-06-29 21:16:00,7485.75,7486.75,7485.0,7486.5,221
2026-06-29 21:17:00,7486.5,7488.0,7485.25,7486.0,261
2026-06-29 21:18:00,7485.75,7487.75,7485.5,7487.75,146
2026-06-29 21:19:00,7487.75,7489.5,7487.5,7489.0,392
2026-06-29 21:20:00,7489.25,7489.25,7488.0,7488.5,224
2026-06-29 21:21:00,7488.5,7489.5,7487.5,7489.25,133
2026-06-29 21:22:00,7489.25,7490.75,7489.25,7490.5,378
2026-06-29 21:23:00,7490.5,7491.0,7489.25,7489.75,182
2026-06-29 21:24:00,7489.75,7491.5,7489.5,7489.75,213
2026-06-29 21:25:00,7489.75,7490.75,7489.0,7489.75,203
2026-06-29 21:26:00,7489.5,7492.75,7489.5,7492.5,412
2026-06-29 21:27:00,7492.75,7493.75,7492.5,7493.75,286
2026-06-29 21:28:00,7493.5,7498.0,7492.75,7496.75,1111
2026-06-29 21:29:00,7497.0,7499.0,7496.25,7498.75,415
2026-06-29 21:30:00,7499.0,7499.75,7496.75,7499.5,698
2026-06-29 21:31:00,7499.5,7501.25,7498.5,7499.25,733
2026-06-29 21:32:00,7499.5,7501.25,7499.0,7501.0,466
2026-06-29 21:33:00,7501.0,7501.0,7498.0,7498.25,400
2026-06-29 21:34:00,7498.25,7498.75,7497.5,7497.75,345
2026-06-29 21:35:00,7498.0,7498.0,7495.75,7496.0,343
2026-06-29 21:36:00,7496.5,7496.75,7494.75,7495.0,397
2026-06-29 21:37:00,7495.0,7495.25,7493.25,7493.5,441
2026-06-29 21:38:00,7493.25,7495.0,7492.25,7494.5,377
2026-06-29 21:39:00,7494.5,7495.25,7494.0,7494.5,137
2026-06-29 21:40:00,7494.75,7496.0,7494.5,7496.0,214
2026-06-29 21:41:00,7495.75,7497.25,7495.5,7497.25,307
2026-06-29 21:42:00,7497.5,7498.5,7496.75,7498.5,185
2026-06-29 21:43:00,7498.25,7498.75,7497.0,7497.75,197
2026-06-29 21:44:00,7497.75,7498.5,7497.25,7497.5,137
2026-06-29 21:45:00,7497.75,7498.25,7496.25,7496.25,230
2026-06-29 21:46:00,7496.25,7496.75,7494.75,7495.0,247
2026-06-29 21:47:00,7495.0,7495.25,7493.5,7494.75,251
2026-06-29 21:48:00,7494.5,7496.5,7494.0,7496.25,216
2026-06-29 21:49:00,7496.0,7497.0,7496.0,7496.0,107
2026-06-29 21:50:00,7496.25,7497.25,7495.25,7495.75,123
2026-06-29 21:51:00,7495.75,7497.25,7495.25,7496.5,142
2026-06-29 21:52:00,7496.0,7497.25,7496.0,7497.0,142
2026-06-29 21:53:00,7497.25,7498.0,7497.25,7497.75,112
2026-06-29 21:54:00,7497.75,7498.25,7497.25,7497.5,115
2026-06-29 21:55:00,7497.5,7498.0,7496.75,7497.5,120
2026-06-29 21:56:00,7497.5,7498.75,7497.0,7498.25,138
2026-06-29 21:57:00,7498.25,7498.75,7497.75,7497.75,84
2026-06-29 21:58:00,7497.75,7498.25,7497.5,7498.0,73
2026-06-29 21:59:00,7498.0,7498.25,7497.5,7498.25,103
2026-06-29 22:00:00,7498.5,7498.75,7495.75,7496.0,315
2026-06-29 22:01:00,7496.0,7496.0,7494.5,7494.75,251
2026-06-29 22:02:00,7495.0,7495.5,7494.5,7495.25,118
2026-06-29 22:03:00,7495.0,7495.25,7493.75,7494.5,216
2026-06-29 22:04:00,7494.5,7495.75,7494.25,7494.75,262
2026-06-29 22:05:00,7495.0,7495.0,7493.25,7493.25,213
2026-06-29 22:06:00,7493.25,7495.25,7492.75,7495.0,198
2026-06-29 22:07:00,7494.75,7495.5,7494.0,7494.0,96
2026-06-29 22:08:00,7494.0,7494.25,7493.5,7494.0,78
2026-06-29 22:09:00,7494.0,7495.0,7494.0,7494.75,80
2026-06-29 22:10:00,7494.5,7494.75,7493.0,7493.25,151
2026-06-29 22:11:00,7493.5,7493.5,7491.5,7492.5,418
2026-06-29 22:12:00,7492.25,7493.75,7492.0,7493.25,190
2026-06-29 22:13:00,7493.5,7493.75,7491.25,7491.75,144
2026-06-29 22:14:00,7491.5,7492.5,7491.25,7492.0,139
2026-06-29 22:15:00,7492.25,7492.75,7489.75,7490.25,448
2026-06-29 22:16:00,7490.0,7490.5,7488.5,7489.0,425
2026-06-29 22:17:00,7489.0,7490.25,7488.25,7489.75,234
2026-06-29 22:18:00,7489.5,7490.75,7489.0,7490.75,149
2026-06-29 22:19:00,7490.75,7491.0,7490.0,7490.25,129
2026-06-29 22:20:00,7490.5,7491.5,7490.25,7490.5,138
2026-06-29 22:21:00,7490.75,7492.0,7489.75,7491.5,237
2026-06-29 22:22:00,7491.75,7493.5,7491.25,7493.5,331
2026-06-29 22:23:00,7493.5,7494.75,7493.25,7494.5,204
2026-06-29 22:24:00,7494.5,7494.75,7493.5,7494.25,217
2026-06-29 22:25:00,7494.25,7495.5,7494.25,7495.0,177
2026-06-29 22:26:00,7494.75,7495.75,7494.25,7494.5,162
2026-06-29 22:27:00,7494.5,7494.75,7493.0,7494.5,207
2026-06-29 22:28:00,7494.5,7495.25,7494.5,7494.75,85
2026-06-29 22:29:00,7495.0,7495.5,7493.75,7494.0,101
2026-06-29 22:30:00,7494.0,7494.5,7493.25,7494.25,106
2026-06-29 22:31:00,7493.75,7495.75,7493.75,7495.25,214
2026-06-29 22:32:00,7495.0,7496.25,7494.25,7494.5,239
2026-06-29 22:33:00,7494.5,7494.75,7493.75,7494.0,107
2026-06-29 22:34:00,7494.0,7494.5,7493.0,7494.0,113
2026-06-29 22:35:00,7494.25,7494.5,7493.25,7493.5,71
2026-06-29 22:36:00,7494.0,7494.25,7493.0,7493.75,83
2026-06-29 22:37:00,7493.75,7494.75,7493.5,7494.5,46
2026-06-29 22:38:00,7494.5,7494.75,7493.75,7493.75,40
2026-06-29 22:39:00,7494.25,7494.5,7493.75,7494.0,43
2026-06-29 22:40:00,7494.5,7495.0,7494.0,7494.0,60
2026-06-29 22:41:00,7494.25,7494.5,7493.5,7493.5,64
2026-06-29 22:42:00,7493.75,7494.0,7492.75,7492.75,184
2026-06-29 22:43:00,7492.75,7493.0,7492.0,7492.5,136
2026-06-29 22:44:00,7492.0,7492.75,7491.75,7492.75,92
2026-06-29 22:45:00,7492.75,7493.0,7492.25,7492.25,65
2026-06-29 22:46:00,7492.5,7493.5,7492.25,7492.5,87
2026-06-29 22:47:00,7492.75,7493.0,7492.5,7493.0,35
2026-06-29 22:48:00,7493.0,7494.0,7492.75,7493.5,110
2026-06-29 22:49:00,7493.5,7494.75,7493.5,7494.25,100
2026-06-29 22:50:00,7494.5,7494.5,7493.75,7494.25,77
2026-06-29 22:51:00,7494.25,7494.75,7494.0,7494.75,51
2026-06-29 22:52:00,7494.5,7494.5,7493.25,7493.5,50
2026-06-29 22:53:00,7493.5,7494.25,7493.0,7494.0,34
2026-06-29 22:54:00,7494.0,7494.0,7493.0,7493.75,96
2026-06-29 22:55:00,7494.0,7494.75,7493.5,7493.75,148
2026-06-29 22:56:00,7493.75,7493.75,7492.75,7493.25,102
2026-06-29 22:57:00,7493.25,7493.5,7492.5,7492.75,97
2026-06-29 22:58:00,7492.5,7492.75,7492.0,7492.25,84
2026-06-29 22:59:00,7492.25,7492.25,7490.5,7491.25,237
2026-06-29 23:00:00,7491.25,7491.5,7490.0,7490.25,158
2026-06-29 23:01:00,7490.5,7491.5,7490.25,7490.5,116
2026-06-29 23:02:00,7490.5,7491.5,7490.5,7491.0,53
2026-06-29 23:03:00,7491.0,7491.5,7491.0,7491.5,51
2026-06-29 23:04:00,7491.5,7492.25,7491.25,7491.75,116
2026-06-29 23:05:00,7491.75,7493.0,7491.75,7493.0,126
2026-06-29 23:06:00,7493.25,7494.0,7493.0,7493.75,124
2026-06-29 23:07:00,7493.5,7493.75,7493.25,7493.5,36
2026-06-29 23:08:00,7493.25,7493.75,7493.0,7493.5,50
2026-06-29 23:09:00,7493.75,7494.75,7493.25,7494.25,86
2026-06-29 23:10:00,7494.5,7494.75,7493.25,7493.25,210
2026-06-29 23:11:00,7493.0,7494.0,7492.75,7493.5,46
2026-06-29 23:12:00,7493.75,7494.5,7493.75,7494.25,50
2026-06-29 23:13:00,7494.0,7494.25,7493.5,7494.25,26
2026-06-29 23:14:00,7494.5,7494.75,7493.0,7493.0,97
2026-06-29 23:15:00,7493.5,7494.75,7493.5,7494.75,35
2026-06-29 23:16:00,7494.75,7495.5,7494.5,7495.25,148
2026-06-29 23:17:00,7495.25,7496.0,7495.0,7496.0,101
2026-06-29 23:18:00,7495.75,7496.25,7495.5,7496.25,133
2026-06-29 23:19:00,7496.25,7496.75,7495.5,7495.75,130
2026-06-29 23:20:00,7496.0,7496.25,7495.25,7496.0,46
2026-06-29 23:21:00,7496.0,7496.5,7495.5,7495.5,70
2026-06-29 23:22:00,7495.5,7495.75,7494.5,7495.25,115
2026-06-29 23:23:00,7495.25,7496.25,7495.0,7495.5,63
2026-06-29 23:24:00,7495.25,7495.25,7494.25,7494.75,82
2026-06-29 23:25:00,7494.25,7494.25,7493.75,7494.0,137
2026-06-29 23:26:00,7494.25,7494.5,7494.0,7494.5,42
2026-06-29 23:27:00,7494.25,7495.5,7494.0,7495.5,62
2026-06-29 23:28:00,7495.75,7497.25,7495.5,7496.75,174
2026-06-29 23:29:00,7497.0,7497.0,7496.25,7496.5,122
2026-06-29 23:30:00,7496.75,7498.25,7496.5,7496.5,272
2026-06-29 23:31:00,7496.25,7496.5,7495.5,7496.25,93
2026-06-29 23:32:00,7496.25,7497.75,7496.25,7497.5,57
2026-06-29 23:33:00,7497.25,7497.75,7497.0,7497.0,85
2026-06-29 23:34:00,7496.75,7499.0,7496.75,7498.5,317
2026-06-29 23:35:00,7498.5,7499.5,7497.75,7497.75,212
2026-06-29 23:36:00,7498.0,7502.5,7497.75,7501.75,818
2026-06-29 23:37:00,7502.0,7502.5,7501.25,7502.0,319
2026-06-29 23:38:00,7502.25,7502.75,7501.75,7502.5,228
2026-06-29 23:39:00,7502.5,7503.0,7502.25,7502.75,177
2026-06-29 23:40:00,7502.75,7503.0,7501.75,7502.5,206
2026-06-29 23:41:00,7502.5,7503.5,7502.0,7503.5,242
2026-06-29 23:42:00,7503.75,7504.75,7503.25,7503.25,386
2026-06-29 23:43:00,7503.25,7503.75,7502.5,7503.5,136
2026-06-29 23:44:00,7503.75,7504.0,7503.25,7503.75,68
2026-06-29 23:45:00,7503.75,7504.25,7503.25,7503.75,115
2026-06-29 23:46:00,7504.0,7504.5,7502.75,7503.5,149
2026-06-29 23:47:00,7503.5,7504.25,7503.0,7504.0,101
2026-06-29 23:48:00,7503.75,7504.5,7503.5,7503.5,89
2026-06-29 23:49:00,7503.5,7504.5,7503.5,7504.5,54
2026-06-29 23:50:00,7504.5,7506.75,7504.5,7506.25,832
2026-06-29 23:51:00,7506.25,7506.75,7505.75,7506.75,102
2026-06-29 23:52:00,7506.5,7506.75,7505.75,7506.0,120
2026-06-29 23:53:00,7506.0,7506.0,7504.25,7504.5,167
2026-06-29 23:54:00,7504.25,7504.75,7503.5,7503.5,154
2026-06-29 23:55:00,7503.75,7503.75,7501.5,7502.0,369
2026-06-29 23:56:00,7502.0,7503.0,7501.75,7502.25,170
2026-06-29 23:57:00,7502.0,7502.5,7501.75,7502.25,123
2026-06-29 23:58:00,7502.25,7502.5,7502.0,7502.5,101
2026-06-29 23:59:00,7502.75,7502.75,7501.5,7501.75,77
2026-06-30 00:00:00,7501.5,7503.0,7501.25,7502.75,159
2026-06-30 00:01:00,7502.5,7506.5,7502.25,7506.0,393
2026-06-30 00:02:00,7506.0,7506.0,7504.75,7505.5,228
2026-06-30 00:03:00,7505.5,7506.5,7505.25,7506.25,182
2026-06-30 00:04:00,7506.5,7507.75,7506.0,7507.0,374
2026-06-30 00:05:00,7506.75,7507.0,7506.0,7506.5,191
2026-06-30 00:06:00,7506.5,7508.25,7506.0,7506.75,332
2026-06-30 00:07:00,7506.5,7506.5,7506.0,7506.5,95
2026-06-30 00:08:00,7506.25,7507.0,7505.5,7506.5,108
2026-06-30 00:09:00,7506.5,7506.5,7505.5,7505.75,60
2026-06-30 00:10:00,7506.0,7507.0,7505.5,7506.0,45
2026-06-30 00:11:00,7505.75,7506.25,7505.75,7506.0,38
2026-06-30 00:12:00,7505.75,7506.25,7505.5,7505.75,56
2026-06-30 00:13:00,7506.0,7507.0,7506.0,7506.25,76
2026-06-30 00:14:00,7506.5,7507.0,7506.0,7506.75,37
2026-06-30 00:15:00,7506.5,7507.0,7506.0,7506.75,75
2026-06-30 00:16:00,7507.0,7507.0,7506.0,7506.25,135
2026-06-30 00:17:00,7506.25,7506.5,7505.75,7506.5,59
2026-06-30 00:18:00,7506.5,7506.75,7506.25,7506.25,58
2026-06-30 00:19:00,7506.5,7506.75,7505.75,7506.25,57
2026-06-30 00:20:00,7506.25,7507.0,7506.0,7506.75,68
2026-06-30 00:21:00,7507.0,7507.75,7507.0,7507.75,201
2026-06-30 00:22:00,7507.5,7508.0,7507.25,7507.5,146
2026-06-30 00:23:00,7507.5,7508.0,7507.0,7508.0,123
2026-06-30 00:24:00,7508.0,7508.25,7506.75,7506.75,129
2026-06-30 00:25:00,7507.0,7507.75,7507.0,7507.75,53
2026-06-30 00:26:00,7507.75,7508.75,7507.75,7508.5,318
2026-06-30 00:27:00,7508.25,7508.75,7508.25,7508.75,99
2026-06-30 00:28:00,7508.5,7508.75,7508.25,7508.75,151
2026-06-30 00:29:00,7508.75,7509.0,7508.0,7509.0,202
2026-06-30 00:30:00,7508.75,7509.0,7508.0,7508.5,258
2026-06-30 00:31:00,7508.5,7508.75,7507.75,7508.5,89
2026-06-30 00:32:00,7508.25,7509.5,7508.25,7509.5,262
2026-06-30 00:33:00,7509.25,7509.25,7508.25,7509.0,101
2026-06-30 00:34:00,7509.0,7510.25,7508.75,7510.0,338
2026-06-30 00:35:00,7510.0,7512.25,7510.0,7511.75,654
2026-06-30 00:36:00,7511.75,7512.5,7511.0,7511.75,346
2026-06-30 00:37:00,7511.75,7512.0,7511.0,7511.25,175
2026-06-30 00:38:00,7511.25,7513.25,7511.25,7513.0,324
2026-06-30 00:39:00,7513.25,7513.25,7512.5,7512.75,126
2026-06-30 00:40:00,7512.75,7512.75,7511.5,7512.0,176
2026-06-30 00:41:00,7512.0,7512.75,7511.75,7512.25,117
2026-06-30 00:42:00,7512.0,7512.75,7512.0,7512.5,118
2026-06-30 00:43:00,7512.5,7513.25,7511.75,7512.0,376
2026-06-30 00:44:00,7512.25,7513.0,7512.0,7513.0,126
2026-06-30 00:45:00,7513.0,7513.5,7512.25,7512.25,187
2026-06-30 00:46:00,7512.25,7512.75,7511.5,7511.5,136
2026-06-30 00:47:00,7511.5,7511.5,7510.25,7510.25,216
2026-06-30 00:48:00,7510.25,7511.25,7510.25,7511.0,95
2026-06-30 00:49:00,7511.0,7511.75,7510.75,7511.75,60
2026-06-30 00:50:00,7511.5,7511.75,7510.0,7511.0,245
2026-06-30 00:51:00,7511.25,7511.75,7511.0,7511.0,67
2026-06-30 00:52:00,7511.0,7512.0,7511.0,7511.25,103
2026-06-30 00:53:00,7511.5,7512.5,7511.25,7511.5,161
2026-06-30 00:54:00,7511.5,7511.75,7510.75,7511.5,114
2026-06-30 00:55:00,7511.0,7511.25,7510.25,7511.0,100
2026-06-30 00:56:00,7511.25,7512.25,7511.0,7511.5,94
2026-06-30 00:57:00,7511.5,7511.75,7510.75,7510.75,62
2026-06-30 00:58:00,7510.75,7511.25,7510.25,7510.75,113
2026-06-30 00:59:00,7511.25,7511.5,7510.5,7511.0,90
2026-06-30 01:00:00,7511.25,7512.5,7510.75,7512.25,264
2026-06-30 01:01:00,7512.0,7513.75,7512.0,7512.75,370
2026-06-30 01:02:00,7512.75,7514.5,7512.5,7513.5,355
2026-06-30 01:03:00,7513.75,7514.0,7513.25,7513.25,237
2026-06-30 01:04:00,7513.0,7513.0,7512.25,7512.5,113
2026-06-30 01:05:00,7512.5,7512.5,7511.5,7512.0,125
2026-06-30 01:06:00,7512.0,7512.75,7511.75,7512.25,75
2026-06-30 01:07:00,7512.25,7512.5,7512.0,7512.25,62
2026-06-30 01:08:00,7512.5,7513.0,7512.25,7512.5,81
2026-06-30 01:09:00,7512.25,7512.5,7511.75,7511.75,90
2026-06-30 01:10:00,7511.5,7512.25,7511.0,7512.0,203
2026-06-30 01:11:00,7512.0,7512.5,7511.5,7512.5,71
2026-06-30 01:12:00,7512.5,7513.0,7511.25,7511.25,83
2026-06-30 01:13:00,7511.5,7512.5,7511.25,7512.5,100
2026-06-30 01:14:00,7512.5,7512.75,7512.25,7512.75,38
2026-06-30 01:15:00,7512.5,7512.75,7511.25,7511.25,138
2026-06-30 01:16:00,7511.5,7511.75,7511.0,7511.5,87
2026-06-30 01:17:00,7511.5,7511.5,7510.25,7510.5,219
2026-06-30 01:18:00,7510.75,7511.25,7510.5,7510.5,102
2026-06-30 01:19:00,7510.5,7511.0,7510.25,7510.75,53
2026-06-30 01:20:00,7510.75,7511.75,7510.25,7511.75,114
2026-06-30 01:21:00,7511.5,7512.5,7511.5,7512.5,97
2026-06-30 01:22:00,7512.75,7513.25,7512.25,7513.25,175
2026-06-30 01:23:00,7513.25,7513.5,7512.75,7512.75,78
2026-06-30 01:24:00,7512.75,7513.0,7512.25,7512.75,53
2026-06-30 01:25:00,7512.75,7513.0,7510.75,7510.75,228
2026-06-30 01:26:00,7510.5,7510.75,7509.5,7509.75,284
2026-06-30 01:27:00,7509.75,7510.0,7508.5,7509.5,371
2026-06-30 01:28:00,7509.75,7510.0,7508.5,7509.0,398
2026-06-30 01:29:00,7508.75,7509.0,7508.0,7508.5,332
2026-06-30 01:30:00,7508.75,7508.75,7506.25,7508.0,551
2026-06-30 01:31:00,7507.75,7508.75,7506.75,7507.5,371
2026-06-30 01:32:00,7507.5,7507.75,7506.25,7506.25,232
2026-06-30 01:33:00,7506.5,7506.5,7505.75,7506.25,181
2026-06-30 01:34:00,7506.25,7506.5,7505.25,7505.5,254
2026-06-30 01:35:00,7505.5,7506.25,7504.0,7504.0,269
2026-06-30 01:36:00,7504.5,7504.75,7503.5,7504.5,347
2026-06-30 01:37:00,7504.5,7505.5,7503.75,7505.25,341
2026-06-30 01:38:00,7505.25,7506.0,7504.75,7505.25,268
2026-06-30 01:39:00,7505.0,7506.25,7504.0,7506.25,221
2026-06-30 01:40:00,7506.0,7507.75,7506.0,7507.75,426
2026-06-30 01:41:00,7507.75,7509.0,7507.5,7508.0,319
2026-06-30 01:42:00,7508.25,7509.0,7508.0,7508.0,212
2026-06-30 01:43:00,7508.0,7509.0,7506.5,7506.5,175
2026-06-30 01:44:00,7507.0,7507.5,7506.0,7506.5,199
2026-06-30 01:45:00,7506.75,7508.0,7506.25,7507.75,101
2026-06-30 01:46:00,7507.75,7507.75,7507.25,7507.75,73
2026-06-30 01:47:00,7507.75,7508.0,7507.0,7507.75,119
2026-06-30 01:48:00,7507.5,7508.25,7507.5,7507.75,75
2026-06-30 01:49:00,7508.0,7508.5,7507.25,7508.5,69
2026-06-30 01:50:00,7508.75,7508.75,7507.5,7508.0,156
2026-06-30 01:51:00,7507.75,7508.5,7507.5,7508.5,63
2026-06-30 01:52:00,7508.5,7510.5,7507.75,7510.0,475
2026-06-30 01:53:00,7510.25,7510.25,7509.75,7510.25,141
2026-06-30 01:54:00,7510.0,7510.0,7509.0,7509.75,138
2026-06-30 01:55:00,7509.5,7510.0,7509.0,7509.25,184
2026-06-30 01:56:00,7509.75,7510.75,7509.75,7510.75,102
2026-06-30 01:57:00,7510.25,7510.75,7509.75,7510.5,89
2026-06-30 01:58:00,7510.5,7511.0,7510.0,7510.5,106
2026-06-30 01:59:00,7510.5,7510.5,7509.75,7510.25,63
2026-06-30 02:00:00,7510.25,7511.25,7509.5,7509.5,285
2026-06-30 02:01:00,7509.75,7511.25,7508.75,7510.5,271
2026-06-30 02:02:00,7510.5,7510.5,7509.0,7510.25,232
2026-06-30 02:03:00,7510.25,7510.5,7509.75,7510.0,153
2026-06-30 02:04:00,7510.0,7510.5,7509.5,7510.5,309
2026-06-30 02:05:00,7510.0,7510.0,7508.25,7509.0,295
2026-06-30 02:06:00,7508.75,7509.5,7508.25,7508.75,171
2026-06-30 02:07:00,7509.0,7510.25,7508.75,7509.5,149
2026-06-30 02:08:00,7509.5,7509.5,7508.0,7508.25,109
2026-06-30 02:09:00,7508.0,7508.25,7507.25,7507.75,151
2026-06-30 02:10:00,7508.0,7508.75,7507.25,7508.25,242
2026-06-30 02:11:00,7508.25,7509.0,7507.5,7507.5,130
2026-06-30 02:12:00,7507.5,7508.5,7507.25,7508.5,202
2026-06-30 02:13:00,7508.75,7510.25,7508.5,7509.5,254
2026-06-30 02:14:00,7509.5,7509.75,7508.0,7508.5,152
2026-06-30 02:15:00,7508.5,7508.5,7507.5,7507.5,106
2026-06-30 02:16:00,7507.5,7507.75,7506.5,7507.5,244
2026-06-30 02:17:00,7507.5,7507.75,7507.0,7507.5,196
2026-06-30 02:18:00,7507.5,7507.5,7506.75,7507.0,128
2026-06-30 02:19:00,7506.75,7507.25,7506.5,7507.0,118
2026-06-30 02:20:00,7506.75,7507.0,7505.0,7505.5,514
2026-06-30 02:21:00,7505.5,7506.75,7505.25,7506.25,143
2026-06-30 02:22:00,7506.25,7506.75,7505.0,7505.25,124
2026-06-30 02:23:00,7505.25,7506.25,7504.5,7506.0,204
2026-06-30 02:24:00,7506.0,7506.5,7505.5,7505.75,109
2026-06-30 02:25:00,7505.5,7505.5,7503.5,7504.0,272
2026-06-30 02:26:00,7504.0,7504.75,7502.75,7504.0,492
2026-06-30 02:27:00,7504.0,7505.25,7503.75,7505.0,313
2026-06-30 02:28:00,7505.25,7506.75,7505.25,7506.75,145
2026-06-30 02:29:00,7506.75,7508.75,7506.25,7508.0,532
2026-06-30 02:30:00,7508.0,7508.5,7506.0,7506.5,481
2026-06-30 02:31:00,7506.25,7507.0,7506.0,7506.75,218
2026-06-30 02:32:00,7506.5,7506.75,7504.0,7504.25,459
2026-06-30 02:33:00,7504.25,7504.25,7502.5,7503.25,317
2026-06-30 02:34:00,7503.5,7503.5,7501.5,7503.0,356
2026-06-30 02:35:00,7503.0,7503.75,7502.5,7503.0,307
2026-06-30 02:36:00,7502.75,7504.75,7502.75,7504.5,207
2026-06-30 02:37:00,7504.75,7505.75,7504.25,7504.25,267
2026-06-30 02:38:00,7504.5,7504.5,7503.75,7504.5,144
2026-06-30 02:39:00,7504.75,7505.5,7503.75,7503.75,128
2026-06-30 02:40:00,7504.25,7504.5,7503.75,7504.5,63
2026-06-30 02:41:00,7504.25,7505.5,7503.75,7505.25,158
2026-06-30 02:42:00,7505.5,7505.5,7504.25,7504.75,82
2026-06-30 02:43:00,7505.0,7505.0,7504.0,7504.25,75
2026-06-30 02:44:00,7504.0,7504.25,7502.5,7503.0,160
2026-06-30 02:45:00,7502.5,7503.75,7502.5,7503.25,228
2026-06-30 02:46:00,7503.5,7504.25,7503.25,7504.25,198
2026-06-30 02:47:00,7504.0,7505.75,7503.75,7504.5,332
2026-06-30 02:48:00,7504.75,7506.25,7504.75,7505.75,133
2026-06-30 02:49:00,7505.75,7507.25,7505.75,7507.25,204
2026-06-30 02:50:00,7507.0,7507.25,7506.25,7506.25,109
2026-06-30 02:51:00,7506.25,7507.0,7506.25,7506.75,84
2026-06-30 02:52:00,7506.75,7507.25,7506.25,7506.25,104
2026-06-30 02:53:00,7506.25,7506.75,7506.0,7506.25,110
2026-06-30 02:54:00,7506.5,7506.75,7505.75,7506.25,152
2026-06-30 02:55:00,7506.25,7506.75,7506.25,7506.25,82
2026-06-30 02:56:00,7506.25,7507.5,7506.25,7507.25,51
2026-06-30 02:57:00,7507.5,7508.5,7507.25,7508.5,220
2026-06-30 02:58:00,7508.0,7508.5,7507.75,7507.75,125
2026-06-30 02:59:00,7508.0,7509.0,7507.25,7508.75,194
2026-06-30 03:00:00,7508.75,7509.0,7507.0,7507.75,506
2026-06-30 03:01:00,7507.5,7509.75,7507.5,7509.5,283
2026-06-30 03:02:00,7509.75,7511.75,7509.5,7510.5,683
2026-06-30 03:03:00,7510.5,7511.75,7510.25,7511.25,247
2026-06-30 03:04:00,7511.25,7511.5,7509.75,7510.25,328
2026-06-30 03:05:00,7510.25,7511.0,7509.75,7510.75,199
2026-06-30 03:06:00,7510.75,7512.25,7510.5,7511.25,287
2026-06-30 03:07:00,7511.5,7512.75,7510.75,7512.25,208
2026-06-30 03:08:00,7512.25,7512.5,7510.0,7510.0,285
2026-06-30 03:09:00,7510.0,7510.0,7508.0,7508.75,421
2026-06-30 03:10:00,7508.75,7509.0,7506.5,7506.5,342
2026-06-30 03:11:00,7506.75,7507.25,7506.0,7506.25,378
2026-06-30 03:12:00,7506.25,7507.25,7505.75,7506.75,249
2026-06-30 03:13:00,7507.0,7507.5,7506.5,7506.75,198
2026-06-30 03:14:00,7506.5,7506.5,7505.25,7506.0,203
2026-06-30 03:15:00,7506.0,7507.25,7505.5,7507.25,188
2026-06-30 03:16:00,7507.25,7507.75,7506.75,7507.5,254
2026-06-30 03:17:00,7507.5,7507.5,7506.25,7507.0,221
2026-06-30 03:18:00,7507.25,7507.25,7505.0,7505.25,376
2026-06-30 03:19:00,7505.75,7506.0,7504.75,7505.25,258
2026-06-30 03:20:00,7505.25,7506.25,7504.5,7506.25,323
2026-06-30 03:21:00,7506.25,7506.25,7505.25,7505.75,148
2026-06-30 03:22:00,7505.75,7506.5,7504.75,7505.75,151
2026-06-30 03:23:00,7505.75,7507.25,7505.5,7506.75,149
2026-06-30 03:24:00,7506.5,7508.75,7506.5,7508.25,229
2026-06-30 03:25:00,7508.25,7509.5,7507.75,7508.25,222
2026-06-30 03:26:00,7508.5,7509.25,7507.75,7508.0,195
2026-06-30 03:27:00,7508.25,7508.25,7507.25,7507.25,130
2026-06-30 03:28:00,7507.25,7509.0,7507.25,7508.75,141
2026-06-30 03:29:00,7508.75,7508.75,7507.75,7507.75,113
2026-06-30 03:30:00,7507.75,7509.5,7507.5,7508.5,178
2026-06-30 03:31:00,7508.75,7509.0,7507.75,7508.5,209
2026-06-30 03:32:00,7508.0,7508.75,7507.25,7508.5,213
2026-06-30 03:33:00,7508.25,7508.5,7507.25,7507.5,108
2026-06-30 03:34:00,7507.25,7508.5,7507.25,7508.0,55
2026-06-30 03:35:00,7508.0,7509.25,7508.0,7508.5,217
2026-06-30 03:36:00,7508.75,7509.25,7508.5,7509.0,109
2026-06-30 03:37:00,7509.0,7509.75,7509.0,7509.75,145
2026-06-30 03:38:00,7509.5,7510.0,7508.5,7508.75,131
2026-06-30 03:39:00,7508.75,7509.25,7507.25,7507.5,151
2026-06-30 03:40:00,7507.5,7508.25,7507.25,7507.75,213
2026-06-30 03:41:00,7507.75,7508.75,7507.25,7508.5,95
2026-06-30 03:42:00,7508.0,7508.0,7507.0,7507.75,142
2026-06-30 03:43:00,7507.75,7508.0,7507.25,7507.5,79
2026-06-30 03:44:00,7507.5,7507.75,7506.75,7507.0,158
2026-06-30 03:45:00,7507.25,7507.25,7503.75,7504.75,471
2026-06-30 03:46:00,7504.5,7505.25,7504.25,7505.25,230
2026-06-30 03:47:00,7505.5,7506.75,7505.5,7505.75,227
2026-06-30 03:48:00,7505.75,7506.5,7505.0,7505.25,164
2026-06-30 03:49:00,7505.5,7506.25,7504.75,7505.75,132
2026-06-30 03:50:00,7505.5,7505.75,7500.5,7501.25,786
2026-06-30 03:51:00,7501.25,7502.25,7500.75,7502.0,450
2026-06-30 03:52:00,7501.75,7503.5,7501.75,7503.25,175
2026-06-30 03:53:00,7503.25,7504.25,7503.25,7503.75,185
2026-06-30 03:54:00,7503.75,7504.25,7503.5,7503.75,103
2026-06-30 03:55:00,7503.75,7503.75,7502.25,7502.5,142
2026-06-30 03:56:00,7502.5,7503.25,7502.0,7503.0,184
2026-06-30 03:57:00,7503.25,7504.0,7502.75,7504.0,74
2026-06-30 03:58:00,7504.0,7504.5,7502.5,7503.0,170
2026-06-30 03:59:00,7502.75,7502.75,7501.5,7502.25,142
2026-06-30 04:00:00,7502.0,7507.0,7501.5,7506.0,886
2026-06-30 04:01:00,7506.0,7507.0,7505.0,7506.0,273
2026-06-30 04:02:00,7506.5,7508.5,7506.5,7507.75,358
2026-06-30 04:03:00,7508.0,7508.5,7506.75,7507.0,293
2026-06-30 04:04:00,7506.75,7507.0,7504.25,7505.0,372
2026-06-30 04:05:00,7505.25,7507.5,7504.75,7506.5,284
2026-06-30 04:06:00,7506.5,7506.75,7505.0,7505.75,310
2026-06-30 04:07:00,7506.0,7506.75,7505.75,7506.75,173
2026-06-30 04:08:00,7506.75,7508.0,7506.5,7506.5,245
2026-06-30 04:09:00,7506.25,7506.5,7504.75,7505.5,250
2026-06-30 04:10:00,7505.75,7507.25,7505.5,7507.25,283
2026-06-30 04:11:00,7507.5,7508.0,7507.25,7507.5,144
2026-06-30 04:12:00,7507.75,7508.25,7506.0,7506.75,200
2026-06-30 04:13:00,7506.75,7507.0,7503.75,7504.5,352
2026-06-30 04:14:00,7504.5,7504.75,7502.75,7502.75,214
2026-06-30 04:15:00,7502.75,7503.0,7500.5,7501.0,642
2026-06-30 04:16:00,7501.0,7501.75,7499.25,7501.5,565
2026-06-30 04:17:00,7501.5,7501.75,7500.25,7500.75,265
2026-06-30 04:18:00,7500.5,7502.5,7500.5,7502.5,254
2026-06-30 04:19:00,7502.25,7503.75,7501.75,7503.25,305
2026-06-30 04:20:00,7503.5,7505.0,7503.25,7504.5,277
2026-06-30 04:21:00,7504.5,7506.75,7504.5,7506.5,388
2026-06-30 04:22:00,7506.5,7506.5,7505.75,7505.75,122
2026-06-30 04:23:00,7506.0,7507.75,7505.75,7507.75,303
2026-06-30 04:24:00,7507.75,7508.0,7507.5,7508.0,142
2026-06-30 04:25:00,7508.0,7508.25,7507.25,7508.0,232
2026-06-30 04:26:00,7508.0,7508.5,7507.25,7507.75,120
2026-06-30 04:27:00,7507.75,7508.25,7506.25,7507.75,280
2026-06-30 04:28:00,7507.75,7508.75,7507.75,7508.25,137
2026-06-30 04:29:00,7508.25,7509.25,7507.5,7508.75,166
2026-06-30 04:30:00,7508.5,7510.25,7507.75,7508.0,356
2026-06-30 04:31:00,7508.0,7508.0,7506.0,7506.25,301
2026-06-30 04:32:00,7506.25,7506.75,7504.0,7504.0,313
2026-06-30 04:33:00,7504.0,7504.25,7502.25,7503.0,466
2026-06-30 04:34:00,7503.25,7503.75,7502.0,7502.5,277
2026-06-30 04:35:00,7502.75,7503.25,7501.0,7501.25,268
2026-06-30 04:36:00,7501.5,7502.0,7500.25,7500.5,367
2026-06-30 04:37:00,7500.5,7501.75,7499.75,7501.25,295
2026-06-30 04:38:00,7501.25,7501.25,7499.25,7500.75,485
2026-06-30 04:39:00,7500.75,7501.0,7497.5,7498.0,806
2026-06-30 04:40:00,7497.75,7498.25,7494.75,7497.0,846
2026-06-30 04:41:00,7497.0,7498.5,7496.5,7498.25,389
2026-06-30 04:42:00,7498.0,7498.75,7497.25,7497.75,282
2026-06-30 04:43:00,7497.75,7499.25,7497.75,7498.75,179
2026-06-30 04:44:00,7498.75,7499.5,7497.5,7498.5,236
2026-06-30 04:45:00,7498.75,7499.25,7497.25,7497.75,280
2026-06-30 04:46:00,7497.5,7498.75,7496.25,7498.0,308
2026-06-30 04:47:00,7497.75,7498.25,7497.25,7497.5,139
2026-06-30 04:48:00,7497.5,7497.5,7496.25,7496.75,331
2026-06-30 04:49:00,7496.5,7496.5,7494.5,7495.75,406
2026-06-30 04:50:00,7496.0,7497.25,7495.25,7495.5,311
2026-06-30 04:51:00,7495.5,7496.0,7494.0,7496.0,370
2026-06-30 04:52:00,7496.0,7499.0,7495.75,7498.25,412
2026-06-30 04:53:00,7498.5,7498.75,7497.75,7498.25,178
2026-06-30 04:54:00,7498.25,7500.75,7498.25,7500.75,393
2026-06-30 04:55:00,7500.75,7500.75,7499.75,7500.25,223
2026-06-30 04:56:00,7500.25,7502.0,7500.25,7501.75,187
2026-06-30 04:57:00,7501.5,7501.5,7500.25,7500.5,112
2026-06-30 04:58:00,7500.75,7502.5,7500.5,7502.0,168
2026-06-30 04:59:00,7502.25,7503.0,7501.5,7502.0,124
2026-06-30 05:00:00,7502.0,7503.5,7500.25,7503.25,409
2026-06-30 05:01:00,7503.5,7503.75,7501.75,7502.25,200
2026-06-30 05:02:00,7502.25,7502.75,7501.0,7502.25,210
2026-06-30 05:03:00,7502.0,7504.25,7502.0,7504.0,242
2026-06-30 05:04:00,7504.25,7504.5,7503.5,7504.25,225
2026-06-30 05:05:00,7504.0,7504.25,7502.75,7503.0,270
2026-06-30 05:06:00,7503.0,7503.5,7502.0,7502.0,93
2026-06-30 05:07:00,7502.25,7502.75,7502.0,7502.75,102
2026-06-30 05:08:00,7502.75,7502.75,7502.0,7502.0,91
2026-06-30 05:09:00,7502.25,7502.5,7501.25,7501.5,105
2026-06-30 05:10:00,7501.75,7502.5,7500.75,7502.0,155
2026-06-30 05:11:00,7502.25,7504.25,7502.25,7503.75,249
2026-06-30 05:12:00,7503.75,7504.25,7502.75,7504.25,171
2026-06-30 05:13:00,7504.25,7504.5,7503.75,7504.0,127
2026-06-30 05:14:00,7504.0,7504.0,7503.25,7503.75,94
2026-06-30 05:15:00,7503.75,7505.75,7503.5,7505.75,176
2026-06-30 05:16:00,7505.75,7505.75,7504.25,7504.75,128
2026-06-30 05:17:00,7504.5,7505.75,7504.25,7505.5,255
2026-06-30 05:18:00,7505.75,7505.75,7504.25,7505.0,155
2026-06-30 05:19:00,7505.25,7505.25,7504.25,7504.5,107
2026-06-30 05:20:00,7504.75,7505.0,7503.75,7504.0,129
2026-06-30 05:21:00,7503.75,7505.0,7503.75,7504.0,132
2026-06-30 05:22:00,7504.25,7504.5,7503.5,7503.5,93
2026-06-30 05:23:00,7503.75,7504.75,7503.25,7503.25,246
2026-06-30 05:24:00,7503.25,7503.75,7502.75,7503.5,93
2026-06-30 05:25:00,7503.75,7504.75,7503.5,7504.5,212
2026-06-30 05:26:00,7504.75,7504.75,7504.0,7504.5,122
2026-06-30 05:27:00,7504.5,7505.0,7504.25,7504.5,114
2026-06-30 05:28:00,7504.25,7504.5,7503.25,7503.75,205
2026-06-30 05:29:00,7503.75,7504.0,7502.5,7502.75,226
2026-06-30 05:30:00,7502.5,7503.0,7500.0,7500.5,381
2026-06-30 05:31:00,7500.75,7501.25,7498.75,7499.75,407
2026-06-30 05:32:00,7499.75,7500.75,7499.25,7500.25,252
2026-06-30 05:33:00,7500.5,7500.75,7498.75,7499.5,186
2026-06-30 05:34:00,7499.25,7499.75,7498.25,7499.25,266
2026-06-30 05:35:00,7499.25,7501.25,7499.0,7501.25,227
2026-06-30 05:36:00,7501.0,7501.5,7499.75,7501.25,214
2026-06-30 05:37:00,7501.25,7502.75,7501.25,7502.5,274
2026-06-30 05:38:00,7502.5,7503.75,7502.5,7503.0,269
2026-06-30 05:39:00,7503.25,7504.0,7503.25,7503.75,121
2026-06-30 05:40:00,7504.0,7505.0,7503.5,7504.75,241
2026-06-30 05:41:00,7504.75,7505.75,7504.5,7505.0,157
2026-06-30 05:42:00,7505.25,7505.5,7504.5,7505.5,122
2026-06-30 05:43:00,7505.75,7505.75,7504.75,7505.25,178
2026-06-30 05:44:00,7505.25,7505.5,7504.25,7504.5,126
2026-06-30 05:45:00,7505.0,7505.5,7504.75,7505.25,110
2026-06-30 05:46:00,7505.25,7506.0,7505.0,7506.0,142
2026-06-30 05:47:00,7506.0,7507.0,7506.0,7506.0,326
2026-06-30 05:48:00,7506.25,7506.5,7505.75,7506.25,172
2026-06-30 05:49:00,7506.0,7508.0,7505.5,7507.75,234
2026-06-30 05:50:00,7508.0,7508.25,7506.25,7507.0,224
2026-06-30 05:51:00,7507.0,7508.0,7506.75,7507.75,190
2026-06-30 05:52:00,7507.5,7507.75,7507.0,7507.5,151
2026-06-30 05:53:00,7507.5,7507.75,7507.25,7507.75,134
2026-06-30 05:54:00,7507.5,7508.0,7507.0,7507.0,188
2026-06-30 05:55:00,7507.0,7508.0,7506.75,7506.75,127
2026-06-30 05:56:00,7506.75,7507.25,7506.5,7507.0,72
2026-06-30 05:57:00,7507.25,7507.75,7507.0,7507.25,108
2026-06-30 05:58:00,7507.5,7507.5,7506.5,7507.0,107
2026-06-30 05:59:00,7507.0,7507.0,7505.75,7506.0,212
2026-06-30 06:00:00,7506.25,7506.5,7505.25,7506.5,474
2026-06-30 06:01:00,7506.5,7506.75,7505.75,7506.0,156
2026-06-30 06:02:00,7505.5,7506.5,7505.5,7505.75,140
2026-06-30 06:03:00,7505.5,7505.5,7504.25,7504.25,203
2026-06-30 06:04:00,7504.25,7505.25,7503.75,7505.25,196
2026-06-30 06:05:00,7505.0,7507.0,7504.75,7507.0,214
2026-06-30 06:06:00,7507.0,7507.5,7506.5,7507.0,138
2026-06-30 06:07:00,7507.0,7508.75,7506.75,7508.5,225
2026-06-30 06:08:00,7508.25,7508.25,7507.5,7507.75,146
2026-06-30 06:09:00,7507.75,7507.75,7506.75,7507.5,125
2026-06-30 06:10:00,7507.25,7507.25,7505.5,7505.75,148
2026-06-30 06:11:00,7505.75,7506.25,7505.0,7505.5,245
2026-06-30 06:12:00,7505.75,7506.75,7505.25,7505.75,270
2026-06-30 06:13:00,7505.75,7506.5,7505.25,7506.25,220
2026-06-30 06:14:00,7506.25,7507.25,7505.75,7507.0,206
2026-06-30 06:15:00,7507.0,7508.0,7506.75,7507.25,277
2026-06-30 06:16:00,7507.5,7508.5,7506.75,7508.25,155
2026-06-30 06:17:00,7508.0,7508.75,7507.25,7507.5,186
2026-06-30 06:18:00,7507.25,7508.25,7507.25,7508.0,133
2026-06-30 06:19:00,7508.0,7508.75,7507.5,7508.0,185
2026-06-30 06:20:00,7507.75,7509.0,7507.0,7507.25,215
2026-06-30 06:21:00,7507.25,7508.25,7507.25,7507.5,59
2026-06-30 06:22:00,7507.75,7507.75,7507.0,7507.25,180
2026-06-30 06:23:00,7507.0,7507.25,7506.0,7506.75,144
2026-06-30 06:24:00,7506.75,7507.0,7506.0,7506.25,180
2026-06-30 06:25:00,7506.25,7507.75,7506.0,7507.75,281
2026-06-30 06:26:00,7507.75,7508.25,7507.0,7508.0,124
2026-06-30 06:27:00,7507.75,7508.75,7507.5,7508.0,77
2026-06-30 06:28:00,7508.25,7508.25,7507.5,7507.5,190
2026-06-30 06:29:00,7507.5,7508.5,7507.25,7508.25,110
2026-06-30 06:30:00,7508.25,7509.0,7507.25,7507.5,365
2026-06-30 06:31:00,7507.0,7507.75,7507.0,7507.75,208
2026-06-30 06:32:00,7507.75,7508.25,7507.0,7508.25,115
2026-06-30 06:33:00,7508.0,7508.0,7506.0,7506.75,160
2026-06-30 06:34:00,7506.75,7507.25,7506.5,7506.5,77
2026-06-30 06:35:00,7506.25,7506.5,7505.5,7505.5,139
2026-06-30 06:36:00,7505.5,7505.75,7504.25,7505.75,285
2026-06-30 06:37:00,7505.75,7506.0,7505.25,7505.5,157
2026-06-30 06:38:00,7505.5,7506.25,7504.75,7505.75,151
2026-06-30 06:39:00,7506.0,7506.5,7505.75,7505.75,91
2026-06-30 06:40:00,7505.75,7506.5,7505.5,7506.5,76
2026-06-30 06:41:00,7506.25,7506.5,7505.75,7506.5,124
2026-06-30 06:42:00,7506.25,7508.0,7506.25,7507.75,176
2026-06-30 06:43:00,7507.5,7508.25,7506.75,7507.0,221
2026-06-30 06:44:00,7507.5,7507.75,7506.5,7507.0,108
2026-06-30 06:45:00,7507.0,7507.0,7505.25,7507.0,213
2026-06-30 06:46:00,7506.75,7508.75,7506.75,7508.25,129
2026-06-30 06:47:00,7508.25,7509.25,7508.0,7508.75,154
2026-06-30 06:48:00,7509.0,7510.75,7508.75,7510.25,441
2026-06-30 06:49:00,7510.25,7510.5,7509.5,7509.5,269
2026-06-30 06:50:00,7509.5,7509.75,7508.5,7509.0,284
2026-06-30 06:51:00,7509.0,7510.0,7508.5,7509.5,159
2026-06-30 06:52:00,7509.75,7510.75,7509.25,7510.0,226
2026-06-30 06:53:00,7510.0,7511.25,7509.75,7511.25,334
2026-06-30 06:54:00,7511.25,7511.25,7510.5,7511.0,182
2026-06-30 06:55:00,7510.75,7511.25,7510.0,7511.0,232
2026-06-30 06:56:00,7511.25,7512.5,7510.75,7512.5,252
2026-06-30 06:57:00,7512.5,7513.0,7512.0,7512.5,271
2026-06-30 06:58:00,7512.5,7514.0,7512.5,7513.5,312
2026-06-30 06:59:00,7513.75,7515.0,7513.0,7513.0,469
2026-06-30 07:00:00,7513.0,7513.75,7511.25,7511.25,548
2026-06-30 07:01:00,7511.5,7512.75,7511.25,7512.75,258
2026-06-30 07:02:00,7512.5,7513.25,7511.75,7512.5,192
2026-06-30 07:03:00,7512.5,7512.75,7512.0,7512.25,109
2026-06-30 07:04:00,7512.25,7514.75,7512.25,7514.25,234
2026-06-30 07:05:00,7514.25,7515.75,7514.25,7515.25,488
2026-06-30 07:06:00,7515.25,7517.0,7515.0,7516.25,614
2026-06-30 07:07:00,7516.0,7516.25,7515.5,7516.0,213
2026-06-30 07:08:00,7516.0,7516.5,7515.0,7515.25,323
2026-06-30 07:09:00,7515.25,7516.0,7515.25,7515.75,100
2026-06-30 07:10:00,7515.75,7517.0,7515.75,7515.75,357
2026-06-30 07:11:00,7515.5,7516.0,7514.75,7515.0,279
2026-06-30 07:12:00,7515.25,7516.0,7514.75,7515.25,159
2026-06-30 07:13:00,7515.25,7515.75,7515.0,7515.75,124
2026-06-30 07:14:00,7515.75,7516.75,7515.75,7516.5,178
2026-06-30 07:15:00,7516.75,7517.5,7515.5,7516.0,459
2026-06-30 07:16:00,7516.0,7517.0,7516.0,7516.5,181
2026-06-30 07:17:00,7516.75,7516.75,7515.75,7516.25,159
2026-06-30 07:18:00,7516.5,7516.5,7515.25,7515.25,141
2026-06-30 07:19:00,7515.25,7515.5,7514.75,7515.0,267
2026-06-30 07:20:00,7515.25,7515.75,7514.25,7514.25,237
2026-06-30 07:21:00,7514.25,7515.0,7513.75,7514.0,277
2026-06-30 07:22:00,7514.0,7515.0,7513.75,7515.0,224
2026-06-30 07:23:00,7514.75,7514.75,7513.0,7513.5,233
2026-06-30 07:24:00,7513.25,7513.25,7511.5,7511.75,344
2026-06-30 07:25:00,7511.5,7511.5,7509.5,7509.75,474
2026-06-30 07:26:00,7510.0,7510.0,7509.0,7509.5,304
2026-06-30 07:27:00,7509.5,7511.25,7509.5,7510.25,288
2026-06-30 07:28:00,7510.5,7512.5,7510.5,7511.5,783
2026-06-30 07:29:00,7511.5,7511.75,7510.5,7511.5,492
2026-06-30 07:30:00,7511.25,7512.75,7511.25,7512.0,279
2026-06-30 07:31:00,7512.0,7512.75,7511.25,7511.75,327
2026-06-30 07:32:00,7511.75,7512.25,7511.5,7511.75,142
2026-06-30 07:33:00,7511.75,7512.0,7510.0,7510.5,250
2026-06-30 07:34:00,7510.5,7511.5,7510.0,7511.0,183
2026-06-30 07:35:00,7511.0,7512.5,7511.0,7511.5,199
2026-06-30 07:36:00,7511.75,7511.75,7510.25,7511.75,293
2026-06-30 07:37:00,7511.75,7511.75,7510.75,7510.75,75
2026-06-30 07:38:00,7510.75,7511.0,7510.25,7510.5,92
2026-06-30 07:39:00,7510.5,7511.25,7510.25,7511.0,140
2026-06-30 07:40:00,7510.75,7512.25,7510.75,7512.25,197
2026-06-30 07:41:00,7512.0,7514.5,7512.0,7514.25,427
2026-06-30 07:42:00,7513.75,7514.25,7513.25,7513.75,244
2026-06-30 07:43:00,7513.5,7515.25,7513.25,7514.5,230
2026-06-30 07:44:00,7514.5,7514.75,7513.5,7514.5,277
2026-06-30 07:45:00,7514.25,7516.0,7513.75,7515.5,316
2026-06-30 07:46:00,7515.75,7517.0,7515.5,7517.0,345
2026-06-30 07:47:00,7516.75,7517.5,7515.75,7515.75,328
2026-06-30 07:48:00,7515.75,7516.0,7515.0,7515.5,214
2026-06-30 07:49:00,7515.75,7517.0,7515.75,7516.75,223
2026-06-30 07:50:00,7516.75,7516.75,7515.5,7515.75,235
2026-06-30 07:51:00,7515.5,7517.5,7514.25,7514.5,1250
2026-06-30 07:52:00,7514.5,7516.0,7514.0,7515.5,374
2026-06-30 07:53:00,7515.25,7515.75,7514.5,7514.5,360
2026-06-30 07:54:00,7514.5,7514.5,7512.75,7513.75,346
2026-06-30 07:55:00,7513.5,7513.5,7512.5,7512.75,281
2026-06-30 07:56:00,7512.75,7513.5,7512.5,7512.75,198
2026-06-30 07:57:00,7512.75,7513.25,7511.75,7512.25,291
2026-06-30 07:58:00,7512.25,7512.5,7511.0,7511.25,298
2026-06-30 07:59:00,7511.5,7511.5,7510.25,7510.5,455
2026-06-30 08:00:00,7510.75,7511.25,7507.75,7508.0,857
2026-06-30 08:01:00,7508.0,7508.75,7506.5,7507.25,801
2026-06-30 08:02:00,7507.5,7508.25,7505.5,7505.75,610
2026-06-30 08:03:00,7505.75,7506.0,7504.25,7504.5,683
2026-06-30 08:04:00,7504.5,7505.75,7504.0,7505.25,619
2026-06-30 08:05:00,7505.0,7505.25,7503.0,7505.0,677
2026-06-30 08:06:00,7505.0,7506.0,7504.25,7504.5,537
2026-06-30 08:07:00,7504.5,7506.25,7504.5,7505.25,555
2026-06-30 08:08:00,7505.25,7505.25,7504.0,7505.25,384
2026-06-30 08:09:00,7505.5,7505.5,7503.75,7504.5,311
2026-06-30 08:10:00,7504.25,7506.25,7504.25,7506.0,343
2026-06-30 08:11:00,7506.25,7508.0,7505.5,7506.5,725
2026-06-30 08:12:00,7506.5,7507.0,7505.0,7505.5,434
2026-06-30 08:13:00,7505.25,7505.25,7503.25,7503.5,541
2026-06-30 08:14:00,7503.75,7503.75,7501.5,7502.75,787
2026-06-30 08:15:00,7502.5,7503.0,7501.5,7502.5,676
2026-06-30 08:16:00,7502.25,7503.0,7500.25,7501.0,769
2026-06-30 08:17:00,7501.0,7502.25,7500.0,7501.25,624
2026-06-30 08:18:00,7501.5,7503.5,7500.5,7502.5,543
2026-06-30 08:19:00,7502.25,7502.5,7500.75,7502.0,366
2026-06-30 08:20:00,7502.0,7502.25,7500.0,7501.0,486
2026-06-30 08:21:00,7501.0,7501.25,7500.25,7500.25,456
2026-06-30 08:22:00,7500.5,7501.0,7499.5,7500.25,387
2026-06-30 08:23:00,7500.0,7500.75,7498.5,7498.5,546
2026-06-30 08:24:00,7498.25,7499.25,7497.5,7499.0,674
2026-06-30 08:25:00,7499.0,7499.25,7496.25,7496.25,719
2026-06-30 08:26:00,7496.5,7498.5,7496.25,7496.25,682
2026-06-30 08:27:00,7496.5,7499.75,7496.0,7498.75,679
2026-06-30 08:28:00,7498.75,7499.0,7496.25,7496.75,512
2026-06-30 08:29:00,7496.75,7497.25,7495.75,7496.25,434
2026-06-30 08:30:00,7496.0,7497.5,7495.25,7496.25,609
2026-06-30 08:31:00,7496.0,7497.25,7493.75,7494.0,882
2026-06-30 08:32:00,7494.0,7494.75,7491.5,7492.75,1182
2026-06-30 08:33:00,7492.5,7494.0,7492.25,7493.5,650
2026-06-30 08:34:00,7493.25,7494.5,7492.75,7494.25,549
2026-06-30 08:35:00,7494.5,7495.25,7493.75,7495.0,502
2026-06-30 08:36:00,7495.0,7496.0,7493.75,7494.75,601
2026-06-30 08:37:00,7494.75,7496.75,7494.75,7496.0,646
2026-06-30 08:38:00,7495.75,7496.25,7494.25,7495.0,428
2026-06-30 08:39:00,7495.0,7498.25,7494.75,7498.0,584
2026-06-30 08:40:00,7498.0,7499.0,7497.5,7498.0,678
2026-06-30 08:41:00,7498.0,7498.25,7497.0,7498.25,345
2026-06-30 08:42:00,7498.25,7500.25,7497.75,7500.0,698
2026-06-30 08:43:00,7499.75,7500.75,7499.75,7499.75,559
2026-06-30 08:44:00,7499.5,7500.0,7498.75,7499.25,422
2026-06-30 08:45:00,7499.25,7500.5,7499.0,7499.5,299
2026-06-30 08:46:00,7499.25,7500.5,7498.0,7500.5,582
2026-06-30 08:47:00,7500.5,7501.0,7499.25,7500.0,378
2026-06-30 08:48:00,7499.5,7500.5,7498.25,7498.25,291
2026-06-30 08:49:00,7498.25,7501.0,7498.0,7500.75,457
2026-06-30 08:50:00,7500.75,7501.5,7499.75,7499.75,473
2026-06-30 08:51:00,7499.75,7501.75,7499.75,7501.5,388
2026-06-30 08:52:00,7501.25,7501.5,7501.0,7501.25,376
2026-06-30 08:53:00,7501.25,7502.0,7501.0,7501.75,368
2026-06-30 08:54:00,7501.5,7501.75,7499.5,7500.25,424
2026-06-30 08:55:00,7500.25,7500.75,7499.5,7499.75,336
2026-06-30 08:56:00,7500.0,7500.0,7496.75,7497.25,976
2026-06-30 08:57:00,7497.25,7499.25,7497.0,7499.0,330
2026-06-30 08:58:00,7499.0,7499.25,7498.0,7498.5,271
2026-06-30 08:59:00,7498.0,7498.5,7496.5,7496.75,618
2026-06-30 09:00:00,7497.0,7498.75,7496.5,7496.5,548
2026-06-30 09:01:00,7496.75,7498.5,7496.0,7498.25,782
2026-06-30 09:02:00,7498.25,7498.5,7495.75,7496.25,519
2026-06-30 09:03:00,7496.25,7496.75,7495.25,7496.25,475
2026-06-30 09:04:00,7496.25,7496.75,7494.75,7495.25,524
2026-06-30 09:05:00,7495.5,7496.5,7494.0,7495.5,748
2026-06-30 09:06:00,7495.75,7498.25,7495.0,7497.5,713
2026-06-30 09:07:00,7497.5,7497.5,7494.5,7494.5,549
2026-06-30 09:08:00,7494.5,7495.25,7494.5,7494.5,338
2026-06-30 09:09:00,7494.5,7496.5,7494.5,7495.5,494
2026-06-30 09:10:00,7495.75,7497.5,7495.5,7497.5,632
2026-06-30 09:11:00,7497.5,7499.5,7497.25,7499.0,781
2026-06-30 09:12:00,7499.0,7499.25,7497.75,7498.0,361
2026-06-30 09:13:00,7498.0,7498.0,7496.5,7497.25,494
2026-06-30 09:14:00,7497.25,7498.0,7495.75,7496.5,355
2026-06-30 09:15:00,7496.25,7497.75,7495.0,7497.5,741
2026-06-30 09:16:00,7497.5,7497.75,7496.5,7497.25,462
2026-06-30 09:17:00,7497.25,7497.25,7495.5,7496.25,793
2026-06-30 09:18:00,7496.25,7498.0,7495.25,7497.75,432
2026-06-30 09:19:00,7497.5,7497.75,7496.0,7497.0,375
2026-06-30 09:20:00,7497.0,7498.0,7496.5,7497.25,234
2026-06-30 09:21:00,7497.25,7497.25,7495.5,7496.0,416
2026-06-30 09:22:00,7496.0,7497.5,7495.75,7496.25,278
2026-06-30 09:23:00,7496.5,7496.5,7494.0,7494.75,779
2026-06-30 09:24:00,7494.75,7495.0,7492.25,7492.75,1162
2026-06-30 09:25:00,7492.75,7496.5,7492.75,7495.25,1328
2026-06-30 09:26:00,7495.25,7496.25,7494.5,7494.75,695
2026-06-30 09:27:00,7494.75,7496.75,7494.5,7496.25,831
2026-06-30 09:28:00,7496.25,7497.75,7493.75,7497.5,1360
2026-06-30 09:29:00,7497.75,7500.75,7497.75,7500.0,2197
2026-06-30 09:30:00,7500.0,7503.0,7496.5,7500.75,8697
2026-06-30 09:31:00,7500.5,7506.75,7500.25,7503.25,5734
2026-06-30 09:32:00,7503.0,7503.5,7495.75,7501.25,7002
2026-06-30 09:33:00,7501.0,7502.75,7496.5,7498.75,3725
2026-06-30 09:34:00,7498.5,7501.5,7496.25,7500.25,3246
2026-06-30 09:35:00,7500.25,7508.0,7498.25,7507.75,5813
2026-06-30 09:36:00,7507.5,7507.75,7502.0,7503.0,3946
2026-06-30 09:37:00,7503.0,7506.75,7501.75,7505.5,2973
2026-06-30 09:38:00,7505.5,7505.5,7501.0,7504.5,3324
2026-06-30 09:39:00,7504.25,7505.5,7501.0,7501.75,2642
2026-06-30 09:40:00,7501.5,7507.0,7499.25,7503.5,4997
2026-06-30 09:41:00,7503.5,7508.5,7502.5,7508.25,3522
2026-06-30 09:42:00,7508.0,7509.25,7503.0,7506.5,3391
2026-06-30 09:43:00,7506.75,7510.5,7505.75,7508.0,2960
2026-06-30 09:44:00,7508.0,7509.75,7503.25,7506.0,3643
2026-06-30 09:45:00,7506.0,7510.5,7505.0,7509.0,3426
2026-06-30 09:46:00,7508.75,7510.0,7503.5,7509.25,3153
2026-06-30 09:47:00,7509.25,7510.0,7504.75,7505.0,2357
2026-06-30 09:48:00,7505.0,7509.25,7504.25,7507.75,2143
2026-06-30 09:49:00,7507.75,7509.25,7505.25,7507.0,2109
2026-06-30 09:50:00,7507.0,7509.25,7505.75,7508.25,2072
2026-06-30 09:51:00,7508.25,7517.75,7508.25,7516.75,9531
2026-06-30 09:52:00,7516.25,7522.0,7515.75,7520.75,6563
2026-06-30 09:53:00,7520.75,7521.5,7518.25,7519.25,3300
2026-06-30 09:54:00,7519.25,7521.0,7517.75,7518.75,2441
2026-06-30 09:55:00,7518.75,7524.5,7518.25,7524.0,5228
2026-06-30 09:56:00,7524.0,7524.5,7522.5,7522.75,2005
2026-06-30 09:57:00,7522.75,7523.25,7521.5,7522.0,1638
2026-06-30 09:58:00,7522.0,7524.75,7520.75,7523.75,2756
2026-06-30 09:59:00,7523.75,7527.0,7523.0,7526.75,2966
2026-06-30 10:00:00,7526.75,7526.75,7518.25,7519.0,4954
2026-06-30 10:01:00,7519.0,7523.5,7515.5,7523.5,5409
2026-06-30 10:02:00,7523.25,7528.0,7521.75,7527.5,4509
2026-06-30 10:03:00,7527.5,7531.5,7527.25,7530.75,5641
2026-06-30 10:04:00,7530.5,7532.75,7528.25,7532.5,3493
2026-06-30 10:05:00,7532.5,7532.5,7527.25,7528.25,3711
2026-06-30 10:06:00,7528.25,7528.75,7525.25,7526.5,3337
2026-06-30 10:07:00,7526.5,7528.25,7522.25,7524.25,3245
2026-06-30 10:08:00,7524.0,7525.75,7523.0,7524.75,2167
2026-06-30 10:09:00,7524.5,7524.75,7520.75,7522.75,2835
2026-06-30 10:10:00,7522.75,7523.75,7518.75,7521.25,3857
2026-06-30 10:11:00,7521.0,7526.25,7520.75,7524.5,3945
2026-06-30 10:12:00,7524.5,7524.75,7519.5,7521.75,2722
2026-06-30 10:13:00,7521.75,7523.75,7520.5,7522.75,1421
2026-06-30 10:14:00,7522.5,7525.25,7521.75,7523.75,1857
2026-06-30 10:15:00,7523.5,7525.5,7522.25,7524.25,1883
2026-06-30 10:16:00,7524.0,7526.0,7523.0,7524.5,1835
2026-06-30 10:17:00,7524.5,7525.75,7520.25,7524.0,2687
2026-06-30 10:18:00,7524.0,7526.25,7521.5,7523.0,2324
2026-06-30 10:19:00,7523.0,7525.25,7521.5,7523.25,1612
2026-06-30 10:20:00,7523.5,7524.75,7522.0,7524.75,1239
2026-06-30 10:21:00,7524.5,7527.5,7523.5,7526.0,2108
2026-06-30 10:22:00,7525.75,7530.0,7525.5,7529.0,3715
2026-06-30 10:23:00,7529.0,7532.25,7528.5,7531.75,2883
2026-06-30 10:24:00,7531.75,7532.0,7529.5,7530.75,1971
2026-06-30 10:25:00,7530.75,7531.25,7527.0,7529.75,2750
2026-06-30 10:26:00,7529.75,7531.25,7529.0,7530.5,1357
2026-06-30 10:27:00,7530.5,7533.5,7530.5,7533.25,2448
2026-06-30 10:28:00,7533.25,7533.25,7531.0,7532.25,1554
2026-06-30 10:29:00,7532.5,7533.5,7531.5,7532.5,1544
2026-06-30 10:30:00,7532.5,7537.0,7532.0,7536.5,4570
2026-06-30 10:31:00,7536.5,7539.0,7536.25,7538.0,2934
2026-06-30 10:32:00,7538.5,7540.0,7536.75,7537.0,2528
2026-06-30 10:33:00,7537.5,7538.75,7537.0,7538.25,1528
2026-06-30 10:34:00,7538.5,7541.25,7537.5,7541.25,1996
2026-06-30 10:35:00,7541.25,7541.75,7537.75,7538.5,2871
2026-06-30 10:36:00,7538.25,7539.25,7536.75,7538.75,2367
2026-06-30 10:37:00,7538.75,7539.25,7535.25,7536.75,2396
2026-06-30 10:38:00,7536.75,7537.75,7532.5,7532.5,2468
2026-06-30 10:39:00,7532.75,7533.75,7531.0,7533.5,2939
2026-06-30 10:40:00,7533.5,7536.25,7533.0,7534.5,2649
2026-06-30 10:41:00,7534.75,7537.25,7531.25,7531.5,3154
2026-06-30 10:42:00,7531.5,7532.5,7529.0,7530.0,3017
2026-06-30 10:43:00,7530.0,7532.25,7529.0,7532.25,1998
2026-06-30 10:44:00,7532.0,7535.75,7532.0,7535.5,2950
2026-06-30 10:45:00,7535.75,7535.75,7533.5,7534.0,1648
2026-06-30 10:46:00,7533.75,7534.25,7527.75,7528.5,3735
2026-06-30 10:47:00,7528.5,7530.5,7527.25,7527.5,2457
2026-06-30 10:48:00,7527.25,7528.75,7523.75,7525.75,3533
2026-06-30 10:49:00,7525.75,7527.5,7524.75,7526.0,2020
2026-06-30 10:50:00,7526.25,7530.25,7525.5,7527.5,3223
2026-06-30 10:51:00,7527.5,7529.75,7526.0,7528.25,1706
2026-06-30 10:52:00,7528.0,7528.25,7524.75,7525.75,2037
2026-06-30 10:53:00,7525.75,7526.75,7523.75,7524.5,2208
2026-06-30 10:54:00,7524.5,7525.25,7520.25,7521.0,3890
2026-06-30 10:55:00,7521.0,7523.25,7518.75,7522.5,4127
2026-06-30 10:56:00,7522.25,7524.5,7519.25,7521.0,3022
2026-06-30 10:57:00,7521.0,7522.5,7518.0,7519.0,2950
2026-06-30 10:58:00,7518.75,7520.25,7516.5,7519.5,3194
2026-06-30 10:59:00,7519.25,7522.5,7519.0,7520.5,2587
2026-06-30 11:00:00,7520.5,7524.25,7519.75,7524.0,3639
2026-06-30 11:01:00,7523.75,7528.25,7523.25,7528.0,3843
2026-06-30 11:02:00,7528.0,7530.75,7526.25,7530.5,2490
2026-06-30 11:03:00,7530.5,7530.5,7528.0,7529.75,1997
2026-06-30 11:04:00,7529.75,7530.0,7527.25,7529.25,1540
2026-06-30 11:05:00,7529.25,7529.75,7527.25,7528.5,1536
2026-06-30 11:06:00,7528.75,7529.75,7526.25,7527.5,1915
2026-06-30 11:07:00,7527.75,7528.75,7525.25,7528.75,1831
2026-06-30 11:08:00,7528.75,7532.75,7528.5,7531.75,2969
2026-06-30 11:09:00,7531.5,7532.25,7530.0,7532.0,1408
2026-06-30 11:10:00,7532.0,7533.5,7531.0,7532.75,1794
2026-06-30 11:11:00,7532.5,7533.25,7530.75,7531.0,1266
2026-06-30 11:12:00,7531.0,7534.5,7530.75,7533.75,1574
2026-06-30 11:13:00,7533.75,7536.5,7533.5,7536.5,2855
2026-06-30 11:14:00,7536.25,7536.75,7534.0,7535.5,1604
2026-06-30 11:15:00,7535.5,7536.25,7532.5,7533.0,1947
2026-06-30 11:16:00,7533.0,7534.25,7532.0,7534.0,1760
2026-06-30 11:17:00,7533.75,7534.0,7531.5,7531.75,1062
2026-06-30 11:18:00,7531.75,7533.25,7531.5,7532.5,1084
2026-06-30 11:19:00,7532.75,7533.25,7531.0,7533.25,1385
2026-06-30 11:20:00,7533.25,7537.75,7533.0,7537.75,2489
2026-06-30 11:21:00,7537.75,7537.75,7535.25,7536.25,1654
2026-06-30 11:22:00,7536.0,7538.25,7536.0,7538.0,1192
2026-06-30 11:23:00,7538.0,7540.0,7537.75,7538.75,1995
2026-06-30 11:24:00,7538.75,7540.0,7537.5,7539.5,1167
2026-06-30 11:25:00,7539.25,7540.5,7538.25,7540.5,1452
2026-06-30 11:26:00,7540.25,7541.0,7537.5,7540.75,1712
2026-06-30 11:27:00,7540.75,7541.5,7539.75,7540.5,1510
2026-06-30 11:28:00,7540.25,7541.0,7538.5,7540.25,1264
2026-06-30 11:29:00,7540.25,7541.5,7539.5,7540.5,1227
2026-06-30 11:30:00,7540.5,7541.25,7538.25,7539.25,1839
2026-06-30 11:31:00,7539.25,7540.5,7538.75,7539.25,769
2026-06-30 11:32:00,7539.25,7541.0,7539.25,7540.5,627
2026-06-30 11:33:00,7540.5,7541.25,7538.75,7538.75,961
2026-06-30 11:34:00,7539.0,7542.75,7538.75,7542.25,2337
2026-06-30 11:35:00,7542.25,7542.75,7539.0,7539.5,1802
2026-06-30 11:36:00,7539.5,7539.5,7537.75,7538.75,1735
2026-06-30 11:37:00,7539.0,7539.0,7537.25,7537.75,1129
2026-06-30 11:38:00,7537.5,7538.25,7536.0,7537.0,1856
2026-06-30 11:39:00,7536.75,7537.5,7536.5,7537.0,639
2026-06-30 11:40:00,7536.75,7539.25,7536.0,7536.25,1958
2026-06-30 11:41:00,7536.25,7540.25,7535.5,7539.25,1872
2026-06-30 11:42:00,7539.5,7539.75,7536.75,7538.75,1109
2026-06-30 11:43:00,7538.75,7539.0,7536.75,7538.0,652
2026-06-30 11:44:00,7537.75,7538.5,7537.0,7537.5,548
2026-06-30 11:45:00,7537.75,7541.5,7537.75,7541.0,1496
2026-06-30 11:46:00,7541.0,7543.5,7541.0,7543.25,2229
2026-06-30 11:47:00,7543.0,7544.5,7542.5,7542.75,2023
2026-06-30 11:48:00,7542.75,7543.5,7541.0,7541.75,1368
2026-06-30 11:49:00,7541.75,7542.25,7540.75,7541.25,665
2026-06-30 11:50:00,7541.5,7543.5,7541.0,7542.0,1560
2026-06-30 11:51:00,7542.0,7542.0,7540.25,7541.0,1232
2026-06-30 11:52:00,7541.0,7542.5,7540.0,7542.0,712
2026-06-30 11:53:00,7542.25,7544.25,7542.0,7544.25,1062
2026-06-30 11:54:00,7544.0,7545.0,7543.5,7544.25,1380
2026-06-30 11:55:00,7544.25,7546.5,7543.5,7546.5,2032
2026-06-30 11:56:00,7546.5,7547.5,7545.75,7547.5,1824
2026-06-30 11:57:00,7547.25,7547.75,7546.5,7547.25,1235
2026-06-30 11:58:00,7547.25,7547.75,7545.5,7545.5,1151
2026-06-30 11:59:00,7545.5,7546.25,7544.5,7545.75,1127
2026-06-30 12:00:00,7545.75,7548.5,7545.25,7547.75,1734
2026-06-30 12:01:00,7547.75,7549.5,7547.5,7549.0,1362
2026-06-30 12:02:00,7548.75,7549.0,7547.25,7549.0,740
2026-06-30 12:03:00,7549.0,7549.5,7548.0,7548.25,725
2026-06-30 12:04:00,7548.25,7548.75,7547.0,7548.0,674
2026-06-30 12:05:00,7548.25,7549.75,7547.75,7549.25,1128
2026-06-30 12:06:00,7549.5,7552.0,7549.5,7552.0,2187
2026-06-30 12:07:00,7552.0,7552.25,7550.25,7551.0,1134
2026-06-30 12:08:00,7551.0,7551.0,7548.75,7549.0,1144
2026-06-30 12:09:00,7549.0,7549.0,7547.75,7548.5,1053
2026-06-30 12:10:00,7548.5,7550.0,7548.5,7550.0,853
2026-06-30 12:11:00,7550.0,7550.0,7548.75,7549.25,722
2026-06-30 12:12:00,7549.5,7551.0,7549.0,7549.0,1086
2026-06-30 12:13:00,7549.0,7549.5,7548.25,7548.75,683
2026-06-30 12:14:00,7548.75,7551.0,7548.25,7550.5,742
2026-06-30 12:15:00,7550.5,7551.25,7549.5,7551.25,791
2026-06-30 12:16:00,7551.25,7554.5,7551.0,7553.25,3414
2026-06-30 12:17:00,7553.0,7553.5,7552.0,7552.5,941
2026-06-30 12:18:00,7552.25,7552.25,7551.25,7552.0,737
2026-06-30 12:19:00,7551.75,7552.0,7550.75,7551.5,827
2026-06-30 12:20:00,7551.75,7552.0,7550.75,7551.0,562
2026-06-30 12:21:00,7551.0,7551.5,7550.25,7550.25,895
2026-06-30 12:22:00,7550.5,7552.75,7550.5,7552.75,833
2026-06-30 12:23:00,7552.75,7553.25,7551.25,7551.25,681
2026-06-30 12:24:00,7551.25,7552.5,7551.0,7551.75,507
2026-06-30 12:25:00,7552.0,7552.0,7550.25,7551.0,726
2026-06-30 12:26:00,7551.25,7552.0,7551.0,7551.5,576
2026-06-30 12:27:00,7551.5,7552.0,7550.5,7551.25,614
2026-06-30 12:28:00,7551.0,7551.25,7550.5,7550.5,596
2026-06-30 12:29:00,7550.5,7551.25,7550.25,7550.5,525
2026-06-30 12:30:00,7550.5,7551.0,7549.25,7550.75,1339
2026-06-30 12:31:00,7551.0,7552.0,7550.0,7550.25,1122
2026-06-30 12:32:00,7550.25,7550.5,7549.0,7549.25,1030
2026-06-30 12:33:00,7549.25,7550.5,7549.0,7550.0,724
2026-06-30 12:34:00,7550.0,7550.5,7548.75,7549.75,781
2026-06-30 12:35:00,7550.0,7550.75,7549.0,7549.0,694
2026-06-30 12:36:00,7549.0,7550.5,7549.0,7550.5,537
2026-06-30 12:37:00,7550.5,7550.5,7549.25,7550.0,518
2026-06-30 12:38:00,7549.75,7551.0,7549.75,7550.75,441
2026-06-30 12:39:00,7550.5,7552.0,7550.25,7551.75,814
2026-06-30 12:40:00,7551.75,7552.75,7551.25,7551.25,894
2026-06-30 12:41:00,7551.0,7552.75,7551.0,7552.0,576
2026-06-30 12:42:00,7552.25,7553.75,7552.0,7553.5,1083
2026-06-30 12:43:00,7553.5,7553.75,7552.25,7552.25,606
2026-06-30 12:44:00,7552.25,7553.25,7552.0,7553.0,591
2026-06-30 12:45:00,7553.25,7553.5,7552.25,7553.25,778
2026-06-30 12:46:00,7553.25,7554.0,7552.75,7553.25,566
2026-06-30 12:47:00,7553.5,7553.75,7552.75,7553.0,472
2026-06-30 12:48:00,7553.0,7555.5,7552.5,7555.0,1676
2026-06-30 12:49:00,7555.0,7555.75,7554.75,7555.25,1029
2026-06-30 12:50:00,7555.5,7557.0,7554.0,7556.25,2061
2026-06-30 12:51:00,7556.25,7556.5,7555.0,7555.75,1006
2026-06-30 12:52:00,7555.75,7556.75,7555.5,7556.5,576
2026-06-30 12:53:00,7556.25,7557.75,7555.75,7557.25,867
2026-06-30 12:54:00,7557.25,7558.25,7557.0,7557.0,1361
2026-06-30 12:55:00,7557.25,7557.75,7556.25,7556.5,834
2026-06-30 12:56:00,7556.5,7557.0,7555.75,7556.75,592
2026-06-30 12:57:00,7556.5,7556.75,7556.0,7556.0,419
2026-06-30 12:58:00,7555.75,7556.25,7554.25,7554.5,1333
2026-06-30 12:59:00,7554.5,7556.0,7554.25,7555.5,743
2026-06-30 13:00:00,7555.75,7557.0,7555.5,7556.5,978
2026-06-30 13:01:00,7556.5,7556.75,7555.5,7556.0,662
2026-06-30 13:02:00,7556.0,7557.0,7556.0,7556.75,373
2026-06-30 13:03:00,7556.75,7558.75,7556.75,7558.75,1148
2026-06-30 13:04:00,7558.5,7559.5,7557.5,7557.75,1429
2026-06-30 13:05:00,7557.75,7557.75,7556.0,7557.5,886
2026-06-30 13:06:00,7557.5,7557.75,7556.75,7557.25,401
2026-06-30 13:07:00,7557.0,7558.5,7557.0,7558.0,384
2026-06-30 13:08:00,7558.25,7558.25,7556.75,7557.75,555
2026-06-30 13:09:00,7557.75,7557.75,7556.25,7556.5,528
2026-06-30 13:10:00,7556.5,7557.0,7555.25,7556.25,874
2026-06-30 13:11:00,7556.5,7557.0,7555.75,7556.25,398
2026-06-30 13:12:00,7556.25,7556.5,7555.25,7556.0,445
2026-06-30 13:13:00,7556.0,7556.25,7554.25,7554.5,771
2026-06-30 13:14:00,7554.5,7554.75,7553.25,7553.5,1380
2026-06-30 13:15:00,7553.75,7554.0,7552.75,7553.0,1143
2026-06-30 13:16:00,7553.0,7554.75,7552.5,7554.5,1096
2026-06-30 13:17:00,7554.75,7555.25,7553.25,7553.25,698
2026-06-30 13:18:00,7553.25,7554.5,7552.75,7553.5,608
2026-06-30 13:19:00,7553.5,7554.0,7553.0,7553.75,396
2026-06-30 13:20:00,7554.0,7556.0,7553.75,7555.75,951
2026-06-30 13:21:00,7555.75,7556.5,7554.25,7554.5,1090
2026-06-30 13:22:00,7554.25,7555.0,7553.5,7553.75,792
2026-06-30 13:23:00,7553.75,7554.0,7553.25,7554.0,593
2026-06-30 13:24:00,7554.25,7554.5,7553.25,7554.0,458
2026-06-30 13:25:00,7554.25,7554.75,7553.75,7553.75,403
2026-06-30 13:26:00,7554.0,7554.5,7552.5,7553.0,971
2026-06-30 13:27:00,7553.0,7553.0,7551.75,7551.75,1256
2026-06-30 13:28:00,7551.75,7553.0,7550.75,7552.25,1647
2026-06-30 13:29:00,7552.25,7552.75,7551.75,7552.25,506
2026-06-30 13:30:00,7552.5,7552.75,7551.0,7551.75,854
2026-06-30 13:31:00,7551.75,7552.5,7550.5,7550.75,864
2026-06-30 13:32:00,7550.75,7551.5,7550.5,7550.75,829
2026-06-30 13:33:00,7551.0,7554.0,7550.75,7554.0,1131
2026-06-30 13:34:00,7554.0,7554.25,7552.75,7553.25,932
2026-06-30 13:35:00,7553.0,7553.5,7552.5,7552.75,524
2026-06-30 13:36:00,7552.75,7553.0,7550.75,7551.0,939
2026-06-30 13:37:00,7551.0,7551.25,7550.5,7550.5,508
2026-06-30 13:38:00,7550.5,7551.0,7549.0,7550.25,1851
2026-06-30 13:39:00,7550.0,7550.75,7548.5,7549.25,1288
2026-06-30 13:40:00,7549.0,7551.25,7549.0,7550.0,1176
2026-06-30 13:41:00,7550.0,7551.0,7549.5,7551.0,523
2026-06-30 13:42:00,7551.0,7553.5,7550.75,7553.0,1701
2026-06-30 13:43:00,7552.75,7553.0,7551.75,7552.25,754
2026-06-30 13:44:00,7552.25,7553.5,7551.75,7553.5,736
2026-06-30 13:45:00,7553.5,7554.0,7551.75,7551.75,1392
2026-06-30 13:46:00,7551.75,7552.75,7551.25,7552.5,725
2026-06-30 13:47:00,7552.25,7552.25,7550.5,7550.75,806
2026-06-30 13:48:00,7550.75,7552.0,7550.5,7552.0,455
2026-06-30 13:49:00,7551.75,7552.0,7550.5,7551.0,438
2026-06-30 13:50:00,7551.0,7551.25,7550.0,7550.75,693
2026-06-30 13:51:00,7550.75,7552.75,7550.5,7551.75,799
2026-06-30 13:52:00,7551.75,7552.25,7550.75,7552.0,510
2026-06-30 13:53:00,7551.75,7553.5,7551.5,7552.5,660
2026-06-30 13:54:00,7552.5,7552.5,7551.5,7551.75,391
2026-06-30 13:55:00,7551.75,7552.25,7551.25,7551.75,362
2026-06-30 13:56:00,7552.0,7552.5,7551.5,7552.25,305
2026-06-30 13:57:00,7552.0,7553.0,7551.75,7552.5,484
2026-06-30 13:58:00,7552.5,7552.75,7551.5,7551.75,422
2026-06-30 13:59:00,7551.75,7552.5,7551.75,7552.0,223
2026-06-30 14:00:00,7552.25,7553.0,7551.25,7551.75,1050
2026-06-30 14:01:00,7552.0,7552.75,7550.75,7552.75,727
2026-06-30 14:02:00,7552.75,7555.0,7552.5,7555.0,2000
2026-06-30 14:03:00,7555.0,7555.75,7554.25,7554.75,1083
2026-06-30 14:04:00,7554.5,7556.0,7553.25,7554.25,1240
2026-06-30 14:05:00,7554.25,7554.75,7552.5,7552.75,1056
2026-06-30 14:06:00,7553.0,7553.5,7550.5,7551.25,1684
2026-06-30 14:07:00,7551.25,7555.0,7551.25,7554.5,1160
2026-06-30 14:08:00,7554.75,7555.25,7553.5,7554.75,886
2026-06-30 14:09:00,7554.75,7555.25,7553.75,7554.0,581
2026-06-30 14:10:00,7553.75,7555.5,7553.75,7555.0,577
2026-06-30 14:11:00,7555.0,7555.0,7554.0,7554.75,559
2026-06-30 14:12:00,7554.75,7554.75,7553.25,7553.75,603
2026-06-30 14:13:00,7553.75,7555.5,7553.25,7555.25,808
2026-06-30 14:14:00,7555.25,7556.0,7554.75,7555.25,703
2026-06-30 14:15:00,7555.25,7556.25,7554.75,7555.0,1108
2026-06-30 14:16:00,7555.25,7556.25,7554.75,7555.5,773
2026-06-30 14:17:00,7555.25,7555.5,7554.0,7555.25,632
2026-06-30 14:18:00,7555.0,7556.0,7554.5,7556.0,424
2026-06-30 14:19:00,7555.75,7557.25,7555.5,7556.75,1032
2026-06-30 14:20:00,7557.0,7558.0,7556.75,7556.75,1193
2026-06-30 14:21:00,7556.75,7558.25,7556.25,7558.25,887
2026-06-30 14:22:00,7558.25,7558.25,7557.0,7557.0,881
2026-06-30 14:23:00,7557.0,7557.75,7556.75,7557.25,651
2026-06-30 14:24:00,7557.25,7557.5,7556.0,7556.0,724
2026-06-30 14:25:00,7556.25,7556.75,7555.5,7556.25,909
2026-06-30 14:26:00,7556.25,7556.5,7555.0,7555.5,725
2026-06-30 14:27:00,7555.25,7555.5,7554.25,7554.5,681
2026-06-30 14:28:00,7554.5,7556.0,7554.5,7555.0,831
2026-06-30 14:29:00,7555.25,7555.5,7555.0,7555.5,321
2026-06-30 14:30:00,7555.25,7555.75,7553.5,7554.0,966
2026-06-30 14:31:00,7554.0,7554.5,7553.5,7554.0,486
2026-06-30 14:32:00,7554.0,7555.5,7554.0,7554.0,550
2026-06-30 14:33:00,7554.0,7554.0,7553.25,7554.0,583
2026-06-30 14:34:00,7554.0,7554.5,7553.75,7554.5,379
2026-06-30 14:35:00,7554.5,7555.75,7554.25,7555.5,721
2026-06-30 14:36:00,7555.25,7556.25,7554.75,7554.75,741
2026-06-30 14:37:00,7554.75,7555.5,7554.0,7555.5,501
2026-06-30 14:38:00,7555.25,7555.5,7554.5,7554.75,527
2026-06-30 14:39:00,7554.75,7555.25,7554.5,7555.0,327
2026-06-30 14:40:00,7555.0,7556.75,7554.75,7556.5,744
2026-06-30 14:41:00,7556.5,7557.25,7556.25,7557.25,578
2026-06-30 14:42:00,7557.0,7557.25,7555.75,7557.0,487
2026-06-30 14:43:00,7557.0,7559.25,7556.75,7558.0,1758
2026-06-30 14:44:00,7557.75,7558.5,7557.0,7557.25,1259
2026-06-30 14:45:00,7557.25,7557.5,7556.25,7556.5,927
2026-06-30 14:46:00,7556.5,7556.75,7555.75,7556.25,729
2026-06-30 14:47:00,7556.0,7557.5,7556.0,7557.5,369
2026-06-30 14:48:00,7557.5,7560.25,7557.25,7560.25,2216
2026-06-30 14:49:00,7560.0,7561.0,7559.25,7560.5,1738
2026-06-30 14:50:00,7560.75,7562.25,7560.0,7561.5,1908
2026-06-30 14:51:00,7561.5,7561.75,7559.75,7560.25,1331
2026-06-30 14:52:00,7560.25,7560.75,7559.5,7559.75,869
2026-06-30 14:53:00,7559.75,7560.75,7559.75,7560.75,565
2026-06-30 14:54:00,7560.5,7560.5,7557.5,7558.75,1491
2026-06-30 14:55:00,7558.75,7559.5,7558.25,7559.25,759
2026-06-30 14:56:00,7559.0,7560.75,7559.0,7560.0,1062
2026-06-30 14:57:00,7560.25,7560.75,7559.5,7559.75,403
2026-06-30 14:58:00,7560.0,7560.25,7559.0,7559.5,503
2026-06-30 14:59:00,7559.5,7559.75,7558.25,7558.5,730
2026-06-30 15:00:00,7559.0,7559.5,7558.25,7558.75,1094
2026-06-30 15:01:00,7559.0,7561.25,7559.0,7560.5,1143
2026-06-30 15:02:00,7560.5,7561.25,7560.25,7560.5,538
2026-06-30 15:03:00,7560.5,7560.75,7559.5,7559.75,535
2026-06-30 15:04:00,7559.75,7560.25,7559.0,7559.5,432
2026-06-30 15:05:00,7559.75,7560.25,7559.25,7559.5,406
2026-06-30 15:06:00,7559.5,7560.0,7558.5,7559.0,901
2026-06-30 15:07:00,7559.25,7560.0,7558.5,7559.5,541
2026-06-30 15:08:00,7559.75,7563.25,7559.75,7562.5,2218
2026-06-30 15:09:00,7562.5,7563.75,7562.0,7562.5,1322
2026-06-30 15:10:00,7562.25,7562.5,7560.5,7562.0,1314
2026-06-30 15:11:00,7561.75,7564.5,7561.5,7563.25,1998
2026-06-30 15:12:00,7563.25,7564.0,7563.0,7563.5,801
2026-06-30 15:13:00,7563.5,7564.75,7563.25,7564.75,996
2026-06-30 15:14:00,7564.5,7565.0,7564.0,7564.5,914
2026-06-30 15:15:00,7564.75,7565.0,7563.5,7564.0,770
2026-06-30 15:16:00,7564.25,7565.0,7563.75,7564.75,714
2026-06-30 15:17:00,7564.75,7566.75,7564.75,7566.0,2268
2026-06-30 15:18:00,7566.0,7567.75,7565.25,7565.25,2147
2026-06-30 15:19:00,7565.5,7565.75,7563.25,7563.5,1675
2026-06-30 15:20:00,7563.75,7564.5,7563.75,7564.5,1002
2026-06-30 15:21:00,7564.25,7565.5,7562.5,7562.75,1064
2026-06-30 15:22:00,7562.75,7564.75,7562.0,7564.5,1701
2026-06-30 15:23:00,7564.5,7565.0,7564.5,7564.75,533
2026-06-30 15:24:00,7564.75,7564.75,7563.25,7563.5,827
2026-06-30 15:25:00,7563.25,7564.0,7562.75,7563.25,651
2026-06-30 15:26:00,7563.5,7563.75,7562.0,7563.0,896
2026-06-30 15:27:00,7563.0,7563.75,7562.5,7563.25,562
2026-06-30 15:28:00,7563.0,7563.0,7561.25,7561.5,960
2026-06-30 15:29:00,7561.25,7561.75,7560.25,7561.25,1333
2026-06-30 15:30:00,7561.5,7562.0,7560.0,7560.25,1268
2026-06-30 15:31:00,7560.5,7561.25,7559.25,7560.5,1606
2026-06-30 15:32:00,7560.5,7561.75,7560.0,7560.75,904
2026-06-30 15:33:00,7560.75,7561.0,7560.5,7560.75,365
2026-06-30 15:34:00,7560.5,7560.75,7558.25,7558.75,1244
2026-06-30 15:35:00,7558.5,7559.0,7557.0,7557.0,1861
2026-06-30 15:36:00,7557.0,7557.25,7555.0,7556.25,2571
2026-06-30 15:37:00,7556.0,7556.25,7554.5,7554.75,1138
2026-06-30 15:38:00,7555.0,7556.75,7554.5,7555.25,1175
2026-06-30 15:39:00,7555.25,7556.75,7554.25,7556.25,1234
2026-06-30 15:40:00,7556.0,7557.75,7555.0,7555.25,2216
2026-06-30 15:41:00,7555.5,7556.5,7555.25,7556.0,767
2026-06-30 15:42:00,7555.75,7557.0,7555.5,7556.25,694
2026-06-30 15:43:00,7556.25,7556.25,7554.75,7555.5,874
2026-06-30 15:44:00,7555.75,7558.25,7555.5,7557.75,1028
2026-06-30 15:45:00,7558.0,7560.25,7554.75,7555.0,3312
2026-06-30 15:46:00,7555.0,7557.0,7554.5,7556.5,1425
2026-06-30 15:47:00,7556.5,7556.75,7555.0,7555.5,711
2026-06-30 15:48:00,7555.75,7556.5,7555.25,7556.0,707
2026-06-30 15:49:00,7556.25,7557.0,7555.25,7555.5,952
2026-06-30 15:50:00,7555.25,7556.5,7553.0,7553.75,3908
2026-06-30 15:51:00,7553.5,7556.0,7553.0,7555.25,1633
2026-06-30 15:52:00,7555.5,7557.0,7554.75,7555.25,2014
2026-06-30 15:53:00,7555.25,7559.75,7554.5,7559.25,2714
2026-06-30 15:54:00,7559.25,7561.25,7558.5,7560.25,3826
2026-06-30 15:55:00,7560.25,7564.0,7559.75,7560.5,6979
2026-06-30 15:56:00,7560.5,7562.25,7559.75,7561.5,4121
2026-06-30 15:57:00,7561.75,7564.0,7561.5,7563.0,5963
2026-06-30 15:58:00,7562.75,7564.0,7556.0,7556.5,8332
2026-06-30 15:59:00,7556.5,7559.0,7544.5,7544.75,29319
2026-06-30 16:00:00,7545.0,7550.5,7542.0,7549.75,10290
2026-06-30 16:01:00,7549.5,7552.5,7548.25,7551.5,1877
2026-06-30 16:02:00,7551.5,7551.75,7549.5,7550.0,1141
2026-06-30 16:03:00,7550.25,7552.0,7549.0,7549.75,784
2026-06-30 16:04:00,7550.0,7552.0,7549.5,7551.5,533
2026-06-30 16:05:00,7551.5,7553.25,7549.25,7549.5,1151
2026-06-30 16:06:00,7549.25,7550.75,7547.75,7550.5,797
2026-06-30 16:07:00,7550.5,7551.75,7550.0,7551.25,693
2026-06-30 16:08:00,7551.25,7551.5,7549.25,7549.5,606
2026-06-30 16:09:00,7549.5,7550.5,7549.25,7549.75,227
2026-06-30 16:10:00,7549.75,7549.75,7548.0,7548.5,567
2026-06-30 16:11:00,7548.75,7548.75,7542.0,7543.0,2685
2026-06-30 16:12:00,7543.25,7546.5,7543.0,7545.0,772
2026-06-30 16:13:00,7545.0,7545.5,7543.75,7544.75,549
2026-06-30 16:14:00,7545.0,7546.25,7544.25,7545.25,370
2026-06-30 16:15:00,7545.25,7546.75,7544.75,7545.75,623
2026-06-30 16:16:00,7545.5,7545.5,7542.5,7543.0,758
2026-06-30 16:17:00,7543.25,7545.0,7543.0,7544.25,346
2026-06-30 16:18:00,7544.75,7547.25,7544.5,7545.75,460
2026-06-30 16:19:00,7545.75,7545.75,7543.75,7543.75,307
2026-06-30 16:20:00,7543.75,7544.0,7543.0,7543.5,338
2026-06-30 16:21:00,7543.5,7543.5,7542.0,7543.0,394
2026-06-30 16:22:00,7543.25,7543.25,7541.0,7542.5,625
2026-06-30 16:23:00,7542.75,7543.25,7542.25,7542.5,141
2026-06-30 16:24:00,7542.5,7543.0,7542.25,7542.5,144
2026-06-30 16:25:00,7542.5,7543.0,7542.25,7542.5,176
2026-06-30 16:26:00,7542.75,7543.0,7542.25,7543.0,173
2026-06-30 16:27:00,7542.75,7543.25,7542.5,7542.75,155
2026-06-30 16:28:00,7543.0,7543.25,7542.0,7542.75,143
2026-06-30 16:29:00,7543.0,7543.25,7542.5,7542.75,112
2026-06-30 16:30:00,7542.5,7543.75,7542.25,7543.5,130
2026-06-30 16:31:00,7543.5,7543.5,7541.5,7542.0,286
2026-06-30 16:32:00,7542.0,7542.5,7541.75,7542.0,169
2026-06-30 16:33:00,7542.25,7543.0,7542.25,7542.75,147
2026-06-30 16:34:00,7542.5,7542.75,7541.75,7541.75,112
2026-06-30 16:35:00,7541.75,7542.0,7541.5,7541.75,180
2026-06-30 16:36:00,7541.5,7541.75,7541.0,7541.25,188
2026-06-30 16:37:00,7541.25,7541.5,7541.0,7541.25,133
2026-06-30 16:38:00,7541.25,7542.5,7541.25,7542.0,218
2026-06-30 16:39:00,7541.75,7542.0,7541.25,7541.75,145
2026-06-30 16:40:00,7541.5,7541.75,7540.75,7541.0,216
2026-06-30 16:41:00,7541.0,7541.5,7541.0,7541.0,93
2026-06-30 16:42:00,7541.0,7541.25,7540.5,7541.0,109
2026-06-30 16:43:00,7540.75,7541.0,7540.5,7541.0,89
2026-06-30 16:44:00,7540.5,7541.25,7540.5,7540.5,288
2026-06-30 16:45:00,7540.5,7541.0,7540.25,7541.0,318
2026-06-30 16:46:00,7540.75,7541.0,7540.0,7540.25,171
2026-06-30 16:47:00,7540.5,7541.0,7539.25,7539.75,268
2026-06-30 16:48:00,7539.5,7539.75,7538.5,7539.25,230
2026-06-30 16:49:00,7539.5,7539.5,7538.5,7539.5,225
2026-06-30 16:50:00,7539.5,7540.5,7538.75,7538.75,504
2026-06-30 16:51:00,7538.75,7539.5,7538.5,7539.5,356
2026-06-30 16:52:00,7539.5,7540.0,7539.25,7539.5,175
2026-06-30 16:53:00,7539.5,7541.25,7539.5,7541.0,250
2026-06-30 16:54:00,7541.0,7541.0,7540.25,7540.5,152
2026-06-30 16:55:00,7540.75,7540.75,7540.0,7540.75,298
2026-06-30 16:56:00,7541.0,7541.0,7540.0,7541.0,182
2026-06-30 16:57:00,7541.0,7542.0,7540.75,7541.5,137
2026-06-30 16:58:00,7541.25,7542.0,7541.0,7541.25,175
2026-06-30 16:59:00,7541.5,7542.5,7541.25,7541.75,290
2026-06-30 18:00:00,7543.5,7546.75,7541.0,7546.5,1207
2026-06-30 18:01:00,7546.25,7546.75,7542.75,7543.25,494
2026-06-30 18:02:00,7543.5,7545.5,7543.25,7545.5,294
2026-06-30 18:03:00,7545.75,7546.0,7544.0,7544.0,310
2026-06-30 18:04:00,7544.0,7545.75,7543.75,7545.0,154
2026-06-30 18:05:00,7545.0,7547.0,7545.0,7546.5,330
2026-06-30 18:06:00,7546.25,7547.0,7546.0,7546.25,207
2026-06-30 18:07:00,7546.25,7546.75,7546.0,7546.25,171
2026-06-30 18:08:00,7546.5,7547.25,7546.25,7547.0,213
2026-06-30 18:09:00,7547.0,7547.25,7545.75,7547.25,305
2026-06-30 18:10:00,7547.0,7547.25,7543.25,7544.5,494
2026-06-30 18:11:00,7544.5,7545.75,7544.5,7545.25,355
2026-06-30 18:12:00,7545.5,7546.25,7545.25,7546.25,155
2026-06-30 18:13:00,7546.0,7546.25,7545.0,7546.0,154
2026-06-30 18:14:00,7545.75,7546.5,7545.75,7546.5,114
2026-06-30 18:15:00,7546.25,7547.25,7546.25,7547.0,200
2026-06-30 18:16:00,7547.0,7547.75,7546.25,7547.5,252
2026-06-30 18:17:00,7547.5,7549.5,7547.5,7549.25,487
2026-06-30 18:18:00,7549.5,7550.25,7549.25,7549.5,527
2026-06-30 18:19:00,7549.5,7550.0,7548.5,7550.0,231
2026-06-30 18:20:00,7549.75,7550.75,7549.25,7549.5,348
2026-06-30 18:21:00,7549.5,7550.25,7549.0,7549.5,188
2026-06-30 18:22:00,7549.5,7550.25,7549.5,7550.0,206
2026-06-30 18:23:00,7550.0,7550.25,7549.25,7549.75,126
2026-06-30 18:24:00,7549.75,7550.25,7549.25,7550.0,184
2026-06-30 18:25:00,7549.75,7549.75,7549.0,7549.5,146
2026-06-30 18:26:00,7549.5,7549.75,7549.0,7549.5,215
2026-06-30 18:27:00,7549.5,7550.0,7549.25,7549.5,164
2026-06-30 18:28:00,7549.5,7550.0,7549.0,7549.75,125
2026-06-30 18:29:00,7550.0,7550.5,7549.75,7550.25,237
2026-06-30 18:30:00,7550.0,7550.25,7549.0,7549.75,255
2026-06-30 18:31:00,7549.75,7549.75,7548.5,7549.0,173
2026-06-30 18:32:00,7548.75,7549.5,7548.0,7548.5,258
2026-06-30 18:33:00,7548.5,7549.0,7547.75,7548.5,302
2026-06-30 18:34:00,7548.5,7548.75,7547.25,7547.75,318
2026-06-30 18:35:00,7547.25,7547.75,7546.25,7546.75,342
2026-06-30 18:36:00,7546.75,7547.5,7546.75,7547.5,193
2026-06-30 18:37:00,7547.5,7547.75,7546.75,7547.0,130
2026-06-30 18:38:00,7547.0,7547.5,7546.75,7547.0,66
2026-06-30 18:39:00,7547.25,7548.0,7547.0,7547.25,141
2026-06-30 18:40:00,7547.5,7548.0,7546.75,7547.75,73
2026-06-30 18:41:00,7548.0,7548.25,7547.25,7547.5,104
2026-06-30 18:42:00,7547.25,7548.0,7547.25,7547.5,63
2026-06-30 18:43:00,7547.25,7548.0,7547.0,7547.75,59
2026-06-30 18:44:00,7547.50,7547.50,7547.00,7547.50,51
2026-06-30 18:45:00,7547.25,7547.50,7545.75,7546.25,201
2026-06-30 18:46:00,7546.25,7546.50,7545.75,7546.25,138
2026-06-30 18:47:00,7546.25,7546.50,7545.25,7545.50,196
2026-06-30 18:48:00,7545.25,7545.75,7544.25,7545.25,247
2026-06-30 18:49:00,7545.00,7545.25,7544.75,7545.00,156
2026-06-30 18:50:00,7545.25,7545.25,7543.25,7543.25,394
2026-06-30 18:51:00,7543.50,7543.75,7542.75,7543.00,210
2026-06-30 18:52:00,7543.00,7543.25,7542.50,7542.75,145
2026-06-30 18:53:00,7542.75,7542.75,7541.75,7542.50,331
2026-06-30 18:54:00,7542.25,7543.25,7542.25,7542.25,137
2026-06-30 18:55:00,7542.50,7542.75,7542.25,7542.50,68
2026-06-30 18:56:00,7542.75,7543.75,7542.50,7543.75,165
2026-06-30 18:57:00,7543.75,7544.25,7543.00,7543.50,176
2026-06-30 18:58:00,7543.25,7543.50,7542.25,7542.50,142
2026-06-30 18:59:00,7542.50,7543.50,7542.50,7543.50,147
2026-06-30 19:00:00,7543.50,7544.75,7543.00,7543.25,267
2026-06-30 19:01:00,7543.25,7544.00,7542.75,7542.75,94
2026-06-30 19:02:00,7542.75,7544.25,7542.75,7544.00,141
2026-06-30 19:03:00,7543.75,7544.00,7542.75,7542.75,130
2026-06-30 19:04:00,7543.00,7543.25,7542.25,7543.00,162
2026-06-30 19:05:00,7542.75,7543.00,7542.25,7542.75,127
2026-06-30 19:06:00,7542.50,7543.25,7542.25,7542.50,236
2026-06-30 19:07:00,7542.25,7544.25,7542.00,7544.25,183
2026-06-30 19:08:00,7544.25,7546.00,7544.00,7544.75,552
2026-06-30 19:09:00,7544.75,7545.75,7544.00,7545.25,260
2026-06-30 19:10:00,7545.25,7545.25,7544.50,7544.50,67
2026-06-30 19:11:00,7544.50,7544.50,7543.75,7544.25,100
2026-06-30 19:12:00,7544.25,7544.50,7544.00,7544.00,71
2026-06-30 19:13:00,7544.25,7544.25,7543.00,7543.00,126
2026-06-30 19:14:00,7543.25,7544.00,7543.25,7544.00,84
2026-06-30 19:15:00,7543.75,7544.00,7542.50,7542.50,114
2026-06-30 19:16:00,7542.50,7544.25,7542.50,7544.00,124
2026-06-30 19:17:00,7544.00,7544.25,7543.75,7544.00,64
2026-06-30 19:18:00,7544.00,7544.75,7543.50,7544.50,179
2026-06-30 19:19:00,7544.75,7545.25,7544.50,7544.50,83
2026-06-30 19:20:00,7544.75,7544.75,7543.75,7544.75,205
2026-06-30 19:21:00,7544.75,7545.25,7544.50,7544.75,89
2026-06-30 19:22:00,7544.50,7545.25,7544.50,7544.75,45
2026-06-30 19:23:00,7545.00,7545.25,7544.75,7545.25,50
2026-06-30 19:24:00,7545.00,7545.50,7544.75,7544.75,60
2026-06-30 19:25:00,7544.75,7545.50,7544.75,7545.50,92
2026-06-30 19:26:00,7545.25,7545.50,7545.25,7545.50,59
2026-06-30 19:27:00,7545.50,7546.25,7545.50,7545.75,210
2026-06-30 19:28:00,7545.75,7545.75,7544.75,7545.25,202
2026-06-30 19:29:00,7545.25,7545.25,7543.50,7544.00,285
2026-06-30 19:30:00,7544.25,7545.25,7543.50,7545.00,204
2026-06-30 19:31:00,7544.75,7545.25,7544.50,7544.75,68
2026-06-30 19:32:00,7545.00,7545.50,7544.75,7545.25,83
2026-06-30 19:33:00,7545.25,7545.25,7544.50,7544.75,74
2026-06-30 19:34:00,7545.00,7547.00,7545.00,7546.75,152
2026-06-30 19:35:00,7546.75,7546.75,7545.75,7546.25,117
2026-06-30 19:36:00,7546.00,7546.50,7545.50,7545.75,164
2026-06-30 19:37:00,7545.50,7546.00,7545.50,7546.00,114
2026-06-30 19:38:00,7545.75,7546.00,7544.25,7545.00,179
2026-06-30 19:39:00,7545.00,7545.75,7545.00,7545.75,60
2026-06-30 19:40:00,7545.75,7546.25,7545.00,7545.50,83
2026-06-30 19:41:00,7545.00,7545.25,7544.75,7545.25,42
2026-06-30 19:42:00,7545.25,7545.50,7544.75,7545.50,71
2026-06-30 19:43:00,7545.50,7546.25,7545.50,7546.25,72
2026-06-30 19:44:00,7546.25,7546.25,7544.75,7544.75,123
2026-06-30 19:45:00,7545.00,7547.25,7544.75,7546.00,229
2026-06-30 19:46:00,7545.75,7546.00,7544.00,7546.00,243
2026-06-30 19:47:00,7545.75,7546.25,7545.00,7545.50,50
2026-06-30 19:48:00,7545.25,7545.50,7543.75,7543.75,126
2026-06-30 19:49:00,7543.75,7545.50,7543.50,7545.25,307
2026-06-30 19:50:00,7545.00,7545.50,7542.50,7545.50,408
2026-06-30 19:51:00,7545.50,7545.75,7544.50,7544.75,135
2026-06-30 19:52:00,7544.50,7544.50,7542.75,7542.75,155
2026-06-30 19:53:00,7543.00,7543.75,7542.50,7543.50,100
2026-06-30 19:54:00,7543.50,7543.50,7542.50,7542.75,151
2026-06-30 19:55:00,7543.00,7543.50,7542.75,7543.25,106
2026-06-30 19:56:00,7543.25,7543.50,7543.25,7543.25,105
2026-06-30 19:57:00,7543.25,7543.50,7541.75,7542.50,301
2026-06-30 19:58:00,7542.75,7544.75,7542.50,7544.25,217
2026-06-30 19:59:00,7544.50,7545.75,7544.25,7545.00,205
2026-06-30 20:00:00,7545.00,7547.25,7544.50,7546.75,870
2026-06-30 20:01:00,7546.75,7547.50,7545.00,7545.50,398
2026-06-30 20:02:00,7545.75,7547.25,7544.00,7544.00,356
2026-06-30 20:03:00,7544.00,7546.75,7543.75,7546.25,292
2026-06-30 20:04:00,7546.00,7546.25,7545.00,7545.75,128
2026-06-30 20:05:00,7545.75,7546.50,7543.75,7545.00,245
2026-06-30 20:06:00,7545.25,7546.75,7543.50,7544.00,333
2026-06-30 20:07:00,7544.00,7544.50,7543.25,7544.25,216
2026-06-30 20:08:00,7544.50,7545.00,7543.50,7545.00,277
2026-06-30 20:09:00,7544.75,7545.00,7543.75,7544.50,203
2026-06-30 20:10:00,7544.75,7546.00,7544.00,7546.00,276
2026-06-30 20:11:00,7546.00,7546.00,7544.00,7544.25,194
2026-06-30 20:12:00,7544.25,7545.25,7543.25,7544.50,225
2026-06-30 20:13:00,7544.25,7545.50,7543.75,7545.00,152
2026-06-30 20:14:00,7545.00,7545.00,7543.50,7544.50,197
2026-06-30 20:15:00,7544.25,7545.50,7543.00,7543.50,301
2026-06-30 20:16:00,7543.25,7545.25,7543.25,7544.75,179
2026-06-30 20:17:00,7544.75,7546.00,7544.25,7544.50,263
2026-06-30 20:18:00,7544.25,7544.50,7543.75,7544.25,106
2026-06-30 20:19:00,7544.00,7544.75,7543.75,7544.00,61
2026-06-30 20:20:00,7543.75,7545.25,7543.75,7545.00,86
2026-06-30 20:21:00,7545.00,7545.50,7543.00,7543.25,158
2026-06-30 20:22:00,7543.00,7543.50,7542.00,7542.75,322
2026-06-30 20:23:00,7542.75,7543.25,7542.00,7542.50,283
2026-06-30 20:24:00,7542.50,7544.50,7542.25,7543.75,212
2026-06-30 20:25:00,7543.75,7543.75,7542.50,7543.25,162
2026-06-30 20:26:00,7543.25,7543.75,7542.75,7543.00,74
2026-06-30 20:27:00,7542.75,7544.25,7542.75,7544.25,148
2026-06-30 20:28:00,7544.00,7545.25,7544.00,7545.25,190
2026-06-30 20:29:00,7545.25,7546.00,7544.50,7545.75,422
2026-06-30 20:30:00,7545.75,7546.75,7545.25,7546.50,325
2026-06-30 20:31:00,7546.00,7547.25,7545.75,7546.50,264
2026-06-30 20:32:00,7546.75,7548.25,7546.25,7548.00,266
2026-06-30 20:33:00,7548.25,7548.50,7547.50,7548.25,235
2026-06-30 20:34:00,7548.25,7548.50,7547.25,7547.25,163
2026-06-30 20:35:00,7547.25,7548.00,7545.25,7546.00,284
2026-06-30 20:36:00,7546.25,7547.50,7546.00,7547.25,202
2026-06-30 20:37:00,7547.00,7548.00,7546.75,7547.75,131
2026-06-30 20:38:00,7547.75,7548.25,7547.25,7547.75,164
2026-06-30 20:39:00,7547.75,7548.00,7547.00,7547.25,166
2026-06-30 20:40:00,7547.50,7548.75,7547.00,7548.50,186
2026-06-30 20:41:00,7548.50,7548.50,7547.25,7547.25,133
2026-06-30 20:42:00,7547.25,7547.75,7547.00,7547.75,108
2026-06-30 20:43:00,7547.50,7547.75,7547.50,7547.50,66
2026-06-30 20:44:00,7547.75,7547.75,7547.00,7547.25,79
2026-06-30 20:45:00,7547.50,7548.00,7547.00,7547.50,97
2026-06-30 20:46:00,7547.50,7548.25,7547.25,7547.75,108
2026-06-30 20:47:00,7547.75,7548.00,7547.25,7547.75,92
2026-06-30 20:48:00,7547.75,7548.00,7547.25,7547.50,62
2026-06-30 20:49:00,7547.75,7549.25,7547.75,7549.25,183
2026-06-30 20:50:00,7549.25,7549.25,7547.75,7548.75,246
2026-06-30 20:51:00,7548.50,7549.25,7548.25,7548.75,103
2026-06-30 20:52:00,7548.75,7548.75,7547.50,7548.50,329
2026-06-30 20:53:00,7548.50,7548.50,7547.75,7547.75,64
2026-06-30 20:54:00,7547.50,7547.50,7545.75,7546.00,380
2026-06-30 20:55:00,7546.00,7546.75,7545.50,7546.50,148
2026-06-30 20:56:00,7546.75,7546.75,7545.75,7546.50,159
2026-06-30 20:57:00,7546.75,7547.50,7546.25,7547.00,198
2026-06-30 20:58:00,7547.00,7547.00,7545.50,7545.75,114
2026-06-30 20:59:00,7545.75,7546.00,7544.75,7544.75,301
2026-06-30 21:00:00,7545.00,7546.00,7544.50,7544.75,314
2026-06-30 21:01:00,7545.25,7545.50,7544.00,7545.25,245
2026-06-30 21:02:00,7545.25,7545.25,7542.75,7543.25,502
2026-06-30 21:03:00,7543.25,7543.75,7542.25,7542.75,319
2026-06-30 21:04:00,7542.50,7542.75,7539.75,7539.75,928
2026-06-30 21:05:00,7540.25,7541.25,7539.50,7540.75,493
2026-06-30 21:06:00,7540.75,7541.50,7539.50,7539.50,444
2026-06-30 21:07:00,7540.00,7541.25,7539.75,7540.50,222
2026-06-30 21:08:00,7540.75,7540.75,7539.00,7539.00,344
2026-06-30 21:09:00,7539.50,7539.75,7538.50,7539.00,382
2026-06-30 21:10:00,7539.00,7539.25,7537.00,7538.00,741
2026-06-30 21:11:00,7538.00,7538.25,7537.25,7537.75,190
2026-06-30 21:12:00,7537.75,7538.50,7535.75,7536.25,618
2026-06-30 21:13:00,7536.00,7537.50,7534.75,7537.50,945
2026-06-30 21:14:00,7537.50,7539.75,7537.00,7539.50,721
2026-06-30 21:15:00,7539.75,7540.75,7538.50,7538.50,694
2026-06-30 21:16:00,7538.75,7538.75,7535.25,7535.75,737
2026-06-30 21:17:00,7536.00,7537.50,7534.50,7535.25,547
2026-06-30 21:18:00,7535.25,7537.00,7535.00,7536.75,485
2026-06-30 21:19:00,7536.75,7537.75,7536.25,7537.25,235
2026-06-30 21:20:00,7537.25,7537.75,7535.50,7537.50,320
2026-06-30 21:21:00,7537.50,7538.25,7536.50,7537.25,278
2026-06-30 21:22:00,7537.50,7538.75,7536.50,7538.25,216
2026-06-30 21:23:00,7538.25,7539.00,7538.00,7538.25,171
2026-06-30 21:24:00,7538.50,7539.00,7536.50,7537.00,218
2026-06-30 21:25:00,7537.00,7537.75,7536.00,7536.00,204
2026-06-30 21:26:00,7536.00,7537.75,7535.75,7537.00,230
2026-06-30 21:27:00,7537.00,7537.00,7536.00,7536.25,145
2026-06-30 21:28:00,7536.00,7537.25,7535.75,7537.25,168
2026-06-30 21:29:00,7537.25,7537.75,7536.50,7536.75,110
2026-06-30 21:30:00,7536.50,7539.00,7536.50,7537.00,513
2026-06-30 21:31:00,7537.00,7537.25,7534.00,7534.25,641
2026-06-30 21:32:00,7534.25,7536.50,7534.25,7535.75,353
2026-06-30 21:33:00,7536.00,7536.00,7534.25,7534.75,178
2026-06-30 21:34:00,7535.00,7535.50,7534.25,7535.00,219
2026-06-30 21:35:00,7535.00,7536.00,7534.75,7536.00,131
2026-06-30 21:36:00,7535.75,7536.75,7534.75,7536.00,239
2026-06-30 21:37:00,7536.00,7536.25,7534.75,7536.00,197
2026-06-30 21:38:00,7535.75,7537.25,7535.75,7536.75,274
2026-06-30 21:39:00,7536.50,7537.00,7535.75,7536.00,150
2026-06-30 21:40:00,7536.00,7536.50,7534.50,7535.75,350
2026-06-30 21:41:00,7535.75,7536.00,7535.00,7535.50,181
2026-06-30 21:42:00,7535.25,7536.00,7534.75,7535.25,99
2026-06-30 21:43:00,7535.25,7535.75,7534.50,7535.50,182
2026-06-30 21:44:00,7535.25,7535.50,7534.50,7535.25,75
2026-06-30 21:45:00,7535.00,7536.25,7534.75,7535.25,116
2026-06-30 21:46:00,7535.00,7536.00,7534.50,7535.25,80
2026-06-30 21:47:00,7535.25,7535.75,7534.50,7534.50,92
2026-06-30 21:48:00,7535.00,7535.00,7532.50,7533.00,692
2026-06-30 21:49:00,7533.25,7534.00,7532.50,7534.00,194
2026-06-30 21:50:00,7533.75,7533.75,7532.50,7532.75,230
2026-06-30 21:51:00,7532.75,7533.00,7532.50,7532.75,135
2026-06-30 21:52:00,7532.75,7533.00,7531.75,7533.00,325
2026-06-30 21:53:00,7533.00,7534.25,7532.50,7533.50,266
2026-06-30 21:54:00,7533.50,7533.75,7532.75,7533.75,155
2026-06-30 21:55:00,7533.75,7535.25,7533.75,7534.75,356
2026-06-30 21:56:00,7534.75,7535.75,7534.75,7535.25,306
2026-06-30 21:57:00,7535.00,7535.25,7533.00,7533.00,320
2026-06-30 21:58:00,7533.25,7533.50,7532.50,7533.00,238
2026-06-30 21:59:00,7533.50,7533.75,7532.25,7532.75,220
2026-06-30 22:00:00,7532.75,7533.25,7531.75,7532.25,272
2026-06-30 22:01:00,7532.50,7532.50,7531.00,7531.25,349
2026-06-30 22:02:00,7531.25,7531.75,7530.50,7531.00,423
2026-06-30 22:03:00,7531.25,7532.00,7530.75,7532.00,252
2026-06-30 22:04:00,7531.75,7532.25,7531.00,7531.25,185
2026-06-30 22:05:00,7531.00,7531.00,7528.50,7528.50,849
2026-06-30 22:06:00,7528.50,7528.75,7527.00,7527.25,805
2026-06-30 22:07:00,7527.50,7528.25,7527.00,7527.50,416
2026-06-30 22:08:00,7527.75,7527.75,7526.00,7526.75,518
2026-06-30 22:09:00,7526.75,7527.25,7525.25,7527.25,614
2026-06-30 22:10:00,7527.00,7527.25,7525.75,7526.00,358
2026-06-30 22:11:00,7526.25,7527.25,7526.00,7526.00,323
2026-06-30 22:12:00,7526.00,7527.00,7525.00,7526.50,399
2026-06-30 22:13:00,7527.00,7527.25,7523.75,7524.25,843
2026-06-30 22:14:00,7524.25,7524.25,7522.00,7523.75,1152
2026-06-30 22:15:00,7523.75,7524.00,7517.50,7522.75,2544
2026-06-30 22:16:00,7522.50,7524.50,7522.50,7524.25,652
2026-06-30 22:17:00,7524.00,7526.00,7523.75,7525.75,535
2026-06-30 22:18:00,7526.00,7526.50,7524.75,7525.50,287
2026-06-30 22:19:00,7525.50,7525.75,7524.25,7525.75,209
2026-06-30 22:20:00,7525.50,7526.25,7524.00,7525.75,257
2026-06-30 22:21:00,7525.75,7527.25,7525.75,7527.00,343
2026-06-30 22:22:00,7527.00,7527.50,7526.75,7527.00,288
2026-06-30 22:23:00,7526.50,7527.00,7526.00,7526.75,133
2026-06-30 22:24:00,7526.50,7526.75,7526.00,7526.25,111
2026-06-30 22:25:00,7526.25,7526.50,7525.25,7525.25,174
2026-06-30 22:26:00,7525.25,7528.25,7525.25,7527.75,405
2026-06-30 22:27:00,7527.75,7527.75,7526.00,7526.50,236
2026-06-30 22:28:00,7526.25,7527.50,7526.00,7527.00,156
2026-06-30 22:29:00,7527.00,7528.25,7526.50,7528.25,158
2026-06-30 22:30:00,7528.00,7528.25,7527.50,7528.00,294
2026-06-30 22:31:00,7528.25,7529.25,7526.75,7526.75,509
2026-06-30 22:32:00,7526.75,7527.50,7526.50,7527.25,293
2026-06-30 22:33:00,7527.25,7528.00,7526.50,7527.75,148
2026-06-30 22:34:00,7527.75,7528.25,7526.00,7526.00,249
2026-06-30 22:35:00,7526.00,7527.25,7526.00,7527.25,131
2026-06-30 22:36:00,7527.25,7528.25,7527.25,7528.00,327
2026-06-30 22:37:00,7527.75,7528.00,7527.25,7527.50,46
2026-06-30 22:38:00,7527.50,7528.00,7527.25,7528.00,79
2026-06-30 22:39:00,7528.25,7528.50,7527.75,7528.00,143
2026-06-30 22:40:00,7528.00,7528.00,7527.50,7527.75,102
2026-06-30 22:41:00,7528.00,7528.75,7527.75,7528.75,149
2026-06-30 22:42:00,7528.50,7529.25,7528.50,7529.25,283
2026-06-30 22:43:00,7529.25,7531.00,7529.25,7530.25,669
2026-06-30 22:44:00,7530.25,7530.50,7529.50,7530.00,179
2026-06-30 22:45:00,7530.25,7530.75,7529.50,7529.75,196
2026-06-30 22:46:00,7529.75,7530.00,7529.00,7529.50,237
2026-06-30 22:47:00,7529.50,7530.00,7528.75,7529.75,166
2026-06-30 22:48:00,7529.75,7530.25,7529.25,7529.50,150
2026-06-30 22:49:00,7529.75,7529.75,7529.00,7529.25,84
2026-06-30 22:50:00,7529.00,7529.25,7528.50,7528.75,91
2026-06-30 22:51:00,7529.00,7529.25,7528.00,7528.25,163
2026-06-30 22:52:00,7528.25,7528.50,7527.50,7528.00,229
2026-06-30 22:53:00,7528.00,7528.50,7527.00,7528.25,306
2026-06-30 22:54:00,7528.50,7529.75,7528.50,7529.50,232
2026-06-30 22:55:00,7529.50,7529.75,7529.00,7529.75,52
2026-06-30 22:56:00,7529.75,7529.75,7528.50,7528.75,103
2026-06-30 22:57:00,7528.75,7529.50,7528.50,7528.75,83
2026-06-30 22:58:00,7528.50,7529.00,7528.25,7529.00,124
2026-06-30 22:59:00,7529.00,7529.50,7528.75,7529.00,66
2026-06-30 23:00:00,7529.00,7529.50,7528.50,7529.00,225
2026-06-30 23:01:00,7528.75,7529.50,7528.50,7528.75,92
2026-06-30 23:02:00,7528.75,7530.50,7528.75,7530.00,172
2026-06-30 23:03:00,7530.00,7530.50,7529.50,7530.00,81
2026-06-30 23:04:00,7530.00,7530.00,7529.00,7529.50,125
2026-06-30 23:05:00,7529.50,7530.25,7529.00,7530.25,82
2026-06-30 23:06:00,7530.00,7530.25,7529.50,7530.25,87
2026-06-30 23:07:00,7530.50,7531.75,7530.25,7531.25,340
2026-06-30 23:08:00,7531.50,7531.75,7530.25,7531.25,384
2026-06-30 23:09:00,7531.25,7531.50,7530.50,7531.25,266
2026-06-30 23:10:00,7531.25,7531.75,7531.00,7531.75,171
2026-06-30 23:11:00,7531.75,7532.50,7531.50,7532.25,278
2026-06-30 23:12:00,7532.50,7532.75,7532.00,7532.25,207
2026-06-30 23:13:00,7532.25,7532.75,7532.00,7532.75,146
2026-06-30 23:14:00,7533.00,7533.25,7532.50,7532.75,161
2026-06-30 23:15:00,7532.50,7532.75,7532.00,7532.50,77
2026-06-30 23:16:00,7532.50,7533.00,7531.00,7531.25,198
2026-06-30 23:17:00,7531.00,7531.25,7529.75,7530.00,362
2026-06-30 23:18:00,7529.75,7530.50,7529.00,7530.25,413
2026-06-30 23:19:00,7530.50,7531.00,7530.00,7530.50,159
2026-06-30 23:20:00,7530.50,7530.75,7529.75,7530.25,115
2026-06-30 23:21:00,7530.50,7530.75,7528.75,7529.00,133
2026-06-30 23:22:00,7529.00,7529.25,7528.25,7528.50,234
2026-06-30 23:23:00,7528.50,7529.25,7528.00,7528.75,123
2026-06-30 23:24:00,7528.75,7528.75,7527.75,7528.25,168
2026-06-30 23:25:00,7528.00,7528.25,7526.75,7527.75,272
2026-06-30 23:26:00,7527.75,7528.75,7527.25,7527.25,170
2026-06-30 23:27:00,7527.50,7527.50,7526.50,7527.50,247
2026-06-30 23:28:00,7527.50,7528.00,7527.25,7527.50,71
2026-06-30 23:29:00,7527.25,7527.75,7527.00,7527.50,59
2026-06-30 23:30:00,7527.50,7528.25,7527.25,7528.25,146
2026-06-30 23:31:00,7528.25,7528.50,7526.75,7527.25,176
2026-06-30 23:32:00,7527.25,7527.50,7526.25,7527.50,165
2026-06-30 23:33:00,7527.25,7528.25,7527.25,7528.00,206
2026-06-30 23:34:00,7527.75,7528.00,7527.00,7527.75,93
2026-06-30 23:35:00,7527.75,7530.00,7527.75,7530.00,277
2026-06-30 23:36:00,7530.00,7531.00,7529.50,7530.75,353
2026-06-30 23:37:00,7530.75,7531.50,7530.50,7530.50,208
2026-06-30 23:38:00,7530.50,7531.75,7530.00,7530.75,187
2026-06-30 23:39:00,7530.75,7531.75,7530.75,7531.25,114
2026-06-30 23:40:00,7531.25,7531.75,7530.50,7531.25,107
2026-06-30 23:41:00,7531.25,7531.75,7530.00,7531.00,332
2026-06-30 23:42:00,7530.75,7531.00,7529.25,7529.75,254
2026-06-30 23:43:00,7529.50,7530.00,7529.50,7530.00,42
2026-06-30 23:44:00,7530.00,7530.25,7529.00,7529.50,83
2026-06-30 23:45:00,7529.25,7530.50,7529.25,7530.00,56
2026-06-30 23:46:00,7530.00,7531.75,7530.00,7531.50,109
2026-06-30 23:47:00,7531.50,7532.00,7531.50,7531.75,161
2026-06-30 23:48:00,7531.75,7532.25,7531.25,7531.75,165
2026-06-30 23:49:00,7531.75,7532.75,7531.50,7532.50,112
2026-06-30 23:50:00,7532.50,7533.75,7532.50,7533.75,425
2026-06-30 23:51:00,7533.50,7534.00,7533.00,7533.50,232
2026-06-30 23:52:00,7533.50,7534.00,7533.25,7533.50,92
2026-06-30 23:53:00,7533.50,7533.75,7533.00,7533.00,84
2026-06-30 23:54:00,7533.25,7533.25,7532.50,7532.50,151
2026-06-30 23:55:00,7532.75,7532.75,7531.75,7532.25,186
2026-06-30 23:56:00,7532.25,7533.00,7532.00,7532.50,84
2026-06-30 23:57:00,7532.75,7533.00,7532.25,7532.75,61
2026-06-30 23:58:00,7532.75,7532.75,7532.25,7532.25,43
2026-06-30 23:59:00,7532.25,7533.00,7532.00,7532.75,57
2026-07-01 00:00:00,7532.50,7532.75,7530.75,7530.75,177
2026-07-01 00:01:00,7531.00,7531.00,7529.00,7529.50,461
2026-07-01 00:02:00,7529.25,7529.75,7528.25,7528.50,226
2026-07-01 00:03:00,7528.50,7529.25,7528.25,7529.00,157
2026-07-01 00:04:00,7529.00,7530.00,7529.00,7529.75,115
2026-07-01 00:05:00,7529.75,7530.50,7529.50,7530.25,129
2026-07-01 00:06:00,7530.25,7530.75,7529.50,7529.75,109
2026-07-01 00:07:00,7529.50,7531.25,7529.50,7530.75,149
2026-07-01 00:08:00,7530.50,7531.00,7530.25,7530.50,75
2026-07-01 00:09:00,7530.25,7530.75,7529.75,7530.00,90
2026-07-01 00:10:00,7530.00,7530.75,7529.75,7529.75,136
2026-07-01 00:11:00,7529.75,7530.00,7529.25,7529.50,73
2026-07-01 00:12:00,7529.50,7529.75,7529.00,7529.50,122
2026-07-01 00:13:00,7529.50,7529.75,7529.00,7529.25,74
2026-07-01 00:14:00,7529.25,7529.25,7527.75,7528.00,255
2026-07-01 00:15:00,7528.00,7528.50,7527.25,7528.00,237
2026-07-01 00:16:00,7528.25,7528.75,7528.00,7528.50,105
2026-07-01 00:17:00,7528.50,7528.50,7527.25,7528.00,89
2026-07-01 00:18:00,7528.25,7528.50,7527.75,7527.75,46
2026-07-01 00:19:00,7527.50,7528.25,7527.50,7528.25,48
2026-07-01 00:20:00,7528.00,7528.50,7527.00,7528.25,126
2026-07-01 00:21:00,7528.25,7528.25,7527.50,7528.00,31
2026-07-01 00:22:00,7528.25,7529.25,7528.25,7528.75,143
2026-07-01 00:23:00,7528.75,7529.75,7528.75,7529.00,82
2026-07-01 00:24:00,7528.75,7529.25,7528.25,7528.50,161
2026-07-01 00:25:00,7528.25,7529.25,7527.75,7529.00,219
2026-07-01 00:26:00,7528.75,7529.50,7528.50,7529.50,49
2026-07-01 00:27:00,7529.75,7530.50,7529.50,7530.25,196
2026-07-01 00:28:00,7530.00,7530.75,7529.75,7530.75,216
2026-07-01 00:29:00,7530.25,7530.50,7530.00,7530.00,50
2026-07-01 00:30:00,7530.25,7530.50,7529.75,7529.75,85
2026-07-01 00:31:00,7529.75,7530.25,7529.50,7529.75,29
2026-07-01 00:32:00,7529.75,7530.25,7529.50,7530.25,77
2026-07-01 00:33:00,7530.25,7530.50,7529.50,7529.75,27
2026-07-01 00:34:00,7529.75,7530.50,7529.75,7530.25,44
2026-07-01 00:35:00,7530.25,7530.25,7529.00,7529.00,49
2026-07-01 00:36:00,7528.75,7529.00,7527.50,7528.50,190
2026-07-01 00:37:00,7528.75,7529.00,7527.50,7528.00,76
2026-07-01 00:38:00,7528.00,7529.00,7528.00,7529.00,51
2026-07-01 00:39:00,7528.75,7528.75,7527.75,7528.50,47
2026-07-01 00:40:00,7528.25,7530.75,7528.00,7530.75,96
2026-07-01 00:41:00,7530.75,7531.00,7530.50,7530.75,114
2026-07-01 00:42:00,7530.50,7531.50,7530.50,7531.50,301
2026-07-01 00:43:00,7531.50,7531.50,7531.00,7531.25,81
2026-07-01 00:44:00,7531.25,7531.25,7530.50,7530.75,109
2026-07-01 00:45:00,7531.25,7533.50,7531.25,7533.50,332
2026-07-01 00:46:00,7533.50,7533.75,7532.75,7533.25,178
2026-07-01 00:47:00,7533.00,7533.75,7532.75,7533.25,240
2026-07-01 00:48:00,7533.50,7534.00,7533.25,7533.25,173
2026-07-01 00:49:00,7533.25,7533.50,7532.75,7533.00,78
2026-07-01 00:50:00,7533.00,7534.00,7533.00,7533.75,91
2026-07-01 00:51:00,7534.00,7535.00,7533.50,7534.50,264
2026-07-01 00:52:00,7534.25,7534.25,7533.75,7533.75,119
2026-07-01 00:53:00,7534.00,7534.50,7533.75,7534.00,57
2026-07-01 00:54:00,7534.00,7534.50,7534.00,7534.50,75
2026-07-01 00:55:00,7534.25,7534.75,7533.50,7533.50,101
2026-07-01 00:56:00,7533.75,7534.00,7532.75,7533.00,212
2026-07-01 00:57:00,7533.00,7533.25,7531.25,7531.50,185
2026-07-01 00:58:00,7531.50,7531.50,7530.00,7530.75,208
2026-07-01 00:59:00,7530.75,7531.00,7529.75,7530.50,176
2026-07-01 01:00:00,7530.75,7531.50,7530.25,7531.00,165
2026-07-01 01:01:00,7531.25,7531.75,7529.75,7529.75,161
2026-07-01 01:02:00,7529.75,7529.75,7528.75,7528.75,160
2026-07-01 01:03:00,7529.00,7529.75,7529.00,7529.25,95
2026-07-01 01:04:00,7529.25,7530.25,7529.25,7530.25,76
2026-07-01 01:05:00,7530.25,7531.25,7530.00,7531.00,157
2026-07-01 01:06:00,7531.00,7531.75,7530.75,7531.25,110
2026-07-01 01:07:00,7531.25,7532.50,7531.00,7532.00,206
2026-07-01 01:08:00,7532.25,7532.50,7531.75,7532.50,79
2026-07-01 01:09:00,7532.25,7532.25,7531.25,7531.50,75
2026-07-01 01:10:00,7531.25,7531.25,7530.00,7531.00,152
2026-07-01 01:11:00,7530.75,7531.25,7530.00,7530.25,73
2026-07-01 01:12:00,7530.50,7530.75,7530.25,7530.25,98
2026-07-01 01:13:00,7530.25,7531.00,7530.25,7530.50,88
2026-07-01 01:14:00,7530.50,7530.75,7530.25,7530.50,46
2026-07-01 01:15:00,7530.50,7531.25,7530.25,7530.50,93
2026-07-01 01:16:00,7530.25,7531.00,7530.00,7530.75,60
2026-07-01 01:17:00,7530.50,7531.00,7530.25,7531.00,53
2026-07-01 01:18:00,7531.00,7531.00,7529.25,7530.00,189
2026-07-01 01:19:00,7530.00,7530.75,7529.75,7530.50,72
2026-07-01 01:20:00,7530.50,7530.75,7529.50,7529.75,58
2026-07-01 01:21:00,7529.50,7529.75,7528.75,7529.00,191
2026-07-01 01:22:00,7529.25,7529.50,7528.25,7528.75,227
2026-07-01 01:23:00,7528.75,7529.00,7528.00,7528.75,223
2026-07-01 01:24:00,7529.00,7530.00,7529.00,7529.75,141
2026-07-01 01:25:00,7529.50,7529.50,7528.50,7528.50,123
2026-07-01 01:26:00,7528.75,7529.00,7527.75,7528.00,159
2026-07-01 01:27:00,7528.00,7528.75,7527.75,7528.50,89
2026-07-01 01:28:00,7528.75,7529.00,7528.25,7529.00,103
2026-07-01 01:29:00,7529.00,7529.25,7527.50,7528.25,132
2026-07-01 01:30:00,7528.50,7528.75,7528.00,7528.50,106
2026-07-01 01:31:00,7528.75,7529.25,7528.00,7528.25,155
2026-07-01 01:32:00,7528.00,7529.50,7528.00,7529.25,119
2026-07-01 01:33:00,7529.00,7529.50,7528.75,7529.00,47
2026-07-01 01:34:00,7528.75,7528.75,7527.50,7528.25,131
2026-07-01 01:35:00,7528.25,7529.00,7528.25,7528.50,84
2026-07-01 01:36:00,7528.75,7528.75,7527.50,7528.25,124
2026-07-01 01:37:00,7528.00,7528.00,7526.75,7527.25,244
2026-07-01 01:38:00,7527.25,7528.00,7526.25,7527.50,354
2026-07-01 01:39:00,7527.50,7528.50,7527.25,7528.50,181
2026-07-01 01:40:00,7528.50,7529.25,7528.25,7529.00,165
2026-07-01 01:41:00,7529.25,7530.00,7529.00,7529.50,175
2026-07-01 01:42:00,7529.75,7530.00,7529.25,7529.75,115
2026-07-01 01:43:00,7529.75,7529.75,7529.25,7529.25,52
2026-07-01 01:44:00,7529.25,7529.25,7527.75,7528.50,175
2026-07-01 01:45:00,7528.50,7528.50,7527.75,7528.25,96
2026-07-01 01:46:00,7528.00,7529.50,7527.25,7529.25,140
2026-07-01 01:47:00,7529.50,7530.00,7528.00,7528.00,130
2026-07-01 01:48:00,7528.00,7528.50,7527.50,7527.50,122
2026-07-01 01:49:00,7527.75,7527.75,7525.75,7526.25,310
2026-07-01 01:50:00,7526.50,7527.25,7526.00,7527.25,190
2026-07-01 01:51:00,7527.25,7528.50,7527.00,7528.00,136
2026-07-01 01:52:00,7528.25,7528.50,7527.00,7528.00,144
2026-07-01 01:53:00,7528.00,7528.25,7527.50,7527.50,55
2026-07-01 01:54:00,7527.25,7527.75,7527.00,7527.75,67
2026-07-01 01:55:00,7527.50,7527.75,7527.00,7527.75,50
2026-07-01 01:56:00,7527.75,7528.50,7527.50,7528.00,42
2026-07-01 01:57:00,7528.25,7528.50,7527.75,7528.50,104
2026-07-01 01:58:00,7528.50,7528.50,7527.25,7527.75,71
2026-07-01 01:59:00,7527.50,7527.50,7527.25,7527.50,39
2026-07-01 02:00:00,7527.50,7530.00,7527.50,7529.25,251
2026-07-01 02:01:00,7529.25,7529.25,7527.25,7527.75,210
2026-07-01 02:02:00,7527.50,7527.50,7526.00,7526.75,217
2026-07-01 02:03:00,7526.75,7527.25,7524.75,7524.75,422
2026-07-01 02:04:00,7525.00,7526.50,7525.00,7525.75,215
2026-07-01 02:05:00,7525.50,7527.00,7525.25,7526.00,179
2026-07-01 02:06:00,7526.25,7526.25,7525.75,7526.25,100
2026-07-01 02:07:00,7526.25,7526.25,7525.25,7525.75,78
2026-07-01 02:08:00,7525.75,7526.75,7525.50,7526.00,162
2026-07-01 02:09:00,7526.00,7527.75,7526.00,7527.25,254
2026-07-01 02:10:00,7527.00,7528.75,7526.75,7528.25,304
2026-07-01 02:11:00,7528.25,7529.25,7527.75,7529.00,257
2026-07-01 02:12:00,7529.00,7529.00,7526.50,7527.00,287
2026-07-01 02:13:00,7527.00,7527.25,7526.00,7526.00,81
2026-07-01 02:14:00,7526.25,7526.75,7526.00,7526.50,89
2026-07-01 02:15:00,7526.50,7528.00,7526.50,7526.50,282
2026-07-01 02:16:00,7526.25,7526.75,7525.75,7526.75,108
2026-07-01 02:17:00,7526.75,7527.25,7525.75,7525.75,82
2026-07-01 02:18:00,7526.00,7526.25,7525.50,7526.00,141
2026-07-01 02:19:00,7526.25,7526.25,7525.75,7525.75,93
2026-07-01 02:20:00,7526.00,7526.75,7526.00,7526.50,91
2026-07-01 02:21:00,7526.50,7526.75,7526.00,7526.75,43
2026-07-01 02:22:00,7526.25,7526.75,7526.00,7526.00,77
2026-07-01 02:23:00,7526.00,7526.25,7525.75,7526.25,63
2026-07-01 02:24:00,7526.00,7526.25,7525.50,7525.75,149
2026-07-01 02:25:00,7525.50,7525.50,7522.75,7522.75,830
2026-07-01 02:26:00,7523.00,7524.25,7521.75,7524.00,565
2026-07-01 02:27:00,7524.25,7526.00,7523.75,7526.00,298
2026-07-01 02:28:00,7525.75,7526.50,7525.00,7526.25,283
2026-07-01 02:29:00,7526.00,7526.25,7525.50,7525.75,147
2026-07-01 02:30:00,7526.00,7527.25,7525.50,7526.50,258
2026-07-01 02:31:00,7526.25,7526.75,7525.50,7526.00,136
2026-07-01 02:32:00,7525.75,7526.25,7525.00,7525.25,165
2026-07-01 02:33:00,7525.50,7526.00,7525.00,7525.25,71
2026-07-01 02:34:00,7525.25,7526.00,7525.00,7525.25,62
2026-07-01 02:35:00,7525.25,7525.50,7524.50,7524.75,197
2026-07-01 02:36:00,7524.75,7526.25,7524.50,7526.25,86
2026-07-01 02:37:00,7526.00,7526.00,7525.25,7525.50,101
2026-07-01 02:38:00,7525.75,7526.00,7525.25,7525.75,67
2026-07-01 02:39:00,7525.50,7526.50,7525.50,7526.00,62
2026-07-01 02:40:00,7525.75,7526.00,7525.25,7525.75,38
2026-07-01 02:41:00,7525.75,7525.75,7524.75,7525.25,57
2026-07-01 02:42:00,7525.00,7525.50,7524.50,7525.00,85
2026-07-01 02:43:00,7525.00,7526.50,7525.00,7525.75,133
2026-07-01 02:44:00,7525.75,7527.00,7525.25,7526.75,272
2026-07-01 02:45:00,7526.75,7527.00,7526.00,7526.50,139
2026-07-01 02:46:00,7526.75,7527.75,7526.50,7527.50,126
2026-07-01 02:47:00,7527.50,7528.75,7527.25,7528.50,189
2026-07-01 02:48:00,7528.50,7528.75,7528.25,7528.50,87
2026-07-01 02:49:00,7528.75,7529.25,7528.25,7528.75,103
2026-07-01 02:50:00,7528.50,7528.75,7527.75,7527.75,93
2026-07-01 02:51:00,7528.00,7528.00,7526.25,7526.50,145
2026-07-01 02:52:00,7526.75,7526.75,7526.25,7526.75,81
2026-07-01 02:53:00,7527.00,7527.00,7526.00,7526.25,66
2026-07-01 02:54:00,7526.00,7526.25,7525.25,7525.25,87
2026-07-01 02:55:00,7525.50,7525.50,7524.00,7524.00,204
2026-07-01 02:56:00,7523.75,7524.25,7522.75,7523.75,342
2026-07-01 02:57:00,7523.50,7524.00,7523.25,7524.00,103
2026-07-01 02:58:00,7524.00,7524.50,7523.25,7524.25,238
2026-07-01 02:59:00,7524.25,7524.50,7523.50,7524.25,234
2026-07-01 03:00:00,7524.50,7525.25,7523.25,7523.25,534
2026-07-01 03:01:00,7523.25,7523.25,7521.50,7521.50,459
2026-07-01 03:02:00,7521.75,7522.50,7521.50,7521.75,310
2026-07-01 03:03:00,7521.75,7522.00,7520.50,7521.00,370
2026-07-01 03:04:00,7521.00,7523.25,7520.50,7522.25,441
2026-07-01 03:05:00,7522.50,7522.75,7521.50,7522.25,302
2026-07-01 03:06:00,7522.25,7522.25,7519.50,7520.25,452
2026-07-01 03:07:00,7520.25,7520.25,7519.00,7519.25,247
2026-07-01 03:08:00,7519.25,7520.75,7519.00,7520.00,325
2026-07-01 03:09:00,7519.75,7520.75,7519.25,7519.50,172
2026-07-01 03:10:00,7519.50,7519.50,7515.25,7517.25,1286
2026-07-01 03:11:00,7517.50,7517.50,7516.25,7516.75,254
2026-07-01 03:12:00,7516.75,7518.50,7516.75,7517.25,287
2026-07-01 03:13:00,7517.00,7517.25,7514.00,7515.00,795
2026-07-01 03:14:00,7515.00,7516.00,7514.50,7515.50,501
2026-07-01 03:15:00,7515.50,7516.75,7514.00,7514.50,356
2026-07-01 03:16:00,7514.75,7517.00,7514.50,7515.50,460
2026-07-01 03:17:00,7515.50,7516.25,7512.50,7512.75,833
2026-07-01 03:18:00,7513.00,7513.50,7510.50,7513.00,1142
2026-07-01 03:19:00,7513.25,7515.00,7512.75,7514.75,361
2026-07-01 03:20:00,7514.75,7515.25,7511.25,7512.00,376
2026-07-01 03:21:00,7511.75,7516.50,7511.75,7516.25,461
2026-07-01 03:22:00,7516.25,7518.25,7515.25,7518.00,548
2026-07-01 03:23:00,7517.50,7519.75,7516.75,7519.50,602
2026-07-01 03:24:00,7519.50,7519.75,7517.50,7518.75,356
2026-07-01 03:25:00,7518.75,7519.75,7517.75,7519.00,206
2026-07-01 03:26:00,7519.00,7519.00,7518.00,7519.00,111
2026-07-01 03:27:00,7519.25,7520.25,7518.75,7520.25,214
2026-07-01 03:28:00,7520.00,7520.00,7518.50,7518.75,200
2026-07-01 03:29:00,7518.75,7519.00,7518.00,7518.75,121
2026-07-01 03:30:00,7518.75,7519.25,7517.50,7518.00,159
2026-07-01 03:31:00,7518.25,7519.50,7518.00,7518.75,156
2026-07-01 03:32:00,7519.00,7519.50,7518.50,7519.00,193
2026-07-01 03:33:00,7519.25,7520.50,7518.75,7520.50,148
2026-07-01 03:34:00,7520.50,7521.75,7520.50,7521.25,324
2026-07-01 03:35:00,7521.25,7521.50,7519.25,7519.75,231
2026-07-01 03:36:00,7519.75,7520.75,7519.75,7520.25,96
2026-07-01 03:37:00,7520.25,7520.75,7520.00,7520.25,113
2026-07-01 03:38:00,7520.25,7520.75,7520.00,7520.25,154
2026-07-01 03:39:00,7520.00,7522.00,7520.00,7521.50,234
2026-07-01 03:40:00,7521.75,7521.75,7520.00,7520.50,173
2026-07-01 03:41:00,7520.25,7521.25,7520.25,7520.75,139
2026-07-01 03:42:00,7521.00,7521.00,7519.75,7520.00,80
2026-07-01 03:43:00,7520.25,7520.75,7519.25,7520.00,198
2026-07-01 03:44:00,7520.00,7520.25,7519.00,7519.50,120
2026-07-01 03:45:00,7519.50,7520.50,7519.25,7520.25,145
2026-07-01 03:46:00,7519.50,7519.75,7518.25,7519.00,274
2026-07-01 03:47:00,7519.00,7520.25,7519.00,7520.00,122
2026-07-01 03:48:00,7519.75,7521.00,7519.50,7521.00,105
2026-07-01 03:49:00,7520.75,7522.25,7519.50,7522.00,362
2026-07-01 03:50:00,7522.00,7522.75,7519.75,7521.25,376
2026-07-01 03:51:00,7521.00,7521.50,7519.50,7519.50,211
2026-07-01 03:52:00,7520.00,7520.50,7519.50,7520.50,89
2026-07-01 03:53:00,7520.25,7522.00,7520.25,7521.75,94
2026-07-01 03:54:00,7522.00,7522.25,7521.50,7522.00,124
2026-07-01 03:55:00,7522.00,7523.00,7521.75,7522.50,145
2026-07-01 03:56:00,7522.25,7522.75,7521.75,7522.00,153
2026-07-01 03:57:00,7521.75,7524.00,7521.75,7524.00,219
2026-07-01 03:58:00,7524.00,7524.25,7522.75,7523.00,219
2026-07-01 03:59:00,7522.75,7523.00,7522.25,7523.00,121
2026-07-01 04:00:00,7523.00,7523.25,7520.50,7521.25,633
2026-07-01 04:01:00,7521.00,7522.00,7520.75,7521.75,225
2026-07-01 04:02:00,7521.50,7521.75,7520.25,7520.50,151
2026-07-01 04:03:00,7520.75,7521.25,7520.00,7520.50,256
2026-07-01 04:04:00,7520.75,7522.25,7520.25,7520.25,242
2026-07-01 04:05:00,7520.00,7521.25,7519.25,7521.00,324
2026-07-01 04:06:00,7521.00,7521.00,7520.00,7520.50,148
2026-07-01 04:07:00,7520.50,7523.00,7520.00,7523.00,245
2026-07-01 04:08:00,7523.00,7524.75,7523.00,7524.75,438
2026-07-01 04:09:00,7524.75,7524.75,7523.25,7523.75,404
2026-07-01 04:10:00,7523.75,7524.75,7523.75,7523.75,252
2026-07-01 04:11:00,7524.00,7524.50,7522.50,7523.25,154
2026-07-01 04:12:00,7523.25,7524.50,7522.75,7524.25,218
2026-07-01 04:13:00,7524.50,7525.25,7524.25,7525.00,241
2026-07-01 04:14:00,7524.75,7525.25,7524.00,7524.25,142
2026-07-01 04:15:00,7524.25,7525.50,7523.25,7525.00,180
2026-07-01 04:16:00,7525.00,7525.25,7524.50,7525.00,102
2026-07-01 04:17:00,7525.00,7525.75,7524.25,7525.50,174
2026-07-01 04:18:00,7525.25,7525.50,7524.75,7525.25,112
2026-07-01 04:19:00,7525.25,7526.50,7525.25,7525.50,289
2026-07-01 04:20:00,7525.50,7526.50,7524.25,7525.25,373
2026-07-01 04:21:00,7525.50,7526.00,7525.00,7525.25,116
2026-07-01 04:22:00,7524.75,7524.75,7523.50,7523.50,157
2026-07-01 04:23:00,7523.75,7524.25,7522.50,7524.25,214
2026-07-01 04:24:00,7524.25,7524.75,7523.75,7524.25,73
2026-07-01 04:25:00,7524.25,7525.75,7524.25,7525.50,208
2026-07-01 04:26:00,7525.50,7525.50,7524.00,7524.50,114
2026-07-01 04:27:00,7524.50,7525.00,7523.75,7524.50,149
2026-07-01 04:28:00,7524.50,7524.75,7523.00,7523.00,125
2026-07-01 04:29:00,7523.00,7523.75,7522.50,7523.75,298
2026-07-01 04:30:00,7523.75,7524.75,7522.25,7522.25,173
2026-07-01 04:31:00,7522.50,7523.75,7522.00,7523.75,271
2026-07-01 04:32:00,7523.75,7524.50,7523.00,7523.25,107
2026-07-01 04:33:00,7523.25,7523.25,7522.25,7523.00,147
2026-07-01 04:34:00,7523.25,7526.00,7523.00,7525.25,252
2026-07-01 04:35:00,7525.00,7525.75,7524.50,7525.50,278
2026-07-01 04:36:00,7525.50,7526.25,7524.50,7525.50,295
2026-07-01 04:37:00,7525.50,7526.00,7525.00,7525.75,80
2026-07-01 04:38:00,7525.75,7525.75,7524.50,7525.00,72
2026-07-01 04:39:00,7525.00,7526.00,7525.00,7526.00,108
2026-07-01 04:40:00,7525.75,7526.00,7524.75,7524.75,117
2026-07-01 04:41:00,7525.25,7526.00,7525.00,7525.75,141
2026-07-01 04:42:00,7525.75,7528.25,7525.75,7528.00,378
2026-07-01 04:43:00,7527.75,7528.25,7527.25,7528.00,228
2026-07-01 04:44:00,7528.25,7528.50,7527.50,7527.50,148
2026-07-01 04:45:00,7527.75,7527.75,7526.50,7527.50,567
2026-07-01 04:46:00,7527.25,7527.50,7525.75,7526.25,575
2026-07-01 04:47:00,7526.25,7526.75,7525.00,7526.25,645
2026-07-01 04:48:00,7526.00,7526.25,7525.00,7525.25,520
2026-07-01 04:49:00,7525.50,7526.00,7525.00,7525.50,524
2026-07-01 04:50:00,7525.50,7525.75,7524.75,7525.50,587
2026-07-01 04:51:00,7525.50,7527.25,7525.50,7527.25,544
2026-07-01 04:52:00,7527.00,7528.00,7527.00,7527.50,592
2026-07-01 04:53:00,7527.25,7528.25,7527.25,7528.00,602
2026-07-01 04:54:00,7527.75,7529.25,7527.75,7528.50,736
2026-07-01 04:55:00,7528.75,7529.25,7527.50,7528.00,725
2026-07-01 04:56:00,7528.00,7528.25,7527.25,7528.00,657
2026-07-01 04:57:00,7527.75,7528.50,7526.75,7527.25,599
2026-07-01 04:58:00,7527.50,7527.75,7527.25,7527.50,504
2026-07-01 04:59:00,7527.50,7529.25,7527.25,7529.00,592
2026-07-01 05:00:00,7528.50,7529.00,7526.00,7527.25,868
2026-07-01 05:01:00,7527.00,7527.50,7526.00,7526.50,539
2026-07-01 05:02:00,7527.00,7527.25,7526.25,7526.50,449
2026-07-01 05:03:00,7526.25,7526.25,7525.00,7525.75,570
2026-07-01 05:04:00,7525.50,7525.75,7523.75,7524.25,679
2026-07-01 05:05:00,7524.50,7525.75,7524.00,7524.75,603
2026-07-01 05:06:00,7524.75,7526.25,7524.50,7525.75,504
2026-07-01 05:07:00,7525.75,7525.75,7524.50,7524.75,472
2026-07-01 05:08:00,7524.50,7526.00,7524.50,7525.00,626
2026-07-01 05:09:00,7524.75,7525.00,7523.50,7524.75,552
2026-07-01 05:10:00,7524.25,7524.50,7521.75,7522.00,1281
2026-07-01 05:11:00,7522.50,7523.75,7522.00,7523.50,1275
2026-07-01 05:12:00,7523.50,7526.25,7523.50,7526.25,303
2026-07-01 05:13:00,7526.25,7526.25,7525.75,7526.25,76
2026-07-01 05:14:00,7526.25,7526.75,7525.00,7525.75,142
2026-07-01 05:15:00,7525.50,7526.00,7525.25,7525.50,111
2026-07-01 05:16:00,7525.50,7525.50,7524.75,7525.25,72
2026-07-01 05:17:00,7525.50,7525.75,7524.75,7525.50,138
2026-07-01 05:18:00,7525.50,7526.25,7525.00,7526.00,93
2026-07-01 05:19:00,7525.75,7526.00,7525.50,7525.75,45
2026-07-01 05:20:00,7525.75,7526.50,7525.50,7525.75,78
2026-07-01 05:21:00,7525.75,7525.75,7525.25,7525.75,33
2026-07-01 05:22:00,7525.75,7526.50,7525.75,7526.00,62
2026-07-01 05:23:00,7526.50,7526.50,7525.75,7526.25,102
2026-07-01 05:24:00,7526.25,7526.50,7525.25,7525.25,97
2026-07-01 05:25:00,7525.25,7525.25,7523.00,7524.00,203
2026-07-01 05:26:00,7524.00,7524.75,7523.75,7524.75,93
2026-07-01 05:27:00,7524.75,7525.00,7524.25,7524.75,55
2026-07-01 05:28:00,7524.75,7525.00,7524.50,7524.50,22
2026-07-01 05:29:00,7524.75,7526.00,7524.50,7525.75,73
2026-07-01 05:30:00,7525.25,7525.75,7524.75,7525.00,63
2026-07-01 05:31:00,7525.25,7525.75,7525.25,7525.50,45
2026-07-01 05:32:00,7525.50,7527.00,7525.50,7526.50,138
2026-07-01 05:33:00,7526.50,7527.25,7526.00,7527.25,81
2026-07-01 05:34:00,7527.25,7527.75,7526.75,7527.00,87
2026-07-01 05:35:00,7527.25,7527.25,7526.50,7526.75,53
2026-07-01 05:36:00,7526.50,7527.50,7526.50,7527.25,48
2026-07-01 05:37:00,7527.00,7527.50,7526.25,7527.25,33
2026-07-01 05:38:00,7527.00,7527.00,7526.75,7526.75,30
2026-07-01 05:39:00,7527.00,7527.25,7526.75,7527.00,47
2026-07-01 05:40:00,7527.00,7527.75,7526.75,7527.00,119
2026-07-01 05:41:00,7527.25,7527.75,7526.75,7527.25,48
2026-07-01 05:42:00,7527.50,7527.50,7526.75,7526.75,66
2026-07-01 05:43:00,7526.75,7527.25,7526.50,7527.00,33
2026-07-01 05:44:00,7527.25,7527.25,7526.50,7527.00,73
2026-07-01 05:45:00,7527.25,7529.00,7527.00,7527.75,177
2026-07-01 05:46:00,7527.75,7528.50,7527.75,7527.75,58
2026-07-01 05:47:00,7527.75,7528.50,7527.50,7528.25,132
2026-07-01 05:48:00,7528.25,7529.00,7528.25,7528.50,55
2026-07-01 05:49:00,7528.75,7529.25,7528.25,7528.50,145
2026-07-01 05:50:00,7528.50,7528.75,7528.00,7528.25,82
2026-07-01 05:51:00,7528.25,7528.25,7527.50,7528.25,85
2026-07-01 05:52:00,7528.50,7528.75,7527.50,7528.25,40
2026-07-01 05:53:00,7528.25,7529.75,7528.25,7529.00,269
2026-07-01 05:54:00,7529.00,7530.00,7529.00,7529.75,290
2026-07-01 05:55:00,7529.50,7530.00,7529.25,7530.00,113
2026-07-01 05:56:00,7529.75,7530.25,7529.75,7530.00,207
2026-07-01 05:57:00,7530.00,7531.25,7530.00,7531.00,246
2026-07-01 05:58:00,7530.75,7531.00,7530.25,7530.75,179
2026-07-01 05:59:00,7530.75,7531.25,7530.75,7531.00,156
2026-07-01 06:00:00,7531.00,7531.75,7530.50,7530.50,183
2026-07-01 06:01:00,7530.50,7531.25,7530.00,7531.25,188
2026-07-01 06:02:00,7531.25,7532.25,7531.25,7531.25,278
2026-07-01 06:03:00,7531.00,7531.25,7530.50,7530.75,98
2026-07-01 06:04:00,7530.75,7531.00,7530.00,7530.50,230
2026-07-01 06:05:00,7530.50,7530.50,7529.75,7530.25,101
2026-07-01 06:06:00,7530.25,7530.25,7528.25,7528.50,205
2026-07-01 06:07:00,7528.75,7529.00,7528.25,7528.25,98
2026-07-01 06:08:00,7528.50,7529.00,7528.25,7529.00,68
2026-07-01 06:09:00,7529.25,7529.50,7528.50,7529.25,163
2026-07-01 06:10:00,7529.00,7529.00,7526.00,7526.50,473
2026-07-01 06:11:00,7526.50,7528.00,7526.00,7527.75,233
2026-07-01 06:12:00,7527.75,7528.75,7527.75,7528.50,128
2026-07-01 06:13:00,7528.50,7529.00,7527.75,7528.00,119
2026-07-01 06:14:00,7527.75,7528.50,7527.25,7528.25,106
2026-07-01 06:15:00,7528.50,7530.25,7528.50,7530.25,248
2026-07-01 06:16:00,7530.25,7531.00,7530.00,7531.00,162
2026-07-01 06:17:00,7530.75,7532.00,7530.50,7532.00,127
2026-07-01 06:18:00,7531.75,7532.25,7531.25,7532.00,196
2026-07-01 06:19:00,7532.00,7532.50,7531.75,7532.00,141
2026-07-01 06:20:00,7532.25,7534.75,7532.25,7534.50,542
2026-07-01 06:21:00,7534.25,7534.75,7534.00,7534.50,172
2026-07-01 06:22:00,7534.25,7534.50,7533.75,7534.00,118
2026-07-01 06:23:00,7534.00,7534.50,7533.75,7534.00,114
2026-07-01 06:24:00,7534.25,7534.50,7533.75,7534.25,89
2026-07-01 06:25:00,7534.25,7534.50,7534.00,7534.25,91
2026-07-01 06:26:00,7534.25,7534.75,7534.00,7534.50,130
2026-07-01 06:27:00,7534.25,7535.50,7533.50,7534.00,417
2026-07-01 06:28:00,7534.00,7534.75,7534.00,7534.25,120
2026-07-01 06:29:00,7534.25,7534.75,7534.25,7534.75,62
2026-07-01 06:30:00,7534.50,7535.50,7534.25,7535.00,173
2026-07-01 06:31:00,7535.00,7535.25,7533.75,7534.25,131
2026-07-01 06:32:00,7534.00,7534.50,7534.00,7534.50,67
2026-07-01 06:33:00,7534.50,7535.00,7534.50,7534.75,74
2026-07-01 06:34:00,7535.00,7535.75,7534.50,7535.75,149
2026-07-01 06:35:00,7535.75,7536.00,7535.00,7535.25,250
2026-07-01 06:36:00,7535.50,7536.00,7535.25,7535.50,176
2026-07-01 06:37:00,7535.25,7536.75,7535.25,7536.00,259
2026-07-01 06:38:00,7536.25,7536.25,7535.25,7535.50,81
2026-07-01 06:39:00,7535.50,7536.00,7535.50,7536.00,69
2026-07-01 06:40:00,7536.25,7536.75,7535.75,7536.50,109
2026-07-01 06:41:00,7536.25,7536.25,7534.75,7534.75,219
2026-07-01 06:42:00,7535.25,7535.25,7534.25,7534.75,206
2026-07-01 06:43:00,7534.50,7534.75,7531.00,7533.75,1497
2026-07-01 06:44:00,7533.50,7534.50,7533.50,7534.50,135
2026-07-01 06:45:00,7534.25,7534.75,7534.00,7534.25,145
2026-07-01 06:46:00,7534.25,7534.25,7533.75,7533.75,66
2026-07-01 06:47:00,7533.50,7534.25,7533.50,7534.25,111
2026-07-01 06:48:00,7534.25,7534.75,7534.00,7534.50,89
2026-07-01 06:49:00,7534.25,7535.00,7534.25,7535.00,63
2026-07-01 06:50:00,7535.00,7535.25,7534.75,7534.75,81
2026-07-01 06:51:00,7535.00,7536.00,7534.50,7536.00,126
2026-07-01 06:52:00,7536.00,7536.75,7535.75,7536.50,138
2026-07-01 06:53:00,7536.50,7536.50,7535.50,7535.75,149
2026-07-01 06:54:00,7535.75,7536.00,7534.75,7536.00,92
2026-07-01 06:55:00,7536.25,7536.75,7536.00,7536.75,170
2026-07-01 06:56:00,7537.00,7537.25,7536.75,7537.25,188
2026-07-01 06:57:00,7537.00,7537.75,7536.75,7537.50,186
2026-07-01 06:58:00,7537.25,7537.50,7536.25,7536.25,213
2026-07-01 06:59:00,7536.25,7536.25,7535.50,7536.00,170
2026-07-01 07:00:00,7536.00,7538.25,7536.00,7537.75,450
2026-07-01 07:01:00,7537.75,7537.75,7537.00,7537.50,125
2026-07-01 07:02:00,7537.50,7538.50,7537.25,7538.50,166
2026-07-01 07:03:00,7538.50,7539.50,7538.00,7538.75,274
2026-07-01 07:04:00,7538.75,7539.00,7538.25,7538.50,186
2026-07-01 07:05:00,7538.50,7539.75,7538.50,7539.00,183
2026-07-01 07:06:00,7539.25,7539.75,7539.00,7539.50,125
2026-07-01 07:07:00,7539.50,7539.75,7539.00,7539.25,118
2026-07-01 07:08:00,7539.25,7539.75,7538.50,7538.75,119
2026-07-01 07:09:00,7538.75,7539.00,7537.75,7538.75,224
2026-07-01 07:10:00,7538.75,7538.75,7538.00,7538.75,136
2026-07-01 07:11:00,7538.75,7539.75,7538.75,7539.00,186
2026-07-01 07:12:00,7539.00,7539.25,7537.50,7537.75,172
2026-07-01 07:13:00,7537.75,7537.75,7537.00,7537.25,223
2026-07-01 07:14:00,7537.00,7537.50,7536.50,7537.25,195
2026-07-01 07:15:00,7537.50,7538.25,7537.25,7537.50,203
2026-07-01 07:16:00,7537.75,7538.50,7537.50,7538.25,156
2026-07-01 07:17:00,7538.50,7539.00,7538.25,7538.25,178
2026-07-01 07:18:00,7538.25,7538.75,7537.75,7538.50,95
2026-07-01 07:19:00,7538.50,7538.50,7537.25,7537.25,108
2026-07-01 07:20:00,7537.25,7537.75,7536.75,7537.25,236
2026-07-01 07:21:00,7537.25,7537.50,7536.50,7537.00,84
2026-07-01 07:22:00,7537.00,7537.75,7536.25,7536.25,163
2026-07-01 07:23:00,7536.50,7537.25,7536.00,7536.00,236
2026-07-01 07:24:00,7536.25,7537.00,7536.00,7536.75,82
2026-07-01 07:25:00,7536.75,7537.75,7536.25,7537.50,137
2026-07-01 07:26:00,7537.50,7537.75,7537.00,7537.25,98
2026-07-01 07:27:00,7537.50,7538.00,7537.25,7537.25,80
2026-07-01 07:28:00,7537.25,7537.50,7536.75,7537.25,83
2026-07-01 07:29:00,7537.25,7537.25,7535.50,7536.25,153
2026-07-01 07:30:00,7536.00,7536.50,7535.50,7536.25,130
2026-07-01 07:31:00,7536.00,7536.25,7535.00,7535.50,217
2026-07-01 07:32:00,7535.25,7536.00,7535.00,7535.25,126
2026-07-01 07:33:00,7535.25,7536.00,7535.25,7535.75,213
2026-07-01 07:34:00,7535.75,7535.75,7534.50,7535.00,231
2026-07-01 07:35:00,7534.75,7535.50,7534.25,7535.25,164
2026-07-01 07:36:00,7535.25,7535.50,7534.50,7534.75,150
2026-07-01 07:37:00,7534.75,7535.25,7534.25,7535.00,159
2026-07-01 07:38:00,7534.75,7535.00,7533.50,7533.75,165
2026-07-01 07:39:00,7533.50,7534.75,7532.75,7534.75,301
2026-07-01 07:40:00,7535.00,7535.00,7533.50,7535.00,170
2026-07-01 07:41:00,7534.75,7535.00,7532.50,7533.25,411
2026-07-01 07:42:00,7532.75,7533.50,7532.25,7533.00,287
2026-07-01 07:43:00,7533.25,7534.50,7533.00,7534.50,152
2026-07-01 07:44:00,7534.25,7535.75,7534.25,7535.50,247
2026-07-01 07:45:00,7535.50,7535.50,7534.25,7534.75,251
2026-07-01 07:46:00,7534.50,7535.75,7534.50,7535.50,102
2026-07-01 07:47:00,7535.50,7536.00,7535.50,7535.50,103
2026-07-01 07:48:00,7535.75,7536.50,7533.50,7533.75,303
2026-07-01 07:49:00,7533.75,7534.25,7532.50,7532.75,283
2026-07-01 07:50:00,7532.75,7533.25,7532.25,7532.25,175
2026-07-01 07:51:00,7532.00,7533.25,7531.75,7532.75,440
2026-07-01 07:52:00,7533.00,7533.00,7532.00,7532.50,372
2026-07-01 07:53:00,7532.75,7533.00,7532.25,7532.50,186
2026-07-01 07:54:00,7532.75,7533.25,7530.00,7530.75,854
2026-07-01 07:55:00,7530.50,7531.25,7530.25,7530.75,363
2026-07-01 07:56:00,7530.75,7531.00,7530.00,7530.50,273
2026-07-01 07:57:00,7530.75,7531.50,7530.50,7531.25,358
2026-07-01 07:58:00,7531.25,7531.50,7530.25,7530.75,206
2026-07-01 07:59:00,7530.75,7531.75,7530.50,7531.00,279
2026-07-01 08:00:00,7531.00,7532.75,7531.00,7531.25,384
2026-07-01 08:01:00,7531.25,7531.25,7529.50,7530.00,500
2026-07-01 08:02:00,7530.00,7530.00,7527.50,7528.25,714
2026-07-01 08:03:00,7528.25,7528.75,7527.25,7528.75,400
2026-07-01 08:04:00,7529.00,7529.25,7527.75,7528.00,237
2026-07-01 08:05:00,7527.75,7529.25,7527.25,7529.00,368
2026-07-01 08:06:00,7529.25,7529.25,7527.25,7527.25,316
2026-07-01 08:07:00,7527.50,7529.25,7527.25,7528.00,386
2026-07-01 08:08:00,7528.00,7530.00,7527.75,7529.75,211
2026-07-01 08:09:00,7529.75,7530.50,7529.00,7530.50,240
2026-07-01 08:10:00,7530.50,7532.25,7530.50,7532.00,509
2026-07-01 08:11:00,7532.00,7532.50,7531.00,7531.50,505
2026-07-01 08:12:00,7531.25,7532.50,7530.00,7532.25,340
2026-07-01 08:13:00,7532.25,7533.25,7532.00,7533.00,275
2026-07-01 08:14:00,7533.25,7533.75,7532.25,7532.25,328
2026-07-01 08:15:00,7532.75,7535.25,7532.75,7535.00,531
2026-07-01 08:16:00,7535.25,7536.25,7534.00,7534.00,553
2026-07-01 08:17:00,7534.25,7535.50,7534.00,7535.00,294
2026-07-01 08:18:00,7535.00,7535.75,7533.50,7535.75,268
2026-07-01 08:19:00,7535.50,7537.00,7535.50,7536.75,365
2026-07-01 08:20:00,7537.00,7537.50,7536.00,7536.25,346
2026-07-01 08:21:00,7536.25,7537.00,7536.00,7536.75,196
2026-07-01 08:22:00,7536.50,7536.75,7535.50,7536.50,280
2026-07-01 08:23:00,7536.50,7537.75,7536.50,7537.25,182
2026-07-01 08:24:00,7537.50,7537.75,7536.75,7537.50,204
2026-07-01 08:25:00,7537.25,7537.50,7536.00,7536.50,288
2026-07-01 08:26:00,7536.50,7537.00,7536.25,7536.25,277
2026-07-01 08:27:00,7536.50,7537.25,7536.25,7536.25,186
2026-07-01 08:28:00,7536.25,7537.50,7536.00,7537.50,264
2026-07-01 08:29:00,7537.25,7537.50,7535.50,7535.50,225
2026-07-01 08:30:00,7535.75,7535.75,7532.75,7533.50,875
2026-07-01 08:31:00,7533.50,7535.00,7532.75,7534.75,403
2026-07-01 08:32:00,7534.75,7536.50,7534.00,7535.25,408
2026-07-01 08:33:00,7534.75,7538.75,7534.50,7537.75,757
2026-07-01 08:34:00,7538.00,7538.50,7527.75,7528.25,3148
2026-07-01 08:35:00,7528.25,7531.25,7526.75,7529.75,2024
2026-07-01 08:36:00,7529.75,7530.75,7526.25,7528.00,1585
2026-07-01 08:37:00,7528.00,7529.50,7526.25,7528.00,1034
2026-07-01 08:38:00,7528.00,7531.00,7528.00,7529.75,793
2026-07-01 08:39:00,7529.75,7530.00,7527.00,7527.00,896
2026-07-01 08:40:00,7527.00,7529.00,7526.00,7527.75,855
2026-07-01 08:41:00,7527.75,7530.50,7527.50,7530.50,553
2026-07-01 08:42:00,7530.50,7531.25,7524.75,7525.50,1393
2026-07-01 08:43:00,7525.75,7527.75,7524.75,7527.00,853
2026-07-01 08:44:00,7527.25,7530.00,7526.25,7528.00,1034
2026-07-01 08:45:00,7528.00,7529.25,7525.50,7528.25,950
2026-07-01 08:46:00,7528.00,7528.75,7526.50,7527.25,477
2026-07-01 08:47:00,7527.25,7528.25,7526.25,7526.75,774
2026-07-01 08:48:00,7526.75,7528.50,7526.25,7528.50,878
2026-07-01 08:49:00,7528.50,7528.50,7526.50,7528.00,492
2026-07-01 08:50:00,7528.00,7531.00,7527.50,7530.75,855
2026-07-01 08:51:00,7530.75,7531.50,7528.75,7531.25,589
2026-07-01 08:52:00,7531.00,7531.25,7528.25,7529.00,568
2026-07-01 08:53:00,7529.00,7529.00,7527.25,7528.00,520
2026-07-01 08:54:00,7527.75,7529.25,7526.25,7527.25,777
2026-07-01 08:55:00,7527.50,7528.75,7525.25,7527.75,778
2026-07-01 08:56:00,7527.75,7531.00,7526.50,7530.50,767
2026-07-01 08:57:00,7530.75,7532.00,7529.50,7529.50,762
2026-07-01 08:58:00,7529.50,7531.75,7529.00,7531.75,468
2026-07-01 08:59:00,7531.75,7531.75,7528.50,7528.50,775
2026-07-01 09:00:00,7528.25,7532.00,7528.25,7531.50,667
2026-07-01 09:01:00,7531.50,7535.00,7531.25,7533.25,1224
2026-07-01 09:02:00,7533.50,7533.75,7530.50,7531.75,658
2026-07-01 09:03:00,7531.75,7533.25,7528.50,7529.50,640
2026-07-01 09:04:00,7529.50,7531.00,7529.25,7530.00,481
2026-07-01 09:05:00,7529.75,7530.25,7527.00,7528.00,713
2026-07-01 09:06:00,7528.00,7528.25,7524.75,7526.00,992
2026-07-01 09:07:00,7526.00,7528.50,7526.00,7528.25,547
2026-07-01 09:08:00,7528.50,7528.75,7525.50,7525.75,478
2026-07-01 09:09:00,7526.00,7527.25,7523.75,7525.00,987
2026-07-01 09:10:00,7525.50,7526.00,7524.00,7525.50,699
2026-07-01 09:11:00,7525.75,7527.25,7524.25,7526.50,789
2026-07-01 09:12:00,7526.25,7526.75,7524.50,7525.25,371
2026-07-01 09:13:00,7524.75,7527.75,7524.25,7527.00,555
2026-07-01 09:14:00,7527.25,7527.50,7525.25,7527.00,443
2026-07-01 09:15:00,7527.25,7529.75,7527.00,7528.25,955
2026-07-01 09:16:00,7528.25,7530.00,7527.25,7529.50,684
2026-07-01 09:17:00,7529.25,7537.75,7529.25,7537.50,2277
2026-07-01 09:18:00,7537.50,7539.50,7536.50,7536.50,2497
2026-07-01 09:19:00,7537.00,7537.25,7534.50,7535.25,1065
2026-07-01 09:20:00,7535.00,7537.75,7534.75,7537.50,959
2026-07-01 09:21:00,7537.75,7538.00,7535.50,7537.25,611
2026-07-01 09:22:00,7537.25,7538.00,7534.50,7538.00,803
2026-07-01 09:23:00,7537.75,7538.75,7536.00,7536.50,749
2026-07-01 09:24:00,7536.50,7539.00,7536.25,7537.75,577
2026-07-01 09:25:00,7537.75,7537.75,7532.00,7532.50,1708
2026-07-01 09:26:00,7532.75,7534.00,7532.00,7533.50,1035
2026-07-01 09:27:00,7533.50,7535.75,7533.25,7535.00,1499
2026-07-01 09:28:00,7534.75,7535.75,7532.25,7532.75,1580
2026-07-01 09:29:00,7532.75,7534.75,7528.50,7532.00,3789
2026-07-01 09:30:00,7532.00,7534.00,7520.00,7527.75,12477
2026-07-01 09:31:00,7527.75,7527.75,7517.00,7522.50,7396
2026-07-01 09:32:00,7522.50,7527.75,7517.50,7520.00,6846
2026-07-01 09:33:00,7520.00,7521.00,7512.50,7512.75,6294
2026-07-01 09:34:00,7512.75,7514.75,7507.25,7508.75,8120
2026-07-01 09:35:00,7508.75,7513.00,7506.00,7508.50,7881
2026-07-01 09:36:00,7508.50,7512.00,7507.25,7509.75,5041
2026-07-01 09:37:00,7509.75,7516.50,7509.25,7511.75,6900
2026-07-01 09:38:00,7512.00,7513.75,7508.00,7513.75,6052
2026-07-01 09:39:00,7513.75,7517.00,7511.75,7513.75,5773
2026-07-01 09:40:00,7513.75,7518.50,7510.00,7516.00,7994
2026-07-01 09:41:00,7516.25,7520.00,7513.50,7516.00,4958
2026-07-01 09:42:00,7516.25,7519.25,7513.00,7518.50,3601
2026-07-01 09:43:00,7518.25,7520.00,7515.75,7517.50,3468
2026-07-01 09:44:00,7517.75,7518.00,7513.75,7514.75,2213
2026-07-01 09:45:00,7514.75,7520.00,7511.25,7519.50,5026
2026-07-01 09:46:00,7519.75,7523.25,7518.75,7519.75,5759
2026-07-01 09:47:00,7519.75,7521.75,7517.50,7520.25,3580
2026-07-01 09:48:00,7520.25,7524.25,7519.50,7520.75,3570
2026-07-01 09:49:00,7520.75,7522.00,7518.00,7519.75,3297
2026-07-01 09:50:00,7519.75,7526.00,7519.00,7525.00,3141
2026-07-01 09:51:00,7525.00,7528.50,7524.00,7527.00,4629
2026-07-01 09:52:00,7527.00,7530.25,7525.75,7529.50,3519
2026-07-01 09:53:00,7529.50,7532.50,7529.00,7530.75,4149
2026-07-01 09:54:00,7531.00,7532.50,7529.25,7531.00,2591
2026-07-01 09:55:00,7530.50,7533.00,7529.00,7530.75,3070
2026-07-01 09:56:00,7531.00,7531.50,7528.00,7530.25,2489
2026-07-01 09:57:00,7530.25,7531.25,7528.00,7531.00,1867
2026-07-01 09:58:00,7530.75,7536.00,7530.50,7533.75,4236
2026-07-01 09:59:00,7533.75,7537.00,7532.00,7536.00,2336
2026-07-01 10:00:00,7537.00,7540.00,7535.25,7537.75,5327
2026-07-01 10:01:00,7538.00,7538.50,7533.00,7535.75,3167
2026-07-01 10:02:00,7535.75,7538.00,7533.75,7535.25,2050
2026-07-01 10:03:00,7535.00,7538.50,7534.00,7538.25,2201
2026-07-01 10:04:00,7538.25,7539.25,7536.75,7537.25,2039
2026-07-01 10:05:00,7537.50,7542.50,7536.50,7541.50,4262
2026-07-01 10:06:00,7541.25,7544.00,7541.00,7543.75,4011
2026-07-01 10:07:00,7543.75,7545.75,7542.50,7545.25,3602
2026-07-01 10:08:00,7545.25,7546.50,7544.50,7545.50,2423
2026-07-01 10:09:00,7545.25,7545.50,7543.25,7544.50,2184
2026-07-01 10:10:00,7544.25,7547.75,7543.50,7547.25,3034
2026-07-01 10:11:00,7547.25,7550.75,7547.00,7550.25,4466
2026-07-01 10:12:00,7550.25,7551.75,7549.00,7549.50,3521
2026-07-01 10:13:00,7549.50,7552.50,7547.75,7551.50,3851
2026-07-01 10:14:00,7551.50,7552.25,7549.00,7549.75,2859
2026-07-01 10:15:00,7550.00,7551.50,7548.50,7548.50,2659
2026-07-01 10:16:00,7548.50,7551.00,7546.75,7548.75,3511
2026-07-01 10:17:00,7548.75,7549.75,7547.25,7549.50,1946
2026-07-01 10:18:00,7549.50,7550.25,7547.50,7548.25,1774
2026-07-01 10:19:00,7548.25,7552.00,7547.25,7551.00,2176
2026-07-01 10:20:00,7550.75,7552.00,7549.75,7550.50,1842
2026-07-01 10:21:00,7550.50,7553.50,7550.00,7552.75,3203
2026-07-01 10:22:00,7552.75,7553.25,7550.50,7551.25,2059
2026-07-01 10:23:00,7551.25,7552.75,7551.00,7552.25,1248
2026-07-01 10:24:00,7552.25,7552.50,7550.75,7551.50,1343
2026-07-01 10:25:00,7551.50,7552.50,7550.25,7551.00,1248
2026-07-01 10:26:00,7551.00,7553.75,7551.00,7552.00,2350
2026-07-01 10:27:00,7551.75,7553.75,7550.50,7553.25,1652
2026-07-01 10:28:00,7553.25,7553.50,7550.75,7551.50,1399
2026-07-01 10:29:00,7551.75,7552.75,7551.25,7551.75,1034
2026-07-01 10:30:00,7551.75,7552.50,7545.50,7547.00,5991
2026-07-01 10:31:00,7547.00,7548.50,7545.50,7547.50,3509
2026-07-01 10:32:00,7547.75,7549.25,7544.50,7546.50,3765
2026-07-01 10:33:00,7546.50,7547.25,7544.25,7545.00,2358
2026-07-01 10:34:00,7544.75,7548.00,7543.50,7546.25,3195
2026-07-01 10:35:00,7546.50,7546.75,7543.75,7544.75,2313
2026-07-01 10:36:00,7544.75,7547.75,7543.25,7547.50,2504
2026-07-01 10:37:00,7547.25,7551.00,7547.00,7550.50,3613
2026-07-01 10:38:00,7550.75,7552.75,7548.00,7551.00,2898
2026-07-01 10:39:00,7551.00,7552.50,7550.75,7552.25,1548
2026-07-01 10:40:00,7552.50,7553.25,7550.75,7552.25,2011
2026-07-01 10:41:00,7552.25,7552.25,7548.00,7548.25,2435
2026-07-01 10:42:00,7548.25,7550.00,7548.00,7549.25,1425
2026-07-01 10:43:00,7549.25,7552.75,7549.00,7552.00,1620
2026-07-01 10:44:00,7551.75,7555.50,7549.75,7549.75,4212
2026-07-01 10:45:00,7549.75,7550.25,7541.25,7543.00,6741
2026-07-01 10:46:00,7543.25,7545.00,7540.00,7544.75,5121
2026-07-01 10:47:00,7544.75,7548.25,7543.00,7545.50,3343
2026-07-01 10:48:00,7545.50,7546.25,7543.50,7545.25,1961
2026-07-01 10:49:00,7545.00,7548.25,7545.00,7548.25,1577
2026-07-01 10:50:00,7548.00,7551.75,7547.50,7551.75,3701
2026-07-01 10:51:00,7551.75,7554.00,7550.50,7552.75,2800
2026-07-01 10:52:00,7552.75,7552.75,7550.00,7550.25,1963
2026-07-01 10:53:00,7550.25,7552.75,7550.00,7552.25,1080
2026-07-01 10:54:00,7552.25,7552.50,7550.75,7552.50,1178
2026-07-01 10:55:00,7552.25,7552.75,7550.75,7551.50,1326
2026-07-01 10:56:00,7551.50,7552.50,7550.00,7551.25,1318
2026-07-01 10:57:00,7551.50,7552.25,7550.25,7550.25,1272
2026-07-01 10:58:00,7550.25,7551.00,7547.25,7547.50,2218
2026-07-01 10:59:00,7547.50,7553.50,7547.00,7553.50,2582
2026-07-01 11:00:00,7553.25,7555.25,7552.25,7553.00,3323
2026-07-01 11:01:00,7553.25,7557.00,7552.50,7556.25,3454
2026-07-01 11:02:00,7556.50,7557.75,7555.25,7557.25,2955
2026-07-01 11:03:00,7557.25,7559.25,7557.00,7558.75,2945
2026-07-01 11:04:00,7559.00,7562.75,7558.75,7561.50,4478
2026-07-01 11:05:00,7561.25,7564.25,7560.00,7563.00,3519
2026-07-01 11:06:00,7563.00,7563.50,7562.00,7562.75,2062
2026-07-01 11:07:00,7562.75,7564.50,7561.75,7561.75,2058
2026-07-01 11:08:00,7562.00,7562.00,7558.75,7559.75,3544
2026-07-01 11:09:00,7559.50,7560.75,7557.75,7560.50,2345
2026-07-01 11:10:00,7560.50,7562.25,7558.75,7562.00,1721
2026-07-01 11:11:00,7562.00,7562.25,7558.50,7560.50,1447
2026-07-01 11:12:00,7560.75,7563.25,7560.00,7563.25,1113
2026-07-01 11:13:00,7563.00,7564.00,7562.50,7563.50,1294
2026-07-01 11:14:00,7563.50,7564.50,7562.25,7564.25,1230
2026-07-01 11:15:00,7564.50,7566.75,7564.50,7565.75,3414
2026-07-01 11:16:00,7565.50,7565.75,7563.75,7564.50,1585
2026-07-01 11:17:00,7564.75,7568.00,7564.50,7567.75,1985
2026-07-01 11:18:00,7567.75,7568.00,7566.50,7567.50,1516
2026-07-01 11:19:00,7567.50,7570.50,7567.00,7568.50,3627
2026-07-01 11:20:00,7568.75,7573.00,7568.50,7571.50,3508
2026-07-01 11:21:00,7571.25,7573.25,7571.00,7571.75,1926
2026-07-01 11:22:00,7571.75,7574.50,7571.50,7573.75,2151
2026-07-01 11:23:00,7573.75,7574.75,7573.00,7574.25,1803
2026-07-01 11:24:00,7574.00,7574.50,7572.25,7573.00,1869
2026-07-01 11:25:00,7572.75,7574.25,7572.25,7573.75,1469
2026-07-01 11:26:00,7573.75,7574.50,7572.50,7573.50,1354
2026-07-01 11:27:00,7573.25,7574.75,7573.25,7574.25,1107
2026-07-01 11:28:00,7574.50,7577.75,7574.25,7576.75,3144
2026-07-01 11:29:00,7576.75,7577.75,7575.75,7577.50,2049
2026-07-01 11:30:00,7577.25,7578.50,7574.75,7575.00,3316
2026-07-01 11:31:00,7575.00,7578.00,7574.25,7576.50,2041
2026-07-01 11:32:00,7576.50,7577.00,7573.75,7574.25,1778
2026-07-01 11:33:00,7574.00,7574.75,7571.50,7572.75,2156
2026-07-01 11:34:00,7573.00,7573.50,7570.50,7570.75,2063
2026-07-01 11:35:00,7570.75,7573.00,7570.00,7570.50,2209
2026-07-01 11:36:00,7570.25,7570.50,7567.50,7570.00,2768
2026-07-01 11:37:00,7570.00,7572.00,7569.00,7569.25,1682
2026-07-01 11:38:00,7569.25,7571.50,7569.00,7569.75,1064
2026-07-01 11:39:00,7569.75,7571.50,7569.50,7570.75,1000
2026-07-01 11:40:00,7570.75,7571.50,7569.25,7570.50,1235
2026-07-01 11:41:00,7570.50,7572.50,7569.25,7572.50,1081
2026-07-01 11:42:00,7572.50,7573.75,7572.25,7573.00,1649
2026-07-01 11:43:00,7573.00,7573.25,7570.75,7571.25,1215
2026-07-01 11:44:00,7571.50,7573.00,7571.25,7572.50,948
2026-07-01 11:45:00,7572.75,7573.75,7572.00,7573.00,1066
2026-07-01 11:46:00,7572.75,7573.00,7571.50,7572.25,830
2026-07-01 11:47:00,7572.00,7572.75,7571.25,7571.50,986
2026-07-01 11:48:00,7571.50,7573.50,7571.25,7572.00,1024
2026-07-01 11:49:00,7571.75,7572.00,7568.00,7569.25,2404
2026-07-01 11:50:00,7569.25,7570.75,7569.00,7569.25,1506
2026-07-01 11:51:00,7569.00,7570.25,7568.00,7569.25,1331
2026-07-01 11:52:00,7569.25,7570.50,7568.75,7570.00,1003
2026-07-01 11:53:00,7569.75,7573.00,7569.50,7572.25,1500
2026-07-01 11:54:00,7572.00,7572.25,7569.25,7569.75,919
2026-07-01 11:55:00,7569.75,7570.50,7568.25,7568.50,944
2026-07-01 11:56:00,7568.50,7570.00,7568.00,7570.00,985
2026-07-01 11:57:00,7569.75,7571.25,7569.00,7571.00,1001
2026-07-01 11:58:00,7570.75,7573.25,7570.75,7571.75,1323
2026-07-01 11:59:00,7571.75,7573.25,7571.75,7572.50,627
2026-07-01 12:00:00,7572.50,7573.00,7571.50,7573.00,930
2026-07-01 12:01:00,7573.00,7573.75,7571.75,7572.50,831
2026-07-01 12:02:00,7572.75,7575.50,7571.75,7575.00,2135
2026-07-01 12:03:00,7574.75,7576.00,7573.75,7574.00,1356
2026-07-01 12:04:00,7574.25,7575.00,7571.75,7572.50,1534
2026-07-01 12:05:00,7572.75,7573.25,7571.00,7573.00,1601
2026-07-01 12:06:00,7573.25,7575.25,7573.00,7574.00,876
2026-07-01 12:07:00,7574.00,7575.50,7574.00,7574.50,657
2026-07-01 12:08:00,7574.50,7575.25,7573.50,7574.50,451
2026-07-01 12:09:00,7574.25,7574.75,7573.25,7573.25,715
2026-07-01 12:10:00,7573.25,7573.75,7571.50,7573.50,1141
2026-07-01 12:11:00,7573.50,7574.75,7573.00,7574.75,1081
2026-07-01 12:12:00,7575.00,7575.75,7574.50,7575.50,584
2026-07-01 12:13:00,7575.25,7575.75,7574.25,7575.25,553
2026-07-01 12:14:00,7575.25,7576.00,7574.50,7575.75,581
2026-07-01 12:15:00,7575.50,7576.50,7574.50,7574.50,979
2026-07-01 12:16:00,7574.50,7575.75,7573.50,7575.25,982
2026-07-01 12:17:00,7575.25,7575.75,7574.25,7574.50,520
2026-07-01 12:18:00,7574.50,7574.75,7573.00,7574.25,720
2026-07-01 12:19:00,7574.25,7576.00,7573.50,7575.75,982
2026-07-01 12:20:00,7575.50,7576.00,7574.75,7575.00,633
2026-07-01 12:21:00,7575.25,7575.75,7574.50,7575.00,636
2026-07-01 12:22:00,7575.00,7576.75,7574.25,7576.50,760
2026-07-01 12:23:00,7576.50,7579.00,7576.00,7578.75,2140
2026-07-01 12:24:00,7578.75,7579.00,7576.75,7577.00,1452
2026-07-01 12:25:00,7577.25,7578.25,7576.25,7576.25,1227
2026-07-01 12:26:00,7576.50,7577.75,7576.50,7577.25,503
2026-07-01 12:27:00,7577.25,7577.50,7576.00,7577.00,625
2026-07-01 12:28:00,7577.00,7577.25,7575.00,7575.25,696
2026-07-01 12:29:00,7575.50,7576.00,7574.00,7574.25,1201
2026-07-01 12:30:00,7574.50,7576.75,7574.25,7575.25,1215
2026-07-01 12:31:00,7575.25,7576.75,7574.75,7576.25,662
2026-07-01 12:32:00,7576.50,7576.50,7574.75,7575.50,451
2026-07-01 12:33:00,7575.50,7575.75,7575.00,7575.25,447
2026-07-01 12:34:00,7575.25,7575.50,7574.25,7574.75,669
2026-07-01 12:35:00,7574.75,7575.00,7572.75,7573.00,1168
2026-07-01 12:36:00,7573.00,7573.50,7572.25,7572.75,1034
2026-07-01 12:37:00,7573.00,7574.25,7572.25,7573.25,710
2026-07-01 12:38:00,7573.25,7573.50,7572.00,7572.25,703
2026-07-01 12:39:00,7572.50,7572.75,7569.75,7570.00,1631
2026-07-01 12:40:00,7569.75,7571.50,7569.00,7569.50,1873
2026-07-01 12:41:00,7569.50,7570.00,7567.25,7568.25,2143
2026-07-01 12:42:00,7568.25,7568.75,7567.25,7568.25,1100
2026-07-01 12:43:00,7568.75,7569.50,7567.75,7569.00,843
2026-07-01 12:44:00,7568.75,7570.75,7568.25,7570.50,1280
2026-07-01 12:45:00,7570.75,7570.75,7568.25,7568.75,1158
2026-07-01 12:46:00,7569.00,7570.00,7569.00,7569.50,497
2026-07-01 12:47:00,7569.50,7572.75,7569.50,7570.50,2073
2026-07-01 12:48:00,7570.50,7570.75,7569.25,7569.75,635
2026-07-01 12:49:00,7570.00,7570.00,7567.50,7567.50,1001
2026-07-01 12:50:00,7567.50,7570.00,7567.25,7569.75,1135
2026-07-01 12:51:00,7569.75,7569.75,7566.00,7567.00,1743
2026-07-01 12:52:00,7566.75,7567.75,7563.00,7563.75,3218
2026-07-01 12:53:00,7563.50,7566.00,7563.25,7563.75,1686
2026-07-01 12:54:00,7563.75,7566.00,7563.25,7565.00,1189
2026-07-01 12:55:00,7565.25,7565.75,7563.25,7563.50,867
2026-07-01 12:56:00,7563.25,7565.25,7562.25,7564.75,1759
2026-07-01 12:57:00,7564.75,7565.25,7563.50,7563.75,779
2026-07-01 12:58:00,7563.75,7564.00,7561.75,7562.50,1849
2026-07-01 12:59:00,7562.50,7562.75,7557.50,7559.75,3293
2026-07-01 13:00:00,7559.75,7564.00,7559.25,7562.25,2576
2026-07-01 13:01:00,7562.25,7563.75,7561.50,7563.50,1066
2026-07-01 13:02:00,7563.25,7563.50,7560.00,7560.75,1470
2026-07-01 13:03:00,7560.75,7561.50,7558.25,7559.00,1730
2026-07-01 13:04:00,7559.25,7560.25,7558.50,7559.50,786
2026-07-01 13:05:00,7559.25,7559.50,7556.25,7557.00,2317
2026-07-01 13:06:00,7557.00,7558.00,7554.50,7556.00,2675
2026-07-01 13:07:00,7556.25,7558.75,7556.00,7557.75,2561
2026-07-01 13:08:00,7557.75,7558.50,7556.75,7557.50,740
2026-07-01 13:09:00,7557.50,7560.25,7557.25,7559.50,1262
2026-07-01 13:10:00,7559.25,7559.75,7557.25,7558.00,1141
2026-07-01 13:11:00,7558.00,7559.25,7557.00,7558.75,845
2026-07-01 13:12:00,7558.75,7562.00,7558.25,7562.00,1947
2026-07-01 13:13:00,7562.00,7562.75,7560.25,7561.75,1541
2026-07-01 13:14:00,7561.75,7563.00,7561.50,7562.75,987
2026-07-01 13:15:00,7562.75,7564.75,7562.00,7562.50,1752
2026-07-01 13:16:00,7562.50,7563.25,7561.50,7562.75,825
2026-07-01 13:17:00,7562.75,7564.50,7561.75,7562.25,1201
2026-07-01 13:18:00,7562.00,7563.75,7562.00,7563.50,599
2026-07-01 13:19:00,7563.25,7565.75,7562.75,7565.00,1655
2026-07-01 13:20:00,7565.25,7567.00,7565.00,7566.25,1534
2026-07-01 13:21:00,7566.00,7566.50,7564.75,7565.00,839
2026-07-01 13:22:00,7565.00,7566.25,7564.75,7565.50,728
2026-07-01 13:23:00,7565.50,7566.50,7565.00,7566.00,421
2026-07-01 13:24:00,7565.75,7567.50,7565.50,7566.75,747
2026-07-01 13:25:00,7566.75,7568.50,7566.75,7567.00,1055
2026-07-01 13:26:00,7567.00,7567.75,7566.25,7566.75,887
2026-07-01 13:27:00,7567.00,7567.00,7565.50,7565.50,656
2026-07-01 13:28:00,7565.75,7566.00,7564.75,7565.00,1041
2026-07-01 13:29:00,7564.75,7565.00,7563.50,7564.00,1594
2026-07-01 13:30:00,7564.00,7566.50,7563.75,7566.00,982
2026-07-01 13:31:00,7565.75,7566.25,7564.50,7565.75,463
2026-07-01 13:32:00,7565.75,7566.50,7561.00,7562.50,1927
2026-07-01 13:33:00,7562.50,7563.50,7561.25,7562.50,1134
2026-07-01 13:34:00,7562.75,7563.50,7561.50,7563.00,680
2026-07-01 13:35:00,7563.00,7563.50,7561.00,7562.75,912
2026-07-01 13:36:00,7562.75,7563.00,7562.00,7562.75,374
2026-07-01 13:37:00,7562.50,7565.00,7562.50,7564.25,1246
2026-07-01 13:38:00,7564.00,7564.75,7563.50,7564.50,499
2026-07-01 13:39:00,7564.50,7565.50,7563.25,7564.00,886
2026-07-01 13:40:00,7564.25,7564.75,7562.50,7563.50,663
2026-07-01 13:41:00,7563.50,7563.50,7561.75,7563.00,606
2026-07-01 13:42:00,7563.00,7563.25,7561.00,7561.25,520
2026-07-01 13:43:00,7561.25,7561.75,7560.00,7561.50,918
2026-07-01 13:44:00,7561.25,7562.00,7559.25,7559.50,1030
2026-07-01 13:45:00,7559.25,7560.75,7558.25,7560.50,1367
2026-07-01 13:46:00,7560.25,7561.00,7558.75,7559.50,665
2026-07-01 13:47:00,7559.75,7560.00,7558.50,7558.50,807
2026-07-01 13:48:00,7558.75,7559.25,7557.25,7559.25,1399
2026-07-01 13:49:00,7559.25,7559.50,7557.75,7558.75,856
2026-07-01 13:50:00,7559.00,7560.75,7558.75,7560.25,948
2026-07-01 13:51:00,7560.25,7561.25,7558.75,7558.75,980
2026-07-01 13:52:00,7558.75,7559.25,7557.00,7559.00,1114
2026-07-01 13:53:00,7559.00,7562.00,7558.75,7561.50,1258
2026-07-01 13:54:00,7561.50,7561.50,7559.25,7560.50,684
2026-07-01 13:55:00,7560.75,7560.75,7557.75,7559.50,934
2026-07-01 13:56:00,7559.75,7560.00,7558.50,7559.25,606
2026-07-01 13:57:00,7559.00,7559.00,7557.25,7557.50,669
2026-07-01 13:58:00,7557.75,7558.50,7557.50,7557.75,564
2026-07-01 13:59:00,7557.75,7558.00,7556.25,7556.75,1327
2026-07-01 14:00:00,7556.75,7560.25,7556.00,7559.25,1793
2026-07-01 14:01:00,7559.50,7560.50,7558.50,7559.75,1002
2026-07-01 14:02:00,7559.75,7560.25,7558.50,7559.75,630
2026-07-01 14:03:00,7559.75,7560.75,7559.00,7560.25,849
2026-07-01 14:04:00,7560.25,7561.50,7559.75,7561.50,742
2026-07-01 14:05:00,7561.25,7561.50,7559.75,7560.50,643
2026-07-01 14:06:00,7560.00,7560.75,7557.25,7558.75,1121
2026-07-01 14:07:00,7559.00,7560.25,7558.25,7558.50,518
2026-07-01 14:08:00,7558.25,7559.75,7558.25,7559.50,420
2026-07-01 14:09:00,7559.25,7560.00,7558.50,7559.50,392
2026-07-01 14:10:00,7559.50,7559.75,7558.00,7558.00,503
2026-07-01 14:11:00,7558.00,7558.25,7555.75,7556.00,1437
2026-07-01 14:12:00,7556.00,7557.25,7555.75,7556.00,906
2026-07-01 14:13:00,7556.25,7557.00,7556.00,7556.75,598
2026-07-01 14:14:00,7556.75,7557.00,7555.25,7555.50,619
2026-07-01 14:15:00,7555.50,7555.75,7552.00,7553.50,3574
2026-07-01 14:16:00,7553.50,7553.75,7551.50,7552.75,1154
2026-07-01 14:17:00,7552.75,7554.50,7552.25,7553.75,1186
2026-07-01 14:18:00,7553.75,7554.00,7552.75,7553.75,686
2026-07-01 14:19:00,7553.75,7557.25,7553.25,7556.75,1726
2026-07-01 14:20:00,7557.00,7557.75,7555.50,7556.25,1246
2026-07-01 14:21:00,7556.25,7558.25,7555.75,7558.00,931
2026-07-01 14:22:00,7557.75,7558.50,7556.75,7557.25,801
2026-07-01 14:23:00,7557.25,7557.75,7556.00,7556.50,545
2026-07-01 14:24:00,7556.50,7559.50,7556.25,7559.25,837
2026-07-01 14:25:00,7559.00,7560.25,7558.25,7558.50,1060
2026-07-01 14:26:00,7558.50,7558.75,7557.50,7558.00,498
2026-07-01 14:27:00,7558.00,7558.25,7556.75,7557.50,522
2026-07-01 14:28:00,7557.25,7557.50,7556.25,7557.25,622
2026-07-01 14:29:00,7557.25,7557.25,7556.00,7556.00,433
2026-07-01 14:30:00,7556.00,7556.50,7554.75,7556.00,1450
2026-07-01 14:31:00,7555.75,7557.25,7554.75,7557.25,706
2026-07-01 14:32:00,7557.00,7557.50,7556.00,7556.25,538
2026-07-01 14:33:00,7556.25,7557.00,7555.50,7555.50,342
2026-07-01 14:34:00,7555.75,7557.25,7555.50,7556.75,432
2026-07-01 14:35:00,7556.75,7558.50,7556.50,7557.75,789
2026-07-01 14:36:00,7558.00,7558.00,7555.75,7556.50,481
2026-07-01 14:37:00,7556.75,7557.50,7555.75,7555.75,589
2026-07-01 14:38:00,7556.00,7557.00,7555.50,7556.25,441
2026-07-01 14:39:00,7556.25,7557.50,7556.25,7557.25,491
2026-07-01 14:40:00,7557.25,7558.00,7556.00,7556.00,521
2026-07-01 14:41:00,7556.25,7556.50,7555.25,7555.75,388
2026-07-01 14:42:00,7556.00,7557.00,7555.75,7556.25,430
2026-07-01 14:43:00,7556.25,7557.00,7555.75,7556.75,519
2026-07-01 14:44:00,7556.25,7557.00,7555.50,7556.50,755
2026-07-01 14:45:00,7556.50,7557.00,7555.50,7556.00,445
2026-07-01 14:46:00,7556.00,7556.25,7554.25,7554.75,884
2026-07-01 14:47:00,7554.75,7554.75,7552.25,7552.75,1702
2026-07-01 14:48:00,7552.75,7553.75,7551.25,7553.50,1871
2026-07-01 14:49:00,7553.50,7554.50,7553.00,7554.00,1152
2026-07-01 14:50:00,7554.00,7554.50,7553.00,7553.25,980
2026-07-01 14:51:00,7553.50,7555.00,7553.25,7553.75,718
2026-07-01 14:52:00,7553.75,7554.25,7552.75,7553.00,628
2026-07-01 14:53:00,7552.75,7553.00,7550.50,7551.25,2665
2026-07-01 14:54:00,7551.50,7551.75,7549.25,7549.75,1552
2026-07-01 14:55:00,7549.50,7551.50,7549.25,7550.25,1005
2026-07-01 14:56:00,7550.25,7550.75,7549.25,7550.50,852
2026-07-01 14:57:00,7550.50,7552.75,7550.00,7552.00,1065
2026-07-01 14:58:00,7552.50,7553.25,7551.75,7552.75,1059
2026-07-01 14:59:00,7552.50,7554.25,7552.50,7553.25,1115
2026-07-01 15:00:00,7553.50,7556.25,7552.75,7554.00,2526
2026-07-01 15:01:00,7553.75,7554.25,7553.00,7554.00,829
2026-07-01 15:02:00,7554.00,7557.00,7554.00,7556.50,1463
2026-07-01 15:03:00,7556.00,7557.00,7555.50,7556.75,1057
2026-07-01 15:04:00,7556.75,7558.00,7556.00,7557.75,1210
2026-07-01 15:05:00,7557.75,7560.50,7557.25,7560.25,2304
2026-07-01 15:06:00,7560.00,7560.50,7558.50,7560.50,1503
2026-07-01 15:07:00,7560.00,7560.25,7559.00,7559.50,894
2026-07-01 15:08:00,7559.50,7561.00,7559.00,7560.50,925
2026-07-01 15:09:00,7560.25,7561.75,7560.25,7561.00,1344
2026-07-01 15:10:00,7561.25,7561.25,7559.50,7560.25,1312
2026-07-01 15:11:00,7560.25,7560.75,7558.00,7558.25,1241
2026-07-01 15:12:00,7558.00,7558.75,7557.00,7558.25,1467
2026-07-01 15:13:00,7558.25,7559.00,7558.00,7558.25,330
2026-07-01 15:14:00,7558.25,7559.50,7557.50,7558.50,524
2026-07-01 15:15:00,7558.50,7559.50,7558.25,7559.00,641
2026-07-01 15:16:00,7559.25,7561.00,7559.25,7560.75,760
2026-07-01 15:17:00,7560.75,7561.00,7558.25,7559.25,954
2026-07-01 15:18:00,7559.25,7559.50,7557.75,7558.00,724
2026-07-01 15:19:00,7558.00,7559.00,7558.00,7559.00,544
2026-07-01 15:20:00,7559.00,7560.00,7558.25,7559.25,588
2026-07-01 15:21:00,7559.25,7559.50,7558.00,7558.00,604
2026-07-01 15:22:00,7558.00,7558.75,7557.50,7558.25,663
2026-07-01 15:23:00,7558.25,7559.00,7557.75,7558.50,453
2026-07-01 15:24:00,7558.75,7560.00,7558.75,7559.50,430
2026-07-01 15:25:00,7559.75,7559.75,7555.25,7556.00,1964
2026-07-01 15:26:00,7556.00,7556.25,7553.75,7554.50,1767
2026-07-01 15:27:00,7554.50,7555.25,7554.00,7554.25,780
2026-07-01 15:28:00,7554.50,7555.50,7554.25,7555.00,853
2026-07-01 15:29:00,7555.00,7555.75,7553.75,7553.75,974
2026-07-01 15:30:00,7553.75,7557.50,7553.75,7556.50,1673
2026-07-01 15:31:00,7556.50,7557.00,7554.25,7555.50,923
2026-07-01 15:32:00,7555.50,7556.25,7555.00,7555.75,541
2026-07-01 15:33:00,7555.50,7556.25,7554.50,7556.00,599
2026-07-01 15:34:00,7556.00,7556.75,7555.00,7555.50,729
2026-07-01 15:35:00,7555.50,7555.75,7553.75,7554.00,831
2026-07-01 15:36:00,7554.25,7554.25,7552.50,7553.25,1096
2026-07-01 15:37:00,7553.25,7553.75,7552.75,7553.25,571
2026-07-01 15:38:00,7553.00,7553.25,7551.75,7551.75,922
2026-07-01 15:39:00,7552.00,7553.00,7551.75,7552.75,1090
2026-07-01 15:40:00,7552.50,7553.00,7550.25,7551.00,1578
2026-07-01 15:41:00,7550.75,7551.75,7549.25,7549.50,1688
2026-07-01 15:42:00,7549.75,7550.00,7548.75,7549.75,1395
2026-07-01 15:43:00,7549.75,7550.50,7548.75,7550.00,1361
2026-07-01 15:44:00,7550.00,7551.25,7549.00,7550.50,1950
2026-07-01 15:45:00,7550.50,7551.00,7549.25,7549.75,1361
2026-07-01 15:46:00,7549.75,7550.25,7548.50,7549.25,881
2026-07-01 15:47:00,7549.25,7550.00,7549.00,7549.75,682
2026-07-01 15:48:00,7549.75,7549.75,7547.50,7547.75,1063
2026-07-01 15:49:00,7548.00,7549.25,7547.00,7549.25,1441
2026-07-01 15:50:00,7549.00,7552.50,7548.50,7549.00,3076
2026-07-01 15:51:00,7548.75,7548.75,7545.75,7546.00,2231
2026-07-01 15:52:00,7546.00,7546.00,7543.00,7544.75,3370
2026-07-01 15:53:00,7544.50,7547.50,7543.50,7547.00,2327
2026-07-01 15:54:00,7546.75,7547.75,7544.00,7546.75,4022
2026-07-01 15:55:00,7546.50,7546.75,7544.00,7546.00,2734
2026-07-01 15:56:00,7546.00,7547.50,7545.00,7545.25,1646
2026-07-01 15:57:00,7545.25,7545.25,7536.50,7539.50,5141
2026-07-01 15:58:00,7539.25,7542.75,7539.00,7541.50,3175
2026-07-01 15:59:00,7541.50,7547.25,7541.25,7542.00,13848
2026-07-01 16:00:00,7542.25,7543.00,7535.25,7536.00,5813
2026-07-01 16:01:00,7535.75,7535.75,7530.75,7532.75,2789
2026-07-01 16:02:00,7533.00,7534.00,7530.75,7532.25,1207
2026-07-01 16:03:00,7532.25,7532.75,7529.25,7531.00,1730
2026-07-01 16:04:00,7531.25,7532.50,7529.00,7532.00,1390
2026-07-01 16:05:00,7532.00,7533.50,7529.75,7530.50,1461
2026-07-01 16:06:00,7530.50,7533.75,7530.00,7533.00,1517
2026-07-01 16:07:00,7533.00,7535.00,7532.50,7534.50,879
2026-07-01 16:08:00,7534.50,7535.00,7533.75,7534.50,732
2026-07-01 16:09:00,7534.25,7534.75,7533.00,7533.25,631
2026-07-01 16:10:00,7533.25,7535.25,7532.50,7534.75,676
2026-07-01 16:11:00,7534.75,7536.25,7534.00,7534.00,689
2026-07-01 16:12:00,7534.00,7534.75,7532.75,7534.75,290
2026-07-01 16:13:00,7534.50,7537.00,7534.50,7534.75,711
2026-07-01 16:14:00,7535.00,7537.00,7534.75,7535.25,591
2026-07-01 16:15:00,7535.00,7535.50,7532.75,7533.75,645
2026-07-01 16:16:00,7533.50,7534.00,7531.75,7532.00,354
2026-07-01 16:17:00,7532.25,7533.25,7531.25,7531.50,315
2026-07-01 16:18:00,7531.50,7533.25,7531.25,7533.00,416
2026-07-01 16:19:00,7532.75,7533.50,7532.00,7532.00,196
2026-07-01 16:20:00,7532.25,7533.00,7531.75,7532.25,220
2026-07-01 16:21:00,7532.50,7532.50,7531.00,7531.75,199
2026-07-01 16:22:00,7531.75,7533.50,7531.00,7533.25,288
2026-07-01 16:23:00,7533.00,7534.00,7533.00,7533.75,253
2026-07-01 16:24:00,7533.75,7534.75,7533.50,7534.50,258
2026-07-01 16:25:00,7534.50,7535.50,7534.25,7534.50,301
2026-07-01 16:26:00,7534.50,7535.00,7533.50,7533.50,262
2026-07-01 16:27:00,7533.25,7534.75,7532.00,7534.75,327
2026-07-01 16:28:00,7534.50,7534.50,7531.50,7532.00,337
2026-07-01 16:29:00,7532.50,7532.50,7531.75,7532.25,240
2026-07-01 16:30:00,7532.00,7532.25,7531.25,7531.50,285
2026-07-01 16:31:00,7531.25,7532.50,7530.25,7532.50,555
2026-07-01 16:32:00,7532.50,7533.00,7531.25,7531.50,272
2026-07-01 16:33:00,7531.75,7531.75,7530.75,7531.00,286
2026-07-01 16:34:00,7531.25,7531.25,7529.00,7529.25,460
2026-07-01 16:35:00,7529.50,7529.50,7527.00,7527.25,730
2026-07-01 16:36:00,7527.25,7528.00,7525.50,7527.75,558
2026-07-01 16:37:00,7527.75,7529.50,7527.25,7529.25,483
2026-07-01 16:38:00,7529.00,7529.75,7528.25,7528.50,222
2026-07-01 16:39:00,7528.50,7529.75,7528.00,7529.50,263
2026-07-01 16:40:00,7529.50,7530.50,7529.25,7529.75,454
2026-07-01 16:41:00,7529.75,7530.50,7529.50,7529.75,193
2026-07-01 16:42:00,7529.50,7530.50,7529.25,7530.25,173
2026-07-01 16:43:00,7530.00,7530.25,7529.50,7530.00,218
2026-07-01 16:44:00,7530.00,7530.50,7529.75,7530.25,219
2026-07-01 16:45:00,7530.50,7531.50,7530.00,7530.00,499
2026-07-01 16:46:00,7529.75,7530.75,7529.75,7529.75,175
2026-07-01 16:47:00,7529.75,7530.75,7529.75,7530.50,308
2026-07-01 16:48:00,7530.75,7531.00,7530.00,7530.75,312
2026-07-01 16:49:00,7531.00,7531.25,7530.50,7530.75,200
2026-07-01 16:50:00,7530.75,7531.50,7530.25,7531.50,157
2026-07-01 16:51:00,7531.25,7531.75,7530.75,7530.75,295
2026-07-01 16:52:00,7530.75,7531.25,7529.50,7529.50,187
2026-07-01 16:53:00,7529.25,7530.00,7528.50,7529.25,246
2026-07-01 16:54:00,7529.00,7529.75,7528.75,7529.75,98
2026-07-01 16:55:00,7530.00,7531.50,7529.25,7531.50,452
2026-07-01 16:56:00,7531.50,7531.50,7530.75,7530.75,97
2026-07-01 16:57:00,7530.75,7532.00,7530.75,7531.75,124
2026-07-01 16:58:00,7531.50,7532.50,7530.75,7532.50,165
2026-07-01 16:59:00,7532.25,7534.00,7532.00,7533.00,351
2026-07-01 18:00:00,7535.50,7539.00,7532.75,7534.00,1058
2026-07-01 18:01:00,7533.50,7535.75,7532.75,7535.75,284
2026-07-01 18:02:00,7535.50,7537.50,7534.25,7534.50,367
2026-07-01 18:03:00,7534.75,7536.00,7532.50,7533.75,394
2026-07-01 18:04:00,7533.75,7534.25,7531.75,7533.75,325
2026-07-01 18:05:00,7533.75,7535.00,7532.50,7534.00,331
2026-07-01 18:06:00,7534.25,7535.75,7534.00,7535.25,282
2026-07-01 18:07:00,7535.50,7537.00,7535.50,7536.50,271
2026-07-01 18:08:00,7536.75,7538.25,7536.50,7537.00,449
2026-07-01 18:09:00,7537.50,7537.75,7535.00,7535.75,367
2026-07-01 18:10:00,7535.75,7536.00,7534.75,7534.75,126
2026-07-01 18:11:00,7535.00,7535.00,7534.00,7534.00,158
2026-07-01 18:12:00,7534.25,7534.50,7533.75,7534.00,120
2026-07-01 18:13:00,7534.00,7534.00,7532.50,7532.50,190
2026-07-01 18:14:00,7532.75,7533.25,7532.00,7532.00,183
2026-07-01 18:15:00,7532.00,7533.50,7532.00,7533.00,213
2026-07-01 18:16:00,7532.75,7533.25,7532.25,7533.00,170
2026-07-01 18:17:00,7533.25,7533.25,7532.00,7532.50,114
2026-07-01 18:18:00,7532.75,7533.25,7532.50,7533.25,81
2026-07-01 18:19:00,7533.00,7534.25,7532.75,7534.25,86
2026-07-01 18:20:00,7534.00,7536.75,7534.00,7536.75,366
2026-07-01 18:21:00,7536.75,7538.00,7536.75,7537.50,277
2026-07-01 18:22:00,7537.75,7538.00,7537.00,7537.75,267
2026-07-01 18:23:00,7537.50,7537.75,7537.00,7537.25,173
2026-07-01 18:24:00,7537.50,7538.50,7537.00,7537.50,261
2026-07-01 18:25:00,7538.00,7538.25,7537.00,7538.00,183
2026-07-01 18:26:00,7538.00,7538.25,7537.25,7538.25,86
2026-07-01 18:27:00,7538.25,7538.50,7537.50,7538.25,75
2026-07-01 18:28:00,7538.50,7538.75,7537.75,7538.25,120
2026-07-01 18:29:00,7538.25,7538.50,7537.50,7538.25,122
2026-07-01 18:30:00,7538.00,7538.75,7537.75,7538.25,92
2026-07-01 18:31:00,7538.00,7538.25,7537.25,7537.75,207
2026-07-01 18:32:00,7537.75,7538.75,7537.75,7538.75,129
2026-07-01 18:33:00,7539.00,7539.75,7538.75,7539.50,260
2026-07-01 18:34:00,7539.25,7539.75,7539.25,7539.50,250
2026-07-01 18:35:00,7539.50,7539.75,7539.25,7539.75,71
2026-07-01 18:36:00,7539.75,7540.25,7538.50,7538.75,243
2026-07-01 18:37:00,7538.75,7539.50,7538.50,7538.75,117
2026-07-01 18:38:00,7539.00,7539.25,7538.25,7538.75,150
2026-07-01 18:39:00,7538.50,7539.25,7538.50,7539.00,39
2026-07-01 18:40:00,7539.25,7539.50,7539.00,7539.50,41
2026-07-01 18:41:00,7539.00,7540.25,7539.00,7539.25,165
2026-07-01 18:42:00,7539.00,7539.50,7538.75,7539.00,74
2026-07-01 18:43:00,7539.00,7539.75,7539.00,7539.50,42
