timestamp,open,high,low,close,volume
2026-06-16 00:00:00,7623.25,7623.5,7622.25,7622.5,375
2026-06-16 00:05:00,7622.25,7622.5,7620.5,7621.25,495
2026-06-16 00:10:00,7621.5,7622.5,7621.0,7621.75,280
2026-06-16 00:15:00,7621.5,7622.5,7619.0,7619.5,738
2026-06-16 00:20:00,7619.75,7622.0,7619.5,7621.5,417
2026-06-16 00:25:00,7620.75,7621.25,7619.75,7620.5,464
2026-06-16 00:30:00,7620.5,7621.0,7619.25,7620.0,391
2026-06-16 00:35:00,7620.0,7621.25,7619.25,7621.25,277
2026-06-16 00:40:00,7621.5,7622.0,7619.25,7619.5,444
2026-06-16 00:45:00,7619.25,7620.0,7616.75,7618.0,876
2026-06-16 00:50:00,7618.0,7618.0,7615.25,7615.75,920
2026-06-16 00:55:00,7615.75,7619.0,7615.25,7618.5,600
2026-06-16 01:00:00,7618.75,7621.5,7618.5,7621.0,580
2026-06-16 01:05:00,7621.0,7622.0,7620.0,7621.75,390
2026-06-16 01:10:00,7621.75,7624.5,7621.75,7623.0,627
2026-06-16 01:15:00,7623.0,7625.25,7622.75,7624.75,438
2026-06-16 01:20:00,7624.5,7624.5,7622.25,7623.0,406
2026-06-16 01:25:00,7622.75,7623.0,7621.5,7621.75,569
2026-06-16 01:30:00,7621.75,7622.75,7616.0,7616.0,818
2026-06-16 01:35:00,7616.25,7619.25,7616.0,7617.75,848
2026-06-16 01:40:00,7617.75,7619.0,7617.0,7618.0,379
2026-06-16 01:45:00,7618.0,7620.0,7618.0,7618.25,466
2026-06-16 01:50:00,7618.25,7620.75,7618.0,7619.0,410
2026-06-16 01:55:00,7619.0,7619.25,7617.5,7618.25,218
2026-06-16 02:00:00,7618.0,7621.75,7617.0,7621.25,790
2026-06-16 02:05:00,7621.0,7623.0,7621.0,7622.25,651
2026-06-16 02:10:00,7622.0,7624.0,7621.5,7623.25,665
2026-06-16 02:15:00,7623.25,7623.5,7620.75,7621.5,414
2026-06-16 02:20:00,7621.25,7621.75,7620.0,7621.5,640
2026-06-16 02:25:00,7621.5,7623.25,7621.5,7623.25,474
2026-06-16 02:30:00,7623.25,7624.0,7621.5,7622.25,622
2026-06-16 02:35:00,7622.25,7623.75,7621.25,7622.5,554
2026-06-16 02:40:00,7622.0,7623.0,7620.75,7621.0,457
2026-06-16 02:45:00,7621.0,7621.5,7619.75,7620.25,599
2026-06-16 02:50:00,7620.0,7622.25,7620.0,7622.0,326
2026-06-16 02:55:00,7622.5,7623.0,7621.0,7622.5,462
2026-06-16 03:00:00,7622.25,7625.0,7621.75,7622.5,1159
2026-06-16 03:05:00,7622.25,7626.0,7622.25,7625.5,1006
2026-06-16 03:10:00,7625.5,7626.5,7623.5,7623.75,922
2026-06-16 03:15:00,7623.75,7626.0,7623.25,7625.5,1058
2026-06-16 03:20:00,7625.25,7626.5,7623.75,7624.25,729
2026-06-16 03:25:00,7624.5,7627.75,7624.5,7626.5,688
2026-06-16 03:30:00,7626.5,7627.5,7625.25,7625.5,762
2026-06-16 03:35:00,7625.75,7627.75,7625.25,7627.25,785
2026-06-16 03:40:00,7627.25,7627.75,7622.0,7622.25,1247
2026-06-16 03:45:00,7622.25,7623.25,7620.25,7621.25,1404
2026-06-16 03:50:00,7621.25,7624.75,7621.0,7623.75,943
2026-06-16 03:55:00,7623.75,7625.25,7623.25,7624.5,552
2026-06-16 04:00:00,7624.75,7627.25,7622.5,7626.5,1191
2026-06-16 04:05:00,7626.5,7630.25,7625.5,7629.0,2078
2026-06-16 04:10:00,7629.25,7630.25,7626.0,7626.75,1348
2026-06-16 04:15:00,7626.75,7628.5,7625.25,7626.5,1094
2026-06-16 04:20:00,7626.5,7626.5,7624.25,7625.0,1039
2026-06-16 04:25:00,7625.25,7626.25,7624.0,7626.25,1219
2026-06-16 04:30:00,7626.5,7627.5,7622.5,7623.5,1624
2026-06-16 04:35:00,7623.5,7624.5,7620.75,7621.75,1240
2026-06-16 04:40:00,7621.5,7623.5,7620.75,7623.0,741
2026-06-16 04:45:00,7623.0,7623.25,7621.0,7622.25,517
2026-06-16 04:50:00,7622.25,7628.0,7622.0,7627.5,1753
2026-06-16 04:55:00,7627.5,7628.75,7625.5,7626.5,1072
2026-06-16 05:00:00,7626.25,7627.75,7625.0,7627.25,871
2026-06-16 05:05:00,7627.25,7628.75,7627.0,7628.25,784
2026-06-16 05:10:00,7628.25,7628.25,7626.75,7627.0,710
2026-06-16 05:15:00,7627.0,7627.5,7622.0,7622.0,1263
2026-06-16 05:20:00,7622.25,7624.5,7622.0,7624.5,776
2026-06-16 05:25:00,7624.5,7625.0,7622.25,7622.75,840
2026-06-16 05:30:00,7623.0,7625.25,7622.5,7624.25,592
2026-06-16 05:35:00,7624.25,7625.0,7622.5,7623.5,447
2026-06-16 05:40:00,7623.25,7623.25,7620.25,7621.25,763
2026-06-16 05:45:00,7621.5,7622.0,7619.25,7620.0,1156
2026-06-16 05:50:00,7620.0,7622.25,7620.0,7622.0,673
2026-06-16 05:55:00,7622.0,7622.25,7618.75,7620.25,819
2026-06-16 06:00:00,7620.5,7622.75,7620.5,7622.5,753
2026-06-16 06:05:00,7622.5,7624.75,7622.25,7624.75,869
2026-06-16 06:10:00,7624.75,7625.5,7623.5,7625.5,750
2026-06-16 06:15:00,7625.5,7626.25,7623.75,7623.75,686
2026-06-16 06:20:00,7624.0,7625.5,7623.0,7625.0,642
2026-06-16 06:25:00,7625.0,7627.25,7624.75,7626.25,648
2026-06-16 06:30:00,7626.25,7627.0,7624.5,7626.0,782
2026-06-16 06:35:00,7626.0,7628.25,7625.0,7628.25,720
2026-06-16 06:40:00,7628.0,7628.25,7626.5,7627.0,885
2026-06-16 06:45:00,7627.0,7628.25,7626.25,7627.5,350
2026-06-16 06:50:00,7627.5,7630.0,7626.75,7629.25,1096
2026-06-16 06:55:00,7629.25,7631.0,7628.75,7630.75,983
2026-06-16 07:00:00,7630.5,7632.25,7629.75,7631.25,1674
2026-06-16 07:05:00,7631.25,7632.25,7628.5,7629.0,1278
2026-06-16 07:10:00,7629.25,7632.0,7628.5,7631.25,986
2026-06-16 07:15:00,7630.75,7633.5,7630.0,7633.25,1591
2026-06-16 07:20:00,7633.25,7634.25,7631.0,7631.75,1241
2026-06-16 07:25:00,7631.75,7632.75,7629.0,7631.75,920
2026-06-16 07:30:00,7632.0,7633.25,7631.0,7631.5,973
2026-06-16 07:35:00,7631.75,7631.75,7628.75,7631.5,1112
2026-06-16 07:40:00,7631.5,7633.5,7631.0,7633.0,803
2026-06-16 07:45:00,7633.25,7634.25,7632.5,7632.5,1143
2026-06-16 07:50:00,7632.5,7633.5,7630.5,7630.5,920
2026-06-16 07:55:00,7630.5,7631.75,7630.5,7631.25,602
2026-06-16 08:00:00,7631.25,7633.25,7630.25,7630.75,1064
2026-06-16 08:05:00,7630.75,7634.25,7630.5,7634.0,1433
2026-06-16 08:10:00,7634.0,7634.75,7631.0,7631.25,1653
2026-06-16 08:15:00,7631.0,7631.5,7628.0,7629.25,2060
2026-06-16 08:20:00,7629.0,7629.25,7622.75,7623.25,3913
2026-06-16 08:25:00,7623.25,7626.0,7621.75,7625.5,3907
2026-06-16 08:30:00,7625.5,7626.75,7622.25,7626.5,3075
2026-06-16 08:35:00,7626.25,7627.0,7624.0,7625.0,2085
2026-06-16 08:40:00,7624.75,7625.75,7623.25,7623.75,1755
2026-06-16 08:45:00,7624.0,7625.5,7622.25,7624.25,2507
2026-06-16 08:50:00,7624.25,7627.75,7624.0,7627.0,2844
2026-06-16 08:55:00,7627.0,7628.75,7625.0,7625.25,2424
2026-06-16 09:00:00,7625.25,7627.0,7623.5,7625.75,3187
2026-06-16 09:05:00,7625.75,7625.75,7620.75,7621.5,4127
2026-06-16 09:10:00,7621.75,7625.0,7620.75,7624.25,3237
2026-06-16 09:15:00,7624.5,7626.75,7622.0,7626.5,2847
2026-06-16 09:20:00,7626.25,7628.25,7626.25,7627.75,2475
2026-06-16 09:25:00,7627.75,7630.75,7626.5,7628.0,5829
2026-06-16 09:30:00,7628.0,7636.5,7624.25,7634.75,29594
2026-06-16 09:35:00,7634.5,7636.5,7629.75,7630.0,19645
2026-06-16 09:40:00,7629.75,7635.0,7628.5,7630.5,18547
2026-06-16 09:45:00,7630.25,7636.25,7628.75,7633.5,16489
2026-06-16 09:50:00,7633.5,7635.25,7630.0,7631.25,10521
2026-06-16 09:55:00,7631.5,7632.25,7621.75,7622.75,20730
2026-06-16 10:00:00,7622.75,7629.5,7622.5,7628.5,19254
2026-06-16 10:05:00,7628.5,7633.0,7623.5,7633.0,16658
2026-06-16 10:10:00,7633.0,7634.25,7628.0,7630.25,13907
2026-06-16 10:15:00,7630.5,7632.75,7620.25,7621.75,21286
2026-06-16 10:20:00,7621.5,7625.25,7613.0,7617.25,29670
2026-06-16 10:25:00,7617.25,7621.25,7612.0,7612.0,24250
2026-06-16 10:30:00,7612.25,7612.5,7604.0,7606.75,27282
2026-06-16 10:35:00,7607.0,7617.75,7606.25,7617.75,24150
2026-06-16 10:40:00,7617.5,7621.5,7614.25,7614.25,18548
2026-06-16 10:45:00,7614.25,7616.25,7611.5,7613.0,13968
2026-06-16 10:50:00,7612.75,7619.0,7612.5,7613.75,16472
2026-06-16 10:55:00,7613.75,7616.0,7606.5,7611.25,19522
2026-06-16 11:00:00,7611.0,7616.25,7610.0,7615.0,15020
2026-06-16 11:05:00,7615.25,7618.0,7611.5,7616.0,12368
2026-06-16 11:10:00,7616.25,7619.25,7612.75,7616.0,10770
2026-06-16 11:15:00,7615.75,7618.5,7611.75,7612.0,8546
2026-06-16 11:20:00,7612.0,7614.5,7607.5,7611.0,14476
2026-06-16 11:25:00,7610.5,7612.75,7604.5,7608.0,14316
2026-06-16 11:30:00,7608.25,7615.0,7608.0,7613.5,13960
2026-06-16 11:35:00,7613.5,7616.5,7608.25,7610.25,12238
2026-06-16 11:40:00,7610.5,7611.75,7605.75,7606.75,9899
2026-06-16 11:45:00,7606.75,7608.25,7598.75,7604.25,22797
2026-06-16 11:50:00,7604.5,7614.75,7602.25,7614.25,19387
2026-06-16 11:55:00,7614.25,7616.75,7609.75,7610.0,15498
2026-06-16 12:00:00,7609.75,7618.75,7609.5,7615.75,14894
2026-06-16 12:05:00,7616.0,7619.5,7615.25,7617.75,8104
2026-06-16 12:10:00,7617.75,7622.5,7616.25,7619.0,10075
2026-06-16 12:15:00,7619.25,7621.25,7615.5,7619.0,9543
2026-06-16 12:20:00,7619.0,7621.75,7616.5,7618.0,7889
2026-06-16 12:25:00,7617.75,7619.0,7614.25,7616.25,7777
2026-06-16 12:30:00,7616.25,7617.25,7607.0,7607.25,12761
2026-06-16 12:35:00,7607.25,7611.0,7606.75,7610.25,10481
2026-06-16 12:40:00,7610.25,7615.0,7608.25,7613.25,10213
2026-06-16 12:45:00,7613.25,7615.0,7610.0,7610.5,8789
2026-06-16 12:50:00,7610.75,7613.75,7607.25,7609.0,9511
2026-06-16 12:55:00,7609.0,7610.75,7606.0,7610.5,9082
2026-06-16 13:00:00,7610.5,7610.5,7605.25,7607.75,6414
2026-06-16 13:05:00,7607.75,7608.0,7605.0,7607.5,4842
2026-06-16 13:10:00,7607.5,7611.5,7607.0,7609.25,7251
2026-06-16 13:15:00,7609.25,7610.75,7604.25,7604.75,7682
2026-06-16 13:20:00,7604.75,7607.5,7602.0,7607.0,8838
2026-06-16 13:25:00,7607.0,7608.25,7604.25,7605.75,5174
2026-06-16 13:30:00,7605.75,7606.75,7603.25,7604.75,5248
2026-06-16 13:35:00,7605.0,7605.75,7598.75,7600.75,7195
2026-06-16 13:40:00,7600.75,7606.0,7599.0,7603.5,8417
2026-06-16 13:45:00,7603.5,7605.75,7601.25,7605.5,5961
2026-06-16 13:50:00,7605.75,7610.0,7604.25,7609.5,6891
2026-06-16 13:55:00,7609.75,7611.5,7605.25,7606.0,6954
2026-06-16 14:00:00,7605.75,7607.75,7604.0,7606.25,6427
2026-06-16 14:05:00,7606.25,7606.75,7603.5,7604.0,4687
2026-06-16 14:10:00,7604.25,7606.5,7603.75,7604.75,2846
2026-06-16 14:15:00,7604.5,7605.5,7601.5,7603.5,5831
2026-06-16 14:20:00,7603.5,7606.0,7602.5,7604.5,3369
2026-06-16 14:25:00,7604.25,7607.5,7604.0,7605.25,4730
2026-06-16 14:30:00,7605.25,7606.5,7602.0,7603.0,4930
2026-06-16 14:35:00,7602.75,7606.5,7601.5,7605.0,5631
2026-06-16 14:40:00,7605.0,7606.0,7603.25,7605.25,2901
2026-06-16 14:45:00,7605.25,7606.75,7602.0,7602.25,3869
2026-06-16 14:50:00,7602.25,7604.0,7601.25,7602.5,3177
2026-06-16 14:55:00,7602.5,7604.5,7600.5,7602.0,4334
2026-06-16 15:00:00,7601.75,7603.0,7597.75,7601.75,9230
2026-06-16 15:05:00,7601.75,7601.75,7597.0,7598.0,6806
2026-06-16 15:10:00,7598.0,7599.25,7592.5,7593.75,12769
2026-06-16 15:15:00,7593.75,7594.25,7584.75,7594.0,19105
2026-06-16 15:20:00,7594.0,7599.0,7592.75,7598.5,10998
2026-06-16 15:25:00,7598.25,7600.25,7594.0,7596.25,9121
2026-06-16 15:30:00,7596.25,7597.25,7590.5,7591.0,9303
2026-06-16 15:35:00,7591.0,7595.0,7588.0,7588.75,9320
2026-06-16 15:40:00,7588.5,7594.75,7587.5,7594.5,9560
2026-06-16 15:45:00,7594.25,7595.0,7590.0,7592.5,9034
2026-06-16 15:50:00,7592.5,7597.5,7589.25,7595.0,18246
2026-06-16 15:55:00,7595.0,7596.75,7582.75,7588.0,26130
2026-06-16 16:00:00,7588.0,7588.75,7581.25,7583.75,10160
2026-06-16 16:05:00,7584.0,7586.75,7582.5,7583.0,3190
2026-06-16 16:10:00,7583.0,7583.75,7581.25,7582.25,2581
2026-06-16 16:15:00,7582.25,7582.75,7577.75,7579.5,3271
2026-06-16 16:20:00,7579.5,7584.0,7579.0,7583.0,2092
2026-06-16 16:25:00,7583.25,7584.75,7582.75,7582.75,1179
2026-06-16 16:30:00,7582.75,7584.75,7582.25,7583.0,1131
2026-06-16 16:35:00,7583.0,7584.25,7581.75,7584.25,778
2026-06-16 16:40:00,7584.0,7585.75,7583.5,7584.75,1481
2026-06-16 16:45:00,7585.0,7585.75,7584.25,7585.25,1067
2026-06-16 16:50:00,7585.0,7585.25,7582.5,7583.0,938
2026-06-16 16:55:00,7583.25,7584.0,7581.25,7583.5,1024
2026-06-16 18:00:00,7583.5,7590.75,7583.0,7586.25,2667
2026-06-16 18:05:00,7586.5,7591.75,7585.75,7591.5,1076
2026-06-16 18:10:00,7591.75,7593.25,7590.75,7591.25,1102
2026-06-16 18:15:00,7591.75,7593.25,7591.0,7591.5,743
2026-06-16 18:20:00,7591.5,7595.25,7589.5,7594.75,1431
2026-06-16 18:25:00,7594.75,7595.0,7593.25,7593.75,537
2026-06-16 18:30:00,7593.5,7596.5,7593.5,7595.75,842
2026-06-16 18:35:00,7595.75,7596.25,7594.5,7595.0,641
2026-06-16 18:40:00,7595.25,7595.25,7590.75,7593.75,980
2026-06-16 18:45:00,7593.75,7595.0,7592.75,7594.5,595
2026-06-16 18:50:00,7594.25,7596.75,7594.25,7596.5,556
2026-06-16 18:55:00,7596.75,7597.5,7595.5,7596.25,613
2026-06-16 19:00:00,7596.5,7597.0,7593.25,7594.25,706
2026-06-16 19:05:00,7594.5,7595.5,7593.0,7595.25,525
2026-06-16 19:10:00,7595.0,7595.25,7590.5,7594.0,953
2026-06-16 19:15:00,7594.0,7594.0,7592.25,7593.25,339
2026-06-16 19:20:00,7593.0,7593.5,7591.0,7592.25,481
2026-06-16 19:25:00,7592.25,7593.0,7591.25,7592.0,423
2026-06-16 19:30:00,7592.0,7593.75,7591.5,7593.0,415
2026-06-16 19:35:00,7593.25,7594.75,7590.5,7591.75,822
2026-06-16 19:40:00,7591.5,7592.75,7590.0,7591.75,555
2026-06-16 19:45:00,7591.75,7594.25,7590.25,7591.75,784
2026-06-16 19:50:00,7591.75,7593.5,7589.0,7593.25,1321
2026-06-16 19:55:00,7593.25,7593.25,7590.0,7591.75,663
2026-06-16 20:00:00,7592.0,7598.75,7592.0,7596.75,2801
2026-06-16 20:05:00,7597.0,7597.25,7594.25,7596.75,1695
2026-06-16 20:10:00,7596.75,7598.25,7594.75,7595.0,1043
2026-06-16 20:15:00,7595.0,7599.5,7594.75,7596.25,1501
2026-06-16 20:20:00,7596.5,7597.5,7594.25,7596.5,992
2026-06-16 20:25:00,7596.5,7597.75,7596.0,7597.25,706
2026-06-16 20:30:00,7597.25,7600.0,7596.25,7599.0,1350
2026-06-16 20:35:00,7598.75,7600.5,7598.5,7598.75,978
2026-06-16 20:40:00,7599.0,7600.0,7598.0,7598.25,602
2026-06-16 20:45:00,7598.25,7598.75,7595.75,7598.25,1074
2026-06-16 20:50:00,7598.25,7598.25,7595.25,7596.5,793
2026-06-16 20:55:00,7596.75,7597.75,7595.75,7597.0,431
2026-06-16 21:00:00,7597.0,7600.5,7595.5,7600.0,1432
2026-06-16 21:05:00,7599.75,7602.75,7599.5,7602.25,1788
2026-06-16 21:10:00,7602.25,7602.75,7601.0,7601.25,799
2026-06-16 21:15:00,7601.25,7602.75,7599.75,7602.5,956
2026-06-16 21:20:00,7602.25,7604.0,7601.5,7603.5,888
2026-06-16 21:25:00,7603.75,7604.25,7603.0,7603.0,625
2026-06-16 21:30:00,7603.25,7604.5,7602.0,7603.25,830
2026-06-16 21:35:00,7603.25,7604.5,7603.0,7604.25,410
2026-06-16 21:40:00,7604.0,7605.0,7602.0,7602.5,890
2026-06-16 21:45:00,7602.5,7604.5,7602.5,7603.0,653
2026-06-16 21:50:00,7603.25,7604.5,7603.25,7604.0,360
2026-06-16 21:55:00,7604.25,7605.5,7604.25,7605.5,775
2026-06-16 22:00:00,7605.25,7605.5,7604.0,7604.0,492
2026-06-16 22:05:00,7604.0,7604.5,7603.25,7604.0,479
2026-06-16 22:10:00,7604.0,7605.5,7603.5,7605.0,385
2026-06-16 22:15:00,7605.0,7605.0,7603.5,7604.0,370
2026-06-16 22:20:00,7604.0,7605.5,7603.75,7605.0,343
2026-06-16 22:25:00,7605.0,7605.5,7603.75,7603.75,567
2026-06-16 22:30:00,7603.75,7604.0,7602.0,7602.25,853
2026-06-16 22:35:00,7602.5,7603.0,7601.5,7601.75,507
2026-06-16 22:40:00,7601.75,7603.25,7601.5,7603.25,371
2026-06-16 22:45:00,7603.25,7603.5,7601.25,7602.25,426
2026-06-16 22:50:00,7602.0,7602.5,7601.0,7601.75,528
2026-06-16 22:55:00,7601.75,7603.25,7601.5,7602.5,345
2026-06-16 23:00:00,7602.75,7604.5,7602.25,7603.5,494
2026-06-16 23:05:00,7603.25,7605.25,7602.75,7603.5,561
2026-06-16 23:10:00,7603.5,7604.25,7601.0,7601.25,548
2026-06-16 23:15:00,7601.25,7601.75,7599.5,7600.5,848
2026-06-16 23:20:00,7600.5,7600.75,7598.75,7600.0,663
2026-06-16 23:25:00,7600.25,7601.5,7599.75,7601.0,367
2026-06-16 23:30:00,7601.0,7602.0,7600.25,7601.5,435
2026-06-16 23:35:00,7601.5,7602.5,7600.75,7602.25,287
2026-06-16 23:40:00,7602.5,7605.5,7602.0,7604.5,1023
2026-06-16 23:45:00,7604.5,7605.5,7604.0,7605.0,503
2026-06-16 23:50:00,7604.75,7606.0,7604.25,7605.75,561
2026-06-16 23:55:00,7605.75,7606.25,7605.25,7606.0,388
2026-06-17 00:00:00,7606.0,7606.25,7604.75,7606.25,416
2026-06-17 00:05:00,7606.0,7606.5,7604.5,7605.25,375
2026-06-17 00:10:00,7605.25,7605.75,7604.5,7605.0,239
2026-06-17 00:15:00,7604.75,7606.25,7604.5,7606.25,173
2026-06-17 00:20:00,7606.25,7606.5,7605.5,7606.25,306
2026-06-17 00:25:00,7606.25,7606.5,7605.25,7605.25,273
2026-06-17 00:30:00,7605.25,7606.0,7603.5,7603.75,428
2026-06-17 00:35:00,7603.75,7604.25,7602.75,7602.75,427
2026-06-17 00:40:00,7603.0,7603.5,7601.0,7601.5,625
2026-06-17 00:45:00,7601.75,7605.75,7601.75,7605.25,633
2026-06-17 00:50:00,7605.0,7606.0,7604.5,7605.75,313
2026-06-17 00:55:00,7605.75,7606.25,7605.25,7606.0,255
2026-06-17 01:00:00,7606.25,7607.5,7605.5,7607.25,914
2026-06-17 01:05:00,7607.0,7607.5,7605.75,7605.75,355
2026-06-17 01:10:00,7605.75,7606.0,7605.0,7605.5,353
2026-06-17 01:15:00,7605.25,7606.75,7605.0,7606.0,482
2026-06-17 01:20:00,7606.0,7607.0,7605.75,7606.0,292
2026-06-17 01:25:00,7606.0,7606.75,7604.0,7604.5,381
2026-06-17 01:30:00,7604.5,7605.25,7603.75,7605.25,609
2026-06-17 01:35:00,7605.25,7608.0,7605.25,7608.0,674
2026-06-17 01:40:00,7607.75,7608.0,7605.25,7605.75,453
2026-06-17 01:45:00,7605.25,7607.5,7605.25,7607.0,331
2026-06-17 01:50:00,7607.25,7607.25,7605.5,7605.5,213
2026-06-17 01:55:00,7605.25,7605.75,7603.0,7604.0,536
2026-06-17 02:00:00,7604.25,7606.25,7603.0,7605.5,584
2026-06-17 02:05:00,7605.75,7607.5,7604.75,7606.25,481
2026-06-17 02:10:00,7606.5,7606.75,7604.25,7605.5,379
2026-06-17 02:15:00,7605.5,7606.25,7604.5,7605.0,285
2026-06-17 02:20:00,7604.75,7605.5,7603.5,7604.25,438
2026-06-17 02:25:00,7604.25,7604.25,7602.0,7602.75,531
2026-06-17 02:30:00,7602.75,7606.5,7601.25,7606.25,1113
2026-06-17 02:35:00,7606.25,7607.0,7605.5,7607.0,522
2026-06-17 02:40:00,7607.25,7608.5,7606.5,7608.0,714
2026-06-17 02:45:00,7608.25,7609.25,7608.0,7608.75,566
2026-06-17 02:50:00,7608.75,7608.75,7607.0,7607.25,655
2026-06-17 02:55:00,7607.25,7609.25,7607.0,7609.0,462
2026-06-17 03:00:00,7608.75,7611.0,7608.25,7609.5,1376
2026-06-17 03:05:00,7609.5,7611.0,7608.75,7610.5,813
2026-06-17 03:10:00,7610.75,7612.25,7609.75,7611.75,1113
2026-06-17 03:15:00,7611.5,7612.5,7607.0,7607.75,1172
2026-06-17 03:20:00,7607.75,7608.0,7604.5,7605.0,832
2026-06-17 03:25:00,7605.0,7605.0,7603.25,7604.75,751
2026-06-17 03:30:00,7604.75,7606.75,7603.25,7604.0,741
2026-06-17 03:35:00,7604.0,7607.25,7603.75,7607.0,724
2026-06-17 03:40:00,7607.0,7608.5,7605.75,7606.0,479
2026-06-17 03:45:00,7606.25,7606.75,7604.0,7604.75,697
2026-06-17 03:50:00,7604.75,7607.25,7604.25,7605.25,737
2026-06-17 03:55:00,7605.5,7607.0,7605.0,7606.0,648
2026-06-17 04:00:00,7605.75,7608.25,7604.75,7605.5,810
2026-06-17 04:05:00,7605.5,7608.0,7605.25,7607.25,593
2026-06-17 04:10:00,7607.25,7607.25,7597.75,7598.5,2664
2026-06-17 04:15:00,7598.75,7601.25,7598.25,7598.75,1364
2026-06-17 04:20:00,7598.75,7601.0,7597.75,7600.5,1126
2026-06-17 04:25:00,7600.25,7602.25,7599.25,7599.5,1268
2026-06-17 04:30:00,7599.5,7600.5,7594.5,7597.5,1848
2026-06-17 04:35:00,7597.5,7598.25,7593.25,7593.75,1475
2026-06-17 04:40:00,7593.75,7597.25,7593.25,7594.0,869
2026-06-17 04:45:00,7594.0,7594.75,7591.5,7591.75,1530
2026-06-17 04:50:00,7592.0,7597.75,7592.0,7596.75,1322
2026-06-17 04:55:00,7597.0,7600.0,7596.25,7600.0,1109
2026-06-17 05:00:00,7600.0,7601.25,7598.75,7599.5,835
2026-06-17 05:05:00,7599.5,7600.0,7597.5,7597.75,962
2026-06-17 05:10:00,7597.75,7598.5,7596.25,7598.25,658
2026-06-17 05:15:00,7598.25,7599.75,7597.5,7597.75,841
2026-06-17 05:20:00,7597.75,7600.5,7597.25,7599.75,948
2026-06-17 05:25:00,7599.5,7601.75,7599.5,7601.0,726
2026-06-17 05:30:00,7601.0,7602.75,7598.0,7598.25,1313
2026-06-17 05:35:00,7598.0,7598.75,7596.0,7597.25,970
2026-06-17 05:40:00,7597.25,7598.5,7596.5,7597.5,775
2026-06-17 05:45:00,7597.25,7598.25,7594.5,7595.0,950
2026-06-17 05:50:00,7594.75,7595.0,7590.75,7592.25,1547
2026-06-17 05:55:00,7592.25,7593.25,7590.25,7592.25,1182
2026-06-17 06:00:00,7592.25,7592.5,7587.5,7588.25,2035
2026-06-17 06:05:00,7588.25,7589.75,7585.5,7589.25,2056
2026-06-17 06:10:00,7589.25,7589.75,7586.75,7589.25,1280
2026-06-17 06:15:00,7589.5,7589.75,7586.5,7586.5,1050
2026-06-17 06:20:00,7586.75,7593.75,7586.75,7593.0,1624
2026-06-17 06:25:00,7593.25,7594.25,7591.5,7591.5,1127
2026-06-17 06:30:00,7591.75,7593.0,7590.5,7591.25,1110
2026-06-17 06:35:00,7591.25,7593.75,7590.5,7593.5,867
2026-06-17 06:40:00,7593.5,7596.0,7592.0,7596.0,1121
2026-06-17 06:45:00,7595.75,7596.0,7594.0,7595.5,850
2026-06-17 06:50:00,7595.75,7598.5,7593.25,7593.75,1531
2026-06-17 06:55:00,7593.5,7594.5,7590.25,7591.25,1742
2026-06-17 07:00:00,7591.25,7593.25,7589.5,7592.5,1886
2026-06-17 07:05:00,7592.25,7596.25,7591.5,7594.5,1472
2026-06-17 07:10:00,7594.5,7596.25,7594.5,7595.5,790
2026-06-17 07:15:00,7595.5,7597.0,7594.5,7596.75,1028
2026-06-17 07:20:00,7596.5,7597.75,7595.5,7596.0,1356
2026-06-17 07:25:00,7596.0,7596.5,7593.5,7594.5,1004
2026-06-17 07:30:00,7594.25,7594.5,7592.0,7593.5,913
2026-06-17 07:35:00,7593.25,7593.5,7591.75,7592.5,652
2026-06-17 07:40:00,7592.75,7594.25,7589.0,7589.5,1694
2026-06-17 07:45:00,7589.5,7591.25,7585.5,7586.5,2023
2026-06-17 07:50:00,7586.25,7587.75,7585.0,7585.75,1838
2026-06-17 07:55:00,7585.75,7586.75,7582.75,7586.5,2835
2026-06-17 08:00:00,7586.75,7589.75,7586.25,7589.0,2259
2026-06-17 08:05:00,7589.0,7592.75,7588.25,7591.25,1840
2026-06-17 08:10:00,7591.5,7593.75,7590.5,7592.75,1562
2026-06-17 08:15:00,7592.5,7593.0,7589.5,7590.75,1566
2026-06-17 08:20:00,7590.5,7592.75,7589.5,7591.25,1568
2026-06-17 08:25:00,7591.25,7593.5,7589.75,7590.0,1411
2026-06-17 08:30:00,7590.25,7595.25,7590.0,7593.5,3655
2026-06-17 08:35:00,7593.5,7596.5,7591.75,7592.25,2190
2026-06-17 08:40:00,7592.0,7595.25,7590.0,7594.5,2269
2026-06-17 08:45:00,7594.5,7596.0,7593.5,7594.75,1940
2026-06-17 08:50:00,7594.75,7596.25,7594.25,7595.75,1222
2026-06-17 08:55:00,7596.0,7596.0,7593.25,7595.5,2530
2026-06-17 09:00:00,7595.0,7596.0,7593.25,7594.75,2008
2026-06-17 09:05:00,7594.75,7595.0,7591.0,7592.0,2220
2026-06-17 09:10:00,7592.0,7595.5,7591.5,7594.0,2178
2026-06-17 09:15:00,7594.0,7598.75,7593.75,7597.5,3365
2026-06-17 09:20:00,7597.5,7598.0,7596.0,7597.5,3093
2026-06-17 09:25:00,7597.25,7599.0,7591.75,7595.75,9874
2026-06-17 09:30:00,7596.0,7596.0,7584.75,7589.75,29189
2026-06-17 09:35:00,7589.75,7593.25,7585.25,7586.25,17271
2026-06-17 09:40:00,7586.25,7598.0,7583.5,7597.75,19759
2026-06-17 09:45:00,7597.75,7600.25,7593.75,7594.0,16457
2026-06-17 09:50:00,7594.0,7597.75,7591.25,7596.0,15381
2026-06-17 09:55:00,7596.0,7596.25,7581.0,7581.25,20401
2026-06-17 10:00:00,7581.25,7589.0,7578.5,7587.0,24422
2026-06-17 10:05:00,7587.0,7593.5,7582.25,7589.0,18257
2026-06-17 10:10:00,7589.25,7595.25,7585.5,7594.75,16495
2026-06-17 10:15:00,7594.75,7598.25,7593.25,7595.75,13910
2026-06-17 10:20:00,7595.5,7604.25,7594.0,7603.75,14575
2026-06-17 10:25:00,7603.75,7603.75,7597.25,7599.25,13145
2026-06-17 10:30:00,7599.25,7600.0,7586.25,7590.0,20242
2026-06-17 10:35:00,7590.0,7590.75,7582.25,7582.75,16084
2026-06-17 10:40:00,7582.75,7586.0,7574.0,7584.0,27087
2026-06-17 10:45:00,7584.0,7589.0,7560.5,7575.75,60229
2026-06-17 10:50:00,7576.0,7584.5,7572.75,7582.5,23465
2026-06-17 10:55:00,7582.5,7582.75,7571.25,7572.25,15300
2026-06-17 11:00:00,7572.5,7577.5,7571.0,7574.5,14696
2026-06-17 11:05:00,7574.5,7577.0,7568.0,7569.25,15617
2026-06-17 11:10:00,7569.25,7579.75,7569.0,7578.25,13973
2026-06-17 11:15:00,7578.25,7584.75,7575.5,7580.25,19530
2026-06-17 11:20:00,7580.25,7583.25,7578.25,7581.0,9798
2026-06-17 11:25:00,7581.0,7582.75,7578.25,7582.25,9415
2026-06-17 11:30:00,7582.25,7590.0,7580.0,7588.0,11497
2026-06-17 11:35:00,7588.0,7590.5,7585.25,7589.5,8003
2026-06-17 11:40:00,7589.5,7590.5,7584.0,7586.25,7654
2026-06-17 11:45:00,7586.25,7590.0,7585.5,7589.25,5845
2026-06-17 11:50:00,7589.5,7591.25,7585.75,7587.0,6047
2026-06-17 11:55:00,7586.75,7590.75,7585.75,7588.75,5080
2026-06-17 12:00:00,7589.0,7592.25,7588.75,7589.75,4207
2026-06-17 12:05:00,7590.0,7590.5,7587.5,7588.75,3634
2026-06-17 12:10:00,7588.75,7589.0,7585.5,7588.75,3405
2026-06-17 12:15:00,7588.75,7592.25,7587.25,7592.0,3435
2026-06-17 12:20:00,7592.0,7593.25,7590.0,7592.25,3724
2026-06-17 12:25:00,7592.25,7593.25,7590.0,7590.25,3070
2026-06-17 12:30:00,7590.25,7591.25,7585.5,7586.25,4849
2026-06-17 12:35:00,7586.0,7588.75,7584.25,7587.75,4457
2026-06-17 12:40:00,7587.75,7588.0,7582.0,7585.0,5627
2026-06-17 12:45:00,7584.75,7585.25,7581.75,7583.0,4381
2026-06-17 12:50:00,7583.0,7585.5,7582.0,7582.5,3461
2026-06-17 12:55:00,7582.75,7585.5,7581.5,7582.75,2987
2026-06-17 13:00:00,7582.5,7582.75,7575.75,7577.5,6975
2026-06-17 13:05:00,7577.25,7579.0,7568.5,7576.5,11177
2026-06-17 13:10:00,7576.5,7579.0,7574.75,7575.0,4824
2026-06-17 13:15:00,7575.0,7576.25,7572.0,7576.25,6339
2026-06-17 13:20:00,7576.0,7578.75,7573.0,7575.5,4830
2026-06-17 13:25:00,7575.5,7579.75,7574.25,7578.25,5748
2026-06-17 13:30:00,7578.25,7578.25,7572.5,7573.5,5967
2026-06-17 13:35:00,7573.5,7579.25,7572.75,7577.75,4963
2026-06-17 13:40:00,7577.5,7577.75,7573.75,7574.5,3330
2026-06-17 13:45:00,7574.25,7578.0,7573.0,7577.0,3783
2026-06-17 13:50:00,7577.25,7587.25,7576.5,7584.75,7634
2026-06-17 13:55:00,7584.75,7590.0,7582.5,7590.0,4336
2026-06-17 14:00:00,7589.75,7590.0,7531.25,7531.5,33106
2026-06-17 14:05:00,7531.75,7548.75,7513.75,7546.5,48299
2026-06-17 14:10:00,7546.5,7552.0,7539.75,7546.25,28163
2026-06-17 14:15:00,7546.0,7560.5,7545.75,7556.75,26069
2026-06-17 14:20:00,7556.75,7558.25,7539.75,7542.25,23399
2026-06-17 14:25:00,7542.0,7546.0,7533.75,7542.75,25630
2026-06-17 14:30:00,7542.75,7562.5,7535.5,7537.25,38228
2026-06-17 14:35:00,7537.25,7568.75,7537.25,7561.0,25123
2026-06-17 14:40:00,7561.0,7584.25,7557.25,7580.25,26618
2026-06-17 14:45:00,7580.25,7580.5,7566.5,7568.75,17654
2026-06-17 14:50:00,7568.5,7574.0,7562.25,7564.0,15963
2026-06-17 14:55:00,7564.0,7564.0,7531.5,7540.5,28771
2026-06-17 15:00:00,7540.5,7552.0,7536.5,7541.25,27952
2026-06-17 15:05:00,7541.25,7548.5,7536.0,7538.0,16854
2026-06-17 15:10:00,7538.0,7551.5,7524.5,7547.0,24914
2026-06-17 15:15:00,7547.25,7548.5,7521.25,7521.25,17640
2026-06-17 15:20:00,7521.5,7522.25,7497.75,7498.0,32479
2026-06-17 15:25:00,7498.25,7513.75,7497.5,7500.25,20647
2026-06-17 15:30:00,7500.25,7503.75,7488.0,7489.0,26595
2026-06-17 15:35:00,7489.0,7500.25,7472.25,7475.75,26924
2026-06-17 15:40:00,7475.25,7485.25,7473.25,7479.75,23624
2026-06-17 15:45:00,7480.25,7498.0,7478.25,7489.0,24027
2026-06-17 15:50:00,7488.75,7494.0,7475.25,7481.25,21474
2026-06-17 15:55:00,7481.25,7498.75,7479.75,7492.0,18379
2026-06-17 16:00:00,7492.25,7504.5,7491.75,7497.75,9598
2026-06-17 16:05:00,7498.0,7498.75,7492.75,7498.5,3419
2026-06-17 16:10:00,7498.25,7501.75,7490.0,7492.5,4306
2026-06-17 16:15:00,7492.5,7503.0,7489.75,7502.5,2923
2026-06-17 16:20:00,7502.75,7508.5,7502.75,7505.0,3460
2026-06-17 16:25:00,7504.75,7509.75,7504.0,7508.25,2028
2026-06-17 16:30:00,7508.25,7510.75,7506.0,7508.5,2027
2026-06-17 16:35:00,7508.5,7514.75,7508.25,7513.25,2351
2026-06-17 16:40:00,7513.25,7513.5,7509.5,7511.5,1295
2026-06-17 16:45:00,7511.5,7511.75,7508.75,7508.75,1227
2026-06-17 16:50:00,7509.0,7510.75,7507.5,7510.0,997
2026-06-17 16:55:00,7510.25,7511.5,7508.5,7511.0,1091
2026-06-17 18:00:00,7515.0,7515.25,7504.25,7507.5,3444
2026-06-17 18:05:00,7507.25,7517.0,7507.25,7517.0,2505
2026-06-17 18:10:00,7516.75,7521.75,7516.25,7519.5,2351
2026-06-17 18:15:00,7519.75,7522.0,7518.25,7519.25,1233
2026-06-17 18:20:00,7519.25,7526.25,7519.25,7525.75,2892
2026-06-17 18:25:00,7525.5,7527.0,7523.0,7523.5,2045
2026-06-17 18:30:00,7523.25,7525.0,7522.5,7523.5,1669
2026-06-17 18:35:00,7523.5,7527.0,7523.5,7525.25,1694
2026-06-17 18:40:00,7525.25,7525.25,7523.25,7524.25,580
2026-06-17 18:45:00,7524.0,7526.75,7524.0,7526.25,974
2026-06-17 18:50:00,7526.25,7527.75,7525.5,7527.5,1166
2026-06-17 18:55:00,7527.5,7527.75,7525.0,7525.75,905
2026-06-17 19:00:00,7525.5,7527.75,7525.0,7527.5,774
2026-06-17 19:05:00,7527.5,7528.5,7524.5,7528.25,1410
2026-06-17 19:10:00,7528.25,7532.25,7527.5,7531.75,1704
2026-06-17 19:15:00,7531.5,7534.25,7531.0,7534.0,1395
2026-06-17 19:20:00,7534.25,7537.5,7534.0,7536.75,1486
2026-06-17 19:25:00,7536.75,7539.0,7536.5,7537.75,1009
2026-06-17 19:30:00,7537.75,7539.5,7536.5,7538.25,1429
2026-06-17 19:35:00,7538.25,7538.5,7534.25,7536.25,1477
2026-06-17 19:40:00,7536.25,7536.25,7534.0,7535.75,1043
2026-06-17 19:45:00,7535.75,7538.0,7534.25,7537.0,1142
2026-06-17 19:50:00,7537.0,7539.5,7536.0,7538.25,1066
2026-06-17 19:55:00,7538.0,7541.5,7537.0,7541.5,1361
2026-06-17 20:00:00,7541.5,7550.5,7539.75,7549.5,4888
2026-06-17 20:05:00,7549.25,7558.0,7549.25,7555.0,4320
2026-06-17 20:10:00,7555.5,7559.25,7553.5,7559.0,3494
2026-06-17 20:15:00,7558.75,7560.5,7554.75,7554.75,3663
2026-06-17 20:20:00,7555.0,7556.0,7552.25,7553.0,2285
2026-06-17 20:25:00,7552.75,7553.0,7548.75,7552.75,2998
2026-06-17 20:30:00,7552.75,7557.5,7552.75,7556.0,2726
2026-06-17 20:35:00,7556.25,7558.0,7553.75,7558.0,1738
2026-06-17 20:40:00,7558.0,7558.25,7554.0,7556.25,1814
2026-06-17 20:45:00,7556.25,7557.0,7553.0,7554.25,1247
2026-06-17 20:50:00,7554.25,7554.25,7548.25,7552.75,3312
2026-06-17 20:55:00,7552.75,7552.75,7549.0,7550.75,1861
2026-06-17 21:00:00,7551.0,7558.0,7550.0,7556.25,2811
2026-06-17 21:05:00,7556.5,7559.0,7555.0,7557.5,1932
2026-06-17 21:10:00,7557.75,7560.5,7557.0,7559.25,1949
2026-06-17 21:15:00,7559.25,7559.75,7554.75,7556.5,1612
2026-06-17 21:20:00,7556.75,7560.5,7556.25,7558.25,1158
2026-06-17 21:25:00,7558.5,7561.5,7556.75,7557.0,1611
2026-06-17 21:30:00,7557.25,7559.25,7556.75,7556.75,1465
2026-06-17 21:35:00,7556.75,7557.5,7554.25,7555.0,1326
2026-06-17 21:40:00,7555.25,7557.25,7553.75,7554.75,925
2026-06-17 21:45:00,7554.5,7554.5,7550.25,7552.75,2050
2026-06-17 21:50:00,7552.75,7556.25,7552.0,7554.0,1303
2026-06-17 21:55:00,7554.0,7554.75,7551.75,7552.75,1027
2026-06-17 22:00:00,7553.0,7556.5,7552.25,7556.0,1050
2026-06-17 22:05:00,7556.0,7558.25,7555.75,7557.5,1108
2026-06-17 22:10:00,7557.5,7559.75,7556.0,7557.75,828
2026-06-17 22:15:00,7557.5,7558.0,7554.5,7554.75,820
2026-06-17 22:20:00,7555.25,7557.0,7554.25,7556.5,450
2026-06-17 22:25:00,7556.75,7556.75,7554.75,7555.5,303
2026-06-17 22:30:00,7555.75,7556.5,7553.0,7555.75,804
2026-06-17 22:35:00,7555.5,7556.75,7554.5,7556.25,451
2026-06-17 22:40:00,7556.25,7557.5,7556.0,7557.0,431
2026-06-17 22:45:00,7557.25,7558.0,7555.0,7556.5,706
2026-06-17 22:50:00,7556.75,7558.75,7556.25,7557.5,856
2026-06-17 22:55:00,7557.75,7557.75,7555.75,7556.75,336
2026-06-17 23:00:00,7556.75,7558.25,7556.5,7557.0,405
2026-06-17 23:05:00,7557.25,7558.0,7554.75,7554.75,643
2026-06-17 23:10:00,7555.0,7555.75,7552.5,7553.0,938
2026-06-17 23:15:00,7553.0,7554.25,7552.0,7554.0,646
2026-06-17 23:20:00,7554.0,7556.5,7553.75,7555.5,1064
2026-06-17 23:25:00,7555.75,7557.5,7555.25,7556.5,391
2026-06-17 23:30:00,7556.75,7558.75,7554.75,7555.25,745
2026-06-17 23:35:00,7555.0,7555.25,7550.5,7551.5,1139
2026-06-17 23:40:00,7551.75,7552.75,7550.5,7551.75,735
2026-06-17 23:45:00,7551.5,7554.0,7551.25,7554.0,677
2026-06-17 23:50:00,7554.0,7555.25,7553.5,7554.75,523
2026-06-17 23:55:00,7554.75,7556.75,7554.25,7555.25,404
2026-06-18 00:00:00,7555.75,7556.75,7553.75,7554.0,467
2026-06-18 00:05:00,7554.25,7554.25,7552.0,7553.25,755
2026-06-18 00:10:00,7553.25,7553.5,7549.0,7549.5,1064
2026-06-18 00:15:00,7549.5,7551.5,7547.75,7547.75,1163
2026-06-18 00:20:00,7547.75,7548.0,7545.5,7546.25,1601
2026-06-18 00:25:00,7546.25,7547.75,7544.75,7546.75,1278
2026-06-18 00:30:00,7546.5,7546.75,7543.75,7544.75,1221
2026-06-18 00:35:00,7544.75,7546.25,7543.0,7543.0,1000
2026-06-18 00:40:00,7542.75,7543.5,7540.5,7541.0,1191
2026-06-18 00:45:00,7540.75,7542.5,7539.25,7542.25,1329
2026-06-18 00:50:00,7542.25,7545.75,7541.75,7545.25,1274
2026-06-18 00:55:00,7545.25,7546.25,7544.0,7545.0,631
2026-06-18 01:00:00,7544.75,7547.5,7542.75,7547.25,1322
2026-06-18 01:05:00,7547.0,7548.0,7546.0,7546.75,763
2026-06-18 01:10:00,7546.5,7547.25,7544.0,7544.75,623
2026-06-18 01:15:00,7544.25,7549.5,7544.0,7548.5,1005
2026-06-18 01:20:00,7548.5,7549.25,7547.75,7548.0,455
2026-06-18 01:25:00,7548.0,7549.25,7546.5,7548.25,732
2026-06-18 01:30:00,7548.25,7550.75,7547.75,7549.25,929
2026-06-18 01:35:00,7549.25,7549.75,7546.25,7547.5,827
2026-06-18 01:40:00,7547.75,7549.75,7547.25,7547.75,512
2026-06-18 01:45:00,7547.5,7548.0,7545.0,7545.75,641
2026-06-18 01:50:00,7546.0,7546.25,7544.0,7545.25,695
2026-06-18 01:55:00,7545.0,7547.25,7545.0,7546.25,478
2026-06-18 02:00:00,7546.5,7548.75,7543.5,7547.25,984
2026-06-18 02:05:00,7547.25,7547.5,7541.25,7542.0,1110
2026-06-18 02:10:00,7541.75,7545.0,7541.25,7544.5,1643
2026-06-18 02:15:00,7544.25,7546.0,7540.75,7542.0,1188
2026-06-18 02:20:00,7541.75,7546.25,7541.5,7545.0,864
2026-06-18 02:25:00,7544.5,7550.75,7543.25,7550.5,1355
2026-06-18 02:30:00,7550.25,7550.25,7546.75,7547.5,704
2026-06-18 02:35:00,7547.25,7547.75,7545.25,7546.75,1007
2026-06-18 02:40:00,7546.5,7546.75,7543.75,7546.75,611
2026-06-18 02:45:00,7546.75,7551.75,7546.5,7551.25,985
2026-06-18 02:50:00,7551.75,7551.75,7550.0,7551.0,530
2026-06-18 02:55:00,7551.0,7557.25,7551.0,7556.75,1999
2026-06-18 03:00:00,7556.75,7557.75,7555.0,7557.75,1442
2026-06-18 03:05:00,7557.75,7559.0,7556.25,7558.25,916
2026-06-18 03:10:00,7558.25,7558.5,7550.25,7551.5,1504
2026-06-18 03:15:00,7551.5,7553.75,7550.5,7553.0,1317
2026-06-18 03:20:00,7553.0,7556.5,7552.5,7555.75,721
2026-06-18 03:25:00,7555.75,7559.25,7555.0,7558.5,1031
2026-06-18 03:30:00,7558.5,7558.5,7553.5,7556.5,1145
2026-06-18 03:35:00,7556.75,7558.0,7555.0,7556.25,852
2026-06-18 03:40:00,7556.5,7557.0,7555.0,7556.75,568
2026-06-18 03:45:00,7556.75,7557.25,7554.5,7556.5,761
2026-06-18 03:50:00,7556.5,7556.5,7554.0,7554.75,858
2026-06-18 03:55:00,7554.5,7559.5,7554.25,7559.5,855
2026-06-18 04:00:00,7559.5,7563.5,7559.25,7562.25,2310
2026-06-18 04:05:00,7562.0,7568.0,7561.25,7567.5,2671
2026-06-18 04:10:00,7567.5,7568.0,7564.5,7565.5,1641
2026-06-18 04:15:00,7565.25,7566.25,7562.5,7562.75,1089
2026-06-18 04:20:00,7562.75,7563.25,7556.25,7557.5,1602
2026-06-18 04:25:00,7557.5,7557.75,7555.5,7556.5,1074
2026-06-18 04:30:00,7556.5,7558.75,7554.75,7557.0,1579
2026-06-18 04:35:00,7556.75,7558.5,7554.75,7558.5,825
2026-06-18 04:40:00,7558.25,7560.25,7556.75,7557.25,1168
2026-06-18 04:45:00,7557.0,7558.5,7554.5,7556.75,904
2026-06-18 04:50:00,7556.75,7557.0,7551.5,7553.0,1104
2026-06-18 04:55:00,7553.25,7554.25,7547.0,7547.75,1862
2026-06-18 05:00:00,7548.0,7552.0,7545.75,7552.0,1639
2026-06-18 05:05:00,7552.0,7553.0,7550.25,7551.25,1416
2026-06-18 05:10:00,7551.0,7553.75,7548.75,7553.0,889
2026-06-18 05:15:00,7553.25,7556.5,7553.25,7555.0,1337
2026-06-18 05:20:00,7554.5,7554.5,7551.75,7552.5,948
2026-06-18 05:25:00,7552.5,7554.5,7552.5,7554.25,718
2026-06-18 05:30:00,7554.0,7555.0,7552.5,7553.75,770
2026-06-18 05:35:00,7554.0,7558.5,7553.5,7558.0,800
2026-06-18 05:40:00,7558.25,7560.0,7557.25,7559.25,913
2026-06-18 05:45:00,7559.0,7563.75,7559.0,7562.5,1316
2026-06-18 05:50:00,7562.75,7563.75,7561.5,7562.0,1045
2026-06-18 05:55:00,7562.0,7564.0,7561.75,7563.25,881
2026-06-18 06:00:00,7563.25,7563.5,7560.25,7561.0,806
2026-06-18 06:05:00,7560.75,7562.25,7558.75,7559.75,921
2026-06-18 06:10:00,7560.0,7563.5,7558.75,7563.25,884
2026-06-18 06:15:00,7563.25,7564.25,7562.0,7563.5,873
2026-06-18 06:20:00,7563.5,7564.5,7560.5,7560.75,889
2026-06-18 06:25:00,7560.75,7563.5,7559.5,7560.5,1343
2026-06-18 06:30:00,7560.75,7563.0,7557.25,7558.0,1555
2026-06-18 06:35:00,7558.0,7559.0,7557.25,7557.25,1047
2026-06-18 06:40:00,7557.25,7558.0,7552.0,7552.0,2033
2026-06-18 06:45:00,7552.25,7555.0,7551.25,7553.25,1134
2026-06-18 06:50:00,7553.5,7555.25,7552.0,7552.5,1064
2026-06-18 06:55:00,7552.75,7553.75,7552.0,7553.0,512
2026-06-18 07:00:00,7553.5,7554.75,7551.5,7553.0,1313
2026-06-18 07:05:00,7553.0,7553.25,7542.75,7544.5,3002
2026-06-18 07:10:00,7544.25,7545.0,7540.0,7544.5,2706
2026-06-18 07:15:00,7544.5,7545.0,7537.0,7538.5,2785
2026-06-18 07:20:00,7538.0,7540.5,7535.5,7539.25,2354
2026-06-18 07:25:00,7539.25,7542.75,7538.75,7541.5,2210
2026-06-18 07:30:00,7541.5,7543.75,7539.5,7541.75,2016
2026-06-18 07:35:00,7542.0,7542.5,7535.75,7537.25,2040
2026-06-18 07:40:00,7537.25,7539.0,7531.25,7538.0,3734
2026-06-18 07:45:00,7538.0,7539.75,7537.25,7539.25,1624
2026-06-18 07:50:00,7538.75,7544.0,7537.75,7542.0,2690
2026-06-18 07:55:00,7542.0,7543.25,7541.0,7543.25,1045
2026-06-18 08:00:00,7543.25,7545.25,7541.75,7544.0,2155
2026-06-18 08:05:00,7544.0,7544.0,7540.75,7541.5,1716
2026-06-18 08:10:00,7541.25,7548.0,7541.25,7546.5,2622
2026-06-18 08:15:00,7546.5,7547.75,7544.0,7547.75,2095
2026-06-18 08:20:00,7547.5,7553.5,7547.5,7553.5,3427
2026-06-18 08:25:00,7553.25,7555.5,7552.75,7554.25,2733
2026-06-18 08:30:00,7554.75,7558.75,7553.5,7554.0,2545
2026-06-18 08:35:00,7554.0,7558.25,7553.5,7554.25,1936
2026-06-18 08:40:00,7554.25,7559.5,7553.25,7555.5,2727
2026-06-18 08:45:00,7555.5,7560.0,7554.75,7559.75,1621
2026-06-18 08:50:00,7559.75,7560.5,7556.5,7559.75,2012
2026-06-18 08:55:00,7559.75,7565.0,7559.25,7560.5,3413
2026-06-18 09:00:00,7560.5,7560.75,7550.75,7551.5,5215
2026-06-18 09:05:00,7551.75,7557.0,7550.5,7554.5,6022
2026-06-18 09:10:00,7554.75,7562.75,7553.5,7561.5,5838
2026-06-18 09:15:00,7561.75,7566.5,7560.75,7563.5,5087
2026-06-18 09:20:00,7563.75,7567.75,7563.0,7565.5,4420
2026-06-18 09:25:00,7565.5,7579.75,7565.5,7577.0,19784
2026-06-18 09:30:00,7577.0,7581.75,7557.25,7557.5,35580
2026-06-18 09:35:00,7557.75,7559.25,7541.5,7544.0,38580
2026-06-18 09:40:00,7544.0,7548.75,7537.0,7538.5,27666
2026-06-18 09:45:00,7538.75,7550.25,7535.5,7549.0,24108
2026-06-18 09:50:00,7549.25,7555.0,7542.25,7543.0,23923
2026-06-18 09:55:00,7543.25,7547.5,7536.0,7544.0,22122
2026-06-18 10:00:00,7544.25,7550.5,7540.75,7545.75,21058
2026-06-18 10:05:00,7545.75,7558.25,7543.0,7554.5,20754
2026-06-18 10:10:00,7554.75,7555.5,7542.0,7545.5,18049
2026-06-18 10:15:00,7545.0,7561.5,7539.0,7558.25,22358
2026-06-18 10:20:00,7558.25,7566.25,7552.5,7561.5,18238
2026-06-18 10:25:00,7561.5,7563.5,7548.5,7550.75,16749
2026-06-18 10:30:00,7550.5,7555.75,7541.25,7555.25,21315
2026-06-18 10:35:00,7555.5,7563.5,7551.0,7562.25,14373
2026-06-18 10:40:00,7562.5,7564.5,7555.75,7558.75,13785
2026-06-18 10:45:00,7558.5,7570.75,7558.25,7568.5,13563
2026-06-18 10:50:00,7568.5,7568.5,7560.0,7564.25,11918
2026-06-18 10:55:00,7564.25,7570.5,7563.25,7566.25,8180
2026-06-18 11:00:00,7566.5,7567.5,7557.25,7562.5,14354
2026-06-18 11:05:00,7562.5,7564.75,7559.25,7561.75,7794
2026-06-18 11:10:00,7561.5,7569.0,7558.75,7559.0,11135
2026-06-18 11:15:00,7559.0,7561.5,7553.5,7554.5,13070
2026-06-18 11:20:00,7554.75,7559.25,7551.25,7553.75,12440
2026-06-18 11:25:00,7553.75,7559.5,7549.5,7551.75,12770
2026-06-18 11:30:00,7551.5,7556.25,7548.0,7553.5,13719
2026-06-18 11:35:00,7553.75,7553.75,7541.0,7546.75,14166
2026-06-18 11:40:00,7546.75,7551.5,7543.25,7545.75,11221
2026-06-18 11:45:00,7545.75,7551.25,7541.25,7549.5,10922
2026-06-18 11:50:00,7549.25,7561.75,7549.25,7558.0,11218
2026-06-18 11:55:00,7557.75,7563.25,7557.75,7560.5,8072
2026-06-18 12:00:00,7560.5,7563.75,7556.25,7557.5,7390
2026-06-18 12:05:00,7557.75,7562.5,7555.0,7558.75,7438
2026-06-18 12:10:00,7558.75,7561.25,7556.75,7559.75,4301
2026-06-18 12:15:00,7559.75,7562.25,7557.0,7559.5,4889
2026-06-18 12:20:00,7559.75,7566.75,7559.25,7561.75,8415
2026-06-18 12:25:00,7562.0,7565.5,7560.75,7564.25,3749
2026-06-18 12:30:00,7564.25,7564.5,7560.75,7563.0,4439
2026-06-18 12:35:00,7563.0,7570.5,7560.75,7569.25,7986
2026-06-18 12:40:00,7569.5,7570.5,7567.0,7567.5,4736
2026-06-18 12:45:00,7567.75,7568.75,7565.75,7567.0,4147
2026-06-18 12:50:00,7567.0,7567.0,7560.5,7561.75,6382
2026-06-18 12:55:00,7562.0,7564.25,7559.5,7564.0,4739
2026-06-18 13:00:00,7564.25,7570.0,7561.5,7569.75,5473
2026-06-18 13:05:00,7569.75,7574.5,7569.0,7571.75,7927
2026-06-18 13:10:00,7571.75,7575.25,7571.0,7573.5,4024
2026-06-18 13:15:00,7573.25,7578.75,7572.25,7577.25,5872
2026-06-18 13:20:00,7577.0,7578.75,7572.25,7572.5,5006
2026-06-18 13:25:00,7572.5,7573.75,7571.0,7573.0,4086
2026-06-18 13:30:00,7573.0,7577.0,7572.75,7574.75,5070
2026-06-18 13:35:00,7575.0,7575.0,7569.75,7570.5,3449
2026-06-18 13:40:00,7570.25,7572.25,7569.5,7570.5,4573
2026-06-18 13:45:00,7570.5,7571.5,7568.0,7569.5,3860
2026-06-18 13:50:00,7569.5,7572.75,7568.25,7569.25,3599
2026-06-18 13:55:00,7569.25,7569.5,7566.75,7567.0,4677
2026-06-18 14:00:00,7567.25,7568.0,7562.0,7563.25,7098
2026-06-18 14:05:00,7563.25,7565.75,7562.25,7563.0,4465
2026-06-18 14:10:00,7563.0,7566.75,7562.75,7563.75,4516
2026-06-18 14:15:00,7563.5,7565.5,7561.0,7563.25,6051
2026-06-18 14:20:00,7563.25,7566.5,7562.0,7564.5,4050
2026-06-18 14:25:00,7564.25,7565.75,7562.0,7562.75,4346
2026-06-18 14:30:00,7562.75,7563.5,7560.75,7561.75,4172
2026-06-18 14:35:00,7561.5,7562.25,7559.0,7560.25,4952
2026-06-18 14:40:00,7560.25,7563.25,7559.25,7562.75,3480
2026-06-18 14:45:00,7562.75,7566.0,7562.25,7565.5,5015
2026-06-18 14:50:00,7565.5,7567.25,7563.25,7564.5,5016
2026-06-18 14:55:00,7564.25,7565.75,7560.5,7561.25,5071
2026-06-18 15:00:00,7561.5,7562.5,7556.0,7557.25,7311
2026-06-18 15:05:00,7557.0,7558.25,7556.0,7556.5,4365
2026-06-18 15:10:00,7556.25,7556.5,7549.25,7552.25,10483
2026-06-18 15:15:00,7552.25,7556.25,7550.0,7556.25,6618
2026-06-18 15:20:00,7556.0,7559.5,7555.25,7556.25,5538
2026-06-18 15:25:00,7556.25,7560.0,7556.0,7558.0,4086
2026-06-18 15:30:00,7557.75,7560.0,7553.5,7559.75,7314
2026-06-18 15:35:00,7559.75,7567.75,7559.5,7567.25,8977
2026-06-18 15:40:00,7567.25,7571.75,7566.25,7571.0,7554
2026-06-18 15:45:00,7571.25,7573.0,7567.0,7568.75,9784
2026-06-18 15:50:00,7568.75,7578.0,7566.0,7574.5,21862
2026-06-18 15:55:00,7574.5,7580.75,7564.5,7564.5,29161
2026-06-18 16:00:00,7564.5,7572.5,7562.25,7572.25,9823
2026-06-18 16:05:00,7572.5,7576.25,7572.25,7573.75,3977
2026-06-18 16:10:00,7573.75,7577.5,7572.25,7576.75,2314
2026-06-18 16:15:00,7576.5,7579.5,7575.0,7579.25,2007
2026-06-18 16:20:00,7579.5,7583.0,7577.5,7577.5,2810
2026-06-18 16:25:00,7577.5,7580.0,7577.25,7577.5,1079
2026-06-18 16:30:00,7577.25,7579.5,7576.5,7576.75,904
2026-06-18 16:35:00,7576.75,7577.25,7575.0,7575.75,873
2026-06-18 16:40:00,7575.75,7576.0,7572.25,7573.0,1378
2026-06-18 16:45:00,7573.0,7573.5,7571.5,7572.75,830
2026-06-18 16:50:00,7572.5,7572.75,7570.5,7572.25,842
2026-06-18 16:55:00,7572.0,7575.0,7571.75,7574.75,999
2026-06-18 18:00:00,7575.5,7580.0,7573.75,7575.0,1645
2026-06-18 18:05:00,7575.25,7575.75,7572.0,7573.0,866
2026-06-18 18:10:00,7573.0,7574.5,7572.5,7573.25,498
2026-06-18 18:15:00,7573.25,7573.25,7568.5,7569.25,1076
2026-06-18 18:20:00,7568.75,7569.25,7564.75,7566.0,1386
2026-06-18 18:25:00,7565.5,7567.75,7565.25,7566.0,1021
2026-06-18 18:30:00,7566.25,7566.25,7563.5,7563.75,864
2026-06-18 18:35:00,7563.75,7564.0,7561.0,7561.25,1222
2026-06-18 18:40:00,7561.25,7562.75,7560.25,7561.75,1210
2026-06-18 18:45:00,7561.75,7563.5,7559.75,7563.25,1093
2026-06-18 18:50:00,7563.25,7564.0,7562.0,7562.75,794
2026-06-18 18:55:00,7562.75,7562.75,7560.75,7561.0,679
2026-06-18 19:00:00,7561.25,7564.0,7560.25,7562.5,1039
2026-06-18 19:05:00,7562.25,7562.75,7560.5,7562.25,480
2026-06-18 19:10:00,7562.5,7564.25,7561.5,7561.5,668
2026-06-18 19:15:00,7561.5,7563.25,7561.25,7562.0,415
2026-06-18 19:20:00,7562.0,7566.0,7562.0,7564.5,927
2026-06-18 19:25:00,7564.25,7565.25,7563.0,7564.25,456
2026-06-18 19:30:00,7564.5,7565.5,7562.75,7564.5,590
2026-06-18 19:35:00,7564.75,7567.25,7564.25,7566.0,779
2026-06-18 19:40:00,7566.0,7566.5,7564.25,7565.75,563
2026-06-18 19:45:00,7565.5,7567.5,7564.5,7565.75,793
2026-06-18 19:50:00,7566.0,7567.75,7565.75,7567.5,605
2026-06-18 19:55:00,7567.5,7568.25,7565.5,7565.75,686
2026-06-18 20:00:00,7565.5,7565.75,7561.5,7563.0,2039
2026-06-18 20:05:00,7563.25,7564.5,7559.25,7561.0,1863
2026-06-18 20:10:00,7561.0,7562.0,7556.0,7557.25,1975
2026-06-18 20:15:00,7557.5,7561.0,7557.0,7560.25,1915
2026-06-18 20:20:00,7560.25,7560.75,7556.75,7559.75,1194
2026-06-18 20:25:00,7559.5,7562.0,7558.5,7559.5,1003
2026-06-18 20:30:00,7559.75,7561.25,7559.25,7561.0,534
2026-06-18 20:35:00,7560.5,7561.0,7556.75,7558.75,1086
2026-06-18 20:40:00,7558.5,7560.0,7557.5,7559.0,511
2026-06-18 20:45:00,7559.25,7560.5,7558.5,7559.5,575
2026-06-18 20:50:00,7559.25,7559.75,7558.25,7559.25,264
2026-06-18 20:55:00,7559.0,7559.0,7557.0,7558.25,308
2026-06-18 21:00:00,7558.25,7560.75,7556.5,7559.5,1027
2026-06-18 21:05:00,7559.25,7559.25,7553.25,7553.75,1824
2026-06-18 21:10:00,7553.5,7554.5,7551.0,7552.5,1317
2026-06-18 21:15:00,7552.5,7554.75,7552.5,7554.5,854
2026-06-18 21:20:00,7554.5,7555.0,7552.75,7553.75,608
2026-06-18 21:25:00,7553.5,7556.0,7553.0,7554.75,658
2026-06-18 21:30:00,7554.75,7554.75,7551.25,7553.25,1052
2026-06-18 21:35:00,7553.5,7553.75,7551.5,7551.75,532
2026-06-18 21:40:00,7552.0,7552.0,7550.0,7551.25,714
2026-06-18 21:45:00,7551.75,7553.0,7550.25,7550.75,652
2026-06-18 21:50:00,7550.75,7551.5,7548.25,7548.25,1158
2026-06-18 21:55:00,7548.25,7549.25,7547.25,7547.5,713
2026-06-18 22:00:00,7547.5,7548.5,7546.0,7547.0,998
2026-06-18 22:05:00,7547.25,7547.5,7544.0,7545.75,971
2026-06-18 22:10:00,7545.75,7546.0,7543.75,7544.75,747
2026-06-18 22:15:00,7544.75,7545.0,7541.75,7542.5,1050
2026-06-18 22:20:00,7542.5,7546.75,7542.5,7545.75,982
2026-06-18 22:25:00,7545.75,7546.5,7544.75,7546.0,471
2026-06-18 22:30:00,7546.0,7547.25,7545.5,7546.75,455
2026-06-18 22:35:00,7546.5,7548.0,7546.25,7547.0,518
2026-06-18 22:40:00,7546.75,7549.25,7546.75,7548.75,778
2026-06-18 22:45:00,7548.75,7548.75,7546.5,7546.5,496
2026-06-18 22:50:00,7546.5,7546.75,7544.25,7546.25,836
2026-06-18 22:55:00,7546.5,7547.0,7545.75,7546.25,305
2026-06-18 23:00:00,7546.25,7548.5,7545.25,7545.5,671
2026-06-18 23:05:00,7545.25,7546.25,7544.75,7545.0,343
2026-06-18 23:10:00,7545.25,7545.75,7544.0,7544.0,259
2026-06-18 23:15:00,7544.25,7544.75,7539.5,7540.5,2049
2026-06-18 23:20:00,7540.25,7542.0,7539.0,7539.75,667
2026-06-18 23:25:00,7539.75,7540.0,7537.75,7539.0,723
2026-06-18 23:30:00,7538.5,7539.75,7536.75,7537.0,1025
2026-06-18 23:35:00,7537.0,7541.0,7536.0,7540.5,1242
2026-06-18 23:40:00,7540.75,7541.25,7537.75,7538.75,741
2026-06-18 23:45:00,7539.0,7539.25,7537.5,7538.0,505
2026-06-18 23:50:00,7538.25,7540.0,7537.75,7538.5,476
2026-06-18 23:55:00,7538.5,7539.25,7536.25,7538.5,701
2026-06-19 00:00:00,7538.75,7539.5,7532.25,7533.5,2209
2026-06-19 00:05:00,7533.25,7537.25,7533.25,7535.75,895
2026-06-19 00:10:00,7536.0,7538.5,7536.0,7538.25,548
2026-06-19 00:15:00,7538.25,7538.25,7535.0,7536.25,1060
2026-06-19 00:20:00,7536.5,7537.25,7534.0,7536.25,513
2026-06-19 00:25:00,7536.5,7536.75,7534.0,7535.75,461
2026-06-19 00:30:00,7536.25,7536.25,7530.5,7531.5,1356
2026-06-19 00:35:00,7531.5,7532.25,7529.25,7531.25,1253
2026-06-19 00:40:00,7531.25,7531.75,7529.75,7531.0,409
2026-06-19 00:45:00,7531.0,7531.25,7527.5,7529.75,934
2026-06-19 00:50:00,7529.75,7530.25,7523.75,7525.0,1481
2026-06-19 00:55:00,7524.75,7526.5,7521.5,7525.5,1660
2026-06-19 01:00:00,7525.5,7526.5,7523.75,7525.5,865
2026-06-19 01:05:00,7525.25,7527.0,7524.0,7524.75,593
2026-06-19 01:10:00,7524.75,7526.5,7522.0,7526.5,855
2026-06-19 01:15:00,7526.5,7527.5,7523.75,7524.5,1026
2026-06-19 01:20:00,7524.75,7525.25,7520.5,7522.0,1350
2026-06-19 01:25:00,7522.0,7525.75,7521.25,7525.5,638
2026-06-19 01:30:00,7525.5,7528.5,7524.25,7524.25,1078
2026-06-19 01:35:00,7524.5,7526.0,7522.5,7523.5,895
2026-06-19 01:40:00,7523.5,7525.5,7520.75,7522.75,1246
2026-06-19 01:45:00,7522.5,7527.5,7522.5,7526.5,900
2026-06-19 01:50:00,7526.5,7530.25,7525.75,7530.25,1113
2026-06-19 01:55:00,7530.0,7531.75,7529.25,7531.5,1072
2026-06-19 02:00:00,7531.25,7535.5,7531.0,7534.75,1239
2026-06-19 02:05:00,7534.75,7535.25,7532.25,7533.25,829
2026-06-19 02:10:00,7533.25,7534.0,7530.75,7533.0,964
2026-06-19 02:15:00,7533.0,7533.75,7531.25,7532.0,594
2026-06-19 02:20:00,7531.75,7534.0,7530.0,7533.25,823
2026-06-19 02:25:00,7533.25,7537.75,7533.25,7536.5,1072
2026-06-19 02:30:00,7536.25,7538.0,7535.5,7536.5,661
2026-06-19 02:35:00,7536.75,7537.25,7534.0,7535.0,503
2026-06-19 02:40:00,7535.0,7537.25,7534.5,7536.0,357
2026-06-19 02:45:00,7536.0,7538.5,7534.5,7537.0,527
2026-06-19 02:50:00,7537.0,7539.5,7536.75,7539.5,625
2026-06-19 02:55:00,7539.25,7542.75,7539.25,7541.5,1111
2026-06-19 03:00:00,7541.25,7545.0,7541.0,7545.0,988
2026-06-19 03:05:00,7545.0,7546.0,7544.0,7545.0,533
2026-06-19 03:10:00,7544.75,7546.75,7543.0,7546.5,668
2026-06-19 03:15:00,7546.75,7548.25,7544.75,7545.25,833
2026-06-19 03:20:00,7545.25,7547.5,7544.75,7546.75,543
2026-06-19 03:25:00,7546.5,7549.5,7546.25,7549.5,651
2026-06-19 03:30:00,7549.5,7555.0,7548.5,7552.0,3269
2026-06-19 03:35:00,7551.75,7553.25,7550.0,7553.0,564
2026-06-19 03:40:00,7553.0,7553.75,7550.0,7550.75,639
2026-06-19 03:45:00,7550.75,7551.75,7549.0,7549.25,581
2026-06-19 03:50:00,7549.25,7553.0,7548.5,7551.0,1108
2026-06-19 03:55:00,7551.0,7554.25,7550.75,7554.25,741
2026-06-19 04:00:00,7554.25,7554.5,7550.5,7553.0,822
2026-06-19 04:05:00,7553.0,7554.0,7551.75,7552.5,489
2026-06-19 04:10:00,7552.75,7556.5,7552.75,7554.75,1080
2026-06-19 04:15:00,7554.5,7557.25,7554.0,7556.75,710
2026-06-19 04:20:00,7556.75,7558.25,7556.25,7556.5,446
2026-06-19 04:25:00,7556.5,7557.25,7554.75,7557.0,669
2026-06-19 04:30:00,7557.0,7557.5,7553.0,7553.75,1060
2026-06-19 04:35:00,7554.0,7557.0,7553.5,7556.5,538
2026-06-19 04:40:00,7556.25,7558.75,7554.75,7557.25,729
2026-06-19 04:45:00,7557.5,7560.5,7555.75,7560.25,745
2026-06-19 04:50:00,7560.25,7560.5,7559.0,7559.0,505
2026-06-19 04:55:00,7559.25,7560.25,7558.0,7558.5,420
2026-06-19 05:00:00,7558.75,7562.25,7557.75,7557.75,1061
2026-06-19 05:05:00,7557.75,7559.25,7556.0,7556.0,627
2026-06-19 05:10:00,7556.25,7557.75,7554.75,7556.5,903
2026-06-19 05:15:00,7556.5,7558.0,7556.0,7557.25,440
2026-06-19 05:20:00,7557.5,7557.75,7553.75,7554.75,604
2026-06-19 05:25:00,7555.0,7555.25,7553.5,7554.25,453
2026-06-19 05:30:00,7554.0,7557.0,7554.0,7557.0,469
2026-06-19 05:35:00,7557.0,7559.5,7556.0,7559.0,703
2026-06-19 05:40:00,7559.5,7560.5,7557.5,7557.75,739
2026-06-19 05:45:00,7557.75,7559.25,7555.25,7555.5,771
2026-06-19 05:50:00,7555.5,7559.5,7555.5,7556.5,1073
2026-06-19 05:55:00,7556.75,7558.0,7554.75,7555.25,655
2026-06-19 06:00:00,7555.25,7555.75,7552.5,7552.75,977
2026-06-19 06:05:00,7553.0,7554.0,7551.5,7553.5,686
2026-06-19 06:10:00,7553.75,7554.25,7551.75,7552.0,553
2026-06-19 06:15:00,7552.0,7553.25,7551.25,7551.5,663
2026-06-19 06:20:00,7551.5,7552.0,7546.75,7547.0,1257
2026-06-19 06:25:00,7546.75,7548.0,7544.75,7545.25,956
2026-06-19 06:30:00,7545.5,7545.75,7541.25,7543.0,1194
2026-06-19 06:35:00,7542.75,7544.25,7537.75,7538.75,1706
2026-06-19 06:40:00,7538.25,7543.5,7538.25,7542.25,856
2026-06-19 06:45:00,7542.5,7546.25,7540.0,7543.5,1886
2026-06-19 06:50:00,7543.5,7547.25,7543.5,7544.5,625
2026-06-19 06:55:00,7544.25,7545.0,7543.0,7543.5,434
2026-06-19 07:00:00,7543.5,7543.75,7540.0,7542.5,1406
2026-06-19 07:05:00,7542.25,7543.5,7537.5,7541.75,1866
2026-06-19 07:10:00,7541.5,7542.5,7540.25,7541.0,534
2026-06-19 07:15:00,7541.0,7544.0,7541.0,7542.5,577
2026-06-19 07:20:00,7542.5,7543.25,7539.25,7539.5,533
2026-06-19 07:25:00,7539.5,7540.25,7537.0,7538.5,778
2026-06-19 07:30:00,7538.5,7543.5,7538.25,7543.0,872
2026-06-19 07:35:00,7542.75,7544.25,7542.25,7543.75,606
2026-06-19 07:40:00,7543.75,7546.25,7543.75,7544.25,1043
2026-06-19 07:45:00,7544.25,7546.0,7544.0,7544.25,452
2026-06-19 07:50:00,7544.0,7545.5,7541.25,7541.25,917
2026-06-19 07:55:00,7541.25,7544.25,7540.0,7544.25,628
2026-06-19 08:00:00,7544.25,7544.75,7542.0,7544.0,792
2026-06-19 08:05:00,7544.25,7544.25,7541.5,7544.0,744
2026-06-19 08:10:00,7544.0,7544.5,7542.0,7542.0,592
2026-06-19 08:15:00,7542.25,7542.75,7540.0,7542.75,658
2026-06-19 08:20:00,7542.25,7543.25,7541.75,7542.5,418
2026-06-19 08:25:00,7542.5,7543.25,7540.25,7540.5,737
2026-06-19 08:30:00,7540.5,7541.25,7538.75,7540.25,947
2026-06-19 08:35:00,7540.0,7540.75,7533.5,7537.75,4111
2026-06-19 08:40:00,7538.25,7541.5,7536.75,7540.5,1553
2026-06-19 08:45:00,7540.5,7542.0,7538.5,7538.75,1037
2026-06-19 08:50:00,7539.0,7559.75,7538.75,7555.75,10791
2026-06-19 08:55:00,7555.75,7562.25,7554.5,7558.75,5376
2026-06-19 09:00:00,7559.0,7560.0,7554.5,7555.75,3837
2026-06-19 09:05:00,7555.75,7560.25,7555.75,7559.75,2613
2026-06-19 09:10:00,7559.75,7561.75,7558.0,7558.5,2912
2026-06-19 09:15:00,7558.75,7560.5,7555.5,7556.25,2658
2026-06-19 09:20:00,7556.25,7557.25,7555.5,7557.0,1433
2026-06-19 09:25:00,7557.0,7559.25,7556.5,7559.0,1482
2026-06-19 09:30:00,7559.0,7563.75,7556.0,7558.25,6813
2026-06-19 09:35:00,7558.0,7561.75,7557.75,7559.75,3918
2026-06-19 09:40:00,7559.5,7561.0,7557.0,7557.75,3135
2026-06-19 09:45:00,7557.75,7561.25,7557.0,7559.5,3488
2026-06-19 09:50:00,7559.75,7560.75,7557.75,7559.0,2325
2026-06-19 09:55:00,7558.75,7563.0,7558.5,7559.5,5163
2026-06-19 10:00:00,7559.25,7559.5,7554.0,7559.0,6131
2026-06-19 10:05:00,7559.0,7560.0,7557.5,7559.5,2843
2026-06-19 10:10:00,7559.5,7560.0,7557.75,7559.25,2413
2026-06-19 10:15:00,7559.25,7561.25,7556.0,7561.0,2925
2026-06-19 10:20:00,7561.0,7561.25,7558.75,7559.25,1671
2026-06-19 10:25:00,7559.0,7561.0,7558.75,7559.75,1369
2026-06-19 10:30:00,7559.5,7559.75,7557.25,7559.25,1888
2026-06-19 10:35:00,7559.25,7563.0,7559.0,7562.0,3100
2026-06-19 10:40:00,7562.25,7563.75,7561.0,7563.25,2449
2026-06-19 10:45:00,7563.5,7564.5,7562.75,7563.0,2284
2026-06-19 10:50:00,7563.0,7565.25,7562.75,7564.75,1979
2026-06-19 10:55:00,7564.75,7566.0,7564.25,7565.25,1992
2026-06-19 11:00:00,7565.0,7567.0,7564.25,7566.0,2091
2026-06-19 11:05:00,7565.75,7568.5,7565.0,7567.75,1989
2026-06-19 11:10:00,7568.0,7568.25,7565.25,7565.25,1646
2026-06-19 11:15:00,7565.5,7565.5,7563.75,7564.5,2261
2026-06-19 11:20:00,7564.5,7565.5,7563.25,7565.0,1714
2026-06-19 11:25:00,7564.75,7566.0,7564.25,7566.0,1526
2026-06-19 11:30:00,7566.0,7567.0,7562.75,7563.5,4123
2026-06-19 11:35:00,7563.5,7563.5,7559.0,7560.5,4138
2026-06-19 11:40:00,7560.5,7561.5,7558.25,7558.75,2092
2026-06-19 11:45:00,7558.5,7563.75,7558.5,7563.5,2169
2026-06-19 11:50:00,7563.25,7565.75,7562.5,7564.0,2047
2026-06-19 11:55:00,7564.0,7565.0,7563.5,7563.75,1084
2026-06-19 12:00:00,7563.75,7564.0,7561.5,7562.0,1698
2026-06-19 12:05:00,7562.25,7562.5,7561.0,7561.0,799
2026-06-19 12:10:00,7561.0,7561.25,7559.5,7560.25,1154
2026-06-19 12:15:00,7560.25,7562.75,7560.25,7562.0,1179
2026-06-19 12:20:00,7562.0,7564.25,7561.75,7564.25,1072
2026-06-19 12:25:00,7564.25,7565.0,7563.5,7564.75,568
2026-06-19 12:30:00,7564.75,7567.25,7563.5,7566.75,1481
2026-06-19 12:35:00,7566.75,7566.75,7563.75,7565.25,978
2026-06-19 12:40:00,7565.25,7566.25,7564.5,7565.5,699
2026-06-19 12:45:00,7565.25,7567.75,7562.5,7563.5,1745
2026-06-19 12:50:00,7563.25,7564.25,7557.75,7558.0,1435
2026-06-19 12:55:00,7558.5,7561.75,7554.75,7557.0,2358
2026-06-21 18:00:00,7543.75,7549.5,7539.0,7548.0,5546
2026-06-21 18:05:00,7548.0,7549.75,7532.5,7535.75,4599
2026-06-21 18:10:00,7536.0,7538.25,7528.25,7532.0,4282
2026-06-21 18:15:00,7532.5,7534.5,7526.0,7533.75,3526
2026-06-21 18:20:00,7534.0,7542.5,7532.75,7541.75,3561
2026-06-21 18:25:00,7541.5,7543.5,7539.5,7540.75,1650
2026-06-21 18:30:00,7541.0,7541.25,7536.75,7538.25,2144
2026-06-21 18:35:00,7537.75,7539.75,7536.25,7537.25,1074
2026-06-21 18:40:00,7537.0,7542.25,7536.75,7541.25,1567
2026-06-21 18:45:00,7541.25,7544.0,7540.75,7543.5,1353
2026-06-21 18:50:00,7543.25,7543.5,7541.75,7543.0,775
2026-06-21 18:55:00,7543.0,7543.5,7536.75,7538.0,1982
2026-06-21 19:00:00,7537.75,7538.25,7525.75,7528.5,5472
2026-06-21 19:05:00,7528.25,7531.75,7525.5,7530.5,2920
2026-06-21 19:10:00,7530.25,7530.75,7525.0,7526.5,2583
2026-06-21 19:15:00,7526.5,7527.75,7523.25,7525.5,2709
2026-06-21 19:20:00,7525.25,7529.0,7523.75,7528.25,1766
2026-06-21 19:25:00,7528.5,7529.25,7524.5,7526.0,1729
2026-06-21 19:30:00,7526.25,7527.25,7522.25,7523.25,1990
2026-06-21 19:35:00,7523.25,7523.5,7516.25,7518.5,3539
2026-06-21 19:40:00,7518.5,7520.5,7515.5,7519.5,2459
2026-06-21 19:45:00,7519.5,7521.25,7514.75,7515.0,2562
2026-06-21 19:50:00,7515.0,7517.0,7513.25,7514.25,2001
2026-06-21 19:55:00,7514.25,7516.25,7513.0,7516.0,1404
2026-06-21 20:00:00,7515.75,7532.0,7514.5,7531.75,6730
2026-06-21 20:05:00,7531.75,7537.25,7530.0,7532.25,5591
2026-06-21 20:10:00,7532.25,7534.0,7527.75,7533.25,2719
2026-06-21 20:15:00,7533.0,7540.25,7531.25,7538.5,4223
2026-06-21 20:20:00,7538.75,7539.5,7534.75,7537.0,2190
2026-06-21 20:25:00,7536.5,7544.0,7535.75,7543.5,3708
2026-06-21 20:30:00,7543.75,7545.5,7540.5,7542.5,2279
2026-06-21 20:35:00,7542.5,7544.75,7541.25,7542.0,1816
2026-06-21 20:40:00,7542.0,7543.75,7540.25,7542.75,1924
2026-06-21 20:45:00,7543.0,7545.75,7543.0,7545.0,2513
2026-06-21 20:50:00,7545.25,7545.5,7543.5,7545.5,981
2026-06-21 20:55:00,7545.5,7550.0,7545.25,7549.0,2971
2026-06-21 21:00:00,7549.0,7553.25,7549.0,7552.75,3289
2026-06-21 21:05:00,7553.0,7558.0,7552.5,7552.75,3638
2026-06-21 21:10:00,7553.0,7554.0,7551.25,7553.5,1656
2026-06-21 21:15:00,7553.5,7555.25,7551.5,7551.5,1686
2026-06-21 21:20:00,7551.75,7555.25,7550.75,7554.25,1501
2026-06-21 21:25:00,7554.75,7556.0,7554.0,7554.75,1131
2026-06-21 21:30:00,7554.5,7554.75,7552.0,7553.75,1317
2026-06-21 21:35:00,7553.75,7555.75,7552.25,7555.25,821
2026-06-21 21:40:00,7555.5,7555.75,7552.75,7554.0,767
2026-06-21 21:45:00,7554.0,7554.75,7551.0,7552.0,1416
2026-06-21 21:50:00,7552.5,7553.75,7549.25,7550.0,1457
2026-06-21 21:55:00,7550.25,7551.75,7549.0,7549.75,1120
2026-06-21 22:00:00,7550.0,7550.75,7547.25,7548.5,1535
2026-06-21 22:05:00,7548.5,7550.0,7548.25,7548.75,1453
2026-06-21 22:10:00,7548.75,7548.75,7544.0,7544.0,1675
2026-06-21 22:15:00,7544.25,7546.25,7544.0,7545.5,964
2026-06-21 22:20:00,7545.25,7547.0,7543.75,7546.0,1169
2026-06-21 22:25:00,7546.25,7546.5,7542.0,7542.5,1524
2026-06-21 22:30:00,7542.25,7543.0,7540.25,7541.5,1426
2026-06-21 22:35:00,7541.5,7541.75,7539.75,7540.75,852
2026-06-21 22:40:00,7540.5,7541.25,7538.5,7540.0,1229
2026-06-21 22:45:00,7540.0,7540.25,7537.5,7538.25,948
2026-06-21 22:50:00,7538.0,7540.25,7537.25,7539.5,936
2026-06-21 22:55:00,7539.5,7539.75,7538.0,7538.5,504
2026-06-21 23:00:00,7538.5,7539.0,7534.25,7537.75,2352
2026-06-21 23:05:00,7537.75,7538.5,7535.5,7536.25,824
2026-06-21 23:10:00,7536.25,7537.0,7535.0,7536.0,846
2026-06-21 23:15:00,7536.0,7540.5,7536.0,7539.75,1584
2026-06-21 23:20:00,7539.75,7541.0,7538.5,7540.75,996
2026-06-21 23:25:00,7540.5,7540.75,7539.0,7540.5,731
2026-06-21 23:30:00,7540.5,7542.25,7540.25,7541.5,819
2026-06-21 23:35:00,7541.25,7541.75,7539.75,7541.0,535
2026-06-21 23:40:00,7540.75,7541.25,7539.0,7540.0,500
2026-06-21 23:45:00,7540.25,7541.75,7539.75,7541.25,480
2026-06-21 23:50:00,7541.25,7541.25,7536.75,7537.0,1033
2026-06-21 23:55:00,7536.75,7537.25,7533.5,7534.5,1507
2026-06-22 00:00:00,7534.5,7535.0,7532.75,7533.75,789
2026-06-22 00:05:00,7533.75,7536.0,7533.5,7536.0,958
2026-06-22 00:10:00,7535.75,7536.75,7532.75,7533.0,760
2026-06-22 00:15:00,7533.0,7533.75,7532.0,7532.5,909
2026-06-22 00:20:00,7532.5,7534.25,7532.0,7532.5,736
2026-06-22 00:25:00,7532.5,7532.5,7530.25,7531.0,955
2026-06-22 00:30:00,7530.75,7532.75,7530.25,7532.25,717
2026-06-22 00:35:00,7532.25,7532.5,7528.75,7531.0,1013
2026-06-22 00:40:00,7530.5,7531.75,7528.5,7529.75,1185
2026-06-22 00:45:00,7529.75,7534.25,7529.25,7533.75,2191
2026-06-22 00:50:00,7533.5,7534.75,7532.25,7533.25,1070
2026-06-22 00:55:00,7532.75,7535.5,7532.0,7534.75,840
2026-06-22 01:00:00,7534.75,7536.0,7533.75,7535.75,915
2026-06-22 01:05:00,7536.0,7544.25,7535.75,7543.5,2606
2026-06-22 01:10:00,7543.5,7546.5,7542.5,7545.25,1455
2026-06-22 01:15:00,7545.25,7547.25,7542.5,7543.0,1191
2026-06-22 01:20:00,7543.25,7545.0,7542.5,7545.0,954
2026-06-22 01:25:00,7545.0,7545.75,7544.0,7545.5,514
2026-06-22 01:30:00,7545.75,7546.0,7541.5,7543.5,938
2026-06-22 01:35:00,7543.25,7546.75,7543.25,7544.5,682
2026-06-22 01:40:00,7544.5,7545.75,7544.0,7545.0,373
2026-06-22 01:45:00,7545.0,7545.75,7543.5,7545.0,509
2026-06-22 01:50:00,7544.75,7547.25,7544.0,7545.75,614
2026-06-22 01:55:00,7546.0,7547.75,7545.75,7546.25,611
2026-06-22 02:00:00,7546.5,7549.25,7546.0,7548.75,1052
2026-06-22 02:05:00,7549.0,7552.25,7548.5,7551.75,1345
2026-06-22 02:10:00,7551.75,7553.5,7550.0,7553.0,822
2026-06-22 02:15:00,7553.0,7555.25,7551.75,7553.75,1497
2026-06-22 02:20:00,7553.75,7557.75,7553.0,7557.5,1273
2026-06-22 02:25:00,7557.25,7560.5,7557.0,7558.75,1891
2026-06-22 02:30:00,7558.5,7558.5,7554.5,7556.25,1619
2026-06-22 02:35:00,7556.25,7559.5,7555.5,7558.75,767
2026-06-22 02:40:00,7559.0,7562.0,7558.5,7560.75,836
2026-06-22 02:45:00,7560.75,7562.25,7559.5,7559.75,792
2026-06-22 02:50:00,7560.0,7562.0,7559.75,7561.75,408
2026-06-22 02:55:00,7561.75,7563.0,7560.75,7561.75,509
2026-06-22 03:00:00,7561.75,7566.0,7561.25,7565.5,1747
2026-06-22 03:05:00,7565.5,7566.25,7563.5,7564.25,1172
2026-06-22 03:10:00,7564.5,7565.25,7563.0,7564.0,783
2026-06-22 03:15:00,7564.0,7567.5,7564.0,7566.75,943
2026-06-22 03:20:00,7567.0,7567.25,7564.25,7564.75,473
2026-06-22 03:25:00,7564.75,7566.75,7564.5,7566.75,607
2026-06-22 03:30:00,7566.5,7566.75,7564.0,7565.25,668
2026-06-22 03:35:00,7565.25,7567.25,7565.0,7565.0,547
2026-06-22 03:40:00,7565.0,7565.0,7562.0,7562.75,945
2026-06-22 03:45:00,7562.5,7565.0,7561.75,7564.5,733
2026-06-22 03:50:00,7564.25,7564.75,7561.0,7561.25,655
2026-06-22 03:55:00,7561.25,7563.0,7560.5,7562.75,576
2026-06-22 04:00:00,7562.75,7563.75,7556.25,7557.0,1471
2026-06-22 04:05:00,7557.0,7558.0,7555.75,7556.25,982
2026-06-22 04:10:00,7556.0,7557.5,7552.5,7556.25,1454
2026-06-22 04:15:00,7556.5,7557.75,7553.25,7553.75,919
2026-06-22 04:20:00,7553.5,7556.25,7552.5,7556.0,945
2026-06-22 04:25:00,7555.75,7556.5,7554.25,7555.0,680
2026-06-22 04:30:00,7554.75,7556.0,7553.25,7555.75,763
2026-06-22 04:35:00,7556.0,7558.25,7555.25,7557.5,1068
2026-06-22 04:40:00,7557.5,7560.0,7557.0,7560.0,575
2026-06-22 04:45:00,7559.75,7560.25,7555.5,7557.5,837
2026-06-22 04:50:00,7557.0,7559.25,7556.0,7559.0,603
2026-06-22 04:55:00,7559.25,7560.25,7558.0,7559.25,782
2026-06-22 05:00:00,7559.5,7562.75,7556.25,7562.75,1181
2026-06-22 05:05:00,7563.0,7564.5,7561.5,7563.75,973
2026-06-22 05:10:00,7564.0,7564.5,7561.0,7563.0,705
2026-06-22 05:15:00,7562.75,7563.0,7560.25,7560.75,586
2026-06-22 05:20:00,7560.75,7562.25,7560.0,7561.0,550
2026-06-22 05:25:00,7561.25,7562.25,7559.75,7560.5,488
2026-06-22 05:30:00,7560.25,7562.0,7558.25,7560.5,1200
2026-06-22 05:35:00,7560.5,7560.75,7557.25,7557.25,634
2026-06-22 05:40:00,7557.25,7558.5,7555.25,7556.25,589
2026-06-22 05:45:00,7556.5,7558.25,7555.5,7556.5,466
2026-06-22 05:50:00,7556.25,7557.5,7555.25,7556.5,570
2026-06-22 05:55:00,7556.5,7557.5,7554.5,7555.0,822
2026-06-22 06:00:00,7554.75,7561.0,7554.75,7560.75,1142
2026-06-22 06:05:00,7561.0,7564.75,7560.0,7563.25,994
2026-06-22 06:10:00,7563.25,7564.75,7562.75,7563.0,598
2026-06-22 06:15:00,7562.75,7564.5,7562.75,7563.5,557
2026-06-22 06:20:00,7563.5,7564.25,7562.75,7564.25,337
2026-06-22 06:25:00,7564.0,7564.5,7562.0,7563.0,469
2026-06-22 06:30:00,7563.0,7563.0,7559.0,7560.0,796
2026-06-22 06:35:00,7560.0,7561.0,7557.75,7558.0,673
2026-06-22 06:40:00,7558.0,7559.75,7556.75,7559.25,833
2026-06-22 06:45:00,7559.25,7562.5,7559.25,7561.75,768
2026-06-22 06:50:00,7561.75,7562.0,7558.5,7559.5,704
2026-06-22 06:55:00,7559.5,7559.75,7557.75,7558.75,563
2026-06-22 07:00:00,7558.5,7568.5,7558.5,7567.0,2444
2026-06-22 07:05:00,7567.0,7578.0,7566.5,7569.0,7347
2026-06-22 07:10:00,7568.5,7568.75,7560.0,7562.75,2927
2026-06-22 07:15:00,7562.5,7564.25,7561.25,7563.75,1131
2026-06-22 07:20:00,7563.5,7563.75,7560.75,7563.0,864
2026-06-22 07:25:00,7562.75,7564.0,7561.25,7561.75,658
2026-06-22 07:30:00,7561.75,7565.5,7560.75,7563.75,1407
2026-06-22 07:35:00,7563.75,7565.75,7563.0,7565.25,1250
2026-06-22 07:40:00,7565.25,7565.5,7562.0,7563.25,1407
2026-06-22 07:45:00,7563.5,7564.5,7559.0,7564.25,2320
2026-06-22 07:50:00,7564.5,7564.5,7560.0,7561.25,1469
2026-06-22 07:55:00,7561.5,7565.0,7561.0,7563.5,1702
2026-06-22 08:00:00,7563.75,7567.0,7563.75,7566.75,1197
2026-06-22 08:05:00,7566.75,7569.0,7566.25,7568.75,1181
2026-06-22 08:10:00,7568.75,7570.25,7567.5,7569.75,1172
2026-06-22 08:15:00,7569.5,7570.25,7567.75,7569.0,872
2026-06-22 08:20:00,7568.75,7574.25,7568.75,7573.5,2003
2026-06-22 08:25:00,7573.5,7574.5,7571.75,7574.0,1746
2026-06-22 08:30:00,7574.25,7575.75,7572.25,7575.75,1900
2026-06-22 08:35:00,7575.5,7576.5,7573.0,7573.25,1917
2026-06-22 08:40:00,7573.25,7574.75,7570.25,7570.75,1855
2026-06-22 08:45:00,7571.0,7571.75,7568.75,7570.75,1690
2026-06-22 08:50:00,7570.25,7570.75,7568.25,7568.75,1130
2026-06-22 08:55:00,7568.75,7570.0,7567.5,7568.0,1273
2026-06-22 09:00:00,7568.0,7578.0,7568.0,7574.25,7872
2026-06-22 09:05:00,7574.25,7574.75,7569.25,7570.75,3299
2026-06-22 09:10:00,7570.5,7576.75,7569.75,7576.5,6190
2026-06-22 09:15:00,7576.5,7577.5,7573.25,7575.25,2617
2026-06-22 09:20:00,7575.25,7579.0,7574.75,7577.5,2267
2026-06-22 09:25:00,7577.75,7578.5,7572.25,7573.25,4828
2026-06-22 09:30:00,7573.25,7590.25,7571.5,7578.0,32203
2026-06-22 09:35:00,7578.25,7595.5,7576.75,7595.5,22114
2026-06-22 09:40:00,7595.25,7596.75,7576.0,7578.75,26419
2026-06-22 09:45:00,7578.5,7595.5,7576.5,7591.75,22589
2026-06-22 09:50:00,7592.0,7593.0,7586.25,7587.5,15306
2026-06-22 09:55:00,7587.25,7596.5,7584.0,7596.5,14014
2026-06-22 10:00:00,7596.0,7597.5,7591.0,7593.0,11964
2026-06-22 10:05:00,7593.25,7597.0,7590.5,7596.75,11138
2026-06-22 10:10:00,7596.75,7599.25,7589.0,7589.75,14359
2026-06-22 10:15:00,7590.0,7591.0,7579.25,7581.25,18617
2026-06-22 10:20:00,7581.0,7581.75,7569.5,7571.75,21121
2026-06-22 10:25:00,7571.5,7574.75,7560.5,7561.25,27754
2026-06-22 10:30:00,7561.25,7562.5,7545.75,7550.75,40242
2026-06-22 10:35:00,7551.0,7556.25,7545.75,7550.5,24410
2026-06-22 10:40:00,7550.5,7553.5,7540.0,7541.0,23799
2026-06-22 10:45:00,7541.0,7549.5,7540.5,7544.0,24221
2026-06-22 10:50:00,7544.0,7546.75,7532.25,7534.25,22761
2026-06-22 10:55:00,7534.25,7545.0,7527.25,7543.0,23880
2026-06-22 11:00:00,7543.0,7550.0,7541.25,7546.5,14409
2026-06-22 11:05:00,7546.5,7547.0,7536.0,7538.5,17550
2026-06-22 11:10:00,7539.0,7544.75,7536.5,7540.75,13437
2026-06-22 11:15:00,7540.5,7545.5,7535.25,7537.75,17624
2026-06-22 11:20:00,7537.75,7546.0,7534.5,7544.25,17002
2026-06-22 11:25:00,7544.0,7547.0,7537.5,7539.75,18963
2026-06-22 11:30:00,7539.75,7546.5,7537.75,7542.25,16343
2026-06-22 11:35:00,7542.25,7548.25,7540.5,7547.75,9820
2026-06-22 11:40:00,7547.75,7558.0,7547.75,7555.0,12978
2026-06-22 11:45:00,7555.0,7559.25,7539.25,7540.5,16611
2026-06-22 11:50:00,7540.5,7546.0,7540.5,7542.0,12318
2026-06-22 11:55:00,7542.0,7547.25,7540.25,7542.5,9361
2026-06-22 12:00:00,7542.75,7544.5,7532.0,7533.75,14327
2026-06-22 12:05:00,7533.5,7539.75,7532.5,7538.25,10664
2026-06-22 12:10:00,7538.25,7546.5,7537.75,7546.5,10050
2026-06-22 12:15:00,7546.25,7547.25,7541.0,7546.25,7304
2026-06-22 12:20:00,7546.25,7550.5,7540.25,7541.75,9444
2026-06-22 12:25:00,7541.5,7545.75,7540.0,7544.5,6128
2026-06-22 12:30:00,7544.25,7545.25,7539.0,7539.75,5781
2026-06-22 12:35:00,7539.75,7541.5,7537.0,7540.5,5708
2026-06-22 12:40:00,7540.5,7542.0,7536.75,7540.0,5939
2026-06-22 12:45:00,7540.0,7546.25,7537.75,7546.25,6521
2026-06-22 12:50:00,7546.0,7548.75,7545.0,7547.25,6301
2026-06-22 12:55:00,7547.5,7549.75,7543.0,7546.0,9510
2026-06-22 13:00:00,7546.25,7547.0,7542.5,7544.75,5390
2026-06-22 13:05:00,7545.0,7545.0,7535.25,7538.25,7859
2026-06-22 13:10:00,7538.25,7542.25,7537.75,7542.25,4841
2026-06-22 13:15:00,7542.25,7547.0,7542.0,7546.5,6130
2026-06-22 13:20:00,7546.5,7549.0,7543.25,7545.0,4191
2026-06-22 13:25:00,7545.25,7546.5,7542.75,7543.25,2962
2026-06-22 13:30:00,7543.25,7544.75,7539.0,7541.0,5726
2026-06-22 13:35:00,7540.75,7541.0,7535.5,7540.5,5817
2026-06-22 13:40:00,7540.25,7542.0,7538.25,7539.25,3609
2026-06-22 13:45:00,7539.5,7544.5,7538.25,7543.75,4885
2026-06-22 13:50:00,7543.75,7549.5,7543.0,7548.25,5393
2026-06-22 13:55:00,7548.5,7548.5,7542.75,7542.75,5491
2026-06-22 14:00:00,7543.0,7544.75,7538.5,7541.0,7626
2026-06-22 14:05:00,7540.75,7545.25,7540.5,7545.25,3970
2026-06-22 14:10:00,7545.25,7546.75,7542.5,7545.75,3082
2026-06-22 14:15:00,7545.75,7549.5,7545.75,7548.25,3524
2026-06-22 14:20:00,7548.25,7553.75,7548.0,7550.0,8601
2026-06-22 14:25:00,7550.0,7550.5,7544.75,7547.0,6402
2026-06-22 14:30:00,7547.5,7551.5,7545.25,7546.25,7121
2026-06-22 14:35:00,7546.0,7548.25,7544.75,7545.0,3387
2026-06-22 14:40:00,7545.0,7546.0,7540.5,7540.75,4925
2026-06-22 14:45:00,7541.0,7544.25,7539.75,7543.75,5816
2026-06-22 14:50:00,7543.75,7544.75,7532.75,7536.5,8876
2026-06-22 14:55:00,7536.5,7536.5,7531.5,7533.0,5756
2026-06-22 15:00:00,7533.0,7539.5,7532.25,7537.0,7834
2026-06-22 15:05:00,7536.75,7537.5,7528.5,7532.5,8124
2026-06-22 15:10:00,7532.75,7537.0,7531.25,7535.5,4981
2026-06-22 15:15:00,7535.5,7538.25,7533.75,7537.5,4962
2026-06-22 15:20:00,7537.5,7538.25,7532.5,7533.25,4535
2026-06-22 15:25:00,7533.5,7534.5,7530.25,7530.5,5210
2026-06-22 15:30:00,7530.5,7536.25,7530.25,7533.75,6863
2026-06-22 15:35:00,7533.75,7534.0,7531.0,7532.25,4625
2026-06-22 15:40:00,7532.25,7533.25,7528.0,7529.5,5477
2026-06-22 15:45:00,7529.5,7535.5,7528.75,7535.5,6816
2026-06-22 15:50:00,7535.25,7545.25,7533.5,7543.75,17804
2026-06-22 15:55:00,7543.75,7545.75,7536.0,7540.25,20158
2026-06-22 16:00:00,7540.25,7547.0,7539.0,7545.25,7893
2026-06-22 16:05:00,7545.25,7546.0,7542.75,7543.5,1953
2026-06-22 16:10:00,7543.25,7546.0,7542.25,7545.25,1929
2026-06-22 16:15:00,7545.5,7547.0,7543.75,7546.75,1425
2026-06-22 16:20:00,7547.0,7547.0,7545.0,7545.0,1049
2026-06-22 16:25:00,7545.0,7545.0,7541.0,7541.5,1187
2026-06-22 16:30:00,7541.5,7542.5,7541.0,7541.25,867
2026-06-22 16:35:00,7541.25,7542.0,7540.5,7541.0,732
2026-06-22 16:40:00,7541.25,7542.75,7541.0,7542.25,643
2026-06-22 16:45:00,7542.5,7542.5,7541.25,7542.0,803
2026-06-22 16:50:00,7541.75,7541.75,7540.0,7541.25,942
2026-06-22 16:55:00,7540.75,7542.25,7539.75,7540.75,1054
2026-06-22 18:00:00,7543.25,7547.5,7539.75,7543.25,2613
2026-06-22 18:05:00,7543.0,7544.75,7538.5,7542.5,1628
2026-06-22 18:10:00,7542.75,7542.75,7540.25,7541.25,473
2026-06-22 18:15:00,7541.25,7542.0,7540.0,7541.5,373
2026-06-22 18:20:00,7541.25,7543.25,7540.25,7542.75,470
2026-06-22 18:25:00,7542.5,7542.75,7539.0,7539.75,702
2026-06-22 18:30:00,7540.0,7540.0,7534.5,7535.0,1993
2026-06-22 18:35:00,7534.5,7535.5,7530.0,7533.75,2055
2026-06-22 18:40:00,7533.75,7534.0,7529.5,7530.5,1147
2026-06-22 18:45:00,7530.0,7532.25,7529.25,7531.75,932
2026-06-22 18:50:00,7532.25,7533.25,7530.5,7533.0,686
2026-06-22 18:55:00,7533.0,7533.75,7531.5,7532.0,769
2026-06-22 19:00:00,7532.25,7533.25,7529.25,7531.0,972
2026-06-22 19:05:00,7531.0,7531.75,7530.0,7531.5,402
2026-06-22 19:10:00,7531.5,7531.5,7527.75,7528.75,963
2026-06-22 19:15:00,7528.75,7528.75,7525.5,7526.5,1502
2026-06-22 19:20:00,7526.75,7529.5,7526.0,7529.0,1108
2026-06-22 19:25:00,7529.0,7531.5,7528.25,7531.0,1099
2026-06-22 19:30:00,7531.0,7531.5,7529.25,7529.5,707
2026-06-22 19:35:00,7529.75,7531.0,7528.25,7529.0,704
2026-06-22 19:40:00,7529.0,7531.0,7528.25,7531.0,421
2026-06-22 19:45:00,7531.0,7531.5,7526.75,7528.25,1240
2026-06-22 19:50:00,7528.0,7530.25,7526.25,7529.5,865
2026-06-22 19:55:00,7529.5,7532.5,7529.0,7532.0,827
2026-06-22 20:00:00,7531.75,7535.0,7530.25,7533.25,2727
2026-06-22 20:05:00,7533.25,7534.75,7530.0,7530.25,964
2026-06-22 20:10:00,7530.0,7531.25,7522.0,7525.0,3019
2026-06-22 20:15:00,7525.0,7529.0,7524.75,7525.0,1470
2026-06-22 20:20:00,7525.25,7525.5,7522.0,7523.25,2459
2026-06-22 20:25:00,7523.25,7527.25,7522.5,7525.0,1370
2026-06-22 20:30:00,7525.25,7530.5,7524.0,7529.5,1584
2026-06-22 20:35:00,7529.75,7534.25,7527.5,7533.5,1644
2026-06-22 20:40:00,7533.5,7541.0,7532.25,7541.0,3806
2026-06-22 20:45:00,7541.0,7545.25,7538.5,7542.25,4196
2026-06-22 20:50:00,7542.25,7542.75,7539.25,7539.5,1488
2026-06-22 20:55:00,7539.75,7541.5,7537.75,7540.0,1363
2026-06-22 21:00:00,7540.25,7542.5,7538.25,7541.0,1889
2026-06-22 21:05:00,7541.0,7541.75,7537.0,7540.0,1443
2026-06-22 21:10:00,7540.0,7541.25,7536.25,7536.5,1087
2026-06-22 21:15:00,7536.25,7537.75,7533.0,7534.0,2138
2026-06-22 21:20:00,7534.25,7536.25,7532.75,7533.25,1527
2026-06-22 21:25:00,7533.0,7537.5,7533.0,7535.75,1220
2026-06-22 21:30:00,7535.75,7536.5,7529.5,7529.75,1861
2026-06-22 21:35:00,7530.0,7530.25,7522.5,7525.5,3823
2026-06-22 21:40:00,7525.5,7528.5,7521.0,7522.25,3095
2026-06-22 21:45:00,7522.25,7522.25,7518.0,7519.25,3406
2026-06-22 21:50:00,7519.5,7522.0,7512.0,7520.75,4854
2026-06-22 21:55:00,7521.0,7525.5,7520.0,7522.5,2519
2026-06-22 22:00:00,7522.5,7525.0,7520.0,7523.75,1803
2026-06-22 22:05:00,7523.75,7524.0,7514.5,7516.25,2728
2026-06-22 22:10:00,7516.25,7519.75,7514.0,7519.0,1989
2026-06-22 22:15:00,7519.0,7522.5,7517.25,7520.75,2260
2026-06-22 22:20:00,7520.75,7522.5,7518.75,7519.75,873
2026-06-22 22:25:00,7520.0,7521.5,7518.75,7520.0,947
2026-06-22 22:30:00,7520.0,7520.5,7516.5,7517.0,1080
2026-06-22 22:35:00,7517.0,7518.75,7516.25,7516.75,792
2026-06-22 22:40:00,7516.75,7518.5,7515.5,7517.5,682
2026-06-22 22:45:00,7517.75,7518.25,7512.5,7514.25,1776
2026-06-22 22:50:00,7514.25,7516.75,7513.25,7514.5,1059
2026-06-22 22:55:00,7514.5,7516.5,7510.5,7512.5,1745
2026-06-22 23:00:00,7512.75,7513.75,7510.25,7511.5,1761
2026-06-22 23:05:00,7511.5,7511.75,7506.5,7506.5,2190
2026-06-22 23:10:00,7506.75,7508.5,7504.5,7506.5,2078
2026-06-22 23:15:00,7506.25,7508.0,7505.0,7505.75,1230
2026-06-22 23:20:00,7506.0,7507.75,7505.25,7506.25,849
2026-06-22 23:25:00,7506.0,7509.0,7505.5,7507.75,1266
2026-06-22 23:30:00,7507.5,7507.75,7503.5,7504.0,1953
2026-06-22 23:35:00,7504.0,7505.0,7499.0,7501.0,2700
2026-06-22 23:40:00,7500.75,7501.0,7496.5,7500.5,2882
2026-06-22 23:45:00,7500.5,7501.0,7497.0,7499.5,1416
2026-06-22 23:50:00,7499.75,7506.0,7499.75,7505.25,2096
2026-06-22 23:55:00,7505.25,7509.0,7504.25,7509.0,1629
2026-06-23 00:00:00,7509.25,7512.0,7507.25,7508.5,2435
2026-06-23 00:05:00,7508.5,7508.5,7502.75,7503.5,1145
2026-06-23 00:10:00,7503.5,7504.0,7499.75,7501.75,1288
2026-06-23 00:15:00,7501.75,7501.75,7495.25,7496.0,2102
2026-06-23 00:20:00,7496.25,7496.5,7493.25,7495.5,1700
2026-06-23 00:25:00,7495.75,7497.5,7494.75,7496.75,885
2026-06-23 00:30:00,7496.5,7496.75,7494.0,7495.0,888
2026-06-23 00:35:00,7495.0,7495.25,7492.25,7493.5,1220
2026-06-23 00:40:00,7493.25,7493.75,7490.5,7492.0,1657
2026-06-23 00:45:00,7492.25,7493.25,7490.75,7491.0,1124
2026-06-23 00:50:00,7491.0,7491.5,7484.25,7485.75,2646
2026-06-23 00:55:00,7485.75,7485.75,7481.75,7483.25,1898
2026-06-23 01:00:00,7483.5,7487.25,7483.0,7487.25,1738
2026-06-23 01:05:00,7486.75,7487.75,7482.75,7483.75,1377
2026-06-23 01:10:00,7483.5,7488.25,7483.0,7483.25,1833
2026-06-23 01:15:00,7483.25,7484.5,7480.5,7481.25,1607
2026-06-23 01:20:00,7481.0,7484.25,7479.5,7480.25,1861
2026-06-23 01:25:00,7480.5,7481.0,7474.25,7477.0,3468
2026-06-23 01:30:00,7477.0,7477.5,7472.0,7473.75,3736
2026-06-23 01:35:00,7473.75,7474.75,7467.25,7470.0,3317
2026-06-23 01:40:00,7470.25,7474.0,7467.25,7473.25,3163
2026-06-23 01:45:00,7473.5,7476.0,7471.25,7474.25,2335
2026-06-23 01:50:00,7474.25,7476.0,7470.75,7471.5,1862
2026-06-23 01:55:00,7471.25,7472.0,7465.5,7468.5,2613
2026-06-23 02:00:00,7468.75,7472.25,7466.25,7470.5,2664
2026-06-23 02:05:00,7470.5,7472.25,7462.5,7464.5,3113
2026-06-23 02:10:00,7464.75,7466.25,7463.0,7465.75,1954
2026-06-23 02:15:00,7466.0,7468.5,7461.5,7462.75,2744
2026-06-23 02:20:00,7462.75,7463.0,7457.25,7458.75,3455
2026-06-23 02:25:00,7459.0,7459.5,7451.0,7454.75,4558
2026-06-23 02:30:00,7454.5,7458.75,7452.75,7456.0,2450
2026-06-23 02:35:00,7455.75,7457.0,7453.0,7454.25,1990
2026-06-23 02:40:00,7454.5,7457.5,7448.0,7450.5,2971
2026-06-23 02:45:00,7450.75,7455.75,7449.25,7452.0,2920
2026-06-23 02:50:00,7452.25,7453.5,7448.75,7450.5,1192
2026-06-23 02:55:00,7450.5,7452.0,7444.5,7447.0,2279
2026-06-23 03:00:00,7447.0,7448.75,7442.25,7447.0,3757
2026-06-23 03:05:00,7447.5,7455.5,7446.25,7454.75,3741
2026-06-23 03:10:00,7454.5,7455.5,7451.0,7452.0,2184
2026-06-23 03:15:00,7452.0,7453.25,7445.75,7447.0,1764
2026-06-23 03:20:00,7446.5,7449.75,7442.5,7443.75,2068
2026-06-23 03:25:00,7443.75,7447.0,7440.5,7446.25,2148
2026-06-23 03:30:00,7446.5,7446.75,7437.25,7445.0,3105
2026-06-23 03:35:00,7445.0,7446.0,7439.5,7445.5,2321
2026-06-23 03:40:00,7445.5,7447.5,7437.75,7439.5,2471
2026-06-23 03:45:00,7439.5,7441.25,7435.75,7438.25,2505
2026-06-23 03:50:00,7438.5,7438.75,7433.25,7435.75,2569
2026-06-23 03:55:00,7436.25,7436.5,7428.5,7434.0,4060
2026-06-23 04:00:00,7433.75,7434.75,7421.75,7426.75,7151
2026-06-23 04:05:00,7427.0,7435.25,7427.0,7434.0,3747
2026-06-23 04:10:00,7434.0,7435.0,7429.25,7429.75,3399
2026-06-23 04:15:00,7429.5,7430.75,7424.75,7424.75,4143
2026-06-23 04:20:00,7425.0,7428.5,7421.5,7425.25,3598
2026-06-23 04:25:00,7425.25,7427.25,7422.5,7424.5,2933
2026-06-23 04:30:00,7424.5,7433.0,7424.25,7432.0,3390
2026-06-23 04:35:00,7432.25,7435.0,7430.5,7431.75,2588
2026-06-23 04:40:00,7432.0,7438.5,7431.75,7434.5,2907
2026-06-23 04:45:00,7434.5,7434.5,7423.5,7427.25,3150
2026-06-23 04:50:00,7427.0,7431.0,7424.75,7430.25,2588
2026-06-23 04:55:00,7430.25,7432.0,7428.0,7430.5,2014
2026-06-23 05:00:00,7430.5,7436.5,7429.5,7434.75,2929
2026-06-23 05:05:00,7434.5,7438.0,7431.75,7432.75,2189
2026-06-23 05:10:00,7432.5,7439.25,7431.25,7438.25,2538
2026-06-23 05:15:00,7438.0,7439.0,7434.75,7438.5,1608
2026-06-23 05:20:00,7438.5,7445.0,7437.75,7444.0,2900
2026-06-23 05:25:00,7444.0,7446.0,7441.25,7445.0,2471
2026-06-23 05:30:00,7445.0,7445.5,7440.25,7441.0,1886
2026-06-23 05:35:00,7441.5,7443.0,7439.25,7439.75,1502
2026-06-23 05:40:00,7439.75,7442.5,7438.25,7440.0,1517
2026-06-23 05:45:00,7440.0,7443.5,7438.0,7443.25,1489
2026-06-23 05:50:00,7443.25,7445.5,7441.0,7444.0,1315
2026-06-23 05:55:00,7444.25,7446.0,7442.75,7444.25,1641
2026-06-23 06:00:00,7444.25,7449.5,7443.25,7447.75,2518
2026-06-23 06:05:00,7447.75,7448.25,7442.5,7444.25,1750
2026-06-23 06:10:00,7444.0,7444.75,7440.75,7442.5,1252
2026-06-23 06:15:00,7442.5,7446.75,7441.75,7446.25,1952
2026-06-23 06:20:00,7446.5,7449.5,7443.75,7444.25,2612
2026-06-23 06:25:00,7444.25,7444.25,7439.25,7439.75,1615
2026-06-23 06:30:00,7439.75,7440.25,7433.25,7433.75,4071
2026-06-23 06:35:00,7434.0,7435.75,7430.0,7432.75,2760
2026-06-23 06:40:00,7432.5,7433.25,7426.25,7431.5,2915
2026-06-23 06:45:00,7431.25,7436.5,7431.25,7433.25,2396
2026-06-23 06:50:00,7433.5,7435.5,7430.5,7434.75,2017
2026-06-23 06:55:00,7435.0,7438.0,7433.5,7436.75,1747
2026-06-23 07:00:00,7436.75,7441.5,7434.5,7434.75,3442
2026-06-23 07:05:00,7434.75,7438.0,7432.5,7435.5,2034
2026-06-23 07:10:00,7435.75,7443.0,7435.75,7442.75,1772
2026-06-23 07:15:00,7442.5,7442.75,7438.5,7441.25,1718
2026-06-23 07:20:00,7441.25,7448.25,7436.0,7442.5,5414
2026-06-23 07:25:00,7442.5,7443.75,7437.75,7440.25,2368
2026-06-23 07:30:00,7440.0,7444.5,7438.25,7442.0,1763
2026-06-23 07:35:00,7442.5,7446.0,7438.5,7444.75,2419
2026-06-23 07:40:00,7444.5,7449.5,7444.5,7449.0,2485
2026-06-23 07:45:00,7449.0,7450.75,7446.0,7448.5,2813
2026-06-23 07:50:00,7448.25,7453.0,7446.25,7453.0,3136
2026-06-23 07:55:00,7453.0,7453.75,7450.0,7450.75,2830
2026-06-23 08:00:00,7450.75,7454.5,7449.0,7451.75,3040
2026-06-23 08:05:00,7452.0,7452.0,7447.25,7448.75,2372
2026-06-23 08:10:00,7449.0,7451.25,7444.25,7446.75,3523
2026-06-23 08:15:00,7446.75,7447.5,7440.25,7443.5,3177
2026-06-23 08:20:00,7443.5,7443.5,7436.25,7437.5,3555
2026-06-23 08:25:00,7437.5,7438.5,7432.75,7437.5,3659
2026-06-23 08:30:00,7437.5,7440.5,7427.75,7427.75,5252
2026-06-23 08:35:00,7428.0,7432.75,7427.5,7431.5,3981
2026-06-23 08:40:00,7431.25,7436.75,7430.75,7433.25,3973
2026-06-23 08:45:00,7433.25,7435.25,7429.75,7432.25,3353
2026-06-23 08:50:00,7432.25,7435.25,7430.25,7430.25,2595
2026-06-23 08:55:00,7430.0,7434.5,7429.75,7432.5,2267
2026-06-23 09:00:00,7432.5,7434.25,7430.0,7433.0,3514
2026-06-23 09:05:00,7433.25,7434.5,7431.0,7432.5,2483
2026-06-23 09:10:00,7432.5,7436.25,7429.0,7434.0,4440
2026-06-23 09:15:00,7433.75,7434.0,7427.5,7430.5,4099
2026-06-23 09:20:00,7430.5,7432.75,7428.75,7430.75,3327
2026-06-23 09:25:00,7430.5,7430.5,7423.75,7429.5,10234
2026-06-23 09:30:00,7429.5,7434.5,7415.0,7432.5,49932
2026-06-23 09:35:00,7432.25,7439.25,7416.75,7436.75,40320
2026-06-23 09:40:00,7437.0,7446.75,7430.75,7442.5,27090
2026-06-23 09:45:00,7442.0,7463.5,7436.0,7457.75,32700
2026-06-23 09:50:00,7457.75,7465.75,7457.25,7460.0,22245
2026-06-23 09:55:00,7459.75,7466.25,7454.75,7465.25,25291
2026-06-23 10:00:00,7465.5,7478.0,7463.75,7474.5,28796
2026-06-23 10:05:00,7474.75,7480.75,7470.75,7479.0,21613
2026-06-23 10:10:00,7478.75,7485.25,7476.25,7484.0,24663
2026-06-23 10:15:00,7483.75,7487.5,7480.0,7486.25,17863
2026-06-23 10:20:00,7486.25,7491.25,7479.5,7483.0,22281
2026-06-23 10:25:00,7483.0,7484.75,7475.75,7483.75,21715
2026-06-23 10:30:00,7483.75,7486.0,7472.25,7476.0,20551
2026-06-23 10:35:00,7476.0,7482.75,7470.0,7470.5,22556
2026-06-23 10:40:00,7470.5,7476.25,7466.0,7468.25,24433
2026-06-23 10:45:00,7468.5,7470.25,7461.25,7467.5,20511
2026-06-23 10:50:00,7468.0,7474.0,7462.0,7466.0,22187
2026-06-23 10:55:00,7466.0,7467.75,7459.75,7464.75,17391
2026-06-23 11:00:00,7464.75,7468.75,7458.5,7459.75,20562
2026-06-23 11:05:00,7459.75,7461.5,7450.5,7453.75,19381
2026-06-23 11:10:00,7454.25,7457.0,7451.0,7455.5,13271
2026-06-23 11:15:00,7455.5,7457.0,7445.75,7446.5,15306
2026-06-23 11:20:00,7446.5,7449.75,7439.75,7440.0,13795
2026-06-23 11:25:00,7440.0,7443.0,7436.25,7440.0,17049
2026-06-23 11:30:00,7439.75,7446.75,7438.0,7443.5,15479
2026-06-23 11:35:00,7443.75,7449.5,7436.75,7438.75,15444
2026-06-23 11:40:00,7438.75,7445.75,7435.75,7444.25,12654
2026-06-23 11:45:00,7444.0,7449.5,7441.75,7444.75,11950
2026-06-23 11:50:00,7444.75,7456.5,7443.25,7452.75,14055
2026-06-23 11:55:00,7453.0,7455.75,7447.25,7453.75,10497
2026-06-23 12:00:00,7454.0,7462.0,7452.75,7461.25,10648
2026-06-23 12:05:00,7461.0,7467.0,7459.5,7466.25,12158
2026-06-23 12:10:00,7466.25,7471.5,7466.25,7469.25,9552
2026-06-23 12:15:00,7469.5,7471.0,7464.0,7465.0,8705
2026-06-23 12:20:00,7465.0,7469.5,7460.5,7468.25,9138
2026-06-23 12:25:00,7468.0,7470.5,7465.25,7469.0,6537
2026-06-23 12:30:00,7469.0,7470.0,7464.5,7466.0,6286
2026-06-23 12:35:00,7466.0,7470.75,7465.0,7470.25,5418
2026-06-23 12:40:00,7470.25,7475.25,7470.25,7474.0,8386
2026-06-23 12:45:00,7474.0,7474.75,7466.25,7469.0,7867
2026-06-23 12:50:00,7469.0,7469.25,7464.5,7468.75,7210
2026-06-23 12:55:00,7468.5,7471.75,7465.25,7469.5,7283
2026-06-23 13:00:00,7469.75,7470.25,7461.5,7462.75,7739
2026-06-23 13:05:00,7462.75,7465.5,7460.5,7464.75,7092
2026-06-23 13:10:00,7464.75,7473.0,7464.5,7468.75,9220
2026-06-23 13:15:00,7469.25,7471.25,7464.75,7466.75,6738
2026-06-23 13:20:00,7466.75,7476.5,7466.0,7474.5,9171
2026-06-23 13:25:00,7474.25,7475.0,7470.25,7471.0,5955
2026-06-23 13:30:00,7471.0,7473.25,7466.75,7473.25,7135
2026-06-23 13:35:00,7473.25,7476.0,7470.25,7471.25,5650
2026-06-23 13:40:00,7471.0,7472.5,7466.25,7467.25,4801
2026-06-23 13:45:00,7467.25,7470.5,7466.0,7468.5,5327
2026-06-23 13:50:00,7468.5,7469.0,7455.5,7456.25,10043
2026-06-23 13:55:00,7456.25,7457.75,7452.75,7453.0,10108
2026-06-23 14:00:00,7453.25,7461.25,7451.75,7456.0,11741
2026-06-23 14:05:00,7456.25,7457.0,7449.0,7453.25,8250
2026-06-23 14:10:00,7453.25,7455.75,7452.5,7453.75,6206
2026-06-23 14:15:00,7453.5,7456.0,7450.25,7451.25,5784
2026-06-23 14:20:00,7451.5,7454.75,7447.75,7452.75,7408
2026-06-23 14:25:00,7453.0,7453.0,7448.5,7449.75,5725
2026-06-23 14:30:00,7449.5,7451.0,7446.5,7447.0,5657
2026-06-23 14:35:00,7446.75,7448.5,7444.25,7445.0,5761
2026-06-23 14:40:00,7445.0,7445.0,7433.0,7433.5,12517
2026-06-23 14:45:00,7433.75,7436.0,7430.25,7435.5,12998
2026-06-23 14:50:00,7435.5,7441.0,7428.75,7432.75,13698
2026-06-23 14:55:00,7432.75,7438.5,7429.25,7436.25,11744
2026-06-23 15:00:00,7436.0,7446.5,7433.75,7446.0,13429
2026-06-23 15:05:00,7445.75,7452.25,7438.25,7440.75,16211
2026-06-23 15:10:00,7440.75,7444.75,7438.0,7441.0,9526
2026-06-23 15:15:00,7441.0,7442.5,7434.0,7434.25,9239
2026-06-23 15:20:00,7434.5,7448.5,7433.25,7444.75,14481
2026-06-23 15:25:00,7444.75,7449.75,7442.5,7447.0,12183
2026-06-23 15:30:00,7447.0,7449.0,7440.25,7447.0,12286
2026-06-23 15:35:00,7447.0,7448.5,7442.75,7443.0,10523
2026-06-23 15:40:00,7443.0,7444.25,7438.0,7442.25,11357
2026-06-23 15:45:00,7442.25,7444.75,7436.25,7444.25,14996
2026-06-23 15:50:00,7444.25,7453.0,7442.25,7452.5,20465
2026-06-23 15:55:00,7452.5,7452.5,7432.75,7435.0,32861
2026-06-23 16:00:00,7435.0,7437.25,7431.75,7436.0,9672
2026-06-23 16:05:00,7435.75,7442.25,7435.5,7439.75,3161
2026-06-23 16:10:00,7439.5,7441.25,7438.0,7438.75,2302
2026-06-23 16:15:00,7438.75,7439.5,7435.25,7437.75,1837
2026-06-23 16:20:00,7437.75,7440.75,7437.0,7440.25,1101
2026-06-23 16:25:00,7440.25,7442.0,7439.25,7440.75,1287
2026-06-23 16:30:00,7440.5,7443.0,7439.25,7442.25,1241
2026-06-23 16:35:00,7442.0,7443.0,7439.5,7439.75,957
2026-06-23 16:40:00,7439.75,7441.5,7438.25,7440.5,1065
2026-06-23 16:45:00,7440.5,7441.75,7439.75,7440.0,939
2026-06-23 16:50:00,7440.25,7441.5,7439.5,7441.25,745
2026-06-23 16:55:00,7441.0,7447.0,7440.75,7445.5,1657
2026-06-23 18:00:00,7449.0,7451.0,7443.5,7446.25,3414
2026-06-23 18:05:00,7446.0,7450.75,7444.5,7449.75,1306
2026-06-23 18:10:00,7450.0,7452.25,7448.75,7449.0,1195
2026-06-23 18:15:00,7449.0,7452.0,7446.0,7447.75,1561
2026-06-23 18:20:00,7447.75,7448.75,7438.25,7438.5,2416
2026-06-23 18:25:00,7438.5,7440.0,7436.5,7436.75,2117
2026-06-23 18:30:00,7437.0,7440.75,7432.5,7433.75,2689
2026-06-23 18:35:00,7433.5,7434.75,7431.0,7433.5,2473
2026-06-23 18:40:00,7433.75,7434.5,7429.0,7430.5,2167
2026-06-23 18:45:00,7430.75,7434.25,7430.25,7434.25,1384
2026-06-23 18:50:00,7434.0,7435.5,7432.0,7434.25,1629
2026-06-23 18:55:00,7434.0,7436.25,7433.75,7434.75,1308
2026-06-23 19:00:00,7435.0,7435.5,7428.0,7428.75,2231
2026-06-23 19:05:00,7429.0,7429.25,7420.25,7426.5,4984
2026-06-23 19:10:00,7426.5,7434.5,7425.75,7433.0,3157
2026-06-23 19:15:00,7433.25,7436.0,7432.25,7434.25,1708
2026-06-23 19:20:00,7434.5,7437.5,7433.5,7437.25,1280
2026-06-23 19:25:00,7437.5,7438.25,7435.0,7435.75,1323
2026-06-23 19:30:00,7436.0,7437.0,7430.5,7430.75,1959
2026-06-23 19:35:00,7430.75,7431.75,7427.5,7428.5,2106
2026-06-23 19:40:00,7428.5,7433.75,7427.5,7433.75,1864
2026-06-23 19:45:00,7433.5,7451.0,7433.25,7446.75,7458
2026-06-23 19:50:00,7447.0,7448.75,7444.25,7445.0,2680
2026-06-23 19:55:00,7445.0,7447.5,7444.25,7447.0,1753
2026-06-23 20:00:00,7446.75,7455.5,7444.75,7445.75,5469
2026-06-23 20:05:00,7445.25,7456.75,7443.25,7455.0,4825
2026-06-23 20:10:00,7455.0,7460.0,7451.75,7454.25,4298
2026-06-23 20:15:00,7454.0,7458.75,7453.0,7456.5,3438
2026-06-23 20:20:00,7456.25,7456.5,7449.25,7450.0,3155
2026-06-23 20:25:00,7450.0,7455.0,7448.5,7455.0,2383
2026-06-23 20:30:00,7454.75,7458.25,7453.0,7456.75,2687
2026-06-23 20:35:00,7456.75,7458.25,7453.25,7456.0,2312
2026-06-23 20:40:00,7456.0,7458.5,7453.75,7456.0,1731
2026-06-23 20:45:00,7456.5,7458.25,7453.5,7455.0,1957
2026-06-23 20:50:00,7454.75,7457.0,7451.25,7452.0,1972
2026-06-23 20:55:00,7452.0,7453.75,7448.75,7453.5,2228
2026-06-23 21:00:00,7453.75,7454.5,7446.0,7447.25,3106
2026-06-23 21:05:00,7447.25,7453.5,7446.0,7447.75,3137
2026-06-23 21:10:00,7447.75,7452.0,7447.0,7451.75,1549
2026-06-23 21:15:00,7452.0,7452.0,7442.75,7444.0,2604
2026-06-23 21:20:00,7444.25,7451.5,7442.5,7451.0,2339
2026-06-23 21:25:00,7451.0,7452.75,7448.5,7450.75,1598
2026-06-23 21:30:00,7450.75,7453.0,7450.0,7451.75,1600
2026-06-23 21:35:00,7451.5,7451.5,7448.0,7450.25,1437
2026-06-23 21:40:00,7450.25,7454.25,7448.75,7452.0,1922
2026-06-23 21:45:00,7452.0,7453.25,7448.75,7450.5,1262
2026-06-23 21:50:00,7450.0,7454.25,7449.25,7454.0,1501
2026-06-23 21:55:00,7453.75,7453.75,7449.5,7451.25,1427
2026-06-23 22:00:00,7451.25,7453.25,7449.25,7451.5,1496
2026-06-23 22:05:00,7451.75,7451.75,7447.25,7451.0,1385
2026-06-23 22:10:00,7451.25,7453.25,7449.75,7451.25,1054
2026-06-23 22:15:00,7451.0,7451.5,7445.75,7448.75,1439
2026-06-23 22:20:00,7448.75,7449.5,7442.75,7444.5,1306
2026-06-23 22:25:00,7444.5,7448.75,7444.5,7448.0,1042
2026-06-23 22:30:00,7448.0,7450.5,7446.0,7446.0,1048
2026-06-23 22:35:00,7446.25,7446.75,7438.75,7441.25,2519
2026-06-23 22:40:00,7441.25,7444.0,7439.0,7440.25,2047
2026-06-23 22:45:00,7440.25,7441.25,7434.25,7436.25,2146
2026-06-23 22:50:00,7436.0,7436.5,7432.25,7433.75,1701
2026-06-23 22:55:00,7434.25,7435.5,7429.75,7430.0,1822
2026-06-23 23:00:00,7430.0,7434.75,7429.25,7430.0,2851
2026-06-23 23:05:00,7430.0,7436.75,7427.0,7435.5,2812
2026-06-23 23:10:00,7435.75,7446.25,7435.5,7444.75,2839
2026-06-23 23:15:00,7445.0,7445.0,7438.0,7438.25,1966
2026-06-23 23:20:00,7438.5,7440.75,7436.25,7437.5,1629
2026-06-23 23:25:00,7437.75,7448.25,7437.75,7448.25,2204
2026-06-23 23:30:00,7448.0,7451.0,7447.0,7449.0,2360
2026-06-23 23:35:00,7449.25,7452.0,7446.0,7447.75,2238
2026-06-23 23:40:00,7447.5,7450.0,7445.75,7447.5,1272
2026-06-23 23:45:00,7447.5,7448.25,7444.5,7445.0,924
2026-06-23 23:50:00,7445.0,7447.5,7443.25,7445.25,1345
2026-06-23 23:55:00,7445.25,7448.5,7444.0,7447.75,885
2026-06-24 00:00:00,7448.0,7448.5,7441.25,7441.5,1171
2026-06-24 00:05:00,7441.5,7443.0,7439.25,7441.5,1595
2026-06-24 00:10:00,7441.5,7443.0,7438.0,7439.75,945
2026-06-24 00:15:00,7440.0,7441.75,7436.25,7436.5,1007
2026-06-24 00:20:00,7436.5,7438.75,7434.75,7435.75,1527
2026-06-24 00:25:00,7435.75,7438.75,7435.75,7437.0,874
2026-06-24 00:30:00,7437.0,7444.5,7437.0,7443.75,1756
2026-06-24 00:35:00,7444.0,7449.0,7442.0,7448.0,1526
2026-06-24 00:40:00,7448.25,7450.75,7447.0,7448.5,1142
2026-06-24 00:45:00,7448.25,7450.5,7447.5,7449.75,1128
2026-06-24 00:50:00,7449.75,7451.25,7448.25,7449.5,1074
2026-06-24 00:55:00,7449.5,7451.5,7448.25,7449.5,806
2026-06-24 01:00:00,7449.5,7451.5,7448.25,7451.0,1297
2026-06-24 01:05:00,7450.75,7452.25,7447.25,7451.75,1700
2026-06-24 01:10:00,7452.0,7453.25,7450.25,7451.25,1170
2026-06-24 01:15:00,7451.5,7456.0,7450.0,7455.75,1553
2026-06-24 01:20:00,7455.75,7456.75,7453.75,7456.75,1215
2026-06-24 01:25:00,7456.5,7457.5,7453.75,7454.25,817
2026-06-24 01:30:00,7454.25,7457.75,7453.5,7454.0,998
2026-06-24 01:35:00,7454.5,7459.5,7454.25,7458.5,1125
2026-06-24 01:40:00,7458.75,7458.75,7453.25,7454.0,966
2026-06-24 01:45:00,7454.0,7455.25,7451.5,7452.25,975
2026-06-24 01:50:00,7452.25,7452.5,7449.75,7450.5,578
2026-06-24 01:55:00,7450.25,7452.0,7449.5,7450.5,542
2026-06-24 02:00:00,7450.25,7450.5,7445.75,7446.25,1323
2026-06-24 02:05:00,7446.25,7450.25,7446.0,7450.0,840
2026-06-24 02:10:00,7449.75,7453.5,7449.75,7452.0,1080
2026-06-24 02:15:00,7451.75,7452.75,7447.5,7448.5,712
2026-06-24 02:20:00,7448.5,7448.5,7445.0,7447.5,1048
2026-06-24 02:25:00,7447.25,7448.75,7445.25,7447.25,1051
2026-06-24 02:30:00,7447.5,7451.5,7446.75,7451.25,1067
2026-06-24 02:35:00,7451.25,7454.0,7450.0,7450.25,1206
2026-06-24 02:40:00,7450.0,7451.25,7449.25,7450.25,712
2026-06-24 02:45:00,7450.0,7450.25,7448.0,7449.0,781
2026-06-24 02:50:00,7449.25,7451.75,7449.0,7450.5,499
2026-06-24 02:55:00,7450.25,7451.25,7448.5,7449.0,539
2026-06-24 03:00:00,7449.0,7450.75,7442.5,7446.0,1981
2026-06-24 03:05:00,7446.0,7449.75,7443.5,7446.5,1421
2026-06-24 03:10:00,7446.75,7450.0,7446.0,7448.0,991
2026-06-24 03:15:00,7448.0,7449.5,7445.0,7446.5,1123
2026-06-24 03:20:00,7446.5,7450.5,7444.75,7448.25,793
2026-06-24 03:25:00,7448.25,7448.25,7444.25,7444.5,1102
2026-06-24 03:30:00,7444.5,7448.0,7444.25,7446.25,1018
2026-06-24 03:35:00,7446.25,7446.5,7439.5,7444.5,1874
2026-06-24 03:40:00,7444.75,7451.0,7443.0,7450.25,1816
2026-06-24 03:45:00,7450.0,7452.75,7449.5,7451.5,1271
2026-06-24 03:50:00,7451.75,7451.75,7444.5,7446.0,1498
2026-06-24 03:55:00,7446.25,7447.75,7441.75,7443.0,1138
2026-06-24 04:00:00,7443.0,7450.75,7442.25,7450.75,1725
2026-06-24 04:05:00,7450.25,7452.5,7447.75,7448.5,1536
2026-06-24 04:10:00,7448.75,7452.5,7446.75,7452.0,1263
2026-06-24 04:15:00,7451.75,7453.25,7447.75,7448.5,1235
2026-06-24 04:20:00,7448.25,7449.75,7446.75,7447.75,1214
2026-06-24 04:25:00,7447.75,7448.5,7445.75,7448.5,849
2026-06-24 04:30:00,7448.25,7453.25,7447.0,7450.75,1343
2026-06-24 04:35:00,7450.75,7451.75,7447.0,7447.5,977
2026-06-24 04:40:00,7447.5,7450.0,7447.0,7449.0,670
2026-06-24 04:45:00,7448.75,7449.25,7445.0,7445.0,922
2026-06-24 04:50:00,7445.0,7447.5,7445.0,7447.0,612
2026-06-24 04:55:00,7447.0,7448.0,7445.75,7447.5,508
2026-06-24 05:00:00,7447.5,7449.5,7444.25,7445.0,1326
2026-06-24 05:05:00,7445.25,7448.25,7444.25,7447.0,774
2026-06-24 05:10:00,7447.0,7452.25,7446.0,7451.25,987
2026-06-24 05:15:00,7451.25,7451.75,7443.25,7446.75,1316
2026-06-24 05:20:00,7446.75,7449.0,7445.75,7448.0,733
2026-06-24 05:25:00,7448.0,7450.0,7446.0,7447.0,902
2026-06-24 05:30:00,7446.75,7448.5,7445.5,7447.5,941
2026-06-24 05:35:00,7447.25,7447.5,7444.0,7444.5,801
2026-06-24 05:40:00,7444.25,7444.5,7440.75,7441.5,1184
2026-06-24 05:45:00,7441.25,7444.75,7439.25,7444.25,1714
2026-06-24 05:50:00,7444.0,7448.75,7444.0,7446.25,982
2026-06-24 05:55:00,7446.25,7448.25,7446.0,7447.75,592
2026-06-24 06:00:00,7447.75,7448.0,7442.25,7445.25,1721
2026-06-24 06:05:00,7445.5,7447.75,7444.25,7445.75,1059
2026-06-24 06:10:00,7445.75,7448.0,7443.5,7447.75,810
2026-06-24 06:15:00,7447.0,7450.25,7447.0,7448.0,1256
2026-06-24 06:20:00,7448.25,7449.5,7447.25,7447.75,857
2026-06-24 06:25:00,7447.5,7450.5,7447.0,7450.5,578
2026-06-24 06:30:00,7450.25,7453.25,7449.75,7452.75,1318
2026-06-24 06:35:00,7452.75,7453.75,7452.0,7452.25,886
2026-06-24 06:40:00,7452.0,7458.25,7451.5,7455.25,2407
2026-06-24 06:45:00,7455.25,7455.75,7452.25,7453.0,1558
2026-06-24 06:50:00,7452.75,7452.75,7448.25,7449.25,1200
2026-06-24 06:55:00,7449.5,7450.5,7447.5,7448.75,1792
2026-06-24 07:00:00,7449.0,7455.75,7448.5,7453.25,2189
2026-06-24 07:05:00,7453.5,7454.0,7449.0,7449.5,1068
2026-06-24 07:10:00,7449.5,7451.0,7447.75,7448.0,1048
2026-06-24 07:15:00,7448.0,7449.0,7445.75,7446.25,1612
2026-06-24 07:20:00,7446.5,7449.25,7443.75,7448.75,1459
2026-06-24 07:25:00,7449.0,7449.25,7446.5,7447.5,1135
2026-06-24 07:30:00,7447.75,7452.75,7447.75,7451.25,1715
2026-06-24 07:35:00,7451.5,7459.5,7451.5,7456.25,3139
2026-06-24 07:40:00,7456.0,7456.75,7453.75,7455.25,1207
2026-06-24 07:45:00,7455.25,7464.25,7454.5,7463.25,2773
2026-06-24 07:50:00,7463.25,7465.0,7460.75,7463.75,3542
2026-06-24 07:55:00,7463.75,7464.0,7460.25,7463.75,2505
2026-06-24 08:00:00,7463.75,7464.75,7458.25,7462.0,3681
2026-06-24 08:05:00,7462.0,7463.0,7458.25,7460.5,2030
2026-06-24 08:10:00,7460.25,7462.75,7458.5,7460.25,1781
2026-06-24 08:15:00,7460.5,7465.5,7457.0,7465.5,2794
2026-06-24 08:20:00,7465.5,7466.75,7462.75,7464.25,2723
2026-06-24 08:25:00,7464.25,7467.0,7462.25,7465.0,2461
2026-06-24 08:30:00,7464.75,7467.0,7459.25,7459.5,2136
2026-06-24 08:35:00,7459.5,7460.0,7455.0,7457.0,2805
2026-06-24 08:40:00,7457.0,7457.25,7452.75,7454.25,2072
2026-06-24 08:45:00,7454.0,7455.5,7450.5,7451.75,2163
2026-06-24 08:50:00,7451.75,7451.75,7449.0,7450.5,2068
2026-06-24 08:55:00,7450.5,7451.25,7448.0,7450.5,3400
2026-06-24 09:00:00,7450.5,7455.75,7449.0,7449.75,6872
2026-06-24 09:05:00,7449.75,7452.0,7445.25,7447.0,5128
2026-06-24 09:10:00,7446.75,7447.5,7441.75,7442.75,4452
2026-06-24 09:15:00,7443.0,7447.25,7442.0,7446.75,3742
2026-06-24 09:20:00,7446.75,7449.25,7439.0,7445.5,7674
2026-06-24 09:25:00,7445.75,7449.5,7443.5,7447.25,7436
2026-06-24 09:30:00,7447.0,7466.75,7438.0,7463.5,43555
2026-06-24 09:35:00,7463.5,7468.25,7456.25,7458.5,25234
2026-06-24 09:40:00,7458.5,7460.5,7442.25,7452.75,29570
2026-06-24 09:45:00,7452.5,7457.75,7437.0,7450.25,35770
2026-06-24 09:50:00,7450.25,7472.5,7449.5,7468.5,32880
2026-06-24 09:55:00,7468.5,7468.75,7453.5,7454.5,24386
2026-06-24 10:00:00,7454.75,7459.0,7447.75,7450.5,24462
2026-06-24 10:05:00,7450.5,7460.75,7447.75,7453.0,27385
2026-06-24 10:10:00,7453.0,7457.75,7446.5,7451.5,22081
2026-06-24 10:15:00,7451.25,7455.0,7442.5,7444.0,18560
2026-06-24 10:20:00,7444.25,7460.25,7436.5,7458.5,30284
2026-06-24 10:25:00,7458.5,7466.0,7455.25,7461.0,20427
2026-06-24 10:30:00,7461.0,7469.25,7460.75,7465.5,15806
2026-06-24 10:35:00,7465.5,7468.0,7458.25,7458.75,14238
2026-06-24 10:40:00,7459.0,7473.5,7457.5,7472.75,19643
2026-06-24 10:45:00,7472.75,7486.0,7471.75,7479.5,24746
2026-06-24 10:50:00,7479.75,7487.5,7479.75,7480.75,15044
2026-06-24 10:55:00,7481.0,7494.25,7478.0,7493.5,19800
2026-06-24 11:00:00,7493.5,7496.5,7488.0,7490.0,18978
2026-06-24 11:05:00,7490.0,7491.0,7479.25,7481.25,15799
2026-06-24 11:10:00,7481.25,7485.25,7476.25,7482.0,16991
2026-06-24 11:15:00,7481.75,7491.0,7480.25,7488.75,14083
2026-06-24 11:20:00,7489.0,7490.75,7483.5,7484.0,11531
2026-06-24 11:25:00,7484.0,7493.75,7478.25,7493.75,15391
2026-06-24 11:30:00,7493.5,7496.5,7486.0,7489.25,15959
2026-06-24 11:35:00,7489.25,7492.5,7483.0,7485.5,12193
2026-06-24 11:40:00,7485.5,7487.75,7478.25,7481.25,13062
2026-06-24 11:45:00,7481.5,7483.75,7474.5,7483.25,17579
2026-06-24 11:50:00,7483.25,7489.75,7483.25,7485.0,13458
2026-06-24 11:55:00,7485.0,7487.25,7478.0,7480.25,10557
2026-06-24 12:00:00,7480.25,7483.25,7475.75,7477.75,10244
2026-06-24 12:05:00,7477.5,7481.25,7474.5,7478.25,10430
2026-06-24 12:10:00,7478.0,7485.5,7476.0,7481.25,10678
2026-06-24 12:15:00,7481.5,7485.0,7478.0,7480.0,7324
2026-06-24 12:20:00,7480.0,7484.5,7476.75,7483.0,8041
2026-06-24 12:25:00,7483.25,7483.25,7476.5,7477.5,7764
2026-06-24 12:30:00,7477.5,7477.75,7471.5,7473.25,11576
2026-06-24 12:35:00,7473.0,7476.0,7461.25,7461.5,17105
2026-06-24 12:40:00,7461.5,7462.25,7455.0,7459.75,20245
2026-06-24 12:45:00,7459.5,7461.75,7455.5,7459.25,11085
2026-06-24 12:50:00,7459.5,7464.5,7454.0,7454.0,11931
2026-06-24 12:55:00,7454.25,7456.25,7450.5,7452.75,10916
2026-06-24 13:00:00,7453.25,7461.0,7451.0,7460.25,9030
2026-06-24 13:05:00,7460.25,7460.75,7442.5,7445.75,15494
2026-06-24 13:10:00,7445.75,7450.0,7442.0,7444.0,12881
2026-06-24 13:15:00,7444.0,7447.75,7431.0,7433.75,20967
2026-06-24 13:20:00,7433.75,7434.0,7425.75,7426.75,18829
2026-06-24 13:25:00,7426.75,7428.0,7415.75,7416.75,20768
2026-06-24 13:30:00,7416.75,7422.25,7407.75,7418.5,28731
2026-06-24 13:35:00,7418.5,7424.75,7412.0,7420.25,19629
2026-06-24 13:40:00,7420.25,7423.75,7413.25,7414.75,14774
2026-06-24 13:45:00,7414.75,7422.0,7410.25,7420.0,15959
2026-06-24 13:50:00,7420.25,7421.75,7416.25,7421.25,12130
2026-06-24 13:55:00,7421.25,7427.25,7412.5,7414.0,18584
2026-06-24 14:00:00,7414.25,7425.25,7413.0,7421.5,16636
2026-06-24 14:05:00,7421.5,7429.5,7421.25,7426.0,15025
2026-06-24 14:10:00,7426.0,7427.5,7421.25,7424.75,11411
2026-06-24 14:15:00,7424.75,7435.75,7424.5,7433.75,17169
2026-06-24 14:20:00,7433.75,7439.75,7431.75,7439.5,9358
2026-06-24 14:25:00,7439.5,7443.25,7437.75,7440.0,10682
2026-06-24 14:30:00,7440.0,7442.5,7436.25,7439.0,8964
2026-06-24 14:35:00,7439.25,7439.75,7431.5,7432.75,9607
2026-06-24 14:40:00,7432.75,7434.5,7424.75,7429.25,11366
2026-06-24 14:45:00,7429.0,7429.25,7410.75,7414.25,13299
2026-06-24 14:50:00,7414.0,7418.25,7408.25,7417.5,15510
2026-06-24 14:55:00,7417.5,7424.5,7412.5,7415.5,11574
2026-06-24 15:00:00,7415.5,7425.25,7409.5,7422.25,14017
2026-06-24 15:05:00,7422.25,7422.25,7404.75,7409.25,16964
2026-06-24 15:10:00,7409.25,7413.25,7404.0,7412.25,12119
2026-06-24 15:15:00,7412.25,7413.25,7407.75,7412.0,8604
2026-06-24 15:20:00,7412.0,7414.75,7408.5,7414.75,9054
2026-06-24 15:25:00,7414.5,7419.5,7414.0,7416.25,9511
2026-06-24 15:30:00,7416.25,7418.75,7411.5,7413.25,9962
2026-06-24 15:35:00,7413.5,7416.0,7410.0,7414.0,7938
2026-06-24 15:40:00,7414.0,7417.25,7405.25,7411.0,9680
2026-06-24 15:45:00,7411.0,7418.75,7410.5,7417.0,10832
2026-06-24 15:50:00,7417.0,7427.5,7411.0,7426.75,20057
2026-06-24 15:55:00,7426.75,7431.5,7417.75,7428.25,20784
2026-06-24 16:00:00,7428.0,7451.25,7421.25,7450.5,13994
2026-06-24 16:05:00,7450.5,7465.0,7449.75,7459.75,9844
2026-06-24 16:10:00,7459.75,7464.5,7457.0,7463.5,5614
2026-06-24 16:15:00,7463.75,7465.0,7460.75,7462.75,3024
2026-06-24 16:20:00,7462.75,7473.25,7462.75,7472.75,4355
2026-06-24 16:25:00,7472.75,7474.0,7469.25,7470.75,3002
2026-06-24 16:30:00,7470.25,7475.0,7468.0,7468.0,2989
2026-06-24 16:35:00,7468.0,7473.25,7467.75,7473.25,1841
2026-06-24 16:40:00,7473.25,7480.0,7472.25,7479.5,3115
2026-06-24 16:45:00,7479.25,7482.25,7477.0,7479.0,3078
2026-06-24 16:50:00,7479.25,7479.5,7475.25,7477.25,2181
2026-06-24 16:55:00,7477.75,7479.0,7474.5,7477.25,1890
2026-06-24 18:00:00,7477.25,7486.75,7476.0,7477.75,4283
2026-06-24 18:05:00,7477.5,7478.25,7472.5,7474.25,2151
2026-06-24 18:10:00,7474.25,7477.25,7472.25,7473.0,1497
2026-06-24 18:15:00,7473.0,7473.25,7470.5,7471.25,1334
2026-06-24 18:20:00,7471.25,7475.25,7470.25,7471.0,1608
2026-06-24 18:25:00,7471.0,7472.0,7468.25,7468.25,1774
2026-06-24 18:30:00,7468.5,7471.25,7468.0,7469.75,1419
2026-06-24 18:35:00,7469.75,7470.5,7468.0,7468.5,1007
2026-06-24 18:40:00,7468.5,7471.5,7467.25,7470.75,1393
2026-06-24 18:45:00,7470.75,7471.0,7466.5,7466.75,1116
2026-06-24 18:50:00,7466.75,7469.5,7466.75,7467.5,785
2026-06-24 18:55:00,7467.5,7467.75,7465.75,7466.5,690
2026-06-24 19:00:00,7466.5,7468.25,7465.0,7467.5,974
2026-06-24 19:05:00,7467.25,7468.25,7466.25,7467.0,685
2026-06-24 19:10:00,7467.25,7468.5,7464.0,7465.25,1156
2026-06-24 19:15:00,7465.0,7465.5,7464.0,7464.5,655
2026-06-24 19:20:00,7464.5,7468.75,7464.25,7468.5,1211
2026-06-24 19:25:00,7468.0,7471.0,7468.0,7468.5,1243
2026-06-24 19:30:00,7468.5,7471.5,7468.0,7471.5,750
2026-06-24 19:35:00,7471.0,7475.5,7470.75,7473.75,1760
2026-06-24 19:40:00,7474.0,7475.5,7472.75,7474.25,1107
2026-06-24 19:45:00,7474.25,7478.75,7471.25,7472.5,2747
2026-06-24 19:50:00,7472.75,7473.25,7469.5,7473.25,1342
2026-06-24 19:55:00,7473.25,7474.0,7470.25,7471.75,1191
2026-06-24 20:00:00,7471.75,7473.0,7465.5,7467.25,2463
2026-06-24 20:05:00,7467.0,7470.0,7464.75,7469.0,2205
2026-06-24 20:10:00,7469.0,7473.25,7467.0,7470.75,2132
2026-06-24 20:15:00,7471.0,7472.25,7467.75,7469.25,1365
2026-06-24 20:20:00,7469.25,7471.25,7467.5,7468.5,1070
2026-06-24 20:25:00,7468.5,7468.5,7464.5,7466.0,1644
2026-06-24 20:30:00,7466.0,7467.0,7460.25,7461.25,2759
2026-06-24 20:35:00,7461.25,7462.25,7459.0,7460.0,1772
2026-06-24 20:40:00,7459.75,7460.25,7454.0,7457.0,2512
2026-06-24 20:45:00,7457.0,7458.75,7453.5,7454.5,1949
2026-06-24 20:50:00,7454.25,7460.5,7454.0,7459.25,2115
2026-06-24 20:55:00,7459.25,7459.5,7453.0,7455.0,1877
2026-06-24 21:00:00,7455.0,7459.25,7452.75,7453.0,2211
2026-06-24 21:05:00,7452.75,7455.75,7452.0,7454.75,1627
2026-06-24 21:10:00,7455.0,7457.0,7454.25,7456.0,1332
2026-06-24 21:15:00,7455.75,7458.25,7454.0,7457.75,1693
2026-06-24 21:20:00,7458.0,7460.0,7457.25,7458.25,1257
2026-06-24 21:25:00,7458.0,7459.25,7455.75,7456.25,1138
2026-06-24 21:30:00,7456.5,7461.25,7456.0,7461.0,1457
2026-06-24 21:35:00,7460.75,7466.5,7460.5,7464.0,2782
2026-06-24 21:40:00,7463.75,7464.5,7460.0,7461.0,1782
2026-06-24 21:45:00,7460.75,7462.75,7459.5,7462.5,1083
2026-06-24 21:50:00,7462.75,7464.5,7460.75,7463.75,1400
2026-06-24 21:55:00,7464.0,7465.25,7460.0,7460.0,1360
2026-06-24 22:00:00,7460.0,7464.25,7458.5,7463.25,1486
2026-06-24 22:05:00,7463.25,7464.75,7459.75,7461.25,1352
2026-06-24 22:10:00,7461.0,7461.25,7454.0,7455.0,2397
2026-06-24 22:15:00,7455.5,7459.75,7452.75,7459.25,1874
2026-06-24 22:20:00,7459.5,7463.0,7458.25,7459.75,1483
2026-06-24 22:25:00,7459.25,7462.5,7458.25,7461.5,752
2026-06-24 22:30:00,7461.25,7462.75,7459.75,7462.25,639
2026-06-24 22:35:00,7461.75,7463.5,7460.75,7461.5,711
2026-06-24 22:40:00,7461.75,7462.25,7458.5,7459.75,863
2026-06-24 22:45:00,7459.75,7461.0,7458.5,7460.25,593
2026-06-24 22:50:00,7460.25,7461.75,7458.75,7461.5,457
2026-06-24 22:55:00,7461.5,7464.0,7460.5,7463.5,720
2026-06-24 23:00:00,7463.75,7467.0,7462.5,7465.5,1487
2026-06-24 23:05:00,7465.75,7467.25,7463.75,7463.75,771
2026-06-24 23:10:00,7464.0,7465.0,7462.5,7464.25,659
2026-06-24 23:15:00,7464.0,7467.0,7460.25,7466.75,1603
2026-06-24 23:20:00,7466.5,7468.25,7465.75,7467.25,844
2026-06-24 23:25:00,7467.5,7467.5,7465.5,7466.5,532
2026-06-24 23:30:00,7466.5,7469.25,7466.0,7466.75,1299
2026-06-24 23:35:00,7466.75,7466.75,7464.5,7466.25,694
2026-06-24 23:40:00,7465.75,7466.5,7463.75,7465.0,624
2026-06-24 23:45:00,7465.0,7467.75,7464.0,7467.0,518
2026-06-24 23:50:00,7467.25,7469.25,7465.75,7468.5,687
2026-06-24 23:55:00,7468.75,7469.75,7468.0,7469.25,597
2026-06-25 00:00:00,7469.5,7469.75,7467.0,7467.5,558
2026-06-25 00:05:00,7467.5,7468.0,7466.25,7467.5,398
2026-06-25 00:10:00,7467.5,7468.0,7465.25,7465.25,503
2026-06-25 00:15:00,7465.25,7466.25,7462.25,7464.25,1163
2026-06-25 00:20:00,7464.5,7467.0,7464.25,7465.0,619
2026-06-25 00:25:00,7464.75,7465.25,7463.5,7463.75,415
2026-06-25 00:30:00,7464.25,7464.25,7460.0,7461.25,997
2026-06-25 00:35:00,7461.25,7464.5,7459.75,7463.75,725
2026-06-25 00:40:00,7463.75,7466.75,7462.25,7466.5,652
2026-06-25 00:45:00,7466.75,7467.5,7465.5,7465.75,913
2026-06-25 00:50:00,7466.0,7467.75,7466.0,7466.5,382
2026-06-25 00:55:00,7466.5,7466.75,7463.0,7464.25,745
2026-06-25 01:00:00,7464.25,7468.25,7464.0,7467.75,779
2026-06-25 01:05:00,7467.75,7470.5,7467.75,7469.75,969
2026-06-25 01:10:00,7469.75,7470.0,7468.25,7469.75,585
2026-06-25 01:15:00,7469.75,7470.75,7468.5,7469.0,559
2026-06-25 01:20:00,7469.0,7472.5,7468.5,7471.75,882
2026-06-25 01:25:00,7471.5,7474.25,7471.25,7473.5,776
2026-06-25 01:30:00,7473.25,7475.0,7472.25,7474.75,737
2026-06-25 01:35:00,7474.75,7475.25,7472.75,7473.5,790
2026-06-25 01:40:00,7473.75,7476.5,7473.5,7474.5,936
2026-06-25 01:45:00,7474.5,7474.75,7471.5,7472.25,693
2026-06-25 01:50:00,7472.5,7473.75,7471.25,7472.0,658
2026-06-25 01:55:00,7472.0,7472.75,7470.5,7472.0,758
2026-06-25 02:00:00,7472.0,7475.25,7472.0,7472.5,957
2026-06-25 02:05:00,7472.25,7475.25,7471.0,7474.25,1275
2026-06-25 02:10:00,7474.25,7478.75,7474.0,7477.25,1187
2026-06-25 02:15:00,7477.5,7480.5,7476.75,7480.0,1490
2026-06-25 02:20:00,7479.75,7481.5,7478.75,7480.5,970
2026-06-25 02:25:00,7480.5,7482.0,7479.25,7480.0,1259
2026-06-25 02:30:00,7480.0,7481.25,7479.0,7481.0,1099
2026-06-25 02:35:00,7481.25,7482.0,7479.25,7480.25,710
2026-06-25 02:40:00,7480.0,7480.75,7478.0,7479.25,572
2026-06-25 02:45:00,7479.5,7481.5,7478.5,7479.25,790
2026-06-25 02:50:00,7479.0,7480.25,7477.0,7477.25,753
2026-06-25 02:55:00,7477.25,7479.25,7477.25,7477.75,580
2026-06-25 03:00:00,7478.0,7481.75,7478.0,7481.0,1889
2026-06-25 03:05:00,7481.25,7484.25,7481.25,7482.75,1744
2026-06-25 03:10:00,7482.75,7483.5,7481.0,7481.75,847
2026-06-25 03:15:00,7481.75,7485.5,7481.5,7484.5,1163
2026-06-25 03:20:00,7484.75,7488.75,7484.75,7487.5,2031
2026-06-25 03:25:00,7487.5,7488.25,7485.5,7485.75,887
2026-06-25 03:30:00,7485.75,7487.0,7484.75,7486.0,811
2026-06-25 03:35:00,7485.75,7487.25,7483.25,7487.25,1102
2026-06-25 03:40:00,7487.0,7488.5,7486.5,7487.0,904
2026-06-25 03:45:00,7486.75,7487.25,7484.75,7485.5,872
2026-06-25 03:50:00,7485.75,7486.25,7484.75,7485.0,772
2026-06-25 03:55:00,7485.25,7488.25,7484.5,7488.0,761
2026-06-25 04:00:00,7488.25,7491.25,7485.5,7487.25,2412
2026-06-25 04:05:00,7487.25,7489.75,7487.0,7488.25,1444
2026-06-25 04:10:00,7488.0,7489.5,7483.75,7483.75,1300
2026-06-25 04:15:00,7483.75,7484.0,7480.25,7482.5,1608
2026-06-25 04:20:00,7483.0,7484.0,7481.25,7483.0,1242
2026-06-25 04:25:00,7482.75,7485.5,7482.25,7483.5,1302
2026-06-25 04:30:00,7483.5,7485.25,7482.25,7482.25,1080
2026-06-25 04:35:00,7482.25,7485.75,7482.25,7485.0,834
2026-06-25 04:40:00,7485.0,7485.0,7481.0,7481.25,1025
2026-06-25 04:45:00,7481.25,7482.25,7478.75,7480.75,1747
2026-06-25 04:50:00,7480.75,7481.0,7476.75,7478.25,1238
2026-06-25 04:55:00,7478.25,7479.0,7475.75,7476.75,1248
2026-06-25 05:00:00,7477.0,7480.5,7476.0,7480.25,1447
2026-06-25 05:05:00,7480.0,7482.5,7479.75,7480.0,1095
2026-06-25 05:10:00,7479.75,7482.5,7479.25,7480.25,962
2026-06-25 05:15:00,7480.0,7482.0,7476.75,7477.25,1367
2026-06-25 05:20:00,7477.0,7479.0,7476.5,7478.75,961
2026-06-25 05:25:00,7478.5,7480.0,7477.0,7478.75,1067
2026-06-25 05:30:00,7478.75,7481.75,7478.5,7480.5,1171
2026-06-25 05:35:00,7480.5,7483.0,7480.0,7482.25,733
2026-06-25 05:40:00,7482.25,7482.5,7480.75,7481.5,675
2026-06-25 05:45:00,7481.75,7482.25,7480.75,7482.0,683
2026-06-25 05:50:00,7482.0,7484.5,7481.5,7483.75,1209
2026-06-25 05:55:00,7484.0,7484.0,7479.75,7480.5,853
2026-06-25 06:00:00,7480.5,7482.5,7480.0,7482.5,905
2026-06-25 06:05:00,7482.75,7485.0,7482.0,7484.5,1068
2026-06-25 06:10:00,7484.5,7486.0,7483.5,7486.0,778
2026-06-25 06:15:00,7485.75,7486.75,7484.5,7485.5,852
2026-06-25 06:20:00,7485.5,7485.5,7483.5,7485.0,686
2026-06-25 06:25:00,7485.0,7486.5,7484.5,7485.75,728
2026-06-25 06:30:00,7486.0,7487.0,7484.0,7484.75,829
2026-06-25 06:35:00,7484.5,7487.5,7483.75,7485.25,919
2026-06-25 06:40:00,7485.5,7486.25,7481.75,7482.25,1172
2026-06-25 06:45:00,7482.25,7483.75,7480.0,7483.75,976
2026-06-25 06:50:00,7483.75,7486.0,7483.25,7484.75,689
2026-06-25 06:55:00,7484.75,7485.5,7481.75,7483.5,729
2026-06-25 07:00:00,7483.75,7487.25,7483.5,7485.5,1668
2026-06-25 07:05:00,7485.5,7485.75,7481.0,7482.0,1088
2026-06-25 07:10:00,7482.0,7482.75,7480.25,7480.25,1341
2026-06-25 07:15:00,7480.5,7481.25,7478.25,7479.0,1573
2026-06-25 07:20:00,7478.75,7479.25,7473.5,7474.25,2397
2026-06-25 07:25:00,7474.0,7475.5,7472.5,7473.75,1773
2026-06-25 07:30:00,7473.75,7476.5,7472.25,7475.25,1813
2026-06-25 07:35:00,7475.5,7477.75,7474.25,7476.75,1703
2026-06-25 07:40:00,7476.75,7479.0,7476.0,7477.5,1409
2026-06-25 07:45:00,7477.5,7480.25,7476.25,7476.75,1619
2026-06-25 07:50:00,7476.5,7478.5,7474.25,7474.5,1788
2026-06-25 07:55:00,7474.5,7477.0,7473.0,7475.75,2137
2026-06-25 08:00:00,7475.75,7477.0,7474.5,7476.75,1586
2026-06-25 08:05:00,7477.0,7482.75,7477.0,7480.75,2821
2026-06-25 08:10:00,7480.75,7481.0,7475.0,7476.75,2877
2026-06-25 08:15:00,7476.5,7478.75,7474.25,7476.0,2786
2026-06-25 08:20:00,7476.0,7476.5,7472.25,7475.25,2211
2026-06-25 08:25:00,7475.25,7476.5,7473.75,7474.5,1702
2026-06-25 08:30:00,7474.5,7496.25,7473.25,7489.5,12275
2026-06-25 08:35:00,7489.5,7492.5,7485.5,7487.75,5368
2026-06-25 08:40:00,7488.0,7489.75,7483.5,7485.25,3824
2026-06-25 08:45:00,7485.25,7492.75,7485.0,7489.0,3456
2026-06-25 08:50:00,7489.0,7490.25,7487.5,7489.5,2148
2026-06-25 08:55:00,7489.25,7489.5,7484.75,7486.75,2001
2026-06-25 09:00:00,7487.0,7489.0,7482.75,7483.75,3359
2026-06-25 09:05:00,7483.75,7484.75,7481.5,7482.0,3070
2026-06-25 09:10:00,7482.0,7484.25,7480.5,7483.75,3194
2026-06-25 09:15:00,7483.75,7483.75,7480.0,7481.75,2025
2026-06-25 09:20:00,7481.75,7483.25,7479.25,7481.5,2358
2026-06-25 09:25:00,7481.5,7488.25,7481.5,7485.75,7642
2026-06-25 09:30:00,7485.75,7490.5,7464.5,7469.75,40956
2026-06-25 09:35:00,7469.5,7477.0,7465.25,7466.25,25955
2026-06-25 09:40:00,7466.5,7468.0,7436.25,7439.0,40810
2026-06-25 09:45:00,7439.0,7444.0,7410.5,7424.25,64562
2026-06-25 09:50:00,7424.75,7432.0,7399.5,7401.75,56099
2026-06-25 09:55:00,7401.75,7407.0,7390.0,7393.0,57571
2026-06-25 10:00:00,7393.25,7430.25,7392.25,7427.75,55376
2026-06-25 10:05:00,7427.75,7445.75,7427.5,7444.75,42123
2026-06-25 10:10:00,7445.0,7454.5,7436.25,7437.25,37905
2026-06-25 10:15:00,7437.0,7453.25,7427.75,7452.25,41638
2026-06-25 10:20:00,7452.0,7462.0,7441.0,7446.25,39360
2026-06-25 10:25:00,7446.5,7455.75,7444.25,7450.75,29269
2026-06-25 10:30:00,7450.75,7467.75,7449.25,7460.5,33704
2026-06-25 10:35:00,7460.5,7465.5,7452.25,7463.0,24015
2026-06-25 10:40:00,7463.25,7464.0,7444.25,7450.75,24436
2026-06-25 10:45:00,7450.75,7463.25,7444.0,7460.5,24333
2026-06-25 10:50:00,7460.25,7475.5,7457.0,7474.5,26420
2026-06-25 10:55:00,7474.5,7474.75,7447.25,7449.25,32971
2026-06-25 11:00:00,7449.25,7459.5,7445.5,7458.75,22139
2026-06-25 11:05:00,7458.75,7462.25,7441.5,7444.0,27828
2026-06-25 11:10:00,7444.0,7445.75,7422.75,7426.25,28367
2026-06-25 11:15:00,7426.25,7435.25,7414.25,7433.0,32581
2026-06-25 11:20:00,7432.5,7444.75,7425.75,7441.25,22854
2026-06-25 11:25:00,7441.5,7445.25,7433.75,7439.25,16493
2026-06-25 11:30:00,7439.25,7451.5,7437.25,7438.25,19309
2026-06-25 11:35:00,7438.25,7446.25,7438.0,7438.25,13077
2026-06-25 11:40:00,7438.25,7445.5,7435.25,7443.75,13048
2026-06-25 11:45:00,7443.75,7454.5,7439.0,7440.5,14357
2026-06-25 11:50:00,7440.25,7446.0,7436.75,7442.5,10841
2026-06-25 11:55:00,7442.25,7446.0,7436.0,7437.5,9160
2026-06-25 12:00:00,7438.0,7440.5,7432.75,7438.0,12434
2026-06-25 12:05:00,7438.0,7450.5,7436.0,7449.75,13620
2026-06-25 12:10:00,7449.75,7458.25,7448.5,7453.5,14129
2026-06-25 12:15:00,7453.5,7459.0,7450.25,7451.25,11698
2026-06-25 12:20:00,7451.25,7453.75,7438.5,7440.75,12779
2026-06-25 12:25:00,7440.75,7442.5,7435.25,7437.5,9977
2026-06-25 12:30:00,7438.0,7438.25,7425.0,7429.25,15710
2026-06-25 12:35:00,7429.25,7431.5,7421.75,7422.75,13162
2026-06-25 12:40:00,7422.75,7425.0,7415.75,7417.75,12748
2026-06-25 12:45:00,7417.75,7424.0,7409.75,7423.0,18818
2026-06-25 12:50:00,7422.75,7425.75,7417.25,7422.0,12167
2026-06-25 12:55:00,7422.25,7422.5,7415.5,7420.5,9088
2026-06-25 13:00:00,7420.5,7425.0,7419.5,7419.75,6833
2026-06-25 13:05:00,7419.75,7423.5,7416.5,7421.75,6413
2026-06-25 13:10:00,7422.0,7432.75,7422.0,7427.25,12011
2026-06-25 13:15:00,7427.25,7438.0,7419.75,7419.75,13468
2026-06-25 13:20:00,7420.25,7426.25,7415.75,7424.25,11946
2026-06-25 13:25:00,7424.25,7431.75,7423.5,7427.75,9242
2026-06-25 13:30:00,7427.75,7430.5,7421.0,7424.25,7740
2026-06-25 13:35:00,7424.5,7430.75,7423.25,7428.25,7285
2026-06-25 13:40:00,7428.25,7433.25,7420.25,7421.75,8652
2026-06-25 13:45:00,7421.5,7421.75,7411.25,7413.5,10253
2026-06-25 13:50:00,7413.25,7423.0,7410.5,7420.5,9273
2026-06-25 13:55:00,7420.5,7431.25,7418.0,7429.5,11948
2026-06-25 14:00:00,7429.5,7430.75,7408.25,7414.0,18614
2026-06-25 14:05:00,7414.5,7431.25,7411.75,7429.5,13257
2026-06-25 14:10:00,7429.5,7435.5,7424.0,7427.5,11811
2026-06-25 14:15:00,7427.5,7449.5,7425.0,7443.75,16584
2026-06-25 14:20:00,7443.75,7447.75,7437.5,7444.75,12403
2026-06-25 14:25:00,7444.5,7456.75,7444.5,7454.25,11407
2026-06-25 14:30:00,7454.25,7454.5,7435.0,7435.75,14615
2026-06-25 14:35:00,7435.5,7442.75,7431.25,7440.0,14156
2026-06-25 14:40:00,7440.0,7441.0,7433.75,7434.75,8709
2026-06-25 14:45:00,7434.75,7434.75,7422.25,7431.0,13670
2026-06-25 14:50:00,7431.0,7439.75,7429.25,7432.5,10171
2026-06-25 14:55:00,7432.5,7436.5,7430.5,7434.25,7207
2026-06-25 15:00:00,7434.5,7434.75,7422.75,7425.25,8546
2026-06-25 15:05:00,7425.25,7428.0,7423.0,7426.25,7991
2026-06-25 15:10:00,7426.25,7427.75,7418.75,7419.5,9292
2026-06-25 15:15:00,7419.5,7422.25,7414.25,7418.25,11810
2026-06-25 15:20:00,7418.25,7422.75,7416.0,7422.5,9671
2026-06-25 15:25:00,7422.75,7424.75,7416.25,7419.5,9125
2026-06-25 15:30:00,7419.5,7421.0,7413.25,7417.5,9910
2026-06-25 15:35:00,7417.5,7417.5,7412.25,7416.75,7888
2026-06-25 15:40:00,7416.75,7419.25,7411.5,7415.75,8661
2026-06-25 15:45:00,7415.5,7416.5,7409.5,7413.5,11951
2026-06-25 15:50:00,7413.25,7422.25,7408.75,7421.25,18049
2026-06-25 15:55:00,7421.5,7430.0,7414.5,7428.75,24832
2026-06-25 16:00:00,7428.5,7452.0,7427.75,7440.5,18482
2026-06-25 16:05:00,7440.5,7443.75,7438.0,7438.5,3720
2026-06-25 16:10:00,7438.25,7438.5,7436.25,7438.25,1489
2026-06-25 16:15:00,7438.25,7447.5,7437.75,7446.5,3598
2026-06-25 16:20:00,7447.0,7454.0,7445.75,7448.5,3096
2026-06-25 16:25:00,7448.5,7449.25,7446.0,7446.75,1112
2026-06-25 16:30:00,7447.0,7447.25,7441.75,7445.75,1992
2026-06-25 16:35:00,7445.25,7446.0,7441.0,7441.25,1001
2026-06-25 16:40:00,7441.5,7442.5,7440.0,7440.25,1047
2026-06-25 16:45:00,7440.5,7441.0,7436.5,7437.75,902
2026-06-25 16:50:00,7437.75,7438.5,7434.0,7434.5,826
2026-06-25 16:55:00,7434.5,7436.25,7431.75,7434.0,737
2026-06-25 18:00:00,7431.0,7435.75,7426.0,7426.75,2653
2026-06-25 18:05:00,7426.5,7427.25,7423.0,7423.0,1734
2026-06-25 18:10:00,7423.0,7423.5,7417.0,7420.5,2729
2026-06-25 18:15:00,7420.5,7425.75,7419.5,7420.5,2136
2026-06-25 18:20:00,7420.5,7423.25,7417.75,7422.5,1798
2026-06-25 18:25:00,7422.5,7422.5,7416.5,7417.25,1612
2026-06-25 18:30:00,7417.25,7419.75,7416.0,7419.25,1798
2026-06-25 18:35:00,7419.5,7422.5,7418.5,7420.75,1247
2026-06-25 18:40:00,7420.75,7423.0,7419.75,7422.25,1033
2026-06-25 18:45:00,7422.25,7423.0,7419.25,7420.5,970
2026-06-25 18:50:00,7420.75,7425.25,7420.0,7425.25,1455
2026-06-25 18:55:00,7425.25,7426.25,7423.0,7425.25,1292
2026-06-25 19:00:00,7425.25,7427.25,7424.5,7426.5,1053
2026-06-25 19:05:00,7426.5,7427.25,7424.5,7425.5,1076
2026-06-25 19:10:00,7425.5,7433.75,7425.25,7433.25,2568
2026-06-25 19:15:00,7433.5,7448.75,7431.75,7447.0,4591
2026-06-25 19:20:00,7447.25,7454.0,7446.5,7449.5,4876
2026-06-25 19:25:00,7449.75,7454.0,7449.5,7449.75,2679
2026-06-25 19:30:00,7449.75,7451.5,7444.0,7444.75,3276
2026-06-25 19:35:00,7444.5,7445.25,7436.75,7437.0,3223
2026-06-25 19:40:00,7437.0,7437.25,7430.25,7430.75,2441
2026-06-25 19:45:00,7430.5,7430.5,7422.0,7423.0,4455
2026-06-25 19:50:00,7423.0,7423.0,7417.0,7421.5,3939
2026-06-25 19:55:00,7421.75,7424.25,7417.25,7424.0,2425
2026-06-25 20:00:00,7423.75,7430.75,7419.5,7428.25,4810
2026-06-25 20:05:00,7428.5,7434.5,7427.5,7433.25,3774
2026-06-25 20:10:00,7433.25,7433.5,7426.5,7432.0,2614
2026-06-25 20:15:00,7432.25,7435.5,7427.25,7427.25,2706
2026-06-25 20:20:00,7427.25,7431.0,7425.75,7426.25,1767
2026-06-25 20:25:00,7426.25,7430.0,7420.5,7429.5,3063
2026-06-25 20:30:00,7429.25,7430.5,7422.5,7424.75,2332
2026-06-25 20:35:00,7425.0,7427.5,7422.0,7425.75,1662
2026-06-25 20:40:00,7425.75,7429.75,7424.0,7426.0,1837
2026-06-25 20:45:00,7426.0,7429.5,7425.0,7425.5,1098
2026-06-25 20:50:00,7425.75,7429.0,7421.25,7422.0,1536
2026-06-25 20:55:00,7422.0,7425.0,7418.5,7421.5,2344
2026-06-25 21:00:00,7421.75,7427.75,7418.25,7418.5,2358
2026-06-25 21:05:00,7418.75,7420.25,7411.5,7418.0,3743
2026-06-25 21:10:00,7418.75,7425.25,7418.75,7422.0,1792
2026-06-25 21:15:00,7421.75,7428.0,7421.25,7425.25,2012
2026-06-25 21:20:00,7425.5,7427.0,7423.25,7424.0,855
2026-06-25 21:25:00,7424.0,7424.0,7416.5,7417.75,1884
2026-06-25 21:30:00,7417.75,7418.75,7406.75,7408.75,3946
2026-06-25 21:35:00,7408.5,7410.25,7406.0,7408.75,2829
2026-06-25 21:40:00,7408.5,7409.25,7402.0,7403.25,3045
2026-06-25 21:45:00,7402.75,7407.5,7397.75,7406.25,4365
2026-06-25 21:50:00,7406.75,7407.5,7401.75,7402.5,2049
2026-06-25 21:55:00,7402.25,7403.0,7395.0,7399.75,3281
2026-06-25 22:00:00,7399.75,7401.5,7395.75,7396.25,2900
2026-06-25 22:05:00,7396.25,7401.5,7395.75,7396.75,1888
2026-06-25 22:10:00,7396.75,7398.25,7391.75,7394.5,3095
2026-06-25 22:15:00,7394.25,7397.25,7391.75,7392.5,2079
2026-06-25 22:20:00,7392.25,7394.25,7388.25,7388.5,3199
2026-06-25 22:25:00,7388.5,7391.0,7383.75,7388.75,4362
2026-06-25 22:30:00,7389.0,7391.0,7382.5,7384.75,3215
2026-06-25 22:35:00,7384.75,7385.75,7378.75,7384.25,3991
2026-06-25 22:40:00,7384.25,7384.25,7378.0,7381.5,3001
2026-06-25 22:45:00,7381.5,7381.75,7371.75,7373.0,5259
2026-06-25 22:50:00,7373.5,7377.0,7369.25,7370.5,3811
2026-06-25 22:55:00,7370.25,7372.5,7366.75,7371.25,4200
2026-06-25 23:00:00,7371.0,7371.5,7365.25,7367.75,3705
2026-06-25 23:05:00,7368.25,7369.25,7365.75,7367.25,2187
2026-06-25 23:10:00,7367.0,7371.75,7365.5,7369.75,2464
2026-06-25 23:15:00,7369.25,7371.0,7367.25,7370.0,2000
2026-06-25 23:20:00,7370.0,7370.5,7364.0,7367.5,1900
2026-06-25 23:25:00,7367.5,7370.0,7366.75,7368.5,1532
2026-06-25 23:30:00,7368.25,7368.5,7363.0,7363.5,2565
2026-06-25 23:35:00,7364.25,7364.75,7357.25,7362.75,4194
2026-06-25 23:40:00,7362.75,7369.75,7361.25,7369.75,3653
2026-06-25 23:45:00,7369.5,7370.75,7366.5,7367.5,2489
2026-06-25 23:50:00,7367.25,7377.25,7367.25,7376.75,3351
2026-06-25 23:55:00,7376.5,7383.5,7375.75,7383.0,3142
2026-06-26 00:00:00,7383.25,7385.5,7381.25,7381.25,3431
2026-06-26 00:05:00,7381.25,7384.5,7378.25,7381.25,2902
2026-06-26 00:10:00,7381.25,7384.5,7380.25,7380.75,1163
2026-06-26 00:15:00,7381.25,7385.0,7380.25,7381.25,1314
2026-06-26 00:20:00,7381.0,7382.25,7373.75,7374.25,2473
2026-06-26 00:25:00,7374.0,7377.5,7371.25,7376.5,2341
2026-06-26 00:30:00,7376.5,7380.0,7370.25,7371.0,2411
2026-06-26 00:35:00,7371.0,7372.75,7369.5,7370.0,1384
2026-06-26 00:40:00,7370.25,7373.5,7368.75,7373.0,1435
2026-06-26 00:45:00,7373.25,7373.25,7368.0,7369.25,1430
2026-06-26 00:50:00,7369.25,7370.5,7365.5,7368.0,1534
2026-06-26 00:55:00,7368.0,7368.25,7366.0,7367.75,882
2026-06-26 01:00:00,7367.75,7371.5,7365.5,7366.5,1712
2026-06-26 01:05:00,7366.5,7370.5,7364.5,7367.75,1548
2026-06-26 01:10:00,7367.75,7376.75,7367.75,7376.75,1888
2026-06-26 01:15:00,7376.25,7379.0,7374.25,7376.0,1698
2026-06-26 01:20:00,7376.25,7377.0,7373.25,7374.25,884
2026-06-26 01:25:00,7374.5,7380.25,7374.25,7378.75,1425
2026-06-26 01:30:00,7379.0,7382.75,7379.0,7381.75,1637
2026-06-26 01:35:00,7381.0,7383.0,7374.5,7375.0,2031
2026-06-26 01:40:00,7375.0,7375.0,7367.5,7367.75,2018
2026-06-26 01:45:00,7368.25,7369.75,7365.0,7369.75,1691
2026-06-26 01:50:00,7369.75,7375.75,7369.0,7374.25,1725
2026-06-26 01:55:00,7374.5,7375.5,7371.75,7372.0,997
2026-06-26 02:00:00,7372.25,7375.5,7371.5,7373.5,1043
2026-06-26 02:05:00,7373.5,7374.0,7369.0,7370.25,1161
2026-06-26 02:10:00,7370.0,7376.5,7369.25,7375.75,1596
2026-06-26 02:15:00,7375.75,7379.5,7375.75,7376.5,1436
2026-06-26 02:20:00,7376.25,7381.75,7376.25,7381.25,1338
2026-06-26 02:25:00,7381.25,7387.0,7380.0,7386.5,2190
2026-06-26 02:30:00,7386.5,7390.75,7384.0,7389.75,2500
2026-06-26 02:35:00,7389.75,7392.75,7389.5,7391.0,1599
2026-06-26 02:40:00,7391.0,7395.75,7389.25,7395.5,1760
2026-06-26 02:45:00,7395.25,7403.0,7394.25,7398.5,3255
2026-06-26 02:50:00,7398.5,7408.0,7396.75,7407.25,2066
2026-06-26 02:55:00,7406.75,7409.5,7402.25,7404.0,2277
2026-06-26 03:00:00,7403.75,7406.25,7398.25,7398.5,2039
2026-06-26 03:05:00,7398.75,7399.5,7395.0,7395.0,1588
2026-06-26 03:10:00,7395.0,7403.25,7394.75,7402.5,1472
2026-06-26 03:15:00,7402.5,7407.0,7401.25,7404.5,2328
2026-06-26 03:20:00,7404.25,7408.5,7401.0,7408.0,1459
2026-06-26 03:25:00,7408.25,7409.5,7404.25,7409.25,1612
2026-06-26 03:30:00,7409.5,7413.75,7409.0,7411.75,2367
2026-06-26 03:35:00,7411.5,7412.75,7408.25,7412.5,1524
2026-06-26 03:40:00,7412.25,7412.5,7406.5,7406.75,1382
2026-06-26 03:45:00,7406.75,7407.25,7404.5,7406.25,1326
2026-06-26 03:50:00,7406.0,7412.0,7405.75,7411.75,1178
2026-06-26 03:55:00,7411.5,7412.0,7409.25,7411.25,1052
2026-06-26 04:00:00,7411.0,7415.75,7404.75,7404.75,3349
2026-06-26 04:05:00,7405.0,7410.25,7401.0,7407.0,2702
2026-06-26 04:10:00,7407.0,7408.25,7401.75,7402.75,1916
2026-06-26 04:15:00,7403.0,7407.0,7401.25,7401.75,1372
2026-06-26 04:20:00,7402.0,7405.75,7400.25,7405.25,1593
2026-06-26 04:25:00,7405.0,7409.25,7404.0,7407.5,1773
2026-06-26 04:30:00,7407.5,7407.75,7398.5,7400.25,2324
2026-06-26 04:35:00,7400.25,7402.25,7398.25,7400.5,1478
2026-06-26 04:40:00,7400.75,7403.25,7396.5,7397.75,1092
2026-06-26 04:45:00,7397.75,7398.75,7391.75,7391.75,1736
2026-06-26 04:50:00,7392.0,7393.5,7386.0,7386.0,2079
2026-06-26 04:55:00,7386.0,7389.5,7381.25,7388.75,3062
2026-06-26 05:00:00,7388.75,7389.5,7383.25,7384.25,2076
2026-06-26 05:05:00,7384.5,7388.25,7383.5,7384.5,1548
2026-06-26 05:10:00,7384.5,7390.0,7382.25,7388.5,1590
2026-06-26 05:15:00,7388.25,7389.75,7382.25,7386.0,2205
2026-06-26 05:20:00,7385.75,7386.25,7380.0,7381.75,2268
2026-06-26 05:25:00,7381.75,7384.75,7380.5,7383.5,1904
2026-06-26 05:30:00,7383.5,7386.25,7380.0,7386.0,1981
2026-06-26 05:35:00,7385.5,7389.5,7384.25,7387.5,1490
2026-06-26 05:40:00,7387.5,7395.75,7387.5,7392.25,1829
2026-06-26 05:45:00,7392.5,7396.25,7390.5,7393.5,2133
2026-06-26 05:50:00,7393.75,7394.25,7387.75,7388.0,1700
2026-06-26 05:55:00,7388.0,7388.25,7384.0,7385.5,1331
2026-06-26 06:00:00,7385.5,7386.25,7376.75,7379.75,2826
2026-06-26 06:05:00,7379.5,7385.5,7379.25,7385.25,1575
2026-06-26 06:10:00,7385.25,7389.0,7383.5,7386.75,1096
2026-06-26 06:15:00,7386.75,7389.25,7384.75,7384.75,1103
2026-06-26 06:20:00,7384.75,7385.5,7380.75,7381.75,1262
2026-06-26 06:25:00,7381.75,7387.0,7381.0,7386.0,821
2026-06-26 06:30:00,7386.0,7389.25,7384.25,7387.75,1465
2026-06-26 06:35:00,7388.0,7388.5,7384.0,7384.5,1557
2026-06-26 06:40:00,7384.0,7387.25,7383.5,7385.25,814
2026-06-26 06:45:00,7385.25,7388.5,7384.5,7385.75,1026
2026-06-26 06:50:00,7386.25,7387.75,7383.0,7386.5,1187
2026-06-26 06:55:00,7386.5,7387.25,7384.25,7386.5,1124
2026-06-26 07:00:00,7386.5,7391.5,7383.5,7390.0,2554
2026-06-26 07:05:00,7390.0,7392.25,7387.5,7390.5,1396
2026-06-26 07:10:00,7390.25,7394.5,7389.0,7390.75,1863
2026-06-26 07:15:00,7390.75,7390.75,7386.75,7387.25,1642
2026-06-26 07:20:00,7387.0,7389.75,7384.0,7386.5,1689
2026-06-26 07:25:00,7387.0,7388.75,7384.75,7386.5,940
2026-06-26 07:30:00,7386.25,7389.0,7385.75,7387.0,1127
2026-06-26 07:35:00,7386.75,7390.25,7385.5,7386.5,1039
2026-06-26 07:40:00,7387.25,7390.75,7384.75,7385.75,1556
2026-06-26 07:45:00,7385.75,7389.0,7384.25,7388.0,1245
2026-06-26 07:50:00,7388.0,7388.0,7377.5,7378.75,2675
2026-06-26 07:55:00,7379.0,7385.75,7379.0,7384.75,2323
2026-06-26 08:00:00,7384.75,7390.75,7382.75,7390.0,2014
2026-06-26 08:05:00,7390.0,7396.75,7389.75,7396.0,3569
2026-06-26 08:10:00,7395.75,7401.25,7393.25,7398.5,3199
2026-06-26 08:15:00,7398.25,7404.0,7396.5,7397.5,3259
2026-06-26 08:20:00,7397.5,7398.75,7390.25,7390.5,3149
2026-06-26 08:25:00,7390.25,7395.5,7389.75,7395.0,2216
2026-06-26 08:30:00,7394.5,7397.0,7391.5,7392.5,2592
2026-06-26 08:35:00,7392.25,7392.25,7385.25,7386.25,2991
2026-06-26 08:40:00,7386.25,7388.0,7383.5,7384.0,1981
2026-06-26 08:45:00,7383.75,7386.0,7381.0,7383.25,2629
2026-06-26 08:50:00,7383.25,7386.75,7380.0,7385.25,2523
2026-06-26 08:55:00,7385.5,7386.75,7383.0,7383.75,1606
2026-06-26 09:00:00,7384.25,7385.0,7378.75,7380.25,4221
2026-06-26 09:05:00,7380.25,7381.5,7375.25,7375.75,3866
2026-06-26 09:10:00,7375.75,7378.5,7373.25,7376.75,4547
2026-06-26 09:15:00,7376.75,7378.25,7364.5,7374.0,12930
2026-06-26 09:20:00,7374.0,7382.5,7372.0,7380.0,10250
2026-06-26 09:25:00,7379.5,7382.75,7377.25,7380.75,6951
2026-06-26 09:30:00,7381.0,7388.25,7360.0,7370.25,39252
2026-06-26 09:35:00,7370.25,7383.25,7367.25,7372.75,30226
2026-06-26 09:40:00,7373.0,7386.5,7368.75,7384.25,25215
2026-06-26 09:45:00,7384.5,7390.25,7371.25,7379.0,32259
2026-06-26 09:50:00,7378.75,7389.0,7377.0,7385.75,23984
2026-06-26 09:55:00,7386.0,7405.5,7384.0,7403.5,31127
2026-06-26 10:00:00,7401.5,7416.0,7397.75,7415.0,24077
2026-06-26 10:05:00,7415.0,7424.5,7414.25,7423.25,24084
2026-06-26 10:10:00,7423.0,7428.25,7417.0,7425.5,24258
2026-06-26 10:15:00,7425.25,7429.5,7418.0,7419.75,19768
2026-06-26 10:20:00,7420.0,7436.25,7418.25,7428.25,24139
2026-06-26 10:25:00,7428.25,7433.25,7426.0,7428.5,17065
2026-06-26 10:30:00,7428.75,7433.0,7424.0,7427.5,18091
2026-06-26 10:35:00,7427.5,7428.0,7414.75,7415.25,17101
2026-06-26 10:40:00,7415.25,7424.75,7409.0,7415.25,24406
2026-06-26 10:45:00,7415.25,7427.5,7414.0,7422.25,19632
2026-06-26 10:50:00,7422.25,7425.75,7415.25,7419.0,17825
2026-06-26 10:55:00,7419.0,7423.5,7411.75,7418.0,17321
2026-06-26 11:00:00,7418.0,7427.75,7417.75,7421.5,15942
2026-06-26 11:05:00,7422.0,7425.5,7416.0,7424.5,12936
2026-06-26 11:10:00,7424.25,7426.0,7413.0,7414.25,11336
2026-06-26 11:15:00,7414.5,7426.25,7409.5,7424.5,18356
2026-06-26 11:20:00,7424.5,7432.5,7422.0,7431.5,14717
2026-06-26 11:25:00,7431.75,7440.75,7430.25,7440.75,15747
2026-06-26 11:30:00,7440.5,7450.0,7437.5,7439.25,21992
2026-06-26 11:35:00,7439.25,7453.75,7439.25,7451.5,15029
2026-06-26 11:40:00,7451.75,7459.25,7449.0,7456.5,14668
2026-06-26 11:45:00,7456.75,7458.75,7449.0,7449.5,12463
2026-06-26 11:50:00,7449.75,7454.25,7435.25,7439.0,26952
2026-06-26 11:55:00,7439.25,7452.25,7437.25,7447.75,13096
2026-06-26 12:00:00,7447.75,7449.25,7444.5,7447.0,8673
2026-06-26 12:05:00,7447.0,7447.75,7434.75,7436.25,10365
2026-06-26 12:10:00,7436.25,7438.75,7431.5,7434.75,11900
2026-06-26 12:15:00,7434.75,7440.25,7431.25,7433.75,11459
2026-06-26 12:20:00,7433.75,7434.75,7420.75,7425.5,22447
2026-06-26 12:25:00,7425.5,7430.0,7424.25,7427.25,8619
2026-06-26 12:30:00,7427.25,7440.5,7427.25,7439.75,11748
2026-06-26 12:35:00,7439.5,7441.5,7435.5,7437.5,8746
2026-06-26 12:40:00,7437.75,7440.0,7433.25,7433.75,7778
2026-06-26 12:45:00,7433.75,7437.75,7432.0,7437.25,6858
2026-06-26 12:50:00,7437.25,7443.0,7436.25,7439.75,9713
2026-06-26 12:55:00,7439.75,7439.75,7436.0,7438.25,5784
2026-06-26 13:00:00,7438.25,7445.75,7435.0,7442.5,9155
2026-06-26 13:05:00,7442.75,7452.0,7442.25,7449.75,8345
2026-06-26 13:10:00,7449.75,7452.5,7442.75,7444.5,7346
2026-06-26 13:15:00,7444.5,7445.25,7436.25,7438.0,7377
2026-06-26 13:20:00,7438.0,7440.0,7432.75,7434.0,7471
2026-06-26 13:25:00,7433.75,7443.25,7431.25,7441.0,8779
2026-06-26 13:30:00,7440.75,7447.5,7437.5,7439.5,8791
2026-06-26 13:35:00,7439.5,7439.5,7433.25,7433.5,6762
2026-06-26 13:40:00,7433.5,7438.75,7429.5,7436.0,9689
2026-06-26 13:45:00,7435.75,7437.75,7431.75,7431.75,5628
2026-06-26 13:50:00,7432.0,7436.5,7431.25,7434.25,5413
2026-06-26 13:55:00,7434.25,7434.5,7427.5,7429.75,7076
2026-06-26 14:00:00,7430.25,7437.5,7429.5,7435.75,7510
2026-06-26 14:05:00,7435.75,7439.5,7433.75,7435.0,6006
2026-06-26 14:10:00,7435.0,7438.0,7432.0,7434.0,4634
2026-06-26 14:15:00,7434.0,7435.5,7425.5,7427.5,6004
2026-06-26 14:20:00,7427.25,7430.0,7425.25,7429.0,5164
2026-06-26 14:25:00,7428.5,7430.0,7420.25,7421.25,7120
2026-06-26 14:30:00,7421.5,7429.75,7420.5,7427.5,6578
2026-06-26 14:35:00,7427.5,7428.0,7420.25,7422.0,5278
2026-06-26 14:40:00,7422.0,7424.5,7420.5,7420.75,3369
2026-06-26 14:45:00,7420.75,7420.75,7410.0,7413.0,10713
2026-06-26 14:50:00,7412.75,7413.25,7408.75,7410.25,8430
2026-06-26 14:55:00,7410.25,7414.25,7405.0,7409.0,8032
2026-06-26 15:00:00,7409.0,7413.25,7406.75,7407.0,7257
2026-06-26 15:05:00,7407.25,7417.75,7406.25,7416.0,7652
2026-06-26 15:10:00,7416.0,7421.0,7412.75,7420.75,6820
2026-06-26 15:15:00,7420.75,7423.0,7417.0,7420.5,6905
2026-06-26 15:20:00,7420.5,7422.0,7411.0,7415.75,8846
2026-06-26 15:25:00,7415.75,7418.0,7414.25,7415.0,5232
2026-06-26 15:30:00,7415.25,7421.5,7410.5,7419.5,7621
2026-06-26 15:35:00,7419.5,7421.0,7415.5,7416.25,5412
2026-06-26 15:40:00,7416.25,7426.75,7416.0,7426.0,6712
2026-06-26 15:45:00,7426.0,7432.25,7420.25,7423.75,10397
2026-06-26 15:50:00,7423.75,7429.5,7418.75,7425.0,17578
2026-06-26 15:55:00,7424.75,7429.5,7369.75,7379.25,31573
2026-06-26 16:00:00,7379.5,7408.5,7370.5,7400.0,20794
2026-06-26 16:05:00,7400.25,7403.25,7392.5,7400.75,5461
2026-06-26 16:10:00,7400.75,7413.5,7399.0,7412.25,4364
2026-06-26 16:15:00,7412.5,7417.75,7410.5,7413.0,3162
2026-06-26 16:20:00,7413.0,7418.75,7410.75,7417.5,2523
2026-06-26 16:25:00,7417.75,7420.5,7415.0,7415.75,2425
2026-06-26 16:30:00,7416.0,7416.5,7400.25,7409.0,4552
2026-06-26 16:35:00,7408.25,7411.5,7397.0,7404.0,3647
2026-06-26 16:40:00,7403.5,7404.0,7397.25,7399.75,2040
2026-06-26 16:45:00,7399.75,7402.0,7395.75,7400.0,1874
2026-06-26 16:50:00,7400.25,7404.25,7399.5,7402.5,1449
2026-06-26 16:55:00,7402.25,7404.75,7395.25,7397.75,1895
2026-06-28 18:00:00,7398.0,7434.75,7398.0,7430.5,9922
2026-06-28 18:05:00,7430.5,7435.75,7428.5,7431.0,4132
2026-06-28 18:10:00,7430.75,7437.75,7428.5,7435.5,2854
2026-06-28 18:15:00,7435.25,7435.75,7431.25,7432.0,2097
2026-06-28 18:20:00,7431.75,7437.25,7426.75,7433.5,3543
2026-06-28 18:25:00,7433.75,7437.75,7432.0,7434.75,2165
2026-06-28 18:30:00,7434.75,7438.25,7434.0,7434.75,2459
2026-06-28 18:35:00,7434.75,7437.5,7434.25,7435.0,1707
2026-06-28 18:40:00,7435.25,7438.25,7434.25,7437.75,1516
2026-06-28 18:45:00,7437.75,7438.75,7435.75,7437.75,1155
2026-06-28 18:50:00,7437.5,7437.75,7433.75,7434.75,1056
2026-06-28 18:55:00,7435.0,7436.25,7433.5,7434.25,944
2026-06-28 19:00:00,7434.25,7440.5,7432.75,7438.75,2886
2026-06-28 19:05:00,7439.0,7447.5,7437.5,7447.25,4333
2026-06-28 19:10:00,7447.0,7448.5,7445.25,7446.0,2378
2026-06-28 19:15:00,7446.25,7449.5,7443.75,7448.0,2404
2026-06-28 19:20:00,7448.0,7451.75,7448.0,7448.75,1930
2026-06-28 19:25:00,7449.0,7450.25,7448.5,7449.5,954
2026-06-28 19:30:00,7449.5,7452.75,7449.25,7451.0,1452
2026-06-28 19:35:00,7451.0,7453.5,7450.0,7453.25,1221
2026-06-28 19:40:00,7453.25,7453.25,7451.0,7452.0,1443
2026-06-28 19:45:00,7452.0,7455.75,7449.75,7452.0,3173
2026-06-28 19:50:00,7451.75,7452.25,7448.25,7449.25,1648
2026-06-28 19:55:00,7449.25,7451.0,7447.0,7447.25,1796
2026-06-28 20:00:00,7447.5,7447.5,7432.75,7436.25,8976
2026-06-28 20:05:00,7436.5,7438.75,7432.5,7436.0,4035
2026-06-28 20:10:00,7436.0,7442.75,7434.75,7436.25,3356
2026-06-28 20:15:00,7436.0,7438.75,7427.75,7433.0,5772
2026-06-28 20:20:00,7432.75,7433.25,7423.0,7425.25,4889
2026-06-28 20:25:00,7425.5,7428.25,7422.5,7423.0,3301
2026-06-28 20:30:00,7423.25,7429.0,7422.25,7426.75,4560
2026-06-28 20:35:00,7426.5,7429.75,7424.25,7426.5,3289
2026-06-28 20:40:00,7426.5,7436.5,7426.0,7435.25,3770
2026-06-28 20:45:00,7435.0,7435.0,7423.0,7427.0,3951
2026-06-28 20:50:00,7426.75,7432.25,7426.5,7432.25,2655
2026-06-28 20:55:00,7432.25,7440.0,7432.0,7438.5,3480
2026-06-28 21:00:00,7438.75,7440.5,7430.5,7433.25,3813
2026-06-28 21:05:00,7433.5,7439.75,7433.25,7434.5,2422
2026-06-28 21:10:00,7434.75,7437.25,7434.0,7437.0,1284
2026-06-28 21:15:00,7437.0,7437.5,7427.0,7430.25,2932
2026-06-28 21:20:00,7429.75,7436.25,7428.0,7433.5,2187
2026-06-28 21:25:00,7433.5,7436.5,7428.5,7429.25,1892
2026-06-28 21:30:00,7429.5,7431.75,7426.75,7429.25,2589
2026-06-28 21:35:00,7429.25,7440.25,7428.5,7438.5,3910
2026-06-28 21:40:00,7438.5,7442.75,7438.5,7440.5,2624
2026-06-28 21:45:00,7440.5,7441.5,7434.5,7437.75,1940
2026-06-28 21:50:00,7437.75,7439.5,7435.75,7437.75,1119
2026-06-28 21:55:00,7437.75,7441.75,7436.5,7438.5,1629
2026-06-28 22:00:00,7438.75,7439.75,7433.5,7434.5,1865
2026-06-28 22:05:00,7434.0,7435.75,7428.75,7429.75,2283
2026-06-28 22:10:00,7429.5,7431.25,7421.5,7422.75,3203
2026-06-28 22:15:00,7422.5,7429.25,7420.5,7428.75,3042
2026-06-28 22:20:00,7428.75,7435.75,7428.75,7434.25,2589
2026-06-28 22:25:00,7434.5,7441.25,7433.0,7440.0,2440
2026-06-28 22:30:00,7440.0,7441.25,7438.25,7439.5,1717
2026-06-28 22:35:00,7439.75,7443.75,7438.5,7441.75,1599
2026-06-28 22:40:00,7441.5,7443.5,7440.25,7441.25,1267
2026-06-28 22:45:00,7441.75,7443.25,7440.5,7442.5,983
2026-06-28 22:50:00,7442.25,7442.75,7440.0,7440.25,1014
2026-06-28 22:55:00,7440.5,7442.5,7440.25,7440.5,672
2026-06-28 23:00:00,7441.0,7448.0,7441.0,7446.5,2740
2026-06-28 23:05:00,7446.75,7450.0,7446.0,7447.75,2099
2026-06-28 23:10:00,7448.0,7448.0,7444.0,7444.5,1471
2026-06-28 23:15:00,7444.75,7445.0,7443.5,7444.75,738
2026-06-28 23:20:00,7444.5,7446.25,7443.0,7444.25,979
2026-06-28 23:25:00,7444.0,7446.5,7443.0,7444.75,1033
2026-06-28 23:30:00,7444.75,7446.25,7439.5,7440.25,1678
2026-06-28 23:35:00,7440.5,7441.0,7434.25,7436.75,2056
2026-06-28 23:40:00,7436.5,7439.0,7435.25,7436.75,1242
2026-06-28 23:45:00,7437.0,7445.5,7436.0,7444.5,2172
2026-06-28 23:50:00,7444.75,7452.75,7444.5,7449.0,3255
2026-06-28 23:55:00,7449.25,7451.5,7447.0,7450.25,1441
2026-06-29 00:00:00,7450.5,7450.5,7447.0,7447.75,1139
2026-06-29 00:05:00,7447.75,7448.5,7444.75,7447.0,1344
2026-06-29 00:10:00,7447.0,7447.25,7444.5,7445.0,835
2026-06-29 00:15:00,7445.25,7445.75,7442.75,7443.25,1011
2026-06-29 00:20:00,7443.5,7445.5,7441.5,7445.25,1171
2026-06-29 00:25:00,7445.0,7448.0,7443.25,7444.25,1573
2026-06-29 00:30:00,7444.0,7445.75,7441.75,7443.0,1088
2026-06-29 00:35:00,7443.0,7445.0,7441.25,7442.5,950
2026-06-29 00:40:00,7442.75,7442.75,7439.5,7441.75,1373
2026-06-29 00:45:00,7441.25,7443.0,7439.75,7443.0,947
2026-06-29 00:50:00,7443.0,7445.5,7441.5,7444.5,1085
2026-06-29 00:55:00,7444.5,7444.5,7440.75,7442.25,905
2026-06-29 01:00:00,7442.0,7444.5,7439.25,7441.0,1447
2026-06-29 01:05:00,7441.0,7443.25,7439.0,7441.75,990
2026-06-29 01:10:00,7442.0,7445.0,7439.0,7444.5,1129
2026-06-29 01:15:00,7444.75,7447.0,7440.5,7442.0,1317
2026-06-29 01:20:00,7442.0,7444.25,7441.25,7443.25,422
2026-06-29 01:25:00,7443.0,7445.25,7441.25,7442.75,780
2026-06-29 01:30:00,7442.5,7449.25,7442.0,7449.0,1205
2026-06-29 01:35:00,7449.25,7450.0,7445.25,7448.0,1150
2026-06-29 01:40:00,7447.75,7453.75,7447.75,7453.0,1801
2026-06-29 01:45:00,7453.0,7453.25,7451.0,7451.5,1141
2026-06-29 01:50:00,7451.25,7457.25,7449.75,7456.25,2114
2026-06-29 01:55:00,7456.5,7458.5,7455.0,7457.25,1755
2026-06-29 02:00:00,7457.0,7457.75,7447.75,7449.5,2060
2026-06-29 02:05:00,7449.25,7449.5,7446.0,7447.5,1435
2026-06-29 02:10:00,7447.5,7448.5,7445.25,7447.5,1004
2026-06-29 02:15:00,7447.75,7449.25,7447.0,7447.75,1036
2026-06-29 02:20:00,7447.75,7451.0,7446.75,7450.25,1073
2026-06-29 02:25:00,7450.25,7452.5,7448.75,7450.75,1162
2026-06-29 02:30:00,7451.0,7454.25,7449.25,7453.75,1490
2026-06-29 02:35:00,7454.0,7454.75,7450.0,7451.25,880
2026-06-29 02:40:00,7451.25,7454.0,7451.0,7451.75,804
2026-06-29 02:45:00,7452.0,7452.0,7449.0,7449.5,640
2026-06-29 02:50:00,7449.5,7450.25,7446.75,7447.0,865
2026-06-29 02:55:00,7447.0,7447.0,7444.25,7446.25,1142
2026-06-29 03:00:00,7446.5,7447.0,7436.75,7440.75,3626
2026-06-29 03:05:00,7440.5,7442.25,7437.5,7441.25,1926
2026-06-29 03:10:00,7441.75,7443.0,7437.25,7443.0,1647
2026-06-29 03:15:00,7443.0,7447.5,7443.0,7445.5,1584
2026-06-29 03:20:00,7445.25,7448.5,7444.5,7447.5,1504
2026-06-29 03:25:00,7447.5,7452.0,7446.25,7450.25,1381
2026-06-29 03:30:00,7450.25,7451.0,7446.5,7449.0,938
2026-06-29 03:35:00,7448.5,7452.5,7446.5,7452.5,1261
2026-06-29 03:40:00,7452.5,7453.5,7450.0,7450.75,1087
2026-06-29 03:45:00,7450.5,7452.75,7448.25,7449.75,1862
2026-06-29 03:50:00,7449.75,7451.75,7449.0,7450.25,815
2026-06-29 03:55:00,7449.5,7451.75,7449.0,7451.0,631
2026-06-29 04:00:00,7451.25,7458.75,7450.25,7455.75,2990
2026-06-29 04:05:00,7455.5,7459.75,7454.75,7458.0,2089
2026-06-29 04:10:00,7458.0,7459.25,7456.5,7458.0,849
2026-06-29 04:15:00,7458.0,7463.75,7455.25,7460.5,2856
2026-06-29 04:20:00,7460.25,7461.25,7457.75,7459.0,1471
2026-06-29 04:25:00,7459.5,7461.75,7455.75,7456.25,1395
2026-06-29 04:30:00,7456.25,7461.0,7455.25,7460.0,1362
2026-06-29 04:35:00,7459.75,7462.0,7455.75,7456.75,1059
2026-06-29 04:40:00,7456.75,7456.75,7453.75,7454.75,1650
2026-06-29 04:45:00,7455.25,7457.75,7453.75,7455.25,856
2026-06-29 04:50:00,7455.0,7456.5,7452.5,7452.75,712
2026-06-29 04:55:00,7452.75,7453.0,7450.5,7451.5,1069
2026-06-29 05:00:00,7451.25,7453.75,7450.25,7453.0,1015
2026-06-29 05:05:00,7453.0,7453.75,7451.25,7453.0,916
2026-06-29 05:10:00,7452.5,7454.75,7450.75,7453.75,908
2026-06-29 05:15:00,7453.5,7456.5,7452.25,7455.5,768
2026-06-29 05:20:00,7455.5,7456.5,7454.5,7456.5,1120
2026-06-29 05:25:00,7456.25,7458.5,7455.0,7457.75,1228
2026-06-29 05:30:00,7457.75,7459.25,7456.25,7456.5,1155
2026-06-29 05:35:00,7456.5,7457.0,7454.25,7456.0,979
2026-06-29 05:40:00,7455.75,7455.75,7453.5,7455.5,726
2026-06-29 05:45:00,7455.5,7456.25,7453.5,7454.75,641
2026-06-29 05:50:00,7454.5,7455.5,7447.25,7451.0,3695
2026-06-29 05:55:00,7451.0,7455.5,7450.25,7454.5,1505
2026-06-29 06:00:00,7455.0,7459.5,7455.0,7458.0,1833
2026-06-29 06:05:00,7457.75,7460.5,7456.0,7460.0,1009
2026-06-29 06:10:00,7460.5,7461.25,7455.75,7457.0,1591
2026-06-29 06:15:00,7457.0,7457.0,7452.75,7455.25,1334
2026-06-29 06:20:00,7455.25,7456.5,7454.25,7455.25,696
2026-06-29 06:25:00,7455.0,7460.25,7454.0,7460.0,1155
2026-06-29 06:30:00,7460.0,7462.5,7459.25,7461.0,1287
2026-06-29 06:35:00,7461.25,7465.0,7459.25,7463.5,2343
2026-06-29 06:40:00,7463.75,7464.25,7461.5,7462.0,851
2026-06-29 06:45:00,7462.0,7462.25,7456.0,7461.5,2083
2026-06-29 06:50:00,7461.75,7463.25,7460.75,7462.25,853
2026-06-29 06:55:00,7462.5,7466.75,7461.5,7466.0,2140
2026-06-29 07:00:00,7466.0,7469.5,7465.25,7469.0,2970
2026-06-29 07:05:00,7469.25,7470.5,7467.0,7467.0,1681
2026-06-29 07:10:00,7467.0,7467.25,7462.5,7463.0,1335
2026-06-29 07:15:00,7463.5,7464.5,7459.5,7460.25,1612
2026-06-29 07:20:00,7460.25,7462.0,7456.75,7460.0,2231
2026-06-29 07:25:00,7460.25,7463.25,7460.0,7462.0,814
2026-06-29 07:30:00,7461.75,7473.75,7460.5,7465.75,5354
2026-06-29 07:35:00,7465.5,7466.5,7463.25,7463.75,970
2026-06-29 07:40:00,7463.75,7466.75,7463.0,7464.75,1449
2026-06-29 07:45:00,7464.75,7467.75,7464.25,7466.25,1249
2026-06-29 07:50:00,7466.25,7469.0,7464.25,7465.25,1348
2026-06-29 07:55:00,7465.0,7466.0,7462.5,7463.5,1661
2026-06-29 08:00:00,7463.5,7465.5,7461.25,7464.25,1708
2026-06-29 08:05:00,7464.25,7465.5,7462.25,7465.0,990
2026-06-29 08:10:00,7465.0,7467.75,7465.0,7466.25,1221
2026-06-29 08:15:00,7466.25,7468.5,7465.0,7467.0,1457
2026-06-29 08:20:00,7467.0,7467.5,7463.75,7464.75,1189
2026-06-29 08:25:00,7464.75,7468.0,7464.75,7465.5,897
2026-06-29 08:30:00,7465.5,7467.25,7460.75,7467.0,2253
2026-06-29 08:35:00,7467.0,7467.75,7460.25,7460.75,1986
2026-06-29 08:40:00,7460.75,7461.5,7455.0,7459.25,3064
2026-06-29 08:45:00,7459.0,7461.5,7457.5,7458.75,2077
2026-06-29 08:50:00,7458.75,7461.25,7457.75,7460.0,1706
2026-06-29 08:55:00,7460.0,7464.25,7459.75,7464.25,1502
2026-06-29 09:00:00,7464.0,7466.75,7463.75,7464.25,2150
2026-06-29 09:05:00,7464.5,7466.5,7463.0,7464.0,2114
2026-06-29 09:10:00,7464.0,7468.5,7463.5,7467.75,2065
2026-06-29 09:15:00,7467.75,7469.0,7466.5,7466.75,2097
2026-06-29 09:20:00,7466.75,7467.25,7458.25,7459.25,3769
2026-06-29 09:25:00,7459.5,7460.5,7454.5,7457.0,6017
2026-06-29 09:30:00,7457.25,7479.0,7444.5,7477.75,48021
2026-06-29 09:35:00,7477.75,7478.25,7460.0,7471.25,33621
2026-06-29 09:40:00,7471.5,7483.75,7464.75,7483.5,25325
2026-06-29 09:45:00,7483.5,7488.25,7478.5,7479.0,23556
2026-06-29 09:50:00,7479.25,7489.75,7474.0,7479.5,23846
2026-06-29 09:55:00,7479.5,7480.75,7453.75,7458.75,38332
2026-06-29 10:00:00,7458.5,7460.75,7448.25,7449.75,33538
2026-06-29 10:05:00,7449.75,7450.75,7435.25,7439.5,33324
2026-06-29 10:10:00,7439.5,7442.5,7415.25,7415.5,35005
2026-06-29 10:15:00,7415.5,7428.5,7409.0,7425.75,39480
2026-06-29 10:20:00,7425.75,7434.5,7421.5,7430.5,30326
2026-06-29 10:25:00,7430.25,7450.75,7430.0,7449.5,29166
2026-06-29 10:30:00,7449.75,7465.75,7448.0,7463.0,30596
2026-06-29 10:35:00,7462.75,7466.5,7457.5,7460.75,22253
2026-06-29 10:40:00,7460.5,7468.0,7457.25,7459.5,19585
2026-06-29 10:45:00,7459.75,7460.0,7447.75,7455.5,29832
2026-06-29 10:50:00,7455.5,7472.5,7455.0,7469.0,23918
2026-06-29 10:55:00,7468.75,7468.75,7460.5,7468.0,17028
2026-06-29 11:00:00,7468.0,7469.5,7461.25,7463.0,13321
2026-06-29 11:05:00,7463.0,7465.0,7459.25,7461.25,11507
2026-06-29 11:10:00,7461.25,7464.25,7454.5,7464.0,17121
2026-06-29 11:15:00,7464.25,7467.0,7458.5,7459.0,10370
2026-06-29 11:20:00,7459.0,7464.5,7453.0,7456.5,13085
2026-06-29 11:25:00,7456.75,7468.0,7454.75,7467.25,10252
2026-06-29 11:30:00,7467.0,7469.75,7464.5,7465.75,8204
2026-06-29 11:35:00,7465.5,7471.0,7461.5,7470.0,8960
2026-06-29 11:40:00,7470.0,7475.0,7466.75,7474.25,8688
2026-06-29 11:45:00,7474.25,7474.5,7467.75,7469.0,7236
2026-06-29 11:50:00,7469.0,7472.0,7467.25,7470.25,6504
2026-06-29 11:55:00,7470.25,7476.25,7468.0,7475.0,8571
2026-06-29 12:00:00,7475.25,7479.5,7474.5,7479.25,9221
2026-06-29 12:05:00,7479.25,7481.75,7476.5,7478.25,7727
2026-06-29 12:10:00,7478.25,7480.0,7474.5,7475.5,5569
2026-06-29 12:15:00,7475.5,7478.0,7474.75,7476.0,4666
2026-06-29 12:20:00,7475.75,7478.5,7474.0,7478.25,5475
2026-06-29 12:25:00,7478.25,7479.25,7473.0,7474.0,5056
2026-06-29 12:30:00,7474.0,7475.75,7470.0,7471.25,5916
2026-06-29 12:35:00,7471.5,7474.75,7470.25,7474.75,5303
2026-06-29 12:40:00,7474.75,7476.25,7473.5,7475.5,4752
2026-06-29 12:45:00,7475.25,7476.75,7472.0,7475.0,4578
2026-06-29 12:50:00,7475.25,7480.0,7474.25,7479.25,6802
2026-06-29 12:55:00,7479.0,7479.5,7476.5,7477.5,3509
2026-06-29 13:00:00,7477.5,7481.5,7477.25,7480.75,3935
2026-06-29 13:05:00,7480.75,7484.5,7480.25,7483.5,5540
2026-06-29 13:10:00,7483.5,7492.75,7483.25,7490.25,11428
2026-06-29 13:15:00,7490.25,7493.75,7489.25,7491.25,7749
2026-06-29 13:20:00,7491.5,7494.75,7485.25,7485.75,8983
2026-06-29 13:25:00,7485.75,7492.5,7485.0,7491.5,5873
2026-06-29 13:30:00,7491.75,7496.75,7490.0,7493.0,9277
2026-06-29 13:35:00,7493.0,7494.75,7490.0,7493.25,4474
2026-06-29 13:40:00,7493.25,7494.75,7492.75,7493.0,3147
2026-06-29 13:45:00,7493.25,7496.25,7491.25,7495.0,3765
2026-06-29 13:50:00,7495.25,7498.75,7494.0,7495.75,5048
2026-06-29 13:55:00,7495.75,7497.5,7491.75,7494.25,4881
2026-06-29 14:00:00,7494.25,7498.0,7492.25,7496.0,4692
2026-06-29 14:05:00,7496.0,7497.75,7494.25,7495.25,3173
2026-06-29 14:10:00,7495.25,7497.25,7494.25,7495.75,2813
2026-06-29 14:15:00,7495.5,7496.5,7493.5,7494.0,3822
2026-06-29 14:20:00,7494.0,7496.0,7491.5,7494.0,4290
2026-06-29 14:25:00,7493.75,7494.0,7491.25,7492.25,3961
2026-06-29 14:30:00,7492.25,7497.25,7491.75,7496.25,5361
2026-06-29 14:35:00,7496.25,7499.5,7495.25,7497.75,5681
2026-06-29 14:40:00,7498.0,7500.75,7496.75,7499.75,5105
2026-06-29 14:45:00,7499.75,7502.25,7498.75,7499.5,5284
2026-06-29 14:50:00,7499.5,7499.75,7496.75,7498.5,3854
2026-06-29 14:55:00,7498.5,7499.25,7495.25,7497.0,3917
2026-06-29 15:00:00,7496.75,7499.25,7494.75,7495.75,4992
2026-06-29 15:05:00,7495.75,7499.25,7495.0,7497.5,5620
2026-06-29 15:10:00,7497.25,7497.75,7494.75,7495.5,6454
2026-06-29 15:15:00,7495.25,7497.5,7493.0,7495.75,7883
2026-06-29 15:20:00,7495.75,7500.5,7495.75,7499.0,6300
2026-06-29 15:25:00,7499.0,7499.75,7497.75,7497.75,4378
2026-06-29 15:30:00,7497.75,7498.5,7493.5,7494.0,6499
2026-06-29 15:35:00,7494.0,7496.75,7493.75,7496.25,5857
2026-06-29 15:40:00,7496.25,7498.75,7493.5,7495.25,6765
2026-06-29 15:45:00,7495.25,7497.5,7494.75,7497.25,4708
2026-06-29 15:50:00,7497.5,7499.75,7491.5,7492.5,14455
2026-06-29 15:55:00,7492.75,7505.0,7491.75,7497.0,26473
2026-06-29 16:00:00,7497.0,7499.0,7491.75,7495.25,11015
2026-06-29 16:05:00,7495.0,7496.75,7494.25,7495.75,2157
2026-06-29 16:10:00,7495.75,7498.5,7495.25,7497.75,1864
2026-06-29 16:15:00,7497.5,7498.5,7496.75,7498.0,1081
2026-06-29 16:20:00,7497.75,7499.75,7497.25,7498.75,1092
2026-06-29 16:25:00,7498.75,7499.5,7497.0,7497.5,1051
2026-06-29 16:30:00,7497.25,7497.5,7495.5,7495.75,967
2026-06-29 16:35:00,7495.75,7496.0,7492.5,7493.0,1337
2026-06-29 16:40:00,7493.0,7494.25,7492.5,7493.5,935
2026-06-29 16:45:00,7493.75,7493.75,7491.0,7493.5,1258
2026-06-29 16:50:00,7493.25,7494.5,7493.0,7493.75,1332
2026-06-29 16:55:00,7493.5,7495.5,7493.0,7493.0,1257
2026-06-29 18:00:00,7494.75,7496.5,7490.5,7493.0,2526
2026-06-29 18:05:00,7493.25,7496.75,7491.5,7494.75,1590
2026-06-29 18:10:00,7495.25,7497.25,7493.5,7494.0,1007
2026-06-29 18:15:00,7494.0,7495.5,7492.75,7495.5,515
2026-06-29 18:20:00,7495.25,7496.75,7494.75,7494.75,647
2026-06-29 18:25:00,7494.75,7495.5,7493.25,7493.75,503
2026-06-29 18:30:00,7494.25,7494.5,7491.25,7492.75,1066
2026-06-29 18:35:00,7492.5,7493.25,7492.0,7492.75,302
2026-06-29 18:40:00,7493.0,7497.0,7492.0,7496.0,1279
2026-06-29 18:45:00,7496.0,7496.25,7494.25,7495.25,461
2026-06-29 18:50:00,7494.75,7495.0,7493.0,7495.0,477
2026-06-29 18:55:00,7495.0,7495.0,7493.5,7494.25,362
2026-06-29 19:00:00,7494.5,7495.75,7493.5,7495.75,313
2026-06-29 19:05:00,7495.75,7498.5,7495.0,7498.25,935
2026-06-29 19:10:00,7498.0,7499.0,7495.25,7496.25,990
2026-06-29 19:15:00,7496.25,7497.75,7495.25,7496.25,549
2026-06-29 19:20:00,7496.25,7497.0,7495.0,7495.75,360
2026-06-29 19:25:00,7495.75,7497.25,7495.5,7496.25,405
2026-06-29 19:30:00,7496.0,7498.75,7494.75,7498.25,681
2026-06-29 19:35:00,7498.0,7498.25,7496.5,7496.75,364
2026-06-29 19:40:00,7496.75,7497.75,7495.75,7496.25,588
2026-06-29 19:45:00,7496.0,7496.5,7492.25,7493.5,1496
2026-06-29 19:50:00,7493.75,7494.5,7491.5,7493.5,907
2026-06-29 19:55:00,7493.5,7497.0,7493.0,7495.5,893
2026-06-29 20:00:00,7495.5,7496.25,7491.25,7496.25,1814
2026-06-29 20:05:00,7496.25,7500.5,7495.25,7496.0,2320
2026-06-29 20:10:00,7496.25,7501.0,7494.75,7499.0,1557
2026-06-29 20:15:00,7499.25,7501.25,7497.5,7498.25,1192
2026-06-29 20:20:00,7498.25,7498.75,7494.0,7496.0,1293
2026-06-29 20:25:00,7496.0,7496.5,7489.25,7491.0,2344
2026-06-29 20:30:00,7491.0,7491.5,7481.75,7486.25,3947
2026-06-29 20:35:00,7486.0,7488.0,7483.75,7486.75,1781
2026-06-29 20:40:00,7487.25,7489.0,7484.0,7484.75,1878
2026-06-29 20:45:00,7484.75,7490.75,7484.0,7489.75,2115
2026-06-29 20:50:00,7490.25,7492.75,7488.5,7492.25,1590
2026-06-29 20:55:00,7492.5,7493.25,7490.75,7492.75,1029
2026-06-29 21:00:00,7492.75,7494.0,7487.0,7488.25,2101
2026-06-29 21:05:00,7488.75,7489.0,7485.75,7486.0,1336
2026-06-29 21:10:00,7486.5,7487.25,7484.0,7486.25,1370
2026-06-29 21:15:00,7486.25,7489.5,7485.0,7489.0,1303
2026-06-29 21:20:00,7489.25,7491.5,7487.5,7489.75,1130
2026-06-29 21:25:00,7489.75,7499.0,7489.0,7498.75,2427
2026-06-29 21:30:00,7499.0,7501.25,7496.75,7497.75,2642
2026-06-29 21:35:00,7498.0,7498.0,7492.25,7494.5,1695
2026-06-29 21:40:00,7494.75,7498.75,7494.5,7497.5,1040
2026-06-29 21:45:00,7497.75,7498.25,7493.5,7496.0,1051
2026-06-29 21:50:00,7496.25,7498.25,7495.25,7497.5,634
2026-06-29 21:55:00,7497.5,7498.75,7496.75,7498.25,518
2026-06-29 22:00:00,7498.5,7498.75,7493.75,7494.75,1162
2026-06-29 22:05:00,7495.0,7495.5,7492.75,7494.75,665
2026-06-29 22:10:00,7494.5,7494.75,7491.25,7492.0,1042
2026-06-29 22:15:00,7492.25,7492.75,7488.25,7490.25,1385
2026-06-29 22:20:00,7490.5,7494.75,7489.75,7494.25,1127
2026-06-29 22:25:00,7494.25,7495.75,7493.0,7494.0,732
2026-06-29 22:30:00,7494.0,7496.25,7493.0,7494.0,779
2026-06-29 22:35:00,7494.25,7494.75,7493.0,7494.0,283
2026-06-29 22:40:00,7494.5,7495.0,7491.75,7492.75,536
2026-06-29 22:45:00,7492.75,7494.75,7492.25,7494.25,397
2026-06-29 22:50:00,7494.5,7494.75,7493.0,7493.75,308
2026-06-29 22:55:00,7494.0,7494.75,7490.5,7491.25,668
2026-06-29 23:00:00,7491.25,7492.25,7490.0,7491.75,494
2026-06-29 23:05:00,7491.75,7494.75,7491.75,7494.25,422
2026-06-29 23:10:00,7494.5,7494.75,7492.75,7493.0,429
2026-06-29 23:15:00,7493.5,7496.75,7493.5,7495.75,547
2026-06-29 23:20:00,7496.0,7496.5,7494.25,7494.75,376
2026-06-29 23:25:00,7494.25,7497.25,7493.75,7496.5,537
2026-06-29 23:30:00,7496.75,7499.0,7495.5,7498.5,824
2026-06-29 23:35:00,7498.5,7503.0,7497.75,7502.75,1754
2026-06-29 23:40:00,7502.75,7504.75,7501.75,7503.75,1038
2026-06-29 23:45:00,7503.75,7504.5,7502.75,7504.5,508
2026-06-29 23:50:00,7504.5,7506.75,7503.5,7503.5,1375
2026-06-29 23:55:00,7503.75,7503.75,7501.5,7501.75,840
2026-06-30 00:00:00,7501.5,7507.75,7501.25,7507.0,1336
2026-06-30 00:05:00,7506.75,7508.25,7505.5,7505.75,786
2026-06-30 00:10:00,7506.0,7507.0,7505.5,7506.75,252
2026-06-30 00:15:00,7506.5,7507.0,7505.75,7506.25,384
2026-06-30 00:20:00,7506.25,7508.25,7506.0,7506.75,667
2026-06-30 00:25:00,7507.0,7509.0,7507.0,7509.0,823
2026-06-30 00:30:00,7508.75,7510.25,7507.75,7510.0,1048
2026-06-30 00:35:00,7510.0,7513.25,7510.0,7512.75,1625
2026-06-30 00:40:00,7512.75,7513.25,7511.5,7513.0,913
2026-06-30 00:45:00,7513.0,7513.5,7510.25,7511.75,694
2026-06-30 00:50:00,7511.5,7512.5,7510.0,7511.5,690
2026-06-30 00:55:00,7511.0,7512.25,7510.25,7511.0,459
2026-06-30 01:00:00,7511.25,7514.5,7510.75,7512.5,1339
2026-06-30 01:05:00,7512.5,7513.0,7511.5,7511.75,433
2026-06-30 01:10:00,7511.5,7513.0,7511.0,7512.75,495
2026-06-30 01:15:00,7512.5,7512.75,7510.25,7510.75,599
2026-06-30 01:20:00,7510.75,7513.5,7510.25,7512.75,517
2026-06-30 01:25:00,7512.75,7513.0,7508.0,7508.5,1613
2026-06-30 01:30:00,7508.75,7508.75,7505.25,7505.5,1589
2026-06-30 01:35:00,7505.5,7506.25,7503.5,7506.25,1446
2026-06-30 01:40:00,7506.0,7509.0,7506.0,7506.5,1331
2026-06-30 01:45:00,7506.75,7508.5,7506.25,7508.5,437
2026-06-30 01:50:00,7508.75,7510.5,7507.5,7509.75,973
2026-06-30 01:55:00,7509.5,7511.0,7509.0,7510.25,544
2026-06-30 02:00:00,7510.25,7511.25,7508.75,7510.5,1250
2026-06-30 02:05:00,7510.0,7510.25,7507.25,7507.75,875
2026-06-30 02:10:00,7508.0,7510.25,7507.25,7508.5,980
2026-06-30 02:15:00,7508.5,7508.5,7506.5,7507.0,792
2026-06-30 02:20:00,7506.75,7507.0,7504.5,7505.75,1094
2026-06-30 02:25:00,7505.5,7508.75,7502.75,7508.0,1754
2026-06-30 02:30:00,7508.0,7508.5,7501.5,7503.0,1831
2026-06-30 02:35:00,7503.0,7505.75,7502.5,7503.75,1053
2026-06-30 02:40:00,7504.25,7505.5,7502.5,7503.0,538
2026-06-30 02:45:00,7502.5,7507.25,7502.5,7507.25,1095
2026-06-30 02:50:00,7507.0,7507.25,7505.75,7506.25,559
2026-06-30 02:55:00,7506.25,7509.0,7506.25,7508.75,672
2026-06-30 03:00:00,7508.75,7511.75,7507.0,7510.25,2047
2026-06-30 03:05:00,7510.25,7512.75,7508.0,7508.75,1400
2026-06-30 03:10:00,7508.75,7509.0,7505.25,7506.0,1370
2026-06-30 03:15:00,7506.0,7507.75,7504.75,7505.25,1297
2026-06-30 03:20:00,7505.25,7508.75,7504.5,7508.25,1000
2026-06-30 03:25:00,7508.25,7509.5,7507.25,7507.75,801
2026-06-30 03:30:00,7507.75,7509.5,7507.25,7508.0,763
2026-06-30 03:35:00,7508.0,7510.0,7507.25,7507.5,753
2026-06-30 03:40:00,7507.5,7508.75,7506.75,7507.0,687
2026-06-30 03:45:00,7507.25,7507.25,7503.75,7505.75,1224
2026-06-30 03:50:00,7505.5,7505.75,7500.5,7503.75,1699
2026-06-30 03:55:00,7503.75,7504.5,7501.5,7502.25,712
2026-06-30 04:00:00,7502.0,7508.5,7501.5,7505.0,2182
2026-06-30 04:05:00,7505.25,7508.0,7504.75,7505.5,1262
2026-06-30 04:10:00,7505.75,7508.25,7502.75,7502.75,1193
2026-06-30 04:15:00,7502.75,7503.75,7499.25,7503.25,2031
2026-06-30 04:20:00,7503.5,7508.0,7503.25,7508.0,1232
2026-06-30 04:25:00,7508.0,7509.25,7506.25,7508.75,935
2026-06-30 04:30:00,7508.5,7510.25,7502.0,7502.5,1713
2026-06-30 04:35:00,7502.75,7503.25,7497.5,7498.0,2221
2026-06-30 04:40:00,7497.75,7499.5,7494.75,7498.5,1932
2026-06-30 04:45:00,7498.75,7499.25,7494.5,7495.75,1464
2026-06-30 04:50:00,7496.0,7500.75,7494.0,7500.75,1664
2026-06-30 04:55:00,7500.75,7503.0,7499.75,7502.0,814
2026-06-30 05:00:00,7502.0,7504.5,7500.25,7504.25,1286
2026-06-30 05:05:00,7504.0,7504.25,7501.25,7501.5,661
2026-06-30 05:10:00,7501.75,7504.5,7500.75,7503.75,796
2026-06-30 05:15:00,7503.75,7505.75,7503.5,7504.5,821
2026-06-30 05:20:00,7504.75,7505.0,7502.75,7503.5,693
2026-06-30 05:25:00,7503.75,7505.0,7502.5,7502.75,879
2026-06-30 05:30:00,7502.5,7503.0,7498.25,7499.25,1492
2026-06-30 05:35:00,7499.25,7504.0,7499.0,7503.75,1105
2026-06-30 05:40:00,7504.0,7505.75,7503.5,7504.5,824
2026-06-30 05:45:00,7505.0,7508.0,7504.75,7507.75,984
2026-06-30 05:50:00,7508.0,7508.25,7506.25,7507.0,887
2026-06-30 05:55:00,7507.0,7508.0,7505.75,7506.0,626
2026-06-30 06:00:00,7506.25,7506.75,7503.75,7505.25,1169
2026-06-30 06:05:00,7505.0,7508.75,7504.75,7507.5,848
2026-06-30 06:10:00,7507.25,7507.25,7505.0,7507.0,1089
2026-06-30 06:15:00,7507.0,7508.75,7506.75,7508.0,936
2026-06-30 06:20:00,7507.75,7509.0,7506.0,7506.25,778
2026-06-30 06:25:00,7506.25,7508.75,7506.0,7508.25,782
2026-06-30 06:30:00,7508.25,7509.0,7506.0,7506.5,925
2026-06-30 06:35:00,7506.25,7506.5,7504.25,7505.75,823
2026-06-30 06:40:00,7505.75,7508.25,7505.5,7507.0,705
2026-06-30 06:45:00,7507.0,7510.75,7505.25,7509.5,1206
2026-06-30 06:50:00,7509.5,7511.25,7508.5,7511.0,1185
2026-06-30 06:55:00,7510.75,7515.0,7510.0,7513.0,1536
2026-06-30 07:00:00,7513.0,7514.75,7511.25,7514.25,1341
2026-06-30 07:05:00,7514.25,7517.0,7514.25,7515.75,1738
2026-06-30 07:10:00,7515.75,7517.0,7514.75,7516.5,1097
2026-06-30 07:15:00,7516.75,7517.5,7514.75,7515.0,1207
2026-06-30 07:20:00,7515.25,7515.75,7511.5,7511.75,1315
2026-06-30 07:25:00,7511.5,7512.5,7509.0,7511.5,2341
2026-06-30 07:30:00,7511.25,7512.75,7510.0,7511.0,1181
2026-06-30 07:35:00,7511.0,7512.5,7510.25,7511.0,799
2026-06-30 07:40:00,7510.75,7515.25,7510.75,7514.5,1375
2026-06-30 07:45:00,7514.25,7517.5,7513.75,7516.75,1426
2026-06-30 07:50:00,7516.75,7517.5,7512.75,7513.75,2565
2026-06-30 07:55:00,7513.5,7513.5,7510.25,7510.5,1523
2026-06-30 08:00:00,7510.75,7511.25,7504.0,7505.25,3570
2026-06-30 08:05:00,7505.0,7506.25,7503.0,7504.5,2464
2026-06-30 08:10:00,7504.25,7508.0,7501.5,7502.75,2830
2026-06-30 08:15:00,7502.5,7503.5,7500.0,7502.0,2978
2026-06-30 08:20:00,7502.0,7502.25,7497.5,7499.0,2549
2026-06-30 08:25:00,7499.0,7499.75,7495.75,7496.25,3026
2026-06-30 08:30:00,7496.0,7497.5,7491.5,7494.25,3872
2026-06-30 08:35:00,7494.5,7498.25,7493.75,7498.0,2761
2026-06-30 08:40:00,7498.0,7500.75,7497.0,7499.25,2702
2026-06-30 08:45:00,7499.25,7501.0,7498.0,7500.75,2007
2026-06-30 08:50:00,7500.75,7502.0,7499.5,7500.25,2029
2026-06-30 08:55:00,7500.25,7500.75,7496.5,7496.75,2531
2026-06-30 09:00:00,7497.0,7498.75,7494.75,7495.25,2848
2026-06-30 09:05:00,7495.5,7498.25,7494.0,7495.5,2842
2026-06-30 09:10:00,7495.75,7499.5,7495.5,7496.5,2623
2026-06-30 09:15:00,7496.25,7498.0,7495.0,7497.0,2803
2026-06-30 09:20:00,7497.0,7498.0,7492.25,7492.75,2869
2026-06-30 09:25:00,7492.75,7500.75,7492.75,7500.0,6411
2026-06-30 09:30:00,7500.0,7506.75,7495.75,7500.25,28404
2026-06-30 09:35:00,7500.25,7508.0,7498.25,7501.75,18698
2026-06-30 09:40:00,7501.5,7510.5,7499.25,7506.0,18513
2026-06-30 09:45:00,7506.0,7510.5,7503.5,7507.0,13188
2026-06-30 09:50:00,7507.0,7522.0,7505.75,7518.75,23907
2026-06-30 09:55:00,7518.75,7527.0,7518.25,7526.75,14593
2026-06-30 10:00:00,7526.75,7532.75,7515.5,7532.5,24006
2026-06-30 10:05:00,7532.5,7532.5,7520.75,7522.75,15295
2026-06-30 10:10:00,7522.75,7526.25,7518.75,7523.75,13802
2026-06-30 10:15:00,7523.5,7526.25,7520.25,7523.25,10341
2026-06-30 10:20:00,7523.5,7532.25,7522.0,7530.75,11916
2026-06-30 10:25:00,7530.75,7533.5,7527.0,7532.5,9653
2026-06-30 10:30:00,7532.5,7541.25,7532.0,7541.25,13556
2026-06-30 10:35:00,7541.25,7541.75,7531.0,7533.5,13041
2026-06-30 10:40:00,7533.5,7537.25,7529.0,7535.5,13768
2026-06-30 10:45:00,7535.75,7535.75,7523.75,7526.0,13393
2026-06-30 10:50:00,7526.25,7530.25,7520.25,7521.0,13064
2026-06-30 10:55:00,7521.0,7524.5,7516.5,7520.5,15880
2026-06-30 11:00:00,7520.5,7530.75,7519.75,7529.25,13509
2026-06-30 11:05:00,7529.25,7532.75,7525.25,7532.0,9659
2026-06-30 11:10:00,7532.0,7536.75,7530.75,7535.5,9093
2026-06-30 11:15:00,7535.5,7536.25,7531.0,7533.25,7238
2026-06-30 11:20:00,7533.25,7540.0,7533.0,7539.5,8497
2026-06-30 11:25:00,7539.25,7541.5,7537.5,7540.5,7165
2026-06-30 11:30:00,7540.5,7542.75,7538.25,7542.25,6533
2026-06-30 11:35:00,7542.25,7542.75,7536.0,7537.0,7161
2026-06-30 11:40:00,7536.75,7540.25,7535.5,7537.5,6139
2026-06-30 11:45:00,7537.75,7544.5,7537.75,7541.25,7781
2026-06-30 11:50:00,7541.5,7545.0,7540.0,7544.25,5946
2026-06-30 11:55:00,7544.25,7547.75,7543.5,7545.75,7369
2026-06-30 12:00:00,7545.75,7549.5,7545.25,7548.0,5235
2026-06-30 12:05:00,7548.25,7552.25,7547.75,7548.5,6646
2026-06-30 12:10:00,7548.5,7551.0,7548.25,7550.5,4086
2026-06-30 12:15:00,7550.5,7554.5,7549.5,7551.5,6710
2026-06-30 12:20:00,7551.75,7553.25,7550.25,7551.75,3478
2026-06-30 12:25:00,7552.0,7552.0,7550.25,7550.5,3037
2026-06-30 12:30:00,7550.5,7552.0,7548.75,7549.75,4996
2026-06-30 12:35:00,7550.0,7552.0,7549.0,7551.75,3004
2026-06-30 12:40:00,7551.75,7553.75,7551.0,7553.0,3750
2026-06-30 12:45:00,7553.25,7555.75,7552.25,7555.25,4521
2026-06-30 12:50:00,7555.5,7558.25,7554.0,7557.0,5871
2026-06-30 12:55:00,7557.25,7557.75,7554.25,7555.5,3921
2026-06-30 13:00:00,7555.75,7559.5,7555.5,7557.75,4590
2026-06-30 13:05:00,7557.75,7558.5,7556.0,7556.5,2754
2026-06-30 13:10:00,7556.5,7557.0,7553.25,7553.5,3868
2026-06-30 13:15:00,7553.75,7555.25,7552.5,7553.75,3941
2026-06-30 13:20:00,7554.0,7556.5,7553.25,7554.0,3884
2026-06-30 13:25:00,7554.25,7554.75,7550.75,7552.25,4783
2026-06-30 13:30:00,7552.5,7554.25,7550.5,7553.25,4610
2026-06-30 13:35:00,7553.0,7553.5,7548.5,7549.25,5110
2026-06-30 13:40:00,7549.0,7553.5,7549.0,7553.5,4890
2026-06-30 13:45:00,7553.5,7554.0,7550.5,7551.0,3816
2026-06-30 13:50:00,7551.0,7553.5,7550.0,7551.75,3053
2026-06-30 13:55:00,7551.75,7553.0,7551.25,7552.0,1796
2026-06-30 14:00:00,7552.25,7556.0,7550.75,7554.25,6100
2026-06-30 14:05:00,7554.25,7555.25,7550.5,7554.0,5367
2026-06-30 14:10:00,7553.75,7556.0,7553.25,7555.25,3250
2026-06-30 14:15:00,7555.25,7557.25,7554.0,7556.75,3969
2026-06-30 14:20:00,7557.0,7558.25,7556.0,7556.0,4336
2026-06-30 14:25:00,7556.25,7556.75,7554.25,7555.5,3467
2026-06-30 14:30:00,7555.25,7555.75,7553.25,7554.5,2964
2026-06-30 14:35:00,7554.5,7556.25,7554.0,7555.0,2817
2026-06-30 14:40:00,7555.0,7559.25,7554.75,7557.25,4826
2026-06-30 14:45:00,7557.25,7561.0,7555.75,7560.5,5979
2026-06-30 14:50:00,7560.75,7562.25,7557.5,7558.75,6164
2026-06-30 14:55:00,7558.75,7560.75,7558.25,7558.5,3457
2026-06-30 15:00:00,7559.0,7561.25,7558.25,7559.5,3742
2026-06-30 15:05:00,7559.75,7563.75,7558.5,7562.5,5388
2026-06-30 15:10:00,7562.25,7565.0,7560.5,7564.5,6023
2026-06-30 15:15:00,7564.75,7567.75,7563.25,7563.5,7574
2026-06-30 15:20:00,7563.75,7565.5,7562.0,7563.5,5127
2026-06-30 15:25:00,7563.25,7564.0,7560.25,7561.25,4402
2026-06-30 15:30:00,7561.5,7562.0,7558.25,7558.75,5387
2026-06-30 15:35:00,7558.5,7559.0,7554.25,7556.25,7979
2026-06-30 15:40:00,7556.0,7558.25,7554.75,7557.75,5579
2026-06-30 15:45:00,7558.0,7560.25,7554.5,7555.5,7107
2026-06-30 15:50:00,7555.25,7561.25,7553.0,7560.25,14095
2026-06-30 15:55:00,7560.25,7564.0,7544.5,7544.75,54714
2026-06-30 16:00:00,7545.0,7552.5,7542.0,7551.5,14625
2026-06-30 16:05:00,7551.5,7553.25,7547.75,7549.75,3474
2026-06-30 16:10:00,7549.75,7549.75,7542.0,7545.25,4943
2026-06-30 16:15:00,7545.25,7547.25,7542.5,7543.75,2494
2026-06-30 16:20:00,7543.75,7544.0,7541.0,7542.5,1642
2026-06-30 16:25:00,7542.5,7543.25,7542.0,7542.75,759
2026-06-30 16:30:00,7542.5,7543.75,7541.5,7541.75,844
2026-06-30 16:35:00,7541.75,7542.5,7541.0,7541.75,864
2026-06-30 16:40:00,7541.5,7541.75,7540.5,7540.5,795
2026-06-30 16:45:00,7540.5,7541.0,7538.5,7539.5,1212
2026-06-30 16:50:00,7539.5,7541.25,7538.5,7540.5,1437
2026-06-30 16:55:00,7540.75,7542.5,7540.0,7541.75,1082
2026-06-30 18:00:00,7543.5,7546.75,7541.0,7545.0,2459
2026-06-30 18:05:00,7545.0,7547.25,7545.0,7547.25,1226
2026-06-30 18:10:00,7547.0,7547.25,7543.25,7546.5,1272
2026-06-30 18:15:00,7546.25,7550.25,7546.25,7550.0,1697
2026-06-30 18:20:00,7549.75,7550.75,7549.0,7550.0,1052
2026-06-30 18:25:00,7549.75,7550.5,7549.0,7550.25,887
2026-06-30 18:30:00,7550.0,7550.25,7547.25,7547.75,1306
2026-06-30 18:35:00,7547.25,7548.0,7546.25,7547.25,872
2026-06-30 18:40:00,7547.5,7548.25,7546.75,7547.5,350
2026-06-30 18:45:00,7547.25,7547.5,7544.25,7545.0,938
2026-06-30 18:50:00,7545.25,7545.25,7541.75,7542.25,1217
2026-06-30 18:55:00,7542.5,7544.25,7542.25,7543.5,698
2026-06-30 19:00:00,7543.5,7544.75,7542.25,7543.0,794
2026-06-30 19:05:00,7542.75,7546.0,7542.0,7545.25,1358
2026-06-30 19:10:00,7545.25,7545.25,7543.0,7544.0,448
2026-06-30 19:15:00,7543.75,7545.25,7542.5,7544.5,564
2026-06-30 19:20:00,7544.75,7545.5,7543.75,7544.75,449
2026-06-30 19:25:00,7544.75,7546.25,7543.5,7544.0,848
2026-06-30 19:30:00,7544.25,7547.0,7543.5,7546.75,581
2026-06-30 19:35:00,7546.75,7546.75,7544.25,7545.75,634
2026-06-30 19:40:00,7545.75,7546.25,7544.75,7544.75,391
2026-06-30 19:45:00,7545.0,7547.25,7543.5,7545.25,955
2026-06-30 19:50:00,7545.0,7545.75,7542.5,7542.75,949
2026-06-30 19:55:00,7543.0,7545.75,7541.75,7545.0,934
2026-06-30 20:00:00,7545.0,7547.5,7543.75,7545.75,2044
2026-06-30 20:05:00,7545.75,7546.75,7543.25,7544.5,1274
2026-06-30 20:10:00,7544.75,7546.0,7543.25,7544.5,1044
2026-06-30 20:15:00,7544.25,7546.0,7543.0,7544.0,910
2026-06-30 20:20:00,7543.75,7545.5,7542.0,7543.75,1061
2026-06-30 20:25:00,7543.75,7546.0,7542.5,7545.75,996
2026-06-30 20:30:00,7545.75,7548.5,7545.25,7547.25,1253
2026-06-30 20:35:00,7547.25,7548.25,7545.25,7547.25,947
2026-06-30 20:40:00,7547.5,7548.75,7547.0,7547.25,572
2026-06-30 20:45:00,7547.5,7549.25,7547.0,7549.25,542
2026-06-30 20:50:00,7549.25,7549.25,7545.75,7546.0,1122
2026-06-30 20:55:00,7546.0,7547.5,7544.75,7544.75,920
2026-06-30 21:00:00,7545.0,7546.0,7539.75,7539.75,2308
2026-06-30 21:05:00,7540.25,7541.5,7538.5,7539.0,1885
2026-06-30 21:10:00,7539.0,7539.75,7534.75,7539.5,3215
2026-06-30 21:15:00,7539.75,7540.75,7534.5,7537.25,2698
2026-06-30 21:20:00,7537.25,7539.0,7535.5,7537.0,1203
2026-06-30 21:25:00,7537.0,7537.75,7535.75,7536.75,857
2026-06-30 21:30:00,7536.5,7539.0,7534.0,7535.0,1904
2026-06-30 21:35:00,7535.0,7537.25,7534.75,7536.0,991
2026-06-30 21:40:00,7536.0,7536.5,7534.5,7535.25,887
2026-06-30 21:45:00,7535.0,7536.25,7532.5,7534.0,1174
2026-06-30 21:50:00,7533.75,7534.25,7531.75,7533.75,1111
2026-06-30 21:55:00,7533.75,7535.75,7532.25,7532.75,1440
2026-06-30 22:00:00,7532.75,7533.25,7530.5,7531.25,1481
2026-06-30 22:05:00,7531.0,7531.0,7525.25,7527.25,3202
2026-06-30 22:10:00,7527.0,7527.25,7522.0,7523.75,3075
2026-06-30 22:15:00,7523.75,7526.5,7517.5,7525.75,4227
2026-06-30 22:20:00,7525.5,7527.5,7524.0,7526.25,1132
2026-06-30 22:25:00,7526.25,7528.25,7525.25,7528.25,1129
2026-06-30 22:30:00,7528.0,7529.25,7526.0,7526.0,1493
2026-06-30 22:35:00,7526.0,7528.5,7526.0,7528.0,726
2026-06-30 22:40:00,7528.0,7531.0,7527.5,7530.0,1382
2026-06-30 22:45:00,7530.25,7530.75,7528.75,7529.25,833
2026-06-30 22:50:00,7529.0,7529.75,7527.0,7529.5,1021
2026-06-30 22:55:00,7529.5,7529.75,7528.25,7529.0,428
2026-06-30 23:00:00,7529.0,7530.5,7528.5,7529.5,695
2026-06-30 23:05:00,7529.5,7531.75,7529.0,7531.25,1159
2026-06-30 23:10:00,7531.25,7533.25,7531.0,7532.75,963
2026-06-30 23:15:00,7532.5,7533.0,7529.0,7530.5,1209
2026-06-30 23:20:00,7530.5,7530.75,7527.75,7528.25,773
2026-06-30 23:25:00,7528.0,7528.75,7526.5,7527.5,819
2026-06-30 23:30:00,7527.5,7528.5,7526.25,7527.75,786
2026-06-30 23:35:00,7527.75,7531.75,7527.75,7531.25,1139
2026-06-30 23:40:00,7531.25,7531.75,7529.0,7529.5,818
2026-06-30 23:45:00,7529.25,7532.75,7529.25,7532.5,603
2026-06-30 23:50:00,7532.5,7534.0,7532.5,7532.5,984
2026-06-30 23:55:00,7532.75,7533.0,7531.75,7532.75,431
2026-07-01 00:00:00,7532.5,7532.75,7528.25,7529.75,1136
2026-07-01 00:05:00,7529.75,7531.25,7529.5,7530.0,552
2026-07-01 00:10:00,7530.0,7530.75,7527.75,7528.0,660
2026-07-01 00:15:00,7528.0,7528.75,7527.25,7528.25,525
2026-07-01 00:20:00,7528.0,7529.75,7527.0,7528.5,543
2026-07-01 00:25:00,7528.25,7530.75,7527.75,7530.0,730
2026-07-01 00:30:00,7530.25,7530.5,7529.5,7530.25,262
2026-07-01 00:35:00,7530.25,7530.25,7527.5,7528.5,413
2026-07-01 00:40:00,7528.25,7531.5,7528.0,7530.75,701
2026-07-01 00:45:00,7531.25,7534.0,7531.25,7533.0,1001
2026-07-01 00:50:00,7533.0,7535.0,7533.0,7534.5,606
2026-07-01 00:55:00,7534.25,7534.75,7529.75,7530.5,882
2026-07-01 01:00:00,7530.75,7531.75,7528.75,7530.25,657
2026-07-01 01:05:00,7530.25,7532.5,7530.0,7531.5,627
2026-07-01 01:10:00,7531.25,7531.25,7530.0,7530.5,457
2026-07-01 01:15:00,7530.5,7531.25,7529.25,7530.5,467
2026-07-01 01:20:00,7530.5,7530.75,7528.0,7529.75,840
2026-07-01 01:25:00,7529.5,7529.5,7527.5,7528.25,606
2026-07-01 01:30:00,7528.5,7529.5,7527.5,7528.25,558
2026-07-01 01:35:00,7528.25,7529.0,7526.25,7528.5,987
2026-07-01 01:40:00,7528.5,7530.0,7527.75,7528.5,682
2026-07-01 01:45:00,7528.5,7530.0,7525.75,7526.25,798
2026-07-01 01:50:00,7526.5,7528.5,7526.0,7527.75,592
2026-07-01 01:55:00,7527.5,7528.5,7527.0,7527.5,306
2026-07-01 02:00:00,7527.5,7530.0,7524.75,7525.75,1315
2026-07-01 02:05:00,7525.5,7527.75,7525.25,7527.25,773
2026-07-01 02:10:00,7527.0,7529.25,7526.0,7526.5,1018
2026-07-01 02:15:00,7526.5,7528.0,7525.5,7525.75,706
2026-07-01 02:20:00,7526.0,7526.75,7525.5,7525.75,423
2026-07-01 02:25:00,7525.5,7526.5,7521.75,7525.75,2123
2026-07-01 02:30:00,7526.0,7527.25,7525.0,7525.25,692
2026-07-01 02:35:00,7525.25,7526.5,7524.5,7526.0,513
2026-07-01 02:40:00,7525.75,7527.0,7524.5,7526.75,585
2026-07-01 02:45:00,7526.75,7529.25,7526.0,7528.75,644
2026-07-01 02:50:00,7528.5,7528.75,7525.25,7525.25,472
2026-07-01 02:55:00,7525.5,7525.5,7522.75,7524.25,1121
2026-07-01 03:00:00,7524.5,7525.25,7520.5,7522.25,2114
2026-07-01 03:05:00,7522.5,7522.75,7519.0,7519.5,1498
2026-07-01 03:10:00,7519.5,7519.5,7514.0,7515.5,3123
2026-07-01 03:15:00,7515.5,7517.0,7510.5,7514.75,3152
2026-07-01 03:20:00,7514.75,7519.75,7511.25,7518.75,2343
2026-07-01 03:25:00,7518.75,7520.25,7517.75,7518.75,852
2026-07-01 03:30:00,7518.75,7521.75,7517.5,7521.25,980
2026-07-01 03:35:00,7521.25,7522.0,7519.25,7521.5,828
2026-07-01 03:40:00,7521.75,7521.75,7519.0,7519.5,710
2026-07-01 03:45:00,7519.5,7522.25,7518.25,7522.0,1008
2026-07-01 03:50:00,7522.0,7522.75,7519.5,7522.0,894
2026-07-01 03:55:00,7522.0,7524.25,7521.75,7523.0,857
2026-07-01 04:00:00,7523.0,7523.25,7520.0,7520.25,1507
2026-07-01 04:05:00,7520.0,7524.75,7519.25,7523.75,1559
2026-07-01 04:10:00,7523.75,7525.25,7522.5,7524.25,1007
2026-07-01 04:15:00,7524.25,7526.5,7523.25,7525.5,857
2026-07-01 04:20:00,7525.5,7526.5,7522.5,7524.25,933
2026-07-01 04:25:00,7524.25,7525.75,7522.5,7523.75,894
2026-07-01 04:30:00,7523.75,7526.0,7522.0,7525.25,950
2026-07-01 04:35:00,7525.0,7526.25,7524.5,7526.0,833
2026-07-01 04:40:00,7525.75,7528.5,7524.75,7527.5,1012
2026-07-01 04:45:00,7527.75,7527.75,7525.0,7525.5,2831
2026-07-01 04:50:00,7525.5,7529.25,7524.75,7528.5,3061
2026-07-01 04:55:00,7528.75,7529.25,7526.75,7529.0,3077
2026-07-01 05:00:00,7528.5,7529.0,7523.75,7524.25,3105
2026-07-01 05:05:00,7524.5,7526.25,7523.5,7524.75,2757
2026-07-01 05:10:00,7524.25,7526.75,7521.75,7525.75,3077
2026-07-01 05:15:00,7525.5,7526.25,7524.75,7525.75,459
2026-07-01 05:20:00,7525.75,7526.5,7525.25,7525.25,372
2026-07-01 05:25:00,7525.25,7526.0,7523.0,7525.75,446
2026-07-01 05:30:00,7525.25,7527.75,7524.75,7527.0,414
2026-07-01 05:35:00,7527.25,7527.5,7526.25,7527.0,211
2026-07-01 05:40:00,7527.0,7527.75,7526.5,7527.0,339
2026-07-01 05:45:00,7527.25,7529.25,7527.0,7528.5,567
2026-07-01 05:50:00,7528.5,7530.0,7527.5,7529.75,766
2026-07-01 05:55:00,7529.5,7531.25,7529.25,7531.0,901
2026-07-01 06:00:00,7531.0,7532.25,7530.0,7530.5,977
2026-07-01 06:05:00,7530.5,7530.5,7528.25,7529.25,635
2026-07-01 06:10:00,7529.0,7529.0,7526.0,7528.25,1059
2026-07-01 06:15:00,7528.5,7532.5,7528.5,7532.0,874
2026-07-01 06:20:00,7532.25,7534.75,7532.25,7534.25,1035
2026-07-01 06:25:00,7534.25,7535.5,7533.5,7534.75,820
2026-07-01 06:30:00,7534.5,7535.75,7533.75,7535.75,594
2026-07-01 06:35:00,7535.75,7536.75,7535.0,7536.0,835
2026-07-01 06:40:00,7536.25,7536.75,7531.0,7534.5,2166
2026-07-01 06:45:00,7534.25,7535.0,7533.5,7535.0,474
2026-07-01 06:50:00,7535.0,7536.75,7534.5,7536.0,586
2026-07-01 06:55:00,7536.25,7537.75,7535.5,7536.0,927
2026-07-01 07:00:00,7536.0,7539.5,7536.0,7538.5,1201
2026-07-01 07:05:00,7538.5,7539.75,7537.75,7538.75,769
2026-07-01 07:10:00,7538.75,7539.75,7536.5,7537.25,912
2026-07-01 07:15:00,7537.5,7539.0,7537.25,7537.25,740
2026-07-01 07:20:00,7537.25,7537.75,7536.0,7536.75,801
2026-07-01 07:25:00,7536.75,7538.0,7535.5,7536.25,551
2026-07-01 07:30:00,7536.0,7536.5,7534.5,7535.0,917
2026-07-01 07:35:00,7534.75,7535.5,7532.75,7534.75,939
2026-07-01 07:40:00,7535.0,7535.75,7532.25,7535.5,1267
2026-07-01 07:45:00,7535.5,7536.5,7532.5,7532.75,1042
2026-07-01 07:50:00,7532.75,7533.25,7530.0,7530.75,2027
2026-07-01 07:55:00,7530.5,7531.75,7530.0,7531.0,1479
2026-07-01 08:00:00,7531.0,7532.75,7527.25,7528.0,2235
2026-07-01 08:05:00,7527.75,7530.5,7527.25,7530.5,1521
2026-07-01 08:10:00,7530.5,7533.75,7530.0,7532.25,1957
2026-07-01 08:15:00,7532.75,7537.0,7532.75,7536.75,2011
2026-07-01 08:20:00,7537.0,7537.75,7535.5,7537.5,1208
2026-07-01 08:25:00,7537.25,7537.5,7535.5,7535.5,1240
2026-07-01 08:30:00,7535.75,7538.75,7527.75,7528.25,5591
2026-07-01 08:35:00,7528.25,7531.25,7526.25,7527.0,6332
2026-07-01 08:40:00,7527.0,7531.25,7524.75,7528.0,4688
2026-07-01 08:45:00,7528.0,7529.25,7525.5,7528.0,3571
2026-07-01 08:50:00,7528.0,7531.5,7526.25,7527.25,3309
2026-07-01 08:55:00,7527.5,7532.0,7525.25,7528.5,3550
2026-07-01 09:00:00,7528.25,7535.0,7528.25,7530.0,3670
2026-07-01 09:05:00,7529.75,7530.25,7523.75,7525.0,3717
2026-07-01 09:10:00,7525.5,7527.75,7524.0,7527.0,2857
2026-07-01 09:15:00,7527.25,7539.5,7527.0,7535.25,7478
2026-07-01 09:20:00,7535.0,7539.0,7534.5,7537.75,3699
2026-07-01 09:25:00,7537.75,7537.75,7528.5,7532.0,9611
2026-07-01 09:30:00,7532.0,7534.0,7507.25,7508.75,41133
2026-07-01 09:35:00,7508.75,7517.0,7506.0,7513.75,31647
2026-07-01 09:40:00,7513.75,7520.0,7510.0,7514.75,22234
2026-07-01 09:45:00,7514.75,7524.25,7511.25,7519.75,21232
2026-07-01 09:50:00,7519.75,7532.5,7519.0,7531.0,18029
2026-07-01 09:55:00,7530.5,7537.0,7528.0,7536.0,13998
2026-07-01 10:00:00,7537.0,7540.0,7533.0,7537.25,14784
2026-07-01 10:05:00,7537.5,7546.5,7536.5,7544.5,16482
2026-07-01 10:10:00,7544.25,7552.5,7543.5,7549.75,17731
2026-07-01 10:15:00,7550.0,7552.0,7546.75,7551.0,12066
2026-07-01 10:20:00,7550.75,7553.5,7549.75,7551.5,9695
2026-07-01 10:25:00,7551.5,7553.75,7550.25,7551.75,7683
2026-07-01 10:30:00,7551.75,7552.5,7543.5,7546.25,18818
2026-07-01 10:35:00,7546.5,7552.75,7543.25,7552.25,12876
2026-07-01 10:40:00,7552.5,7555.5,7548.0,7549.75,11703
2026-07-01 10:45:00,7549.75,7550.25,7540.0,7548.25,18743
2026-07-01 10:50:00,7548.0,7554.0,7547.5,7552.5,10722
2026-07-01 10:55:00,7552.25,7553.5,7547.0,7553.5,8716
2026-07-01 11:00:00,7553.25,7562.75,7552.25,7561.5,17155
2026-07-01 11:05:00,7561.25,7564.5,7557.75,7560.5,13528
2026-07-01 11:10:00,7560.5,7564.5,7558.5,7564.25,6805
2026-07-01 11:15:00,7564.5,7570.5,7563.75,7568.5,12127
2026-07-01 11:20:00,7568.75,7574.75,7568.5,7573.0,11257
2026-07-01 11:25:00,7572.75,7577.75,7572.25,7577.5,9123
2026-07-01 11:30:00,7577.25,7578.5,7570.5,7570.75,11354
2026-07-01 11:35:00,7570.75,7573.0,7567.5,7570.75,8723
2026-07-01 11:40:00,7570.75,7573.75,7569.25,7572.5,6128
2026-07-01 11:45:00,7572.75,7573.75,7568.0,7569.25,6310
2026-07-01 11:50:00,7569.25,7573.0,7568.0,7569.75,6259
2026-07-01 11:55:00,7569.75,7573.25,7568.0,7572.5,4880
2026-07-01 12:00:00,7572.5,7576.0,7571.5,7572.5,6786
2026-07-01 12:05:00,7572.75,7575.5,7571.0,7573.25,4300
2026-07-01 12:10:00,7573.25,7576.0,7571.5,7575.75,3940
2026-07-01 12:15:00,7575.5,7576.5,7573.0,7575.75,4183
2026-07-01 12:20:00,7575.5,7579.0,7574.25,7577.0,5621
2026-07-01 12:25:00,7577.25,7578.25,7574.0,7574.25,4252
2026-07-01 12:30:00,7574.5,7576.75,7574.25,7574.75,3444
2026-07-01 12:35:00,7574.75,7575.0,7569.75,7570.0,5246
2026-07-01 12:40:00,7569.75,7571.5,7567.25,7570.5,7239
2026-07-01 12:45:00,7570.75,7572.75,7567.5,7567.5,5364
2026-07-01 12:50:00,7567.5,7570.0,7563.0,7565.0,8971
2026-07-01 12:55:00,7565.25,7565.75,7557.5,7559.75,8547
2026-07-01 13:00:00,7559.75,7564.0,7558.25,7559.5,7628
2026-07-01 13:05:00,7559.25,7560.25,7554.5,7559.5,9555
2026-07-01 13:10:00,7559.25,7563.0,7557.0,7562.75,6461
2026-07-01 13:15:00,7562.75,7565.75,7561.5,7565.0,6032
2026-07-01 13:20:00,7565.25,7567.5,7564.75,7566.75,4269
2026-07-01 13:25:00,7566.75,7568.5,7563.5,7564.0,5233
2026-07-01 13:30:00,7564.0,7566.5,7561.0,7563.0,5186
2026-07-01 13:35:00,7563.0,7565.5,7561.0,7564.0,3917
2026-07-01 13:40:00,7564.25,7564.75,7559.25,7559.5,3737
2026-07-01 13:45:00,7559.25,7561.0,7557.25,7558.75,5094
2026-07-01 13:50:00,7559.0,7562.0,7557.0,7560.5,4984
2026-07-01 13:55:00,7560.75,7560.75,7556.25,7556.75,4100
2026-07-01 14:00:00,7556.75,7561.5,7556.0,7561.5,5016
2026-07-01 14:05:00,7561.25,7561.5,7557.25,7559.5,3094
2026-07-01 14:10:00,7559.5,7559.75,7555.25,7555.5,4063
2026-07-01 14:15:00,7555.5,7557.25,7551.5,7556.75,8326
2026-07-01 14:20:00,7557.0,7559.5,7555.5,7559.25,4360
2026-07-01 14:25:00,7559.0,7560.25,7556.0,7556.0,3135
2026-07-01 14:30:00,7556.0,7557.5,7554.75,7556.75,3468
2026-07-01 14:35:00,7556.75,7558.5,7555.5,7557.25,2791
2026-07-01 14:40:00,7557.25,7558.0,7555.25,7556.5,2613
2026-07-01 14:45:00,7556.5,7557.0,7551.25,7554.0,6054
2026-07-01 14:50:00,7554.0,7555.0,7549.25,7549.75,6543
2026-07-01 14:55:00,7549.5,7554.25,7549.25,7553.25,5096
2026-07-01 15:00:00,7553.5,7558.0,7552.75,7557.75,7085
2026-07-01 15:05:00,7557.75,7561.75,7557.25,7561.0,6970
2026-07-01 15:10:00,7561.25,7561.25,7557.0,7558.5,4874
2026-07-01 15:15:00,7558.5,7561.0,7557.75,7559.0,3623
2026-07-01 15:20:00,7559.0,7560.0,7557.5,7559.5,2738
2026-07-01 15:25:00,7559.75,7559.75,7553.75,7553.75,6338
2026-07-01 15:30:00,7553.75,7557.5,7553.75,7555.5,4465
2026-07-01 15:35:00,7555.5,7555.75,7551.75,7552.75,4510
2026-07-01 15:40:00,7552.5,7553.0,7548.75,7550.5,7972
2026-07-01 15:45:00,7550.5,7551.0,7547.0,7549.25,5428
2026-07-01 15:50:00,7549.0,7552.5,7543.0,7546.75,15026
2026-07-01 15:55:00,7546.5,7547.5,7536.5,7542.0,26544
2026-07-01 16:00:00,7542.25,7543.0,7529.0,7532.0,12929
2026-07-01 16:05:00,7532.0,7535.0,7529.75,7533.25,5220
2026-07-01 16:10:00,7533.25,7537.0,7532.5,7535.25,2957
2026-07-01 16:15:00,7535.0,7535.5,7531.25,7532.0,1926
2026-07-01 16:20:00,7532.25,7534.75,7531.0,7534.5,1218
2026-07-01 16:25:00,7534.5,7535.5,7531.5,7532.25,1467
2026-07-01 16:30:00,7532.0,7533.0,7529.0,7529.25,1858
2026-07-01 16:35:00,7529.5,7529.75,7525.5,7529.5,2256
2026-07-01 16:40:00,7529.5,7530.5,7529.25,7530.25,1257
2026-07-01 16:45:00,7530.5,7531.5,7529.75,7530.75,1494
2026-07-01 16:50:00,7530.75,7531.75,7528.5,7529.75,983
2026-07-01 16:55:00,7530.0,7534.0,7529.25,7533.0,1189
2026-07-01 18:00:00,7535.5,7539.0,7531.75,7533.75,2428
2026-07-01 18:05:00,7533.75,7538.25,7532.5,7535.75,1700
2026-07-01 18:10:00,7535.75,7536.0,7532.0,7532.0,777
2026-07-01 18:15:00,7532.0,7534.25,7532.0,7534.25,664
2026-07-01 18:20:00,7534.0,7538.5,7534.0,7537.5,1344
2026-07-01 18:25:00,7538.0,7538.75,7537.0,7538.25,586
2026-07-01 18:30:00,7538.0,7539.75,7537.25,7539.5,938
2026-07-01 18:35:00,7539.5,7540.25,7538.25,7539.0,620
2026-07-01 18:40:00,7539.25,7540.25,7538.75,7539.5,322
