timestamp,open,high,low,close,volume
2026-06-16 00:00:00,7623.25,7623.5,7622.5,7622.5,206
2026-06-16 00:05:00,7622.25,7622.5,7620.75,7621.25,296
2026-06-16 00:10:00,7621.5,7622.25,7621.25,7621.75,168
2026-06-16 00:15:00,7622.0,7622.5,7619.25,7619.75,279
2026-06-16 00:20:00,7619.75,7622.0,7619.75,7621.25,243
2026-06-16 00:25:00,7621.25,7621.5,7620.0,7620.25,258
2026-06-16 00:30:00,7620.5,7621.0,7619.5,7620.0,263
2026-06-16 00:35:00,7619.75,7621.5,7619.25,7621.25,171
2026-06-16 00:40:00,7621.5,7622.0,7619.25,7619.5,294
2026-06-16 00:45:00,7619.5,7620.0,7617.0,7618.0,499
2026-06-16 00:50:00,7617.75,7617.75,7615.25,7616.0,587
2026-06-16 00:55:00,7615.5,7619.0,7615.0,7618.25,329
2026-06-16 01:00:00,7618.5,7621.5,7618.5,7621.0,369
2026-06-16 01:05:00,7621.0,7622.0,7619.75,7621.5,299
2026-06-16 01:10:00,7621.5,7624.75,7621.5,7623.0,412
2026-06-16 01:15:00,7623.0,7625.25,7622.75,7624.75,258
2026-06-16 01:20:00,7624.5,7624.75,7622.5,7622.75,282
2026-06-16 01:25:00,7622.5,7623.0,7621.5,7621.75,377
2026-06-16 01:30:00,7621.75,7622.5,7616.25,7616.25,575
2026-06-16 01:35:00,7616.25,7619.5,7616.0,7617.75,580
2026-06-16 01:40:00,7617.75,7618.75,7617.0,7617.75,261
2026-06-16 01:45:00,7617.75,7620.0,7617.75,7618.25,321
2026-06-16 01:50:00,7618.25,7620.5,7618.0,7619.0,234
2026-06-16 01:55:00,7619.0,7619.25,7617.5,7618.25,203
2026-06-16 02:00:00,7618.0,7621.75,7617.0,7621.25,578
2026-06-16 02:05:00,7621.25,7623.0,7621.0,7622.25,430
2026-06-16 02:10:00,7622.25,7624.0,7621.5,7623.0,472
2026-06-16 02:15:00,7623.0,7623.5,7621.0,7621.0,248
2026-06-16 02:20:00,7621.0,7621.5,7619.75,7621.5,393
2026-06-16 02:25:00,7621.5,7623.25,7621.5,7623.25,429
2026-06-16 02:30:00,7623.0,7624.0,7621.5,7622.25,333
2026-06-16 02:35:00,7622.25,7623.75,7621.5,7622.0,350
2026-06-16 02:40:00,7622.0,7623.0,7621.0,7621.25,313
2026-06-16 02:45:00,7621.0,7621.75,7619.75,7620.25,408
2026-06-16 02:50:00,7620.25,7622.5,7620.0,7622.25,332
2026-06-16 02:55:00,7622.25,7622.75,7621.0,7622.25,480
2026-06-16 03:00:00,7622.25,7625.0,7622.0,7622.5,1053
2026-06-16 03:05:00,7622.25,7626.25,7622.0,7625.25,866
2026-06-16 03:10:00,7625.5,7626.25,7623.5,7623.75,829
2026-06-16 03:15:00,7623.75,7626.25,7623.5,7625.5,780
2026-06-16 03:20:00,7625.25,7626.5,7623.75,7624.25,699
2026-06-16 03:25:00,7624.25,7627.75,7624.25,7626.5,517
2026-06-16 03:30:00,7626.5,7627.5,7625.0,7625.5,543
2026-06-16 03:35:00,7625.75,7627.75,7625.5,7627.25,566
2026-06-16 03:40:00,7627.25,7627.75,7622.0,7622.25,989
2026-06-16 03:45:00,7622.0,7623.0,7620.25,7621.25,1013
2026-06-16 03:50:00,7621.25,7624.5,7621.0,7623.75,683
2026-06-16 03:55:00,7623.75,7625.0,7623.25,7624.5,756
2026-06-16 04:00:00,7624.5,7627.0,7622.75,7626.5,1410
2026-06-16 04:05:00,7626.75,7630.25,7625.5,7629.0,2112
2026-06-16 04:10:00,7629.0,7630.25,7626.0,7626.75,1308
2026-06-16 04:15:00,7626.75,7628.5,7625.0,7626.5,1066
2026-06-16 04:20:00,7626.5,7626.5,7624.0,7625.0,1254
2026-06-16 04:25:00,7625.25,7626.25,7624.25,7626.25,994
2026-06-16 04:30:00,7626.25,7627.5,7622.5,7623.5,1753
2026-06-16 04:35:00,7623.75,7624.5,7620.75,7621.5,1115
2026-06-16 04:40:00,7621.5,7623.5,7620.75,7623.25,761
2026-06-16 04:45:00,7623.25,7623.25,7620.75,7622.25,598
2026-06-16 04:50:00,7622.25,7628.0,7622.0,7627.25,1763
2026-06-16 04:55:00,7627.25,7628.75,7625.25,7626.5,1114
2026-06-16 05:00:00,7626.5,7627.75,7625.25,7627.25,874
2026-06-16 05:05:00,7627.25,7628.75,7627.0,7628.25,849
2026-06-16 05:10:00,7628.0,7628.25,7626.5,7627.0,535
2026-06-16 05:15:00,7627.0,7627.5,7622.0,7622.25,909
2026-06-16 05:20:00,7622.25,7624.5,7622.25,7624.5,644
2026-06-16 05:25:00,7624.5,7624.75,7622.25,7622.75,633
2026-06-16 05:30:00,7622.75,7625.0,7622.75,7624.25,499
2026-06-16 05:35:00,7624.25,7624.75,7622.75,7623.5,386
2026-06-16 05:40:00,7623.0,7623.25,7620.25,7621.25,616
2026-06-16 05:45:00,7621.75,7622.0,7619.25,7619.75,814
2026-06-16 05:50:00,7620.0,7622.25,7619.75,7622.0,554
2026-06-16 05:55:00,7622.0,7622.25,7618.75,7620.25,620
2026-06-16 06:00:00,7620.5,7622.75,7620.5,7622.25,696
2026-06-16 06:05:00,7622.5,7624.75,7622.0,7624.75,831
2026-06-16 06:10:00,7624.75,7625.5,7623.5,7625.5,578
2026-06-16 06:15:00,7625.5,7625.75,7623.75,7623.75,467
2026-06-16 06:20:00,7624.0,7625.5,7622.75,7625.0,565
2026-06-16 06:25:00,7625.0,7627.25,7625.0,7626.0,730
2026-06-16 06:30:00,7626.25,7627.0,7624.5,7626.25,906
2026-06-16 06:35:00,7626.25,7628.25,7624.75,7628.0,727
2026-06-16 06:40:00,7628.0,7628.0,7626.5,7627.0,797
2026-06-16 06:45:00,7627.0,7628.0,7626.25,7627.5,488
2026-06-16 06:50:00,7627.5,7630.0,7626.75,7629.25,1135
2026-06-16 06:55:00,7629.25,7631.0,7629.0,7630.75,987
2026-06-16 07:00:00,7630.5,7632.25,7629.5,7631.25,1677
2026-06-16 07:05:00,7631.5,7632.25,7628.75,7629.5,851
2026-06-16 07:10:00,7629.25,7632.0,7628.5,7631.0,577
2026-06-16 07:15:00,7631.0,7633.5,7629.75,7633.25,1364
2026-06-16 07:20:00,7633.25,7634.25,7630.75,7631.75,979
2026-06-16 07:25:00,7631.75,7632.75,7629.0,7632.0,617
2026-06-16 07:30:00,7631.75,7633.25,7631.0,7631.75,805
2026-06-16 07:35:00,7631.75,7631.75,7629.0,7631.5,870
2026-06-16 07:40:00,7631.5,7633.5,7630.75,7633.0,697
2026-06-16 07:45:00,7633.0,7634.5,7632.5,7632.75,1121
2026-06-16 07:50:00,7632.75,7633.5,7630.5,7630.75,850
2026-06-16 07:55:00,7630.5,7631.75,7630.5,7631.25,574
2026-06-16 08:00:00,7631.25,7633.25,7630.25,7630.75,829
2026-06-16 08:05:00,7630.75,7634.5,7630.75,7633.75,1226
2026-06-16 08:10:00,7634.0,7634.75,7631.0,7631.25,1309
2026-06-16 08:15:00,7631.25,7631.25,7628.0,7629.0,1397
2026-06-16 08:20:00,7629.0,7629.0,7623.0,7623.25,2437
2026-06-16 08:25:00,7623.25,7626.5,7622.0,7625.25,2575
2026-06-16 08:30:00,7625.5,7626.5,7622.5,7626.5,2803
2026-06-16 08:35:00,7626.5,7627.0,7623.75,7625.25,1889
2026-06-16 08:40:00,7625.25,7625.75,7623.0,7624.0,1652
2026-06-16 08:45:00,7623.75,7625.5,7622.25,7624.25,2413
2026-06-16 08:50:00,7624.25,7627.5,7624.0,7626.75,2409
2026-06-16 08:55:00,7627.0,7628.75,7625.0,7625.25,2022
2026-06-16 09:00:00,7625.0,7627.25,7623.5,7625.75,2529
2026-06-16 09:05:00,7625.75,7625.75,7620.75,7621.5,2475
2026-06-16 09:10:00,7621.75,7625.0,7620.5,7624.25,2029
2026-06-16 09:15:00,7624.5,7626.75,7622.0,7626.25,2331
2026-06-16 09:20:00,7626.5,7628.0,7626.25,7627.75,1801
2026-06-16 09:25:00,7627.75,7630.75,7626.75,7628.0,4217
2026-06-16 09:30:00,7627.75,7636.75,7624.25,7634.5,26772
2026-06-16 09:35:00,7634.75,7636.5,7629.75,7629.75,16870
2026-06-16 09:40:00,7630.0,7635.25,7628.5,7630.5,15949
2026-06-16 09:45:00,7630.5,7636.25,7628.75,7633.5,14148
2026-06-16 09:50:00,7633.5,7635.25,7630.0,7631.25,10119
2026-06-16 09:55:00,7631.5,7632.5,7621.75,7622.75,17987
2026-06-16 10:00:00,7622.75,7629.5,7622.25,7628.25,18058
2026-06-16 10:05:00,7628.5,7632.75,7623.5,7632.75,14025
2026-06-16 10:10:00,7633.0,7634.0,7628.0,7630.5,13562
2026-06-16 10:15:00,7630.25,7632.75,7620.25,7621.75,16534
2026-06-16 10:20:00,7621.75,7625.25,7613.0,7617.25,23333
2026-06-16 10:25:00,7617.25,7621.25,7612.25,7612.25,21163
2026-06-16 10:30:00,7612.0,7612.5,7604.0,7606.75,25984
2026-06-16 10:35:00,7606.75,7617.75,7606.25,7617.75,19096
2026-06-16 10:40:00,7617.5,7621.5,7614.25,7614.25,14140
2026-06-16 10:45:00,7614.25,7616.0,7611.5,7612.75,12961
2026-06-16 10:50:00,7612.75,7619.0,7612.5,7614.0,12396
2026-06-16 10:55:00,7614.0,7615.75,7606.5,7611.0,14591
2026-06-16 11:00:00,7611.0,7616.25,7610.25,7615.0,12738
2026-06-16 11:05:00,7615.0,7618.0,7611.75,7616.0,11524
2026-06-16 11:10:00,7616.0,7619.25,7612.5,7616.0,8691
2026-06-16 11:15:00,7615.75,7618.25,7611.5,7611.75,8690
2026-06-16 11:20:00,7612.0,7614.25,7607.5,7611.0,12987
2026-06-16 11:25:00,7610.75,7612.75,7604.5,7608.0,14041
2026-06-16 11:30:00,7608.0,7614.75,7608.0,7613.5,12237
2026-06-16 11:35:00,7613.5,7616.25,7608.0,7610.0,11710
2026-06-16 11:40:00,7610.25,7611.75,7605.75,7606.75,11305
2026-06-16 11:45:00,7607.0,7608.5,7599.0,7604.5,18040
2026-06-16 11:50:00,7604.25,7614.75,7602.5,7614.0,15680
2026-06-16 11:55:00,7614.25,7616.75,7609.5,7610.0,14508
2026-06-16 12:00:00,7609.75,7619.0,7609.5,7615.75,13005
2026-06-16 12:05:00,7616.0,7619.5,7615.25,7617.75,7379
2026-06-16 12:10:00,7617.75,7622.25,7616.25,7619.0,8755
2026-06-16 12:15:00,7619.25,7621.25,7615.5,7618.75,7826
2026-06-16 12:20:00,7619.0,7621.75,7616.75,7617.75,6955
2026-06-16 12:25:00,7617.75,7618.75,7614.25,7616.25,5620
2026-06-16 12:30:00,7616.0,7617.0,7607.0,7607.25,9999
2026-06-16 12:35:00,7607.25,7611.0,7606.75,7610.25,8665
2026-06-16 12:40:00,7610.25,7615.0,7608.25,7613.25,7814
2026-06-16 12:45:00,7613.0,7615.0,7610.0,7610.5,5602
2026-06-16 12:50:00,7610.75,7613.75,7607.25,7608.75,7265
2026-06-16 12:55:00,7609.0,7610.75,7606.0,7610.5,7297
2026-06-16 13:00:00,7610.25,7610.5,7604.75,7607.75,6382
2026-06-16 13:05:00,7607.75,7608.0,7604.75,7607.5,4427
2026-06-16 13:10:00,7607.5,7611.5,7606.75,7609.25,5080
2026-06-16 13:15:00,7609.25,7611.25,7604.25,7604.5,5499
2026-06-16 13:20:00,7604.75,7607.5,7602.0,7607.0,7614
2026-06-16 13:25:00,7607.0,7608.25,7604.25,7605.75,4433
2026-06-16 13:30:00,7605.5,7606.75,7603.25,7605.0,5096
2026-06-16 13:35:00,7605.0,7605.75,7598.75,7600.75,6546
2026-06-16 13:40:00,7601.0,7606.0,7599.0,7603.75,7737
2026-06-16 13:45:00,7603.5,7605.75,7601.25,7605.5,4902
2026-06-16 13:50:00,7605.75,7610.0,7604.0,7609.75,5885
2026-06-16 13:55:00,7609.75,7611.5,7605.25,7605.75,5573
2026-06-16 14:00:00,7605.5,7607.5,7604.0,7606.25,5460
2026-06-16 14:05:00,7606.0,7607.0,7603.5,7604.25,4936
2026-06-16 14:10:00,7604.0,7606.25,7603.75,7604.5,3504
2026-06-16 14:15:00,7604.75,7605.5,7601.75,7603.5,5773
2026-06-16 14:20:00,7603.5,7606.0,7602.5,7604.25,3707
2026-06-16 14:25:00,7604.25,7607.5,7604.0,7605.25,4766
2026-06-16 14:30:00,7605.25,7606.25,7602.25,7602.75,4543
2026-06-16 14:35:00,7602.75,7606.5,7601.5,7604.75,6394
2026-06-16 14:40:00,7604.75,7606.0,7603.5,7605.0,3626
2026-06-16 14:45:00,7605.25,7606.75,7602.0,7602.0,4021
2026-06-16 14:50:00,7602.25,7604.0,7601.5,7602.5,3364
2026-06-16 14:55:00,7602.5,7604.5,7600.5,7602.0,5225
2026-06-16 15:00:00,7602.0,7603.0,7597.75,7601.5,8562
2026-06-16 15:05:00,7601.5,7601.75,7597.25,7598.0,6642
2026-06-16 15:10:00,7598.0,7599.25,7592.5,7593.75,12297
2026-06-16 15:15:00,7593.75,7594.25,7584.75,7594.0,17831
2026-06-16 15:20:00,7594.0,7599.0,7592.5,7598.25,10789
2026-06-16 15:25:00,7598.25,7600.0,7594.0,7596.25,9319
2026-06-16 15:30:00,7596.25,7597.25,7590.5,7590.75,10728
2026-06-16 15:35:00,7590.75,7595.0,7588.0,7588.75,10120
2026-06-16 15:40:00,7588.5,7594.5,7587.5,7594.25,9665
2026-06-16 15:45:00,7594.25,7595.0,7590.0,7592.5,10119
2026-06-16 15:50:00,7592.5,7597.75,7589.25,7595.25,18976
2026-06-16 15:55:00,7595.25,7596.75,7583.0,7588.0,83621
2026-06-16 16:00:00,7588.0,7589.0,7581.5,7583.75,29103
2026-06-16 16:05:00,7583.75,7587.0,7582.75,7582.75,5005
2026-06-16 16:10:00,7583.0,7583.5,7581.25,7582.0,5958
2026-06-16 16:15:00,7582.0,7582.5,7578.0,7579.5,3800
2026-06-16 16:20:00,7579.5,7583.75,7579.0,7583.25,2628
2026-06-16 16:25:00,7583.25,7584.75,7583.0,7583.0,1305
2026-06-16 16:30:00,7582.75,7583.75,7582.25,7583.0,1441
2026-06-16 16:35:00,7583.0,7584.25,7581.75,7584.0,969
2026-06-16 16:40:00,7584.0,7585.75,7584.0,7584.75,1447
2026-06-16 16:45:00,7585.0,7585.75,7584.25,7585.0,885
2026-06-16 16:50:00,7585.0,7585.25,7582.5,7583.0,1687
2026-06-16 16:55:00,7583.25,7583.75,7581.25,7583.0,2095
2026-06-16 18:00:00,7581.25,7590.5,7581.25,7586.25,1336
2026-06-16 18:05:00,7586.5,7591.5,7586.0,7591.5,552
2026-06-16 18:10:00,7591.75,7593.0,7591.0,7591.75,584
2026-06-16 18:15:00,7591.75,7593.25,7591.25,7591.75,558
2026-06-16 18:20:00,7592.0,7595.5,7590.25,7594.5,927
2026-06-16 18:25:00,7594.5,7595.0,7593.5,7593.5,174
2026-06-16 18:30:00,7593.75,7596.75,7593.5,7595.75,668
2026-06-16 18:35:00,7595.75,7596.0,7594.5,7595.25,462
2026-06-16 18:40:00,7595.25,7595.5,7590.75,7593.75,561
2026-06-16 18:45:00,7593.5,7595.0,7592.75,7594.5,378
2026-06-16 18:50:00,7594.5,7596.5,7594.5,7596.5,402
2026-06-16 18:55:00,7596.5,7597.5,7595.5,7596.5,346
2026-06-16 19:00:00,7596.5,7596.75,7593.0,7594.25,417
2026-06-16 19:05:00,7594.5,7595.75,7593.0,7595.0,287
2026-06-16 19:10:00,7595.0,7595.0,7590.5,7593.75,398
2026-06-16 19:15:00,7593.5,7594.0,7592.25,7593.25,141
2026-06-16 19:20:00,7593.0,7593.0,7591.25,7592.25,215
2026-06-16 19:25:00,7592.5,7593.0,7591.5,7592.0,193
2026-06-16 19:30:00,7592.0,7593.75,7591.5,7593.0,217
2026-06-16 19:35:00,7593.25,7594.75,7590.75,7591.75,474
2026-06-16 19:40:00,7591.75,7592.5,7590.0,7592.25,268
2026-06-16 19:45:00,7591.75,7594.5,7590.25,7591.75,352
2026-06-16 19:50:00,7591.75,7593.25,7589.25,7593.25,628
2026-06-16 19:55:00,7593.0,7593.0,7590.25,7591.75,315
2026-06-16 20:00:00,7592.0,7598.75,7592.0,7596.75,1183
2026-06-16 20:05:00,7597.0,7597.5,7594.5,7596.75,663
2026-06-16 20:10:00,7597.0,7598.0,7594.75,7594.75,431
2026-06-16 20:15:00,7595.0,7599.5,7595.0,7596.25,927
2026-06-16 20:20:00,7596.25,7597.5,7594.25,7596.5,423
2026-06-16 20:25:00,7596.5,7597.75,7596.0,7597.5,414
2026-06-16 20:30:00,7597.25,7599.75,7596.25,7599.0,600
2026-06-16 20:35:00,7598.75,7600.5,7598.25,7598.75,405
2026-06-16 20:40:00,7598.75,7600.0,7598.0,7598.25,288
2026-06-16 20:45:00,7598.25,7598.75,7595.75,7598.5,397
2026-06-16 20:50:00,7598.25,7598.25,7595.25,7596.5,349
2026-06-16 20:55:00,7596.75,7597.75,7596.0,7597.0,195
2026-06-16 21:00:00,7597.0,7600.5,7595.25,7600.0,853
2026-06-16 21:05:00,7599.75,7602.75,7599.25,7602.5,993
2026-06-16 21:10:00,7602.25,7602.75,7601.0,7601.0,454
2026-06-16 21:15:00,7601.0,7602.5,7599.75,7602.5,462
2026-06-16 21:20:00,7602.25,7603.75,7601.5,7603.75,619
2026-06-16 21:25:00,7603.75,7604.25,7603.0,7603.25,433
2026-06-16 21:30:00,7603.25,7604.25,7602.25,7603.25,508
2026-06-16 21:35:00,7603.0,7604.25,7603.0,7604.0,402
2026-06-16 21:40:00,7604.0,7605.25,7602.0,7602.5,741
2026-06-16 21:45:00,7602.5,7604.75,7602.5,7603.0,623
2026-06-16 21:50:00,7603.25,7604.75,7603.25,7604.0,256
2026-06-16 21:55:00,7604.25,7605.5,7604.25,7605.5,438
2026-06-16 22:00:00,7605.25,7605.5,7604.0,7604.0,281
2026-06-16 22:05:00,7604.25,7604.5,7603.25,7604.0,476
2026-06-16 22:10:00,7603.75,7605.25,7603.5,7605.0,251
2026-06-16 22:15:00,7605.0,7605.0,7603.75,7604.0,284
2026-06-16 22:20:00,7604.25,7605.5,7604.0,7605.25,234
2026-06-16 22:25:00,7605.0,7605.75,7603.75,7604.0,452
2026-06-16 22:30:00,7603.75,7604.0,7602.25,7602.25,490
2026-06-16 22:35:00,7602.5,7603.25,7601.5,7601.75,306
2026-06-16 22:40:00,7601.75,7603.25,7601.5,7603.25,203
2026-06-16 22:45:00,7603.25,7603.5,7601.25,7602.0,328
2026-06-16 22:50:00,7602.25,7602.5,7601.25,7601.75,237
2026-06-16 22:55:00,7601.75,7603.25,7601.75,7602.5,225
2026-06-16 23:00:00,7602.5,7604.5,7602.5,7603.5,279
2026-06-16 23:05:00,7603.5,7605.25,7603.0,7603.5,354
2026-06-16 23:10:00,7603.5,7604.25,7601.0,7601.25,339
2026-06-16 23:15:00,7601.25,7601.75,7599.5,7600.5,386
2026-06-16 23:20:00,7600.5,7601.0,7598.75,7600.0,319
2026-06-16 23:25:00,7600.0,7601.5,7600.0,7601.0,188
2026-06-16 23:30:00,7601.0,7602.0,7600.25,7601.5,301
2026-06-16 23:35:00,7601.75,7602.5,7600.75,7602.25,231
2026-06-16 23:40:00,7602.25,7605.5,7602.0,7604.5,546
2026-06-16 23:45:00,7604.25,7605.5,7604.0,7605.0,250
2026-06-16 23:50:00,7604.75,7606.25,7604.5,7606.0,360
2026-06-16 23:55:00,7605.75,7606.25,7605.25,7605.75,204
2026-06-17 00:00:00,7605.75,7606.25,7604.75,7606.25,221
2026-06-17 00:05:00,7606.0,7606.5,7604.75,7605.25,228
2026-06-17 00:10:00,7605.5,7605.75,7604.5,7604.75,262
2026-06-17 00:15:00,7604.75,7606.25,7604.5,7606.25,159
2026-06-17 00:20:00,7606.25,7606.5,7605.75,7606.0,260
2026-06-17 00:25:00,7606.25,7606.5,7605.25,7605.5,190
2026-06-17 00:30:00,7605.25,7606.0,7603.5,7603.75,218
2026-06-17 00:35:00,7603.75,7604.25,7602.75,7602.75,276
2026-06-17 00:40:00,7602.75,7603.5,7601.0,7601.5,463
2026-06-17 00:45:00,7601.5,7605.75,7601.5,7605.0,404
2026-06-17 00:50:00,7605.0,7606.0,7604.5,7606.0,224
2026-06-17 00:55:00,7605.75,7606.25,7605.25,7606.0,260
2026-06-17 01:00:00,7606.0,7607.5,7605.5,7607.0,660
2026-06-17 01:05:00,7607.0,7607.5,7605.75,7605.75,275
2026-06-17 01:10:00,7605.75,7606.25,7605.0,7605.5,350
2026-06-17 01:15:00,7605.5,7606.5,7605.0,7606.0,535
2026-06-17 01:20:00,7606.0,7607.0,7605.75,7606.25,419
2026-06-17 01:25:00,7606.25,7606.75,7604.0,7604.5,431
2026-06-17 01:30:00,7604.5,7605.75,7603.75,7605.25,712
2026-06-17 01:35:00,7605.5,7608.0,7605.25,7607.75,567
2026-06-17 01:40:00,7607.75,7607.75,7605.25,7605.75,418
2026-06-17 01:45:00,7605.75,7607.5,7605.25,7607.0,353
2026-06-17 01:50:00,7607.0,7607.25,7605.5,7605.5,242
2026-06-17 01:55:00,7605.25,7605.75,7603.0,7604.0,481
2026-06-17 02:00:00,7603.75,7606.25,7603.0,7605.75,601
2026-06-17 02:05:00,7605.75,7607.25,7604.75,7606.25,516
2026-06-17 02:10:00,7606.5,7606.75,7604.5,7605.5,435
2026-06-17 02:15:00,7605.5,7606.25,7604.75,7605.0,413
2026-06-17 02:20:00,7604.75,7605.5,7603.75,7604.25,491
2026-06-17 02:25:00,7604.25,7604.25,7602.25,7602.75,697
2026-06-17 02:30:00,7602.75,7606.5,7601.25,7606.25,930
2026-06-17 02:35:00,7606.25,7607.0,7605.5,7607.0,553
2026-06-17 02:40:00,7607.25,7608.0,7606.5,7608.0,489
2026-06-17 02:45:00,7608.0,7609.25,7608.0,7608.75,524
2026-06-17 02:50:00,7608.75,7608.75,7607.25,7607.25,539
2026-06-17 02:55:00,7607.5,7609.25,7607.0,7609.0,447
2026-06-17 03:00:00,7608.75,7611.0,7608.25,7609.25,1505
2026-06-17 03:05:00,7609.5,7610.75,7608.75,7610.5,987
2026-06-17 03:10:00,7610.75,7612.0,7609.75,7611.75,1075
2026-06-17 03:15:00,7611.5,7612.5,7607.0,7607.5,1135
2026-06-17 03:20:00,7607.75,7608.0,7604.75,7605.0,744
2026-06-17 03:25:00,7605.0,7605.25,7603.5,7604.75,749
2026-06-17 03:30:00,7604.75,7606.75,7603.25,7604.25,825
2026-06-17 03:35:00,7604.0,7607.25,7604.0,7607.0,697
2026-06-17 03:40:00,7607.0,7608.25,7606.0,7606.25,594
2026-06-17 03:45:00,7606.25,7606.5,7604.25,7604.75,675
2026-06-17 03:50:00,7604.5,7607.0,7604.5,7605.5,560
2026-06-17 03:55:00,7605.5,7607.0,7605.0,7605.75,721
2026-06-17 04:00:00,7605.75,7608.25,7604.5,7605.5,907
2026-06-17 04:05:00,7605.5,7608.0,7605.5,7607.25,1075
2026-06-17 04:10:00,7607.0,7607.0,7597.75,7598.5,1970
2026-06-17 04:15:00,7598.75,7601.25,7598.25,7599.0,1073
2026-06-17 04:20:00,7598.75,7601.0,7598.0,7600.5,816
2026-06-17 04:25:00,7600.25,7602.25,7599.25,7599.5,848
2026-06-17 04:30:00,7599.5,7600.5,7595.0,7597.5,1496
2026-06-17 04:35:00,7597.5,7598.25,7593.5,7593.75,1426
2026-06-17 04:40:00,7594.0,7597.0,7593.5,7594.0,938
2026-06-17 04:45:00,7594.0,7594.5,7591.75,7591.75,975
2026-06-17 04:50:00,7592.0,7597.5,7592.0,7597.0,1067
2026-06-17 04:55:00,7597.0,7600.0,7596.5,7599.75,1161
2026-06-17 05:00:00,7600.0,7601.0,7598.75,7599.75,696
2026-06-17 05:05:00,7599.5,7600.25,7597.5,7597.75,772
2026-06-17 05:10:00,7597.75,7598.25,7596.5,7598.0,522
2026-06-17 05:15:00,7598.25,7599.75,7597.5,7598.0,608
2026-06-17 05:20:00,7597.75,7600.5,7597.25,7599.75,688
2026-06-17 05:25:00,7599.75,7601.75,7599.5,7601.0,646
2026-06-17 05:30:00,7601.0,7602.75,7598.0,7598.25,818
2026-06-17 05:35:00,7598.0,7598.75,7596.0,7597.25,584
2026-06-17 05:40:00,7597.25,7598.5,7596.5,7597.25,739
2026-06-17 05:45:00,7597.25,7598.25,7594.75,7595.0,1082
2026-06-17 05:50:00,7595.0,7595.0,7590.75,7592.25,1183
2026-06-17 05:55:00,7592.25,7593.25,7590.5,7592.25,1148
2026-06-17 06:00:00,7592.25,7592.5,7587.5,7588.25,1735
2026-06-17 06:05:00,7588.25,7589.75,7585.25,7589.25,1869
2026-06-17 06:10:00,7589.25,7589.75,7586.75,7589.25,1133
2026-06-17 06:15:00,7589.0,7589.5,7586.75,7586.75,892
2026-06-17 06:20:00,7586.75,7593.75,7586.75,7593.25,889
2026-06-17 06:25:00,7593.5,7594.25,7591.5,7591.5,757
2026-06-17 06:30:00,7591.75,7592.75,7590.75,7591.25,638
2026-06-17 06:35:00,7591.25,7593.5,7590.5,7593.5,444
2026-06-17 06:40:00,7593.25,7595.75,7592.25,7595.75,648
2026-06-17 06:45:00,7595.75,7596.0,7594.0,7595.25,507
2026-06-17 06:50:00,7595.75,7598.25,7593.25,7593.75,1054
2026-06-17 06:55:00,7593.5,7594.5,7590.25,7591.0,1173
2026-06-17 07:00:00,7591.25,7593.25,7589.75,7592.5,1239
2026-06-17 07:05:00,7592.5,7596.5,7591.5,7594.5,867
2026-06-17 07:10:00,7594.75,7596.25,7594.5,7595.75,524
2026-06-17 07:15:00,7595.5,7596.75,7594.75,7596.5,1011
2026-06-17 07:20:00,7596.75,7597.75,7595.5,7596.0,1018
2026-06-17 07:25:00,7596.25,7596.5,7593.5,7594.5,583
2026-06-17 07:30:00,7594.25,7594.5,7592.0,7593.5,552
2026-06-17 07:35:00,7593.5,7593.5,7592.0,7592.5,469
2026-06-17 07:40:00,7592.5,7594.25,7589.0,7589.5,979
2026-06-17 07:45:00,7589.5,7591.0,7585.5,7586.25,1162
2026-06-17 07:50:00,7586.5,7587.75,7585.0,7586.0,1243
2026-06-17 07:55:00,7585.75,7586.75,7583.0,7586.5,1764
2026-06-17 08:00:00,7586.75,7589.75,7586.25,7588.75,1342
2026-06-17 08:05:00,7589.0,7592.75,7588.25,7591.25,1208
2026-06-17 08:10:00,7591.5,7593.5,7590.5,7592.75,1016
2026-06-17 08:15:00,7592.75,7593.0,7589.5,7590.75,1578
2026-06-17 08:20:00,7590.75,7592.75,7589.25,7591.25,1607
2026-06-17 08:25:00,7591.25,7593.5,7589.75,7590.25,1177
2026-06-17 08:30:00,7590.25,7595.25,7590.0,7593.5,2484
2026-06-17 08:35:00,7593.5,7596.5,7591.75,7592.25,1946
2026-06-17 08:40:00,7592.25,7595.25,7590.0,7594.75,1765
2026-06-17 08:45:00,7594.5,7596.0,7593.5,7594.5,1238
2026-06-17 08:50:00,7594.75,7596.25,7594.25,7595.75,901
2026-06-17 08:55:00,7595.75,7596.0,7592.75,7595.25,1588
2026-06-17 09:00:00,7595.25,7595.75,7593.25,7594.75,1210
2026-06-17 09:05:00,7594.75,7595.0,7591.0,7591.75,1494
2026-06-17 09:10:00,7592.0,7595.5,7591.75,7594.25,1287
2026-06-17 09:15:00,7594.25,7598.75,7594.0,7597.5,1788
2026-06-17 09:20:00,7597.75,7598.0,7596.0,7597.5,2408
2026-06-17 09:25:00,7597.25,7598.75,7590.25,7595.75,6119
2026-06-17 09:30:00,7595.75,7596.0,7584.75,7589.5,26862
2026-06-17 09:35:00,7589.5,7593.25,7585.0,7586.25,17839
2026-06-17 09:40:00,7586.5,7598.0,7583.25,7598.0,18265
2026-06-17 09:45:00,7598.0,7600.25,7593.75,7594.0,15436
2026-06-17 09:50:00,7593.75,7597.5,7591.5,7596.0,13421
2026-06-17 09:55:00,7596.0,7596.25,7581.0,7581.0,15359
2026-06-17 10:00:00,7581.25,7589.0,7578.5,7587.0,21006
2026-06-17 10:05:00,7587.0,7593.25,7582.25,7589.25,15331
2026-06-17 10:10:00,7589.25,7595.0,7585.25,7594.75,13335
2026-06-17 10:15:00,7594.75,7598.25,7593.25,7595.75,12941
2026-06-17 10:20:00,7595.75,7604.25,7593.75,7603.75,12238
2026-06-17 10:25:00,7603.75,7603.75,7597.25,7599.25,12178
2026-06-17 10:30:00,7599.0,7599.75,7586.25,7590.25,14247
2026-06-17 10:35:00,7590.0,7590.75,7582.25,7582.75,14028
2026-06-17 10:40:00,7582.75,7586.0,7574.0,7584.0,20868
2026-06-17 10:45:00,7584.0,7588.75,7560.5,7576.25,44486
2026-06-17 10:50:00,7576.0,7584.5,7572.5,7582.5,18497
2026-06-17 10:55:00,7582.5,7582.75,7571.25,7572.5,12722
2026-06-17 11:00:00,7572.25,7577.5,7571.0,7574.5,12426
2026-06-17 11:05:00,7574.5,7577.0,7568.0,7569.5,12538
2026-06-17 11:10:00,7569.25,7579.75,7569.25,7578.25,10809
2026-06-17 11:15:00,7578.25,7584.75,7575.5,7580.25,15126
2026-06-17 11:20:00,7580.25,7583.25,7578.25,7581.0,9232
2026-06-17 11:25:00,7581.0,7582.5,7578.25,7582.25,9304
2026-06-17 11:30:00,7582.0,7590.0,7580.0,7588.0,9901
2026-06-17 11:35:00,7588.0,7590.5,7585.25,7589.5,7837
2026-06-17 11:40:00,7589.5,7590.5,7584.25,7586.25,7034
2026-06-17 11:45:00,7586.25,7589.75,7585.5,7589.25,6257
2026-06-17 11:50:00,7589.5,7591.25,7585.75,7587.0,5252
2026-06-17 11:55:00,7586.75,7590.75,7585.75,7588.75,5226
2026-06-17 12:00:00,7589.0,7592.0,7589.0,7590.0,4780
2026-06-17 12:05:00,7590.0,7590.5,7587.5,7588.75,4184
2026-06-17 12:10:00,7588.75,7589.0,7585.5,7588.75,3724
2026-06-17 12:15:00,7588.75,7592.25,7587.0,7592.0,4476
2026-06-17 12:20:00,7592.0,7593.25,7590.0,7592.25,3583
2026-06-17 12:25:00,7592.25,7593.25,7590.0,7590.25,3758
2026-06-17 12:30:00,7590.25,7591.25,7585.5,7586.0,5065
2026-06-17 12:35:00,7586.0,7588.75,7584.25,7588.0,4760
2026-06-17 12:40:00,7588.0,7588.0,7581.75,7584.75,5752
2026-06-17 12:45:00,7585.0,7585.0,7581.75,7583.25,5344
2026-06-17 12:50:00,7583.0,7585.75,7582.0,7582.5,3947
2026-06-17 12:55:00,7582.75,7585.5,7581.5,7582.75,5018
2026-06-17 13:00:00,7582.5,7583.0,7575.75,7577.25,7483
2026-06-17 13:05:00,7577.25,7579.0,7568.5,7576.5,13171
2026-06-17 13:10:00,7576.5,7579.0,7574.75,7575.25,5932
2026-06-17 13:15:00,7575.0,7576.25,7572.0,7576.25,6853
2026-06-17 13:20:00,7576.0,7578.75,7573.0,7575.75,5388
2026-06-17 13:25:00,7575.75,7579.75,7574.25,7578.25,5117
2026-06-17 13:30:00,7578.25,7578.25,7572.5,7573.5,6613
2026-06-17 13:35:00,7573.5,7579.0,7572.75,7577.5,5871
2026-06-17 13:40:00,7577.5,7577.75,7573.75,7574.25,4065
2026-06-17 13:45:00,7574.25,7578.0,7573.0,7577.25,4924
2026-06-17 13:50:00,7577.25,7587.25,7576.5,7585.0,7461
2026-06-17 13:55:00,7584.75,7589.75,7582.5,7588.75,5044
2026-06-17 14:00:00,7588.25,7590.75,7531.25,7531.75,44601
2026-06-17 14:05:00,7531.75,7549.0,7514.5,7546.5,50409
2026-06-17 14:10:00,7546.5,7551.75,7539.75,7546.25,23789
2026-06-17 14:15:00,7546.0,7560.25,7545.75,7556.75,19029
2026-06-17 14:20:00,7556.75,7558.5,7540.0,7542.0,16174
2026-06-17 14:25:00,7542.0,7545.75,7533.75,7542.75,17930
2026-06-17 14:30:00,7542.5,7562.5,7535.75,7537.25,38082
2026-06-17 14:35:00,7537.25,7569.25,7537.25,7560.75,22118
2026-06-17 14:40:00,7561.0,7584.25,7557.0,7580.25,25117
2026-06-17 14:45:00,7580.25,7580.75,7566.25,7568.75,16236
2026-06-17 14:50:00,7568.5,7574.25,7562.0,7564.0,14488
2026-06-17 14:55:00,7564.0,7564.25,7531.5,7540.75,23768
2026-06-17 15:00:00,7540.5,7552.0,7536.5,7541.25,25466
2026-06-17 15:05:00,7541.25,7548.5,7536.25,7538.0,16731
2026-06-17 15:10:00,7538.0,7551.5,7524.25,7547.0,25066
2026-06-17 15:15:00,7547.0,7548.5,7521.25,7521.5,19049
2026-06-17 15:20:00,7521.5,7522.0,7497.25,7498.25,39416
2026-06-17 15:25:00,7498.25,7513.75,7497.25,7500.25,25195
2026-06-17 15:30:00,7500.25,7503.75,7488.0,7489.0,28459
2026-06-17 15:35:00,7489.0,7500.0,7472.25,7475.5,29866
2026-06-17 15:40:00,7475.25,7485.25,7473.25,7479.75,32852
2026-06-17 15:45:00,7479.75,7497.75,7478.5,7489.0,27008
2026-06-17 15:50:00,7488.75,7493.75,7474.0,7481.25,35859
2026-06-17 15:55:00,7481.25,7498.75,7480.0,7492.25,81808
2026-06-17 16:00:00,7492.5,7504.5,7492.0,7497.75,26097
2026-06-17 16:05:00,7497.75,7498.75,7492.75,7498.0,8444
2026-06-17 16:10:00,7498.25,7501.75,7490.25,7492.5,9261
2026-06-17 16:15:00,7492.5,7503.0,7490.0,7502.5,4661
2026-06-17 16:20:00,7502.75,7508.5,7502.75,7504.75,4749
2026-06-17 16:25:00,7505.0,7510.0,7504.0,7508.0,1996
2026-06-17 16:30:00,7508.25,7510.75,7505.75,7508.5,2554
2026-06-17 16:35:00,7508.5,7515.25,7508.25,7513.25,2504
2026-06-17 16:40:00,7513.25,7513.5,7509.5,7511.5,1445
2026-06-17 16:45:00,7511.25,7511.75,7508.75,7508.75,1527
2026-06-17 16:50:00,7509.0,7510.75,7507.25,7510.25,1660
2026-06-17 16:55:00,7510.25,7511.25,7508.75,7511.0,1802
2026-06-17 18:00:00,7512.5,7515.0,7504.25,7507.5,1981
2026-06-17 18:05:00,7507.5,7517.25,7507.5,7517.0,1318
2026-06-17 18:10:00,7516.75,7521.75,7516.25,7519.75,1693
2026-06-17 18:15:00,7520.0,7521.75,7518.25,7519.25,826
2026-06-17 18:20:00,7519.25,7526.25,7519.25,7525.75,1777
2026-06-17 18:25:00,7525.75,7526.75,7523.25,7523.5,1435
2026-06-17 18:30:00,7523.25,7525.0,7522.25,7523.5,1016
2026-06-17 18:35:00,7523.5,7527.25,7523.5,7525.0,793
2026-06-17 18:40:00,7525.0,7525.5,7523.5,7524.25,268
2026-06-17 18:45:00,7524.0,7526.75,7524.0,7526.25,404
2026-06-17 18:50:00,7526.0,7527.5,7525.75,7527.5,464
2026-06-17 18:55:00,7527.75,7527.75,7525.25,7525.5,473
2026-06-17 19:00:00,7525.75,7527.75,7525.25,7527.5,354
2026-06-17 19:05:00,7527.5,7528.5,7524.25,7528.25,823
2026-06-17 19:10:00,7528.25,7531.75,7527.5,7531.75,872
2026-06-17 19:15:00,7531.5,7534.25,7531.0,7534.0,837
2026-06-17 19:20:00,7534.25,7537.25,7534.0,7536.75,1239
2026-06-17 19:25:00,7536.75,7539.25,7536.75,7537.75,782
2026-06-17 19:30:00,7538.0,7539.5,7536.75,7538.5,762
2026-06-17 19:35:00,7538.5,7538.5,7534.25,7536.0,814
2026-06-17 19:40:00,7536.0,7536.25,7534.0,7535.25,415
2026-06-17 19:45:00,7535.5,7538.0,7534.5,7537.0,570
2026-06-17 19:50:00,7537.25,7539.5,7536.25,7538.25,525
2026-06-17 19:55:00,7538.25,7541.25,7537.25,7541.25,794
2026-06-17 20:00:00,7541.5,7550.5,7539.75,7549.5,2966
2026-06-17 20:05:00,7549.5,7558.0,7549.25,7555.5,2780
2026-06-17 20:10:00,7555.5,7559.25,7553.5,7558.75,2041
2026-06-17 20:15:00,7559.0,7560.5,7554.75,7554.75,2527
2026-06-17 20:20:00,7555.0,7556.0,7552.25,7553.0,1286
2026-06-17 20:25:00,7553.0,7553.0,7549.0,7552.75,1829
2026-06-17 20:30:00,7552.75,7557.75,7552.75,7556.25,1542
2026-06-17 20:35:00,7556.25,7558.0,7553.75,7557.75,926
2026-06-17 20:40:00,7557.75,7558.25,7554.0,7556.25,1103
2026-06-17 20:45:00,7556.25,7557.0,7553.25,7554.25,951
2026-06-17 20:50:00,7554.0,7554.25,7548.0,7552.75,2083
2026-06-17 20:55:00,7552.75,7552.75,7549.0,7550.75,1294
2026-06-17 21:00:00,7550.75,7557.75,7550.0,7556.5,1337
2026-06-17 21:05:00,7556.25,7558.75,7555.5,7557.5,1013
2026-06-17 21:10:00,7557.75,7560.75,7557.0,7559.25,941
2026-06-17 21:15:00,7559.25,7559.75,7554.75,7556.5,881
2026-06-17 21:20:00,7556.5,7560.5,7556.25,7558.5,834
2026-06-17 21:25:00,7558.5,7561.25,7556.75,7556.75,973
2026-06-17 21:30:00,7557.25,7559.25,7556.75,7556.75,873
2026-06-17 21:35:00,7557.0,7557.5,7554.0,7555.0,1058
2026-06-17 21:40:00,7555.25,7557.0,7553.75,7554.75,723
2026-06-17 21:45:00,7554.75,7554.75,7550.25,7552.5,1230
2026-06-17 21:50:00,7552.75,7556.25,7552.0,7554.0,701
2026-06-17 21:55:00,7554.0,7554.75,7551.75,7553.0,600
2026-06-17 22:00:00,7553.0,7556.25,7552.0,7556.25,730
2026-06-17 22:05:00,7556.25,7558.25,7556.0,7557.75,580
2026-06-17 22:10:00,7557.5,7559.75,7556.25,7557.5,377
2026-06-17 22:15:00,7557.5,7558.0,7554.75,7555.0,430
2026-06-17 22:20:00,7555.0,7556.75,7554.5,7556.5,267
2026-06-17 22:25:00,7556.5,7556.5,7554.75,7555.5,278
2026-06-17 22:30:00,7555.75,7556.5,7553.25,7555.75,400
2026-06-17 22:35:00,7555.5,7556.75,7554.5,7556.5,276
2026-06-17 22:40:00,7556.25,7557.5,7556.0,7557.0,263
2026-06-17 22:45:00,7557.0,7557.75,7555.25,7556.75,443
2026-06-17 22:50:00,7556.75,7558.5,7556.25,7557.5,469
2026-06-17 22:55:00,7557.75,7557.75,7556.0,7556.75,302
2026-06-17 23:00:00,7556.5,7558.25,7556.5,7557.25,437
2026-06-17 23:05:00,7557.0,7557.75,7555.0,7555.0,571
2026-06-17 23:10:00,7555.0,7555.5,7552.5,7553.0,774
2026-06-17 23:15:00,7553.0,7554.25,7552.25,7554.0,485
2026-06-17 23:20:00,7553.75,7556.75,7553.75,7555.75,617
2026-06-17 23:25:00,7555.5,7557.5,7555.0,7556.5,316
2026-06-17 23:30:00,7556.75,7558.75,7554.75,7555.0,381
2026-06-17 23:35:00,7555.0,7555.0,7550.75,7551.75,554
2026-06-17 23:40:00,7551.75,7552.75,7550.25,7551.5,413
2026-06-17 23:45:00,7551.5,7554.0,7551.25,7554.0,517
2026-06-17 23:50:00,7554.0,7555.25,7553.25,7554.75,380
2026-06-17 23:55:00,7555.0,7556.5,7554.5,7555.5,319
2026-06-18 00:00:00,7555.5,7556.75,7554.0,7554.0,409
2026-06-18 00:05:00,7554.25,7554.25,7552.25,7553.0,503
2026-06-18 00:10:00,7553.25,7553.5,7549.25,7549.5,648
2026-06-18 00:15:00,7549.5,7551.5,7547.75,7548.0,618
2026-06-18 00:20:00,7547.75,7547.75,7545.5,7546.25,716
2026-06-18 00:25:00,7546.25,7547.75,7544.75,7546.75,756
2026-06-18 00:30:00,7546.5,7546.75,7543.5,7544.75,575
2026-06-18 00:35:00,7544.75,7546.0,7542.75,7543.0,523
2026-06-18 00:40:00,7542.75,7543.5,7540.5,7541.0,848
2026-06-18 00:45:00,7540.5,7542.5,7539.25,7542.25,722
2026-06-18 00:50:00,7542.25,7545.75,7541.75,7545.0,539
2026-06-18 00:55:00,7545.25,7546.25,7543.75,7544.75,395
2026-06-18 01:00:00,7545.0,7547.5,7542.75,7547.25,505
2026-06-18 01:05:00,7547.0,7548.0,7546.0,7546.5,530
2026-06-18 01:10:00,7546.75,7547.25,7544.0,7544.75,377
2026-06-18 01:15:00,7544.5,7549.25,7544.0,7548.5,565
2026-06-18 01:20:00,7548.5,7549.5,7547.75,7548.0,266
2026-06-18 01:25:00,7548.25,7549.25,7546.5,7548.25,407
2026-06-18 01:30:00,7548.5,7550.5,7547.75,7549.25,631
2026-06-18 01:35:00,7549.0,7549.5,7546.5,7547.5,470
2026-06-18 01:40:00,7547.75,7549.75,7547.5,7548.0,428
2026-06-18 01:45:00,7547.75,7548.0,7545.25,7545.75,313
2026-06-18 01:50:00,7545.75,7546.0,7544.25,7545.25,336
2026-06-18 01:55:00,7544.75,7547.0,7544.75,7546.5,416
2026-06-18 02:00:00,7546.25,7548.5,7543.5,7547.5,794
2026-06-18 02:05:00,7547.25,7547.5,7541.25,7542.0,763
2026-06-18 02:10:00,7541.75,7544.75,7541.25,7544.5,1151
2026-06-18 02:15:00,7544.5,7545.75,7541.0,7541.5,944
2026-06-18 02:20:00,7541.75,7546.25,7541.5,7544.5,636
2026-06-18 02:25:00,7544.75,7550.75,7543.25,7550.25,1086
2026-06-18 02:30:00,7550.25,7550.25,7546.75,7547.75,714
2026-06-18 02:35:00,7547.5,7547.75,7545.25,7546.75,1279
2026-06-18 02:40:00,7546.5,7546.75,7543.75,7546.5,536
2026-06-18 02:45:00,7546.75,7552.25,7546.5,7551.5,870
2026-06-18 02:50:00,7551.75,7551.75,7550.0,7551.0,458
2026-06-18 02:55:00,7551.0,7557.25,7551.0,7556.75,1787
2026-06-18 03:00:00,7556.5,7558.0,7555.25,7557.75,1730
2026-06-18 03:05:00,7557.75,7559.0,7556.0,7558.25,1409
2026-06-18 03:10:00,7558.25,7558.25,7550.25,7551.5,1593
2026-06-18 03:15:00,7551.5,7554.0,7550.5,7552.75,1228
2026-06-18 03:20:00,7553.0,7556.25,7552.75,7556.0,721
2026-06-18 03:25:00,7556.0,7559.25,7555.0,7558.75,1058
2026-06-18 03:30:00,7558.5,7558.5,7553.5,7556.5,1047
2026-06-18 03:35:00,7557.0,7558.0,7555.25,7556.25,991
2026-06-18 03:40:00,7556.25,7557.0,7555.25,7556.75,598
2026-06-18 03:45:00,7556.75,7557.25,7554.5,7556.5,964
2026-06-18 03:50:00,7556.5,7556.75,7554.0,7554.5,798
2026-06-18 03:55:00,7554.5,7559.5,7554.25,7559.25,826
2026-06-18 04:00:00,7559.5,7563.5,7559.5,7562.0,2084
2026-06-18 04:05:00,7562.0,7568.0,7561.25,7567.5,3065
2026-06-18 04:10:00,7567.5,7568.25,7564.5,7565.25,1793
2026-06-18 04:15:00,7565.25,7566.0,7562.5,7562.75,1255
2026-06-18 04:20:00,7562.75,7563.5,7556.25,7557.5,1674
2026-06-18 04:25:00,7557.5,7557.75,7555.5,7556.5,1333
2026-06-18 04:30:00,7556.5,7558.5,7554.75,7557.0,1633
2026-06-18 04:35:00,7556.75,7558.5,7555.0,7558.0,789
2026-06-18 04:40:00,7558.25,7560.0,7557.0,7557.25,1017
2026-06-18 04:45:00,7557.25,7558.25,7554.25,7557.0,844
2026-06-18 04:50:00,7556.75,7556.75,7551.75,7553.0,1312
2026-06-18 04:55:00,7553.0,7554.0,7547.0,7547.75,1578
2026-06-18 05:00:00,7548.25,7552.0,7545.75,7552.0,1323
2026-06-18 05:05:00,7552.0,7553.0,7550.5,7551.0,1361
2026-06-18 05:10:00,7551.0,7553.75,7548.75,7553.0,864
2026-06-18 05:15:00,7553.25,7556.25,7553.25,7554.75,1325
2026-06-18 05:20:00,7554.5,7554.5,7551.75,7552.5,939
2026-06-18 05:25:00,7552.5,7554.25,7552.25,7554.0,686
2026-06-18 05:30:00,7554.0,7555.25,7552.5,7553.75,1017
2026-06-18 05:35:00,7553.75,7558.5,7553.5,7558.25,853
2026-06-18 05:40:00,7558.25,7560.0,7557.5,7559.25,887
2026-06-18 05:45:00,7559.25,7563.75,7559.25,7562.75,1279
2026-06-18 05:50:00,7563.0,7563.75,7561.5,7562.25,1041
2026-06-18 05:55:00,7562.0,7564.0,7561.75,7563.25,1180
2026-06-18 06:00:00,7563.25,7563.5,7560.0,7560.75,1004
2026-06-18 06:05:00,7560.75,7562.5,7559.0,7560.0,1419
2026-06-18 06:10:00,7560.0,7563.5,7559.0,7563.25,926
2026-06-18 06:15:00,7563.25,7564.25,7561.75,7563.5,637
2026-06-18 06:20:00,7563.5,7564.75,7560.5,7560.75,794
2026-06-18 06:25:00,7560.75,7563.25,7559.75,7560.75,1054
2026-06-18 06:30:00,7560.75,7563.25,7557.0,7558.0,1225
2026-06-18 06:35:00,7558.0,7559.0,7557.25,7557.25,818
2026-06-18 06:40:00,7557.25,7557.75,7552.0,7552.0,1693
2026-06-18 06:45:00,7552.25,7554.75,7551.5,7553.5,1095
2026-06-18 06:50:00,7553.25,7555.25,7552.0,7552.5,1262
2026-06-18 06:55:00,7552.5,7553.75,7552.25,7553.5,877
2026-06-18 07:00:00,7553.5,7554.75,7551.75,7553.0,1634
2026-06-18 07:05:00,7553.0,7553.25,7542.5,7544.25,3215
2026-06-18 07:10:00,7544.0,7544.75,7540.0,7544.25,2385
2026-06-18 07:15:00,7544.5,7545.0,7537.0,7538.5,2908
2026-06-18 07:20:00,7538.25,7540.25,7535.5,7539.0,2049
2026-06-18 07:25:00,7539.0,7542.75,7538.75,7541.5,1830
2026-06-18 07:30:00,7541.25,7543.75,7539.5,7541.75,1564
2026-06-18 07:35:00,7542.0,7542.5,7535.75,7537.25,1316
2026-06-18 07:40:00,7537.0,7539.25,7530.75,7538.0,2573
2026-06-18 07:45:00,7538.0,7539.75,7537.25,7539.0,1462
2026-06-18 07:50:00,7538.75,7543.75,7537.75,7542.0,1981
2026-06-18 07:55:00,7542.25,7543.25,7540.75,7543.25,1018
2026-06-18 08:00:00,7543.25,7545.5,7541.5,7544.0,1910
2026-06-18 08:05:00,7544.0,7544.25,7540.75,7541.5,1606
2026-06-18 08:10:00,7541.25,7548.25,7541.0,7546.5,2404
2026-06-18 08:15:00,7546.75,7548.0,7544.25,7547.5,2104
2026-06-18 08:20:00,7547.5,7553.75,7547.5,7553.25,3511
2026-06-18 08:25:00,7553.25,7555.5,7552.75,7555.0,3169
2026-06-18 08:30:00,7554.75,7560.0,7552.75,7554.0,2914
2026-06-18 08:35:00,7554.0,7558.25,7553.5,7554.0,2210
2026-06-18 08:40:00,7554.25,7559.75,7553.0,7555.5,3153
2026-06-18 08:45:00,7555.25,7560.0,7555.0,7559.5,1902
2026-06-18 08:50:00,7559.75,7560.25,7556.5,7559.5,2773
2026-06-18 08:55:00,7559.5,7565.0,7559.25,7560.5,3495
2026-06-18 09:00:00,7560.5,7560.75,7550.5,7551.5,6004
2026-06-18 09:05:00,7551.75,7557.0,7550.5,7554.5,6201
2026-06-18 09:10:00,7554.5,7562.75,7553.5,7561.75,5664
2026-06-18 09:15:00,7561.75,7566.25,7560.75,7563.75,5101
2026-06-18 09:20:00,7563.75,7567.75,7563.0,7565.5,5092
2026-06-18 09:25:00,7565.5,7579.75,7565.5,7577.0,25072
2026-06-18 09:30:00,7577.25,7581.5,7557.25,7557.75,52681
2026-06-18 09:35:00,7557.75,7559.25,7541.5,7544.0,39935
2026-06-18 09:40:00,7544.0,7549.0,7537.0,7538.25,26374
2026-06-18 09:45:00,7538.5,7550.0,7535.5,7549.25,26670
2026-06-18 09:50:00,7549.25,7554.75,7542.5,7543.0,24829
2026-06-18 09:55:00,7543.0,7547.5,7535.75,7544.0,21220
2026-06-18 10:00:00,7544.25,7550.5,7540.75,7545.75,22498
2026-06-18 10:05:00,7545.75,7558.25,7543.0,7554.5,19531
2026-06-18 10:10:00,7554.75,7555.5,7542.0,7545.25,16766
2026-06-18 10:15:00,7545.0,7561.5,7539.0,7558.25,20715
2026-06-18 10:20:00,7558.25,7566.25,7552.5,7561.25,20295
2026-06-18 10:25:00,7561.5,7563.5,7548.5,7550.5,18599
2026-06-18 10:30:00,7550.5,7555.5,7541.25,7555.5,20781
2026-06-18 10:35:00,7555.5,7563.5,7551.25,7562.5,18442
2026-06-18 10:40:00,7562.5,7564.5,7555.75,7558.5,17855
2026-06-18 10:45:00,7558.5,7570.75,7558.25,7568.5,14807
2026-06-18 10:50:00,7568.5,7568.5,7560.25,7564.25,15205
2026-06-18 10:55:00,7564.25,7570.5,7563.25,7566.25,9420
2026-06-18 11:00:00,7566.5,7567.5,7557.25,7562.5,14916
2026-06-18 11:05:00,7562.5,7564.5,7559.25,7561.5,9924
2026-06-18 11:10:00,7561.5,7568.75,7559.0,7559.0,12484
2026-06-18 11:15:00,7559.25,7561.5,7553.5,7554.75,12322
2026-06-18 11:20:00,7554.75,7559.25,7551.25,7553.75,12385
2026-06-18 11:25:00,7553.5,7559.75,7549.25,7551.75,13303
2026-06-18 11:30:00,7551.5,7556.25,7548.0,7553.5,16305
2026-06-18 11:35:00,7553.5,7553.75,7541.0,7546.75,15705
2026-06-18 11:40:00,7546.75,7551.5,7543.25,7546.0,11746
2026-06-18 11:45:00,7545.75,7551.0,7541.0,7549.5,12922
2026-06-18 11:50:00,7549.25,7561.75,7549.25,7557.75,12694
2026-06-18 11:55:00,7557.75,7563.25,7557.75,7560.5,11509
2026-06-18 12:00:00,7560.25,7563.75,7556.25,7557.5,11862
2026-06-18 12:05:00,7557.25,7562.75,7555.0,7558.75,9604
2026-06-18 12:10:00,7558.5,7561.5,7556.5,7559.75,7423
2026-06-18 12:15:00,7560.0,7562.0,7557.0,7559.5,7458
2026-06-18 12:20:00,7559.5,7566.75,7559.25,7561.75,8978
2026-06-18 12:25:00,7561.75,7565.25,7560.75,7564.0,5574
2026-06-18 12:30:00,7564.25,7564.25,7560.5,7563.0,6748
2026-06-18 12:35:00,7563.0,7570.5,7561.0,7569.5,10291
2026-06-18 12:40:00,7569.5,7570.25,7567.0,7567.75,6691
2026-06-18 12:45:00,7567.75,7568.5,7565.75,7567.0,6612
2026-06-18 12:50:00,7567.0,7567.25,7560.5,7561.75,8144
2026-06-18 12:55:00,7562.0,7564.25,7559.25,7564.0,7517
2026-06-18 13:00:00,7564.0,7570.0,7561.5,7569.75,6789
2026-06-18 13:05:00,7569.5,7574.5,7569.0,7572.0,9196
2026-06-18 13:10:00,7571.75,7575.25,7571.0,7573.25,6640
2026-06-18 13:15:00,7573.25,7579.0,7572.25,7577.25,8465
2026-06-18 13:20:00,7577.25,7578.5,7572.25,7572.25,7067
2026-06-18 13:25:00,7572.5,7573.75,7571.0,7572.75,6068
2026-06-18 13:30:00,7573.0,7577.0,7572.75,7575.0,6731
2026-06-18 13:35:00,7575.0,7575.0,7569.75,7570.25,5059
2026-06-18 13:40:00,7570.5,7572.25,7569.5,7570.5,6160
2026-06-18 13:45:00,7570.5,7571.75,7568.25,7569.5,4469
2026-06-18 13:50:00,7569.5,7572.75,7568.5,7569.25,4635
2026-06-18 13:55:00,7569.25,7569.5,7566.75,7567.0,5905
2026-06-18 14:00:00,7567.0,7568.0,7562.0,7563.25,9137
2026-06-18 14:05:00,7563.5,7565.5,7562.25,7563.25,6550
2026-06-18 14:10:00,7563.25,7566.75,7562.5,7563.75,5868
2026-06-18 14:15:00,7563.5,7565.5,7561.0,7563.5,7260
2026-06-18 14:20:00,7563.25,7566.75,7562.0,7564.25,6011
2026-06-18 14:25:00,7564.25,7566.0,7561.75,7562.75,5740
2026-06-18 14:30:00,7562.75,7563.5,7560.5,7561.75,6381
2026-06-18 14:35:00,7561.5,7562.25,7559.5,7560.25,6481
2026-06-18 14:40:00,7560.25,7563.25,7559.25,7562.75,5561
2026-06-18 14:45:00,7562.5,7566.0,7562.25,7565.75,6863
2026-06-18 14:50:00,7565.75,7567.25,7563.25,7564.5,7565
2026-06-18 14:55:00,7564.5,7565.75,7560.5,7561.5,7303
2026-06-18 15:00:00,7561.5,7562.25,7556.0,7557.25,9484
2026-06-18 15:05:00,7557.25,7558.25,7555.75,7556.25,7618
2026-06-18 15:10:00,7556.25,7556.5,7549.0,7552.25,13582
2026-06-18 15:15:00,7552.25,7556.5,7549.5,7556.0,9351
2026-06-18 15:20:00,7556.0,7559.25,7555.25,7556.25,7718
2026-06-18 15:25:00,7556.5,7560.0,7556.0,7557.75,6971
2026-06-18 15:30:00,7557.75,7560.0,7553.75,7559.5,11041
2026-06-18 15:35:00,7559.75,7567.5,7559.5,7567.25,13021
2026-06-18 15:40:00,7567.25,7571.75,7566.25,7571.25,14083
2026-06-18 15:45:00,7571.0,7573.0,7567.0,7568.75,17138
2026-06-18 15:50:00,7568.75,7578.0,7566.0,7574.5,31593
2026-06-18 15:55:00,7574.5,7580.75,7564.25,7564.5,125214
2026-06-18 16:00:00,7564.5,7572.5,7562.25,7572.5,31480
2026-06-18 16:05:00,7572.25,7576.25,7572.25,7573.5,11268
2026-06-18 16:10:00,7573.5,7577.5,7572.25,7576.5,6961
2026-06-18 16:15:00,7576.75,7579.5,7575.0,7579.25,4697
2026-06-18 16:20:00,7579.25,7583.0,7577.5,7577.5,4357
2026-06-18 16:25:00,7577.75,7580.0,7577.0,7577.5,2278
2026-06-18 16:30:00,7577.5,7579.5,7576.5,7576.75,1968
2026-06-18 16:35:00,7576.75,7577.5,7575.0,7575.75,1534
2026-06-18 16:40:00,7575.75,7576.0,7572.25,7573.0,1653
2026-06-18 16:45:00,7572.75,7573.25,7571.5,7572.25,1280
2026-06-18 16:50:00,7572.25,7572.75,7570.75,7572.0,1748
2026-06-18 16:55:00,7572.25,7575.25,7571.5,7574.75,1817
2026-06-18 18:00:00,7576.75,7580.0,7574.0,7575.25,1230
2026-06-18 18:05:00,7575.5,7575.75,7572.0,7573.25,498
2026-06-18 18:10:00,7573.25,7574.75,7572.75,7573.25,360
2026-06-18 18:15:00,7573.0,7573.0,7568.5,7569.0,548
2026-06-18 18:20:00,7569.0,7569.0,7565.0,7565.75,508
2026-06-18 18:25:00,7565.75,7567.75,7565.25,7566.25,376
2026-06-18 18:30:00,7566.5,7566.5,7563.5,7563.75,335
2026-06-18 18:35:00,7563.75,7563.75,7561.25,7561.25,484
2026-06-18 18:40:00,7561.25,7562.75,7560.25,7561.75,537
2026-06-18 18:45:00,7561.75,7563.25,7559.5,7563.25,383
2026-06-18 18:50:00,7563.25,7564.0,7562.0,7562.75,337
2026-06-18 18:55:00,7563.0,7563.0,7561.0,7561.0,247
2026-06-18 19:00:00,7561.25,7564.0,7560.5,7562.5,364
2026-06-18 19:05:00,7562.25,7562.75,7560.5,7562.5,222
2026-06-18 19:10:00,7562.25,7564.0,7561.5,7561.5,253
2026-06-18 19:15:00,7561.5,7563.0,7561.25,7562.25,138
2026-06-18 19:20:00,7562.25,7566.0,7562.0,7564.5,312
2026-06-18 19:25:00,7564.25,7565.0,7563.0,7564.25,136
2026-06-18 19:30:00,7564.0,7565.25,7562.75,7564.75,233
2026-06-18 19:35:00,7564.5,7567.25,7564.0,7566.0,328
2026-06-18 19:40:00,7566.25,7566.5,7564.5,7565.75,129
2026-06-18 19:45:00,7565.5,7567.5,7564.75,7565.75,298
2026-06-18 19:50:00,7566.0,7567.75,7565.75,7567.5,259
2026-06-18 19:55:00,7567.25,7568.25,7565.75,7565.75,223
2026-06-18 20:00:00,7565.5,7565.75,7561.5,7563.0,721
2026-06-18 20:05:00,7563.25,7564.5,7559.0,7561.0,772
2026-06-18 20:10:00,7561.25,7561.75,7556.0,7557.25,748
2026-06-18 20:15:00,7557.5,7561.0,7557.0,7560.25,1092
2026-06-18 20:20:00,7560.25,7560.5,7556.5,7559.25,646
2026-06-18 20:25:00,7559.5,7561.75,7558.75,7559.5,508
2026-06-18 20:30:00,7559.75,7561.25,7559.5,7561.0,286
2026-06-18 20:35:00,7561.0,7561.0,7556.75,7558.75,437
2026-06-18 20:40:00,7558.75,7559.75,7557.75,7559.0,247
2026-06-18 20:45:00,7559.25,7560.25,7558.5,7559.5,312
2026-06-18 20:50:00,7559.5,7559.75,7558.5,7559.25,156
2026-06-18 20:55:00,7559.0,7559.25,7557.25,7558.25,194
2026-06-18 21:00:00,7558.25,7560.75,7556.5,7559.25,457
2026-06-18 21:05:00,7559.5,7559.5,7553.25,7553.5,1070
2026-06-18 21:10:00,7553.5,7554.25,7551.0,7552.5,1057
2026-06-18 21:15:00,7552.5,7554.5,7552.25,7554.5,412
2026-06-18 21:20:00,7554.5,7555.0,7552.75,7554.0,372
2026-06-18 21:25:00,7553.5,7556.0,7553.25,7555.0,316
2026-06-18 21:30:00,7555.0,7555.0,7551.0,7553.25,495
2026-06-18 21:35:00,7553.25,7553.5,7551.5,7552.0,273
2026-06-18 21:40:00,7552.0,7552.0,7550.0,7551.25,369
2026-06-18 21:45:00,7551.25,7552.75,7550.0,7550.75,310
2026-06-18 21:50:00,7550.5,7551.75,7548.25,7548.25,715
2026-06-18 21:55:00,7548.5,7549.25,7547.25,7547.75,406
2026-06-18 22:00:00,7547.5,7548.5,7546.0,7547.0,468
2026-06-18 22:05:00,7547.25,7547.5,7544.0,7545.75,685
2026-06-18 22:10:00,7546.0,7546.0,7544.0,7544.5,572
2026-06-18 22:15:00,7544.75,7544.75,7541.75,7542.5,1112
2026-06-18 22:20:00,7542.5,7546.75,7542.5,7545.75,511
2026-06-18 22:25:00,7545.75,7546.5,7545.0,7546.0,362
2026-06-18 22:30:00,7546.0,7547.25,7545.75,7546.5,180
2026-06-18 22:35:00,7546.25,7548.0,7546.25,7547.0,207
2026-06-18 22:40:00,7547.0,7549.25,7546.75,7548.75,318
2026-06-18 22:45:00,7548.5,7548.5,7546.75,7546.75,191
2026-06-18 22:50:00,7546.5,7546.75,7544.5,7546.5,291
2026-06-18 22:55:00,7546.5,7547.25,7546.0,7546.25,175
2026-06-18 23:00:00,7546.25,7548.5,7545.25,7545.5,412
2026-06-18 23:05:00,7545.25,7546.25,7544.75,7545.0,215
2026-06-18 23:10:00,7545.0,7546.0,7544.25,7544.25,233
2026-06-18 23:15:00,7544.0,7544.75,7539.25,7540.5,1360
2026-06-18 23:20:00,7540.25,7542.25,7539.0,7540.0,332
2026-06-18 23:25:00,7540.0,7540.0,7537.5,7539.0,444
2026-06-18 23:30:00,7538.5,7539.75,7536.75,7537.25,753
2026-06-18 23:35:00,7537.0,7541.0,7536.0,7540.5,850
2026-06-18 23:40:00,7540.75,7541.25,7537.75,7538.75,483
2026-06-18 23:45:00,7538.75,7539.25,7537.5,7538.0,450
2026-06-18 23:50:00,7538.25,7540.0,7537.75,7538.5,434
2026-06-18 23:55:00,7538.25,7539.0,7536.25,7538.5,654
2026-06-19 00:00:00,7538.5,7539.5,7532.0,7533.25,1726
2026-06-19 00:05:00,7533.25,7537.25,7533.0,7535.75,663
2026-06-19 00:10:00,7536.25,7538.25,7536.0,7538.25,410
2026-06-19 00:15:00,7538.25,7538.25,7535.25,7536.5,686
2026-06-19 00:20:00,7536.25,7537.25,7534.25,7536.25,375
2026-06-19 00:25:00,7536.25,7536.75,7534.25,7535.75,311
2026-06-19 00:30:00,7536.25,7536.25,7530.75,7531.5,716
2026-06-19 00:35:00,7531.5,7532.25,7529.25,7531.25,602
2026-06-19 00:40:00,7531.25,7531.75,7530.0,7531.0,278
2026-06-19 00:45:00,7531.0,7531.25,7527.5,7530.0,556
2026-06-19 00:50:00,7530.0,7530.25,7523.5,7525.0,1031
2026-06-19 00:55:00,7524.75,7526.75,7521.5,7525.25,1273
2026-06-19 01:00:00,7525.5,7526.75,7523.5,7525.25,729
2026-06-19 01:05:00,7525.0,7527.0,7524.25,7524.75,463
2026-06-19 01:10:00,7524.5,7526.5,7522.0,7526.25,732
2026-06-19 01:15:00,7526.25,7527.75,7523.75,7524.5,1002
2026-06-19 01:20:00,7524.5,7525.25,7520.75,7522.25,582
2026-06-19 01:25:00,7522.5,7525.75,7521.25,7525.25,365
2026-06-19 01:30:00,7525.75,7528.5,7524.25,7524.25,692
2026-06-19 01:35:00,7524.25,7525.75,7522.75,7523.5,546
2026-06-19 01:40:00,7523.5,7525.5,7520.5,7522.5,884
2026-06-19 01:45:00,7522.5,7527.25,7522.5,7526.5,825
2026-06-19 01:50:00,7526.75,7530.25,7525.75,7530.25,837
2026-06-19 01:55:00,7530.0,7531.75,7529.25,7531.5,610
2026-06-19 02:00:00,7531.5,7535.5,7531.0,7534.75,879
2026-06-19 02:05:00,7534.75,7535.25,7532.5,7533.25,986
2026-06-19 02:10:00,7533.25,7534.0,7531.0,7532.75,976
2026-06-19 02:15:00,7533.0,7533.75,7531.5,7531.75,561
2026-06-19 02:20:00,7531.75,7533.75,7530.25,7533.0,823
2026-06-19 02:25:00,7533.0,7537.75,7533.0,7536.5,1274
2026-06-19 02:30:00,7536.25,7537.75,7535.5,7536.25,653
2026-06-19 02:35:00,7536.5,7537.0,7533.75,7535.25,478
2026-06-19 02:40:00,7535.0,7537.25,7534.5,7536.0,687
2026-06-19 02:45:00,7536.0,7538.25,7534.5,7537.0,758
2026-06-19 02:50:00,7537.0,7539.75,7536.5,7539.25,619
2026-06-19 02:55:00,7539.5,7543.0,7539.5,7541.25,867
2026-06-19 03:00:00,7541.25,7545.0,7541.0,7545.0,1213
2026-06-19 03:05:00,7545.25,7546.0,7544.0,7545.25,593
2026-06-19 03:10:00,7545.0,7546.75,7543.25,7546.5,685
2026-06-19 03:15:00,7546.75,7548.25,7545.0,7545.5,721
2026-06-19 03:20:00,7545.25,7547.25,7545.0,7546.5,402
2026-06-19 03:25:00,7546.5,7549.5,7546.25,7549.25,698
2026-06-19 03:30:00,7549.5,7556.5,7548.5,7552.25,2457
2026-06-19 03:35:00,7552.0,7553.25,7550.0,7553.0,559
2026-06-19 03:40:00,7553.0,7553.75,7550.0,7550.75,593
2026-06-19 03:45:00,7550.5,7551.75,7549.0,7549.25,632
2026-06-19 03:50:00,7549.25,7552.75,7548.5,7551.25,1082
2026-06-19 03:55:00,7551.0,7554.25,7550.5,7554.25,522
2026-06-19 04:00:00,7554.25,7554.5,7550.75,7553.0,765
2026-06-19 04:05:00,7553.0,7553.75,7552.0,7552.75,497
2026-06-19 04:10:00,7552.5,7556.5,7552.5,7554.75,675
2026-06-19 04:15:00,7554.75,7557.5,7554.25,7556.75,674
2026-06-19 04:20:00,7556.75,7558.25,7556.25,7556.75,541
2026-06-19 04:25:00,7556.5,7557.25,7554.75,7557.0,652
2026-06-19 04:30:00,7557.0,7557.25,7553.0,7554.0,1047
2026-06-19 04:35:00,7554.0,7557.25,7553.5,7556.5,418
2026-06-19 04:40:00,7556.25,7558.5,7555.5,7557.5,422
2026-06-19 04:45:00,7557.5,7560.5,7555.75,7560.25,604
2026-06-19 04:50:00,7560.25,7560.5,7559.0,7559.25,588
2026-06-19 04:55:00,7559.25,7560.25,7558.0,7558.75,398
2026-06-19 05:00:00,7559.0,7562.5,7558.0,7558.0,901
2026-06-19 05:05:00,7557.75,7559.25,7556.0,7556.25,548
2026-06-19 05:10:00,7556.25,7557.75,7555.0,7556.5,679
2026-06-19 05:15:00,7556.5,7558.0,7556.25,7557.25,385
2026-06-19 05:20:00,7557.5,7557.75,7553.75,7555.0,539
2026-06-19 05:25:00,7555.25,7555.25,7553.5,7554.25,419
2026-06-19 05:30:00,7554.0,7556.75,7554.0,7556.75,471
2026-06-19 05:35:00,7556.75,7559.5,7556.25,7559.25,536
2026-06-19 05:40:00,7559.25,7560.5,7557.75,7557.75,620
2026-06-19 05:45:00,7557.75,7559.25,7555.25,7555.5,698
2026-06-19 05:50:00,7555.5,7559.75,7555.5,7556.5,1083
2026-06-19 05:55:00,7556.75,7558.0,7554.5,7555.25,702
2026-06-19 06:00:00,7555.25,7555.75,7552.75,7552.75,779
2026-06-19 06:05:00,7553.0,7553.75,7551.25,7553.75,569
2026-06-19 06:10:00,7553.5,7554.0,7551.75,7552.25,386
2026-06-19 06:15:00,7552.0,7553.25,7551.25,7551.5,657
2026-06-19 06:20:00,7551.75,7551.75,7546.75,7546.75,1221
2026-06-19 06:25:00,7547.0,7547.75,7544.75,7545.25,846
2026-06-19 06:30:00,7545.25,7545.5,7541.0,7542.75,1337
2026-06-19 06:35:00,7542.75,7544.5,7537.75,7538.25,1741
2026-06-19 06:40:00,7538.5,7543.25,7538.5,7542.5,660
2026-06-19 06:45:00,7542.5,7546.25,7540.0,7543.5,1555
2026-06-19 06:50:00,7543.5,7547.25,7543.5,7544.5,431
2026-06-19 06:55:00,7544.25,7545.0,7543.25,7543.75,258
2026-06-19 07:00:00,7543.5,7543.5,7540.0,7542.5,1065
2026-06-19 07:05:00,7542.5,7543.5,7537.25,7541.5,1637
2026-06-19 07:10:00,7541.5,7542.25,7540.25,7540.75,580
2026-06-19 07:15:00,7541.0,7543.75,7540.75,7542.25,484
2026-06-19 07:20:00,7542.5,7543.0,7539.25,7539.5,577
2026-06-19 07:25:00,7539.5,7540.25,7537.0,7538.75,660
2026-06-19 07:30:00,7538.5,7543.5,7538.5,7543.0,683
2026-06-19 07:35:00,7543.25,7544.25,7542.25,7543.75,323
2026-06-19 07:40:00,7544.0,7546.0,7543.5,7544.5,1031
2026-06-19 07:45:00,7544.5,7545.75,7544.0,7544.25,305
2026-06-19 07:50:00,7544.0,7545.5,7541.0,7541.25,558
2026-06-19 07:55:00,7541.25,7544.25,7540.25,7544.25,340
2026-06-19 08:00:00,7544.25,7544.75,7542.0,7544.0,421
2026-06-19 08:05:00,7544.25,7544.25,7541.5,7543.75,383
2026-06-19 08:10:00,7544.0,7544.75,7542.25,7542.25,360
2026-06-19 08:15:00,7542.25,7542.75,7540.0,7542.75,285
2026-06-19 08:20:00,7542.5,7543.0,7541.75,7542.25,336
2026-06-19 08:25:00,7542.25,7543.25,7540.25,7540.25,413
2026-06-19 08:30:00,7540.5,7541.25,7538.75,7540.5,449
2026-06-19 08:35:00,7540.25,7540.75,7533.25,7538.0,2756
2026-06-19 08:40:00,7538.25,7541.25,7536.75,7540.5,823
2026-06-19 08:45:00,7540.25,7542.0,7538.0,7539.0,620
2026-06-19 08:50:00,7539.0,7559.75,7539.0,7556.0,4734
2026-06-19 08:55:00,7555.75,7562.25,7554.25,7558.75,3241
2026-06-19 09:00:00,7559.0,7560.0,7554.5,7556.0,1598
2026-06-19 09:05:00,7555.75,7560.5,7555.75,7560.0,1264
2026-06-19 09:10:00,7559.75,7562.25,7558.0,7558.5,1827
2026-06-19 09:15:00,7558.75,7560.5,7555.5,7556.25,1270
2026-06-19 09:20:00,7556.5,7557.25,7555.5,7556.75,641
2026-06-19 09:25:00,7556.75,7559.0,7556.5,7559.0,786
2026-06-19 09:30:00,7559.0,7563.25,7556.25,7558.0,3556
2026-06-19 09:35:00,7558.0,7561.5,7558.0,7559.75,1487
2026-06-19 09:40:00,7560.0,7560.75,7557.0,7557.75,1397
2026-06-19 09:45:00,7557.5,7561.0,7557.0,7559.5,1454
2026-06-19 09:50:00,7559.75,7560.75,7557.75,7559.0,1249
2026-06-19 09:55:00,7558.75,7562.75,7558.25,7559.5,2372
2026-06-19 10:00:00,7559.25,7559.25,7553.5,7558.75,3074
2026-06-19 10:05:00,7559.0,7559.75,7557.5,7559.25,1187
2026-06-19 10:10:00,7559.25,7560.0,7557.75,7559.0,1359
2026-06-19 10:15:00,7559.25,7561.0,7556.25,7560.75,1622
2026-06-19 10:20:00,7560.75,7561.0,7558.75,7559.0,1016
2026-06-19 10:25:00,7559.25,7560.75,7558.75,7559.75,1048
2026-06-19 10:30:00,7559.75,7559.75,7557.5,7559.5,905
2026-06-19 10:35:00,7559.25,7563.0,7559.0,7562.25,1516
2026-06-19 10:40:00,7562.0,7564.0,7561.0,7563.25,1129
2026-06-19 10:45:00,7563.25,7564.5,7562.75,7563.25,994
2026-06-19 10:50:00,7563.0,7565.25,7562.75,7564.75,933
2026-06-19 10:55:00,7564.75,7566.0,7564.25,7565.25,1052
2026-06-19 11:00:00,7565.0,7567.0,7564.5,7566.0,923
2026-06-19 11:05:00,7565.75,7568.5,7565.0,7568.0,1041
2026-06-19 11:10:00,7568.0,7568.0,7565.25,7565.25,823
2026-06-19 11:15:00,7565.25,7565.5,7563.75,7564.5,1129
2026-06-19 11:20:00,7564.25,7565.5,7563.25,7564.75,839
2026-06-19 11:25:00,7564.75,7566.0,7564.5,7566.0,1029
2026-06-19 11:30:00,7566.0,7566.75,7562.75,7563.75,2371
2026-06-19 11:35:00,7563.5,7563.5,7559.0,7560.5,2152
2026-06-19 11:40:00,7560.5,7561.5,7558.5,7558.75,1142
2026-06-19 11:45:00,7558.5,7563.75,7558.5,7563.25,971
2026-06-19 11:50:00,7563.25,7566.0,7562.5,7564.0,828
2026-06-19 11:55:00,7564.0,7565.0,7563.5,7563.75,626
2026-06-19 12:00:00,7563.75,7564.0,7561.5,7562.25,698
2026-06-19 12:05:00,7562.25,7562.25,7561.0,7561.25,365
2026-06-19 12:10:00,7561.0,7561.25,7559.5,7560.0,490
2026-06-19 12:15:00,7560.25,7562.5,7560.25,7562.0,400
2026-06-19 12:20:00,7562.0,7564.25,7562.0,7564.25,375
2026-06-19 12:25:00,7564.0,7565.0,7563.5,7564.75,382
2026-06-19 12:30:00,7565.0,7567.0,7563.75,7566.5,555
2026-06-19 12:35:00,7566.5,7566.75,7564.0,7565.25,419
2026-06-19 12:40:00,7565.0,7566.0,7564.5,7565.25,426
2026-06-19 12:45:00,7565.0,7566.0,7562.5,7563.5,600
2026-06-19 12:50:00,7563.75,7564.0,7557.75,7558.25,906
2026-06-19 12:55:00,7558.25,7561.75,7554.0,7556.25,2172
2026-06-21 18:00:00,7543.25,7549.5,7540.0,7547.5,2512
2026-06-21 18:05:00,7547.75,7550.0,7532.25,7536.0,2023
2026-06-21 18:10:00,7536.25,7538.25,7528.0,7532.25,1825
2026-06-21 18:15:00,7532.5,7534.75,7526.0,7533.5,1224
2026-06-21 18:20:00,7533.75,7542.25,7532.75,7541.5,1259
2026-06-21 18:25:00,7541.5,7543.5,7539.5,7541.0,550
2026-06-21 18:30:00,7541.0,7541.0,7536.75,7537.75,644
2026-06-21 18:35:00,7538.0,7539.0,7536.25,7537.25,436
2026-06-21 18:40:00,7537.0,7542.25,7536.75,7541.5,561
2026-06-21 18:45:00,7541.25,7543.75,7540.5,7543.0,411
2026-06-21 18:50:00,7543.25,7543.5,7541.75,7543.0,258
2026-06-21 18:55:00,7542.75,7543.25,7537.0,7538.25,592
2026-06-21 19:00:00,7537.75,7538.0,7525.75,7528.5,2301
2026-06-21 19:05:00,7528.25,7531.75,7525.5,7530.25,933
2026-06-21 19:10:00,7530.25,7530.75,7525.0,7526.5,899
2026-06-21 19:15:00,7526.75,7527.5,7523.5,7525.5,1019
2026-06-21 19:20:00,7525.5,7528.75,7523.75,7528.25,451
2026-06-21 19:25:00,7528.25,7529.0,7524.5,7526.0,502
2026-06-21 19:30:00,7526.5,7527.25,7522.25,7523.25,647
2026-06-21 19:35:00,7523.25,7523.25,7516.0,7518.75,1244
2026-06-21 19:40:00,7518.5,7520.5,7515.5,7519.5,873
2026-06-21 19:45:00,7519.75,7521.25,7514.5,7515.0,755
2026-06-21 19:50:00,7515.25,7517.0,7513.0,7514.25,702
2026-06-21 19:55:00,7514.25,7516.25,7513.0,7516.0,485
2026-06-21 20:00:00,7515.75,7531.75,7514.5,7531.75,2664
2026-06-21 20:05:00,7531.5,7537.25,7530.25,7532.0,2433
2026-06-21 20:10:00,7532.25,7533.75,7527.75,7533.0,1356
2026-06-21 20:15:00,7533.25,7540.0,7531.25,7538.5,2507
2026-06-21 20:20:00,7538.75,7539.75,7534.75,7536.75,1133
2026-06-21 20:25:00,7536.5,7544.0,7535.75,7543.75,1841
2026-06-21 20:30:00,7543.75,7545.5,7540.75,7542.5,1271
2026-06-21 20:35:00,7542.25,7544.75,7541.25,7542.0,1068
2026-06-21 20:40:00,7542.0,7544.0,7540.5,7543.0,805
2026-06-21 20:45:00,7543.0,7546.0,7543.0,7545.0,1154
2026-06-21 20:50:00,7545.0,7545.75,7543.5,7545.5,813
2026-06-21 20:55:00,7545.5,7549.75,7545.25,7548.75,2330
2026-06-21 21:00:00,7549.0,7553.5,7549.0,7552.75,2672
2026-06-21 21:05:00,7553.0,7557.25,7552.5,7552.75,1971
2026-06-21 21:10:00,7553.0,7554.0,7551.25,7553.5,1033
2026-06-21 21:15:00,7553.5,7555.0,7551.5,7551.75,967
2026-06-21 21:20:00,7551.5,7555.0,7551.0,7554.25,942
2026-06-21 21:25:00,7554.5,7556.0,7553.75,7554.75,970
2026-06-21 21:30:00,7554.5,7554.5,7552.0,7553.75,1215
2026-06-21 21:35:00,7553.75,7555.75,7552.5,7555.25,717
2026-06-21 21:40:00,7555.25,7555.75,7552.75,7554.0,623
2026-06-21 21:45:00,7554.0,7555.0,7551.0,7552.25,1031
2026-06-21 21:50:00,7552.5,7554.0,7549.25,7550.0,806
2026-06-21 21:55:00,7550.0,7552.0,7548.75,7549.5,871
2026-06-21 22:00:00,7549.75,7550.75,7547.5,7548.5,1115
2026-06-21 22:05:00,7548.25,7549.75,7548.25,7548.75,1232
2026-06-21 22:10:00,7548.5,7548.75,7544.0,7544.25,1420
2026-06-21 22:15:00,7544.25,7546.5,7544.0,7545.5,834
2026-06-21 22:20:00,7545.25,7547.0,7544.0,7546.25,1038
2026-06-21 22:25:00,7546.25,7546.25,7542.25,7542.5,1271
2026-06-21 22:30:00,7542.25,7543.0,7540.5,7541.25,1187
2026-06-21 22:35:00,7541.5,7541.75,7539.75,7540.75,743
2026-06-21 22:40:00,7540.5,7541.25,7538.25,7540.0,986
2026-06-21 22:45:00,7540.0,7540.25,7537.25,7538.0,799
2026-06-21 22:50:00,7538.0,7540.25,7537.5,7539.5,742
2026-06-21 22:55:00,7539.5,7539.75,7538.0,7538.5,630
2026-06-21 23:00:00,7538.5,7539.0,7534.5,7537.75,1997
2026-06-21 23:05:00,7537.75,7538.5,7535.75,7536.25,616
2026-06-21 23:10:00,7536.25,7537.0,7535.0,7536.25,763
2026-06-21 23:15:00,7536.25,7540.25,7536.0,7539.5,1047
2026-06-21 23:20:00,7539.75,7541.0,7538.75,7540.5,756
2026-06-21 23:25:00,7540.5,7540.75,7539.25,7540.25,558
2026-06-21 23:30:00,7540.25,7542.25,7540.25,7541.5,611
2026-06-21 23:35:00,7541.25,7541.75,7540.0,7540.75,296
2026-06-21 23:40:00,7540.5,7541.25,7539.0,7540.0,295
2026-06-21 23:45:00,7540.0,7541.5,7539.75,7541.25,348
2026-06-21 23:50:00,7541.25,7541.25,7536.75,7537.0,729
2026-06-21 23:55:00,7536.75,7537.25,7533.5,7534.5,924
2026-06-22 00:00:00,7534.75,7535.0,7532.75,7533.75,457
2026-06-22 00:05:00,7533.5,7536.0,7533.5,7536.0,503
2026-06-22 00:10:00,7535.75,7536.5,7533.0,7533.0,371
2026-06-22 00:15:00,7533.25,7533.75,7532.25,7532.5,542
2026-06-22 00:20:00,7532.5,7534.25,7532.0,7532.5,470
2026-06-22 00:25:00,7532.5,7532.5,7530.0,7531.0,594
2026-06-22 00:30:00,7531.0,7532.5,7530.25,7532.25,503
2026-06-22 00:35:00,7532.25,7532.25,7528.75,7531.0,520
2026-06-22 00:40:00,7530.5,7531.5,7528.25,7529.75,770
2026-06-22 00:45:00,7529.75,7534.5,7529.0,7533.5,1380
2026-06-22 00:50:00,7533.25,7534.5,7532.5,7533.25,831
2026-06-22 00:55:00,7533.0,7535.5,7532.25,7534.75,625
2026-06-22 01:00:00,7534.75,7536.0,7534.0,7535.75,614
2026-06-22 01:05:00,7535.75,7544.0,7535.5,7543.5,2761
2026-06-22 01:10:00,7543.5,7546.5,7542.5,7545.25,1117
2026-06-22 01:15:00,7545.25,7547.0,7542.5,7543.25,1455
2026-06-22 01:20:00,7543.25,7545.0,7542.75,7545.0,516
2026-06-22 01:25:00,7545.0,7545.75,7544.25,7545.25,335
2026-06-22 01:30:00,7545.25,7545.75,7541.25,7543.5,702
2026-06-22 01:35:00,7543.25,7546.5,7543.25,7544.5,561
2026-06-22 01:40:00,7544.75,7545.75,7544.25,7545.0,414
2026-06-22 01:45:00,7545.0,7545.5,7543.25,7544.75,446
2026-06-22 01:50:00,7545.0,7547.25,7544.25,7546.0,475
2026-06-22 01:55:00,7546.0,7547.5,7545.75,7546.25,591
2026-06-22 02:00:00,7546.5,7549.25,7546.0,7549.0,2894
2026-06-22 02:05:00,7549.0,7552.25,7548.5,7551.75,2072
2026-06-22 02:10:00,7551.75,7553.5,7550.25,7552.75,977
2026-06-22 02:15:00,7552.75,7555.25,7552.0,7553.75,1490
2026-06-22 02:20:00,7553.75,7557.75,7552.75,7557.5,1045
2026-06-22 02:25:00,7557.5,7560.25,7556.75,7558.75,1797
2026-06-22 02:30:00,7558.5,7558.75,7554.5,7556.25,1165
2026-06-22 02:35:00,7556.25,7559.75,7555.5,7558.75,748
2026-06-22 02:40:00,7559.0,7561.75,7558.75,7560.75,741
2026-06-22 02:45:00,7560.75,7562.25,7559.5,7560.0,742
2026-06-22 02:50:00,7560.0,7562.0,7559.75,7561.75,438
2026-06-22 02:55:00,7561.75,7562.75,7561.0,7561.75,415
2026-06-22 03:00:00,7561.75,7565.75,7561.25,7565.5,1698
2026-06-22 03:05:00,7565.5,7566.25,7563.75,7564.25,1077
2026-06-22 03:10:00,7564.5,7565.5,7563.0,7564.0,799
2026-06-22 03:15:00,7564.25,7567.25,7564.0,7566.75,1010
2026-06-22 03:20:00,7567.0,7567.25,7564.5,7564.75,669
2026-06-22 03:25:00,7564.75,7566.75,7564.5,7566.75,766
2026-06-22 03:30:00,7566.5,7566.75,7564.25,7565.25,664
2026-06-22 03:35:00,7565.5,7567.25,7564.75,7565.0,800
2026-06-22 03:40:00,7565.0,7565.0,7562.0,7562.5,1068
2026-06-22 03:45:00,7562.25,7565.0,7562.0,7564.5,784
2026-06-22 03:50:00,7564.25,7564.75,7561.0,7561.25,866
2026-06-22 03:55:00,7561.25,7562.75,7560.5,7562.75,558
2026-06-22 04:00:00,7562.75,7563.75,7556.25,7557.0,1305
2026-06-22 04:05:00,7557.0,7558.0,7555.75,7556.25,1004
2026-06-22 04:10:00,7556.0,7557.25,7552.5,7556.0,995
2026-06-22 04:15:00,7556.25,7557.5,7553.25,7553.5,776
2026-06-22 04:20:00,7553.5,7556.25,7552.75,7555.75,903
2026-06-22 04:25:00,7555.75,7556.5,7554.25,7555.0,706
2026-06-22 04:30:00,7554.75,7556.25,7553.25,7555.75,681
2026-06-22 04:35:00,7555.75,7558.0,7555.25,7557.5,812
2026-06-22 04:40:00,7557.5,7560.25,7557.0,7560.0,512
2026-06-22 04:45:00,7559.75,7560.5,7555.75,7557.5,616
2026-06-22 04:50:00,7557.25,7559.25,7556.25,7559.0,616
2026-06-22 04:55:00,7559.25,7560.25,7558.25,7559.5,618
2026-06-22 05:00:00,7559.5,7562.75,7556.25,7562.75,717
2026-06-22 05:05:00,7563.0,7564.5,7561.5,7563.75,1127
2026-06-22 05:10:00,7563.75,7564.5,7561.0,7562.75,898
2026-06-22 05:15:00,7562.75,7563.0,7560.25,7561.0,736
2026-06-22 05:20:00,7560.75,7562.0,7560.0,7561.25,506
2026-06-22 05:25:00,7561.25,7562.5,7559.75,7560.5,505
2026-06-22 05:30:00,7560.5,7561.75,7558.25,7560.75,900
2026-06-22 05:35:00,7560.5,7560.75,7557.5,7557.5,550
2026-06-22 05:40:00,7557.5,7558.25,7555.5,7556.5,583
2026-06-22 05:45:00,7556.5,7558.0,7555.75,7556.25,524
2026-06-22 05:50:00,7556.25,7557.5,7555.5,7556.5,712
2026-06-22 05:55:00,7556.5,7557.75,7554.25,7554.75,925
2026-06-22 06:00:00,7554.75,7560.75,7554.75,7560.75,859
2026-06-22 06:05:00,7560.75,7564.75,7560.0,7563.25,891
2026-06-22 06:10:00,7563.25,7564.75,7563.0,7563.0,625
2026-06-22 06:15:00,7563.0,7564.5,7562.75,7563.5,552
2026-06-22 06:20:00,7563.5,7564.25,7563.0,7564.0,492
2026-06-22 06:25:00,7564.0,7564.5,7562.0,7563.0,497
2026-06-22 06:30:00,7563.0,7563.0,7558.75,7559.75,795
2026-06-22 06:35:00,7560.0,7561.0,7557.75,7558.0,662
2026-06-22 06:40:00,7557.75,7559.75,7557.0,7559.25,607
2026-06-22 06:45:00,7559.25,7562.5,7559.25,7561.75,633
2026-06-22 06:50:00,7561.75,7562.0,7558.5,7559.5,476
2026-06-22 06:55:00,7559.5,7559.75,7558.0,7558.75,503
2026-06-22 07:00:00,7558.75,7568.5,7558.5,7566.75,1975
2026-06-22 07:05:00,7567.0,7577.75,7566.5,7568.75,6000
2026-06-22 07:10:00,7569.0,7569.0,7560.0,7562.75,2107
2026-06-22 07:15:00,7562.5,7564.0,7561.25,7563.75,866
2026-06-22 07:20:00,7563.5,7563.75,7560.75,7563.0,890
2026-06-22 07:25:00,7562.75,7564.0,7561.5,7561.75,714
2026-06-22 07:30:00,7561.5,7565.5,7561.0,7563.75,1103
2026-06-22 07:35:00,7563.75,7565.75,7563.0,7565.25,1081
2026-06-22 07:40:00,7565.5,7565.5,7562.0,7563.25,1343
2026-06-22 07:45:00,7563.5,7564.5,7558.75,7564.5,1953
2026-06-22 07:50:00,7564.25,7564.5,7560.0,7561.5,1212
2026-06-22 07:55:00,7561.5,7565.25,7560.75,7563.5,1280
2026-06-22 08:00:00,7563.75,7567.0,7563.75,7566.5,1069
2026-06-22 08:05:00,7566.5,7569.0,7566.5,7568.75,1097
2026-06-22 08:10:00,7568.5,7570.0,7567.5,7569.75,1148
2026-06-22 08:15:00,7569.5,7570.25,7567.5,7568.75,822
2026-06-22 08:20:00,7568.75,7574.25,7568.75,7573.5,1816
2026-06-22 08:25:00,7573.5,7574.75,7571.75,7574.25,1871
2026-06-22 08:30:00,7574.25,7575.75,7572.25,7575.75,1585
2026-06-22 08:35:00,7575.5,7576.25,7573.0,7573.25,1806
2026-06-22 08:40:00,7573.25,7574.5,7570.25,7571.0,1652
2026-06-22 08:45:00,7571.0,7571.5,7569.0,7570.5,1981
2026-06-22 08:50:00,7570.5,7570.75,7568.25,7568.75,1378
2026-06-22 08:55:00,7568.75,7570.0,7567.5,7568.0,1584
2026-06-22 09:00:00,7568.0,7578.0,7568.0,7574.25,5873
2026-06-22 09:05:00,7574.0,7574.5,7569.25,7570.75,2668
2026-06-22 09:10:00,7570.5,7576.75,7569.75,7576.5,4095
2026-06-22 09:15:00,7576.5,7577.5,7573.0,7575.25,2093
2026-06-22 09:20:00,7575.25,7579.0,7574.75,7577.5,2134
2026-06-22 09:25:00,7577.75,7578.5,7572.25,7573.0,5108
2026-06-22 09:30:00,7573.25,7590.25,7571.5,7578.0,35380
2026-06-22 09:35:00,7578.25,7595.5,7576.75,7595.25,22714
2026-06-22 09:40:00,7595.5,7596.75,7576.0,7578.5,27693
2026-06-22 09:45:00,7578.75,7595.5,7576.75,7592.0,25017
2026-06-22 09:50:00,7592.0,7592.75,7586.5,7587.25,18966
2026-06-22 09:55:00,7587.5,7596.5,7584.25,7596.25,16060
2026-06-22 10:00:00,7596.25,7597.5,7591.0,7593.25,15571
2026-06-22 10:05:00,7593.5,7597.0,7590.5,7596.75,13999
2026-06-22 10:10:00,7596.5,7599.25,7589.0,7590.0,14382
2026-06-22 10:15:00,7590.0,7591.0,7579.25,7581.25,18491
2026-06-22 10:20:00,7581.25,7581.75,7569.75,7571.5,20636
2026-06-22 10:25:00,7571.5,7574.75,7560.25,7561.25,27531
2026-06-22 10:30:00,7561.25,7562.25,7546.25,7550.75,37935
2026-06-22 10:35:00,7550.75,7556.0,7545.5,7550.5,23569
2026-06-22 10:40:00,7550.5,7553.5,7540.0,7541.0,23018
2026-06-22 10:45:00,7541.0,7549.25,7540.5,7544.0,27597
2026-06-22 10:50:00,7544.0,7546.5,7532.0,7534.5,20631
2026-06-22 10:55:00,7534.25,7545.0,7527.25,7543.0,24988
2026-06-22 11:00:00,7542.75,7550.0,7541.25,7546.25,15215
2026-06-22 11:05:00,7546.5,7546.75,7536.25,7538.75,16763
2026-06-22 11:10:00,7538.75,7544.5,7536.25,7540.5,14864
2026-06-22 11:15:00,7540.5,7545.75,7535.5,7537.75,16831
2026-06-22 11:20:00,7537.75,7545.75,7534.75,7544.0,15847
2026-06-22 11:25:00,7544.0,7547.0,7537.75,7539.75,18026
2026-06-22 11:30:00,7539.75,7546.25,7537.5,7542.0,18207
2026-06-22 11:35:00,7542.25,7548.0,7540.5,7547.5,13347
2026-06-22 11:40:00,7547.75,7558.0,7547.75,7555.0,13277
2026-06-22 11:45:00,7555.0,7559.25,7539.0,7540.5,16739
2026-06-22 11:50:00,7540.75,7546.0,7540.5,7542.0,13012
2026-06-22 11:55:00,7542.0,7547.5,7540.25,7542.5,11632
2026-06-22 12:00:00,7542.5,7544.25,7532.25,7533.75,14664
2026-06-22 12:05:00,7533.5,7539.75,7532.5,7538.25,11479
2026-06-22 12:10:00,7538.25,7546.5,7537.75,7546.25,10900
2026-06-22 12:15:00,7546.25,7547.25,7541.0,7546.0,10093
2026-06-22 12:20:00,7546.0,7550.25,7540.0,7541.75,10653
2026-06-22 12:25:00,7541.75,7546.0,7540.0,7544.25,9933
2026-06-22 12:30:00,7544.5,7545.25,7539.0,7539.75,7666
2026-06-22 12:35:00,7539.75,7541.5,7537.0,7540.25,6869
2026-06-22 12:40:00,7540.5,7542.25,7536.75,7539.75,7950
2026-06-22 12:45:00,7540.0,7546.25,7538.0,7546.25,9630
2026-06-22 12:50:00,7546.0,7548.75,7545.0,7547.5,8134
2026-06-22 12:55:00,7547.25,7549.75,7543.0,7546.0,11353
2026-06-22 13:00:00,7546.25,7547.0,7542.25,7544.75,5999
2026-06-22 13:05:00,7544.5,7544.75,7535.5,7538.25,8499
2026-06-22 13:10:00,7538.25,7542.25,7537.75,7542.25,5533
2026-06-22 13:15:00,7542.0,7547.0,7542.0,7546.75,6829
2026-06-22 13:20:00,7546.5,7549.0,7543.25,7545.25,4992
2026-06-22 13:25:00,7545.25,7546.25,7542.75,7543.25,5193
2026-06-22 13:30:00,7543.25,7544.5,7539.0,7541.0,7043
2026-06-22 13:35:00,7540.75,7541.0,7535.5,7540.5,7099
2026-06-22 13:40:00,7540.25,7541.75,7538.5,7539.25,3933
2026-06-22 13:45:00,7539.5,7544.5,7538.25,7544.0,5938
2026-06-22 13:50:00,7544.0,7549.5,7543.0,7548.25,7002
2026-06-22 13:55:00,7548.25,7548.25,7542.75,7542.75,5398
2026-06-22 14:00:00,7543.0,7544.75,7538.5,7541.0,7366
2026-06-22 14:05:00,7540.75,7545.25,7540.75,7545.25,5132
2026-06-22 14:10:00,7545.0,7546.75,7542.75,7545.5,3947
2026-06-22 14:15:00,7545.5,7549.5,7545.5,7548.25,5226
2026-06-22 14:20:00,7548.5,7553.75,7547.75,7550.0,8893
2026-06-22 14:25:00,7550.0,7550.5,7544.25,7547.25,7134
2026-06-22 14:30:00,7547.25,7551.5,7545.0,7546.0,8224
2026-06-22 14:35:00,7546.25,7548.0,7544.75,7545.0,4961
2026-06-22 14:40:00,7545.0,7546.0,7540.5,7541.0,6525
2026-06-22 14:45:00,7541.0,7544.5,7539.75,7543.75,6644
2026-06-22 14:50:00,7543.75,7544.5,7533.0,7536.5,10257
2026-06-22 14:55:00,7536.5,7536.5,7531.5,7533.0,9151
2026-06-22 15:00:00,7533.0,7539.75,7532.5,7537.0,12138
2026-06-22 15:05:00,7537.0,7537.25,7528.5,7532.5,8926
2026-06-22 15:10:00,7532.75,7537.0,7531.0,7535.5,6358
2026-06-22 15:15:00,7535.5,7538.0,7533.75,7537.25,8069
2026-06-22 15:20:00,7537.25,7538.25,7532.5,7533.5,6502
2026-06-22 15:25:00,7533.5,7534.5,7530.25,7530.5,8709
2026-06-22 15:30:00,7530.25,7536.25,7530.25,7533.75,10195
2026-06-22 15:35:00,7533.5,7534.0,7531.25,7532.5,8845
2026-06-22 15:40:00,7532.25,7533.25,7528.0,7529.5,10557
2026-06-22 15:45:00,7529.5,7535.5,7528.75,7535.25,11932
2026-06-22 15:50:00,7535.25,7545.25,7533.25,7543.75,25043
2026-06-22 15:55:00,7543.75,7545.75,7535.75,7540.25,89336
2026-06-22 16:00:00,7540.0,7547.0,7539.0,7545.25,21022
2026-06-22 16:05:00,7545.25,7546.0,7542.5,7543.25,4097
2026-06-22 16:10:00,7543.25,7546.0,7542.25,7545.5,4602
2026-06-22 16:15:00,7545.25,7547.0,7543.75,7547.0,2347
2026-06-22 16:20:00,7546.75,7547.25,7544.75,7545.0,1574
2026-06-22 16:25:00,7545.0,7545.0,7541.0,7541.75,1858
2026-06-22 16:30:00,7541.5,7542.5,7541.0,7541.25,1099
2026-06-22 16:35:00,7541.0,7542.0,7540.5,7541.0,1018
2026-06-22 16:40:00,7541.0,7542.75,7541.0,7542.5,829
2026-06-22 16:45:00,7542.25,7542.5,7541.25,7542.0,1023
2026-06-22 16:50:00,7541.75,7542.0,7540.0,7541.0,885
2026-06-22 16:55:00,7541.0,7542.25,7539.5,7540.75,1219
2026-06-22 18:00:00,7541.25,7549.5,7539.75,7543.25,1700
2026-06-22 18:05:00,7543.0,7544.25,7538.25,7542.5,981
2026-06-22 18:10:00,7542.5,7542.5,7540.5,7541.25,303
2026-06-22 18:15:00,7541.5,7541.75,7540.25,7541.5,222
2026-06-22 18:20:00,7541.5,7543.25,7540.5,7542.75,329
2026-06-22 18:25:00,7542.5,7543.0,7539.0,7540.25,525
2026-06-22 18:30:00,7540.0,7540.0,7534.25,7534.75,1257
2026-06-22 18:35:00,7535.0,7535.5,7530.0,7533.5,1141
2026-06-22 18:40:00,7533.75,7533.75,7529.5,7530.25,468
2026-06-22 18:45:00,7530.5,7532.0,7529.5,7532.0,487
2026-06-22 18:50:00,7532.0,7533.25,7530.5,7533.0,379
2026-06-22 18:55:00,7533.0,7533.75,7531.75,7532.0,419
2026-06-22 19:00:00,7532.0,7533.0,7529.5,7531.25,587
2026-06-22 19:05:00,7531.25,7531.75,7530.0,7531.5,247
2026-06-22 19:10:00,7531.75,7531.75,7528.0,7528.5,632
2026-06-22 19:15:00,7528.5,7528.75,7526.0,7526.75,809
2026-06-22 19:20:00,7526.75,7530.0,7526.0,7529.0,423
2026-06-22 19:25:00,7529.0,7531.25,7528.25,7531.0,394
2026-06-22 19:30:00,7531.0,7531.5,7529.25,7529.5,218
2026-06-22 19:35:00,7529.75,7531.0,7528.25,7528.75,321
2026-06-22 19:40:00,7529.0,7531.0,7528.5,7530.75,239
2026-06-22 19:45:00,7530.75,7531.5,7527.0,7528.25,620
2026-06-22 19:50:00,7527.75,7530.25,7526.5,7529.5,484
2026-06-22 19:55:00,7529.5,7532.25,7529.0,7532.0,424
2026-06-22 20:00:00,7531.75,7535.0,7530.25,7533.25,2088
2026-06-22 20:05:00,7533.0,7534.75,7530.0,7530.25,920
2026-06-22 20:10:00,7530.0,7530.75,7524.0,7524.75,1715
2026-06-22 20:15:00,7525.25,7529.0,7524.75,7525.0,1359
2026-06-22 20:20:00,7525.25,7525.5,7522.0,7523.25,2044
2026-06-22 20:25:00,7523.5,7527.25,7522.5,7525.5,1280
2026-06-22 20:30:00,7525.25,7530.5,7523.75,7529.5,1388
2026-06-22 20:35:00,7529.5,7534.25,7527.5,7533.25,977
2026-06-22 20:40:00,7533.5,7541.0,7532.25,7541.0,1398
2026-06-22 20:45:00,7541.0,7545.25,7538.5,7541.75,1879
2026-06-22 20:50:00,7542.25,7542.75,7539.25,7539.5,836
2026-06-22 20:55:00,7539.5,7541.5,7538.25,7540.25,605
2026-06-22 21:00:00,7540.25,7542.25,7538.25,7540.5,1368
2026-06-22 21:05:00,7540.75,7541.5,7537.25,7540.0,1022
2026-06-22 21:10:00,7540.0,7541.25,7536.5,7536.5,622
2026-06-22 21:15:00,7536.5,7538.0,7533.0,7534.25,1096
2026-06-22 21:20:00,7534.5,7536.25,7532.75,7533.0,783
2026-06-22 21:25:00,7533.25,7537.5,7533.25,7535.75,663
2026-06-22 21:30:00,7535.75,7536.75,7529.5,7529.75,1045
2026-06-22 21:35:00,7530.0,7530.0,7522.25,7525.75,2194
2026-06-22 21:40:00,7525.5,7528.5,7521.0,7522.25,1843
2026-06-22 21:45:00,7522.25,7522.25,7518.0,7519.25,2250
2026-06-22 21:50:00,7519.25,7522.25,7512.0,7520.75,3203
2026-06-22 21:55:00,7520.75,7525.5,7519.75,7522.25,1628
2026-06-22 22:00:00,7522.75,7525.0,7520.0,7524.0,1334
2026-06-22 22:05:00,7523.75,7523.75,7514.5,7516.25,1537
2026-06-22 22:10:00,7516.0,7519.75,7514.0,7519.0,1267
2026-06-22 22:15:00,7519.0,7522.25,7517.25,7520.75,1392
2026-06-22 22:20:00,7520.75,7522.25,7519.0,7519.75,630
2026-06-22 22:25:00,7520.0,7521.5,7519.0,7520.0,642
2026-06-22 22:30:00,7520.0,7520.25,7516.5,7517.0,654
2026-06-22 22:35:00,7517.0,7518.75,7516.25,7516.75,510
2026-06-22 22:40:00,7517.0,7518.25,7515.75,7517.5,626
2026-06-22 22:45:00,7517.5,7518.0,7512.5,7514.25,1019
2026-06-22 22:50:00,7514.25,7516.75,7513.5,7514.5,693
2026-06-22 22:55:00,7514.5,7516.5,7510.5,7512.75,1164
2026-06-22 23:00:00,7512.75,7513.75,7510.0,7511.5,1454
2026-06-22 23:05:00,7511.5,7511.5,7506.5,7506.75,1548
2026-06-22 23:10:00,7506.75,7508.25,7504.75,7506.25,2002
2026-06-22 23:15:00,7506.25,7508.0,7505.0,7505.5,790
2026-06-22 23:20:00,7505.75,7507.75,7505.25,7506.0,693
2026-06-22 23:25:00,7506.25,7508.75,7505.5,7507.5,865
2026-06-22 23:30:00,7507.5,7507.75,7503.75,7504.0,1192
2026-06-22 23:35:00,7504.0,7505.0,7498.75,7500.75,1962
2026-06-22 23:40:00,7500.75,7501.0,7496.5,7500.75,3129
2026-06-22 23:45:00,7500.25,7501.0,7497.0,7499.75,1073
2026-06-22 23:50:00,7499.75,7505.75,7499.75,7505.25,1692
2026-06-22 23:55:00,7505.25,7509.0,7504.25,7508.75,1105
2026-06-23 00:00:00,7509.0,7512.25,7507.25,7508.25,1463
2026-06-23 00:05:00,7508.5,7508.5,7502.75,7503.25,934
2026-06-23 00:10:00,7503.5,7504.0,7500.0,7501.75,933
2026-06-23 00:15:00,7501.75,7501.75,7495.5,7496.0,1226
2026-06-23 00:20:00,7496.25,7496.5,7493.5,7495.5,1156
2026-06-23 00:25:00,7495.5,7497.5,7494.75,7496.75,686
2026-06-23 00:30:00,7496.5,7496.75,7494.0,7494.75,647
2026-06-23 00:35:00,7494.5,7495.25,7492.25,7493.5,719
2026-06-23 00:40:00,7493.5,7493.75,7490.5,7492.0,837
2026-06-23 00:45:00,7492.25,7493.0,7490.5,7491.0,691
2026-06-23 00:50:00,7491.0,7491.25,7484.25,7485.75,1675
2026-06-23 00:55:00,7485.75,7485.75,7481.75,7483.25,1386
2026-06-23 01:00:00,7483.5,7487.25,7482.75,7486.75,1289
2026-06-23 01:05:00,7487.0,7487.75,7483.0,7483.5,1056
2026-06-23 01:10:00,7483.5,7488.0,7482.75,7483.25,1573
2026-06-23 01:15:00,7483.5,7484.5,7480.5,7481.25,1099
2026-06-23 01:20:00,7481.25,7484.25,7480.0,7480.25,1337
2026-06-23 01:25:00,7480.25,7481.0,7474.5,7476.75,2166
2026-06-23 01:30:00,7477.0,7477.5,7472.0,7474.0,2242
2026-06-23 01:35:00,7474.0,7474.5,7468.0,7470.0,2376
2026-06-23 01:40:00,7470.0,7473.75,7467.25,7473.25,1945
2026-06-23 01:45:00,7473.25,7476.0,7471.25,7474.25,2373
2026-06-23 01:50:00,7474.25,7476.0,7470.75,7471.25,1516
2026-06-23 01:55:00,7471.25,7472.0,7467.0,7468.75,1934
2026-06-23 02:00:00,7468.75,7472.0,7466.25,7470.5,2037
2026-06-23 02:05:00,7470.5,7472.5,7463.25,7464.5,2274
2026-06-23 02:10:00,7464.75,7466.25,7463.0,7465.25,1854
2026-06-23 02:15:00,7466.0,7468.5,7461.75,7463.0,2142
2026-06-23 02:20:00,7462.75,7463.25,7457.25,7459.0,2686
2026-06-23 02:25:00,7459.0,7459.5,7451.25,7454.75,4378
2026-06-23 02:30:00,7454.75,7458.75,7453.0,7456.0,2591
2026-06-23 02:35:00,7456.0,7456.75,7453.0,7454.25,1953
2026-06-23 02:40:00,7454.5,7457.25,7447.75,7450.5,2073
2026-06-23 02:45:00,7450.5,7455.25,7449.25,7452.25,1987
2026-06-23 02:50:00,7452.25,7453.5,7449.0,7450.5,1197
2026-06-23 02:55:00,7450.25,7451.75,7444.75,7447.25,2048
2026-06-23 03:00:00,7447.0,7448.75,7442.25,7447.0,3561
2026-06-23 03:05:00,7447.0,7455.0,7446.0,7454.75,2821
2026-06-23 03:10:00,7454.75,7455.5,7451.0,7452.0,2479
2026-06-23 03:15:00,7452.0,7453.0,7445.75,7446.75,1764
2026-06-23 03:20:00,7446.5,7449.75,7442.5,7443.75,1690
2026-06-23 03:25:00,7443.75,7447.0,7440.5,7446.75,1932
2026-06-23 03:30:00,7446.5,7447.0,7438.5,7445.0,2243
2026-06-23 03:35:00,7445.0,7445.75,7439.5,7445.5,2239
2026-06-23 03:40:00,7445.75,7447.25,7437.5,7439.5,2079
2026-06-23 03:45:00,7439.5,7441.25,7436.25,7438.25,2810
2026-06-23 03:50:00,7438.25,7438.5,7433.5,7436.0,2094
2026-06-23 03:55:00,7436.25,7436.25,7428.25,7433.5,3750
2026-06-23 04:00:00,7433.75,7434.75,7422.25,7426.5,6040
2026-06-23 04:05:00,7427.0,7435.0,7427.0,7434.0,2963
2026-06-23 04:10:00,7434.0,7435.0,7429.25,7429.75,2606
2026-06-23 04:15:00,7429.25,7430.75,7424.75,7424.75,2727
2026-06-23 04:20:00,7425.0,7428.5,7421.75,7425.25,2858
2026-06-23 04:25:00,7425.25,7427.25,7422.5,7424.5,2538
2026-06-23 04:30:00,7424.75,7433.0,7424.25,7432.25,2877
2026-06-23 04:35:00,7432.25,7435.0,7430.5,7432.0,2099
2026-06-23 04:40:00,7431.75,7438.5,7431.75,7434.5,2638
2026-06-23 04:45:00,7434.5,7434.5,7423.5,7427.25,2793
2026-06-23 04:50:00,7427.0,7431.5,7425.5,7430.25,2026
2026-06-23 04:55:00,7430.25,7432.25,7427.5,7430.5,1764
2026-06-23 05:00:00,7430.75,7436.5,7429.5,7434.5,2529
2026-06-23 05:05:00,7434.25,7438.0,7431.75,7432.75,1874
2026-06-23 05:10:00,7432.5,7439.5,7431.25,7438.25,2199
2026-06-23 05:15:00,7438.0,7439.0,7434.75,7438.5,1314
2026-06-23 05:20:00,7438.25,7445.0,7437.75,7444.0,2638
2026-06-23 05:25:00,7444.0,7446.25,7441.5,7445.0,3125
2026-06-23 05:30:00,7445.0,7445.5,7440.0,7441.25,1719
2026-06-23 05:35:00,7441.5,7442.75,7439.5,7439.75,1536
2026-06-23 05:40:00,7440.0,7442.25,7438.5,7440.0,1386
2026-06-23 05:45:00,7440.0,7443.5,7438.0,7443.25,1113
2026-06-23 05:50:00,7443.0,7445.5,7440.75,7444.0,1466
2026-06-23 05:55:00,7444.0,7446.0,7442.75,7444.5,1299
2026-06-23 06:00:00,7444.5,7449.5,7443.25,7447.5,2596
2026-06-23 06:05:00,7447.75,7448.5,7442.5,7444.25,1435
2026-06-23 06:10:00,7443.75,7444.75,7441.0,7442.5,1177
2026-06-23 06:15:00,7442.25,7447.0,7442.0,7446.75,1609
2026-06-23 06:20:00,7446.75,7449.75,7443.75,7444.25,2835
2026-06-23 06:25:00,7444.25,7444.25,7439.25,7440.0,1365
2026-06-23 06:30:00,7439.75,7439.75,7433.25,7433.75,4556
2026-06-23 06:35:00,7433.5,7435.5,7430.25,7432.75,2243
2026-06-23 06:40:00,7432.5,7433.25,7427.25,7431.5,2384
2026-06-23 06:45:00,7431.5,7436.75,7431.5,7433.25,1882
2026-06-23 06:50:00,7433.5,7435.25,7430.5,7434.75,1755
2026-06-23 06:55:00,7434.75,7437.75,7433.75,7436.75,1484
2026-06-23 07:00:00,7436.5,7441.5,7435.0,7435.0,3151
2026-06-23 07:05:00,7434.75,7438.0,7432.5,7435.75,1882
2026-06-23 07:10:00,7435.75,7443.0,7435.75,7442.5,1899
2026-06-23 07:15:00,7442.5,7443.0,7438.5,7441.0,1741
2026-06-23 07:20:00,7441.0,7448.5,7436.0,7442.5,4938
2026-06-23 07:25:00,7442.5,7443.5,7437.25,7440.25,2602
2026-06-23 07:30:00,7440.0,7444.25,7438.25,7442.0,1912
2026-06-23 07:35:00,7442.25,7448.5,7438.75,7444.5,2647
2026-06-23 07:40:00,7444.75,7449.5,7444.25,7449.0,2910
2026-06-23 07:45:00,7449.0,7451.0,7446.25,7448.5,2929
2026-06-23 07:50:00,7448.25,7453.0,7446.25,7453.0,3048
2026-06-23 07:55:00,7453.0,7453.5,7450.0,7450.75,3243
2026-06-23 08:00:00,7450.75,7454.5,7449.0,7452.0,3035
2026-06-23 08:05:00,7452.0,7452.0,7447.25,7448.75,2395
2026-06-23 08:10:00,7448.75,7451.5,7444.25,7446.5,3303
2026-06-23 08:15:00,7446.5,7447.25,7440.25,7443.5,2862
2026-06-23 08:20:00,7443.5,7443.5,7436.25,7437.5,3235
2026-06-23 08:25:00,7437.5,7438.5,7432.5,7437.25,3777
2026-06-23 08:30:00,7437.25,7440.5,7428.0,7428.0,4084
2026-06-23 08:35:00,7428.0,7432.75,7427.5,7431.5,3033
2026-06-23 08:40:00,7431.5,7436.5,7430.75,7433.25,3459
2026-06-23 08:45:00,7433.25,7435.25,7429.75,7432.25,3300
2026-06-23 08:50:00,7432.25,7435.5,7430.0,7430.0,2457
2026-06-23 08:55:00,7430.0,7434.5,7429.75,7432.75,2357
2026-06-23 09:00:00,7432.5,7434.0,7430.0,7433.0,3469
2026-06-23 09:05:00,7433.0,7434.5,7431.25,7432.5,3666
2026-06-23 09:10:00,7432.5,7436.0,7429.5,7434.0,4366
2026-06-23 09:15:00,7433.75,7434.25,7427.5,7430.5,3412
2026-06-23 09:20:00,7430.5,7432.75,7428.75,7430.5,2965
2026-06-23 09:25:00,7430.5,7430.5,7423.75,7429.5,10887
2026-06-23 09:30:00,7429.5,7434.5,7415.25,7432.5,52493
2026-06-23 09:35:00,7432.75,7439.5,7416.75,7437.0,39097
2026-06-23 09:40:00,7436.75,7447.0,7430.5,7442.25,27349
2026-06-23 09:45:00,7442.0,7463.5,7438.25,7457.75,35461
2026-06-23 09:50:00,7457.75,7465.75,7457.25,7460.0,28139
2026-06-23 09:55:00,7459.75,7466.5,7454.75,7465.25,29410
2026-06-23 10:00:00,7465.25,7478.25,7463.75,7474.75,31415
2026-06-23 10:05:00,7475.0,7480.5,7470.75,7478.75,24124
2026-06-23 10:10:00,7478.75,7485.25,7476.25,7484.0,26531
2026-06-23 10:15:00,7483.75,7487.5,7480.0,7486.25,20763
2026-06-23 10:20:00,7486.25,7491.0,7479.5,7483.0,23494
2026-06-23 10:25:00,7483.0,7484.75,7475.75,7483.75,22587
2026-06-23 10:30:00,7483.75,7486.0,7472.25,7476.0,21395
2026-06-23 10:35:00,7476.0,7482.5,7470.0,7470.5,20799
2026-06-23 10:40:00,7470.5,7476.0,7466.25,7468.25,22709
2026-06-23 10:45:00,7468.5,7470.25,7461.5,7467.75,21975
2026-06-23 10:50:00,7467.75,7474.0,7462.25,7466.0,19382
2026-06-23 10:55:00,7466.0,7467.75,7459.75,7464.75,15556
2026-06-23 11:00:00,7464.75,7468.5,7458.5,7459.75,17754
2026-06-23 11:05:00,7459.75,7461.25,7450.5,7454.0,18518
2026-06-23 11:10:00,7454.25,7456.75,7451.0,7455.25,13145
2026-06-23 11:15:00,7455.25,7457.0,7445.5,7446.75,15348
2026-06-23 11:20:00,7446.5,7449.5,7439.75,7440.0,15034
2026-06-23 11:25:00,7440.0,7443.0,7436.25,7439.75,19530
2026-06-23 11:30:00,7439.75,7446.75,7438.0,7443.75,17302
2026-06-23 11:35:00,7443.75,7449.25,7436.75,7438.75,16739
2026-06-23 11:40:00,7438.75,7445.75,7435.75,7444.25,15100
2026-06-23 11:45:00,7444.0,7449.25,7441.75,7444.75,13136
2026-06-23 11:50:00,7445.0,7456.5,7443.25,7453.0,15027
2026-06-23 11:55:00,7453.0,7455.75,7447.5,7453.75,11644
2026-06-23 12:00:00,7454.0,7462.0,7452.5,7461.0,13169
2026-06-23 12:05:00,7461.0,7466.75,7459.75,7466.25,13897
2026-06-23 12:10:00,7466.25,7471.5,7466.25,7469.5,10301
2026-06-23 12:15:00,7469.5,7471.25,7464.0,7464.5,10795
2026-06-23 12:20:00,7464.75,7469.25,7460.75,7468.25,10148
2026-06-23 12:25:00,7468.25,7470.5,7465.25,7469.0,7257
2026-06-23 12:30:00,7469.0,7470.0,7464.5,7465.75,7855
2026-06-23 12:35:00,7466.0,7470.75,7465.0,7470.0,7320
2026-06-23 12:40:00,7470.25,7475.25,7470.25,7474.0,9672
2026-06-23 12:45:00,7474.0,7474.75,7466.25,7469.0,8210
2026-06-23 12:50:00,7469.0,7469.25,7464.5,7468.5,8978
2026-06-23 12:55:00,7468.75,7472.0,7465.25,7469.75,9039
2026-06-23 13:00:00,7469.75,7470.25,7461.5,7462.75,8395
2026-06-23 13:05:00,7462.75,7465.5,7460.5,7464.75,7182
2026-06-23 13:10:00,7464.75,7473.0,7464.5,7468.75,10610
2026-06-23 13:15:00,7469.25,7471.25,7464.5,7466.75,9027
2026-06-23 13:20:00,7466.75,7476.5,7466.25,7474.5,9338
2026-06-23 13:25:00,7474.25,7475.0,7470.25,7471.0,8797
2026-06-23 13:30:00,7470.75,7473.25,7466.0,7473.25,9717
2026-06-23 13:35:00,7473.25,7475.75,7470.25,7471.25,7081
2026-06-23 13:40:00,7471.0,7472.5,7466.25,7467.25,6328
2026-06-23 13:45:00,7467.25,7470.5,7466.0,7468.5,7499
2026-06-23 13:50:00,7468.5,7469.0,7455.5,7456.25,12129
2026-06-23 13:55:00,7456.0,7457.5,7452.5,7453.25,11836
2026-06-23 14:00:00,7453.25,7461.25,7451.75,7456.25,13789
2026-06-23 14:05:00,7456.0,7457.0,7448.75,7453.25,9106
2026-06-23 14:10:00,7453.5,7456.0,7452.5,7453.75,8687
2026-06-23 14:15:00,7453.75,7455.75,7450.25,7451.5,8704
2026-06-23 14:20:00,7451.5,7454.75,7447.75,7453.0,9467
2026-06-23 14:25:00,7453.0,7453.0,7448.75,7449.75,8167
2026-06-23 14:30:00,7449.5,7451.0,7446.5,7447.0,8210
2026-06-23 14:35:00,7446.75,7448.5,7444.25,7445.0,8252
2026-06-23 14:40:00,7445.0,7445.0,7433.0,7433.75,18789
2026-06-23 14:45:00,7433.75,7435.75,7430.25,7435.25,17607
2026-06-23 14:50:00,7435.5,7441.25,7428.75,7433.0,16789
2026-06-23 14:55:00,7432.75,7438.25,7429.25,7436.0,12247
2026-06-23 15:00:00,7436.0,7446.5,7433.75,7446.0,15262
2026-06-23 15:05:00,7445.75,7452.25,7438.5,7440.5,18018
2026-06-23 15:10:00,7440.75,7445.25,7438.0,7441.0,10907
2026-06-23 15:15:00,7441.0,7442.5,7434.0,7434.25,10464
2026-06-23 15:20:00,7434.25,7448.5,7433.5,7444.5,15197
2026-06-23 15:25:00,7444.75,7449.75,7442.75,7446.75,15578
2026-06-23 15:30:00,7446.75,7449.25,7440.25,7446.75,13594
2026-06-23 15:35:00,7446.75,7448.5,7442.75,7442.75,14826
2026-06-23 15:40:00,7443.0,7444.25,7438.25,7442.0,14121
2026-06-23 15:45:00,7442.25,7444.5,7436.25,7444.25,16191
2026-06-23 15:50:00,7444.25,7453.0,7442.0,7452.5,29816
2026-06-23 15:55:00,7452.75,7452.75,7433.0,7434.75,103417
2026-06-23 16:00:00,7435.0,7437.0,7431.5,7436.0,26337
2026-06-23 16:05:00,7435.75,7442.25,7435.5,7439.75,7431
2026-06-23 16:10:00,7439.5,7441.25,7438.0,7438.75,5152
2026-06-23 16:15:00,7438.5,7439.0,7435.25,7437.75,3236
2026-06-23 16:20:00,7437.75,7440.75,7437.0,7440.25,1598
2026-06-23 16:25:00,7440.25,7442.0,7439.5,7441.0,1769
2026-06-23 16:30:00,7440.75,7443.0,7439.5,7442.0,1390
2026-06-23 16:35:00,7442.25,7443.0,7439.75,7439.75,1027
2026-06-23 16:40:00,7439.75,7441.5,7438.25,7440.25,1099
2026-06-23 16:45:00,7440.5,7441.75,7439.25,7440.0,952
2026-06-23 16:50:00,7440.25,7441.5,7439.75,7441.25,1622
2026-06-23 16:55:00,7441.0,7446.75,7441.0,7445.5,2171
2026-06-23 18:00:00,7449.25,7451.75,7443.75,7446.25,1758
2026-06-23 18:05:00,7446.0,7450.75,7444.75,7450.25,738
2026-06-23 18:10:00,7449.75,7452.25,7448.75,7449.0,655
2026-06-23 18:15:00,7449.0,7452.0,7446.0,7448.0,862
2026-06-23 18:20:00,7447.75,7448.5,7438.25,7438.25,1380
2026-06-23 18:25:00,7438.25,7440.0,7436.75,7436.75,1219
2026-06-23 18:30:00,7437.0,7440.75,7432.5,7433.5,1283
2026-06-23 18:35:00,7433.5,7434.5,7431.0,7433.25,1007
2026-06-23 18:40:00,7433.25,7434.5,7429.25,7430.5,913
2026-06-23 18:45:00,7430.5,7434.0,7430.5,7434.0,514
2026-06-23 18:50:00,7434.0,7435.5,7432.0,7434.25,692
2026-06-23 18:55:00,7434.0,7436.25,7434.0,7434.75,678
2026-06-23 19:00:00,7435.0,7435.5,7428.0,7428.75,1075
2026-06-23 19:05:00,7429.0,7429.25,7420.25,7426.5,3012
2026-06-23 19:10:00,7426.5,7434.5,7425.75,7433.0,1172
2026-06-23 19:15:00,7433.25,7436.0,7432.5,7434.25,635
2026-06-23 19:20:00,7434.75,7437.25,7433.5,7437.25,459
2026-06-23 19:25:00,7437.25,7438.25,7435.0,7435.75,509
2026-06-23 19:30:00,7436.0,7437.0,7430.5,7430.75,732
2026-06-23 19:35:00,7430.75,7431.5,7427.5,7428.5,931
2026-06-23 19:40:00,7428.5,7433.75,7427.75,7433.5,906
2026-06-23 19:45:00,7433.5,7450.75,7433.25,7446.5,3143
2026-06-23 19:50:00,7446.75,7448.75,7444.25,7445.25,981
2026-06-23 19:55:00,7445.0,7447.25,7444.25,7446.75,774
2026-06-23 20:00:00,7446.75,7455.5,7445.0,7445.5,2556
2026-06-23 20:05:00,7445.25,7456.75,7443.5,7455.0,2405
2026-06-23 20:10:00,7455.0,7459.75,7452.0,7454.25,2720
2026-06-23 20:15:00,7454.0,7458.75,7453.0,7456.5,2192
2026-06-23 20:20:00,7456.25,7456.5,7449.25,7450.0,1571
2026-06-23 20:25:00,7450.0,7455.0,7448.5,7454.75,1226
2026-06-23 20:30:00,7455.0,7458.0,7453.25,7456.75,1453
2026-06-23 20:35:00,7456.75,7458.25,7453.5,7456.0,1042
2026-06-23 20:40:00,7455.75,7458.25,7453.5,7456.5,887
2026-06-23 20:45:00,7456.25,7458.25,7453.25,7455.0,1026
2026-06-23 20:50:00,7454.75,7456.75,7451.25,7452.0,975
2026-06-23 20:55:00,7451.75,7453.75,7448.75,7453.5,1365
2026-06-23 21:00:00,7453.75,7454.75,7446.0,7447.25,1958
2026-06-23 21:05:00,7447.25,7453.25,7446.0,7447.75,1947
2026-06-23 21:10:00,7447.75,7452.0,7447.0,7451.75,1137
2026-06-23 21:15:00,7451.75,7451.75,7442.5,7444.0,1688
2026-06-23 21:20:00,7444.0,7451.5,7442.5,7451.0,1408
2026-06-23 21:25:00,7451.0,7452.75,7448.5,7451.0,969
2026-06-23 21:30:00,7451.0,7453.0,7450.0,7451.75,1115
2026-06-23 21:35:00,7451.5,7451.5,7448.0,7450.0,1005
2026-06-23 21:40:00,7450.0,7454.25,7448.75,7452.0,1288
2026-06-23 21:45:00,7452.0,7453.0,7449.0,7450.5,938
2026-06-23 21:50:00,7450.25,7454.25,7449.5,7453.75,898
2026-06-23 21:55:00,7454.0,7454.0,7449.5,7451.25,1052
2026-06-23 22:00:00,7451.0,7453.25,7449.25,7451.5,945
2026-06-23 22:05:00,7451.5,7451.75,7447.25,7451.0,891
2026-06-23 22:10:00,7451.25,7453.25,7450.0,7451.5,727
2026-06-23 22:15:00,7451.25,7451.75,7445.75,7448.75,910
2026-06-23 22:20:00,7448.75,7449.5,7442.75,7444.75,834
2026-06-23 22:25:00,7444.5,7448.75,7444.5,7448.0,817
2026-06-23 22:30:00,7448.25,7450.5,7446.0,7446.25,736
2026-06-23 22:35:00,7446.25,7446.75,7439.0,7441.25,1838
2026-06-23 22:40:00,7441.5,7443.75,7438.75,7440.25,1250
2026-06-23 22:45:00,7440.25,7441.0,7434.25,7436.0,1448
2026-06-23 22:50:00,7436.0,7436.75,7432.25,7434.0,1273
2026-06-23 22:55:00,7434.0,7435.5,7429.75,7430.25,1216
2026-06-23 23:00:00,7430.0,7434.75,7429.75,7430.0,2012
2026-06-23 23:05:00,7430.0,7436.75,7426.75,7435.75,1797
2026-06-23 23:10:00,7435.75,7446.25,7435.5,7445.0,2089
2026-06-23 23:15:00,7444.75,7444.75,7438.0,7438.25,1139
2026-06-23 23:20:00,7438.5,7441.0,7436.25,7437.5,734
2026-06-23 23:25:00,7437.5,7448.25,7437.5,7448.0,1118
2026-06-23 23:30:00,7447.75,7451.0,7447.0,7449.0,985
2026-06-23 23:35:00,7449.25,7451.75,7446.0,7447.75,995
2026-06-23 23:40:00,7447.5,7450.0,7445.75,7447.5,1033
2026-06-23 23:45:00,7447.5,7448.25,7444.25,7445.0,711
2026-06-23 23:50:00,7445.0,7447.0,7443.5,7445.25,609
2026-06-23 23:55:00,7445.25,7448.5,7444.25,7448.0,393
2026-06-24 00:00:00,7448.0,7448.25,7441.0,7441.25,574
2026-06-24 00:05:00,7441.25,7442.75,7439.25,7441.5,691
2026-06-24 00:10:00,7441.5,7443.0,7438.0,7439.75,447
2026-06-24 00:15:00,7439.75,7441.5,7436.25,7436.5,648
2026-06-24 00:20:00,7436.5,7438.75,7434.75,7435.75,837
2026-06-24 00:25:00,7435.5,7438.75,7435.5,7436.75,401
2026-06-24 00:30:00,7437.0,7444.25,7437.0,7444.0,1015
2026-06-24 00:35:00,7443.75,7449.0,7442.0,7448.0,756
2026-06-24 00:40:00,7447.75,7450.5,7447.0,7448.25,506
2026-06-24 00:45:00,7448.25,7450.5,7447.75,7449.5,740
2026-06-24 00:50:00,7449.75,7451.5,7448.25,7449.75,622
2026-06-24 00:55:00,7449.5,7451.5,7448.25,7449.5,543
2026-06-24 01:00:00,7449.75,7451.5,7448.5,7450.75,791
2026-06-24 01:05:00,7450.75,7452.5,7447.5,7451.75,885
2026-06-24 01:10:00,7451.5,7453.25,7450.25,7451.5,751
2026-06-24 01:15:00,7451.5,7456.25,7450.0,7455.75,1026
2026-06-24 01:20:00,7455.5,7456.75,7454.0,7456.5,729
2026-06-24 01:25:00,7456.5,7457.5,7453.75,7454.25,817
2026-06-24 01:30:00,7454.25,7457.75,7453.75,7454.25,873
2026-06-24 01:35:00,7454.5,7459.25,7454.25,7458.5,867
2026-06-24 01:40:00,7458.5,7458.5,7453.5,7454.25,695
2026-06-24 01:45:00,7454.0,7455.0,7451.75,7452.5,637
2026-06-24 01:50:00,7451.75,7452.0,7449.75,7450.5,385
2026-06-24 01:55:00,7450.25,7451.25,7449.75,7450.25,427
2026-06-24 02:00:00,7450.25,7450.5,7445.75,7446.25,777
2026-06-24 02:05:00,7446.25,7450.25,7446.0,7449.75,584
2026-06-24 02:10:00,7449.75,7453.75,7449.5,7452.0,675
2026-06-24 02:15:00,7452.0,7452.5,7447.5,7448.5,515
2026-06-24 02:20:00,7448.5,7448.5,7445.25,7447.5,622
2026-06-24 02:25:00,7447.0,7448.75,7445.5,7447.0,842
2026-06-24 02:30:00,7447.5,7451.5,7446.75,7451.25,812
2026-06-24 02:35:00,7451.0,7453.75,7450.0,7450.25,770
2026-06-24 02:40:00,7450.0,7451.25,7449.5,7450.0,533
2026-06-24 02:45:00,7450.0,7450.25,7448.25,7449.0,688
2026-06-24 02:50:00,7449.25,7451.75,7449.0,7450.5,550
2026-06-24 02:55:00,7450.5,7451.25,7448.5,7448.75,538
2026-06-24 03:00:00,7449.0,7450.75,7442.75,7445.75,2154
2026-06-24 03:05:00,7445.75,7449.75,7443.5,7446.5,1666
2026-06-24 03:10:00,7446.75,7450.0,7446.0,7447.75,998
2026-06-24 03:15:00,7448.0,7449.25,7444.75,7446.5,1342
2026-06-24 03:20:00,7446.5,7450.5,7444.75,7448.25,851
2026-06-24 03:25:00,7448.0,7448.0,7444.5,7444.5,993
2026-06-24 03:30:00,7444.5,7448.0,7444.25,7446.25,769
2026-06-24 03:35:00,7446.5,7446.5,7439.75,7444.5,1770
2026-06-24 03:40:00,7444.75,7450.75,7443.25,7450.25,1653
2026-06-24 03:45:00,7450.0,7452.75,7449.5,7451.5,1116
2026-06-24 03:50:00,7451.5,7451.5,7444.75,7446.0,937
2026-06-24 03:55:00,7446.25,7447.5,7442.0,7442.75,882
2026-06-24 04:00:00,7443.0,7450.75,7442.5,7450.5,1695
2026-06-24 04:05:00,7450.5,7452.5,7448.0,7448.75,1672
2026-06-24 04:10:00,7448.75,7452.25,7446.75,7452.25,1337
2026-06-24 04:15:00,7451.75,7453.0,7448.0,7448.5,1106
2026-06-24 04:20:00,7448.25,7449.75,7446.25,7447.75,1324
2026-06-24 04:25:00,7447.75,7448.5,7445.75,7448.5,837
2026-06-24 04:30:00,7448.5,7453.25,7447.0,7450.75,1095
2026-06-24 04:35:00,7450.75,7451.75,7447.0,7447.5,1030
2026-06-24 04:40:00,7447.5,7450.0,7447.0,7449.0,520
2026-06-24 04:45:00,7449.0,7449.25,7445.0,7445.0,709
2026-06-24 04:50:00,7445.25,7447.5,7445.0,7446.75,747
2026-06-24 04:55:00,7447.0,7447.75,7445.75,7447.5,625
2026-06-24 05:00:00,7447.5,7449.25,7444.25,7445.0,1285
2026-06-24 05:05:00,7445.25,7448.25,7444.5,7447.0,873
2026-06-24 05:10:00,7447.0,7452.25,7446.0,7451.25,829
2026-06-24 05:15:00,7451.25,7451.5,7443.0,7446.5,1333
2026-06-24 05:20:00,7446.75,7449.0,7446.0,7448.25,852
2026-06-24 05:25:00,7448.0,7449.75,7446.0,7447.0,913
2026-06-24 05:30:00,7446.75,7448.25,7445.5,7447.5,1077
2026-06-24 05:35:00,7447.25,7447.5,7444.0,7444.25,929
2026-06-24 05:40:00,7444.25,7444.25,7440.75,7441.25,1286
2026-06-24 05:45:00,7441.25,7444.5,7439.25,7444.25,1340
2026-06-24 05:50:00,7444.25,7448.75,7444.25,7446.0,835
2026-06-24 05:55:00,7446.25,7448.25,7446.0,7447.75,710
2026-06-24 06:00:00,7447.75,7447.75,7442.25,7445.25,1379
2026-06-24 06:05:00,7445.5,7447.5,7444.0,7445.75,1282
2026-06-24 06:10:00,7445.75,7448.0,7443.75,7447.75,643
2026-06-24 06:15:00,7447.5,7450.0,7447.0,7448.0,1136
2026-06-24 06:20:00,7448.25,7449.5,7447.0,7447.5,825
2026-06-24 06:25:00,7447.25,7450.5,7447.25,7450.5,460
2026-06-24 06:30:00,7450.5,7453.0,7449.75,7452.75,1550
2026-06-24 06:35:00,7452.5,7453.75,7452.0,7452.0,1150
2026-06-24 06:40:00,7452.0,7458.25,7451.75,7455.25,2678
2026-06-24 06:45:00,7455.25,7456.25,7452.0,7452.75,1000
2026-06-24 06:50:00,7452.75,7452.75,7448.5,7449.5,662
2026-06-24 06:55:00,7449.5,7450.5,7447.5,7449.0,1277
2026-06-24 07:00:00,7449.0,7455.75,7448.5,7453.25,1705
2026-06-24 07:05:00,7453.25,7453.75,7449.0,7449.25,774
2026-06-24 07:10:00,7449.5,7451.0,7448.0,7448.0,954
2026-06-24 07:15:00,7448.25,7449.25,7445.75,7446.25,1397
2026-06-24 07:20:00,7446.5,7449.0,7443.75,7448.75,1521
2026-06-24 07:25:00,7449.0,7449.25,7446.5,7447.5,937
2026-06-24 07:30:00,7447.75,7453.0,7447.5,7451.5,1545
2026-06-24 07:35:00,7451.5,7459.0,7451.25,7456.25,2702
2026-06-24 07:40:00,7456.25,7456.75,7453.75,7455.25,937
2026-06-24 07:45:00,7455.25,7464.25,7454.5,7463.25,2486
2026-06-24 07:50:00,7463.25,7465.0,7460.75,7463.75,3211
2026-06-24 07:55:00,7463.75,7464.0,7460.0,7463.75,1716
2026-06-24 08:00:00,7463.75,7464.5,7458.5,7462.0,4294
2026-06-24 08:05:00,7462.0,7463.0,7458.5,7460.5,1428
2026-06-24 08:10:00,7460.25,7462.75,7458.5,7460.25,1852
2026-06-24 08:15:00,7460.25,7465.5,7457.0,7465.5,2150
2026-06-24 08:20:00,7465.25,7466.75,7462.75,7464.25,1836
2026-06-24 08:25:00,7464.25,7467.25,7462.25,7465.0,2140
2026-06-24 08:30:00,7464.75,7467.25,7459.25,7459.5,1627
2026-06-24 08:35:00,7459.5,7460.0,7455.0,7457.0,2200
2026-06-24 08:40:00,7456.75,7457.25,7452.75,7454.0,1837
2026-06-24 08:45:00,7454.0,7455.5,7450.5,7451.75,2053
2026-06-24 08:50:00,7451.75,7451.75,7449.0,7450.5,2187
2026-06-24 08:55:00,7450.25,7451.5,7447.75,7450.5,2345
2026-06-24 09:00:00,7450.5,7455.75,7449.25,7449.75,4926
2026-06-24 09:05:00,7449.75,7452.0,7445.0,7446.75,4283
2026-06-24 09:10:00,7446.75,7447.25,7442.0,7442.75,4063
2026-06-24 09:15:00,7443.0,7447.0,7442.0,7446.75,3471
2026-06-24 09:20:00,7446.75,7449.25,7438.75,7445.5,7312
2026-06-24 09:25:00,7445.5,7449.25,7443.75,7447.5,7508
2026-06-24 09:30:00,7447.25,7466.75,7438.25,7463.5,44748
2026-06-24 09:35:00,7463.5,7468.0,7456.25,7458.5,26669
2026-06-24 09:40:00,7458.5,7460.5,7442.25,7452.5,30559
2026-06-24 09:45:00,7452.75,7457.75,7437.75,7450.0,33423
2026-06-24 09:50:00,7450.0,7472.25,7449.75,7468.25,30584
2026-06-24 09:55:00,7468.25,7468.75,7453.25,7454.5,22374
2026-06-24 10:00:00,7454.75,7459.0,7447.75,7450.5,25818
2026-06-24 10:05:00,7450.5,7460.5,7447.75,7453.0,25826
2026-06-24 10:10:00,7453.0,7457.75,7447.0,7451.25,22942
2026-06-24 10:15:00,7451.0,7455.0,7442.5,7444.0,19391
2026-06-24 10:20:00,7444.25,7460.25,7436.5,7458.5,30486
2026-06-24 10:25:00,7458.5,7466.0,7455.5,7461.0,20270
2026-06-24 10:30:00,7461.0,7469.0,7460.75,7465.5,18276
2026-06-24 10:35:00,7465.75,7468.0,7458.25,7458.75,16240
2026-06-24 10:40:00,7459.0,7473.5,7457.5,7472.75,19310
2026-06-24 10:45:00,7472.75,7486.0,7471.75,7479.5,26462
2026-06-24 10:50:00,7479.75,7487.25,7479.75,7480.75,17863
2026-06-24 10:55:00,7481.0,7494.25,7478.0,7493.75,20063
2026-06-24 11:00:00,7493.75,7496.5,7488.0,7490.0,21669
2026-06-24 11:05:00,7490.0,7490.75,7479.25,7481.0,17474
2026-06-24 11:10:00,7481.0,7485.25,7476.25,7481.75,17759
2026-06-24 11:15:00,7481.75,7490.75,7480.5,7489.0,13155
2026-06-24 11:20:00,7489.0,7490.5,7483.5,7484.25,12452
2026-06-24 11:25:00,7484.25,7493.75,7478.25,7493.5,17915
2026-06-24 11:30:00,7493.5,7496.5,7485.75,7489.25,17067
2026-06-24 11:35:00,7489.25,7492.25,7483.25,7485.75,12460
2026-06-24 11:40:00,7485.5,7487.5,7478.25,7481.75,14163
2026-06-24 11:45:00,7481.75,7483.75,7474.5,7483.25,16363
2026-06-24 11:50:00,7483.25,7489.75,7483.25,7485.25,11849
2026-06-24 11:55:00,7485.0,7487.25,7478.0,7480.25,10337
2026-06-24 12:00:00,7480.25,7483.0,7475.75,7477.5,13021
2026-06-24 12:05:00,7477.5,7481.25,7474.5,7478.0,11586
2026-06-24 12:10:00,7478.0,7485.5,7476.0,7481.25,11777
2026-06-24 12:15:00,7481.5,7485.0,7478.0,7480.0,8483
2026-06-24 12:20:00,7480.0,7484.25,7477.0,7483.0,7886
2026-06-24 12:25:00,7483.0,7483.0,7476.75,7477.75,8058
2026-06-24 12:30:00,7477.75,7477.75,7471.5,7473.25,12633
2026-06-24 12:35:00,7473.25,7476.0,7461.25,7461.75,17321
2026-06-24 12:40:00,7461.75,7462.25,7455.0,7459.75,24533
2026-06-24 12:45:00,7459.5,7461.75,7455.5,7459.25,15338
2026-06-24 12:50:00,7459.5,7464.5,7454.0,7454.0,12139
2026-06-24 12:55:00,7454.0,7456.25,7450.75,7453.0,10136
2026-06-24 13:00:00,7453.0,7461.25,7451.25,7460.25,9186
2026-06-24 13:05:00,7460.25,7460.75,7442.5,7445.75,12818
2026-06-24 13:10:00,7445.5,7450.0,7442.25,7444.0,14316
2026-06-24 13:15:00,7444.0,7447.75,7431.0,7433.75,20949
2026-06-24 13:20:00,7433.75,7434.25,7426.0,7426.75,19273
2026-06-24 13:25:00,7426.75,7428.25,7415.75,7416.75,20467
2026-06-24 13:30:00,7417.0,7422.25,7407.75,7418.5,29482
2026-06-24 13:35:00,7418.5,7424.5,7412.0,7420.25,18544
2026-06-24 13:40:00,7420.25,7423.5,7413.25,7414.75,14628
2026-06-24 13:45:00,7414.75,7421.75,7410.25,7420.0,15711
2026-06-24 13:50:00,7420.0,7421.75,7416.25,7421.0,11674
2026-06-24 13:55:00,7421.25,7427.25,7412.5,7414.0,15407
2026-06-24 14:00:00,7414.25,7425.25,7413.0,7421.5,16045
2026-06-24 14:05:00,7421.5,7429.5,7421.25,7426.0,14300
2026-06-24 14:10:00,7426.0,7427.5,7421.0,7424.75,12797
2026-06-24 14:15:00,7424.75,7435.75,7424.75,7433.75,17787
2026-06-24 14:20:00,7433.75,7439.75,7431.75,7439.75,15538
2026-06-24 14:25:00,7439.5,7443.25,7437.75,7440.0,14582
2026-06-24 14:30:00,7440.0,7442.25,7436.0,7439.0,13179
2026-06-24 14:35:00,7439.0,7439.5,7431.25,7432.75,11534
2026-06-24 14:40:00,7432.75,7434.25,7425.25,7429.25,12858
2026-06-24 14:45:00,7429.25,7429.25,7410.75,7414.25,15942
2026-06-24 14:50:00,7414.0,7418.25,7408.25,7417.75,21339
2026-06-24 14:55:00,7417.5,7424.5,7412.5,7415.5,16172
2026-06-24 15:00:00,7415.5,7425.25,7409.5,7422.0,18365
2026-06-24 15:05:00,7422.25,7422.25,7404.75,7409.25,18552
2026-06-24 15:10:00,7409.25,7413.25,7404.25,7412.25,14239
2026-06-24 15:15:00,7412.25,7413.25,7407.75,7412.0,10825
2026-06-24 15:20:00,7412.0,7414.75,7408.75,7414.75,10420
2026-06-24 15:25:00,7414.75,7419.75,7413.75,7416.25,13043
2026-06-24 15:30:00,7416.0,7418.5,7411.25,7413.25,16839
2026-06-24 15:35:00,7413.5,7416.25,7410.0,7414.0,12931
2026-06-24 15:40:00,7414.0,7417.25,7405.25,7411.0,15590
2026-06-24 15:45:00,7411.25,7418.5,7410.5,7417.25,16114
2026-06-24 15:50:00,7417.0,7427.5,7411.25,7426.75,27958
2026-06-24 15:55:00,7426.75,7431.5,7417.75,7428.25,78111
2026-06-24 16:00:00,7428.25,7451.25,7421.25,7450.75,31862
2026-06-24 16:05:00,7450.5,7465.25,7450.0,7459.75,17884
2026-06-24 16:10:00,7459.75,7464.5,7457.0,7463.5,8047
2026-06-24 16:15:00,7463.75,7465.0,7460.75,7462.75,4269
2026-06-24 16:20:00,7462.5,7473.25,7462.25,7472.75,5878
2026-06-24 16:25:00,7472.75,7474.0,7469.25,7470.5,4651
2026-06-24 16:30:00,7470.5,7475.0,7468.0,7468.0,3506
2026-06-24 16:35:00,7468.0,7473.5,7468.0,7473.25,2654
2026-06-24 16:40:00,7473.25,7480.0,7472.5,7479.25,3320
2026-06-24 16:45:00,7479.25,7482.25,7477.0,7479.25,3916
2026-06-24 16:50:00,7479.25,7479.25,7475.25,7477.5,2958
2026-06-24 16:55:00,7477.5,7478.75,7474.75,7477.5,2379
2026-06-24 18:00:00,7476.25,7486.75,7476.25,7477.75,2526
2026-06-24 18:05:00,7477.75,7478.25,7472.25,7474.0,1176
2026-06-24 18:10:00,7474.0,7477.5,7472.25,7473.0,954
2026-06-24 18:15:00,7473.0,7473.25,7470.75,7471.25,744
2026-06-24 18:20:00,7471.0,7475.25,7470.5,7471.0,821
2026-06-24 18:25:00,7471.25,7471.75,7468.25,7468.5,1084
2026-06-24 18:30:00,7468.5,7471.25,7468.0,7469.5,774
2026-06-24 18:35:00,7469.5,7470.25,7468.0,7468.75,729
2026-06-24 18:40:00,7468.75,7471.5,7467.0,7470.75,916
2026-06-24 18:45:00,7470.75,7471.0,7466.5,7466.75,558
2026-06-24 18:50:00,7466.75,7469.5,7466.75,7467.5,568
2026-06-24 18:55:00,7467.5,7467.5,7465.75,7466.25,435
2026-06-24 19:00:00,7466.5,7468.25,7465.25,7467.25,704
2026-06-24 19:05:00,7467.25,7468.25,7466.5,7467.0,450
2026-06-24 19:10:00,7467.0,7468.75,7464.0,7464.75,743
2026-06-24 19:15:00,7465.0,7465.5,7464.0,7464.25,426
2026-06-24 19:20:00,7464.5,7468.75,7464.5,7468.25,422
2026-06-24 19:25:00,7468.25,7470.75,7468.0,7468.25,453
2026-06-24 19:30:00,7468.5,7471.25,7468.0,7471.25,307
2026-06-24 19:35:00,7471.25,7475.5,7471.0,7473.75,718
2026-06-24 19:40:00,7474.0,7475.75,7473.0,7474.25,522
2026-06-24 19:45:00,7474.5,7478.5,7471.5,7472.75,1211
2026-06-24 19:50:00,7472.75,7473.5,7469.75,7473.25,456
2026-06-24 19:55:00,7473.25,7474.0,7470.25,7471.75,407
2026-06-24 20:00:00,7472.0,7472.75,7465.5,7467.25,1471
2026-06-24 20:05:00,7467.0,7469.75,7464.75,7468.75,1548
2026-06-24 20:10:00,7469.0,7473.0,7467.5,7471.25,1047
2026-06-24 20:15:00,7471.0,7472.25,7468.0,7469.5,794
2026-06-24 20:20:00,7469.25,7471.25,7467.5,7468.75,608
2026-06-24 20:25:00,7468.5,7468.5,7464.5,7466.0,814
2026-06-24 20:30:00,7466.25,7467.0,7460.25,7461.5,1491
2026-06-24 20:35:00,7461.5,7462.25,7458.75,7459.75,920
2026-06-24 20:40:00,7459.75,7460.25,7454.0,7457.0,1652
2026-06-24 20:45:00,7457.0,7458.5,7453.5,7454.25,1237
2026-06-24 20:50:00,7454.25,7460.5,7454.25,7458.75,1096
2026-06-24 20:55:00,7459.25,7459.5,7453.0,7454.5,851
2026-06-24 21:00:00,7455.0,7459.0,7452.5,7453.0,1148
2026-06-24 21:05:00,7453.0,7455.75,7452.25,7455.0,767
2026-06-24 21:10:00,7454.75,7457.0,7454.25,7455.75,574
2026-06-24 21:15:00,7455.75,7458.25,7454.25,7458.0,812
2026-06-24 21:20:00,7458.0,7460.0,7457.5,7458.25,647
2026-06-24 21:25:00,7458.25,7459.25,7455.75,7456.25,497
2026-06-24 21:30:00,7456.75,7461.0,7455.75,7460.75,664
2026-06-24 21:35:00,7460.5,7466.5,7460.5,7464.0,979
2026-06-24 21:40:00,7463.75,7464.5,7460.25,7460.75,986
2026-06-24 21:45:00,7460.75,7462.5,7459.5,7462.5,480
2026-06-24 21:50:00,7462.75,7464.5,7461.0,7463.75,834
2026-06-24 21:55:00,7463.75,7465.0,7460.0,7460.25,595
2026-06-24 22:00:00,7460.0,7464.5,7458.25,7463.25,716
2026-06-24 22:05:00,7463.25,7465.0,7459.75,7461.25,675
2026-06-24 22:10:00,7461.0,7461.0,7454.0,7455.25,1511
2026-06-24 22:15:00,7455.5,7459.5,7452.75,7459.5,957
2026-06-24 22:20:00,7459.25,7463.0,7458.0,7459.5,560
2026-06-24 22:25:00,7459.5,7462.25,7458.5,7461.25,407
2026-06-24 22:30:00,7461.25,7462.75,7459.75,7462.25,359
2026-06-24 22:35:00,7462.0,7463.5,7460.75,7461.75,354
2026-06-24 22:40:00,7461.75,7462.0,7458.5,7459.75,363
2026-06-24 22:45:00,7459.5,7460.75,7458.75,7460.25,268
2026-06-24 22:50:00,7460.25,7461.5,7459.0,7461.5,326
2026-06-24 22:55:00,7461.5,7464.0,7460.5,7463.25,344
2026-06-24 23:00:00,7463.5,7467.25,7462.25,7465.75,710
2026-06-24 23:05:00,7465.5,7467.25,7463.75,7463.75,344
2026-06-24 23:10:00,7464.0,7464.75,7462.5,7464.0,428
2026-06-24 23:15:00,7464.0,7467.0,7460.25,7466.5,1004
2026-06-24 23:20:00,7466.25,7468.25,7465.5,7467.25,460
2026-06-24 23:25:00,7467.0,7467.5,7465.5,7466.5,284
2026-06-24 23:30:00,7466.5,7469.5,7466.25,7467.0,809
2026-06-24 23:35:00,7466.75,7466.75,7464.5,7466.25,396
2026-06-24 23:40:00,7466.0,7466.25,7464.0,7465.0,363
2026-06-24 23:45:00,7465.0,7467.5,7464.25,7467.0,267
2026-06-24 23:50:00,7467.0,7469.0,7466.0,7468.75,324
2026-06-24 23:55:00,7468.75,7469.75,7468.25,7469.25,524
2026-06-25 00:00:00,7469.5,7469.75,7467.0,7467.5,450
2026-06-25 00:05:00,7467.5,7468.25,7466.5,7467.5,261
2026-06-25 00:10:00,7467.5,7468.0,7465.25,7465.25,371
2026-06-25 00:15:00,7465.5,7466.0,7462.5,7464.5,611
2026-06-25 00:20:00,7464.25,7467.0,7464.25,7465.0,521
2026-06-25 00:25:00,7464.75,7465.0,7463.75,7463.75,270
2026-06-25 00:30:00,7464.0,7464.0,7460.0,7461.25,463
2026-06-25 00:35:00,7461.25,7464.5,7459.75,7463.75,458
2026-06-25 00:40:00,7463.75,7466.5,7462.25,7466.5,316
2026-06-25 00:45:00,7466.75,7467.75,7465.5,7465.75,520
2026-06-25 00:50:00,7466.0,7467.75,7466.0,7466.75,298
2026-06-25 00:55:00,7466.5,7466.75,7463.0,7464.5,369
2026-06-25 01:00:00,7464.25,7468.25,7464.25,7467.75,382
2026-06-25 01:05:00,7468.0,7470.5,7468.0,7469.5,440
2026-06-25 01:10:00,7469.75,7470.0,7468.25,7469.5,357
2026-06-25 01:15:00,7469.75,7471.0,7468.5,7469.0,407
2026-06-25 01:20:00,7469.0,7472.5,7468.5,7471.75,499
2026-06-25 01:25:00,7471.75,7474.0,7471.25,7473.75,636
2026-06-25 01:30:00,7473.25,7475.0,7472.5,7474.75,625
2026-06-25 01:35:00,7474.5,7475.0,7472.75,7473.75,875
2026-06-25 01:40:00,7473.75,7476.5,7473.75,7474.5,952
2026-06-25 01:45:00,7474.5,7474.5,7471.5,7472.25,745
2026-06-25 01:50:00,7472.25,7473.5,7471.25,7472.0,630
2026-06-25 01:55:00,7471.75,7472.75,7470.75,7472.0,517
2026-06-25 02:00:00,7472.0,7475.0,7472.0,7472.0,743
2026-06-25 02:05:00,7472.25,7475.0,7471.0,7474.5,653
2026-06-25 02:10:00,7474.25,7478.5,7474.0,7477.5,887
2026-06-25 02:15:00,7477.5,7480.75,7476.75,7480.0,997
2026-06-25 02:20:00,7480.0,7481.0,7479.0,7480.5,633
2026-06-25 02:25:00,7480.25,7482.25,7479.25,7480.0,878
2026-06-25 02:30:00,7480.0,7481.25,7479.0,7481.0,992
2026-06-25 02:35:00,7481.25,7482.25,7479.5,7480.25,484
2026-06-25 02:40:00,7480.0,7480.75,7478.0,7479.25,380
2026-06-25 02:45:00,7479.25,7481.25,7478.5,7479.0,493
2026-06-25 02:50:00,7479.0,7480.25,7477.0,7477.25,551
2026-06-25 02:55:00,7477.5,7479.25,7477.25,7477.75,377
2026-06-25 03:00:00,7478.0,7481.75,7478.0,7481.0,1323
2026-06-25 03:05:00,7481.25,7484.0,7481.0,7482.75,1584
2026-06-25 03:10:00,7482.75,7483.25,7481.0,7481.75,768
2026-06-25 03:15:00,7481.75,7485.5,7481.5,7484.5,850
2026-06-25 03:20:00,7485.0,7488.75,7485.0,7487.25,1863
2026-06-25 03:25:00,7487.5,7488.0,7485.25,7486.0,814
2026-06-25 03:30:00,7485.75,7487.0,7484.75,7486.0,502
2026-06-25 03:35:00,7485.75,7487.25,7483.25,7487.0,648
2026-06-25 03:40:00,7487.0,7488.5,7486.75,7487.0,611
2026-06-25 03:45:00,7487.0,7487.25,7485.0,7485.75,521
2026-06-25 03:50:00,7485.75,7486.25,7484.75,7485.0,514
2026-06-25 03:55:00,7485.25,7488.25,7484.5,7488.0,541
2026-06-25 04:00:00,7488.25,7491.25,7485.5,7487.25,1701
2026-06-25 04:05:00,7487.25,7490.0,7487.0,7488.0,1100
2026-06-25 04:10:00,7487.75,7489.5,7483.5,7483.75,1024
2026-06-25 04:15:00,7483.5,7483.75,7480.25,7482.75,895
2026-06-25 04:20:00,7482.75,7484.0,7481.5,7482.75,693
2026-06-25 04:25:00,7482.75,7485.25,7482.25,7483.75,790
2026-06-25 04:30:00,7483.5,7485.0,7482.25,7482.25,643
2026-06-25 04:35:00,7482.25,7485.5,7482.25,7485.0,483
2026-06-25 04:40:00,7485.0,7485.0,7481.25,7481.5,850
2026-06-25 04:45:00,7481.25,7482.25,7479.0,7480.75,1124
2026-06-25 04:50:00,7481.0,7481.0,7476.75,7478.25,840
2026-06-25 04:55:00,7478.25,7479.0,7475.5,7477.0,642
2026-06-25 05:00:00,7477.0,7480.5,7476.25,7480.0,909
2026-06-25 05:05:00,7479.75,7482.5,7479.75,7479.75,591
2026-06-25 05:10:00,7479.75,7482.75,7479.25,7480.25,673
2026-06-25 05:15:00,7480.0,7481.75,7477.0,7477.0,777
2026-06-25 05:20:00,7477.0,7478.75,7476.75,7478.75,513
2026-06-25 05:25:00,7478.5,7480.0,7477.0,7479.0,759
2026-06-25 05:30:00,7479.0,7481.75,7478.5,7480.5,869
2026-06-25 05:35:00,7480.25,7482.75,7480.25,7482.25,383
2026-06-25 05:40:00,7482.25,7482.5,7480.75,7481.75,392
2026-06-25 05:45:00,7481.5,7482.25,7480.75,7482.0,422
2026-06-25 05:50:00,7482.0,7484.5,7481.5,7484.0,889
2026-06-25 05:55:00,7483.75,7484.0,7479.75,7480.75,480
2026-06-25 06:00:00,7480.5,7482.5,7479.75,7482.5,602
2026-06-25 06:05:00,7482.5,7484.75,7482.0,7484.5,705
2026-06-25 06:10:00,7484.5,7486.0,7483.75,7486.0,545
2026-06-25 06:15:00,7486.0,7486.75,7484.75,7485.75,486
2026-06-25 06:20:00,7485.5,7485.5,7483.5,7485.0,448
2026-06-25 06:25:00,7485.0,7486.5,7484.75,7486.25,437
2026-06-25 06:30:00,7486.25,7487.0,7484.25,7484.75,559
2026-06-25 06:35:00,7484.5,7487.5,7483.75,7485.5,448
2026-06-25 06:40:00,7485.75,7486.0,7481.75,7482.5,602
2026-06-25 06:45:00,7482.0,7483.75,7480.0,7483.5,417
2026-06-25 06:50:00,7483.5,7486.0,7483.5,7484.75,387
2026-06-25 06:55:00,7484.75,7485.75,7481.75,7483.75,573
2026-06-25 07:00:00,7483.75,7487.0,7483.75,7485.5,960
2026-06-25 07:05:00,7485.5,7485.5,7481.0,7482.0,659
2026-06-25 07:10:00,7482.0,7482.75,7480.0,7480.5,1053
2026-06-25 07:15:00,7480.25,7481.0,7478.5,7478.75,1195
2026-06-25 07:20:00,7478.75,7479.25,7473.5,7474.0,1391
2026-06-25 07:25:00,7474.0,7475.5,7472.5,7473.75,1095
2026-06-25 07:30:00,7473.75,7476.75,7472.25,7475.5,1324
2026-06-25 07:35:00,7475.5,7477.5,7474.25,7476.75,1168
2026-06-25 07:40:00,7476.75,7479.0,7476.0,7477.75,733
2026-06-25 07:45:00,7477.5,7480.5,7476.25,7476.5,865
2026-06-25 07:50:00,7476.5,7478.5,7474.25,7474.5,1323
2026-06-25 07:55:00,7474.5,7476.75,7473.0,7476.0,1639
2026-06-25 08:00:00,7475.75,7477.0,7474.75,7476.75,991
2026-06-25 08:05:00,7477.0,7482.75,7477.0,7481.0,1831
2026-06-25 08:10:00,7480.75,7480.75,7475.25,7476.75,1632
2026-06-25 08:15:00,7476.75,7479.5,7474.5,7476.0,1755
2026-06-25 08:20:00,7476.0,7476.25,7472.5,7475.5,1024
2026-06-25 08:25:00,7475.5,7476.5,7473.75,7474.5,1146
2026-06-25 08:30:00,7474.25,7496.0,7474.0,7489.5,9187
2026-06-25 08:35:00,7489.5,7492.5,7485.75,7487.5,4199
2026-06-25 08:40:00,7487.5,7489.5,7483.25,7485.25,3605
2026-06-25 08:45:00,7485.25,7492.75,7485.25,7489.0,2429
2026-06-25 08:50:00,7489.25,7490.25,7487.25,7489.25,1692
2026-06-25 08:55:00,7489.25,7489.25,7484.75,7487.0,1418
2026-06-25 09:00:00,7487.0,7488.75,7482.75,7484.0,2787
2026-06-25 09:05:00,7483.75,7484.75,7481.5,7481.75,2798
2026-06-25 09:10:00,7482.0,7484.25,7480.5,7483.5,2754
2026-06-25 09:15:00,7483.75,7483.75,7480.0,7481.75,2388
2026-06-25 09:20:00,7481.75,7483.25,7479.25,7481.25,2962
2026-06-25 09:25:00,7481.5,7488.25,7481.5,7485.75,8310
2026-06-25 09:30:00,7485.75,7490.5,7464.5,7469.75,45414
2026-06-25 09:35:00,7469.5,7477.0,7465.5,7466.5,28473
2026-06-25 09:40:00,7466.25,7467.75,7436.25,7438.75,39898
2026-06-25 09:45:00,7439.0,7444.0,7410.5,7424.5,62762
2026-06-25 09:50:00,7424.5,7432.0,7399.5,7401.5,49767
2026-06-25 09:55:00,7401.5,7407.0,7390.5,7393.25,53402
2026-06-25 10:00:00,7393.25,7430.25,7392.5,7427.75,51740
2026-06-25 10:05:00,7427.75,7445.75,7427.75,7444.75,44622
2026-06-25 10:10:00,7445.0,7454.25,7436.25,7437.25,42318
2026-06-25 10:15:00,7437.25,7453.0,7427.5,7452.25,33343
2026-06-25 10:20:00,7452.0,7462.0,7441.25,7446.5,31818
2026-06-25 10:25:00,7446.25,7455.75,7444.25,7451.0,21098
2026-06-25 10:30:00,7450.75,7467.75,7449.25,7460.5,23990
2026-06-25 10:35:00,7460.5,7465.5,7452.25,7463.0,16358
2026-06-25 10:40:00,7463.0,7464.0,7444.25,7450.75,17543
2026-06-25 10:45:00,7450.75,7463.0,7444.0,7460.5,14659
2026-06-25 10:50:00,7460.25,7475.75,7457.25,7474.5,18518
2026-06-25 10:55:00,7474.5,7474.5,7446.75,7449.5,23079
2026-06-25 11:00:00,7449.25,7459.5,7445.5,7458.75,14482
2026-06-25 11:05:00,7458.75,7462.25,7441.5,7444.0,16200
2026-06-25 11:10:00,7444.25,7445.5,7422.75,7426.0,17936
2026-06-25 11:15:00,7426.0,7435.0,7414.25,7432.75,20828
2026-06-25 11:20:00,7433.0,7444.75,7426.0,7441.5,15221
2026-06-25 11:25:00,7441.5,7445.0,7433.75,7439.25,11882
2026-06-25 11:30:00,7439.25,7451.5,7437.5,7438.25,15189
2026-06-25 11:35:00,7438.5,7446.0,7438.25,7438.25,8154
2026-06-25 11:40:00,7438.25,7445.5,7435.5,7443.75,8458
2026-06-25 11:45:00,7443.75,7454.75,7439.0,7440.25,9521
2026-06-25 11:50:00,7440.25,7446.0,7436.75,7442.5,7026
2026-06-25 11:55:00,7442.5,7446.0,7436.25,7437.5,6630
2026-06-25 12:00:00,7437.75,7440.5,7432.5,7438.0,8216
2026-06-25 12:05:00,7438.0,7450.5,7436.0,7449.75,9025
2026-06-25 12:10:00,7449.75,7458.25,7448.5,7453.5,10153
2026-06-25 12:15:00,7453.5,7458.75,7450.25,7451.25,10549
2026-06-25 12:20:00,7451.25,7453.75,7438.5,7440.5,11216
2026-06-25 12:25:00,7440.75,7442.25,7435.25,7437.75,8530
2026-06-25 12:30:00,7437.75,7438.25,7425.0,7429.25,12553
2026-06-25 12:35:00,7429.25,7431.25,7422.0,7422.75,9760
2026-06-25 12:40:00,7422.75,7425.0,7415.75,7417.5,10689
2026-06-25 12:45:00,7417.5,7424.0,7409.75,7423.0,16897
2026-06-25 12:50:00,7422.75,7425.75,7417.5,7422.0,9960
2026-06-25 12:55:00,7422.25,7422.5,7415.5,7420.25,6585
2026-06-25 13:00:00,7420.25,7425.0,7419.5,7419.75,5524
2026-06-25 13:05:00,7419.75,7423.5,7416.5,7421.75,4867
2026-06-25 13:10:00,7422.0,7432.5,7422.0,7427.25,8585
2026-06-25 13:15:00,7427.25,7438.0,7420.0,7420.0,10382
2026-06-25 13:20:00,7420.25,7426.25,7415.75,7424.0,9011
2026-06-25 13:25:00,7424.0,7431.75,7423.5,7427.75,7793
2026-06-25 13:30:00,7427.75,7430.5,7421.0,7424.25,6663
2026-06-25 13:35:00,7424.5,7430.75,7423.5,7428.25,6546
2026-06-25 13:40:00,7428.25,7433.0,7420.25,7421.5,7640
2026-06-25 13:45:00,7421.5,7421.75,7411.25,7413.25,8696
2026-06-25 13:50:00,7413.25,7423.0,7410.75,7420.5,7913
2026-06-25 13:55:00,7420.5,7431.0,7418.25,7429.5,8909
2026-06-25 14:00:00,7429.5,7431.0,7408.25,7414.25,17059
2026-06-25 14:05:00,7414.75,7431.25,7411.75,7429.25,12199
2026-06-25 14:10:00,7429.5,7435.5,7424.25,7427.5,11278
2026-06-25 14:15:00,7427.75,7449.75,7425.0,7443.75,14404
2026-06-25 14:20:00,7443.75,7448.25,7437.5,7444.5,10750
2026-06-25 14:25:00,7444.5,7456.75,7444.5,7454.25,11152
2026-06-25 14:30:00,7454.25,7454.5,7435.25,7435.5,12647
2026-06-25 14:35:00,7435.5,7442.75,7431.25,7440.0,10969
2026-06-25 14:40:00,7440.0,7440.75,7434.0,7434.75,6295
2026-06-25 14:45:00,7434.75,7434.75,7422.25,7431.0,9504
2026-06-25 14:50:00,7431.0,7439.5,7429.25,7432.5,7154
2026-06-25 14:55:00,7432.5,7436.5,7430.5,7434.5,5803
2026-06-25 15:00:00,7434.25,7435.0,7422.75,7425.5,7215
2026-06-25 15:05:00,7425.25,7428.0,7423.25,7426.25,7142
2026-06-25 15:10:00,7426.25,7427.75,7418.75,7419.25,7740
2026-06-25 15:15:00,7419.5,7422.25,7414.25,7418.25,9987
2026-06-25 15:20:00,7418.25,7422.75,7416.0,7422.5,9351
2026-06-25 15:25:00,7422.5,7424.75,7416.25,7419.75,8602
2026-06-25 15:30:00,7419.5,7420.75,7413.5,7417.5,10206
2026-06-25 15:35:00,7417.25,7417.5,7412.75,7416.75,10100
2026-06-25 15:40:00,7416.75,7419.25,7411.5,7415.75,11805
2026-06-25 15:45:00,7415.5,7416.5,7409.5,7413.5,13612
2026-06-25 15:50:00,7413.5,7422.25,7409.0,7421.25,18217
2026-06-25 15:55:00,7421.25,7430.25,7414.5,7428.5,73827
2026-06-25 16:00:00,7428.5,7451.75,7427.25,7440.25,35046
2026-06-25 16:05:00,7440.5,7443.75,7438.0,7438.5,6576
2026-06-25 16:10:00,7438.5,7438.5,7436.25,7438.25,4355
2026-06-25 16:15:00,7438.25,7447.5,7438.0,7447.0,6255
2026-06-25 16:20:00,7446.75,7454.5,7445.75,7448.25,4277
2026-06-25 16:25:00,7448.5,7449.25,7446.0,7446.75,1816
2026-06-25 16:30:00,7446.75,7447.0,7441.25,7445.5,2666
2026-06-25 16:35:00,7445.5,7445.75,7441.25,7441.5,1026
2026-06-25 16:40:00,7441.25,7442.5,7440.0,7440.5,1276
2026-06-25 16:45:00,7440.5,7441.0,7436.75,7437.75,1109
2026-06-25 16:50:00,7437.75,7438.25,7434.25,7434.5,1253
2026-06-25 16:55:00,7434.25,7436.0,7432.0,7433.75,1486
2026-06-25 18:00:00,7431.0,7435.75,7425.75,7426.5,1458
2026-06-25 18:05:00,7426.5,7427.25,7423.25,7423.25,702
2026-06-25 18:10:00,7423.25,7423.25,7416.75,7420.5,1179
2026-06-25 18:15:00,7420.75,7425.75,7419.25,7420.25,682
2026-06-25 18:20:00,7420.5,7423.25,7417.75,7422.5,636
2026-06-25 18:25:00,7422.25,7422.5,7416.5,7417.25,576
2026-06-25 18:30:00,7417.25,7419.75,7416.0,7419.5,612
2026-06-25 18:35:00,7419.5,7422.25,7418.75,7421.25,393
2026-06-25 18:40:00,7420.75,7422.75,7420.0,7422.25,237
2026-06-25 18:45:00,7422.25,7422.75,7419.25,7420.5,261
2026-06-25 18:50:00,7421.0,7425.25,7420.0,7425.0,380
2026-06-25 18:55:00,7425.25,7426.5,7423.25,7425.25,298
2026-06-25 19:00:00,7425.25,7427.25,7424.5,7426.75,290
2026-06-25 19:05:00,7426.5,7427.0,7424.5,7425.25,288
2026-06-25 19:10:00,7425.5,7433.75,7425.5,7433.25,727
2026-06-25 19:15:00,7433.5,7449.0,7432.0,7446.75,1611
2026-06-25 19:20:00,7447.25,7454.0,7446.5,7449.5,2085
2026-06-25 19:25:00,7449.5,7454.25,7449.5,7449.75,1111
2026-06-25 19:30:00,7450.0,7451.25,7444.0,7444.75,1570
2026-06-25 19:35:00,7444.75,7445.0,7436.75,7437.25,1691
2026-06-25 19:40:00,7437.0,7437.25,7430.25,7430.75,1089
2026-06-25 19:45:00,7430.5,7430.75,7422.0,7423.0,1360
2026-06-25 19:50:00,7423.0,7423.0,7417.5,7421.75,1506
2026-06-25 19:55:00,7421.75,7423.75,7417.25,7423.75,805
2026-06-25 20:00:00,7423.75,7430.75,7419.75,7428.25,1400
2026-06-25 20:05:00,7428.75,7434.25,7427.75,7433.5,999
2026-06-25 20:10:00,7433.25,7433.5,7427.0,7432.0,716
2026-06-25 20:15:00,7432.25,7434.75,7427.0,7427.25,844
2026-06-25 20:20:00,7427.5,7431.0,7426.25,7426.75,577
2026-06-25 20:25:00,7426.25,7430.0,7420.5,7429.5,1319
2026-06-25 20:30:00,7429.25,7430.5,7422.75,7424.75,999
2026-06-25 20:35:00,7425.0,7427.75,7421.75,7425.75,583
2026-06-25 20:40:00,7425.75,7429.75,7424.0,7426.0,761
2026-06-25 20:45:00,7426.0,7429.25,7425.25,7425.75,444
2026-06-25 20:50:00,7425.5,7428.75,7421.25,7422.25,622
2026-06-25 20:55:00,7422.0,7425.0,7418.75,7421.25,1048
2026-06-25 21:00:00,7421.75,7427.25,7418.5,7418.5,885
2026-06-25 21:05:00,7418.75,7420.0,7411.25,7418.0,1537
2026-06-25 21:10:00,7418.75,7425.0,7418.75,7421.75,579
2026-06-25 21:15:00,7422.0,7427.75,7421.25,7425.5,808
2026-06-25 21:20:00,7425.5,7427.0,7423.25,7423.75,382
2026-06-25 21:25:00,7423.75,7424.0,7416.5,7417.5,612
2026-06-25 21:30:00,7417.75,7418.75,7406.75,7408.75,1478
2026-06-25 21:35:00,7408.75,7410.25,7406.25,7408.75,990
2026-06-25 21:40:00,7408.5,7409.0,7402.0,7403.0,1640
2026-06-25 21:45:00,7403.0,7407.25,7397.75,7406.5,2324
2026-06-25 21:50:00,7406.75,7407.5,7402.0,7402.5,891
2026-06-25 21:55:00,7402.5,7402.75,7395.0,7399.75,1518
2026-06-25 22:00:00,7399.75,7401.5,7396.0,7396.25,1393
2026-06-25 22:05:00,7397.0,7401.25,7395.75,7396.75,748
2026-06-25 22:10:00,7396.5,7397.25,7391.75,7394.25,1381
2026-06-25 22:15:00,7394.25,7397.0,7392.0,7392.5,1061
2026-06-25 22:20:00,7392.5,7394.0,7388.5,7388.5,1482
2026-06-25 22:25:00,7388.5,7391.0,7386.0,7388.75,1740
2026-06-25 22:30:00,7389.0,7390.0,7383.0,7384.75,1575
2026-06-25 22:35:00,7384.75,7385.75,7379.0,7384.75,2118
2026-06-25 22:40:00,7384.75,7384.75,7378.25,7381.5,1173
2026-06-25 22:45:00,7381.5,7381.5,7371.75,7373.0,3004
2026-06-25 22:50:00,7373.5,7376.75,7369.0,7370.5,1799
2026-06-25 22:55:00,7370.5,7372.25,7366.5,7370.75,2044
2026-06-25 23:00:00,7371.25,7371.25,7365.25,7368.0,1557
2026-06-25 23:05:00,7368.25,7369.0,7365.5,7367.25,944
2026-06-25 23:10:00,7367.0,7371.75,7365.75,7369.5,1464
2026-06-25 23:15:00,7369.0,7371.75,7367.5,7370.25,879
2026-06-25 23:20:00,7370.25,7370.5,7365.25,7367.5,695
2026-06-25 23:25:00,7367.5,7370.25,7367.0,7368.5,727
2026-06-25 23:30:00,7368.25,7368.5,7363.0,7364.25,1170
2026-06-25 23:35:00,7364.0,7364.75,7357.25,7362.75,2119
2026-06-25 23:40:00,7363.25,7369.5,7361.5,7369.5,1584
2026-06-25 23:45:00,7369.5,7370.75,7366.75,7367.25,984
2026-06-25 23:50:00,7367.25,7377.25,7367.0,7376.75,1538
2026-06-25 23:55:00,7376.5,7383.5,7375.75,7383.0,1420
2026-06-26 00:00:00,7383.25,7385.5,7381.0,7381.5,1682
2026-06-26 00:05:00,7381.5,7384.5,7378.25,7381.25,1286
2026-06-26 00:10:00,7381.0,7384.25,7380.25,7381.0,641
2026-06-26 00:15:00,7381.25,7385.0,7380.5,7381.0,752
2026-06-26 00:20:00,7381.25,7382.0,7374.25,7374.25,1395
2026-06-26 00:25:00,7374.0,7377.5,7371.5,7376.5,1177
2026-06-26 00:30:00,7376.75,7380.0,7370.25,7370.5,906
2026-06-26 00:35:00,7371.0,7372.75,7369.75,7370.0,756
2026-06-26 00:40:00,7370.0,7373.5,7369.0,7373.0,758
2026-06-26 00:45:00,7373.25,7373.25,7368.0,7369.0,633
2026-06-26 00:50:00,7369.25,7370.25,7365.75,7368.25,850
2026-06-26 00:55:00,7368.0,7368.25,7366.25,7367.75,585
2026-06-26 01:00:00,7367.75,7371.75,7365.75,7366.5,924
2026-06-26 01:05:00,7366.75,7370.5,7364.5,7367.75,967
2026-06-26 01:10:00,7367.75,7376.75,7367.75,7376.75,1044
2026-06-26 01:15:00,7376.5,7379.25,7374.5,7376.5,973
2026-06-26 01:20:00,7376.5,7377.0,7373.5,7374.5,601
2026-06-26 01:25:00,7374.5,7380.25,7374.25,7378.75,987
2026-06-26 01:30:00,7378.75,7382.75,7378.75,7381.5,1189
2026-06-26 01:35:00,7381.0,7382.75,7374.75,7375.0,1344
2026-06-26 01:40:00,7375.0,7375.0,7367.75,7367.75,1615
2026-06-26 01:45:00,7368.0,7369.5,7365.25,7369.5,1149
2026-06-26 01:50:00,7369.75,7375.75,7369.0,7374.5,1502
2026-06-26 01:55:00,7374.5,7375.5,7371.5,7372.0,919
2026-06-26 02:00:00,7372.25,7375.5,7371.75,7373.5,1272
2026-06-26 02:05:00,7373.5,7374.0,7369.0,7370.25,991
2026-06-26 02:10:00,7370.25,7376.5,7369.25,7375.75,1359
2026-06-26 02:15:00,7376.0,7379.5,7375.75,7376.5,1233
2026-06-26 02:20:00,7376.5,7381.75,7376.25,7381.25,1251
2026-06-26 02:25:00,7381.25,7388.0,7379.75,7386.5,1826
2026-06-26 02:30:00,7386.75,7391.0,7384.0,7389.75,1787
2026-06-26 02:35:00,7389.5,7393.0,7389.5,7391.0,982
2026-06-26 02:40:00,7391.0,7395.75,7389.25,7395.25,926
2026-06-26 02:45:00,7395.25,7404.5,7394.25,7398.5,1932
2026-06-26 02:50:00,7398.5,7408.0,7396.75,7407.0,1483
2026-06-26 02:55:00,7406.75,7409.5,7402.5,7404.0,1732
2026-06-26 03:00:00,7404.0,7406.25,7398.25,7398.5,1701
2026-06-26 03:05:00,7398.75,7399.25,7395.0,7395.0,1292
2026-06-26 03:10:00,7395.0,7403.0,7394.75,7402.25,1029
2026-06-26 03:15:00,7402.5,7407.0,7401.25,7404.25,1759
2026-06-26 03:20:00,7404.5,7408.25,7401.25,7408.0,992
2026-06-26 03:25:00,7408.25,7409.75,7404.0,7409.25,1060
2026-06-26 03:30:00,7409.5,7413.75,7409.25,7411.5,1644
2026-06-26 03:35:00,7411.5,7412.75,7408.5,7412.25,1002
2026-06-26 03:40:00,7412.25,7412.25,7406.5,7406.75,731
2026-06-26 03:45:00,7406.75,7407.25,7404.5,7406.25,873
2026-06-26 03:50:00,7406.25,7411.75,7405.75,7411.5,741
2026-06-26 03:55:00,7412.0,7412.0,7409.75,7410.75,624
2026-06-26 04:00:00,7411.0,7416.0,7404.75,7404.75,2313
2026-06-26 04:05:00,7405.0,7410.0,7401.0,7407.0,1940
2026-06-26 04:10:00,7407.0,7408.25,7401.75,7402.75,1344
2026-06-26 04:15:00,7402.75,7406.75,7401.25,7402.0,741
2026-06-26 04:20:00,7402.0,7406.0,7400.25,7405.0,934
2026-06-26 04:25:00,7404.75,7409.5,7403.75,7407.5,996
2026-06-26 04:30:00,7407.25,7407.75,7398.5,7400.25,1498
2026-06-26 04:35:00,7400.25,7402.25,7398.5,7400.5,851
2026-06-26 04:40:00,7400.75,7403.0,7397.25,7397.75,674
2026-06-26 04:45:00,7397.5,7398.75,7391.25,7392.0,1384
2026-06-26 04:50:00,7392.0,7393.75,7385.0,7386.0,1470
2026-06-26 04:55:00,7386.0,7389.5,7382.75,7388.5,1520
2026-06-26 05:00:00,7388.75,7389.5,7383.5,7384.5,1338
2026-06-26 05:05:00,7384.5,7388.25,7383.5,7384.75,1204
2026-06-26 05:10:00,7384.75,7390.0,7382.25,7388.5,1018
2026-06-26 05:15:00,7388.25,7389.75,7382.5,7385.75,1790
2026-06-26 05:20:00,7385.75,7386.25,7380.25,7381.75,1462
2026-06-26 05:25:00,7381.75,7385.0,7380.5,7383.5,1335
2026-06-26 05:30:00,7383.5,7386.0,7379.75,7385.5,1368
2026-06-26 05:35:00,7385.75,7389.5,7384.25,7387.25,1038
2026-06-26 05:40:00,7387.5,7395.5,7387.5,7392.25,1170
2026-06-26 05:45:00,7392.25,7396.75,7390.5,7393.75,1303
2026-06-26 05:50:00,7393.75,7394.5,7387.75,7388.0,967
2026-06-26 05:55:00,7388.25,7388.25,7384.25,7385.25,1035
2026-06-26 06:00:00,7385.5,7386.25,7376.5,7380.0,1776
2026-06-26 06:05:00,7380.0,7385.75,7379.5,7385.25,906
2026-06-26 06:10:00,7385.25,7388.75,7383.75,7387.0,555
2026-06-26 06:15:00,7387.0,7389.5,7384.75,7384.75,661
2026-06-26 06:20:00,7384.5,7385.5,7381.0,7382.0,754
2026-06-26 06:25:00,7381.25,7387.0,7381.0,7386.25,495
2026-06-26 06:30:00,7386.25,7389.25,7384.25,7387.75,874
2026-06-26 06:35:00,7387.75,7388.25,7383.75,7384.5,959
2026-06-26 06:40:00,7384.25,7387.25,7383.5,7385.25,475
2026-06-26 06:45:00,7385.0,7388.75,7384.75,7386.25,729
2026-06-26 06:50:00,7386.5,7387.75,7383.0,7386.5,578
2026-06-26 06:55:00,7386.5,7387.25,7384.25,7386.5,684
2026-06-26 07:00:00,7386.5,7391.5,7383.25,7390.0,1769
2026-06-26 07:05:00,7390.0,7393.25,7387.5,7390.5,1120
2026-06-26 07:10:00,7390.5,7394.75,7389.25,7390.5,1368
2026-06-26 07:15:00,7390.75,7390.75,7386.5,7387.25,906
2026-06-26 07:20:00,7386.75,7389.75,7384.0,7387.0,969
2026-06-26 07:25:00,7387.0,7388.5,7385.0,7386.5,757
2026-06-26 07:30:00,7386.5,7389.0,7386.0,7387.5,896
2026-06-26 07:35:00,7387.0,7390.5,7386.0,7387.25,909
2026-06-26 07:40:00,7387.25,7390.75,7384.75,7385.75,1085
2026-06-26 07:45:00,7385.75,7389.0,7384.5,7388.0,891
2026-06-26 07:50:00,7388.0,7388.0,7377.75,7378.75,1513
2026-06-26 07:55:00,7378.75,7385.5,7378.75,7384.5,1517
2026-06-26 08:00:00,7384.75,7390.75,7383.0,7390.0,1374
2026-06-26 08:05:00,7390.0,7396.5,7389.75,7396.25,2434
2026-06-26 08:10:00,7395.75,7401.25,7393.25,7398.25,2023
2026-06-26 08:15:00,7398.5,7403.75,7396.5,7397.5,2271
2026-06-26 08:20:00,7397.75,7398.5,7390.5,7390.5,2080
2026-06-26 08:25:00,7390.5,7395.5,7390.0,7394.75,1387
2026-06-26 08:30:00,7394.5,7397.25,7391.5,7392.5,1617
2026-06-26 08:35:00,7392.25,7392.5,7385.25,7386.25,2622
2026-06-26 08:40:00,7386.25,7388.0,7383.5,7384.0,2619
2026-06-26 08:45:00,7384.25,7385.75,7381.0,7383.5,3331
2026-06-26 08:50:00,7383.25,7386.75,7380.25,7385.25,2635
2026-06-26 08:55:00,7385.25,7386.5,7383.25,7384.0,1735
2026-06-26 09:00:00,7384.0,7385.0,7378.75,7380.5,4368
2026-06-26 09:05:00,7380.25,7381.25,7375.25,7375.75,3390
2026-06-26 09:10:00,7375.75,7378.25,7373.5,7377.0,3480
2026-06-26 09:15:00,7376.75,7378.25,7364.75,7374.0,9463
2026-06-26 09:20:00,7374.25,7382.5,7372.0,7380.0,8319
2026-06-26 09:25:00,7379.75,7383.0,7377.0,7381.0,7084
2026-06-26 09:30:00,7380.75,7388.25,7360.0,7370.25,38919
2026-06-26 09:35:00,7370.0,7383.0,7367.25,7373.0,27104
2026-06-26 09:40:00,7372.75,7386.25,7368.75,7384.25,22470
2026-06-26 09:45:00,7384.5,7390.25,7371.25,7378.5,26913
2026-06-26 09:50:00,7378.75,7388.75,7377.25,7385.75,18086
2026-06-26 09:55:00,7386.0,7405.75,7384.0,7401.5,22189
2026-06-26 10:00:00,7401.25,7415.75,7398.75,7415.0,21931
2026-06-26 10:05:00,7415.0,7424.75,7414.25,7423.0,21664
2026-06-26 10:10:00,7423.0,7428.0,7417.25,7425.75,19490
2026-06-26 10:15:00,7425.25,7429.5,7418.0,7419.75,16389
2026-06-26 10:20:00,7420.0,7436.25,7418.25,7428.0,18227
2026-06-26 10:25:00,7428.0,7433.0,7426.0,7428.5,12781
2026-06-26 10:30:00,7428.75,7433.0,7424.0,7427.25,12958
2026-06-26 10:35:00,7427.5,7428.0,7415.0,7415.25,12811
2026-06-26 10:40:00,7415.25,7424.5,7409.25,7415.25,16907
2026-06-26 10:45:00,7415.25,7427.5,7413.75,7422.25,13052
2026-06-26 10:50:00,7422.25,7426.0,7415.25,7419.0,11658
2026-06-26 10:55:00,7418.75,7423.5,7411.75,7418.0,11047
2026-06-26 11:00:00,7418.0,7428.0,7418.0,7422.0,12070
2026-06-26 11:05:00,7422.0,7425.25,7416.0,7424.5,9528
2026-06-26 11:10:00,7424.25,7426.0,7412.75,7414.25,8942
2026-06-26 11:15:00,7414.5,7426.25,7409.5,7424.25,16437
2026-06-26 11:20:00,7424.25,7432.5,7422.0,7431.75,14064
2026-06-26 11:25:00,7431.5,7440.75,7430.5,7440.75,13413
2026-06-26 11:30:00,7440.5,7450.0,7437.5,7439.0,22313
2026-06-26 11:35:00,7439.25,7453.75,7439.25,7451.75,13472
2026-06-26 11:40:00,7451.75,7459.5,7449.25,7456.5,13244
2026-06-26 11:45:00,7456.5,7458.5,7449.0,7449.5,11649
2026-06-26 11:50:00,7449.5,7454.25,7435.0,7439.0,20698
2026-06-26 11:55:00,7439.25,7452.5,7437.5,7447.5,10585
2026-06-26 12:00:00,7447.75,7449.0,7444.75,7447.25,8217
2026-06-26 12:05:00,7447.0,7448.0,7434.5,7436.25,8252
2026-06-26 12:10:00,7436.0,7438.75,7431.25,7434.75,7876
2026-06-26 12:15:00,7434.75,7440.25,7431.25,7433.75,8374
2026-06-26 12:20:00,7433.75,7435.25,7420.75,7425.75,17681
2026-06-26 12:25:00,7425.5,7429.75,7424.25,7427.25,7508
2026-06-26 12:30:00,7427.25,7440.5,7427.25,7440.0,8628
2026-06-26 12:35:00,7440.0,7441.5,7435.5,7437.75,6190
2026-06-26 12:40:00,7437.75,7439.75,7433.25,7433.75,5387
2026-06-26 12:45:00,7433.75,7437.75,7432.0,7437.25,5420
2026-06-26 12:50:00,7437.25,7442.75,7436.5,7439.5,6186
2026-06-26 12:55:00,7439.75,7439.75,7436.0,7438.25,4151
2026-06-26 13:00:00,7438.25,7445.75,7435.0,7442.75,6920
2026-06-26 13:05:00,7442.75,7451.75,7442.5,7450.0,7633
2026-06-26 13:10:00,7449.75,7452.25,7442.75,7444.5,5515
2026-06-26 13:15:00,7444.5,7445.25,7436.5,7438.0,5050
2026-06-26 13:20:00,7437.75,7439.75,7432.75,7434.0,6224
2026-06-26 13:25:00,7433.75,7443.25,7431.25,7440.75,6816
2026-06-26 13:30:00,7440.75,7447.75,7437.5,7439.5,7777
2026-06-26 13:35:00,7439.5,7439.75,7433.25,7433.75,4758
2026-06-26 13:40:00,7433.5,7439.0,7429.25,7436.0,7385
2026-06-26 13:45:00,7436.0,7437.75,7431.75,7432.0,4323
2026-06-26 13:50:00,7432.25,7436.75,7431.25,7434.5,4806
2026-06-26 13:55:00,7434.25,7434.5,7427.75,7430.0,5618
2026-06-26 14:00:00,7430.25,7437.5,7429.5,7435.75,6391
2026-06-26 14:05:00,7436.0,7439.5,7433.75,7435.0,6073
2026-06-26 14:10:00,7434.75,7438.0,7432.0,7434.0,5138
2026-06-26 14:15:00,7434.0,7435.75,7425.5,7427.5,7471
2026-06-26 14:20:00,7427.25,7430.25,7425.5,7428.75,8236
2026-06-26 14:25:00,7428.5,7430.0,7420.25,7421.25,9560
2026-06-26 14:30:00,7421.5,7429.75,7420.75,7427.75,9212
2026-06-26 14:35:00,7427.5,7428.0,7420.75,7422.25,6789
2026-06-26 14:40:00,7422.0,7424.5,7420.5,7420.75,6158
2026-06-26 14:45:00,7420.75,7420.75,7410.0,7412.75,13039
2026-06-26 14:50:00,7413.0,7413.25,7408.75,7410.25,11994
2026-06-26 14:55:00,7410.25,7414.0,7405.25,7409.0,11257
2026-06-26 15:00:00,7408.75,7413.5,7406.75,7407.0,10545
2026-06-26 15:05:00,7407.25,7417.5,7406.5,7416.25,10440
2026-06-26 15:10:00,7416.0,7421.0,7412.75,7420.5,9499
2026-06-26 15:15:00,7420.5,7422.75,7417.0,7420.75,10780
2026-06-26 15:20:00,7420.5,7422.0,7411.0,7416.0,13422
2026-06-26 15:25:00,7415.75,7418.0,7414.25,7415.0,9153
2026-06-26 15:30:00,7415.25,7421.25,7410.5,7419.25,10740
2026-06-26 15:35:00,7419.5,7420.75,7415.5,7416.0,8295
2026-06-26 15:40:00,7416.25,7426.75,7415.75,7426.0,10437
2026-06-26 15:45:00,7426.0,7431.75,7420.5,7423.75,15482
2026-06-26 15:50:00,7423.5,7429.5,7418.5,7425.0,24536
2026-06-26 15:55:00,7424.75,7429.25,7368.75,7380.25,106938
2026-06-26 16:00:00,7380.0,7408.75,7368.5,7400.0,51630
2026-06-26 16:05:00,7399.75,7403.25,7392.75,7400.5,16534
2026-06-26 16:10:00,7400.75,7413.5,7398.75,7412.25,11994
2026-06-26 16:15:00,7412.5,7417.25,7410.25,7413.25,5823
2026-06-26 16:20:00,7413.0,7418.5,7410.75,7417.75,5649
2026-06-26 16:25:00,7417.75,7421.0,7415.5,7415.75,5967
2026-06-26 16:30:00,7415.5,7416.75,7400.25,7408.5,5814
2026-06-26 16:35:00,7408.25,7411.75,7397.25,7404.0,6185
2026-06-26 16:40:00,7403.75,7404.0,7397.5,7399.75,3455
2026-06-26 16:45:00,7400.0,7401.75,7396.0,7400.0,3683
2026-06-26 16:50:00,7400.25,7404.25,7399.75,7402.5,2629
2026-06-26 16:55:00,7402.5,7404.75,7395.25,7397.25,4566
2026-06-28 18:00:00,7398.0,7434.75,7398.0,7430.5,5523
2026-06-28 18:05:00,7430.5,7435.75,7429.0,7431.0,2124
2026-06-28 18:10:00,7431.0,7437.75,7428.5,7435.25,1412
2026-06-28 18:15:00,7435.25,7435.5,7431.25,7432.0,835
2026-06-28 18:20:00,7431.75,7437.0,7427.0,7433.5,1507
2026-06-28 18:25:00,7433.5,7437.5,7432.0,7434.75,817
2026-06-28 18:30:00,7435.0,7438.5,7434.25,7435.0,1066
2026-06-28 18:35:00,7434.75,7437.5,7434.25,7435.0,503
2026-06-28 18:40:00,7435.0,7438.25,7434.25,7437.75,481
2026-06-28 18:45:00,7437.75,7438.5,7436.0,7437.5,328
2026-06-28 18:50:00,7437.5,7437.75,7434.0,7434.75,300
2026-06-28 18:55:00,7435.25,7436.25,7434.0,7434.5,283
2026-06-28 19:00:00,7434.5,7440.75,7432.5,7438.75,839
2026-06-28 19:05:00,7439.0,7447.5,7437.5,7447.5,1762
2026-06-28 19:10:00,7447.0,7448.5,7445.0,7446.25,886
2026-06-28 19:15:00,7446.5,7449.75,7444.25,7448.0,759
2026-06-28 19:20:00,7448.25,7451.5,7448.0,7449.0,699
2026-06-28 19:25:00,7449.0,7450.25,7448.5,7449.5,286
2026-06-28 19:30:00,7449.5,7452.75,7449.25,7451.0,618
2026-06-28 19:35:00,7451.0,7453.5,7450.25,7453.0,422
2026-06-28 19:40:00,7453.0,7453.5,7451.0,7452.0,669
2026-06-28 19:45:00,7452.0,7455.75,7449.5,7451.75,1310
2026-06-28 19:50:00,7451.75,7452.0,7448.75,7449.25,689
2026-06-28 19:55:00,7449.25,7450.75,7447.0,7447.25,996
2026-06-28 20:00:00,7447.5,7447.5,7432.75,7436.5,3829
2026-06-28 20:05:00,7436.75,7439.0,7432.5,7436.0,1398
2026-06-28 20:10:00,7436.25,7442.5,7435.0,7436.25,1209
2026-06-28 20:15:00,7436.25,7438.5,7427.75,7433.0,2096
2026-06-28 20:20:00,7432.75,7433.25,7423.25,7425.25,1962
2026-06-28 20:25:00,7425.25,7428.25,7422.75,7423.0,1649
2026-06-28 20:30:00,7423.25,7428.5,7422.5,7426.75,2064
2026-06-28 20:35:00,7426.5,7429.25,7424.0,7426.75,1317
2026-06-28 20:40:00,7426.75,7436.25,7426.25,7435.5,1393
2026-06-28 20:45:00,7434.75,7434.75,7423.0,7427.0,1450
2026-06-28 20:50:00,7427.0,7432.25,7426.75,7432.0,1057
2026-06-28 20:55:00,7432.25,7440.25,7432.25,7438.5,1212
2026-06-28 21:00:00,7438.5,7440.75,7430.5,7433.25,1467
2026-06-28 21:05:00,7433.25,7439.5,7433.25,7434.5,796
2026-06-28 21:10:00,7434.75,7437.25,7434.0,7436.75,575
2026-06-28 21:15:00,7437.0,7437.25,7427.0,7430.25,1011
2026-06-28 21:20:00,7429.75,7436.25,7428.25,7433.5,1059
2026-06-28 21:25:00,7434.0,7436.5,7428.5,7429.25,880
2026-06-28 21:30:00,7429.5,7432.0,7426.75,7429.25,1073
2026-06-28 21:35:00,7429.25,7440.25,7428.5,7438.75,1636
2026-06-28 21:40:00,7438.5,7443.0,7438.5,7440.5,1049
2026-06-28 21:45:00,7440.25,7441.25,7434.75,7437.25,886
2026-06-28 21:50:00,7437.75,7439.5,7435.75,7437.75,656
2026-06-28 21:55:00,7437.75,7441.75,7436.75,7438.5,916
2026-06-28 22:00:00,7438.75,7439.75,7433.5,7434.25,853
2026-06-28 22:05:00,7434.25,7435.75,7428.75,7429.75,900
2026-06-28 22:10:00,7429.75,7431.25,7421.75,7422.75,1305
2026-06-28 22:15:00,7422.5,7429.25,7420.75,7428.75,1103
2026-06-28 22:20:00,7428.75,7435.75,7428.75,7434.5,792
2026-06-28 22:25:00,7434.25,7441.0,7433.25,7439.75,942
2026-06-28 22:30:00,7440.0,7441.0,7438.0,7439.75,816
2026-06-28 22:35:00,7439.0,7443.75,7438.5,7441.75,685
2026-06-28 22:40:00,7441.5,7443.5,7440.5,7441.5,505
2026-06-28 22:45:00,7441.75,7443.0,7440.5,7442.5,466
2026-06-28 22:50:00,7442.5,7443.0,7440.0,7440.25,463
2026-06-28 22:55:00,7440.5,7442.5,7440.25,7440.5,390
2026-06-28 23:00:00,7440.75,7448.0,7440.75,7446.75,1327
2026-06-28 23:05:00,7446.75,7450.0,7446.25,7447.75,1362
2026-06-28 23:10:00,7448.0,7448.0,7444.25,7444.5,739
2026-06-28 23:15:00,7444.5,7445.0,7443.5,7444.5,435
2026-06-28 23:20:00,7444.5,7446.25,7443.0,7444.25,562
2026-06-28 23:25:00,7444.0,7446.5,7443.25,7444.75,610
2026-06-28 23:30:00,7444.5,7446.0,7439.5,7440.25,939
2026-06-28 23:35:00,7440.5,7440.5,7434.0,7436.5,929
2026-06-28 23:40:00,7436.5,7438.5,7435.25,7436.75,493
2026-06-28 23:45:00,7436.75,7445.5,7436.0,7444.75,763
2026-06-28 23:50:00,7444.75,7452.75,7444.75,7449.0,1328
2026-06-28 23:55:00,7449.0,7451.5,7447.0,7450.25,706
2026-06-29 00:00:00,7450.25,7450.5,7447.25,7447.75,491
2026-06-29 00:05:00,7447.75,7448.5,7444.75,7447.25,668
2026-06-29 00:10:00,7447.0,7447.25,7444.75,7445.25,346
2026-06-29 00:15:00,7445.25,7445.5,7442.75,7443.5,424
2026-06-29 00:20:00,7443.5,7445.5,7441.5,7445.0,456
2026-06-29 00:25:00,7445.25,7448.0,7443.5,7444.25,578
2026-06-29 00:30:00,7444.5,7446.0,7441.75,7443.0,424
2026-06-29 00:35:00,7442.75,7445.25,7441.25,7442.75,433
2026-06-29 00:40:00,7442.75,7443.0,7439.75,7441.5,582
2026-06-29 00:45:00,7441.75,7443.0,7440.0,7443.0,430
2026-06-29 00:50:00,7443.0,7445.25,7441.5,7444.5,359
2026-06-29 00:55:00,7444.25,7444.25,7440.75,7442.0,372
2026-06-29 01:00:00,7442.25,7444.25,7439.5,7441.25,606
2026-06-29 01:05:00,7441.0,7443.5,7439.0,7441.75,464
2026-06-29 01:10:00,7442.0,7445.0,7439.0,7444.5,581
2026-06-29 01:15:00,7444.75,7447.25,7440.5,7442.0,783
2026-06-29 01:20:00,7442.0,7444.0,7441.25,7443.0,344
2026-06-29 01:25:00,7443.0,7445.0,7441.5,7442.75,478
2026-06-29 01:30:00,7442.5,7449.25,7442.0,7449.25,946
2026-06-29 01:35:00,7449.0,7450.0,7445.25,7447.75,760
2026-06-29 01:40:00,7448.0,7453.75,7447.5,7453.0,1268
2026-06-29 01:45:00,7453.25,7453.25,7451.0,7451.5,962
2026-06-29 01:50:00,7451.25,7457.25,7450.0,7456.5,1598
2026-06-29 01:55:00,7456.5,7458.5,7454.75,7457.25,1431
2026-06-29 02:00:00,7457.0,7457.75,7447.75,7449.5,1893
2026-06-29 02:05:00,7449.75,7449.75,7446.0,7447.5,1018
2026-06-29 02:10:00,7447.75,7448.5,7445.5,7447.75,889
2026-06-29 02:15:00,7447.75,7449.0,7447.0,7447.75,718
2026-06-29 02:20:00,7447.5,7450.75,7446.75,7450.25,805
2026-06-29 02:25:00,7450.5,7452.25,7449.0,7450.75,840
2026-06-29 02:30:00,7451.0,7454.0,7449.5,7453.75,1009
2026-06-29 02:35:00,7454.0,7454.75,7450.0,7451.5,608
2026-06-29 02:40:00,7451.5,7453.75,7451.0,7451.75,663
2026-06-29 02:45:00,7451.75,7452.0,7449.0,7449.25,574
2026-06-29 02:50:00,7449.5,7450.0,7447.0,7447.0,829
2026-06-29 02:55:00,7446.75,7447.0,7444.25,7446.25,934
2026-06-29 03:00:00,7446.5,7446.75,7436.5,7440.75,2490
2026-06-29 03:05:00,7440.5,7442.0,7437.5,7441.25,1640
2026-06-29 03:10:00,7441.75,7443.0,7437.25,7442.75,1103
2026-06-29 03:15:00,7442.75,7447.5,7442.75,7445.5,902
2026-06-29 03:20:00,7445.25,7448.5,7444.25,7447.5,1021
2026-06-29 03:25:00,7447.5,7451.75,7446.25,7450.25,972
2026-06-29 03:30:00,7450.25,7450.5,7446.75,7448.75,795
2026-06-29 03:35:00,7448.5,7452.5,7446.75,7452.5,696
2026-06-29 03:40:00,7452.5,7453.25,7450.25,7450.75,858
2026-06-29 03:45:00,7450.5,7452.75,7448.25,7449.5,1403
2026-06-29 03:50:00,7449.75,7451.75,7449.0,7450.0,514
2026-06-29 03:55:00,7449.5,7451.5,7449.0,7451.5,472
2026-06-29 04:00:00,7451.25,7458.75,7450.25,7455.75,2017
2026-06-29 04:05:00,7455.5,7459.75,7455.0,7458.0,1322
2026-06-29 04:10:00,7458.0,7459.0,7456.5,7458.0,734
2026-06-29 04:15:00,7457.75,7463.75,7455.25,7460.5,2096
2026-06-29 04:20:00,7460.25,7461.0,7457.75,7459.25,885
2026-06-29 04:25:00,7459.25,7461.75,7455.75,7456.25,772
2026-06-29 04:30:00,7456.25,7460.75,7455.5,7460.0,820
2026-06-29 04:35:00,7460.0,7461.75,7455.75,7456.5,695
2026-06-29 04:40:00,7456.75,7456.75,7454.0,7455.0,951
2026-06-29 04:45:00,7454.75,7457.5,7453.75,7455.25,570
2026-06-29 04:50:00,7455.25,7456.5,7452.5,7453.0,508
2026-06-29 04:55:00,7453.0,7453.25,7450.75,7451.5,775
2026-06-29 05:00:00,7451.25,7453.75,7450.5,7453.0,735
2026-06-29 05:05:00,7452.75,7453.75,7451.0,7453.0,607
2026-06-29 05:10:00,7452.75,7454.75,7451.0,7453.75,777
2026-06-29 05:15:00,7453.5,7456.25,7452.25,7455.5,672
2026-06-29 05:20:00,7455.5,7456.5,7454.5,7456.5,837
2026-06-29 05:25:00,7456.25,7458.75,7455.25,7457.75,1042
2026-06-29 05:30:00,7458.0,7459.25,7456.25,7456.5,769
2026-06-29 05:35:00,7456.5,7457.0,7454.25,7456.0,633
2026-06-29 05:40:00,7455.75,7456.0,7453.75,7455.5,577
2026-06-29 05:45:00,7455.25,7456.25,7453.75,7454.5,460
2026-06-29 05:50:00,7454.5,7455.5,7447.5,7451.0,2574
2026-06-29 05:55:00,7451.0,7455.25,7450.5,7454.5,1077
2026-06-29 06:00:00,7454.75,7459.5,7454.75,7458.0,1374
2026-06-29 06:05:00,7457.75,7460.5,7456.0,7460.25,768
2026-06-29 06:10:00,7460.5,7461.0,7456.0,7456.75,731
2026-06-29 06:15:00,7456.75,7456.75,7452.5,7455.25,970
2026-06-29 06:20:00,7455.25,7456.5,7454.25,7455.0,487
2026-06-29 06:25:00,7455.0,7460.25,7454.0,7460.0,777
2026-06-29 06:30:00,7460.25,7462.5,7459.25,7461.0,930
2026-06-29 06:35:00,7461.25,7465.0,7459.25,7463.5,1434
2026-06-29 06:40:00,7463.75,7464.0,7461.5,7461.75,741
2026-06-29 06:45:00,7461.75,7462.25,7455.75,7461.5,1460
2026-06-29 06:50:00,7461.75,7463.0,7461.0,7462.5,682
2026-06-29 06:55:00,7462.75,7466.75,7461.75,7466.0,2244
2026-06-29 07:00:00,7466.0,7469.5,7465.25,7469.0,2688
2026-06-29 07:05:00,7469.0,7470.5,7467.25,7467.25,1644
2026-06-29 07:10:00,7467.0,7467.25,7462.75,7463.25,1003
2026-06-29 07:15:00,7463.25,7464.25,7459.5,7460.0,1040
2026-06-29 07:20:00,7460.25,7461.75,7458.0,7460.25,1244
2026-06-29 07:25:00,7460.25,7463.5,7460.0,7462.0,531
2026-06-29 07:30:00,7462.0,7473.75,7460.25,7465.5,3930
2026-06-29 07:35:00,7465.5,7467.0,7463.5,7463.75,764
2026-06-29 07:40:00,7463.75,7466.5,7463.0,7464.5,1031
2026-06-29 07:45:00,7464.5,7467.75,7464.5,7466.25,892
2026-06-29 07:50:00,7466.25,7468.75,7464.25,7465.0,819
2026-06-29 07:55:00,7465.25,7465.75,7462.5,7463.5,1206
2026-06-29 08:00:00,7463.5,7465.5,7461.5,7464.25,1268
2026-06-29 08:05:00,7464.25,7465.5,7462.5,7465.0,959
2026-06-29 08:10:00,7465.25,7467.75,7465.0,7466.0,1054
2026-06-29 08:15:00,7466.0,7469.25,7465.0,7466.75,1273
2026-06-29 08:20:00,7466.75,7467.5,7464.0,7464.75,995
2026-06-29 08:25:00,7464.75,7467.75,7464.75,7465.5,1132
2026-06-29 08:30:00,7465.5,7467.25,7461.0,7467.0,2117
2026-06-29 08:35:00,7467.0,7467.75,7460.25,7461.0,1702
2026-06-29 08:40:00,7460.75,7461.75,7455.25,7459.25,2683
2026-06-29 08:45:00,7459.25,7462.25,7457.5,7458.75,1533
2026-06-29 08:50:00,7458.75,7461.25,7457.75,7460.0,1674
2026-06-29 08:55:00,7460.0,7464.0,7459.75,7464.0,1204
2026-06-29 09:00:00,7464.0,7466.75,7463.75,7464.25,2327
2026-06-29 09:05:00,7464.5,7466.25,7463.0,7464.0,2022
2026-06-29 09:10:00,7464.0,7468.25,7463.5,7467.5,1989
2026-06-29 09:15:00,7467.5,7468.75,7466.5,7466.5,2506
2026-06-29 09:20:00,7466.75,7467.25,7458.25,7459.25,3312
2026-06-29 09:25:00,7459.5,7460.25,7455.0,7457.0,6316
2026-06-29 09:30:00,7457.25,7479.0,7444.5,7477.75,50292
2026-06-29 09:35:00,7477.75,7478.25,7460.25,7471.5,32632
2026-06-29 09:40:00,7471.5,7483.5,7464.25,7483.5,25310
2026-06-29 09:45:00,7483.5,7488.25,7478.5,7479.25,29102
2026-06-29 09:50:00,7479.25,7490.0,7474.0,7479.5,25553
2026-06-29 09:55:00,7479.5,7480.75,7453.75,7458.5,38533
2026-06-29 10:00:00,7458.5,7460.75,7448.25,7450.0,39055
2026-06-29 10:05:00,7450.0,7450.75,7435.25,7439.5,35028
2026-06-29 10:10:00,7439.5,7442.5,7415.5,7415.5,35673
2026-06-29 10:15:00,7415.5,7428.25,7409.0,7426.0,39351
2026-06-29 10:20:00,7425.75,7434.75,7421.5,7430.25,26027
2026-06-29 10:25:00,7430.25,7450.75,7430.0,7449.75,27925
2026-06-29 10:30:00,7449.5,7465.75,7448.0,7463.0,34789
2026-06-29 10:35:00,7462.75,7466.5,7457.75,7460.5,26428
2026-06-29 10:40:00,7460.75,7467.75,7457.25,7459.75,21348
2026-06-29 10:45:00,7459.75,7460.25,7447.75,7455.75,23805
2026-06-29 10:50:00,7455.5,7472.5,7455.0,7469.0,21764
2026-06-29 10:55:00,7468.75,7469.0,7460.5,7468.0,17136
2026-06-29 11:00:00,7468.0,7469.5,7461.25,7462.75,16620
2026-06-29 11:05:00,7462.75,7464.75,7459.25,7461.25,12443
2026-06-29 11:10:00,7461.25,7464.0,7454.75,7464.0,16894
2026-06-29 11:15:00,7464.25,7467.0,7458.5,7459.0,10012
2026-06-29 11:20:00,7459.0,7464.5,7453.0,7456.5,12587
2026-06-29 11:25:00,7456.75,7467.75,7454.75,7467.0,11034
2026-06-29 11:30:00,7467.0,7469.5,7464.75,7465.75,13742
2026-06-29 11:35:00,7465.5,7471.0,7461.5,7469.75,11179
2026-06-29 11:40:00,7470.0,7474.75,7466.75,7474.25,11327
2026-06-29 11:45:00,7474.5,7474.5,7467.5,7469.0,13349
2026-06-29 11:50:00,7469.0,7471.75,7467.5,7470.5,9247
2026-06-29 11:55:00,7470.5,7475.75,7468.0,7475.0,8964
2026-06-29 12:00:00,7475.25,7479.5,7474.75,7479.0,13246
2026-06-29 12:05:00,7479.25,7481.75,7476.5,7478.25,12251
2026-06-29 12:10:00,7478.5,7480.0,7474.75,7475.5,7732
2026-06-29 12:15:00,7475.25,7478.0,7474.75,7476.0,6349
2026-06-29 12:20:00,7476.25,7478.25,7474.0,7478.25,6998
2026-06-29 12:25:00,7478.0,7479.0,7473.0,7473.75,6185
2026-06-29 12:30:00,7474.0,7475.75,7470.0,7471.5,8019
2026-06-29 12:35:00,7471.5,7474.75,7470.25,7474.75,6900
2026-06-29 12:40:00,7474.5,7476.25,7473.25,7475.5,6169
2026-06-29 12:45:00,7475.5,7476.5,7472.0,7475.0,5354
2026-06-29 12:50:00,7475.25,7480.0,7474.25,7479.25,7791
2026-06-29 12:55:00,7479.0,7479.5,7476.5,7477.25,5130
2026-06-29 13:00:00,7477.25,7481.25,7477.25,7480.75,5285
2026-06-29 13:05:00,7480.75,7484.5,7480.5,7483.75,6036
2026-06-29 13:10:00,7483.5,7492.75,7483.25,7490.5,11117
2026-06-29 13:15:00,7490.5,7493.25,7489.25,7491.5,10261
2026-06-29 13:20:00,7491.5,7494.75,7485.5,7485.75,11938
2026-06-29 13:25:00,7485.75,7492.25,7485.0,7491.75,8193
2026-06-29 13:30:00,7491.75,7496.75,7490.0,7493.25,10144
2026-06-29 13:35:00,7493.0,7494.75,7490.0,7493.25,6162
2026-06-29 13:40:00,7493.25,7494.75,7492.75,7493.0,5496
2026-06-29 13:45:00,7493.25,7496.25,7491.25,7495.0,6027
2026-06-29 13:50:00,7495.25,7498.75,7494.0,7495.75,7264
2026-06-29 13:55:00,7495.75,7497.25,7491.75,7494.0,5988
2026-06-29 14:00:00,7494.0,7498.0,7492.25,7496.25,7665
2026-06-29 14:05:00,7496.0,7498.0,7494.5,7495.25,5417
2026-06-29 14:10:00,7495.0,7497.25,7494.25,7495.75,4732
2026-06-29 14:15:00,7495.75,7496.25,7493.5,7494.0,5356
2026-06-29 14:20:00,7494.0,7495.75,7491.75,7494.0,5648
2026-06-29 14:25:00,7494.0,7494.0,7491.25,7492.0,5024
2026-06-29 14:30:00,7492.25,7497.25,7491.5,7496.25,6887
2026-06-29 14:35:00,7496.25,7499.5,7495.25,7498.0,7074
2026-06-29 14:40:00,7498.0,7500.75,7496.75,7499.75,7220
2026-06-29 14:45:00,7500.0,7502.0,7498.75,7499.5,6776
2026-06-29 14:50:00,7499.5,7499.75,7496.75,7498.5,5768
2026-06-29 14:55:00,7498.5,7499.0,7495.5,7497.0,6158
2026-06-29 15:00:00,7496.75,7499.25,7494.75,7496.0,6775
2026-06-29 15:05:00,7495.75,7499.25,7495.0,7497.5,6961
2026-06-29 15:10:00,7497.5,7497.75,7494.75,7495.5,6629
2026-06-29 15:15:00,7495.25,7497.5,7493.0,7495.75,7373
2026-06-29 15:20:00,7495.75,7500.5,7495.75,7499.0,8124
2026-06-29 15:25:00,7499.0,7499.75,7497.75,7498.0,6652
2026-06-29 15:30:00,7498.0,7498.5,7493.5,7494.0,8171
2026-06-29 15:35:00,7494.0,7496.75,7493.75,7496.25,5911
2026-06-29 15:40:00,7496.25,7498.75,7493.5,7495.5,9824
2026-06-29 15:45:00,7495.25,7497.5,7495.0,7497.25,8307
2026-06-29 15:50:00,7497.5,7499.5,7491.5,7492.5,19241
2026-06-29 15:55:00,7492.25,7505.0,7492.0,7496.75,91896
2026-06-29 16:00:00,7497.0,7499.0,7491.75,7495.25,28647
2026-06-29 16:05:00,7495.0,7496.75,7494.25,7495.75,5549
2026-06-29 16:10:00,7495.75,7498.5,7495.25,7497.5,4785
2026-06-29 16:15:00,7497.5,7498.25,7496.5,7498.0,2180
2026-06-29 16:20:00,7498.0,7500.0,7497.25,7498.75,1725
2026-06-29 16:25:00,7498.5,7499.5,7497.0,7497.25,1261
2026-06-29 16:30:00,7497.25,7497.5,7495.5,7495.75,753
2026-06-29 16:35:00,7495.75,7496.0,7492.5,7493.25,1420
2026-06-29 16:40:00,7493.25,7494.0,7492.5,7493.75,698
2026-06-29 16:45:00,7493.75,7493.75,7491.25,7493.25,1168
2026-06-29 16:50:00,7493.25,7494.5,7493.0,7493.75,1502
2026-06-29 16:55:00,7493.5,7495.75,7493.0,7493.5,1561
2026-06-29 18:00:00,7495.5,7496.75,7490.5,7493.25,1131
2026-06-29 18:05:00,7493.5,7496.5,7491.5,7495.0,821
2026-06-29 18:10:00,7495.25,7497.5,7493.5,7494.0,517
2026-06-29 18:15:00,7494.25,7495.75,7493.0,7495.5,228
2026-06-29 18:20:00,7495.5,7496.75,7494.75,7494.75,329
2026-06-29 18:25:00,7494.75,7495.75,7493.5,7494.25,305
2026-06-29 18:30:00,7494.25,7494.25,7491.5,7492.25,490
2026-06-29 18:35:00,7492.5,7493.25,7492.0,7493.0,187
2026-06-29 18:40:00,7492.75,7497.0,7492.25,7495.75,773
2026-06-29 18:45:00,7495.75,7496.0,7494.25,7495.0,276
2026-06-29 18:50:00,7494.75,7494.75,7493.5,7494.5,224
2026-06-29 18:55:00,7494.5,7495.0,7493.25,7494.5,164
2026-06-29 19:00:00,7494.5,7495.75,7493.75,7495.75,155
2026-06-29 19:05:00,7495.5,7498.5,7495.25,7498.0,320
2026-06-29 19:10:00,7498.0,7498.75,7495.5,7496.25,470
2026-06-29 19:15:00,7496.5,7497.25,7495.5,7496.25,145
2026-06-29 19:20:00,7496.0,7497.0,7495.25,7495.75,120
2026-06-29 19:25:00,7495.5,7497.25,7495.5,7496.25,160
2026-06-29 19:30:00,7496.0,7498.5,7495.0,7498.25,348
2026-06-29 19:35:00,7498.0,7498.25,7496.5,7496.5,231
2026-06-29 19:40:00,7496.5,7497.75,7495.75,7496.25,254
2026-06-29 19:45:00,7496.0,7496.5,7492.25,7493.5,598
2026-06-29 19:50:00,7493.75,7494.5,7491.75,7493.5,343
2026-06-29 19:55:00,7493.25,7497.0,7493.25,7495.5,301
2026-06-29 20:00:00,7495.5,7496.25,7491.25,7495.75,1094
2026-06-29 20:05:00,7496.0,7500.5,7495.5,7496.25,1014
2026-06-29 20:10:00,7496.25,7501.0,7495.0,7499.5,688
2026-06-29 20:15:00,7499.25,7501.0,7497.5,7498.25,636
2026-06-29 20:20:00,7498.25,7498.75,7494.25,7496.0,672
2026-06-29 20:25:00,7496.0,7496.5,7489.25,7490.75,1132
2026-06-29 20:30:00,7490.75,7491.5,7481.75,7486.25,1897
2026-06-29 20:35:00,7486.0,7487.75,7484.0,7486.75,857
2026-06-29 20:40:00,7487.0,7488.75,7484.0,7484.75,1117
2026-06-29 20:45:00,7484.75,7490.5,7483.75,7490.25,980
2026-06-29 20:50:00,7490.0,7492.75,7488.25,7492.25,829
2026-06-29 20:55:00,7492.5,7493.0,7491.0,7492.5,527
2026-06-29 21:00:00,7492.75,7494.0,7487.0,7488.5,1032
2026-06-29 21:05:00,7488.75,7488.75,7485.75,7486.0,856
2026-06-29 21:10:00,7486.25,7487.25,7484.0,7486.25,744
2026-06-29 21:15:00,7486.25,7489.5,7484.75,7489.0,860
2026-06-29 21:20:00,7489.25,7491.5,7487.5,7490.0,737
2026-06-29 21:25:00,7490.0,7499.0,7489.25,7499.0,1307
2026-06-29 21:30:00,7499.0,7501.5,7497.0,7497.75,1520
2026-06-29 21:35:00,7498.0,7498.0,7492.0,7494.5,983
2026-06-29 21:40:00,7494.5,7498.5,7494.5,7497.5,701
2026-06-29 21:45:00,7497.25,7498.25,7493.5,7496.25,732
2026-06-29 21:50:00,7496.5,7498.25,7495.25,7497.25,390
2026-06-29 21:55:00,7497.25,7498.75,7497.0,7498.25,350
2026-06-29 22:00:00,7498.25,7498.5,7493.75,7494.75,679
2026-06-29 22:05:00,7495.0,7495.5,7493.0,7494.75,531
2026-06-29 22:10:00,7494.5,7494.5,7491.5,7492.0,570
2026-06-29 22:15:00,7492.25,7493.0,7488.25,7490.25,876
2026-06-29 22:20:00,7490.25,7494.75,7489.75,7494.5,496
2026-06-29 22:25:00,7494.25,7495.5,7493.25,7494.0,531
2026-06-29 22:30:00,7494.0,7496.25,7493.25,7494.0,614
2026-06-29 22:35:00,7494.25,7494.75,7493.25,7494.25,237
2026-06-29 22:40:00,7494.5,7494.75,7492.0,7492.5,388
2026-06-29 22:45:00,7492.5,7494.75,7492.0,7494.5,349
2026-06-29 22:50:00,7494.25,7494.75,7493.25,7494.0,264
2026-06-29 22:55:00,7494.0,7494.75,7490.75,7491.5,463
2026-06-29 23:00:00,7491.25,7492.25,7490.25,7491.75,543
2026-06-29 23:05:00,7491.75,7494.75,7491.5,7494.5,405
2026-06-29 23:10:00,7494.5,7494.75,7493.0,7493.25,203
2026-06-29 23:15:00,7493.25,7496.5,7493.25,7495.75,411
2026-06-29 23:20:00,7495.75,7496.25,7494.25,7494.5,419
2026-06-29 23:25:00,7494.25,7497.25,7493.75,7496.5,439
2026-06-29 23:30:00,7496.5,7499.25,7495.5,7498.5,579
2026-06-29 23:35:00,7498.5,7503.0,7497.75,7502.5,1246
2026-06-29 23:40:00,7502.5,7504.5,7501.75,7503.75,834
2026-06-29 23:45:00,7503.75,7504.5,7502.5,7504.25,613
2026-06-29 23:50:00,7504.5,7507.0,7503.5,7503.75,824
2026-06-29 23:55:00,7503.5,7503.5,7501.5,7501.5,704
2026-06-30 00:00:00,7501.5,7507.0,7501.25,7507.0,838
2026-06-30 00:05:00,7506.75,7508.0,7505.5,7505.75,580
2026-06-30 00:10:00,7506.0,7507.0,7505.5,7506.75,250
2026-06-30 00:15:00,7506.75,7507.0,7505.75,7506.25,253
2026-06-30 00:20:00,7506.25,7508.0,7506.0,7507.0,504
2026-06-30 00:25:00,7507.0,7509.0,7506.75,7508.75,572
2026-06-30 00:30:00,7509.0,7510.0,7507.75,7510.0,930
2026-06-30 00:35:00,7510.0,7513.0,7510.0,7512.75,936
2026-06-30 00:40:00,7512.5,7513.25,7511.75,7513.0,640
2026-06-30 00:45:00,7513.0,7513.5,7510.25,7511.5,595
2026-06-30 00:50:00,7511.75,7512.5,7510.0,7511.25,576
2026-06-30 00:55:00,7511.0,7512.25,7510.5,7510.75,303
2026-06-30 01:00:00,7510.75,7515.0,7510.75,7512.5,1236
2026-06-30 01:05:00,7512.25,7513.0,7511.75,7511.75,328
2026-06-30 01:10:00,7511.5,7512.75,7511.0,7512.75,422
2026-06-30 01:15:00,7512.5,7513.0,7510.25,7510.75,460
2026-06-30 01:20:00,7511.0,7513.25,7510.5,7512.75,475
2026-06-30 01:25:00,7513.0,7513.25,7508.0,7508.5,1234
2026-06-30 01:30:00,7508.75,7508.75,7505.0,7505.75,1206
2026-06-30 01:35:00,7505.5,7506.5,7503.75,7506.0,847
2026-06-30 01:40:00,7506.0,7509.0,7506.0,7506.5,924
2026-06-30 01:45:00,7506.75,7508.5,7506.25,7508.5,350
2026-06-30 01:50:00,7508.75,7510.5,7507.75,7509.75,679
2026-06-30 01:55:00,7509.75,7511.0,7509.0,7510.25,541
2026-06-30 02:00:00,7510.25,7511.5,7509.0,7510.25,1024
2026-06-30 02:05:00,7510.0,7510.25,7507.5,7507.75,709
2026-06-30 02:10:00,7508.0,7510.25,7507.25,7508.5,1013
2026-06-30 02:15:00,7508.5,7508.5,7506.5,7507.0,695
2026-06-30 02:20:00,7506.75,7506.75,7504.75,7505.75,996
2026-06-30 02:25:00,7505.5,7508.75,7502.75,7508.0,1520
2026-06-30 02:30:00,7508.0,7508.5,7501.5,7503.0,1455
2026-06-30 02:35:00,7503.0,7505.5,7502.5,7504.0,977
2026-06-30 02:40:00,7504.25,7505.25,7502.75,7503.0,376
2026-06-30 02:45:00,7502.75,7507.25,7502.25,7507.25,885
2026-06-30 02:50:00,7507.0,7507.25,7505.75,7506.25,449
2026-06-30 02:55:00,7506.5,7508.75,7506.0,7508.75,530
2026-06-30 03:00:00,7508.75,7511.5,7507.25,7510.25,1976
2026-06-30 03:05:00,7510.25,7512.75,7508.25,7508.75,1062
2026-06-30 03:10:00,7508.5,7508.5,7505.25,7506.0,1107
2026-06-30 03:15:00,7505.75,7507.75,7505.0,7505.25,1254
2026-06-30 03:20:00,7505.25,7508.75,7504.5,7508.25,805
2026-06-30 03:25:00,7508.25,7509.5,7507.25,7507.75,522
2026-06-30 03:30:00,7507.75,7509.5,7507.0,7507.75,777
2026-06-30 03:35:00,7508.0,7510.0,7507.25,7507.25,692
2026-06-30 03:40:00,7507.5,7508.5,7506.75,7507.0,610
2026-06-30 03:45:00,7507.25,7507.25,7504.0,7505.75,1211
2026-06-30 03:50:00,7505.5,7505.5,7501.0,7503.75,1210
2026-06-30 03:55:00,7503.75,7504.25,7501.5,7502.0,722
2026-06-30 04:00:00,7501.75,7508.75,7501.25,7505.0,2009
2026-06-30 04:05:00,7505.0,7508.25,7504.5,7505.75,1026
2026-06-30 04:10:00,7505.75,7508.0,7502.75,7502.75,1049
2026-06-30 04:15:00,7502.75,7503.75,7499.5,7503.5,1327
2026-06-30 04:20:00,7503.5,7508.0,7503.25,7508.0,1151
2026-06-30 04:25:00,7508.0,7509.0,7506.5,7508.75,731
2026-06-30 04:30:00,7508.5,7510.25,7502.0,7502.5,1271
2026-06-30 04:35:00,7502.5,7503.0,7497.5,7498.0,1846
2026-06-30 04:40:00,7497.75,7499.25,7495.0,7498.5,1379
2026-06-30 04:45:00,7498.75,7499.0,7494.75,7495.75,1214
2026-06-30 04:50:00,7496.0,7500.75,7494.0,7500.75,1338
2026-06-30 04:55:00,7500.75,7503.0,7500.0,7501.75,882
2026-06-30 05:00:00,7502.0,7504.5,7500.5,7504.0,1019
2026-06-30 05:05:00,7503.75,7504.25,7501.5,7501.75,586
2026-06-30 05:10:00,7501.75,7504.5,7501.0,7503.75,640
2026-06-30 05:15:00,7503.75,7505.75,7503.5,7504.5,906
2026-06-30 05:20:00,7504.75,7505.0,7503.0,7503.5,746
2026-06-30 05:25:00,7503.75,7504.75,7502.5,7502.75,592
2026-06-30 05:30:00,7502.75,7503.25,7498.75,7499.5,816
2026-06-30 05:35:00,7499.25,7504.0,7499.25,7503.75,703
2026-06-30 05:40:00,7504.0,7505.5,7503.5,7504.75,576
2026-06-30 05:45:00,7504.5,7508.0,7504.5,7507.5,789
2026-06-30 05:50:00,7507.75,7508.25,7506.25,7507.0,768
2026-06-30 05:55:00,7507.0,7508.0,7505.75,7506.0,419
2026-06-30 06:00:00,7506.25,7506.75,7504.0,7505.25,1014
2026-06-30 06:05:00,7505.0,7508.75,7505.0,7507.25,633
2026-06-30 06:10:00,7507.25,7507.25,7505.0,7507.25,991
2026-06-30 06:15:00,7506.75,7508.5,7506.75,7508.0,681
2026-06-30 06:20:00,7507.75,7508.75,7506.0,7506.25,553
2026-06-30 06:25:00,7506.25,7508.5,7506.25,7508.25,707
2026-06-30 06:30:00,7508.25,7509.25,7506.0,7506.5,901
2026-06-30 06:35:00,7506.25,7506.75,7504.25,7506.0,541
2026-06-30 06:40:00,7505.75,7508.0,7505.5,7507.0,507
2026-06-30 06:45:00,7507.0,7510.75,7505.5,7509.75,711
2026-06-30 06:50:00,7509.75,7511.25,7508.75,7510.75,830
2026-06-30 06:55:00,7510.75,7515.0,7510.0,7513.25,1282
2026-06-30 07:00:00,7513.0,7514.75,7511.25,7514.0,1454
2026-06-30 07:05:00,7514.25,7517.0,7514.25,7515.75,1489
2026-06-30 07:10:00,7515.75,7517.0,7514.75,7516.5,1523
2026-06-30 07:15:00,7516.75,7517.5,7514.75,7515.0,1277
2026-06-30 07:20:00,7515.25,7515.75,7511.5,7511.75,1102
2026-06-30 07:25:00,7511.5,7512.25,7509.0,7511.5,1506
2026-06-30 07:30:00,7511.75,7512.75,7509.75,7511.0,1047
2026-06-30 07:35:00,7511.0,7512.25,7510.0,7511.0,796
2026-06-30 07:40:00,7510.75,7515.25,7510.75,7514.25,1053
2026-06-30 07:45:00,7514.25,7517.5,7514.0,7516.75,1244
2026-06-30 07:50:00,7516.75,7517.5,7513.0,7513.5,2147
2026-06-30 07:55:00,7513.5,7513.5,7510.0,7510.5,1098
2026-06-30 08:00:00,7510.75,7511.0,7504.25,7505.25,3284
2026-06-30 08:05:00,7505.25,7506.25,7503.0,7504.25,2333
2026-06-30 08:10:00,7504.25,7507.75,7501.5,7502.75,2454
2026-06-30 08:15:00,7502.5,7503.25,7500.25,7501.75,2061
2026-06-30 08:20:00,7501.75,7502.5,7497.5,7499.0,2416
2026-06-30 08:25:00,7499.0,7499.75,7495.75,7496.0,2524
2026-06-30 08:30:00,7496.0,7497.5,7491.5,7494.25,4030
2026-06-30 08:35:00,7494.25,7498.0,7494.0,7498.0,2663
2026-06-30 08:40:00,7498.0,7500.75,7497.0,7499.5,2381
2026-06-30 08:45:00,7499.5,7501.0,7498.0,7500.75,1776
2026-06-30 08:50:00,7500.75,7502.0,7499.5,7500.25,1852
2026-06-30 08:55:00,7500.0,7500.75,7496.25,7497.0,2524
2026-06-30 09:00:00,7497.0,7498.75,7494.75,7495.25,3354
2026-06-30 09:05:00,7495.5,7498.25,7494.25,7495.5,3152
2026-06-30 09:10:00,7495.75,7499.5,7495.5,7496.5,2420
2026-06-30 09:15:00,7496.5,7498.0,7495.25,7497.25,3064
2026-06-30 09:20:00,7497.0,7498.0,7492.25,7492.75,2203
2026-06-30 09:25:00,7492.75,7500.5,7492.75,7500.0,6282
2026-06-30 09:30:00,7500.0,7506.75,7495.75,7500.25,29172
2026-06-30 09:35:00,7500.25,7508.0,7498.25,7501.75,21926
2026-06-30 09:40:00,7501.5,7510.5,7499.25,7506.0,18999
2026-06-30 09:45:00,7506.0,7510.25,7503.5,7507.0,15811
2026-06-30 09:50:00,7507.0,7522.0,7505.75,7518.75,22579
2026-06-30 09:55:00,7518.75,7528.0,7518.5,7526.75,15683
2026-06-30 10:00:00,7526.75,7532.75,7515.5,7532.5,25224
2026-06-30 10:05:00,7532.5,7532.5,7521.0,7522.75,16692
2026-06-30 10:10:00,7523.0,7526.25,7519.0,7523.75,15920
2026-06-30 10:15:00,7523.5,7526.25,7520.5,7523.25,13877
2026-06-30 10:20:00,7523.25,7532.25,7522.0,7530.5,11908
2026-06-30 10:25:00,7530.5,7533.5,7527.5,7532.5,11197
2026-06-30 10:30:00,7532.5,7541.5,7532.0,7541.25,15795
2026-06-30 10:35:00,7541.25,7541.75,7531.0,7533.5,14771
2026-06-30 10:40:00,7533.25,7537.25,7529.0,7535.75,13452
2026-06-30 10:45:00,7535.5,7535.75,7523.75,7526.25,15031
2026-06-30 10:50:00,7526.0,7530.0,7520.25,7521.0,14847
2026-06-30 10:55:00,7521.0,7524.5,7516.75,7520.5,17854
2026-06-30 11:00:00,7520.5,7530.75,7520.0,7529.25,15660
2026-06-30 11:05:00,7529.25,7532.75,7525.5,7531.75,10197
2026-06-30 11:10:00,7532.0,7536.75,7530.75,7535.75,9897
2026-06-30 11:15:00,7535.5,7536.25,7531.0,7533.0,9717
2026-06-30 11:20:00,7533.0,7540.0,7533.0,7539.25,10392
2026-06-30 11:25:00,7539.25,7541.5,7537.75,7540.5,10412
2026-06-30 11:30:00,7540.5,7542.5,7538.25,7542.25,10326
2026-06-30 11:35:00,7542.25,7542.75,7536.25,7537.0,9529
2026-06-30 11:40:00,7537.0,7540.25,7535.5,7537.75,6832
2026-06-30 11:45:00,7537.75,7544.5,7537.75,7541.5,8606
2026-06-30 11:50:00,7541.25,7545.0,7540.0,7544.0,8918
2026-06-30 11:55:00,7544.0,7547.75,7543.25,7545.75,10230
2026-06-30 12:00:00,7545.5,7549.5,7545.25,7548.0,8293
2026-06-30 12:05:00,7548.25,7552.25,7547.75,7548.5,8791
2026-06-30 12:10:00,7548.5,7551.0,7548.0,7550.5,6424
2026-06-30 12:15:00,7550.5,7555.25,7549.5,7551.75,8601
2026-06-30 12:20:00,7551.75,7553.0,7550.0,7552.0,5703
2026-06-30 12:25:00,7552.0,7552.0,7550.0,7550.5,5235
2026-06-30 12:30:00,7550.75,7551.75,7548.75,7549.75,6639
2026-06-30 12:35:00,7549.75,7552.0,7548.75,7552.0,4580
2026-06-30 12:40:00,7551.75,7553.75,7551.0,7553.0,5033
2026-06-30 12:45:00,7553.25,7555.75,7552.25,7555.25,7082
2026-06-30 12:50:00,7555.5,7558.25,7554.0,7557.25,8716
2026-06-30 12:55:00,7557.0,7557.75,7554.25,7555.75,6274
2026-06-30 13:00:00,7555.75,7559.25,7555.5,7557.5,7268
2026-06-30 13:05:00,7557.75,7558.5,7556.0,7556.5,5348
2026-06-30 13:10:00,7556.75,7557.0,7553.25,7553.75,5555
2026-06-30 13:15:00,7553.5,7555.0,7552.5,7554.0,5311
2026-06-30 13:20:00,7554.0,7556.25,7553.0,7554.25,5272
2026-06-30 13:25:00,7554.25,7554.75,7550.75,7552.25,6722
2026-06-30 13:30:00,7552.5,7554.0,7550.25,7553.25,5472
2026-06-30 13:35:00,7553.0,7553.5,7548.5,7549.25,5516
2026-06-30 13:40:00,7549.25,7553.5,7549.0,7553.5,4946
2026-06-30 13:45:00,7553.5,7554.0,7550.5,7551.25,5015
2026-06-30 13:50:00,7551.0,7553.5,7550.25,7551.75,4359
2026-06-30 13:55:00,7552.0,7553.0,7551.25,7552.0,3240
2026-06-30 14:00:00,7552.25,7556.0,7551.0,7554.0,7105
2026-06-30 14:05:00,7554.25,7555.25,7550.5,7554.0,6382
2026-06-30 14:10:00,7553.75,7555.75,7553.25,7555.0,4235
2026-06-30 14:15:00,7555.25,7557.25,7554.25,7556.75,5168
2026-06-30 14:20:00,7557.0,7558.25,7556.0,7556.0,5135
2026-06-30 14:25:00,7556.25,7556.5,7554.5,7555.25,5504
2026-06-30 14:30:00,7555.5,7556.0,7553.25,7554.25,4935
2026-06-30 14:35:00,7554.25,7556.0,7554.0,7554.75,3887
2026-06-30 14:40:00,7554.75,7558.25,7554.75,7557.25,5183
2026-06-30 14:45:00,7557.0,7561.0,7555.75,7560.75,7484
2026-06-30 14:50:00,7560.75,7561.75,7557.25,7558.5,7062
2026-06-30 14:55:00,7558.75,7560.75,7558.25,7558.75,5618
2026-06-30 15:00:00,7558.75,7561.25,7558.25,7559.5,6141
2026-06-30 15:05:00,7559.75,7563.25,7558.5,7562.25,7433
2026-06-30 15:10:00,7562.25,7565.0,7560.5,7564.5,7469
2026-06-30 15:15:00,7564.5,7567.75,7563.25,7563.5,10257
2026-06-30 15:20:00,7563.75,7565.25,7562.0,7563.5,8800
2026-06-30 15:25:00,7563.25,7564.0,7560.25,7561.5,8834
2026-06-30 15:30:00,7561.5,7562.0,7558.5,7558.75,10802
2026-06-30 15:35:00,7558.5,7559.0,7554.25,7556.25,13466
2026-06-30 15:40:00,7556.0,7558.25,7554.75,7558.0,11116
2026-06-30 15:45:00,7558.0,7560.25,7554.75,7555.5,13583
2026-06-30 15:50:00,7555.25,7561.0,7553.25,7560.25,25787
2026-06-30 15:55:00,7560.25,7564.0,7544.5,7544.75,184030
2026-06-30 16:00:00,7545.0,7552.5,7540.75,7551.5,43664
2026-06-30 16:05:00,7551.5,7553.25,7548.0,7550.0,9960
2026-06-30 16:10:00,7550.0,7550.0,7542.0,7545.25,11863
2026-06-30 16:15:00,7545.25,7547.0,7542.5,7543.75,3591
2026-06-30 16:20:00,7543.75,7544.0,7541.0,7542.75,2868
2026-06-30 16:25:00,7542.75,7543.5,7542.0,7542.5,1555
2026-06-30 16:30:00,7542.75,7543.75,7541.5,7542.0,1582
2026-06-30 16:35:00,7542.0,7542.5,7541.0,7541.5,1123
2026-06-30 16:40:00,7541.5,7541.5,7540.5,7540.75,1192
2026-06-30 16:45:00,7540.5,7541.0,7538.5,7539.5,1901
2026-06-30 16:50:00,7539.5,7541.0,7538.5,7540.5,1548
2026-06-30 16:55:00,7540.5,7543.0,7540.0,7542.0,1838
2026-06-30 18:00:00,7543.25,7546.75,7540.5,7545.0,2381
2026-06-30 18:05:00,7545.0,7547.25,7545.0,7547.0,767
2026-06-30 18:10:00,7547.0,7547.0,7543.25,7546.5,734
2026-06-30 18:15:00,7546.5,7550.25,7546.25,7550.0,1203
2026-06-30 18:20:00,7549.75,7550.75,7549.0,7549.75,693
2026-06-30 18:25:00,7549.75,7550.75,7549.0,7550.25,478
2026-06-30 18:30:00,7550.0,7550.0,7547.25,7547.5,493
2026-06-30 18:35:00,7547.25,7548.0,7546.5,7547.25,380
2026-06-30 18:40:00,7547.25,7548.0,7547.0,7547.5,163
2026-06-30 18:45:00,7547.25,7547.5,7544.5,7545.25,504
2026-06-30 18:50:00,7545.25,7545.25,7541.75,7542.25,849
2026-06-30 18:55:00,7542.5,7544.25,7542.25,7543.25,600
2026-06-30 19:00:00,7543.5,7544.5,7542.25,7542.75,787
2026-06-30 19:05:00,7543.0,7545.75,7542.0,7545.0,795
2026-06-30 19:10:00,7545.0,7545.25,7543.25,7543.75,161
2026-06-30 19:15:00,7543.5,7545.0,7542.5,7544.5,222
2026-06-30 19:20:00,7544.75,7545.25,7543.75,7545.0,145
2026-06-30 19:25:00,7544.75,7546.5,7543.5,7544.25,306
2026-06-30 19:30:00,7544.0,7546.75,7543.75,7546.75,194
2026-06-30 19:35:00,7546.75,7546.75,7544.25,7545.5,268
2026-06-30 19:40:00,7546.0,7546.25,7544.75,7544.75,189
2026-06-30 19:45:00,7545.0,7547.0,7543.5,7545.0,446
2026-06-30 19:50:00,7545.0,7545.75,7542.5,7542.75,334
2026-06-30 19:55:00,7543.0,7545.5,7542.0,7544.75,364
2026-06-30 20:00:00,7545.0,7547.5,7543.75,7546.0,1257
2026-06-30 20:05:00,7546.0,7546.75,7543.25,7544.5,1069
2026-06-30 20:10:00,7544.75,7546.0,7543.5,7544.25,545
2026-06-30 20:15:00,7544.5,7546.0,7543.0,7543.75,683
2026-06-30 20:20:00,7543.75,7545.5,7541.75,7544.0,834
2026-06-30 20:25:00,7543.75,7546.0,7542.75,7545.25,721
2026-06-30 20:30:00,7545.5,7548.25,7545.25,7547.5,829
2026-06-30 20:35:00,7547.75,7548.0,7545.75,7547.25,694
2026-06-30 20:40:00,7547.5,7548.75,7547.0,7547.5,341
2026-06-30 20:45:00,7547.5,7549.25,7547.0,7549.25,439
2026-06-30 20:50:00,7549.0,7549.25,7545.5,7545.75,667
2026-06-30 20:55:00,7546.0,7547.75,7544.75,7545.0,657
2026-06-30 21:00:00,7545.0,7545.75,7539.75,7540.0,1450
2026-06-30 21:05:00,7540.0,7541.5,7538.75,7539.25,1137
2026-06-30 21:10:00,7539.0,7539.75,7534.75,7539.5,2041
2026-06-30 21:15:00,7539.5,7540.75,7534.5,7537.25,1368
2026-06-30 21:20:00,7537.25,7539.0,7535.75,7537.0,753
2026-06-30 21:25:00,7537.0,7537.75,7535.75,7536.75,620
2026-06-30 21:30:00,7536.75,7538.75,7534.0,7535.0,1201
2026-06-30 21:35:00,7535.0,7537.5,7534.75,7536.0,723
2026-06-30 21:40:00,7536.0,7536.25,7534.5,7535.25,481
2026-06-30 21:45:00,7535.25,7536.25,7532.5,7533.75,796
2026-06-30 21:50:00,7533.75,7534.25,7531.75,7533.75,885
2026-06-30 21:55:00,7533.75,7535.5,7532.5,7532.5,784
2026-06-30 22:00:00,7532.75,7533.25,7530.5,7531.0,1212
2026-06-30 22:05:00,7531.0,7531.0,7525.25,7527.0,2295
2026-06-30 22:10:00,7527.0,7527.25,7522.0,7524.0,2139
2026-06-30 22:15:00,7523.75,7526.5,7517.5,7525.5,2982
2026-06-30 22:20:00,7525.75,7527.25,7524.25,7526.25,755
2026-06-30 22:25:00,7526.5,7528.0,7525.25,7528.0,796
2026-06-30 22:30:00,7528.0,7529.25,7526.0,7526.25,886
2026-06-30 22:35:00,7526.25,7528.25,7526.25,7528.0,469
2026-06-30 22:40:00,7528.0,7531.0,7527.5,7530.25,1005
2026-06-30 22:45:00,7530.5,7530.5,7528.75,7529.25,779
2026-06-30 22:50:00,7529.0,7529.75,7527.0,7529.5,725
2026-06-30 22:55:00,7529.5,7529.5,7528.25,7529.0,399
2026-06-30 23:00:00,7529.0,7530.5,7528.5,7529.75,574
2026-06-30 23:05:00,7529.5,7531.5,7529.0,7531.25,795
2026-06-30 23:10:00,7531.25,7533.25,7531.25,7532.75,766
2026-06-30 23:15:00,7532.5,7533.25,7528.5,7530.5,992
2026-06-30 23:20:00,7530.5,7530.75,7527.75,7528.25,613
2026-06-30 23:25:00,7528.0,7528.25,7526.75,7527.5,519
2026-06-30 23:30:00,7527.75,7528.5,7526.25,7528.0,464
2026-06-30 23:35:00,7527.75,7531.75,7527.75,7531.25,571
2026-06-30 23:40:00,7531.5,7532.0,7529.0,7529.5,647
2026-06-30 23:45:00,7529.25,7532.75,7529.25,7532.5,349
2026-06-30 23:50:00,7532.5,7534.0,7532.5,7532.75,508
2026-06-30 23:55:00,7532.75,7533.0,7531.5,7532.5,280
2026-07-01 00:00:00,7532.5,7532.75,7528.25,7529.75,822
2026-07-01 00:05:00,7530.0,7531.25,7529.75,7530.0,333
2026-07-01 00:10:00,7530.25,7530.75,7527.75,7528.0,400
2026-07-01 00:15:00,7528.0,7528.5,7527.25,7528.25,475
2026-07-01 00:20:00,7528.25,7529.5,7527.25,7528.5,437
2026-07-01 00:25:00,7528.25,7531.0,7527.75,7530.0,428
2026-07-01 00:30:00,7530.0,7530.5,7529.5,7530.25,341
2026-07-01 00:35:00,7530.0,7530.0,7527.5,7528.5,346
2026-07-01 00:40:00,7528.5,7531.75,7528.0,7531.0,493
2026-07-01 00:45:00,7530.75,7534.0,7530.75,7533.0,893
2026-07-01 00:50:00,7533.0,7534.75,7533.0,7534.25,625
2026-07-01 00:55:00,7534.5,7534.75,7529.5,7530.5,685
2026-07-01 01:00:00,7530.25,7531.5,7528.75,7530.0,532
2026-07-01 01:05:00,7530.25,7532.75,7530.0,7531.25,317
2026-07-01 01:10:00,7531.25,7531.25,7530.0,7530.25,348
2026-07-01 01:15:00,7530.25,7531.25,7529.75,7530.75,340
2026-07-01 01:20:00,7530.5,7531.0,7527.5,7529.75,615
2026-07-01 01:25:00,7529.5,7529.5,7527.75,7528.5,459
2026-07-01 01:30:00,7528.25,7529.5,7527.5,7528.75,521
2026-07-01 01:35:00,7528.5,7529.0,7526.25,7528.25,696
2026-07-01 01:40:00,7528.5,7530.25,7527.75,7528.5,746
2026-07-01 01:45:00,7528.25,7530.0,7526.25,7526.25,576
2026-07-01 01:50:00,7526.25,7528.5,7526.0,7527.75,533
2026-07-01 01:55:00,7527.5,7528.75,7527.25,7527.5,241
2026-07-01 02:00:00,7527.25,7530.0,7524.75,7525.5,1171
2026-07-01 02:05:00,7525.5,7527.75,7525.25,7527.25,1044
2026-07-01 02:10:00,7527.25,7529.25,7526.0,7526.75,1120
2026-07-01 02:15:00,7526.5,7527.75,7525.5,7526.0,947
2026-07-01 02:20:00,7526.0,7527.0,7525.25,7525.75,1018
2026-07-01 02:25:00,7525.5,7526.25,7521.75,7525.75,1917
2026-07-01 02:30:00,7525.75,7527.25,7525.0,7525.25,737
2026-07-01 02:35:00,7525.5,7526.5,7524.5,7525.75,661
2026-07-01 02:40:00,7525.75,7527.0,7524.75,7526.75,702
2026-07-01 02:45:00,7526.75,7529.0,7526.0,7528.5,787
2026-07-01 02:50:00,7528.5,7528.5,7525.25,7525.25,1000
2026-07-01 02:55:00,7525.5,7525.5,7522.75,7524.25,1349
2026-07-01 03:00:00,7524.5,7525.25,7520.25,7522.25,1658
2026-07-01 03:05:00,7522.5,7522.75,7519.0,7519.5,2094
2026-07-01 03:10:00,7519.5,7519.5,7514.0,7515.5,2987
2026-07-01 03:15:00,7515.5,7517.0,7510.5,7514.75,3822
2026-07-01 03:20:00,7514.75,7519.75,7511.5,7518.5,2033
2026-07-01 03:25:00,7518.75,7520.25,7517.75,7518.5,752
2026-07-01 03:30:00,7518.75,7521.75,7517.5,7521.25,850
2026-07-01 03:35:00,7521.25,7522.0,7519.5,7521.5,895
2026-07-01 03:40:00,7521.5,7521.75,7519.25,7519.5,702
2026-07-01 03:45:00,7519.5,7522.25,7518.0,7522.0,953
2026-07-01 03:50:00,7522.0,7522.5,7519.0,7521.75,798
2026-07-01 03:55:00,7522.0,7524.25,7521.75,7523.0,885
2026-07-01 04:00:00,7522.75,7523.5,7520.0,7520.25,2157
2026-07-01 04:05:00,7520.25,7524.75,7519.25,7523.75,1392
2026-07-01 04:10:00,7523.75,7525.25,7522.5,7524.25,1102
2026-07-01 04:15:00,7524.0,7526.5,7523.5,7525.5,751
2026-07-01 04:20:00,7525.5,7526.25,7522.75,7524.25,790
2026-07-01 04:25:00,7524.25,7525.75,7522.75,7523.75,866
2026-07-01 04:30:00,7523.75,7526.25,7522.0,7525.25,911
2026-07-01 04:35:00,7525.25,7526.25,7524.0,7525.75,731
2026-07-01 04:40:00,7525.75,7528.25,7524.75,7527.75,817
2026-07-01 04:45:00,7527.5,7527.5,7525.0,7525.5,640
2026-07-01 04:50:00,7525.5,7529.0,7525.0,7528.5,618
2026-07-01 04:55:00,7528.75,7529.25,7527.25,7529.0,699
2026-07-01 05:00:00,7528.75,7528.75,7524.0,7524.25,835
2026-07-01 05:05:00,7524.5,7526.5,7524.0,7524.25,692
2026-07-01 05:10:00,7524.5,7526.75,7522.0,7525.75,896
2026-07-01 05:15:00,7525.5,7526.25,7525.0,7525.75,559
2026-07-01 05:20:00,7525.75,7526.75,7525.0,7525.5,737
2026-07-01 05:25:00,7525.25,7525.75,7523.25,7525.75,495
2026-07-01 05:30:00,7525.75,7527.5,7524.75,7527.0,546
2026-07-01 05:35:00,7527.0,7527.5,7526.5,7527.0,345
2026-07-01 05:40:00,7527.25,7527.75,7526.5,7527.0,478
2026-07-01 05:45:00,7527.25,7529.25,7527.25,7528.5,515
2026-07-01 05:50:00,7528.5,7530.0,7527.75,7529.5,882
2026-07-01 05:55:00,7529.5,7531.25,7529.25,7531.0,745
2026-07-01 06:00:00,7531.0,7532.0,7530.0,7530.25,806
2026-07-01 06:05:00,7530.25,7530.25,7528.25,7529.25,584
2026-07-01 06:10:00,7529.25,7529.25,7526.25,7528.25,965
2026-07-01 06:15:00,7528.5,7532.25,7528.5,7532.0,1243
2026-07-01 06:20:00,7532.25,7534.75,7532.25,7534.5,1189
2026-07-01 06:25:00,7534.25,7535.25,7533.5,7534.75,1036
2026-07-01 06:30:00,7534.75,7535.5,7534.0,7535.5,755
2026-07-01 06:35:00,7535.75,7536.75,7535.0,7536.0,841
2026-07-01 06:40:00,7536.0,7536.5,7531.25,7534.25,1651
2026-07-01 06:45:00,7534.25,7534.75,7533.5,7534.75,596
2026-07-01 06:50:00,7534.75,7536.75,7534.25,7536.0,799
2026-07-01 06:55:00,7536.0,7537.5,7535.5,7536.25,1164
2026-07-01 07:00:00,7536.0,7539.5,7535.75,7538.5,1362
2026-07-01 07:05:00,7538.5,7539.75,7538.0,7538.75,1033
2026-07-01 07:10:00,7538.5,7539.75,7536.75,7537.5,1076
2026-07-01 07:15:00,7537.5,7539.0,7537.0,7537.5,1025
2026-07-01 07:20:00,7537.25,7538.0,7536.0,7536.75,727
2026-07-01 07:25:00,7536.75,7537.75,7535.5,7536.0,621
2026-07-01 07:30:00,7536.0,7536.25,7534.75,7534.75,852
2026-07-01 07:35:00,7534.75,7535.5,7533.0,7534.75,908
2026-07-01 07:40:00,7534.75,7535.75,7531.75,7535.25,1220
2026-07-01 07:45:00,7535.5,7536.25,7532.75,7532.75,987
2026-07-01 07:50:00,7532.75,7533.25,7530.0,7530.5,1858
2026-07-01 07:55:00,7530.5,7531.75,7530.25,7530.75,1439
2026-07-01 08:00:00,7531.0,7532.75,7527.25,7528.0,1957
2026-07-01 08:05:00,7527.75,7530.5,7527.25,7530.5,1300
2026-07-01 08:10:00,7530.5,7533.75,7530.0,7532.5,1564
2026-07-01 08:15:00,7532.75,7537.0,7532.75,7536.75,2085
2026-07-01 08:20:00,7536.75,7538.25,7535.5,7537.5,1443
2026-07-01 08:25:00,7537.5,7537.5,7535.75,7535.75,1376
2026-07-01 08:30:00,7535.75,7538.75,7527.75,7528.25,4459
2026-07-01 08:35:00,7528.0,7531.25,7526.25,7527.25,5220
2026-07-01 08:40:00,7527.0,7531.25,7524.75,7528.0,4503
2026-07-01 08:45:00,7528.0,7529.0,7525.75,7528.0,3932
2026-07-01 08:50:00,7528.0,7531.5,7526.25,7527.25,3766
2026-07-01 08:55:00,7527.5,7532.0,7525.75,7528.5,4188
2026-07-01 09:00:00,7528.5,7534.75,7528.5,7529.75,4417
2026-07-01 09:05:00,7529.5,7530.0,7524.75,7525.25,5250
2026-07-01 09:10:00,7525.25,7527.75,7524.0,7527.5,4933
2026-07-01 09:15:00,7527.25,7540.0,7527.0,7535.0,7776
2026-07-01 09:20:00,7535.0,7538.75,7534.5,7537.5,4846
2026-07-01 09:25:00,7537.75,7538.0,7528.75,7532.0,10541
2026-07-01 09:30:00,7532.25,7534.0,7507.5,7508.75,52332
2026-07-01 09:35:00,7508.75,7516.75,7505.75,7513.5,38084
2026-07-01 09:40:00,7513.5,7520.0,7510.0,7515.0,29052
2026-07-01 09:45:00,7515.0,7524.0,7511.25,7519.75,24872
2026-07-01 09:50:00,7520.0,7532.5,7519.25,7530.75,20369
2026-07-01 09:55:00,7530.5,7536.75,7528.0,7536.25,16434
2026-07-01 10:00:00,7536.75,7539.5,7533.0,7537.5,19409
2026-07-01 10:05:00,7537.25,7546.5,7536.75,7544.5,17211
2026-07-01 10:10:00,7544.25,7552.25,7543.5,7549.75,20392
2026-07-01 10:15:00,7549.75,7552.0,7546.75,7550.75,16128
2026-07-01 10:20:00,7550.75,7553.5,7549.75,7551.5,13386
2026-07-01 10:25:00,7551.5,7553.75,7550.25,7551.75,11361
2026-07-01 10:30:00,7551.75,7552.5,7543.25,7546.5,17849
2026-07-01 10:35:00,7546.5,7552.75,7543.25,7552.5,12454
2026-07-01 10:40:00,7552.5,7554.5,7548.0,7549.75,11574
2026-07-01 10:45:00,7549.75,7550.25,7540.25,7548.0,17735
2026-07-01 10:50:00,7548.0,7554.0,7547.25,7552.25,12171
2026-07-01 10:55:00,7552.25,7553.5,7547.0,7553.5,11789
2026-07-01 11:00:00,7553.5,7563.0,7552.5,7561.5,16961
2026-07-01 11:05:00,7561.25,7564.75,7557.75,7560.25,17433
2026-07-01 11:10:00,7560.5,7564.5,7558.5,7564.5,9151
2026-07-01 11:15:00,7564.25,7570.5,7564.0,7568.75,13802
2026-07-01 11:20:00,7568.75,7574.75,7568.5,7573.0,15711
2026-07-01 11:25:00,7573.0,7578.0,7572.0,7577.5,13869
2026-07-01 11:30:00,7577.5,7578.5,7570.5,7570.75,15139
2026-07-01 11:35:00,7570.75,7573.0,7567.5,7570.75,11691
2026-07-01 11:40:00,7570.75,7573.5,7569.25,7572.75,7732
2026-07-01 11:45:00,7572.5,7573.75,7568.25,7569.0,8762
2026-07-01 11:50:00,7569.0,7573.0,7568.0,7569.75,8346
2026-07-01 11:55:00,7569.5,7573.25,7568.25,7572.5,7015
2026-07-01 12:00:00,7572.5,7576.0,7571.5,7572.5,9462
2026-07-01 12:05:00,7572.75,7575.5,7571.0,7573.25,7477
2026-07-01 12:10:00,7573.5,7576.0,7571.75,7575.75,6670
2026-07-01 12:15:00,7575.5,7576.5,7573.0,7575.75,7618
2026-07-01 12:20:00,7575.5,7579.0,7574.25,7577.25,8113
2026-07-01 12:25:00,7577.0,7578.25,7574.0,7574.5,6543
2026-07-01 12:30:00,7574.5,7576.75,7574.0,7575.0,5504
2026-07-01 12:35:00,7575.0,7575.0,7569.75,7570.0,6426
2026-07-01 12:40:00,7570.0,7571.5,7567.25,7570.5,9448
2026-07-01 12:45:00,7570.5,7572.75,7567.5,7567.5,6749
2026-07-01 12:50:00,7567.5,7569.75,7563.25,7565.0,10698
2026-07-01 12:55:00,7565.0,7565.75,7557.5,7559.75,10173
2026-07-01 13:00:00,7559.75,7563.75,7558.25,7559.5,10962
2026-07-01 13:05:00,7559.5,7560.0,7554.75,7559.5,11255
2026-07-01 13:10:00,7559.25,7563.25,7557.0,7562.5,8226
2026-07-01 13:15:00,7562.75,7565.5,7561.75,7565.25,6507
2026-07-01 13:20:00,7565.25,7567.25,7564.75,7566.5,5897
2026-07-01 13:25:00,7566.5,7568.5,7563.5,7564.0,6126
2026-07-01 13:30:00,7564.0,7566.25,7561.25,7562.75,6045
2026-07-01 13:35:00,7562.75,7565.25,7561.0,7564.0,5162
2026-07-01 13:40:00,7564.0,7564.75,7559.25,7559.25,4844
2026-07-01 13:45:00,7559.5,7561.25,7557.5,7558.75,5327
2026-07-01 13:50:00,7559.0,7562.0,7557.0,7560.5,5313
2026-07-01 13:55:00,7560.75,7560.75,7556.25,7556.75,5936
2026-07-01 14:00:00,7556.75,7561.5,7556.0,7561.25,7341
2026-07-01 14:05:00,7561.25,7561.5,7557.25,7559.5,5196
2026-07-01 14:10:00,7559.5,7559.75,7555.5,7555.5,6346
2026-07-01 14:15:00,7555.5,7557.25,7551.5,7556.75,9583
2026-07-01 14:20:00,7556.75,7559.5,7555.5,7559.0,5830
2026-07-01 14:25:00,7559.0,7560.25,7556.0,7556.0,3984
2026-07-01 14:30:00,7556.0,7557.5,7554.75,7556.75,5015
2026-07-01 14:35:00,7556.75,7558.5,7555.5,7557.25,4550
2026-07-01 14:40:00,7557.25,7558.0,7555.25,7556.5,4733
2026-07-01 14:45:00,7556.5,7557.0,7551.25,7554.25,8290
2026-07-01 14:50:00,7554.0,7554.75,7549.25,7549.5,9781
2026-07-01 14:55:00,7549.5,7554.0,7549.25,7553.5,7356
2026-07-01 15:00:00,7553.5,7558.0,7552.75,7557.75,9012
2026-07-01 15:05:00,7557.5,7561.75,7557.25,7561.0,8515
2026-07-01 15:10:00,7561.0,7561.25,7557.25,7558.5,7643
2026-07-01 15:15:00,7558.25,7560.75,7557.75,7559.0,6825
2026-07-01 15:20:00,7559.0,7560.0,7557.5,7559.5,6192
2026-07-01 15:25:00,7559.75,7559.75,7553.5,7553.75,10257
2026-07-01 15:30:00,7553.75,7557.5,7553.75,7555.5,8785
2026-07-01 15:35:00,7555.5,7555.75,7551.5,7552.5,9060
2026-07-01 15:40:00,7552.5,7553.0,7548.5,7550.5,13564
2026-07-01 15:45:00,7550.5,7550.75,7547.0,7549.25,9415
2026-07-01 15:50:00,7549.25,7552.5,7543.0,7546.75,20815
2026-07-01 15:55:00,7546.75,7547.5,7536.5,7542.0,92821
2026-07-01 16:00:00,7542.0,7543.0,7529.0,7532.0,28203
2026-07-01 16:05:00,7532.25,7535.0,7529.75,7533.25,10066
2026-07-01 16:10:00,7533.25,7537.25,7532.75,7535.25,6955
2026-07-01 16:15:00,7535.0,7535.5,7531.25,7532.25,3917
2026-07-01 16:20:00,7532.25,7534.75,7531.25,7534.25,2519
2026-07-01 16:25:00,7534.5,7535.25,7531.5,7532.25,2913
2026-07-01 16:30:00,7532.25,7533.0,7528.75,7529.75,2350
2026-07-01 16:35:00,7529.75,7529.75,7525.75,7529.75,2685
2026-07-01 16:40:00,7529.5,7530.5,7529.25,7530.5,1589
2026-07-01 16:45:00,7530.5,7531.5,7529.75,7530.5,1472
2026-07-01 16:50:00,7530.5,7531.75,7528.75,7529.75,1099
2026-07-01 16:55:00,7530.0,7534.0,7529.75,7532.75,1707
2026-07-01 18:00:00,7536.0,7538.75,7531.75,7534.0,1420
2026-07-01 18:05:00,7533.75,7538.25,7532.5,7535.5,830
2026-07-01 18:10:00,7535.75,7535.75,7532.0,7532.0,339
2026-07-01 18:15:00,7532.0,7534.0,7532.0,7534.0,274
2026-07-01 18:20:00,7534.25,7538.0,7534.0,7538.0,716
2026-07-01 18:25:00,7537.75,7538.75,7537.25,7538.0,217
2026-07-01 18:30:00,7537.75,7540.0,7537.25,7539.5,454
2026-07-01 18:35:00,7539.25,7540.0,7538.5,7538.75,146
